{"type": "FeatureCollection", "features": [{"type": "Feature", "properties": {"u": 0, "v": 1, "key": 0, "length": 245.0, "length_raw": 18005062.12985228}, "geometry": {"type": "LineString", "coordinates": [[-0.02489524995520161, 51.47478155872712], [-0.023802599999999608, 51.474919500000006], [-0.023696300000000007, 51.475063000000006], [-0.023574900000001685, 51.47522699999999], [-0.023483700000000402, 51.4753684], [-0.023405000000001234, 51.475471], [-0.02322390000000095, 51.475707799999995], [-0.02320470000000049, 51.475736], [-0.02300690000000128, 51.47600570000001], [-0.022968600000001397, 51.476060399999994], [-0.02294130000000048, 51.4760995], [-0.022914000000000354, 51.4761369], [-0.022796900000000668, 51.47629220000001]]}}, {"type": "Feature", "properties": {"u": 0, "v": 2, "key": 0, "length": 255.0, "length_raw": 17970072.887029253}, "geometry": {"type": "LineString", "coordinates": [[-0.02489524995520161, 51.47478155872712], [-0.02412870000000152, 51.474483299999996], [-0.024135099999999552, 51.4744698], [-0.024139799999999132, 51.474443400000006], [-0.024143200000000014, 51.474399200000015], [-0.02416140000000089, 51.4741581], [-0.024163300000000214, 51.4739733], [-0.024160900000001696, 51.473914799999996], [-0.024143299999999455, 51.473834200000006], [-0.024104000000000386, 51.473713999999994], [-0.02402970000000128, 51.47353849999999], [-0.02396170000000077, 51.4733974], [-0.023880699999999744, 51.4732618], [-0.023743600000000094, 51.4731017], [-0.02347189999999994, 51.47285190000001]]}}, {"type": "Feature", "properties": {"u": 0, "v": 3, "key": 0, "length": 252.2, "length_raw": 7299942.06899049}, "geometry": {"type": "LineString", "coordinates": [[-0.02489524995520161, 51.47478155872712], [-0.02705630000000028, 51.4750829], [-0.027161099999999914, 51.475098800000005], [-0.027840799999999565, 51.47520219999999], [-0.02790670000000028, 51.4752124], [-0.027969499999999238, 51.4752222], [-0.028130400000000676, 51.4752477], [-0.028440199623977574, 51.475300850404054]]}}, {"type": "Feature", "properties": {"u": 0, "v": 4, "key": 0, "length": 242.3, "length_raw": 4019720.9169599293}, "geometry": {"type": "LineString", "coordinates": [[-0.02489524995520161, 51.47478155872712], [-0.023650799999999004, 51.474637], [-0.02350239999999968, 51.474612900000004], [-0.023171200000000024, 51.47455939999999], [-0.022917600000000517, 51.47451829999999], [-0.022851300000000442, 51.47450709999999], [-0.022497600000000083, 51.4744447], [-0.022322900000000215, 51.47440679999999], [-0.022124700000001253, 51.474362199999995], [-0.02153250685328003, 51.47420511807805]]}}, {"type": "Feature", "properties": {"u": 1, "v": 345, "key": 0, "length": 132.9, "length_raw": 14538208.776536895}, "geometry": {"type": "LineString", "coordinates": [[-0.022796900000000668, 51.47629220000001], [-0.022789999999999068, 51.4763215], [-0.022752000000001483, 51.4764264], [-0.02274480000000156, 51.476438599999994], [-0.02268279999999893, 51.47654569999999], [-0.022646000000000603, 51.47661159999999], [-0.022601900000000126, 51.47670879999999], [-0.02257200000000022, 51.476798499999994], [-0.022562499999999232, 51.476949299999994], [-0.02256740000000008, 51.477029], [-0.02259200000000098, 51.477190400000005], [-0.02259219999999986, 51.477191], [-0.02262069999999964, 51.47728790000001], [-0.022647303861210177, 51.47746417647377]]}}, {"type": "Feature", "properties": {"u": 1, "v": 0, "key": 0, "length": 245.0, "length_raw": 18005062.12985228}, "geometry": {"type": "LineString", "coordinates": [[-0.022796900000000668, 51.47629220000001], [-0.022914000000000354, 51.4761369], [-0.02294130000000048, 51.4760995], [-0.022968600000001397, 51.476060399999994], [-0.02300690000000128, 51.47600570000001], [-0.02320470000000049, 51.475736], [-0.02322390000000095, 51.475707799999995], [-0.023405000000001234, 51.475471], [-0.023483700000000402, 51.4753684], [-0.023574900000001685, 51.47522699999999], [-0.023696300000000007, 51.475063000000006], [-0.023802599999999608, 51.474919500000006], [-0.02489524995520161, 51.47478155872712]]}}, {"type": "Feature", "properties": {"u": 2, "v": 473, "key": 0, "length": 271.2, "length_raw": 11147888.20678091}, "geometry": {"type": "LineString", "coordinates": [[-0.02347189999999994, 51.47285190000001], [-0.02324479999999986, 51.4726874], [-0.022867400000000333, 51.47244250000001], [-0.02280540000000128, 51.4723753], [-0.022773000000000234, 51.472296], [-0.022753399999999625, 51.472206], [-0.022727700000001693, 51.47208999999999], [-0.022679200000000756, 51.4719679], [-0.022554899999997966, 51.47171130000001], [-0.02245670000000081, 51.471532599999996], [-0.022378300000000365, 51.47141870000001], [-0.022264300000000452, 51.4713026], [-0.02208030000000007, 51.47113339999999], [-0.021723800000000647, 51.4708115], [-0.021650399901427943, 51.47074965002167]]}}, {"type": "Feature", "properties": {"u": 2, "v": 0, "key": 0, "length": 255.0, "length_raw": 17970072.887029253}, "geometry": {"type": "LineString", "coordinates": [[-0.02347189999999994, 51.47285190000001], [-0.023743600000000094, 51.4731017], [-0.023880699999999744, 51.4732618], [-0.02396170000000077, 51.4733974], [-0.02402970000000128, 51.47353849999999], [-0.024104000000000386, 51.473713999999994], [-0.024143299999999455, 51.473834200000006], [-0.024160900000001696, 51.473914799999996], [-0.024163300000000214, 51.4739733], [-0.02416140000000089, 51.4741581], [-0.024143200000000014, 51.474399200000015], [-0.024139799999999132, 51.474443400000006], [-0.024135099999999552, 51.4744698], [-0.02412870000000152, 51.474483299999996], [-0.02489524995520161, 51.47478155872712]]}}, {"type": "Feature", "properties": {"u": 3, "v": 463, "key": 0, "length": 125.7, "length_raw": 8966424.72897863}, "geometry": {"type": "LineString", "coordinates": [[-0.028440199623977574, 51.475300850404054], [-0.028749999999999405, 51.475353999999996], [-0.028788000000000567, 51.4752796], [-0.02890970000000119, 51.4750414], [-0.02902929999999963, 51.4748184], [-0.029300000000000197, 51.4744924]]}}, {"type": "Feature", "properties": {"u": 3, "v": 464, "key": 0, "length": 153.2, "length_raw": 15824248.14344273}, "geometry": {"type": "LineString", "coordinates": [[-0.028440199623977574, 51.475300850404054], [-0.028749999999999405, 51.475353999999996], [-0.029088699999999294, 51.47541760000001], [-0.029607599999999727, 51.475516099999986], [-0.03027380000000126, 51.4756287], [-0.03057101988402643, 51.47566780499416]]}}, {"type": "Feature", "properties": {"u": 3, "v": 0, "key": 0, "length": 252.2, "length_raw": 7299942.06899049}, "geometry": {"type": "LineString", "coordinates": [[-0.028440199623977574, 51.475300850404054], [-0.028130400000000676, 51.4752477], [-0.027969499999999238, 51.4752222], [-0.02790670000000028, 51.4752124], [-0.027840799999999565, 51.47520219999999], [-0.027161099999999914, 51.475098800000005], [-0.02705630000000028, 51.4750829], [-0.02489524995520161, 51.47478155872712]]}}, {"type": "Feature", "properties": {"u": 4, "v": 0, "key": 0, "length": 241.7, "length_raw": 4019720.9169599293}, "geometry": {"type": "LineString", "coordinates": [[-0.02153250685328003, 51.47420511807805], [-0.02215099999999941, 51.474294099999995], [-0.0222446000000008, 51.47430919999999], [-0.022532899999999238, 51.47435339999999], [-0.022692799999999506, 51.47437749999999], [-0.02276799999999915, 51.4743891], [-0.022967300000001106, 51.474420499999994], [-0.023166600000000283, 51.4744519], [-0.02489524995520161, 51.47478155872712]]}}, {"type": "Feature", "properties": {"u": 4, "v": 450, "key": 0, "length": 139.9, "length_raw": 7284754.455273548}, "geometry": {"type": "LineString", "coordinates": [[-0.02153250685328003, 51.47420511807805], [-0.02123330000000254, 51.47430429999999], [-0.02108749999999942, 51.474393299999996], [-0.02105269999999986, 51.474415099999995], [-0.021011700000000747, 51.4744452], [-0.020915799999999884, 51.4745111], [-0.020734200000001597, 51.4746449], [-0.020641899999999304, 51.4747106], [-0.020598000000000494, 51.47474189999998], [-0.02046540000000035, 51.47483789999999], [-0.02027220000000128, 51.4749775], [-0.02016959999999969, 51.475049999999996], [-0.02011760000000002, 51.47508629999999]]}}, {"type": "Feature", "properties": {"u": 4, "v": 451, "key": 0, "length": 166.8, "length_raw": 15791592.080800086}, "geometry": {"type": "LineString", "coordinates": [[-0.02153250685328003, 51.47420511807805], [-0.020845100000001737, 51.47412969999999], [-0.020571800000002576, 51.4740203], [-0.020411299999999695, 51.473956], [-0.020151800000000154, 51.47384490000001], [-0.020000900000000484, 51.473775399999994], [-0.019725599999999382, 51.47366490000001], [-0.019409299201406015, 51.473551250415284]]}}, {"type": "Feature", "properties": {"u": 5, "v": 6, "key": 0, "length": 191.7, "length_raw": 9478489.099234167}, "geometry": {"type": "LineString", "coordinates": [[-0.03477308733292156, 51.51250546555758], [-0.03609779999999978, 51.5125695], [-0.03613729999999932, 51.5125713], [-0.0361542000000007, 51.51257209999999], [-0.036327499999999645, 51.5125801], [-0.03658140000000026, 51.5125928], [-0.03690550000000102, 51.512607299999985], [-0.03753420000000098, 51.512646700000005]]}}, {"type": "Feature", "properties": {"u": 5, "v": 7, "key": 0, "length": 202.2, "length_raw": 7706706.817379116}, "geometry": {"type": "LineString", "coordinates": [[-0.03477308733292156, 51.51250546555758], [-0.033392799999998016, 51.512439400000005], [-0.032697999999999644, 51.5124084], [-0.032359399999999997, 51.51239919999999], [-0.03186026486609281, 51.51236859193987]]}}, {"type": "Feature", "properties": {"u": 6, "v": 5, "key": 0, "length": 191.7, "length_raw": 9478489.099234167}, "geometry": {"type": "LineString", "coordinates": [[-0.03753420000000098, 51.512646700000005], [-0.03690550000000102, 51.512607299999985], [-0.03658140000000026, 51.5125928], [-0.036327499999999645, 51.5125801], [-0.0361542000000007, 51.51257209999999], [-0.03613729999999932, 51.5125713], [-0.03609779999999978, 51.5125695], [-0.03477308733292156, 51.51250546555758]]}}, {"type": "Feature", "properties": {"u": 6, "v": 37, "key": 0, "length": 127.4, "length_raw": 5188416.090845073}, "geometry": {"type": "LineString", "coordinates": [[-0.03753420000000098, 51.512646700000005], [-0.03794390000000172, 51.51266050000001], [-0.03851200000000156, 51.51268469999999], [-0.03901851884806297, 51.512251388593604]]}}, {"type": "Feature", "properties": {"u": 7, "v": 5, "key": 0, "length": 202.2, "length_raw": 7706706.817379116}, "geometry": {"type": "LineString", "coordinates": [[-0.03186026486609281, 51.51236859193987], [-0.032359399999999997, 51.51239919999999], [-0.032697999999999644, 51.5124084], [-0.033392799999998016, 51.512439400000005], [-0.03477308733292156, 51.51250546555758]]}}, {"type": "Feature", "properties": {"u": 7, "v": 130, "key": 0, "length": 246.1, "length_raw": 3376099.051888584}, "geometry": {"type": "LineString", "coordinates": [[-0.03186026486609281, 51.51236859193987], [-0.031358399999999044, 51.51231359999999], [-0.031200800000000237, 51.5123199], [-0.031115500000000178, 51.51232400000001], [-0.031021400000001982, 51.5123329], [-0.03091169999999951, 51.5123461], [-0.030695300000000467, 51.51237939999999], [-0.030496900000001034, 51.512409399999996], [-0.030332400000000228, 51.512414899999996], [-0.030213400000001615, 51.51241089999999], [-0.030093000000000092, 51.5123991], [-0.029907800000000054, 51.5123765], [-0.02976940000000051, 51.512351], [-0.02963859999999985, 51.51232019999999], [-0.028478228754823778, 51.5119687624007]]}}, {"type": "Feature", "properties": {"u": 8, "v": 9, "key": 0, "length": 92.2, "length_raw": 9182325.97087244}, "geometry": {"type": "LineString", "coordinates": [[-0.04687990073448422, 51.50993875061621], [-0.04725600000000154, 51.5098471], [-0.04752199999999975, 51.509770599999996], [-0.04758910000000012, 51.509761600000004], [-0.04763600000000165, 51.50975909999998], [-0.047810699999998735, 51.50975389999999], [-0.04815059999999907, 51.50978880000001]]}}, {"type": "Feature", "properties": {"u": 8, "v": 10, "key": 0, "length": 240.2, "length_raw": 13335332.349479776}, "geometry": {"type": "LineString", "coordinates": [[-0.04687990073448422, 51.50993875061621], [-0.04650380000000028, 51.51003039999999], [-0.046355100000001044, 51.5100779], [-0.04618269999999946, 51.51013549999998], [-0.045963299999999686, 51.510183999999995], [-0.04583479999999929, 51.510211699999985], [-0.04562269999999928, 51.510241199999996], [-0.04549549999999957, 51.5102572], [-0.04538420000000207, 51.510269599999994], [-0.04353308509494496, 51.51045813852447]]}}, {"type": "Feature", "properties": {"u": 9, "v": 11, "key": 0, "length": 168.8, "length_raw": 12108390.717875928}, "geometry": {"type": "LineString", "coordinates": [[-0.04815059999999907, 51.50978880000001], [-0.04837229999999991, 51.5097878], [-0.04862790000000057, 51.5097896], [-0.04966939999999985, 51.50979170000001], [-0.050074400000001004, 51.50978880000001], [-0.05058858002302059, 51.509768269947536]]}}, {"type": "Feature", "properties": {"u": 9, "v": 8, "key": 0, "length": 90.6, "length_raw": 9182325.97087244}, "geometry": {"type": "LineString", "coordinates": [[-0.04815059999999907, 51.50978880000001], [-0.04782040000000059, 51.5098364], [-0.0477468999999998, 51.50984189999999], [-0.04755119999999959, 51.50985659999999], [-0.04725600000000154, 51.5098471], [-0.04687990073448422, 51.50993875061621]]}}, {"type": "Feature", "properties": {"u": 10, "v": 93, "key": 0, "length": 921.0, "length_raw": 9128956.919426572}, "geometry": {"type": "LineString", "coordinates": [[-0.04353308509494496, 51.51045813852447], [-0.04212780000000018, 51.510614], [-0.04189100000000063, 51.5106363], [-0.041605100000000304, 51.510657299999984], [-0.041594299999998634, 51.5106581], [-0.04148349999999992, 51.5106662], [-0.04116280000000044, 51.51068779999999], [-0.040810200000001885, 51.5107217], [-0.04037659999999952, 51.5107942], [-0.0399654000000016, 51.5109134], [-0.03962019999999947, 51.5110287], [-0.039213000000000664, 51.51120599999999], [-0.03883890000000099, 51.5113992], [-0.03850090000000156, 51.51153489999999], [-0.038114700000000314, 51.51165919999999], [-0.037647399999999796, 51.5117601], [-0.037215299999998994, 51.511822800000004], [-0.03667699999999961, 51.511846199999994], [-0.036058500000000306, 51.5118182], [-0.035560100000000226, 51.5117407], [-0.03511010000000044, 51.51162849999999], [-0.034692200000001, 51.5114921], [-0.03435960000000042, 51.51133589999999], [-0.03403690000000178, 51.5111509], [-0.03377250000000139, 51.51096929999999], [-0.033579299999999535, 51.51079119999999], [-0.03339399999999966, 51.5105956], [-0.03299700000000071, 51.5100846], [-0.03268190000000095, 51.5096803], [-0.032564100000000006, 51.5095247]]}}, {"type": "Feature", "properties": {"u": 10, "v": 94, "key": 0, "length": 297.8, "length_raw": 13093872.452495066}, "geometry": {"type": "LineString", "coordinates": [[-0.04353308509494496, 51.51045813852447], [-0.0421444999999999, 51.5108826], [-0.042147800000001734, 51.510994], [-0.04216309999999775, 51.5112192], [-0.042165800000001745, 51.511272899999994], [-0.04216390000000163, 51.511307], [-0.04215950000000037, 51.51139129999999], [-0.042124000000000744, 51.51149430000001], [-0.042110600000000074, 51.51152989999999], [-0.04382033294186284, 51.511554582487]]}}, {"type": "Feature", "properties": {"u": 10, "v": 8, "key": 0, "length": 240.2, "length_raw": 13335332.349479776}, "geometry": {"type": "LineString", "coordinates": [[-0.04353308509494496, 51.51045813852447], [-0.04538420000000207, 51.510269599999994], [-0.04549549999999957, 51.5102572], [-0.04562269999999928, 51.510241199999996], [-0.04583479999999929, 51.510211699999985], [-0.045963299999999686, 51.510183999999995], [-0.04618269999999946, 51.51013549999998], [-0.046355100000001044, 51.5100779], [-0.04650380000000028, 51.51003039999999], [-0.04687990073448422, 51.50993875061621]]}}, {"type": "Feature", "properties": {"u": 11, "v": 9, "key": 0, "length": 168.8, "length_raw": 12108390.717875928}, "geometry": {"type": "LineString", "coordinates": [[-0.05058858002302059, 51.509768269947536], [-0.050074400000001004, 51.50978880000001], [-0.04966939999999985, 51.50979170000001], [-0.04862790000000057, 51.5097896], [-0.04837229999999991, 51.5097878], [-0.04815059999999907, 51.50978880000001]]}}, {"type": "Feature", "properties": {"u": 11, "v": 257, "key": 0, "length": 148.5, "length_raw": 16447100.76644847}, "geometry": {"type": "LineString", "coordinates": [[-0.05058858002302059, 51.509768269947536], [-0.0506019000000003, 51.509727399999996], [-0.050631800000001795, 51.50965609999999], [-0.050632800000000575, 51.50958589999999], [-0.0506330999999993, 51.5095608], [-0.050633699999999525, 51.5095149], [-0.05062879999999987, 51.509371], [-0.05062720000000086, 51.509325399999994], [-0.05062500000000003, 51.509244100000004], [-0.05061839999999994, 51.50899689999999], [-0.05061510000000048, 51.5088744], [-0.050602600000000754, 51.5085956], [-0.05061170000000159, 51.5085297], [-0.050634000000000234, 51.508456599999995], [-0.05063940000228113, 51.5084385000002]]}}, {"type": "Feature", "properties": {"u": 11, "v": 57, "key": 0, "length": 198.7, "length_raw": 8955486.077474423}, "geometry": {"type": "LineString", "coordinates": [[-0.05058858002302059, 51.509768269947536], [-0.051103199999998884, 51.50975340000001], [-0.052419900000000616, 51.509703], [-0.052761000000001806, 51.5096958], [-0.053102299999999894, 51.5096795], [-0.053455900000000015, 51.5096715]]}}, {"type": "Feature", "properties": {"u": 12, "v": 13, "key": 0, "length": 97.4, "length_raw": 10811777.94024599}, "geometry": {"type": "LineString", "coordinates": [[0.007958100000000173, 51.47908799999999], [0.008002699999999445, 51.47954529999999], [0.008043799999999586, 51.4798938], [0.008076600000000782, 51.4799589]]}}, {"type": "Feature", "properties": {"u": 12, "v": 14, "key": 0, "length": 252.3, "length_raw": 13251156.959655065}, "geometry": {"type": "LineString", "coordinates": [[0.007958100000000173, 51.47908799999999], [0.007910899999998333, 51.478800799999995], [0.007839899999999476, 51.478383599999994], [0.007825000000000833, 51.47829579999999], [0.007787399999999422, 51.47799749999999], [0.007787900000000207, 51.4779237], [0.007803200000000193, 51.4778569], [0.007838499999999745, 51.4777806], [0.007929599999999995, 51.477604], [0.00804190000000066, 51.4773863], [0.008154500000000843, 51.4771651], [0.008159299999999467, 51.4771191], [0.008143599999999727, 51.4770781], [0.008115800000000012, 51.47705279999998], [0.008106999999998692, 51.47704490000001], [0.008084999999997977, 51.4770326], [0.008032500000000308, 51.4770032], [0.008136700214712207, 51.47690810004344]]}}, {"type": "Feature", "properties": {"u": 13, "v": 15, "key": 0, "length": 272.7, "length_raw": 10094374.779401308}, "geometry": {"type": "LineString", "coordinates": [[0.008076600000000782, 51.4799589], [0.008108899999999208, 51.4800253], [0.008162499999998284, 51.4801106], [0.008220699999999883, 51.4801848], [0.008269600000001367, 51.4802539], [0.008307800000000221, 51.48033130000001], [0.008311700000000295, 51.4803447], [0.008331599999999228, 51.4804131], [0.008448299999998366, 51.48101079999999], [0.0084590000000002, 51.4810722], [0.00846289999999988, 51.48113289999999], [0.008423999999999768, 51.481680600000004], [0.008417899999999662, 51.4817969], [0.008402872127515563, 51.48237711904701]]}}, {"type": "Feature", "properties": {"u": 13, "v": 12, "key": 0, "length": 97.4, "length_raw": 10811777.94024599}, "geometry": {"type": "LineString", "coordinates": [[0.008076600000000782, 51.4799589], [0.008043799999999586, 51.4798938], [0.008002699999999445, 51.47954529999999], [0.007958100000000173, 51.47908799999999]]}}, {"type": "Feature", "properties": {"u": 14, "v": 16, "key": 0, "length": 263.6, "length_raw": 19284184.54262075}, "geometry": {"type": "LineString", "coordinates": [[0.008136700214712207, 51.47690810004344], [0.008032500000000308, 51.4770032], [0.007629799999999421, 51.477373500000006], [0.007483499999999891, 51.47750560000001], [0.00736699999999884, 51.477610799999994], [0.0071078999999978605, 51.4778443], [0.007017400000000221, 51.4779259], [0.006508400000000527, 51.47838879999998], [0.00615040000000034, 51.47871790000001], [0.005992199999998523, 51.47886609999999]]}}, {"type": "Feature", "properties": {"u": 14, "v": 12, "key": 0, "length": 252.3, "length_raw": 13251156.959655065}, "geometry": {"type": "LineString", "coordinates": [[0.008136700214712207, 51.47690810004344], [0.008032500000000308, 51.4770032], [0.008084999999997977, 51.4770326], [0.008106999999998692, 51.47704490000001], [0.008115800000000012, 51.47705279999998], [0.008143599999999727, 51.4770781], [0.008159299999999467, 51.4771191], [0.008154500000000843, 51.4771651], [0.00804190000000066, 51.4773863], [0.007929599999999995, 51.477604], [0.007838499999999745, 51.4777806], [0.007803200000000193, 51.4778569], [0.007787900000000207, 51.4779237], [0.007787399999999422, 51.47799749999999], [0.007825000000000833, 51.47829579999999], [0.007839899999999476, 51.478383599999994], [0.007910899999998333, 51.478800799999995], [0.007958100000000173, 51.47908799999999]]}}, {"type": "Feature", "properties": {"u": 14, "v": 17, "key": 0, "length": 229.7, "length_raw": 15839852.344063865}, "geometry": {"type": "LineString", "coordinates": [[0.008136700214712207, 51.47690810004344], [0.008240899999999525, 51.47681300000001], [0.008410299999999588, 51.476651700000005], [0.008877900000000022, 51.476227599999994], [0.009165499999999984, 51.475960799999996], [0.009741399999999182, 51.4754339], [0.009843199999999677, 51.4753408], [0.009957316328070247, 51.47518408400468]]}}, {"type": "Feature", "properties": {"u": 15, "v": 391, "key": 0, "length": 138.1, "length_raw": 15240215.126422329}, "geometry": {"type": "LineString", "coordinates": [[0.008402872127515563, 51.48237711904701], [0.008384400000000389, 51.48294169999999], [0.008381899999999647, 51.483027799999995], [0.008469700000000446, 51.4832895], [0.008500799999999612, 51.48337109999999], [0.008511099999998913, 51.4834008], [0.008539999999998445, 51.48348399999999], [0.008562199999999633, 51.4835456], [0.008569499999999793, 51.483568899999995], [0.008576999999998437, 51.483606]]}}, {"type": "Feature", "properties": {"u": 15, "v": 13, "key": 0, "length": 272.7, "length_raw": 10094374.779401308}, "geometry": {"type": "LineString", "coordinates": [[0.008402872127515563, 51.48237711904701], [0.008417899999999662, 51.4817969], [0.008423999999999768, 51.481680600000004], [0.00846289999999988, 51.48113289999999], [0.0084590000000002, 51.4810722], [0.008448299999998366, 51.48101079999999], [0.008331599999999228, 51.4804131], [0.008311700000000295, 51.4803447], [0.008307800000000221, 51.48033130000001], [0.008269600000001367, 51.4802539], [0.008220699999999883, 51.4801848], [0.008162499999998284, 51.4801106], [0.008108899999999208, 51.4800253], [0.008076600000000782, 51.4799589]]}}, {"type": "Feature", "properties": {"u": 16, "v": 14, "key": 0, "length": 263.6, "length_raw": 19284184.54262075}, "geometry": {"type": "LineString", "coordinates": [[0.005992199999998523, 51.47886609999999], [0.00615040000000034, 51.47871790000001], [0.006508400000000527, 51.47838879999998], [0.007017400000000221, 51.4779259], [0.0071078999999978605, 51.4778443], [0.00736699999999884, 51.477610799999994], [0.007483499999999891, 51.47750560000001], [0.007629799999999421, 51.477373500000006], [0.008032500000000308, 51.4770032], [0.008136700214712207, 51.47690810004344]]}}, {"type": "Feature", "properties": {"u": 16, "v": 25, "key": 0, "length": 141.5, "length_raw": 13973729.569268089}, "geometry": {"type": "LineString", "coordinates": [[0.005992199999998523, 51.47886609999999], [0.005631499999999509, 51.479213599999994], [0.005448399999999664, 51.47939010000001], [0.005198599999999198, 51.4796099], [0.005078299999999899, 51.4797068], [0.004987399999998531, 51.4797794], [0.0049199000000003925, 51.47984069999999], [0.004861999999999104, 51.479923199999995]]}}, {"type": "Feature", "properties": {"u": 17, "v": 228, "key": 0, "length": 278.4, "length_raw": 11713835.866869198}, "geometry": {"type": "LineString", "coordinates": [[0.009957316328070247, 51.47518408400468], [0.010155100000000227, 51.4751257], [0.010267399999999701, 51.47502419999999], [0.010522999999999564, 51.47482180000001], [0.010674300000000575, 51.474699599999994], [0.010970699999999077, 51.4744408], [0.011475499999999975, 51.47398669999999], [0.011561199999999786, 51.47390709999999], [0.011583299999999545, 51.47388659999999], [0.011617099999999528, 51.4738552], [0.01175359999999935, 51.473728399999985], [0.011871300000000057, 51.47360609999999], [0.011926499999999337, 51.4735439], [0.011971200000001627, 51.47349139999999], [0.011985799999999562, 51.47347550000001], [0.012000199999998613, 51.473464099999994], [0.012021599999999898, 51.47345419999999], [0.012047100000000935, 51.47344789999999], [0.012080999999999962, 51.473443], [0.012132700000000112, 51.4734356], [0.011879887855559356, 51.47323314041068]]}}, {"type": "Feature", "properties": {"u": 17, "v": 398, "key": 0, "length": 279.5, "length_raw": 11623067.758882971}, "geometry": {"type": "LineString", "coordinates": [[0.009957316328070247, 51.47518408400468], [0.010155100000000227, 51.4751257], [0.010265299999998315, 51.4751621], [0.010316499999998873, 51.4751791], [0.010382500000000225, 51.4752012], [0.011092399999998902, 51.475438], [0.0117978999999999, 51.4756827], [0.01227059999999887, 51.47585019999999], [0.012507700000000328, 51.47594149999999], [0.012769099999998396, 51.47606399999999], [0.013000199999999983, 51.4761877], [0.013231999999999248, 51.476318799999994], [0.01336059999999948, 51.476395499999995]]}}, {"type": "Feature", "properties": {"u": 17, "v": 14, "key": 0, "length": 229.7, "length_raw": 15839852.344063865}, "geometry": {"type": "LineString", "coordinates": [[0.009957316328070247, 51.47518408400468], [0.009843199999999677, 51.4753408], [0.009741399999999182, 51.4754339], [0.009165499999999984, 51.475960799999996], [0.008877900000000022, 51.476227599999994], [0.008410299999999588, 51.476651700000005], [0.008240899999999525, 51.47681300000001], [0.008136700214712207, 51.47690810004344]]}}, {"type": "Feature", "properties": {"u": 17, "v": 229, "key": 0, "length": 265.6, "length_raw": 10467116.602888891}, "geometry": {"type": "LineString", "coordinates": [[0.009957316328070247, 51.47518408400468], [0.009898200000000473, 51.475042], [0.009880800000000294, 51.474893699999996], [0.009875800000000401, 51.4748578], [0.009869399999998791, 51.47481159999999], [0.009845199999999237, 51.474637699999995], [0.009823399999998596, 51.4744767], [0.009780299999999293, 51.474169800000006], [0.009749700000000116, 51.47395240000001], [0.009702100000000114, 51.4736031], [0.009651099999998438, 51.47325609999998], [0.009633799999998893, 51.47312269999999], [0.009599330397771728, 51.472807740892634]]}}, {"type": "Feature", "properties": {"u": 17, "v": 402, "key": 0, "length": 519.0, "length_raw": 8795016.897401588}, "geometry": {"type": "LineString", "coordinates": [[0.009957316328070247, 51.47518408400468], [0.009898200000000473, 51.475042], [0.009711800000000381, 51.474980599999995], [0.009660499999999187, 51.4749636], [0.009591999999999878, 51.47494089999999], [0.008791000000000156, 51.47467659999999], [0.00840989999999904, 51.47455329999999], [0.008153299999999596, 51.4744696], [0.00762740000000011, 51.4742981], [0.006314399999999964, 51.4738796], [0.005037000000000079, 51.4734812], [0.0039859999999986235, 51.47316729999999], [0.0035558000000003214, 51.473043800000006], [0.003514699999997794, 51.473031999999996], [0.0034704000000000267, 51.4730193], [0.003420299999998092, 51.47300489999999]]}}, {"type": "Feature", "properties": {"u": 18, "v": 19, "key": 0, "length": 125.3, "length_raw": 11798667.306082083}, "geometry": {"type": "LineString", "coordinates": [[-0.0326943131665852, 51.473044345458014], [-0.03252049999999992, 51.472930399999996], [-0.03250580000000095, 51.47292039999999], [-0.032466600000001324, 51.4728978], [-0.03234629999999885, 51.472825300000004], [-0.03159070000000108, 51.47237419999999], [-0.03154110000000152, 51.47234539999999], [-0.03149650000000066, 51.472323], [-0.03139349999999971, 51.4722613]]}}, {"type": "Feature", "properties": {"u": 18, "v": 20, "key": 0, "length": 129.5, "length_raw": 8963316.285259327}, "geometry": {"type": "LineString", "coordinates": [[-0.0326943131665852, 51.473044345458014], [-0.03284790000000013, 51.473158899999994], [-0.03316729999999933, 51.4734155], [-0.03380570000000035, 51.47394599999999], [-0.03383224998722957, 51.47396815000282]]}}, {"type": "Feature", "properties": {"u": 18, "v": 21, "key": 0, "length": 139.4, "length_raw": 13595193.614565197}, "geometry": {"type": "LineString", "coordinates": [[-0.0326943131665852, 51.473044345458014], [-0.03330500000000079, 51.4726861], [-0.03368090000000075, 51.4724729], [-0.03404840000000033, 51.4722533], [-0.03416339999999943, 51.4721876]]}}, {"type": "Feature", "properties": {"u": 19, "v": 22, "key": 0, "length": 190.6, "length_raw": 10569900.281516178}, "geometry": {"type": "LineString", "coordinates": [[-0.03139349999999971, 51.4722613], [-0.03131010000000057, 51.4723073], [-0.03127600000000067, 51.47232799999999], [-0.03123640000000169, 51.472352099999995], [-0.031151200000001072, 51.472416200000005], [-0.03106100000000017, 51.472493300000004], [-0.030873600000000494, 51.4726864], [-0.030358299999999824, 51.4732587], [-0.03030250000000032, 51.4733223], [-0.03024470000000205, 51.473387599999995], [-0.03003130000000016, 51.4736258], [-0.0299529000000017, 51.4737131]]}}, {"type": "Feature", "properties": {"u": 19, "v": 23, "key": 0, "length": 102.5, "length_raw": 8417406.728425516}, "geometry": {"type": "LineString", "coordinates": [[-0.03139349999999971, 51.4722613], [-0.03149100000000157, 51.472212], [-0.03153620000000067, 51.472182200000006], [-0.03158110000000145, 51.47215129999999], [-0.031697699999999954, 51.472069999999995], [-0.03229920000000003, 51.471655899999995], [-0.03239710000000045, 51.471585]]}}, {"type": "Feature", "properties": {"u": 19, "v": 24, "key": 0, "length": 137.4, "length_raw": 8206632.810501142}, "geometry": {"type": "LineString", "coordinates": [[-0.03139349999999971, 51.4722613], [-0.03125269999999967, 51.4721768], [-0.031204800000001344, 51.472146499999994], [-0.031044599999999173, 51.4720429], [-0.030871200000000786, 51.4719204], [-0.030652600000000915, 51.4717586], [-0.03034339999999999, 51.47152429999999], [-0.030093433700397496, 51.47132976455258]]}}, {"type": "Feature", "properties": {"u": 19, "v": 18, "key": 0, "length": 125.3, "length_raw": 11798667.306082083}, "geometry": {"type": "LineString", "coordinates": [[-0.03139349999999971, 51.4722613], [-0.03149650000000066, 51.472323], [-0.03154110000000152, 51.47234539999999], [-0.03159070000000108, 51.47237419999999], [-0.03234629999999885, 51.472825300000004], [-0.032466600000001324, 51.4728978], [-0.03250580000000095, 51.47292039999999], [-0.03252049999999992, 51.472930399999996], [-0.0326943131665852, 51.473044345458014]]}}, {"type": "Feature", "properties": {"u": 20, "v": 256, "key": 0, "length": 124.3, "length_raw": 11291498.463171648}, "geometry": {"type": "LineString", "coordinates": [[-0.03383224998722957, 51.47396815000282], [-0.03385880000000023, 51.47399029999998], [-0.03396089999999985, 51.4740751], [-0.03471300000000047, 51.4746784], [-0.03474260000000086, 51.47470299999999], [-0.034840099999999936, 51.474785], [-0.0349242498725608, 51.47485470002854]]}}, {"type": "Feature", "properties": {"u": 21, "v": 18, "key": 0, "length": 139.4, "length_raw": 13595193.614565197}, "geometry": {"type": "LineString", "coordinates": [[-0.03416339999999943, 51.4721876], [-0.03404840000000033, 51.4722533], [-0.03368090000000075, 51.4724729], [-0.03330500000000079, 51.4726861], [-0.0326943131665852, 51.473044345458014]]}}, {"type": "Feature", "properties": {"u": 21, "v": 482, "key": 0, "length": 139.0, "length_raw": 8699429.537248664}, "geometry": {"type": "LineString", "coordinates": [[-0.03416339999999943, 51.4721876], [-0.03466380000000106, 51.471844299999994], [-0.03500470000000058, 51.471579799999994], [-0.035323500000001146, 51.471303500000005], [-0.0353985000000027, 51.4712072]]}}, {"type": "Feature", "properties": {"u": 22, "v": 463, "key": 0, "length": 97.7, "length_raw": 10579597.99280853}, "geometry": {"type": "LineString", "coordinates": [[-0.0299529000000017, 51.4737131], [-0.029870100000000396, 51.47381479999999], [-0.029300000000000197, 51.4744924]]}}, {"type": "Feature", "properties": {"u": 22, "v": 19, "key": 0, "length": 190.6, "length_raw": 10569900.281516178}, "geometry": {"type": "LineString", "coordinates": [[-0.0299529000000017, 51.4737131], [-0.03003130000000016, 51.4736258], [-0.03024470000000205, 51.473387599999995], [-0.03030250000000032, 51.4733223], [-0.030358299999999824, 51.4732587], [-0.030873600000000494, 51.4726864], [-0.03106100000000017, 51.472493300000004], [-0.031151200000001072, 51.472416200000005], [-0.03123640000000169, 51.472352099999995], [-0.03127600000000067, 51.47232799999999], [-0.03131010000000057, 51.4723073], [-0.03139349999999971, 51.4722613]]}}, {"type": "Feature", "properties": {"u": 23, "v": 19, "key": 0, "length": 102.5, "length_raw": 8417406.728425516}, "geometry": {"type": "LineString", "coordinates": [[-0.03239710000000045, 51.471585], [-0.03229920000000003, 51.471655899999995], [-0.031697699999999954, 51.472069999999995], [-0.03158110000000145, 51.47215129999999], [-0.03153620000000067, 51.472182200000006], [-0.03149100000000157, 51.472212], [-0.03139349999999971, 51.4722613]]}}, {"type": "Feature", "properties": {"u": 23, "v": 513, "key": 0, "length": 158.9, "length_raw": 14474149.018314915}, "geometry": {"type": "LineString", "coordinates": [[-0.03239710000000045, 51.471585], [-0.032891600000000853, 51.471248], [-0.032998599999999725, 51.471174500000004], [-0.033343300000000284, 51.4709265], [-0.03368369999999982, 51.47066], [-0.033727800000001085, 51.4706216], [-0.03381990000000052, 51.47053689999999], [-0.03386655004874823, 51.470489750010216]]}}, {"type": "Feature", "properties": {"u": 24, "v": 509, "key": 0, "length": 113.0, "length_raw": 11403375.315903947}, "geometry": {"type": "LineString", "coordinates": [[-0.030093433700397496, 51.47132976455258], [-0.02984669999999995, 51.4711377], [-0.029711499999998826, 51.47103010000001], [-0.029673500000000047, 51.47099779999999], [-0.029630300000000904, 51.4709629], [-0.02907910000000006, 51.470533800000005]]}}, {"type": "Feature", "properties": {"u": 24, "v": 19, "key": 0, "length": 137.4, "length_raw": 8206632.810501142}, "geometry": {"type": "LineString", "coordinates": [[-0.030093433700397496, 51.47132976455258], [-0.03034339999999999, 51.47152429999999], [-0.030652600000000915, 51.4717586], [-0.030871200000000786, 51.4719204], [-0.031044599999999173, 51.4720429], [-0.031204800000001344, 51.472146499999994], [-0.03125269999999967, 51.4721768], [-0.03139349999999971, 51.4722613]]}}, {"type": "Feature", "properties": {"u": 25, "v": 16, "key": 0, "length": 141.5, "length_raw": 13973729.569268089}, "geometry": {"type": "LineString", "coordinates": [[0.004861999999999104, 51.479923199999995], [0.0049199000000003925, 51.47984069999999], [0.004987399999998531, 51.4797794], [0.005078299999999899, 51.4797068], [0.005198599999999198, 51.4796099], [0.005448399999999664, 51.47939010000001], [0.005631499999999509, 51.479213599999994], [0.005992199999998523, 51.47886609999999]]}}, {"type": "Feature", "properties": {"u": 25, "v": 26, "key": 0, "length": 177.3, "length_raw": 5499608.836552155}, "geometry": {"type": "LineString", "coordinates": [[0.004861999999999104, 51.479923199999995], [0.004707000000000875, 51.4799386], [0.004642499999999492, 51.4799541], [0.0045761999999990215, 51.4799776], [0.004492500000000757, 51.4800154], [0.0044295999999999745, 51.48004889999999], [0.00415079999999974, 51.48021059999999], [0.003929199999998742, 51.48033790000001], [0.0038515999999997894, 51.4803825], [0.0037088000000001834, 51.48047410000001], [0.0036143999999988913, 51.480544800000004], [0.003444799999999548, 51.48071569999999], [0.0033885999999998927, 51.48077610000001], [0.0033754000000000995, 51.4807898], [0.0031328999999993955, 51.4810413]]}}, {"type": "Feature", "properties": {"u": 26, "v": 317, "key": 0, "length": 200.8, "length_raw": 9744608.550519738}, "geometry": {"type": "LineString", "coordinates": [[0.0031328999999993955, 51.4810413], [0.0030160999999976354, 51.481153899999995], [0.002611300000000134, 51.48154389999998], [0.002503199999997867, 51.481647599999995], [0.0019136000000004774, 51.482213], [0.001763899999998874, 51.48235019999999], [0.0017375999999983314, 51.4823831], [0.001715399999999926, 51.482416900000004], [0.0016850999999998676, 51.48248199999999], [0.0016586000000000448, 51.4825835]]}}, {"type": "Feature", "properties": {"u": 26, "v": 25, "key": 0, "length": 177.3, "length_raw": 5499608.836552155}, "geometry": {"type": "LineString", "coordinates": [[0.0031328999999993955, 51.4810413], [0.0033754000000000995, 51.4807898], [0.0033885999999998927, 51.48077610000001], [0.003444799999999548, 51.48071569999999], [0.0036143999999988913, 51.480544800000004], [0.0037088000000001834, 51.48047410000001], [0.0038515999999997894, 51.4803825], [0.003929199999998742, 51.48033790000001], [0.00415079999999974, 51.48021059999999], [0.0044295999999999745, 51.48004889999999], [0.004492500000000757, 51.4800154], [0.0045761999999990215, 51.4799776], [0.004642499999999492, 51.4799541], [0.004707000000000875, 51.4799386], [0.004861999999999104, 51.479923199999995]]}}, {"type": "Feature", "properties": {"u": 27, "v": 28, "key": 0, "length": 121.6, "length_raw": 13517044.315895151}, "geometry": {"type": "LineString", "coordinates": [[-0.026029750014942805, 51.50028475000367], [-0.02603139999999969, 51.50051109999999], [-0.026027199999998907, 51.500826499999995], [-0.026022900000001466, 51.50093069999999], [-0.026009900000000155, 51.5010683], [-0.025997400000000826, 51.501167300000006], [-0.025966850159663622, 51.50137655000948]]}}, {"type": "Feature", "properties": {"u": 27, "v": 29, "key": 0, "length": 119.3, "length_raw": 13255965.653314358}, "geometry": {"type": "LineString", "coordinates": [[-0.026029750014942805, 51.50028475000367], [-0.026028100000000238, 51.500058400000015], [-0.026021700000000217, 51.4999017], [-0.026005399999999457, 51.49968719999999], [-0.02598820000000015, 51.4994764], [-0.02596759999999996, 51.4992128]]}}, {"type": "Feature", "properties": {"u": 28, "v": 27, "key": 0, "length": 121.6, "length_raw": 13517044.315895151}, "geometry": {"type": "LineString", "coordinates": [[-0.025966850159663622, 51.50137655000948], [-0.025997400000000826, 51.501167300000006], [-0.026009900000000155, 51.5010683], [-0.026022900000001466, 51.50093069999999], [-0.026027199999998907, 51.500826499999995], [-0.02603139999999969, 51.50051109999999], [-0.026029750014942805, 51.50028475000367]]}}, {"type": "Feature", "properties": {"u": 28, "v": 30, "key": 0, "length": 284.7, "length_raw": 8509605.17914767}, "geometry": {"type": "LineString", "coordinates": [[-0.025966850159663622, 51.50137655000948], [-0.025936299999999527, 51.5015858], [-0.025917400000000174, 51.50178209999999], [-0.025908100000001648, 51.501976099999986], [-0.025873800000000086, 51.502344], [-0.025864200000000056, 51.50240599999999], [-0.025851999999999844, 51.5024755], [-0.02575340000000095, 51.502921], [-0.025736099999999814, 51.5029874], [-0.02572980000000003, 51.5030272], [-0.025710100000000378, 51.50310160000001], [-0.02569830000000111, 51.50314579999999], [-0.025688299999998943, 51.50318390000001], [-0.025685300000000993, 51.503207], [-0.025682900000001285, 51.5032242], [-0.025528447356070474, 51.5039203038408]]}}, {"type": "Feature", "properties": {"u": 29, "v": 467, "key": 0, "length": 323.6, "length_raw": 4656654.876668842}, "geometry": {"type": "LineString", "coordinates": [[-0.02596759999999996, 51.4992128], [-0.02596249999999864, 51.4991183], [-0.025925900000000387, 51.4987457], [-0.025918800000000304, 51.4986735], [-0.0258934000000003, 51.49832039999999], [-0.025892200000001038, 51.4982996], [-0.025881800000000708, 51.49817189999999], [-0.025862400000000573, 51.49791969999998], [-0.02586089999999981, 51.4979085], [-0.025847600000000574, 51.49778049999999], [-0.02579950000000138, 51.4970355], [-0.025789900000000157, 51.4968115], [-0.025760300000000957, 51.496538699999995], [-0.0257382000000008, 51.49630599999998]]}}, {"type": "Feature", "properties": {"u": 29, "v": 27, "key": 0, "length": 119.3, "length_raw": 13255965.653314358}, "geometry": {"type": "LineString", "coordinates": [[-0.02596759999999996, 51.4992128], [-0.02598820000000015, 51.4994764], [-0.026005399999999457, 51.49968719999999], [-0.026021700000000217, 51.4999017], [-0.026028100000000238, 51.500058400000015], [-0.026029750014942805, 51.50028475000367]]}}, {"type": "Feature", "properties": {"u": 30, "v": 28, "key": 0, "length": 284.7, "length_raw": 8509605.17914767}, "geometry": {"type": "LineString", "coordinates": [[-0.025528447356070474, 51.5039203038408], [-0.025682900000001285, 51.5032242], [-0.025685300000000993, 51.503207], [-0.025688299999998943, 51.50318390000001], [-0.02569830000000111, 51.50314579999999], [-0.025710100000000378, 51.50310160000001], [-0.02572980000000003, 51.5030272], [-0.025736099999999814, 51.5029874], [-0.02575340000000095, 51.502921], [-0.025851999999999844, 51.5024755], [-0.025864200000000056, 51.50240599999999], [-0.025873800000000086, 51.502344], [-0.025908100000001648, 51.501976099999986], [-0.025917400000000174, 51.50178209999999], [-0.025936299999999527, 51.5015858], [-0.025966850159663622, 51.50137655000948]]}}, {"type": "Feature", "properties": {"u": 30, "v": 141, "key": 0, "length": 226.2, "length_raw": 15936724.881506527}, "geometry": {"type": "LineString", "coordinates": [[-0.025528447356070474, 51.5039203038408], [-0.025750700000001722, 51.50474179999999], [-0.026245699999999733, 51.505210100000006], [-0.026283999999999617, 51.505242499999994], [-0.026319099999998298, 51.50527550000001], [-0.026327200000001542, 51.5052831], [-0.026413200000000872, 51.5053638], [-0.02661611712286023, 51.50580060946932]]}}, {"type": "Feature", "properties": {"u": 30, "v": 140, "key": 0, "length": 239.1, "length_raw": 15504310.041188166}, "geometry": {"type": "LineString", "coordinates": [[-0.025528447356070474, 51.5039203038408], [-0.02566060000000145, 51.50422669999999], [-0.02568219999999963, 51.5043454], [-0.025703099999999732, 51.50441120000001], [-0.02577090000000057, 51.5045406], [-0.025804200000000166, 51.504582299999996], [-0.025932099999999538, 51.50474270000001], [-0.02610460000000176, 51.504884499999996], [-0.026411300000000356, 51.5051369], [-0.02658769999999947, 51.505242100000004], [-0.02674560000000217, 51.505320299999994], [-0.02667663926939274, 51.50583138079763]]}}, {"type": "Feature", "properties": {"u": 30, "v": 428, "key": 0, "length": 513.8, "length_raw": 3202251.0603786567}, "geometry": {"type": "LineString", "coordinates": [[-0.025528447356070474, 51.5039203038408], [-0.025204099999999424, 51.50336339999999], [-0.02519080000000059, 51.503319699999984], [-0.025184500000001202, 51.50328369999999], [-0.025180300000001214, 51.5032533], [-0.025168299999999883, 51.50316959999999], [-0.025154100000001303, 51.5030633], [-0.02513460000000014, 51.5029629], [-0.02512700000000046, 51.5029265], [-0.025096900000000876, 51.50286019999999], [-0.025022800000000258, 51.5027517], [-0.02489780000000098, 51.50263249999998], [-0.024673199999998854, 51.50243710000001], [-0.024612499999999694, 51.50238180000001], [-0.024443399999999546, 51.50223809999999], [-0.024359900000000958, 51.50216799999999], [-0.024090400000002034, 51.501942], [-0.024046200000000923, 51.50190560000001], [-0.024011200000000888, 51.5018771], [-0.023860399999999865, 51.5017535], [-0.02364090000000184, 51.501561499999994], [-0.02361170000000041, 51.5015377], [-0.02357460000000137, 51.5015062], [-0.023545399999999144, 51.50148409999999], [-0.02350340000000045, 51.501453299999994], [-0.023452900000001945, 51.50142329999999], [-0.02337470000000078, 51.5013857], [-0.02314290000000032, 51.5012924], [-0.023000200000001747, 51.50124639999999], [-0.022895000000001563, 51.50122359999999], [-0.02284369999999997, 51.501214399999995], [-0.02242410000000128, 51.50113759999999], [-0.022056999999999063, 51.501071299999985], [-0.021900700000000946, 51.50104139999999], [-0.021639300000000493, 51.50098740000001], [-0.021370399999999803, 51.500931200000004], [-0.021057699999998954, 51.500864], [-0.021004600000000265, 51.500852599999995], [-0.02083110000000005, 51.500814600000005]]}}, {"type": "Feature", "properties": {"u": 31, "v": 32, "key": 0, "length": 109.8, "length_raw": 11609455.33749563}, "geometry": {"type": "LineString", "coordinates": [[0.008206431430563666, 51.51585418308194], [0.00820759999999993, 51.51565990000001], [0.00828599999999958, 51.51561619999999], [0.008333599999998787, 51.5155677], [0.00839530000000071, 51.5154556], [0.008454800000001008, 51.515331], [0.008489100000000185, 51.5151575], [0.008508899999998484, 51.5150914], [0.008523799999999113, 51.51505639999999], [0.008540000000000035, 51.51501709999999], [0.008547799999999389, 51.514913400000005]]}}, {"type": "Feature", "properties": {"u": 31, "v": 33, "key": 0, "length": 651.5, "length_raw": 268222.86213363754}, "geometry": {"type": "LineString", "coordinates": [[0.008206431430563666, 51.51585418308194], [0.00786940000000003, 51.5152739], [0.007655899999999889, 51.515231799999995], [0.007517699999999627, 51.515199200000005], [0.007445999999999115, 51.5151905], [0.0071923999999984126, 51.51515059999999], [0.0068062999999997905, 51.515074], [0.006411099999999536, 51.514997699999995], [0.0057473000000004965, 51.5148654], [0.005487299999999774, 51.514798], [0.004936599999998917, 51.51462879999999], [0.0047201999999986815, 51.51457079999999], [0.004431600000000329, 51.51450580000001], [0.0035668000000000826, 51.5143241], [0.003221400000000259, 51.5142427], [0.0029479999999992715, 51.5141612], [0.0027153000000006613, 51.514069], [0.0025037000000002413, 51.51396419999999], [0.0023240999999999228, 51.51385969999999], [0.002157300000000042, 51.513740999999996], [0.0019150000000002084, 51.5135415], [0.0017588999999997776, 51.5133929], [0.0005183327537478993, 51.51293167097594]]}}, {"type": "Feature", "properties": {"u": 31, "v": 34, "key": 0, "length": 218.6, "length_raw": 13218709.84039172}, "geometry": {"type": "LineString", "coordinates": [[0.008206431430563666, 51.51585418308194], [0.009176299999999273, 51.516265499999996], [0.009241899999998486, 51.5162942], [0.009449100000001228, 51.5163847], [0.00951419999999926, 51.51641409999999], [0.009577299999999721, 51.51644259999999], [0.009775600000000509, 51.516527799999984], [0.009989899999999757, 51.51661980000001], [0.010072800000000503, 51.5166566], [0.010560100000000985, 51.5168732], [0.010794200000000122, 51.516982199999994]]}}, {"type": "Feature", "properties": {"u": 31, "v": 35, "key": 0, "length": 632.5, "length_raw": 18237571.058583397}, "geometry": {"type": "LineString", "coordinates": [[0.008206431430563666, 51.51585418308194], [0.007709500000001351, 51.516150800000005], [0.007684600000000539, 51.5162933], [0.00765599999999933, 51.51638629999999], [0.00763380000000013, 51.516443800000005], [0.007592799999999031, 51.5165383], [0.007550000000000437, 51.51661529999999], [0.007483699999999966, 51.5166961], [0.00742949999999987, 51.516766499999996], [0.0073912999999990285, 51.5168079], [0.00731499999999798, 51.516878999999996], [0.007218999999998074, 51.5169576], [0.007189299999999832, 51.5169826], [0.007135099999999736, 51.5170304], [0.007060299999998257, 51.517083500000005], [0.00697039999999806, 51.51713889999999], [0.006825899999998411, 51.517211599999996], [0.006156999999999243, 51.51749709999999], [0.005875299999998912, 51.517630999999994], [0.005654699999999483, 51.5177627], [0.005434000000000215, 51.517919], [0.005260099999999852, 51.5180828], [0.005146699999997779, 51.51820859999999], [0.005040599999999444, 51.5183663], [0.004846499999999838, 51.5188439], [0.004722600000000379, 51.51920200000001], [0.004619999999999582, 51.519624199999996], [0.004557999999999734, 51.52016470000001], [0.004512300000000646, 51.52052059999999], [0.00449159999999863, 51.52072819999999]]}}, {"type": "Feature", "properties": {"u": 32, "v": 31, "key": 0, "length": 130.4, "length_raw": 11609455.33749563}, "geometry": {"type": "LineString", "coordinates": [[0.008547799999999389, 51.514913400000005], [0.008432500000000776, 51.51496720000001], [0.008373899999999821, 51.51500480000001], [0.008222699999998648, 51.515089199999984], [0.008112000000000969, 51.51515500000001], [0.008046199999999693, 51.51519249999999], [0.007975999999999546, 51.515224800000006], [0.00786940000000003, 51.5152739], [0.008206431430563666, 51.51585418308194]]}}, {"type": "Feature", "properties": {"u": 32, "v": 36, "key": 0, "length": 276.9, "length_raw": 11675811.401500368}, "geometry": {"type": "LineString", "coordinates": [[0.008547799999999389, 51.514913400000005], [0.008636499999999929, 51.51480140000001], [0.008657499999998678, 51.51477549999999], [0.008706699999999679, 51.51471469999999], [0.008739099999999533, 51.514674799999995], [0.008862100000000444, 51.51452260000001], [0.009215499999999299, 51.514085], [0.009279700000000769, 51.51400550000001], [0.009400699999999734, 51.5138776], [0.00943239999999992, 51.5138378], [0.009469999999998946, 51.51379039999999], [0.00955679999999937, 51.51368829999999], [0.009619099999999927, 51.51361550000001], [0.009630099999999291, 51.5136026], [0.009641200000000084, 51.513587699999995], [0.009648499999999846, 51.51357790000001], [0.009699400000000889, 51.5135094], [0.009728999999999292, 51.51345409999999], [0.009827700000000014, 51.5133374], [0.009994099999999347, 51.5131407], [0.010033899999999995, 51.5130898], [0.010068400000000439, 51.5130458], [0.010125999999997838, 51.5129719], [0.01021329999999984, 51.51285709999999], [0.010246599999998244, 51.5128166], [0.010355899999999372, 51.51269310000001]]}}, {"type": "Feature", "properties": {"u": 33, "v": 214, "key": 0, "length": 167.9, "length_raw": 11673588.193308255}, "geometry": {"type": "LineString", "coordinates": [[0.0005183327537478993, 51.51293167097594], [0.00028449999999939515, 51.51343119999999], [0.0002300000000001797, 51.513448700000005], [-0.00031700000000028054, 51.513603299999986], [-0.00042240000000053887, 51.513629599999994], [-0.0004549000000014242, 51.5136392], [-0.000841100000001476, 51.51373979999999], [-0.0009627000000006674, 51.5137728], [-0.0011665999999995844, 51.5138352]]}}, {"type": "Feature", "properties": {"u": 33, "v": 215, "key": 0, "length": 262.5, "length_raw": 12847389.229778923}, "geometry": {"type": "LineString", "coordinates": [[0.0005183327537478993, 51.51293167097594], [0.00014250000000048732, 51.5124048], [0.0003374999999982456, 51.5120033], [0.00039779999999844847, 51.5118827], [0.0004142999999988857, 51.5118486], [0.0005942000000003111, 51.511473800000005], [0.0006995999999993768, 51.511284999999994], [0.0008490000000010661, 51.51113990000001], [0.0009097999999984752, 51.511095499999996], [0.0008488680911364792, 51.510715885766665]]}}, {"type": "Feature", "properties": {"u": 33, "v": 216, "key": 0, "length": 380.8, "length_raw": 14430840.65951611}, "geometry": {"type": "LineString", "coordinates": [[0.0005183327537478993, 51.51293167097594], [-0.00061120000000034, 51.512634599999984], [-0.0008849000000000489, 51.512593], [-0.0009961000000004996, 51.51257389999999], [-0.0042193000000002425, 51.51198560000001], [-0.004278800000000542, 51.5119736], [-0.004492999999998758, 51.5119402], [-0.00472020020005239, 51.511898350223774]]}}, {"type": "Feature", "properties": {"u": 33, "v": 217, "key": 0, "length": 196.8, "length_raw": 17634541.87727675}, "geometry": {"type": "LineString", "coordinates": [[0.0005183327537478993, 51.51293167097594], [0.001302499999999181, 51.5137446], [0.0018197999999990133, 51.51403340000001], [0.0021449000000001517, 51.5141731], [0.0023550999999988526, 51.51423189999999]]}}, {"type": "Feature", "properties": {"u": 33, "v": 218, "key": 0, "length": 529.4, "length_raw": 5425455.737325859}, "geometry": {"type": "LineString", "coordinates": [[0.0005183327537478993, 51.51293167097594], [0.001302499999999181, 51.5137446], [0.0015344999999985223, 51.513943600000005], [0.0017980000000011559, 51.514119300000004], [0.002117899999999147, 51.51427519999998], [0.0025171000000001097, 51.514440500000006], [0.0031120000000012804, 51.51463669999998], [0.003629700000001263, 51.514770299999995], [0.004019299999999412, 51.5148576], [0.004497199999998747, 51.5149593], [0.005083700000000338, 51.51508849999999], [0.005609299999999514, 51.5151884], [0.005766299999998494, 51.5152186], [0.0059285000000002235, 51.515249899999986], [0.006254899999999266, 51.5153091], [0.006129789674852181, 51.51558480518102]]}}, {"type": "Feature", "properties": {"u": 34, "v": 31, "key": 0, "length": 218.6, "length_raw": 13218709.84039172}, "geometry": {"type": "LineString", "coordinates": [[0.010794200000000122, 51.516982199999994], [0.010560100000000985, 51.5168732], [0.010072800000000503, 51.5166566], [0.009989899999999757, 51.51661980000001], [0.009775600000000509, 51.516527799999984], [0.009577299999999721, 51.51644259999999], [0.00951419999999926, 51.51641409999999], [0.009449100000001228, 51.5163847], [0.009241899999998486, 51.5162942], [0.009176299999999273, 51.516265499999996], [0.008206431430563666, 51.51585418308194]]}}, {"type": "Feature", "properties": {"u": 34, "v": 54, "key": 0, "length": 111.9, "length_raw": 6199392.028512401}, "geometry": {"type": "LineString", "coordinates": [[0.010794200000000122, 51.516982199999994], [0.010857699999999143, 51.51700879999999], [0.010968099999998895, 51.517054999999985], [0.01106499999999894, 51.51709789999999], [0.011127900000000916, 51.517125799999995], [0.01118730000000058, 51.517152100000004], [0.011389499999998262, 51.5172416], [0.01187459999999911, 51.5174563], [0.01211279999999959, 51.517564799999995]]}}, {"type": "Feature", "properties": {"u": 35, "v": 276, "key": 0, "length": 77.7, "length_raw": 8517522.092242323}, "geometry": {"type": "LineString", "coordinates": [[0.00449159999999863, 51.52072819999999], [0.004479299999999374, 51.52085259999999], [0.004473299999999106, 51.52089049999999], [0.004398999999999207, 51.52123809999999], [0.004372800000000093, 51.5214227]]}}, {"type": "Feature", "properties": {"u": 35, "v": 31, "key": 0, "length": 632.5, "length_raw": 18237571.058583397}, "geometry": {"type": "LineString", "coordinates": [[0.00449159999999863, 51.52072819999999], [0.004512300000000646, 51.52052059999999], [0.004557999999999734, 51.52016470000001], [0.004619999999999582, 51.519624199999996], [0.004722600000000379, 51.51920200000001], [0.004846499999999838, 51.5188439], [0.005040599999999444, 51.5183663], [0.005146699999997779, 51.51820859999999], [0.005260099999999852, 51.5180828], [0.005434000000000215, 51.517919], [0.005654699999999483, 51.5177627], [0.005875299999998912, 51.517630999999994], [0.006156999999999243, 51.51749709999999], [0.006825899999998411, 51.517211599999996], [0.00697039999999806, 51.51713889999999], [0.007060299999998257, 51.517083500000005], [0.007135099999999736, 51.5170304], [0.007189299999999832, 51.5169826], [0.007218999999998074, 51.5169576], [0.00731499999999798, 51.516878999999996], [0.0073912999999990285, 51.5168079], [0.00742949999999987, 51.516766499999996], [0.007483699999999966, 51.5166961], [0.007550000000000437, 51.51661529999999], [0.007592799999999031, 51.5165383], [0.00763380000000013, 51.516443800000005], [0.00765599999999933, 51.51638629999999], [0.007684600000000539, 51.5162933], [0.007709500000001351, 51.516150800000005], [0.008206431430563666, 51.51585418308194]]}}, {"type": "Feature", "properties": {"u": 35, "v": 277, "key": 0, "length": 104.2, "length_raw": 3061732.513214552}, "geometry": {"type": "LineString", "coordinates": [[0.00449159999999863, 51.52072819999999], [0.004679999999999076, 51.520716699999994], [0.004732299999999055, 51.5207135], [0.004798400000000642, 51.52070950000001], [0.004915800000000243, 51.52070229999999], [0.005220799999999989, 51.5206841], [0.005704799999998635, 51.520663899999995], [0.0059935999999994475, 51.52065769999998]]}}, {"type": "Feature", "properties": {"u": 36, "v": 290, "key": 0, "length": 62.0, "length_raw": 5823382.602892977}, "geometry": {"type": "LineString", "coordinates": [[0.010355899999999372, 51.51269310000001], [0.010440900000000709, 51.512592999999995], [0.010462399999999844, 51.5125699], [0.010484199999999291, 51.51254639999999], [0.010643199999998229, 51.51235899999999], [0.010681600000000735, 51.51231610000001], [0.010778700000000061, 51.51220199999999]]}}, {"type": "Feature", "properties": {"u": 36, "v": 353, "key": 0, "length": 129.2, "length_raw": 11218353.459134798}, "geometry": {"type": "LineString", "coordinates": [[0.010355899999999372, 51.51269310000001], [0.010450899999998504, 51.512725599999996], [0.01054580000000058, 51.5127579], [0.010590899999999044, 51.512775899999994], [0.010679400000000306, 51.5128205], [0.010936399999999106, 51.51295009999999], [0.011164499999999564, 51.513081199999995], [0.011311799999999868, 51.513189399999995], [0.011459200000001203, 51.5133128], [0.011635200000000168, 51.51347659999999], [0.011663699999999153, 51.513502100000004]]}}, {"type": "Feature", "properties": {"u": 36, "v": 32, "key": 0, "length": 276.9, "length_raw": 11675811.401500368}, "geometry": {"type": "LineString", "coordinates": [[0.010355899999999372, 51.51269310000001], [0.010246599999998244, 51.5128166], [0.01021329999999984, 51.51285709999999], [0.010125999999997838, 51.5129719], [0.010068400000000439, 51.5130458], [0.010033899999999995, 51.5130898], [0.009994099999999347, 51.5131407], [0.009827700000000014, 51.5133374], [0.009728999999999292, 51.51345409999999], [0.009699400000000889, 51.5135094], [0.009648499999999846, 51.51357790000001], [0.009641200000000084, 51.513587699999995], [0.009630099999999291, 51.5136026], [0.009619099999999927, 51.51361550000001], [0.00955679999999937, 51.51368829999999], [0.009469999999998946, 51.51379039999999], [0.00943239999999992, 51.5138378], [0.009400699999999734, 51.5138776], [0.009279700000000769, 51.51400550000001], [0.009215499999999299, 51.514085], [0.008862100000000444, 51.51452260000001], [0.008739099999999533, 51.514674799999995], [0.008706699999999679, 51.51471469999999], [0.008657499999998678, 51.51477549999999], [0.008636499999999929, 51.51480140000001], [0.008547799999999389, 51.514913400000005]]}}, {"type": "Feature", "properties": {"u": 37, "v": 400, "key": 0, "length": 179.9, "length_raw": 19960913.492980003}, "geometry": {"type": "LineString", "coordinates": [[-0.03901851884806297, 51.512251388593604], [-0.039110399999999074, 51.5116682], [-0.03921539999999998, 51.5112432], [-0.0392218000000004, 51.51119680000001], [-0.03923420000000148, 51.5111059], [-0.03926899999999985, 51.51079519999999], [-0.039266800000001406, 51.51070119999999], [-0.03926640000000086, 51.510676999999994], [-0.03925859999999872, 51.510642600000004]]}}, {"type": "Feature", "properties": {"u": 37, "v": 401, "key": 0, "length": 112.1, "length_raw": 5370916.355375303}, "geometry": {"type": "LineString", "coordinates": [[-0.03901851884806297, 51.512251388593604], [-0.03908110000000138, 51.5126643], [-0.03916179999999852, 51.512669200000005], [-0.03965560000000045, 51.512700299999985], [-0.039816800000000215, 51.5127102], [-0.040030000000000045, 51.512719]]}}, {"type": "Feature", "properties": {"u": 37, "v": 112, "key": 0, "length": 2091.4, "length_raw": 12356299.54073754}, "geometry": {"type": "LineString", "coordinates": [[-0.03901851884806297, 51.512251388593604], [-0.03930909999999962, 51.5116604], [-0.039366200000001, 51.5115987], [-0.03949830000000076, 51.5114749], [-0.039561700000001136, 51.51142369999999], [-0.03957579999999908, 51.51141239999999], [-0.03963390000000084, 51.5113654], [-0.03979550000000036, 51.5112575], [-0.03996570000000112, 51.511166499999995], [-0.040158699999999714, 51.51107549999999], [-0.04035430000000207, 51.5110057], [-0.040521200000001, 51.510959699999994], [-0.04070089999999956, 51.51091679999999], [-0.04091580000000063, 51.51088049999999], [-0.0416942000000002, 51.510781699999995], [-0.04185400000000222, 51.510760799999986], [-0.04431380000000008, 51.5104526], [-0.04483620000000083, 51.5103828], [-0.04534860000000101, 51.510315500000004], [-0.04574900000000083, 51.510255699999995], [-0.04605080000000017, 51.51019560000001], [-0.04630850000000063, 51.51012829999999], [-0.04657080000000161, 51.51004019999999], [-0.04677110000000117, 51.50996169999999], [-0.04704260000000045, 51.5098292], [-0.04728430000000006, 51.509692599999994], [-0.047479500000000674, 51.5095517], [-0.047665700000000685, 51.50940409999999], [-0.04784140000000173, 51.509228699999994], [-0.04804390000000012, 51.508981899999995], [-0.048235600000001204, 51.50874459999999], [-0.04832210000000053, 51.5086375], [-0.04836019999999994, 51.508584299999995], [-0.04837899999999905, 51.50854879999999], [-0.04838859999999988, 51.5085171], [-0.04839690000000041, 51.5084674], [-0.04861640000000082, 51.506130399999996], [-0.04877010000000035, 51.50438760000001], [-0.04878040000000004, 51.50425739999999], [-0.0487897999999992, 51.504207699999995], [-0.048801899999999974, 51.50416109999998], [-0.04882330000000126, 51.5041022], [-0.04976450000000081, 51.5018197], [-0.0497953999999999, 51.5017671], [-0.04983430000000041, 51.5017133], [-0.04989190000000019, 51.5016553], [-0.04999790000000067, 51.501574599999984], [-0.050134600000000175, 51.50149199999998], [-0.05030360000000088, 51.501399500000005], [-0.05156600000000109, 51.50072479999999], [-0.05166570000000139, 51.50067299999999], [-0.05184600000000098, 51.500581999999994], [-0.05191180000000027, 51.500546899999996], [-0.05193440000000161, 51.500534900000005], [-0.05424509999999967, 51.4993062], [-0.054267000000001744, 51.49929449999999], [-0.05430090000000157, 51.49927709999999], [-0.05439859999999873, 51.49922000000001], [-0.054995070182472114, 51.49870421129716]]}}, {"type": "Feature", "properties": {"u": 37, "v": 6, "key": 0, "length": 127.4, "length_raw": 5188416.090845073}, "geometry": {"type": "LineString", "coordinates": [[-0.03901851884806297, 51.512251388593604], [-0.03851200000000156, 51.51268469999999], [-0.03794390000000172, 51.51266050000001], [-0.03753420000000098, 51.512646700000005]]}}, {"type": "Feature", "properties": {"u": 38, "v": 39, "key": 0, "length": 222.7, "length_raw": 19428379.373404197}, "geometry": {"type": "LineString", "coordinates": [[-0.009013568467858377, 51.51146601230629], [-0.010443500000000095, 51.510837099999996], [-0.010403800000000081, 51.5107012], [-0.010383000000000215, 51.510630199999994], [-0.010279300000001589, 51.51029459999999], [-0.01026489999999896, 51.5102557], [-0.010210200000000464, 51.51006470000001], [-0.010223300000000816, 51.50993810000001]]}}, {"type": "Feature", "properties": {"u": 38, "v": 40, "key": 0, "length": 240.4, "length_raw": 4673505.653166422}, "geometry": {"type": "LineString", "coordinates": [[-0.009013568467858377, 51.51146601230629], [-0.011271699999999704, 51.51129660000001], [-0.011577299999999676, 51.5112761], [-0.011772600000000131, 51.5112665], [-0.011936699999999991, 51.5112578], [-0.012113400000000213, 51.51124899999999], [-0.01246649999999955, 51.5112297]]}}, {"type": "Feature", "properties": {"u": 38, "v": 41, "key": 0, "length": 276.4, "length_raw": 18381925.144560535}, "geometry": {"type": "LineString", "coordinates": [[-0.009013568467858377, 51.51146601230629], [-0.007860500000000461, 51.511725299999995], [-0.007778100000001692, 51.51175440000001], [-0.007681000000000776, 51.51179150000001], [-0.007648400000001244, 51.5118218], [-0.0076162000000006705, 51.51185319999999], [-0.007601200000000996, 51.5119006], [-0.007601200000000201, 51.51194650000001], [-0.007715500000000425, 51.5125608], [-0.007747599999999172, 51.512733600000004], [-0.007778500000001047, 51.5128054], [-0.007819700000000233, 51.5128448], [-0.007883800000000671, 51.512869599999995], [-0.007957000000000356, 51.51287549999999], [-0.00801080000000229, 51.51287130000001], [-0.008064500000000011, 51.5128575], [-0.008052100316466505, 51.513205950049475]]}}, {"type": "Feature", "properties": {"u": 38, "v": 33, "key": 0, "length": 682.1, "length_raw": 19065717.126415417}, "geometry": {"type": "LineString", "coordinates": [[-0.009013568467858377, 51.51146601230629], [-0.007222600000001813, 51.51164489999999], [-0.007046200000000709, 51.5116175], [-0.00692080000000009, 51.51161780000001], [-0.006781500000000805, 51.5116325], [-0.006491000000000347, 51.5116859], [-0.0061885999999999886, 51.511734000000004], [-0.00584130000000124, 51.51179689999999], [-0.004545400000000166, 51.51204709999999], [-0.004470200000000525, 51.5120599], [-0.004133900000000743, 51.51212160000001], [-0.003754099999999519, 51.512185800000005], [-0.0024979000000008443, 51.512418399999994], [-0.001095100000001135, 51.5126816], [-0.0009798000000017276, 51.5127032], [-0.0008823999999997055, 51.5127214], [-0.0007076000000003959, 51.51275179999998], [0.0005183327537478993, 51.51293167097594]]}}, {"type": "Feature", "properties": {"u": 38, "v": 42, "key": 0, "length": 337.3, "length_raw": 18916214.593181856}, "geometry": {"type": "LineString", "coordinates": [[-0.009013568467858377, 51.51146601230629], [-0.0068000999999998455, 51.5115171], [-0.0068978999999996325, 51.51146380000001], [-0.006980400000001818, 51.5114238], [-0.0070252000000011645, 51.5113871], [-0.007040799999999872, 51.51136369999999], [-0.007042500000000312, 51.51136110000001], [-0.0070504000000003, 51.5113493], [-0.007091600000000679, 51.5112938], [-0.007111500000001599, 51.511246799999995], [-0.007118300000000577, 51.511208799999984], [-0.007125000000000908, 51.5111707], [-0.007111500000001201, 51.51108119999999], [-0.007002099999999042, 51.510659800000006], [-0.00692380000000082, 51.510387699999995], [-0.00690669999999976, 51.510307], [-0.006899799999999352, 51.510230299999996], [-0.006907700000000533, 51.5099462]]}}, {"type": "Feature", "properties": {"u": 38, "v": 43, "key": 0, "length": 293.0, "length_raw": 17219703.55319716}, "geometry": {"type": "LineString", "coordinates": [[-0.009013568467858377, 51.51146601230629], [-0.009138200000000657, 51.51194099999999], [-0.009174900000000735, 51.5120392], [-0.009211099999999235, 51.5121384], [-0.00921439999999948, 51.512251], [-0.009197199999998582, 51.51235790000001], [-0.009111400000001317, 51.5124754], [-0.008991200000000664, 51.51257149999999], [-0.008785200000001157, 51.512737099999995], [-0.008596399999999766, 51.5129081], [-0.00844499999999971, 51.513140800000016], [-0.008418799999999007, 51.51319139999999], [-0.00830230000000034, 51.51339469999999], [-0.008278749853512334, 51.512851350019716]]}}, {"type": "Feature", "properties": {"u": 39, "v": 38, "key": 0, "length": 266.3, "length_raw": 19428379.373404197}, "geometry": {"type": "LineString", "coordinates": [[-0.010223300000000816, 51.50993810000001], [-0.010325000000000677, 51.5100494], [-0.010351200000000586, 51.51012459999999], [-0.01036490000000037, 51.510164499999995], [-0.010505200000000825, 51.51061889999998], [-0.010610999999999643, 51.5109588], [-0.0106478999999994, 51.5110663], [-0.010663600000002318, 51.51110669999999], [-0.010665100000001093, 51.51117179999999], [-0.010663000000000105, 51.511245499999994], [-0.009013568467858377, 51.51146601230629]]}}, {"type": "Feature", "properties": {"u": 39, "v": 87, "key": 0, "length": 263.2, "length_raw": 15066921.982013943}, "geometry": {"type": "LineString", "coordinates": [[-0.010223300000000816, 51.50993810000001], [-0.010145900000000745, 51.50972879999999], [-0.010115000000001257, 51.50967359999999], [-0.010065199999999634, 51.509613899999984], [-0.009990200000000863, 51.509523800000004], [-0.009798400000000332, 51.5093766], [-0.009569200000000453, 51.5092263], [-0.009470800000001235, 51.5091612], [-0.009392900000000778, 51.5091104], [-0.008584207246863578, 51.507837784027046]]}}, {"type": "Feature", "properties": {"u": 40, "v": 38, "key": 0, "length": 240.4, "length_raw": 4673505.653166422}, "geometry": {"type": "LineString", "coordinates": [[-0.01246649999999955, 51.5112297], [-0.012113400000000213, 51.51124899999999], [-0.011936699999999991, 51.5112578], [-0.011772600000000131, 51.5112665], [-0.011577299999999676, 51.5112761], [-0.011271699999999704, 51.51129660000001], [-0.009013568467858377, 51.51146601230629]]}}, {"type": "Feature", "properties": {"u": 40, "v": 435, "key": 0, "length": 112.3, "length_raw": 7227248.031697392}, "geometry": {"type": "LineString", "coordinates": [[-0.01246649999999955, 51.5112297], [-0.012983900000002005, 51.51120299999999], [-0.013157699999999746, 51.51119659999999], [-0.013261600000000833, 51.511192699999995], [-0.013384900000000862, 51.511188199999985], [-0.014077039694930198, 51.51126141520748]]}}, {"type": "Feature", "properties": {"u": 41, "v": 42, "key": 0, "length": 378.1, "length_raw": 2069172.7381634326}, "geometry": {"type": "LineString", "coordinates": [[-0.008052100316466505, 51.513205950049475], [-0.008149699999999833, 51.51279999999999], [-0.008159799999999058, 51.512552500000005], [-0.008144600000000102, 51.5124071], [-0.008126400000001213, 51.512330299999995], [-0.008098099999999919, 51.5122306], [-0.008029100000001814, 51.512058999999994], [-0.007939200000000821, 51.511893900000004], [-0.00787630000000004, 51.5117998], [-0.00771270000000136, 51.511594899999984], [-0.007539900000000815, 51.5113908], [-0.007387799999998707, 51.5112023], [-0.007293599999999876, 51.511052799999995], [-0.007231299999999319, 51.5109297], [-0.007166099999999858, 51.510771299999995], [-0.007112600000000223, 51.5106119], [-0.007025600000000918, 51.510342999999985], [-0.006907700000000533, 51.5099462]]}}, {"type": "Feature", "properties": {"u": 41, "v": 38, "key": 0, "length": 299.2, "length_raw": 18381925.144560535}, "geometry": {"type": "LineString", "coordinates": [[-0.008052100316466505, 51.513205950049475], [-0.007910100000001214, 51.513343899999995], [-0.00771229999999962, 51.5129241], [-0.007638000000000913, 51.5127242], [-0.0075579000000008225, 51.51242729999999], [-0.007484800000000579, 51.5121393], [-0.007434800000001266, 51.5119423], [-0.009013568467858377, 51.51146601230629]]}}, {"type": "Feature", "properties": {"u": 42, "v": 147, "key": 0, "length": 1913.3, "length_raw": 14410589.067885883}, "geometry": {"type": "LineString", "coordinates": [[-0.006907700000000533, 51.5099462], [-0.006871400000001002, 51.509806199999986], [-0.006823799999998615, 51.50960980000001], [-0.006669900000000204, 51.509266200000006], [-0.006618300000001085, 51.5091748], [-0.006572700000000245, 51.509108399999995], [-0.006431999999998447, 51.5089346], [-0.006276200000000713, 51.5087667], [-0.0056462000000016555, 51.508191999999994], [-0.005126200000000212, 51.5077089], [-0.0038517000000012186, 51.50652459999999], [-0.003696899999999885, 51.5063861], [-0.0034842000000000453, 51.50622619999999], [-0.0032043000000003914, 51.5060437], [-0.002966300000000783, 51.50591], [-6.950000000127553e-05, 51.504389599999996], [7.0499999999266e-05, 51.50431619999999], [0.00045919999999846845, 51.5041139], [0.0007369999999999173, 51.5039694], [0.0009283000000008569, 51.503854100000005], [0.0011097999999997031, 51.5037413], [0.001304999999999127, 51.5035863], [0.0014639999999992563, 51.50344749999999], [0.0016255000000001266, 51.5032896], [0.0017624999999987453, 51.50313499999999], [0.0018646999999997887, 51.50299999999999], [0.0019430000000003962, 51.50286009999999], [0.0020202999999994354, 51.502698], [0.0020801999999998854, 51.502511], [0.002114300000000577, 51.5023281], [0.002126799999999113, 51.5021866], [0.002126700000000865, 51.5020353], [0.002112499999999503, 51.501865599999995], [0.0019255000000003783, 51.500638699999996], [0.0019145999999996605, 51.50056789999999], [0.0019075000000003711, 51.500522100000005], [0.0019005000000001254, 51.5004763], [0.0017133000000009258, 51.49926270000001], [0.0016931999999991352, 51.499112399999994], [0.0017229999999992046, 51.498997200000005], [0.0017718999999994957, 51.4988081], [0.0020137999999983837, 51.49790249999999], [0.002077599999999703, 51.497732799999994], [0.002232800000000392, 51.49746499999999], [0.002373000000000214, 51.49693570000001], [0.0025448999999990295, 51.496743499999994], [0.0029695999999998367, 51.4963776], [0.0031322000000005242, 51.49625000000001], [0.003550699999998603, 51.495904999999986], [0.003821599999999247, 51.495683199999995], [0.004426300000000126, 51.49533250000001]]}}, {"type": "Feature", "properties": {"u": 43, "v": 465, "key": 0, "length": 547.2, "length_raw": 13541698.326696279}, "geometry": {"type": "LineString", "coordinates": [[-0.008278749853512334, 51.512851350019716], [-0.00830230000000034, 51.51339469999999], [-0.008276600000001216, 51.51356839999999], [-0.008260000000000144, 51.5136592], [-0.00825290000000165, 51.51380799999999], [-0.008264200000000927, 51.5139567], [-0.008301900000002178, 51.514126699999984], [-0.00833909999999986, 51.5142214], [-0.00848990000000128, 51.514604799999994], [-0.008741099999998695, 51.5152396], [-0.00889650000000105, 51.5156335], [-0.009632100000000837, 51.5174957], [-0.009649800000000533, 51.51753239999999], [-0.009760299999999727, 51.51764839999999]]}}, {"type": "Feature", "properties": {"u": 43, "v": 38, "key": 0, "length": 303.0, "length_raw": 17219703.55319716}, "geometry": {"type": "LineString", "coordinates": [[-0.008278749853512334, 51.512851350019716], [-0.008255200000000726, 51.512308], [-0.008337500000000053, 51.5124087], [-0.008403199999999503, 51.5124688], [-0.008510900000001223, 51.5125153], [-0.008596299999998735, 51.51253169999999], [-0.00870899999999955, 51.512535], [-0.00881490000000099, 51.512513199999994], [-0.008900699999998651, 51.51248050000001], [-0.008963200000000079, 51.5124376], [-0.00901280000000123, 51.5123862], [-0.009063200000000693, 51.512312699999995], [-0.009079899999999615, 51.512234], [-0.009065100000002003, 51.5121363], [-0.009009300000000909, 51.51201390000001], [-0.008944799999999921, 51.51193119999999], [-0.008854600000000209, 51.5118654], [-0.008759599999999883, 51.5118091], [-0.008627599999999964, 51.5117545], [-0.008573599999999147, 51.5117406], [-0.008407000000000534, 51.51170650000001], [-0.008227800000000366, 51.5116843], [-0.009013568467858377, 51.51146601230629]]}}, {"type": "Feature", "properties": {"u": 44, "v": 45, "key": 0, "length": 177.2, "length_raw": 13925132.041314725}, "geometry": {"type": "LineString", "coordinates": [[0.017431299999999924, 51.4891326], [0.01746049999999818, 51.489346999999995], [0.01749899999999933, 51.489520099999986], [0.01756179999999948, 51.48974690000001], [0.01765549999999872, 51.490046099999994], [0.01769590000000039, 51.490167400000004], [0.017711299999999815, 51.4902135], [0.017734200000000273, 51.49032069999999], [0.017727699999998424, 51.4904202], [0.018188307711219643, 51.49046204551625]]}}, {"type": "Feature", "properties": {"u": 45, "v": 46, "key": 0, "length": 397.2, "length_raw": 8255338.993766762}, "geometry": {"type": "LineString", "coordinates": [[0.018188307711219643, 51.49046204551625], [0.01764780000000119, 51.49050820000001], [0.017527499999998315, 51.490561799999995], [0.017391199999998965, 51.490598399999996], [0.01723940000000035, 51.4906277], [0.017164200000001108, 51.49064], [0.016817000000000606, 51.490678], [0.01653179999999876, 51.49070339999999], [0.016350099999999045, 51.49071359999999], [0.015869699999997777, 51.49073059999999], [0.015138500000000039, 51.4907541], [0.014697199999999353, 51.4907696], [0.014459400000001012, 51.490782], [0.014280099999999813, 51.49079419999999], [0.014119100000000918, 51.49081160000001], [0.013932099999998216, 51.490839300000005], [0.013766699999999259, 51.4908717], [0.013593700000000626, 51.4909103], [0.013427000000000982, 51.49095510000001], [0.013267499999999273, 51.49100759999999], [0.01312390000000056, 51.491061], [0.013026099999999976, 51.49109959999999], [0.012950000000000196, 51.49113139999999], [0.012814699999999632, 51.4911904], [0.012699999999998463, 51.49124729999999]]}}, {"type": "Feature", "properties": {"u": 45, "v": 47, "key": 0, "length": 158.8, "length_raw": 15055473.188131465}, "geometry": {"type": "LineString", "coordinates": [[0.018188307711219643, 51.49046204551625], [0.018005099999998928, 51.49037], [0.017921500000000107, 51.4902775], [0.017871400000000953, 51.4901939], [0.01784649999999855, 51.49012109999999], [0.017822699999998352, 51.4900606], [0.017772599999999597, 51.48990619999999], [0.01771809999999919, 51.4896954], [0.01764459999999959, 51.489317799999995], [0.01763419999999966, 51.48926269999998], [0.017608100000000383, 51.4891209]]}}, {"type": "Feature", "properties": {"u": 46, "v": 152, "key": 0, "length": 309.8, "length_raw": 16961096.88522996}, "geometry": {"type": "LineString", "coordinates": [[0.012699999999998463, 51.49124729999999], [0.01235789999999968, 51.491426], [0.011957300000000576, 51.4916481], [0.011474499999998803, 51.491918799999986], [0.011280199999998724, 51.492027199999995], [0.011078899999998797, 51.492143999999996], [0.010888800000000297, 51.4922637], [0.010725900000000491, 51.4923801], [0.01055109999999959, 51.492529499999996], [0.010385399999998731, 51.4926839], [0.010271599999999688, 51.4928097], [0.010242000000000888, 51.492847], [0.010150500000000885, 51.49296729999999], [0.010101799999999873, 51.4930241], [0.01004149999999967, 51.49306920000001], [0.009974399999999694, 51.4930994], [0.009904999999998656, 51.4931211], [0.00964965738862868, 51.49324369511758]]}}, {"type": "Feature", "properties": {"u": 47, "v": 67, "key": 0, "length": 100.2, "length_raw": 10335907.256726928}, "geometry": {"type": "LineString", "coordinates": [[0.017608100000000383, 51.4891209], [0.01758629999999855, 51.48901729999999], [0.01754080000000073, 51.48875979999999], [0.01748419999999973, 51.4884396], [0.017457099999999684, 51.4882938], [0.017346231024327783, 51.48829562253822]]}}, {"type": "Feature", "properties": {"u": 48, "v": 49, "key": 0, "length": 99.3, "length_raw": 6690676.238197317}, "geometry": {"type": "LineString", "coordinates": [[-0.03297590000000054, 51.4844466], [-0.03284590000000097, 51.484362600000004], [-0.03271430000000001, 51.4842864], [-0.032531000000000886, 51.4841865], [-0.03220220000000054, 51.484022], [-0.03202010000000028, 51.483931999999996], [-0.03199670000000063, 51.4839208], [-0.03191980012296198, 51.483993050027586]]}}, {"type": "Feature", "properties": {"u": 48, "v": 50, "key": 0, "length": 200.3, "length_raw": 13730121.122971121}, "geometry": {"type": "LineString", "coordinates": [[-0.03297590000000054, 51.4844466], [-0.03307460000000126, 51.484513199999995], [-0.033116799999998434, 51.4845448], [-0.03316179999999945, 51.4845801], [-0.03328900000000154, 51.48468679999999], [-0.033434500000000374, 51.484808], [-0.03393639999999998, 51.485227], [-0.03414620000000171, 51.485357199999996], [-0.03428669999999906, 51.4854523], [-0.034332999999999565, 51.4854865], [-0.0343499999999992, 51.485498799999995], [-0.0344685000000006, 51.4855931], [-0.034711900000000656, 51.48578309999999], [-0.03479199999999916, 51.48584590000001]]}}, {"type": "Feature", "properties": {"u": 49, "v": 51, "key": 0, "length": 113.2, "length_raw": 11151556.968441334}, "geometry": {"type": "LineString", "coordinates": [[-0.03191980012296198, 51.483993050027586], [-0.03199670000000063, 51.4839208], [-0.031650700000000975, 51.48375539999999], [-0.03159390000000109, 51.48372719999999], [-0.031542500000000855, 51.4837026], [-0.03122110000000091, 51.48354109999998], [-0.03106269999999981, 51.48345889999999], [-0.03090980000000138, 51.483384599999994], [-0.03082509999999956, 51.483342300000004]]}}, {"type": "Feature", "properties": {"u": 49, "v": 48, "key": 0, "length": 99.3, "length_raw": 6690676.238197317}, "geometry": {"type": "LineString", "coordinates": [[-0.03191980012296198, 51.483993050027586], [-0.03199670000000063, 51.4839208], [-0.03202010000000028, 51.483931999999996], [-0.03220220000000054, 51.484022], [-0.032531000000000886, 51.4841865], [-0.03271430000000001, 51.4842864], [-0.03284590000000097, 51.484362600000004], [-0.03297590000000054, 51.4844466]]}}, {"type": "Feature", "properties": {"u": 49, "v": 52, "key": 0, "length": 191.9, "length_raw": 18836528.517077584}, "geometry": {"type": "LineString", "coordinates": [[-0.03191980012296198, 51.483993050027586], [-0.03184290000000006, 51.4840653], [-0.03182840000000078, 51.484118099999996], [-0.03182040000000175, 51.484171199999984], [-0.03179810000000112, 51.4843908], [-0.031779200000000174, 51.48460439999999], [-0.031757199999999854, 51.48491839999999], [-0.03175320000000074, 51.484967100000006], [-0.031734500000000665, 51.4852437], [-0.031730900000000506, 51.4853092], [-0.03172860000000143, 51.48545699999999], [-0.031736200000001505, 51.48554610000001], [-0.031740500000000935, 51.485609600000004], [-0.03176550000000079, 51.4857007]]}}, {"type": "Feature", "properties": {"u": 50, "v": 48, "key": 0, "length": 200.3, "length_raw": 13730121.122971121}, "geometry": {"type": "LineString", "coordinates": [[-0.03479199999999916, 51.48584590000001], [-0.034711900000000656, 51.48578309999999], [-0.0344685000000006, 51.4855931], [-0.0343499999999992, 51.485498799999995], [-0.034332999999999565, 51.4854865], [-0.03428669999999906, 51.4854523], [-0.03414620000000171, 51.485357199999996], [-0.03393639999999998, 51.485227], [-0.033434500000000374, 51.484808], [-0.03328900000000154, 51.48468679999999], [-0.03316179999999945, 51.4845801], [-0.033116799999998434, 51.4845448], [-0.03307460000000126, 51.484513199999995], [-0.03297590000000054, 51.4844466]]}}, {"type": "Feature", "properties": {"u": 50, "v": 53, "key": 0, "length": 141.2, "length_raw": 6743008.03797328}, "geometry": {"type": "LineString", "coordinates": [[-0.03479199999999916, 51.48584590000001], [-0.034901799999999476, 51.48593089999999], [-0.03500980000000111, 51.485996099999994], [-0.0353932000000009, 51.486293800000006], [-0.03551470000000025, 51.4863893], [-0.03558099999999794, 51.48643920000001], [-0.03564250000000019, 51.486478500000004], [-0.03573420000000106, 51.48653259999999], [-0.0358538000000003, 51.4866054], [-0.03590289999999987, 51.4866339], [-0.035947699999999215, 51.4866606], [-0.0361566000000008, 51.486785700000006]]}}, {"type": "Feature", "properties": {"u": 51, "v": 439, "key": 0, "length": 461.3, "length_raw": 8409246.733633785}, "geometry": {"type": "LineString", "coordinates": [[-0.03082509999999956, 51.483342300000004], [-0.03058710000000035, 51.4832288], [-0.03006590000000084, 51.4829828], [-0.030012900000000398, 51.4829562], [-0.029973899999999255, 51.48293710000001], [-0.02975499999999987, 51.4828292], [-0.029403900000000885, 51.4826573], [-0.029345200000000887, 51.482628600000005], [-0.029210800000002052, 51.4825628], [-0.02901380000000076, 51.4824688], [-0.02805370000000147, 51.4820535], [-0.027779600000000414, 51.48193779999999], [-0.027551600000000193, 51.481850400000006], [-0.027408400000000038, 51.4818022], [-0.027152300000001777, 51.48172129999999], [-0.02708500000000093, 51.48169949999999], [-0.027020499999999944, 51.48168029999999], [-0.02663179999999915, 51.4815714], [-0.026303073990980932, 51.48060952531835]]}}, {"type": "Feature", "properties": {"u": 51, "v": 49, "key": 0, "length": 113.2, "length_raw": 11151556.968441334}, "geometry": {"type": "LineString", "coordinates": [[-0.03082509999999956, 51.483342300000004], [-0.03090980000000138, 51.483384599999994], [-0.03106269999999981, 51.48345889999999], [-0.03122110000000091, 51.48354109999998], [-0.031542500000000855, 51.4837026], [-0.03159390000000109, 51.48372719999999], [-0.031650700000000975, 51.48375539999999], [-0.03199670000000063, 51.4839208], [-0.03191980012296198, 51.483993050027586]]}}, {"type": "Feature", "properties": {"u": 52, "v": 49, "key": 0, "length": 191.9, "length_raw": 18836528.517077584}, "geometry": {"type": "LineString", "coordinates": [[-0.03176550000000079, 51.4857007], [-0.031740500000000935, 51.485609600000004], [-0.031736200000001505, 51.48554610000001], [-0.03172860000000143, 51.48545699999999], [-0.031730900000000506, 51.4853092], [-0.031734500000000665, 51.4852437], [-0.03175320000000074, 51.484967100000006], [-0.031757199999999854, 51.48491839999999], [-0.031779200000000174, 51.48460439999999], [-0.03179810000000112, 51.4843908], [-0.03182040000000175, 51.484171199999984], [-0.03182840000000078, 51.484118099999996], [-0.03184290000000006, 51.4840653], [-0.03191980012296198, 51.483993050027586]]}}, {"type": "Feature", "properties": {"u": 52, "v": 425, "key": 0, "length": 152.2, "length_raw": 8251938.897157144}, "geometry": {"type": "LineString", "coordinates": [[-0.03176550000000079, 51.4857007], [-0.03183359999999995, 51.48575799999998], [-0.031934300000001026, 51.48585119999999], [-0.03216180000000086, 51.4860455], [-0.032340300000000564, 51.4862096], [-0.032702900000000895, 51.4865257], [-0.03282010000000002, 51.4866294], [-0.03295589999999938, 51.48674969999999], [-0.033037849880351376, 51.4868168500271]]}}, {"type": "Feature", "properties": {"u": 53, "v": 413, "key": 0, "length": 148.3, "length_raw": 14667977.523510238}, "geometry": {"type": "LineString", "coordinates": [[-0.0361566000000008, 51.486785700000006], [-0.03646180000000102, 51.4869616], [-0.037624800000000444, 51.4875682], [-0.037763700000000774, 51.487665899999996]]}}, {"type": "Feature", "properties": {"u": 53, "v": 368, "key": 0, "length": 97.7, "length_raw": 6798142.854836923}, "geometry": {"type": "LineString", "coordinates": [[-0.0361566000000008, 51.486785700000006], [-0.036207200000000744, 51.486746999999994], [-0.03652509999999957, 51.486517000000006], [-0.03668010000000019, 51.4864275], [-0.03678439999999943, 51.486379199999995], [-0.037187200000001745, 51.4861931]]}}, {"type": "Feature", "properties": {"u": 53, "v": 50, "key": 0, "length": 141.2, "length_raw": 6743008.03797328}, "geometry": {"type": "LineString", "coordinates": [[-0.0361566000000008, 51.486785700000006], [-0.035947699999999215, 51.4866606], [-0.03590289999999987, 51.4866339], [-0.0358538000000003, 51.4866054], [-0.03573420000000106, 51.48653259999999], [-0.03564250000000019, 51.486478500000004], [-0.03558099999999794, 51.48643920000001], [-0.03551470000000025, 51.4863893], [-0.0353932000000009, 51.486293800000006], [-0.03500980000000111, 51.485996099999994], [-0.034901799999999476, 51.48593089999999], [-0.03479199999999916, 51.48584590000001]]}}, {"type": "Feature", "properties": {"u": 54, "v": 171, "key": 0, "length": 114.1, "length_raw": 8529058.218447708}, "geometry": {"type": "LineString", "coordinates": [[0.01211279999999959, 51.517564799999995], [0.01241929999999811, 51.517698199999984], [0.012685099999999422, 51.51781299999999], [0.012869500000000353, 51.51789659999999], [0.013055100000000541, 51.517980699999995], [0.013115500000000582, 51.518005500000015], [0.013176399999999023, 51.5180306], [0.013217600000000992, 51.518050300000006], [0.013511851889539286, 51.518074827818516]]}}, {"type": "Feature", "properties": {"u": 54, "v": 34, "key": 0, "length": 111.9, "length_raw": 6199392.028512401}, "geometry": {"type": "LineString", "coordinates": [[0.01211279999999959, 51.517564799999995], [0.01187459999999911, 51.5174563], [0.011389499999998262, 51.5172416], [0.01118730000000058, 51.517152100000004], [0.011127900000000916, 51.517125799999995], [0.01106499999999894, 51.51709789999999], [0.010968099999998895, 51.517054999999985], [0.010857699999999143, 51.51700879999999], [0.010794200000000122, 51.516982199999994]]}}, {"type": "Feature", "properties": {"u": 55, "v": 56, "key": 0, "length": 212.6, "length_raw": 4071546.8158955355}, "geometry": {"type": "LineString", "coordinates": [[-0.05831069999999959, 51.5096588], [-0.05808920000000082, 51.5096785], [-0.057580299999998974, 51.5097111], [-0.057254400000000316, 51.50972649999999], [-0.05702870000000195, 51.5097221], [-0.0569368000000018, 51.50971999999999], [-0.05688169999999997, 51.509719700000005], [-0.05677249999999988, 51.509716700000006], [-0.05665559999999908, 51.50971429999999], [-0.05633299999999987, 51.509702], [-0.055430400000001316, 51.5096346], [-0.05539290000000094, 51.5096332], [-0.05525230000000017, 51.50962809999999]]}}, {"type": "Feature", "properties": {"u": 56, "v": 57, "key": 0, "length": 124.5, "length_raw": 5210217.452810612}, "geometry": {"type": "LineString", "coordinates": [[-0.05525230000000017, 51.50962809999999], [-0.05507680000000159, 51.50962199999999], [-0.05503339999999999, 51.50962049999999], [-0.05433120000000003, 51.50963639999999], [-0.05408480000000084, 51.50964439999999], [-0.05401180000000084, 51.509646700000005], [-0.053943700000000885, 51.509648899999995], [-0.05369649999999981, 51.50965690000002], [-0.053455900000000015, 51.5096715]]}}, {"type": "Feature", "properties": {"u": 56, "v": 55, "key": 0, "length": 212.6, "length_raw": 4071546.8158955355}, "geometry": {"type": "LineString", "coordinates": [[-0.05525230000000017, 51.50962809999999], [-0.05539290000000094, 51.5096332], [-0.055430400000001316, 51.5096346], [-0.05633299999999987, 51.509702], [-0.05665559999999908, 51.50971429999999], [-0.05677249999999988, 51.509716700000006], [-0.05688169999999997, 51.509719700000005], [-0.0569368000000018, 51.50971999999999], [-0.05702870000000195, 51.5097221], [-0.057254400000000316, 51.50972649999999], [-0.057580299999998974, 51.5097111], [-0.05808920000000082, 51.5096785], [-0.05831069999999959, 51.5096588]]}}, {"type": "Feature", "properties": {"u": 56, "v": 58, "key": 0, "length": 261.5, "length_raw": 11608364.12468754}, "geometry": {"type": "LineString", "coordinates": [[-0.05525230000000017, 51.50962809999999], [-0.055261600000000285, 51.50948900000001], [-0.055258900000000666, 51.509451], [-0.05525759999999878, 51.509438599999996], [-0.05524890000000009, 51.509377099999995], [-0.05520750000000043, 51.509124], [-0.05512639999999956, 51.50872510000001], [-0.05508029999999913, 51.5083787], [-0.055082400000001315, 51.508227], [-0.05508180000000069, 51.5082179], [-0.05505720000000138, 51.5080266], [-0.055051000000001835, 51.507981699999995], [-0.05503029999999982, 51.507848899999985], [-0.055018199999999844, 51.5077714], [-0.05489555675864029, 51.50729012928777]]}}, {"type": "Feature", "properties": {"u": 57, "v": 11, "key": 0, "length": 198.7, "length_raw": 8955486.077474423}, "geometry": {"type": "LineString", "coordinates": [[-0.053455900000000015, 51.5096715], [-0.053102299999999894, 51.5096795], [-0.052761000000001806, 51.5096958], [-0.052419900000000616, 51.509703], [-0.051103199999998884, 51.50975340000001], [-0.05058858002302059, 51.509768269947536]]}}, {"type": "Feature", "properties": {"u": 57, "v": 56, "key": 0, "length": 124.5, "length_raw": 5210217.452810612}, "geometry": {"type": "LineString", "coordinates": [[-0.053455900000000015, 51.5096715], [-0.05369649999999981, 51.50965690000002], [-0.053943700000000885, 51.509648899999995], [-0.05401180000000084, 51.509646700000005], [-0.05408480000000084, 51.50964439999999], [-0.05433120000000003, 51.50963639999999], [-0.05503339999999999, 51.50962049999999], [-0.05507680000000159, 51.50962199999999], [-0.05525230000000017, 51.50962809999999]]}}, {"type": "Feature", "properties": {"u": 58, "v": 356, "key": 0, "length": 182.3, "length_raw": 16897463.93606041}, "geometry": {"type": "LineString", "coordinates": [[-0.05489555675864029, 51.50729012928777], [-0.0546811999999996, 51.50682050000001], [-0.05451659999999895, 51.5063816], [-0.05446020000000002, 51.5062311], [-0.05445420000000054, 51.5062152], [-0.05441670000000096, 51.50608580000001], [-0.05451009337654247, 51.505691806707716]]}}, {"type": "Feature", "properties": {"u": 58, "v": 56, "key": 0, "length": 261.5, "length_raw": 11608364.12468754}, "geometry": {"type": "LineString", "coordinates": [[-0.05489555675864029, 51.50729012928777], [-0.055018199999999844, 51.5077714], [-0.05503029999999982, 51.507848899999985], [-0.055051000000001835, 51.507981699999995], [-0.05505720000000138, 51.5080266], [-0.05508180000000069, 51.5082179], [-0.055082400000001315, 51.508227], [-0.05508029999999913, 51.5083787], [-0.05512639999999956, 51.50872510000001], [-0.05520750000000043, 51.509124], [-0.05524890000000009, 51.509377099999995], [-0.05525759999999878, 51.509438599999996], [-0.055258900000000666, 51.509451], [-0.055261600000000285, 51.50948900000001], [-0.05525230000000017, 51.50962809999999]]}}, {"type": "Feature", "properties": {"u": 59, "v": 60, "key": 0, "length": 292.7, "length_raw": 5543889.107714569}, "geometry": {"type": "LineString", "coordinates": [[0.01874299999999978, 51.5095704], [0.018493400000000982, 51.50954350000001], [0.018253299999999986, 51.509518899999996], [0.018193999999999762, 51.5095104], [0.0181222000000006, 51.5095009], [0.01782690000000033, 51.5094602], [0.01699410000000058, 51.5093379], [0.016839300000000043, 51.5093136], [0.016160399999999898, 51.509212], [0.015901899999998748, 51.5091796], [0.015630199999998994, 51.5091568], [0.015293899999999212, 51.5091403], [0.015000399999999218, 51.509136], [0.01480589999999946, 51.509138799999995], [0.014714799999999608, 51.5091443], [0.014587100000000708, 51.5091521]]}}, {"type": "Feature", "properties": {"u": 60, "v": 59, "key": 0, "length": 292.7, "length_raw": 5543889.107714569}, "geometry": {"type": "LineString", "coordinates": [[0.014587100000000708, 51.5091521], [0.014714799999999608, 51.5091443], [0.01480589999999946, 51.509138799999995], [0.015000399999999218, 51.509136], [0.015293899999999212, 51.5091403], [0.015630199999998994, 51.5091568], [0.015901899999998748, 51.5091796], [0.016160399999999898, 51.509212], [0.016839300000000043, 51.5093136], [0.01699410000000058, 51.5093379], [0.01782690000000033, 51.5094602], [0.0181222000000006, 51.5095009], [0.018193999999999762, 51.5095104], [0.018253299999999986, 51.509518899999996], [0.018493400000000982, 51.50954350000001], [0.01874299999999978, 51.5095704]]}}, {"type": "Feature", "properties": {"u": 60, "v": 61, "key": 0, "length": 80.1, "length_raw": 1546639.7074265825}, "geometry": {"type": "LineString", "coordinates": [[0.014587100000000708, 51.5091521], [0.014523100000001699, 51.5091587], [0.014119299999998608, 51.509195899999995], [0.013769100000000957, 51.509244], [0.01345909999999973, 51.509307299999996]]}}, {"type": "Feature", "properties": {"u": 61, "v": 60, "key": 0, "length": 80.1, "length_raw": 1546639.7074265825}, "geometry": {"type": "LineString", "coordinates": [[0.01345909999999973, 51.509307299999996], [0.013769100000000957, 51.509244], [0.014119299999998608, 51.509195899999995], [0.014523100000001699, 51.5091587], [0.014587100000000708, 51.5091521]]}}, {"type": "Feature", "properties": {"u": 61, "v": 291, "key": 0, "length": 88.6, "length_raw": 8558090.616540335}, "geometry": {"type": "LineString", "coordinates": [[0.01345909999999973, 51.509307299999996], [0.013398599999999452, 51.50938], [0.013384199999999208, 51.5093973], [0.013015000000001968, 51.509840600000004], [0.012868267376841809, 51.51001436677674]]}}, {"type": "Feature", "properties": {"u": 61, "v": 292, "key": 0, "length": 113.1, "length_raw": 8525771.341157088}, "geometry": {"type": "LineString", "coordinates": [[0.01345909999999973, 51.509307299999996], [0.012881199999999383, 51.509480499999995], [0.012875099999998878, 51.509485399999996], [0.012819299999999374, 51.50953709999999], [0.012773499999999651, 51.5095925], [0.012717799999999986, 51.50965970000001], [0.0124082013312805, 51.5100229335423]]}}, {"type": "Feature", "properties": {"u": 62, "v": 63, "key": 0, "length": 157.4, "length_raw": 17044536.839207374}, "geometry": {"type": "LineString", "coordinates": [[-0.05741108564917605, 51.517416094471784], [-0.057275600000001925, 51.51775], [-0.05737700000000028, 51.5181944], [-0.05744400000000082, 51.51850769999999], [-0.05746170000000051, 51.518590700000004], [-0.05749970000000168, 51.51875809999999], [-0.05753499999999964, 51.5188065]]}}, {"type": "Feature", "properties": {"u": 62, "v": 64, "key": 0, "length": 137.1, "length_raw": 15053519.470726572}, "geometry": {"type": "LineString", "coordinates": [[-0.05741108564917605, 51.517416094471784], [-0.057201199999999806, 51.5169159], [-0.057152300000002695, 51.516344999999994], [-0.0571425499784628, 51.516200850001454]]}}, {"type": "Feature", "properties": {"u": 62, "v": 65, "key": 0, "length": 245.1, "length_raw": 7690818.680065231}, "geometry": {"type": "LineString", "coordinates": [[-0.05741108564917605, 51.517416094471784], [-0.057262000000000396, 51.51771089999998], [-0.05712940000000064, 51.517706999999994], [-0.05666269999999876, 51.517693300000005], [-0.05656920000000158, 51.517690099999996], [-0.056264700000001826, 51.51767799999999], [-0.05589930000000125, 51.517665699999995], [-0.05535150000000009, 51.517647100000005], [-0.05515650000000193, 51.517640899999996], [-0.055200123007725484, 51.517058655498424]]}}, {"type": "Feature", "properties": {"u": 63, "v": 165, "key": 0, "length": 189.2, "length_raw": 9207445.401166793}, "geometry": {"type": "LineString", "coordinates": [[-0.05753499999999964, 51.5188065], [-0.05767900000000169, 51.519056600000006], [-0.05787260000000051, 51.519408899999995], [-0.05788680000000107, 51.519438599999994], [-0.05789010000000132, 51.5194455], [-0.05789520000000026, 51.51945619999999], [-0.05793220000000184, 51.51952109999999], [-0.0564545389290435, 51.51974068460216]]}}, {"type": "Feature", "properties": {"u": 64, "v": 62, "key": 0, "length": 137.1, "length_raw": 15053519.470726572}, "geometry": {"type": "LineString", "coordinates": [[-0.0571425499784628, 51.516200850001454], [-0.057152300000002695, 51.516344999999994], [-0.057201199999999806, 51.5169159], [-0.05741108564917605, 51.517416094471784]]}}, {"type": "Feature", "properties": {"u": 64, "v": 268, "key": 0, "length": 114.3, "length_raw": 12655637.383250037}, "geometry": {"type": "LineString", "coordinates": [[-0.0571425499784628, 51.516200850001454], [-0.05713280000000033, 51.5160567], [-0.05712469999999947, 51.5159657], [-0.0570998999999985, 51.5152018], [-0.057099000000000746, 51.51517379999999]]}}, {"type": "Feature", "properties": {"u": 65, "v": 83, "key": 0, "length": 318.4, "length_raw": 6178162.251592928}, "geometry": {"type": "LineString", "coordinates": [[-0.055200123007725484, 51.517058655498424], [-0.05522880000000108, 51.5162799], [-0.055247400000001314, 51.5161989], [-0.05528210000000143, 51.5160615], [-0.05533220000000138, 51.51582839999999], [-0.05538019999999994, 51.515623999999995], [-0.05543770000000148, 51.515322099999985], [-0.05545830000000087, 51.5152703], [-0.05550760000000091, 51.5151464], [-0.05557150000000128, 51.51498569999999], [-0.05558320000000031, 51.51492979999999], [-0.05564230000000006, 51.5146899], [-0.05571419999999985, 51.5144264], [-0.05573750000000205, 51.514354], [-0.05553059179142213, 51.51432925137122]]}}, {"type": "Feature", "properties": {"u": 65, "v": 62, "key": 0, "length": 245.1, "length_raw": 7690818.680065231}, "geometry": {"type": "LineString", "coordinates": [[-0.055200123007725484, 51.517058655498424], [-0.05515650000000193, 51.517640899999996], [-0.05535150000000009, 51.517647100000005], [-0.05589930000000125, 51.517665699999995], [-0.056264700000001826, 51.51767799999999], [-0.05656920000000158, 51.517690099999996], [-0.05666269999999876, 51.517693300000005], [-0.05712940000000064, 51.517706999999994], [-0.057262000000000396, 51.51771089999998], [-0.05741108564917605, 51.517416094471784]]}}, {"type": "Feature", "properties": {"u": 65, "v": 84, "key": 0, "length": 273.8, "length_raw": 14205873.121024214}, "geometry": {"type": "LineString", "coordinates": [[-0.055200123007725484, 51.517058655498424], [-0.05515650000000193, 51.517640899999996], [-0.0551248999999984, 51.5176343], [-0.0550062000000005, 51.5176097], [-0.05463830000000037, 51.5175332], [-0.05449830000000102, 51.5175041], [-0.05394659999999939, 51.517383], [-0.0536362, 51.5173137], [-0.05339680000000146, 51.5172609], [-0.05309470000000022, 51.5172051], [-0.05297839999999924, 51.5171836], [-0.05300931976997478, 51.51673511978571]]}}, {"type": "Feature", "properties": {"u": 65, "v": 167, "key": 0, "length": 175.3, "length_raw": 16976696.90865165}, "geometry": {"type": "LineString", "coordinates": [[-0.055200123007725484, 51.517058655498424], [-0.05524270000000054, 51.5177976], [-0.05527720000000059, 51.5178634], [-0.05532490000000082, 51.5179808], [-0.055448600000000604, 51.5183097], [-0.05554249999999992, 51.51857929999999], [-0.05555370000000016, 51.51861139999999]]}}, {"type": "Feature", "properties": {"u": 66, "v": 67, "key": 0, "length": 218.7, "length_raw": 16575542.452692464}, "geometry": {"type": "LineString", "coordinates": [[0.01768756527394965, 51.48637775249613], [0.01722609999999992, 51.48764969999999], [0.017230399999998557, 51.4879154], [0.017239500000000588, 51.487989], [0.017259000000000562, 51.4881471], [0.017277099999998817, 51.488245000000006], [0.017346231024327783, 51.48829562253822]]}}, {"type": "Feature", "properties": {"u": 66, "v": 68, "key": 0, "length": 98.3, "length_raw": 6833968.685401727}, "geometry": {"type": "LineString", "coordinates": [[0.01768756527394965, 51.48637775249613], [0.01713490000000023, 51.48638859999999], [0.017139899999999327, 51.48637019999999], [0.017147800000000508, 51.4863387], [0.017259399999999914, 51.48585479999999]]}}, {"type": "Feature", "properties": {"u": 66, "v": 68, "key": 1, "length": 210.2, "length_raw": 6833968.685401727}, "geometry": {"type": "LineString", "coordinates": [[0.01768756527394965, 51.48637775249613], [0.01742219999999909, 51.4851821], [0.017398599999999362, 51.485202599999994], [0.017331200000000664, 51.4855123], [0.017259399999999914, 51.48585479999999]]}}, {"type": "Feature", "properties": {"u": 66, "v": 69, "key": 0, "length": 178.1, "length_raw": 7901453.505460423}, "geometry": {"type": "LineString", "coordinates": [[0.01768756527394965, 51.48637775249613], [0.01617729999999969, 51.48631199999999], [0.016050199999999824, 51.48629429999998], [0.015845599999997264, 51.486260299999984], [0.01574799999999994, 51.48624319999999], [0.015619999999999136, 51.4862175], [0.015496299999999753, 51.48618379999999], [0.015321800000000755, 51.48613770000001], [0.015193899999999792, 51.486113], [0.01517314999816526, 51.48610880000187]]}}, {"type": "Feature", "properties": {"u": 66, "v": 70, "key": 0, "length": 393.5, "length_raw": 13724797.904997623}, "geometry": {"type": "LineString", "coordinates": [[0.01768756527394965, 51.48637775249613], [0.017278400000000298, 51.48681729999999], [0.017153999999998466, 51.486899199999996], [0.01704230000000041, 51.4869681], [0.0169980999999997, 51.486995400000005], [0.016784299999999645, 51.4871225], [0.01651159999999912, 51.487265199999996], [0.01624399999999912, 51.4873899], [0.014875300000000102, 51.4879651], [0.01469340000000031, 51.488049100000005], [0.013434900000000572, 51.488667]]}}, {"type": "Feature", "properties": {"u": 67, "v": 44, "key": 0, "length": 94.5, "length_raw": 10375251.792124813}, "geometry": {"type": "LineString", "coordinates": [[0.017346231024327783, 51.48829562253822], [0.017296599999999985, 51.4883508], [0.017322799999999892, 51.4884924], [0.017404099999999242, 51.48893149999999], [0.017431299999999924, 51.4891326]]}}, {"type": "Feature", "properties": {"u": 67, "v": 66, "key": 0, "length": 222.7, "length_raw": 16575542.452692464}, "geometry": {"type": "LineString", "coordinates": [[0.017346231024327783, 51.48829562253822], [0.017457099999999684, 51.4882938], [0.01740669999999982, 51.4879977], [0.017394999999999203, 51.487823000000006], [0.017392899999999007, 51.48764189999999], [0.017396699999998846, 51.4874095], [0.01768756527394965, 51.48637775249613]]}}, {"type": "Feature", "properties": {"u": 68, "v": 66, "key": 0, "length": 143.0, "length_raw": 6833968.685401727}, "geometry": {"type": "LineString", "coordinates": [[0.017259399999999914, 51.48585479999999], [0.01736069999999963, 51.485863200000004], [0.017838500000000316, 51.48590149999999], [0.018043700000001113, 51.4859178], [0.018091999999999588, 51.485917300000004], [0.018131299999998657, 51.485912299999995], [0.018164699999999284, 51.48590509999999], [0.01821619999999936, 51.48588199999999], [0.01826199999999908, 51.4858524], [0.01768756527394965, 51.48637775249613]]}}, {"type": "Feature", "properties": {"u": 68, "v": 66, "key": 1, "length": 98.3, "length_raw": 6833968.685401727}, "geometry": {"type": "LineString", "coordinates": [[0.017259399999999914, 51.48585479999999], [0.017147800000000508, 51.4863387], [0.017139899999999327, 51.48637019999999], [0.01713490000000023, 51.48638859999999], [0.01768756527394965, 51.48637775249613]]}}, {"type": "Feature", "properties": {"u": 69, "v": 188, "key": 0, "length": 164.1, "length_raw": 12492789.960691508}, "geometry": {"type": "LineString", "coordinates": [[0.01517314999816526, 51.48610880000187], [0.015152399999999499, 51.4861046], [0.014997499999999518, 51.486078], [0.014831599999998982, 51.4860539], [0.014653000000000629, 51.4860334], [0.014524999999999033, 51.48602279999999], [0.014390700000000037, 51.4860194], [0.014251499999999797, 51.4860184], [0.014130499999999241, 51.4860245], [0.013898099999999749, 51.486041900000004], [0.01282678895491599, 51.48611487203699]]}}, {"type": "Feature", "properties": {"u": 69, "v": 66, "key": 0, "length": 178.1, "length_raw": 7901453.505460423}, "geometry": {"type": "LineString", "coordinates": [[0.01517314999816526, 51.48610880000187], [0.015193899999999792, 51.486113], [0.015321800000000755, 51.48613770000001], [0.015496299999999753, 51.48618379999999], [0.015619999999999136, 51.4862175], [0.01574799999999994, 51.48624319999999], [0.015845599999997264, 51.486260299999984], [0.016050199999999824, 51.48629429999998], [0.01617729999999969, 51.48631199999999], [0.01768756527394965, 51.48637775249613]]}}, {"type": "Feature", "properties": {"u": 70, "v": 511, "key": 0, "length": 222.7, "length_raw": 13380267.893887984}, "geometry": {"type": "LineString", "coordinates": [[0.013434900000000572, 51.488667], [0.013016500000000344, 51.48885189999999], [0.012600600000000062, 51.489064], [0.012158199999999161, 51.48933869999999], [0.011808900000000457, 51.4895876], [0.011161299999998759, 51.49007]]}}, {"type": "Feature", "properties": {"u": 71, "v": 72, "key": 0, "length": 300.8, "length_raw": 6195800.257352379}, "geometry": {"type": "LineString", "coordinates": [[-0.04173020000000022, 51.5069086], [-0.04158580000000001, 51.506916], [-0.041330899999999816, 51.50692089999999], [-0.04068779999999921, 51.5069331], [-0.040407199999999095, 51.50693890000001], [-0.04025350000000076, 51.506942], [-0.04004830000000235, 51.5069387], [-0.03970079999999955, 51.5069331], [-0.039477499999999305, 51.5069206], [-0.039432799999999, 51.5069183], [-0.03857590000000033, 51.50685850000001], [-0.03767239999999925, 51.506747600000004], [-0.03754389999999966, 51.50673179999998], [-0.03741624994068592, 51.506711550068644]]}}, {"type": "Feature", "properties": {"u": 71, "v": 73, "key": 0, "length": 88.3, "length_raw": 9463267.350101404}, "geometry": {"type": "LineString", "coordinates": [[-0.04173020000000022, 51.5069086], [-0.041871800000001756, 51.5068911], [-0.041888200000001166, 51.50688749999999], [-0.042114000000000165, 51.50685870000001], [-0.04233590000000028, 51.50682050000001], [-0.04280300000000072, 51.5067047], [-0.042938150118076245, 51.50666400008001]]}}, {"type": "Feature", "properties": {"u": 72, "v": 71, "key": 0, "length": 300.8, "length_raw": 6195800.257352379}, "geometry": {"type": "LineString", "coordinates": [[-0.03741624994068592, 51.506711550068644], [-0.03754389999999966, 51.50673179999998], [-0.03767239999999925, 51.506747600000004], [-0.03857590000000033, 51.50685850000001], [-0.039432799999999, 51.5069183], [-0.039477499999999305, 51.5069206], [-0.03970079999999955, 51.5069331], [-0.04004830000000235, 51.5069387], [-0.04025350000000076, 51.506942], [-0.040407199999999095, 51.50693890000001], [-0.04068779999999921, 51.5069331], [-0.041330899999999816, 51.50692089999999], [-0.04158580000000001, 51.506916], [-0.04173020000000022, 51.5069086]]}}, {"type": "Feature", "properties": {"u": 72, "v": 74, "key": 0, "length": 95.1, "length_raw": 10441444.297004336}, "geometry": {"type": "LineString", "coordinates": [[-0.03741624994068592, 51.506711550068644], [-0.0372886000000009, 51.5066913], [-0.0372402000000006, 51.5066838], [-0.03698170000000064, 51.506646299999986], [-0.03686040000000216, 51.50663109999999], [-0.03668790000000073, 51.5066084], [-0.03608519999999941, 51.506499299999994]]}}, {"type": "Feature", "properties": {"u": 73, "v": 71, "key": 0, "length": 88.3, "length_raw": 9463267.350101404}, "geometry": {"type": "LineString", "coordinates": [[-0.042938150118076245, 51.50666400008001], [-0.04280300000000072, 51.5067047], [-0.04233590000000028, 51.50682050000001], [-0.042114000000000165, 51.50685870000001], [-0.041888200000001166, 51.50688749999999], [-0.041871800000001756, 51.5068911], [-0.04173020000000022, 51.5069086]]}}, {"type": "Feature", "properties": {"u": 73, "v": 75, "key": 0, "length": 100.8, "length_raw": 9496890.803625898}, "geometry": {"type": "LineString", "coordinates": [[-0.042938150118076245, 51.50666400008001], [-0.043073299999999155, 51.50662330000001], [-0.04334089999999836, 51.506553999999994], [-0.044022599999999155, 51.5063776], [-0.044217750528742224, 51.50625400017204]]}}, {"type": "Feature", "properties": {"u": 74, "v": 275, "key": 0, "length": 74.1, "length_raw": 7865282.922536306}, "geometry": {"type": "LineString", "coordinates": [[-0.03608519999999941, 51.506499299999994], [-0.03602589999999998, 51.5064851], [-0.03592739999999894, 51.50646059999999], [-0.0356814000000003, 51.50639489999999], [-0.0355771999999997, 51.506364000000005], [-0.0351613000000014, 51.506244800000005], [-0.03510544998131721, 51.50622990001303]]}}, {"type": "Feature", "properties": {"u": 74, "v": 72, "key": 0, "length": 95.1, "length_raw": 10441444.297004336}, "geometry": {"type": "LineString", "coordinates": [[-0.03608519999999941, 51.506499299999994], [-0.03668790000000073, 51.5066084], [-0.03686040000000216, 51.50663109999999], [-0.03698170000000064, 51.506646299999986], [-0.0372402000000006, 51.5066838], [-0.0372886000000009, 51.5066913], [-0.03741624994068592, 51.506711550068644]]}}, {"type": "Feature", "properties": {"u": 75, "v": 436, "key": 0, "length": 120.0, "length_raw": 9905483.504794482}, "geometry": {"type": "LineString", "coordinates": [[-0.044217750528742224, 51.50625400017204], [-0.04441290000000175, 51.5061304], [-0.044521699999999706, 51.50604679999999], [-0.04464880000000196, 51.505933899999995], [-0.044962200000000486, 51.50567230000001], [-0.045086000000000105, 51.505347]]}}, {"type": "Feature", "properties": {"u": 75, "v": 73, "key": 0, "length": 100.8, "length_raw": 9496890.803625898}, "geometry": {"type": "LineString", "coordinates": [[-0.044217750528742224, 51.50625400017204], [-0.044022599999999155, 51.5063776], [-0.04334089999999836, 51.506553999999994], [-0.043073299999999155, 51.50662330000001], [-0.042938150118076245, 51.50666400008001]]}}, {"type": "Feature", "properties": {"u": 76, "v": 77, "key": 0, "length": 119.3, "length_raw": 10291771.194651404}, "geometry": {"type": "LineString", "coordinates": [[-0.04091725034249652, 51.47475455020629], [-0.04113390000000051, 51.47468109999999], [-0.041593400000000086, 51.474566300000006], [-0.0416622000000001, 51.4745505], [-0.0416946999999994, 51.4745431], [-0.041801300000000104, 51.474521], [-0.04205930000000047, 51.4744979], [-0.042536465141201144, 51.47440547872672]]}}, {"type": "Feature", "properties": {"u": 76, "v": 78, "key": 0, "length": 144.1, "length_raw": 2861559.83166364}, "geometry": {"type": "LineString", "coordinates": [[-0.04091725034249652, 51.47475455020629], [-0.04070060000000084, 51.474827999999995], [-0.040542600000000296, 51.47484639999999], [-0.04047919999999992, 51.474857699999994], [-0.040469300000000374, 51.4748599], [-0.0404207, 51.4748714], [-0.03988950000000031, 51.475002999999994], [-0.03952270000000119, 51.47509490000001], [-0.03944320000000013, 51.4751157], [-0.039139099999999725, 51.47519239999999], [-0.039022099999998686, 51.475224], [-0.03898855000626022, 51.475232750004935]]}}, {"type": "Feature", "properties": {"u": 77, "v": 76, "key": 0, "length": 155.3, "length_raw": 10291771.194651404}, "geometry": {"type": "LineString", "coordinates": [[-0.042536465141201144, 51.47440547872672], [-0.04205930000000047, 51.4744979], [-0.04175999999999949, 51.47461549999999], [-0.04171120000000103, 51.47463359999998], [-0.04165389999999957, 51.4746547], [-0.04149080000000128, 51.47470719999998], [-0.04130940000000028, 51.47476119999999], [-0.04117290000000086, 51.4747915], [-0.04100120000000132, 51.474826799999995], [-0.040862999999999865, 51.4748493], [-0.04070060000000084, 51.474827999999995], [-0.04091725034249652, 51.47475455020629]]}}, {"type": "Feature", "properties": {"u": 77, "v": 79, "key": 0, "length": 231.7, "length_raw": 14431529.813222012}, "geometry": {"type": "LineString", "coordinates": [[-0.042536465141201144, 51.47440547872672], [-0.0430256000000017, 51.474327399999986], [-0.04325549999999926, 51.474314500000006], [-0.043574500000001085, 51.4743083], [-0.04391289999999947, 51.47430889999998], [-0.04411380000000124, 51.4743112], [-0.044240599999999596, 51.474312700000006], [-0.04442699999999969, 51.4743148], [-0.04466700000000045, 51.4743151], [-0.044803400000001624, 51.47431549999999], [-0.044987699999999534, 51.474315], [-0.045164499999999594, 51.47431279999999], [-0.04586405313340102, 51.47432828911795]]}}, {"type": "Feature", "properties": {"u": 78, "v": 480, "key": 0, "length": 171.5, "length_raw": 10662850.12651546}, "geometry": {"type": "LineString", "coordinates": [[-0.03898855000626022, 51.475232750004935], [-0.038955000000001495, 51.475241499999996], [-0.038440200000000015, 51.47537599999999], [-0.03838340000000053, 51.4753905], [-0.03831240000000088, 51.4754106], [-0.03798530000000018, 51.47550280000001], [-0.03781230000000155, 51.47555169999998], [-0.037606499999999335, 51.47560369999999], [-0.03740570000000218, 51.47563089999999], [-0.03663956063666039, 51.4756302416838]]}}, {"type": "Feature", "properties": {"u": 78, "v": 76, "key": 0, "length": 144.1, "length_raw": 2861559.83166364}, "geometry": {"type": "LineString", "coordinates": [[-0.03898855000626022, 51.475232750004935], [-0.039022099999998686, 51.475224], [-0.039139099999999725, 51.47519239999999], [-0.03944320000000013, 51.4751157], [-0.03952270000000119, 51.47509490000001], [-0.03988950000000031, 51.475002999999994], [-0.0404207, 51.4748714], [-0.040469300000000374, 51.4748599], [-0.04047919999999992, 51.474857699999994], [-0.040542600000000296, 51.47484639999999], [-0.04070060000000084, 51.474827999999995], [-0.04091725034249652, 51.47475455020629]]}}, {"type": "Feature", "properties": {"u": 79, "v": 172, "key": 0, "length": 155.4, "length_raw": 10852666.148710975}, "geometry": {"type": "LineString", "coordinates": [[-0.04586405313340102, 51.47432828911795], [-0.046124099999999696, 51.4744626], [-0.0462344000000016, 51.4745192], [-0.04628359999999942, 51.4745498], [-0.046367699999999026, 51.474612], [-0.04643660000000047, 51.474670599999996], [-0.04649689999999948, 51.474734600000005], [-0.04654480000000019, 51.474795300000004], [-0.04683050000000004, 51.4751879], [-0.0468722000000012, 51.4752757], [-0.04703421178189814, 51.475489253491645]]}}, {"type": "Feature", "properties": {"u": 79, "v": 77, "key": 0, "length": 231.7, "length_raw": 14431529.813222012}, "geometry": {"type": "LineString", "coordinates": [[-0.04586405313340102, 51.47432828911795], [-0.045164499999999594, 51.47431279999999], [-0.044987699999999534, 51.474315], [-0.044803400000001624, 51.47431549999999], [-0.04466700000000045, 51.4743151], [-0.04442699999999969, 51.4743148], [-0.044240599999999596, 51.474312700000006], [-0.04411380000000124, 51.4743112], [-0.04391289999999947, 51.47430889999998], [-0.043574500000001085, 51.4743083], [-0.04325549999999926, 51.474314500000006], [-0.0430256000000017, 51.474327399999986], [-0.042536465141201144, 51.47440547872672]]}}, {"type": "Feature", "properties": {"u": 79, "v": 173, "key": 0, "length": 126.6, "length_raw": 11693016.171541654}, "geometry": {"type": "LineString", "coordinates": [[-0.04586405313340102, 51.47432828911795], [-0.04649499999999976, 51.4742697], [-0.04654999999999976, 51.47425400000001], [-0.04684770000000054, 51.474172200000005], [-0.04712789999999971, 51.47410229999999], [-0.04726000000000066, 51.47407259999999], [-0.04742570000000152, 51.4740446], [-0.04761129999999932, 51.474020900000006]]}}, {"type": "Feature", "properties": {"u": 79, "v": 174, "key": 0, "length": 260.8, "length_raw": 11273799.97183791}, "geometry": {"type": "LineString", "coordinates": [[-0.04586405313340102, 51.47432828911795], [-0.04581240000000041, 51.47429579999999], [-0.045809999999999906, 51.474217900000006], [-0.04580460000000066, 51.47417369999999], [-0.045802000000001675, 51.4741595], [-0.04572100000000184, 51.473939000000016], [-0.04567810000000102, 51.473803399999994], [-0.045670700000000626, 51.4737849], [-0.04548759999999998, 51.4732712], [-0.04545280000000002, 51.4731735], [-0.04539929999999999, 51.4730186], [-0.045187100000000535, 51.47241429999998], [-0.045085399999999484, 51.472121], [-0.04506099996255121, 51.47204640000234]]}}, {"type": "Feature", "properties": {"u": 80, "v": 81, "key": 0, "length": 134.6, "length_raw": 14969644.818116294}, "geometry": {"type": "LineString", "coordinates": [[-0.05326127774012157, 51.514382860283], [-0.05319220000000128, 51.5148666], [-0.0531588999999993, 51.5152454], [-0.053142699999999966, 51.5153931], [-0.053129199999998274, 51.515590200000005]]}}, {"type": "Feature", "properties": {"u": 80, "v": 82, "key": 0, "length": 179.7, "length_raw": 2101300.155458669}, "geometry": {"type": "LineString", "coordinates": [[-0.05326127774012157, 51.514382860283], [-0.052810400000001693, 51.5141426], [-0.052591700000001185, 51.51412349999999], [-0.05228140000000044, 51.5140922], [-0.05206310000000088, 51.5140638], [-0.05175540000000112, 51.5140173], [-0.051526099999998215, 51.51398269999999], [-0.050856708871387046, 51.51387198999701]]}}, {"type": "Feature", "properties": {"u": 80, "v": 83, "key": 0, "length": 162.8, "length_raw": 2128766.053948948}, "geometry": {"type": "LineString", "coordinates": [[-0.05326127774012157, 51.514382860283], [-0.05378240000000049, 51.514207299999995], [-0.05492589999999994, 51.514268900000005], [-0.05553059179142213, 51.51432925137122]]}}, {"type": "Feature", "properties": {"u": 81, "v": 84, "key": 0, "length": 127.6, "length_raw": 14185519.596771356}, "geometry": {"type": "LineString", "coordinates": [[-0.053129199999998274, 51.515590200000005], [-0.05311990000000094, 51.5156787], [-0.05309680000000001, 51.515849], [-0.05308889999999963, 51.5159073], [-0.053056200000000255, 51.5161837], [-0.05305109999999933, 51.51628139999999], [-0.05300931976997478, 51.51673511978571]]}}, {"type": "Feature", "properties": {"u": 81, "v": 80, "key": 0, "length": 134.6, "length_raw": 14969644.818116294}, "geometry": {"type": "LineString", "coordinates": [[-0.053129199999998274, 51.515590200000005], [-0.053142699999999966, 51.5153931], [-0.0531588999999993, 51.5152454], [-0.05319220000000128, 51.5148666], [-0.05326127774012157, 51.514382860283]]}}, {"type": "Feature", "properties": {"u": 82, "v": 80, "key": 0, "length": 179.7, "length_raw": 2101300.155458669}, "geometry": {"type": "LineString", "coordinates": [[-0.050856708871387046, 51.51387198999701], [-0.051526099999998215, 51.51398269999999], [-0.05175540000000112, 51.5140173], [-0.05206310000000088, 51.5140638], [-0.05228140000000044, 51.5140922], [-0.052591700000001185, 51.51412349999999], [-0.052810400000001693, 51.5141426], [-0.05326127774012157, 51.514382860283]]}}, {"type": "Feature", "properties": {"u": 82, "v": 270, "key": 0, "length": 147.9, "length_raw": 10500670.166419985}, "geometry": {"type": "LineString", "coordinates": [[-0.050856708871387046, 51.51387198999701], [-0.050185000000001624, 51.513763399999995], [-0.04937270000000064, 51.5136319], [-0.04912190000000019, 51.5135912], [-0.04878841920895709, 51.51353825874442]]}}, {"type": "Feature", "properties": {"u": 83, "v": 65, "key": 0, "length": 318.4, "length_raw": 6178162.251592928}, "geometry": {"type": "LineString", "coordinates": [[-0.05553059179142213, 51.51432925137122], [-0.05573750000000205, 51.514354], [-0.05571419999999985, 51.5144264], [-0.05564230000000006, 51.5146899], [-0.05558320000000031, 51.51492979999999], [-0.05557150000000128, 51.51498569999999], [-0.05550760000000091, 51.5151464], [-0.05545830000000087, 51.5152703], [-0.05543770000000148, 51.515322099999985], [-0.05538019999999994, 51.515623999999995], [-0.05533220000000138, 51.51582839999999], [-0.05528210000000143, 51.5160615], [-0.055247400000001314, 51.5161989], [-0.05522880000000108, 51.5162799], [-0.055200123007725484, 51.517058655498424]]}}, {"type": "Feature", "properties": {"u": 83, "v": 80, "key": 0, "length": 162.8, "length_raw": 2128766.053948948}, "geometry": {"type": "LineString", "coordinates": [[-0.05553059179142213, 51.51432925137122], [-0.05492589999999994, 51.514268900000005], [-0.05378240000000049, 51.514207299999995], [-0.05326127774012157, 51.514382860283]]}}, {"type": "Feature", "properties": {"u": 83, "v": 267, "key": 0, "length": 113.3, "length_raw": 2174844.5305439765}, "geometry": {"type": "LineString", "coordinates": [[-0.05553059179142213, 51.51432925137122], [-0.05610890000000091, 51.51438290000001], [-0.0561993000000007, 51.514359999999996], [-0.056218399999999336, 51.51436209999999], [-0.056279100000001275, 51.5143688], [-0.0563434000000002, 51.5143757], [-0.05669790000000285, 51.51441219999998], [-0.05697950000000016, 51.5144439], [-0.057053400000000705, 51.5144944], [-0.05710689999347821, 51.51449955001212]]}}, {"type": "Feature", "properties": {"u": 84, "v": 524, "key": 0, "length": 269.1, "length_raw": 13911341.030171959}, "geometry": {"type": "LineString", "coordinates": [[-0.05300931976997478, 51.51673511978571], [-0.05297839999999924, 51.5171836], [-0.05262639999999972, 51.517133699999995], [-0.05231069999999933, 51.51709879999999], [-0.05196330000000074, 51.5170594], [-0.05145560000000014, 51.5170129], [-0.05089979999999995, 51.516961999999985], [-0.050811000000000765, 51.5169545], [-0.050742900000001215, 51.51694899999999], [-0.050476400000000234, 51.516927499999994], [-0.05003139999999995, 51.5168892], [-0.04985060000000037, 51.51687859999999]]}}, {"type": "Feature", "properties": {"u": 84, "v": 65, "key": 0, "length": 273.8, "length_raw": 14205873.121024214}, "geometry": {"type": "LineString", "coordinates": [[-0.05300931976997478, 51.51673511978571], [-0.05297839999999924, 51.5171836], [-0.05309470000000022, 51.5172051], [-0.05339680000000146, 51.5172609], [-0.0536362, 51.5173137], [-0.05394659999999939, 51.517383], [-0.05449830000000102, 51.5175041], [-0.05463830000000037, 51.5175332], [-0.0550062000000005, 51.5176097], [-0.0551248999999984, 51.5176343], [-0.05515650000000193, 51.517640899999996], [-0.055200123007725484, 51.517058655498424]]}}, {"type": "Feature", "properties": {"u": 84, "v": 81, "key": 0, "length": 127.6, "length_raw": 14185519.596771356}, "geometry": {"type": "LineString", "coordinates": [[-0.05300931976997478, 51.51673511978571], [-0.05305109999999933, 51.51628139999999], [-0.053056200000000255, 51.5161837], [-0.05308889999999963, 51.5159073], [-0.05309680000000001, 51.515849], [-0.05311990000000094, 51.5156787], [-0.053129199999998274, 51.515590200000005]]}}, {"type": "Feature", "properties": {"u": 85, "v": 86, "key": 0, "length": 143.0, "length_raw": 15600607.149317218}, "geometry": {"type": "LineString", "coordinates": [[-0.007393531754477299, 51.50487374138395], [-0.007482500000000311, 51.5045432], [-0.007497400000000544, 51.5045125], [-0.007541699999999901, 51.5044135], [-0.007577999999997444, 51.50434570000001], [-0.007684700000001571, 51.504146199999994], [-0.007731600000001507, 51.50405859999999], [-0.007770799999999146, 51.50398870000001], [-0.007844800000000323, 51.50385959999999], [-0.007872400000001554, 51.5038102], [-0.007960699999999958, 51.50363999999999]]}}, {"type": "Feature", "properties": {"u": 85, "v": 87, "key": 0, "length": 344.4, "length_raw": 5391669.209295914}, "geometry": {"type": "LineString", "coordinates": [[-0.007393531754477299, 51.50487374138395], [-0.007424200000000065, 51.505167300000004], [-0.0074227000000008925, 51.5052258], [-0.00743210000000045, 51.5053751], [-0.007444500000001135, 51.505444399999995], [-0.007603099999998331, 51.5062077], [-0.0076423999999993865, 51.50639670000001], [-0.007661700000000081, 51.506465399999996], [-0.007676199999999767, 51.50651740000001], [-0.007700999999999547, 51.50658969999999], [-0.00773930000000142, 51.506737099999995], [-0.008584207246863578, 51.507837784027046]]}}, {"type": "Feature", "properties": {"u": 86, "v": 85, "key": 0, "length": 143.0, "length_raw": 15600607.149317218}, "geometry": {"type": "LineString", "coordinates": [[-0.007960699999999958, 51.50363999999999], [-0.007872400000001554, 51.5038102], [-0.007844800000000323, 51.50385959999999], [-0.007770799999999146, 51.50398870000001], [-0.007731600000001507, 51.50405859999999], [-0.007684700000001571, 51.504146199999994], [-0.007577999999997444, 51.50434570000001], [-0.007541699999999901, 51.5044135], [-0.007497400000000544, 51.5045125], [-0.007482500000000311, 51.5045432], [-0.007393531754477299, 51.50487374138395]]}}, {"type": "Feature", "properties": {"u": 86, "v": 176, "key": 0, "length": 127.2, "length_raw": 13077826.01735103}, "geometry": {"type": "LineString", "coordinates": [[-0.007960699999999958, 51.50363999999999], [-0.00803430000000019, 51.5035056], [-0.008073000000000623, 51.5034349], [-0.00809760000000152, 51.503389799999994], [-0.008116500000001269, 51.50335539999998], [-0.008278000000001345, 51.503054299999995], [-0.008320300000000348, 51.5029764], [-0.008391099999999527, 51.502829399999996], [-0.008510611026239345, 51.50254900684738]]}}, {"type": "Feature", "properties": {"u": 87, "v": 430, "key": 0, "length": 290.6, "length_raw": 5870413.146157622}, "geometry": {"type": "LineString", "coordinates": [[-0.008584207246863578, 51.507837784027046], [-0.007760600000000878, 51.507809599999995], [-0.007317800000000623, 51.50779849999999], [-0.006890500000000031, 51.5078165], [-0.006425000000001382, 51.50787269999999], [-0.006029899999999376, 51.5079395], [-0.005772700000000899, 51.5079955], [-0.005189100000000597, 51.5081558], [-0.004785699999998851, 51.50830539999999], [-0.004562500000000034, 51.50835879999999]]}}, {"type": "Feature", "properties": {"u": 87, "v": 85, "key": 0, "length": 349.4, "length_raw": 5391669.209295914}, "geometry": {"type": "LineString", "coordinates": [[-0.008584207246863578, 51.507837784027046], [-0.007603099999999126, 51.5067053], [-0.0075763000000009795, 51.50659720000001], [-0.0075279999999997215, 51.50640219999998], [-0.007490300000000857, 51.506216699999996], [-0.007439899999999803, 51.5059686], [-0.007428900000000439, 51.5059073], [-0.007314099999999033, 51.505456300000006], [-0.007301200000000744, 51.505402100000005], [-0.007289800000000435, 51.5053587], [-0.007276299999999535, 51.505268900000004], [-0.007269800000000472, 51.5052262], [-0.007274699999999729, 51.50516600000001], [-0.007393531754477299, 51.50487374138395]]}}, {"type": "Feature", "properties": {"u": 87, "v": 96, "key": 0, "length": 233.2, "length_raw": 15131625.041332643}, "geometry": {"type": "LineString", "coordinates": [[-0.008584207246863578, 51.507837784027046], [-0.008291500000000257, 51.50707899999999], [-0.008404800000000502, 51.50703419999999], [-0.008505699999997679, 51.50698570000001], [-0.00865090000000097, 51.50686499999999], [-0.008731100000000104, 51.50681120000001], [-0.008939200000000203, 51.50674250000001], [-0.009149400000000096, 51.506722199999984], [-0.009420200000000902, 51.5067218], [-0.009509099999999927, 51.5067258], [-0.010191403837633978, 51.50676752373009]]}}, {"type": "Feature", "properties": {"u": 87, "v": 431, "key": 0, "length": 192.5, "length_raw": 3532225.668612184}, "geometry": {"type": "LineString", "coordinates": [[-0.008584207246863578, 51.507837784027046], [-0.009575000000000247, 51.50880740000001], [-0.009589100000000577, 51.5088069], [-0.009620600000001088, 51.50880579999999], [-0.009679799999999883, 51.50880109999999], [-0.009771600000000595, 51.508796200000006], [-0.009899600000000204, 51.508787899999994], [-0.010150699999999369, 51.5087743], [-0.01030190000000094, 51.50876759999999], [-0.01032920000000146, 51.50876639999999], [-0.010506900000001661, 51.50875849999999]]}}, {"type": "Feature", "properties": {"u": 87, "v": 39, "key": 0, "length": 263.2, "length_raw": 15066921.982013943}, "geometry": {"type": "LineString", "coordinates": [[-0.008584207246863578, 51.507837784027046], [-0.009392900000000778, 51.5091104], [-0.009470800000001235, 51.5091612], [-0.009569200000000453, 51.5092263], [-0.009798400000000332, 51.5093766], [-0.009990200000000863, 51.509523800000004], [-0.010065199999999634, 51.509613899999984], [-0.010115000000001257, 51.50967359999999], [-0.010145900000000745, 51.50972879999999], [-0.010223300000000816, 51.50993810000001]]}}, {"type": "Feature", "properties": {"u": 87, "v": 429, "key": 0, "length": 317.9, "length_raw": 14404743.422444087}, "geometry": {"type": "LineString", "coordinates": [[-0.008584207246863578, 51.507837784027046], [-0.008764500000000732, 51.5072088], [-0.008942399999999814, 51.507296], [-0.009063600000000048, 51.507329], [-0.009270700000001362, 51.50732980000001], [-0.009491199999999362, 51.507314300000004], [-0.00979589999999959, 51.5072829], [-0.010857100000002097, 51.50718659999999], [-0.011266200000000618, 51.5071703], [-0.011651399999999102, 51.5071487], [-0.012252400000000776, 51.5071559]]}}, {"type": "Feature", "properties": {"u": 88, "v": 89, "key": 0, "length": 106.6, "length_raw": 11420341.7825495}, "geometry": {"type": "LineString", "coordinates": [[-0.0512173499670991, 51.47745790001585], [-0.05127920000000063, 51.477481899999994], [-0.0514248000000001, 51.4775384], [-0.05146170000000025, 51.4775522], [-0.051525000000000785, 51.4775756], [-0.052030899999999915, 51.4777632], [-0.05231060000000028, 51.477871900000004], [-0.052535900279489345, 51.47795303394874]]}}, {"type": "Feature", "properties": {"u": 88, "v": 90, "key": 0, "length": 165.7, "length_raw": 4036593.1900416575}, "geometry": {"type": "LineString", "coordinates": [[-0.0512173499670991, 51.47745790001585], [-0.05115550000000085, 51.4774339], [-0.05097410000000025, 51.47736499999999], [-0.05090810000000049, 51.4773382], [-0.05024109999999985, 51.4770676], [-0.04982500000000069, 51.476892600000006], [-0.04954559999999903, 51.4767753], [-0.04927270000000042, 51.476664199999995], [-0.04921710000000099, 51.4766412]]}}, {"type": "Feature", "properties": {"u": 89, "v": 88, "key": 0, "length": 106.6, "length_raw": 11420341.7825495}, "geometry": {"type": "LineString", "coordinates": [[-0.052535900279489345, 51.47795303394874], [-0.05231060000000028, 51.477871900000004], [-0.052030899999999915, 51.4777632], [-0.051525000000000785, 51.4775756], [-0.05146170000000025, 51.4775522], [-0.0514248000000001, 51.4775384], [-0.05127920000000063, 51.477481899999994], [-0.0512173499670991, 51.47745790001585]]}}, {"type": "Feature", "properties": {"u": 89, "v": 91, "key": 0, "length": 174.4, "length_raw": 5692508.835488264}, "geometry": {"type": "LineString", "coordinates": [[-0.052535900279489345, 51.47795303394874], [-0.05274620000000022, 51.478043799999995], [-0.05308440000000012, 51.4781642], [-0.053492100000000105, 51.47832079999999], [-0.053573200000001764, 51.478350999999996], [-0.05449509690261068, 51.4789213041585]]}}, {"type": "Feature", "properties": {"u": 89, "v": 92, "key": 0, "length": 159.8, "length_raw": 16318973.868030936}, "geometry": {"type": "LineString", "coordinates": [[-0.052535900279489345, 51.47795303394874], [-0.052676300000000384, 51.477980099999996], [-0.052678400000002165, 51.477881599999996], [-0.052687300000000145, 51.477768999999995], [-0.0526991000000006, 51.47726149999999], [-0.05270150000000111, 51.47688179999999], [-0.05270279999999941, 51.4766344]]}}, {"type": "Feature", "properties": {"u": 90, "v": 175, "key": 0, "length": 100.8, "length_raw": 9165484.747360438}, "geometry": {"type": "LineString", "coordinates": [[-0.04921710000000099, 51.4766412], [-0.04916700000000104, 51.47661999999998], [-0.04910700000000115, 51.47659459999999], [-0.04904909999999986, 51.4765691], [-0.04887970000000139, 51.47649439999999], [-0.04803350000000058, 51.47611319999999]]}}, {"type": "Feature", "properties": {"u": 90, "v": 88, "key": 0, "length": 165.7, "length_raw": 4036593.1900416575}, "geometry": {"type": "LineString", "coordinates": [[-0.04921710000000099, 51.4766412], [-0.04927270000000042, 51.476664199999995], [-0.04954559999999903, 51.4767753], [-0.04982500000000069, 51.476892600000006], [-0.05024109999999985, 51.4770676], [-0.05090810000000049, 51.4773382], [-0.05097410000000025, 51.47736499999999], [-0.05115550000000085, 51.4774339], [-0.0512173499670991, 51.47745790001585]]}}, {"type": "Feature", "properties": {"u": 91, "v": 89, "key": 0, "length": 174.4, "length_raw": 5692508.835488264}, "geometry": {"type": "LineString", "coordinates": [[-0.05449509690261068, 51.4789213041585], [-0.053573200000001764, 51.478350999999996], [-0.053492100000000105, 51.47832079999999], [-0.05308440000000012, 51.4781642], [-0.05274620000000022, 51.478043799999995], [-0.052535900279489345, 51.47795303394874]]}}, {"type": "Feature", "properties": {"u": 91, "v": 478, "key": 0, "length": 144.6, "length_raw": 11289746.65059469}, "geometry": {"type": "LineString", "coordinates": [[-0.05449509690261068, 51.4789213041585], [-0.055515700000001375, 51.479078099999995], [-0.0556107000000021, 51.4791144], [-0.05568670000000125, 51.4791434], [-0.05572110000000185, 51.479156499999995], [-0.05594070000000051, 51.4792434], [-0.05638639999999927, 51.47942840000001]]}}, {"type": "Feature", "properties": {"u": 91, "v": 479, "key": 0, "length": 237.5, "length_raw": 13275004.890254023}, "geometry": {"type": "LineString", "coordinates": [[-0.05449509690261068, 51.4789213041585], [-0.05418589999999968, 51.4795916], [-0.05412189999999948, 51.479674800000005], [-0.054072299999999525, 51.47973039999999], [-0.05397950000000202, 51.479833899999996], [-0.05387659999999932, 51.47994500000001], [-0.05381600000000238, 51.48001779999999], [-0.053761599999999826, 51.480095199999994], [-0.053666800000001166, 51.48030219999998], [-0.05360110000000132, 51.4804924], [-0.05358789999999993, 51.4805431], [-0.05358830000000088, 51.48055539999999], [-0.05358869999999944, 51.4805681], [-0.05359030000000083, 51.480618299999996], [-0.05360310000000048, 51.480719000000015], [-0.05360839999999909, 51.4807602], [-0.053622199999999905, 51.480866999999996], [-0.05362490000000271, 51.48088789999999], [-0.05363280000000071, 51.4809504]]}}, {"type": "Feature", "properties": {"u": 92, "v": 455, "key": 0, "length": 259.1, "length_raw": 11172447.706407458}, "geometry": {"type": "LineString", "coordinates": [[-0.05270279999999941, 51.4766344], [-0.052706699999999884, 51.476349799999994], [-0.05270770000000145, 51.4762356], [-0.05271080000000043, 51.47591459999999], [-0.05271109999999915, 51.475459699999995], [-0.05271220000000056, 51.47502789999999], [-0.052719200000002, 51.47449050000001], [-0.05272200000000027, 51.4743043]]}}, {"type": "Feature", "properties": {"u": 92, "v": 89, "key": 0, "length": 159.8, "length_raw": 16318973.868030936}, "geometry": {"type": "LineString", "coordinates": [[-0.05270279999999941, 51.4766344], [-0.05270150000000111, 51.47688179999999], [-0.0526991000000006, 51.47726149999999], [-0.052687300000000145, 51.477768999999995], [-0.052678400000002165, 51.477881599999996], [-0.052676300000000384, 51.477980099999996], [-0.052535900279489345, 51.47795303394874]]}}, {"type": "Feature", "properties": {"u": 93, "v": 255, "key": 0, "length": 1113.5, "length_raw": 6216664.767643018}, "geometry": {"type": "LineString", "coordinates": [[-0.032564100000000006, 51.5095247], [-0.03242009999999955, 51.5093158], [-0.03221679999999927, 51.50902390000001], [-0.032034400000000685, 51.5087671], [-0.03182249999999995, 51.50851419999999], [-0.0315544999999994, 51.5082801], [-0.03128069999999906, 51.50811699999999], [-0.030958500000001197, 51.507967099999995], [-0.03062270000000101, 51.50785689999999], [-0.030263600000000605, 51.5077696], [-0.029966100000001494, 51.5077286], [-0.029587900000000472, 51.507702], [-0.029220500000001128, 51.50770539999999], [-0.02889160000000015, 51.507730599999995], [-0.028599800000000994, 51.50776799999999], [-0.028340700000001603, 51.5078287], [-0.02808890000000158, 51.5079065], [-0.027859000000000442, 51.508004899999996], [-0.027479700000001592, 51.508178999999984], [-0.026774600000000745, 51.5085195], [-0.0264241, 51.508668300000004], [-0.026377300000000693, 51.50870249999999], [-0.026119600000001037, 51.5087948], [-0.025931200000000192, 51.5088442], [-0.02578889999999978, 51.508881499999994], [-0.025459999999999202, 51.50895009999999], [-0.025208699999999563, 51.5089686], [-0.024950400000000476, 51.50898259999999], [-0.024633600000001064, 51.5089716], [-0.02432629999999986, 51.5089491], [-0.023846900000000157, 51.50889129999999], [-0.023370300000000715, 51.5087798], [-0.022897700000001187, 51.5086544], [-0.02244790000000148, 51.508556600000006], [-0.022069900000000933, 51.508471899999996], [-0.0216803, 51.5083896], [-0.021367500000000105, 51.50832799999999], [-0.021154400000000115, 51.508283999999996], [-0.02097210000000057, 51.508247499999996], [-0.02082999999999904, 51.50821400000001], [-0.020712100000000247, 51.5081849], [-0.02058020000000136, 51.5081494], [-0.02034659999999903, 51.5080773], [-0.020193299999998856, 51.50802939999999], [-0.019986999999999037, 51.50796040000001], [-0.019779799999999875, 51.5078979], [-0.019649599999999837, 51.5078607], [-0.019437300000001736, 51.507813], [-0.019305800000000616, 51.507781599999994], [-0.019115000000000062, 51.5077364], [-0.018921599999999723, 51.50771569999999]]}}, {"type": "Feature", "properties": {"u": 93, "v": 132, "key": 0, "length": 563.1, "length_raw": 6580708.621497871}, "geometry": {"type": "LineString", "coordinates": [[-0.032564100000000006, 51.5095247], [-0.03240639999999977, 51.50933820000001], [-0.03189520000000084, 51.50876359999999], [-0.03169190000000016, 51.5085467], [-0.03157149999999903, 51.508447499999996], [-0.031412099999998354, 51.50831600000001], [-0.031176100000000297, 51.508182100000006], [-0.030835199999999976, 51.5080249], [-0.030480299999999166, 51.5079027], [-0.030218300000000475, 51.50784579999999], [-0.029907099999999593, 51.507802], [-0.029569200000000004, 51.5077872], [-0.02909889999999955, 51.50779570000001], [-0.028476800000000878, 51.50784900000001], [-0.028310899999999944, 51.50785979999999], [-0.028196900000000427, 51.5078822], [-0.027713300000000343, 51.507912999999995], [-0.027630600000000467, 51.5079088], [-0.02675656915025712, 51.50891367829479]]}}, {"type": "Feature", "properties": {"u": 94, "v": 10, "key": 0, "length": 297.8, "length_raw": 13093872.452495066}, "geometry": {"type": "LineString", "coordinates": [[-0.04382033294186284, 51.511554582487], [-0.042110600000000074, 51.51152989999999], [-0.042124000000000744, 51.51149430000001], [-0.04215950000000037, 51.51139129999999], [-0.04216390000000163, 51.511307], [-0.042165800000001745, 51.511272899999994], [-0.04216309999999775, 51.5112192], [-0.042147800000001734, 51.510994], [-0.0421444999999999, 51.5108826], [-0.04353308509494496, 51.51045813852447]]}}, {"type": "Feature", "properties": {"u": 94, "v": 236, "key": 0, "length": 319.4, "length_raw": 11116252.053739836}, "geometry": {"type": "LineString", "coordinates": [[-0.04382033294186284, 51.511554582487], [-0.04204860000000023, 51.51165100000001], [-0.042012800000001085, 51.51170449999999], [-0.041969800000000425, 51.5117622], [-0.04185780000000047, 51.51192399999999], [-0.041829700000001635, 51.511965199999985], [-0.041801100000001624, 51.51200769999999], [-0.041480899999999744, 51.512518199999995], [-0.04257080121227688, 51.512994438519875]]}}, {"type": "Feature", "properties": {"u": 95, "v": 96, "key": 0, "length": 356.1, "length_raw": 10555153.254797962}, "geometry": {"type": "LineString", "coordinates": [[-0.01282438378235595, 51.504263783227934], [-0.012873800000000577, 51.5043311], [-0.012823299999999684, 51.504368899999996], [-0.012721499999999587, 51.504419899999995], [-0.012676100000000412, 51.5044401], [-0.01252770000000029, 51.5045243], [-0.012513900000001863, 51.50453219999999], [-0.012503500000002327, 51.50453900000001], [-0.012470199999999949, 51.5045608], [-0.012227199999999654, 51.50471770000001], [-0.012156800000000226, 51.5047628], [-0.011996200000000687, 51.5048657], [-0.011951599999999826, 51.5048977], [-0.011858700000000092, 51.50496350000001], [-0.011554899999999207, 51.5051787], [-0.011241700000001945, 51.5054227], [-0.01109039999999974, 51.50555529999999], [-0.010947100000000543, 51.5056999], [-0.010808900000000678, 51.50587529999999], [-0.010720800000000362, 51.506016699999996], [-0.010639000000000228, 51.5061894], [-0.01061329999999991, 51.506256], [-0.010598600000000945, 51.506320699999996], [-0.01058360000000127, 51.5064023], [-0.010578700000002014, 51.506471299999994], [-0.010581800000000197, 51.5065445], [-0.010584100000000464, 51.50656779999999], [-0.010592599999999883, 51.50662229999999], [-0.010622000000000995, 51.5066735], [-0.010191403837633978, 51.50676752373009]]}}, {"type": "Feature", "properties": {"u": 96, "v": 95, "key": 0, "length": 345.3, "length_raw": 10555153.254797962}, "geometry": {"type": "LineString", "coordinates": [[-0.010191403837633978, 51.50676752373009], [-0.010438999999999796, 51.50666900000001], [-0.010426600000001097, 51.506624], [-0.010437699999999505, 51.5065641], [-0.010443700000001364, 51.50654], [-0.01045370000000075, 51.50650100000001], [-0.010481900000000216, 51.506394400000005], [-0.010481799999999186, 51.5063289], [-0.010510700000000706, 51.506216699999996], [-0.010545499999999474, 51.5061313], [-0.010636700000000358, 51.505948000000004], [-0.01071410000000003, 51.5058252], [-0.01085400000000113, 51.5056515], [-0.011096899999999599, 51.5054198], [-0.011396400000000657, 51.505177999999994], [-0.011591100000000886, 51.5050341], [-0.011750600000001006, 51.50491629999999], [-0.01179410000000046, 51.5048853], [-0.01188530000000015, 51.50482399999999], [-0.01205320000000144, 51.504711099999994], [-0.012066300000000202, 51.504702], [-0.012073700000000995, 51.5046969], [-0.012105899999999581, 51.50467450000001], [-0.012359999999999078, 51.50451740000001], [-0.01238770000000134, 51.504500400000005], [-0.012406100000000702, 51.50448910000001], [-0.01242750000000159, 51.50447630000001], [-0.012438699999999836, 51.50446960000001], [-0.01282438378235595, 51.504263783227934]]}}, {"type": "Feature", "properties": {"u": 96, "v": 87, "key": 0, "length": 232.5, "length_raw": 15131625.041332643}, "geometry": {"type": "LineString", "coordinates": [[-0.010191403837633978, 51.50676752373009], [-0.010301500000000392, 51.50690039999999], [-0.010141600000000521, 51.506869599999995], [-0.010009799999999881, 51.5068529], [-0.009654300000000038, 51.50681170000001], [-0.009414199999999838, 51.5067977], [-0.009178099999999951, 51.50679829999999], [-0.009066500000000144, 51.50680319999999], [-0.008921300000000432, 51.50682219999999], [-0.008823700000001515, 51.50687189999999], [-0.008776300000000794, 51.5069191], [-0.00873329999999974, 51.50696190000001], [-0.008687500000000414, 51.50705], [-0.008683399999999867, 51.5071083], [-0.008694799999999779, 51.5071685], [-0.008584207246863578, 51.507837784027046]]}}, {"type": "Feature", "properties": {"u": 97, "v": 98, "key": 0, "length": 87.2, "length_raw": 9666581.90626488}, "geometry": {"type": "LineString", "coordinates": [[-0.014152900000000902, 51.49530550000001], [-0.014096500000001965, 51.4955957], [-0.014084699999999915, 51.4957321], [-0.014104600000000439, 51.4959205], [-0.014108699999999794, 51.4959668], [-0.014113200000002081, 51.496011899999985], [-0.014119499999999877, 51.49608659999999]]}}, {"type": "Feature", "properties": {"u": 97, "v": 99, "key": 0, "length": 636.5, "length_raw": 11926953.866708165}, "geometry": {"type": "LineString", "coordinates": [[-0.014152900000000902, 51.49530550000001], [-0.014185400000000991, 51.495107999999995], [-0.014197400000000334, 51.49503299999999], [-0.014223999999999598, 51.49486539999999], [-0.014277099999999083, 51.4945314], [-0.014301400000000861, 51.49437279999999], [-0.014352600000000625, 51.494070199999996], [-0.014450099999999307, 51.493484], [-0.014479200000000504, 51.493339399999996], [-0.014531999999999278, 51.49296830000001], [-0.01460470000000136, 51.4924884], [-0.01465839999999908, 51.49202129999999], [-0.01470719999999993, 51.4915973], [-0.014715800000001176, 51.49152219999999], [-0.01465130000000019, 51.4911037], [-0.014610900000001701, 51.4910125], [-0.01451209999999955, 51.49078970000001], [-0.014354799999999465, 51.4905653], [-0.014252800000000483, 51.4903829], [-0.014182300000000026, 51.490236], [-0.014152600000001386, 51.4901373], [-0.014131800000000723, 51.4900192], [-0.014153200000000815, 51.489773699999986], [-0.014342649876397051, 51.48980205015133]]}}, {"type": "Feature", "properties": {"u": 98, "v": 100, "key": 0, "length": 122.9, "length_raw": 10173966.585986972}, "geometry": {"type": "LineString", "coordinates": [[-0.014119499999999877, 51.49608659999999], [-0.014130300000000358, 51.49628899999999], [-0.014125999999998543, 51.4964813], [-0.014109000000002092, 51.496668199999995], [-0.014087099999999625, 51.4967448], [-0.014041700000001643, 51.4968801], [-0.01354954494112028, 51.49686251685733]]}}, {"type": "Feature", "properties": {"u": 98, "v": 97, "key": 0, "length": 87.2, "length_raw": 9666581.90626488}, "geometry": {"type": "LineString", "coordinates": [[-0.014119499999999877, 51.49608659999999], [-0.014113200000002081, 51.496011899999985], [-0.014108699999999794, 51.4959668], [-0.014104600000000439, 51.4959205], [-0.014084699999999915, 51.4957321], [-0.014096500000001965, 51.4955957], [-0.014152900000000902, 51.49530550000001]]}}, {"type": "Feature", "properties": {"u": 99, "v": 97, "key": 0, "length": 636.5, "length_raw": 11926953.866708165}, "geometry": {"type": "LineString", "coordinates": [[-0.014342649876397051, 51.48980205015133], [-0.014153200000000815, 51.489773699999986], [-0.014131800000000723, 51.4900192], [-0.014152600000001386, 51.4901373], [-0.014182300000000026, 51.490236], [-0.014252800000000483, 51.4903829], [-0.014354799999999465, 51.4905653], [-0.01451209999999955, 51.49078970000001], [-0.014610900000001701, 51.4910125], [-0.01465130000000019, 51.4911037], [-0.014715800000001176, 51.49152219999999], [-0.01470719999999993, 51.4915973], [-0.01465839999999908, 51.49202129999999], [-0.01460470000000136, 51.4924884], [-0.014531999999999278, 51.49296830000001], [-0.014479200000000504, 51.493339399999996], [-0.014450099999999307, 51.493484], [-0.014352600000000625, 51.494070199999996], [-0.014301400000000861, 51.49437279999999], [-0.014277099999999083, 51.4945314], [-0.014223999999999598, 51.49486539999999], [-0.014197400000000334, 51.49503299999999], [-0.014185400000000991, 51.495107999999995], [-0.014152900000000902, 51.49530550000001]]}}, {"type": "Feature", "properties": {"u": 99, "v": 101, "key": 0, "length": 83.7, "length_raw": 8143209.938304305}, "geometry": {"type": "LineString", "coordinates": [[-0.014342649876397051, 51.48980205015133], [-0.014153200000000815, 51.489773699999986], [-0.014131900000002152, 51.489631499999994], [-0.014113000000000415, 51.48950560000001], [-0.01404329999999827, 51.489334400000004], [-0.013921199999999884, 51.48916489999999]]}}, {"type": "Feature", "properties": {"u": 99, "v": 102, "key": 0, "length": 100.6, "length_raw": 9050041.02301715}, "geometry": {"type": "LineString", "coordinates": [[-0.014342649876397051, 51.48980205015133], [-0.014532100000001503, 51.48983039999999], [-0.014637800000000084, 51.48990729999999], [-0.01503640000000122, 51.4902891], [-0.015142200000002423, 51.49038769999999], [-0.015245300000000425, 51.490475]]}}, {"type": "Feature", "properties": {"u": 100, "v": 287, "key": 0, "length": 146.7, "length_raw": 8253472.9097843915}, "geometry": {"type": "LineString", "coordinates": [[-0.01354954494112028, 51.49686251685733], [-0.013132500000001008, 51.49697959999999], [-0.01251650000000125, 51.497368599999994], [-0.01196640000000022, 51.497716]]}}, {"type": "Feature", "properties": {"u": 100, "v": 289, "key": 0, "length": 367.6, "length_raw": 3115198.186920733}, "geometry": {"type": "LineString", "coordinates": [[-0.01354954494112028, 51.49686251685733], [-0.014041700000001643, 51.4968801], [-0.013996399999998731, 51.4969814], [-0.013870900000000259, 51.497249800000006], [-0.01381010000000126, 51.49737959999999], [-0.013766400000000538, 51.49758179999999], [-0.013716800000001772, 51.4978748], [-0.013658600000001365, 51.49826839999999], [-0.013638200000000059, 51.49840759999999], [-0.013560300000001193, 51.4988749], [-0.013543299999999573, 51.49898629999999], [-0.013515900000000804, 51.4991806], [-0.013482500000001368, 51.49937509999999], [-0.013452900000000182, 51.4995618], [-0.01340079999999829, 51.49984520000001]]}}, {"type": "Feature", "properties": {"u": 100, "v": 98, "key": 0, "length": 122.9, "length_raw": 10173966.585986972}, "geometry": {"type": "LineString", "coordinates": [[-0.01354954494112028, 51.49686251685733], [-0.014041700000001643, 51.4968801], [-0.014087099999999625, 51.4967448], [-0.014109000000002092, 51.496668199999995], [-0.014125999999998543, 51.4964813], [-0.014130300000000358, 51.49628899999999], [-0.014119499999999877, 51.49608659999999]]}}, {"type": "Feature", "properties": {"u": 101, "v": 99, "key": 0, "length": 83.7, "length_raw": 8143209.938304305}, "geometry": {"type": "LineString", "coordinates": [[-0.013921199999999884, 51.48916489999999], [-0.01404329999999827, 51.489334400000004], [-0.014113000000000415, 51.48950560000001], [-0.014131900000002152, 51.489631499999994], [-0.014153200000000815, 51.489773699999986], [-0.014342649876397051, 51.48980205015133]]}}, {"type": "Feature", "properties": {"u": 101, "v": 380, "key": 0, "length": 156.3, "length_raw": 15461453.850307405}, "geometry": {"type": "LineString", "coordinates": [[-0.013921199999999884, 51.48916489999999], [-0.013769700000001182, 51.489010399999984], [-0.013618099999998665, 51.48883839999999], [-0.013565599999999407, 51.488725099999996], [-0.013501600000001193, 51.48856709999999], [-0.013486699999998972, 51.48853030000001], [-0.013425000000000627, 51.4882873], [-0.013380700000000476, 51.487824599999996]]}}, {"type": "Feature", "properties": {"u": 102, "v": 99, "key": 0, "length": 100.6, "length_raw": 9050041.02301715}, "geometry": {"type": "LineString", "coordinates": [[-0.015245300000000425, 51.490475], [-0.015142200000002423, 51.49038769999999], [-0.01503640000000122, 51.4902891], [-0.014637800000000084, 51.48990729999999], [-0.014532100000001503, 51.48983039999999], [-0.014342649876397051, 51.48980205015133]]}}, {"type": "Feature", "properties": {"u": 102, "v": 529, "key": 0, "length": 93.7, "length_raw": 3086239.899795559}, "geometry": {"type": "LineString", "coordinates": [[-0.015245300000000425, 51.490475], [-0.01531930000000041, 51.490531100000005], [-0.015427099999999982, 51.4906162], [-0.015554800000000868, 51.4907133], [-0.01562779999999968, 51.4907559], [-0.01568790000000021, 51.49077840000001], [-0.015733000000001458, 51.49079269999999], [-0.015767100000000558, 51.4908005], [-0.01581719999999971, 51.4908103], [-0.01587890000000004, 51.4908179], [-0.01596590000000054, 51.490820799999995], [-0.016091899999999795, 51.4908209], [-0.016366500000001234, 51.4908276]]}}, {"type": "Feature", "properties": {"u": 103, "v": 104, "key": 0, "length": 178.4, "length_raw": 12454425.757608226}, "geometry": {"type": "LineString", "coordinates": [[-0.017673650005165097, 51.478050650000384], [-0.01767590000000122, 51.4779852], [-0.01767410000000094, 51.4779696], [-0.017677000000000637, 51.47792539999999], [-0.017680100000001208, 51.4778778], [-0.0176769000000004, 51.47785120000001], [-0.017672000000001145, 51.4778337], [-0.01764840000000102, 51.477748399999996], [-0.017602200000001147, 51.47761919999999], [-0.017585500000001034, 51.477573199999995], [-0.017568900000002743, 51.47752779999999], [-0.01751829999999963, 51.4773731], [-0.01749830000000046, 51.47732109999999], [-0.01746289999999868, 51.477266], [-0.01744659999999991, 51.477247600000005], [-0.01728929999999903, 51.4771089], [-0.016915200000000543, 51.476784699999996], [-0.016895599999999934, 51.47676640000002], [-0.016821399999999476, 51.47669249999999], [-0.016667411375464566, 51.47673389624724]]}}, {"type": "Feature", "properties": {"u": 103, "v": 105, "key": 0, "length": 155.8, "length_raw": 16135322.123784931}, "geometry": {"type": "LineString", "coordinates": [[-0.017673650005165097, 51.478050650000384], [-0.01767140000000052, 51.478116099999994], [-0.017680500000000564, 51.4782278], [-0.017673600000000952, 51.47847479999999], [-0.01766000000000061, 51.4786158], [-0.01762539999999953, 51.4790017], [-0.01759730000000149, 51.4790463], [-0.01752520000000043, 51.4791036], [-0.017168400000000698, 51.4793452]]}}, {"type": "Feature", "properties": {"u": 104, "v": 103, "key": 0, "length": 178.4, "length_raw": 12454425.757608226}, "geometry": {"type": "LineString", "coordinates": [[-0.016667411375464566, 51.47673389624724], [-0.016821399999999476, 51.47669249999999], [-0.016895599999999934, 51.47676640000002], [-0.016915200000000543, 51.476784699999996], [-0.01728929999999903, 51.4771089], [-0.01744659999999991, 51.477247600000005], [-0.01746289999999868, 51.477266], [-0.01749830000000046, 51.47732109999999], [-0.01751829999999963, 51.4773731], [-0.017568900000002743, 51.47752779999999], [-0.017585500000001034, 51.477573199999995], [-0.017602200000001147, 51.47761919999999], [-0.01764840000000102, 51.477748399999996], [-0.017672000000001145, 51.4778337], [-0.0176769000000004, 51.47785120000001], [-0.017680100000001208, 51.4778778], [-0.017677000000000637, 51.47792539999999], [-0.01767410000000094, 51.4779696], [-0.01767590000000122, 51.4779852], [-0.017673650005165097, 51.478050650000384]]}}, {"type": "Feature", "properties": {"u": 104, "v": 106, "key": 0, "length": 197.9, "length_raw": 13307957.677511016}, "geometry": {"type": "LineString", "coordinates": [[-0.016667411375464566, 51.47673389624724], [-0.016057999999999576, 51.47694789999999], [-0.015414699999999296, 51.4771414], [-0.01509580000000009, 51.47723739999999], [-0.014918100000000286, 51.477291], [-0.014738000000000376, 51.477344200000005], [-0.014637100000000815, 51.477371399999996], [-0.014389900000000134, 51.477439], [-0.014103600000000858, 51.47751689999999]]}}, {"type": "Feature", "properties": {"u": 104, "v": 107, "key": 0, "length": 174.3, "length_raw": 5904920.516388439}, "geometry": {"type": "LineString", "coordinates": [[-0.016667411375464566, 51.47673389624724], [-0.017236300000000575, 51.47652060000001], [-0.017450900000000137, 51.476436199999995], [-0.01762829999999963, 51.47636769999999], [-0.018165299999999905, 51.4761463], [-0.018662500000001525, 51.4759537], [-0.018797700000000264, 51.47590019999999]]}}, {"type": "Feature", "properties": {"u": 105, "v": 114, "key": 0, "length": 188.1, "length_raw": 17834710.426957633}, "geometry": {"type": "LineString", "coordinates": [[-0.017168400000000698, 51.4793452], [-0.016940099999999368, 51.47950929999999], [-0.016559000000001035, 51.479796099999994], [-0.016387700000000057, 51.4799385], [-0.016120600000000047, 51.480211100000005], [-0.016061699999999974, 51.48027019999999], [-0.015918800000000528, 51.48041709999998], [-0.01561960000000018, 51.480729]]}}, {"type": "Feature", "properties": {"u": 105, "v": 103, "key": 0, "length": 155.8, "length_raw": 16135322.123784931}, "geometry": {"type": "LineString", "coordinates": [[-0.017168400000000698, 51.4793452], [-0.01752520000000043, 51.4791036], [-0.01759730000000149, 51.4790463], [-0.01762539999999953, 51.4790017], [-0.01766000000000061, 51.4786158], [-0.017673600000000952, 51.47847479999999], [-0.017680500000000564, 51.4782278], [-0.01767140000000052, 51.478116099999994], [-0.017673650005165097, 51.478050650000384]]}}, {"type": "Feature", "properties": {"u": 106, "v": 306, "key": 0, "length": 157.7, "length_raw": 1086820.8916335234}, "geometry": {"type": "LineString", "coordinates": [[-0.014103600000000858, 51.47751689999999], [-0.013829100000000849, 51.477586899999984], [-0.013729200000001265, 51.47761259999999], [-0.0134511000000003, 51.47767469999998], [-0.01317219999999983, 51.4777346], [-0.012887500000000359, 51.47779259999999], [-0.012712800000001285, 51.477824700000006], [-0.01264900000000116, 51.4778361], [-0.012587800000001611, 51.47784819999999], [-0.01251419999999939, 51.4778648], [-0.01231780000000071, 51.47791019999999], [-0.012173538892876545, 51.47769006210517]]}}, {"type": "Feature", "properties": {"u": 106, "v": 104, "key": 0, "length": 197.9, "length_raw": 13307957.677511016}, "geometry": {"type": "LineString", "coordinates": [[-0.014103600000000858, 51.47751689999999], [-0.014389900000000134, 51.477439], [-0.014637100000000815, 51.477371399999996], [-0.014738000000000376, 51.477344200000005], [-0.014918100000000286, 51.477291], [-0.01509580000000009, 51.47723739999999], [-0.015414699999999296, 51.4771414], [-0.016057999999999576, 51.47694789999999], [-0.016667411375464566, 51.47673389624724]]}}, {"type": "Feature", "properties": {"u": 107, "v": 104, "key": 0, "length": 174.3, "length_raw": 5904920.516388439}, "geometry": {"type": "LineString", "coordinates": [[-0.018797700000000264, 51.47590019999999], [-0.018662500000001525, 51.4759537], [-0.018165299999999905, 51.4761463], [-0.01762829999999963, 51.47636769999999], [-0.017450900000000137, 51.476436199999995], [-0.017236300000000575, 51.47652060000001], [-0.016667411375464566, 51.47673389624724]]}}, {"type": "Feature", "properties": {"u": 107, "v": 450, "key": 0, "length": 128.9, "length_raw": 12885404.935523953}, "geometry": {"type": "LineString", "coordinates": [[-0.018797700000000264, 51.47590019999999], [-0.01896040000000079, 51.47582559999999], [-0.019132200000002552, 51.4757301], [-0.019233000000000684, 51.4756727], [-0.019311899999999924, 51.4756259], [-0.01968580000000271, 51.47538049999999], [-0.02011760000000002, 51.47508629999999]]}}, {"type": "Feature", "properties": {"u": 108, "v": 109, "key": 0, "length": 91.2, "length_raw": 9861344.644512404}, "geometry": {"type": "LineString", "coordinates": [[-0.05175570000000143, 51.49586649999999], [-0.05169910000000043, 51.49582840000001], [-0.05162770000000023, 51.4957726], [-0.051537799999999634, 51.495702400000006], [-0.05151680000000168, 51.4956859], [-0.05147300000000072, 51.4956517], [-0.05142310000000045, 51.4956166], [-0.0513767000000013, 51.4955841], [-0.051227700000000556, 51.495477], [-0.051194699999998886, 51.4954542], [-0.051000999999999824, 51.49530120000001], [-0.05096149999999989, 51.4952584], [-0.050944100000000506, 51.49524660000001], [-0.05092439999342983, 51.4952313000016]]}}, {"type": "Feature", "properties": {"u": 108, "v": 110, "key": 0, "length": 86.4, "length_raw": 7188528.988899709}, "geometry": {"type": "LineString", "coordinates": [[-0.05175570000000143, 51.49586649999999], [-0.05180820000000029, 51.49590179999999], [-0.051862299999999355, 51.4959301], [-0.051920300000000086, 51.4959605], [-0.05204390000000043, 51.49604070000001], [-0.052145299999998784, 51.496115], [-0.052205899999999694, 51.4961659], [-0.052277000000000774, 51.496226], [-0.0523548000000006, 51.49630809999999], [-0.05245096806101041, 51.49649407836999]]}}, {"type": "Feature", "properties": {"u": 109, "v": 108, "key": 0, "length": 91.2, "length_raw": 9861344.644512404}, "geometry": {"type": "LineString", "coordinates": [[-0.05092439999342983, 51.4952313000016], [-0.050944100000000506, 51.49524660000001], [-0.05096149999999989, 51.4952584], [-0.051000999999999824, 51.49530120000001], [-0.051194699999998886, 51.4954542], [-0.051227700000000556, 51.495477], [-0.0513767000000013, 51.4955841], [-0.05142310000000045, 51.4956166], [-0.05147300000000072, 51.4956517], [-0.05151680000000168, 51.4956859], [-0.051537799999999634, 51.495702400000006], [-0.05162770000000023, 51.4957726], [-0.05169910000000043, 51.49582840000001], [-0.05175570000000143, 51.49586649999999]]}}, {"type": "Feature", "properties": {"u": 109, "v": 111, "key": 0, "length": 112.2, "length_raw": 7030071.796121947}, "geometry": {"type": "LineString", "coordinates": [[-0.05092439999342983, 51.4952313000016], [-0.05090470000000041, 51.495216], [-0.05087010000000052, 51.49518689999999], [-0.05076949999999968, 51.495106199999995], [-0.05074470000000109, 51.4950841], [-0.05071700000000082, 51.495059399999995], [-0.05060710000000185, 51.494969999999995], [-0.050495000000000866, 51.4948831], [-0.0504614999999992, 51.494856600000006], [-0.050408600000001386, 51.494814700000006], [-0.05032260000000047, 51.494745599999995], [-0.050270899999999126, 51.4947062], [-0.05024160000000103, 51.494683900000005], [-0.05022550000000234, 51.494673899999995], [-0.05014149999999939, 51.49462170000001], [-0.05004860000000005, 51.4945713], [-0.049908500000003644, 51.494502099999984], [-0.04985820000000044, 51.49447789999999]]}}, {"type": "Feature", "properties": {"u": 110, "v": 108, "key": 0, "length": 86.4, "length_raw": 7188528.988899709}, "geometry": {"type": "LineString", "coordinates": [[-0.05245096806101041, 51.49649407836999], [-0.0523548000000006, 51.49630809999999], [-0.052277000000000774, 51.496226], [-0.052205899999999694, 51.4961659], [-0.052145299999998784, 51.496115], [-0.05204390000000043, 51.49604070000001], [-0.051920300000000086, 51.4959605], [-0.051862299999999355, 51.4959301], [-0.05180820000000029, 51.49590179999999], [-0.05175570000000143, 51.49586649999999]]}}, {"type": "Feature", "properties": {"u": 110, "v": 112, "key": 0, "length": 303.5, "length_raw": 11453132.992190225}, "geometry": {"type": "LineString", "coordinates": [[-0.05245096806101041, 51.49649407836999], [-0.052770300000001526, 51.49666619999999], [-0.052790099999999826, 51.4966807], [-0.05283929999999884, 51.496723700000004], [-0.05287800000000126, 51.496754499999994], [-0.05292220000000038, 51.4967906], [-0.05295440000000135, 51.496817799999995], [-0.052998100000001276, 51.49685480000001], [-0.05300570000000095, 51.4968612], [-0.05300950000000079, 51.496864699999996], [-0.053164800000002115, 51.496997699999994], [-0.053214000000000726, 51.497037199999994], [-0.05330790000000084, 51.49712310000001], [-0.053332199999999434, 51.4971407], [-0.0533685999999996, 51.49716900000001], [-0.05340230000000054, 51.49719429999999], [-0.05346980000000186, 51.49723809999998], [-0.053515800000000065, 51.497270300000004], [-0.054995070182472114, 51.49870421129716]]}}, {"type": "Feature", "properties": {"u": 110, "v": 113, "key": 0, "length": 219.5, "length_raw": 14506888.885586793}, "geometry": {"type": "LineString", "coordinates": [[-0.05245096806101041, 51.49649407836999], [-0.052121800000001675, 51.49642759999999], [-0.05209840000000043, 51.4964382], [-0.051929700000000835, 51.496527699999994], [-0.051773899999999526, 51.49660149999999], [-0.05120630000000046, 51.4968918], [-0.05087630000000126, 51.4970661], [-0.05082180000000045, 51.49709490000001], [-0.050678900000000214, 51.49714229999999], [-0.050432100000000084, 51.49723279999999], [-0.05013450000000033, 51.49734190000001], [-0.05009690000000051, 51.49735189999999], [-0.0499714999999991, 51.4973772], [-0.049887500000000126, 51.4974051], [-0.04982780000000134, 51.49743569999998]]}}, {"type": "Feature", "properties": {"u": 111, "v": 245, "key": 0, "length": 140.5, "length_raw": 13612759.507234542}, "geometry": {"type": "LineString", "coordinates": [[-0.04985820000000044, 51.49447789999999], [-0.04933769999999941, 51.49425029999998], [-0.049209300000000046, 51.494198899999994], [-0.04915169999999986, 51.49417509999999], [-0.049084899999999404, 51.49414610000001], [-0.04897910000000059, 51.49409469999999], [-0.04891820000000135, 51.4940654], [-0.048435707365816656, 51.493607818704305]]}}, {"type": "Feature", "properties": {"u": 111, "v": 109, "key": 0, "length": 112.2, "length_raw": 7030071.796121947}, "geometry": {"type": "LineString", "coordinates": [[-0.04985820000000044, 51.49447789999999], [-0.049908500000003644, 51.494502099999984], [-0.05004860000000005, 51.4945713], [-0.05014149999999939, 51.49462170000001], [-0.05022550000000234, 51.494673899999995], [-0.05024160000000103, 51.494683900000005], [-0.050270899999999126, 51.4947062], [-0.05032260000000047, 51.494745599999995], [-0.050408600000001386, 51.494814700000006], [-0.0504614999999992, 51.494856600000006], [-0.050495000000000866, 51.4948831], [-0.05060710000000185, 51.494969999999995], [-0.05071700000000082, 51.495059399999995], [-0.05074470000000109, 51.4950841], [-0.05076949999999968, 51.495106199999995], [-0.05087010000000052, 51.49518689999999], [-0.05090470000000041, 51.495216], [-0.05092439999342983, 51.4952313000016]]}}, {"type": "Feature", "properties": {"u": 112, "v": 304, "key": 0, "length": 242.7, "length_raw": 12181534.973643404}, "geometry": {"type": "LineString", "coordinates": [[-0.054995070182472114, 51.49870421129716], [-0.05596299999999955, 51.498870100000005], [-0.055970700000000255, 51.498872199999994], [-0.056020900000000436, 51.4988846], [-0.056113500000000656, 51.4989076], [-0.05620240000000127, 51.49892739999999], [-0.056311500000000334, 51.49894580000001], [-0.05642700000000021, 51.4989597], [-0.05656890000000008, 51.498966299999985], [-0.05668200000000025, 51.4989626], [-0.05687360000000111, 51.4989471], [-0.05695929999999972, 51.4989409], [-0.057408100000000246, 51.49890460000001], [-0.05751079999999929, 51.4988971], [-0.058288000000000006, 51.4988358], [-0.05842550000000139, 51.49881969999999]]}}, {"type": "Feature", "properties": {"u": 112, "v": 110, "key": 0, "length": 303.5, "length_raw": 11453132.992190225}, "geometry": {"type": "LineString", "coordinates": [[-0.054995070182472114, 51.49870421129716], [-0.053515800000000065, 51.497270300000004], [-0.05346980000000186, 51.49723809999998], [-0.05340230000000054, 51.49719429999999], [-0.0533685999999996, 51.49716900000001], [-0.053332199999999434, 51.4971407], [-0.05330790000000084, 51.49712310000001], [-0.053214000000000726, 51.497037199999994], [-0.053164800000002115, 51.496997699999994], [-0.05300950000000079, 51.496864699999996], [-0.05300570000000095, 51.4968612], [-0.052998100000001276, 51.49685480000001], [-0.05295440000000135, 51.496817799999995], [-0.05292220000000038, 51.4967906], [-0.05287800000000126, 51.496754499999994], [-0.05283929999999884, 51.496723700000004], [-0.052790099999999826, 51.4966807], [-0.052770300000001526, 51.49666619999999], [-0.05245096806101041, 51.49649407836999]]}}, {"type": "Feature", "properties": {"u": 112, "v": 37, "key": 0, "length": 2091.4, "length_raw": 12356299.54073754}, "geometry": {"type": "LineString", "coordinates": [[-0.054995070182472114, 51.49870421129716], [-0.05439859999999873, 51.49922000000001], [-0.05430090000000157, 51.49927709999999], [-0.054267000000001744, 51.49929449999999], [-0.05424509999999967, 51.4993062], [-0.05193440000000161, 51.500534900000005], [-0.05191180000000027, 51.500546899999996], [-0.05184600000000098, 51.500581999999994], [-0.05166570000000139, 51.50067299999999], [-0.05156600000000109, 51.50072479999999], [-0.05030360000000088, 51.501399500000005], [-0.050134600000000175, 51.50149199999998], [-0.04999790000000067, 51.501574599999984], [-0.04989190000000019, 51.5016553], [-0.04983430000000041, 51.5017133], [-0.0497953999999999, 51.5017671], [-0.04976450000000081, 51.5018197], [-0.04882330000000126, 51.5041022], [-0.048801899999999974, 51.50416109999998], [-0.0487897999999992, 51.504207699999995], [-0.04878040000000004, 51.50425739999999], [-0.04877010000000035, 51.50438760000001], [-0.04861640000000082, 51.506130399999996], [-0.04839690000000041, 51.5084674], [-0.04838859999999988, 51.5085171], [-0.04837899999999905, 51.50854879999999], [-0.04836019999999994, 51.508584299999995], [-0.04832210000000053, 51.5086375], [-0.048235600000001204, 51.50874459999999], [-0.04804390000000012, 51.508981899999995], [-0.04784140000000173, 51.509228699999994], [-0.047665700000000685, 51.50940409999999], [-0.047479500000000674, 51.5095517], [-0.04728430000000006, 51.509692599999994], [-0.04704260000000045, 51.5098292], [-0.04677110000000117, 51.50996169999999], [-0.04657080000000161, 51.51004019999999], [-0.04630850000000063, 51.51012829999999], [-0.04605080000000017, 51.51019560000001], [-0.04574900000000083, 51.510255699999995], [-0.04534860000000101, 51.510315500000004], [-0.04483620000000083, 51.5103828], [-0.04431380000000008, 51.5104526], [-0.04185400000000222, 51.510760799999986], [-0.0416942000000002, 51.510781699999995], [-0.04091580000000063, 51.51088049999999], [-0.04070089999999956, 51.51091679999999], [-0.040521200000001, 51.510959699999994], [-0.04035430000000207, 51.5110057], [-0.040158699999999714, 51.51107549999999], [-0.03996570000000112, 51.511166499999995], [-0.03979550000000036, 51.5112575], [-0.03963390000000084, 51.5113654], [-0.03957579999999908, 51.51141239999999], [-0.039561700000001136, 51.51142369999999], [-0.03949830000000076, 51.5114749], [-0.039366200000001, 51.5115987], [-0.03930909999999962, 51.5116604], [-0.03901851884806297, 51.512251388593604]]}}, {"type": "Feature", "properties": {"u": 112, "v": 305, "key": 0, "length": 276.4, "length_raw": 1900664.4107187989}, "geometry": {"type": "LineString", "coordinates": [[-0.054995070182472114, 51.49870421129716], [-0.05392209999999952, 51.499639099999996], [-0.05383999999999948, 51.4996738], [-0.053710600000000136, 51.49973120000001], [-0.0535188000000004, 51.499834], [-0.05305669999999865, 51.50008729999999], [-0.05256280000000086, 51.500342800000006], [-0.05228109999999934, 51.50050000000001]]}}, {"type": "Feature", "properties": {"u": 113, "v": 505, "key": 0, "length": 178.5, "length_raw": 11018458.533437448}, "geometry": {"type": "LineString", "coordinates": [[-0.04982780000000134, 51.49743569999998], [-0.04978620000000002, 51.497469900000006], [-0.04971549999999988, 51.4975314], [-0.04960510000000251, 51.4976342], [-0.0495778000000004, 51.4976713], [-0.04954029999999963, 51.4977189], [-0.04944340000000117, 51.4978548], [-0.04939730000000034, 51.4979403], [-0.04939540000000022, 51.49798179999999], [-0.049373899999999894, 51.49813709999999], [-0.049343500000000394, 51.4982243], [-0.049308400000001314, 51.49830930000001], [-0.04926720000000173, 51.49837399999999], [-0.04921939999999927, 51.49843270000001], [-0.04915059999999965, 51.498505099999996], [-0.04908480000000036, 51.49856129999999], [-0.048997200000000435, 51.49862029999999], [-0.048869500000000336, 51.498680199999995], [-0.04882230000000089, 51.4986939], [-0.04859170027706019, 51.49875030023163]]}}, {"type": "Feature", "properties": {"u": 113, "v": 110, "key": 0, "length": 219.5, "length_raw": 14506888.885586793}, "geometry": {"type": "LineString", "coordinates": [[-0.04982780000000134, 51.49743569999998], [-0.049887500000000126, 51.4974051], [-0.0499714999999991, 51.4973772], [-0.05009690000000051, 51.49735189999999], [-0.05013450000000033, 51.49734190000001], [-0.050432100000000084, 51.49723279999999], [-0.050678900000000214, 51.49714229999999], [-0.05082180000000045, 51.49709490000001], [-0.05087630000000126, 51.4970661], [-0.05120630000000046, 51.4968918], [-0.051773899999999526, 51.49660149999999], [-0.051929700000000835, 51.496527699999994], [-0.05209840000000043, 51.4964382], [-0.052121800000001675, 51.49642759999999], [-0.05245096806101041, 51.49649407836999]]}}, {"type": "Feature", "properties": {"u": 114, "v": 105, "key": 0, "length": 188.1, "length_raw": 17834710.426957633}, "geometry": {"type": "LineString", "coordinates": [[-0.01561960000000018, 51.480729], [-0.015918800000000528, 51.48041709999998], [-0.016061699999999974, 51.48027019999999], [-0.016120600000000047, 51.480211100000005], [-0.016387700000000057, 51.4799385], [-0.016559000000001035, 51.479796099999994], [-0.016940099999999368, 51.47950929999999], [-0.017168400000000698, 51.4793452]]}}, {"type": "Feature", "properties": {"u": 114, "v": 122, "key": 0, "length": 88.5, "length_raw": 6525554.26131552}, "geometry": {"type": "LineString", "coordinates": [[-0.01561960000000018, 51.480729], [-0.015357999999999254, 51.48100919999999], [-0.015288499999998774, 51.48105009999999], [-0.015186700000000265, 51.481080199999994], [-0.015055700000001913, 51.481099999999984], [-0.014981900000001606, 51.48111719999999], [-0.014932500000002121, 51.481134999999995], [-0.014901600000000645, 51.48114929999999], [-0.014868800000000243, 51.481169599999994], [-0.014843500072918268, 51.48128965000483]]}}, {"type": "Feature", "properties": {"u": 115, "v": 116, "key": 0, "length": 92.1, "length_raw": 9846161.292286899}, "geometry": {"type": "LineString", "coordinates": [[-0.04329430000000112, 51.492088], [-0.04204550000000165, 51.4923732]]}}, {"type": "Feature", "properties": {"u": 115, "v": 117, "key": 0, "length": 196.4, "length_raw": 18066807.16567131}, "geometry": {"type": "LineString", "coordinates": [[-0.04329430000000112, 51.492088], [-0.04345920000000048, 51.4920587], [-0.044055200000000676, 51.49195269999999], [-0.04449550000000139, 51.491877800000005], [-0.045845502026984127, 51.49239933731716]]}}, {"type": "Feature", "properties": {"u": 116, "v": 115, "key": 0, "length": 92.1, "length_raw": 9846161.292286899}, "geometry": {"type": "LineString", "coordinates": [[-0.04204550000000165, 51.4923732], [-0.04329430000000112, 51.492088]]}}, {"type": "Feature", "properties": {"u": 116, "v": 118, "key": 0, "length": 117.1, "length_raw": 7162391.079836052}, "geometry": {"type": "LineString", "coordinates": [[-0.04204550000000165, 51.4923732], [-0.04175710000000059, 51.49243919999999], [-0.04114309999999999, 51.49257930000001], [-0.04104270000000161, 51.49260550000001], [-0.04090980000000036, 51.49264019999999], [-0.04053509999999926, 51.49273800000001], [-0.040469000000001254, 51.49275519999998]]}}, {"type": "Feature", "properties": {"u": 117, "v": 115, "key": 0, "length": 196.4, "length_raw": 18066807.16567131}, "geometry": {"type": "LineString", "coordinates": [[-0.045845502026984127, 51.49239933731716], [-0.04449550000000139, 51.491877800000005], [-0.044055200000000676, 51.49195269999999], [-0.04345920000000048, 51.4920587], [-0.04329430000000112, 51.492088]]}}, {"type": "Feature", "properties": {"u": 117, "v": 119, "key": 0, "length": 211.2, "length_raw": 16349167.273844786}, "geometry": {"type": "LineString", "coordinates": [[-0.045845502026984127, 51.49239933731716], [-0.046550699999999424, 51.4932946], [-0.046368199999999804, 51.4933588], [-0.0460543000000001, 51.49346769999999], [-0.04588030000000109, 51.49354529999998], [-0.04568909999999919, 51.49363199999999], [-0.04564850000000103, 51.4936501], [-0.045587400000000125, 51.49367819999999], [-0.04537970000000097, 51.4938158]]}}, {"type": "Feature", "properties": {"u": 117, "v": 120, "key": 0, "length": 183.6, "length_raw": 11637438.98300405}, "geometry": {"type": "LineString", "coordinates": [[-0.045845502026984127, 51.49239933731716], [-0.04572640000000029, 51.4917164], [-0.04588250000000112, 51.49170389999999], [-0.04603739999999911, 51.491686400000006], [-0.046215100000000904, 51.491663399999986], [-0.046317700000002494, 51.4916503], [-0.04657270000000054, 51.4916092], [-0.04679559999999865, 51.4915715], [-0.04711930230351082, 51.491768971808725]]}}, {"type": "Feature", "properties": {"u": 117, "v": 121, "key": 0, "length": 225.7, "length_raw": 8227078.451902013}, "geometry": {"type": "LineString", "coordinates": [[-0.045845502026984127, 51.49239933731716], [-0.04470780000000068, 51.4917923], [-0.044566000000000654, 51.49167560000001], [-0.04450570000000085, 51.491635699999996], [-0.04443439999999969, 51.4916022], [-0.04391239999999908, 51.491238700000004], [-0.04361369999999952, 51.49102669999999], [-0.04353720000000078, 51.49097499999999]]}}, {"type": "Feature", "properties": {"u": 118, "v": 129, "key": 0, "length": 121.4, "length_raw": 1394140.4059114873}, "geometry": {"type": "LineString", "coordinates": [[-0.040469000000001254, 51.49275519999998], [-0.040009800000000005, 51.492902099999995], [-0.039808000000000884, 51.4929598], [-0.03959600000000071, 51.4929914], [-0.039377500000000676, 51.49297910000001], [-0.03917700000000025, 51.49294979999999], [-0.039006299999999904, 51.4929035], [-0.03885169999999944, 51.49283979999999]]}}, {"type": "Feature", "properties": {"u": 118, "v": 116, "key": 0, "length": 117.1, "length_raw": 7162391.079836052}, "geometry": {"type": "LineString", "coordinates": [[-0.040469000000001254, 51.49275519999998], [-0.04053509999999926, 51.49273800000001], [-0.04090980000000036, 51.49264019999999], [-0.04104270000000161, 51.49260550000001], [-0.04114309999999999, 51.49257930000001], [-0.04175710000000059, 51.49243919999999], [-0.04204550000000165, 51.4923732]]}}, {"type": "Feature", "properties": {"u": 119, "v": 371, "key": 0, "length": 140.7, "length_raw": 11613189.86408152}, "geometry": {"type": "LineString", "coordinates": [[-0.04537970000000097, 51.4938158], [-0.04520730000000137, 51.4939588], [-0.045161500000000854, 51.49399679999998], [-0.04504720000000063, 51.49410189999999], [-0.044959700000000144, 51.494204], [-0.04472570000000005, 51.494511], [-0.04464880000000036, 51.4945996], [-0.04457520000000133, 51.49468109999999], [-0.04444629999999999, 51.4948189], [-0.04439610000000099, 51.49491729999999]]}}, {"type": "Feature", "properties": {"u": 119, "v": 117, "key": 0, "length": 211.2, "length_raw": 16349167.273844786}, "geometry": {"type": "LineString", "coordinates": [[-0.04537970000000097, 51.4938158], [-0.045587400000000125, 51.49367819999999], [-0.04564850000000103, 51.4936501], [-0.04568909999999919, 51.49363199999999], [-0.04588030000000109, 51.49354529999998], [-0.0460543000000001, 51.49346769999999], [-0.046368199999999804, 51.4933588], [-0.046550699999999424, 51.4932946], [-0.045845502026984127, 51.49239933731716]]}}, {"type": "Feature", "properties": {"u": 120, "v": 286, "key": 0, "length": 102.8, "length_raw": 4859106.656722377}, "geometry": {"type": "LineString", "coordinates": [[-0.04711930230351082, 51.491768971808725], [-0.04724870000000098, 51.49149649999998], [-0.04766130000000062, 51.491426999999995], [-0.04824120000000013, 51.491328200000005]]}}, {"type": "Feature", "properties": {"u": 120, "v": 245, "key": 0, "length": 226.4, "length_raw": 11979141.45339126}, "geometry": {"type": "LineString", "coordinates": [[-0.04711930230351082, 51.491768971808725], [-0.047266200000000605, 51.4921467], [-0.047317700000001475, 51.492305099999996], [-0.04735300000000143, 51.4923915], [-0.047395100000000356, 51.492462599999996], [-0.047448900000000696, 51.4925306], [-0.047692600000000265, 51.4927719], [-0.047848600000001254, 51.492928199999994], [-0.047899600000000146, 51.49298519999999], [-0.04797410000000052, 51.49309279999999], [-0.04802670000000041, 51.493202399999994], [-0.048435707365816656, 51.493607818704305]]}}, {"type": "Feature", "properties": {"u": 121, "v": 417, "key": 0, "length": 127.8, "length_raw": 13364354.692081252}, "geometry": {"type": "LineString", "coordinates": [[-0.04353720000000078, 51.49097499999999], [-0.04335410000000014, 51.490850800000004], [-0.042573000000000145, 51.49030400000001], [-0.04247499999999989, 51.4902402], [-0.04233312046591165, 51.490106058213186]]}}, {"type": "Feature", "properties": {"u": 122, "v": 114, "key": 0, "length": 88.5, "length_raw": 6525554.26131552}, "geometry": {"type": "LineString", "coordinates": [[-0.014843500072918268, 51.48128965000483], [-0.014868800000000243, 51.481169599999994], [-0.014901600000000645, 51.48114929999999], [-0.014932500000002121, 51.481134999999995], [-0.014981900000001606, 51.48111719999999], [-0.015055700000001913, 51.481099999999984], [-0.015186700000000265, 51.481080199999994], [-0.015288499999998774, 51.48105009999999], [-0.015357999999999254, 51.48100919999999], [-0.01561960000000018, 51.480729]]}}, {"type": "Feature", "properties": {"u": 122, "v": 163, "key": 0, "length": 106.8, "length_raw": 8453610.650011718}, "geometry": {"type": "LineString", "coordinates": [[-0.014843500072918268, 51.48128965000483], [-0.014818200000001102, 51.4814097], [-0.014650200000001962, 51.481419299999985], [-0.014615400000001605, 51.48142089999999], [-0.014457000000002496, 51.48142399999999], [-0.014152599999999, 51.4814307], [-0.013962300000000026, 51.481435999999995], [-0.013691599999999854, 51.48144260000001], [-0.013566000000000751, 51.48144580000001], [-0.01347260000000063, 51.48144529999998]]}}, {"type": "Feature", "properties": {"u": 122, "v": 311, "key": 0, "length": 110.0, "length_raw": 7257776.840056199}, "geometry": {"type": "LineString", "coordinates": [[-0.014843500072918268, 51.48128965000483], [-0.014818200000001102, 51.4814097], [-0.01506470000000172, 51.481384999999996], [-0.015158799999999917, 51.48138209999998], [-0.015788800000002153, 51.481376899999994], [-0.016208300078734444, 51.48136495075283]]}}, {"type": "Feature", "properties": {"u": 123, "v": 124, "key": 0, "length": 119.0, "length_raw": 12662138.43413386}, "geometry": {"type": "LineString", "coordinates": [[-0.04159111058639338, 51.48124934506642], [-0.04174280000000177, 51.4816439], [-0.04175420000000129, 51.481687799999996], [-0.041805500000000495, 51.481810499999995], [-0.041826700000002104, 51.48194149999999], [-0.041855800000000914, 51.482121], [-0.04182879999999991, 51.482301599999985]]}}, {"type": "Feature", "properties": {"u": 123, "v": 125, "key": 0, "length": 143.3, "length_raw": 15373269.431464795}, "geometry": {"type": "LineString", "coordinates": [[-0.04159111058639338, 51.48124934506642], [-0.04142960000000054, 51.480859], [-0.041309400000001474, 51.4806083], [-0.0412517999999997, 51.4804881], [-0.041023000000001565, 51.4800107]]}}, {"type": "Feature", "properties": {"u": 124, "v": 123, "key": 0, "length": 119.0, "length_raw": 12662138.43413386}, "geometry": {"type": "LineString", "coordinates": [[-0.04182879999999991, 51.482301599999985], [-0.041855800000000914, 51.482121], [-0.041826700000002104, 51.48194149999999], [-0.041805500000000495, 51.481810499999995], [-0.04175420000000129, 51.481687799999996], [-0.04174280000000177, 51.4816439], [-0.04159111058639338, 51.48124934506642]]}}, {"type": "Feature", "properties": {"u": 124, "v": 126, "key": 0, "length": 108.7, "length_raw": 11809137.083770731}, "geometry": {"type": "LineString", "coordinates": [[-0.04182879999999991, 51.482301599999985], [-0.04181290000000089, 51.482408299999996], [-0.04177459999999941, 51.4825408], [-0.04170110000000021, 51.48277019999999], [-0.04161600000000023, 51.482977], [-0.04161399999999908, 51.48298470000001], [-0.04153150000000127, 51.48315779999999], [-0.041480900000000535, 51.4832523]]}}, {"type": "Feature", "properties": {"u": 125, "v": 127, "key": 0, "length": 121.9, "length_raw": 11618907.801740086}, "geometry": {"type": "LineString", "coordinates": [[-0.041023000000001565, 51.4800107], [-0.04094180000000086, 51.479843], [-0.04077080000000099, 51.479501], [-0.040625100000000094, 51.47931549999999], [-0.04047919999999992, 51.4791658], [-0.0403073000000019, 51.4790199]]}}, {"type": "Feature", "properties": {"u": 125, "v": 123, "key": 0, "length": 143.3, "length_raw": 15373269.431464795}, "geometry": {"type": "LineString", "coordinates": [[-0.041023000000001565, 51.4800107], [-0.0412517999999997, 51.4804881], [-0.041309400000001474, 51.4806083], [-0.04142960000000054, 51.480859], [-0.04159111058639338, 51.48124934506642]]}}, {"type": "Feature", "properties": {"u": 126, "v": 361, "key": 0, "length": 140.0, "length_raw": 13658940.179774923}, "geometry": {"type": "LineString", "coordinates": [[-0.041480900000000535, 51.4832523], [-0.041479899999998966, 51.483279200000005], [-0.041484699999998785, 51.4833053], [-0.04149949999999958, 51.4833407], [-0.041882299999999546, 51.48395729999999], [-0.041940800000001055, 51.48403759999999], [-0.04197900000000031, 51.4840725], [-0.042070200000001196, 51.48415529999998], [-0.04217410000000029, 51.484210700000006], [-0.04229780000000087, 51.4842764], [-0.04234330000000028, 51.4842993], [-0.04240310000000089, 51.484338699999995]]}}, {"type": "Feature", "properties": {"u": 126, "v": 124, "key": 0, "length": 108.7, "length_raw": 11809137.083770731}, "geometry": {"type": "LineString", "coordinates": [[-0.041480900000000535, 51.4832523], [-0.04153150000000127, 51.48315779999999], [-0.04161399999999908, 51.48298470000001], [-0.04161600000000023, 51.482977], [-0.04170110000000021, 51.48277019999999], [-0.04177459999999941, 51.4825408], [-0.04181290000000089, 51.482408299999996], [-0.04182879999999991, 51.482301599999985]]}}, {"type": "Feature", "properties": {"u": 127, "v": 128, "key": 0, "length": 64.3, "length_raw": 6454422.26307275}, "geometry": {"type": "LineString", "coordinates": [[-0.0403073000000019, 51.4790199], [-0.039938300000000364, 51.478758000000006], [-0.039861199999999805, 51.4787015], [-0.03969930000000157, 51.47858289999999]]}}, {"type": "Feature", "properties": {"u": 127, "v": 125, "key": 0, "length": 121.9, "length_raw": 11618907.801740086}, "geometry": {"type": "LineString", "coordinates": [[-0.0403073000000019, 51.4790199], [-0.04047919999999992, 51.4791658], [-0.040625100000000094, 51.47931549999999], [-0.04077080000000099, 51.479501], [-0.04094180000000086, 51.479843], [-0.041023000000001565, 51.4800107]]}}, {"type": "Feature", "properties": {"u": 128, "v": 199, "key": 0, "length": 133.9, "length_raw": 3971529.5126787033}, "geometry": {"type": "LineString", "coordinates": [[-0.03969930000000157, 51.47858289999999], [-0.039495299999999636, 51.4784565], [-0.03926449999999875, 51.4783135], [-0.039074300000001214, 51.4782034], [-0.038951400000000934, 51.4781571], [-0.0388183000000008, 51.47815199999999], [-0.03867450000000082, 51.4781586], [-0.03806541209188077, 51.478280405340634]]}}, {"type": "Feature", "properties": {"u": 128, "v": 127, "key": 0, "length": 64.3, "length_raw": 6454422.26307275}, "geometry": {"type": "LineString", "coordinates": [[-0.03969930000000157, 51.47858289999999], [-0.039861199999999805, 51.4787015], [-0.039938300000000364, 51.478758000000006], [-0.0403073000000019, 51.4790199]]}}, {"type": "Feature", "properties": {"u": 129, "v": 191, "key": 0, "length": 109.4, "length_raw": 6286038.79085256}, "geometry": {"type": "LineString", "coordinates": [[-0.03885169999999944, 51.49283979999999], [-0.03866099999999992, 51.492739199999995], [-0.038536300000000155, 51.49265249999999], [-0.03837180000000134, 51.4925381], [-0.03831270000000119, 51.492504], [-0.038187800000001354, 51.49242769999999], [-0.0381016999999998, 51.4923854], [-0.03801420000000051, 51.4923461], [-0.03760079946713322, 51.492290400721465]]}}, {"type": "Feature", "properties": {"u": 129, "v": 118, "key": 0, "length": 121.4, "length_raw": 1394140.4059114873}, "geometry": {"type": "LineString", "coordinates": [[-0.03885169999999944, 51.49283979999999], [-0.039006299999999904, 51.4929035], [-0.03917700000000025, 51.49294979999999], [-0.039377500000000676, 51.49297910000001], [-0.03959600000000071, 51.4929914], [-0.039808000000000884, 51.4929598], [-0.040009800000000005, 51.492902099999995], [-0.040469000000001254, 51.49275519999998]]}}, {"type": "Feature", "properties": {"u": 130, "v": 7, "key": 0, "length": 246.1, "length_raw": 3376099.051888584}, "geometry": {"type": "LineString", "coordinates": [[-0.028478228754823778, 51.5119687624007], [-0.02963859999999985, 51.51232019999999], [-0.02976940000000051, 51.512351], [-0.029907800000000054, 51.5123765], [-0.030093000000000092, 51.5123991], [-0.030213400000001615, 51.51241089999999], [-0.030332400000000228, 51.512414899999996], [-0.030496900000001034, 51.512409399999996], [-0.030695300000000467, 51.51237939999999], [-0.03091169999999951, 51.5123461], [-0.031021400000001982, 51.5123329], [-0.031115500000000178, 51.51232400000001], [-0.031200800000000237, 51.5123199], [-0.031358399999999044, 51.51231359999999], [-0.03186026486609281, 51.51236859193987]]}}, {"type": "Feature", "properties": {"u": 130, "v": 131, "key": 0, "length": 201.3, "length_raw": 5645194.15237409}, "geometry": {"type": "LineString", "coordinates": [[-0.028478228754823778, 51.5119687624007], [-0.027474500000000034, 51.51177309999998], [-0.02745490000000062, 51.51177079999998], [-0.02733610000000049, 51.511751999999994], [-0.027272900000000194, 51.51174369999998], [-0.02713180000000063, 51.51172089999999], [-0.026733400000000764, 51.511660299999996], [-0.026075299999998896, 51.51154799999999], [-0.025672611096054787, 51.511493792104446]]}}, {"type": "Feature", "properties": {"u": 130, "v": 132, "key": 0, "length": 409.8, "length_raw": 2251821.6892851223}, "geometry": {"type": "LineString", "coordinates": [[-0.028478228754823778, 51.5119687624007], [-0.02803370000000031, 51.5118011], [-0.0280789000000006, 51.51172479999999], [-0.02808640000000203, 51.51167499999998], [-0.028071000000000613, 51.5116292], [-0.02804310000000106, 51.51156979999999], [-0.027996600000001672, 51.51153329999999], [-0.027607000000001138, 51.51123919999999], [-0.027545700000000162, 51.5111951], [-0.027422600000000207, 51.51110289999999], [-0.0272285000000006, 51.5109575], [-0.02718330000000031, 51.51092369999999], [-0.027104000000000517, 51.51086429999999], [-0.026867899999999834, 51.51069209999999], [-0.026721899999999025, 51.5105899], [-0.02650189999999982, 51.5104251], [-0.026194500000001956, 51.5102005], [-0.02675656915025712, 51.50891367829479]]}}, {"type": "Feature", "properties": {"u": 130, "v": 133, "key": 0, "length": 183.9, "length_raw": 18142672.131954957}, "geometry": {"type": "LineString", "coordinates": [[-0.028478228754823778, 51.5119687624007], [-0.027928500000000526, 51.51218169999999], [-0.027894900000001013, 51.512386400000004], [-0.02787290000000149, 51.51255259999999], [-0.027868699999999913, 51.5125829], [-0.027857199999999367, 51.51264429999999], [-0.02784200000000041, 51.5127427], [-0.027818900000000278, 51.51289299999999], [-0.02779819999999906, 51.51300189999999], [-0.02776150000000176, 51.513197799999986], [-0.02775769999999914, 51.5132953], [-0.027755499999999905, 51.5133312], [-0.027755799999999817, 51.5133388], [-0.027756800000000192, 51.5133671], [-0.027765200000001364, 51.5134265]]}}, {"type": "Feature", "properties": {"u": 131, "v": 130, "key": 0, "length": 201.3, "length_raw": 5645194.15237409}, "geometry": {"type": "LineString", "coordinates": [[-0.025672611096054787, 51.511493792104446], [-0.026075299999998896, 51.51154799999999], [-0.026733400000000764, 51.511660299999996], [-0.02713180000000063, 51.51172089999999], [-0.027272900000000194, 51.51174369999998], [-0.02733610000000049, 51.511751999999994], [-0.02745490000000062, 51.51177079999998], [-0.027474500000000034, 51.51177309999998], [-0.028478228754823778, 51.5119687624007]]}}, {"type": "Feature", "properties": {"u": 131, "v": 405, "key": 0, "length": 205.8, "length_raw": 14682168.006794505}, "geometry": {"type": "LineString", "coordinates": [[-0.025672611096054787, 51.511493792104446], [-0.0252678000000017, 51.51141629999999], [-0.024870100000002296, 51.5113594], [-0.024695900000001623, 51.5113334], [-0.024259600000001224, 51.5112682], [-0.02395150000000091, 51.51122219999999], [-0.023850899999998877, 51.5112072], [-0.02372550000000104, 51.5111881], [-0.023359199999999525, 51.51113230000001], [-0.023063300000000616, 51.5110872], [-0.02278453862279541, 51.51105428222574]]}}, {"type": "Feature", "properties": {"u": 132, "v": 137, "key": 0, "length": 243.6, "length_raw": 4557773.299947676}, "geometry": {"type": "LineString", "coordinates": [[-0.02675656915025712, 51.50891367829479], [-0.02518850000000032, 51.5095009], [-0.02501829999999916, 51.5093785], [-0.024941500000001702, 51.50932879999999], [-0.02484390000000159, 51.5092658], [-0.024689700000000484, 51.509179], [-0.024570299999999733, 51.5091222], [-0.02443490000000132, 51.509069600000004], [-0.024361000000001173, 51.509045699999994], [-0.024332999999999792, 51.5090367], [-0.02426449999999889, 51.5090143], [-0.024185399999999177, 51.5089887], [-0.024063600000001104, 51.508951499999995], [-0.023957180822213087, 51.508815235650204]]}}, {"type": "Feature", "properties": {"u": 132, "v": 138, "key": 0, "length": 724.6, "length_raw": 17665861.181161083}, "geometry": {"type": "LineString", "coordinates": [[-0.02675656915025712, 51.50891367829479], [-0.02785260000000082, 51.50772009999999], [-0.028146800000001675, 51.507663], [-0.02816260000000006, 51.5076593], [-0.028169200000000554, 51.5076577], [-0.02817619999999881, 51.5076561], [-0.028544799999999402, 51.50757020000001], [-0.028752700000000617, 51.50753060000001], [-0.028922300000000758, 51.50751900000001], [-0.029077199999999942, 51.507513399999986], [-0.02968159999999971, 51.5075204], [-0.030009000000001118, 51.507544599999996], [-0.03034060000000013, 51.5075987], [-0.03056100000000028, 51.5076528], [-0.03075680000000112, 51.5077008], [-0.031130200000001926, 51.5078331], [-0.03147540000000088, 51.5079953], [-0.03178869999999917, 51.508185600000004], [-0.032072699999998976, 51.5084264], [-0.032267700000000316, 51.508669899999994], [-0.0323962000000015, 51.508916299999996], [-0.032584800000001225, 51.5092168], [-0.0327878000000004, 51.50950360000001], [-0.03311610000000155, 51.50992779999999], [-0.033233100000000605, 51.5101163], [-0.033310600000000516, 51.51028050000001], [-0.03340070000000039, 51.510424799999996]]}}, {"type": "Feature", "properties": {"u": 132, "v": 130, "key": 0, "length": 372.2, "length_raw": 2251821.6892851223}, "geometry": {"type": "LineString", "coordinates": [[-0.02675656915025712, 51.50891367829479], [-0.026999900000000947, 51.5105833], [-0.02716310000000067, 51.510723999999996], [-0.027209900000000765, 51.51076359999998], [-0.027621200000000908, 51.511109299999994], [-0.02774850000000244, 51.511211199999984], [-0.028168800000000403, 51.51155089999999], [-0.028478228754823778, 51.5119687624007]]}}, {"type": "Feature", "properties": {"u": 132, "v": 139, "key": 0, "length": 150.1, "length_raw": 8657797.06445238}, "geometry": {"type": "LineString", "coordinates": [[-0.02675656915025712, 51.50891367829479], [-0.02742740000000082, 51.509259199999995], [-0.027523399999999927, 51.50926340000001], [-0.027868400000000796, 51.509261], [-0.027987200000000524, 51.50925800000001], [-0.02830690000000003, 51.50928249999999], [-0.028591799999999577, 51.50930660000001], [-0.02864040000000035, 51.50931069999999], [-0.028719600000000303, 51.5093088]]}}, {"type": "Feature", "properties": {"u": 132, "v": 140, "key": 0, "length": 356.3, "length_raw": 2223558.1971842255}, "geometry": {"type": "LineString", "coordinates": [[-0.02675656915025712, 51.50891367829479], [-0.027205800000000217, 51.506902100000005], [-0.02718880000000019, 51.5068359], [-0.027091800000000704, 51.50658729999999], [-0.02702090000000089, 51.506410699999996], [-0.026997100000001484, 51.5063491], [-0.02695099999999946, 51.5062926], [-0.026885000000000894, 51.50624439999999], [-0.02680269999999918, 51.506207], [-0.026708800000000265, 51.506182599999995], [-0.02667663926939274, 51.50583138079763]]}}, {"type": "Feature", "properties": {"u": 132, "v": 141, "key": 0, "length": 364.5, "length_raw": 2024086.9812058012}, "geometry": {"type": "LineString", "coordinates": [[-0.02675656915025712, 51.50891367829479], [-0.027345300000000374, 51.50757649999999], [-0.027396900000000685, 51.50737559999999], [-0.027408100000001316, 51.507189499999996], [-0.02740050000000045, 51.507036899999996], [-0.027368100000000593, 51.50689740000001], [-0.027339300000000104, 51.506798499999995], [-0.027266500000000173, 51.506622099999994], [-0.027151600000001712, 51.506399399999985], [-0.02713179999999944, 51.506361699999985], [-0.027117800000000535, 51.5063283], [-0.027109799999999913, 51.5063104], [-0.02707240000000017, 51.5062279], [-0.02661611712286023, 51.50580060946932]]}}, {"type": "Feature", "properties": {"u": 133, "v": 130, "key": 0, "length": 183.9, "length_raw": 18142672.131954957}, "geometry": {"type": "LineString", "coordinates": [[-0.027765200000001364, 51.5134265], [-0.027756800000000192, 51.5133671], [-0.027755799999999817, 51.5133388], [-0.027755499999999905, 51.5133312], [-0.02775769999999914, 51.5132953], [-0.02776150000000176, 51.513197799999986], [-0.02779819999999906, 51.51300189999999], [-0.027818900000000278, 51.51289299999999], [-0.02784200000000041, 51.5127427], [-0.027857199999999367, 51.51264429999999], [-0.027868699999999913, 51.5125829], [-0.02787290000000149, 51.51255259999999], [-0.027894900000001013, 51.512386400000004], [-0.027928500000000526, 51.51218169999999], [-0.028478228754823778, 51.5119687624007]]}}, {"type": "Feature", "properties": {"u": 133, "v": 274, "key": 0, "length": 161.4, "length_raw": 15693372.343577003}, "geometry": {"type": "LineString", "coordinates": [[-0.027765200000001364, 51.5134265], [-0.02781100000000029, 51.5135708], [-0.027855899999999875, 51.5136517], [-0.027953400000000142, 51.51384449999999], [-0.0280440000000016, 51.51401259999999], [-0.028165599999998802, 51.5142395], [-0.028316100000002297, 51.51452059999999], [-0.028365099999999643, 51.51461259999999], [-0.0283970000000007, 51.51467259999999], [-0.02847129978498079, 51.51480920002135]]}}, {"type": "Feature", "properties": {"u": 134, "v": 135, "key": 0, "length": 266.8, "length_raw": 12964260.033254068}, "geometry": {"type": "LineString", "coordinates": [[-0.031241972641613096, 51.48030481415256], [-0.030190500000001157, 51.48062689999999], [-0.030178900000000376, 51.4806298], [-0.030135400000000923, 51.480637], [-0.029984599999999105, 51.48065490000001], [-0.029792999999999046, 51.480673700000004], [-0.02962020000000009, 51.4806915], [-0.029176000000002093, 51.48073579999999], [-0.028823700000000667, 51.4807714], [-0.028537799999999953, 51.48079769999998], [-0.028228000000000388, 51.48083019999999], [-0.028175799999999456, 51.4808358], [-0.027972500000000365, 51.480859999999986], [-0.027760999999999387, 51.4808842], [-0.02755149999999956, 51.48091619999999]]}}, {"type": "Feature", "properties": {"u": 134, "v": 136, "key": 0, "length": 196.8, "length_raw": 5019419.335081928}, "geometry": {"type": "LineString", "coordinates": [[-0.031241972641613096, 51.48030481415256], [-0.032574700000001205, 51.47997809999999], [-0.03276019999999997, 51.479910700000005], [-0.03333030000000056, 51.479704], [-0.03339209999999994, 51.47968159999999], [-0.03341539999999975, 51.479672400000005], [-0.033520000000000105, 51.4796338], [-0.0337925005771138, 51.479535600327004]]}}, {"type": "Feature", "properties": {"u": 135, "v": 439, "key": 0, "length": 130.3, "length_raw": 7433018.31647311}, "geometry": {"type": "LineString", "coordinates": [[-0.02755149999999956, 51.48091619999999], [-0.02726419999999911, 51.480950199999995], [-0.027195800000000436, 51.48095800000001], [-0.02712559999999989, 51.480965999999995], [-0.026865800000000436, 51.48099069999999], [-0.0264388999999988, 51.481010100000006], [-0.026333100000001972, 51.48101509999999], [-0.026303073990980932, 51.48060952531835]]}}, {"type": "Feature", "properties": {"u": 135, "v": 134, "key": 0, "length": 266.8, "length_raw": 12964260.033254068}, "geometry": {"type": "LineString", "coordinates": [[-0.02755149999999956, 51.48091619999999], [-0.027760999999999387, 51.4808842], [-0.027972500000000365, 51.480859999999986], [-0.028175799999999456, 51.4808358], [-0.028228000000000388, 51.48083019999999], [-0.028537799999999953, 51.48079769999998], [-0.028823700000000667, 51.4807714], [-0.029176000000002093, 51.48073579999999], [-0.02962020000000009, 51.4806915], [-0.029792999999999046, 51.480673700000004], [-0.029984599999999105, 51.48065490000001], [-0.030135400000000923, 51.480637], [-0.030178900000000376, 51.4806298], [-0.030190500000001157, 51.48062689999999], [-0.031241972641613096, 51.48030481415256]]}}, {"type": "Feature", "properties": {"u": 136, "v": 134, "key": 0, "length": 196.8, "length_raw": 5019419.335081928}, "geometry": {"type": "LineString", "coordinates": [[-0.0337925005771138, 51.479535600327004], [-0.033520000000000105, 51.4796338], [-0.03341539999999975, 51.479672400000005], [-0.03339209999999994, 51.47968159999999], [-0.03333030000000056, 51.479704], [-0.03276019999999997, 51.479910700000005], [-0.032574700000001205, 51.47997809999999], [-0.031241972641613096, 51.48030481415256]]}}, {"type": "Feature", "properties": {"u": 136, "v": 200, "key": 0, "length": 155.0, "length_raw": 12957991.524430621}, "geometry": {"type": "LineString", "coordinates": [[-0.0337925005771138, 51.479535600327004], [-0.03406500000000021, 51.4794374], [-0.035066999999999945, 51.479105999999994], [-0.03517079999999961, 51.4790765], [-0.035276300000000496, 51.47904660000001], [-0.03578260896236594, 51.4788984432207]]}}, {"type": "Feature", "properties": {"u": 137, "v": 132, "key": 0, "length": 259.8, "length_raw": 4557773.299947676}, "geometry": {"type": "LineString", "coordinates": [[-0.023957180822213087, 51.508815235650204], [-0.023883000000000407, 51.5086629], [-0.02413419999999981, 51.50872170000001], [-0.02423620000000078, 51.5087544], [-0.024376500000000835, 51.50879909999999], [-0.024433599999999837, 51.5088201], [-0.024489800000000287, 51.5088421], [-0.024538300000000825, 51.50885999999999], [-0.02468419999999981, 51.5089183], [-0.024824099999999717, 51.5089848], [-0.02490850000000003, 51.509025900000005], [-0.025110500000000025, 51.5091246], [-0.025500600000000945, 51.50939329999999], [-0.02675656915025712, 51.50891367829479]]}}, {"type": "Feature", "properties": {"u": 137, "v": 253, "key": 0, "length": 181.4, "length_raw": 883113.1001960676}, "geometry": {"type": "LineString", "coordinates": [[-0.023957180822213087, 51.508815235650204], [-0.023949900000000707, 51.5089184], [-0.02377369999999968, 51.50889099999999], [-0.023299800000000655, 51.50883349999999], [-0.02299909999999994, 51.508783], [-0.022841400000000102, 51.508751000000004], [-0.022109200000000797, 51.5085812], [-0.02160640000000025, 51.50847250000002]]}}, {"type": "Feature", "properties": {"u": 138, "v": 10, "key": 0, "length": 794.7, "length_raw": 2805969.4779468314}, "geometry": {"type": "LineString", "coordinates": [[-0.03340070000000039, 51.510424799999996], [-0.03366299999999939, 51.5107398], [-0.03385960000000053, 51.51091919999999], [-0.03410480000000007, 51.51107869999999], [-0.03440790000000128, 51.51125439999999], [-0.03470289999999886, 51.51139549999999], [-0.03516959999999955, 51.5115562], [-0.035608399999999894, 51.5116546], [-0.03610300000000093, 51.51173300000001], [-0.036655600000001114, 51.511755199999996], [-0.037159000000000296, 51.511742000000005], [-0.037601300000000164, 51.51168559999999], [-0.038077100000000495, 51.5115838], [-0.03843710000000064, 51.51147010000001], [-0.0387321000000006, 51.51134340000001], [-0.03957540000000012, 51.51095459999999], [-0.03992090000000018, 51.51082170000001], [-0.040322900000001, 51.51071129999999], [-0.04058289999999934, 51.510658299999996], [-0.04083019999999907, 51.51062530000001], [-0.04121550000000057, 51.510586], [-0.04184659999999984, 51.5105459], [-0.04199229999999994, 51.5105382], [-0.04215329999999923, 51.510525599999994], [-0.04353308509494496, 51.51045813852447]]}}, {"type": "Feature", "properties": {"u": 139, "v": 132, "key": 0, "length": 150.1, "length_raw": 8657797.06445238}, "geometry": {"type": "LineString", "coordinates": [[-0.028719600000000303, 51.5093088], [-0.02864040000000035, 51.50931069999999], [-0.028591799999999577, 51.50930660000001], [-0.02830690000000003, 51.50928249999999], [-0.027987200000000524, 51.50925800000001], [-0.027868400000000796, 51.509261], [-0.027523399999999927, 51.50926340000001], [-0.02742740000000082, 51.509259199999995], [-0.02675656915025712, 51.50891367829479]]}}, {"type": "Feature", "properties": {"u": 139, "v": 264, "key": 0, "length": 77.6, "length_raw": 6568324.574853511}, "geometry": {"type": "LineString", "coordinates": [[-0.028719600000000303, 51.5093088], [-0.028778099999999432, 51.5093062], [-0.028876600000000474, 51.50929199999999], [-0.029150900000001204, 51.50926119999998], [-0.029524900000001443, 51.5092007], [-0.02967500000000081, 51.509181299999995], [-0.029774400000001595, 51.50916839999999], [-0.029815600004321565, 51.5091633000073]]}}, {"type": "Feature", "properties": {"u": 140, "v": 30, "key": 0, "length": 245.9, "length_raw": 15504310.041188166}, "geometry": {"type": "LineString", "coordinates": [[-0.02667663926939274, 51.50583138079763], [-0.02620980000000075, 51.50561909999999], [-0.0262783999999995, 51.5054727], [-0.0262578000000009, 51.505417], [-0.026236300000000573, 51.5053256], [-0.026164799999998944, 51.5052192], [-0.0260378000000013, 51.505118599999996], [-0.025578100000001252, 51.50471829999999], [-0.02555100000000041, 51.5046797], [-0.02553259999999906, 51.50464039999999], [-0.02549399999999926, 51.50456450000001], [-0.02545219999999985, 51.5044477], [-0.02543509999999998, 51.504389199999984], [-0.025528447356070474, 51.5039203038408]]}}, {"type": "Feature", "properties": {"u": 140, "v": 132, "key": 0, "length": 390.5, "length_raw": 2223558.1971842255}, "geometry": {"type": "LineString", "coordinates": [[-0.02667663926939274, 51.50583138079763], [-0.027429299999999743, 51.5060405], [-0.027354400000000813, 51.506090599999986], [-0.027303100000000812, 51.506151100000004], [-0.027278899999999665, 51.506217799999995], [-0.02728349999999861, 51.5062861], [-0.027316500000001076, 51.5063514], [-0.027490100000000732, 51.50680109999999], [-0.027519200000000736, 51.5069051], [-0.027553600000000945, 51.5071267], [-0.027553499999999516, 51.507284500000004], [-0.027546800000000773, 51.50737359999999], [-0.0275203999999988, 51.50751040000001], [-0.02675656915025712, 51.50891367829479]]}}, {"type": "Feature", "properties": {"u": 141, "v": 30, "key": 0, "length": 226.2, "length_raw": 15936724.881506527}, "geometry": {"type": "LineString", "coordinates": [[-0.02661611712286023, 51.50580060946932], [-0.026413200000000872, 51.5053638], [-0.026327200000001542, 51.5052831], [-0.026319099999998298, 51.50527550000001], [-0.026283999999999617, 51.505242499999994], [-0.026245699999999733, 51.505210100000006], [-0.025750700000001722, 51.50474179999999], [-0.025528447356070474, 51.5039203038408]]}}, {"type": "Feature", "properties": {"u": 141, "v": 132, "key": 0, "length": 364.5, "length_raw": 2024086.9812058012}, "geometry": {"type": "LineString", "coordinates": [[-0.02661611712286023, 51.50580060946932], [-0.02707240000000017, 51.5062279], [-0.027109799999999913, 51.5063104], [-0.027117800000000535, 51.5063283], [-0.02713179999999944, 51.506361699999985], [-0.027151600000001712, 51.506399399999985], [-0.027266500000000173, 51.506622099999994], [-0.027339300000000104, 51.506798499999995], [-0.027368100000000593, 51.50689740000001], [-0.02740050000000045, 51.507036899999996], [-0.027408100000001316, 51.507189499999996], [-0.027396900000000685, 51.50737559999999], [-0.027345300000000374, 51.50757649999999], [-0.02675656915025712, 51.50891367829479]]}}, {"type": "Feature", "properties": {"u": 142, "v": 143, "key": 0, "length": 228.7, "length_raw": 15766603.268815609}, "geometry": {"type": "LineString", "coordinates": [[0.01627869999999964, 51.508335300000006], [0.016149299999999502, 51.5084058], [0.016028199999999902, 51.5084795], [0.015967599999999787, 51.5085146], [0.015942099999999147, 51.5085273], [0.01591359999999897, 51.50854009999999], [0.015878100000000537, 51.5085546], [0.015690000000000003, 51.5086169], [0.015651999999999236, 51.508627499999996], [0.015602799999998635, 51.5086415], [0.0154868999999994, 51.50866589999999], [0.01533969999999973, 51.50869360000001], [0.015218799999999012, 51.508714299999994], [0.01507210000000132, 51.5087309], [0.015002699999998292, 51.508733899999996], [0.01325529976482845, 51.50837400361708]]}}, {"type": "Feature", "properties": {"u": 142, "v": 144, "key": 0, "length": 144.7, "length_raw": 12301656.748278739}, "geometry": {"type": "LineString", "coordinates": [[0.01627869999999964, 51.508335300000006], [0.016247499999996657, 51.508315599999996], [0.016153999999999082, 51.508256700000004], [0.016098600000000126, 51.5082304], [0.016014900000000273, 51.5081964], [0.015935800000000555, 51.5081715], [0.015887199999999782, 51.5081574], [0.015861000000001065, 51.5081507], [0.01580880000000053, 51.5081372], [0.015775799999999257, 51.50813209999998], [0.01571149999999914, 51.5081281], [0.015662899999998762, 51.508125199999995], [0.01561910000000019, 51.50812260000001], [0.015510100000000963, 51.50811590000001], [0.015347499999999084, 51.5081205], [0.01510819999999998, 51.5081162], [0.014861500000000877, 51.50810829999999], [0.014630100000000172, 51.508098], [0.014613699999999574, 51.50809709999999], [0.014571600000000646, 51.508095000000004], [0.014471699999999076, 51.50807699999999], [0.014389799999999899, 51.50806380000001], [0.01430599999999941, 51.5080501]]}}, {"type": "Feature", "properties": {"u": 143, "v": 142, "key": 0, "length": 228.7, "length_raw": 15766603.268815609}, "geometry": {"type": "LineString", "coordinates": [[0.01325529976482845, 51.50837400361708], [0.015002699999998292, 51.508733899999996], [0.01507210000000132, 51.5087309], [0.015218799999999012, 51.508714299999994], [0.01533969999999973, 51.50869360000001], [0.0154868999999994, 51.50866589999999], [0.015602799999998635, 51.5086415], [0.015651999999999236, 51.508627499999996], [0.015690000000000003, 51.5086169], [0.015878100000000537, 51.5085546], [0.01591359999999897, 51.50854009999999], [0.015942099999999147, 51.5085273], [0.015967599999999787, 51.5085146], [0.016028199999999902, 51.5084795], [0.016149299999999502, 51.5084058], [0.01627869999999964, 51.508335300000006]]}}, {"type": "Feature", "properties": {"u": 143, "v": 145, "key": 0, "length": 841.3, "length_raw": 13858176.050349452}, "geometry": {"type": "LineString", "coordinates": [[0.01325529976482845, 51.50837400361708], [0.012041899999998981, 51.508463199999994], [0.012049899999997216, 51.508504599999995], [0.012047900000000441, 51.5085665], [0.012037299999998842, 51.508629299999996], [0.012014399999999578, 51.5086801], [0.011994799999999764, 51.50872629999999], [0.011965999999999673, 51.50878509999999], [0.011911900000000608, 51.50884679999999], [0.011850500000000985, 51.5088984], [0.01177159999999896, 51.5089615], [0.01158589999999933, 51.50906750000001], [0.011442899999998455, 51.5091369], [0.011410499999999794, 51.5091548], [0.011298199999998731, 51.5092035], [0.011277699999998779, 51.509212399999996], [0.011145299999999107, 51.50925720000001], [0.010621600000000049, 51.509413300000006], [0.010220599999998012, 51.50953359999999], [0.010125199999999526, 51.50956349999999], [0.009815399999999962, 51.5096556], [0.00955640000000081, 51.509729], [0.009307799999999205, 51.5097956], [0.009115999999999071, 51.50983739999999], [0.008851399999999005, 51.50988919999999], [0.008584499999999468, 51.50993179999998], [0.007863400000000556, 51.5100297], [0.007354300000000228, 51.51007789999999], [0.006811399999999521, 51.51011470000001], [0.006155299999998406, 51.51013549999998], [0.005505699999999932, 51.5101188], [0.005156800000000184, 51.5100978], [0.004844899999999634, 51.51007769999999], [0.004689599999999504, 51.5100696], [0.004602099999999414, 51.510063], [0.004353300000000119, 51.5100443], [0.003801999999998639, 51.51003259999999], [0.003343400000000396, 51.5100512], [0.0028957999999983364, 51.51009469999999], [0.0026022999999999316, 51.51014299999999], [0.002162100000001051, 51.5102072]]}}, {"type": "Feature", "properties": {"u": 143, "v": 146, "key": 0, "length": 351.4, "length_raw": 9710805.48610797}, "geometry": {"type": "LineString", "coordinates": [[0.01325529976482845, 51.50837400361708], [0.014344699999999842, 51.5083929], [0.01434370000000066, 51.5083022], [0.014357399999999647, 51.5082454], [0.014371900000000526, 51.5082043], [0.014387200000000511, 51.50817599999999], [0.014399699999999842, 51.50816139999999], [0.014600399999999545, 51.5079263], [0.014655099999998835, 51.50786219999999], [0.014718900000001745, 51.507816000000005], [0.01489269999999869, 51.50763649999999], [0.014926599999999705, 51.5075982], [0.015159500000000378, 51.5073348], [0.015190400000000662, 51.50730000000001], [0.015380799999999474, 51.50708459999999], [0.015417700000000423, 51.507042199999994], [0.015648799999998433, 51.5067773], [0.01567479999999787, 51.506747399999995], [0.015784099999998996, 51.50662210000001], [0.015851099999999927, 51.50652289999999], [0.01586469999999987, 51.506472], [0.015892199999999673, 51.5064131], [0.01590029999999934, 51.5063934], [0.015922199999998624, 51.5063356], [0.015926700000000116, 51.506303199999984], [0.01592389999999827, 51.5062786], [0.015920800000000485, 51.50626020000001], [0.015888999999999664, 51.50620049999999], [0.015906950014822528, 51.50616115000124]]}}, {"type": "Feature", "properties": {"u": 143, "v": 147, "key": 0, "length": 1876.4, "length_raw": 12836152.614271153}, "geometry": {"type": "LineString", "coordinates": [[0.01325529976482845, 51.50837400361708], [0.013099400000000693, 51.50783469999999], [0.01322720000000142, 51.50772330000001], [0.013442500000000248, 51.507567], [0.01358170000000049, 51.50747040000001], [0.013770099999999345, 51.50734219999998], [0.013918999999999057, 51.5072459], [0.014057799999999147, 51.50715149999999], [0.014240399999998606, 51.5070193], [0.014355100000000572, 51.506892799999996], [0.01457379999999869, 51.50665539999999], [0.014711899999998716, 51.506420299999995], [0.014845399999999398, 51.5060289], [0.014948399999999152, 51.50566340000001], [0.015026599999999921, 51.5051832], [0.015001999999999023, 51.50469559999999], [0.014934499999999296, 51.504261500000005], [0.014848699999999646, 51.5040479], [0.014717299999998759, 51.50378239999999], [0.014569799999998776, 51.50354029999999], [0.014357899999999636, 51.50325149999999], [0.014137899999998047, 51.503004399999995], [0.01390459999999921, 51.502767299999995], [0.013325199999999692, 51.50230979999999], [0.013019399999999248, 51.502112799999985], [0.012681500000000057, 51.5019259], [0.011898299999999869, 51.50150339999999], [0.011281399999999574, 51.501177799999994], [0.010594700000000871, 51.5008489], [0.009838300000000818, 51.5005517], [0.008996100000000319, 51.5002762], [0.008655499999998723, 51.5001493], [0.008100200000000113, 51.49992219999999], [0.0069897999999993885, 51.49940629999999], [0.005884800000000694, 51.498907], [0.005305400000000778, 51.4986115], [0.004886999999998959, 51.49837019999999], [0.004383499999999543, 51.4979983], [0.003979099999999011, 51.4976325], [0.0035754999999999737, 51.49719999999999], [0.0034795999999995093, 51.49708339999999], [0.0034055000000000825, 51.49696689999999], [0.0033126000000011434, 51.496907600000014], [0.0032400999999987403, 51.496828099999995], [0.003213699999999949, 51.496727], [0.0032051999999973503, 51.496564299999996], [0.003299099999999051, 51.4963138], [0.0034761999999990264, 51.496123499999996], [0.0037899999999996942, 51.49582199999999], [0.004165499999998706, 51.495546499999996], [0.004218299999997879, 51.4955072], [0.004426300000000126, 51.49533250000001]]}}, {"type": "Feature", "properties": {"u": 144, "v": 148, "key": 0, "length": 434.4, "length_raw": 10241371.208396863}, "geometry": {"type": "LineString", "coordinates": [[0.01430599999999941, 51.5080501], [0.014246299999997842, 51.508116900000005], [0.01419350000000026, 51.5081801], [0.01412530000000007, 51.50824959999999], [0.014093900000000591, 51.508286], [0.014043200000001213, 51.5083461], [0.014002900000000179, 51.50839500000001], [0.013907299999998436, 51.508511299999995], [0.013854899999998222, 51.50857310000001], [0.013821199999999667, 51.5086128], [0.013679199999999964, 51.5087802], [0.013668900000000268, 51.508793], [0.013642100000000929, 51.508826199999994], [0.013566899999998902, 51.5089192], [0.013437099999997822, 51.509073599999994], [0.013375899999999864, 51.5091462], [0.01326929999999995, 51.5092729], [0.013173099999999572, 51.5093879], [0.01312720000000001, 51.50944260000001], [0.013036699999998793, 51.5095508], [0.012979099999999008, 51.50961939999999], [0.012934299999999265, 51.50967270000001], [0.012887899999999317, 51.509728], [0.012796599999998593, 51.50983529999999], [0.012766100000000448, 51.50987119999999], [0.012739799999999508, 51.50990209999999], [0.012509599999998856, 51.510172499999996], [0.012465899999999724, 51.510223999999994], [0.01197489999999964, 51.5108008], [0.011940099999998089, 51.51084169999999], [0.011825400000000893, 51.51097650000001], [0.011735899999999655, 51.51108169999999], [0.01170589999999951, 51.511116900000005], [0.011651800000000842, 51.511181], [0.011607199999999583, 51.51123389999999], [0.011589400000000447, 51.511255], [0.011559299999999668, 51.5112879], [0.011504199999999432, 51.51135449999999], [0.011372699999998705, 51.51148889999999], [0.011390626851298633, 51.511483556688965]]}}, {"type": "Feature", "properties": {"u": 144, "v": 146, "key": 0, "length": 237.6, "length_raw": 14105335.237875607}, "geometry": {"type": "LineString", "coordinates": [[0.01430599999999941, 51.5080501], [0.01437749999999905, 51.50795949999999], [0.014404799999999572, 51.5079242], [0.01443329999999975, 51.50789149999999], [0.014627599999999432, 51.5076691], [0.014767899999998694, 51.5074984], [0.014795900000000075, 51.5074661], [0.014952099999999947, 51.5072826], [0.014991299999999574, 51.5072388], [0.015016799999998623, 51.5072083], [0.015042499999999338, 51.507177599999984], [0.015173400000000236, 51.507023], [0.01527979999999928, 51.506904500000005], [0.015700599999999218, 51.50642450000001], [0.015763799999998322, 51.50634939999998], [0.015798299999999564, 51.506308399999995], [0.015826600000000857, 51.506274600000005], [0.015888999999999664, 51.50620049999999], [0.015906950014822528, 51.50616115000124]]}}, {"type": "Feature", "properties": {"u": 144, "v": 142, "key": 0, "length": 144.7, "length_raw": 12301656.748278739}, "geometry": {"type": "LineString", "coordinates": [[0.01430599999999941, 51.5080501], [0.014389799999999899, 51.50806380000001], [0.014471699999999076, 51.50807699999999], [0.014571600000000646, 51.508095000000004], [0.014613699999999574, 51.50809709999999], [0.014630100000000172, 51.508098], [0.014861500000000877, 51.50810829999999], [0.01510819999999998, 51.5081162], [0.015347499999999084, 51.5081205], [0.015510100000000963, 51.50811590000001], [0.01561910000000019, 51.50812260000001], [0.015662899999998762, 51.508125199999995], [0.01571149999999914, 51.5081281], [0.015775799999999257, 51.50813209999998], [0.01580880000000053, 51.5081372], [0.015861000000001065, 51.5081507], [0.015887199999999782, 51.5081574], [0.015935800000000555, 51.5081715], [0.016014900000000273, 51.5081964], [0.016098600000000126, 51.5082304], [0.016153999999999082, 51.508256700000004], [0.016247499999996657, 51.508315599999996], [0.01627869999999964, 51.508335300000006]]}}, {"type": "Feature", "properties": {"u": 145, "v": 215, "key": 0, "length": 111.9, "length_raw": 11549049.949562663}, "geometry": {"type": "LineString", "coordinates": [[0.002162100000001051, 51.5102072], [0.0016129000000001613, 51.510342400000006], [0.0015217999999987183, 51.510368199999995], [0.0014265000000000696, 51.5103834], [0.0012507999999994278, 51.510397], [0.0008488680911364792, 51.510715885766665]]}}, {"type": "Feature", "properties": {"u": 146, "v": 144, "key": 0, "length": 237.6, "length_raw": 14105335.237875607}, "geometry": {"type": "LineString", "coordinates": [[0.015906950014822528, 51.50616115000124], [0.015888999999999664, 51.50620049999999], [0.015826600000000857, 51.506274600000005], [0.015798299999999564, 51.506308399999995], [0.015763799999998322, 51.50634939999998], [0.015700599999999218, 51.50642450000001], [0.01527979999999928, 51.506904500000005], [0.015173400000000236, 51.507023], [0.015042499999999338, 51.507177599999984], [0.015016799999998623, 51.5072083], [0.014991299999999574, 51.5072388], [0.014952099999999947, 51.5072826], [0.014795900000000075, 51.5074661], [0.014767899999998694, 51.5074984], [0.014627599999999432, 51.5076691], [0.01443329999999975, 51.50789149999999], [0.014404799999999572, 51.5079242], [0.01437749999999905, 51.50795949999999], [0.01430599999999941, 51.5080501]]}}, {"type": "Feature", "properties": {"u": 146, "v": 143, "key": 0, "length": 318.2, "length_raw": 9710805.48610797}, "geometry": {"type": "LineString", "coordinates": [[0.015906950014822528, 51.50616115000124], [0.015924900000000235, 51.5061218], [0.015851799999999597, 51.50617279999999], [0.01582309999999815, 51.506192799999994], [0.015756400000000313, 51.506227200000005], [0.0157319999999979, 51.506245699999994], [0.01567529999999905, 51.5062974], [0.01564169999999795, 51.506327999999996], [0.015588500000000217, 51.5063764], [0.015462400000000329, 51.506491100000005], [0.015422899999999596, 51.5065276], [0.015371699999999036, 51.5065734], [0.015259400000000358, 51.5066581], [0.015234499999999944, 51.5066814], [0.015111899999997992, 51.50678889999999], [0.014991799999997973, 51.50691729999999], [0.014722199999999208, 51.50720570000001], [0.014367299999999193, 51.5075925], [0.014258500000000042, 51.507701], [0.01413539999999969, 51.5078305], [0.014076199999999305, 51.50788269999999], [0.014000999999999665, 51.50795099999999], [0.013989199999999601, 51.50796330000001], [0.01325529976482845, 51.50837400361708]]}}, {"type": "Feature", "properties": {"u": 147, "v": 523, "key": 0, "length": 120.1, "length_raw": 7223002.332355696}, "geometry": {"type": "LineString", "coordinates": [[0.004426300000000126, 51.49533250000001], [0.004580699999999322, 51.49523739999999], [0.005068999999999385, 51.49491770000001], [0.005264699999999196, 51.49474209999999], [0.005530000000001313, 51.49450399999999]]}}, {"type": "Feature", "properties": {"u": 148, "v": 290, "key": 0, "length": 90.4, "length_raw": 9840957.769534227}, "geometry": {"type": "LineString", "coordinates": [[0.011390626851298633, 51.511483556688965], [0.011264700000000651, 51.51164300000001], [0.011151999999999836, 51.5117753], [0.010938199999998987, 51.512021799999985], [0.010778700000000061, 51.51220199999999]]}}, {"type": "Feature", "properties": {"u": 148, "v": 144, "key": 0, "length": 434.4, "length_raw": 10241371.208396863}, "geometry": {"type": "LineString", "coordinates": [[0.011390626851298633, 51.511483556688965], [0.011372699999998705, 51.51148889999999], [0.011504199999999432, 51.51135449999999], [0.011559299999999668, 51.5112879], [0.011589400000000447, 51.511255], [0.011607199999999583, 51.51123389999999], [0.011651800000000842, 51.511181], [0.01170589999999951, 51.511116900000005], [0.011735899999999655, 51.51108169999999], [0.011825400000000893, 51.51097650000001], [0.011940099999998089, 51.51084169999999], [0.01197489999999964, 51.5108008], [0.012465899999999724, 51.510223999999994], [0.012509599999998856, 51.510172499999996], [0.012739799999999508, 51.50990209999999], [0.012766100000000448, 51.50987119999999], [0.012796599999998593, 51.50983529999999], [0.012887899999999317, 51.509728], [0.012934299999999265, 51.50967270000001], [0.012979099999999008, 51.50961939999999], [0.013036699999998793, 51.5095508], [0.01312720000000001, 51.50944260000001], [0.013173099999999572, 51.5093879], [0.01326929999999995, 51.5092729], [0.013375899999999864, 51.5091462], [0.013437099999997822, 51.509073599999994], [0.013566899999998902, 51.5089192], [0.013642100000000929, 51.508826199999994], [0.013668900000000268, 51.508793], [0.013679199999999964, 51.5087802], [0.013821199999999667, 51.5086128], [0.013854899999998222, 51.50857310000001], [0.013907299999998436, 51.508511299999995], [0.014002900000000179, 51.50839500000001], [0.014043200000001213, 51.5083461], [0.014093900000000591, 51.508286], [0.01412530000000007, 51.50824959999999], [0.01419350000000026, 51.5081801], [0.014246299999997842, 51.508116900000005], [0.01430599999999941, 51.5080501]]}}, {"type": "Feature", "properties": {"u": 148, "v": 291, "key": 0, "length": 206.3, "length_raw": 9097417.55602474}, "geometry": {"type": "LineString", "coordinates": [[0.011390626851298633, 51.511483556688965], [0.011612299999999711, 51.5115324], [0.011663999999999862, 51.51148379999999], [0.011701600000000081, 51.5114367], [0.011756799999998168, 51.511357499999995], [0.011800200000000169, 51.511283199999994], [0.01206959999999846, 51.5109552], [0.012213600000000505, 51.510784], [0.012301399999999315, 51.5106886], [0.012323800000000579, 51.5106643], [0.012634699999998368, 51.5102908], [0.012868267376841809, 51.51001436677674]]}}, {"type": "Feature", "properties": {"u": 148, "v": 292, "key": 0, "length": 181.4, "length_raw": 11988445.331110781}, "geometry": {"type": "LineString", "coordinates": [[0.011390626851298633, 51.511483556688965], [0.011327500000000401, 51.511296], [0.011908800000000039, 51.5106134], [0.012055299999999644, 51.51043200000001], [0.012167199999998967, 51.5103019], [0.0124082013312805, 51.5100229335423]]}}, {"type": "Feature", "properties": {"u": 149, "v": 150, "key": 0, "length": 254.0, "length_raw": 11750254.6648893}, "geometry": {"type": "LineString", "coordinates": [[0.008864487705949288, 51.49121045763539], [0.008713699999999925, 51.49015020000001], [0.008711699999997583, 51.490113], [0.00871239999999884, 51.48996979999999], [0.008711800000000205, 51.4899251], [0.008711299999998626, 51.489877799999995], [0.00871039999999968, 51.4898306], [0.008708100000000604, 51.489711599999985], [0.008706099999999453, 51.48965809999999], [0.008703900000000217, 51.4895998], [0.00870209999999795, 51.4895513], [0.008403909176760163, 51.48895879491674]]}}, {"type": "Feature", "properties": {"u": 149, "v": 151, "key": 0, "length": 312.9, "length_raw": 18196884.949303202}, "geometry": {"type": "LineString", "coordinates": [[0.008864487705949288, 51.49121045763539], [0.008678599999999256, 51.49186659999999], [0.008646199999999798, 51.49188459999999], [0.008438699999999926, 51.4920244], [0.00756360000000038, 51.49266119999999], [0.006565799999998645, 51.4935597]]}}, {"type": "Feature", "properties": {"u": 149, "v": 152, "key": 0, "length": 240.2, "length_raw": 14749307.739564592}, "geometry": {"type": "LineString", "coordinates": [[0.008864487705949288, 51.49121045763539], [0.008840600000000115, 51.49184379999999], [0.008874700000000011, 51.4919234], [0.008906099999999887, 51.49201299999999], [0.008962199999998909, 51.492285], [0.008987799999998592, 51.49241469999999], [0.00902519999999953, 51.49255149999998], [0.009085999999998927, 51.4927588], [0.00964965738862868, 51.49324369511758]]}}, {"type": "Feature", "properties": {"u": 149, "v": 153, "key": 0, "length": 359.7, "length_raw": 17954307.52200936}, "geometry": {"type": "LineString", "coordinates": [[0.008864487705949288, 51.49121045763539], [0.009231699999999425, 51.4922153], [0.009226299999999382, 51.492140000000006], [0.009238499999999594, 51.4920645], [0.009258199999998452, 51.49200199999999], [0.009295099999999003, 51.491937699999994], [0.009338699999999886, 51.491884000000006], [0.009366599999999042, 51.49185549999999], [0.01044420000000016, 51.49091260000001], [0.010898599999999608, 51.4905326], [0.011025199999999883, 51.49035270000001]]}}, {"type": "Feature", "properties": {"u": 150, "v": 326, "key": 0, "length": 210.8, "length_raw": 14860997.433863694}, "geometry": {"type": "LineString", "coordinates": [[0.008403909176760163, 51.48895879491674], [0.007923900000000438, 51.48837859999999], [0.007640700000000537, 51.487847699999996], [0.0076217999999988, 51.48781079999999], [0.0075567999999998125, 51.4876897], [0.0075361999999996225, 51.4875933], [0.007522899999999196, 51.487483399999995], [0.0075247000000006675, 51.4872912], [0.007516900000000519, 51.487174100000004]]}}, {"type": "Feature", "properties": {"u": 150, "v": 149, "key": 0, "length": 254.0, "length_raw": 11750254.6648893}, "geometry": {"type": "LineString", "coordinates": [[0.008403909176760163, 51.48895879491674], [0.00870209999999795, 51.4895513], [0.008703900000000217, 51.4895998], [0.008706099999999453, 51.48965809999999], [0.008708100000000604, 51.489711599999985], [0.00871039999999968, 51.4898306], [0.008711299999998626, 51.489877799999995], [0.008711800000000205, 51.4899251], [0.00871239999999884, 51.48996979999999], [0.008711699999997583, 51.490113], [0.008713699999999925, 51.49015020000001], [0.008864487705949288, 51.49121045763539]]}}, {"type": "Feature", "properties": {"u": 151, "v": 512, "key": 0, "length": 287.0, "length_raw": 10894625.554031549}, "geometry": {"type": "LineString", "coordinates": [[0.006565799999998645, 51.4935597], [0.0051954999999994245, 51.4946018], [0.004994300000000131, 51.4947472], [0.004626699999999914, 51.4949994], [0.00430479999999958, 51.49519049999999], [0.004123699999998897, 51.4952872], [0.003959200000000079, 51.4953741], [0.0037888999999978893, 51.4954684]]}}, {"type": "Feature", "properties": {"u": 152, "v": 160, "key": 0, "length": 208.5, "length_raw": 13891810.898967192}, "geometry": {"type": "LineString", "coordinates": [[0.00964965738862868, 51.49324369511758], [0.010188500000000458, 51.493268900000004], [0.010237899999999942, 51.493161], [0.010328599999998453, 51.49298979999998], [0.01035020000000021, 51.492952599999995], [0.010417299999998596, 51.492862299999985], [0.010519599999999478, 51.49274020000001], [0.010635199999999198, 51.49261869999999], [0.01072199999999962, 51.49253840000001], [0.01081429999999913, 51.4924599], [0.010946100000000167, 51.4923578], [0.011095199999999557, 51.49225460000001], [0.011540910269399513, 51.49201924523384]]}}, {"type": "Feature", "properties": {"u": 152, "v": 161, "key": 0, "length": 107.1, "length_raw": 10206413.410715858}, "geometry": {"type": "LineString", "coordinates": [[0.00964965738862868, 51.49324369511758], [0.009398399999999864, 51.49345290000001], [0.009295199999998047, 51.49365389999999], [0.009227299999998564, 51.4937444], [0.008893999999999116, 51.4940754]]}}, {"type": "Feature", "properties": {"u": 152, "v": 149, "key": 0, "length": 238.7, "length_raw": 14749307.739564592}, "geometry": {"type": "LineString", "coordinates": [[0.00964965738862868, 51.49324369511758], [0.00971689999999852, 51.4931188], [0.009534700000000803, 51.493020099999995], [0.009469299999998883, 51.4929558], [0.009410299999998572, 51.492872599999984], [0.00937549999999861, 51.49278629999999], [0.00934199999999894, 51.492693100000004], [0.009231699999999425, 51.4922153], [0.008864487705949288, 51.49121045763539]]}}, {"type": "Feature", "properties": {"u": 153, "v": 248, "key": 0, "length": 247.8, "length_raw": 8666070.683872461}, "geometry": {"type": "LineString", "coordinates": [[0.011025199999999883, 51.49035270000001], [0.011785299999999537, 51.4897636], [0.012276199999998193, 51.48940619999998], [0.01269720000000059, 51.489149], [0.013115699999999862, 51.48893090000001], [0.013507299999998763, 51.48876320000001]]}}, {"type": "Feature", "properties": {"u": 154, "v": 155, "key": 0, "length": 114.4, "length_raw": 12057599.850042056}, "geometry": {"type": "LineString", "coordinates": [[0.0006468844057933162, 51.50073706290839], [0.0007318999999993917, 51.50081689999998], [0.0018682999999991541, 51.50075039999999], [0.002220347377665252, 51.50078822023202]]}}, {"type": "Feature", "properties": {"u": 154, "v": 156, "key": 0, "length": 514.9, "length_raw": 6977554.6709036315}, "geometry": {"type": "LineString", "coordinates": [[0.0006468844057933162, 51.50073706290839], [0.0006450000000003225, 51.5006146], [0.0007690999999982669, 51.50026519999999], [0.000907400000000356, 51.499825200000004], [0.0010541000000008317, 51.4994551], [0.0010983000000003502, 51.4993221], [0.0011152000000005402, 51.4992558], [0.0011304999999989362, 51.4991948], [0.0011393999999992997, 51.499159299999995], [0.001149299999999244, 51.49911989999999], [0.00117640000000128, 51.49897270000001], [0.001202399999999921, 51.498816099999985], [0.0012249999999996693, 51.49872489999999], [0.0012440999999994936, 51.498647899999995], [0.0012716999999999286, 51.49856830000001], [0.0012777000000001961, 51.49855079999998], [0.0013070999999985247, 51.4984659], [0.0014743000000001462, 51.4979778], [0.0015327999999988772, 51.497842899999995], [0.0015565999999994742, 51.49778869999999], [0.0016234999999997725, 51.497636], [0.0017120999999988844, 51.49730399999999], [0.0017795999999994081, 51.49705099999999], [0.001797900000000522, 51.4969824], [0.0019113999999996504, 51.49667409999999], [0.0019479000000000514, 51.496575], [0.0019728000000004656, 51.4965072], [0.0023183184460838103, 51.49627704630313]]}}, {"type": "Feature", "properties": {"u": 155, "v": 399, "key": 0, "length": 409.2, "length_raw": 8995530.799499003}, "geometry": {"type": "LineString", "coordinates": [[0.002220347377665252, 51.50078822023202], [0.00243130000000046, 51.50102689999999], [0.0024789999999999023, 51.50082709999999], [0.0024857999999996754, 51.500686900000005], [0.002473599999999463, 51.500499999999995], [0.0024291999999994716, 51.50019619999999], [0.0024070999999977246, 51.50006079999999], [0.00236990000000044, 51.49983329999999], [0.002346899999999746, 51.49970450000001], [0.0023365999999980613, 51.49955129999999], [0.002338699999997459, 51.49936499999999], [0.0023808999999994063, 51.4991211], [0.002460499999999111, 51.498876599999996], [0.0025391999999994715, 51.49867150000001], [0.0026035999999990287, 51.498515499999996], [0.0026863999999987434, 51.4983701], [0.0027591000000008244, 51.49825760000001], [0.0029363000000006386, 51.498045899999994], [0.0030943999999994355, 51.497894699999996], [0.003270600513580929, 51.49775426679324]]}}, {"type": "Feature", "properties": {"u": 155, "v": 154, "key": 0, "length": 114.4, "length_raw": 12057599.850042056}, "geometry": {"type": "LineString", "coordinates": [[0.002220347377665252, 51.50078822023202], [0.0018682999999991541, 51.50075039999999], [0.0007318999999993917, 51.50081689999998], [0.0006468844057933162, 51.50073706290839]]}}, {"type": "Feature", "properties": {"u": 156, "v": 309, "key": 0, "length": 1741.5, "length_raw": 1998946.1536456647}, "geometry": {"type": "LineString", "coordinates": [[0.0023183184460838103, 51.49627704630313], [0.0022248999999996094, 51.4963859], [0.002175199999999415, 51.496458499999996], [0.00214439999999897, 51.496518899999984], [0.0021028000000000314, 51.49660050000001], [0.0020596000000000936, 51.49671769999999], [0.0020375000000011296, 51.49679810000001], [0.001763499999999519, 51.497807400000006], [0.0016435999999999725, 51.49822369999999], [0.0015778000000006842, 51.498451800000005], [0.001500099999999507, 51.498719900000005], [0.0014310000000007672, 51.4989118], [0.0013948000000002802, 51.499], [0.001373399999998995, 51.49905089999998], [0.00028149999999906266, 51.50144070000001], [0.00024330000000020928, 51.501494799999996], [0.00019370000000104657, 51.501547299999984], [0.000134199999998759, 51.5015966], [-0.001526900000000834, 51.5026796], [-0.0015763000000007168, 51.50270869999999], [-0.0016251000000015664, 51.502735099999995], [-0.001673100000000923, 51.50275859999999], [-0.0058159000000004395, 51.504650199999986], [-0.005892300000001327, 51.50468819999999], [-0.005962100000001323, 51.50473079999999], [-0.006024699999999807, 51.50477750000001], [-0.0070165999999995225, 51.5055821], [-0.0070662999999997166, 51.505628499999986], [-0.007102300000001719, 51.5056834], [-0.007123200000000629, 51.50574490000001], [-0.007607499999999985, 51.5080047], [-0.007617900000000316, 51.50813170000001], [-0.007601999999998912, 51.50825849999999], [-0.007559899999999984, 51.508382899999994], [-0.007492300000000814, 51.5085029], [-0.007400500000000897, 51.5086165], [-0.007290400000001058, 51.5087488], [-0.007204200000000463, 51.50888779999998], [-0.007143599999999949, 51.50903189999999], [-0.007132900000002487, 51.50905889999999], [-0.007106599999999161, 51.50915299999998], [-0.007071099999999931, 51.5095862], [-0.007070200000000587, 51.5096271]]}}, {"type": "Feature", "properties": {"u": 156, "v": 154, "key": 0, "length": 514.9, "length_raw": 6977554.6709036315}, "geometry": {"type": "LineString", "coordinates": [[0.0023183184460838103, 51.49627704630313], [0.0019728000000004656, 51.4965072], [0.0019479000000000514, 51.496575], [0.0019113999999996504, 51.49667409999999], [0.001797900000000522, 51.4969824], [0.0017795999999994081, 51.49705099999999], [0.0017120999999988844, 51.49730399999999], [0.0016234999999997725, 51.497636], [0.0015565999999994742, 51.49778869999999], [0.0015327999999988772, 51.497842899999995], [0.0014743000000001462, 51.4979778], [0.0013070999999985247, 51.4984659], [0.0012777000000001961, 51.49855079999998], [0.0012716999999999286, 51.49856830000001], [0.0012440999999994936, 51.498647899999995], [0.0012249999999996693, 51.49872489999999], [0.001202399999999921, 51.498816099999985], [0.00117640000000128, 51.49897270000001], [0.001149299999999244, 51.49911989999999], [0.0011393999999992997, 51.499159299999995], [0.0011304999999989362, 51.4991948], [0.0011152000000005402, 51.4992558], [0.0010983000000003502, 51.4993221], [0.0010541000000008317, 51.4994551], [0.000907400000000356, 51.499825200000004], [0.0007690999999982669, 51.50026519999999], [0.0006450000000003225, 51.5006146], [0.0006468844057933162, 51.50073706290839]]}}, {"type": "Feature", "properties": {"u": 157, "v": 158, "key": 0, "length": 149.2, "length_raw": 8359494.785279403}, "geometry": {"type": "LineString", "coordinates": [[-0.008063488199197142, 51.48120378575923], [-0.008237500000000234, 51.481125399999996], [-0.00890950000000037, 51.480907200000004], [-0.00913930000000127, 51.4808318], [-0.010014964873328966, 51.4810112065232]]}}, {"type": "Feature", "properties": {"u": 157, "v": 159, "key": 0, "length": 388.7, "length_raw": 16898014.14723078}, "geometry": {"type": "LineString", "coordinates": [[-0.008063488199197142, 51.48120378575923], [-0.007855100000000816, 51.48124839999999], [-0.007807199999999709, 51.481264599999996], [-0.007738300000000249, 51.4812881], [-0.007669500000000628, 51.481311699999985], [-0.007198200000000195, 51.48147410000001], [-0.007097100000000957, 51.4815095], [-0.006986700000001602, 51.48154799999999], [-0.0066385000000011235, 51.48166479999998], [-0.00657439999999989, 51.48168630000001], [-0.006498900000000335, 51.4817118], [-0.004811999999999791, 51.4822817], [-0.004731800000001451, 51.482308799999984], [-0.004651100000001134, 51.48233630000001], [-0.003876899999999559, 51.482600700000006], [-0.003737000000000049, 51.4826472], [-0.003367899999999467, 51.482771500000005], [-0.0033410000000026743, 51.48278049999999], [-0.0033162999999995523, 51.4827888], [-0.0032774000000002374, 51.4828019], [-0.0031209000000008485, 51.48285709999999]]}}, {"type": "Feature", "properties": {"u": 158, "v": 162, "key": 0, "length": 291.6, "length_raw": 11631946.959917253}, "geometry": {"type": "LineString", "coordinates": [[-0.010014964873328966, 51.4810112065232], [-0.009533800000000266, 51.47993780000001], [-0.009695000000000427, 51.479752999999995], [-0.009845400000002094, 51.4795677], [-0.010168400000001849, 51.479184499999995], [-0.010227300000001128, 51.4791222], [-0.010286900000000073, 51.47906549999999], [-0.010369600000000347, 51.47899679999999], [-0.010492600000000461, 51.4789026], [-0.010621600000001242, 51.47880969999999], [-0.010668400000000942, 51.478776], [-0.010712700000001095, 51.47874819999999], [-0.010829500000000866, 51.47867480000001]]}}, {"type": "Feature", "properties": {"u": 158, "v": 157, "key": 0, "length": 290.4, "length_raw": 8359494.785279403}, "geometry": {"type": "LineString", "coordinates": [[-0.010014964873328966, 51.4810112065232], [-0.009990700000000454, 51.48176459999999], [-0.009944600000000818, 51.48178699999999], [-0.009095400000000075, 51.482064799999996], [-0.009034899999999797, 51.48208500000001], [-0.0089823000000003, 51.4821025], [-0.008929099999999388, 51.482120300000005], [-0.008885599999999138, 51.48212999999999], [-0.008843299999999738, 51.482129099999995], [-0.008805000000001444, 51.482114899999985], [-0.008778000000000835, 51.48209460000001], [-0.008733900000000362, 51.48203990000001], [-0.00857840000000095, 51.4818431], [-0.008527400000000865, 51.4817789], [-0.00833570000000057, 51.48152209999999], [-0.00831350000000137, 51.4814907], [-0.0082595999999992, 51.48141699999999], [-0.008199099999999319, 51.4813372], [-0.00817039999999986, 51.4813013], [-0.008139900000000125, 51.48126429999999], [-0.008063488199197142, 51.48120378575923]]}}, {"type": "Feature", "properties": {"u": 158, "v": 163, "key": 0, "length": 249.5, "length_raw": 8940260.837461231}, "geometry": {"type": "LineString", "coordinates": [[-0.010014964873328966, 51.4810112065232], [-0.011554400000001205, 51.4814383], [-0.011898400000001298, 51.48143979999999], [-0.012815899999999289, 51.48144380000001], [-0.013064799999999217, 51.481445], [-0.013128200000000386, 51.481445], [-0.013195799999999556, 51.4814451], [-0.01347260000000063, 51.48144529999998]]}}, {"type": "Feature", "properties": {"u": 159, "v": 157, "key": 0, "length": 388.7, "length_raw": 16898014.14723078}, "geometry": {"type": "LineString", "coordinates": [[-0.0031209000000008485, 51.48285709999999], [-0.0032774000000002374, 51.4828019], [-0.0033162999999995523, 51.4827888], [-0.0033410000000026743, 51.48278049999999], [-0.003367899999999467, 51.482771500000005], [-0.003737000000000049, 51.4826472], [-0.003876899999999559, 51.482600700000006], [-0.004651100000001134, 51.48233630000001], [-0.004731800000001451, 51.482308799999984], [-0.004811999999999791, 51.4822817], [-0.006498900000000335, 51.4817118], [-0.00657439999999989, 51.48168630000001], [-0.0066385000000011235, 51.48166479999998], [-0.006986700000001602, 51.48154799999999], [-0.007097100000000957, 51.4815095], [-0.007198200000000195, 51.48147410000001], [-0.007669500000000628, 51.481311699999985], [-0.007738300000000249, 51.4812881], [-0.007807199999999709, 51.481264599999996], [-0.007855100000000816, 51.48124839999999], [-0.008063488199197142, 51.48120378575923]]}}, {"type": "Feature", "properties": {"u": 159, "v": 164, "key": 0, "length": 63.4, "length_raw": 6989966.497249846}, "geometry": {"type": "LineString", "coordinates": [[-0.0031209000000008485, 51.48285709999999], [-0.0029809999999997486, 51.48290680000001], [-0.0029170000000015343, 51.48292729999999], [-0.0028525000000013427, 51.4829481], [-0.0027516000000013846, 51.4829784], [-0.0027067000000002115, 51.482991600000005], [-0.0026720000000000897, 51.48300170000001], [-0.0025540000000002635, 51.483036199999994], [-0.0023583000000000553, 51.48309079999999], [-0.002298899999999992, 51.48310679999999]]}}, {"type": "Feature", "properties": {"u": 160, "v": 295, "key": 0, "length": 116.9, "length_raw": 6049778.740408487}, "geometry": {"type": "LineString", "coordinates": [[0.011540910269399513, 51.49201924523384], [0.012014999999999405, 51.49178169999998], [0.012667400000000521, 51.49142729999999], [0.012823699999999836, 51.49133640000001]]}}, {"type": "Feature", "properties": {"u": 161, "v": 530, "key": 0, "length": 112.7, "length_raw": 9987512.638207575}, "geometry": {"type": "LineString", "coordinates": [[0.008893999999999116, 51.4940754], [0.008614899999998966, 51.49437199999999], [0.008451700000000837, 51.49453129999999], [0.008412699999999298, 51.49457229999999], [0.008224700000000194, 51.49476229999999], [0.008047900000000531, 51.4949414]]}}, {"type": "Feature", "properties": {"u": 162, "v": 186, "key": 0, "length": 127.1, "length_raw": 13065464.371046504}, "geometry": {"type": "LineString", "coordinates": [[-0.010829500000000866, 51.47867480000001], [-0.01078629999999934, 51.47864300000001], [-0.010746100000001325, 51.4786135], [-0.01066970000000163, 51.47854600000001], [-0.0106236000000008, 51.478487599999994], [-0.010574700000000112, 51.47840949999999], [-0.010443600000000332, 51.47816449999999], [-0.010406700000000178, 51.478098], [-0.01039290000000016, 51.47807329999999], [-0.01037049999999969, 51.478036899999985], [-0.010029288546470201, 51.47765405384781]]}}, {"type": "Feature", "properties": {"u": 162, "v": 158, "key": 0, "length": 291.6, "length_raw": 11631946.959917253}, "geometry": {"type": "LineString", "coordinates": [[-0.010829500000000866, 51.47867480000001], [-0.010712700000001095, 51.47874819999999], [-0.010668400000000942, 51.478776], [-0.010621600000001242, 51.47880969999999], [-0.010492600000000461, 51.4789026], [-0.010369600000000347, 51.47899679999999], [-0.010286900000000073, 51.47906549999999], [-0.010227300000001128, 51.4791222], [-0.010168400000001849, 51.479184499999995], [-0.009845400000002094, 51.4795677], [-0.009695000000000427, 51.479752999999995], [-0.009533800000000266, 51.47993780000001], [-0.010014964873328966, 51.4810112065232]]}}, {"type": "Feature", "properties": {"u": 162, "v": 306, "key": 0, "length": 145.5, "length_raw": 13807984.010023065}, "geometry": {"type": "LineString", "coordinates": [[-0.010829500000000866, 51.47867480000001], [-0.011084899999999065, 51.478528], [-0.011166499999999918, 51.478478200000005], [-0.011540499999999758, 51.4782692], [-0.01179860000000076, 51.478118599999995], [-0.012173538892876545, 51.47769006210517]]}}, {"type": "Feature", "properties": {"u": 163, "v": 158, "key": 0, "length": 249.5, "length_raw": 8940260.837461231}, "geometry": {"type": "LineString", "coordinates": [[-0.01347260000000063, 51.48144529999998], [-0.013195799999999556, 51.4814451], [-0.013128200000000386, 51.481445], [-0.013064799999999217, 51.481445], [-0.012815899999999289, 51.48144380000001], [-0.011898400000001298, 51.48143979999999], [-0.011554400000001205, 51.4814383], [-0.010014964873328966, 51.4810112065232]]}}, {"type": "Feature", "properties": {"u": 163, "v": 122, "key": 0, "length": 106.8, "length_raw": 8453610.650011718}, "geometry": {"type": "LineString", "coordinates": [[-0.01347260000000063, 51.48144529999998], [-0.013566000000000751, 51.48144580000001], [-0.013691599999999854, 51.48144260000001], [-0.013962300000000026, 51.481435999999995], [-0.014152599999999, 51.4814307], [-0.014457000000002496, 51.48142399999999], [-0.014615400000001605, 51.48142089999999], [-0.014650200000001962, 51.481419299999985], [-0.014818200000001102, 51.4814097], [-0.014843500072918268, 51.48128965000483]]}}, {"type": "Feature", "properties": {"u": 164, "v": 302, "key": 0, "length": 83.8, "length_raw": 8149250.5211580545}, "geometry": {"type": "LineString", "coordinates": [[-0.002298899999999992, 51.48310679999999], [-0.0022628000000013315, 51.4831165], [-0.0019734999999993373, 51.483183000000004], [-0.001876000000001452, 51.48320479999999], [-0.0015517000000010118, 51.48327570000001], [-0.0011527000000021122, 51.48334769999999]]}}, {"type": "Feature", "properties": {"u": 164, "v": 159, "key": 0, "length": 63.4, "length_raw": 6989966.497249846}, "geometry": {"type": "LineString", "coordinates": [[-0.002298899999999992, 51.48310679999999], [-0.0023583000000000553, 51.48309079999999], [-0.0025540000000002635, 51.483036199999994], [-0.0026720000000000897, 51.48300170000001], [-0.0027067000000002115, 51.482991600000005], [-0.0027516000000013846, 51.4829784], [-0.0028525000000013427, 51.4829481], [-0.0029170000000015343, 51.48292729999999], [-0.0029809999999997486, 51.48290680000001], [-0.0031209000000008485, 51.48285709999999]]}}, {"type": "Feature", "properties": {"u": 165, "v": 166, "key": 0, "length": 139.1, "length_raw": 15094234.2601277}, "geometry": {"type": "LineString", "coordinates": [[-0.0564545389290435, 51.51974068460216], [-0.056475700000000434, 51.520168299999995], [-0.056483099999999634, 51.5202087], [-0.05648160000000086, 51.520231800000005], [-0.05647890000000084, 51.5203105], [-0.05646720000000061, 51.520367499999985], [-0.05647360000000024, 51.520401500000006], [-0.05640330000000105, 51.52056739999999], [-0.05631160000000057, 51.520753299999996], [-0.05630160000000119, 51.52077109999999], [-0.05625390000000055, 51.52084969999999], [-0.05618120000000046, 51.5209607]]}}, {"type": "Feature", "properties": {"u": 165, "v": 167, "key": 0, "length": 142.9, "length_raw": 10441098.522979323}, "geometry": {"type": "LineString", "coordinates": [[-0.0564545389290435, 51.51974068460216], [-0.055842599999999215, 51.5192545], [-0.05555370000000016, 51.51861139999999]]}}, {"type": "Feature", "properties": {"u": 165, "v": 168, "key": 0, "length": 330.9, "length_raw": 13049284.96770602}, "geometry": {"type": "LineString", "coordinates": [[-0.0564545389290435, 51.51974068460216], [-0.05511690000000176, 51.52007230000001], [-0.05471729999999985, 51.52015269999998], [-0.05417619999999942, 51.5202356], [-0.05377119999999946, 51.52031560000001], [-0.05364239999999875, 51.520341099999996], [-0.05358060000000097, 51.520352499999994], [-0.05351760000000074, 51.520364], [-0.05320509999999917, 51.52041930000001], [-0.05317540000000133, 51.5204243], [-0.053061100000000305, 51.5204479], [-0.05296650000000013, 51.5204681], [-0.05263389999999916, 51.520533400000005], [-0.05228199999999987, 51.520606199999996], [-0.05215480000000176, 51.52063359999998], [-0.05192215023900247, 51.520682100235014]]}}, {"type": "Feature", "properties": {"u": 166, "v": 227, "key": 0, "length": 114.2, "length_raw": 12356243.118763292}, "geometry": {"type": "LineString", "coordinates": [[-0.05618120000000046, 51.5209607], [-0.056158900000001025, 51.52100149999999], [-0.05606990000000176, 51.5211388], [-0.05599329999999961, 51.521256900000004], [-0.055567099999999224, 51.521913999999995]]}}, {"type": "Feature", "properties": {"u": 166, "v": 165, "key": 0, "length": 139.1, "length_raw": 15094234.2601277}, "geometry": {"type": "LineString", "coordinates": [[-0.05618120000000046, 51.5209607], [-0.05625390000000055, 51.52084969999999], [-0.05630160000000119, 51.52077109999999], [-0.05631160000000057, 51.520753299999996], [-0.05640330000000105, 51.52056739999999], [-0.05647360000000024, 51.520401500000006], [-0.05646720000000061, 51.520367499999985], [-0.05647890000000084, 51.5203105], [-0.05648160000000086, 51.520231800000005], [-0.056483099999999634, 51.5202087], [-0.056475700000000434, 51.520168299999995], [-0.0564545389290435, 51.51974068460216]]}}, {"type": "Feature", "properties": {"u": 167, "v": 165, "key": 0, "length": 142.9, "length_raw": 10441098.522979323}, "geometry": {"type": "LineString", "coordinates": [[-0.05555370000000016, 51.51861139999999], [-0.055842599999999215, 51.5192545], [-0.0564545389290435, 51.51974068460216]]}}, {"type": "Feature", "properties": {"u": 167, "v": 65, "key": 0, "length": 175.3, "length_raw": 16976696.90865165}, "geometry": {"type": "LineString", "coordinates": [[-0.05555370000000016, 51.51861139999999], [-0.05554249999999992, 51.51857929999999], [-0.055448600000000604, 51.5183097], [-0.05532490000000082, 51.5179808], [-0.05527720000000059, 51.5178634], [-0.05524270000000054, 51.5177976], [-0.055200123007725484, 51.517058655498424]]}}, {"type": "Feature", "properties": {"u": 168, "v": 165, "key": 0, "length": 330.9, "length_raw": 13049284.96770602}, "geometry": {"type": "LineString", "coordinates": [[-0.05192215023900247, 51.520682100235014], [-0.05215480000000176, 51.52063359999998], [-0.05228199999999987, 51.520606199999996], [-0.05263389999999916, 51.520533400000005], [-0.05296650000000013, 51.5204681], [-0.053061100000000305, 51.5204479], [-0.05317540000000133, 51.5204243], [-0.05320509999999917, 51.52041930000001], [-0.05351760000000074, 51.520364], [-0.05358060000000097, 51.520352499999994], [-0.05364239999999875, 51.520341099999996], [-0.05377119999999946, 51.52031560000001], [-0.05417619999999942, 51.5202356], [-0.05471729999999985, 51.52015269999998], [-0.05511690000000176, 51.52007230000001], [-0.0564545389290435, 51.51974068460216]]}}, {"type": "Feature", "properties": {"u": 168, "v": 281, "key": 0, "length": 163.4, "length_raw": 3725627.8566127843}, "geometry": {"type": "LineString", "coordinates": [[-0.05192215023900247, 51.520682100235014], [-0.05168950000000119, 51.52073059999999], [-0.05106870000000003, 51.520854500000006], [-0.0509782000000008, 51.5208727], [-0.05091290000000269, 51.5208956], [-0.05088200000000201, 51.52090419999998], [-0.050663600000000225, 51.52094619999999], [-0.05050730000000171, 51.520971499999995], [-0.0496400785714865, 51.52092718744245]]}}, {"type": "Feature", "properties": {"u": 169, "v": 170, "key": 0, "length": 291.8, "length_raw": 9682267.768223075}, "geometry": {"type": "LineString", "coordinates": [[0.01768894962837948, 51.52004694084119], [0.01671100000000052, 51.5196068], [0.016636599999998794, 51.5195739], [0.016563799999998463, 51.519543299999995], [0.016388200000000047, 51.519461299999996], [0.01635999999999899, 51.5194491], [0.016207499999999115, 51.519381399999986], [0.016079399999999668, 51.519324], [0.015068399999997742, 51.5188745], [0.014413499999998669, 51.5185894], [0.014257099999999913, 51.5185213]]}}, {"type": "Feature", "properties": {"u": 170, "v": 169, "key": 0, "length": 291.8, "length_raw": 9682267.768223075}, "geometry": {"type": "LineString", "coordinates": [[0.014257099999999913, 51.5185213], [0.014413499999998669, 51.5185894], [0.015068399999997742, 51.5188745], [0.016079399999999668, 51.519324], [0.016207499999999115, 51.519381399999986], [0.01635999999999899, 51.5194491], [0.016388200000000047, 51.519461299999996], [0.016563799999998463, 51.519543299999995], [0.016636599999998794, 51.5195739], [0.01671100000000052, 51.5196068], [0.01768894962837948, 51.52004694084119]]}}, {"type": "Feature", "properties": {"u": 170, "v": 171, "key": 0, "length": 80.0, "length_raw": 7755089.909112277}, "geometry": {"type": "LineString", "coordinates": [[0.014257099999999913, 51.5185213], [0.01381409999999998, 51.518335300000004], [0.013729899999999342, 51.5182999], [0.01367539999999774, 51.51827380000001], [0.013617899999998193, 51.51824739999999], [0.013441499999999077, 51.51816049999999], [0.013511851889539286, 51.518074827818516]]}}, {"type": "Feature", "properties": {"u": 171, "v": 170, "key": 0, "length": 80.0, "length_raw": 7755089.909112277}, "geometry": {"type": "LineString", "coordinates": [[0.013511851889539286, 51.518074827818516], [0.013441499999999077, 51.51816049999999], [0.013617899999998193, 51.51824739999999], [0.01367539999999774, 51.51827380000001], [0.013729899999999342, 51.5182999], [0.01381409999999998, 51.518335300000004], [0.014257099999999913, 51.5185213]]}}, {"type": "Feature", "properties": {"u": 171, "v": 197, "key": 0, "length": 191.4, "length_raw": 10526286.655106274}, "geometry": {"type": "LineString", "coordinates": [[0.013511851889539286, 51.518074827818516], [0.013249199999998955, 51.51837259999999], [0.013172200000001022, 51.518434199999994], [0.01311480000000012, 51.5184784], [0.012987199999999071, 51.518585], [0.012907699999998808, 51.518651399999996], [0.012834699999999198, 51.51872289999999], [0.012683599999999056, 51.51887099999999], [0.0126503999999993, 51.518910299999995], [0.012609500000000029, 51.51895869999999], [0.012478799999999603, 51.51915839999999], [0.012270449711651019, 51.51959573249867]]}}, {"type": "Feature", "properties": {"u": 171, "v": 54, "key": 0, "length": 114.1, "length_raw": 8529058.218447708}, "geometry": {"type": "LineString", "coordinates": [[0.013511851889539286, 51.518074827818516], [0.013217600000000992, 51.518050300000006], [0.013176399999999023, 51.5180306], [0.013115500000000582, 51.518005500000015], [0.013055100000000541, 51.517980699999995], [0.012869500000000353, 51.51789659999999], [0.012685099999999422, 51.51781299999999], [0.01241929999999811, 51.517698199999984], [0.01211279999999959, 51.517564799999995]]}}, {"type": "Feature", "properties": {"u": 171, "v": 198, "key": 0, "length": 132.0, "length_raw": 8558021.042283013}, "geometry": {"type": "LineString", "coordinates": [[0.013511851889539286, 51.518074827818516], [0.013942799999999655, 51.5178298], [0.014489299999998534, 51.5175885], [0.014739600000000979, 51.5174993], [0.014991299999998778, 51.5174247], [0.015072200035402323, 51.5174053000274]]}}, {"type": "Feature", "properties": {"u": 172, "v": 79, "key": 0, "length": 155.4, "length_raw": 10852666.148710975}, "geometry": {"type": "LineString", "coordinates": [[-0.04703421178189814, 51.475489253491645], [-0.0468722000000012, 51.4752757], [-0.04683050000000004, 51.4751879], [-0.04654480000000019, 51.474795300000004], [-0.04649689999999948, 51.474734600000005], [-0.04643660000000047, 51.474670599999996], [-0.046367699999999026, 51.474612], [-0.04628359999999942, 51.4745498], [-0.0462344000000016, 51.4745192], [-0.046124099999999696, 51.4744626], [-0.04586405313340102, 51.47432828911795]]}}, {"type": "Feature", "properties": {"u": 172, "v": 175, "key": 0, "length": 99.2, "length_raw": 9611630.037270969}, "geometry": {"type": "LineString", "coordinates": [[-0.04703421178189814, 51.475489253491645], [-0.04723969999999999, 51.4756963], [-0.047260700000000724, 51.4757112], [-0.04736200000000242, 51.4757807], [-0.04761430000000125, 51.47592259999998], [-0.04803350000000058, 51.47611319999999]]}}, {"type": "Feature", "properties": {"u": 173, "v": 502, "key": 0, "length": 99.4, "length_raw": 6058291.056373306}, "geometry": {"type": "LineString", "coordinates": [[-0.04761129999999932, 51.474020900000006], [-0.04828600000000147, 51.473987699999995], [-0.048652699999999556, 51.4739606], [-0.04896160000000176, 51.47392679999999], [-0.04903570000000039, 51.47391600000001]]}}, {"type": "Feature", "properties": {"u": 173, "v": 79, "key": 0, "length": 126.6, "length_raw": 11693016.171541654}, "geometry": {"type": "LineString", "coordinates": [[-0.04761129999999932, 51.474020900000006], [-0.04742570000000152, 51.4740446], [-0.04726000000000066, 51.47407259999999], [-0.04712789999999971, 51.47410229999999], [-0.04684770000000054, 51.474172200000005], [-0.04654999999999976, 51.47425400000001], [-0.04649499999999976, 51.4742697], [-0.04586405313340102, 51.47432828911795]]}}, {"type": "Feature", "properties": {"u": 174, "v": 79, "key": 0, "length": 260.8, "length_raw": 11273799.97183791}, "geometry": {"type": "LineString", "coordinates": [[-0.04506099996255121, 51.47204640000234], [-0.045085399999999484, 51.472121], [-0.045187100000000535, 51.47241429999998], [-0.04539929999999999, 51.4730186], [-0.04545280000000002, 51.4731735], [-0.04548759999999998, 51.4732712], [-0.045670700000000626, 51.4737849], [-0.04567810000000102, 51.473803399999994], [-0.04572100000000184, 51.473939000000016], [-0.045802000000001675, 51.4741595], [-0.04580460000000066, 51.47417369999999], [-0.045809999999999906, 51.474217900000006], [-0.04581240000000041, 51.47429579999999], [-0.04586405313340102, 51.47432828911795]]}}, {"type": "Feature", "properties": {"u": 174, "v": 558, "key": 0, "length": 84.5, "length_raw": 9087611.58618053}, "geometry": {"type": "LineString", "coordinates": [[-0.04506099996255121, 51.47204640000234], [-0.04503660000000062, 51.4719718], [-0.04493639999999993, 51.4716584], [-0.04491960000000038, 51.4716014], [-0.04483479999999991, 51.4713001]]}}, {"type": "Feature", "properties": {"u": 175, "v": 172, "key": 0, "length": 99.2, "length_raw": 9611630.037270969}, "geometry": {"type": "LineString", "coordinates": [[-0.04803350000000058, 51.47611319999999], [-0.04761430000000125, 51.47592259999998], [-0.04736200000000242, 51.4757807], [-0.047260700000000724, 51.4757112], [-0.04723969999999999, 51.4756963], [-0.04703421178189814, 51.475489253491645]]}}, {"type": "Feature", "properties": {"u": 175, "v": 90, "key": 0, "length": 100.8, "length_raw": 9165484.747360438}, "geometry": {"type": "LineString", "coordinates": [[-0.04803350000000058, 51.47611319999999], [-0.04887970000000139, 51.47649439999999], [-0.04904909999999986, 51.4765691], [-0.04910700000000115, 51.47659459999999], [-0.04916700000000104, 51.47661999999998], [-0.04921710000000099, 51.4766412]]}}, {"type": "Feature", "properties": {"u": 176, "v": 177, "key": 0, "length": 187.2, "length_raw": 18302387.790403474}, "geometry": {"type": "LineString", "coordinates": [[-0.008510611026239345, 51.50254900684738], [-0.008624900000000739, 51.5022707], [-0.008645399999999895, 51.50222819999999], [-0.008660699999999086, 51.50215740000001], [-0.008679399999999556, 51.5020524], [-0.008685499999999662, 51.5019867], [-0.008687400000001767, 51.50197889999998], [-0.008688400000001349, 51.5019668], [-0.008688900000000145, 51.50190009999999], [-0.00869019999999964, 51.501825], [-0.008702300000000013, 51.50169410000001], [-0.00871499999999942, 51.50154199999999], [-0.008737500000001317, 51.5013871], [-0.008779699999999686, 51.50111389999999], [-0.008787900000001177, 51.501056999999996], [-0.008805100000002078, 51.5009382], [-0.008824600000000462, 51.50088219999999]]}}, {"type": "Feature", "properties": {"u": 176, "v": 86, "key": 0, "length": 127.2, "length_raw": 13077826.01735103}, "geometry": {"type": "LineString", "coordinates": [[-0.008510611026239345, 51.50254900684738], [-0.008391099999999527, 51.502829399999996], [-0.008320300000000348, 51.5029764], [-0.008278000000001345, 51.503054299999995], [-0.008116500000001269, 51.50335539999998], [-0.00809760000000152, 51.503389799999994], [-0.008073000000000623, 51.5034349], [-0.00803430000000019, 51.5035056], [-0.007960699999999958, 51.50363999999999]]}}, {"type": "Feature", "properties": {"u": 177, "v": 178, "key": 0, "length": 149.4, "length_raw": 14870682.841045247}, "geometry": {"type": "LineString", "coordinates": [[-0.008824600000000462, 51.50088219999999], [-0.008903600000000338, 51.500710500000004], [-0.009182499999999616, 51.5000845], [-0.00924809999999883, 51.499902199999994], [-0.009316400000001245, 51.499783199999996], [-0.009371397088034467, 51.49958365314117]]}}, {"type": "Feature", "properties": {"u": 177, "v": 176, "key": 0, "length": 187.2, "length_raw": 18302387.790403474}, "geometry": {"type": "LineString", "coordinates": [[-0.008824600000000462, 51.50088219999999], [-0.008805100000002078, 51.5009382], [-0.008787900000001177, 51.501056999999996], [-0.008779699999999686, 51.50111389999999], [-0.008737500000001317, 51.5013871], [-0.00871499999999942, 51.50154199999999], [-0.008702300000000013, 51.50169410000001], [-0.00869019999999964, 51.501825], [-0.008688900000000145, 51.50190009999999], [-0.008688400000001349, 51.5019668], [-0.008687400000001767, 51.50197889999998], [-0.008685499999999662, 51.5019867], [-0.008679399999999556, 51.5020524], [-0.008660699999999086, 51.50215740000001], [-0.008645399999999895, 51.50222819999999], [-0.008624900000000739, 51.5022707], [-0.008510611026239345, 51.50254900684738]]}}, {"type": "Feature", "properties": {"u": 178, "v": 520, "key": 0, "length": 95.9, "length_raw": 10640737.067114774}, "geometry": {"type": "LineString", "coordinates": [[-0.009371397088034467, 51.49958365314117], [-0.009338700000000283, 51.49934799999999], [-0.009338600000000445, 51.4993071], [-0.009341999999999337, 51.49928160000001], [-0.009348900000000937, 51.49921649999999], [-0.00935980000000086, 51.4991626], [-0.009405999999998745, 51.4988746], [-0.00942890000000119, 51.49872439999999]]}}, {"type": "Feature", "properties": {"u": 178, "v": 288, "key": 0, "length": 119.7, "length_raw": 10845206.438496621}, "geometry": {"type": "LineString", "coordinates": [[-0.009371397088034467, 51.49958365314117], [-0.009482200000000749, 51.49967639999999], [-0.009545800000000404, 51.4996205], [-0.009656200000000156, 51.499523499999995], [-0.009859000000001244, 51.4993453], [-0.010055699999999442, 51.4991725], [-0.010161499999999851, 51.49907949999999], [-0.010375350883372051, 51.49889260021181]]}}, {"type": "Feature", "properties": {"u": 178, "v": 521, "key": 0, "length": 98.0, "length_raw": 8194892.376338154}, "geometry": {"type": "LineString", "coordinates": [[-0.009371397088034467, 51.49958365314117], [-0.009497700000001606, 51.4997447], [-0.009624099999999818, 51.49977909999999], [-0.009715499999999586, 51.49978659999999], [-0.009745100000000772, 51.499789], [-0.009866200000000769, 51.4997925], [-0.009979900000000768, 51.499786699999994], [-0.010043599999999863, 51.49977650000001], [-0.010107399999998799, 51.49976619999999], [-0.010324800000001, 51.49971190000001], [-0.010574099999999887, 51.499652700000006]]}}, {"type": "Feature", "properties": {"u": 178, "v": 177, "key": 0, "length": 149.4, "length_raw": 14870682.841045247}, "geometry": {"type": "LineString", "coordinates": [[-0.009371397088034467, 51.49958365314117], [-0.009316400000001245, 51.499783199999996], [-0.00924809999999883, 51.499902199999994], [-0.009182499999999616, 51.5000845], [-0.008903600000000338, 51.500710500000004], [-0.008824600000000462, 51.50088219999999]]}}, {"type": "Feature", "properties": {"u": 179, "v": 180, "key": 0, "length": 211.4, "length_raw": 18750283.059110835}, "geometry": {"type": "LineString", "coordinates": [[-0.030356147286190835, 51.51843244988882], [-0.030515099999999525, 51.51866220000001], [-0.030527800000001715, 51.5186833], [-0.030544500000001033, 51.51870890000001], [-0.03067030000000061, 51.518917299999984], [-0.030823899999999505, 51.519171899999996], [-0.030878499999999354, 51.51925510000001], [-0.03089390000000236, 51.51928099999999], [-0.03093610000000033, 51.51935069999999], [-0.03101289999999978, 51.5194623], [-0.03112089999999903, 51.5196001], [-0.03119809999999982, 51.5196847], [-0.03152970000000002, 51.51998759999999], [-0.031692899999999344, 51.5201314]]}}, {"type": "Feature", "properties": {"u": 179, "v": 181, "key": 0, "length": 148.5, "length_raw": 14862576.504372407}, "geometry": {"type": "LineString", "coordinates": [[-0.030356147286190835, 51.51843244988882], [-0.030191999999999535, 51.51819960000001], [-0.0301787000000007, 51.51816759999999], [-0.03015690000000125, 51.5181264], [-0.030063299999999068, 51.517949], [-0.02991999999999947, 51.5176831], [-0.02991090000000102, 51.5176652], [-0.02983289999999993, 51.51751089999999], [-0.029828400000000824, 51.517502699999994], [-0.02980570000000163, 51.517469299999995], [-0.02978589999999936, 51.5174381], [-0.029707800000000416, 51.517271400000006], [-0.02986536172034072, 51.51723450826204]]}}, {"type": "Feature", "properties": {"u": 180, "v": 334, "key": 0, "length": 184.3, "length_raw": 15436372.61070819}, "geometry": {"type": "LineString", "coordinates": [[-0.031692899999999344, 51.5201314], [-0.031898500000002675, 51.52030069999999], [-0.03234080000000016, 51.52063259999999], [-0.032354500000001535, 51.5206429], [-0.03239390000000203, 51.520669099999985], [-0.032433000000001815, 51.52069519999999], [-0.032589800000000724, 51.5207997], [-0.03275480000000033, 51.520909700000004], [-0.03321736628795483, 51.52147614679171]]}}, {"type": "Feature", "properties": {"u": 180, "v": 179, "key": 0, "length": 211.4, "length_raw": 18750283.059110835}, "geometry": {"type": "LineString", "coordinates": [[-0.031692899999999344, 51.5201314], [-0.03152970000000002, 51.51998759999999], [-0.03119809999999982, 51.5196847], [-0.03112089999999903, 51.5196001], [-0.03101289999999978, 51.5194623], [-0.03093610000000033, 51.51935069999999], [-0.03089390000000236, 51.51928099999999], [-0.030878499999999354, 51.51925510000001], [-0.030823899999999505, 51.519171899999996], [-0.03067030000000061, 51.518917299999984], [-0.030544500000001033, 51.51870890000001], [-0.030527800000001715, 51.5186833], [-0.030515099999999525, 51.51866220000001], [-0.030356147286190835, 51.51843244988882]]}}, {"type": "Feature", "properties": {"u": 181, "v": 271, "key": 0, "length": 86.7, "length_raw": 7451606.096413649}, "geometry": {"type": "LineString", "coordinates": [[-0.02986536172034072, 51.51723450826204], [-0.029707800000000416, 51.517271400000006], [-0.02965450000000205, 51.517272299999995], [-0.029553100000000512, 51.517274199999996], [-0.0295150000000011, 51.517280899999996], [-0.029459399999999285, 51.5172926], [-0.029386700000000383, 51.51730789999999], [-0.029272100000000245, 51.5173319], [-0.029044099999999226, 51.517379599999984], [-0.028738700000002115, 51.51744399999999], [-0.028670800000000246, 51.5174575]]}}, {"type": "Feature", "properties": {"u": 181, "v": 272, "key": 0, "length": 190.5, "length_raw": 14807235.107846513}, "geometry": {"type": "LineString", "coordinates": [[-0.02986536172034072, 51.51723450826204], [-0.029618000000000852, 51.5169925], [-0.029562299999998803, 51.516888800000004], [-0.0295150000000015, 51.516802899999995], [-0.029450399999999082, 51.5166809], [-0.029404100000000565, 51.5165912], [-0.029155200000001828, 51.516116499999995], [-0.02890239999999904, 51.5156375]]}}, {"type": "Feature", "properties": {"u": 181, "v": 273, "key": 0, "length": 105.5, "length_raw": 7050857.428425656}, "geometry": {"type": "LineString", "coordinates": [[-0.02986536172034072, 51.51723450826204], [-0.03020020000000063, 51.51727489999999], [-0.030459699999999774, 51.5172842], [-0.03077320000000013, 51.517295499999996], [-0.031044400000001086, 51.5173053], [-0.031096400000001148, 51.5173072], [-0.03127910000000204, 51.517315999999994], [-0.03138214998685509, 51.51732100004511]]}}, {"type": "Feature", "properties": {"u": 181, "v": 179, "key": 0, "length": 178.7, "length_raw": 14862576.504372407}, "geometry": {"type": "LineString", "coordinates": [[-0.02986536172034072, 51.51723450826204], [-0.02994100000000021, 51.51747129999998], [-0.029969400000001343, 51.51752889999999], [-0.030094800000000768, 51.51777529999999], [-0.03017830000000174, 51.517939399999996], [-0.03018689999999901, 51.5179552], [-0.03020310000000033, 51.51798480000001], [-0.03027260000000081, 51.518112099999996], [-0.03028910000000045, 51.5181422], [-0.030303199999998795, 51.518168100000004], [-0.030360699999999533, 51.51827339999999], [-0.030370400000000197, 51.518291300000016], [-0.030463200000000887, 51.5184902], [-0.030489100000001282, 51.51854569999999], [-0.03047739999999907, 51.51859979999999], [-0.030356147286190835, 51.51843244988882]]}}, {"type": "Feature", "properties": {"u": 182, "v": 138, "key": 0, "length": 1252.4, "length_raw": 8846134.75453049}, "geometry": {"type": "LineString", "coordinates": [[-0.01877010000000261, 51.507559699999995], [-0.01913750000000037, 51.5076476], [-0.01942180000000048, 51.50771859999998], [-0.019484000000001202, 51.507732199999985], [-0.019677000000001388, 51.50777909999999], [-0.019858599999999674, 51.50783260000001], [-0.019906600000000226, 51.50784749999999], [-0.01999900000000156, 51.50787629999999], [-0.02032529999999997, 51.5079848], [-0.020330999999999926, 51.5079867], [-0.020608799999999386, 51.5080756], [-0.02083720000000135, 51.508138200000005], [-0.021023700000000485, 51.508179899999995], [-0.02163869999999947, 51.50830359999999], [-0.021962400000000878, 51.50836519999999], [-0.022485000000000914, 51.508473599999995], [-0.022931199999998868, 51.50856709999999], [-0.023309400000000285, 51.50867159999999], [-0.023706099999999713, 51.5087718], [-0.02394780000000091, 51.50881690000001], [-0.024253800000001432, 51.5088586], [-0.02460279999999943, 51.5088885], [-0.02493430000000138, 51.5088936], [-0.025332100000000225, 51.508871299999996], [-0.025714000000000053, 51.50880079999999], [-0.026007999999998845, 51.508727400000005], [-0.02626470000000091, 51.50864669999999], [-0.02660800000000094, 51.5085103], [-0.026792999999998516, 51.508416600000004], [-0.02743629999999999, 51.50809069999999], [-0.027833800000000113, 51.50791420000001], [-0.028029599999999367, 51.50783469999999], [-0.028276300000000056, 51.5077546], [-0.028532799999999265, 51.50769], [-0.02889299999999948, 51.50762910000001], [-0.029225800000000933, 51.507607500000006], [-0.02960939999999921, 51.507607699999994], [-0.029980099999999996, 51.50763409999998], [-0.030294400000000655, 51.50767559999999], [-0.030694599999998413, 51.50777279999999], [-0.03099609999999903, 51.5078852], [-0.0313804999999992, 51.508057099999995], [-0.031609600000001625, 51.5082071], [-0.03167199999999964, 51.5082479], [-0.031937300000001355, 51.508467599999996], [-0.03212560000000197, 51.50866789999999], [-0.03230879999999966, 51.50893440000001], [-0.032523100000000894, 51.5092562], [-0.03268050000000122, 51.509492099999996], [-0.03340070000000039, 51.510424799999996]]}}, {"type": "Feature", "properties": {"u": 182, "v": 183, "key": 0, "length": 160.2, "length_raw": 17068216.94167825}, "geometry": {"type": "LineString", "coordinates": [[-0.01877010000000261, 51.507559699999995], [-0.01914890000000187, 51.50760639999999], [-0.01957560000000025, 51.50769219999999], [-0.020165499999999937, 51.507827299999995], [-0.020324399999999434, 51.5078635], [-0.02047509999999863, 51.5079071], [-0.020581700000000133, 51.5079317], [-0.02070939999999983, 51.5079549], [-0.020820000000000054, 51.5079812], [-0.020965699919575854, 51.50800530008939]]}}, {"type": "Feature", "properties": {"u": 183, "v": 137, "key": 0, "length": 232.7, "length_raw": 5194454.976784292}, "geometry": {"type": "LineString", "coordinates": [[-0.020965699919575854, 51.50800530008939], [-0.021111399999999458, 51.50802939999999], [-0.021506500000000667, 51.508100999999996], [-0.022206299999998926, 51.508242700000004], [-0.02257500000000095, 51.508323099999984], [-0.023258799999999955, 51.508489899999994], [-0.023883000000000407, 51.5086629], [-0.023957180822213087, 51.508815235650204]]}}, {"type": "Feature", "properties": {"u": 184, "v": 185, "key": 0, "length": 293.4, "length_raw": 10359279.543564076}, "geometry": {"type": "LineString", "coordinates": [[-0.009496607068222406, 51.476140739696675], [-0.009287800000001229, 51.47576879999999], [-0.009254799999999957, 51.4757403], [-0.009166700000001232, 51.47566390000001], [-0.008989699999999106, 51.4755101], [-0.008876200000000375, 51.47543639999999], [-0.00876770000000114, 51.47539689999999], [-0.008617900000002083, 51.475365799999985], [-0.008378300000001474, 51.4753342], [-0.007700200000000837, 51.4752533], [-0.0075424999999994065, 51.4752323], [-0.00741879999999883, 51.47520900000001], [-0.0071987000000001845, 51.4751463], [-0.00679010000000046, 51.47503009999999], [-0.00619430000000074, 51.4748554], [-0.006132400000000731, 51.474836100000005]]}}, {"type": "Feature", "properties": {"u": 184, "v": 186, "key": 0, "length": 178.6, "length_raw": 17837396.32007049}, "geometry": {"type": "LineString", "coordinates": [[-0.009496607068222406, 51.476140739696675], [-0.00948070000000118, 51.4765156], [-0.00946429999999899, 51.4765823], [-0.00944650000000224, 51.476654899999986], [-0.009437800000000758, 51.47676390000001], [-0.009443100000000563, 51.476844799999995], [-0.009457799999999926, 51.47691600000001], [-0.009463500000000678, 51.4769434], [-0.009476700000001663, 51.47700409999999], [-0.009494300000000726, 51.47706019999999], [-0.009522500000001783, 51.477111699999995], [-0.009560500000000164, 51.477159900000004], [-0.009660200000001262, 51.4772723], [-0.010029288546470201, 51.47765405384781]]}}, {"type": "Feature", "properties": {"u": 185, "v": 187, "key": 0, "length": 75.5, "length_raw": 6867767.810245941}, "geometry": {"type": "LineString", "coordinates": [[-0.006132400000000731, 51.474836100000005], [-0.005884900000000533, 51.4747567], [-0.00565619999999945, 51.47468440000001], [-0.005389400000000944, 51.474587899999996], [-0.005191800000001016, 51.47449639999999]]}}, {"type": "Feature", "properties": {"u": 185, "v": 184, "key": 0, "length": 293.4, "length_raw": 10359279.543564076}, "geometry": {"type": "LineString", "coordinates": [[-0.006132400000000731, 51.474836100000005], [-0.00619430000000074, 51.4748554], [-0.00679010000000046, 51.47503009999999], [-0.0071987000000001845, 51.4751463], [-0.00741879999999883, 51.47520900000001], [-0.0075424999999994065, 51.4752323], [-0.007700200000000837, 51.4752533], [-0.008378300000001474, 51.4753342], [-0.008617900000002083, 51.475365799999985], [-0.00876770000000114, 51.47539689999999], [-0.008876200000000375, 51.47543639999999], [-0.008989699999999106, 51.4755101], [-0.009166700000001232, 51.47566390000001], [-0.009254799999999957, 51.4757403], [-0.009287800000001229, 51.47576879999999], [-0.009496607068222406, 51.476140739696675]]}}, {"type": "Feature", "properties": {"u": 186, "v": 162, "key": 0, "length": 127.1, "length_raw": 13065464.371046504}, "geometry": {"type": "LineString", "coordinates": [[-0.010029288546470201, 51.47765405384781], [-0.01037049999999969, 51.478036899999985], [-0.01039290000000016, 51.47807329999999], [-0.010406700000000178, 51.478098], [-0.010443600000000332, 51.47816449999999], [-0.010574700000000112, 51.47840949999999], [-0.0106236000000008, 51.478487599999994], [-0.01066970000000163, 51.47854600000001], [-0.010746100000001325, 51.4786135], [-0.01078629999999934, 51.47864300000001], [-0.010829500000000866, 51.47867480000001]]}}, {"type": "Feature", "properties": {"u": 186, "v": 184, "key": 0, "length": 178.6, "length_raw": 17837396.32007049}, "geometry": {"type": "LineString", "coordinates": [[-0.010029288546470201, 51.47765405384781], [-0.009660200000001262, 51.4772723], [-0.009560500000000164, 51.477159900000004], [-0.009522500000001783, 51.477111699999995], [-0.009494300000000726, 51.47706019999999], [-0.009476700000001663, 51.47700409999999], [-0.009463500000000678, 51.4769434], [-0.009457799999999926, 51.47691600000001], [-0.009443100000000563, 51.476844799999995], [-0.009437800000000758, 51.47676390000001], [-0.00944650000000224, 51.476654899999986], [-0.00946429999999899, 51.4765823], [-0.00948070000000118, 51.4765156], [-0.009496607068222406, 51.476140739696675]]}}, {"type": "Feature", "properties": {"u": 187, "v": 397, "key": 0, "length": 78.8, "length_raw": 7089260.536129572}, "geometry": {"type": "LineString", "coordinates": [[-0.005191800000001016, 51.47449639999999], [-0.005050600000000818, 51.47441729999999], [-0.004959999999999364, 51.4743443], [-0.004878300000000659, 51.4742629], [-0.004798300000001201, 51.4741603], [-0.004753699999999147, 51.474073499999996], [-0.004728299999999539, 51.473978100000004], [-0.004717300000000175, 51.47387829999999]]}}, {"type": "Feature", "properties": {"u": 187, "v": 185, "key": 0, "length": 75.5, "length_raw": 6867767.810245941}, "geometry": {"type": "LineString", "coordinates": [[-0.005191800000001016, 51.47449639999999], [-0.005389400000000944, 51.474587899999996], [-0.00565619999999945, 51.47468440000001], [-0.005884900000000533, 51.4747567], [-0.006132400000000731, 51.474836100000005]]}}, {"type": "Feature", "properties": {"u": 188, "v": 189, "key": 0, "length": 155.5, "length_raw": 12156264.936033031}, "geometry": {"type": "LineString", "coordinates": [[0.01282678895491599, 51.48611487203699], [0.011722699999998669, 51.48615920000001], [0.011456100000000236, 51.48616669999999], [0.011401799999999108, 51.48616919999999], [0.01134260000000071, 51.486173099999995], [0.01124980000000002, 51.48618139999999], [0.01084529999999806, 51.486219099999985], [0.010591599999998712, 51.486237399999986]]}}, {"type": "Feature", "properties": {"u": 188, "v": 69, "key": 0, "length": 164.1, "length_raw": 12492789.960691508}, "geometry": {"type": "LineString", "coordinates": [[0.01282678895491599, 51.48611487203699], [0.013898099999999749, 51.486041900000004], [0.014130499999999241, 51.4860245], [0.014251499999999797, 51.4860184], [0.014390700000000037, 51.4860194], [0.014524999999999033, 51.48602279999999], [0.014653000000000629, 51.4860334], [0.014831599999998982, 51.4860539], [0.014997499999999518, 51.486078], [0.015152399999999499, 51.4861046], [0.01517314999816526, 51.48610880000187]]}}, {"type": "Feature", "properties": {"u": 189, "v": 190, "key": 0, "length": 99.6, "length_raw": 8226888.7599727055}, "geometry": {"type": "LineString", "coordinates": [[0.010591599999998712, 51.486237399999986], [0.010263000000000034, 51.48625590000001], [0.010053299999999335, 51.4862694], [0.009773299999999445, 51.486281799999986], [0.00956939999999854, 51.48628819999998], [0.009359999999999742, 51.486292799999994], [0.009157046054950388, 51.486293812198916]]}}, {"type": "Feature", "properties": {"u": 189, "v": 188, "key": 0, "length": 155.5, "length_raw": 12156264.936033031}, "geometry": {"type": "LineString", "coordinates": [[0.010591599999998712, 51.486237399999986], [0.01084529999999806, 51.486219099999985], [0.01124980000000002, 51.48618139999999], [0.01134260000000071, 51.486173099999995], [0.011401799999999108, 51.48616919999999], [0.011456100000000236, 51.48616669999999], [0.011722699999998669, 51.48615920000001], [0.01282678895491599, 51.48611487203699]]}}, {"type": "Feature", "properties": {"u": 190, "v": 189, "key": 0, "length": 99.6, "length_raw": 8226888.7599727055}, "geometry": {"type": "LineString", "coordinates": [[0.009157046054950388, 51.486293812198916], [0.009359999999999742, 51.486292799999994], [0.00956939999999854, 51.48628819999998], [0.009773299999999445, 51.486281799999986], [0.010053299999999335, 51.4862694], [0.010263000000000034, 51.48625590000001], [0.010591599999998712, 51.486237399999986]]}}, {"type": "Feature", "properties": {"u": 190, "v": 232, "key": 0, "length": 167.9, "length_raw": 17037080.045535803}, "geometry": {"type": "LineString", "coordinates": [[0.009157046054950388, 51.486293812198916], [0.008953599999999652, 51.48629449999999], [0.008763400000000915, 51.48627650000001], [0.008613700000000106, 51.486254200000005], [0.00852999999999906, 51.4862411], [0.008444799999999635, 51.48622699999999], [0.008249399999998545, 51.48618690000001], [0.008122499999998754, 51.486143999999996], [0.007012841126914194, 51.48566532614848]]}}, {"type": "Feature", "properties": {"u": 191, "v": 129, "key": 0, "length": 109.4, "length_raw": 6286038.79085256}, "geometry": {"type": "LineString", "coordinates": [[-0.03760079946713322, 51.492290400721465], [-0.03801420000000051, 51.4923461], [-0.0381016999999998, 51.4923854], [-0.038187800000001354, 51.49242769999999], [-0.03831270000000119, 51.492504], [-0.03837180000000134, 51.4925381], [-0.038536300000000155, 51.49265249999999], [-0.03866099999999992, 51.492739199999995], [-0.03885169999999944, 51.49283979999999]]}}, {"type": "Feature", "properties": {"u": 191, "v": 192, "key": 0, "length": 121.4, "length_raw": 8171738.881460145}, "geometry": {"type": "LineString", "coordinates": [[-0.03760079946713322, 51.492290400721465], [-0.03718739999999944, 51.49223469999999], [-0.03698779999999995, 51.4922697], [-0.03631860000000127, 51.492397], [-0.03623570000000012, 51.4924148], [-0.03591525042487523, 51.49247765044555]]}}, {"type": "Feature", "properties": {"u": 192, "v": 191, "key": 0, "length": 121.4, "length_raw": 8171738.881460145}, "geometry": {"type": "LineString", "coordinates": [[-0.03591525042487523, 51.49247765044555], [-0.03623570000000012, 51.4924148], [-0.03631860000000127, 51.492397], [-0.03698779999999995, 51.4922697], [-0.03718739999999944, 51.49223469999999], [-0.03760079946713322, 51.492290400721465]]}}, {"type": "Feature", "properties": {"u": 192, "v": 350, "key": 0, "length": 92.4, "length_raw": 3440080.5447649956}, "geometry": {"type": "LineString", "coordinates": [[-0.03591525042487523, 51.49247765044555], [-0.03559479999999955, 51.49254049999998], [-0.034882700000001245, 51.49267379999999], [-0.034694400000000236, 51.492709], [-0.034638250012168706, 51.49271930001364]]}}, {"type": "Feature", "properties": {"u": 193, "v": 194, "key": 0, "length": 118.9, "length_raw": 12370249.567592815}, "geometry": {"type": "LineString", "coordinates": [[-0.006201692044754034, 51.492235664377624], [-0.0064795000000001995, 51.492506199999994], [-0.006577799999999578, 51.4926009], [-0.006693700000000801, 51.49271149999999], [-0.006823899999999647, 51.4928356], [-0.006965999999999984, 51.4929777], [-0.007128149442987874, 51.493136450104956]]}}, {"type": "Feature", "properties": {"u": 193, "v": 195, "key": 0, "length": 157.7, "length_raw": 15260382.839436587}, "geometry": {"type": "LineString", "coordinates": [[-0.006201692044754034, 51.492235664377624], [-0.005919600000001848, 51.491961599999996], [-0.005668100000000942, 51.4917153], [-0.0056383999999991205, 51.491684], [-0.005601200000000246, 51.491624699999996], [-0.0055843000000012485, 51.49156550000001], [-0.00559400000000072, 51.4914792], [-0.005616399999999995, 51.4914018], [-0.005751800000001194, 51.49113650000001], [-0.005845400000001787, 51.49094829999999]]}}, {"type": "Feature", "properties": {"u": 194, "v": 193, "key": 0, "length": 118.9, "length_raw": 12370249.567592815}, "geometry": {"type": "LineString", "coordinates": [[-0.007128149442987874, 51.493136450104956], [-0.006965999999999984, 51.4929777], [-0.006823899999999647, 51.4928356], [-0.006693700000000801, 51.49271149999999], [-0.006577799999999578, 51.4926009], [-0.0064795000000001995, 51.492506199999994], [-0.006201692044754034, 51.492235664377624]]}}, {"type": "Feature", "properties": {"u": 194, "v": 196, "key": 0, "length": 109.5, "length_raw": 8399014.630422203}, "geometry": {"type": "LineString", "coordinates": [[-0.007128149442987874, 51.493136450104956], [-0.007290299999999232, 51.49329519999999], [-0.0076736999999994235, 51.493670800000004], [-0.007764799999999674, 51.4937601], [-0.00797709904714454, 51.49396750017991]]}}, {"type": "Feature", "properties": {"u": 195, "v": 441, "key": 0, "length": 230.8, "length_raw": 13933901.911068114}, "geometry": {"type": "LineString", "coordinates": [[-0.005845400000001787, 51.49094829999999], [-0.005875299999999708, 51.49088549999999], [-0.005990799999999588, 51.49065040000001], [-0.006316900000000705, 51.48995870000001], [-0.006571899999999149, 51.4894386], [-0.0066789000000004066, 51.489227799999995], [-0.006758500000000906, 51.48906169999999], [-0.0068069000000012085, 51.48896119999999]]}}, {"type": "Feature", "properties": {"u": 195, "v": 193, "key": 0, "length": 157.7, "length_raw": 15260382.839436587}, "geometry": {"type": "LineString", "coordinates": [[-0.005845400000001787, 51.49094829999999], [-0.005751800000001194, 51.49113650000001], [-0.005616399999999995, 51.4914018], [-0.00559400000000072, 51.4914792], [-0.0055843000000012485, 51.49156550000001], [-0.005601200000000246, 51.491624699999996], [-0.0056383999999991205, 51.491684], [-0.005668100000000942, 51.4917153], [-0.005919600000001848, 51.491961599999996], [-0.006201692044754034, 51.492235664377624]]}}, {"type": "Feature", "properties": {"u": 196, "v": 279, "key": 0, "length": 125.6, "length_raw": 13257599.744660394}, "geometry": {"type": "LineString", "coordinates": [[-0.00797709904714454, 51.49396750017991], [-0.00818940000000104, 51.4941749], [-0.008341299999999892, 51.49432589999999], [-0.008655999999999506, 51.49462809999999], [-0.008702399999999454, 51.494672300000005], [-0.008735100000000415, 51.4947184], [-0.008761099999999453, 51.49477459999999], [-0.008810700000000206, 51.49491639999999], [-0.008822600000000902, 51.4949538]]}}, {"type": "Feature", "properties": {"u": 196, "v": 194, "key": 0, "length": 109.5, "length_raw": 8399014.630422203}, "geometry": {"type": "LineString", "coordinates": [[-0.00797709904714454, 51.49396750017991], [-0.007764799999999674, 51.4937601], [-0.0076736999999994235, 51.493670800000004], [-0.007290299999999232, 51.49329519999999], [-0.007128149442987874, 51.493136450104956]]}}, {"type": "Feature", "properties": {"u": 197, "v": 171, "key": 0, "length": 191.4, "length_raw": 10526286.655106274}, "geometry": {"type": "LineString", "coordinates": [[0.012270449711651019, 51.51959573249867], [0.012478799999999603, 51.51915839999999], [0.012609500000000029, 51.51895869999999], [0.0126503999999993, 51.518910299999995], [0.012683599999999056, 51.51887099999999], [0.012834699999999198, 51.51872289999999], [0.012907699999998808, 51.518651399999996], [0.012987199999999071, 51.518585], [0.01311480000000012, 51.5184784], [0.013172200000001022, 51.518434199999994], [0.013249199999998955, 51.51837259999999], [0.013511851889539286, 51.518074827818516]]}}, {"type": "Feature", "properties": {"u": 197, "v": 212, "key": 0, "length": 178.4, "length_raw": 15134422.425475072}, "geometry": {"type": "LineString", "coordinates": [[0.012270449711651019, 51.51959573249867], [0.01218329999999965, 51.519612499999994], [0.01211810000000019, 51.51961099999999], [0.012109599999999977, 51.519611], [0.011905600000000427, 51.51961219999998], [0.011518599999998484, 51.51962429999999], [0.01128149999999822, 51.519631699999984], [0.011181699999998873, 51.519634799999984], [0.010706700000000827, 51.5196496], [0.01062609999999995, 51.51965429999999], [0.010504099999999019, 51.5196652], [0.009726917981006174, 51.51979564403209]]}}, {"type": "Feature", "properties": {"u": 197, "v": 213, "key": 0, "length": 191.7, "length_raw": 18890261.64867821}, "geometry": {"type": "LineString", "coordinates": [[0.012270449711651019, 51.51959573249867], [0.01213869999999879, 51.52003559999999], [0.012252800000000926, 51.520474400000005], [0.012331499999998106, 51.5207909], [0.01235469999999967, 51.5208991], [0.012354727950881191, 51.521302128970106]]}}, {"type": "Feature", "properties": {"u": 198, "v": 171, "key": 0, "length": 132.0, "length_raw": 8558021.042283013}, "geometry": {"type": "LineString", "coordinates": [[0.015072200035402323, 51.5174053000274], [0.014991299999998778, 51.5174247], [0.014739600000000979, 51.5174993], [0.014489299999998534, 51.5175885], [0.013942799999999655, 51.5178298], [0.013511851889539286, 51.518074827818516]]}}, {"type": "Feature", "properties": {"u": 198, "v": 508, "key": 0, "length": 241.8, "length_raw": 694945.0848321734}, "geometry": {"type": "LineString", "coordinates": [[0.015072200035402323, 51.5174053000274], [0.01515309999999837, 51.5173859], [0.015204999999999788, 51.5173856], [0.015321199999998541, 51.517360999999994], [0.015456299999999824, 51.517331500000004], [0.015663499999998987, 51.5173035], [0.015868300000000033, 51.517293499999994], [0.016052699999997783, 51.517287599999996], [0.01619530000000089, 51.5172836], [0.016497699999998068, 51.5172754], [0.017207200000000967, 51.517291199999995], [0.017442399999999126, 51.5172971], [0.017777599999999092, 51.51730539999999], [0.018266799999999694, 51.51732309999999], [0.018532200000000058, 51.5172876]]}}, {"type": "Feature", "properties": {"u": 199, "v": 128, "key": 0, "length": 133.9, "length_raw": 3971529.5126787033}, "geometry": {"type": "LineString", "coordinates": [[-0.03806541209188077, 51.478280405340634], [-0.03867450000000082, 51.4781586], [-0.0388183000000008, 51.47815199999999], [-0.038951400000000934, 51.4781571], [-0.039074300000001214, 51.4782034], [-0.03926449999999875, 51.4783135], [-0.039495299999999636, 51.4784565], [-0.03969930000000157, 51.47858289999999]]}}, {"type": "Feature", "properties": {"u": 199, "v": 200, "key": 0, "length": 172.6, "length_raw": 9322771.66017084}, "geometry": {"type": "LineString", "coordinates": [[-0.03806541209188077, 51.478280405340634], [-0.037476000000000176, 51.47840399999999], [-0.03726140000000062, 51.478465699999994], [-0.0365137999999995, 51.4786843], [-0.036315800000001806, 51.4787431], [-0.03578260896236594, 51.4788984432207]]}}, {"type": "Feature", "properties": {"u": 200, "v": 329, "key": 0, "length": 346.4, "length_raw": 12044842.761754844}, "geometry": {"type": "LineString", "coordinates": [[-0.03578260896236594, 51.4788984432207], [-0.03553580000000123, 51.4789697], [-0.03546049999999857, 51.47891129999999], [-0.03538090000000125, 51.47881129999999], [-0.03517129999999999, 51.4785305], [-0.035086900000000865, 51.4784238], [-0.03499999999999981, 51.47833109999999], [-0.03490999999999898, 51.4782707], [-0.03479370000000118, 51.4782182], [-0.034531199999999325, 51.47810960000001], [-0.03449239999999985, 51.47809359999999], [-0.0344028999999994, 51.4780369], [-0.03432690000000065, 51.47795279999999], [-0.03423739999999942, 51.477833100000005], [-0.034061900000000436, 51.47757790000001], [-0.034055300000000344, 51.4775684], [-0.03386020000000036, 51.477288200000004], [-0.03383230000000081, 51.4772291], [-0.03382480000000057, 51.4771885], [-0.03382630000000094, 51.4771666], [-0.0338291000000008, 51.4771117], [-0.033845600000000836, 51.47706900000001], [-0.033869399999999446, 51.4770266], [-0.03413974504455902, 51.47639225065905]]}}, {"type": "Feature", "properties": {"u": 200, "v": 199, "key": 0, "length": 172.6, "length_raw": 9322771.66017084}, "geometry": {"type": "LineString", "coordinates": [[-0.03578260896236594, 51.4788984432207], [-0.036315800000001806, 51.4787431], [-0.0365137999999995, 51.4786843], [-0.03726140000000062, 51.478465699999994], [-0.037476000000000176, 51.47840399999999], [-0.03806541209188077, 51.478280405340634]]}}, {"type": "Feature", "properties": {"u": 200, "v": 136, "key": 0, "length": 155.0, "length_raw": 12957991.524430621}, "geometry": {"type": "LineString", "coordinates": [[-0.03578260896236594, 51.4788984432207], [-0.035276300000000496, 51.47904660000001], [-0.03517079999999961, 51.4790765], [-0.035066999999999945, 51.479105999999994], [-0.03406500000000021, 51.4794374], [-0.0337925005771138, 51.479535600327004]]}}, {"type": "Feature", "properties": {"u": 201, "v": 202, "key": 0, "length": 98.4, "length_raw": 10401209.90191571}, "geometry": {"type": "LineString", "coordinates": [[-0.02459859937014028, 51.492286200068946], [-0.024465400000000262, 51.49206369999999], [-0.024453400000001315, 51.4920479], [-0.0244035999999985, 51.491976400000006], [-0.024248600000001463, 51.49176329999999], [-0.024154900000000635, 51.49162609999999], [-0.024026500000000478, 51.49147669999999]]}}, {"type": "Feature", "properties": {"u": 201, "v": 203, "key": 0, "length": 107.2, "length_raw": 11308181.212145649}, "geometry": {"type": "LineString", "coordinates": [[-0.02459859937014028, 51.492286200068946], [-0.024731800000000206, 51.492508699999995], [-0.024860400000001233, 51.4928122], [-0.024879199999999553, 51.4928936], [-0.024883400000000735, 51.49305079999999], [-0.02488639999999948, 51.493162299999995], [-0.02488245000702036, 51.493223800000436]]}}, {"type": "Feature", "properties": {"u": 202, "v": 204, "key": 0, "length": 87.9, "length_raw": 7854466.559817645}, "geometry": {"type": "LineString", "coordinates": [[-0.024026500000000478, 51.49147669999999], [-0.023951000000000524, 51.49139009999999], [-0.023844399999999814, 51.49127289999999], [-0.0236553000000001, 51.491105100000006], [-0.02350810000000043, 51.490986699999986], [-0.023452099999998862, 51.49094169999999], [-0.02330739999999914, 51.490826799999994]]}}, {"type": "Feature", "properties": {"u": 202, "v": 201, "key": 0, "length": 98.4, "length_raw": 10401209.90191571}, "geometry": {"type": "LineString", "coordinates": [[-0.024026500000000478, 51.49147669999999], [-0.024154900000000635, 51.49162609999999], [-0.024248600000001463, 51.49176329999999], [-0.0244035999999985, 51.491976400000006], [-0.024453400000001315, 51.4920479], [-0.024465400000000262, 51.49206369999999], [-0.02459859937014028, 51.492286200068946]]}}, {"type": "Feature", "properties": {"u": 203, "v": 201, "key": 0, "length": 107.2, "length_raw": 11308181.212145649}, "geometry": {"type": "LineString", "coordinates": [[-0.02488245000702036, 51.493223800000436], [-0.02488639999999948, 51.493162299999995], [-0.024883400000000735, 51.49305079999999], [-0.024879199999999553, 51.4928936], [-0.024860400000001233, 51.4928122], [-0.024731800000000206, 51.492508699999995], [-0.02459859937014028, 51.492286200068946]]}}, {"type": "Feature", "properties": {"u": 203, "v": 552, "key": 0, "length": 170.9, "length_raw": 16644847.707729792}, "geometry": {"type": "LineString", "coordinates": [[-0.02488245000702036, 51.493223800000436], [-0.02487850000000068, 51.4932853], [-0.024871700000000514, 51.49336110000001], [-0.0248759000000005, 51.4936472], [-0.024876700000000404, 51.4936908], [-0.024897499999998282, 51.493968900000006], [-0.024900000000000613, 51.49399210000001], [-0.02490310000000158, 51.49402549999999], [-0.02491090000000014, 51.4942548], [-0.02491769999999872, 51.49432779999999], [-0.024923200000000985, 51.4943764], [-0.024933000000000295, 51.49442570000001], [-0.02495099999999951, 51.4944774], [-0.024981700000000908, 51.494525399999986], [-0.02502290000000089, 51.49457649999999], [-0.025180600000000334, 51.49471799999999]]}}, {"type": "Feature", "properties": {"u": 204, "v": 426, "key": 0, "length": 106.2, "length_raw": 8876449.436290618}, "geometry": {"type": "LineString", "coordinates": [[-0.02330739999999914, 51.490826799999994], [-0.023220300000000787, 51.4907561], [-0.022887799999999254, 51.4904879], [-0.022878499999999535, 51.49047749999999], [-0.022707500000000064, 51.4903539], [-0.022530200000001204, 51.490214099999996], [-0.022355999999999338, 51.4900786]]}}, {"type": "Feature", "properties": {"u": 204, "v": 202, "key": 0, "length": 87.9, "length_raw": 7854466.559817645}, "geometry": {"type": "LineString", "coordinates": [[-0.02330739999999914, 51.490826799999994], [-0.023452099999998862, 51.49094169999999], [-0.02350810000000043, 51.490986699999986], [-0.0236553000000001, 51.491105100000006], [-0.023844399999999814, 51.49127289999999], [-0.023951000000000524, 51.49139009999999], [-0.024026500000000478, 51.49147669999999]]}}, {"type": "Feature", "properties": {"u": 205, "v": 206, "key": 0, "length": 219.2, "length_raw": 10629529.99417945}, "geometry": {"type": "LineString", "coordinates": [[-0.04894375039601496, 51.50248975012751], [-0.048775800000000306, 51.50259729999999], [-0.04860420000000021, 51.50270559999999], [-0.04780090000000022, 51.5032075], [-0.04775409999999972, 51.5032349], [-0.04770420000000065, 51.5032663], [-0.04713340000000078, 51.5036027], [-0.046697900000001485, 51.50387889999999]]}}, {"type": "Feature", "properties": {"u": 205, "v": 207, "key": 0, "length": 147.4, "length_raw": 15116770.99742636}, "geometry": {"type": "LineString", "coordinates": [[-0.04894375039601496, 51.50248975012751], [-0.04911169999999994, 51.5023822], [-0.049335300000000894, 51.5022456], [-0.04942230000000059, 51.502192400000006], [-0.049545899999999345, 51.5021169], [-0.050096999999999954, 51.501782399999996], [-0.0504355470554523, 51.50154440669494]]}}, {"type": "Feature", "properties": {"u": 206, "v": 208, "key": 0, "length": 107.9, "length_raw": 7486585.8428262}, "geometry": {"type": "LineString", "coordinates": [[-0.046697900000001485, 51.50387889999999], [-0.046498800000000395, 51.50399049999999], [-0.04637880000000021, 51.50405609999999], [-0.04594249999999942, 51.5042902], [-0.045784500000000464, 51.50437709999999], [-0.0456792314722776, 51.50458145473157]]}}, {"type": "Feature", "properties": {"u": 206, "v": 205, "key": 0, "length": 219.2, "length_raw": 10629529.99417945}, "geometry": {"type": "LineString", "coordinates": [[-0.046697900000001485, 51.50387889999999], [-0.04713340000000078, 51.5036027], [-0.04770420000000065, 51.5032663], [-0.04775409999999972, 51.5032349], [-0.04780090000000022, 51.5032075], [-0.04860420000000021, 51.50270559999999], [-0.048775800000000306, 51.50259729999999], [-0.04894375039601496, 51.50248975012751]]}}, {"type": "Feature", "properties": {"u": 207, "v": 305, "key": 0, "length": 172.9, "length_raw": 7412532.8985731015}, "geometry": {"type": "LineString", "coordinates": [[-0.0504355470554523, 51.50154440669494], [-0.050776200000000014, 51.50130759999999], [-0.051171400000000665, 51.5010863], [-0.051194599999999445, 51.5010733], [-0.051536500000000936, 51.5008964], [-0.051571800000001285, 51.5008779], [-0.051619000000000734, 51.50085349999999], [-0.051676000000000694, 51.50082389999999], [-0.051774799999998865, 51.5007743], [-0.05195190000000043, 51.500675199999996], [-0.05199700000000168, 51.50064999999999], [-0.05202279999999985, 51.50063600000001], [-0.05228109999999934, 51.50050000000001]]}}, {"type": "Feature", "properties": {"u": 207, "v": 205, "key": 0, "length": 147.4, "length_raw": 15116770.99742636}, "geometry": {"type": "LineString", "coordinates": [[-0.0504355470554523, 51.50154440669494], [-0.050096999999999954, 51.501782399999996], [-0.049545899999999345, 51.5021169], [-0.04942230000000059, 51.502192400000006], [-0.049335300000000894, 51.5022456], [-0.04911169999999994, 51.5023822], [-0.04894375039601496, 51.50248975012751]]}}, {"type": "Feature", "properties": {"u": 208, "v": 206, "key": 0, "length": 107.9, "length_raw": 7486585.8428262}, "geometry": {"type": "LineString", "coordinates": [[-0.0456792314722776, 51.50458145473157], [-0.045784500000000464, 51.50437709999999], [-0.04594249999999942, 51.5042902], [-0.04637880000000021, 51.50405609999999], [-0.046498800000000395, 51.50399049999999], [-0.046697900000001485, 51.50387889999999]]}}, {"type": "Feature", "properties": {"u": 208, "v": 436, "key": 0, "length": 143.3, "length_raw": 10207446.543696517}, "geometry": {"type": "LineString", "coordinates": [[-0.0456792314722776, 51.50458145473157], [-0.046174200000000436, 51.5046899], [-0.04545180000000004, 51.50503539999999], [-0.04517199999999983, 51.5052102], [-0.045119199999999464, 51.5052691], [-0.045086000000000105, 51.505347]]}}, {"type": "Feature", "properties": {"u": 208, "v": 422, "key": 0, "length": 160.0, "length_raw": 13393752.938262295}, "geometry": {"type": "LineString", "coordinates": [[-0.0456792314722776, 51.50458145473157], [-0.04512200000000012, 51.5046688], [-0.0448242000000003, 51.50478830000001], [-0.04451760000000035, 51.5048969], [-0.04427319999999913, 51.5049779], [-0.04401250000000073, 51.505060300000004], [-0.04384009999999954, 51.5051127], [-0.04359450000000025, 51.50518019999999]]}}, {"type": "Feature", "properties": {"u": 209, "v": 210, "key": 0, "length": 94.0, "length_raw": 7971396.282629697}, "geometry": {"type": "LineString", "coordinates": [[-0.057508009990587236, 51.473418805751805], [-0.057150100000000675, 51.4734018], [-0.057098700000000835, 51.473400299999994], [-0.05685170000000023, 51.4733912], [-0.05682819999999915, 51.4733903], [-0.056487200000001375, 51.4733768], [-0.05632709999999904, 51.4733647], [-0.056160099999999484, 51.473336599999996]]}}, {"type": "Feature", "properties": {"u": 209, "v": 211, "key": 0, "length": 231.7, "length_raw": 16172366.191797702}, "geometry": {"type": "LineString", "coordinates": [[-0.057508009990587236, 51.473418805751805], [-0.0578673000000003, 51.47344739999999], [-0.057853299999999414, 51.47354310000001], [-0.057804700000000625, 51.47386350000001], [-0.057798700000001556, 51.4740658], [-0.05781620000000038, 51.47427069999999], [-0.05784650000000044, 51.4745848], [-0.05789559999999961, 51.4750951], [-0.05789599999999897, 51.4750991], [-0.05791550000000093, 51.4753016]]}}, {"type": "Feature", "properties": {"u": 210, "v": 209, "key": 0, "length": 94.0, "length_raw": 7971396.282629697}, "geometry": {"type": "LineString", "coordinates": [[-0.056160099999999484, 51.473336599999996], [-0.05632709999999904, 51.4733647], [-0.056487200000001375, 51.4733768], [-0.05682819999999915, 51.4733903], [-0.05685170000000023, 51.4733912], [-0.057098700000000835, 51.473400299999994], [-0.057150100000000675, 51.4734018], [-0.057508009990587236, 51.473418805751805]]}}, {"type": "Feature", "properties": {"u": 210, "v": 457, "key": 0, "length": 100.8, "length_raw": 10255348.091610689}, "geometry": {"type": "LineString", "coordinates": [[-0.056160099999999484, 51.473336599999996], [-0.05558410000000005, 51.4731579], [-0.05547669999999944, 51.473126099999995], [-0.05534060000000016, 51.4730996], [-0.05517909999999969, 51.47307059999999], [-0.05502540000000096, 51.473053099999994], [-0.05480214989596091, 51.47303355021121]]}}, {"type": "Feature", "properties": {"u": 211, "v": 209, "key": 0, "length": 231.7, "length_raw": 16172366.191797702}, "geometry": {"type": "LineString", "coordinates": [[-0.05791550000000093, 51.4753016], [-0.05789599999999897, 51.4750991], [-0.05789559999999961, 51.4750951], [-0.05784650000000044, 51.4745848], [-0.05781620000000038, 51.47427069999999], [-0.057798700000001556, 51.4740658], [-0.057804700000000625, 51.47386350000001], [-0.057853299999999414, 51.47354310000001], [-0.0578673000000003, 51.47344739999999], [-0.057508009990587236, 51.473418805751805]]}}, {"type": "Feature", "properties": {"u": 211, "v": 537, "key": 0, "length": 79.0, "length_raw": 8716644.628668707}, "geometry": {"type": "LineString", "coordinates": [[-0.05791550000000093, 51.4753016], [-0.057943000000001924, 51.4755799], [-0.057990000000002095, 51.47601029999999]]}}, {"type": "Feature", "properties": {"u": 212, "v": 197, "key": 0, "length": 178.4, "length_raw": 15134422.425475072}, "geometry": {"type": "LineString", "coordinates": [[0.009726917981006174, 51.51979564403209], [0.010504099999999019, 51.5196652], [0.01062609999999995, 51.51965429999999], [0.010706700000000827, 51.5196496], [0.011181699999998873, 51.519634799999984], [0.01128149999999822, 51.519631699999984], [0.011518599999998484, 51.51962429999999], [0.011905600000000427, 51.51961219999998], [0.012109599999999977, 51.519611], [0.01211810000000019, 51.51961099999999], [0.01218329999999965, 51.519612499999994], [0.012270449711651019, 51.51959573249867]]}}, {"type": "Feature", "properties": {"u": 212, "v": 278, "key": 0, "length": 203.6, "length_raw": 14680217.104674986}, "geometry": {"type": "LineString", "coordinates": [[0.009726917981006174, 51.51979564403209], [0.008961699999998522, 51.519935999999994], [0.008890200000000868, 51.51995999999999], [0.008566799999999375, 51.520065599999995], [0.007899099999999068, 51.52028259999999], [0.00753879999999901, 51.5203997], [0.007488900000000331, 51.52041599999999], [0.007058199999999256, 51.5205517]]}}, {"type": "Feature", "properties": {"u": 213, "v": 197, "key": 0, "length": 191.7, "length_raw": 18890261.64867821}, "geometry": {"type": "LineString", "coordinates": [[0.012354727950881191, 51.521302128970106], [0.01235469999999967, 51.5208991], [0.012331499999998106, 51.5207909], [0.012252800000000926, 51.520474400000005], [0.01213869999999879, 51.52003559999999], [0.012270449711651019, 51.51959573249867]]}}, {"type": "Feature", "properties": {"u": 214, "v": 33, "key": 0, "length": 167.9, "length_raw": 11673588.193308255}, "geometry": {"type": "LineString", "coordinates": [[-0.0011665999999995844, 51.5138352], [-0.0009627000000006674, 51.5137728], [-0.000841100000001476, 51.51373979999999], [-0.0004549000000014242, 51.5136392], [-0.00042240000000053887, 51.513629599999994], [-0.00031700000000028054, 51.513603299999986], [0.0002300000000001797, 51.513448700000005], [0.00028449999999939515, 51.51343119999999], [0.0005183327537478993, 51.51293167097594]]}}, {"type": "Feature", "properties": {"u": 214, "v": 219, "key": 0, "length": 181.8, "length_raw": 9987754.237752046}, "geometry": {"type": "LineString", "coordinates": [[-0.0011665999999995844, 51.5138352], [-0.001380499999998682, 51.5138892], [-0.0022540999999990556, 51.5141271], [-0.002351100000001325, 51.51415339999999], [-0.003028000000000319, 51.514337700000006], [-0.0031819000000007183, 51.5143806], [-0.003571399999999824, 51.514493]]}}, {"type": "Feature", "properties": {"u": 215, "v": 33, "key": 0, "length": 266.6, "length_raw": 12847389.229778923}, "geometry": {"type": "LineString", "coordinates": [[0.0008488680911364792, 51.510715885766665], [0.0003920999999992877, 51.51100300000001], [0.00043539999999946176, 51.511076100000004], [0.00045510000000030667, 51.5111194], [0.00046239999999927366, 51.5111745], [0.0004557999999991783, 51.5112562], [0.0004213999999997654, 51.51136350000001], [0.00026239999999963596, 51.511695599999996], [0.00023679999999796485, 51.511749099999996], [0.00013130000000025315, 51.5119709], [0.0005183327537478993, 51.51293167097594]]}}, {"type": "Feature", "properties": {"u": 215, "v": 315, "key": 0, "length": 360.4, "length_raw": 11569319.378671635}, "geometry": {"type": "LineString", "coordinates": [[0.0008488680911364792, 51.510715885766665], [0.000514800000000284, 51.51040359999999], [0.000251699999999391, 51.5104129], [0.00022489999999885909, 51.5104127], [0.00013949999999816697, 51.510411299999994], [8.519999999902667e-05, 51.5104098], [-0.0002584999999999591, 51.510385400000004], [-0.000413299999999305, 51.5103695], [-0.0005979000000003104, 51.5103506], [-0.0008005999999991739, 51.5103211], [-0.000992299999999071, 51.5102932], [-0.0012612000000001564, 51.510245000000005], [-0.0016046000000000233, 51.5101541], [-0.001955400000000684, 51.510012399999994], [-0.0024052999999998313, 51.5097434], [-0.0025861000000002034, 51.50959929999999], [-0.003257899999999865, 51.50906400000001]]}}, {"type": "Feature", "properties": {"u": 215, "v": 316, "key": 0, "length": 127.8, "length_raw": 12736963.795592494}, "geometry": {"type": "LineString", "coordinates": [[0.0008488680911364792, 51.510715885766665], [0.0014884000000000787, 51.510712999999996], [0.001594700000000079, 51.51061879999999], [0.0016640000000004843, 51.5105502], [0.0016967999999996932, 51.510518899999994], [0.0017776999999988927, 51.51045859999999], [0.0018367999999990422, 51.510427299999996], [0.0019342999999985176, 51.510384999999985], [0.002408799999998165, 51.510269499999985]]}}, {"type": "Feature", "properties": {"u": 216, "v": 38, "key": 0, "length": 303.3, "length_raw": 6466695.141025926}, "geometry": {"type": "LineString", "coordinates": [[-0.00472020020005239, 51.511898350223774], [-0.004947400000000989, 51.51185649999999], [-0.0053252000000002684, 51.51178659999999], [-0.006104600000001016, 51.511639299999985], [-0.006499900000000711, 51.51156979999999], [-0.0068000999999998455, 51.5115171], [-0.009013568467858377, 51.51146601230629]]}}, {"type": "Feature", "properties": {"u": 217, "v": 293, "key": 0, "length": 170.2, "length_raw": 3151411.6179737095}, "geometry": {"type": "LineString", "coordinates": [[0.0023550999999988526, 51.51423189999999], [0.002636399999999828, 51.5143472], [0.0029524000000013227, 51.5144478], [0.003652000000000302, 51.5146172], [0.0040972999999997085, 51.5147141], [0.004612499999999347, 51.51482500000001]]}}, {"type": "Feature", "properties": {"u": 218, "v": 31, "key": 0, "length": 168.1, "length_raw": 5398966.794076958}, "geometry": {"type": "LineString", "coordinates": [[0.006129789674852181, 51.51558480518102], [0.00649399999999909, 51.51535479999999], [0.006572499999999772, 51.51536550000001], [0.007230499999999018, 51.51550009999999], [0.007325399999999106, 51.51552490000001], [0.007421699999999721, 51.5155474], [0.007611099999999748, 51.515594], [0.008206431430563666, 51.51585418308194]]}}, {"type": "Feature", "properties": {"u": 218, "v": 468, "key": 0, "length": 148.9, "length_raw": 4362439.90918843}, "geometry": {"type": "LineString", "coordinates": [[0.006129789674852181, 51.51558480518102], [0.005690899999997982, 51.5157347], [0.0056064999999980636, 51.51574139999999], [0.005530299999998841, 51.51574899999999], [0.00540699999999921, 51.515768900000005], [0.005310200000000196, 51.51579699999999], [0.005210599999999733, 51.5158322], [0.00513229999999992, 51.5158728], [0.005037200000000155, 51.515931200000004], [0.004843399999998871, 51.516055099999996], [0.004733199999998797, 51.516131399999985], [0.004609499999997425, 51.51623919999999], [0.004468700000000558, 51.516366899999994]]}}, {"type": "Feature", "properties": {"u": 219, "v": 447, "key": 0, "length": 144.1, "length_raw": 3729556.1152113643}, "geometry": {"type": "LineString", "coordinates": [[-0.003571399999999824, 51.514493], [-0.004020500000000261, 51.5146122], [-0.004022100000000067, 51.5146126], [-0.00452140000000029, 51.5147514], [-0.0054765712678262815, 51.51501674886819]]}}, {"type": "Feature", "properties": {"u": 219, "v": 214, "key": 0, "length": 181.8, "length_raw": 9987754.237752046}, "geometry": {"type": "LineString", "coordinates": [[-0.003571399999999824, 51.514493], [-0.0031819000000007183, 51.5143806], [-0.003028000000000319, 51.514337700000006], [-0.002351100000001325, 51.51415339999999], [-0.0022540999999990556, 51.5141271], [-0.001380499999998682, 51.5138892], [-0.0011665999999995844, 51.5138352]]}}, {"type": "Feature", "properties": {"u": 220, "v": 221, "key": 0, "length": 123.4, "length_raw": 5380811.689537781}, "geometry": {"type": "LineString", "coordinates": [[-0.012151400000000184, 51.47236709999999], [-0.012021300000000382, 51.4723746], [-0.011753000000000317, 51.47239489999998], [-0.011454800000001538, 51.47242719999999], [-0.011172000000000595, 51.472460399999996], [-0.01069190000000083, 51.47251510000001], [-0.010524700000000402, 51.47253529999999], [-0.010395650042645572, 51.472551400071815]]}}, {"type": "Feature", "properties": {"u": 220, "v": 222, "key": 0, "length": 224.1, "length_raw": 4263852.807149082}, "geometry": {"type": "LineString", "coordinates": [[-0.012151400000000184, 51.47236709999999], [-0.012423500000000087, 51.4723544], [-0.012672100000000897, 51.47235369999999], [-0.01295280000000085, 51.47236169999999], [-0.013153600000000789, 51.472385599999996], [-0.013417000000001199, 51.472429899999995], [-0.013648999999999347, 51.4724984], [-0.013875100000000645, 51.4725898], [-0.014094500000000816, 51.472688500000004], [-0.014284900000000822, 51.47278279999999], [-0.01445939999999982, 51.4728506], [-0.014595200000001168, 51.4728951], [-0.015136875668269897, 51.47281495179105]]}}, {"type": "Feature", "properties": {"u": 221, "v": 220, "key": 0, "length": 123.4, "length_raw": 5380811.689537781}, "geometry": {"type": "LineString", "coordinates": [[-0.010395650042645572, 51.472551400071815], [-0.010524700000000402, 51.47253529999999], [-0.01069190000000083, 51.47251510000001], [-0.011172000000000595, 51.472460399999996], [-0.011454800000001538, 51.47242719999999], [-0.011753000000000317, 51.47239489999998], [-0.012021300000000382, 51.4723746], [-0.012151400000000184, 51.47236709999999]]}}, {"type": "Feature", "properties": {"u": 221, "v": 223, "key": 0, "length": 353.4, "length_raw": 296963.17293392896}, "geometry": {"type": "LineString", "coordinates": [[-0.010395650042645572, 51.472551400071815], [-0.010266599999999798, 51.4725675], [-0.010195700000000382, 51.47257609999998], [-0.00895630000000007, 51.47273380000001], [-0.008720600000000332, 51.472747899999995], [-0.008554600000001546, 51.472746099999995], [-0.008327200000000357, 51.4727402], [-0.008154299999999575, 51.4727325], [-0.007923400000000845, 51.4727114], [-0.007656700000000985, 51.4726801], [-0.006746099999999824, 51.472563099999995], [-0.006673300000001085, 51.47255279999999], [-0.006600200000000842, 51.4725431], [-0.0061113000000001545, 51.47247339999999], [-0.005369383552504706, 51.4724317809666]]}}, {"type": "Feature", "properties": {"u": 222, "v": 220, "key": 0, "length": 224.1, "length_raw": 4263852.807149082}, "geometry": {"type": "LineString", "coordinates": [[-0.015136875668269897, 51.47281495179105], [-0.014595200000001168, 51.4728951], [-0.01445939999999982, 51.4728506], [-0.014284900000000822, 51.47278279999999], [-0.014094500000000816, 51.472688500000004], [-0.013875100000000645, 51.4725898], [-0.013648999999999347, 51.4724984], [-0.013417000000001199, 51.472429899999995], [-0.013153600000000789, 51.472385599999996], [-0.01295280000000085, 51.47236169999999], [-0.012672100000000897, 51.47235369999999], [-0.012423500000000087, 51.4723544], [-0.012151400000000184, 51.47236709999999]]}}, {"type": "Feature", "properties": {"u": 222, "v": 224, "key": 0, "length": 157.7, "length_raw": 16110531.52638355}, "geometry": {"type": "LineString", "coordinates": [[-0.015136875668269897, 51.47281495179105], [-0.015065400000000591, 51.47324019999999], [-0.014928199999999114, 51.47340520000001], [-0.014877000000000543, 51.473463300000006], [-0.014648899999999685, 51.4737199], [-0.014523200000000343, 51.47385599999999], [-0.014252094855962906, 51.474089509058054]]}}, {"type": "Feature", "properties": {"u": 222, "v": 225, "key": 0, "length": 230.3, "length_raw": 4218858.144440797}, "geometry": {"type": "LineString", "coordinates": [[-0.015136875668269897, 51.47281495179105], [-0.015256499999999467, 51.4730309], [-0.015470900000000542, 51.4730313], [-0.01552220000000094, 51.473030699999995], [-0.015594600000000722, 51.47303010000001], [-0.016150000000000362, 51.47302830000001], [-0.01645930000000073, 51.4730387], [-0.016746700000000222, 51.473053], [-0.016812399999999672, 51.473057600000004], [-0.01709709999999954, 51.4730838], [-0.0175681999999991, 51.4731392], [-0.01763180000000114, 51.47314599999999], [-0.0177167999999989, 51.47315609999998], [-0.017795100000000702, 51.473164399999995], [-0.017964800000001474, 51.473181], [-0.01819180000000132, 51.473207599999995]]}}, {"type": "Feature", "properties": {"u": 222, "v": 226, "key": 0, "length": 157.0, "length_raw": 15981289.543520104}, "geometry": {"type": "LineString", "coordinates": [[-0.015136875668269897, 51.47281495179105], [-0.01547040000000095, 51.472336799999994], [-0.01546919999999891, 51.47226440000001], [-0.015449899999999805, 51.47217839999999], [-0.01541719999999964, 51.4721025], [-0.015386100000000473, 51.4720417], [-0.015342700000000858, 51.47197400000001], [-0.015149600000000435, 51.4717404], [-0.014958849083371695, 51.47151695014392]]}}, {"type": "Feature", "properties": {"u": 223, "v": 339, "key": 0, "length": 138.7, "length_raw": 13699763.093911137}, "geometry": {"type": "LineString", "coordinates": [[-0.005369383552504706, 51.4724317809666], [-0.005555599999999804, 51.4722238], [-0.005596699999999946, 51.4721836], [-0.005717199999998922, 51.472065900000004], [-0.005864099999998679, 51.4719149], [-0.005903600000000605, 51.47187], [-0.005966600000000431, 51.471799], [-0.006025000000000913, 51.4717275], [-0.0060887000000019965, 51.471628499999994], [-0.006162399999999683, 51.471501399999994], [-0.006193700000000117, 51.4714488], [-0.0064029963109393, 51.471414543875106]]}}, {"type": "Feature", "properties": {"u": 223, "v": 397, "key": 0, "length": 169.8, "length_raw": 17598738.70051076}, "geometry": {"type": "LineString", "coordinates": [[-0.005369383552504706, 51.4724317809666], [-0.005316800000000292, 51.47275189999999], [-0.005046699999999948, 51.473058400000006], [-0.004997800000001247, 51.47311859999999], [-0.004895399999998936, 51.47325949999999], [-0.00486320000000035, 51.4733083], [-0.004805900000000878, 51.473412], [-0.004762000000001273, 51.473521299999994], [-0.0047370000000022125, 51.47362259999999], [-0.004722799999999658, 51.473713999999994], [-0.004717300000000175, 51.47387829999999]]}}, {"type": "Feature", "properties": {"u": 223, "v": 221, "key": 0, "length": 353.4, "length_raw": 296963.17293392896}, "geometry": {"type": "LineString", "coordinates": [[-0.005369383552504706, 51.4724317809666], [-0.0061113000000001545, 51.47247339999999], [-0.006600200000000842, 51.4725431], [-0.006673300000001085, 51.47255279999999], [-0.006746099999999824, 51.472563099999995], [-0.007656700000000985, 51.4726801], [-0.007923400000000845, 51.4727114], [-0.008154299999999575, 51.4727325], [-0.008327200000000357, 51.4727402], [-0.008554600000001546, 51.472746099999995], [-0.008720600000000332, 51.472747899999995], [-0.00895630000000007, 51.47273380000001], [-0.010195700000000382, 51.47257609999998], [-0.010266599999999798, 51.4725675], [-0.010395650042645572, 51.472551400071815]]}}, {"type": "Feature", "properties": {"u": 223, "v": 403, "key": 0, "length": 223.9, "length_raw": 7629395.141205614}, "geometry": {"type": "LineString", "coordinates": [[-0.005369383552504706, 51.4724317809666], [-0.004587999999999879, 51.472263], [-0.00335909999999934, 51.472098700000004], [-0.00245759999999981, 51.4719779], [-0.0022354000000001767, 51.4719488]]}}, {"type": "Feature", "properties": {"u": 224, "v": 222, "key": 0, "length": 157.7, "length_raw": 16110531.52638355}, "geometry": {"type": "LineString", "coordinates": [[-0.014252094855962906, 51.474089509058054], [-0.014523200000000343, 51.47385599999999], [-0.014648899999999685, 51.4737199], [-0.014877000000000543, 51.473463300000006], [-0.014928199999999114, 51.47340520000001], [-0.015065400000000591, 51.47324019999999], [-0.015136875668269897, 51.47281495179105]]}}, {"type": "Feature", "properties": {"u": 224, "v": 335, "key": 0, "length": 175.3, "length_raw": 13669897.062249951}, "geometry": {"type": "LineString", "coordinates": [[-0.014252094855962906, 51.474089509058054], [-0.013989199999999601, 51.47431970000001], [-0.013876200000000066, 51.4744366], [-0.013662000000001848, 51.47467420000001], [-0.013561600000000687, 51.4747916], [-0.013350400000000815, 51.475057199999995], [-0.013205300000002133, 51.475249299999994], [-0.01306689999999941, 51.475426000000006], [-0.013036800029183799, 51.47546925000447]]}}, {"type": "Feature", "properties": {"u": 225, "v": 222, "key": 0, "length": 230.3, "length_raw": 4218858.144440797}, "geometry": {"type": "LineString", "coordinates": [[-0.01819180000000132, 51.473207599999995], [-0.017964800000001474, 51.473181], [-0.017795100000000702, 51.473164399999995], [-0.0177167999999989, 51.47315609999998], [-0.01763180000000114, 51.47314599999999], [-0.0175681999999991, 51.4731392], [-0.01709709999999954, 51.4730838], [-0.016812399999999672, 51.473057600000004], [-0.016746700000000222, 51.473053], [-0.01645930000000073, 51.4730387], [-0.016150000000000362, 51.47302830000001], [-0.015594600000000722, 51.47303010000001], [-0.01552220000000094, 51.473030699999995], [-0.015470900000000542, 51.4730313], [-0.015256499999999467, 51.4730309], [-0.015136875668269897, 51.47281495179105]]}}, {"type": "Feature", "properties": {"u": 225, "v": 451, "key": 0, "length": 93.0, "length_raw": 8099672.216037584}, "geometry": {"type": "LineString", "coordinates": [[-0.01819180000000132, 51.473207599999995], [-0.01826390000000079, 51.47321790000001], [-0.018380900000000637, 51.4732369], [-0.01854859999999867, 51.4732776], [-0.018770299999999508, 51.473339200000005], [-0.01909300000000173, 51.473437600000004], [-0.019409299201406015, 51.473551250415284]]}}, {"type": "Feature", "properties": {"u": 226, "v": 222, "key": 0, "length": 157.0, "length_raw": 15981289.543520104}, "geometry": {"type": "LineString", "coordinates": [[-0.014958849083371695, 51.47151695014392], [-0.015149600000000435, 51.4717404], [-0.015342700000000858, 51.47197400000001], [-0.015386100000000473, 51.4720417], [-0.01541719999999964, 51.4721025], [-0.015449899999999805, 51.47217839999999], [-0.01546919999999891, 51.47226440000001], [-0.01547040000000095, 51.472336799999994], [-0.015136875668269897, 51.47281495179105]]}}, {"type": "Feature", "properties": {"u": 226, "v": 536, "key": 0, "length": 147.5, "length_raw": 12617688.662515337}, "geometry": {"type": "LineString", "coordinates": [[-0.014958849083371695, 51.47151695014392], [-0.01476810000000036, 51.471293500000016], [-0.014671700000000303, 51.471134899999996], [-0.014624399999999422, 51.471048], [-0.014553300000000725, 51.4709174], [-0.014436100000002393, 51.4707101], [-0.014306500000000591, 51.4704954], [-0.014174449410852495, 51.470285700067855]]}}, {"type": "Feature", "properties": {"u": 227, "v": 166, "key": 0, "length": 114.2, "length_raw": 12356243.118763292}, "geometry": {"type": "LineString", "coordinates": [[-0.055567099999999224, 51.521913999999995], [-0.05599329999999961, 51.521256900000004], [-0.05606990000000176, 51.5211388], [-0.056158900000001025, 51.52100149999999], [-0.05618120000000046, 51.5209607]]}}, {"type": "Feature", "properties": {"u": 228, "v": 229, "key": 0, "length": 166.3, "length_raw": 17081742.242183223}, "geometry": {"type": "LineString", "coordinates": [[0.011879887855559356, 51.47323314041068], [0.011491999999999617, 51.4730918], [0.010958300000000379, 51.4730338], [0.010424599999999154, 51.47297580000001], [0.009599330397771728, 51.472807740892634]]}}, {"type": "Feature", "properties": {"u": 228, "v": 230, "key": 0, "length": 284.9, "length_raw": 6212334.89134278}, "geometry": {"type": "LineString", "coordinates": [[0.011879887855559356, 51.47323314041068], [0.012114199999998923, 51.473196599999994], [0.012271800000000117, 51.4732146], [0.0128847000000005, 51.4732877], [0.013672600000000267, 51.4733758], [0.013815599999999153, 51.473392800000006], [0.014434399999998772, 51.4734665], [0.01471669999999893, 51.47349859999999], [0.015344199999999633, 51.4735779], [0.015399100000000191, 51.4735846], [0.015558299999999203, 51.47360389999999], [0.015798799999999155, 51.4736331], [0.015901913258800505, 51.47367210312695]]}}, {"type": "Feature", "properties": {"u": 229, "v": 228, "key": 0, "length": 166.3, "length_raw": 17081742.242183223}, "geometry": {"type": "LineString", "coordinates": [[0.009599330397771728, 51.472807740892634], [0.010424599999999154, 51.47297580000001], [0.010958300000000379, 51.4730338], [0.011491999999999617, 51.4730918], [0.011879887855559356, 51.47323314041068]]}}, {"type": "Feature", "properties": {"u": 229, "v": 17, "key": 0, "length": 265.6, "length_raw": 10467116.602888891}, "geometry": {"type": "LineString", "coordinates": [[0.009599330397771728, 51.472807740892634], [0.009633799999998893, 51.47312269999999], [0.009651099999998438, 51.47325609999998], [0.009702100000000114, 51.4736031], [0.009749700000000116, 51.47395240000001], [0.009780299999999293, 51.474169800000006], [0.009823399999998596, 51.4744767], [0.009845199999999237, 51.474637699999995], [0.009869399999998791, 51.47481159999999], [0.009875800000000401, 51.4748578], [0.009880800000000294, 51.474893699999996], [0.009898200000000473, 51.475042], [0.009957316328070247, 51.47518408400468]]}}, {"type": "Feature", "properties": {"u": 229, "v": 231, "key": 0, "length": 686.4, "length_raw": 12899254.105703017}, "geometry": {"type": "LineString", "coordinates": [[0.009599330397771728, 51.472807740892634], [0.008808199999999863, 51.4728177], [0.008364499999999468, 51.472766500000006], [0.006714900000001216, 51.4725849], [0.004848100000000042, 51.47237690000001], [0.004129799999999003, 51.47229199999999], [0.004047999999998869, 51.47228269999999], [0.00395459999999835, 51.47227209999999], [0.0034830999999998307, 51.472219300000006], [0.0022691999999989664, 51.47208620000001], [0.0016443999999998756, 51.472014699999995], [0.0008914999999989516, 51.47192849999999], [0.0006663999999988247, 51.47190739999999], [0.0004171000000007333, 51.4718919], [0.00025890000000010945, 51.4718819], [0.00010059999999964681, 51.471871900000004], [-0.00017625008224313459, 51.47185610032867]]}}, {"type": "Feature", "properties": {"u": 230, "v": 313, "key": 0, "length": 298.1, "length_raw": 10128189.159102527}, "geometry": {"type": "LineString", "coordinates": [[0.015901913258800505, 51.47367210312695], [0.01657269999999843, 51.4743909], [0.016684299999998237, 51.474495399999995], [0.016752100000000263, 51.47456189999999], [0.017123100000000963, 51.4749147], [0.01774120000000012, 51.47551300000001], [0.017769799999998545, 51.475541299999996], [0.01788680000000078, 51.4756572], [0.01818203504053393, 51.475944654356766]]}}, {"type": "Feature", "properties": {"u": 230, "v": 228, "key": 0, "length": 344.9, "length_raw": 6212334.89134278}, "geometry": {"type": "LineString", "coordinates": [[0.015901913258800505, 51.47367210312695], [0.015239399999999997, 51.4734908], [0.014737499999999593, 51.4734335], [0.013730999999999955, 51.47331359999999], [0.01300739999999911, 51.4732305], [0.012035100000000798, 51.473116899999994], [0.012008900000000095, 51.4731143], [0.011945699999999398, 51.473107999999996], [0.011727299999998808, 51.47308639999999], [0.011491999999999617, 51.4730918], [0.011879887855559356, 51.47323314041068]]}}, {"type": "Feature", "properties": {"u": 230, "v": 314, "key": 0, "length": 149.6, "length_raw": 3870768.3844207255}, "geometry": {"type": "LineString", "coordinates": [[0.015901913258800505, 51.47367210312695], [0.016676200000000956, 51.473695500000005], [0.016988399999998637, 51.47372949999999], [0.017795699999999335, 51.47381459999999], [0.018041099999998943, 51.4738418]]}}, {"type": "Feature", "properties": {"u": 231, "v": 402, "key": 0, "length": 287.9, "length_raw": 6774760.326909404}, "geometry": {"type": "LineString", "coordinates": [[-0.00017625008224313459, 51.47185610032867], [0.00010059999999964681, 51.471871900000004], [9.42000000008193e-05, 51.4719161], [0.00011869999999869763, 51.4719639], [0.0001321999999995975, 51.471977499999994], [0.00016100000000008604, 51.4720065], [0.00022509999999933183, 51.4720511], [0.00031810000000009767, 51.47208839999999], [0.0005047999999997058, 51.47213889999998], [0.002698400000000471, 51.47278800000001], [0.0030333999999995662, 51.4728699], [0.0031338000000011254, 51.47289920000001], [0.003223499999999657, 51.47292649999999], [0.003271900000000754, 51.4729547], [0.003307999999999017, 51.47297330000001], [0.0033664999999993383, 51.472990599999996], [0.003420299999998092, 51.47300489999999]]}}, {"type": "Feature", "properties": {"u": 231, "v": 229, "key": 0, "length": 686.4, "length_raw": 12899254.105703017}, "geometry": {"type": "LineString", "coordinates": [[-0.00017625008224313459, 51.47185610032867], [0.00010059999999964681, 51.471871900000004], [0.00025890000000010945, 51.4718819], [0.0004171000000007333, 51.4718919], [0.0006663999999988247, 51.47190739999999], [0.0008914999999989516, 51.47192849999999], [0.0016443999999998756, 51.472014699999995], [0.0022691999999989664, 51.47208620000001], [0.0034830999999998307, 51.472219300000006], [0.00395459999999835, 51.47227209999999], [0.004047999999998869, 51.47228269999999], [0.004129799999999003, 51.47229199999999], [0.004848100000000042, 51.47237690000001], [0.006714900000001216, 51.4725849], [0.008364499999999468, 51.472766500000006], [0.008808199999999863, 51.4728177], [0.009599330397771728, 51.472807740892634]]}}, {"type": "Feature", "properties": {"u": 231, "v": 403, "key": 0, "length": 144.1, "length_raw": 12357894.17870394}, "geometry": {"type": "LineString", "coordinates": [[-0.00017625008224313459, 51.47185610032867], [-0.00045309999999995247, 51.47184029999999], [-0.0007296999999997576, 51.4718263], [-0.0009630000000009789, 51.471821199999994], [-0.0012100000000007899, 51.47182959999999], [-0.0013662000000002645, 51.47184119999999], [-0.0015300000000002102, 51.471858], [-0.0017279000000012452, 51.47188439999999], [-0.0022354000000001767, 51.4719488]]}}, {"type": "Feature", "properties": {"u": 232, "v": 325, "key": 0, "length": 196.8, "length_raw": 3596668.5198943214}, "geometry": {"type": "LineString", "coordinates": [[0.007012841126914194, 51.48566532614848], [0.0053084000000007125, 51.485263200000006], [0.0049886999999980254, 51.48520819999999], [0.004789800000000193, 51.48517379999999], [0.004725799999999594, 51.48516239999999], [0.0046573999999989305, 51.485149199999995], [0.004474799999999472, 51.48510549999998], [0.004340399999999047, 51.485066499999995]]}}, {"type": "Feature", "properties": {"u": 232, "v": 190, "key": 0, "length": 167.9, "length_raw": 17037080.045535803}, "geometry": {"type": "LineString", "coordinates": [[0.007012841126914194, 51.48566532614848], [0.008122499999998754, 51.486143999999996], [0.008249399999998545, 51.48618690000001], [0.008444799999999635, 51.48622699999999], [0.00852999999999906, 51.4862411], [0.008613700000000106, 51.486254200000005], [0.008763400000000915, 51.48627650000001], [0.008953599999999652, 51.48629449999999], [0.009157046054950388, 51.486293812198916]]}}, {"type": "Feature", "properties": {"u": 232, "v": 326, "key": 0, "length": 172.0, "length_raw": 17425612.278941046}, "geometry": {"type": "LineString", "coordinates": [[0.007012841126914194, 51.48566532614848], [0.0072663999999991935, 51.4861864], [0.007264700000000343, 51.486229599999994], [0.00728040000000048, 51.48638720000001], [0.00730969999999897, 51.486519099999995], [0.007353100000000573, 51.486642], [0.007413100000000464, 51.4868154], [0.007467699999999121, 51.48696029999999], [0.007480099999999408, 51.487001199999995], [0.007492899999999847, 51.48704349999999], [0.007516900000000519, 51.487174100000004]]}}, {"type": "Feature", "properties": {"u": 232, "v": 327, "key": 0, "length": 181.0, "length_raw": 9110748.611254541}, "geometry": {"type": "LineString", "coordinates": [[0.007012841126914194, 51.48566532614848], [0.007965500000001364, 51.48525680000001], [0.00801410000000015, 51.4851432], [0.008154399999999812, 51.4848156], [0.008246699999999718, 51.484601], [0.008328150376490824, 51.48437780002549]]}}, {"type": "Feature", "properties": {"u": 233, "v": 234, "key": 0, "length": 217.9, "length_raw": 14721694.250824811}, "geometry": {"type": "LineString", "coordinates": [[-0.03740638943322197, 51.514252476160124], [-0.03954549999999982, 51.51460819999999], [-0.039836300000000185, 51.514669999999995], [-0.04018320000000038, 51.51474379999999], [-0.0402996, 51.5147686], [-0.04043630000000069, 51.5147813]]}}, {"type": "Feature", "properties": {"u": 233, "v": 235, "key": 0, "length": 233.9, "length_raw": 9394119.484187037}, "geometry": {"type": "LineString", "coordinates": [[-0.03740638943322197, 51.514252476160124], [-0.03526120000000138, 51.514099900000005], [-0.03495330000000074, 51.514132499999995], [-0.034239000000001206, 51.5142013], [-0.03405550000000042, 51.514217599999995]]}}, {"type": "Feature", "properties": {"u": 234, "v": 252, "key": 0, "length": 72.2, "length_raw": 7178439.620048409}, "geometry": {"type": "LineString", "coordinates": [[-0.04043630000000069, 51.5147813], [-0.04065690000000012, 51.514789300000004], [-0.04092809999999949, 51.5147991], [-0.04131090000000224, 51.51479899999999], [-0.041343099999999626, 51.51480500000001], [-0.041363699999999816, 51.5148166], [-0.041370249992485335, 51.514882350000384]]}}, {"type": "Feature", "properties": {"u": 234, "v": 233, "key": 0, "length": 217.9, "length_raw": 14721694.250824811}, "geometry": {"type": "LineString", "coordinates": [[-0.04043630000000069, 51.5147813], [-0.0402996, 51.5147686], [-0.04018320000000038, 51.51474379999999], [-0.039836300000000185, 51.514669999999995], [-0.03954549999999982, 51.51460819999999], [-0.03740638943322197, 51.514252476160124]]}}, {"type": "Feature", "properties": {"u": 235, "v": 348, "key": 0, "length": 74.3, "length_raw": 7433634.417231008}, "geometry": {"type": "LineString", "coordinates": [[-0.03405550000000042, 51.514217599999995], [-0.033841900000001236, 51.51423719999998], [-0.033720000000001735, 51.51425369999999], [-0.03360499999999985, 51.514297000000006], [-0.03347990000000034, 51.51436979999998], [-0.03341640000000092, 51.5144264], [-0.03328079999999965, 51.5145473], [-0.03324020000000029, 51.514589699999995]]}}, {"type": "Feature", "properties": {"u": 235, "v": 233, "key": 0, "length": 233.9, "length_raw": 9394119.484187037}, "geometry": {"type": "LineString", "coordinates": [[-0.03405550000000042, 51.514217599999995], [-0.034239000000001206, 51.5142013], [-0.03495330000000074, 51.514132499999995], [-0.03526120000000138, 51.514099900000005], [-0.03740638943322197, 51.514252476160124]]}}, {"type": "Feature", "properties": {"u": 236, "v": 237, "key": 0, "length": 171.5, "length_raw": 13636296.661671009}, "geometry": {"type": "LineString", "coordinates": [[-0.04257080121227688, 51.512994438519875], [-0.04125060000000084, 51.5128875], [-0.04120009999999995, 51.5129128], [-0.041162700000001794, 51.51293729999999], [-0.041138900000001595, 51.51296119999999], [-0.04106630000000054, 51.5130397], [-0.04103709999999871, 51.5130948], [-0.04093649999999986, 51.51328440000001], [-0.04087690000000012, 51.51342309999999], [-0.0408311000000004, 51.51353919999998]]}}, {"type": "Feature", "properties": {"u": 236, "v": 238, "key": 0, "length": 184.3, "length_raw": 14226210.34867517}, "geometry": {"type": "LineString", "coordinates": [[-0.04257080121227688, 51.512994438519875], [-0.04117000000000036, 51.512875], [-0.0410629999999999, 51.5128595], [-0.040802700000000455, 51.512834699999985], [-0.04019620000000169, 51.5128055], [-0.04005790000000079, 51.51280199999999], [-0.03992949999999983, 51.51279530000001]]}}, {"type": "Feature", "properties": {"u": 236, "v": 239, "key": 0, "length": 279.0, "length_raw": 9097963.64883242}, "geometry": {"type": "LineString", "coordinates": [[-0.04257080121227688, 51.512994438519875], [-0.04432370000000082, 51.51320809999999], [-0.04444439999999907, 51.5132046], [-0.04463160000000066, 51.51319919999999], [-0.04518650000000031, 51.51317699999999], [-0.04554920000000087, 51.513175499999996], [-0.04656218642979607, 51.5132459715492]]}}, {"type": "Feature", "properties": {"u": 236, "v": 94, "key": 0, "length": 319.4, "length_raw": 11116252.053739836}, "geometry": {"type": "LineString", "coordinates": [[-0.04257080121227688, 51.512994438519875], [-0.041480899999999744, 51.512518199999995], [-0.041801100000001624, 51.51200769999999], [-0.041829700000001635, 51.511965199999985], [-0.04185780000000047, 51.51192399999999], [-0.041969800000000425, 51.5117622], [-0.042012800000001085, 51.51170449999999], [-0.04204860000000023, 51.51165100000001], [-0.04382033294186284, 51.511554582487]]}}, {"type": "Feature", "properties": {"u": 237, "v": 234, "key": 0, "length": 142.2, "length_raw": 15023252.59688533}, "geometry": {"type": "LineString", "coordinates": [[-0.0408311000000004, 51.51353919999998], [-0.04065569999999967, 51.51414990000001], [-0.040592300000000886, 51.51445989999999], [-0.04052720000000087, 51.5147166], [-0.04043630000000069, 51.5147813]]}}, {"type": "Feature", "properties": {"u": 238, "v": 37, "key": 0, "length": 117.5, "length_raw": 6359961.780595111}, "geometry": {"type": "LineString", "coordinates": [[-0.03992949999999983, 51.51279530000001], [-0.039806899999999076, 51.51278899999999], [-0.03965830000000126, 51.5127796], [-0.03920740000000095, 51.5127529], [-0.03916430000000204, 51.51275239999998], [-0.03903409999999962, 51.51274879999999], [-0.03901851884806297, 51.512251388593604]]}}, {"type": "Feature", "properties": {"u": 239, "v": 236, "key": 0, "length": 279.0, "length_raw": 9097963.64883242}, "geometry": {"type": "LineString", "coordinates": [[-0.04656218642979607, 51.5132459715492], [-0.04554920000000087, 51.513175499999996], [-0.04518650000000031, 51.51317699999999], [-0.04463160000000066, 51.51319919999999], [-0.04444439999999907, 51.5132046], [-0.04432370000000082, 51.51320809999999], [-0.04257080121227688, 51.512994438519875]]}}, {"type": "Feature", "properties": {"u": 239, "v": 270, "key": 0, "length": 157.6, "length_raw": 16393317.177531142}, "geometry": {"type": "LineString", "coordinates": [[-0.04656218642979607, 51.5132459715492], [-0.04754820000000164, 51.5133473], [-0.04764309999999895, 51.5133619], [-0.04782889999999961, 51.51339020000001], [-0.04796690000000139, 51.5134113], [-0.04814800000000088, 51.513439], [-0.04845830000000043, 51.51348619999999], [-0.04878841920895709, 51.51353825874442]]}}, {"type": "Feature", "properties": {"u": 240, "v": 241, "key": 0, "length": 222.0, "length_raw": 10998651.104900545}, "geometry": {"type": "LineString", "coordinates": [[-0.04588334982460905, 51.51676470041268], [-0.04557139999999968, 51.51674150000001], [-0.04525109999999915, 51.5167151], [-0.04480210000000054, 51.51668149999999], [-0.044518699999998974, 51.516666400000005], [-0.04425469999999993, 51.51664960000001], [-0.04415070000000059, 51.5166501], [-0.044079999999999266, 51.51665259999999], [-0.0440115999999998, 51.516655899999996], [-0.043950299999999616, 51.516659999999995], [-0.04387849999999966, 51.516666199999996], [-0.04382949999999913, 51.516671], [-0.04333890000000079, 51.51671269999999], [-0.043085599999999606, 51.51673430000001], [-0.04293290000000204, 51.51674859999999], [-0.04288480000000006, 51.5167527], [-0.04278870000000032, 51.51675749999999], [-0.04269780001561786, 51.516766050035535]]}}, {"type": "Feature", "properties": {"u": 240, "v": 242, "key": 0, "length": 116.7, "length_raw": 9984168.389142381}, "geometry": {"type": "LineString", "coordinates": [[-0.04588334982460905, 51.51676470041268], [-0.04619530000000061, 51.5167879], [-0.04675780000000114, 51.51683309999999], [-0.04717290000000112, 51.51685189999999], [-0.04756240000000261, 51.516858]]}}, {"type": "Feature", "properties": {"u": 241, "v": 240, "key": 0, "length": 222.0, "length_raw": 10998651.104900545}, "geometry": {"type": "LineString", "coordinates": [[-0.04269780001561786, 51.516766050035535], [-0.04278870000000032, 51.51675749999999], [-0.04288480000000006, 51.5167527], [-0.04293290000000204, 51.51674859999999], [-0.043085599999999606, 51.51673430000001], [-0.04333890000000079, 51.51671269999999], [-0.04382949999999913, 51.516671], [-0.04387849999999966, 51.516666199999996], [-0.043950299999999616, 51.516659999999995], [-0.0440115999999998, 51.516655899999996], [-0.044079999999999266, 51.51665259999999], [-0.04415070000000059, 51.5166501], [-0.04425469999999993, 51.51664960000001], [-0.044518699999998974, 51.516666400000005], [-0.04480210000000054, 51.51668149999999], [-0.04525109999999915, 51.5167151], [-0.04557139999999968, 51.51674150000001], [-0.04588334982460905, 51.51676470041268]]}}, {"type": "Feature", "properties": {"u": 241, "v": 243, "key": 0, "length": 148.0, "length_raw": 14399616.560437635}, "geometry": {"type": "LineString", "coordinates": [[-0.04269780001561786, 51.516766050035535], [-0.042606900000000364, 51.516774599999984], [-0.042615000000001624, 51.51680220000001], [-0.04262480000000252, 51.51683779999999], [-0.042628500000001325, 51.51687789999999], [-0.04263410000000184, 51.51719709999998], [-0.042633600000001055, 51.517272299999995], [-0.04265250000000081, 51.5175174], [-0.04267649999999949, 51.5176754], [-0.04267840000000239, 51.517765299999986], [-0.0429642918843988, 51.5179828918985]]}}, {"type": "Feature", "properties": {"u": 241, "v": 244, "key": 0, "length": 168.6, "length_raw": 14490433.721146239}, "geometry": {"type": "LineString", "coordinates": [[-0.04269780001561786, 51.516766050035535], [-0.042606900000000364, 51.516774599999984], [-0.04255600000000052, 51.5167267], [-0.04245080000000152, 51.516639899999994], [-0.04231550000000096, 51.5165488], [-0.04213090000000115, 51.51643609999999], [-0.04206349999999967, 51.51638899999999], [-0.041835999999999436, 51.5161839], [-0.041710200000001446, 51.516050899999996], [-0.04159110000000141, 51.5159412], [-0.04155209999999947, 51.5159021], [-0.04151330000000079, 51.5158605], [-0.041491000000000555, 51.51582619999999], [-0.04146650000000149, 51.51577769999999], [-0.04145130000000094, 51.515713], [-0.04144669999999961, 51.5156568], [-0.04144110000000148, 51.51559009999998], [-0.04143759999770241, 51.51555155000015]]}}, {"type": "Feature", "properties": {"u": 242, "v": 240, "key": 0, "length": 116.7, "length_raw": 9984168.389142381}, "geometry": {"type": "LineString", "coordinates": [[-0.04756240000000261, 51.516858], [-0.04717290000000112, 51.51685189999999], [-0.04675780000000114, 51.51683309999999], [-0.04619530000000061, 51.5167879], [-0.04588334982460905, 51.51676470041268]]}}, {"type": "Feature", "properties": {"u": 242, "v": 524, "key": 0, "length": 158.4, "length_raw": 11945963.98102669}, "geometry": {"type": "LineString", "coordinates": [[-0.04756240000000261, 51.516858], [-0.04803580000000085, 51.516863399999984], [-0.04836899999999966, 51.516864799999986], [-0.04870910000000088, 51.516866900000004], [-0.0488768000000005, 51.51686799999999], [-0.049239400000000426, 51.5168691], [-0.0496008000000007, 51.516873199999985], [-0.04985060000000037, 51.51687859999999]]}}, {"type": "Feature", "properties": {"u": 243, "v": 241, "key": 0, "length": 148.0, "length_raw": 14399616.560437635}, "geometry": {"type": "LineString", "coordinates": [[-0.0429642918843988, 51.5179828918985], [-0.04267840000000239, 51.517765299999986], [-0.04267649999999949, 51.5176754], [-0.04265250000000081, 51.5175174], [-0.042633600000001055, 51.517272299999995], [-0.04263410000000184, 51.51719709999998], [-0.042628500000001325, 51.51687789999999], [-0.04262480000000252, 51.51683779999999], [-0.042615000000001624, 51.51680220000001], [-0.042606900000000364, 51.516774599999984], [-0.04269780001561786, 51.516766050035535]]}}, {"type": "Feature", "properties": {"u": 243, "v": 249, "key": 0, "length": 186.9, "length_raw": 18942773.516355544}, "geometry": {"type": "LineString", "coordinates": [[-0.0429642918843988, 51.5179828918985], [-0.04267840000000239, 51.517765299999986], [-0.042503600000001494, 51.517767699999986], [-0.04210179999999995, 51.51778430000001], [-0.04164420000000049, 51.517824999999995], [-0.041496900000001384, 51.517838099999985], [-0.041423200000000916, 51.5178447], [-0.040792999999999, 51.5179065], [-0.04058540000000167, 51.517925099999985], [-0.04044905003673721, 51.51793845007995]]}}, {"type": "Feature", "properties": {"u": 243, "v": 250, "key": 0, "length": 158.8, "length_raw": 15191924.868907828}, "geometry": {"type": "LineString", "coordinates": [[-0.0429642918843988, 51.5179828918985], [-0.043116099999999734, 51.5182978], [-0.04308419999999987, 51.5185079], [-0.0430691999999998, 51.518607], [-0.043063300000000165, 51.5186523], [-0.04305820000000083, 51.5187083], [-0.04305759999999942, 51.51876329999999], [-0.04307170000000054, 51.51882059999999], [-0.04314920000000045, 51.5189738], [-0.043155900000000386, 51.5189871], [-0.04325190000000029, 51.51915339999999], [-0.04338699940545532, 51.519359500071324]]}}, {"type": "Feature", "properties": {"u": 243, "v": 251, "key": 0, "length": 109.0, "length_raw": 9797479.563012296}, "geometry": {"type": "LineString", "coordinates": [[-0.0429642918843988, 51.5179828918985], [-0.04305620000000088, 51.5177936], [-0.0432567000000013, 51.51781079999999], [-0.043362700000001385, 51.517831], [-0.043473700000000566, 51.5178542], [-0.04360129999999923, 51.5178808], [-0.04370659999999806, 51.51790580000001], [-0.04389350000000013, 51.5179603], [-0.04409680000000081, 51.51801759999999], [-0.044229200000000087, 51.518061499999995]]}}, {"type": "Feature", "properties": {"u": 244, "v": 241, "key": 0, "length": 168.6, "length_raw": 14490433.721146239}, "geometry": {"type": "LineString", "coordinates": [[-0.04143759999770241, 51.51555155000015], [-0.04144110000000148, 51.51559009999998], [-0.04144669999999961, 51.5156568], [-0.04145130000000094, 51.515713], [-0.04146650000000149, 51.51577769999999], [-0.041491000000000555, 51.51582619999999], [-0.04151330000000079, 51.5158605], [-0.04155209999999947, 51.5159021], [-0.04159110000000141, 51.5159412], [-0.041710200000001446, 51.516050899999996], [-0.041835999999999436, 51.5161839], [-0.04206349999999967, 51.51638899999999], [-0.04213090000000115, 51.51643609999999], [-0.04231550000000096, 51.5165488], [-0.04245080000000152, 51.516639899999994], [-0.04255600000000052, 51.5167267], [-0.042606900000000364, 51.516774599999984], [-0.04269780001561786, 51.516766050035535]]}}, {"type": "Feature", "properties": {"u": 244, "v": 252, "key": 0, "length": 74.6, "length_raw": 8253214.454678409}, "geometry": {"type": "LineString", "coordinates": [[-0.04143759999770241, 51.51555155000015], [-0.04143410000000124, 51.515513000000006], [-0.041420600000000335, 51.515342899999986], [-0.041393800000000196, 51.515097299999994], [-0.04137680000000017, 51.5149481], [-0.041370249992485335, 51.514882350000384]]}}, {"type": "Feature", "properties": {"u": 245, "v": 246, "key": 0, "length": 149.6, "length_raw": 9027028.123131098}, "geometry": {"type": "LineString", "coordinates": [[-0.048435707365816656, 51.493607818704305], [-0.04870220000000087, 51.493332], [-0.04914550000000111, 51.4929894], [-0.04951290000000046, 51.4927007], [-0.04972640079748453, 51.492531200209285]]}}, {"type": "Feature", "properties": {"u": 245, "v": 117, "key": 0, "length": 238.4, "length_raw": 1026263.9200351527}, "geometry": {"type": "LineString", "coordinates": [[-0.048435707365816656, 51.493607818704305], [-0.04805360000000197, 51.4936929], [-0.04787590000000098, 51.49359189999999], [-0.04782349999999997, 51.4935621], [-0.047776900000000344, 51.4935392], [-0.04775169999999922, 51.493526800000005], [-0.04767160000000032, 51.49348740000001], [-0.04750750000000086, 51.4934068], [-0.04715169999999951, 51.493233800000006], [-0.045845502026984127, 51.49239933731716]]}}, {"type": "Feature", "properties": {"u": 245, "v": 111, "key": 0, "length": 140.5, "length_raw": 13612759.507234542}, "geometry": {"type": "LineString", "coordinates": [[-0.048435707365816656, 51.493607818704305], [-0.04891820000000135, 51.4940654], [-0.04897910000000059, 51.49409469999999], [-0.049084899999999404, 51.49414610000001], [-0.04915169999999986, 51.49417509999999], [-0.049209300000000046, 51.494198899999994], [-0.04933769999999941, 51.49425029999998], [-0.04985820000000044, 51.49447789999999]]}}, {"type": "Feature", "properties": {"u": 246, "v": 245, "key": 0, "length": 149.6, "length_raw": 9027028.123131098}, "geometry": {"type": "LineString", "coordinates": [[-0.04972640079748453, 51.492531200209285], [-0.04951290000000046, 51.4927007], [-0.04914550000000111, 51.4929894], [-0.04870220000000087, 51.493332], [-0.048435707365816656, 51.493607818704305]]}}, {"type": "Feature", "properties": {"u": 246, "v": 247, "key": 0, "length": 306.8, "length_raw": 6276011.638373933}, "geometry": {"type": "LineString", "coordinates": [[-0.04972640079748453, 51.492531200209285], [-0.04993989999999994, 51.49236169999999], [-0.050061600000000164, 51.4922636], [-0.050205099999999836, 51.49215089999999], [-0.05046099999999961, 51.491954199999995], [-0.05061190000000047, 51.4918387], [-0.050670400000000004, 51.491791500000005], [-0.05078189999999997, 51.491702800000006], [-0.05082660000000107, 51.49166619999998], [-0.050980200000001946, 51.491548], [-0.051101500000000036, 51.491456299999996], [-0.05115240000000068, 51.4914193], [-0.053085713598409474, 51.49083974708956]]}}, {"type": "Feature", "properties": {"u": 247, "v": 246, "key": 0, "length": 306.8, "length_raw": 6276011.638373933}, "geometry": {"type": "LineString", "coordinates": [[-0.053085713598409474, 51.49083974708956], [-0.05115240000000068, 51.4914193], [-0.051101500000000036, 51.491456299999996], [-0.050980200000001946, 51.491548], [-0.05082660000000107, 51.49166619999998], [-0.05078189999999997, 51.491702800000006], [-0.050670400000000004, 51.491791500000005], [-0.05061190000000047, 51.4918387], [-0.05046099999999961, 51.491954199999995], [-0.050205099999999836, 51.49215089999999], [-0.050061600000000164, 51.4922636], [-0.04993989999999994, 51.49236169999999], [-0.04972640079748453, 51.492531200209285]]}}, {"type": "Feature", "properties": {"u": 247, "v": 283, "key": 0, "length": 396.6, "length_raw": 11130393.89557537}, "geometry": {"type": "LineString", "coordinates": [[-0.053085713598409474, 51.49083974708956], [-0.055456500000000596, 51.4900404], [-0.05559010000000151, 51.48995759999999], [-0.055781400000000064, 51.489857699999995], [-0.05599929999999828, 51.489744800000004], [-0.05632470000000092, 51.48957180000001], [-0.0566565000000012, 51.48939429999999], [-0.05679090000000163, 51.4893174], [-0.05698330000000119, 51.48919679999999], [-0.057374099999999394, 51.4889287], [-0.05745849999999891, 51.488869799999996], [-0.057545600000002826, 51.488806999999994], [-0.05763119999999883, 51.4887313]]}}, {"type": "Feature", "properties": {"u": 247, "v": 284, "key": 0, "length": 405.2, "length_raw": 10356354.500772636}, "geometry": {"type": "LineString", "coordinates": [[-0.053085713598409474, 51.49083974708956], [-0.05484630000000023, 51.490398], [-0.05488369999999918, 51.4904338], [-0.05497170000000085, 51.4904729], [-0.055067800000000194, 51.49051299999999], [-0.05519859999999967, 51.49056890000001], [-0.055733800000000465, 51.4907909], [-0.05605680000000181, 51.490927099999986], [-0.0562646000000004, 51.491017299999996], [-0.056739899999998754, 51.491226600000005], [-0.05761500000000029, 51.4915996], [-0.0577150000000013, 51.491642899999995], [-0.05808560000000066, 51.491804300000005]]}}, {"type": "Feature", "properties": {"u": 247, "v": 285, "key": 0, "length": 231.0, "length_raw": 12460686.105259823}, "geometry": {"type": "LineString", "coordinates": [[-0.053085713598409474, 51.49083974708956], [-0.051185900000000346, 51.4910672], [-0.051094299999999315, 51.49106059999998], [-0.05080689999999903, 51.4910552], [-0.050766399999999906, 51.49105519999999], [-0.05057129999999953, 51.4910511], [-0.050174599999999306, 51.491047300000005], [-0.050110900000001006, 51.49104630000001], [-0.050047899999999985, 51.49104669999999], [-0.049883999999999006, 51.4910567], [-0.049787299999999035, 51.4910686]]}}, {"type": "Feature", "properties": {"u": 248, "v": 66, "key": 0, "length": 405.1, "length_raw": 12670676.382078983}, "geometry": {"type": "LineString", "coordinates": [[0.013507299999998763, 51.48876320000001], [0.015105899999998916, 51.4881934], [0.015305099999997459, 51.48811529999998], [0.01670069999999963, 51.48751669999999], [0.01768756527394965, 51.48637775249613]]}}, {"type": "Feature", "properties": {"u": 249, "v": 258, "key": 0, "length": 124.4, "length_raw": 13465922.320074596}, "geometry": {"type": "LineString", "coordinates": [[-0.04044905003673721, 51.51793845007995], [-0.04031270000000075, 51.51795179999999], [-0.04011430000000052, 51.517973500000004], [-0.039843000000001315, 51.517999399999994], [-0.03967460000000123, 51.5180156], [-0.039576799999999454, 51.518024000000004], [-0.0392595999999995, 51.5180536], [-0.03888499999999903, 51.51809080000001], [-0.03867339245967753, 51.518113521075435]]}}, {"type": "Feature", "properties": {"u": 249, "v": 243, "key": 0, "length": 186.9, "length_raw": 18942773.516355544}, "geometry": {"type": "LineString", "coordinates": [[-0.04044905003673721, 51.51793845007995], [-0.04058540000000167, 51.517925099999985], [-0.040792999999999, 51.5179065], [-0.041423200000000916, 51.5178447], [-0.041496900000001384, 51.517838099999985], [-0.04164420000000049, 51.517824999999995], [-0.04210179999999995, 51.51778430000001], [-0.042503600000001494, 51.517767699999986], [-0.04267840000000239, 51.517765299999986], [-0.0429642918843988, 51.5179828918985]]}}, {"type": "Feature", "properties": {"u": 250, "v": 243, "key": 0, "length": 158.8, "length_raw": 15191924.868907828}, "geometry": {"type": "LineString", "coordinates": [[-0.04338699940545532, 51.519359500071324], [-0.04325190000000029, 51.51915339999999], [-0.043155900000000386, 51.5189871], [-0.04314920000000045, 51.5189738], [-0.04307170000000054, 51.51882059999999], [-0.04305759999999942, 51.51876329999999], [-0.04305820000000083, 51.5187083], [-0.043063300000000165, 51.5186523], [-0.0430691999999998, 51.518607], [-0.04308419999999987, 51.5185079], [-0.043116099999999734, 51.5182978], [-0.0429642918843988, 51.5179828918985]]}}, {"type": "Feature", "properties": {"u": 250, "v": 260, "key": 0, "length": 97.2, "length_raw": 10494536.979839327}, "geometry": {"type": "LineString", "coordinates": [[-0.04338699940545532, 51.519359500071324], [-0.04352210000000087, 51.51956559999998], [-0.043675500000000485, 51.519772800000005], [-0.043706400000001165, 51.5198161], [-0.04374909999999992, 51.51986479999999], [-0.04392589999999959, 51.52004790000001], [-0.044020500000000955, 51.5201374]]}}, {"type": "Feature", "properties": {"u": 251, "v": 243, "key": 0, "length": 109.0, "length_raw": 9797479.563012296}, "geometry": {"type": "LineString", "coordinates": [[-0.044229200000000087, 51.518061499999995], [-0.04409680000000081, 51.51801759999999], [-0.04389350000000013, 51.5179603], [-0.04370659999999806, 51.51790580000001], [-0.04360129999999923, 51.5178808], [-0.043473700000000566, 51.5178542], [-0.043362700000001385, 51.517831], [-0.0432567000000013, 51.51781079999999], [-0.04305620000000088, 51.5177936], [-0.0429642918843988, 51.5179828918985]]}}, {"type": "Feature", "properties": {"u": 251, "v": 262, "key": 0, "length": 133.5, "length_raw": 11623293.529684812}, "geometry": {"type": "LineString", "coordinates": [[-0.044229200000000087, 51.518061499999995], [-0.04428999999999948, 51.5180638], [-0.04435650000000042, 51.5180876], [-0.04451180000000055, 51.5181452], [-0.044768499999999836, 51.5182374], [-0.04486039999999999, 51.5182647], [-0.04493859999999996, 51.51828580000001], [-0.04503619999999888, 51.51829870000001], [-0.04510970000000007, 51.5183058], [-0.0451402000000002, 51.51830829999999], [-0.0451870000000015, 51.5183143], [-0.04528870000000215, 51.51833729999999], [-0.04590112360924404, 51.51862464854477]]}}, {"type": "Feature", "properties": {"u": 252, "v": 234, "key": 0, "length": 72.2, "length_raw": 7178439.620048409}, "geometry": {"type": "LineString", "coordinates": [[-0.041370249992485335, 51.514882350000384], [-0.041363699999999816, 51.5148166], [-0.041343099999999626, 51.51480500000001], [-0.04131090000000224, 51.51479899999999], [-0.04092809999999949, 51.5147991], [-0.04065690000000012, 51.514789300000004], [-0.04043630000000069, 51.5147813]]}}, {"type": "Feature", "properties": {"u": 252, "v": 244, "key": 0, "length": 74.6, "length_raw": 8253214.454678409}, "geometry": {"type": "LineString", "coordinates": [[-0.041370249992485335, 51.514882350000384], [-0.04137680000000017, 51.5149481], [-0.041393800000000196, 51.515097299999994], [-0.041420600000000335, 51.515342899999986], [-0.04143410000000124, 51.515513000000006], [-0.04143759999770241, 51.51555155000015]]}}, {"type": "Feature", "properties": {"u": 253, "v": 254, "key": 0, "length": 114.5, "length_raw": 4611896.2170293275}, "geometry": {"type": "LineString", "coordinates": [[-0.02160640000000025, 51.50847250000002], [-0.021449900000000067, 51.508471099999994], [-0.021382399999998747, 51.50846310000001], [-0.021025799999999883, 51.5084294], [-0.020338199999998655, 51.508357600000004], [-0.02026110000000009, 51.508347799999996], [-0.020154300000001294, 51.50831659999999], [-0.020169500041297764, 51.50820840000243]]}}, {"type": "Feature", "properties": {"u": 253, "v": 254, "key": 1, "length": 119.3, "length_raw": 4611896.2170293275}, "geometry": {"type": "LineString", "coordinates": [[-0.02160640000000025, 51.50847250000002], [-0.02138289999999993, 51.5084273], [-0.02110540000000237, 51.508383699999996], [-0.02084729999999978, 51.50831569999999], [-0.020386800000000625, 51.50816749999999], [-0.02018470000000119, 51.5081002], [-0.020169500041297764, 51.50820840000243]]}}, {"type": "Feature", "properties": {"u": 254, "v": 255, "key": 0, "length": 109.5, "length_raw": 9827381.978380287}, "geometry": {"type": "LineString", "coordinates": [[-0.020169500041297764, 51.50820840000243], [-0.02018470000000119, 51.5081002], [-0.01965320000000119, 51.507928199999995], [-0.019528300000000956, 51.5078952], [-0.01927660000000077, 51.5078312], [-0.019109899999999534, 51.5077864], [-0.018921599999999723, 51.50771569999999]]}}, {"type": "Feature", "properties": {"u": 255, "v": 427, "key": 0, "length": 182.9, "length_raw": 16565034.725866122}, "geometry": {"type": "LineString", "coordinates": [[-0.018921599999999723, 51.50771569999999], [-0.018347499999999614, 51.5076113], [-0.017920199999999817, 51.50754789999999], [-0.01735980000000068, 51.507467799999986], [-0.01661129999999823, 51.507379300000004], [-0.01634680000000158, 51.50735079999999]]}}, {"type": "Feature", "properties": {"u": 256, "v": 480, "key": 0, "length": 149.7, "length_raw": 7783635.796296508}, "geometry": {"type": "LineString", "coordinates": [[-0.0349242498725608, 51.47485470002854], [-0.03500840000000178, 51.474924399999985], [-0.035139600000001, 51.4750216], [-0.03527620000000145, 51.4751166], [-0.03541520000000083, 51.4752058], [-0.03556510000000091, 51.4752866], [-0.03577300000000014, 51.475381], [-0.03594670000000043, 51.4754513], [-0.03608060000000046, 51.4754973], [-0.03663956063666039, 51.4756302416838]]}}, {"type": "Feature", "properties": {"u": 257, "v": 493, "key": 0, "length": 246.1, "length_raw": 7367819.871020569}, "geometry": {"type": "LineString", "coordinates": [[-0.05063940000228113, 51.5084385000002], [-0.050644799999999525, 51.5084204], [-0.050678700000000534, 51.508316699999995], [-0.05068339999999932, 51.5083023], [-0.05070980000000129, 51.508282], [-0.05071830000000071, 51.508254599999994], [-0.0507278000000013, 51.508224000000006], [-0.050705900000000824, 51.508206900000005], [-0.05078719999999898, 51.50794779999999], [-0.05081190000000051, 51.507868800000004], [-0.05086110000000032, 51.5077563], [-0.05087990000000062, 51.50772489999999], [-0.05090870000000032, 51.50767699999999], [-0.05098770000000099, 51.50748290000001], [-0.05104669999999971, 51.5073546], [-0.05109639999999951, 51.50729150000001], [-0.05114279999999906, 51.5072522], [-0.05120359999999965, 51.5072243], [-0.05128220000000136, 51.50719479999999], [-0.051571500000002164, 51.50713019999999], [-0.052026200000000335, 51.507015], [-0.05245590000000063, 51.5067621]]}}, {"type": "Feature", "properties": {"u": 257, "v": 11, "key": 0, "length": 148.5, "length_raw": 16447100.76644847}, "geometry": {"type": "LineString", "coordinates": [[-0.05063940000228113, 51.5084385000002], [-0.050634000000000234, 51.508456599999995], [-0.05061170000000159, 51.5085297], [-0.050602600000000754, 51.5085956], [-0.05061510000000048, 51.5088744], [-0.05061839999999994, 51.50899689999999], [-0.05062500000000003, 51.509244100000004], [-0.05062720000000086, 51.509325399999994], [-0.05062879999999987, 51.509371], [-0.050633699999999525, 51.5095149], [-0.0506330999999993, 51.5095608], [-0.050632800000000575, 51.50958589999999], [-0.050631800000001795, 51.50965609999999], [-0.0506019000000003, 51.509727399999996], [-0.05058858002302059, 51.509768269947536]]}}, {"type": "Feature", "properties": {"u": 258, "v": 249, "key": 0, "length": 124.4, "length_raw": 13465922.320074596}, "geometry": {"type": "LineString", "coordinates": [[-0.03867339245967753, 51.518113521075435], [-0.03888499999999903, 51.51809080000001], [-0.0392595999999995, 51.5180536], [-0.039576799999999454, 51.518024000000004], [-0.03967460000000123, 51.5180156], [-0.039843000000001315, 51.517999399999994], [-0.04011430000000052, 51.517973500000004], [-0.04031270000000075, 51.51795179999999], [-0.04044905003673721, 51.51793845007995]]}}, {"type": "Feature", "properties": {"u": 258, "v": 259, "key": 0, "length": 86.7, "length_raw": 8286313.739144564}, "geometry": {"type": "LineString", "coordinates": [[-0.03867339245967753, 51.518113521075435], [-0.03846220000000153, 51.518135099999995], [-0.03742930000000071, 51.518207399999994]]}}, {"type": "Feature", "properties": {"u": 259, "v": 258, "key": 0, "length": 86.7, "length_raw": 8286313.739144564}, "geometry": {"type": "LineString", "coordinates": [[-0.03742930000000071, 51.518207399999994], [-0.03846220000000153, 51.518135099999995], [-0.03867339245967753, 51.518113521075435]]}}, {"type": "Feature", "properties": {"u": 259, "v": 261, "key": 0, "length": 122.6, "length_raw": 7586989.145439097}, "geometry": {"type": "LineString", "coordinates": [[-0.03742930000000071, 51.518207399999994], [-0.03725900000000051, 51.518219], [-0.03725590000000074, 51.51821919999999], [-0.03625339999999942, 51.51829570000001], [-0.03604180000000019, 51.51831560000001], [-0.0357202008257974, 51.51843440045564]]}}, {"type": "Feature", "properties": {"u": 260, "v": 250, "key": 0, "length": 97.2, "length_raw": 10494536.979839327}, "geometry": {"type": "LineString", "coordinates": [[-0.044020500000000955, 51.5201374], [-0.04392589999999959, 51.52004790000001], [-0.04374909999999992, 51.51986479999999], [-0.043706400000001165, 51.5198161], [-0.043675500000000485, 51.519772800000005], [-0.04352210000000087, 51.51956559999998], [-0.04338699940545532, 51.519359500071324]]}}, {"type": "Feature", "properties": {"u": 260, "v": 549, "key": 0, "length": 110.0, "length_raw": 8144215.527064198}, "geometry": {"type": "LineString", "coordinates": [[-0.044020500000000955, 51.5201374], [-0.044082200000001286, 51.52019109999999], [-0.04416110000000053, 51.52028199999999], [-0.04453299999999898, 51.52062399999999], [-0.04489730000000213, 51.5209619]]}}, {"type": "Feature", "properties": {"u": 261, "v": 337, "key": 0, "length": 274.7, "length_raw": 15250346.587201446}, "geometry": {"type": "LineString", "coordinates": [[-0.0357202008257974, 51.51843440045564], [-0.035398600000001744, 51.51855319999998], [-0.03534900000000218, 51.5185587], [-0.03527599999999979, 51.5185631], [-0.0351827000000003, 51.5185489], [-0.0349656, 51.5184799], [-0.03484850000000032, 51.5184311], [-0.034818899999999924, 51.5184188], [-0.034790700000000056, 51.51840310000001], [-0.03457310000000096, 51.51828159999999], [-0.03443320000000105, 51.51820349999999], [-0.03423840000000098, 51.51809209999999], [-0.03420860000000012, 51.518074999999996], [-0.03418839999999968, 51.51806349999999], [-0.034180100000001136, 51.51805869999999], [-0.03409510000000099, 51.518010800000006], [-0.03399400000000056, 51.5179587], [-0.03395300000000105, 51.51793889999999], [-0.03380179999999869, 51.5178657], [-0.033579900000000155, 51.5177708], [-0.03276120000000074, 51.5175035], [-0.03257479999999946, 51.5174534], [-0.03251639999999977, 51.51744329999999], [-0.03237259999999859, 51.5174247]]}}, {"type": "Feature", "properties": {"u": 261, "v": 259, "key": 0, "length": 122.6, "length_raw": 7586989.145439097}, "geometry": {"type": "LineString", "coordinates": [[-0.0357202008257974, 51.51843440045564], [-0.03604180000000019, 51.51831560000001], [-0.03625339999999942, 51.51829570000001], [-0.03725590000000074, 51.51821919999999], [-0.03725900000000051, 51.518219], [-0.03742930000000071, 51.518207399999994]]}}, {"type": "Feature", "properties": {"u": 262, "v": 263, "key": 0, "length": 225.1, "length_raw": 8224560.607256002}, "geometry": {"type": "LineString", "coordinates": [[-0.04590112360924404, 51.51862464854477], [-0.046573300000001164, 51.5189206], [-0.04659180000000076, 51.5189298], [-0.04666660000000025, 51.5189672], [-0.04709520000000034, 51.51919649999999], [-0.04736630000000106, 51.51934369999999], [-0.047486000000001326, 51.51940729999998], [-0.047621599999998224, 51.519480800000004], [-0.04815590000000007, 51.51979550000001], [-0.048219199999999414, 51.51983100000001], [-0.048385400000000266, 51.519927300000006]]}}, {"type": "Feature", "properties": {"u": 262, "v": 251, "key": 0, "length": 133.7, "length_raw": 11623293.529684812}, "geometry": {"type": "LineString", "coordinates": [[-0.04590112360924404, 51.51862464854477], [-0.045252799999999586, 51.518384], [-0.045211199999999854, 51.51837650000001], [-0.04514429999999916, 51.5183664], [-0.04506640000000029, 51.518359100000005], [-0.04498049999999961, 51.51835040000001], [-0.044876400000000836, 51.51833859999999], [-0.04480670000000107, 51.5183212], [-0.04473199999999944, 51.5182954], [-0.04466689999999942, 51.51826950000001], [-0.04458020000000082, 51.51822969999999], [-0.04447120000000159, 51.518182599999996], [-0.04432880000000134, 51.518121099999995], [-0.044260499999999724, 51.5180939], [-0.044229200000000087, 51.518061499999995]]}}, {"type": "Feature", "properties": {"u": 263, "v": 281, "key": 0, "length": 143.9, "length_raw": 8447358.988657894}, "geometry": {"type": "LineString", "coordinates": [[-0.048385400000000266, 51.519927300000006], [-0.048815900000001265, 51.5201647], [-0.04922520000000105, 51.52039109999999], [-0.0496400785714865, 51.52092718744245]]}}, {"type": "Feature", "properties": {"u": 263, "v": 262, "key": 0, "length": 225.1, "length_raw": 8224560.607256002}, "geometry": {"type": "LineString", "coordinates": [[-0.048385400000000266, 51.519927300000006], [-0.048219199999999414, 51.51983100000001], [-0.04815590000000007, 51.51979550000001], [-0.047621599999998224, 51.519480800000004], [-0.047486000000001326, 51.51940729999998], [-0.04736630000000106, 51.51934369999999], [-0.04709520000000034, 51.51919649999999], [-0.04666660000000025, 51.5189672], [-0.04659180000000076, 51.5189298], [-0.046573300000001164, 51.5189206], [-0.04590112360924404, 51.51862464854477]]}}, {"type": "Feature", "properties": {"u": 264, "v": 265, "key": 0, "length": 166.5, "length_raw": 2591766.8946849764}, "geometry": {"type": "LineString", "coordinates": [[-0.029815600004321565, 51.5091633000073], [-0.029856800000000364, 51.50915820000001], [-0.02997610000000088, 51.5091331], [-0.030042099999999846, 51.5091193], [-0.030400600000000416, 51.5090246], [-0.030603300000000475, 51.5089508], [-0.030748900000000735, 51.5089013], [-0.031178200000001283, 51.50877249999999], [-0.0313837000000012, 51.5087128], [-0.03161789999999938, 51.50866860000001], [-0.03170199999999978, 51.50865370000001], [-0.031863300000000976, 51.508643899999996], [-0.032044200000002375, 51.508643899999996]]}}, {"type": "Feature", "properties": {"u": 264, "v": 139, "key": 0, "length": 77.6, "length_raw": 6568324.574853511}, "geometry": {"type": "LineString", "coordinates": [[-0.029815600004321565, 51.5091633000073], [-0.029774400000001595, 51.50916839999999], [-0.02967500000000081, 51.509181299999995], [-0.029524900000001443, 51.5092007], [-0.029150900000001204, 51.50926119999998], [-0.028876600000000474, 51.50929199999999], [-0.028778099999999432, 51.5093062], [-0.028719600000000303, 51.5093088]]}}, {"type": "Feature", "properties": {"u": 265, "v": 264, "key": 0, "length": 166.5, "length_raw": 2591766.8946849764}, "geometry": {"type": "LineString", "coordinates": [[-0.032044200000002375, 51.508643899999996], [-0.031863300000000976, 51.508643899999996], [-0.03170199999999978, 51.50865370000001], [-0.03161789999999938, 51.50866860000001], [-0.0313837000000012, 51.5087128], [-0.031178200000001283, 51.50877249999999], [-0.030748900000000735, 51.5089013], [-0.030603300000000475, 51.5089508], [-0.030400600000000416, 51.5090246], [-0.030042099999999846, 51.5091193], [-0.02997610000000088, 51.5091331], [-0.029856800000000364, 51.50915820000001], [-0.029815600004321565, 51.5091633000073]]}}, {"type": "Feature", "properties": {"u": 265, "v": 266, "key": 0, "length": 121.6, "length_raw": 2266321.0834754594}, "geometry": {"type": "LineString", "coordinates": [[-0.032044200000002375, 51.508643899999996], [-0.03216420000000256, 51.5086509], [-0.03227899999999999, 51.5086635], [-0.032464200000000026, 51.5086998], [-0.032655899999999925, 51.50873940000001], [-0.03306280000000159, 51.5088211], [-0.03352190000000102, 51.50890919999999], [-0.03372701519155247, 51.508950490712415]]}}, {"type": "Feature", "properties": {"u": 266, "v": 265, "key": 0, "length": 121.6, "length_raw": 2266321.0834754594}, "geometry": {"type": "LineString", "coordinates": [[-0.03372701519155247, 51.508950490712415], [-0.03352190000000102, 51.50890919999999], [-0.03306280000000159, 51.5088211], [-0.032655899999999925, 51.50873940000001], [-0.032464200000000026, 51.5086998], [-0.03227899999999999, 51.5086635], [-0.03216420000000256, 51.5086509], [-0.032044200000002375, 51.508643899999996]]}}, {"type": "Feature", "properties": {"u": 266, "v": 269, "key": 0, "length": 94.6, "length_raw": 4607476.576063349}, "geometry": {"type": "LineString", "coordinates": [[-0.03372701519155247, 51.508950490712415], [-0.03393029999999908, 51.50899439999999], [-0.034318800000001384, 51.50911319999999], [-0.034384299999999965, 51.5091333], [-0.03452160000000009, 51.5091742], [-0.03471210000000073, 51.50922829999999], [-0.03497620000000041, 51.50929289999999]]}}, {"type": "Feature", "properties": {"u": 267, "v": 83, "key": 0, "length": 116.1, "length_raw": 2174844.5305439765}, "geometry": {"type": "LineString", "coordinates": [[-0.05710689999347821, 51.51449955001212], [-0.057053400000000705, 51.5144944], [-0.057041199999999695, 51.5145082], [-0.057032099999999655, 51.514515700000004], [-0.05701739999999989, 51.514523399999995], [-0.056995300000001324, 51.514528], [-0.05697550000000104, 51.514528199999994], [-0.05643769999999967, 51.51447399999999], [-0.056371300000001345, 51.51446649999999], [-0.05630500000000048, 51.5144593], [-0.05617570000000018, 51.51444519999998], [-0.056166100000000545, 51.5144437], [-0.05616130000000073, 51.514441699999985], [-0.056157699999999776, 51.51443909999998], [-0.05612320000000172, 51.51440929999999], [-0.05611649999999979, 51.5144007], [-0.05611180000000021, 51.5143928], [-0.05610890000000091, 51.51438290000001], [-0.05553059179142213, 51.51432925137122]]}}, {"type": "Feature", "properties": {"u": 267, "v": 268, "key": 0, "length": 78.8, "length_raw": 8339921.5150383385}, "geometry": {"type": "LineString", "coordinates": [[-0.05710689999347821, 51.51449955001212], [-0.05716040000000077, 51.51450470000001], [-0.05713770000000118, 51.51457789999999], [-0.057131700000000514, 51.514598499999984], [-0.05707050000000097, 51.5148116], [-0.05709510000000187, 51.5151247], [-0.057099000000000746, 51.51517379999999]]}}, {"type": "Feature", "properties": {"u": 267, "v": 522, "key": 0, "length": 96.2, "length_raw": 4223849.078497385}, "geometry": {"type": "LineString", "coordinates": [[-0.05710689999347821, 51.51449955001212], [-0.05716040000000077, 51.51450470000001], [-0.05758860000000031, 51.51455030000001], [-0.05788190000000023, 51.5145833], [-0.05829430000000138, 51.51462349999999], [-0.058346000000000335, 51.51462849999999], [-0.05846889990735781, 51.51466210006309]]}}, {"type": "Feature", "properties": {"u": 268, "v": 267, "key": 0, "length": 78.8, "length_raw": 8339921.5150383385}, "geometry": {"type": "LineString", "coordinates": [[-0.057099000000000746, 51.51517379999999], [-0.05709510000000187, 51.5151247], [-0.05707050000000097, 51.5148116], [-0.057131700000000514, 51.514598499999984], [-0.05713770000000118, 51.51457789999999], [-0.05716040000000077, 51.51450470000001], [-0.05710689999347821, 51.51449955001212]]}}, {"type": "Feature", "properties": {"u": 268, "v": 64, "key": 0, "length": 114.3, "length_raw": 12655637.383250037}, "geometry": {"type": "LineString", "coordinates": [[-0.057099000000000746, 51.51517379999999], [-0.0570998999999985, 51.5152018], [-0.05712469999999947, 51.5159657], [-0.05713280000000033, 51.5160567], [-0.0571425499784628, 51.516200850001454]]}}, {"type": "Feature", "properties": {"u": 269, "v": 266, "key": 0, "length": 94.6, "length_raw": 4607476.576063349}, "geometry": {"type": "LineString", "coordinates": [[-0.03497620000000041, 51.50929289999999], [-0.03471210000000073, 51.50922829999999], [-0.03452160000000009, 51.5091742], [-0.034384299999999965, 51.5091333], [-0.034318800000001384, 51.50911319999999], [-0.03393029999999908, 51.50899439999999], [-0.03372701519155247, 51.508950490712415]]}}, {"type": "Feature", "properties": {"u": 269, "v": 343, "key": 0, "length": 136.6, "length_raw": 11559406.218696618}, "geometry": {"type": "LineString", "coordinates": [[-0.03497620000000041, 51.50929289999999], [-0.035817200000000056, 51.509432999999994], [-0.03601450000000047, 51.50947099999999], [-0.036142100000000725, 51.50949779999999], [-0.03686420000000001, 51.50964789999998]]}}, {"type": "Feature", "properties": {"u": 270, "v": 239, "key": 0, "length": 157.6, "length_raw": 16393317.177531142}, "geometry": {"type": "LineString", "coordinates": [[-0.04878841920895709, 51.51353825874442], [-0.04845830000000043, 51.51348619999999], [-0.04814800000000088, 51.513439], [-0.04796690000000139, 51.5134113], [-0.04782889999999961, 51.51339020000001], [-0.04764309999999895, 51.5133619], [-0.04754820000000164, 51.5133473], [-0.04656218642979607, 51.5132459715492]]}}, {"type": "Feature", "properties": {"u": 270, "v": 82, "key": 0, "length": 147.9, "length_raw": 10500670.166419985}, "geometry": {"type": "LineString", "coordinates": [[-0.04878841920895709, 51.51353825874442], [-0.04912190000000019, 51.5135912], [-0.04937270000000064, 51.5136319], [-0.050185000000001624, 51.513763399999995], [-0.050856708871387046, 51.51387198999701]]}}, {"type": "Feature", "properties": {"u": 271, "v": 382, "key": 0, "length": 79.4, "length_raw": 8687754.200110963}, "geometry": {"type": "LineString", "coordinates": [[-0.028670800000000246, 51.5174575], [-0.028424799999999223, 51.51751920000001], [-0.028406599999999935, 51.5175237], [-0.028295700000000194, 51.51755119999999], [-0.027854700000001013, 51.5176734], [-0.027615500000000556, 51.5177374]]}}, {"type": "Feature", "properties": {"u": 271, "v": 181, "key": 0, "length": 86.7, "length_raw": 7451606.096413649}, "geometry": {"type": "LineString", "coordinates": [[-0.028670800000000246, 51.5174575], [-0.028738700000002115, 51.51744399999999], [-0.029044099999999226, 51.517379599999984], [-0.029272100000000245, 51.5173319], [-0.029386700000000383, 51.51730789999999], [-0.029459399999999285, 51.5172926], [-0.0295150000000011, 51.517280899999996], [-0.029553100000000512, 51.517274199999996], [-0.02965450000000205, 51.517272299999995], [-0.029707800000000416, 51.517271400000006], [-0.02986536172034072, 51.51723450826204]]}}, {"type": "Feature", "properties": {"u": 272, "v": 274, "key": 0, "length": 96.8, "length_raw": 9563694.72965648}, "geometry": {"type": "LineString", "coordinates": [[-0.02890239999999904, 51.5156375], [-0.028657299999999348, 51.5151647], [-0.02862470000000061, 51.51509959999999], [-0.028604400000000335, 51.51505909999999], [-0.02856870000000103, 51.5149925], [-0.028545600000000896, 51.5149458], [-0.02847129978498079, 51.51480920002135]]}}, {"type": "Feature", "properties": {"u": 272, "v": 181, "key": 0, "length": 190.5, "length_raw": 14807235.107846513}, "geometry": {"type": "LineString", "coordinates": [[-0.02890239999999904, 51.5156375], [-0.029155200000001828, 51.516116499999995], [-0.029404100000000565, 51.5165912], [-0.029450399999999082, 51.5166809], [-0.0295150000000015, 51.516802899999995], [-0.029562299999998803, 51.516888800000004], [-0.029618000000000852, 51.5169925], [-0.02986536172034072, 51.51723450826204]]}}, {"type": "Feature", "properties": {"u": 273, "v": 336, "key": 0, "length": 67.8, "length_raw": 5185745.943256347}, "geometry": {"type": "LineString", "coordinates": [[-0.03138214998685509, 51.51732100004511], [-0.031485199999999, 51.517326], [-0.031587500000000275, 51.517221299999996], [-0.0316431000000013, 51.5171834], [-0.03204619999999995, 51.5169093]]}}, {"type": "Feature", "properties": {"u": 273, "v": 337, "key": 0, "length": 69.6, "length_raw": 5637350.252380897}, "geometry": {"type": "LineString", "coordinates": [[-0.03138214998685509, 51.51732100004511], [-0.031485199999999, 51.517326], [-0.03167090000000022, 51.517334899999994], [-0.031719399999999565, 51.51733999999999], [-0.03211610000000018, 51.517394200000005], [-0.03237259999999859, 51.5174247]]}}, {"type": "Feature", "properties": {"u": 273, "v": 181, "key": 0, "length": 105.5, "length_raw": 7050857.428425656}, "geometry": {"type": "LineString", "coordinates": [[-0.03138214998685509, 51.51732100004511], [-0.03127910000000204, 51.517315999999994], [-0.031096400000001148, 51.5173072], [-0.031044400000001086, 51.5173053], [-0.03077320000000013, 51.517295499999996], [-0.030459699999999774, 51.5172842], [-0.03020020000000063, 51.51727489999999], [-0.02986536172034072, 51.51723450826204]]}}, {"type": "Feature", "properties": {"u": 274, "v": 387, "key": 0, "length": 120.8, "length_raw": 5253361.210604815}, "geometry": {"type": "LineString", "coordinates": [[-0.02847129978498079, 51.51480920002135], [-0.0283970000000007, 51.51467259999999], [-0.028312700000001415, 51.51469639999999], [-0.02829660000000113, 51.51470080000001], [-0.028276600000001165, 51.514708199999994], [-0.028175400000000895, 51.5147501], [-0.028029799999999442, 51.5148113], [-0.027943899999999158, 51.51484880000001], [-0.027651899999999924, 51.5149673], [-0.027393200000000287, 51.515077000000005], [-0.02712750061949533, 51.51518460031206]]}}, {"type": "Feature", "properties": {"u": 274, "v": 133, "key": 0, "length": 161.4, "length_raw": 15693372.343577003}, "geometry": {"type": "LineString", "coordinates": [[-0.02847129978498079, 51.51480920002135], [-0.0283970000000007, 51.51467259999999], [-0.028365099999999643, 51.51461259999999], [-0.028316100000002297, 51.51452059999999], [-0.028165599999998802, 51.5142395], [-0.0280440000000016, 51.51401259999999], [-0.027953400000000142, 51.51384449999999], [-0.027855899999999875, 51.5136517], [-0.02781100000000029, 51.5135708], [-0.027765200000001364, 51.5134265]]}}, {"type": "Feature", "properties": {"u": 274, "v": 272, "key": 0, "length": 96.8, "length_raw": 9563694.72965648}, "geometry": {"type": "LineString", "coordinates": [[-0.02847129978498079, 51.51480920002135], [-0.028545600000000896, 51.5149458], [-0.02856870000000103, 51.5149925], [-0.028604400000000335, 51.51505909999999], [-0.02862470000000061, 51.51509959999999], [-0.028657299999999348, 51.5151647], [-0.02890239999999904, 51.5156375]]}}, {"type": "Feature", "properties": {"u": 275, "v": 462, "key": 0, "length": 82.0, "length_raw": 6537201.341699171}, "geometry": {"type": "LineString", "coordinates": [[-0.03510544998131721, 51.50622990001303], [-0.035049600000000965, 51.506215], [-0.03485780000000083, 51.506138099999994], [-0.034708199999999856, 51.5060319], [-0.034680300000001496, 51.50600849999999], [-0.034336400000001245, 51.5057203], [-0.034323199999998666, 51.50569290000001]]}}, {"type": "Feature", "properties": {"u": 275, "v": 74, "key": 0, "length": 74.1, "length_raw": 7865282.922536306}, "geometry": {"type": "LineString", "coordinates": [[-0.03510544998131721, 51.50622990001303], [-0.0351613000000014, 51.506244800000005], [-0.0355771999999997, 51.506364000000005], [-0.0356814000000003, 51.50639489999999], [-0.03592739999999894, 51.50646059999999], [-0.03602589999999998, 51.5064851], [-0.03608519999999941, 51.506499299999994]]}}, {"type": "Feature", "properties": {"u": 276, "v": 35, "key": 0, "length": 77.7, "length_raw": 8517522.092242323}, "geometry": {"type": "LineString", "coordinates": [[0.004372800000000093, 51.5214227], [0.004398999999999207, 51.52123809999999], [0.004473299999999106, 51.52089049999999], [0.004479299999999374, 51.52085259999999], [0.00449159999999863, 51.52072819999999]]}}, {"type": "Feature", "properties": {"u": 277, "v": 35, "key": 0, "length": 104.2, "length_raw": 3061732.513214552}, "geometry": {"type": "LineString", "coordinates": [[0.0059935999999994475, 51.52065769999998], [0.005704799999998635, 51.520663899999995], [0.005220799999999989, 51.5206841], [0.004915800000000243, 51.52070229999999], [0.004798400000000642, 51.52070950000001], [0.004732299999999055, 51.5207135], [0.004679999999999076, 51.520716699999994], [0.00449159999999863, 51.52072819999999]]}}, {"type": "Feature", "properties": {"u": 277, "v": 278, "key": 0, "length": 76.4, "length_raw": 3212694.819873316}, "geometry": {"type": "LineString", "coordinates": [[0.0059935999999994475, 51.52065769999998], [0.006271099999998995, 51.5206568], [0.006588900000000371, 51.5206605], [0.006710700000000035, 51.52065469999998], [0.006749799999997835, 51.520648999999985], [0.006860099999999736, 51.520618299999995], [0.007058199999999256, 51.5205517]]}}, {"type": "Feature", "properties": {"u": 278, "v": 212, "key": 0, "length": 203.6, "length_raw": 14680217.104674986}, "geometry": {"type": "LineString", "coordinates": [[0.007058199999999256, 51.5205517], [0.007488900000000331, 51.52041599999999], [0.00753879999999901, 51.5203997], [0.007899099999999068, 51.52028259999999], [0.008566799999999375, 51.520065599999995], [0.008890200000000868, 51.51995999999999], [0.008961699999998522, 51.519935999999994], [0.009726917981006174, 51.51979564403209]]}}, {"type": "Feature", "properties": {"u": 278, "v": 277, "key": 0, "length": 76.4, "length_raw": 3212694.819873316}, "geometry": {"type": "LineString", "coordinates": [[0.007058199999999256, 51.5205517], [0.006860099999999736, 51.520618299999995], [0.006749799999997835, 51.520648999999985], [0.006710700000000035, 51.52065469999998], [0.006588900000000371, 51.5206605], [0.006271099999998995, 51.5206568], [0.0059935999999994475, 51.52065769999998]]}}, {"type": "Feature", "properties": {"u": 279, "v": 196, "key": 0, "length": 125.6, "length_raw": 13257599.744660394}, "geometry": {"type": "LineString", "coordinates": [[-0.008822600000000902, 51.4949538], [-0.008810700000000206, 51.49491639999999], [-0.008761099999999453, 51.49477459999999], [-0.008735100000000415, 51.4947184], [-0.008702399999999454, 51.494672300000005], [-0.008655999999999506, 51.49462809999999], [-0.008341299999999892, 51.49432589999999], [-0.00818940000000104, 51.4941749], [-0.00797709904714454, 51.49396750017991]]}}, {"type": "Feature", "properties": {"u": 279, "v": 280, "key": 0, "length": 155.8, "length_raw": 15284037.219050676}, "geometry": {"type": "LineString", "coordinates": [[-0.008822600000000902, 51.4949538], [-0.008878000000000257, 51.4951202], [-0.00896990000000041, 51.4954026], [-0.009282700000001498, 51.4962547], [-0.009306899966088389, 51.49632240000227]]}}, {"type": "Feature", "properties": {"u": 280, "v": 279, "key": 0, "length": 155.8, "length_raw": 15284037.219050676}, "geometry": {"type": "LineString", "coordinates": [[-0.009306899966088389, 51.49632240000227], [-0.009282700000001498, 51.4962547], [-0.00896990000000041, 51.4954026], [-0.008878000000000257, 51.4951202], [-0.008822600000000902, 51.4949538]]}}, {"type": "Feature", "properties": {"u": 280, "v": 481, "key": 0, "length": 134.1, "length_raw": 13860022.642218078}, "geometry": {"type": "LineString", "coordinates": [[-0.009306899966088389, 51.49632240000227], [-0.009331100000000607, 51.4963901], [-0.009347300000000733, 51.496441299999994], [-0.009410100000000485, 51.496639699999996], [-0.009498100000000165, 51.4968905], [-0.009606500000000757, 51.4971996], [-0.009624700000000043, 51.49736510000001], [-0.009612100000000078, 51.4975082]]}}, {"type": "Feature", "properties": {"u": 281, "v": 168, "key": 0, "length": 163.4, "length_raw": 3725627.8566127843}, "geometry": {"type": "LineString", "coordinates": [[-0.0496400785714865, 51.52092718744245], [-0.05050730000000171, 51.520971499999995], [-0.050663600000000225, 51.52094619999999], [-0.05088200000000201, 51.52090419999998], [-0.05091290000000269, 51.5208956], [-0.0509782000000008, 51.5208727], [-0.05106870000000003, 51.520854500000006], [-0.05168950000000119, 51.52073059999999], [-0.05192215023900247, 51.520682100235014]]}}, {"type": "Feature", "properties": {"u": 281, "v": 263, "key": 0, "length": 143.9, "length_raw": 8447358.988657894}, "geometry": {"type": "LineString", "coordinates": [[-0.0496400785714865, 51.52092718744245], [-0.04922520000000105, 51.52039109999999], [-0.048815900000001265, 51.5201647], [-0.048385400000000266, 51.519927300000006]]}}, {"type": "Feature", "properties": {"u": 281, "v": 282, "key": 0, "length": 250.6, "length_raw": 17214916.561298322}, "geometry": {"type": "LineString", "coordinates": [[-0.0496400785714865, 51.52092718744245], [-0.04897620000000049, 51.5212885], [-0.048757799999999504, 51.52133479999999], [-0.04857489999999933, 51.5213736], [-0.04834029999999941, 51.5214233], [-0.048127099999999985, 51.521468500000005], [-0.047876499999998816, 51.521521500000006], [-0.04778659999999902, 51.52154060000001], [-0.04761009999999967, 51.52157809999999], [-0.0463712018480845, 51.52181581365044]]}}, {"type": "Feature", "properties": {"u": 282, "v": 281, "key": 0, "length": 250.6, "length_raw": 17214916.561298322}, "geometry": {"type": "LineString", "coordinates": [[-0.0463712018480845, 51.52181581365044], [-0.04761009999999967, 51.52157809999999], [-0.04778659999999902, 51.52154060000001], [-0.047876499999998816, 51.521521500000006], [-0.048127099999999985, 51.521468500000005], [-0.04834029999999941, 51.5214233], [-0.04857489999999933, 51.5213736], [-0.048757799999999504, 51.52133479999999], [-0.04897620000000049, 51.5212885], [-0.0496400785714865, 51.52092718744245]]}}, {"type": "Feature", "properties": {"u": 282, "v": 549, "key": 0, "length": 176.0, "length_raw": 14341411.983424103}, "geometry": {"type": "LineString", "coordinates": [[-0.0463712018480845, 51.52181581365044], [-0.045637300000000394, 51.521963], [-0.04556690000000137, 51.5218459], [-0.045554500000001476, 51.52182659999999], [-0.045502900000001165, 51.5217607], [-0.04544840000000155, 51.521691299999986], [-0.045382400000000996, 51.5215989], [-0.04506600000000014, 51.5211578], [-0.044981500000000785, 51.52104580000001], [-0.04489730000000213, 51.5209619]]}}, {"type": "Feature", "properties": {"u": 283, "v": 367, "key": 0, "length": 79.7, "length_raw": 7334699.123228709}, "geometry": {"type": "LineString", "coordinates": [[-0.05763119999999883, 51.4887313], [-0.05770470000000081, 51.4886479], [-0.05779609999999898, 51.48852550000001], [-0.057827199999999745, 51.48847330000001], [-0.05787849999999974, 51.488392], [-0.05790810000000053, 51.488349899999996], [-0.057941800000000675, 51.4883083], [-0.0579629999999999, 51.488281799999996], [-0.05798890000000069, 51.4882568], [-0.058014900000000126, 51.48823180000001], [-0.05804239999999953, 51.4882079], [-0.05807199999999992, 51.488184], [-0.058093900000000004, 51.4881681], [-0.058118599999999146, 51.488152799999995], [-0.058155200000000976, 51.48813359999999], [-0.05819450000000044, 51.488116999999995]]}}, {"type": "Feature", "properties": {"u": 283, "v": 247, "key": 0, "length": 396.6, "length_raw": 11130393.89557537}, "geometry": {"type": "LineString", "coordinates": [[-0.05763119999999883, 51.4887313], [-0.057545600000002826, 51.488806999999994], [-0.05745849999999891, 51.488869799999996], [-0.057374099999999394, 51.4889287], [-0.05698330000000119, 51.48919679999999], [-0.05679090000000163, 51.4893174], [-0.0566565000000012, 51.48939429999999], [-0.05632470000000092, 51.48957180000001], [-0.05599929999999828, 51.489744800000004], [-0.055781400000000064, 51.489857699999995], [-0.05559010000000151, 51.48995759999999], [-0.055456500000000596, 51.4900404], [-0.053085713598409474, 51.49083974708956]]}}, {"type": "Feature", "properties": {"u": 284, "v": 247, "key": 0, "length": 405.2, "length_raw": 10356354.500772636}, "geometry": {"type": "LineString", "coordinates": [[-0.05808560000000066, 51.491804300000005], [-0.0577150000000013, 51.491642899999995], [-0.05761500000000029, 51.4915996], [-0.056739899999998754, 51.491226600000005], [-0.0562646000000004, 51.491017299999996], [-0.05605680000000181, 51.490927099999986], [-0.055733800000000465, 51.4907909], [-0.05519859999999967, 51.49056890000001], [-0.055067800000000194, 51.49051299999999], [-0.05497170000000085, 51.4904729], [-0.05488369999999918, 51.4904338], [-0.05484630000000023, 51.490398], [-0.053085713598409474, 51.49083974708956]]}}, {"type": "Feature", "properties": {"u": 285, "v": 286, "key": 0, "length": 110.9, "length_raw": 5724069.202340822}, "geometry": {"type": "LineString", "coordinates": [[-0.049787299999999035, 51.4910686], [-0.04930720000000166, 51.491148499999994], [-0.04913970000000132, 51.491175299999995], [-0.0484987000000013, 51.49128589999999], [-0.04824120000000013, 51.491328200000005]]}}, {"type": "Feature", "properties": {"u": 285, "v": 247, "key": 0, "length": 231.0, "length_raw": 12460686.105259823}, "geometry": {"type": "LineString", "coordinates": [[-0.049787299999999035, 51.4910686], [-0.049883999999999006, 51.4910567], [-0.050047899999999985, 51.49104669999999], [-0.050110900000001006, 51.49104630000001], [-0.050174599999999306, 51.491047300000005], [-0.05057129999999953, 51.4910511], [-0.050766399999999906, 51.49105519999999], [-0.05080689999999903, 51.4910552], [-0.051094299999999315, 51.49106059999998], [-0.051185900000000346, 51.4910672], [-0.053085713598409474, 51.49083974708956]]}}, {"type": "Feature", "properties": {"u": 286, "v": 120, "key": 0, "length": 102.8, "length_raw": 4859106.656722377}, "geometry": {"type": "LineString", "coordinates": [[-0.04824120000000013, 51.491328200000005], [-0.04766130000000062, 51.491426999999995], [-0.04724870000000098, 51.49149649999998], [-0.04711930230351082, 51.491768971808725]]}}, {"type": "Feature", "properties": {"u": 286, "v": 285, "key": 0, "length": 110.9, "length_raw": 5724069.202340822}, "geometry": {"type": "LineString", "coordinates": [[-0.04824120000000013, 51.491328200000005], [-0.0484987000000013, 51.49128589999999], [-0.04913970000000132, 51.491175299999995], [-0.04930720000000166, 51.491148499999994], [-0.049787299999999035, 51.4910686]]}}, {"type": "Feature", "properties": {"u": 287, "v": 100, "key": 0, "length": 146.7, "length_raw": 8253472.9097843915}, "geometry": {"type": "LineString", "coordinates": [[-0.01196640000000022, 51.497716], [-0.01251650000000125, 51.497368599999994], [-0.013132500000001008, 51.49697959999999], [-0.01354954494112028, 51.49686251685733]]}}, {"type": "Feature", "properties": {"u": 287, "v": 288, "key": 0, "length": 171.3, "length_raw": 10087150.659719814}, "geometry": {"type": "LineString", "coordinates": [[-0.01196640000000022, 51.497716], [-0.011865699999999941, 51.49778080000001], [-0.011483799999999716, 51.4980264], [-0.011246399999999934, 51.4981971], [-0.01099420000000294, 51.498378699999996], [-0.010780000000001146, 51.498550699999996], [-0.010682800000000391, 51.4986285], [-0.010589199999999797, 51.49870570000001], [-0.010375350883372051, 51.49889260021181]]}}, {"type": "Feature", "properties": {"u": 288, "v": 287, "key": 0, "length": 171.3, "length_raw": 10087150.659719814}, "geometry": {"type": "LineString", "coordinates": [[-0.010375350883372051, 51.49889260021181], [-0.010589199999999797, 51.49870570000001], [-0.010682800000000391, 51.4986285], [-0.010780000000001146, 51.498550699999996], [-0.01099420000000294, 51.498378699999996], [-0.011246399999999934, 51.4981971], [-0.011483799999999716, 51.4980264], [-0.011865699999999941, 51.49778080000001], [-0.01196640000000022, 51.497716]]}}, {"type": "Feature", "properties": {"u": 288, "v": 178, "key": 0, "length": 119.7, "length_raw": 10845206.438496621}, "geometry": {"type": "LineString", "coordinates": [[-0.010375350883372051, 51.49889260021181], [-0.010161499999999851, 51.49907949999999], [-0.010055699999999442, 51.4991725], [-0.009859000000001244, 51.4993453], [-0.009656200000000156, 51.499523499999995], [-0.009545800000000404, 51.4996205], [-0.009482200000000749, 51.49967639999999], [-0.009371397088034467, 51.49958365314117]]}}, {"type": "Feature", "properties": {"u": 289, "v": 100, "key": 0, "length": 367.6, "length_raw": 3115198.186920733}, "geometry": {"type": "LineString", "coordinates": [[-0.01340079999999829, 51.49984520000001], [-0.013452900000000182, 51.4995618], [-0.013482500000001368, 51.49937509999999], [-0.013515900000000804, 51.4991806], [-0.013543299999999573, 51.49898629999999], [-0.013560300000001193, 51.4988749], [-0.013638200000000059, 51.49840759999999], [-0.013658600000001365, 51.49826839999999], [-0.013716800000001772, 51.4978748], [-0.013766400000000538, 51.49758179999999], [-0.01381010000000126, 51.49737959999999], [-0.013870900000000259, 51.497249800000006], [-0.013996399999998731, 51.4969814], [-0.014041700000001643, 51.4968801], [-0.01354954494112028, 51.49686251685733]]}}, {"type": "Feature", "properties": {"u": 289, "v": 527, "key": 0, "length": 359.6, "length_raw": 5154854.925965671}, "geometry": {"type": "LineString", "coordinates": [[-0.01340079999999829, 51.49984520000001], [-0.01395900000000137, 51.4999125], [-0.01418180000000123, 51.4999378], [-0.014719900000001724, 51.499998899999994], [-0.01484370000000015, 51.50001300000001], [-0.015040299999999306, 51.5000369], [-0.015518799999999661, 51.500087900000004], [-0.015856799999999883, 51.500123], [-0.01599750000000009, 51.500137099999996], [-0.016282400000001227, 51.50016930000001], [-0.01648159999999977, 51.5001914], [-0.017063699999999706, 51.50025569999999], [-0.01709399999999937, 51.50025829999999], [-0.017116700000000148, 51.50026029999999], [-0.017499600000001544, 51.50029649999998], [-0.01789440000000085, 51.50033429999999], [-0.017967300000001418, 51.50034289999999], [-0.01817000000000068, 51.50035909999999], [-0.01828820000000098, 51.5003686], [-0.018519799999999375, 51.50039249999999]]}}, {"type": "Feature", "properties": {"u": 289, "v": 521, "key": 0, "length": 198.5, "length_raw": 12032030.242245946}, "geometry": {"type": "LineString", "coordinates": [[-0.01340079999999829, 51.49984520000001], [-0.012973200000000965, 51.49979269999999], [-0.012583500000000193, 51.499745499999996], [-0.012173099999999793, 51.499697], [-0.011808700000000779, 51.499658399999994], [-0.011582400000000995, 51.4996347], [-0.011108999999999973, 51.49960209999999], [-0.010848500000000455, 51.4996163], [-0.010574099999999887, 51.499652700000006]]}}, {"type": "Feature", "properties": {"u": 290, "v": 148, "key": 0, "length": 90.4, "length_raw": 9840957.769534227}, "geometry": {"type": "LineString", "coordinates": [[0.010778700000000061, 51.51220199999999], [0.010938199999998987, 51.512021799999985], [0.011151999999999836, 51.5117753], [0.011264700000000651, 51.51164300000001], [0.011390626851298633, 51.511483556688965]]}}, {"type": "Feature", "properties": {"u": 290, "v": 36, "key": 0, "length": 62.0, "length_raw": 5823382.602892977}, "geometry": {"type": "LineString", "coordinates": [[0.010778700000000061, 51.51220199999999], [0.010681600000000735, 51.51231610000001], [0.010643199999998229, 51.51235899999999], [0.010484199999999291, 51.51254639999999], [0.010462399999999844, 51.5125699], [0.010440900000000709, 51.512592999999995], [0.010355899999999372, 51.51269310000001]]}}, {"type": "Feature", "properties": {"u": 291, "v": 61, "key": 0, "length": 88.6, "length_raw": 8558090.616540335}, "geometry": {"type": "LineString", "coordinates": [[0.012868267376841809, 51.51001436677674], [0.013015000000001968, 51.509840600000004], [0.013384199999999208, 51.5093973], [0.013398599999999452, 51.50938], [0.01345909999999973, 51.509307299999996]]}}, {"type": "Feature", "properties": {"u": 292, "v": 148, "key": 0, "length": 181.4, "length_raw": 11988445.331110781}, "geometry": {"type": "LineString", "coordinates": [[0.0124082013312805, 51.5100229335423], [0.012167199999998967, 51.5103019], [0.012055299999999644, 51.51043200000001], [0.011908800000000039, 51.5106134], [0.011327500000000401, 51.511296], [0.011390626851298633, 51.511483556688965]]}}, {"type": "Feature", "properties": {"u": 292, "v": 61, "key": 0, "length": 113.1, "length_raw": 8525771.341157088}, "geometry": {"type": "LineString", "coordinates": [[0.0124082013312805, 51.5100229335423], [0.012717799999999986, 51.50965970000001], [0.012773499999999651, 51.5095925], [0.012819299999999374, 51.50953709999999], [0.012875099999998878, 51.509485399999996], [0.012881199999999383, 51.509480499999995], [0.01345909999999973, 51.509307299999996]]}}, {"type": "Feature", "properties": {"u": 293, "v": 294, "key": 0, "length": 571.8, "length_raw": 7662761.9752301825}, "geometry": {"type": "LineString", "coordinates": [[0.004612499999999347, 51.51482500000001], [0.004942599999999185, 51.51491630000001], [0.006109499999997093, 51.5151869], [0.007102599999997657, 51.51537549999998], [0.0077426999999991196, 51.515489], [0.01146859999999758, 51.516212599999996], [0.012108499999998967, 51.516309599999985], [0.012487199999998784, 51.5163713]]}}, {"type": "Feature", "properties": {"u": 293, "v": 294, "key": 1, "length": 571.6, "length_raw": 7662761.9752301825}, "geometry": {"type": "LineString", "coordinates": [[0.004612499999999347, 51.51482500000001], [0.004966100000000266, 51.5148746], [0.006135599999999548, 51.515128], [0.011510599999999056, 51.51615739999999], [0.01208199999999994, 51.5162687], [0.012487199999998784, 51.5163713]]}}, {"type": "Feature", "properties": {"u": 294, "v": 508, "key": 0, "length": 431.5, "length_raw": 13158592.095481075}, "geometry": {"type": "LineString", "coordinates": [[0.012487199999998784, 51.5163713], [0.014916099999999932, 51.5168247], [0.015121399999999376, 51.5168639], [0.015556299999999643, 51.51694229999998], [0.016215799999999652, 51.517058199999994], [0.01705209999999972, 51.517166700000004], [0.01761520000000007, 51.5172226], [0.01820499999999833, 51.51725499999999], [0.018532200000000058, 51.5172876]]}}, {"type": "Feature", "properties": {"u": 295, "v": 45, "key": 0, "length": 394.6, "length_raw": 9188120.687371075}, "geometry": {"type": "LineString", "coordinates": [[0.012823699999999836, 51.49133640000001], [0.012924700000000825, 51.4912835], [0.012978299999998708, 51.4912564], [0.01310089999999907, 51.4912002], [0.013224300000000926, 51.4911472], [0.01337490000000068, 51.49109180000001], [0.013576299999999255, 51.4910271], [0.013748499999999178, 51.490980799999996], [0.013927599999999108, 51.49094409999999], [0.01414959999999986, 51.490907], [0.014373399999998504, 51.490880399999995], [0.01463390000000001, 51.490857399999996], [0.015020400000000374, 51.4908405], [0.015624700000000307, 51.49082140000001], [0.016348100000000282, 51.490802099999996], [0.016580100000000417, 51.4907909], [0.016807699999999693, 51.49077410000001], [0.017014899999999257, 51.490753999999995], [0.01708699999999952, 51.4907469], [0.017512400000000393, 51.49069300000001], [0.017731499999999456, 51.4906882], [0.018188307711219643, 51.49046204551625]]}}, {"type": "Feature", "properties": {"u": 296, "v": 297, "key": 0, "length": 97.9, "length_raw": 10237923.802062344}, "geometry": {"type": "LineString", "coordinates": [[-0.05746980000000177, 51.50365159999999], [-0.05743430000000015, 51.503675699999995], [-0.05737830000000097, 51.503701099999994], [-0.0567969000000003, 51.50390659999999], [-0.05667730000000027, 51.50395369999999], [-0.05659960000000108, 51.503991599999985], [-0.0565272000000017, 51.50403779999999], [-0.05641959999999902, 51.504123], [-0.05636059999999991, 51.50417830000001]]}}, {"type": "Feature", "properties": {"u": 297, "v": 298, "key": 0, "length": 86.3, "length_raw": 7167305.142863635}, "geometry": {"type": "LineString", "coordinates": [[-0.05636059999999991, 51.50417830000001], [-0.05631310000000054, 51.504239600000005], [-0.05622930000000085, 51.5043728], [-0.056197800000000735, 51.50441060000001], [-0.056041700000001096, 51.50452709999999], [-0.05571429999999969, 51.5047379], [-0.05562650000000048, 51.504793199999995]]}}, {"type": "Feature", "properties": {"u": 297, "v": 299, "key": 0, "length": 106.8, "length_raw": 6013391.759806193}, "geometry": {"type": "LineString", "coordinates": [[-0.05636059999999991, 51.50417830000001], [-0.056425500000001044, 51.5042044], [-0.05644200000000029, 51.504211000000005], [-0.056834700000000994, 51.50440469999999], [-0.05691159999999988, 51.504432900000005], [-0.05722750000000154, 51.5046233], [-0.05724560000000059, 51.50463940000001], [-0.05748389262912785, 51.504826754374584]]}}, {"type": "Feature", "properties": {"u": 297, "v": 296, "key": 0, "length": 97.9, "length_raw": 10237923.802062344}, "geometry": {"type": "LineString", "coordinates": [[-0.05636059999999991, 51.50417830000001], [-0.05641959999999902, 51.504123], [-0.0565272000000017, 51.50403779999999], [-0.05659960000000108, 51.503991599999985], [-0.05667730000000027, 51.50395369999999], [-0.0567969000000003, 51.50390659999999], [-0.05737830000000097, 51.503701099999994], [-0.05743430000000015, 51.503675699999995], [-0.05746980000000177, 51.50365159999999]]}}, {"type": "Feature", "properties": {"u": 298, "v": 356, "key": 0, "length": 128.3, "length_raw": 12992867.760083897}, "geometry": {"type": "LineString", "coordinates": [[-0.05562650000000048, 51.504793199999995], [-0.05532190000000049, 51.504972], [-0.05513750000000035, 51.50507400000001], [-0.05477220000000041, 51.505326399999994], [-0.05451009337654247, 51.505691806707716]]}}, {"type": "Feature", "properties": {"u": 298, "v": 297, "key": 0, "length": 86.3, "length_raw": 7167305.142863635}, "geometry": {"type": "LineString", "coordinates": [[-0.05562650000000048, 51.504793199999995], [-0.05571429999999969, 51.5047379], [-0.056041700000001096, 51.50452709999999], [-0.056197800000000735, 51.50441060000001], [-0.05622930000000085, 51.5043728], [-0.05631310000000054, 51.504239600000005], [-0.05636059999999991, 51.50417830000001]]}}, {"type": "Feature", "properties": {"u": 299, "v": 485, "key": 0, "length": 93.6, "length_raw": 9532322.406073548}, "geometry": {"type": "LineString", "coordinates": [[-0.05748389262912785, 51.504826754374584], [-0.05773289999999988, 51.50500759999999], [-0.057788300000000424, 51.50505660000001], [-0.05791930000000076, 51.5052205], [-0.05809119999999998, 51.50542529999999], [-0.05817079999999968, 51.5055453]]}}, {"type": "Feature", "properties": {"u": 299, "v": 297, "key": 0, "length": 106.8, "length_raw": 6013391.759806193}, "geometry": {"type": "LineString", "coordinates": [[-0.05748389262912785, 51.504826754374584], [-0.05724560000000059, 51.50463940000001], [-0.05722750000000154, 51.5046233], [-0.05691159999999988, 51.504432900000005], [-0.056834700000000994, 51.50440469999999], [-0.05644200000000029, 51.504211000000005], [-0.056425500000001044, 51.5042044], [-0.05636059999999991, 51.50417830000001]]}}, {"type": "Feature", "properties": {"u": 300, "v": 301, "key": 0, "length": 113.9, "length_raw": 1641002.7090697158}, "geometry": {"type": "LineString", "coordinates": [[-0.05337732088550739, 51.51086251527121], [-0.05379290000000066, 51.5109368], [-0.05386750000000047, 51.5109536], [-0.054075400000002084, 51.5110062], [-0.054180899999999796, 51.51102719999999], [-0.05424370000000034, 51.511038400000004], [-0.05433890000000074, 51.51105439999999], [-0.054425000000000306, 51.51106659999999], [-0.054564099999999914, 51.51108240000001], [-0.05465940000000134, 51.51109039999999], [-0.054731500000000814, 51.511093599999995], [-0.05496869997696018, 51.51109615023982]]}}, {"type": "Feature", "properties": {"u": 301, "v": 496, "key": 0, "length": 111.7, "length_raw": 931757.725511611}, "geometry": {"type": "LineString", "coordinates": [[-0.05496869997696018, 51.51109615023982], [-0.05520589999999903, 51.511098700000005], [-0.05560820000000016, 51.51109889999999], [-0.05571559999999959, 51.51110340000001], [-0.056038900000000044, 51.5111131], [-0.05619430000000081, 51.5111182], [-0.056582331827356225, 51.51112568868332]]}}, {"type": "Feature", "properties": {"u": 302, "v": 303, "key": 0, "length": 66.0, "length_raw": 4517459.264006994}, "geometry": {"type": "LineString", "coordinates": [[-0.0011527000000021122, 51.48334769999999], [-0.0009786999999983324, 51.48338230000001], [-0.0009118000000004196, 51.483395699999996], [-0.0008326999999995114, 51.48341270000001], [-0.0007314000000009929, 51.4834377], [-0.0006216000000006709, 51.4834667], [-0.0005532000000004053, 51.483486099999986], [-0.0004864999999989895, 51.48350490000001], [-0.00026870000000061255, 51.4835681]]}}, {"type": "Feature", "properties": {"u": 302, "v": 164, "key": 0, "length": 83.8, "length_raw": 8149250.5211580545}, "geometry": {"type": "LineString", "coordinates": [[-0.0011527000000021122, 51.48334769999999], [-0.0015517000000010118, 51.48327570000001], [-0.001876000000001452, 51.48320479999999], [-0.0019734999999993373, 51.483183000000004], [-0.0022628000000013315, 51.4831165], [-0.002298899999999992, 51.48310679999999]]}}, {"type": "Feature", "properties": {"u": 303, "v": 308, "key": 0, "length": 89.5, "length_raw": 3569293.2680579466}, "geometry": {"type": "LineString", "coordinates": [[-0.00026870000000061255, 51.4835681], [-4.900000001245455e-06, 51.4836451], [0.00016479999999952652, 51.48369629999999], [0.00024040000000011315, 51.483718800000005], [0.00044129999999750497, 51.4837784], [0.0006217000000001122, 51.48383200000001], [0.0006867999999989388, 51.4838513], [0.0007488999999986255, 51.483869799999994], [0.0008127999999997839, 51.4838888], [0.0008582999999995922, 51.483903799999986], [0.0008961999999993267, 51.4839167]]}}, {"type": "Feature", "properties": {"u": 303, "v": 302, "key": 0, "length": 66.0, "length_raw": 4517459.264006994}, "geometry": {"type": "LineString", "coordinates": [[-0.00026870000000061255, 51.4835681], [-0.0004864999999989895, 51.48350490000001], [-0.0005532000000004053, 51.483486099999986], [-0.0006216000000006709, 51.4834667], [-0.0007314000000009929, 51.4834377], [-0.0008326999999995114, 51.48341270000001], [-0.0009118000000004196, 51.483395699999996], [-0.0009786999999983324, 51.48338230000001], [-0.0011527000000021122, 51.48334769999999]]}}, {"type": "Feature", "properties": {"u": 305, "v": 207, "key": 0, "length": 172.9, "length_raw": 7412532.8985731015}, "geometry": {"type": "LineString", "coordinates": [[-0.05228109999999934, 51.50050000000001], [-0.05202279999999985, 51.50063600000001], [-0.05199700000000168, 51.50064999999999], [-0.05195190000000043, 51.500675199999996], [-0.051774799999998865, 51.5007743], [-0.051676000000000694, 51.50082389999999], [-0.051619000000000734, 51.50085349999999], [-0.051571800000001285, 51.5008779], [-0.051536500000000936, 51.5008964], [-0.051194599999999445, 51.5010733], [-0.051171400000000665, 51.5010863], [-0.050776200000000014, 51.50130759999999], [-0.0504355470554523, 51.50154440669494]]}}, {"type": "Feature", "properties": {"u": 305, "v": 112, "key": 0, "length": 276.4, "length_raw": 1900664.4107187989}, "geometry": {"type": "LineString", "coordinates": [[-0.05228109999999934, 51.50050000000001], [-0.05256280000000086, 51.500342800000006], [-0.05305669999999865, 51.50008729999999], [-0.0535188000000004, 51.499834], [-0.053710600000000136, 51.49973120000001], [-0.05383999999999948, 51.4996738], [-0.05392209999999952, 51.499639099999996], [-0.054995070182472114, 51.49870421129716]]}}, {"type": "Feature", "properties": {"u": 306, "v": 106, "key": 0, "length": 157.7, "length_raw": 1086820.8916335234}, "geometry": {"type": "LineString", "coordinates": [[-0.012173538892876545, 51.47769006210517], [-0.01231780000000071, 51.47791019999999], [-0.01251419999999939, 51.4778648], [-0.012587800000001611, 51.47784819999999], [-0.01264900000000116, 51.4778361], [-0.012712800000001285, 51.477824700000006], [-0.012887500000000359, 51.47779259999999], [-0.01317219999999983, 51.4777346], [-0.0134511000000003, 51.47767469999998], [-0.013729200000001265, 51.47761259999999], [-0.013829100000000849, 51.477586899999984], [-0.014103600000000858, 51.47751689999999]]}}, {"type": "Feature", "properties": {"u": 306, "v": 162, "key": 0, "length": 145.5, "length_raw": 13807984.010023065}, "geometry": {"type": "LineString", "coordinates": [[-0.012173538892876545, 51.47769006210517], [-0.01179860000000076, 51.478118599999995], [-0.011540499999999758, 51.4782692], [-0.011166499999999918, 51.478478200000005], [-0.011084899999999065, 51.478528], [-0.010829500000000866, 51.47867480000001]]}}, {"type": "Feature", "properties": {"u": 306, "v": 307, "key": 0, "length": 174.5, "length_raw": 18587100.837969497}, "geometry": {"type": "LineString", "coordinates": [[-0.012173538892876545, 51.47769006210517], [-0.01242190000000028, 51.477176799999995], [-0.012487199999999579, 51.476988899999995], [-0.012550800000001222, 51.47680559999999], [-0.012655900000001963, 51.4764941], [-0.012690700000000334, 51.476388], [-0.012742800000000635, 51.47623899999999], [-0.012768299999999684, 51.4761663]]}}, {"type": "Feature", "properties": {"u": 307, "v": 335, "key": 0, "length": 79.8, "length_raw": 8630950.363563504}, "geometry": {"type": "LineString", "coordinates": [[-0.012768299999999684, 51.4761663], [-0.012837500000000649, 51.4759638], [-0.012916599999999568, 51.4757326], [-0.012968100000001235, 51.4755884], [-0.013006700000000239, 51.4755125], [-0.013036800029183799, 51.47546925000447]]}}, {"type": "Feature", "properties": {"u": 307, "v": 306, "key": 0, "length": 174.5, "length_raw": 18587100.837969497}, "geometry": {"type": "LineString", "coordinates": [[-0.012768299999999684, 51.4761663], [-0.012742800000000635, 51.47623899999999], [-0.012690700000000334, 51.476388], [-0.012655900000001963, 51.4764941], [-0.012550800000001222, 51.47680559999999], [-0.012487199999999579, 51.476988899999995], [-0.01242190000000028, 51.477176799999995], [-0.012173538892876545, 51.47769006210517]]}}, {"type": "Feature", "properties": {"u": 308, "v": 317, "key": 0, "length": 158.1, "length_raw": 14805401.637696918}, "geometry": {"type": "LineString", "coordinates": [[0.0008961999999993267, 51.4839167], [0.0009601000000008827, 51.48383549999999], [0.000982899999999116, 51.483804199999994], [0.0010086999999996695, 51.48377079999999], [0.001078200000000945, 51.48367910000001], [0.0012232999999996267, 51.483488], [0.0013222000000008211, 51.48335110000001], [0.001398999999997883, 51.4832218], [0.0014625000000004814, 51.4830893], [0.0015202000000008999, 51.482961100000004], [0.0015833999999988134, 51.48281909999999], [0.0015908999999986507, 51.48279809999999], [0.0016196999999987416, 51.48270909999999], [0.0016374999999994688, 51.48264910000001], [0.0016586000000000448, 51.4825835]]}}, {"type": "Feature", "properties": {"u": 308, "v": 318, "key": 0, "length": 81.3, "length_raw": 6681679.007896223}, "geometry": {"type": "LineString", "coordinates": [[0.0008961999999993267, 51.4839167], [0.0009608999999999908, 51.48394], [0.0009860999999987286, 51.483949499999994], [0.0010509999999986726, 51.48397359999999], [0.0011133000000008199, 51.483997800000004], [0.0013453999999996024, 51.484084900000006], [0.0014226999999994365, 51.48411329999999], [0.0014727999999981907, 51.48413250000001], [0.0018022999999989953, 51.4842575], [0.0018835999999979476, 51.48428859999998], [0.0019009999975324017, 51.484295150001316]]}}, {"type": "Feature", "properties": {"u": 308, "v": 303, "key": 0, "length": 89.5, "length_raw": 3569293.2680579466}, "geometry": {"type": "LineString", "coordinates": [[0.0008961999999993267, 51.4839167], [0.0008582999999995922, 51.483903799999986], [0.0008127999999997839, 51.4838888], [0.0007488999999986255, 51.483869799999994], [0.0006867999999989388, 51.4838513], [0.0006217000000001122, 51.48383200000001], [0.00044129999999750497, 51.4837784], [0.00024040000000011315, 51.483718800000005], [0.00016479999999952652, 51.48369629999999], [-4.900000001245455e-06, 51.4836451], [-0.00026870000000061255, 51.4835681]]}}, {"type": "Feature", "properties": {"u": 309, "v": 43, "key": 0, "length": 373.9, "length_raw": 4211531.342877387}, "geometry": {"type": "LineString", "coordinates": [[-0.007070200000000587, 51.5096271], [-0.0070483000000009025, 51.509788699999994], [-0.00704850000000058, 51.50993759999999], [-0.007070700000000973, 51.51007], [-0.007120999999999405, 51.510270600000005], [-0.00721710000000074, 51.51059809999999], [-0.007273000000000879, 51.51075680000001], [-0.007335800000001823, 51.510902099999996], [-0.007405999999999585, 51.51103640000001], [-0.00748600000000103, 51.51115329999999], [-0.007663000000000769, 51.51137939999999], [-0.007833900000001594, 51.5115819], [-0.008001700000000658, 51.511787399999996], [-0.008063900000001376, 51.5118653], [-0.008110000000000218, 51.51193729999999], [-0.008132099999999181, 51.51197180000001], [-0.008174400000000172, 51.5120643], [-0.008255200000000726, 51.512308], [-0.008278749853512334, 51.512851350019716]]}}, {"type": "Feature", "properties": {"u": 309, "v": 38, "key": 0, "length": 297.0, "length_raw": 17128740.097834516}, "geometry": {"type": "LineString", "coordinates": [[-0.007070200000000587, 51.5096271], [-0.007138700000000691, 51.509881299999996], [-0.0072376999999989415, 51.510254], [-0.007281400000000061, 51.5104028], [-0.007370799999999473, 51.5107072], [-0.00742820000000117, 51.510845800000006], [-0.007526700000000624, 51.51101310000001], [-0.007630500000000281, 51.5111427], [-0.007686899999999217, 51.51118850000002], [-0.00775340000000175, 51.51122649999999], [-0.007859900000000633, 51.511262099999996], [-0.007977399999999675, 51.511285799999996], [-0.008089300000000587, 51.51130230000001], [-0.008231500000000365, 51.51131249999999], [-0.008314900000000305, 51.5113136], [-0.008461600000000383, 51.5113083], [-0.008522900000000963, 51.5113056], [-0.009054700000000878, 51.51129869999999], [-0.009013568467858377, 51.51146601230629]]}}, {"type": "Feature", "properties": {"u": 310, "v": 311, "key": 0, "length": 203.7, "length_raw": 7512366.356488418}, "geometry": {"type": "LineString", "coordinates": [[-0.01913119615595198, 51.48117319861769], [-0.018654500000000906, 51.481218299999995], [-0.018416699999999783, 51.4812392], [-0.018210800000000114, 51.48125619999999], [-0.018065300000000485, 51.4812695], [-0.017745400000000508, 51.48130119999999], [-0.017657499999999073, 51.4813065], [-0.017573100000001143, 51.481311099999985], [-0.0173731000000023, 51.48132189999999], [-0.017097700000001357, 51.48133579999998], [-0.01675930000000019, 51.48134999999999], [-0.01662779999999946, 51.481353000000006], [-0.016208300078734444, 51.48136495075283]]}}, {"type": "Feature", "properties": {"u": 310, "v": 312, "key": 0, "length": 100.3, "length_raw": 2153737.451605736}, "geometry": {"type": "LineString", "coordinates": [[-0.01913119615595198, 51.48117319861769], [-0.01960460000000081, 51.4811257], [-0.020514400000000082, 51.4810208], [-0.02055695000407357, 51.481016100007764]]}}, {"type": "Feature", "properties": {"u": 311, "v": 310, "key": 0, "length": 203.7, "length_raw": 7512366.356488418}, "geometry": {"type": "LineString", "coordinates": [[-0.016208300078734444, 51.48136495075283], [-0.01662779999999946, 51.481353000000006], [-0.01675930000000019, 51.48134999999999], [-0.017097700000001357, 51.48133579999998], [-0.0173731000000023, 51.48132189999999], [-0.017573100000001143, 51.481311099999985], [-0.017657499999999073, 51.4813065], [-0.017745400000000508, 51.48130119999999], [-0.018065300000000485, 51.4812695], [-0.018210800000000114, 51.48125619999999], [-0.018416699999999783, 51.4812392], [-0.018654500000000906, 51.481218299999995], [-0.01913119615595198, 51.48117319861769]]}}, {"type": "Feature", "properties": {"u": 311, "v": 122, "key": 0, "length": 110.0, "length_raw": 7257776.840056199}, "geometry": {"type": "LineString", "coordinates": [[-0.016208300078734444, 51.48136495075283], [-0.015788800000002153, 51.481376899999994], [-0.015158799999999917, 51.48138209999998], [-0.01506470000000172, 51.481384999999996], [-0.014818200000001102, 51.4814097], [-0.014843500072918268, 51.48128965000483]]}}, {"type": "Feature", "properties": {"u": 312, "v": 438, "key": 0, "length": 213.7, "length_raw": 3254914.192844532}, "geometry": {"type": "LineString", "coordinates": [[-0.02055695000407357, 51.481016100007764], [-0.02059950000000126, 51.4810114], [-0.0207966000000012, 51.48099009999999], [-0.02086789999999957, 51.480982499999996], [-0.020940300000000148, 51.4809748], [-0.021330000000000918, 51.480929899999985], [-0.021720899999998166, 51.480887900000006], [-0.02209450000000024, 51.48084889999999], [-0.022319000000000935, 51.480821199999994], [-0.022386600000000107, 51.48081289999999], [-0.022593300000000472, 51.4807885], [-0.023603128387271074, 51.48086283284394]]}}, {"type": "Feature", "properties": {"u": 312, "v": 310, "key": 0, "length": 100.3, "length_raw": 2153737.451605736}, "geometry": {"type": "LineString", "coordinates": [[-0.02055695000407357, 51.481016100007764], [-0.020514400000000082, 51.4810208], [-0.01960460000000081, 51.4811257], [-0.01913119615595198, 51.48117319861769]]}}, {"type": "Feature", "properties": {"u": 313, "v": 230, "key": 0, "length": 298.1, "length_raw": 10128189.159102527}, "geometry": {"type": "LineString", "coordinates": [[0.01818203504053393, 51.475944654356766], [0.01788680000000078, 51.4756572], [0.017769799999998545, 51.475541299999996], [0.01774120000000012, 51.47551300000001], [0.017123100000000963, 51.4749147], [0.016752100000000263, 51.47456189999999], [0.016684299999998237, 51.474495399999995], [0.01657269999999843, 51.4743909], [0.015901913258800505, 51.47367210312695]]}}, {"type": "Feature", "properties": {"u": 313, "v": 319, "key": 0, "length": 123.3, "length_raw": 11579419.958762057}, "geometry": {"type": "LineString", "coordinates": [[0.01818203504053393, 51.475944654356766], [0.018476599999998643, 51.4762311], [0.018659100000001042, 51.4764096], [0.018760399999997575, 51.4765086], [0.01879849999999977, 51.47654159999999], [0.01882199999999926, 51.476561499999995], [0.018880800000000687, 51.4766121], [0.01897499999999912, 51.476694099999996], [0.018859521613557178, 51.47689272676654]]}}, {"type": "Feature", "properties": {"u": 314, "v": 230, "key": 0, "length": 149.6, "length_raw": 3870768.3844207255}, "geometry": {"type": "LineString", "coordinates": [[0.018041099999998943, 51.4738418], [0.017795699999999335, 51.47381459999999], [0.016988399999998637, 51.47372949999999], [0.016676200000000956, 51.473695500000005], [0.015901913258800505, 51.47367210312695]]}}, {"type": "Feature", "properties": {"u": 314, "v": 230, "key": 1, "length": 302.8, "length_raw": 3870768.3844207255}, "geometry": {"type": "LineString", "coordinates": [[0.018041099999998943, 51.4738418], [0.018057300000000262, 51.47378200000001], [0.01803869999999963, 51.473746999999996], [0.017997599999998296, 51.4737264], [0.017923299999998796, 51.473707299999994], [0.01784459999999923, 51.473689], [0.01711840000000019, 51.4735203], [0.016393399999999617, 51.4733509], [0.016200399999999428, 51.473307299999995], [0.015886099999999567, 51.47323639999999], [0.015523000000000446, 51.47315439999999], [0.015423599999999659, 51.473132], [0.015313699999999101, 51.4731076], [0.01526840000000056, 51.473106800000004], [0.015238600000000093, 51.4731137], [0.015211099999998702, 51.47312049999999], [0.015157799999998745, 51.4731414], [0.015901913258800505, 51.47367210312695]]}}, {"type": "Feature", "properties": {"u": 315, "v": 412, "key": 0, "length": 69.8, "length_raw": 7575192.828944889}, "geometry": {"type": "LineString", "coordinates": [[-0.003257899999999865, 51.50906400000001], [-0.00388450000000003, 51.5085725]]}}, {"type": "Feature", "properties": {"u": 316, "v": 320, "key": 0, "length": 190.6, "length_raw": 17844277.725918464}, "geometry": {"type": "LineString", "coordinates": [[0.002408799999998165, 51.510269499999985], [0.0029310000000000377, 51.51023750000001], [0.0034884999999998728, 51.510225], [0.003955700000001348, 51.510247099999994], [0.004425599999999664, 51.5102937], [0.004827099999998509, 51.51030949999999], [0.004948700000000086, 51.5103089], [0.005006299999998677, 51.510308599999995], [0.005059999999998785, 51.51030829999999], [0.005152200000000443, 51.51030780000001]]}}, {"type": "Feature", "properties": {"u": 316, "v": 143, "key": 0, "length": 806.6, "length_raw": 15585595.650643382}, "geometry": {"type": "LineString", "coordinates": [[0.002408799999998165, 51.510269499999985], [0.0027335999999993895, 51.510208899999995], [0.00287859999999863, 51.51019339999999], [0.003278700000000527, 51.5101472], [0.003641800000000046, 51.51012219999999], [0.0038234999999989675, 51.51011629999999], [0.004347999999999121, 51.51012750000001], [0.004678400000000462, 51.51015099999999], [0.005477499999999271, 51.5102037], [0.006146399999998837, 51.51021930000001], [0.006808399999999188, 51.5101951], [0.007412400000000002, 51.510156900000005], [0.008022799999998848, 51.51009679999999], [0.008624299999998126, 51.51001419999999], [0.00889149999999917, 51.5099684], [0.009171899999999608, 51.509908499999995], [0.009367299999999901, 51.50986379999999], [0.009610499999998683, 51.509801599999996], [0.009883299999999444, 51.509729199999995], [0.011126199999998884, 51.509364899999994], [0.011126299999998724, 51.509364899999994], [0.011311600000000588, 51.50929959999999], [0.011422699999999609, 51.50925529999999], [0.011491099999997888, 51.5092222], [0.01158539999999934, 51.5091861], [0.011712599999999046, 51.5091155], [0.01179920000000019, 51.5090603], [0.011933500000000378, 51.5089854], [0.012043599999999023, 51.508918], [0.01325529976482845, 51.50837400361708]]}}, {"type": "Feature", "properties": {"u": 317, "v": 26, "key": 0, "length": 200.8, "length_raw": 9744608.550519738}, "geometry": {"type": "LineString", "coordinates": [[0.0016586000000000448, 51.4825835], [0.0016850999999998676, 51.48248199999999], [0.001715399999999926, 51.482416900000004], [0.0017375999999983314, 51.4823831], [0.001763899999998874, 51.48235019999999], [0.0019136000000004774, 51.482213], [0.002503199999997867, 51.481647599999995], [0.002611300000000134, 51.48154389999998], [0.0030160999999976354, 51.481153899999995], [0.0031328999999993955, 51.4810413]]}}, {"type": "Feature", "properties": {"u": 317, "v": 308, "key": 0, "length": 158.1, "length_raw": 14805401.637696918}, "geometry": {"type": "LineString", "coordinates": [[0.0016586000000000448, 51.4825835], [0.0016374999999994688, 51.48264910000001], [0.0016196999999987416, 51.48270909999999], [0.0015908999999986507, 51.48279809999999], [0.0015833999999988134, 51.48281909999999], [0.0015202000000008999, 51.482961100000004], [0.0014625000000004814, 51.4830893], [0.001398999999997883, 51.4832218], [0.0013222000000008211, 51.48335110000001], [0.0012232999999996267, 51.483488], [0.001078200000000945, 51.48367910000001], [0.0010086999999996695, 51.48377079999999], [0.000982899999999116, 51.483804199999994], [0.0009601000000008827, 51.48383549999999], [0.0008961999999993267, 51.4839167]]}}, {"type": "Feature", "properties": {"u": 318, "v": 324, "key": 0, "length": 94.9, "length_raw": 10340414.789553203}, "geometry": {"type": "LineString", "coordinates": [[0.0019009999975324017, 51.484295150001316], [0.001918399999999101, 51.484301699999996], [0.002010899999998685, 51.48433579999999], [0.0021085999999982358, 51.48436689999998], [0.0021689000000004264, 51.484386300000004], [0.00222609999999847, 51.484404699999985], [0.002435600000000685, 51.48447259999999], [0.00276310000000034, 51.48457929999999], [0.003023600000000256, 51.4846624], [0.0031145499425199747, 51.484691800036266]]}}, {"type": "Feature", "properties": {"u": 318, "v": 308, "key": 0, "length": 81.3, "length_raw": 6681679.007896223}, "geometry": {"type": "LineString", "coordinates": [[0.0019009999975324017, 51.484295150001316], [0.0018835999999979476, 51.48428859999998], [0.0018022999999989953, 51.4842575], [0.0014727999999981907, 51.48413250000001], [0.0014226999999994365, 51.48411329999999], [0.0013453999999996024, 51.484084900000006], [0.0011133000000008199, 51.483997800000004], [0.0010509999999986726, 51.48397359999999], [0.0009860999999987286, 51.483949499999994], [0.0009608999999999908, 51.48394], [0.0008961999999993267, 51.4839167]]}}, {"type": "Feature", "properties": {"u": 319, "v": 313, "key": 0, "length": 123.3, "length_raw": 11579419.958762057}, "geometry": {"type": "LineString", "coordinates": [[0.018859521613557178, 51.47689272676654], [0.01897499999999912, 51.476694099999996], [0.018880800000000687, 51.4766121], [0.01882199999999926, 51.476561499999995], [0.01879849999999977, 51.47654159999999], [0.018760399999997575, 51.4765086], [0.018659100000001042, 51.4764096], [0.018476599999998643, 51.4762311], [0.01818203504053393, 51.475944654356766]]}}, {"type": "Feature", "properties": {"u": 319, "v": 328, "key": 0, "length": 192.9, "length_raw": 5588002.772331034}, "geometry": {"type": "LineString", "coordinates": [[0.018859521613557178, 51.47689272676654], [0.018536999999999478, 51.476963], [0.018283600000000046, 51.4769844], [0.018012300000000443, 51.477017499999995], [0.017530299999999367, 51.4770793], [0.017110699999997894, 51.4771255], [0.01676230000000052, 51.47715770000001], [0.01641109999999971, 51.4771868], [0.016125100000000347, 51.47720460000001]]}}, {"type": "Feature", "properties": {"u": 321, "v": 322, "key": 0, "length": 164.4, "length_raw": 16677337.16220645}, "geometry": {"type": "LineString", "coordinates": [[-0.04439943676621626, 51.490047054193894], [-0.04451629999999966, 51.489916599999994], [-0.04466760000000028, 51.489734899999995], [-0.04476100000000079, 51.48961250000001], [-0.04492190000000104, 51.4894016], [-0.04491390000000042, 51.48932869999999], [-0.04483970000000076, 51.489195599999995], [-0.04464530000000084, 51.488921099999985], [-0.044488900000000095, 51.488700300000005]]}}, {"type": "Feature", "properties": {"u": 321, "v": 117, "key": 0, "length": 281.7, "length_raw": 6654979.72487262}, "geometry": {"type": "LineString", "coordinates": [[-0.04439943676621626, 51.490047054193894], [-0.04453539999999948, 51.4901562], [-0.04459419999999932, 51.4902161], [-0.04464340000000112, 51.49027519999999], [-0.04467890000000154, 51.490314899999994], [-0.04471510000000004, 51.490358699999994], [-0.04473589999999951, 51.4903871], [-0.044777000000000844, 51.490450499999994], [-0.044914400000000805, 51.4906996], [-0.044962100000001046, 51.4907977], [-0.045028700000000636, 51.49095169999999], [-0.045089399999999794, 51.4910921], [-0.045136000000001404, 51.49121290000001], [-0.04521010000000004, 51.49138489999999], [-0.045256200000001266, 51.4914966], [-0.045293200000000464, 51.4915445], [-0.045360799999999236, 51.4916117], [-0.045845502026984127, 51.49239933731716]]}}, {"type": "Feature", "properties": {"u": 322, "v": 323, "key": 0, "length": 168.1, "length_raw": 10123029.501653954}, "geometry": {"type": "LineString", "coordinates": [[-0.044488900000000095, 51.488700300000005], [-0.044414700000000036, 51.4886123], [-0.04404690000000054, 51.488176599999996], [-0.04374850000000009, 51.487823], [-0.04373050000000088, 51.48780169999999], [-0.04350720000000024, 51.48753719999999], [-0.04335910000000043, 51.4873617]]}}, {"type": "Feature", "properties": {"u": 322, "v": 321, "key": 0, "length": 164.4, "length_raw": 16677337.16220645}, "geometry": {"type": "LineString", "coordinates": [[-0.044488900000000095, 51.488700300000005], [-0.04464530000000084, 51.488921099999985], [-0.04483970000000076, 51.489195599999995], [-0.04491390000000042, 51.48932869999999], [-0.04492190000000104, 51.4894016], [-0.04476100000000079, 51.48961250000001], [-0.04466760000000028, 51.489734899999995], [-0.04451629999999966, 51.489916599999994], [-0.04439943676621626, 51.490047054193894]]}}, {"type": "Feature", "properties": {"u": 323, "v": 355, "key": 0, "length": 113.1, "length_raw": 11347455.51864241}, "geometry": {"type": "LineString", "coordinates": [[-0.04335910000000043, 51.4873617], [-0.043259800000000674, 51.4872076], [-0.04307539999999935, 51.48692140000001], [-0.04285810000000096, 51.486584099999995], [-0.042810900000001505, 51.486510899999985], [-0.04275060000000091, 51.48641729999999]]}}, {"type": "Feature", "properties": {"u": 323, "v": 322, "key": 0, "length": 168.1, "length_raw": 10123029.501653954}, "geometry": {"type": "LineString", "coordinates": [[-0.04335910000000043, 51.4873617], [-0.04350720000000024, 51.48753719999999], [-0.04373050000000088, 51.48780169999999], [-0.04374850000000009, 51.487823], [-0.04404690000000054, 51.488176599999996], [-0.044414700000000036, 51.4886123], [-0.044488900000000095, 51.488700300000005]]}}, {"type": "Feature", "properties": {"u": 324, "v": 325, "key": 0, "length": 94.6, "length_raw": 7273463.403465738}, "geometry": {"type": "LineString", "coordinates": [[0.0031145499425199747, 51.484691800036266], [0.003205500000000445, 51.484721199999996], [0.003265000000000347, 51.48474000000001], [0.0036795999999995445, 51.4848739], [0.003769700000000214, 51.4849013], [0.004091000000000719, 51.4849913], [0.0041663999999992435, 51.48501410000001], [0.004340399999999047, 51.485066499999995]]}}, {"type": "Feature", "properties": {"u": 324, "v": 318, "key": 0, "length": 94.9, "length_raw": 10340414.789553203}, "geometry": {"type": "LineString", "coordinates": [[0.0031145499425199747, 51.484691800036266], [0.003023600000000256, 51.4846624], [0.00276310000000034, 51.48457929999999], [0.002435600000000685, 51.48447259999999], [0.00222609999999847, 51.484404699999985], [0.0021689000000004264, 51.484386300000004], [0.0021085999999982358, 51.48436689999998], [0.002010899999998685, 51.48433579999999], [0.001918399999999101, 51.484301699999996], [0.0019009999975324017, 51.484295150001316]]}}, {"type": "Feature", "properties": {"u": 325, "v": 324, "key": 0, "length": 94.6, "length_raw": 7273463.403465738}, "geometry": {"type": "LineString", "coordinates": [[0.004340399999999047, 51.485066499999995], [0.0041663999999992435, 51.48501410000001], [0.004091000000000719, 51.4849913], [0.003769700000000214, 51.4849013], [0.0036795999999995445, 51.4848739], [0.003265000000000347, 51.48474000000001], [0.003205500000000445, 51.484721199999996], [0.0031145499425199747, 51.484691800036266]]}}, {"type": "Feature", "properties": {"u": 325, "v": 232, "key": 0, "length": 196.8, "length_raw": 3596668.5198943214}, "geometry": {"type": "LineString", "coordinates": [[0.004340399999999047, 51.485066499999995], [0.004474799999999472, 51.48510549999998], [0.0046573999999989305, 51.485149199999995], [0.004725799999999594, 51.48516239999999], [0.004789800000000193, 51.48517379999999], [0.0049886999999980254, 51.48520819999999], [0.0053084000000007125, 51.485263200000006], [0.007012841126914194, 51.48566532614848]]}}, {"type": "Feature", "properties": {"u": 326, "v": 232, "key": 0, "length": 172.0, "length_raw": 17425612.278941046}, "geometry": {"type": "LineString", "coordinates": [[0.007516900000000519, 51.487174100000004], [0.007492899999999847, 51.48704349999999], [0.007480099999999408, 51.487001199999995], [0.007467699999999121, 51.48696029999999], [0.007413100000000464, 51.4868154], [0.007353100000000573, 51.486642], [0.00730969999999897, 51.486519099999995], [0.00728040000000048, 51.48638720000001], [0.007264700000000343, 51.486229599999994], [0.0072663999999991935, 51.4861864], [0.007012841126914194, 51.48566532614848]]}}, {"type": "Feature", "properties": {"u": 326, "v": 150, "key": 0, "length": 210.8, "length_raw": 14860997.433863694}, "geometry": {"type": "LineString", "coordinates": [[0.007516900000000519, 51.487174100000004], [0.0075247000000006675, 51.4872912], [0.007522899999999196, 51.487483399999995], [0.0075361999999996225, 51.4875933], [0.0075567999999998125, 51.4876897], [0.0076217999999988, 51.48781079999999], [0.007640700000000537, 51.487847699999996], [0.007923900000000438, 51.48837859999999], [0.008403909176760163, 51.48895879491674]]}}, {"type": "Feature", "properties": {"u": 327, "v": 232, "key": 0, "length": 181.0, "length_raw": 9110748.611254541}, "geometry": {"type": "LineString", "coordinates": [[0.008328150376490824, 51.48437780002549], [0.008246699999999718, 51.484601], [0.008154399999999812, 51.4848156], [0.00801410000000015, 51.4851432], [0.007965500000001364, 51.48525680000001], [0.007012841126914194, 51.48566532614848]]}}, {"type": "Feature", "properties": {"u": 327, "v": 391, "key": 0, "length": 87.6, "length_raw": 9525755.92536591}, "geometry": {"type": "LineString", "coordinates": [[0.008328150376490824, 51.48437780002549], [0.008409599999999524, 51.48415459999999], [0.008468999999999985, 51.483971700000005], [0.008560100000000632, 51.48369829999999], [0.008572499999998534, 51.48365209999999], [0.008576999999998437, 51.483606]]}}, {"type": "Feature", "properties": {"u": 328, "v": 319, "key": 0, "length": 192.9, "length_raw": 5588002.772331034}, "geometry": {"type": "LineString", "coordinates": [[0.016125100000000347, 51.47720460000001], [0.01641109999999971, 51.4771868], [0.01676230000000052, 51.47715770000001], [0.017110699999997894, 51.4771255], [0.017530299999999367, 51.4770793], [0.018012300000000443, 51.477017499999995], [0.018283600000000046, 51.4769844], [0.018536999999999478, 51.476963], [0.018859521613557178, 51.47689272676654]]}}, {"type": "Feature", "properties": {"u": 328, "v": 398, "key": 0, "length": 222.3, "length_raw": 2386477.7051245635}, "geometry": {"type": "LineString", "coordinates": [[0.016125100000000347, 51.47720460000001], [0.016059399999998513, 51.4772074], [0.015593599999999153, 51.477218699999995], [0.015440099999999698, 51.477216999999996], [0.015333199999999075, 51.4772106], [0.015235000000001126, 51.47720160000001], [0.015141200000000457, 51.477188299999995], [0.01489529999999927, 51.47714599999999], [0.014753599999997891, 51.477114], [0.014625799999999948, 51.477073], [0.014544999999999393, 51.47704300000001], [0.014329199999999782, 51.4769449], [0.014120799999999769, 51.47683610000001], [0.013818799999999958, 51.4766642], [0.01336059999999948, 51.476395499999995]]}}, {"type": "Feature", "properties": {"u": 329, "v": 200, "key": 0, "length": 346.4, "length_raw": 12044842.761754844}, "geometry": {"type": "LineString", "coordinates": [[-0.03413974504455902, 51.47639225065905], [-0.033869399999999446, 51.4770266], [-0.033845600000000836, 51.47706900000001], [-0.0338291000000008, 51.4771117], [-0.03382630000000094, 51.4771666], [-0.03382480000000057, 51.4771885], [-0.03383230000000081, 51.4772291], [-0.03386020000000036, 51.477288200000004], [-0.034055300000000344, 51.4775684], [-0.034061900000000436, 51.47757790000001], [-0.03423739999999942, 51.477833100000005], [-0.03432690000000065, 51.47795279999999], [-0.0344028999999994, 51.4780369], [-0.03449239999999985, 51.47809359999999], [-0.034531199999999325, 51.47810960000001], [-0.03479370000000118, 51.4782182], [-0.03490999999999898, 51.4782707], [-0.03499999999999981, 51.47833109999999], [-0.035086900000000865, 51.4784238], [-0.03517129999999999, 51.4785305], [-0.03538090000000125, 51.47881129999999], [-0.03546049999999857, 51.47891129999999], [-0.03553580000000123, 51.4789697], [-0.03578260896236594, 51.4788984432207]]}}, {"type": "Feature", "properties": {"u": 329, "v": 330, "key": 0, "length": 167.2, "length_raw": 8585233.486047393}, "geometry": {"type": "LineString", "coordinates": [[-0.03413974504455902, 51.47639225065905], [-0.034081400000000414, 51.4758356], [-0.03397530000000168, 51.4758424], [-0.033094399999999954, 51.4758978], [-0.03257728555823049, 51.47583738702736]]}}, {"type": "Feature", "properties": {"u": 330, "v": 464, "key": 0, "length": 143.1, "length_raw": 14913512.030766582}, "geometry": {"type": "LineString", "coordinates": [[-0.03257728555823049, 51.47583738702736], [-0.03199390000000077, 51.475885599999984], [-0.03187240000000062, 51.4758768], [-0.03175340000000002, 51.4758674], [-0.03154940000000126, 51.475846999999995], [-0.03132570000000047, 51.475820299999995], [-0.030904800000000694, 51.4757625], [-0.030803200000001467, 51.475747099999985], [-0.03057101988402643, 51.47566780499416]]}}, {"type": "Feature", "properties": {"u": 330, "v": 557, "key": 0, "length": 85.4, "length_raw": 8836609.534113135}, "geometry": {"type": "LineString", "coordinates": [[-0.03257728555823049, 51.47583738702736], [-0.032790699999999305, 51.47571630000001], [-0.03278779999999961, 51.47519969999999], [-0.03279010000000027, 51.47517369999999], [-0.03280409999999918, 51.4751534], [-0.032830400000000516, 51.4751368]]}}, {"type": "Feature", "properties": {"u": 331, "v": 145, "key": 0, "length": 205.0, "length_raw": 11476960.197159119}, "geometry": {"type": "LineString", "coordinates": [[0.005033100000000402, 51.509858799999996], [0.004949999999999183, 51.50985969999999], [0.004314899999999203, 51.50986669999999], [0.0038305999999998473, 51.50989679999999], [0.0033833000000004845, 51.50993559999999], [0.003302700000000404, 51.5099492], [0.0032750999999975835, 51.50995379999999], [0.0030038999999990133, 51.50999959999999], [0.0029419000000015507, 51.5100097], [0.0026792999999974663, 51.51005219999999], [0.0023997999999999507, 51.51011359999999], [0.002162100000001051, 51.5102072]]}}, {"type": "Feature", "properties": {"u": 332, "v": 333, "key": 0, "length": 226.7, "length_raw": 16595736.721771903}, "geometry": {"type": "LineString", "coordinates": [[-0.02978129608822945, 51.52121064261521], [-0.027912800000001185, 51.52082130000001], [-0.027781900000000286, 51.52080759999999], [-0.027669500000000975, 51.520799999999994], [-0.027544700000001376, 51.52079119999999], [-0.027432599999999193, 51.52078409999999], [-0.02713429999999978, 51.5207074], [-0.026933499999999843, 51.5206444], [-0.02688009999999965, 51.52062759999999], [-0.0267881999999983, 51.5205901], [-0.02670420000000092, 51.52055159999999]]}}, {"type": "Feature", "properties": {"u": 332, "v": 334, "key": 0, "length": 251.5, "length_raw": 9236423.300649963}, "geometry": {"type": "LineString", "coordinates": [[-0.02978129608822945, 51.52121064261521], [-0.03166260000000087, 51.52156139999999], [-0.03174130000000044, 51.52157029999999], [-0.03205640000000021, 51.52160820000001], [-0.03270359999999976, 51.52168340000001], [-0.03321736628795483, 51.52147614679171]]}}, {"type": "Feature", "properties": {"u": 333, "v": 332, "key": 0, "length": 226.7, "length_raw": 16595736.721771903}, "geometry": {"type": "LineString", "coordinates": [[-0.02670420000000092, 51.52055159999999], [-0.0267881999999983, 51.5205901], [-0.02688009999999965, 51.52062759999999], [-0.026933499999999843, 51.5206444], [-0.02713429999999978, 51.5207074], [-0.027432599999999193, 51.52078409999999], [-0.027544700000001376, 51.52079119999999], [-0.027669500000000975, 51.520799999999994], [-0.027781900000000286, 51.52080759999999], [-0.027912800000001185, 51.52082130000001], [-0.02978129608822945, 51.52121064261521]]}}, {"type": "Feature", "properties": {"u": 333, "v": 503, "key": 0, "length": 78.5, "length_raw": 5756957.129479796}, "geometry": {"type": "LineString", "coordinates": [[-0.02670420000000092, 51.52055159999999], [-0.026206900000000255, 51.520326399999995], [-0.026106600000000126, 51.5202786], [-0.02607100000000026, 51.5202627], [-0.026018399999999973, 51.52023919999999], [-0.025971999999999627, 51.52021839999999], [-0.02587310000000082, 51.52017920000001], [-0.02577979999999974, 51.5201422]]}}, {"type": "Feature", "properties": {"u": 334, "v": 180, "key": 0, "length": 184.3, "length_raw": 15436372.61070819}, "geometry": {"type": "LineString", "coordinates": [[-0.03321736628795483, 51.52147614679171], [-0.03275480000000033, 51.520909700000004], [-0.032589800000000724, 51.5207997], [-0.032433000000001815, 51.52069519999999], [-0.03239390000000203, 51.520669099999985], [-0.032354500000001535, 51.5206429], [-0.03234080000000016, 51.52063259999999], [-0.031898500000002675, 51.52030069999999], [-0.031692899999999344, 51.5201314]]}}, {"type": "Feature", "properties": {"u": 334, "v": 332, "key": 0, "length": 251.5, "length_raw": 9236423.300649963}, "geometry": {"type": "LineString", "coordinates": [[-0.03321736628795483, 51.52147614679171], [-0.03270359999999976, 51.52168340000001], [-0.03205640000000021, 51.52160820000001], [-0.03174130000000044, 51.52157029999999], [-0.03166260000000087, 51.52156139999999], [-0.02978129608822945, 51.52121064261521]]}}, {"type": "Feature", "properties": {"u": 335, "v": 224, "key": 0, "length": 175.3, "length_raw": 13669897.062249951}, "geometry": {"type": "LineString", "coordinates": [[-0.013036800029183799, 51.47546925000447], [-0.01306689999999941, 51.475426000000006], [-0.013205300000002133, 51.475249299999994], [-0.013350400000000815, 51.475057199999995], [-0.013561600000000687, 51.4747916], [-0.013662000000001848, 51.47467420000001], [-0.013876200000000066, 51.4744366], [-0.013989199999999601, 51.47431970000001], [-0.014252094855962906, 51.474089509058054]]}}, {"type": "Feature", "properties": {"u": 335, "v": 307, "key": 0, "length": 79.8, "length_raw": 8630950.363563504}, "geometry": {"type": "LineString", "coordinates": [[-0.013036800029183799, 51.47546925000447], [-0.013006700000000239, 51.4755125], [-0.012968100000001235, 51.4755884], [-0.012916599999999568, 51.4757326], [-0.012837500000000649, 51.4759638], [-0.012768299999999684, 51.4761663]]}}, {"type": "Feature", "properties": {"u": 336, "v": 273, "key": 0, "length": 67.8, "length_raw": 5185745.943256347}, "geometry": {"type": "LineString", "coordinates": [[-0.03204619999999995, 51.5169093], [-0.0316431000000013, 51.5171834], [-0.031587500000000275, 51.517221299999996], [-0.031485199999999, 51.517326], [-0.03138214998685509, 51.51732100004511]]}}, {"type": "Feature", "properties": {"u": 336, "v": 338, "key": 0, "length": 114.0, "length_raw": 10276694.151605006}, "geometry": {"type": "LineString", "coordinates": [[-0.03204619999999995, 51.5169093], [-0.03225970000000049, 51.5167652], [-0.03233909999999893, 51.5167115], [-0.03239740000000036, 51.516672099999994], [-0.032874800000000905, 51.5163498], [-0.0329774000000009, 51.516276099999985], [-0.03304090000000072, 51.516227699999995], [-0.033068250066436385, 51.516124650004926]]}}, {"type": "Feature", "properties": {"u": 337, "v": 273, "key": 0, "length": 69.6, "length_raw": 5637350.252380897}, "geometry": {"type": "LineString", "coordinates": [[-0.03237259999999859, 51.5174247], [-0.03211610000000018, 51.517394200000005], [-0.031719399999999565, 51.51733999999999], [-0.03167090000000022, 51.517334899999994], [-0.031485199999999, 51.517326], [-0.03138214998685509, 51.51732100004511]]}}, {"type": "Feature", "properties": {"u": 337, "v": 261, "key": 0, "length": 274.7, "length_raw": 15250346.587201446}, "geometry": {"type": "LineString", "coordinates": [[-0.03237259999999859, 51.5174247], [-0.03251639999999977, 51.51744329999999], [-0.03257479999999946, 51.5174534], [-0.03276120000000074, 51.5175035], [-0.033579900000000155, 51.5177708], [-0.03380179999999869, 51.5178657], [-0.03395300000000105, 51.51793889999999], [-0.03399400000000056, 51.5179587], [-0.03409510000000099, 51.518010800000006], [-0.034180100000001136, 51.51805869999999], [-0.03418839999999968, 51.51806349999999], [-0.03420860000000012, 51.518074999999996], [-0.03423840000000098, 51.51809209999999], [-0.03443320000000105, 51.51820349999999], [-0.03457310000000096, 51.51828159999999], [-0.034790700000000056, 51.51840310000001], [-0.034818899999999924, 51.5184188], [-0.03484850000000032, 51.5184311], [-0.0349656, 51.5184799], [-0.0351827000000003, 51.5185489], [-0.03527599999999979, 51.5185631], [-0.03534900000000218, 51.5185587], [-0.035398600000001744, 51.51855319999998], [-0.0357202008257974, 51.51843440045564]]}}, {"type": "Feature", "properties": {"u": 338, "v": 347, "key": 0, "length": 99.2, "length_raw": 10713508.368588304}, "geometry": {"type": "LineString", "coordinates": [[-0.033068250066436385, 51.516124650004926], [-0.0330956000000008, 51.51602160000001], [-0.03314860000000005, 51.5158879], [-0.03318880000000045, 51.5158171], [-0.03319979999999942, 51.5158022], [-0.03323550000000111, 51.51572269999998], [-0.033299200000000605, 51.515610999999986], [-0.033353300000000065, 51.51550000000001], [-0.033355400000001055, 51.515467599999994], [-0.03334949999999903, 51.515426899999994], [-0.033301200000000954, 51.51526179999998]]}}, {"type": "Feature", "properties": {"u": 338, "v": 336, "key": 0, "length": 114.0, "length_raw": 10276694.151605006}, "geometry": {"type": "LineString", "coordinates": [[-0.033068250066436385, 51.516124650004926], [-0.03304090000000072, 51.516227699999995], [-0.0329774000000009, 51.516276099999985], [-0.032874800000000905, 51.5163498], [-0.03239740000000036, 51.516672099999994], [-0.03233909999999893, 51.5167115], [-0.03225970000000049, 51.5167652], [-0.03204619999999995, 51.5169093]]}}, {"type": "Feature", "properties": {"u": 339, "v": 340, "key": 0, "length": 96.9, "length_raw": 9769381.276482213}, "geometry": {"type": "LineString", "coordinates": [[-0.0064029963109393, 51.471414543875106], [-0.006613700000000946, 51.4715813], [-0.007597399999999965, 51.47182529999999]]}}, {"type": "Feature", "properties": {"u": 339, "v": 223, "key": 0, "length": 138.7, "length_raw": 13699763.093911137}, "geometry": {"type": "LineString", "coordinates": [[-0.0064029963109393, 51.471414543875106], [-0.006193700000000117, 51.4714488], [-0.006162399999999683, 51.471501399999994], [-0.0060887000000019965, 51.471628499999994], [-0.006025000000000913, 51.4717275], [-0.005966600000000431, 51.471799], [-0.005903600000000605, 51.47187], [-0.005864099999998679, 51.4719149], [-0.005717199999998922, 51.472065900000004], [-0.005596699999999946, 51.4721836], [-0.005555599999999804, 51.4722238], [-0.005369383552504706, 51.4724317809666]]}}, {"type": "Feature", "properties": {"u": 339, "v": 341, "key": 0, "length": 132.7, "length_raw": 12776396.824123628}, "geometry": {"type": "LineString", "coordinates": [[-0.0064029963109393, 51.471414543875106], [-0.0063560000000008905, 51.47121109999999], [-0.006375900000001412, 51.47117800000001], [-0.006621799999999817, 51.4708239], [-0.006663500000000979, 51.470766999999995], [-0.007003399999998934, 51.47030900000001]]}}, {"type": "Feature", "properties": {"u": 340, "v": 339, "key": 0, "length": 96.9, "length_raw": 9769381.276482213}, "geometry": {"type": "LineString", "coordinates": [[-0.007597399999999965, 51.47182529999999], [-0.006613700000000946, 51.4715813], [-0.0064029963109393, 51.471414543875106]]}}, {"type": "Feature", "properties": {"u": 340, "v": 342, "key": 0, "length": 69.0, "length_raw": 7405634.181151683}, "geometry": {"type": "LineString", "coordinates": [[-0.007597399999999965, 51.47182529999999], [-0.008402399999999997, 51.4720171], [-0.008494000000001431, 51.472041999999995], [-0.008525099993975832, 51.47205065000404]]}}, {"type": "Feature", "properties": {"u": 341, "v": 339, "key": 0, "length": 132.7, "length_raw": 12776396.824123628}, "geometry": {"type": "LineString", "coordinates": [[-0.007003399999998934, 51.47030900000001], [-0.006663500000000979, 51.470766999999995], [-0.006621799999999817, 51.4708239], [-0.006375900000001412, 51.47117800000001], [-0.0063560000000008905, 51.47121109999999], [-0.0064029963109393, 51.471414543875106]]}}, {"type": "Feature", "properties": {"u": 342, "v": 443, "key": 0, "length": 65.9, "length_raw": 7129236.39001416}, "geometry": {"type": "LineString", "coordinates": [[-0.008525099993975832, 51.47205065000404], [-0.008494000000001431, 51.472041999999995], [-0.008503100000000279, 51.4720137], [-0.008515500000000566, 51.4719782], [-0.00862170000000033, 51.471665], [-0.008655800000001419, 51.4714799]]}}, {"type": "Feature", "properties": {"u": 342, "v": 340, "key": 0, "length": 69.0, "length_raw": 7405634.181151683}, "geometry": {"type": "LineString", "coordinates": [[-0.008525099993975832, 51.47205065000404], [-0.008494000000001431, 51.472041999999995], [-0.008402399999999997, 51.4720171], [-0.007597399999999965, 51.47182529999999]]}}, {"type": "Feature", "properties": {"u": 343, "v": 269, "key": 0, "length": 136.6, "length_raw": 11559406.218696618}, "geometry": {"type": "LineString", "coordinates": [[-0.03686420000000001, 51.50964789999998], [-0.036142100000000725, 51.50949779999999], [-0.03601450000000047, 51.50947099999999], [-0.035817200000000056, 51.509432999999994], [-0.03497620000000041, 51.50929289999999]]}}, {"type": "Feature", "properties": {"u": 343, "v": 344, "key": 0, "length": 72.8, "length_raw": 8024123.9877207745}, "geometry": {"type": "LineString", "coordinates": [[-0.03686420000000001, 51.50964789999998], [-0.03698340000000068, 51.50966879999999], [-0.036999000000000185, 51.509671399999995], [-0.03705210000000007, 51.5096797], [-0.037655500000001056, 51.509779999999985], [-0.03768780000000107, 51.509784499999995], [-0.037777299999998334, 51.50980600000001], [-0.037844099999999985, 51.509813900000005], [-0.037874700000000754, 51.50982539999999]]}}, {"type": "Feature", "properties": {"u": 344, "v": 400, "key": 0, "length": 182.2, "length_raw": 9770896.646564167}, "geometry": {"type": "LineString", "coordinates": [[-0.037874700000000754, 51.50982539999999], [-0.03788729999999992, 51.509861999999984], [-0.03789210000000212, 51.50988829999999], [-0.03789310000000051, 51.50990489999999], [-0.03786110000000041, 51.5100765], [-0.03781570000000004, 51.5104927], [-0.03781720000000001, 51.5105185], [-0.03782210000000086, 51.5105406], [-0.037832299999999125, 51.51055709999999], [-0.03784720000000135, 51.510568799999994], [-0.03787499999999987, 51.5105835], [-0.03790190000000143, 51.5105914], [-0.03795029999999975, 51.5105956], [-0.03800389999999922, 51.510596199999995], [-0.03801709999999981, 51.5105967], [-0.038081699999999837, 51.5105986], [-0.03837780000000041, 51.5106123], [-0.038636500000000844, 51.5106242], [-0.03905810000000029, 51.510637499999994], [-0.03925859999999872, 51.510642600000004]]}}, {"type": "Feature", "properties": {"u": 344, "v": 343, "key": 0, "length": 72.8, "length_raw": 8024123.9877207745}, "geometry": {"type": "LineString", "coordinates": [[-0.037874700000000754, 51.50982539999999], [-0.037844099999999985, 51.509813900000005], [-0.037777299999998334, 51.50980600000001], [-0.03768780000000107, 51.509784499999995], [-0.037655500000001056, 51.509779999999985], [-0.03705210000000007, 51.5096797], [-0.036999000000000185, 51.509671399999995], [-0.03698340000000068, 51.50966879999999], [-0.03686420000000001, 51.50964789999998]]}}, {"type": "Feature", "properties": {"u": 345, "v": 346, "key": 0, "length": 122.9, "length_raw": 12898637.665215079}, "geometry": {"type": "LineString", "coordinates": [[-0.022647303861210177, 51.47746417647377], [-0.02268870000000214, 51.4776412], [-0.022728900000000555, 51.47776809999999], [-0.022773200000000705, 51.477908], [-0.02275679999999971, 51.4779579], [-0.022789800000000585, 51.478079599999994], [-0.022833499999999715, 51.478209199999995], [-0.022883500000000223, 51.4783583], [-0.02289530000000068, 51.478397900000004], [-0.02293440000000007, 51.4785506]]}}, {"type": "Feature", "properties": {"u": 345, "v": 1, "key": 0, "length": 139.0, "length_raw": 14538208.776536895}, "geometry": {"type": "LineString", "coordinates": [[-0.022647303861210177, 51.47746417647377], [-0.022605900000000834, 51.4773799], [-0.022528299999999894, 51.4773476], [-0.022510700000000435, 51.4772696], [-0.022492299999999882, 51.47715029999999], [-0.022473600000000208, 51.4769553], [-0.022474900000000495, 51.47687429999999], [-0.022501699999999836, 51.476740599999985], [-0.022577599999999937, 51.4765469], [-0.02261120000000104, 51.47648110000001], [-0.022623800000000607, 51.4764581], [-0.02263270000000057, 51.47644170000001], [-0.022641700000000774, 51.47642410000001], [-0.0226755999999998, 51.4763762], [-0.022796900000000668, 51.47629220000001]]}}, {"type": "Feature", "properties": {"u": 346, "v": 345, "key": 0, "length": 122.9, "length_raw": 12898637.665215079}, "geometry": {"type": "LineString", "coordinates": [[-0.02293440000000007, 51.4785506], [-0.02289530000000068, 51.478397900000004], [-0.022883500000000223, 51.4783583], [-0.022833499999999715, 51.478209199999995], [-0.022789800000000585, 51.478079599999994], [-0.02275679999999971, 51.4779579], [-0.022773200000000705, 51.477908], [-0.022728900000000555, 51.47776809999999], [-0.02268870000000214, 51.4776412], [-0.022647303861210177, 51.47746417647377]]}}, {"type": "Feature", "properties": {"u": 346, "v": 396, "key": 0, "length": 101.4, "length_raw": 11213771.102798995}, "geometry": {"type": "LineString", "coordinates": [[-0.02293440000000007, 51.4785506], [-0.023001199999999736, 51.478854999999996], [-0.023003200000000886, 51.47891899999999], [-0.023011399999999196, 51.479189], [-0.023011800000000936, 51.47920409999999], [-0.02301260000000044, 51.479227999999985], [-0.023014399999999928, 51.47927279999999], [-0.0230117500265668, 51.47945940000275]]}}, {"type": "Feature", "properties": {"u": 347, "v": 338, "key": 0, "length": 99.2, "length_raw": 10713508.368588304}, "geometry": {"type": "LineString", "coordinates": [[-0.033301200000000954, 51.51526179999998], [-0.03334949999999903, 51.515426899999994], [-0.033355400000001055, 51.515467599999994], [-0.033353300000000065, 51.51550000000001], [-0.033299200000000605, 51.515610999999986], [-0.03323550000000111, 51.51572269999998], [-0.03319979999999942, 51.5158022], [-0.03318880000000045, 51.5158171], [-0.03314860000000005, 51.5158879], [-0.0330956000000008, 51.51602160000001], [-0.033068250066436385, 51.516124650004926]]}}, {"type": "Feature", "properties": {"u": 347, "v": 348, "key": 0, "length": 76.6, "length_raw": 8299456.692149818}, "geometry": {"type": "LineString", "coordinates": [[-0.033301200000000954, 51.51526179999998], [-0.0332680000000012, 51.51515539999999], [-0.03316020000000044, 51.51481], [-0.033161200000000814, 51.51474439999999], [-0.033165900000000394, 51.51472489999999], [-0.03317370000000133, 51.5146924], [-0.03324020000000029, 51.514589699999995]]}}, {"type": "Feature", "properties": {"u": 348, "v": 347, "key": 0, "length": 76.6, "length_raw": 8299456.692149818}, "geometry": {"type": "LineString", "coordinates": [[-0.03324020000000029, 51.514589699999995], [-0.03317370000000133, 51.5146924], [-0.033165900000000394, 51.51472489999999], [-0.033161200000000814, 51.51474439999999], [-0.03316020000000044, 51.51481], [-0.0332680000000012, 51.51515539999999], [-0.033301200000000954, 51.51526179999998]]}}, {"type": "Feature", "properties": {"u": 348, "v": 235, "key": 0, "length": 74.3, "length_raw": 7433634.417231008}, "geometry": {"type": "LineString", "coordinates": [[-0.03324020000000029, 51.514589699999995], [-0.03328079999999965, 51.5145473], [-0.03341640000000092, 51.5144264], [-0.03347990000000034, 51.51436979999998], [-0.03360499999999985, 51.514297000000006], [-0.033720000000001735, 51.51425369999999], [-0.033841900000001236, 51.51423719999998], [-0.03405550000000042, 51.514217599999995]]}}, {"type": "Feature", "properties": {"u": 349, "v": 350, "key": 0, "length": 110.5, "length_raw": 11502455.310634589}, "geometry": {"type": "LineString", "coordinates": [[-0.034374699753139594, 51.491782550010775], [-0.03442400000000077, 51.492038], [-0.034441200000000484, 51.4921302], [-0.03446050000000118, 51.492241699999994], [-0.03447990000000092, 51.4923536], [-0.03454350000000017, 51.4926469], [-0.034582100000000365, 51.4927296], [-0.034638250012168706, 51.49271930001364]]}}, {"type": "Feature", "properties": {"u": 349, "v": 351, "key": 0, "length": 109.6, "length_raw": 11909769.768486686}, "geometry": {"type": "LineString", "coordinates": [[-0.034374699753139594, 51.491782550010775], [-0.034325400000001484, 51.4915271], [-0.03421210000000124, 51.49092829999999], [-0.034201999999998435, 51.490803400000004]]}}, {"type": "Feature", "properties": {"u": 350, "v": 349, "key": 0, "length": 110.5, "length_raw": 11502455.310634589}, "geometry": {"type": "LineString", "coordinates": [[-0.034638250012168706, 51.49271930001364], [-0.034582100000000365, 51.4927296], [-0.03454350000000017, 51.4926469], [-0.03447990000000092, 51.4923536], [-0.03446050000000118, 51.492241699999994], [-0.034441200000000484, 51.4921302], [-0.03442400000000077, 51.492038], [-0.034374699753139594, 51.491782550010775]]}}, {"type": "Feature", "properties": {"u": 350, "v": 192, "key": 0, "length": 92.4, "length_raw": 3440080.5447649956}, "geometry": {"type": "LineString", "coordinates": [[-0.034638250012168706, 51.49271930001364], [-0.034694400000000236, 51.492709], [-0.034882700000001245, 51.49267379999999], [-0.03559479999999955, 51.49254049999998], [-0.03591525042487523, 51.49247765044555]]}}, {"type": "Feature", "properties": {"u": 351, "v": 424, "key": 0, "length": 101.5, "length_raw": 11160315.656902274}, "geometry": {"type": "LineString", "coordinates": [[-0.034201999999998435, 51.490803400000004], [-0.03420690000000087, 51.49075619999999], [-0.034254299999999606, 51.4906223], [-0.03430150000000025, 51.4905335], [-0.03434940000000096, 51.49045799999999], [-0.034457100000000296, 51.49027949999999], [-0.03456799999999964, 51.4900733], [-0.03461125014459248, 51.489930050011644]]}}, {"type": "Feature", "properties": {"u": 351, "v": 349, "key": 0, "length": 109.6, "length_raw": 11909769.768486686}, "geometry": {"type": "LineString", "coordinates": [[-0.034201999999998435, 51.490803400000004], [-0.03421210000000124, 51.49092829999999], [-0.034325400000001484, 51.4915271], [-0.034374699753139594, 51.491782550010775]]}}, {"type": "Feature", "properties": {"u": 352, "v": 353, "key": 0, "length": 129.9, "length_raw": 14058692.534525303}, "geometry": {"type": "LineString", "coordinates": [[0.011529299999999921, 51.5146584], [0.011561899999998657, 51.5144809], [0.011599799999997995, 51.514299599999994], [0.011605199999998036, 51.5142703], [0.011614399999998314, 51.51422089999999], [0.011639300000000716, 51.5140864], [0.011648399999997974, 51.514039899999986], [0.011667100000000432, 51.513944200000005], [0.011713699999999262, 51.51365659999999], [0.011712599999999445, 51.5136239], [0.011711599999998273, 51.51359419999999], [0.011697600000001359, 51.51354990000001], [0.011663699999999153, 51.513502100000004]]}}, {"type": "Feature", "properties": {"u": 352, "v": 354, "key": 0, "length": 124.9, "length_raw": 13803647.223324573}, "geometry": {"type": "LineString", "coordinates": [[0.011529299999999921, 51.5146584], [0.011514399999998893, 51.51473389999999], [0.011479600000000522, 51.51491559999999], [0.011449400000000302, 51.515076], [0.01141669999999974, 51.5152789], [0.011385000000000348, 51.5155278], [0.01138240000000136, 51.51564], [0.011383499999999585, 51.515698300000004], [0.011389800000000562, 51.51573510000001], [0.011398400000000216, 51.51577670000001]]}}, {"type": "Feature", "properties": {"u": 353, "v": 352, "key": 0, "length": 129.9, "length_raw": 14058692.534525303}, "geometry": {"type": "LineString", "coordinates": [[0.011663699999999153, 51.513502100000004], [0.011697600000001359, 51.51354990000001], [0.011711599999998273, 51.51359419999999], [0.011712599999999445, 51.5136239], [0.011713699999999262, 51.51365659999999], [0.011667100000000432, 51.513944200000005], [0.011648399999997974, 51.514039899999986], [0.011639300000000716, 51.5140864], [0.011614399999998314, 51.51422089999999], [0.011605199999998036, 51.5142703], [0.011599799999997995, 51.514299599999994], [0.011561899999998657, 51.5144809], [0.011529299999999921, 51.5146584]]}}, {"type": "Feature", "properties": {"u": 353, "v": 36, "key": 0, "length": 129.2, "length_raw": 11218353.459134798}, "geometry": {"type": "LineString", "coordinates": [[0.011663699999999153, 51.513502100000004], [0.011635200000000168, 51.51347659999999], [0.011459200000001203, 51.5133128], [0.011311799999999868, 51.513189399999995], [0.011164499999999564, 51.513081199999995], [0.010936399999999106, 51.51295009999999], [0.010679400000000306, 51.5128205], [0.010590899999999044, 51.512775899999994], [0.01054580000000058, 51.5127579], [0.010450899999998504, 51.512725599999996], [0.010355899999999372, 51.51269310000001]]}}, {"type": "Feature", "properties": {"u": 354, "v": 352, "key": 0, "length": 124.9, "length_raw": 13803647.223324573}, "geometry": {"type": "LineString", "coordinates": [[0.011398400000000216, 51.51577670000001], [0.011389800000000562, 51.51573510000001], [0.011383499999999585, 51.515698300000004], [0.01138240000000136, 51.51564], [0.011385000000000348, 51.5155278], [0.01141669999999974, 51.5152789], [0.011449400000000302, 51.515076], [0.011479600000000522, 51.51491559999999], [0.011514399999998893, 51.51473389999999], [0.011529299999999921, 51.5146584]]}}, {"type": "Feature", "properties": {"u": 355, "v": 357, "key": 0, "length": 179.5, "length_raw": 19003102.49152027}, "geometry": {"type": "LineString", "coordinates": [[-0.04275060000000091, 51.48641729999999], [-0.04272820000000044, 51.48638179999999], [-0.04270039999999913, 51.486337600000006], [-0.04253889999999787, 51.48608080000001], [-0.04248439999999905, 51.485904999999995], [-0.04237160000000038, 51.48554119999999], [-0.04221420000000125, 51.48503600000001], [-0.042192900000001, 51.484964999999995], [-0.04213429999999924, 51.4849175], [-0.04207890000000029, 51.4848725]]}}, {"type": "Feature", "properties": {"u": 355, "v": 323, "key": 0, "length": 113.1, "length_raw": 11347455.51864241}, "geometry": {"type": "LineString", "coordinates": [[-0.04275060000000091, 51.48641729999999], [-0.042810900000001505, 51.486510899999985], [-0.04285810000000096, 51.486584099999995], [-0.04307539999999935, 51.48692140000001], [-0.043259800000000674, 51.4872076], [-0.04335910000000043, 51.4873617]]}}, {"type": "Feature", "properties": {"u": 356, "v": 298, "key": 0, "length": 128.3, "length_raw": 12992867.760083897}, "geometry": {"type": "LineString", "coordinates": [[-0.05451009337654247, 51.505691806707716], [-0.05477220000000041, 51.505326399999994], [-0.05513750000000035, 51.50507400000001], [-0.05532190000000049, 51.504972], [-0.05562650000000048, 51.504793199999995]]}}, {"type": "Feature", "properties": {"u": 356, "v": 58, "key": 0, "length": 182.3, "length_raw": 16897463.93606041}, "geometry": {"type": "LineString", "coordinates": [[-0.05451009337654247, 51.505691806707716], [-0.05441670000000096, 51.50608580000001], [-0.05445420000000054, 51.5062152], [-0.05446020000000002, 51.5062311], [-0.05451659999999895, 51.5063816], [-0.0546811999999996, 51.50682050000001], [-0.05489555675864029, 51.50729012928777]]}}, {"type": "Feature", "properties": {"u": 356, "v": 493, "key": 0, "length": 202.2, "length_raw": 4522688.770334837}, "geometry": {"type": "LineString", "coordinates": [[-0.05451009337654247, 51.505691806707716], [-0.05441670000000096, 51.50608580000001], [-0.05433329999999983, 51.50610170000001], [-0.0542674000000007, 51.50611419999999], [-0.05385429999999988, 51.5061927], [-0.05366260000000118, 51.50622969999999], [-0.053489899999998876, 51.5062631], [-0.053322999999999954, 51.506319299999994], [-0.0530653000000007, 51.5064362], [-0.052852199999999114, 51.5065501], [-0.052702900000000844, 51.50663], [-0.05245590000000063, 51.5067621]]}}, {"type": "Feature", "properties": {"u": 357, "v": 360, "key": 0, "length": 228.9, "length_raw": 9356259.87201591}, "geometry": {"type": "LineString", "coordinates": [[-0.04207890000000029, 51.4848725], [-0.04201940000000039, 51.48493319999999], [-0.041923499999999524, 51.48498159999999], [-0.04174190000000044, 51.4850163], [-0.04164970000000077, 51.4850257], [-0.04134599999999972, 51.48505829999999], [-0.041245900000000064, 51.485069199999984], [-0.04115070000000166, 51.48507889999999], [-0.04029020000000044, 51.4851673], [-0.039836199999999954, 51.48522890000001], [-0.03947449999999977, 51.4852974], [-0.038966497926089555, 51.48544843209095]]}}, {"type": "Feature", "properties": {"u": 357, "v": 361, "key": 0, "length": 65.7, "length_raw": 6661240.013929814}, "geometry": {"type": "LineString", "coordinates": [[-0.04207890000000029, 51.4848725], [-0.04208349999999884, 51.4848562], [-0.04208649999999957, 51.48484539999999], [-0.042093899999999566, 51.48481929999999], [-0.04217109999999916, 51.4845445], [-0.04217310000000071, 51.4845375], [-0.04220950000000087, 51.484475199999984], [-0.04226840000000095, 51.48442299999998], [-0.0423156000000016, 51.484378799999995], [-0.04240310000000089, 51.484338699999995]]}}, {"type": "Feature", "properties": {"u": 357, "v": 355, "key": 0, "length": 179.5, "length_raw": 19003102.49152027}, "geometry": {"type": "LineString", "coordinates": [[-0.04207890000000029, 51.4848725], [-0.04213429999999924, 51.4849175], [-0.042192900000001, 51.484964999999995], [-0.04221420000000125, 51.48503600000001], [-0.04237160000000038, 51.48554119999999], [-0.04248439999999905, 51.485904999999995], [-0.04253889999999787, 51.48608080000001], [-0.04270039999999913, 51.486337600000006], [-0.04272820000000044, 51.48638179999999], [-0.04275060000000091, 51.48641729999999]]}}, {"type": "Feature", "properties": {"u": 358, "v": 359, "key": 0, "length": 196.4, "length_raw": 7959734.8738827715}, "geometry": {"type": "LineString", "coordinates": [[-0.04776203115061863, 51.51135860775551], [-0.048415200000000734, 51.511284200000006], [-0.049052799999999064, 51.51122910000001], [-0.04961129999999968, 51.511181199999996], [-0.050059400000001725, 51.511142799999995], [-0.050174800000000574, 51.5111316], [-0.05056506192796411, 51.51108736108066]]}}, {"type": "Feature", "properties": {"u": 358, "v": 94, "key": 0, "length": 274.1, "length_raw": 9634152.101522863}, "geometry": {"type": "LineString", "coordinates": [[-0.04776203115061863, 51.51135860775551], [-0.04708300000000053, 51.51143729999999], [-0.04688510000000068, 51.51145979999999], [-0.046719200000000544, 51.5114735], [-0.04648530000000108, 51.51148269999999], [-0.04627800000000089, 51.5114914], [-0.04592690000000031, 51.511502500000006], [-0.0457846000000003, 51.51150479999999], [-0.04382033294186284, 51.511554582487]]}}, {"type": "Feature", "properties": {"u": 359, "v": 300, "key": 0, "length": 198.6, "length_raw": 458675.3761956389}, "geometry": {"type": "LineString", "coordinates": [[-0.05056506192796411, 51.51108736108066], [-0.05096079999999903, 51.51104209999999], [-0.05128780000000068, 51.5109997], [-0.05164680000000204, 51.510947999999985], [-0.05209970000000073, 51.510876999999994], [-0.0524476000000005, 51.51082589999999], [-0.052586800000000336, 51.510814499999995], [-0.05268929999999931, 51.5108109], [-0.05287289999999994, 51.5108057], [-0.05294350000000143, 51.510808399999995], [-0.05337732088550739, 51.51086251527121]]}}, {"type": "Feature", "properties": {"u": 360, "v": 357, "key": 0, "length": 228.9, "length_raw": 9356259.87201591}, "geometry": {"type": "LineString", "coordinates": [[-0.038966497926089555, 51.48544843209095], [-0.03947449999999977, 51.4852974], [-0.039836199999999954, 51.48522890000001], [-0.04029020000000044, 51.4851673], [-0.04115070000000166, 51.48507889999999], [-0.041245900000000064, 51.485069199999984], [-0.04134599999999972, 51.48505829999999], [-0.04164970000000077, 51.4850257], [-0.04174190000000044, 51.4850163], [-0.041923499999999524, 51.48498159999999], [-0.04201940000000039, 51.48493319999999], [-0.04207890000000029, 51.4848725]]}}, {"type": "Feature", "properties": {"u": 360, "v": 368, "key": 0, "length": 148.8, "length_raw": 11944401.819688948}, "geometry": {"type": "LineString", "coordinates": [[-0.038966497926089555, 51.48544843209095], [-0.038460500000001084, 51.4856114], [-0.037901200000000176, 51.485867299999995], [-0.03773570000000059, 51.48594179999999], [-0.037187200000001745, 51.4861931]]}}, {"type": "Feature", "properties": {"u": 361, "v": 126, "key": 0, "length": 140.0, "length_raw": 13658940.179774923}, "geometry": {"type": "LineString", "coordinates": [[-0.04240310000000089, 51.484338699999995], [-0.04234330000000028, 51.4842993], [-0.04229780000000087, 51.4842764], [-0.04217410000000029, 51.484210700000006], [-0.042070200000001196, 51.48415529999998], [-0.04197900000000031, 51.4840725], [-0.041940800000001055, 51.48403759999999], [-0.041882299999999546, 51.48395729999999], [-0.04149949999999958, 51.4833407], [-0.041484699999998785, 51.4833053], [-0.041479899999998966, 51.483279200000005], [-0.041480900000000535, 51.4832523]]}}, {"type": "Feature", "properties": {"u": 361, "v": 369, "key": 0, "length": 264.7, "length_raw": 8975755.638410542}, "geometry": {"type": "LineString", "coordinates": [[-0.04240310000000089, 51.484338699999995], [-0.04255129999999855, 51.484306], [-0.04265569999999962, 51.48428129999999], [-0.04275980000000118, 51.4842721], [-0.042987400000000855, 51.484275499999995], [-0.04363889999999945, 51.4842853], [-0.04410699999999947, 51.484288200000016], [-0.04602779999999948, 51.4843227], [-0.04620769999999931, 51.4843267]]}}, {"type": "Feature", "properties": {"u": 361, "v": 357, "key": 0, "length": 65.7, "length_raw": 6661240.013929814}, "geometry": {"type": "LineString", "coordinates": [[-0.04240310000000089, 51.484338699999995], [-0.0423156000000016, 51.484378799999995], [-0.04226840000000095, 51.48442299999998], [-0.04220950000000087, 51.484475199999984], [-0.04217310000000071, 51.4845375], [-0.04217109999999916, 51.4845445], [-0.042093899999999566, 51.48481929999999], [-0.04208649999999957, 51.48484539999999], [-0.04208349999999884, 51.4848562], [-0.04207890000000029, 51.4848725]]}}, {"type": "Feature", "properties": {"u": 362, "v": 363, "key": 0, "length": 132.7, "length_raw": 13200423.430531971}, "geometry": {"type": "LineString", "coordinates": [[-0.05407210000000144, 51.485772299999994], [-0.05402700000000059, 51.4856726], [-0.0540051000000017, 51.4856214], [-0.053989200000001486, 51.485582599999994], [-0.05375230000000209, 51.48500769999999], [-0.05368539999999981, 51.4848329], [-0.05367139999999852, 51.4847887], [-0.05366079999999931, 51.484751700000004], [-0.05365290000000091, 51.48471119999999], [-0.05365100000000119, 51.48467329999999], [-0.05365669999999956, 51.4846111]]}}, {"type": "Feature", "properties": {"u": 362, "v": 364, "key": 0, "length": 135.3, "length_raw": 13255486.437746935}, "geometry": {"type": "LineString", "coordinates": [[-0.05407210000000144, 51.485772299999994], [-0.054118999999999785, 51.485865700000005], [-0.05413400000000025, 51.4858951], [-0.0541627000000009, 51.485950800000005], [-0.054360999999999306, 51.48631160000001], [-0.05469709999999981, 51.4869247]]}}, {"type": "Feature", "properties": {"u": 363, "v": 365, "key": 0, "length": 359.5, "length_raw": 1342416.32395501}, "geometry": {"type": "LineString", "coordinates": [[-0.05365669999999956, 51.4846111], [-0.053432000000000375, 51.48459710000001], [-0.05338240000000002, 51.4845937], [-0.053317700000000544, 51.48458930000001], [-0.052983100000001206, 51.484563499999986], [-0.05278990000000054, 51.4845513], [-0.05183220000000136, 51.4844897], [-0.05007150000000091, 51.48441849999999], [-0.049726800000001146, 51.4844059], [-0.049604900000000056, 51.484403099999994], [-0.04945549999999995, 51.4843967], [-0.049415100000000274, 51.484395], [-0.04936640000000085, 51.48439389999999], [-0.04927830000000252, 51.484391899999984], [-0.04927099999999998, 51.48439170000001], [-0.04913840000000063, 51.48438849999999], [-0.04896719999999949, 51.484382399999994], [-0.04865520000000109, 51.4843745], [-0.04848120000000089, 51.4843723]]}}, {"type": "Feature", "properties": {"u": 363, "v": 366, "key": 0, "length": 127.7, "length_raw": 14202561.156250654}, "geometry": {"type": "LineString", "coordinates": [[-0.05365669999999956, 51.4846111], [-0.053673699999999984, 51.48442419999999], [-0.053676300000001356, 51.484388499999994], [-0.053680400000000315, 51.4843476], [-0.05370739999999933, 51.483789699999996], [-0.05373730000000043, 51.48346430000001]]}}, {"type": "Feature", "properties": {"u": 363, "v": 362, "key": 0, "length": 132.7, "length_raw": 13200423.430531971}, "geometry": {"type": "LineString", "coordinates": [[-0.05365669999999956, 51.4846111], [-0.05365100000000119, 51.48467329999999], [-0.05365290000000091, 51.48471119999999], [-0.05366079999999931, 51.484751700000004], [-0.05367139999999852, 51.4847887], [-0.05368539999999981, 51.4848329], [-0.05375230000000209, 51.48500769999999], [-0.053989200000001486, 51.485582599999994], [-0.0540051000000017, 51.4856214], [-0.05402700000000059, 51.4856726], [-0.05407210000000144, 51.485772299999994]]}}, {"type": "Feature", "properties": {"u": 364, "v": 362, "key": 0, "length": 135.3, "length_raw": 13255486.437746935}, "geometry": {"type": "LineString", "coordinates": [[-0.05469709999999981, 51.4869247], [-0.054360999999999306, 51.48631160000001], [-0.0541627000000009, 51.485950800000005], [-0.05413400000000025, 51.4858951], [-0.054118999999999785, 51.485865700000005], [-0.05407210000000144, 51.485772299999994]]}}, {"type": "Feature", "properties": {"u": 364, "v": 367, "key": 0, "length": 318.4, "length_raw": 16113149.023030033}, "geometry": {"type": "LineString", "coordinates": [[-0.05469709999999981, 51.4869247], [-0.05496910000000027, 51.487424000000004], [-0.055002399999998675, 51.48747620000001], [-0.05503850000000211, 51.4875249], [-0.05510690000000038, 51.4875972], [-0.05516050000000025, 51.487648499999985], [-0.05521290000000007, 51.4876919], [-0.055265899999999715, 51.4877348], [-0.05531409999999994, 51.4877679], [-0.05535440000000058, 51.487791599999994], [-0.05540430000000085, 51.48781629999999], [-0.055465500000000396, 51.48784239999999], [-0.05552990000000194, 51.48786789999998], [-0.05560289999999877, 51.4878937], [-0.05568990000000165, 51.4879195], [-0.05576259999999976, 51.4879377], [-0.05581979999999939, 51.48794970000001], [-0.05589190000000045, 51.4879625], [-0.05597010000000003, 51.4879715], [-0.05606319999999944, 51.48797750000001], [-0.05615429999999969, 51.48798], [-0.05626029999999978, 51.487979200000005], [-0.056368700000000764, 51.487976799999984], [-0.056486200000000604, 51.4879699], [-0.056560399999999074, 51.48796449999999], [-0.05667880000000024, 51.487953699999984], [-0.056849600000000035, 51.4879352], [-0.05699040000000048, 51.487919600000005], [-0.057073399999999476, 51.4879121], [-0.057145100000000386, 51.4879068], [-0.05725859999999991, 51.487898900000005], [-0.05736840000000103, 51.487891399999995], [-0.057440200000000184, 51.48788940000001], [-0.057513900000000256, 51.48789109999999], [-0.05758560000000077, 51.487895399999985], [-0.05766399999999883, 51.4879039], [-0.05771859999999987, 51.48791109999999], [-0.057777600000002566, 51.4879221], [-0.05783170000000084, 51.487936299999994], [-0.05788420000000129, 51.4879528], [-0.05795239999999989, 51.487976100000004], [-0.058005600000001996, 51.487999299999984], [-0.0580492000000001, 51.488018399999994], [-0.058098899999999495, 51.488045799999995], [-0.058127000000001906, 51.4880629], [-0.058168299999998146, 51.48809390000001], [-0.05819450000000044, 51.488116999999995]]}}, {"type": "Feature", "properties": {"u": 365, "v": 370, "key": 0, "length": 75.6, "length_raw": 7651462.441786168}, "geometry": {"type": "LineString", "coordinates": [[-0.04848120000000089, 51.4843723], [-0.04796049999999898, 51.4843558], [-0.047390499999999815, 51.484353299999995]]}}, {"type": "Feature", "properties": {"u": 365, "v": 363, "key": 0, "length": 359.5, "length_raw": 1342416.32395501}, "geometry": {"type": "LineString", "coordinates": [[-0.04848120000000089, 51.4843723], [-0.04865520000000109, 51.4843745], [-0.04896719999999949, 51.484382399999994], [-0.04913840000000063, 51.48438849999999], [-0.04927099999999998, 51.48439170000001], [-0.04927830000000252, 51.484391899999984], [-0.04936640000000085, 51.48439389999999], [-0.049415100000000274, 51.484395], [-0.04945549999999995, 51.4843967], [-0.049604900000000056, 51.484403099999994], [-0.049726800000001146, 51.4844059], [-0.05007150000000091, 51.48441849999999], [-0.05183220000000136, 51.4844897], [-0.05278990000000054, 51.4845513], [-0.052983100000001206, 51.484563499999986], [-0.053317700000000544, 51.48458930000001], [-0.05338240000000002, 51.4845937], [-0.053432000000000375, 51.48459710000001], [-0.05365669999999956, 51.4846111]]}}, {"type": "Feature", "properties": {"u": 366, "v": 390, "key": 0, "length": 84.4, "length_raw": 9392992.96061167}, "geometry": {"type": "LineString", "coordinates": [[-0.05373730000000043, 51.48346430000001], [-0.0537724000000015, 51.4827054]]}}, {"type": "Feature", "properties": {"u": 366, "v": 363, "key": 0, "length": 127.7, "length_raw": 14202561.156250654}, "geometry": {"type": "LineString", "coordinates": [[-0.05373730000000043, 51.48346430000001], [-0.05370739999999933, 51.483789699999996], [-0.053680400000000315, 51.4843476], [-0.053676300000001356, 51.484388499999994], [-0.053673699999999984, 51.48442419999999], [-0.05365669999999956, 51.4846111]]}}, {"type": "Feature", "properties": {"u": 367, "v": 364, "key": 0, "length": 318.4, "length_raw": 16113149.023030033}, "geometry": {"type": "LineString", "coordinates": [[-0.05819450000000044, 51.488116999999995], [-0.058168299999998146, 51.48809390000001], [-0.058127000000001906, 51.4880629], [-0.058098899999999495, 51.488045799999995], [-0.0580492000000001, 51.488018399999994], [-0.058005600000001996, 51.487999299999984], [-0.05795239999999989, 51.487976100000004], [-0.05788420000000129, 51.4879528], [-0.05783170000000084, 51.487936299999994], [-0.057777600000002566, 51.4879221], [-0.05771859999999987, 51.48791109999999], [-0.05766399999999883, 51.4879039], [-0.05758560000000077, 51.487895399999985], [-0.057513900000000256, 51.48789109999999], [-0.057440200000000184, 51.48788940000001], [-0.05736840000000103, 51.487891399999995], [-0.05725859999999991, 51.487898900000005], [-0.057145100000000386, 51.4879068], [-0.057073399999999476, 51.4879121], [-0.05699040000000048, 51.487919600000005], [-0.056849600000000035, 51.4879352], [-0.05667880000000024, 51.487953699999984], [-0.056560399999999074, 51.48796449999999], [-0.056486200000000604, 51.4879699], [-0.056368700000000764, 51.487976799999984], [-0.05626029999999978, 51.487979200000005], [-0.05615429999999969, 51.48798], [-0.05606319999999944, 51.48797750000001], [-0.05597010000000003, 51.4879715], [-0.05589190000000045, 51.4879625], [-0.05581979999999939, 51.48794970000001], [-0.05576259999999976, 51.4879377], [-0.05568990000000165, 51.4879195], [-0.05560289999999877, 51.4878937], [-0.05552990000000194, 51.48786789999998], [-0.055465500000000396, 51.48784239999999], [-0.05540430000000085, 51.48781629999999], [-0.05535440000000058, 51.487791599999994], [-0.05531409999999994, 51.4877679], [-0.055265899999999715, 51.4877348], [-0.05521290000000007, 51.4876919], [-0.05516050000000025, 51.487648499999985], [-0.05510690000000038, 51.4875972], [-0.05503850000000211, 51.4875249], [-0.055002399999998675, 51.48747620000001], [-0.05496910000000027, 51.487424000000004], [-0.05469709999999981, 51.4869247]]}}, {"type": "Feature", "properties": {"u": 367, "v": 283, "key": 0, "length": 79.7, "length_raw": 7334699.123228709}, "geometry": {"type": "LineString", "coordinates": [[-0.05819450000000044, 51.488116999999995], [-0.058155200000000976, 51.48813359999999], [-0.058118599999999146, 51.488152799999995], [-0.058093900000000004, 51.4881681], [-0.05807199999999992, 51.488184], [-0.05804239999999953, 51.4882079], [-0.058014900000000126, 51.48823180000001], [-0.05798890000000069, 51.4882568], [-0.0579629999999999, 51.488281799999996], [-0.057941800000000675, 51.4883083], [-0.05790810000000053, 51.488349899999996], [-0.05787849999999974, 51.488392], [-0.057827199999999745, 51.48847330000001], [-0.05779609999999898, 51.48852550000001], [-0.05770470000000081, 51.4886479], [-0.05763119999999883, 51.4887313]]}}, {"type": "Feature", "properties": {"u": 368, "v": 53, "key": 0, "length": 97.7, "length_raw": 6798142.854836923}, "geometry": {"type": "LineString", "coordinates": [[-0.037187200000001745, 51.4861931], [-0.03678439999999943, 51.486379199999995], [-0.03668010000000019, 51.4864275], [-0.03652509999999957, 51.486517000000006], [-0.036207200000000744, 51.486746999999994], [-0.0361566000000008, 51.486785700000006]]}}, {"type": "Feature", "properties": {"u": 368, "v": 360, "key": 0, "length": 148.8, "length_raw": 11944401.819688948}, "geometry": {"type": "LineString", "coordinates": [[-0.037187200000001745, 51.4861931], [-0.03773570000000059, 51.48594179999999], [-0.037901200000000176, 51.485867299999995], [-0.038460500000001084, 51.4856114], [-0.038966497926089555, 51.48544843209095]]}}, {"type": "Feature", "properties": {"u": 369, "v": 361, "key": 0, "length": 264.7, "length_raw": 8975755.638410542}, "geometry": {"type": "LineString", "coordinates": [[-0.04620769999999931, 51.4843267], [-0.04602779999999948, 51.4843227], [-0.04410699999999947, 51.484288200000016], [-0.04363889999999945, 51.4842853], [-0.042987400000000855, 51.484275499999995], [-0.04275980000000118, 51.4842721], [-0.04265569999999962, 51.48428129999999], [-0.04255129999999855, 51.484306], [-0.04240310000000089, 51.484338699999995]]}}, {"type": "Feature", "properties": {"u": 369, "v": 370, "key": 0, "length": 82.0, "length_raw": 8229022.415533658}, "geometry": {"type": "LineString", "coordinates": [[-0.04620769999999931, 51.4843267], [-0.04639290000000054, 51.484329900000006], [-0.04675349999999893, 51.48434120000001], [-0.047390499999999815, 51.484353299999995]]}}, {"type": "Feature", "properties": {"u": 370, "v": 369, "key": 0, "length": 82.0, "length_raw": 8229022.415533658}, "geometry": {"type": "LineString", "coordinates": [[-0.047390499999999815, 51.484353299999995], [-0.04675349999999893, 51.48434120000001], [-0.04639290000000054, 51.484329900000006], [-0.04620769999999931, 51.4843267]]}}, {"type": "Feature", "properties": {"u": 370, "v": 365, "key": 0, "length": 75.6, "length_raw": 7651462.441786168}, "geometry": {"type": "LineString", "coordinates": [[-0.047390499999999815, 51.484353299999995], [-0.04796049999999898, 51.4843558], [-0.04848120000000089, 51.4843723]]}}, {"type": "Feature", "properties": {"u": 371, "v": 372, "key": 0, "length": 415.1, "length_raw": 5786313.562299932}, "geometry": {"type": "LineString", "coordinates": [[-0.04439610000000099, 51.49491729999999], [-0.04451160000000048, 51.494974299999996], [-0.044562000000002724, 51.4949879], [-0.04468020000000064, 51.4950049], [-0.04486710000000072, 51.495021599999994], [-0.04504360000000166, 51.49505130000001], [-0.045164699999999273, 51.4950845], [-0.0452666000000012, 51.49512659999999], [-0.0453367000000019, 51.49516150000001], [-0.04550230000000014, 51.495266300000004], [-0.04569480000000034, 51.49539920000001], [-0.04575910000000006, 51.49546600000001], [-0.04582090000000063, 51.495552599999996], [-0.04590630000000012, 51.4956984], [-0.04599020000000125, 51.495866799999995], [-0.046037500000001334, 51.4959872], [-0.046063999999999966, 51.49609749999999], [-0.04606180000000073, 51.4962075], [-0.04601710000000122, 51.49639160000001], [-0.045887500000000615, 51.4967701], [-0.04576560000000111, 51.49714519999999], [-0.04574330000000207, 51.497260599999976], [-0.045734700000002015, 51.49736819999999], [-0.045738400000000824, 51.4974906], [-0.04575890000000118, 51.4975996], [-0.04578579999999956, 51.4976918], [-0.04585050000000181, 51.4978115], [-0.045921699999999156, 51.4979221], [-0.04604954626712649, 51.49805943010664]]}}, {"type": "Feature", "properties": {"u": 371, "v": 373, "key": 0, "length": 158.9, "length_raw": 15977757.561310051}, "geometry": {"type": "LineString", "coordinates": [[-0.04439610000000099, 51.49491729999999], [-0.04425470000000033, 51.4949495], [-0.04393329999999998, 51.495133], [-0.043327700000000954, 51.4954811], [-0.043185100000001024, 51.4955602], [-0.04304999999999974, 51.49563129999999], [-0.04292420000000215, 51.49569799999999], [-0.042761900000000186, 51.4957652], [-0.042625100000000846, 51.49581319999999]]}}, {"type": "Feature", "properties": {"u": 371, "v": 119, "key": 0, "length": 140.7, "length_raw": 11613189.86408152}, "geometry": {"type": "LineString", "coordinates": [[-0.04439610000000099, 51.49491729999999], [-0.04444629999999999, 51.4948189], [-0.04457520000000133, 51.49468109999999], [-0.04464880000000036, 51.4945996], [-0.04472570000000005, 51.494511], [-0.044959700000000144, 51.494204], [-0.04504720000000063, 51.49410189999999], [-0.045161500000000854, 51.49399679999998], [-0.04520730000000137, 51.4939588], [-0.04537970000000097, 51.4938158]]}}, {"type": "Feature", "properties": {"u": 372, "v": 371, "key": 0, "length": 415.1, "length_raw": 5786313.562299932}, "geometry": {"type": "LineString", "coordinates": [[-0.04604954626712649, 51.49805943010664], [-0.045921699999999156, 51.4979221], [-0.04585050000000181, 51.4978115], [-0.04578579999999956, 51.4976918], [-0.04575890000000118, 51.4975996], [-0.045738400000000824, 51.4974906], [-0.045734700000002015, 51.49736819999999], [-0.04574330000000207, 51.497260599999976], [-0.04576560000000111, 51.49714519999999], [-0.045887500000000615, 51.4967701], [-0.04601710000000122, 51.49639160000001], [-0.04606180000000073, 51.4962075], [-0.046063999999999966, 51.49609749999999], [-0.046037500000001334, 51.4959872], [-0.04599020000000125, 51.495866799999995], [-0.04590630000000012, 51.4956984], [-0.04582090000000063, 51.495552599999996], [-0.04575910000000006, 51.49546600000001], [-0.04569480000000034, 51.49539920000001], [-0.04550230000000014, 51.495266300000004], [-0.0453367000000019, 51.49516150000001], [-0.0452666000000012, 51.49512659999999], [-0.045164699999999273, 51.4950845], [-0.04504360000000166, 51.49505130000001], [-0.04486710000000072, 51.495021599999994], [-0.04468020000000064, 51.4950049], [-0.044562000000002724, 51.4949879], [-0.04451160000000048, 51.494974299999996], [-0.04439610000000099, 51.49491729999999]]}}, {"type": "Feature", "properties": {"u": 372, "v": 374, "key": 0, "length": 90.8, "length_raw": 8419308.076320456}, "geometry": {"type": "LineString", "coordinates": [[-0.04604954626712649, 51.49805943010664], [-0.04619760000000089, 51.498158999999994], [-0.04627080000000017, 51.4982149], [-0.04643340000000006, 51.498349899999994], [-0.046549399999999935, 51.4984361], [-0.04668690000000013, 51.4985136], [-0.0468192999999998, 51.498573699999994], [-0.04694960000000207, 51.49864829999999]]}}, {"type": "Feature", "properties": {"u": 373, "v": 375, "key": 0, "length": 108.5, "length_raw": 4302564.0638165455}, "geometry": {"type": "LineString", "coordinates": [[-0.042625100000000846, 51.49581319999999], [-0.04248279999999964, 51.495855500000005], [-0.042209400000001035, 51.495917099999986], [-0.04180940000000097, 51.49600300000001], [-0.04157529999999984, 51.4960678], [-0.04138160000000118, 51.496141800000004], [-0.04129990000000168, 51.49617289999998], [-0.04119801877171976, 51.49620831070975]]}}, {"type": "Feature", "properties": {"u": 373, "v": 371, "key": 0, "length": 158.9, "length_raw": 15977757.561310051}, "geometry": {"type": "LineString", "coordinates": [[-0.042625100000000846, 51.49581319999999], [-0.042761900000000186, 51.4957652], [-0.04292420000000215, 51.49569799999999], [-0.04304999999999974, 51.49563129999999], [-0.043185100000001024, 51.4955602], [-0.043327700000000954, 51.4954811], [-0.04393329999999998, 51.495133], [-0.04425470000000033, 51.4949495], [-0.04439610000000099, 51.49491729999999]]}}, {"type": "Feature", "properties": {"u": 374, "v": 505, "key": 0, "length": 118.1, "length_raw": 12717117.67355743}, "geometry": {"type": "LineString", "coordinates": [[-0.04694960000000207, 51.49864829999999], [-0.047340500000000105, 51.498752399999994], [-0.04757740000000109, 51.4987913], [-0.047924899999999916, 51.498820699999996], [-0.04827409999999958, 51.49880949999999], [-0.04836110000000127, 51.498806699999996], [-0.04859170027706019, 51.49875030023163]]}}, {"type": "Feature", "properties": {"u": 374, "v": 372, "key": 0, "length": 93.1, "length_raw": 8419308.076320456}, "geometry": {"type": "LineString", "coordinates": [[-0.04694960000000207, 51.49864829999999], [-0.04678810000000119, 51.4986042], [-0.04656589999999878, 51.4985074], [-0.04641850000000023, 51.4984131], [-0.04627820000000057, 51.4983056], [-0.04623340000000082, 51.4982745], [-0.04619990000000155, 51.49825209999999], [-0.046144100000001645, 51.4982082], [-0.04612530000000094, 51.49819109999999], [-0.04604954626712649, 51.49805943010664]]}}, {"type": "Feature", "properties": {"u": 375, "v": 373, "key": 0, "length": 108.5, "length_raw": 4302564.0638165455}, "geometry": {"type": "LineString", "coordinates": [[-0.04119801877171976, 51.49620831070975], [-0.04129990000000168, 51.49617289999998], [-0.04138160000000118, 51.496141800000004], [-0.04157529999999984, 51.4960678], [-0.04180940000000097, 51.49600300000001], [-0.042209400000001035, 51.495917099999986], [-0.04248279999999964, 51.495855500000005], [-0.042625100000000846, 51.49581319999999]]}}, {"type": "Feature", "properties": {"u": 375, "v": 477, "key": 0, "length": 127.6, "length_raw": 6431825.190857876}, "geometry": {"type": "LineString", "coordinates": [[-0.04119801877171976, 51.49620831070975], [-0.04109680000000028, 51.49620029999999], [-0.040901600000001655, 51.496198299999996], [-0.040738700000000655, 51.4962159], [-0.040391000000002154, 51.496290999999985], [-0.03996860000000082, 51.49639829999999], [-0.03968860000000132, 51.49648649999999], [-0.039479900000000206, 51.4965636]]}}, {"type": "Feature", "properties": {"u": 376, "v": 377, "key": 0, "length": 63.3, "length_raw": 5776737.890352518}, "geometry": {"type": "LineString", "coordinates": [[-0.017362600000001734, 51.4877558], [-0.01744769999999973, 51.48778650000001], [-0.01789789999999998, 51.487966199999995], [-0.018134100000001697, 51.4880607]]}}, {"type": "Feature", "properties": {"u": 376, "v": 378, "key": 0, "length": 291.6, "length_raw": 4359684.58940237}, "geometry": {"type": "LineString", "coordinates": [[-0.017362600000001734, 51.4877558], [-0.017124200000000384, 51.4876683], [-0.017009500000000007, 51.487628], [-0.016864600000000608, 51.487576600000004], [-0.016578899999999567, 51.48748400000001], [-0.0164050000000004, 51.487429600000006], [-0.016210600000000082, 51.4873717], [-0.01605739999999935, 51.48734170000001], [-0.01587940000000003, 51.4873125], [-0.015770000000000655, 51.4872986], [-0.015628699999999822, 51.4872835], [-0.015383600000002514, 51.48726149999999], [-0.015268099999999056, 51.48725039999999], [-0.015209899999999046, 51.4872461], [-0.014965799999999729, 51.4872277], [-0.01470559999999933, 51.487212899999996], [-0.01452629999999972, 51.48721229999999], [-0.014368999999999634, 51.487211800000004], [-0.014024000000001154, 51.4872184], [-0.013332500000000646, 51.4872434]]}}, {"type": "Feature", "properties": {"u": 377, "v": 376, "key": 0, "length": 63.3, "length_raw": 5776737.890352518}, "geometry": {"type": "LineString", "coordinates": [[-0.018134100000001697, 51.4880607], [-0.01789789999999998, 51.487966199999995], [-0.01744769999999973, 51.48778650000001], [-0.017362600000001734, 51.4877558]]}}, {"type": "Feature", "properties": {"u": 377, "v": 379, "key": 0, "length": 157.9, "length_raw": 14398337.572807176}, "geometry": {"type": "LineString", "coordinates": [[-0.018134100000001697, 51.4880607], [-0.018403400000000944, 51.488170999999994], [-0.018814200000000305, 51.488343], [-0.018873499999999734, 51.48836719999999], [-0.019117999999998803, 51.48847190000001], [-0.019141100000001323, 51.488482199999986], [-0.019608700000000565, 51.4886817], [-0.020018600000001375, 51.488860499999994]]}}, {"type": "Feature", "properties": {"u": 378, "v": 380, "key": 0, "length": 64.7, "length_raw": 7164915.2219965}, "geometry": {"type": "LineString", "coordinates": [[-0.013332500000000646, 51.4872434], [-0.013354900000002308, 51.4875148], [-0.013380700000000476, 51.487824599999996]]}}, {"type": "Feature", "properties": {"u": 378, "v": 381, "key": 0, "length": 168.5, "length_raw": 2952259.827876851}, "geometry": {"type": "LineString", "coordinates": [[-0.013332500000000646, 51.4872434], [-0.013174600000000335, 51.4872541], [-0.012748000000001397, 51.487310599999994], [-0.012523900000002045, 51.487335], [-0.01242900000000116, 51.48734939999999], [-0.011232399999998649, 51.4875303], [-0.010962500291809103, 51.487581650315974]]}}, {"type": "Feature", "properties": {"u": 378, "v": 376, "key": 0, "length": 291.6, "length_raw": 4359684.58940237}, "geometry": {"type": "LineString", "coordinates": [[-0.013332500000000646, 51.4872434], [-0.014024000000001154, 51.4872184], [-0.014368999999999634, 51.487211800000004], [-0.01452629999999972, 51.48721229999999], [-0.01470559999999933, 51.487212899999996], [-0.014965799999999729, 51.4872277], [-0.015209899999999046, 51.4872461], [-0.015268099999999056, 51.48725039999999], [-0.015383600000002514, 51.48726149999999], [-0.015628699999999822, 51.4872835], [-0.015770000000000655, 51.4872986], [-0.01587940000000003, 51.4873125], [-0.01605739999999935, 51.48734170000001], [-0.016210600000000082, 51.4873717], [-0.0164050000000004, 51.487429600000006], [-0.016578899999999567, 51.48748400000001], [-0.016864600000000608, 51.487576600000004], [-0.017009500000000007, 51.487628], [-0.017124200000000384, 51.4876683], [-0.017362600000001734, 51.4877558]]}}, {"type": "Feature", "properties": {"u": 379, "v": 377, "key": 0, "length": 157.9, "length_raw": 14398337.572807176}, "geometry": {"type": "LineString", "coordinates": [[-0.020018600000001375, 51.488860499999994], [-0.019608700000000565, 51.4886817], [-0.019141100000001323, 51.488482199999986], [-0.019117999999998803, 51.48847190000001], [-0.018873499999999734, 51.48836719999999], [-0.018814200000000305, 51.488343], [-0.018403400000000944, 51.488170999999994], [-0.018134100000001697, 51.4880607]]}}, {"type": "Feature", "properties": {"u": 379, "v": 449, "key": 0, "length": 105.2, "length_raw": 4795529.621844565}, "geometry": {"type": "LineString", "coordinates": [[-0.020018600000001375, 51.488860499999994], [-0.02028589999999947, 51.488981599999995], [-0.020643999999999496, 51.489147200000005], [-0.020787700000000436, 51.48921529999999], [-0.021225988758775943, 51.48943468166654]]}}, {"type": "Feature", "properties": {"u": 380, "v": 101, "key": 0, "length": 156.3, "length_raw": 15461453.850307405}, "geometry": {"type": "LineString", "coordinates": [[-0.013380700000000476, 51.487824599999996], [-0.013425000000000627, 51.4882873], [-0.013486699999998972, 51.48853030000001], [-0.013501600000001193, 51.48856709999999], [-0.013565599999999407, 51.488725099999996], [-0.013618099999998665, 51.48883839999999], [-0.013769700000001182, 51.489010399999984], [-0.013921199999999884, 51.48916489999999]]}}, {"type": "Feature", "properties": {"u": 380, "v": 378, "key": 0, "length": 64.7, "length_raw": 7164915.2219965}, "geometry": {"type": "LineString", "coordinates": [[-0.013380700000000476, 51.487824599999996], [-0.013354900000002308, 51.4875148], [-0.013332500000000646, 51.4872434]]}}, {"type": "Feature", "properties": {"u": 381, "v": 470, "key": 0, "length": 116.3, "length_raw": 10206297.851766942}, "geometry": {"type": "LineString", "coordinates": [[-0.010962500291809103, 51.487581650315974], [-0.010692599999999702, 51.487633], [-0.01057109999999876, 51.487655499999995], [-0.010369100000000755, 51.487697499999996], [-0.010243100000000307, 51.4877246], [-0.010173500000001182, 51.48773959999999], [-0.010110100000001204, 51.487753399999995], [-0.009894500000001269, 51.487808599999994], [-0.009792000000000311, 51.487835499999996], [-0.009603800000000736, 51.487886200000005], [-0.009402599999999454, 51.487942499999996], [-0.009389799999999414, 51.48794620000001]]}}, {"type": "Feature", "properties": {"u": 381, "v": 378, "key": 0, "length": 168.5, "length_raw": 2952259.827876851}, "geometry": {"type": "LineString", "coordinates": [[-0.010962500291809103, 51.487581650315974], [-0.011232399999998649, 51.4875303], [-0.01242900000000116, 51.48734939999999], [-0.012523900000002045, 51.487335], [-0.012748000000001397, 51.487310599999994], [-0.013174600000000335, 51.4872541], [-0.013332500000000646, 51.4872434]]}}, {"type": "Feature", "properties": {"u": 382, "v": 383, "key": 0, "length": 149.4, "length_raw": 10511399.958677702}, "geometry": {"type": "LineString", "coordinates": [[-0.027615500000000556, 51.5177374], [-0.027114600000000526, 51.51787589999999], [-0.026964300000001083, 51.51792520000001], [-0.02676950000000141, 51.5180015], [-0.026669599999999842, 51.51803249999999], [-0.026552599999999198, 51.518065099999994], [-0.026452000000000746, 51.518083999999995], [-0.0262533000000006, 51.51812139999999], [-0.025611525808247874, 51.518212266553256]]}}, {"type": "Feature", "properties": {"u": 382, "v": 271, "key": 0, "length": 79.4, "length_raw": 8687754.200110963}, "geometry": {"type": "LineString", "coordinates": [[-0.027615500000000556, 51.5177374], [-0.027854700000001013, 51.5176734], [-0.028295700000000194, 51.51755119999999], [-0.028406599999999935, 51.5175237], [-0.028424799999999223, 51.51751920000001], [-0.028670800000000246, 51.5174575]]}}, {"type": "Feature", "properties": {"u": 383, "v": 382, "key": 0, "length": 149.4, "length_raw": 10511399.958677702}, "geometry": {"type": "LineString", "coordinates": [[-0.025611525808247874, 51.518212266553256], [-0.0262533000000006, 51.51812139999999], [-0.026452000000000746, 51.518083999999995], [-0.026552599999999198, 51.518065099999994], [-0.026669599999999842, 51.51803249999999], [-0.02676950000000141, 51.5180015], [-0.026964300000001083, 51.51792520000001], [-0.027114600000000526, 51.51787589999999], [-0.027615500000000556, 51.5177374]]}}, {"type": "Feature", "properties": {"u": 383, "v": 389, "key": 0, "length": 178.6, "length_raw": 301546.5917429411}, "geometry": {"type": "LineString", "coordinates": [[-0.025611525808247874, 51.518212266553256], [-0.024963999999999622, 51.518299], [-0.02476780000000022, 51.5183297], [-0.024413900000000186, 51.51837429999999], [-0.02391800000000124, 51.518411099999994], [-0.02387119999999995, 51.518414699999994], [-0.02355309999999985, 51.51844500000001], [-0.023470700000001083, 51.5184572], [-0.02340789999999855, 51.5184672], [-0.023332300000000347, 51.51847769999999], [-0.023086500000001783, 51.5185122], [-0.023091933952729574, 51.518508083146735]]}}, {"type": "Feature", "properties": {"u": 384, "v": 385, "key": 0, "length": 97.9, "length_raw": 6333353.849409181}, "geometry": {"type": "LineString", "coordinates": [[-0.023394400000002022, 51.516720299999996], [-0.02386780000000026, 51.5165301], [-0.024047100000001063, 51.5164581], [-0.024581900000000118, 51.516241]]}}, {"type": "Feature", "properties": {"u": 384, "v": 386, "key": 0, "length": 90.7, "length_raw": 5705650.161720034}, "geometry": {"type": "LineString", "coordinates": [[-0.023394400000002022, 51.516720299999996], [-0.023355600000000556, 51.51673590000001], [-0.02303409999999958, 51.5168615], [-0.022608700000001092, 51.51702770000001], [-0.022329299999999042, 51.5171391], [-0.02228639999999942, 51.5171562]]}}, {"type": "Feature", "properties": {"u": 385, "v": 387, "key": 0, "length": 211.7, "length_raw": 13492691.129175758}, "geometry": {"type": "LineString", "coordinates": [[-0.024581900000000118, 51.516241], [-0.024990600000000876, 51.5160694], [-0.025252300000000446, 51.5159595], [-0.02577189999999975, 51.5157401], [-0.025894600000001544, 51.5156879], [-0.025927599999999634, 51.51567380000001], [-0.026030299999999076, 51.515633900000005], [-0.026738500000001688, 51.515342499999996], [-0.026861800000000522, 51.5152922], [-0.02712750061949533, 51.51518460031206]]}}, {"type": "Feature", "properties": {"u": 385, "v": 384, "key": 0, "length": 97.9, "length_raw": 6333353.849409181}, "geometry": {"type": "LineString", "coordinates": [[-0.024581900000000118, 51.516241], [-0.024047100000001063, 51.5164581], [-0.02386780000000026, 51.5165301], [-0.023394400000002022, 51.516720299999996]]}}, {"type": "Feature", "properties": {"u": 386, "v": 388, "key": 0, "length": 174.0, "length_raw": 7099844.896644007}, "geometry": {"type": "LineString", "coordinates": [[-0.02228639999999942, 51.5171562], [-0.022078000000000597, 51.51695339999999], [-0.022015700000000436, 51.516893499999995], [-0.02181239999999976, 51.516716200000005], [-0.02170800000000067, 51.51665059999999], [-0.021454699999998293, 51.516468100000004], [-0.02087280000000042, 51.5160672], [-0.02083309999999961, 51.5160377], [-0.020707900000000657, 51.515943]]}}, {"type": "Feature", "properties": {"u": 386, "v": 389, "key": 0, "length": 160.5, "length_raw": 15056091.525481379}, "geometry": {"type": "LineString", "coordinates": [[-0.02228639999999942, 51.5171562], [-0.022354199999999456, 51.5172452], [-0.022436500000001965, 51.5173706], [-0.022514800000000983, 51.5174908], [-0.02253629999999972, 51.5175139], [-0.02260710000000049, 51.5176091], [-0.022652500000001255, 51.51768319999999], [-0.022741000000000528, 51.517845], [-0.022756899999999945, 51.5178731], [-0.022902399999999972, 51.518156499999996], [-0.023091933952729574, 51.518508083146735]]}}, {"type": "Feature", "properties": {"u": 386, "v": 384, "key": 0, "length": 90.7, "length_raw": 5705650.161720034}, "geometry": {"type": "LineString", "coordinates": [[-0.02228639999999942, 51.5171562], [-0.022329299999999042, 51.5171391], [-0.022608700000001092, 51.51702770000001], [-0.02303409999999958, 51.5168615], [-0.023355600000000556, 51.51673590000001], [-0.023394400000002022, 51.516720299999996]]}}, {"type": "Feature", "properties": {"u": 387, "v": 274, "key": 0, "length": 120.8, "length_raw": 5253361.210604815}, "geometry": {"type": "LineString", "coordinates": [[-0.02712750061949533, 51.51518460031206], [-0.027393200000000287, 51.515077000000005], [-0.027651899999999924, 51.5149673], [-0.027943899999999158, 51.51484880000001], [-0.028029799999999442, 51.5148113], [-0.028175400000000895, 51.5147501], [-0.028276600000001165, 51.514708199999994], [-0.02829660000000113, 51.51470080000001], [-0.028312700000001415, 51.51469639999999], [-0.0283970000000007, 51.51467259999999], [-0.02847129978498079, 51.51480920002135]]}}, {"type": "Feature", "properties": {"u": 387, "v": 385, "key": 0, "length": 211.7, "length_raw": 13492691.129175758}, "geometry": {"type": "LineString", "coordinates": [[-0.02712750061949533, 51.51518460031206], [-0.026861800000000522, 51.5152922], [-0.026738500000001688, 51.515342499999996], [-0.026030299999999076, 51.515633900000005], [-0.025927599999999634, 51.51567380000001], [-0.025894600000001544, 51.5156879], [-0.02577189999999975, 51.5157401], [-0.025252300000000446, 51.5159595], [-0.024990600000000876, 51.5160694], [-0.024581900000000118, 51.516241]]}}, {"type": "Feature", "properties": {"u": 388, "v": 386, "key": 0, "length": 174.0, "length_raw": 7099844.896644007}, "geometry": {"type": "LineString", "coordinates": [[-0.020707900000000657, 51.515943], [-0.02083309999999961, 51.5160377], [-0.02087280000000042, 51.5160672], [-0.021454699999998293, 51.516468100000004], [-0.02170800000000067, 51.51665059999999], [-0.02181239999999976, 51.516716200000005], [-0.022015700000000436, 51.516893499999995], [-0.022078000000000597, 51.51695339999999], [-0.02228639999999942, 51.5171562]]}}, {"type": "Feature", "properties": {"u": 388, "v": 491, "key": 0, "length": 139.0, "length_raw": 11767308.794332698}, "geometry": {"type": "LineString", "coordinates": [[-0.020707900000000657, 51.515943], [-0.02037899999999968, 51.51566749999999], [-0.020059900000000398, 51.5153999], [-0.01984820000000173, 51.51520810000001], [-0.019772269312411037, 51.51487041357149]]}}, {"type": "Feature", "properties": {"u": 389, "v": 504, "key": 0, "length": 127.8, "length_raw": 12871648.987483613}, "geometry": {"type": "LineString", "coordinates": [[-0.023091933952729574, 51.518508083146735], [-0.023287400000000368, 51.51885799999999], [-0.023326400000000316, 51.51891429999999], [-0.023374200000000393, 51.51897029999999], [-0.023433199999999908, 51.51902629999999], [-0.023465000000001127, 51.5190526], [-0.023556300000000658, 51.5191204], [-0.02380640000000024, 51.51931079999999], [-0.0240448, 51.519473299999994]]}}, {"type": "Feature", "properties": {"u": 389, "v": 394, "key": 0, "length": 72.5, "length_raw": 5400541.527935837}, "geometry": {"type": "LineString", "coordinates": [[-0.023091933952729574, 51.518508083146735], [-0.023086500000001783, 51.5185122], [-0.022942200000001016, 51.51853560000001], [-0.022895999999999552, 51.5185459], [-0.02284830000000051, 51.518556700000005], [-0.02268560000000038, 51.518593799999984], [-0.022514700000000748, 51.5186541], [-0.022332000000001448, 51.518725599999996], [-0.02218270000000119, 51.5188125]]}}, {"type": "Feature", "properties": {"u": 389, "v": 383, "key": 0, "length": 178.6, "length_raw": 301546.5917429411}, "geometry": {"type": "LineString", "coordinates": [[-0.023091933952729574, 51.518508083146735], [-0.023086500000001783, 51.5185122], [-0.023332300000000347, 51.51847769999999], [-0.02340789999999855, 51.5184672], [-0.023470700000001083, 51.5184572], [-0.02355309999999985, 51.51844500000001], [-0.02387119999999995, 51.518414699999994], [-0.02391800000000124, 51.518411099999994], [-0.024413900000000186, 51.51837429999999], [-0.02476780000000022, 51.5183297], [-0.024963999999999622, 51.518299], [-0.025611525808247874, 51.518212266553256]]}}, {"type": "Feature", "properties": {"u": 389, "v": 386, "key": 0, "length": 160.5, "length_raw": 15056091.525481379}, "geometry": {"type": "LineString", "coordinates": [[-0.023091933952729574, 51.518508083146735], [-0.022902399999999972, 51.518156499999996], [-0.022756899999999945, 51.5178731], [-0.022741000000000528, 51.517845], [-0.022652500000001255, 51.51768319999999], [-0.02260710000000049, 51.5176091], [-0.02253629999999972, 51.5175139], [-0.022514800000000983, 51.5174908], [-0.022436500000001965, 51.5173706], [-0.022354199999999456, 51.5172452], [-0.02228639999999942, 51.5171562]]}}, {"type": "Feature", "properties": {"u": 390, "v": 366, "key": 0, "length": 84.4, "length_raw": 9392992.96061167}, "geometry": {"type": "LineString", "coordinates": [[-0.0537724000000015, 51.4827054], [-0.05373730000000043, 51.48346430000001]]}}, {"type": "Feature", "properties": {"u": 390, "v": 517, "key": 0, "length": 106.9, "length_raw": 11884046.947951049}, "geometry": {"type": "LineString", "coordinates": [[-0.0537724000000015, 51.4827054], [-0.05379250000000011, 51.482213300000005], [-0.05378810000000124, 51.481744299999995]]}}, {"type": "Feature", "properties": {"u": 391, "v": 327, "key": 0, "length": 87.6, "length_raw": 9525755.92536591}, "geometry": {"type": "LineString", "coordinates": [[0.008576999999998437, 51.483606], [0.008572499999998534, 51.48365209999999], [0.008560100000000632, 51.48369829999999], [0.008468999999999985, 51.483971700000005], [0.008409599999999524, 51.48415459999999], [0.008328150376490824, 51.48437780002549]]}}, {"type": "Feature", "properties": {"u": 391, "v": 15, "key": 0, "length": 138.1, "length_raw": 15240215.126422329}, "geometry": {"type": "LineString", "coordinates": [[0.008576999999998437, 51.483606], [0.008569499999999793, 51.483568899999995], [0.008562199999999633, 51.4835456], [0.008539999999998445, 51.48348399999999], [0.008511099999998913, 51.4834008], [0.008500799999999612, 51.48337109999999], [0.008469700000000446, 51.4832895], [0.008381899999999647, 51.483027799999995], [0.008384400000000389, 51.48294169999999], [0.008402872127515563, 51.48237711904701]]}}, {"type": "Feature", "properties": {"u": 392, "v": 393, "key": 0, "length": 171.0, "length_raw": 10599625.549526088}, "geometry": {"type": "LineString", "coordinates": [[-0.0209436511013777, 51.519597150350904], [-0.020665200000001504, 51.5197774], [-0.020534300000000207, 51.5198578], [-0.020429400000001926, 51.5199169], [-0.02023910000000017, 51.52003799999999], [-0.020092600000000963, 51.520134500000005], [-0.0198616000000012, 51.5202885], [-0.019417092374797974, 51.520789285796326]]}}, {"type": "Feature", "properties": {"u": 392, "v": 394, "key": 0, "length": 122.3, "length_raw": 12694636.741180988}, "geometry": {"type": "LineString", "coordinates": [[-0.0209436511013777, 51.519597150350904], [-0.02122209999999992, 51.51941690000001], [-0.02180519999999904, 51.51904580000001], [-0.022075800000000565, 51.5188815], [-0.02218270000000119, 51.5188125]]}}, {"type": "Feature", "properties": {"u": 393, "v": 392, "key": 0, "length": 171.0, "length_raw": 10599625.549526088}, "geometry": {"type": "LineString", "coordinates": [[-0.019417092374797974, 51.520789285796326], [-0.0198616000000012, 51.5202885], [-0.020092600000000963, 51.520134500000005], [-0.02023910000000017, 51.52003799999999], [-0.020429400000001926, 51.5199169], [-0.020534300000000207, 51.5198578], [-0.020665200000001504, 51.5197774], [-0.0209436511013777, 51.519597150350904]]}}, {"type": "Feature", "properties": {"u": 393, "v": 395, "key": 0, "length": 139.8, "length_raw": 11321621.43229077}, "geometry": {"type": "LineString", "coordinates": [[-0.019417092374797974, 51.520789285796326], [-0.01899550000000027, 51.5212836], [-0.018915499999998423, 51.5214594], [-0.018876300000000387, 51.521549900000004], [-0.01882880000000142, 51.52163190000001], [-0.01879190000000206, 51.5216917], [-0.018755799999999823, 51.5217431], [-0.018694300000001156, 51.52179410000001], [-0.01864080000000033, 51.5218234], [-0.018575999999998632, 51.5218519], [-0.01849348524167487, 51.52187475393233]]}}, {"type": "Feature", "properties": {"u": 394, "v": 392, "key": 0, "length": 122.3, "length_raw": 12694636.741180988}, "geometry": {"type": "LineString", "coordinates": [[-0.02218270000000119, 51.5188125], [-0.022075800000000565, 51.5188815], [-0.02180519999999904, 51.51904580000001], [-0.02122209999999992, 51.51941690000001], [-0.0209436511013777, 51.519597150350904]]}}, {"type": "Feature", "properties": {"u": 394, "v": 389, "key": 0, "length": 72.5, "length_raw": 5400541.527935837}, "geometry": {"type": "LineString", "coordinates": [[-0.02218270000000119, 51.5188125], [-0.022332000000001448, 51.518725599999996], [-0.022514700000000748, 51.5186541], [-0.02268560000000038, 51.518593799999984], [-0.02284830000000051, 51.518556700000005], [-0.022895999999999552, 51.5185459], [-0.022942200000001016, 51.51853560000001], [-0.023086500000001783, 51.5185122], [-0.023091933952729574, 51.518508083146735]]}}, {"type": "Feature", "properties": {"u": 395, "v": 393, "key": 0, "length": 139.8, "length_raw": 11321621.43229077}, "geometry": {"type": "LineString", "coordinates": [[-0.01849348524167487, 51.52187475393233], [-0.018575999999998632, 51.5218519], [-0.01864080000000033, 51.5218234], [-0.018694300000001156, 51.52179410000001], [-0.018755799999999823, 51.5217431], [-0.01879190000000206, 51.5216917], [-0.01882880000000142, 51.52163190000001], [-0.018876300000000387, 51.521549900000004], [-0.018915499999998423, 51.5214594], [-0.01899550000000027, 51.5212836], [-0.019417092374797974, 51.520789285796326]]}}, {"type": "Feature", "properties": {"u": 395, "v": 507, "key": 0, "length": 167.0, "length_raw": 12744799.960497126}, "geometry": {"type": "LineString", "coordinates": [[-0.01849348524167487, 51.52187475393233], [-0.018425900000000058, 51.521841], [-0.01839410000000083, 51.52181569999999], [-0.018347600000001043, 51.52177579999999], [-0.018270400000000252, 51.521703800000004], [-0.018245200000000322, 51.5216767], [-0.01819769999999976, 51.5216083], [-0.018143200000000942, 51.521514800000006], [-0.01801050000000096, 51.52125900000001], [-0.01788809999999948, 51.5210274], [-0.0177393000000004, 51.5207597], [-0.0175862000000003, 51.520497899999995]]}}, {"type": "Feature", "properties": {"u": 396, "v": 346, "key": 0, "length": 101.4, "length_raw": 11213771.102798995}, "geometry": {"type": "LineString", "coordinates": [[-0.0230117500265668, 51.47945940000275], [-0.023014399999999928, 51.47927279999999], [-0.02301260000000044, 51.479227999999985], [-0.023011800000000936, 51.47920409999999], [-0.023011399999999196, 51.479189], [-0.023003200000000886, 51.47891899999999], [-0.023001199999999736, 51.478854999999996], [-0.02293440000000007, 51.4785506]]}}, {"type": "Feature", "properties": {"u": 396, "v": 438, "key": 0, "length": 167.3, "length_raw": 17090216.272294316}, "geometry": {"type": "LineString", "coordinates": [[-0.0230117500265668, 51.47945940000275], [-0.023009100000000123, 51.47964600000001], [-0.023019799999999174, 51.4797457], [-0.02302140000000097, 51.479760299999995], [-0.02304149999999918, 51.4798809], [-0.023054399999999853, 51.4799266], [-0.02307629999999914, 51.480002000000006], [-0.023094200000000502, 51.4800899], [-0.023103900000001166, 51.480154899999995], [-0.023124400000000322, 51.48036210000001], [-0.023124700000000636, 51.480453000000004], [-0.023603128387271074, 51.48086283284394]]}}, {"type": "Feature", "properties": {"u": 397, "v": 223, "key": 0, "length": 169.8, "length_raw": 17598738.70051076}, "geometry": {"type": "LineString", "coordinates": [[-0.004717300000000175, 51.47387829999999], [-0.004722799999999658, 51.473713999999994], [-0.0047370000000022125, 51.47362259999999], [-0.004762000000001273, 51.473521299999994], [-0.004805900000000878, 51.473412], [-0.00486320000000035, 51.4733083], [-0.004895399999998936, 51.47325949999999], [-0.004997800000001247, 51.47311859999999], [-0.005046699999999948, 51.473058400000006], [-0.005316800000000292, 51.47275189999999], [-0.005369383552504706, 51.4724317809666]]}}, {"type": "Feature", "properties": {"u": 397, "v": 187, "key": 0, "length": 78.8, "length_raw": 7089260.536129572}, "geometry": {"type": "LineString", "coordinates": [[-0.004717300000000175, 51.47387829999999], [-0.004728299999999539, 51.473978100000004], [-0.004753699999999147, 51.474073499999996], [-0.004798300000001201, 51.4741603], [-0.004878300000000659, 51.4742629], [-0.004959999999999364, 51.4743443], [-0.005050600000000818, 51.47441729999999], [-0.005191800000001016, 51.47449639999999]]}}, {"type": "Feature", "properties": {"u": 398, "v": 328, "key": 0, "length": 222.3, "length_raw": 2386477.7051245635}, "geometry": {"type": "LineString", "coordinates": [[0.01336059999999948, 51.476395499999995], [0.013818799999999958, 51.4766642], [0.014120799999999769, 51.47683610000001], [0.014329199999999782, 51.4769449], [0.014544999999999393, 51.47704300000001], [0.014625799999999948, 51.477073], [0.014753599999997891, 51.477114], [0.01489529999999927, 51.47714599999999], [0.015141200000000457, 51.477188299999995], [0.015235000000001126, 51.47720160000001], [0.015333199999999075, 51.4772106], [0.015440099999999698, 51.477216999999996], [0.015593599999999153, 51.477218699999995], [0.016059399999998513, 51.4772074], [0.016125100000000347, 51.47720460000001]]}}, {"type": "Feature", "properties": {"u": 398, "v": 17, "key": 0, "length": 279.5, "length_raw": 11623067.758882971}, "geometry": {"type": "LineString", "coordinates": [[0.01336059999999948, 51.476395499999995], [0.013231999999999248, 51.476318799999994], [0.013000199999999983, 51.4761877], [0.012769099999998396, 51.47606399999999], [0.012507700000000328, 51.47594149999999], [0.01227059999999887, 51.47585019999999], [0.0117978999999999, 51.4756827], [0.011092399999998902, 51.475438], [0.010382500000000225, 51.4752012], [0.010316499999998873, 51.4751791], [0.010265299999998315, 51.4751621], [0.010155100000000227, 51.4751257], [0.009957316328070247, 51.47518408400468]]}}, {"type": "Feature", "properties": {"u": 399, "v": 532, "key": 0, "length": 194.1, "length_raw": 16167036.974494282}, "geometry": {"type": "LineString", "coordinates": [[0.003270600513580929, 51.49775426679324], [0.0035126000000007813, 51.49757499999999], [0.0037191999999985265, 51.49745759999998], [0.003943899999998106, 51.497351699999996], [0.004347600000000163, 51.497198699999984], [0.004622399999999689, 51.49710670000001], [0.004919099999999297, 51.4970068], [0.0050482999999989595, 51.49696069999999], [0.00522610000000059, 51.4968973], [0.0054898999999999564, 51.4967929], [0.0054446499607562725, 51.49675365000948]]}}, {"type": "Feature", "properties": {"u": 400, "v": 404, "key": 0, "length": 138.6, "length_raw": 7503183.817500335}, "geometry": {"type": "LineString", "coordinates": [[-0.03925859999999872, 51.510642600000004], [-0.03948089999999939, 51.5106437], [-0.03971639999999865, 51.5106325], [-0.03987880000000086, 51.510628], [-0.04018860000000121, 51.51061899999999], [-0.040274000000000316, 51.510608100000006], [-0.04035450000000255, 51.51059099999999], [-0.04046670000000099, 51.51054299999999], [-0.04048800000000164, 51.5105162], [-0.04051039999999972, 51.51048370000001], [-0.04051900000000017, 51.5104005], [-0.04052910000000138, 51.5100742]]}}, {"type": "Feature", "properties": {"u": 400, "v": 37, "key": 0, "length": 179.9, "length_raw": 19960913.492980003}, "geometry": {"type": "LineString", "coordinates": [[-0.03925859999999872, 51.510642600000004], [-0.03926640000000086, 51.510676999999994], [-0.039266800000001406, 51.51070119999999], [-0.03926899999999985, 51.51079519999999], [-0.03923420000000148, 51.5111059], [-0.0392218000000004, 51.51119680000001], [-0.03921539999999998, 51.5112432], [-0.039110399999999074, 51.5116682], [-0.03901851884806297, 51.512251388593604]]}}, {"type": "Feature", "properties": {"u": 401, "v": 236, "key": 0, "length": 179.2, "length_raw": 13263292.552574981}, "geometry": {"type": "LineString", "coordinates": [[-0.040030000000000045, 51.512719], [-0.04020370000000033, 51.5127309], [-0.040483800000000854, 51.51273869999999], [-0.04080399999999995, 51.51274870000001], [-0.04090970000000052, 51.51275209999999], [-0.04099430000000131, 51.512756799999984], [-0.041128700000000545, 51.51276579999999], [-0.04124329999999869, 51.5127831], [-0.04257080121227688, 51.512994438519875]]}}, {"type": "Feature", "properties": {"u": 402, "v": 17, "key": 0, "length": 519.0, "length_raw": 8795016.897401588}, "geometry": {"type": "LineString", "coordinates": [[0.003420299999998092, 51.47300489999999], [0.0034704000000000267, 51.4730193], [0.003514699999997794, 51.473031999999996], [0.0035558000000003214, 51.473043800000006], [0.0039859999999986235, 51.47316729999999], [0.005037000000000079, 51.4734812], [0.006314399999999964, 51.4738796], [0.00762740000000011, 51.4742981], [0.008153299999999596, 51.4744696], [0.00840989999999904, 51.47455329999999], [0.008791000000000156, 51.47467659999999], [0.009591999999999878, 51.47494089999999], [0.009660499999999187, 51.4749636], [0.009711800000000381, 51.474980599999995], [0.009898200000000473, 51.475042], [0.009957316328070247, 51.47518408400468]]}}, {"type": "Feature", "properties": {"u": 403, "v": 223, "key": 0, "length": 223.9, "length_raw": 7629395.141205614}, "geometry": {"type": "LineString", "coordinates": [[-0.0022354000000001767, 51.4719488], [-0.00245759999999981, 51.4719779], [-0.00335909999999934, 51.472098700000004], [-0.004587999999999879, 51.472263], [-0.005369383552504706, 51.4724317809666]]}}, {"type": "Feature", "properties": {"u": 403, "v": 231, "key": 0, "length": 144.1, "length_raw": 12357894.17870394}, "geometry": {"type": "LineString", "coordinates": [[-0.0022354000000001767, 51.4719488], [-0.0017279000000012452, 51.47188439999999], [-0.0015300000000002102, 51.471858], [-0.0013662000000002645, 51.47184119999999], [-0.0012100000000007899, 51.47182959999999], [-0.0009630000000009789, 51.471821199999994], [-0.0007296999999997576, 51.4718263], [-0.00045309999999995247, 51.47184029999999], [-0.00017625008224313459, 51.47185610032867]]}}, {"type": "Feature", "properties": {"u": 404, "v": 344, "key": 0, "length": 186.2, "length_raw": 17207027.79014901}, "geometry": {"type": "LineString", "coordinates": [[-0.04052910000000138, 51.5100742], [-0.040428699999999824, 51.51005779999999], [-0.04014330000000108, 51.51004209999999], [-0.039799900000001213, 51.510020799999985], [-0.03952650000000023, 51.5100029], [-0.039347300000000855, 51.50999039999999], [-0.03918840000000057, 51.50997859999999], [-0.03912479999999972, 51.50997430000001], [-0.03895120000000086, 51.50996169999999], [-0.038847000000000256, 51.50995259999999], [-0.03874279999999926, 51.509942], [-0.03865400000000166, 51.509932199999994], [-0.03846570000000066, 51.50990509999999], [-0.03828400000000173, 51.50987729999999], [-0.0382248999999996, 51.509862999999996], [-0.03800990000000068, 51.509832599999996], [-0.03793039999999883, 51.509826000000004], [-0.037874700000000754, 51.50982539999999]]}}, {"type": "Feature", "properties": {"u": 405, "v": 406, "key": 0, "length": 161.4, "length_raw": 12024555.3777948}, "geometry": {"type": "LineString", "coordinates": [[-0.02278453862279541, 51.51105428222574], [-0.022508100000001446, 51.5110199], [-0.021616300000000196, 51.5108798], [-0.021531600000001157, 51.510868499999994], [-0.021378000000000674, 51.510851399999986], [-0.021320500000000728, 51.5108449], [-0.02127089999999878, 51.5108385], [-0.021014499999999412, 51.51081349999999], [-0.02106847679250334, 51.51049230065935]]}}, {"type": "Feature", "properties": {"u": 405, "v": 131, "key": 0, "length": 205.8, "length_raw": 14682168.006794505}, "geometry": {"type": "LineString", "coordinates": [[-0.02278453862279541, 51.51105428222574], [-0.023063300000000616, 51.5110872], [-0.023359199999999525, 51.51113230000001], [-0.02372550000000104, 51.5111881], [-0.023850899999998877, 51.5112072], [-0.02395150000000091, 51.51122219999999], [-0.024259600000001224, 51.5112682], [-0.024695900000001623, 51.5113334], [-0.024870100000002296, 51.5113594], [-0.0252678000000017, 51.51141629999999], [-0.025672611096054787, 51.511493792104446]]}}, {"type": "Feature", "properties": {"u": 406, "v": 407, "key": 0, "length": 206.0, "length_raw": 15263473.609516699}, "geometry": {"type": "LineString", "coordinates": [[-0.02106847679250334, 51.51049230065935], [-0.021014499999999412, 51.51081349999999], [-0.020958199999999122, 51.51089820000001], [-0.02093640000000047, 51.51093310000001], [-0.02093470000000202, 51.5109348], [-0.020921100000000088, 51.510961099999996], [-0.020893299999999577, 51.511030999999996], [-0.020851899999998726, 51.51111109999999], [-0.020808699999999982, 51.51116650000001], [-0.02063759999999908, 51.51137159999999], [-0.020566100000000632, 51.5114539], [-0.020272499999999208, 51.5117921], [-0.02002440000000077, 51.51211839999999], [-0.02000610003620908, 51.512201100002464]]}}, {"type": "Feature", "properties": {"u": 406, "v": 408, "key": 0, "length": 193.1, "length_raw": 13156370.028687052}, "geometry": {"type": "LineString", "coordinates": [[-0.02106847679250334, 51.51049230065935], [-0.021014499999999412, 51.51081349999999], [-0.020845500000000294, 51.510810199999995], [-0.020779600000000772, 51.510813500000005], [-0.02075589999999882, 51.51081440000001], [-0.020559700000000212, 51.5108229], [-0.020385900000000883, 51.5108315], [-0.019080400000000573, 51.51089689999999], [-0.01904880000000102, 51.51089859999999], [-0.018749266061337023, 51.51091203969271]]}}, {"type": "Feature", "properties": {"u": 406, "v": 405, "key": 0, "length": 161.4, "length_raw": 12024555.3777948}, "geometry": {"type": "LineString", "coordinates": [[-0.02106847679250334, 51.51049230065935], [-0.021014499999999412, 51.51081349999999], [-0.02127089999999878, 51.5108385], [-0.021320500000000728, 51.5108449], [-0.021378000000000674, 51.510851399999986], [-0.021531600000001157, 51.510868499999994], [-0.021616300000000196, 51.5108798], [-0.022508100000001446, 51.5110199], [-0.02278453862279541, 51.51105428222574]]}}, {"type": "Feature", "properties": {"u": 406, "v": 409, "key": 0, "length": 151.2, "length_raw": 13958189.85213243}, "geometry": {"type": "LineString", "coordinates": [[-0.02106847679250334, 51.51049230065935], [-0.021090800000000062, 51.5101695], [-0.021095700000000515, 51.5100753], [-0.02111010000000076, 51.509959699999996], [-0.02114030000000098, 51.50988439999999], [-0.021172799999999877, 51.5098282], [-0.021243400000000173, 51.5097108], [-0.021281700000000854, 51.5096023], [-0.021301299999999076, 51.50944710000001], [-0.021299800000000303, 51.5094217], [-0.021286499999999875, 51.509396900000006], [-0.021255100000001192, 51.5093735], [-0.02091314977068, 51.50934560049562]]}}, {"type": "Feature", "properties": {"u": 407, "v": 406, "key": 0, "length": 206.0, "length_raw": 15263473.609516699}, "geometry": {"type": "LineString", "coordinates": [[-0.02000610003620908, 51.512201100002464], [-0.02002440000000077, 51.51211839999999], [-0.020272499999999208, 51.5117921], [-0.020566100000000632, 51.5114539], [-0.02063759999999908, 51.51137159999999], [-0.020808699999999982, 51.51116650000001], [-0.020851899999998726, 51.51111109999999], [-0.020893299999999577, 51.511030999999996], [-0.020921100000000088, 51.510961099999996], [-0.02093470000000202, 51.5109348], [-0.02093640000000047, 51.51093310000001], [-0.020958199999999122, 51.51089820000001], [-0.021014499999999412, 51.51081349999999], [-0.02106847679250334, 51.51049230065935]]}}, {"type": "Feature", "properties": {"u": 407, "v": 489, "key": 0, "length": 80.7, "length_raw": 8966596.067811139}, "geometry": {"type": "LineString", "coordinates": [[-0.02000610003620908, 51.512201100002464], [-0.019987800000001325, 51.512283799999985], [-0.019983799999999823, 51.5125648], [-0.020005800000001732, 51.512925900000006]]}}, {"type": "Feature", "properties": {"u": 408, "v": 406, "key": 0, "length": 193.1, "length_raw": 13156370.028687052}, "geometry": {"type": "LineString", "coordinates": [[-0.018749266061337023, 51.51091203969271], [-0.01904880000000102, 51.51089859999999], [-0.019080400000000573, 51.51089689999999], [-0.020385900000000883, 51.5108315], [-0.020559700000000212, 51.5108229], [-0.02075589999999882, 51.51081440000001], [-0.020779600000000772, 51.510813500000005], [-0.020845500000000294, 51.510810199999995], [-0.021014499999999412, 51.51081349999999], [-0.02106847679250334, 51.51049230065935]]}}, {"type": "Feature", "properties": {"u": 408, "v": 433, "key": 0, "length": 83.9, "length_raw": 9335065.906669557}, "geometry": {"type": "LineString", "coordinates": [[-0.018749266061337023, 51.51091203969271], [-0.018447999999999024, 51.510925799999995], [-0.01836470000000091, 51.5109306], [-0.01827629999999949, 51.510935700000005], [-0.017828599999999976, 51.51096140000001], [-0.017541700000001666, 51.5109779]]}}, {"type": "Feature", "properties": {"u": 409, "v": 406, "key": 0, "length": 151.2, "length_raw": 13958189.85213243}, "geometry": {"type": "LineString", "coordinates": [[-0.02091314977068, 51.50934560049562], [-0.021255100000001192, 51.5093735], [-0.021286499999999875, 51.509396900000006], [-0.021299800000000303, 51.5094217], [-0.021301299999999076, 51.50944710000001], [-0.021281700000000854, 51.5096023], [-0.021243400000000173, 51.5097108], [-0.021172799999999877, 51.5098282], [-0.02114030000000098, 51.50988439999999], [-0.02111010000000076, 51.509959699999996], [-0.021095700000000515, 51.5100753], [-0.021090800000000062, 51.5101695], [-0.02106847679250334, 51.51049230065935]]}}, {"type": "Feature", "properties": {"u": 409, "v": 494, "key": 0, "length": 125.0, "length_raw": 13389757.30606659}, "geometry": {"type": "LineString", "coordinates": [[-0.02091314977068, 51.50934560049562], [-0.020571199999999963, 51.509317700000004], [-0.02003259999999948, 51.50925959999999], [-0.019590300000000803, 51.5092222], [-0.01945609999999966, 51.5092009], [-0.01913711632019916, 51.50914993157176]]}}, {"type": "Feature", "properties": {"u": 410, "v": 152, "key": 0, "length": 212.9, "length_raw": 19527546.895339668}, "geometry": {"type": "LineString", "coordinates": [[0.008320500000000026, 51.4948879], [0.008507299999999869, 51.4946921], [0.008537699999999369, 51.49466029999999], [0.009143600000001096, 51.4940262], [0.009360199999999817, 51.493804], [0.009431999999999373, 51.4937526], [0.009510899999999808, 51.4937039], [0.009680999999999539, 51.4936284], [0.00964965738862868, 51.49324369511758]]}}, {"type": "Feature", "properties": {"u": 411, "v": 315, "key": 0, "length": 733.6, "length_raw": 13295980.36650186}, "geometry": {"type": "LineString", "coordinates": [[0.0028195999999991147, 51.514269999999996], [0.0023694000000008485, 51.51411749999999], [0.0020646999999974387, 51.51396159999998], [0.001789799999999664, 51.51378659999999], [0.001518000000000073, 51.5135741], [0.0013084000000000073, 51.513365], [0.0011018000000006718, 51.51307220000001], [0.0009739999999995476, 51.51286], [0.0006031999999989232, 51.51214579999999], [0.000378299999999269, 51.511761400000005], [5.900000000031057e-05, 51.51137250000001], [-0.00021069999999868998, 51.5111224], [-0.00045879999999990837, 51.51092830000001], [-0.0012389000000007195, 51.51047569999999], [-0.0016217999999993322, 51.510294], [-0.0021624000000001697, 51.5100268], [-0.0024880999999991483, 51.509812000000004], [-0.002908300000001246, 51.509450099999995], [-0.003257899999999865, 51.50906400000001]]}}, {"type": "Feature", "properties": {"u": 411, "v": 33, "key": 0, "length": 224.6, "length_raw": 18547232.511297513}, "geometry": {"type": "LineString", "coordinates": [[0.0028195999999991147, 51.514269999999996], [0.002187699999998349, 51.513908900000004], [0.0020550999999986008, 51.51380139999999], [0.001986300000000173, 51.5137281], [0.001890999999999934, 51.5136394], [0.0017588999999997776, 51.5133929], [0.0005183327537478993, 51.51293167097594]]}}, {"type": "Feature", "properties": {"u": 412, "v": 87, "key": 0, "length": 389.0, "length_raw": 9859240.299923232}, "geometry": {"type": "LineString", "coordinates": [[-0.00388450000000003, 51.5085725], [-0.004066400000000219, 51.5084047], [-0.0042779000000008, 51.50827209999999], [-0.004489100000000274, 51.508159], [-0.004665300000000111, 51.50807019999999], [-0.0049090000000008675, 51.50796389999999], [-0.0052405999999998775, 51.50785659999999], [-0.005875699999999858, 51.507691], [-0.006116500000001712, 51.50764379999998], [-0.0065493000000009915, 51.5075866], [-0.006969000000000316, 51.50753879999999], [-0.0073441000000003705, 51.5074888], [-0.007414200000000281, 51.5074594], [-0.007492200000001372, 51.5074087], [-0.007566800000000391, 51.5073397], [-0.008584207246863578, 51.507837784027046]]}}, {"type": "Feature", "properties": {"u": 412, "v": 429, "key": 0, "length": 612.6, "length_raw": 9867116.125490578}, "geometry": {"type": "LineString", "coordinates": [[-0.00388450000000003, 51.5085725], [-0.004715199999999982, 51.50810999999999], [-0.005472299999999305, 51.50789939999999], [-0.005841800000000832, 51.5077881], [-0.006029500000000418, 51.50774599999999], [-0.006533800000001725, 51.50767359999999], [-0.006885100000000785, 51.50763019999999], [-0.0071760000000002, 51.50760789999999], [-0.009213300000001255, 51.5074319], [-0.009769900000000551, 51.5073803], [-0.01100850000000096, 51.507265600000004], [-0.012252400000000776, 51.5071559]]}}, {"type": "Feature", "properties": {"u": 413, "v": 414, "key": 0, "length": 247.9, "length_raw": 6982898.30033455}, "geometry": {"type": "LineString", "coordinates": [[-0.037763700000000774, 51.487665899999996], [-0.03762630000000121, 51.48777059999999], [-0.037581400000000036, 51.4878035], [-0.037541600000001375, 51.48783809999998], [-0.03749929999999959, 51.48787370000001], [-0.03736770000000022, 51.4879885], [-0.037249200000001995, 51.4880915], [-0.037231599999999754, 51.4881056], [-0.03713310000000109, 51.48817369999998], [-0.03702739999999973, 51.48824], [-0.03683820000000057, 51.48834449999999], [-0.036692000000000086, 51.488408899999996], [-0.03651380000000109, 51.4884752], [-0.03630160000000044, 51.4885403], [-0.036111999999999145, 51.48858709999999], [-0.03589869999999948, 51.488623800000006], [-0.03569479999999977, 51.4886472], [-0.035494300000001734, 51.4886617], [-0.035091100000001256, 51.48868309999999], [-0.034808950070769985, 51.48869680034111]]}}, {"type": "Feature", "properties": {"u": 413, "v": 53, "key": 0, "length": 148.3, "length_raw": 14667977.523510238}, "geometry": {"type": "LineString", "coordinates": [[-0.037763700000000774, 51.487665899999996], [-0.037624800000000444, 51.4875682], [-0.03646180000000102, 51.4869616], [-0.0361566000000008, 51.486785700000006]]}}, {"type": "Feature", "properties": {"u": 413, "v": 415, "key": 0, "length": 139.5, "length_raw": 4984042.931602707}, "geometry": {"type": "LineString", "coordinates": [[-0.037763700000000774, 51.487665899999996], [-0.037887200000000086, 51.4877125], [-0.03799680000000113, 51.48776279999999], [-0.03804909999999991, 51.487787700000005], [-0.03810060000000078, 51.48781339999999], [-0.03816159999999986, 51.4878441], [-0.03852420000000018, 51.4880225], [-0.03855300000000067, 51.4880372], [-0.03886550000000065, 51.4881931], [-0.03902690000000049, 51.48827399999999], [-0.03935229999999995, 51.48843599999999]]}}, {"type": "Feature", "properties": {"u": 414, "v": 413, "key": 0, "length": 247.9, "length_raw": 6982898.30033455}, "geometry": {"type": "LineString", "coordinates": [[-0.034808950070769985, 51.48869680034111], [-0.035091100000001256, 51.48868309999999], [-0.035494300000001734, 51.4886617], [-0.03569479999999977, 51.4886472], [-0.03589869999999948, 51.488623800000006], [-0.036111999999999145, 51.48858709999999], [-0.03630160000000044, 51.4885403], [-0.03651380000000109, 51.4884752], [-0.036692000000000086, 51.488408899999996], [-0.03683820000000057, 51.48834449999999], [-0.03702739999999973, 51.48824], [-0.03713310000000109, 51.48817369999998], [-0.037231599999999754, 51.4881056], [-0.037249200000001995, 51.4880915], [-0.03736770000000022, 51.4879885], [-0.03749929999999959, 51.48787370000001], [-0.037541600000001375, 51.48783809999998], [-0.037581400000000036, 51.4878035], [-0.03762630000000121, 51.48777059999999], [-0.037763700000000774, 51.487665899999996]]}}, {"type": "Feature", "properties": {"u": 414, "v": 423, "key": 0, "length": 90.6, "length_raw": 7937529.482373285}, "geometry": {"type": "LineString", "coordinates": [[-0.034808950070769985, 51.48869680034111], [-0.03452680000000165, 51.4887105], [-0.03447299999999932, 51.4883773], [-0.03443449999999975, 51.488216800000004], [-0.0344090000000007, 51.4881546], [-0.034379799999999267, 51.4881016], [-0.03436989999573181, 51.48808115000039]]}}, {"type": "Feature", "properties": {"u": 414, "v": 424, "key": 0, "length": 155.9, "length_raw": 15235671.462077845}, "geometry": {"type": "LineString", "coordinates": [[-0.034808950070769985, 51.48869680034111], [-0.03452680000000165, 51.4887105], [-0.03455160000000103, 51.48888939999999], [-0.03456059999999964, 51.488952499999996], [-0.03458140000000229, 51.4890973], [-0.03457319999999921, 51.489149899999994], [-0.0345789999999994, 51.4892069], [-0.03462980000000021, 51.489544599999995], [-0.03463929999999921, 51.489615900000004], [-0.034643800000000696, 51.4896538], [-0.03465299999999978, 51.4897272], [-0.034654500000001344, 51.48978679999999], [-0.03461125014459248, 51.489930050011644]]}}, {"type": "Feature", "properties": {"u": 415, "v": 413, "key": 0, "length": 139.5, "length_raw": 4984042.931602707}, "geometry": {"type": "LineString", "coordinates": [[-0.03935229999999995, 51.48843599999999], [-0.03902690000000049, 51.48827399999999], [-0.03886550000000065, 51.4881931], [-0.03855300000000067, 51.4880372], [-0.03852420000000018, 51.4880225], [-0.03816159999999986, 51.4878441], [-0.03810060000000078, 51.48781339999999], [-0.03804909999999991, 51.487787700000005], [-0.03799680000000113, 51.48776279999999], [-0.037887200000000086, 51.4877125], [-0.037763700000000774, 51.487665899999996]]}}, {"type": "Feature", "properties": {"u": 415, "v": 416, "key": 0, "length": 119.8, "length_raw": 12691468.141001908}, "geometry": {"type": "LineString", "coordinates": [[-0.03935229999999995, 51.48843599999999], [-0.03977149999999929, 51.488645299999995], [-0.04008669999999929, 51.48880330000001], [-0.0401637000000004, 51.4888423], [-0.04021849999999914, 51.488870000000006], [-0.04044200000000025, 51.488986], [-0.040685761057809744, 51.48912175703778]]}}, {"type": "Feature", "properties": {"u": 416, "v": 415, "key": 0, "length": 119.8, "length_raw": 12691468.141001908}, "geometry": {"type": "LineString", "coordinates": [[-0.040685761057809744, 51.48912175703778], [-0.04044200000000025, 51.488986], [-0.04021849999999914, 51.488870000000006], [-0.0401637000000004, 51.4888423], [-0.04008669999999929, 51.48880330000001], [-0.03977149999999929, 51.488645299999995], [-0.03935229999999995, 51.48843599999999]]}}, {"type": "Feature", "properties": {"u": 416, "v": 417, "key": 0, "length": 158.3, "length_raw": 5391672.721732172}, "geometry": {"type": "LineString", "coordinates": [[-0.040685761057809744, 51.48912175703778], [-0.04093070000000086, 51.48925899999999], [-0.04103199999999978, 51.4893146], [-0.04116889999999935, 51.4893844], [-0.04130139999999966, 51.48945559999999], [-0.041422800000000363, 51.48952599999999], [-0.04153129999999881, 51.4895937], [-0.041604599999999124, 51.4896375], [-0.041671200000002295, 51.489680699999994], [-0.04173759999999902, 51.4897308], [-0.04180179999999851, 51.4897764], [-0.041869700000001564, 51.489823999999984], [-0.0419778999999993, 51.48989780000001], [-0.0419921999999997, 51.489907], [-0.04214499999999989, 51.49000470000001], [-0.04233312046591165, 51.490106058213186]]}}, {"type": "Feature", "properties": {"u": 417, "v": 416, "key": 0, "length": 158.3, "length_raw": 5391672.721732172}, "geometry": {"type": "LineString", "coordinates": [[-0.04233312046591165, 51.490106058213186], [-0.04214499999999989, 51.49000470000001], [-0.0419921999999997, 51.489907], [-0.0419778999999993, 51.48989780000001], [-0.041869700000001564, 51.489823999999984], [-0.04180179999999851, 51.4897764], [-0.04173759999999902, 51.4897308], [-0.041671200000002295, 51.489680699999994], [-0.041604599999999124, 51.4896375], [-0.04153129999999881, 51.4895937], [-0.041422800000000363, 51.48952599999999], [-0.04130139999999966, 51.48945559999999], [-0.04116889999999935, 51.4893844], [-0.04103199999999978, 51.4893146], [-0.04093070000000086, 51.48925899999999], [-0.040685761057809744, 51.48912175703778]]}}, {"type": "Feature", "properties": {"u": 417, "v": 321, "key": 0, "length": 150.0, "length_raw": 8609333.613364942}, "geometry": {"type": "LineString", "coordinates": [[-0.04233312046591165, 51.490106058213186], [-0.04238560000000167, 51.490027999999995], [-0.04248550000000125, 51.4900117], [-0.042545200000001226, 51.4900004], [-0.042623699999999924, 51.489993], [-0.04278730000000019, 51.489998799999995], [-0.04297500000000097, 51.490006300000005], [-0.04325600000000163, 51.490020499999986], [-0.04351410000000104, 51.4900322], [-0.04366539999999967, 51.4900421], [-0.04373970000000037, 51.49004690000001], [-0.04415850000000154, 51.4900736], [-0.04439943676621626, 51.490047054193894]]}}, {"type": "Feature", "properties": {"u": 418, "v": 419, "key": 0, "length": 225.5, "length_raw": 12157160.671557566}, "geometry": {"type": "LineString", "coordinates": [[-0.039642000000000906, 51.5056718], [-0.039387800000001166, 51.505667499999994], [-0.03918119999999985, 51.50566009999999], [-0.038967400000000985, 51.505643799999994], [-0.038744399999998666, 51.505620300000004], [-0.03849640000000007, 51.505577300000006], [-0.03827469999999963, 51.505529], [-0.037919899999999854, 51.50543499999999], [-0.03768879999999906, 51.50536120000001], [-0.03746250000000047, 51.50527079999999], [-0.03714840000000028, 51.5051063], [-0.03695660000000015, 51.50499219999999], [-0.036773500000000306, 51.5048663]]}}, {"type": "Feature", "properties": {"u": 418, "v": 420, "key": 0, "length": 210.5, "length_raw": 7398525.303524383}, "geometry": {"type": "LineString", "coordinates": [[-0.039642000000000906, 51.5056718], [-0.040193000000000485, 51.505664599999996], [-0.04046360000000161, 51.50565219999999], [-0.04080540000000087, 51.505633399999994], [-0.04097510000000045, 51.5056194], [-0.04108930000000084, 51.50560900000001], [-0.04138549999999926, 51.50557990000001], [-0.04162030000000046, 51.50555409999999], [-0.041816900000000004, 51.5055346], [-0.042072000000000276, 51.5054984], [-0.04263950000000149, 51.50539789999999]]}}, {"type": "Feature", "properties": {"u": 419, "v": 421, "key": 0, "length": 185.2, "length_raw": 12644093.121726826}, "geometry": {"type": "LineString", "coordinates": [[-0.036773500000000306, 51.5048663], [-0.03654369999999941, 51.5046658], [-0.036446800000000557, 51.50456779999999], [-0.036413100000000406, 51.5045304], [-0.03628250000000022, 51.5043548], [-0.03617510000000001, 51.504163], [-0.03603180000000081, 51.50383119999999], [-0.03596080000000076, 51.503464099999995], [-0.035928000000000355, 51.50331390000001]]}}, {"type": "Feature", "properties": {"u": 419, "v": 418, "key": 0, "length": 225.5, "length_raw": 12157160.671557566}, "geometry": {"type": "LineString", "coordinates": [[-0.036773500000000306, 51.5048663], [-0.03695660000000015, 51.50499219999999], [-0.03714840000000028, 51.5051063], [-0.03746250000000047, 51.50527079999999], [-0.03768879999999906, 51.50536120000001], [-0.037919899999999854, 51.50543499999999], [-0.03827469999999963, 51.505529], [-0.03849640000000007, 51.505577300000006], [-0.038744399999998666, 51.505620300000004], [-0.038967400000000985, 51.505643799999994], [-0.03918119999999985, 51.50566009999999], [-0.039387800000001166, 51.505667499999994], [-0.039642000000000906, 51.5056718]]}}, {"type": "Feature", "properties": {"u": 420, "v": 418, "key": 0, "length": 210.5, "length_raw": 7398525.303524383}, "geometry": {"type": "LineString", "coordinates": [[-0.04263950000000149, 51.50539789999999], [-0.042072000000000276, 51.5054984], [-0.041816900000000004, 51.5055346], [-0.04162030000000046, 51.50555409999999], [-0.04138549999999926, 51.50557990000001], [-0.04108930000000084, 51.50560900000001], [-0.04097510000000045, 51.5056194], [-0.04080540000000087, 51.505633399999994], [-0.04046360000000161, 51.50565219999999], [-0.040193000000000485, 51.505664599999996], [-0.039642000000000906, 51.5056718]]}}, {"type": "Feature", "properties": {"u": 420, "v": 422, "key": 0, "length": 70.4, "length_raw": 7163477.485496771}, "geometry": {"type": "LineString", "coordinates": [[-0.04263950000000149, 51.50539789999999], [-0.042962400000000206, 51.5053318], [-0.043280100000000155, 51.50525760000001], [-0.04359450000000025, 51.50518019999999]]}}, {"type": "Feature", "properties": {"u": 421, "v": 492, "key": 0, "length": 126.4, "length_raw": 13598799.695743775}, "geometry": {"type": "LineString", "coordinates": [[-0.035928000000000355, 51.50331390000001], [-0.03588250000000095, 51.503100999999994], [-0.0358599000000004, 51.50298009999999], [-0.0358389999999999, 51.5028675], [-0.0357999000000017, 51.50263569999999], [-0.03575009999999968, 51.50242779999999], [-0.035696199740926624, 51.50218670001219]]}}, {"type": "Feature", "properties": {"u": 421, "v": 419, "key": 0, "length": 185.2, "length_raw": 12644093.121726826}, "geometry": {"type": "LineString", "coordinates": [[-0.035928000000000355, 51.50331390000001], [-0.03596080000000076, 51.503464099999995], [-0.03603180000000081, 51.50383119999999], [-0.03617510000000001, 51.504163], [-0.03628250000000022, 51.5043548], [-0.036413100000000406, 51.5045304], [-0.036446800000000557, 51.50456779999999], [-0.03654369999999941, 51.5046658], [-0.036773500000000306, 51.5048663]]}}, {"type": "Feature", "properties": {"u": 422, "v": 420, "key": 0, "length": 70.4, "length_raw": 7163477.485496771}, "geometry": {"type": "LineString", "coordinates": [[-0.04359450000000025, 51.50518019999999], [-0.043280100000000155, 51.50525760000001], [-0.042962400000000206, 51.5053318], [-0.04263950000000149, 51.50539789999999]]}}, {"type": "Feature", "properties": {"u": 422, "v": 208, "key": 0, "length": 160.0, "length_raw": 13393752.938262295}, "geometry": {"type": "LineString", "coordinates": [[-0.04359450000000025, 51.50518019999999], [-0.04384009999999954, 51.5051127], [-0.04401250000000073, 51.505060300000004], [-0.04427319999999913, 51.5049779], [-0.04451760000000035, 51.5048969], [-0.0448242000000003, 51.50478830000001], [-0.04512200000000012, 51.5046688], [-0.0456792314722776, 51.50458145473157]]}}, {"type": "Feature", "properties": {"u": 423, "v": 414, "key": 0, "length": 90.6, "length_raw": 7937529.482373285}, "geometry": {"type": "LineString", "coordinates": [[-0.03436989999573181, 51.48808115000039], [-0.034379799999999267, 51.4881016], [-0.0344090000000007, 51.4881546], [-0.03443449999999975, 51.488216800000004], [-0.03447299999999932, 51.4883773], [-0.03452680000000165, 51.4887105], [-0.034808950070769985, 51.48869680034111]]}}, {"type": "Feature", "properties": {"u": 423, "v": 425, "key": 0, "length": 168.5, "length_raw": 11877324.637125729}, "geometry": {"type": "LineString", "coordinates": [[-0.03436989999573181, 51.48808115000039], [-0.03435999999999978, 51.4880607], [-0.03431749999999951, 51.4879893], [-0.03426720000000187, 51.48793400000001], [-0.03400779999999978, 51.4876986], [-0.03391000000000119, 51.4876098], [-0.033772300000000914, 51.48747989999999], [-0.03351640000000114, 51.48724709999999], [-0.03337700000000043, 51.487117399999995], [-0.033119800000000754, 51.486884], [-0.033037849880351376, 51.4868168500271]]}}, {"type": "Feature", "properties": {"u": 424, "v": 414, "key": 0, "length": 155.9, "length_raw": 15235671.462077845}, "geometry": {"type": "LineString", "coordinates": [[-0.03461125014459248, 51.489930050011644], [-0.034654500000001344, 51.48978679999999], [-0.03465299999999978, 51.4897272], [-0.034643800000000696, 51.4896538], [-0.03463929999999921, 51.489615900000004], [-0.03462980000000021, 51.489544599999995], [-0.0345789999999994, 51.4892069], [-0.03457319999999921, 51.489149899999994], [-0.03458140000000229, 51.4890973], [-0.03456059999999964, 51.488952499999996], [-0.03455160000000103, 51.48888939999999], [-0.03452680000000165, 51.4887105], [-0.034808950070769985, 51.48869680034111]]}}, {"type": "Feature", "properties": {"u": 424, "v": 351, "key": 0, "length": 101.5, "length_raw": 11160315.656902274}, "geometry": {"type": "LineString", "coordinates": [[-0.03461125014459248, 51.489930050011644], [-0.03456799999999964, 51.4900733], [-0.034457100000000296, 51.49027949999999], [-0.03434940000000096, 51.49045799999999], [-0.03430150000000025, 51.4905335], [-0.034254299999999606, 51.4906223], [-0.03420690000000087, 51.49075619999999], [-0.034201999999998435, 51.490803400000004]]}}, {"type": "Feature", "properties": {"u": 425, "v": 423, "key": 0, "length": 168.5, "length_raw": 11877324.637125729}, "geometry": {"type": "LineString", "coordinates": [[-0.033037849880351376, 51.4868168500271], [-0.033119800000000754, 51.486884], [-0.03337700000000043, 51.487117399999995], [-0.03351640000000114, 51.48724709999999], [-0.033772300000000914, 51.48747989999999], [-0.03391000000000119, 51.4876098], [-0.03400779999999978, 51.4876986], [-0.03426720000000187, 51.48793400000001], [-0.03431749999999951, 51.4879893], [-0.03435999999999978, 51.4880607], [-0.03436989999573181, 51.48808115000039]]}}, {"type": "Feature", "properties": {"u": 425, "v": 52, "key": 0, "length": 152.2, "length_raw": 8251938.897157144}, "geometry": {"type": "LineString", "coordinates": [[-0.033037849880351376, 51.4868168500271], [-0.03295589999999938, 51.48674969999999], [-0.03282010000000002, 51.4866294], [-0.032702900000000895, 51.4865257], [-0.032340300000000564, 51.4862096], [-0.03216180000000086, 51.4860455], [-0.031934300000001026, 51.48585119999999], [-0.03183359999999995, 51.48575799999998], [-0.03176550000000079, 51.4857007]]}}, {"type": "Feature", "properties": {"u": 426, "v": 204, "key": 0, "length": 106.2, "length_raw": 8876449.436290618}, "geometry": {"type": "LineString", "coordinates": [[-0.022355999999999338, 51.4900786], [-0.022530200000001204, 51.490214099999996], [-0.022707500000000064, 51.4903539], [-0.022878499999999535, 51.49047749999999], [-0.022887799999999254, 51.4904879], [-0.023220300000000787, 51.4907561], [-0.02330739999999914, 51.490826799999994]]}}, {"type": "Feature", "properties": {"u": 426, "v": 444, "key": 0, "length": 77.8, "length_raw": 7405822.422237561}, "geometry": {"type": "LineString", "coordinates": [[-0.022355999999999338, 51.4900786], [-0.022272200000000044, 51.4901262], [-0.02224129999999976, 51.4901437], [-0.021692200000001095, 51.4904644], [-0.021536900317898993, 51.49055795010862]]}}, {"type": "Feature", "properties": {"u": 426, "v": 449, "key": 0, "length": 106.2, "length_raw": 10493188.698109519}, "geometry": {"type": "LineString", "coordinates": [[-0.022355999999999338, 51.4900786], [-0.022252300000000714, 51.4900121], [-0.02206090000000113, 51.489889199999986], [-0.02165120000000079, 51.4896505], [-0.021225988758775943, 51.48943468166654]]}}, {"type": "Feature", "properties": {"u": 427, "v": 525, "key": 0, "length": 306.4, "length_raw": 5152734.226666702}, "geometry": {"type": "LineString", "coordinates": [[-0.01634680000000158, 51.50735079999999], [-0.016226600000001326, 51.507340199999994], [-0.015997000000001295, 51.5073199], [-0.015561300000000727, 51.5072868], [-0.01536549999999909, 51.507275500000006], [-0.014571599999999851, 51.50724200000001], [-0.014214700000000675, 51.5072329], [-0.013885099999999236, 51.5072294], [-0.013353199999998686, 51.5072332], [-0.012920100000000288, 51.50724099999999], [-0.012641800000000838, 51.5072507], [-0.01227000000000103, 51.50726900000001], [-0.011932800000001109, 51.50728549999999]]}}, {"type": "Feature", "properties": {"u": 428, "v": 30, "key": 0, "length": 513.8, "length_raw": 3202251.0603786567}, "geometry": {"type": "LineString", "coordinates": [[-0.02083110000000005, 51.500814600000005], [-0.021004600000000265, 51.500852599999995], [-0.021057699999998954, 51.500864], [-0.021370399999999803, 51.500931200000004], [-0.021639300000000493, 51.50098740000001], [-0.021900700000000946, 51.50104139999999], [-0.022056999999999063, 51.501071299999985], [-0.02242410000000128, 51.50113759999999], [-0.02284369999999997, 51.501214399999995], [-0.022895000000001563, 51.50122359999999], [-0.023000200000001747, 51.50124639999999], [-0.02314290000000032, 51.5012924], [-0.02337470000000078, 51.5013857], [-0.023452900000001945, 51.50142329999999], [-0.02350340000000045, 51.501453299999994], [-0.023545399999999144, 51.50148409999999], [-0.02357460000000137, 51.5015062], [-0.02361170000000041, 51.5015377], [-0.02364090000000184, 51.501561499999994], [-0.023860399999999865, 51.5017535], [-0.024011200000000888, 51.5018771], [-0.024046200000000923, 51.50190560000001], [-0.024090400000002034, 51.501942], [-0.024359900000000958, 51.50216799999999], [-0.024443399999999546, 51.50223809999999], [-0.024612499999999694, 51.50238180000001], [-0.024673199999998854, 51.50243710000001], [-0.02489780000000098, 51.50263249999998], [-0.025022800000000258, 51.5027517], [-0.025096900000000876, 51.50286019999999], [-0.02512700000000046, 51.5029265], [-0.02513460000000014, 51.5029629], [-0.025154100000001303, 51.5030633], [-0.025168299999999883, 51.50316959999999], [-0.025180300000001214, 51.5032533], [-0.025184500000001202, 51.50328369999999], [-0.02519080000000059, 51.503319699999984], [-0.025204099999999424, 51.50336339999999], [-0.025528447356070474, 51.5039203038408]]}}, {"type": "Feature", "properties": {"u": 428, "v": 527, "key": 0, "length": 167.0, "length_raw": 4074224.552702839}, "geometry": {"type": "LineString", "coordinates": [[-0.02083110000000005, 51.500814600000005], [-0.020273499999999584, 51.50069619999999], [-0.020010500000000517, 51.500643000000004], [-0.01967199999999951, 51.50057170000001], [-0.019381400000000007, 51.500512], [-0.01915120000000055, 51.5004696], [-0.019103799999999428, 51.5004641], [-0.019051500000000245, 51.50045720000001], [-0.01887350000000053, 51.50043399999999], [-0.018821500000000067, 51.50042810000001], [-0.018519799999999375, 51.50039249999999]]}}, {"type": "Feature", "properties": {"u": 429, "v": 432, "key": 0, "length": 116.8, "length_raw": 7819284.466932938}, "geometry": {"type": "LineString", "coordinates": [[-0.012252400000000776, 51.5071559], [-0.012629200000000078, 51.5071395], [-0.013173499999999325, 51.507118600000005], [-0.013693900000001714, 51.507101999999996], [-0.0139379, 51.50710180000001]]}}, {"type": "Feature", "properties": {"u": 430, "v": 442, "key": 0, "length": 131.9, "length_raw": 13432156.453274736}, "geometry": {"type": "LineString", "coordinates": [[-0.004562500000000034, 51.50835879999999], [-0.003936000000000106, 51.5087703], [-0.003681300000001177, 51.50896899999999], [-0.0033463000000000945, 51.5092689]]}}, {"type": "Feature", "properties": {"u": 431, "v": 87, "key": 0, "length": 192.5, "length_raw": 3532225.668612184}, "geometry": {"type": "LineString", "coordinates": [[-0.010506900000001661, 51.50875849999999], [-0.01032920000000146, 51.50876639999999], [-0.01030190000000094, 51.50876759999999], [-0.010150699999999369, 51.5087743], [-0.009899600000000204, 51.508787899999994], [-0.009771600000000595, 51.508796200000006], [-0.009679799999999883, 51.50880109999999], [-0.009620600000001088, 51.50880579999999], [-0.009589100000000577, 51.5088069], [-0.009575000000000247, 51.50880740000001], [-0.008584207246863578, 51.507837784027046]]}}, {"type": "Feature", "properties": {"u": 431, "v": 471, "key": 0, "length": 130.0, "length_raw": 10489404.02361992}, "geometry": {"type": "LineString", "coordinates": [[-0.010506900000001661, 51.50875849999999], [-0.011000899999999694, 51.508775500000006], [-0.01185590000000063, 51.50882800000001], [-0.011860100000000618, 51.50882829999998], [-0.01209400000000127, 51.508842699999995], [-0.01210810000000001, 51.5088436], [-0.012378399890666874, 51.50885990031018]]}}, {"type": "Feature", "properties": {"u": 432, "v": 526, "key": 0, "length": 193.7, "length_raw": 9224568.990503246}, "geometry": {"type": "LineString", "coordinates": [[-0.0139379, 51.50710180000001], [-0.01436610000000073, 51.507105800000005], [-0.014774799999999498, 51.50712089999999], [-0.015223399999999549, 51.507139800000004], [-0.015575499999999704, 51.5071568], [-0.016260700000000426, 51.50721299999999], [-0.016455700000001367, 51.5072308], [-0.016720999817347808, 51.507260150297626]]}}, {"type": "Feature", "properties": {"u": 432, "v": 533, "key": 0, "length": 199.9, "length_raw": 4035434.174278644}, "geometry": {"type": "LineString", "coordinates": [[-0.0139379, 51.50710180000001], [-0.014424900000001363, 51.507056399999996], [-0.014735899999999786, 51.5070516], [-0.015532700000000711, 51.50709930000001], [-0.016248499999999815, 51.50712730000001], [-0.016306799999999268, 51.50711750000001], [-0.016353700000001987, 51.507094699999996], [-0.016387299999999907, 51.50706569999999], [-0.016409700000001966, 51.5070104], [-0.016423000000000007, 51.506969099999985], [-0.016433300000000896, 51.5069145], [-0.016450299999999734, 51.5068269]]}}, {"type": "Feature", "properties": {"u": 433, "v": 434, "key": 0, "length": 94.4, "length_raw": 10149884.480111847}, "geometry": {"type": "LineString", "coordinates": [[-0.017541700000001666, 51.5109779], [-0.017057100000000804, 51.511002399999995], [-0.016785000000000903, 51.51101469999999], [-0.016582300000001243, 51.51102379999999], [-0.01618860000000016, 51.5110442], [-0.016181800000041338, 51.51104450000018]]}}, {"type": "Feature", "properties": {"u": 433, "v": 408, "key": 0, "length": 83.9, "length_raw": 9335065.906669557}, "geometry": {"type": "LineString", "coordinates": [[-0.017541700000001666, 51.5109779], [-0.017828599999999976, 51.51096140000001], [-0.01827629999999949, 51.510935700000005], [-0.01836470000000091, 51.5109306], [-0.018447999999999024, 51.510925799999995], [-0.018749266061337023, 51.51091203969271]]}}, {"type": "Feature", "properties": {"u": 434, "v": 433, "key": 0, "length": 94.4, "length_raw": 10149884.480111847}, "geometry": {"type": "LineString", "coordinates": [[-0.016181800000041338, 51.51104450000018], [-0.01618860000000016, 51.5110442], [-0.016582300000001243, 51.51102379999999], [-0.016785000000000903, 51.51101469999999], [-0.017057100000000804, 51.511002399999995], [-0.017541700000001666, 51.5109779]]}}, {"type": "Feature", "properties": {"u": 434, "v": 435, "key": 0, "length": 149.4, "length_raw": 11698361.424374351}, "geometry": {"type": "LineString", "coordinates": [[-0.016181800000041338, 51.51104450000018], [-0.016175000000001015, 51.5110448], [-0.01603150000000055, 51.51109110000001], [-0.01600189999999976, 51.51109300000001], [-0.015938600000000813, 51.5110977], [-0.015547299999999044, 51.5111164], [-0.015487599999999862, 51.51111920000001], [-0.015438200000000376, 51.51112], [-0.015096599999999199, 51.5111002], [-0.014077039694930198, 51.51126141520748]]}}, {"type": "Feature", "properties": {"u": 435, "v": 40, "key": 0, "length": 112.3, "length_raw": 7227248.031697392}, "geometry": {"type": "LineString", "coordinates": [[-0.014077039694930198, 51.51126141520748], [-0.013384900000000862, 51.511188199999985], [-0.013261600000000833, 51.511192699999995], [-0.013157699999999746, 51.51119659999999], [-0.012983900000002005, 51.51120299999999], [-0.01246649999999955, 51.5112297]]}}, {"type": "Feature", "properties": {"u": 435, "v": 434, "key": 0, "length": 149.1, "length_raw": 11698361.424374351}, "geometry": {"type": "LineString", "coordinates": [[-0.014077039694930198, 51.51126141520748], [-0.015096599999999199, 51.5111002], [-0.015427000000000936, 51.51104609999999], [-0.0155820999999998, 51.511038600000006], [-0.015873200000000882, 51.5110245], [-0.01594470000000092, 51.5110211], [-0.01598730000000063, 51.511019100000006], [-0.016175000000001015, 51.5110448], [-0.016181800000041338, 51.51104450000018]]}}, {"type": "Feature", "properties": {"u": 435, "v": 437, "key": 0, "length": 234.0, "length_raw": 16092673.99440437}, "geometry": {"type": "LineString", "coordinates": [[-0.014077039694930198, 51.51126141520748], [-0.013535700000001885, 51.51165939999999], [-0.013626900000000384, 51.511897499999996], [-0.013737900000000759, 51.512187100000006], [-0.013795600000001972, 51.51230249999998], [-0.013883900000000376, 51.5125174], [-0.013969200000000036, 51.51274159999999], [-0.014008300000000222, 51.51284449999999], [-0.0140643000000002, 51.51300220000001], [-0.014080999999999122, 51.51304780000001], [-0.014135800000001432, 51.51319769999999]]}}, {"type": "Feature", "properties": {"u": 436, "v": 75, "key": 0, "length": 120.0, "length_raw": 9905483.504794482}, "geometry": {"type": "LineString", "coordinates": [[-0.045086000000000105, 51.505347], [-0.044962200000000486, 51.50567230000001], [-0.04464880000000196, 51.505933899999995], [-0.044521699999999706, 51.50604679999999], [-0.04441290000000175, 51.5061304], [-0.044217750528742224, 51.50625400017204]]}}, {"type": "Feature", "properties": {"u": 436, "v": 208, "key": 0, "length": 143.3, "length_raw": 10207446.543696517}, "geometry": {"type": "LineString", "coordinates": [[-0.045086000000000105, 51.505347], [-0.045119199999999464, 51.5052691], [-0.04517199999999983, 51.5052102], [-0.04545180000000004, 51.50503539999999], [-0.046174200000000436, 51.5046899], [-0.0456792314722776, 51.50458145473157]]}}, {"type": "Feature", "properties": {"u": 437, "v": 435, "key": 0, "length": 234.0, "length_raw": 16092673.99440437}, "geometry": {"type": "LineString", "coordinates": [[-0.014135800000001432, 51.51319769999999], [-0.014080999999999122, 51.51304780000001], [-0.0140643000000002, 51.51300220000001], [-0.014008300000000222, 51.51284449999999], [-0.013969200000000036, 51.51274159999999], [-0.013883900000000376, 51.5125174], [-0.013795600000001972, 51.51230249999998], [-0.013737900000000759, 51.512187100000006], [-0.013626900000000384, 51.511897499999996], [-0.013535700000001885, 51.51165939999999], [-0.014077039694930198, 51.51126141520748]]}}, {"type": "Feature", "properties": {"u": 437, "v": 554, "key": 0, "length": 83.7, "length_raw": 8903122.463180128}, "geometry": {"type": "LineString", "coordinates": [[-0.014135800000001432, 51.51319769999999], [-0.01428190000000049, 51.5135766], [-0.01439839999999995, 51.51387090000001], [-0.014410999999999518, 51.5139019], [-0.014422099999999913, 51.5139293]]}}, {"type": "Feature", "properties": {"u": 438, "v": 312, "key": 0, "length": 213.7, "length_raw": 3254914.192844532}, "geometry": {"type": "LineString", "coordinates": [[-0.023603128387271074, 51.48086283284394], [-0.022593300000000472, 51.4807885], [-0.022386600000000107, 51.48081289999999], [-0.022319000000000935, 51.480821199999994], [-0.02209450000000024, 51.48084889999999], [-0.021720899999998166, 51.480887900000006], [-0.021330000000000918, 51.480929899999985], [-0.020940300000000148, 51.4809748], [-0.02086789999999957, 51.480982499999996], [-0.0207966000000012, 51.48099009999999], [-0.02059950000000126, 51.4810114], [-0.02055695000407357, 51.481016100007764]]}}, {"type": "Feature", "properties": {"u": 438, "v": 396, "key": 0, "length": 167.3, "length_raw": 17090216.272294316}, "geometry": {"type": "LineString", "coordinates": [[-0.023603128387271074, 51.48086283284394], [-0.023124700000000636, 51.480453000000004], [-0.023124400000000322, 51.48036210000001], [-0.023103900000001166, 51.480154899999995], [-0.023094200000000502, 51.4800899], [-0.02307629999999914, 51.480002000000006], [-0.023054399999999853, 51.4799266], [-0.02304149999999918, 51.4798809], [-0.02302140000000097, 51.479760299999995], [-0.023019799999999174, 51.4797457], [-0.023009100000000123, 51.47964600000001], [-0.0230117500265668, 51.47945940000275]]}}, {"type": "Feature", "properties": {"u": 438, "v": 439, "key": 0, "length": 302.3, "length_raw": 10098567.454459252}, "geometry": {"type": "LineString", "coordinates": [[-0.023603128387271074, 51.48086283284394], [-0.02479120000000027, 51.481167500000005], [-0.025166200000000884, 51.4812559], [-0.025295800000000698, 51.48128499999999], [-0.025426600000000563, 51.48131440000001], [-0.025512899999999804, 51.4813329], [-0.026006100000000316, 51.4814307], [-0.026057200000000242, 51.48144099999999], [-0.02611230000000167, 51.4814524], [-0.02618129999999978, 51.4814678], [-0.02634349999999912, 51.4815041], [-0.026303073990980932, 51.48060952531835]]}}, {"type": "Feature", "properties": {"u": 439, "v": 440, "key": 0, "length": 356.8, "length_raw": 5753173.475884415}, "geometry": {"type": "LineString", "coordinates": [[-0.026303073990980932, 51.48060952531835], [-0.026123500000000317, 51.4795375], [-0.02607770000000099, 51.47895389999999], [-0.02605250000000106, 51.478726099999996], [-0.02604750000000077, 51.4784755], [-0.02600630000000119, 51.47796919999999], [-0.02598660000000074, 51.4778749], [-0.02596449999999979, 51.477671199999996], [-0.025945099999999652, 51.47760989999999], [-0.025625899972627486, 51.477608550434724]]}}, {"type": "Feature", "properties": {"u": 439, "v": 135, "key": 0, "length": 130.3, "length_raw": 7433018.31647311}, "geometry": {"type": "LineString", "coordinates": [[-0.026303073990980932, 51.48060952531835], [-0.026333100000001972, 51.48101509999999], [-0.0264388999999988, 51.481010100000006], [-0.026865800000000436, 51.48099069999999], [-0.02712559999999989, 51.480965999999995], [-0.027195800000000436, 51.48095800000001], [-0.02726419999999911, 51.480950199999995], [-0.02755149999999956, 51.48091619999999]]}}, {"type": "Feature", "properties": {"u": 439, "v": 438, "key": 0, "length": 302.3, "length_raw": 10098567.454459252}, "geometry": {"type": "LineString", "coordinates": [[-0.026303073990980932, 51.48060952531835], [-0.02634349999999912, 51.4815041], [-0.02618129999999978, 51.4814678], [-0.02611230000000167, 51.4814524], [-0.026057200000000242, 51.48144099999999], [-0.026006100000000316, 51.4814307], [-0.025512899999999804, 51.4813329], [-0.025426600000000563, 51.48131440000001], [-0.025295800000000698, 51.48128499999999], [-0.025166200000000884, 51.4812559], [-0.02479120000000027, 51.481167500000005], [-0.023603128387271074, 51.48086283284394]]}}, {"type": "Feature", "properties": {"u": 439, "v": 51, "key": 0, "length": 461.3, "length_raw": 8409246.733633785}, "geometry": {"type": "LineString", "coordinates": [[-0.026303073990980932, 51.48060952531835], [-0.02663179999999915, 51.4815714], [-0.027020499999999944, 51.48168029999999], [-0.02708500000000093, 51.48169949999999], [-0.027152300000001777, 51.48172129999999], [-0.027408400000000038, 51.4818022], [-0.027551600000000193, 51.481850400000006], [-0.027779600000000414, 51.48193779999999], [-0.02805370000000147, 51.4820535], [-0.02901380000000076, 51.4824688], [-0.029210800000002052, 51.4825628], [-0.029345200000000887, 51.482628600000005], [-0.029403900000000885, 51.4826573], [-0.02975499999999987, 51.4828292], [-0.029973899999999255, 51.48293710000001], [-0.030012900000000398, 51.4829562], [-0.03006590000000084, 51.4829828], [-0.03058710000000035, 51.4832288], [-0.03082509999999956, 51.483342300000004]]}}, {"type": "Feature", "properties": {"u": 440, "v": 439, "key": 0, "length": 356.8, "length_raw": 5753173.475884415}, "geometry": {"type": "LineString", "coordinates": [[-0.025625899972627486, 51.477608550434724], [-0.025945099999999652, 51.47760989999999], [-0.02596449999999979, 51.477671199999996], [-0.02598660000000074, 51.4778749], [-0.02600630000000119, 51.47796919999999], [-0.02604750000000077, 51.4784755], [-0.02605250000000106, 51.478726099999996], [-0.02607770000000099, 51.47895389999999], [-0.026123500000000317, 51.4795375], [-0.026303073990980932, 51.48060952531835]]}}, {"type": "Feature", "properties": {"u": 440, "v": 345, "key": 0, "length": 223.5, "length_raw": 8369535.314083835}, "geometry": {"type": "LineString", "coordinates": [[-0.025625899972627486, 51.477608550434724], [-0.02530669999999903, 51.47760720000001], [-0.024720599999999975, 51.477608499999995], [-0.024291199999999985, 51.4776107], [-0.024109500000000665, 51.47761400000001], [-0.02404309999999916, 51.47761400000001], [-0.02399270000000089, 51.47761399999999], [-0.023220300000000787, 51.477618], [-0.023152499999999156, 51.4776183], [-0.022989700000001972, 51.47762219999999], [-0.022966100000000655, 51.4776233], [-0.022927099999999118, 51.47762500000001], [-0.022886999999999748, 51.4776256], [-0.02280479999999986, 51.47762869999999], [-0.02268870000000214, 51.4776412], [-0.022647303861210177, 51.47746417647377]]}}, {"type": "Feature", "properties": {"u": 441, "v": 470, "key": 0, "length": 214.2, "length_raw": 8847695.294241337}, "geometry": {"type": "LineString", "coordinates": [[-0.0068069000000012085, 51.48896119999999], [-0.00685040000000106, 51.488895899999996], [-0.0069145000000014984, 51.48883839999999], [-0.006999200000000934, 51.4887853], [-0.007178300000000468, 51.48870219999999], [-0.007378200000000267, 51.4886169], [-0.007548200000000556, 51.488553499999995], [-0.007739600000000539, 51.4884872], [-0.009075200000000432, 51.488041700000004], [-0.009389799999999414, 51.48794620000001]]}}, {"type": "Feature", "properties": {"u": 441, "v": 195, "key": 0, "length": 230.8, "length_raw": 13933901.911068114}, "geometry": {"type": "LineString", "coordinates": [[-0.0068069000000012085, 51.48896119999999], [-0.006758500000000906, 51.48906169999999], [-0.0066789000000004066, 51.489227799999995], [-0.006571899999999149, 51.4894386], [-0.006316900000000705, 51.48995870000001], [-0.005990799999999588, 51.49065040000001], [-0.005875299999999708, 51.49088549999999], [-0.005845400000001787, 51.49094829999999]]}}, {"type": "Feature", "properties": {"u": 442, "v": 215, "key": 0, "length": 364.4, "length_raw": 13225423.158765662}, "geometry": {"type": "LineString", "coordinates": [[-0.0033463000000000945, 51.5092689], [-0.003174100000001762, 51.509472599999995], [-0.002976000000000652, 51.5096757], [-0.002522099999999206, 51.510056299999995], [-0.0023500000000007126, 51.51018340000001], [-0.002215400000000213, 51.510274499999994], [-0.0021010000000013427, 51.5103387], [-0.0019744000000006695, 51.51039800000001], [-0.0018215000000002487, 51.51045879999999], [-0.0016606000000007966, 51.5105098], [-0.0014542000000011387, 51.510574099999985], [-0.0011987000000003192, 51.51061659999999], [-0.000959499999999862, 51.51063460000001], [-0.0006689999999998019, 51.5106339], [-0.0002925000000008119, 51.51060259999999], [-0.00014840000000091594, 51.510607699999994], [-6.660000000157698e-05, 51.5106325], [-1.670000000011486e-05, 51.5106504], [1.9099999999824264e-05, 51.51066579999999], [7.74999999987166e-05, 51.51069100000001], [0.00018639999999969415, 51.51073989999998], [0.0008488680911364792, 51.510715885766665]]}}, {"type": "Feature", "properties": {"u": 442, "v": 217, "key": 0, "length": 692.6, "length_raw": 16793011.19554928}, "geometry": {"type": "LineString", "coordinates": [[-0.0033463000000000945, 51.5092689], [-0.003116999999999979, 51.5094456], [-0.0028863000000001328, 51.509630699999995], [-0.0025695000000007222, 51.509869699999996], [-0.0023910999999992646, 51.51000520000001], [-0.002171600000000845, 51.51012579999999], [-0.0016406000000008328, 51.510397], [-0.0005896999999984208, 51.5109863], [-0.00034079999999928724, 51.511174700000005], [-9.119999999969166e-05, 51.51140060000001], [0.0002845000000001903, 51.5118658], [0.00045860000000062833, 51.5121784], [0.0008587999999983886, 51.51295249999999], [0.0009068999999995717, 51.513044], [0.0009632000000002589, 51.51313960000001], [0.0010126999999987877, 51.513214299999994], [0.0010983999999985986, 51.5133275], [0.0012664000000001232, 51.5135104], [0.0014917999999997664, 51.5137127], [0.0017340999999995999, 51.5138878], [0.0020287999999988532, 51.514059200000005], [0.0023550999999988526, 51.51423189999999]]}}, {"type": "Feature", "properties": {"u": 443, "v": 342, "key": 0, "length": 65.9, "length_raw": 7129236.39001416}, "geometry": {"type": "LineString", "coordinates": [[-0.008655800000001419, 51.4714799], [-0.00862170000000033, 51.471665], [-0.008515500000000566, 51.4719782], [-0.008503100000000279, 51.4720137], [-0.008494000000001431, 51.472041999999995], [-0.008525099993975832, 51.47205065000404]]}}, {"type": "Feature", "properties": {"u": 443, "v": 562, "key": 0, "length": 138.7, "length_raw": 15108503.121488823}, "geometry": {"type": "LineString", "coordinates": [[-0.008655800000001419, 51.4714799], [-0.008702300000000013, 51.471323399999996], [-0.00885900000000067, 51.4707964], [-0.008936700000000257, 51.470483300000005], [-0.008934600000002846, 51.4703349], [-0.008933300000000172, 51.47024820000001]]}}, {"type": "Feature", "properties": {"u": 444, "v": 445, "key": 0, "length": 83.7, "length_raw": 5773953.107179561}, "geometry": {"type": "LineString", "coordinates": [[-0.021536900317898993, 51.49055795010862], [-0.021381599999999244, 51.490651500000006], [-0.021008799999999456, 51.4908978], [-0.020867100000000464, 51.49097849999999], [-0.020659900000002094, 51.4910734]]}}, {"type": "Feature", "properties": {"u": 444, "v": 426, "key": 0, "length": 77.8, "length_raw": 7405822.422237561}, "geometry": {"type": "LineString", "coordinates": [[-0.021536900317898993, 51.49055795010862], [-0.021692200000001095, 51.4904644], [-0.02224129999999976, 51.4901437], [-0.022272200000000044, 51.4901262], [-0.022355999999999338, 51.4900786]]}}, {"type": "Feature", "properties": {"u": 445, "v": 446, "key": 0, "length": 82.1, "length_raw": 5403670.6709584575}, "geometry": {"type": "LineString", "coordinates": [[-0.020659900000002094, 51.4910734], [-0.020434500000000463, 51.491116], [-0.020190499999999792, 51.491134800000005], [-0.019633299999999076, 51.4911059], [-0.019488900000000857, 51.491099]]}}, {"type": "Feature", "properties": {"u": 445, "v": 444, "key": 0, "length": 83.7, "length_raw": 5773953.107179561}, "geometry": {"type": "LineString", "coordinates": [[-0.020659900000002094, 51.4910734], [-0.020867100000000464, 51.49097849999999], [-0.021008799999999456, 51.4908978], [-0.021381599999999244, 51.490651500000006], [-0.021536900317898993, 51.49055795010862]]}}, {"type": "Feature", "properties": {"u": 446, "v": 448, "key": 0, "length": 104.2, "length_raw": 6772534.596610125}, "geometry": {"type": "LineString", "coordinates": [[-0.019488900000000857, 51.491099], [-0.019062500000001596, 51.491072700000004], [-0.018535500000000704, 51.4910485], [-0.0183241999999998, 51.4910382], [-0.017988699999999126, 51.49102]]}}, {"type": "Feature", "properties": {"u": 446, "v": 445, "key": 0, "length": 82.1, "length_raw": 5403670.6709584575}, "geometry": {"type": "LineString", "coordinates": [[-0.019488900000000857, 51.491099], [-0.019633299999999076, 51.4911059], [-0.020190499999999792, 51.491134800000005], [-0.020434500000000463, 51.491116], [-0.020659900000002094, 51.4910734]]}}, {"type": "Feature", "properties": {"u": 447, "v": 516, "key": 0, "length": 231.3, "length_raw": 5492072.0797293065}, "geometry": {"type": "LineString", "coordinates": [[-0.0054765712678262815, 51.51501674886819], [-0.006370200000000662, 51.5152343], [-0.00662110000000015, 51.51525089999999], [-0.006854400000000973, 51.515253400000006], [-0.006999599999999493, 51.51524069999999], [-0.0075168000000002825, 51.51517619999999], [-0.008182099999998893, 51.515094600000005], [-0.008248999999999986, 51.5150693], [-0.008296399999999515, 51.515042799999996], [-0.008330200000001087, 51.5150082], [-0.00835239999999989, 51.514974800000005], [-0.008376100000002636, 51.51491879999998], [-0.008392800000000365, 51.5148574], [-0.008394299999999934, 51.5148034]]}}, {"type": "Feature", "properties": {"u": 447, "v": 465, "key": 0, "length": 511.7, "length_raw": 7851816.507793077}, "geometry": {"type": "LineString", "coordinates": [[-0.0054765712678262815, 51.51501674886819], [-0.006370200000000662, 51.5152343], [-0.006586400000000028, 51.5152728], [-0.0067245000000004515, 51.5153075], [-0.006847600000000803, 51.515319799999986], [-0.00695500000000062, 51.515321199999995], [-0.007953700000001302, 51.515189099999986], [-0.00806549999999999, 51.5151802], [-0.008225299999999625, 51.5151775], [-0.008385199999999496, 51.51519509999999], [-0.00851490000000034, 51.515215], [-0.008670900000001331, 51.515263399999995], [-0.008809400000000711, 51.51532389999999], [-0.00890440000000064, 51.515384899999994], [-0.008985699999999194, 51.51546340000001], [-0.009042000000000279, 51.5155328], [-0.009082600000000829, 51.515609700000006], [-0.009343700000000572, 51.51629919999999], [-0.009516800000001033, 51.51669869999999], [-0.009585200000000106, 51.5168932], [-0.009760699999999877, 51.517477799999995], [-0.00977210000000098, 51.5175225], [-0.009760299999999727, 51.51764839999999]]}}, {"type": "Feature", "properties": {"u": 447, "v": 219, "key": 0, "length": 144.1, "length_raw": 3729556.1152113643}, "geometry": {"type": "LineString", "coordinates": [[-0.0054765712678262815, 51.51501674886819], [-0.00452140000000029, 51.5147514], [-0.004022100000000067, 51.5146126], [-0.004020500000000261, 51.5146122], [-0.003571399999999824, 51.514493]]}}, {"type": "Feature", "properties": {"u": 448, "v": 529, "key": 0, "length": 115.0, "length_raw": 5453649.506440004}, "geometry": {"type": "LineString", "coordinates": [[-0.017988699999999126, 51.49102], [-0.017565199999999566, 51.4909914], [-0.01733800000000004, 51.4909588], [-0.017228099999999483, 51.49093160000001], [-0.01707450000000019, 51.4908923], [-0.01699190000000055, 51.4908742], [-0.016893800000000053, 51.4908598], [-0.0165855999999999, 51.490841299999985], [-0.016366500000001234, 51.4908276]]}}, {"type": "Feature", "properties": {"u": 448, "v": 446, "key": 0, "length": 104.2, "length_raw": 6772534.596610125}, "geometry": {"type": "LineString", "coordinates": [[-0.017988699999999126, 51.49102], [-0.0183241999999998, 51.4910382], [-0.018535500000000704, 51.4910485], [-0.019062500000001596, 51.491072700000004], [-0.019488900000000857, 51.491099]]}}, {"type": "Feature", "properties": {"u": 449, "v": 426, "key": 0, "length": 106.2, "length_raw": 10493188.698109519}, "geometry": {"type": "LineString", "coordinates": [[-0.021225988758775943, 51.48943468166654], [-0.02165120000000079, 51.4896505], [-0.02206090000000113, 51.489889199999986], [-0.022252300000000714, 51.4900121], [-0.022355999999999338, 51.4900786]]}}, {"type": "Feature", "properties": {"u": 449, "v": 379, "key": 0, "length": 105.2, "length_raw": 4795529.621844565}, "geometry": {"type": "LineString", "coordinates": [[-0.021225988758775943, 51.48943468166654], [-0.020787700000000436, 51.48921529999999], [-0.020643999999999496, 51.489147200000005], [-0.02028589999999947, 51.488981599999995], [-0.020018600000001375, 51.488860499999994]]}}, {"type": "Feature", "properties": {"u": 450, "v": 107, "key": 0, "length": 128.9, "length_raw": 12885404.935523953}, "geometry": {"type": "LineString", "coordinates": [[-0.02011760000000002, 51.47508629999999], [-0.01968580000000271, 51.47538049999999], [-0.019311899999999924, 51.4756259], [-0.019233000000000684, 51.4756727], [-0.019132200000002552, 51.4757301], [-0.01896040000000079, 51.47582559999999], [-0.018797700000000264, 51.47590019999999]]}}, {"type": "Feature", "properties": {"u": 450, "v": 4, "key": 0, "length": 139.9, "length_raw": 7284754.455273548}, "geometry": {"type": "LineString", "coordinates": [[-0.02011760000000002, 51.47508629999999], [-0.02016959999999969, 51.475049999999996], [-0.02027220000000128, 51.4749775], [-0.02046540000000035, 51.47483789999999], [-0.020598000000000494, 51.47474189999998], [-0.020641899999999304, 51.4747106], [-0.020734200000001597, 51.4746449], [-0.020915799999999884, 51.4745111], [-0.021011700000000747, 51.4744452], [-0.02105269999999986, 51.474415099999995], [-0.02108749999999942, 51.474393299999996], [-0.02123330000000254, 51.47430429999999], [-0.02153250685328003, 51.47420511807805]]}}, {"type": "Feature", "properties": {"u": 451, "v": 4, "key": 0, "length": 166.8, "length_raw": 15791592.080800086}, "geometry": {"type": "LineString", "coordinates": [[-0.019409299201406015, 51.473551250415284], [-0.019725599999999382, 51.47366490000001], [-0.020000900000000484, 51.473775399999994], [-0.020151800000000154, 51.47384490000001], [-0.020411299999999695, 51.473956], [-0.020571800000002576, 51.4740203], [-0.020845100000001737, 51.47412969999999], [-0.02153250685328003, 51.47420511807805]]}}, {"type": "Feature", "properties": {"u": 451, "v": 225, "key": 0, "length": 93.0, "length_raw": 8099672.216037584}, "geometry": {"type": "LineString", "coordinates": [[-0.019409299201406015, 51.473551250415284], [-0.01909300000000173, 51.473437600000004], [-0.018770299999999508, 51.473339200000005], [-0.01854859999999867, 51.4732776], [-0.018380900000000637, 51.4732369], [-0.01826390000000079, 51.47321790000001], [-0.01819180000000132, 51.473207599999995]]}}, {"type": "Feature", "properties": {"u": 452, "v": 453, "key": 0, "length": 111.0, "length_raw": 10653647.764366236}, "geometry": {"type": "LineString", "coordinates": [[-0.05123405653554376, 51.47332325565005], [-0.051413599999999865, 51.47325719999999], [-0.05148040000000032, 51.47323620000001], [-0.05156950000000141, 51.473212499999995], [-0.0519176999999999, 51.47312419999999], [-0.052454900000000255, 51.473014199999994], [-0.05252450000000177, 51.47300229999998], [-0.05272810000000117, 51.47297369999998]]}}, {"type": "Feature", "properties": {"u": 452, "v": 454, "key": 0, "length": 76.4, "length_raw": 4599393.911526209}, "geometry": {"type": "LineString", "coordinates": [[-0.05123405653554376, 51.47332325565005], [-0.05104740000000176, 51.473380199999994], [-0.050628199999999644, 51.47351859999999], [-0.05024870000000032, 51.473632699999996]]}}, {"type": "Feature", "properties": {"u": 453, "v": 455, "key": 0, "length": 148.0, "length_raw": 16402884.60929749}, "geometry": {"type": "LineString", "coordinates": [[-0.05272810000000117, 51.47297369999998], [-0.052729300000001623, 51.47303519999999], [-0.05272840000000148, 51.47308409999999], [-0.05272869999999941, 51.47312889999999], [-0.05272460000000085, 51.47367959999999], [-0.05272200000000027, 51.4743043]]}}, {"type": "Feature", "properties": {"u": 453, "v": 456, "key": 0, "length": 211.1, "length_raw": 13820386.28906774}, "geometry": {"type": "LineString", "coordinates": [[-0.05272810000000117, 51.47297369999998], [-0.05272390000000078, 51.47290069999999], [-0.052713499999999656, 51.47286080000001], [-0.05269950000000155, 51.472820199999994], [-0.05263260000000006, 51.4726259], [-0.052562600000000785, 51.47241119999998], [-0.05250289999999962, 51.47223429999999], [-0.05234730000000037, 51.47177949999999], [-0.0522357999999996, 51.4714587], [-0.05221620000000098, 51.4714038], [-0.05217230000000098, 51.47128109999999], [-0.052114449801540355, 51.47111505001294]]}}, {"type": "Feature", "properties": {"u": 453, "v": 457, "key": 0, "length": 144.4, "length_raw": 15953355.007402942}, "geometry": {"type": "LineString", "coordinates": [[-0.05272810000000117, 51.47297369999998], [-0.05288909999999887, 51.4729612], [-0.05294120000000235, 51.47295749999999], [-0.05301070000000085, 51.47295460000001], [-0.053144600000000486, 51.472948599999995], [-0.05356309999999976, 51.4729413], [-0.0540659000000007, 51.47297279999999], [-0.05457889999999991, 51.473014], [-0.05480214989596091, 51.47303355021121]]}}, {"type": "Feature", "properties": {"u": 453, "v": 452, "key": 0, "length": 111.0, "length_raw": 10653647.764366236}, "geometry": {"type": "LineString", "coordinates": [[-0.05272810000000117, 51.47297369999998], [-0.05252450000000177, 51.47300229999998], [-0.052454900000000255, 51.473014199999994], [-0.0519176999999999, 51.47312419999999], [-0.05156950000000141, 51.473212499999995], [-0.05148040000000032, 51.47323620000001], [-0.051413599999999865, 51.47325719999999], [-0.05123405653554376, 51.47332325565005]]}}, {"type": "Feature", "properties": {"u": 454, "v": 452, "key": 0, "length": 76.4, "length_raw": 4599393.911526209}, "geometry": {"type": "LineString", "coordinates": [[-0.05024870000000032, 51.473632699999996], [-0.050628199999999644, 51.47351859999999], [-0.05104740000000176, 51.473380199999994], [-0.05123405653554376, 51.47332325565005]]}}, {"type": "Feature", "properties": {"u": 454, "v": 502, "key": 0, "length": 89.8, "length_raw": 3329002.3370005344}, "geometry": {"type": "LineString", "coordinates": [[-0.05024870000000032, 51.473632699999996], [-0.04963520000000051, 51.47379579999999], [-0.04933750000000053, 51.473859199999985], [-0.04926000000000101, 51.4738757], [-0.049201300000000614, 51.47388769999999], [-0.04903570000000039, 51.47391600000001]]}}, {"type": "Feature", "properties": {"u": 455, "v": 453, "key": 0, "length": 148.0, "length_raw": 16402884.60929749}, "geometry": {"type": "LineString", "coordinates": [[-0.05272200000000027, 51.4743043], [-0.05272460000000085, 51.47367959999999], [-0.05272869999999941, 51.47312889999999], [-0.05272840000000148, 51.47308409999999], [-0.052729300000001623, 51.47303519999999], [-0.05272810000000117, 51.47297369999998]]}}, {"type": "Feature", "properties": {"u": 455, "v": 92, "key": 0, "length": 259.1, "length_raw": 11172447.706407458}, "geometry": {"type": "LineString", "coordinates": [[-0.05272200000000027, 51.4743043], [-0.052719200000002, 51.47449050000001], [-0.05271220000000056, 51.47502789999999], [-0.05271109999999915, 51.475459699999995], [-0.05271080000000043, 51.47591459999999], [-0.05270770000000145, 51.4762356], [-0.052706699999999884, 51.476349799999994], [-0.05270279999999941, 51.4766344]]}}, {"type": "Feature", "properties": {"u": 456, "v": 453, "key": 0, "length": 211.1, "length_raw": 13820386.28906774}, "geometry": {"type": "LineString", "coordinates": [[-0.052114449801540355, 51.47111505001294], [-0.05217230000000098, 51.47128109999999], [-0.05221620000000098, 51.4714038], [-0.0522357999999996, 51.4714587], [-0.05234730000000037, 51.47177949999999], [-0.05250289999999962, 51.47223429999999], [-0.052562600000000785, 51.47241119999998], [-0.05263260000000006, 51.4726259], [-0.05269950000000155, 51.472820199999994], [-0.052713499999999656, 51.47286080000001], [-0.05272390000000078, 51.47290069999999], [-0.05272810000000117, 51.47297369999998]]}}, {"type": "Feature", "properties": {"u": 457, "v": 210, "key": 0, "length": 100.8, "length_raw": 10255348.091610689}, "geometry": {"type": "LineString", "coordinates": [[-0.05480214989596091, 51.47303355021121], [-0.05502540000000096, 51.473053099999994], [-0.05517909999999969, 51.47307059999999], [-0.05534060000000016, 51.4730996], [-0.05547669999999944, 51.473126099999995], [-0.05558410000000005, 51.4731579], [-0.056160099999999484, 51.473336599999996]]}}, {"type": "Feature", "properties": {"u": 457, "v": 453, "key": 0, "length": 144.4, "length_raw": 15953355.007402942}, "geometry": {"type": "LineString", "coordinates": [[-0.05480214989596091, 51.47303355021121], [-0.05457889999999991, 51.473014], [-0.0540659000000007, 51.47297279999999], [-0.05356309999999976, 51.4729413], [-0.053144600000000486, 51.472948599999995], [-0.05301070000000085, 51.47295460000001], [-0.05294120000000235, 51.47295749999999], [-0.05288909999999887, 51.4729612], [-0.05272810000000117, 51.47297369999998]]}}, {"type": "Feature", "properties": {"u": 458, "v": 459, "key": 0, "length": 173.4, "length_raw": 16312138.204503227}, "geometry": {"type": "LineString", "coordinates": [[-0.03377670000000098, 51.5034634], [-0.03355090000000039, 51.50301379999999], [-0.03335229999999969, 51.5026182], [-0.033325399999999714, 51.5024658], [-0.03332270000000049, 51.502419899999985], [-0.033331299999998155, 51.50220600000001], [-0.03333820000000015, 51.5021005], [-0.03334139999999937, 51.501945600000006]]}}, {"type": "Feature", "properties": {"u": 458, "v": 460, "key": 0, "length": 120.1, "length_raw": 12038897.384717576}, "geometry": {"type": "LineString", "coordinates": [[-0.03377670000000098, 51.5034634], [-0.033860299999999406, 51.50363010000001], [-0.03396420000000089, 51.5038535], [-0.034057800000001484, 51.50404029999999], [-0.03408239999999999, 51.504092899999996], [-0.03411370000000082, 51.504158499999996], [-0.03414899999999998, 51.5042327], [-0.03417750000000016, 51.50430450000001], [-0.03418229999999918, 51.504355800000006], [-0.034174000000001425, 51.5045072]]}}, {"type": "Feature", "properties": {"u": 459, "v": 461, "key": 0, "length": 298.7, "length_raw": 8658107.57499644}, "geometry": {"type": "LineString", "coordinates": [[-0.03334139999999937, 51.501945600000006], [-0.03333990000000099, 51.5016804], [-0.03333379999999969, 51.50152219999999], [-0.03333450000000135, 51.5013826], [-0.03333499999999975, 51.5012784], [-0.033335900000000286, 51.5008083], [-0.03333600000000012, 51.50080479999999], [-0.033342399999998946, 51.5005869], [-0.033351499999999784, 51.5002766], [-0.03341750000000034, 51.50020659999999], [-0.03347309999999977, 51.500189], [-0.03356210000000142, 51.50016089999999], [-0.034061200000000375, 51.500105999999995], [-0.03477190652275762, 51.499833993133436]]}}, {"type": "Feature", "properties": {"u": 459, "v": 458, "key": 0, "length": 173.4, "length_raw": 16312138.204503227}, "geometry": {"type": "LineString", "coordinates": [[-0.03334139999999937, 51.501945600000006], [-0.03333820000000015, 51.5021005], [-0.033331299999998155, 51.50220600000001], [-0.03332270000000049, 51.502419899999985], [-0.033325399999999714, 51.5024658], [-0.03335229999999969, 51.5026182], [-0.03355090000000039, 51.50301379999999], [-0.03377670000000098, 51.5034634]]}}, {"type": "Feature", "properties": {"u": 460, "v": 462, "key": 0, "length": 133.9, "length_raw": 14599681.910856359}, "geometry": {"type": "LineString", "coordinates": [[-0.034174000000001425, 51.5045072], [-0.03416000000000093, 51.50463], [-0.034113000000000365, 51.5050332], [-0.03411040000000098, 51.5050638], [-0.03411410000000177, 51.505137999999995], [-0.03416019999999942, 51.50535930000001], [-0.0341689000000005, 51.50538559999999], [-0.03428710000000001, 51.50562099999999], [-0.034323199999998666, 51.50569290000001]]}}, {"type": "Feature", "properties": {"u": 460, "v": 458, "key": 0, "length": 120.1, "length_raw": 12038897.384717576}, "geometry": {"type": "LineString", "coordinates": [[-0.034174000000001425, 51.5045072], [-0.03418229999999918, 51.504355800000006], [-0.03417750000000016, 51.50430450000001], [-0.03414899999999998, 51.5042327], [-0.03411370000000082, 51.504158499999996], [-0.03408239999999999, 51.504092899999996], [-0.034057800000001484, 51.50404029999999], [-0.03396420000000089, 51.5038535], [-0.033860299999999406, 51.50363010000001], [-0.03377670000000098, 51.5034634]]}}, {"type": "Feature", "properties": {"u": 461, "v": 459, "key": 0, "length": 298.7, "length_raw": 8658107.57499644}, "geometry": {"type": "LineString", "coordinates": [[-0.03477190652275762, 51.499833993133436], [-0.034061200000000375, 51.500105999999995], [-0.03356210000000142, 51.50016089999999], [-0.03347309999999977, 51.500189], [-0.03341750000000034, 51.50020659999999], [-0.033351499999999784, 51.5002766], [-0.033342399999998946, 51.5005869], [-0.03333600000000012, 51.50080479999999], [-0.033335900000000286, 51.5008083], [-0.03333499999999975, 51.5012784], [-0.03333450000000135, 51.5013826], [-0.03333379999999969, 51.50152219999999], [-0.03333990000000099, 51.5016804], [-0.03334139999999937, 51.501945600000006]]}}, {"type": "Feature", "properties": {"u": 461, "v": 476, "key": 0, "length": 237.9, "length_raw": 7702728.015637289}, "geometry": {"type": "LineString", "coordinates": [[-0.03477190652275762, 51.499833993133436], [-0.035400599999999706, 51.49963579999999], [-0.03545259999999898, 51.4994555], [-0.03571360000000087, 51.499062200000004], [-0.03580310000000092, 51.4989448], [-0.03588860000000065, 51.4988513], [-0.03597240000000035, 51.4987649], [-0.036072500000001596, 51.49867399999999], [-0.03627149999999927, 51.4985054], [-0.036555300000000186, 51.4983011], [-0.036738200000000755, 51.498183299999994]]}}, {"type": "Feature", "properties": {"u": 461, "v": 487, "key": 0, "length": 150.0, "length_raw": 9503301.463455167}, "geometry": {"type": "LineString", "coordinates": [[-0.03477190652275762, 51.499833993133436], [-0.035400599999999706, 51.49963579999999], [-0.035375199999999704, 51.49973229999999], [-0.03536259999999934, 51.4998188], [-0.03533190000000112, 51.5000698], [-0.035325800000000615, 51.500167299999994], [-0.03536279999999822, 51.50054250000001]]}}, {"type": "Feature", "properties": {"u": 461, "v": 488, "key": 0, "length": 104.7, "length_raw": 10454304.365977656}, "geometry": {"type": "LineString", "coordinates": [[-0.03477190652275762, 51.499833993133436], [-0.03504330000000038, 51.499569199999996], [-0.03492199999999991, 51.49949599999999], [-0.03485059999999971, 51.49939319999999], [-0.0347554000000009, 51.4989872]]}}, {"type": "Feature", "properties": {"u": 462, "v": 275, "key": 0, "length": 82.0, "length_raw": 6537201.341699171}, "geometry": {"type": "LineString", "coordinates": [[-0.034323199999998666, 51.50569290000001], [-0.034336400000001245, 51.5057203], [-0.034680300000001496, 51.50600849999999], [-0.034708199999999856, 51.5060319], [-0.03485780000000083, 51.506138099999994], [-0.035049600000000965, 51.506215], [-0.03510544998131721, 51.50622990001303]]}}, {"type": "Feature", "properties": {"u": 462, "v": 460, "key": 0, "length": 133.9, "length_raw": 14599681.910856359}, "geometry": {"type": "LineString", "coordinates": [[-0.034323199999998666, 51.50569290000001], [-0.03428710000000001, 51.50562099999999], [-0.0341689000000005, 51.50538559999999], [-0.03416019999999942, 51.50535930000001], [-0.03411410000000177, 51.505137999999995], [-0.03411040000000098, 51.5050638], [-0.034113000000000365, 51.5050332], [-0.03416000000000093, 51.50463], [-0.034174000000001425, 51.5045072]]}}, {"type": "Feature", "properties": {"u": 463, "v": 22, "key": 0, "length": 97.7, "length_raw": 10579597.99280853}, "geometry": {"type": "LineString", "coordinates": [[-0.029300000000000197, 51.4744924], [-0.029870100000000396, 51.47381479999999], [-0.0299529000000017, 51.4737131]]}}, {"type": "Feature", "properties": {"u": 463, "v": 3, "key": 0, "length": 125.7, "length_raw": 8966424.72897863}, "geometry": {"type": "LineString", "coordinates": [[-0.029300000000000197, 51.4744924], [-0.02902929999999963, 51.4748184], [-0.02890970000000119, 51.4750414], [-0.028788000000000567, 51.4752796], [-0.028749999999999405, 51.475353999999996], [-0.028440199623977574, 51.475300850404054]]}}, {"type": "Feature", "properties": {"u": 464, "v": 3, "key": 0, "length": 153.2, "length_raw": 15824248.14344273}, "geometry": {"type": "LineString", "coordinates": [[-0.03057101988402643, 51.47566780499416], [-0.03027380000000126, 51.4756287], [-0.029607599999999727, 51.475516099999986], [-0.029088699999999294, 51.47541760000001], [-0.028749999999999405, 51.475353999999996], [-0.028440199623977574, 51.475300850404054]]}}, {"type": "Feature", "properties": {"u": 464, "v": 330, "key": 0, "length": 183.3, "length_raw": 14913512.030766582}, "geometry": {"type": "LineString", "coordinates": [[-0.03057101988402643, 51.47566780499416], [-0.03083000000000001, 51.4756755], [-0.03120819999999944, 51.4757264], [-0.03146389999999914, 51.47575659999999], [-0.03166990000000064, 51.4757755], [-0.03185360000000031, 51.4757916], [-0.03199660000000039, 51.4758027], [-0.032539499999999506, 51.47584179999999], [-0.03258080000000052, 51.475844399999986], [-0.032619499999999364, 51.47584410000001], [-0.03266060000000149, 51.4758373], [-0.03270089999999895, 51.475824499999995], [-0.03273550000000082, 51.47580309999999], [-0.032759800000000214, 51.4757755], [-0.032790699999999305, 51.47571630000001], [-0.03257728555823049, 51.47583738702736]]}}, {"type": "Feature", "properties": {"u": 465, "v": 466, "key": 0, "length": 313.7, "length_raw": 9020479.080877306}, "geometry": {"type": "LineString", "coordinates": [[-0.009760299999999727, 51.51764839999999], [-0.009804000000001641, 51.5178693], [-0.00981559999999964, 51.5179099], [-0.009871399999999145, 51.51807730000001], [-0.01007399999999976, 51.518572], [-0.010149700000001776, 51.51876100000001], [-0.01018680000000121, 51.5188969], [-0.010304799999999049, 51.5192546], [-0.010386700000000611, 51.51964470000001], [-0.010494300000000107, 51.520356400000004], [-0.01057959991410849, 51.52040215002983]]}}, {"type": "Feature", "properties": {"u": 467, "v": 555, "key": 0, "length": 66.7, "length_raw": 7372299.465964847}, "geometry": {"type": "LineString", "coordinates": [[-0.0257382000000008, 51.49630599999998], [-0.025716000000001602, 51.496098599999996], [-0.02571239999999985, 51.4960598], [-0.025708000000001376, 51.496020099999996], [-0.02567299999999975, 51.4957078]]}}, {"type": "Feature", "properties": {"u": 467, "v": 29, "key": 0, "length": 323.6, "length_raw": 4656654.876668842}, "geometry": {"type": "LineString", "coordinates": [[-0.0257382000000008, 51.49630599999998], [-0.025760300000000957, 51.496538699999995], [-0.025789900000000157, 51.4968115], [-0.02579950000000138, 51.4970355], [-0.025847600000000574, 51.49778049999999], [-0.02586089999999981, 51.4979085], [-0.025862400000000573, 51.49791969999998], [-0.025881800000000708, 51.49817189999999], [-0.025892200000001038, 51.4982996], [-0.0258934000000003, 51.49832039999999], [-0.025918800000000304, 51.4986735], [-0.025925900000000387, 51.4987457], [-0.02596249999999864, 51.4991183], [-0.02596759999999996, 51.4992128]]}}, {"type": "Feature", "properties": {"u": 468, "v": 542, "key": 0, "length": 118.5, "length_raw": 12710837.118168263}, "geometry": {"type": "LineString", "coordinates": [[0.004468700000000558, 51.516366899999994], [0.004378299999998384, 51.516454199999984], [0.00400410000000006, 51.516892299999995], [0.003826199999998591, 51.517123199999986], [0.0036921000000008637, 51.517315700000005]]}}, {"type": "Feature", "properties": {"u": 469, "v": 155, "key": 0, "length": 346.3, "length_raw": 7354952.659821335}, "geometry": {"type": "LineString", "coordinates": [[0.0030032500690310186, 51.49778500001565], [0.0029408999999983917, 51.497835899999984], [0.0028247999999998765, 51.497944600000004], [0.0027286999999997343, 51.49805789999998], [0.0026627999999986195, 51.4981539], [0.00253570000000074, 51.498368], [0.0024513000000004237, 51.4985368], [0.0023869999999995123, 51.498687399999994], [0.002271700000000105, 51.49899589999999], [0.002233199999998952, 51.4991195], [0.002211799999998462, 51.4992321], [0.0021923999999991215, 51.49937859999999], [0.0021880000000002505, 51.4995226], [0.0021994000000001624, 51.49968760000001], [0.002227600000000028, 51.4998744], [0.002287500000001273, 51.50020219999999], [0.0023343999999988247, 51.50052389999999], [0.002220347377665252, 51.50078822023202]]}}, {"type": "Feature", "properties": {"u": 470, "v": 381, "key": 0, "length": 116.3, "length_raw": 10206297.851766942}, "geometry": {"type": "LineString", "coordinates": [[-0.009389799999999414, 51.48794620000001], [-0.009402599999999454, 51.487942499999996], [-0.009603800000000736, 51.487886200000005], [-0.009792000000000311, 51.487835499999996], [-0.009894500000001269, 51.487808599999994], [-0.010110100000001204, 51.487753399999995], [-0.010173500000001182, 51.48773959999999], [-0.010243100000000307, 51.4877246], [-0.010369100000000755, 51.487697499999996], [-0.01057109999999876, 51.487655499999995], [-0.010692599999999702, 51.487633], [-0.010962500291809103, 51.487581650315974]]}}, {"type": "Feature", "properties": {"u": 470, "v": 441, "key": 0, "length": 214.2, "length_raw": 8847695.294241337}, "geometry": {"type": "LineString", "coordinates": [[-0.009389799999999414, 51.48794620000001], [-0.009075200000000432, 51.488041700000004], [-0.007739600000000539, 51.4884872], [-0.007548200000000556, 51.488553499999995], [-0.007378200000000267, 51.4886169], [-0.007178300000000468, 51.48870219999999], [-0.006999200000000934, 51.4887853], [-0.0069145000000014984, 51.48883839999999], [-0.00685040000000106, 51.488895899999996], [-0.0068069000000012085, 51.48896119999999]]}}, {"type": "Feature", "properties": {"u": 471, "v": 431, "key": 0, "length": 130.0, "length_raw": 10489404.02361992}, "geometry": {"type": "LineString", "coordinates": [[-0.012378399890666874, 51.50885990031018], [-0.01210810000000001, 51.5088436], [-0.01209400000000127, 51.508842699999995], [-0.011860100000000618, 51.50882829999998], [-0.01185590000000063, 51.50882800000001], [-0.011000899999999694, 51.508775500000006], [-0.010506900000001661, 51.50875849999999]]}}, {"type": "Feature", "properties": {"u": 471, "v": 472, "key": 0, "length": 180.7, "length_raw": 12353237.464596974}, "geometry": {"type": "LineString", "coordinates": [[-0.012378399890666874, 51.50885990031018], [-0.012648699999999655, 51.508876199999996], [-0.012906300000000667, 51.50888], [-0.013059300000000528, 51.508883299999994], [-0.013243699999998677, 51.5088813], [-0.013318199999999048, 51.50888230000001], [-0.013392799999998862, 51.5088833], [-0.013450399999999441, 51.508881699999996], [-0.013508100000001449, 51.50888009999999], [-0.01381270000000025, 51.50888319999999], [-0.014091100000000334, 51.50888309999999], [-0.0145198999999997, 51.5088836], [-0.014986122294714277, 51.50890271625714]]}}, {"type": "Feature", "properties": {"u": 472, "v": 471, "key": 0, "length": 180.7, "length_raw": 12353237.464596974}, "geometry": {"type": "LineString", "coordinates": [[-0.014986122294714277, 51.50890271625714], [-0.0145198999999997, 51.5088836], [-0.014091100000000334, 51.50888309999999], [-0.01381270000000025, 51.50888319999999], [-0.013508100000001449, 51.50888009999999], [-0.013450399999999441, 51.508881699999996], [-0.013392799999998862, 51.5088833], [-0.013318199999999048, 51.50888230000001], [-0.013243699999998677, 51.5088813], [-0.013059300000000528, 51.508883299999994], [-0.012906300000000667, 51.50888], [-0.012648699999999655, 51.508876199999996], [-0.012378399890666874, 51.50885990031018]]}}, {"type": "Feature", "properties": {"u": 472, "v": 506, "key": 0, "length": 186.1, "length_raw": 12016682.781447819}, "geometry": {"type": "LineString", "coordinates": [[-0.014986122294714277, 51.50890271625714], [-0.015449400000000214, 51.5089209], [-0.015591999999998949, 51.508928299999994], [-0.015855699999999272, 51.5089287], [-0.01613210000000099, 51.5089314], [-0.016795700000001544, 51.50893659999999], [-0.017582900000000054, 51.5089646], [-0.017671700000000436, 51.508969799999996]]}}, {"type": "Feature", "properties": {"u": 473, "v": 551, "key": 0, "length": 73.6, "length_raw": 8041345.555724269}, "geometry": {"type": "LineString", "coordinates": [[-0.021650399901427943, 51.47074965002167], [-0.021576999999999933, 51.47068779999999], [-0.02104420000000044, 51.47020599999999]]}}, {"type": "Feature", "properties": {"u": 473, "v": 2, "key": 0, "length": 271.2, "length_raw": 11147888.20678091}, "geometry": {"type": "LineString", "coordinates": [[-0.021650399901427943, 51.47074965002167], [-0.021723800000000647, 51.4708115], [-0.02208030000000007, 51.47113339999999], [-0.022264300000000452, 51.4713026], [-0.022378300000000365, 51.47141870000001], [-0.02245670000000081, 51.471532599999996], [-0.022554899999997966, 51.47171130000001], [-0.022679200000000756, 51.4719679], [-0.022727700000001693, 51.47208999999999], [-0.022753399999999625, 51.472206], [-0.022773000000000234, 51.472296], [-0.02280540000000128, 51.4723753], [-0.022867400000000333, 51.47244250000001], [-0.02324479999999986, 51.4726874], [-0.02347189999999994, 51.47285190000001]]}}, {"type": "Feature", "properties": {"u": 474, "v": 475, "key": 0, "length": 68.8, "length_raw": 5266348.43316753}, "geometry": {"type": "LineString", "coordinates": [[-0.03736620000000025, 51.4977832], [-0.03806400000000134, 51.49734289999999]]}}, {"type": "Feature", "properties": {"u": 474, "v": 476, "key": 0, "length": 62.2, "length_raw": 5628006.481583316}, "geometry": {"type": "LineString", "coordinates": [[-0.03736620000000025, 51.4977832], [-0.03705740000000027, 51.4979828], [-0.0368975000000008, 51.4980821], [-0.036738200000000755, 51.498183299999994]]}}, {"type": "Feature", "properties": {"u": 475, "v": 474, "key": 0, "length": 68.8, "length_raw": 5266348.43316753}, "geometry": {"type": "LineString", "coordinates": [[-0.03806400000000134, 51.49734289999999], [-0.03736620000000025, 51.4977832]]}}, {"type": "Feature", "properties": {"u": 475, "v": 477, "key": 0, "length": 131.4, "length_raw": 13507197.597534776}, "geometry": {"type": "LineString", "coordinates": [[-0.03806400000000134, 51.49734289999999], [-0.03871850000000026, 51.49692439999999], [-0.0389291000000011, 51.496801299999994], [-0.0390321999999999, 51.4967482], [-0.03925480000000167, 51.49665540000001], [-0.03931920000000043, 51.4966275], [-0.039479900000000206, 51.4965636]]}}, {"type": "Feature", "properties": {"u": 476, "v": 474, "key": 0, "length": 62.2, "length_raw": 5628006.481583316}, "geometry": {"type": "LineString", "coordinates": [[-0.036738200000000755, 51.498183299999994], [-0.0368975000000008, 51.4980821], [-0.03705740000000027, 51.4979828], [-0.03736620000000025, 51.4977832]]}}, {"type": "Feature", "properties": {"u": 476, "v": 461, "key": 0, "length": 237.9, "length_raw": 7702728.015637289}, "geometry": {"type": "LineString", "coordinates": [[-0.036738200000000755, 51.498183299999994], [-0.036555300000000186, 51.4983011], [-0.03627149999999927, 51.4985054], [-0.036072500000001596, 51.49867399999999], [-0.03597240000000035, 51.4987649], [-0.03588860000000065, 51.4988513], [-0.03580310000000092, 51.4989448], [-0.03571360000000087, 51.499062200000004], [-0.03545259999999898, 51.4994555], [-0.035400599999999706, 51.49963579999999], [-0.03477190652275762, 51.499833993133436]]}}, {"type": "Feature", "properties": {"u": 477, "v": 375, "key": 0, "length": 127.6, "length_raw": 6431825.190857876}, "geometry": {"type": "LineString", "coordinates": [[-0.039479900000000206, 51.4965636], [-0.03968860000000132, 51.49648649999999], [-0.03996860000000082, 51.49639829999999], [-0.040391000000002154, 51.496290999999985], [-0.040738700000000655, 51.4962159], [-0.040901600000001655, 51.496198299999996], [-0.04109680000000028, 51.49620029999999], [-0.04119801877171976, 51.49620831070975]]}}, {"type": "Feature", "properties": {"u": 477, "v": 475, "key": 0, "length": 131.4, "length_raw": 13507197.597534776}, "geometry": {"type": "LineString", "coordinates": [[-0.039479900000000206, 51.4965636], [-0.03931920000000043, 51.4966275], [-0.03925480000000167, 51.49665540000001], [-0.0390321999999999, 51.4967482], [-0.0389291000000011, 51.496801299999994], [-0.03871850000000026, 51.49692439999999], [-0.03806400000000134, 51.49734289999999]]}}, {"type": "Feature", "properties": {"u": 478, "v": 518, "key": 0, "length": 82.7, "length_raw": 8908692.560713226}, "geometry": {"type": "LineString", "coordinates": [[-0.05638639999999927, 51.47942840000001], [-0.05737059999999907, 51.47979949999999], [-0.057407849988386654, 51.479813550005744]]}}, {"type": "Feature", "properties": {"u": 478, "v": 91, "key": 0, "length": 144.6, "length_raw": 11289746.65059469}, "geometry": {"type": "LineString", "coordinates": [[-0.05638639999999927, 51.47942840000001], [-0.05594070000000051, 51.4792434], [-0.05572110000000185, 51.479156499999995], [-0.05568670000000125, 51.4791434], [-0.0556107000000021, 51.4791144], [-0.055515700000001375, 51.479078099999995], [-0.05449509690261068, 51.4789213041585]]}}, {"type": "Feature", "properties": {"u": 479, "v": 517, "key": 0, "length": 88.9, "length_raw": 9814692.414210275}, "geometry": {"type": "LineString", "coordinates": [[-0.05363280000000071, 51.4809504], [-0.053647000000000084, 51.48101900000001], [-0.053650399999999376, 51.4810353], [-0.053690500000000335, 51.48122809999999], [-0.05372880000000062, 51.48143079999999], [-0.05376149999999959, 51.4816038], [-0.05378810000000124, 51.481744299999995]]}}, {"type": "Feature", "properties": {"u": 479, "v": 91, "key": 0, "length": 237.5, "length_raw": 13275004.890254023}, "geometry": {"type": "LineString", "coordinates": [[-0.05363280000000071, 51.4809504], [-0.05362490000000271, 51.48088789999999], [-0.053622199999999905, 51.480866999999996], [-0.05360839999999909, 51.4807602], [-0.05360310000000048, 51.480719000000015], [-0.05359030000000083, 51.480618299999996], [-0.05358869999999944, 51.4805681], [-0.05358830000000088, 51.48055539999999], [-0.05358789999999993, 51.4805431], [-0.05360110000000132, 51.4804924], [-0.053666800000001166, 51.48030219999998], [-0.053761599999999826, 51.480095199999994], [-0.05381600000000238, 51.48001779999999], [-0.05387659999999932, 51.47994500000001], [-0.05397950000000202, 51.479833899999996], [-0.054072299999999525, 51.47973039999999], [-0.05412189999999948, 51.479674800000005], [-0.05418589999999968, 51.4795916], [-0.05449509690261068, 51.4789213041585]]}}, {"type": "Feature", "properties": {"u": 480, "v": 329, "key": 0, "length": 229.5, "length_raw": 13363116.189673355}, "geometry": {"type": "LineString", "coordinates": [[-0.03663956063666039, 51.4756302416838], [-0.03600429999999902, 51.4757113], [-0.035334800000001214, 51.4757525], [-0.03508200000000042, 51.475769799999995], [-0.03497800000000029, 51.47577770000001], [-0.034546800000000016, 51.475806299999995], [-0.03427050000000052, 51.4758236], [-0.03413974504455902, 51.47639225065905]]}}, {"type": "Feature", "properties": {"u": 480, "v": 78, "key": 0, "length": 171.5, "length_raw": 10662850.12651546}, "geometry": {"type": "LineString", "coordinates": [[-0.03663956063666039, 51.4756302416838], [-0.03740570000000218, 51.47563089999999], [-0.037606499999999335, 51.47560369999999], [-0.03781230000000155, 51.47555169999998], [-0.03798530000000018, 51.47550280000001], [-0.03831240000000088, 51.4754106], [-0.03838340000000053, 51.4753905], [-0.038440200000000015, 51.47537599999999], [-0.038955000000001495, 51.475241499999996], [-0.03898855000626022, 51.475232750004935]]}}, {"type": "Feature", "properties": {"u": 481, "v": 280, "key": 0, "length": 134.1, "length_raw": 13860022.642218078}, "geometry": {"type": "LineString", "coordinates": [[-0.009612100000000078, 51.4975082], [-0.009624700000000043, 51.49736510000001], [-0.009606500000000757, 51.4971996], [-0.009498100000000165, 51.4968905], [-0.009410100000000485, 51.496639699999996], [-0.009347300000000733, 51.496441299999994], [-0.009331100000000607, 51.4963901], [-0.009306899966088389, 51.49632240000227]]}}, {"type": "Feature", "properties": {"u": 481, "v": 561, "key": 0, "length": 61.9, "length_raw": 6889740.210415006}, "geometry": {"type": "LineString", "coordinates": [[-0.009612100000000078, 51.4975082], [-0.00959009999999817, 51.4976213], [-0.00956950000000156, 51.49777259999999], [-0.009565000000000861, 51.4978076], [-0.009517100000000151, 51.498062]]}}, {"type": "Feature", "properties": {"u": 482, "v": 21, "key": 0, "length": 139.0, "length_raw": 8699429.537248664}, "geometry": {"type": "LineString", "coordinates": [[-0.0353985000000027, 51.4712072], [-0.035323500000001146, 51.471303500000005], [-0.03500470000000058, 51.471579799999994], [-0.03466380000000106, 51.471844299999994], [-0.03416339999999943, 51.4721876]]}}, {"type": "Feature", "properties": {"u": 482, "v": 486, "key": 0, "length": 99.1, "length_raw": 10998071.653672189}, "geometry": {"type": "LineString", "coordinates": [[-0.0353985000000027, 51.4712072], [-0.035441699999999854, 51.4711012], [-0.03553169999999949, 51.470706500000006], [-0.03560860000000076, 51.4703262]]}}, {"type": "Feature", "properties": {"u": 483, "v": 484, "key": 0, "length": 248.5, "length_raw": 12314243.60125089}, "geometry": {"type": "LineString", "coordinates": [[-0.058615164047166664, 51.50667424324231], [-0.05861850000000079, 51.5070932], [-0.05863050000000053, 51.5073597], [-0.0586319999999997, 51.507422399999996], [-0.058634100000001084, 51.5074686], [-0.05863740000000054, 51.5075149], [-0.05863980000000025, 51.50758029999999], [-0.058641999999999084, 51.50768789999999], [-0.058646299999998916, 51.5077737], [-0.05866370000000108, 51.508260799999995], [-0.05863720000000006, 51.508534299999994], [-0.05864239999999884, 51.508671899999996], [-0.0586479000000015, 51.50882059999999], [-0.058654149991402935, 51.50890845000057]]}}, {"type": "Feature", "properties": {"u": 483, "v": 485, "key": 0, "length": 136.0, "length_raw": 12864789.217412867}, "geometry": {"type": "LineString", "coordinates": [[-0.058615164047166664, 51.50667424324231], [-0.05861180000000006, 51.506248199999995], [-0.058609900000000735, 51.5062333], [-0.058598400000000585, 51.50611740000001], [-0.05858099999999922, 51.505957699999996], [-0.058568499999999885, 51.5058668], [-0.05855809999999955, 51.5058353], [-0.05854529999999911, 51.50581], [-0.058529600000000175, 51.505788800000005], [-0.05851279999999982, 51.505775799999995], [-0.05849670000000073, 51.5057633], [-0.058458500000001475, 51.5057379], [-0.058258199999999934, 51.5056246], [-0.05820829999999887, 51.5055866], [-0.05817079999999968, 51.5055453]]}}, {"type": "Feature", "properties": {"u": 484, "v": 483, "key": 0, "length": 248.5, "length_raw": 12314243.60125089}, "geometry": {"type": "LineString", "coordinates": [[-0.058654149991402935, 51.50890845000057], [-0.0586479000000015, 51.50882059999999], [-0.05864239999999884, 51.508671899999996], [-0.05863720000000006, 51.508534299999994], [-0.05866370000000108, 51.508260799999995], [-0.058646299999998916, 51.5077737], [-0.058641999999999084, 51.50768789999999], [-0.05863980000000025, 51.50758029999999], [-0.05863740000000054, 51.5075149], [-0.058634100000001084, 51.5074686], [-0.0586319999999997, 51.507422399999996], [-0.05863050000000053, 51.5073597], [-0.05861850000000079, 51.5070932], [-0.058615164047166664, 51.50667424324231]]}}, {"type": "Feature", "properties": {"u": 485, "v": 299, "key": 0, "length": 93.6, "length_raw": 9532322.406073548}, "geometry": {"type": "LineString", "coordinates": [[-0.05817079999999968, 51.5055453], [-0.05809119999999998, 51.50542529999999], [-0.05791930000000076, 51.5052205], [-0.057788300000000424, 51.50505660000001], [-0.05773289999999988, 51.50500759999999], [-0.05748389262912785, 51.504826754374584]]}}, {"type": "Feature", "properties": {"u": 485, "v": 483, "key": 0, "length": 136.0, "length_raw": 12864789.217412867}, "geometry": {"type": "LineString", "coordinates": [[-0.05817079999999968, 51.5055453], [-0.05820829999999887, 51.5055866], [-0.058258199999999934, 51.5056246], [-0.058458500000001475, 51.5057379], [-0.05849670000000073, 51.5057633], [-0.05851279999999982, 51.505775799999995], [-0.058529600000000175, 51.505788800000005], [-0.05854529999999911, 51.50581], [-0.05855809999999955, 51.5058353], [-0.058568499999999885, 51.5058668], [-0.05858099999999922, 51.505957699999996], [-0.058598400000000585, 51.50611740000001], [-0.058609900000000735, 51.5062333], [-0.05861180000000006, 51.506248199999995], [-0.058615164047166664, 51.50667424324231]]}}, {"type": "Feature", "properties": {"u": 486, "v": 482, "key": 0, "length": 99.1, "length_raw": 10998071.653672189}, "geometry": {"type": "LineString", "coordinates": [[-0.03560860000000076, 51.4703262], [-0.03553169999999949, 51.470706500000006], [-0.035441699999999854, 51.4711012], [-0.0353985000000027, 51.4712072]]}}, {"type": "Feature", "properties": {"u": 487, "v": 461, "key": 0, "length": 150.0, "length_raw": 9503301.463455167}, "geometry": {"type": "LineString", "coordinates": [[-0.03536279999999822, 51.50054250000001], [-0.035325800000000615, 51.500167299999994], [-0.03533190000000112, 51.5000698], [-0.03536259999999934, 51.4998188], [-0.035375199999999704, 51.49973229999999], [-0.035400599999999706, 51.49963579999999], [-0.03477190652275762, 51.499833993133436]]}}, {"type": "Feature", "properties": {"u": 487, "v": 492, "key": 0, "length": 184.3, "length_raw": 18228413.126695205}, "geometry": {"type": "LineString", "coordinates": [[-0.03536279999999822, 51.50054250000001], [-0.03541070000000132, 51.50081290000001], [-0.03545520000000035, 51.50103649999999], [-0.03555750000000084, 51.50148519999998], [-0.035642300000001306, 51.50194560000001], [-0.035696199740926624, 51.50218670001219]]}}, {"type": "Feature", "properties": {"u": 488, "v": 461, "key": 0, "length": 104.7, "length_raw": 10454304.365977656}, "geometry": {"type": "LineString", "coordinates": [[-0.0347554000000009, 51.4989872], [-0.03485059999999971, 51.49939319999999], [-0.03492199999999991, 51.49949599999999], [-0.03504330000000038, 51.499569199999996], [-0.03477190652275762, 51.499833993133436]]}}, {"type": "Feature", "properties": {"u": 488, "v": 495, "key": 0, "length": 65.5, "length_raw": 7168210.669265486}, "geometry": {"type": "LineString", "coordinates": [[-0.0347554000000009, 51.4989872], [-0.03464680000000103, 51.49850570000001], [-0.034666299999999414, 51.498442600000004], [-0.03469240000000028, 51.49840749999999]]}}, {"type": "Feature", "properties": {"u": 489, "v": 490, "key": 0, "length": 90.6, "length_raw": 10015749.859306166}, "geometry": {"type": "LineString", "coordinates": [[-0.020005800000001732, 51.512925900000006], [-0.020048000000000895, 51.5134238], [-0.020059499999999852, 51.5136992], [-0.0200607499996275, 51.513739600000115]]}}, {"type": "Feature", "properties": {"u": 489, "v": 407, "key": 0, "length": 80.7, "length_raw": 8966596.067811139}, "geometry": {"type": "LineString", "coordinates": [[-0.020005800000001732, 51.512925900000006], [-0.019983799999999823, 51.5125648], [-0.019987800000001325, 51.512283799999985], [-0.02000610003620908, 51.512201100002464]]}}, {"type": "Feature", "properties": {"u": 490, "v": 489, "key": 0, "length": 90.6, "length_raw": 10015749.859306166}, "geometry": {"type": "LineString", "coordinates": [[-0.0200607499996275, 51.513739600000115], [-0.020059499999999852, 51.5136992], [-0.020048000000000895, 51.5134238], [-0.020005800000001732, 51.512925900000006]]}}, {"type": "Feature", "properties": {"u": 490, "v": 491, "key": 0, "length": 129.3, "length_raw": 14114951.646101527}, "geometry": {"type": "LineString", "coordinates": [[-0.0200607499996275, 51.513739600000115], [-0.020062000000000593, 51.51377999999999], [-0.02006300000000017, 51.513814700000005], [-0.020062300000000904, 51.513875099999986], [-0.02004619999999982, 51.51428949999999], [-0.02002939999999947, 51.5143588], [-0.019995900000000594, 51.5144214], [-0.019944299999998295, 51.51447799999999], [-0.019881500000000135, 51.5145307], [-0.019772269312411037, 51.51487041357149]]}}, {"type": "Feature", "properties": {"u": 491, "v": 490, "key": 0, "length": 129.3, "length_raw": 14114951.646101527}, "geometry": {"type": "LineString", "coordinates": [[-0.019772269312411037, 51.51487041357149], [-0.019881500000000135, 51.5145307], [-0.019944299999998295, 51.51447799999999], [-0.019995900000000594, 51.5144214], [-0.02002939999999947, 51.5143588], [-0.02004619999999982, 51.51428949999999], [-0.020062300000000904, 51.513875099999986], [-0.02006300000000017, 51.513814700000005], [-0.020062000000000593, 51.51377999999999], [-0.0200607499996275, 51.513739600000115]]}}, {"type": "Feature", "properties": {"u": 491, "v": 388, "key": 0, "length": 139.0, "length_raw": 11767308.794332698}, "geometry": {"type": "LineString", "coordinates": [[-0.019772269312411037, 51.51487041357149], [-0.01984820000000173, 51.51520810000001], [-0.020059900000000398, 51.5153999], [-0.02037899999999968, 51.51566749999999], [-0.020707900000000657, 51.515943]]}}, {"type": "Feature", "properties": {"u": 492, "v": 487, "key": 0, "length": 184.3, "length_raw": 18228413.126695205}, "geometry": {"type": "LineString", "coordinates": [[-0.035696199740926624, 51.50218670001219], [-0.035642300000001306, 51.50194560000001], [-0.03555750000000084, 51.50148519999998], [-0.03545520000000035, 51.50103649999999], [-0.03541070000000132, 51.50081290000001], [-0.03536279999999822, 51.50054250000001]]}}, {"type": "Feature", "properties": {"u": 492, "v": 421, "key": 0, "length": 126.4, "length_raw": 13598799.695743775}, "geometry": {"type": "LineString", "coordinates": [[-0.035696199740926624, 51.50218670001219], [-0.03575009999999968, 51.50242779999999], [-0.0357999000000017, 51.50263569999999], [-0.0358389999999999, 51.5028675], [-0.0358599000000004, 51.50298009999999], [-0.03588250000000095, 51.503100999999994], [-0.035928000000000355, 51.50331390000001]]}}, {"type": "Feature", "properties": {"u": 493, "v": 257, "key": 0, "length": 246.1, "length_raw": 7367819.871020569}, "geometry": {"type": "LineString", "coordinates": [[-0.05245590000000063, 51.5067621], [-0.052026200000000335, 51.507015], [-0.051571500000002164, 51.50713019999999], [-0.05128220000000136, 51.50719479999999], [-0.05120359999999965, 51.5072243], [-0.05114279999999906, 51.5072522], [-0.05109639999999951, 51.50729150000001], [-0.05104669999999971, 51.5073546], [-0.05098770000000099, 51.50748290000001], [-0.05090870000000032, 51.50767699999999], [-0.05087990000000062, 51.50772489999999], [-0.05086110000000032, 51.5077563], [-0.05081190000000051, 51.507868800000004], [-0.05078719999999898, 51.50794779999999], [-0.050705900000000824, 51.508206900000005], [-0.0507278000000013, 51.508224000000006], [-0.05071830000000071, 51.508254599999994], [-0.05070980000000129, 51.508282], [-0.05068339999999932, 51.5083023], [-0.050678700000000534, 51.508316699999995], [-0.050644799999999525, 51.5084204], [-0.05063940000228113, 51.5084385000002]]}}, {"type": "Feature", "properties": {"u": 493, "v": 356, "key": 0, "length": 202.2, "length_raw": 4522688.770334837}, "geometry": {"type": "LineString", "coordinates": [[-0.05245590000000063, 51.5067621], [-0.052702900000000844, 51.50663], [-0.052852199999999114, 51.5065501], [-0.0530653000000007, 51.5064362], [-0.053322999999999954, 51.506319299999994], [-0.053489899999998876, 51.5062631], [-0.05366260000000118, 51.50622969999999], [-0.05385429999999988, 51.5061927], [-0.0542674000000007, 51.50611419999999], [-0.05433329999999983, 51.50610170000001], [-0.05441670000000096, 51.50608580000001], [-0.05451009337654247, 51.505691806707716]]}}, {"type": "Feature", "properties": {"u": 494, "v": 409, "key": 0, "length": 125.0, "length_raw": 13389757.30606659}, "geometry": {"type": "LineString", "coordinates": [[-0.01913711632019916, 51.50914993157176], [-0.01945609999999966, 51.5092009], [-0.019590300000000803, 51.5092222], [-0.02003259999999948, 51.50925959999999], [-0.020571199999999963, 51.509317700000004], [-0.02091314977068, 51.50934560049562]]}}, {"type": "Feature", "properties": {"u": 494, "v": 506, "key": 0, "length": 103.4, "length_raw": 9776342.698558101}, "geometry": {"type": "LineString", "coordinates": [[-0.01913711632019916, 51.50914993157176], [-0.018814899999999177, 51.50909839999999], [-0.018800100000000767, 51.509096799999995], [-0.018744900000002285, 51.50909099999999], [-0.018015300000001174, 51.50900120000001], [-0.0178468999999995, 51.5089841], [-0.017671700000000436, 51.508969799999996]]}}, {"type": "Feature", "properties": {"u": 495, "v": 488, "key": 0, "length": 65.5, "length_raw": 7168210.669265486}, "geometry": {"type": "LineString", "coordinates": [[-0.03469240000000028, 51.49840749999999], [-0.034666299999999414, 51.498442600000004], [-0.03464680000000103, 51.49850570000001], [-0.0347554000000009, 51.4989872]]}}, {"type": "Feature", "properties": {"u": 496, "v": 497, "key": 0, "length": 87.8, "length_raw": 512135.91178077966}, "geometry": {"type": "LineString", "coordinates": [[-0.056582331827356225, 51.51112568868332], [-0.056973300000000615, 51.511132399999994], [-0.057850700000000824, 51.511107599999995]]}}, {"type": "Feature", "properties": {"u": 498, "v": 499, "key": 0, "length": 131.9, "length_raw": 14517595.914599625}, "geometry": {"type": "LineString", "coordinates": [[0.0036993000000003894, 51.5217562], [0.003687199999999618, 51.52166639999999], [0.0036853999999997365, 51.521616], [0.003777599999999009, 51.52082759999999], [0.0037830500007919226, 51.520572300004446]]}}, {"type": "Feature", "properties": {"u": 499, "v": 500, "key": 0, "length": 275.9, "length_raw": 4022710.8166548223}, "geometry": {"type": "LineString", "coordinates": [[0.0037830500007919226, 51.520572300004446], [0.003777599999999009, 51.52082759999999], [0.0036729000000004053, 51.5208229], [0.0035714000000002214, 51.520819200000005], [0.003189500000000792, 51.52086880000001], [0.0029423000000001107, 51.5209073], [0.002587100000000182, 51.520955], [0.0018506999999992973, 51.5210587], [0.0016699999999983664, 51.52108069999999], [0.0015614999999987319, 51.521097299999994], [0.0014413000000000667, 51.521114700000005], [0.0010052000000005407, 51.5211797], [0.0004829999999982703, 51.52125819999999], [0.00028615013873113914, 51.521288850163295]]}}, {"type": "Feature", "properties": {"u": 499, "v": 498, "key": 0, "length": 131.9, "length_raw": 14517595.914599625}, "geometry": {"type": "LineString", "coordinates": [[0.0037830500007919226, 51.520572300004446], [0.003777599999999009, 51.52082759999999], [0.0036853999999997365, 51.521616], [0.003687199999999618, 51.52166639999999], [0.0036993000000003894, 51.5217562]]}}, {"type": "Feature", "properties": {"u": 499, "v": 501, "key": 0, "length": 155.2, "length_raw": 16186093.024340175}, "geometry": {"type": "LineString", "coordinates": [[0.0037830500007919226, 51.520572300004446], [0.003788499999999727, 51.520317000000006], [0.0039284999999998705, 51.52022480000001], [0.004027999999998508, 51.52015329999999], [0.004072400000000487, 51.5201054], [0.004088700000000451, 51.5200552], [0.004102599999999116, 51.5199686], [0.004166400000000833, 51.519613699999994], [0.004257200000001567, 51.519249300000006]]}}, {"type": "Feature", "properties": {"u": 500, "v": 499, "key": 0, "length": 275.9, "length_raw": 4022710.8166548223}, "geometry": {"type": "LineString", "coordinates": [[0.00028615013873113914, 51.521288850163295], [0.0004829999999982703, 51.52125819999999], [0.0010052000000005407, 51.5211797], [0.0014413000000000667, 51.521114700000005], [0.0015614999999987319, 51.521097299999994], [0.0016699999999983664, 51.52108069999999], [0.0018506999999992973, 51.5210587], [0.002587100000000182, 51.520955], [0.0029423000000001107, 51.5209073], [0.003189500000000792, 51.52086880000001], [0.0035714000000002214, 51.520819200000005], [0.0036729000000004053, 51.5208229], [0.003777599999999009, 51.52082759999999], [0.0037830500007919226, 51.520572300004446]]}}, {"type": "Feature", "properties": {"u": 500, "v": 547, "key": 0, "length": 117.2, "length_raw": 8196907.581950679}, "geometry": {"type": "LineString", "coordinates": [[0.00028615013873113914, 51.521288850163295], [8.929999999917628e-05, 51.5213195], [-0.0005118000000015418, 51.5214045], [-0.0011093000000001116, 51.52148889999999], [-0.001369149886773527, 51.521506700286444]]}}, {"type": "Feature", "properties": {"u": 501, "v": 543, "key": 0, "length": 191.9, "length_raw": 19479773.222231533}, "geometry": {"type": "LineString", "coordinates": [[0.004257200000001567, 51.519249300000006], [0.004467500000000107, 51.51863700000001], [0.00452559999999829, 51.51848649999999], [0.004913599999997826, 51.517573299999995]]}}, {"type": "Feature", "properties": {"u": 501, "v": 499, "key": 0, "length": 155.2, "length_raw": 16186093.024340175}, "geometry": {"type": "LineString", "coordinates": [[0.004257200000001567, 51.519249300000006], [0.004166400000000833, 51.519613699999994], [0.004102599999999116, 51.5199686], [0.004088700000000451, 51.5200552], [0.004072400000000487, 51.5201054], [0.004027999999998508, 51.52015329999999], [0.0039284999999998705, 51.52022480000001], [0.003788499999999727, 51.520317000000006], [0.0037830500007919226, 51.520572300004446]]}}, {"type": "Feature", "properties": {"u": 502, "v": 454, "key": 0, "length": 89.8, "length_raw": 3329002.3370005344}, "geometry": {"type": "LineString", "coordinates": [[-0.04903570000000039, 51.47391600000001], [-0.049201300000000614, 51.47388769999999], [-0.04926000000000101, 51.4738757], [-0.04933750000000053, 51.473859199999985], [-0.04963520000000051, 51.47379579999999], [-0.05024870000000032, 51.473632699999996]]}}, {"type": "Feature", "properties": {"u": 502, "v": 173, "key": 0, "length": 99.4, "length_raw": 6058291.056373306}, "geometry": {"type": "LineString", "coordinates": [[-0.04903570000000039, 51.47391600000001], [-0.04896160000000176, 51.47392679999999], [-0.048652699999999556, 51.4739606], [-0.04828600000000147, 51.473987699999995], [-0.04761129999999932, 51.474020900000006]]}}, {"type": "Feature", "properties": {"u": 503, "v": 333, "key": 0, "length": 78.5, "length_raw": 5756957.129479796}, "geometry": {"type": "LineString", "coordinates": [[-0.02577979999999974, 51.5201422], [-0.02587310000000082, 51.52017920000001], [-0.025971999999999627, 51.52021839999999], [-0.026018399999999973, 51.52023919999999], [-0.02607100000000026, 51.5202627], [-0.026106600000000126, 51.5202786], [-0.026206900000000255, 51.520326399999995], [-0.02670420000000092, 51.52055159999999]]}}, {"type": "Feature", "properties": {"u": 503, "v": 504, "key": 0, "length": 141.8, "length_raw": 5520448.332065413}, "geometry": {"type": "LineString", "coordinates": [[-0.02577979999999974, 51.5201422], [-0.025737600000002164, 51.520130599999995], [-0.025376600000000058, 51.520001199999996], [-0.025284000000000237, 51.5199678], [-0.02479830000000075, 51.5198037], [-0.02471069999999963, 51.519774399999996], [-0.024460300000000927, 51.5196851], [-0.024382999999999502, 51.5196552], [-0.024295200000000693, 51.5196188], [-0.024216100000000976, 51.519579199999995], [-0.0240448, 51.519473299999994]]}}, {"type": "Feature", "properties": {"u": 504, "v": 389, "key": 0, "length": 127.8, "length_raw": 12871648.987483613}, "geometry": {"type": "LineString", "coordinates": [[-0.0240448, 51.519473299999994], [-0.02380640000000024, 51.51931079999999], [-0.023556300000000658, 51.5191204], [-0.023465000000001127, 51.5190526], [-0.023433199999999908, 51.51902629999999], [-0.023374200000000393, 51.51897029999999], [-0.023326400000000316, 51.51891429999999], [-0.023287400000000368, 51.51885799999999], [-0.023091933952729574, 51.518508083146735]]}}, {"type": "Feature", "properties": {"u": 504, "v": 503, "key": 0, "length": 141.8, "length_raw": 5520448.332065413}, "geometry": {"type": "LineString", "coordinates": [[-0.0240448, 51.519473299999994], [-0.024216100000000976, 51.519579199999995], [-0.024295200000000693, 51.5196188], [-0.024382999999999502, 51.5196552], [-0.024460300000000927, 51.5196851], [-0.02471069999999963, 51.519774399999996], [-0.02479830000000075, 51.5198037], [-0.025284000000000237, 51.5199678], [-0.025376600000000058, 51.520001199999996], [-0.025737600000002164, 51.520130599999995], [-0.02577979999999974, 51.5201422]]}}, {"type": "Feature", "properties": {"u": 505, "v": 374, "key": 0, "length": 118.1, "length_raw": 12717117.67355743}, "geometry": {"type": "LineString", "coordinates": [[-0.04859170027706019, 51.49875030023163], [-0.04836110000000127, 51.498806699999996], [-0.04827409999999958, 51.49880949999999], [-0.047924899999999916, 51.498820699999996], [-0.04757740000000109, 51.4987913], [-0.047340500000000105, 51.498752399999994], [-0.04694960000000207, 51.49864829999999]]}}, {"type": "Feature", "properties": {"u": 505, "v": 113, "key": 0, "length": 178.5, "length_raw": 11018458.533437448}, "geometry": {"type": "LineString", "coordinates": [[-0.04859170027706019, 51.49875030023163], [-0.04882230000000089, 51.4986939], [-0.048869500000000336, 51.498680199999995], [-0.048997200000000435, 51.49862029999999], [-0.04908480000000036, 51.49856129999999], [-0.04915059999999965, 51.498505099999996], [-0.04921939999999927, 51.49843270000001], [-0.04926720000000173, 51.49837399999999], [-0.049308400000001314, 51.49830930000001], [-0.049343500000000394, 51.4982243], [-0.049373899999999894, 51.49813709999999], [-0.04939540000000022, 51.49798179999999], [-0.04939730000000034, 51.4979403], [-0.04944340000000117, 51.4978548], [-0.04954029999999963, 51.4977189], [-0.0495778000000004, 51.4976713], [-0.04960510000000251, 51.4976342], [-0.04971549999999988, 51.4975314], [-0.04978620000000002, 51.497469900000006], [-0.04982780000000134, 51.49743569999998]]}}, {"type": "Feature", "properties": {"u": 506, "v": 472, "key": 0, "length": 186.1, "length_raw": 12016682.781447819}, "geometry": {"type": "LineString", "coordinates": [[-0.017671700000000436, 51.508969799999996], [-0.017582900000000054, 51.5089646], [-0.016795700000001544, 51.50893659999999], [-0.01613210000000099, 51.5089314], [-0.015855699999999272, 51.5089287], [-0.015591999999998949, 51.508928299999994], [-0.015449400000000214, 51.5089209], [-0.014986122294714277, 51.50890271625714]]}}, {"type": "Feature", "properties": {"u": 506, "v": 494, "key": 0, "length": 103.4, "length_raw": 9776342.698558101}, "geometry": {"type": "LineString", "coordinates": [[-0.017671700000000436, 51.508969799999996], [-0.0178468999999995, 51.5089841], [-0.018015300000001174, 51.50900120000001], [-0.018744900000002285, 51.50909099999999], [-0.018800100000000767, 51.509096799999995], [-0.018814899999999177, 51.50909839999999], [-0.01913711632019916, 51.50914993157176]]}}, {"type": "Feature", "properties": {"u": 507, "v": 395, "key": 0, "length": 167.0, "length_raw": 12744799.960497126}, "geometry": {"type": "LineString", "coordinates": [[-0.0175862000000003, 51.520497899999995], [-0.0177393000000004, 51.5207597], [-0.01788809999999948, 51.5210274], [-0.01801050000000096, 51.52125900000001], [-0.018143200000000942, 51.521514800000006], [-0.01819769999999976, 51.5216083], [-0.018245200000000322, 51.5216767], [-0.018270400000000252, 51.521703800000004], [-0.018347600000001043, 51.52177579999999], [-0.01839410000000083, 51.52181569999999], [-0.018425900000000058, 51.521841], [-0.01849348524167487, 51.52187475393233]]}}, {"type": "Feature", "properties": {"u": 507, "v": 534, "key": 0, "length": 153.8, "length_raw": 12883771.266828468}, "geometry": {"type": "LineString", "coordinates": [[-0.0175862000000003, 51.520497899999995], [-0.017553899999998297, 51.5204373], [-0.017361700000000004, 51.520066899999996], [-0.01715960000000057, 51.5196882], [-0.017081500000000038, 51.51954179999999], [-0.016955500000000782, 51.5192955], [-0.01689069999999829, 51.5191843]]}}, {"type": "Feature", "properties": {"u": 509, "v": 510, "key": 0, "length": 79.1, "length_raw": 7047315.944813286}, "geometry": {"type": "LineString", "coordinates": [[-0.02907910000000006, 51.470533800000005], [-0.02851399999999975, 51.470091700000005], [-0.02836669963410168, 51.46997755008765]]}}, {"type": "Feature", "properties": {"u": 509, "v": 24, "key": 0, "length": 113.0, "length_raw": 11403375.315903947}, "geometry": {"type": "LineString", "coordinates": [[-0.02907910000000006, 51.470533800000005], [-0.029630300000000904, 51.4709629], [-0.029673500000000047, 51.47099779999999], [-0.029711499999998826, 51.47103010000001], [-0.02984669999999995, 51.4711377], [-0.030093433700397496, 51.47132976455258]]}}, {"type": "Feature", "properties": {"u": 510, "v": 509, "key": 0, "length": 79.1, "length_raw": 7047315.944813286}, "geometry": {"type": "LineString", "coordinates": [[-0.02836669963410168, 51.46997755008765], [-0.02851399999999975, 51.470091700000005], [-0.02907910000000006, 51.470533800000005]]}}, {"type": "Feature", "properties": {"u": 511, "v": 151, "key": 0, "length": 501.8, "length_raw": 1926941.2339828224}, "geometry": {"type": "LineString", "coordinates": [[0.011161299999998759, 51.49007], [0.009840699999999732, 51.4910734], [0.008474399999999629, 51.4921155], [0.007681599999999411, 51.4927203], [0.006565799999998645, 51.4935597]]}}, {"type": "Feature", "properties": {"u": 511, "v": 149, "key": 0, "length": 206.8, "length_raw": 16580739.749726089}, "geometry": {"type": "LineString", "coordinates": [[0.011161299999998759, 51.49007], [0.010807999999998949, 51.490231], [0.010320899999998143, 51.49054319999998], [0.009684899999999613, 51.490957699999996], [0.009573400000000043, 51.49102340000001], [0.0094929000000002, 51.491060499999996], [0.009414699999998237, 51.491090199999995], [0.00931870000000032, 51.4911165], [0.008864487705949288, 51.49121045763539]]}}, {"type": "Feature", "properties": {"u": 512, "v": 143, "key": 0, "length": 1901.7, "length_raw": 11768910.810797626}, "geometry": {"type": "LineString", "coordinates": [[0.0037888999999978893, 51.4954684], [0.0036948999999995304, 51.49561349999999], [0.003039600000000704, 51.4959601], [0.0029044999999998174, 51.49614859999999], [0.0028645999999997286, 51.4963138], [0.0028940999999994862, 51.496586], [0.002957299999999388, 51.49670649999999], [0.002972799999998654, 51.49673589999999], [0.0030071000000014086, 51.4967893], [0.0030314999999982556, 51.4968271], [0.0032201999999994105, 51.4970428], [0.0033076000000000594, 51.49714089999999], [0.004012599999999478, 51.497926799999995], [0.004264699999999814, 51.498163999999996], [0.0045221999999990005, 51.498374399999996], [0.004870899999998275, 51.4986315], [0.005214199999999496, 51.4988352], [0.006217399999999285, 51.49932939999999], [0.007091800000000356, 51.4997268], [0.008261200000000595, 51.50025120000001], [0.008937099999999611, 51.50049819999999], [0.00972569999999984, 51.500762099999996], [0.010428399999998991, 51.50104259999999], [0.01107209999999982, 51.50134979999999], [0.012048499999998281, 51.50186069999999], [0.012541999999999902, 51.502131199999994], [0.013008699999998605, 51.50240829999999], [0.013550499999998303, 51.5028191], [0.013984999999997626, 51.50327649999999], [0.014355200000000012, 51.50379419999999], [0.014601899999999909, 51.5043083], [0.014725299999999778, 51.504835899999996], [0.014784800000000077, 51.5051965], [0.014769599999999532, 51.50548719999999], [0.01465019999999918, 51.5059846], [0.014606699999998533, 51.5061935], [0.01453039999999987, 51.50640289999999], [0.014478499999998848, 51.506525499999995], [0.014463399999999732, 51.50654959999999], [0.014421199999999773, 51.50661689999999], [0.014189699999997639, 51.5068637], [0.014050199999999869, 51.5069829], [0.013930599999999044, 51.50707589999999], [0.013712099999998615, 51.5072248], [0.013343900000000956, 51.50747210000001], [0.013216599999999423, 51.507563399999995], [0.013087200000001275, 51.50766329999999], [0.01293679999999921, 51.5077924], [0.01273370000000139, 51.5079624], [0.012702499999999204, 51.5079895], [0.012655700000001094, 51.5080276], [0.012564600000000445, 51.50809060000001], [0.012448700000000017, 51.5081526], [0.01325529976482845, 51.50837400361708]]}}, {"type": "Feature", "properties": {"u": 512, "v": 156, "key": 0, "length": 136.5, "length_raw": 14032553.982190982}, "geometry": {"type": "LineString", "coordinates": [[0.0037888999999978893, 51.4954684], [0.0036039999999993555, 51.495549699999984], [0.0033970999999997083, 51.495639399999995], [0.00319329999999904, 51.495725400000005], [0.003007999999999163, 51.495825700000005], [0.0028386999999997337, 51.49592959999999], [0.0026639999999998653, 51.496034699999996], [0.0023183184460838103, 51.49627704630313]]}}, {"type": "Feature", "properties": {"u": 513, "v": 23, "key": 0, "length": 158.9, "length_raw": 14474149.018314915}, "geometry": {"type": "LineString", "coordinates": [[-0.03386655004874823, 51.470489750010216], [-0.03381990000000052, 51.47053689999999], [-0.033727800000001085, 51.4706216], [-0.03368369999999982, 51.47066], [-0.033343300000000284, 51.4709265], [-0.032998599999999725, 51.471174500000004], [-0.032891600000000853, 51.471248], [-0.03239710000000045, 51.471585]]}}, {"type": "Feature", "properties": {"u": 514, "v": 354, "key": 0, "length": 122.1, "length_raw": 6214453.055797252}, "geometry": {"type": "LineString", "coordinates": [[0.012868900000000127, 51.5163074], [0.012561499999999877, 51.51618319999999], [0.011787800000000279, 51.5160097], [0.011712700000000078, 51.51599370000001], [0.011617099999998732, 51.51596889999999], [0.011573500000001825, 51.51595420000001], [0.011529900000000147, 51.51593259999999], [0.011453199999998947, 51.51587570000001], [0.011398400000000216, 51.51577670000001]]}}, {"type": "Feature", "properties": {"u": 514, "v": 515, "key": 0, "length": 537.9, "length_raw": 7905867.611840412}, "geometry": {"type": "LineString", "coordinates": [[0.012868900000000127, 51.5163074], [0.011578399999999493, 51.5160683], [0.008117099999999905, 51.515403899999995], [0.0061767999999995295, 51.515035499999996], [0.005786599999999962, 51.5149667], [0.005434500000000204, 51.51489399999999]]}}, {"type": "Feature", "properties": {"u": 514, "v": 515, "key": 1, "length": 539.0, "length_raw": 7905867.611840412}, "geometry": {"type": "LineString", "coordinates": [[0.012868900000000127, 51.5163074], [0.012519900000000937, 51.51628869999998], [0.011538899999999951, 51.5161202], [0.006153600000001145, 51.51508760000001], [0.005766699999999041, 51.5150039], [0.005434500000000204, 51.51489399999999]]}}, {"type": "Feature", "properties": {"u": 515, "v": 411, "key": 0, "length": 194.0, "length_raw": 4437953.1441092985}, "geometry": {"type": "LineString", "coordinates": [[0.005434500000000204, 51.51489399999999], [0.004860999999999921, 51.5147596], [0.003931700000001074, 51.5145575], [0.003560300000000621, 51.51447460000001], [0.003123100000000483, 51.514372], [0.0028195999999991147, 51.514269999999996]]}}, {"type": "Feature", "properties": {"u": 516, "v": 41, "key": 0, "length": 180.0, "length_raw": 19289633.62197976}, "geometry": {"type": "LineString", "coordinates": [[-0.008394299999999934, 51.5148034], [-0.008347199999998731, 51.5146808], [-0.008295100000000019, 51.514543200000006], [-0.008188900000000256, 51.514274], [-0.008129900000001137, 51.514116200000004], [-0.008095999999998533, 51.5139535], [-0.008084100000001813, 51.513822399999995], [-0.008052100316466505, 51.513205950049475]]}}, {"type": "Feature", "properties": {"u": 517, "v": 479, "key": 0, "length": 88.9, "length_raw": 9814692.414210275}, "geometry": {"type": "LineString", "coordinates": [[-0.05378810000000124, 51.481744299999995], [-0.05376149999999959, 51.4816038], [-0.05372880000000062, 51.48143079999999], [-0.053690500000000335, 51.48122809999999], [-0.053650399999999376, 51.4810353], [-0.053647000000000084, 51.48101900000001], [-0.05363280000000071, 51.4809504]]}}, {"type": "Feature", "properties": {"u": 517, "v": 390, "key": 0, "length": 106.9, "length_raw": 11884046.947951049}, "geometry": {"type": "LineString", "coordinates": [[-0.05378810000000124, 51.481744299999995], [-0.05379250000000011, 51.482213300000005], [-0.0537724000000015, 51.4827054]]}}, {"type": "Feature", "properties": {"u": 518, "v": 478, "key": 0, "length": 82.7, "length_raw": 8908692.560713226}, "geometry": {"type": "LineString", "coordinates": [[-0.057407849988386654, 51.479813550005744], [-0.05737059999999907, 51.47979949999999], [-0.05638639999999927, 51.47942840000001]]}}, {"type": "Feature", "properties": {"u": 518, "v": 519, "key": 0, "length": 77.9, "length_raw": 5965318.026586737}, "geometry": {"type": "LineString", "coordinates": [[-0.057407849988386654, 51.479813550005744], [-0.057445100000000235, 51.47982759999999], [-0.05806290000000107, 51.480057], [-0.05811820000000099, 51.48007779999999], [-0.05816779999999975, 51.4800971], [-0.058369800000000936, 51.48017599999999]]}}, {"type": "Feature", "properties": {"u": 519, "v": 518, "key": 0, "length": 77.9, "length_raw": 5965318.026586737}, "geometry": {"type": "LineString", "coordinates": [[-0.058369800000000936, 51.48017599999999], [-0.05816779999999975, 51.4800971], [-0.05811820000000099, 51.48007779999999], [-0.05806290000000107, 51.480057], [-0.057445100000000235, 51.47982759999999], [-0.057407849988386654, 51.479813550005744]]}}, {"type": "Feature", "properties": {"u": 520, "v": 561, "key": 0, "length": 73.9, "length_raw": 8214266.676118487}, "geometry": {"type": "LineString", "coordinates": [[-0.00942890000000119, 51.49872439999999], [-0.009479400000001288, 51.498410199999995], [-0.009517100000000151, 51.498062]]}}, {"type": "Feature", "properties": {"u": 520, "v": 178, "key": 0, "length": 95.9, "length_raw": 10640737.067114774}, "geometry": {"type": "LineString", "coordinates": [[-0.00942890000000119, 51.49872439999999], [-0.009405999999998745, 51.4988746], [-0.00935980000000086, 51.4991626], [-0.009348900000000937, 51.49921649999999], [-0.009341999999999337, 51.49928160000001], [-0.009338600000000445, 51.4993071], [-0.009338700000000283, 51.49934799999999], [-0.009371397088034467, 51.49958365314117]]}}, {"type": "Feature", "properties": {"u": 521, "v": 178, "key": 0, "length": 98.0, "length_raw": 8194892.376338154}, "geometry": {"type": "LineString", "coordinates": [[-0.010574099999999887, 51.499652700000006], [-0.010324800000001, 51.49971190000001], [-0.010107399999998799, 51.49976619999999], [-0.010043599999999863, 51.49977650000001], [-0.009979900000000768, 51.499786699999994], [-0.009866200000000769, 51.4997925], [-0.009745100000000772, 51.499789], [-0.009715499999999586, 51.49978659999999], [-0.009624099999999818, 51.49977909999999], [-0.009497700000001606, 51.4997447], [-0.009371397088034467, 51.49958365314117]]}}, {"type": "Feature", "properties": {"u": 521, "v": 289, "key": 0, "length": 198.5, "length_raw": 12032030.242245946}, "geometry": {"type": "LineString", "coordinates": [[-0.010574099999999887, 51.499652700000006], [-0.010848500000000455, 51.4996163], [-0.011108999999999973, 51.49960209999999], [-0.011582400000000995, 51.4996347], [-0.011808700000000779, 51.499658399999994], [-0.012173099999999793, 51.499697], [-0.012583500000000193, 51.499745499999996], [-0.012973200000000965, 51.49979269999999], [-0.01340079999999829, 51.49984520000001]]}}, {"type": "Feature", "properties": {"u": 522, "v": 267, "key": 0, "length": 96.2, "length_raw": 4223849.078497385}, "geometry": {"type": "LineString", "coordinates": [[-0.05846889990735781, 51.51466210006309], [-0.058346000000000335, 51.51462849999999], [-0.05829430000000138, 51.51462349999999], [-0.05788190000000023, 51.5145833], [-0.05758860000000031, 51.51455030000001], [-0.05716040000000077, 51.51450470000001], [-0.05710689999347821, 51.51449955001212]]}}, {"type": "Feature", "properties": {"u": 523, "v": 153, "key": 0, "length": 598.2, "length_raw": 10359369.420680026}, "geometry": {"type": "LineString", "coordinates": [[0.005530000000001313, 51.49450399999999], [0.00576920000000018, 51.49432], [0.007807599999999064, 51.492780800000006], [0.009963999999999364, 51.4911414], [0.011025199999999883, 51.49035270000001]]}}, {"type": "Feature", "properties": {"u": 523, "v": 548, "key": 0, "length": 187.6, "length_raw": 15015282.042680541}, "geometry": {"type": "LineString", "coordinates": [[0.005530000000001313, 51.49450399999999], [0.005739699999998832, 51.4944257], [0.006275999999999445, 51.494134100000004], [0.006627499999999374, 51.4939231], [0.007173599999998105, 51.49351699999999], [0.007425800000000269, 51.49331289999999]]}}, {"type": "Feature", "properties": {"u": 524, "v": 242, "key": 0, "length": 158.4, "length_raw": 11945963.98102669}, "geometry": {"type": "LineString", "coordinates": [[-0.04985060000000037, 51.51687859999999], [-0.0496008000000007, 51.516873199999985], [-0.049239400000000426, 51.5168691], [-0.0488768000000005, 51.51686799999999], [-0.04870910000000088, 51.516866900000004], [-0.04836899999999966, 51.516864799999986], [-0.04803580000000085, 51.516863399999984], [-0.04756240000000261, 51.516858]]}}, {"type": "Feature", "properties": {"u": 524, "v": 84, "key": 0, "length": 269.1, "length_raw": 13911341.030171959}, "geometry": {"type": "LineString", "coordinates": [[-0.04985060000000037, 51.51687859999999], [-0.05003139999999995, 51.5168892], [-0.050476400000000234, 51.516927499999994], [-0.050742900000001215, 51.51694899999999], [-0.050811000000000765, 51.5169545], [-0.05089979999999995, 51.516961999999985], [-0.05145560000000014, 51.5170129], [-0.05196330000000074, 51.5170594], [-0.05231069999999933, 51.51709879999999], [-0.05262639999999972, 51.517133699999995], [-0.05297839999999924, 51.5171836], [-0.05300931976997478, 51.51673511978571]]}}, {"type": "Feature", "properties": {"u": 525, "v": 87, "key": 0, "length": 241.0, "length_raw": 15205552.27668292}, "geometry": {"type": "LineString", "coordinates": [[-0.011932800000001109, 51.50728549999999], [-0.010929400000000847, 51.5074528], [-0.010343400000000438, 51.5075064], [-0.009706199999999072, 51.50755900000001], [-0.008584207246863578, 51.507837784027046]]}}, {"type": "Feature", "properties": {"u": 525, "v": 430, "key": 0, "length": 531.1, "length_raw": 10781734.714748133}, "geometry": {"type": "LineString", "coordinates": [[-0.011932800000001109, 51.50728549999999], [-0.011028699999999012, 51.507351699999994], [-0.009238099999999841, 51.50751939999999], [-0.007185000000000005, 51.5076862], [-0.006869100000000336, 51.50772109999999], [-0.006514800000000547, 51.50776650000001], [-0.006047400000000587, 51.5078426], [-0.005300699999998415, 51.5080276], [-0.004804500000000351, 51.50822569999999], [-0.004562500000000034, 51.50835879999999]]}}, {"type": "Feature", "properties": {"u": 526, "v": 182, "key": 0, "length": 145.8, "length_raw": 12467956.039929075}, "geometry": {"type": "LineString", "coordinates": [[-0.016720999817347808, 51.507260150297626], [-0.016986300000000034, 51.50728949999999], [-0.017167400000001515, 51.5073111], [-0.017446399999998245, 51.50734370000001], [-0.017840200000000757, 51.507401099999996], [-0.018204100000000577, 51.50745959999998], [-0.018403000000000794, 51.507492299999996], [-0.01850860000000073, 51.50750970000001], [-0.01877010000000261, 51.507559699999995]]}}, {"type": "Feature", "properties": {"u": 527, "v": 289, "key": 0, "length": 359.6, "length_raw": 5154854.925965671}, "geometry": {"type": "LineString", "coordinates": [[-0.018519799999999375, 51.50039249999999], [-0.01828820000000098, 51.5003686], [-0.01817000000000068, 51.50035909999999], [-0.017967300000001418, 51.50034289999999], [-0.01789440000000085, 51.50033429999999], [-0.017499600000001544, 51.50029649999998], [-0.017116700000000148, 51.50026029999999], [-0.01709399999999937, 51.50025829999999], [-0.017063699999999706, 51.50025569999999], [-0.01648159999999977, 51.5001914], [-0.016282400000001227, 51.50016930000001], [-0.01599750000000009, 51.500137099999996], [-0.015856799999999883, 51.500123], [-0.015518799999999661, 51.500087900000004], [-0.015040299999999306, 51.5000369], [-0.01484370000000015, 51.50001300000001], [-0.014719900000001724, 51.499998899999994], [-0.01418180000000123, 51.4999378], [-0.01395900000000137, 51.4999125], [-0.01340079999999829, 51.49984520000001]]}}, {"type": "Feature", "properties": {"u": 527, "v": 428, "key": 0, "length": 167.0, "length_raw": 4074224.552702839}, "geometry": {"type": "LineString", "coordinates": [[-0.018519799999999375, 51.50039249999999], [-0.018821500000000067, 51.50042810000001], [-0.01887350000000053, 51.50043399999999], [-0.019051500000000245, 51.50045720000001], [-0.019103799999999428, 51.5004641], [-0.01915120000000055, 51.5004696], [-0.019381400000000007, 51.500512], [-0.01967199999999951, 51.50057170000001], [-0.020010500000000517, 51.500643000000004], [-0.020273499999999584, 51.50069619999999], [-0.02083110000000005, 51.500814600000005]]}}, {"type": "Feature", "properties": {"u": 528, "v": 447, "key": 0, "length": 278.8, "length_raw": 15325432.362640265}, "geometry": {"type": "LineString", "coordinates": [[-0.008815400000000185, 51.515862299999995], [-0.008586000000000628, 51.5155144], [-0.008538600000001496, 51.515450799999996], [-0.008453000000000729, 51.51537429999999], [-0.008358100000000243, 51.515326299999984], [-0.008304100000000222, 51.515313400000004], [-0.008225799999999216, 51.5152963], [-0.008149100000000006, 51.5152893], [-0.008060099999999949, 51.515289900000006], [-0.007666999999999887, 51.51532769999999], [-0.0071367999999997775, 51.5153886], [-0.006970500000000682, 51.5154005], [-0.006779600000000687, 51.51539029999999], [-0.006661800000000539, 51.515370600000004], [-0.006342300000000313, 51.51527999999999], [-0.0054765712678262815, 51.51501674886819]]}}, {"type": "Feature", "properties": {"u": 528, "v": 516, "key": 0, "length": 121.3, "length_raw": 13113463.65071324}, "geometry": {"type": "LineString", "coordinates": [[-0.008815400000000185, 51.515862299999995], [-0.008567800000000545, 51.515253699999995], [-0.008394299999999934, 51.5148034]]}}, {"type": "Feature", "properties": {"u": 529, "v": 102, "key": 0, "length": 93.7, "length_raw": 3086239.899795559}, "geometry": {"type": "LineString", "coordinates": [[-0.016366500000001234, 51.4908276], [-0.016091899999999795, 51.4908209], [-0.01596590000000054, 51.490820799999995], [-0.01587890000000004, 51.4908179], [-0.01581719999999971, 51.4908103], [-0.015767100000000558, 51.4908005], [-0.015733000000001458, 51.49079269999999], [-0.01568790000000021, 51.49077840000001], [-0.01562779999999968, 51.4907559], [-0.015554800000000868, 51.4907133], [-0.015427099999999982, 51.4906162], [-0.01531930000000041, 51.490531100000005], [-0.015245300000000425, 51.490475]]}}, {"type": "Feature", "properties": {"u": 529, "v": 448, "key": 0, "length": 115.0, "length_raw": 5453649.506440004}, "geometry": {"type": "LineString", "coordinates": [[-0.016366500000001234, 51.4908276], [-0.0165855999999999, 51.490841299999985], [-0.016893800000000053, 51.4908598], [-0.01699190000000055, 51.4908742], [-0.01707450000000019, 51.4908923], [-0.017228099999999483, 51.49093160000001], [-0.01733800000000004, 51.4909588], [-0.017565199999999566, 51.4909914], [-0.017988699999999126, 51.49102]]}}, {"type": "Feature", "properties": {"u": 530, "v": 531, "key": 0, "length": 123.0, "length_raw": 11321463.211605884}, "geometry": {"type": "LineString", "coordinates": [[0.008047900000000531, 51.4949414], [0.007631600000000893, 51.4953509], [0.0074956000000006625, 51.4954709], [0.007366400000000205, 51.49557579999999], [0.007321400000000784, 51.495612400000006], [0.007152200000000001, 51.4957383], [0.0070031999999984615, 51.49583309999999]]}}, {"type": "Feature", "properties": {"u": 531, "v": 532, "key": 0, "length": 153.7, "length_raw": 7690992.348620888}, "geometry": {"type": "LineString", "coordinates": [[0.0070031999999984615, 51.49583309999999], [0.006871700000000121, 51.495910500000015], [0.006719899999999518, 51.4960014], [0.006423700000000297, 51.496175300000004], [0.006019799999998959, 51.49641669999999], [0.005777499999999523, 51.496542599999984], [0.005490199999999473, 51.4966783], [0.005399400000001522, 51.4967144], [0.0054446499607562725, 51.49675365000948]]}}, {"type": "Feature", "properties": {"u": 532, "v": 469, "key": 0, "length": 211.6, "length_raw": 16753405.141683444}, "geometry": {"type": "LineString", "coordinates": [[0.0054446499607562725, 51.49675365000948], [0.005399400000001522, 51.4967144], [0.005162399999999904, 51.4968087], [0.004846799999999354, 51.4969182], [0.00482569999999838, 51.496925499999996], [0.004282000000000155, 51.49710909999999], [0.003983999999998269, 51.497217799999994], [0.003835899999999255, 51.49727179999999], [0.003687999999999124, 51.497343699999995], [0.003458700000000201, 51.4974667], [0.003361499999998254, 51.497527299999994], [0.003336599999999033, 51.4975428], [0.003250399999998835, 51.49759439999998], [0.0031573999999992618, 51.4976603], [0.003065600000000935, 51.4977341], [0.0030032500690310186, 51.49778500001565]]}}, {"type": "Feature", "properties": {"u": 532, "v": 545, "key": 0, "length": 154.9, "length_raw": 6532851.026298634}, "geometry": {"type": "LineString", "coordinates": [[0.0054446499607562725, 51.49675365000948], [0.0054898999999999564, 51.4967929], [0.005794600000000583, 51.4966543], [0.006069999999999142, 51.496513799999995], [0.006404199999999924, 51.49632119999999], [0.006923699999999391, 51.496021799999994], [0.007111399999999375, 51.4959068]]}}, {"type": "Feature", "properties": {"u": 534, "v": 507, "key": 0, "length": 153.8, "length_raw": 12883771.266828468}, "geometry": {"type": "LineString", "coordinates": [[-0.01689069999999829, 51.5191843], [-0.016955500000000782, 51.5192955], [-0.017081500000000038, 51.51954179999999], [-0.01715960000000057, 51.5196882], [-0.017361700000000004, 51.520066899999996], [-0.017553899999998297, 51.5204373], [-0.0175862000000003, 51.520497899999995]]}}, {"type": "Feature", "properties": {"u": 534, "v": 535, "key": 0, "length": 161.1, "length_raw": 14151501.364928331}, "geometry": {"type": "LineString", "coordinates": [[-0.01689069999999829, 51.5191843], [-0.0166882000000003, 51.5188047], [-0.016668099999998905, 51.518767100000005], [-0.0165059999999998, 51.5184908], [-0.01647060000000001, 51.5184287], [-0.016235500000000496, 51.518053], [-0.016196400000001106, 51.51798229999999], [-0.01618249999999966, 51.5179346], [-0.016167800000001488, 51.517882099999994], [-0.016156300000000543, 51.5178127]]}}, {"type": "Feature", "properties": {"u": 535, "v": 540, "key": 0, "length": 62.8, "length_raw": 6971015.0026648315}, "geometry": {"type": "LineString", "coordinates": [[-0.016156300000000543, 51.5178127], [-0.01608029999999941, 51.5173372], [-0.016077800000000655, 51.517324099999996], [-0.016064000000000637, 51.51725079999999]]}}, {"type": "Feature", "properties": {"u": 535, "v": 534, "key": 0, "length": 161.1, "length_raw": 14151501.364928331}, "geometry": {"type": "LineString", "coordinates": [[-0.016156300000000543, 51.5178127], [-0.016167800000001488, 51.517882099999994], [-0.01618249999999966, 51.5179346], [-0.016196400000001106, 51.51798229999999], [-0.016235500000000496, 51.518053], [-0.01647060000000001, 51.5184287], [-0.0165059999999998, 51.5184908], [-0.016668099999998905, 51.518767100000005], [-0.0166882000000003, 51.5188047], [-0.01689069999999829, 51.5191843]]}}, {"type": "Feature", "properties": {"u": 536, "v": 226, "key": 0, "length": 147.5, "length_raw": 12617688.662515337}, "geometry": {"type": "LineString", "coordinates": [[-0.014174449410852495, 51.470285700067855], [-0.014306500000000591, 51.4704954], [-0.014436100000002393, 51.4707101], [-0.014553300000000725, 51.4709174], [-0.014624399999999422, 51.471048], [-0.014671700000000303, 51.471134899999996], [-0.01476810000000036, 51.471293500000016], [-0.014958849083371695, 51.47151695014392]]}}, {"type": "Feature", "properties": {"u": 537, "v": 211, "key": 0, "length": 79.0, "length_raw": 8716644.628668707}, "geometry": {"type": "LineString", "coordinates": [[-0.057990000000002095, 51.47601029999999], [-0.057943000000001924, 51.4755799], [-0.05791550000000093, 51.4753016]]}}, {"type": "Feature", "properties": {"u": 537, "v": 538, "key": 0, "length": 88.9, "length_raw": 9806211.168775078}, "geometry": {"type": "LineString", "coordinates": [[-0.057990000000002095, 51.47601029999999], [-0.05800130000000098, 51.476100100000004], [-0.05819390000000101, 51.4766526], [-0.05825990000000117, 51.476790799999996]]}}, {"type": "Feature", "properties": {"u": 538, "v": 537, "key": 0, "length": 88.9, "length_raw": 9806211.168775078}, "geometry": {"type": "LineString", "coordinates": [[-0.05825990000000117, 51.476790799999996], [-0.05819390000000101, 51.4766526], [-0.05800130000000098, 51.476100100000004], [-0.057990000000002095, 51.47601029999999]]}}, {"type": "Feature", "properties": {"u": 538, "v": 539, "key": 0, "length": 77.0, "length_raw": 7573279.526712462}, "geometry": {"type": "LineString", "coordinates": [[-0.05825990000000117, 51.476790799999996], [-0.0584226000000009, 51.477165799999995], [-0.058499399999999556, 51.4773451], [-0.05851530000000136, 51.47736179999999], [-0.05857220000000068, 51.47740650000001], [-0.0586231518064428, 51.47743402293692]]}}, {"type": "Feature", "properties": {"u": 539, "v": 538, "key": 0, "length": 77.0, "length_raw": 7573279.526712462}, "geometry": {"type": "LineString", "coordinates": [[-0.0586231518064428, 51.47743402293692], [-0.05857220000000068, 51.47740650000001], [-0.05851530000000136, 51.47736179999999], [-0.058499399999999556, 51.4773451], [-0.0584226000000009, 51.477165799999995], [-0.05825990000000117, 51.476790799999996]]}}, {"type": "Feature", "properties": {"u": 540, "v": 541, "key": 0, "length": 130.3, "length_raw": 13563332.45379971}, "geometry": {"type": "LineString", "coordinates": [[-0.016064000000000637, 51.51725079999999], [-0.016042200000000395, 51.517127], [-0.016023600000001356, 51.51704110000001], [-0.01600770000000154, 51.516951999999996], [-0.016004500000000737, 51.516929699999984], [-0.015999300000000768, 51.516899499999994], [-0.015948600000000198, 51.5166152], [-0.015939600000000793, 51.5165746], [-0.01593150000000033, 51.51653919999998], [-0.01575467542219201, 51.516096940027]]}}, {"type": "Feature", "properties": {"u": 540, "v": 535, "key": 0, "length": 62.8, "length_raw": 6971015.0026648315}, "geometry": {"type": "LineString", "coordinates": [[-0.016064000000000637, 51.51725079999999], [-0.016077800000000655, 51.517324099999996], [-0.01608029999999941, 51.5173372], [-0.016156300000000543, 51.5178127]]}}, {"type": "Feature", "properties": {"u": 541, "v": 553, "key": 0, "length": 144.8, "length_raw": 14491501.795120433}, "geometry": {"type": "LineString", "coordinates": [[-0.01575467542219201, 51.516096940027], [-0.015505300000000749, 51.5156776], [-0.01517270000000017, 51.5153129], [-0.015140899999999747, 51.51527920000001], [-0.014979100000000951, 51.515086499999995], [-0.014862500000001255, 51.5149224]]}}, {"type": "Feature", "properties": {"u": 541, "v": 540, "key": 0, "length": 130.3, "length_raw": 13563332.45379971}, "geometry": {"type": "LineString", "coordinates": [[-0.01575467542219201, 51.516096940027], [-0.01593150000000033, 51.51653919999998], [-0.015939600000000793, 51.5165746], [-0.015948600000000198, 51.5166152], [-0.015999300000000768, 51.516899499999994], [-0.016004500000000737, 51.516929699999984], [-0.01600770000000154, 51.516951999999996], [-0.016023600000001356, 51.51704110000001], [-0.016042200000000395, 51.517127], [-0.016064000000000637, 51.51725079999999]]}}, {"type": "Feature", "properties": {"u": 542, "v": 501, "key": 0, "length": 268.5, "length_raw": 15934924.24433257}, "geometry": {"type": "LineString", "coordinates": [[0.0036921000000008637, 51.517315700000005], [0.0035790999999989414, 51.51750580000001], [0.003455300000000116, 51.51775099999999], [0.0033602999999993934, 51.517982499999995], [0.0032897999999973444, 51.51814679999999], [0.003244799999999513, 51.518275499999994], [0.0031960999999992973, 51.51843689999999], [0.0031818999999987303, 51.518553499999996], [0.0031794000000007726, 51.51864090000001], [0.003231499999999086, 51.51882929999999], [0.0032950000000004915, 51.51896769999999], [0.003347699999999428, 51.51905959999998], [0.0033878999999994307, 51.5190983], [0.0034336999999995507, 51.519122], [0.0034854999999983476, 51.519141], [0.003558299999999472, 51.519158299999994], [0.0038527999999990476, 51.51919689999998], [0.004054400000000082, 51.5192211], [0.004137700000000183, 51.51923339999999], [0.004257200000001567, 51.519249300000006]]}}, {"type": "Feature", "properties": {"u": 543, "v": 544, "key": 0, "length": 102.7, "length_raw": 10620204.367868869}, "geometry": {"type": "LineString", "coordinates": [[0.004913599999997826, 51.517573299999995], [0.00545129999999976, 51.516711999999984]]}}, {"type": "Feature", "properties": {"u": 544, "v": 218, "key": 0, "length": 136.1, "length_raw": 11885177.963171577}, "geometry": {"type": "LineString", "coordinates": [[0.00545129999999976, 51.516711999999984], [0.006127100000000527, 51.515842799999994], [0.006129789674852181, 51.51558480518102]]}}, {"type": "Feature", "properties": {"u": 545, "v": 410, "key": 0, "length": 141.3, "length_raw": 12464060.335151326}, "geometry": {"type": "LineString", "coordinates": [[0.007111399999999375, 51.4959068], [0.007341899999999544, 51.49575519999999], [0.007579100000000044, 51.4955802], [0.007737299999999078, 51.4954567], [0.00788329999999949, 51.49532349999999], [0.008045099999998286, 51.4951705], [0.00822940000000057, 51.49497989999999], [0.008320500000000026, 51.4948879]]}}, {"type": "Feature", "properties": {"u": 546, "v": 112, "key": 0, "length": 244.3, "length_raw": 12402138.930082018}, "geometry": {"type": "LineString", "coordinates": [[-0.058445800000001276, 51.498877699999994], [-0.05834970000000153, 51.49888570000001], [-0.05830290000000024, 51.49888959999999], [-0.05794580000000019, 51.498917], [-0.057771700000000155, 51.4989354], [-0.05743480000000133, 51.49897479999999], [-0.05713169999999972, 51.4990078], [-0.05703370000000065, 51.49901579999999], [-0.054995070182472114, 51.49870421129716]]}}, {"type": "Feature", "properties": {"u": 547, "v": 500, "key": 0, "length": 117.2, "length_raw": 8196907.581950679}, "geometry": {"type": "LineString", "coordinates": [[-0.001369149886773527, 51.521506700286444], [-0.0011093000000001116, 51.52148889999999], [-0.0005118000000015418, 51.5214045], [8.929999999917628e-05, 51.5213195], [0.00028615013873113914, 51.521288850163295]]}}, {"type": "Feature", "properties": {"u": 547, "v": 556, "key": 0, "length": 233.6, "length_raw": 16432776.740201235}, "geometry": {"type": "LineString", "coordinates": [[-0.001369149886773527, 51.521506700286444], [-0.001629000000001641, 51.5215245], [-0.002365500000000774, 51.521547], [-0.003144300000000103, 51.521572000000006], [-0.003313200000000574, 51.5215839], [-0.0035591999999988163, 51.5216091], [-0.003768099999999215, 51.5216944], [-0.003997900000000512, 51.52187669999999], [-0.004074000000001088, 51.5219371], [-0.004179800000001099, 51.5220211], [-0.00425610000000016, 51.5220817], [-0.004393149971312679, 51.52209015007975]]}}, {"type": "Feature", "properties": {"u": 548, "v": 152, "key": 0, "length": 224.0, "length_raw": 869944.4662609346}, "geometry": {"type": "LineString", "coordinates": [[0.007425800000000269, 51.49331289999999], [0.007678400000000593, 51.4930956], [0.00789149999999939, 51.49290950000001], [0.008130699999999848, 51.49273980000001], [0.008244999999998084, 51.4926704], [0.008313699999998661, 51.4926414], [0.008392900000000205, 51.4926176], [0.008473100000000134, 51.49260309999999], [0.008575800000000371, 51.4925968], [0.008680100000000017, 51.4926022], [0.008736099999998803, 51.492609], [0.008819699999997627, 51.49262559999998], [0.008904199999999769, 51.492650100000006], [0.008982999999998775, 51.492687499999995], [0.009085999999998927, 51.4927588], [0.00964965738862868, 51.49324369511758]]}}, {"type": "Feature", "properties": {"u": 548, "v": 161, "key": 0, "length": 244.3, "length_raw": 10487441.374301702}, "geometry": {"type": "LineString", "coordinates": [[0.007425800000000269, 51.49331289999999], [0.007594699999999149, 51.4932396], [0.007770899999998588, 51.493132], [0.007947899999999918, 51.493033499999996], [0.008056499999998993, 51.492988399999994], [0.008146399999999984, 51.492965899999994], [0.008248299999998729, 51.4929483], [0.008344799999999021, 51.4929383], [0.00846149999999975, 51.4929383], [0.008570200000000255, 51.492946700000005], [0.008670699999998472, 51.49295999999999], [0.008759199999999336, 51.49298089999999], [0.00885179999999836, 51.4930101], [0.008917500000000593, 51.493035199999994], [0.008930499999999517, 51.4930417], [0.008988799999998968, 51.493077799999995], [0.009043600000000483, 51.493113099999995], [0.009101399999998355, 51.493168700000005], [0.009136199999999508, 51.49321470000001], [0.009175199999998662, 51.493284899999985], [0.009189699999998744, 51.493331600000005], [0.009197800000000398, 51.493377499999994], [0.009192399999998766, 51.4934518], [0.009172300000000156, 51.4935412], [0.009140799999999647, 51.49362159999998], [0.009093899999999312, 51.49370780000001], [0.008893999999999116, 51.4940754]]}}, {"type": "Feature", "properties": {"u": 549, "v": 282, "key": 0, "length": 176.0, "length_raw": 14341411.983424103}, "geometry": {"type": "LineString", "coordinates": [[-0.04489730000000213, 51.5209619], [-0.044981500000000785, 51.52104580000001], [-0.04506600000000014, 51.5211578], [-0.045382400000000996, 51.5215989], [-0.04544840000000155, 51.521691299999986], [-0.045502900000001165, 51.5217607], [-0.045554500000001476, 51.52182659999999], [-0.04556690000000137, 51.5218459], [-0.045637300000000394, 51.521963], [-0.0463712018480845, 51.52181581365044]]}}, {"type": "Feature", "properties": {"u": 549, "v": 260, "key": 0, "length": 110.0, "length_raw": 8144215.527064198}, "geometry": {"type": "LineString", "coordinates": [[-0.04489730000000213, 51.5209619], [-0.04453299999999898, 51.52062399999999], [-0.04416110000000053, 51.52028199999999], [-0.044082200000001286, 51.52019109999999], [-0.044020500000000955, 51.5201374]]}}, {"type": "Feature", "properties": {"u": 550, "v": 528, "key": 0, "length": 206.0, "length_raw": 15254938.85737579}, "geometry": {"type": "LineString", "coordinates": [[-0.00951260000000025, 51.517662699999995], [-0.009306600000000343, 51.517073899999986], [-0.009074800000000282, 51.5164863], [-0.008815400000000185, 51.515862299999995]]}}, {"type": "Feature", "properties": {"u": 551, "v": 473, "key": 0, "length": 73.6, "length_raw": 8041345.555724269}, "geometry": {"type": "LineString", "coordinates": [[-0.02104420000000044, 51.47020599999999], [-0.021576999999999933, 51.47068779999999], [-0.021650399901427943, 51.47074965002167]]}}, {"type": "Feature", "properties": {"u": 552, "v": 203, "key": 0, "length": 170.9, "length_raw": 16644847.707729792}, "geometry": {"type": "LineString", "coordinates": [[-0.025180600000000334, 51.49471799999999], [-0.02502290000000089, 51.49457649999999], [-0.024981700000000908, 51.494525399999986], [-0.02495099999999951, 51.4944774], [-0.024933000000000295, 51.49442570000001], [-0.024923200000000985, 51.4943764], [-0.02491769999999872, 51.49432779999999], [-0.02491090000000014, 51.4942548], [-0.02490310000000158, 51.49402549999999], [-0.024900000000000613, 51.49399210000001], [-0.024897499999998282, 51.493968900000006], [-0.024876700000000404, 51.4936908], [-0.0248759000000005, 51.4936472], [-0.024871700000000514, 51.49336110000001], [-0.02487850000000068, 51.4932853], [-0.02488245000702036, 51.493223800000436]]}}, {"type": "Feature", "properties": {"u": 552, "v": 555, "key": 0, "length": 119.0, "length_raw": 12153215.597156113}, "geometry": {"type": "LineString", "coordinates": [[-0.025180600000000334, 51.49471799999999], [-0.0253270000000001, 51.49484000000001], [-0.025382200000000174, 51.49488769999999], [-0.02547739999999978, 51.49497019999999], [-0.025556300000001406, 51.495047299999996], [-0.025590200000000434, 51.4951051], [-0.02564030000000038, 51.4954696], [-0.02567299999999975, 51.4957078]]}}, {"type": "Feature", "properties": {"u": 553, "v": 541, "key": 0, "length": 144.8, "length_raw": 14491501.795120433}, "geometry": {"type": "LineString", "coordinates": [[-0.014862500000001255, 51.5149224], [-0.014979100000000951, 51.515086499999995], [-0.015140899999999747, 51.51527920000001], [-0.01517270000000017, 51.5153129], [-0.015505300000000749, 51.5156776], [-0.01575467542219201, 51.516096940027]]}}, {"type": "Feature", "properties": {"u": 553, "v": 554, "key": 0, "length": 114.7, "length_raw": 12059487.823018828}, "geometry": {"type": "LineString", "coordinates": [[-0.014862500000001255, 51.5149224], [-0.014770399999999436, 51.5147703], [-0.014696500000000879, 51.5146181], [-0.014651300000000587, 51.51451929999999], [-0.014594700000001576, 51.514382], [-0.014505999999999445, 51.51414379999999], [-0.014422099999999913, 51.5139293]]}}, {"type": "Feature", "properties": {"u": 554, "v": 553, "key": 0, "length": 114.7, "length_raw": 12059487.823018828}, "geometry": {"type": "LineString", "coordinates": [[-0.014422099999999913, 51.5139293], [-0.014505999999999445, 51.51414379999999], [-0.014594700000001576, 51.514382], [-0.014651300000000587, 51.51451929999999], [-0.014696500000000879, 51.5146181], [-0.014770399999999436, 51.5147703], [-0.014862500000001255, 51.5149224]]}}, {"type": "Feature", "properties": {"u": 554, "v": 437, "key": 0, "length": 83.7, "length_raw": 8903122.463180128}, "geometry": {"type": "LineString", "coordinates": [[-0.014422099999999913, 51.5139293], [-0.014410999999999518, 51.5139019], [-0.01439839999999995, 51.51387090000001], [-0.01428190000000049, 51.5135766], [-0.014135800000001432, 51.51319769999999]]}}, {"type": "Feature", "properties": {"u": 555, "v": 467, "key": 0, "length": 66.7, "length_raw": 7372299.465964847}, "geometry": {"type": "LineString", "coordinates": [[-0.02567299999999975, 51.4957078], [-0.025708000000001376, 51.496020099999996], [-0.02571239999999985, 51.4960598], [-0.025716000000001602, 51.496098599999996], [-0.0257382000000008, 51.49630599999998]]}}, {"type": "Feature", "properties": {"u": 555, "v": 552, "key": 0, "length": 119.0, "length_raw": 12153215.597156113}, "geometry": {"type": "LineString", "coordinates": [[-0.02567299999999975, 51.4957078], [-0.02564030000000038, 51.4954696], [-0.025590200000000434, 51.4951051], [-0.025556300000001406, 51.495047299999996], [-0.02547739999999978, 51.49497019999999], [-0.025382200000000174, 51.49488769999999], [-0.0253270000000001, 51.49484000000001], [-0.025180600000000334, 51.49471799999999]]}}, {"type": "Feature", "properties": {"u": 556, "v": 547, "key": 0, "length": 233.6, "length_raw": 16432776.740201235}, "geometry": {"type": "LineString", "coordinates": [[-0.004393149971312679, 51.52209015007975], [-0.00425610000000016, 51.5220817], [-0.004179800000001099, 51.5220211], [-0.004074000000001088, 51.5219371], [-0.003997900000000512, 51.52187669999999], [-0.003768099999999215, 51.5216944], [-0.0035591999999988163, 51.5216091], [-0.003313200000000574, 51.5215839], [-0.003144300000000103, 51.521572000000006], [-0.002365500000000774, 51.521547], [-0.001629000000001641, 51.5215245], [-0.001369149886773527, 51.521506700286444]]}}, {"type": "Feature", "properties": {"u": 557, "v": 256, "key": 0, "length": 156.8, "length_raw": 2677722.5533916447}, "geometry": {"type": "LineString", "coordinates": [[-0.032830400000000516, 51.4751368], [-0.03287729999999965, 51.4751247], [-0.03292250000000035, 51.4751197], [-0.03299499999999917, 51.47511509999999], [-0.03317490000000099, 51.4751077], [-0.03344320000000066, 51.4750874], [-0.0336530000000008, 51.4750697], [-0.0338098000000005, 51.47505650000001], [-0.033937699999999474, 51.475042], [-0.034044300000001776, 51.475026899999996], [-0.034141699999999026, 51.47500709999999], [-0.03421590000000028, 51.4749873], [-0.03432690000000145, 51.4749427], [-0.03441940000000104, 51.47490429999999], [-0.034597500000001384, 51.474829199999995], [-0.03466170000000166, 51.47481359999999], [-0.034840099999999936, 51.474785], [-0.0349242498725608, 51.47485470002854]]}}, {"type": "Feature", "properties": {"u": 557, "v": 18, "key": 0, "length": 270.0, "length_raw": 14287383.73156436}, "geometry": {"type": "LineString", "coordinates": [[-0.032830400000000516, 51.4751368], [-0.03276800000000131, 51.475047399999994], [-0.032729800000000864, 51.4749941], [-0.03262049999999974, 51.4748418], [-0.032430300000001, 51.4745767], [-0.03203770000000053, 51.47403219999999], [-0.031861900000000054, 51.4737918], [-0.03183649999999965, 51.473734], [-0.031837599999999064, 51.47366899999999], [-0.03186380000000176, 51.47361169999999], [-0.03191829999999978, 51.47356119999999], [-0.03211009999999952, 51.4734138], [-0.0326943131665852, 51.473044345458014]]}}, {"type": "Feature", "properties": {"u": 558, "v": 563, "key": 0, "length": 92.6, "length_raw": 10166911.123580873}, "geometry": {"type": "LineString", "coordinates": [[-0.04483479999999991, 51.4713001], [-0.04458009999999979, 51.470482299999986]]}}, {"type": "Feature", "properties": {"u": 558, "v": 174, "key": 0, "length": 84.5, "length_raw": 9087611.58618053}, "geometry": {"type": "LineString", "coordinates": [[-0.04483479999999991, 51.4713001], [-0.04491960000000038, 51.4716014], [-0.04493639999999993, 51.4716584], [-0.04503660000000062, 51.4719718], [-0.04506099996255121, 51.47204640000234]]}}, {"type": "Feature", "properties": {"u": 559, "v": 550, "key": 0, "length": 173.8, "length_raw": 16136652.150795659}, "geometry": {"type": "LineString", "coordinates": [[-0.01011620000000131, 51.51917879999999], [-0.010081400000000157, 51.51907490000001], [-0.00991290000000063, 51.518622699999995], [-0.00973809999999973, 51.5181677], [-0.009692799999999203, 51.518051299999996], [-0.00957400000000027, 51.51781839999999], [-0.00955249999999994, 51.51777690000001], [-0.00951260000000025, 51.517662699999995]]}}, {"type": "Feature", "properties": {"u": 560, "v": 514, "key": 0, "length": 296.6, "length_raw": 12407181.050541712}, "geometry": {"type": "LineString", "coordinates": [[0.01699399976325178, 51.51702355044443], [0.01667279999999968, 51.5169874], [0.015972100000000086, 51.51687729999999], [0.015190499999999706, 51.51673159999999], [0.014903500000000364, 51.516665499999995], [0.013809999999999037, 51.516456100000006], [0.01350250000000014, 51.5164075], [0.012868900000000127, 51.5163074]]}}, {"type": "Feature", "properties": {"u": 561, "v": 481, "key": 0, "length": 61.9, "length_raw": 6889740.210415006}, "geometry": {"type": "LineString", "coordinates": [[-0.009517100000000151, 51.498062], [-0.009565000000000861, 51.4978076], [-0.00956950000000156, 51.49777259999999], [-0.00959009999999817, 51.4976213], [-0.009612100000000078, 51.4975082]]}}, {"type": "Feature", "properties": {"u": 561, "v": 520, "key": 0, "length": 73.9, "length_raw": 8214266.676118487}, "geometry": {"type": "LineString", "coordinates": [[-0.009517100000000151, 51.498062], [-0.009479400000001288, 51.498410199999995], [-0.00942890000000119, 51.49872439999999]]}}, {"type": "Feature", "properties": {"u": 562, "v": 443, "key": 0, "length": 138.7, "length_raw": 15108503.121488823}, "geometry": {"type": "LineString", "coordinates": [[-0.008933300000000172, 51.47024820000001], [-0.008934600000002846, 51.4703349], [-0.008936700000000257, 51.470483300000005], [-0.00885900000000067, 51.4707964], [-0.008702300000000013, 51.471323399999996], [-0.008655800000001419, 51.4714799]]}}, {"type": "Feature", "properties": {"u": 563, "v": 558, "key": 0, "length": 92.6, "length_raw": 10166911.123580873}, "geometry": {"type": "LineString", "coordinates": [[-0.04458009999999979, 51.470482299999986], [-0.04483479999999991, 51.4713001]]}}]}