{"type": "FeatureCollection", "features": [{"type": "Feature", "properties": {"osmid": 0}, "geometry": {"type": "Point", "coordinates": [28.96184244413418, 41.06495075805549]}}, {"type": "Feature", "properties": {"osmid": 1}, "geometry": {"type": "Point", "coordinates": [28.964422450856855, 41.06464304833416]}}, {"type": "Feature", "properties": {"osmid": 2}, "geometry": {"type": "Point", "coordinates": [28.959810719227818, 41.0661644895676]}}, {"type": "Feature", "properties": {"osmid": 3}, "geometry": {"type": "Point", "coordinates": [28.963565100000004, 41.06561349999999]}}, {"type": "Feature", "properties": {"osmid": 4}, "geometry": {"type": "Point", "coordinates": [28.967562312317806, 41.0635348546952]}}, {"type": "Feature", "properties": {"osmid": 5}, "geometry": {"type": "Point", "coordinates": [29.011025066594964, 41.06052773245946]}}, {"type": "Feature", "properties": {"osmid": 6}, "geometry": {"type": "Point", "coordinates": [29.0104468, 41.0589021]}}, {"type": "Feature", "properties": {"osmid": 7}, "geometry": {"type": "Point", "coordinates": [29.01304994774894, 41.06592410039844]}}, {"type": "Feature", "properties": {"osmid": 8}, "geometry": {"type": "Point", "coordinates": [29.01166879196694, 41.063283685838655]}}, {"type": "Feature", "properties": {"osmid": 9}, "geometry": {"type": "Point", "coordinates": [28.998181681340917, 41.06160188692656]}}, {"type": "Feature", "properties": {"osmid": 10}, "geometry": {"type": "Point", "coordinates": [28.997379249422725, 41.063283744282394]}}, {"type": "Feature", "properties": {"osmid": 11}, "geometry": {"type": "Point", "coordinates": [28.99884671590559, 41.058911665986656]}}, {"type": "Feature", "properties": {"osmid": 12}, "geometry": {"type": "Point", "coordinates": [29.0140227, 41.0619345]}}, {"type": "Feature", "properties": {"osmid": 13}, "geometry": {"type": "Point", "coordinates": [29.00895675206405, 41.06505924704084]}}, {"type": "Feature", "properties": {"osmid": 14}, "geometry": {"type": "Point", "coordinates": [29.0147095, 41.0670312]}}, {"type": "Feature", "properties": {"osmid": 15}, "geometry": {"type": "Point", "coordinates": [28.995348627492536, 41.0624347833879]}}, {"type": "Feature", "properties": {"osmid": 16}, "geometry": {"type": "Point", "coordinates": [28.994358970821942, 41.062918098641404]}}, {"type": "Feature", "properties": {"osmid": 17}, "geometry": {"type": "Point", "coordinates": [28.9962847, 41.06047869999999]}}, {"type": "Feature", "properties": {"osmid": 18}, "geometry": {"type": "Point", "coordinates": [28.993456763569423, 41.06013230547654]}}, {"type": "Feature", "properties": {"osmid": 19}, "geometry": {"type": "Point", "coordinates": [28.993371700000004, 41.063950399999996]}}, {"type": "Feature", "properties": {"osmid": 20}, "geometry": {"type": "Point", "coordinates": [29.02355428652414, 41.01513239202205]}}, {"type": "Feature", "properties": {"osmid": 21}, "geometry": {"type": "Point", "coordinates": [29.0215845502133, 41.01596945013945]}}, {"type": "Feature", "properties": {"osmid": 22}, "geometry": {"type": "Point", "coordinates": [29.023979625604404, 41.01371973988328]}}, {"type": "Feature", "properties": {"osmid": 23}, "geometry": {"type": "Point", "coordinates": [29.025777306366912, 41.01640191934093]}}, {"type": "Feature", "properties": {"osmid": 24}, "geometry": {"type": "Point", "coordinates": [29.020552349733787, 41.01609785004547]}}, {"type": "Feature", "properties": {"osmid": 25}, "geometry": {"type": "Point", "coordinates": [29.039991600000004, 41.0306603]}}, {"type": "Feature", "properties": {"osmid": 26}, "geometry": {"type": "Point", "coordinates": [29.03971512089479, 41.03221944664693]}}, {"type": "Feature", "properties": {"osmid": 27}, "geometry": {"type": "Point", "coordinates": [29.04055063804791, 41.02842234002837]}}, {"type": "Feature", "properties": {"osmid": 28}, "geometry": {"type": "Point", "coordinates": [29.036352100000002, 41.033026599999985]}}, {"type": "Feature", "properties": {"osmid": 29}, "geometry": {"type": "Point", "coordinates": [29.042289500000003, 41.03185609999999]}}, {"type": "Feature", "properties": {"osmid": 30}, "geometry": {"type": "Point", "coordinates": [29.0403798, 41.0277572]}}, {"type": "Feature", "properties": {"osmid": 31}, "geometry": {"type": "Point", "coordinates": [28.987672803670677, 41.048699730943646]}}, {"type": "Feature", "properties": {"osmid": 32}, "geometry": {"type": "Point", "coordinates": [28.9891661, 41.0500776]}}, {"type": "Feature", "properties": {"osmid": 33}, "geometry": {"type": "Point", "coordinates": [28.98636374348119, 41.05167642537586]}}, {"type": "Feature", "properties": {"osmid": 34}, "geometry": {"type": "Point", "coordinates": [28.9869475, 41.047104000000004]}}, {"type": "Feature", "properties": {"osmid": 35}, "geometry": {"type": "Point", "coordinates": [28.975278140543264, 41.06838276926192]}}, {"type": "Feature", "properties": {"osmid": 36}, "geometry": {"type": "Point", "coordinates": [28.974727960023213, 41.066799112930966]}}, {"type": "Feature", "properties": {"osmid": 37}, "geometry": {"type": "Point", "coordinates": [28.972292899510997, 41.06683945031438]}}, {"type": "Feature", "properties": {"osmid": 38}, "geometry": {"type": "Point", "coordinates": [28.96231849943895, 41.05743055033039]}}, {"type": "Feature", "properties": {"osmid": 39}, "geometry": {"type": "Point", "coordinates": [28.99828089999717, 41.06386553340114]}}, {"type": "Feature", "properties": {"osmid": 40}, "geometry": {"type": "Point", "coordinates": [29.006075548567285, 41.067886313014064]}}, {"type": "Feature", "properties": {"osmid": 41}, "geometry": {"type": "Point", "coordinates": [29.00915536848004, 41.06832850545457]}}, {"type": "Feature", "properties": {"osmid": 42}, "geometry": {"type": "Point", "coordinates": [29.00374031919146, 41.0668875972812]}}, {"type": "Feature", "properties": {"osmid": 43}, "geometry": {"type": "Point", "coordinates": [29.0434546, 41.038511099999994]}}, {"type": "Feature", "properties": {"osmid": 44}, "geometry": {"type": "Point", "coordinates": [29.04401269977229, 41.03753825025387]}}, {"type": "Feature", "properties": {"osmid": 45}, "geometry": {"type": "Point", "coordinates": [29.0409986, 41.03925720000001]}}, {"type": "Feature", "properties": {"osmid": 46}, "geometry": {"type": "Point", "coordinates": [29.042857949956126, 41.032475650013794]}}, {"type": "Feature", "properties": {"osmid": 47}, "geometry": {"type": "Point", "coordinates": [29.041384024876272, 41.07001975002485]}}, {"type": "Feature", "properties": {"osmid": 48}, "geometry": {"type": "Point", "coordinates": [29.042849402129963, 41.06886273497265]}}, {"type": "Feature", "properties": {"osmid": 49}, "geometry": {"type": "Point", "coordinates": [29.04206114999214, 41.04133610000111]}}, {"type": "Feature", "properties": {"osmid": 50}, "geometry": {"type": "Point", "coordinates": [29.0428446, 41.0389102]}}, {"type": "Feature", "properties": {"osmid": 51}, "geometry": {"type": "Point", "coordinates": [29.041468608972814, 41.04044056097278]}}, {"type": "Feature", "properties": {"osmid": 52}, "geometry": {"type": "Point", "coordinates": [28.955468887146488, 41.01096276049616]}}, {"type": "Feature", "properties": {"osmid": 53}, "geometry": {"type": "Point", "coordinates": [28.956366840383676, 41.01307614936855]}}, {"type": "Feature", "properties": {"osmid": 54}, "geometry": {"type": "Point", "coordinates": [28.95663599999996, 41.011530000000015]}}, {"type": "Feature", "properties": {"osmid": 55}, "geometry": {"type": "Point", "coordinates": [28.95733959533671, 41.011245818646806]}}, {"type": "Feature", "properties": {"osmid": 56}, "geometry": {"type": "Point", "coordinates": [28.9573124, 41.0102982]}}, {"type": "Feature", "properties": {"osmid": 57}, "geometry": {"type": "Point", "coordinates": [28.969635832756342, 41.00636189897133]}}, {"type": "Feature", "properties": {"osmid": 58}, "geometry": {"type": "Point", "coordinates": [28.971205999897258, 41.00693445008585]}}, {"type": "Feature", "properties": {"osmid": 59}, "geometry": {"type": "Point", "coordinates": [28.972015300257162, 41.00726970006388]}}, {"type": "Feature", "properties": {"osmid": 60}, "geometry": {"type": "Point", "coordinates": [28.992660926967833, 41.064531298547976]}}, {"type": "Feature", "properties": {"osmid": 61}, "geometry": {"type": "Point", "coordinates": [28.994814210131803, 41.065904414817986]}}, {"type": "Feature", "properties": {"osmid": 62}, "geometry": {"type": "Point", "coordinates": [28.990516149929785, 41.063034100015166]}}, {"type": "Feature", "properties": {"osmid": 63}, "geometry": {"type": "Point", "coordinates": [29.019499743867172, 41.06262254945995]}}, {"type": "Feature", "properties": {"osmid": 64}, "geometry": {"type": "Point", "coordinates": [29.021970400000004, 41.060827399999994]}}, {"type": "Feature", "properties": {"osmid": 65}, "geometry": {"type": "Point", "coordinates": [29.018767965553604, 41.06431733504796]}}, {"type": "Feature", "properties": {"osmid": 66}, "geometry": {"type": "Point", "coordinates": [29.0236544, 41.0584474]}}, {"type": "Feature", "properties": {"osmid": 67}, "geometry": {"type": "Point", "coordinates": [28.9899358, 41.063508600000006]}}, {"type": "Feature", "properties": {"osmid": 68}, "geometry": {"type": "Point", "coordinates": [28.988821900000005, 41.0621333]}}, {"type": "Feature", "properties": {"osmid": 69}, "geometry": {"type": "Point", "coordinates": [28.96725030991519, 41.06091068081158]}}, {"type": "Feature", "properties": {"osmid": 70}, "geometry": {"type": "Point", "coordinates": [28.969452299886665, 41.06483005003859]}}, {"type": "Feature", "properties": {"osmid": 71}, "geometry": {"type": "Point", "coordinates": [28.965037450005116, 41.05986840000182]}}, {"type": "Feature", "properties": {"osmid": 72}, "geometry": {"type": "Point", "coordinates": [28.96450556798165, 41.063092905089775]}}, {"type": "Feature", "properties": {"osmid": 73}, "geometry": {"type": "Point", "coordinates": [28.97153633840468, 41.0648465226883]}}, {"type": "Feature", "properties": {"osmid": 74}, "geometry": {"type": "Point", "coordinates": [28.96048527934842, 41.063996038213254]}}, {"type": "Feature", "properties": {"osmid": 75}, "geometry": {"type": "Point", "coordinates": [28.962046900000004, 41.067254099999985]}}, {"type": "Feature", "properties": {"osmid": 76}, "geometry": {"type": "Point", "coordinates": [28.958188699929725, 41.06611385001055]}}, {"type": "Feature", "properties": {"osmid": 77}, "geometry": {"type": "Point", "coordinates": [28.9577276, 41.012892]}}, {"type": "Feature", "properties": {"osmid": 78}, "geometry": {"type": "Point", "coordinates": [28.953405590994446, 41.01460800035616]}}, {"type": "Feature", "properties": {"osmid": 79}, "geometry": {"type": "Point", "coordinates": [28.972751529463725, 41.00371005650502]}}, {"type": "Feature", "properties": {"osmid": 80}, "geometry": {"type": "Point", "coordinates": [28.974992899999997, 41.00361459999999]}}, {"type": "Feature", "properties": {"osmid": 81}, "geometry": {"type": "Point", "coordinates": [28.969604691630195, 41.00526088856966]}}, {"type": "Feature", "properties": {"osmid": 82}, "geometry": {"type": "Point", "coordinates": [28.973746033284193, 41.00219203429007]}}, {"type": "Feature", "properties": {"osmid": 83}, "geometry": {"type": "Point", "coordinates": [28.966778886818712, 41.004451662321934]}}, {"type": "Feature", "properties": {"osmid": 84}, "geometry": {"type": "Point", "coordinates": [28.968878348744095, 41.00406177602848]}}, {"type": "Feature", "properties": {"osmid": 85}, "geometry": {"type": "Point", "coordinates": [28.96650304163283, 41.003193106148224]}}, {"type": "Feature", "properties": {"osmid": 86}, "geometry": {"type": "Point", "coordinates": [28.9643101, 41.00503659999999]}}, {"type": "Feature", "properties": {"osmid": 87}, "geometry": {"type": "Point", "coordinates": [29.0075884, 41.068159900000005]}}, {"type": "Feature", "properties": {"osmid": 88}, "geometry": {"type": "Point", "coordinates": [29.010281129319704, 41.06941150773668]}}, {"type": "Feature", "properties": {"osmid": 89}, "geometry": {"type": "Point", "coordinates": [28.973144750057443, 41.022721300251796]}}, {"type": "Feature", "properties": {"osmid": 90}, "geometry": {"type": "Point", "coordinates": [28.975229598655574, 41.02348763907387]}}, {"type": "Feature", "properties": {"osmid": 91}, "geometry": {"type": "Point", "coordinates": [28.976253388300027, 41.02331431408598]}}, {"type": "Feature", "properties": {"osmid": 92}, "geometry": {"type": "Point", "coordinates": [28.9717712, 41.018256199999996]}}, {"type": "Feature", "properties": {"osmid": 93}, "geometry": {"type": "Point", "coordinates": [28.972689100152934, 41.02283770021311]}}, {"type": "Feature", "properties": {"osmid": 94}, "geometry": {"type": "Point", "coordinates": [28.977547999688188, 41.02526125013627]}}, {"type": "Feature", "properties": {"osmid": 95}, "geometry": {"type": "Point", "coordinates": [29.00293127525073, 41.04513003402556]}}, {"type": "Feature", "properties": {"osmid": 96}, "geometry": {"type": "Point", "coordinates": [29.0021855, 41.04806919999999]}}, {"type": "Feature", "properties": {"osmid": 97}, "geometry": {"type": "Point", "coordinates": [29.028957503519553, 41.0234153735515]}}, {"type": "Feature", "properties": {"osmid": 98}, "geometry": {"type": "Point", "coordinates": [29.027241699999998, 41.0234505]}}, {"type": "Feature", "properties": {"osmid": 99}, "geometry": {"type": "Point", "coordinates": [29.030496000000003, 41.0230324]}}, {"type": "Feature", "properties": {"osmid": 100}, "geometry": {"type": "Point", "coordinates": [29.030329600000005, 41.02375289999999]}}, {"type": "Feature", "properties": {"osmid": 101}, "geometry": {"type": "Point", "coordinates": [29.042374100000004, 41.03311920000001]}}, {"type": "Feature", "properties": {"osmid": 102}, "geometry": {"type": "Point", "coordinates": [29.043730000000004, 41.0364538]}}, {"type": "Feature", "properties": {"osmid": 103}, "geometry": {"type": "Point", "coordinates": [29.001512200000004, 41.06229089999999]}}, {"type": "Feature", "properties": {"osmid": 104}, "geometry": {"type": "Point", "coordinates": [29.001266053999135, 41.060422239871855]}}, {"type": "Feature", "properties": {"osmid": 105}, "geometry": {"type": "Point", "coordinates": [29.001225599982227, 41.05920030000219]}}, {"type": "Feature", "properties": {"osmid": 106}, "geometry": {"type": "Point", "coordinates": [28.982908649669653, 41.05576290004145]}}, {"type": "Feature", "properties": {"osmid": 107}, "geometry": {"type": "Point", "coordinates": [28.980803163955002, 41.05502304574945]}}, {"type": "Feature", "properties": {"osmid": 108}, "geometry": {"type": "Point", "coordinates": [28.983814300000002, 41.05288589999999]}}, {"type": "Feature", "properties": {"osmid": 109}, "geometry": {"type": "Point", "coordinates": [28.982243849688178, 41.05587080003674]}}, {"type": "Feature", "properties": {"osmid": 110}, "geometry": {"type": "Point", "coordinates": [28.97663915787559, 41.05610201435687]}}, {"type": "Feature", "properties": {"osmid": 111}, "geometry": {"type": "Point", "coordinates": [28.977655982705045, 41.05458479933478]}}, {"type": "Feature", "properties": {"osmid": 112}, "geometry": {"type": "Point", "coordinates": [29.00250331744822, 41.06450020513094]}}, {"type": "Feature", "properties": {"osmid": 113}, "geometry": {"type": "Point", "coordinates": [29.001575699918966, 41.06405935004275]}}, {"type": "Feature", "properties": {"osmid": 114}, "geometry": {"type": "Point", "coordinates": [29.003147996915054, 41.0657965180276]}}, {"type": "Feature", "properties": {"osmid": 115}, "geometry": {"type": "Point", "coordinates": [29.0354079, 41.033107300000005]}}, {"type": "Feature", "properties": {"osmid": 116}, "geometry": {"type": "Point", "coordinates": [29.0344652, 41.03222280000001]}}, {"type": "Feature", "properties": {"osmid": 117}, "geometry": {"type": "Point", "coordinates": [29.0329908, 41.0354275]}}, {"type": "Feature", "properties": {"osmid": 118}, "geometry": {"type": "Point", "coordinates": [29.035218300000004, 41.0319702]}}, {"type": "Feature", "properties": {"osmid": 119}, "geometry": {"type": "Point", "coordinates": [29.0320638, 41.03661179999999]}}, {"type": "Feature", "properties": {"osmid": 120}, "geometry": {"type": "Point", "coordinates": [29.013706, 41.06597429999999]}}, {"type": "Feature", "properties": {"osmid": 121}, "geometry": {"type": "Point", "coordinates": [29.01496163404249, 41.06894070005557]}}, {"type": "Feature", "properties": {"osmid": 122}, "geometry": {"type": "Point", "coordinates": [28.958917399359287, 41.012033472268676]}}, {"type": "Feature", "properties": {"osmid": 123}, "geometry": {"type": "Point", "coordinates": [28.960963266117027, 41.01122112096355]}}, {"type": "Feature", "properties": {"osmid": 124}, "geometry": {"type": "Point", "coordinates": [29.025649705409272, 41.021884360854315]}}, {"type": "Feature", "properties": {"osmid": 125}, "geometry": {"type": "Point", "coordinates": [29.025535150232756, 41.023323700506644]}}, {"type": "Feature", "properties": {"osmid": 126}, "geometry": {"type": "Point", "coordinates": [29.0249462287444, 41.02048499429044]}}, {"type": "Feature", "properties": {"osmid": 127}, "geometry": {"type": "Point", "coordinates": [29.00109269787267, 41.067062813883766]}}, {"type": "Feature", "properties": {"osmid": 128}, "geometry": {"type": "Point", "coordinates": [28.999844000000003, 41.06672400000001]}}, {"type": "Feature", "properties": {"osmid": 129}, "geometry": {"type": "Point", "coordinates": [29.006300800000005, 41.06639229999999]}}, {"type": "Feature", "properties": {"osmid": 130}, "geometry": {"type": "Point", "coordinates": [29.007007899999998, 41.06685019999999]}}, {"type": "Feature", "properties": {"osmid": 131}, "geometry": {"type": "Point", "coordinates": [29.000098199999996, 41.063681700000004]}}, {"type": "Feature", "properties": {"osmid": 132}, "geometry": {"type": "Point", "coordinates": [28.9992616, 41.0639122]}}, {"type": "Feature", "properties": {"osmid": 133}, "geometry": {"type": "Point", "coordinates": [28.9697388266191, 41.02880662609572]}}, {"type": "Feature", "properties": {"osmid": 134}, "geometry": {"type": "Point", "coordinates": [28.96768437895606, 41.030509135399974]}}, {"type": "Feature", "properties": {"osmid": 135}, "geometry": {"type": "Point", "coordinates": [28.969093050680645, 41.033287521252376]}}, {"type": "Feature", "properties": {"osmid": 136}, "geometry": {"type": "Point", "coordinates": [28.965848355444454, 41.03213208251142]}}, {"type": "Feature", "properties": {"osmid": 137}, "geometry": {"type": "Point", "coordinates": [28.9695118, 41.0287713]}}, {"type": "Feature", "properties": {"osmid": 138}, "geometry": {"type": "Point", "coordinates": [28.9984276, 41.0577583]}}, {"type": "Feature", "properties": {"osmid": 139}, "geometry": {"type": "Point", "coordinates": [29.007570915888913, 41.06613848870078]}}, {"type": "Feature", "properties": {"osmid": 140}, "geometry": {"type": "Point", "coordinates": [28.998062533691712, 41.05624198974092]}}, {"type": "Feature", "properties": {"osmid": 141}, "geometry": {"type": "Point", "coordinates": [28.999743400000003, 41.0564759]}}, {"type": "Feature", "properties": {"osmid": 142}, "geometry": {"type": "Point", "coordinates": [28.994580021890144, 41.05677565152526]}}, {"type": "Feature", "properties": {"osmid": 143}, "geometry": {"type": "Point", "coordinates": [28.996856565359156, 41.057564304096644]}}, {"type": "Feature", "properties": {"osmid": 144}, "geometry": {"type": "Point", "coordinates": [28.999629863571254, 41.05387067748865]}}, {"type": "Feature", "properties": {"osmid": 145}, "geometry": {"type": "Point", "coordinates": [29.001033499973026, 41.0577590500086]}}, {"type": "Feature", "properties": {"osmid": 146}, "geometry": {"type": "Point", "coordinates": [28.994063500000003, 41.0576244]}}, {"type": "Feature", "properties": {"osmid": 147}, "geometry": {"type": "Point", "coordinates": [28.991991789283542, 41.05917485089197]}}, {"type": "Feature", "properties": {"osmid": 148}, "geometry": {"type": "Point", "coordinates": [29.0134668, 41.04352430000001]}}, {"type": "Feature", "properties": {"osmid": 149}, "geometry": {"type": "Point", "coordinates": [29.0125479, 41.043342499999994]}}, {"type": "Feature", "properties": {"osmid": 150}, "geometry": {"type": "Point", "coordinates": [29.01720329979146, 41.04502720016762]}}, {"type": "Feature", "properties": {"osmid": 151}, "geometry": {"type": "Point", "coordinates": [29.01001404997028, 41.04275620002373]}}, {"type": "Feature", "properties": {"osmid": 152}, "geometry": {"type": "Point", "coordinates": [29.024472029729317, 41.048389334516756]}}, {"type": "Feature", "properties": {"osmid": 153}, "geometry": {"type": "Point", "coordinates": [28.9906215, 41.06019010000001]}}, {"type": "Feature", "properties": {"osmid": 154}, "geometry": {"type": "Point", "coordinates": [28.9902408, 41.0588026]}}, {"type": "Feature", "properties": {"osmid": 155}, "geometry": {"type": "Point", "coordinates": [29.024464899999998, 41.023378199999996]}}, {"type": "Feature", "properties": {"osmid": 156}, "geometry": {"type": "Point", "coordinates": [29.023436500029707, 41.023119300002094]}}, {"type": "Feature", "properties": {"osmid": 157}, "geometry": {"type": "Point", "coordinates": [29.021982637884932, 41.023627249638274]}}, {"type": "Feature", "properties": {"osmid": 158}, "geometry": {"type": "Point", "coordinates": [29.0235899, 41.0222929]}}, {"type": "Feature", "properties": {"osmid": 159}, "geometry": {"type": "Point", "coordinates": [28.992232727004605, 41.052291442746586]}}, {"type": "Feature", "properties": {"osmid": 160}, "geometry": {"type": "Point", "coordinates": [28.9909316, 41.052101799999996]}}, {"type": "Feature", "properties": {"osmid": 161}, "geometry": {"type": "Point", "coordinates": [28.9947379, 41.054487699999996]}}, {"type": "Feature", "properties": {"osmid": 162}, "geometry": {"type": "Point", "coordinates": [29.0422144, 41.04110049999999]}}, {"type": "Feature", "properties": {"osmid": 163}, "geometry": {"type": "Point", "coordinates": [29.041776480970846, 41.042847050982324]}}, {"type": "Feature", "properties": {"osmid": 164}, "geometry": {"type": "Point", "coordinates": [28.961158400000002, 41.011919200000015]}}, {"type": "Feature", "properties": {"osmid": 165}, "geometry": {"type": "Point", "coordinates": [28.961543700000004, 41.0107324]}}, {"type": "Feature", "properties": {"osmid": 166}, "geometry": {"type": "Point", "coordinates": [28.9596214, 41.0121811]}}, {"type": "Feature", "properties": {"osmid": 167}, "geometry": {"type": "Point", "coordinates": [28.9611585, 41.01256450000001]}}, {"type": "Feature", "properties": {"osmid": 168}, "geometry": {"type": "Point", "coordinates": [28.9899383, 41.06083279999999]}}, {"type": "Feature", "properties": {"osmid": 169}, "geometry": {"type": "Point", "coordinates": [28.988833033415798, 41.0618687667359]}}, {"type": "Feature", "properties": {"osmid": 170}, "geometry": {"type": "Point", "coordinates": [29.0228197, 41.0486355]}}, {"type": "Feature", "properties": {"osmid": 171}, "geometry": {"type": "Point", "coordinates": [29.020663307565435, 41.04892193643104]}}, {"type": "Feature", "properties": {"osmid": 172}, "geometry": {"type": "Point", "coordinates": [29.0197956, 41.04996709999999]}}, {"type": "Feature", "properties": {"osmid": 173}, "geometry": {"type": "Point", "coordinates": [29.026471913120726, 41.04889451825871]}}, {"type": "Feature", "properties": {"osmid": 174}, "geometry": {"type": "Point", "coordinates": [28.987392242484187, 41.06509171388931]}}, {"type": "Feature", "properties": {"osmid": 175}, "geometry": {"type": "Point", "coordinates": [28.987626539443898, 41.063840436642074]}}, {"type": "Feature", "properties": {"osmid": 176}, "geometry": {"type": "Point", "coordinates": [28.986772793629694, 41.065661170601786]}}, {"type": "Feature", "properties": {"osmid": 177}, "geometry": {"type": "Point", "coordinates": [28.987636200000004, 41.06271830000001]}}, {"type": "Feature", "properties": {"osmid": 178}, "geometry": {"type": "Point", "coordinates": [29.023346400000005, 41.02116019999999]}}, {"type": "Feature", "properties": {"osmid": 179}, "geometry": {"type": "Point", "coordinates": [28.974952300000005, 41.0172452]}}, {"type": "Feature", "properties": {"osmid": 180}, "geometry": {"type": "Point", "coordinates": [28.9725157, 41.0176929]}}, {"type": "Feature", "properties": {"osmid": 181}, "geometry": {"type": "Point", "coordinates": [28.969424899999996, 41.0182073]}}, {"type": "Feature", "properties": {"osmid": 182}, "geometry": {"type": "Point", "coordinates": [28.967506968596165, 41.018394988273904]}}, {"type": "Feature", "properties": {"osmid": 183}, "geometry": {"type": "Point", "coordinates": [29.023200300000003, 41.0204963]}}, {"type": "Feature", "properties": {"osmid": 184}, "geometry": {"type": "Point", "coordinates": [29.038594169964796, 41.02365128921472]}}, {"type": "Feature", "properties": {"osmid": 185}, "geometry": {"type": "Point", "coordinates": [29.035442401528414, 41.02357972133496]}}, {"type": "Feature", "properties": {"osmid": 186}, "geometry": {"type": "Point", "coordinates": [29.038316499992007, 41.02135905005077]}}, {"type": "Feature", "properties": {"osmid": 187}, "geometry": {"type": "Point", "coordinates": [29.03701590024801, 41.02393196685724]}}, {"type": "Feature", "properties": {"osmid": 188}, "geometry": {"type": "Point", "coordinates": [29.038376249951614, 41.025134250013295]}}, {"type": "Feature", "properties": {"osmid": 189}, "geometry": {"type": "Point", "coordinates": [29.035886501281784, 41.02490025034017]}}, {"type": "Feature", "properties": {"osmid": 190}, "geometry": {"type": "Point", "coordinates": [28.98585624016104, 41.066797670001904]}}, {"type": "Feature", "properties": {"osmid": 191}, "geometry": {"type": "Point", "coordinates": [28.987358979842426, 41.06835737757978]}}, {"type": "Feature", "properties": {"osmid": 192}, "geometry": {"type": "Point", "coordinates": [28.979124600000002, 41.0701239]}}, {"type": "Feature", "properties": {"osmid": 193}, "geometry": {"type": "Point", "coordinates": [28.98380873408531, 41.06828660292995]}}, {"type": "Feature", "properties": {"osmid": 194}, "geometry": {"type": "Point", "coordinates": [28.98324607521353, 41.06372252521335]}}, {"type": "Feature", "properties": {"osmid": 195}, "geometry": {"type": "Point", "coordinates": [28.95464982609977, 41.01887265867996]}}, {"type": "Feature", "properties": {"osmid": 196}, "geometry": {"type": "Point", "coordinates": [28.95293540194602, 41.01809523688435]}}, {"type": "Feature", "properties": {"osmid": 197}, "geometry": {"type": "Point", "coordinates": [28.982380606793843, 41.05752564746226]}}, {"type": "Feature", "properties": {"osmid": 198}, "geometry": {"type": "Point", "coordinates": [28.985348023736016, 41.05685087583665]}}, {"type": "Feature", "properties": {"osmid": 199}, "geometry": {"type": "Point", "coordinates": [28.9838288, 41.0583593]}}, {"type": "Feature", "properties": {"osmid": 200}, "geometry": {"type": "Point", "coordinates": [28.9834534, 41.059323500000005]}}, {"type": "Feature", "properties": {"osmid": 201}, "geometry": {"type": "Point", "coordinates": [28.9795562, 41.058075200000005]}}, {"type": "Feature", "properties": {"osmid": 202}, "geometry": {"type": "Point", "coordinates": [28.985393149939036, 41.05540916779143]}}, {"type": "Feature", "properties": {"osmid": 203}, "geometry": {"type": "Point", "coordinates": [28.973156679891034, 41.00688297525014]}}, {"type": "Feature", "properties": {"osmid": 204}, "geometry": {"type": "Point", "coordinates": [28.973994845948873, 41.00548191429173]}}, {"type": "Feature", "properties": {"osmid": 205}, "geometry": {"type": "Point", "coordinates": [28.974894, 41.004948999999996]}}, {"type": "Feature", "properties": {"osmid": 206}, "geometry": {"type": "Point", "coordinates": [29.018991399785197, 41.02524705034829]}}, {"type": "Feature", "properties": {"osmid": 207}, "geometry": {"type": "Point", "coordinates": [29.017891799998395, 41.02502150000015]}}, {"type": "Feature", "properties": {"osmid": 208}, "geometry": {"type": "Point", "coordinates": [28.984820618744603, 41.05044423440559]}}, {"type": "Feature", "properties": {"osmid": 209}, "geometry": {"type": "Point", "coordinates": [28.987531599999997, 41.05004879999999]}}, {"type": "Feature", "properties": {"osmid": 210}, "geometry": {"type": "Point", "coordinates": [28.986794, 41.050792399999985]}}, {"type": "Feature", "properties": {"osmid": 211}, "geometry": {"type": "Point", "coordinates": [28.9872018551565, 41.05393271225694]}}, {"type": "Feature", "properties": {"osmid": 212}, "geometry": {"type": "Point", "coordinates": [29.0206104, 41.0238343]}}, {"type": "Feature", "properties": {"osmid": 213}, "geometry": {"type": "Point", "coordinates": [29.018733700000002, 41.0670726]}}, {"type": "Feature", "properties": {"osmid": 214}, "geometry": {"type": "Point", "coordinates": [28.990258500000003, 41.058774]}}, {"type": "Feature", "properties": {"osmid": 215}, "geometry": {"type": "Point", "coordinates": [28.974599910236776, 41.01036536947966]}}, {"type": "Feature", "properties": {"osmid": 216}, "geometry": {"type": "Point", "coordinates": [28.975388399474188, 41.01169055026025]}}, {"type": "Feature", "properties": {"osmid": 217}, "geometry": {"type": "Point", "coordinates": [28.971151000000003, 41.010464099999986]}}, {"type": "Feature", "properties": {"osmid": 218}, "geometry": {"type": "Point", "coordinates": [28.976540749882474, 41.009873600046014]}}, {"type": "Feature", "properties": {"osmid": 219}, "geometry": {"type": "Point", "coordinates": [28.973496099999995, 41.008677799999994]}}, {"type": "Feature", "properties": {"osmid": 220}, "geometry": {"type": "Point", "coordinates": [28.977467090684854, 41.01076188566477]}}, {"type": "Feature", "properties": {"osmid": 221}, "geometry": {"type": "Point", "coordinates": [28.982400873270958, 41.00417876352308]}}, {"type": "Feature", "properties": {"osmid": 222}, "geometry": {"type": "Point", "coordinates": [28.98099399980261, 41.00276020006153]}}, {"type": "Feature", "properties": {"osmid": 223}, "geometry": {"type": "Point", "coordinates": [28.981239700000003, 41.00344320000001]}}, {"type": "Feature", "properties": {"osmid": 224}, "geometry": {"type": "Point", "coordinates": [28.98553496804581, 41.016327216731014]}}, {"type": "Feature", "properties": {"osmid": 225}, "geometry": {"type": "Point", "coordinates": [29.03976379664227, 41.026699339667324]}}, {"type": "Feature", "properties": {"osmid": 226}, "geometry": {"type": "Point", "coordinates": [29.028440274078687, 41.02008398536088]}}, {"type": "Feature", "properties": {"osmid": 227}, "geometry": {"type": "Point", "coordinates": [29.029744200000003, 41.0201182]}}, {"type": "Feature", "properties": {"osmid": 228}, "geometry": {"type": "Point", "coordinates": [29.0264999, 41.0197566]}}, {"type": "Feature", "properties": {"osmid": 229}, "geometry": {"type": "Point", "coordinates": [29.02892114972803, 41.01942155015504]}}, {"type": "Feature", "properties": {"osmid": 230}, "geometry": {"type": "Point", "coordinates": [29.025703, 41.019955100000004]}}, {"type": "Feature", "properties": {"osmid": 231}, "geometry": {"type": "Point", "coordinates": [28.9750091, 41.01301839999999]}}, {"type": "Feature", "properties": {"osmid": 232}, "geometry": {"type": "Point", "coordinates": [29.03295024992862, 41.037295650006584]}}, {"type": "Feature", "properties": {"osmid": 233}, "geometry": {"type": "Point", "coordinates": [29.032134199999998, 41.0371731]}}, {"type": "Feature", "properties": {"osmid": 234}, "geometry": {"type": "Point", "coordinates": [29.032589499999997, 41.0384371]}}, {"type": "Feature", "properties": {"osmid": 235}, "geometry": {"type": "Point", "coordinates": [29.02006961554505, 41.018669973999444]}}, {"type": "Feature", "properties": {"osmid": 236}, "geometry": {"type": "Point", "coordinates": [29.0199024, 41.01967789999999]}}, {"type": "Feature", "properties": {"osmid": 237}, "geometry": {"type": "Point", "coordinates": [29.018053691663344, 41.02029339102052]}}, {"type": "Feature", "properties": {"osmid": 238}, "geometry": {"type": "Point", "coordinates": [29.021477784479355, 41.01778100924327]}}, {"type": "Feature", "properties": {"osmid": 239}, "geometry": {"type": "Point", "coordinates": [29.01979750009714, 41.020196820152734]}}, {"type": "Feature", "properties": {"osmid": 240}, "geometry": {"type": "Point", "coordinates": [29.016060142207873, 41.02208545418773]}}, {"type": "Feature", "properties": {"osmid": 241}, "geometry": {"type": "Point", "coordinates": [29.0189748, 41.02402529999999]}}, {"type": "Feature", "properties": {"osmid": 242}, "geometry": {"type": "Point", "coordinates": [29.018247750017085, 41.024320500006475]}}, {"type": "Feature", "properties": {"osmid": 243}, "geometry": {"type": "Point", "coordinates": [28.95404196462135, 41.00713808875694]}}, {"type": "Feature", "properties": {"osmid": 244}, "geometry": {"type": "Point", "coordinates": [28.955031949604727, 41.00895325007154]}}, {"type": "Feature", "properties": {"osmid": 245}, "geometry": {"type": "Point", "coordinates": [28.956284500000002, 41.008185999999995]}}, {"type": "Feature", "properties": {"osmid": 246}, "geometry": {"type": "Point", "coordinates": [28.956555199999997, 41.00701170000001]}}, {"type": "Feature", "properties": {"osmid": 247}, "geometry": {"type": "Point", "coordinates": [28.953178840639985, 41.009285860523796]}}, {"type": "Feature", "properties": {"osmid": 248}, "geometry": {"type": "Point", "coordinates": [28.952955700000004, 41.002774300000006]}}, {"type": "Feature", "properties": {"osmid": 249}, "geometry": {"type": "Point", "coordinates": [28.95343251961862, 41.0120248800633]}}, {"type": "Feature", "properties": {"osmid": 250}, "geometry": {"type": "Point", "coordinates": [29.0105417, 41.0586309]}}, {"type": "Feature", "properties": {"osmid": 251}, "geometry": {"type": "Point", "coordinates": [28.959533500450906, 41.00857990076139]}}, {"type": "Feature", "properties": {"osmid": 252}, "geometry": {"type": "Point", "coordinates": [28.960852300000003, 41.0087077]}}, {"type": "Feature", "properties": {"osmid": 253}, "geometry": {"type": "Point", "coordinates": [28.959338986174963, 41.01070412974068]}}, {"type": "Feature", "properties": {"osmid": 254}, "geometry": {"type": "Point", "coordinates": [28.9620987, 41.0082203]}}, {"type": "Feature", "properties": {"osmid": 255}, "geometry": {"type": "Point", "coordinates": [29.00048795001847, 41.05300905000533]}}, {"type": "Feature", "properties": {"osmid": 256}, "geometry": {"type": "Point", "coordinates": [29.002943435042653, 41.05125838263701]}}, {"type": "Feature", "properties": {"osmid": 257}, "geometry": {"type": "Point", "coordinates": [29.018029099984663, 41.02335565001606]}}, {"type": "Feature", "properties": {"osmid": 258}, "geometry": {"type": "Point", "coordinates": [29.032651201075343, 41.02757324667714]}}, {"type": "Feature", "properties": {"osmid": 259}, "geometry": {"type": "Point", "coordinates": [29.033894350010637, 41.027209750017306]}}, {"type": "Feature", "properties": {"osmid": 260}, "geometry": {"type": "Point", "coordinates": [29.030517715013225, 41.02877177563345]}}, {"type": "Feature", "properties": {"osmid": 261}, "geometry": {"type": "Point", "coordinates": [29.0331439, 41.0269184]}}, {"type": "Feature", "properties": {"osmid": 262}, "geometry": {"type": "Point", "coordinates": [29.01783808536555, 41.02189960565822]}}, {"type": "Feature", "properties": {"osmid": 263}, "geometry": {"type": "Point", "coordinates": [28.972925713874798, 41.070001947699694]}}, {"type": "Feature", "properties": {"osmid": 264}, "geometry": {"type": "Point", "coordinates": [28.955201016341842, 41.052739183922434]}}, {"type": "Feature", "properties": {"osmid": 265}, "geometry": {"type": "Point", "coordinates": [28.95758061422268, 41.05348440425263]}}, {"type": "Feature", "properties": {"osmid": 266}, "geometry": {"type": "Point", "coordinates": [28.953826099999997, 41.052257300000015]}}, {"type": "Feature", "properties": {"osmid": 267}, "geometry": {"type": "Point", "coordinates": [28.956251801243912, 41.056925814725204]}}, {"type": "Feature", "properties": {"osmid": 268}, "geometry": {"type": "Point", "coordinates": [28.9569447995941, 41.05929460059668]}}, {"type": "Feature", "properties": {"osmid": 269}, "geometry": {"type": "Point", "coordinates": [28.956448502830543, 41.05485801762862]}}, {"type": "Feature", "properties": {"osmid": 270}, "geometry": {"type": "Point", "coordinates": [28.957891299432774, 41.0551823335971]}}, {"type": "Feature", "properties": {"osmid": 271}, "geometry": {"type": "Point", "coordinates": [28.954628178888452, 41.05895514048555]}}, {"type": "Feature", "properties": {"osmid": 272}, "geometry": {"type": "Point", "coordinates": [28.9576569, 41.054821]}}, {"type": "Feature", "properties": {"osmid": 273}, "geometry": {"type": "Point", "coordinates": [28.960269144504856, 41.056044191370866]}}, {"type": "Feature", "properties": {"osmid": 274}, "geometry": {"type": "Point", "coordinates": [29.019046189486986, 41.00254340358959]}}, {"type": "Feature", "properties": {"osmid": 275}, "geometry": {"type": "Point", "coordinates": [29.022207512153823, 41.00324905381952]}}, {"type": "Feature", "properties": {"osmid": 276}, "geometry": {"type": "Point", "coordinates": [29.01815550014755, 41.002887100081225]}}, {"type": "Feature", "properties": {"osmid": 277}, "geometry": {"type": "Point", "coordinates": [29.0234553, 41.00022740000001]}}, {"type": "Feature", "properties": {"osmid": 278}, "geometry": {"type": "Point", "coordinates": [29.0323723, 41.002309899999986]}}, {"type": "Feature", "properties": {"osmid": 279}, "geometry": {"type": "Point", "coordinates": [29.031632349973624, 41.001850350020085]}}, {"type": "Feature", "properties": {"osmid": 280}, "geometry": {"type": "Point", "coordinates": [29.0320753, 41.0014945]}}, {"type": "Feature", "properties": {"osmid": 281}, "geometry": {"type": "Point", "coordinates": [29.02823135548108, 41.00258696903063]}}, {"type": "Feature", "properties": {"osmid": 282}, "geometry": {"type": "Point", "coordinates": [29.030401, 41.00031289999999]}}, {"type": "Feature", "properties": {"osmid": 283}, "geometry": {"type": "Point", "coordinates": [29.033037972292195, 41.000932445776016]}}, {"type": "Feature", "properties": {"osmid": 284}, "geometry": {"type": "Point", "coordinates": [28.9682698, 41.045801499999996]}}, {"type": "Feature", "properties": {"osmid": 285}, "geometry": {"type": "Point", "coordinates": [28.968569200000005, 41.0468564]}}, {"type": "Feature", "properties": {"osmid": 286}, "geometry": {"type": "Point", "coordinates": [28.968184800000003, 41.0471973]}}, {"type": "Feature", "properties": {"osmid": 287}, "geometry": {"type": "Point", "coordinates": [28.9701910000141, 41.049608850013705]}}, {"type": "Feature", "properties": {"osmid": 288}, "geometry": {"type": "Point", "coordinates": [28.9680692, 41.048719899999995]}}, {"type": "Feature", "properties": {"osmid": 289}, "geometry": {"type": "Point", "coordinates": [29.01599786293232, 41.00404033164787]}}, {"type": "Feature", "properties": {"osmid": 290}, "geometry": {"type": "Point", "coordinates": [28.974912956173753, 41.03746210916214]}}, {"type": "Feature", "properties": {"osmid": 291}, "geometry": {"type": "Point", "coordinates": [28.97662336840451, 41.03985399541591]}}, {"type": "Feature", "properties": {"osmid": 292}, "geometry": {"type": "Point", "coordinates": [28.972560974381572, 41.03855185108628]}}, {"type": "Feature", "properties": {"osmid": 293}, "geometry": {"type": "Point", "coordinates": [28.96921982221391, 41.02527584049219]}}, {"type": "Feature", "properties": {"osmid": 294}, "geometry": {"type": "Point", "coordinates": [28.9676875, 41.02543219999999]}}, {"type": "Feature", "properties": {"osmid": 295}, "geometry": {"type": "Point", "coordinates": [28.96944731511607, 41.02688125133238]}}, {"type": "Feature", "properties": {"osmid": 296}, "geometry": {"type": "Point", "coordinates": [28.962535299999995, 41.0230323]}}, {"type": "Feature", "properties": {"osmid": 297}, "geometry": {"type": "Point", "coordinates": [28.9775002, 41.0700445]}}, {"type": "Feature", "properties": {"osmid": 298}, "geometry": {"type": "Point", "coordinates": [28.978658449817804, 41.02595910011465]}}, {"type": "Feature", "properties": {"osmid": 299}, "geometry": {"type": "Point", "coordinates": [28.979650425863532, 41.02650305240939]}}, {"type": "Feature", "properties": {"osmid": 300}, "geometry": {"type": "Point", "coordinates": [28.980725149349162, 41.02688605045824]}}, {"type": "Feature", "properties": {"osmid": 301}, "geometry": {"type": "Point", "coordinates": [28.977516000000005, 41.0253589]}}, {"type": "Feature", "properties": {"osmid": 302}, "geometry": {"type": "Point", "coordinates": [28.9731416, 41.0662376]}}, {"type": "Feature", "properties": {"osmid": 303}, "geometry": {"type": "Point", "coordinates": [28.97547640004551, 41.063244000005426]}}, {"type": "Feature", "properties": {"osmid": 304}, "geometry": {"type": "Point", "coordinates": [28.977751548850875, 41.06535465034487]}}, {"type": "Feature", "properties": {"osmid": 305}, "geometry": {"type": "Point", "coordinates": [28.973813, 41.0617467]}}, {"type": "Feature", "properties": {"osmid": 306}, "geometry": {"type": "Point", "coordinates": [28.9795209, 41.0662979]}}, {"type": "Feature", "properties": {"osmid": 307}, "geometry": {"type": "Point", "coordinates": [28.978360187200504, 41.067010937571084]}}, {"type": "Feature", "properties": {"osmid": 308}, "geometry": {"type": "Point", "coordinates": [29.00120576186705, 41.04984689648986]}}, {"type": "Feature", "properties": {"osmid": 309}, "geometry": {"type": "Point", "coordinates": [29.0003651, 41.048268799999995]}}, {"type": "Feature", "properties": {"osmid": 310}, "geometry": {"type": "Point", "coordinates": [29.001962800024593, 41.049410300071976]}}, {"type": "Feature", "properties": {"osmid": 311}, "geometry": {"type": "Point", "coordinates": [28.983707768763825, 41.03288650407399]}}, {"type": "Feature", "properties": {"osmid": 312}, "geometry": {"type": "Point", "coordinates": [28.984627072487708, 41.034849197402366]}}, {"type": "Feature", "properties": {"osmid": 313}, "geometry": {"type": "Point", "coordinates": [28.982575299400498, 41.031541350311166]}}, {"type": "Feature", "properties": {"osmid": 314}, "geometry": {"type": "Point", "coordinates": [28.981595955064822, 41.04249205406663]}}, {"type": "Feature", "properties": {"osmid": 315}, "geometry": {"type": "Point", "coordinates": [28.984372699999998, 41.0424452]}}, {"type": "Feature", "properties": {"osmid": 316}, "geometry": {"type": "Point", "coordinates": [28.9794949238122, 41.04412564183536]}}, {"type": "Feature", "properties": {"osmid": 317}, "geometry": {"type": "Point", "coordinates": [28.982738900000005, 41.0399018]}}, {"type": "Feature", "properties": {"osmid": 318}, "geometry": {"type": "Point", "coordinates": [28.9842801, 41.0413344]}}, {"type": "Feature", "properties": {"osmid": 319}, "geometry": {"type": "Point", "coordinates": [28.984352449886913, 41.04641620003694]}}, {"type": "Feature", "properties": {"osmid": 320}, "geometry": {"type": "Point", "coordinates": [28.979033548822436, 41.040754250599534]}}, {"type": "Feature", "properties": {"osmid": 321}, "geometry": {"type": "Point", "coordinates": [28.967657866630603, 41.051102666680876]}}, {"type": "Feature", "properties": {"osmid": 322}, "geometry": {"type": "Point", "coordinates": [28.963508246256737, 41.052392722890694]}}, {"type": "Feature", "properties": {"osmid": 323}, "geometry": {"type": "Point", "coordinates": [28.967892350176644, 41.04796730001378]}}, {"type": "Feature", "properties": {"osmid": 324}, "geometry": {"type": "Point", "coordinates": [28.963270799999997, 41.0562418]}}, {"type": "Feature", "properties": {"osmid": 325}, "geometry": {"type": "Point", "coordinates": [28.9626047, 41.054482]}}, {"type": "Feature", "properties": {"osmid": 326}, "geometry": {"type": "Point", "coordinates": [28.9673028, 41.0537236]}}, {"type": "Feature", "properties": {"osmid": 327}, "geometry": {"type": "Point", "coordinates": [28.96423103209764, 41.04814724554209]}}, {"type": "Feature", "properties": {"osmid": 328}, "geometry": {"type": "Point", "coordinates": [28.96001508865082, 41.05291577900455]}}, {"type": "Feature", "properties": {"osmid": 329}, "geometry": {"type": "Point", "coordinates": [29.007237700000005, 41.058099500000004]}}, {"type": "Feature", "properties": {"osmid": 330}, "geometry": {"type": "Point", "coordinates": [29.007031249693288, 41.05732974863704]}}, {"type": "Feature", "properties": {"osmid": 331}, "geometry": {"type": "Point", "coordinates": [29.0088227, 41.056834099999996]}}, {"type": "Feature", "properties": {"osmid": 332}, "geometry": {"type": "Point", "coordinates": [29.005993971182782, 41.056306316686985]}}, {"type": "Feature", "properties": {"osmid": 333}, "geometry": {"type": "Point", "coordinates": [28.952711458037125, 41.03894314137803]}}, {"type": "Feature", "properties": {"osmid": 334}, "geometry": {"type": "Point", "coordinates": [28.95108540141679, 41.03986495021298]}}, {"type": "Feature", "properties": {"osmid": 335}, "geometry": {"type": "Point", "coordinates": [29.044547166687906, 41.0436592666961]}}, {"type": "Feature", "properties": {"osmid": 336}, "geometry": {"type": "Point", "coordinates": [29.046788500000005, 41.04096259999999]}}, {"type": "Feature", "properties": {"osmid": 337}, "geometry": {"type": "Point", "coordinates": [28.998736099999995, 41.06673009999999]}}, {"type": "Feature", "properties": {"osmid": 338}, "geometry": {"type": "Point", "coordinates": [28.997807500000004, 41.06673339999998]}}, {"type": "Feature", "properties": {"osmid": 339}, "geometry": {"type": "Point", "coordinates": [28.996291499561366, 41.06661605015445]}}, {"type": "Feature", "properties": {"osmid": 340}, "geometry": {"type": "Point", "coordinates": [28.9979696, 41.0673587]}}, {"type": "Feature", "properties": {"osmid": 341}, "geometry": {"type": "Point", "coordinates": [28.9972354, 41.06691169999999]}}, {"type": "Feature", "properties": {"osmid": 342}, "geometry": {"type": "Point", "coordinates": [28.997447300000005, 41.067518400000004]}}, {"type": "Feature", "properties": {"osmid": 343}, "geometry": {"type": "Point", "coordinates": [29.002560949959953, 41.052969150003584]}}, {"type": "Feature", "properties": {"osmid": 344}, "geometry": {"type": "Point", "coordinates": [29.00237385002463, 41.05404760000366]}}, {"type": "Feature", "properties": {"osmid": 345}, "geometry": {"type": "Point", "coordinates": [29.0021653, 41.05480249999999]}}, {"type": "Feature", "properties": {"osmid": 346}, "geometry": {"type": "Point", "coordinates": [28.969199601060797, 41.025119300281936]}}, {"type": "Feature", "properties": {"osmid": 347}, "geometry": {"type": "Point", "coordinates": [28.97105643740133, 41.02329031691728]}}, {"type": "Feature", "properties": {"osmid": 348}, "geometry": {"type": "Point", "coordinates": [28.993224100000003, 41.05006060000001]}}, {"type": "Feature", "properties": {"osmid": 349}, "geometry": {"type": "Point", "coordinates": [29.0371741, 41.039330400000004]}}, {"type": "Feature", "properties": {"osmid": 350}, "geometry": {"type": "Point", "coordinates": [29.0344501, 41.0394212]}}, {"type": "Feature", "properties": {"osmid": 351}, "geometry": {"type": "Point", "coordinates": [28.96603327632644, 41.01472649199442]}}, {"type": "Feature", "properties": {"osmid": 352}, "geometry": {"type": "Point", "coordinates": [28.965973400000003, 41.01321339999999]}}, {"type": "Feature", "properties": {"osmid": 353}, "geometry": {"type": "Point", "coordinates": [28.967475699999998, 41.01511769999999]}}, {"type": "Feature", "properties": {"osmid": 354}, "geometry": {"type": "Point", "coordinates": [28.9900834542702, 41.06905028093603]}}, {"type": "Feature", "properties": {"osmid": 355}, "geometry": {"type": "Point", "coordinates": [28.989072299999997, 41.068136100000004]}}, {"type": "Feature", "properties": {"osmid": 356}, "geometry": {"type": "Point", "coordinates": [28.990542776742128, 41.07010255812289]}}, {"type": "Feature", "properties": {"osmid": 357}, "geometry": {"type": "Point", "coordinates": [29.009382137703568, 41.05761392619011]}}, {"type": "Feature", "properties": {"osmid": 358}, "geometry": {"type": "Point", "coordinates": [29.009245499858505, 41.05485580004366]}}, {"type": "Feature", "properties": {"osmid": 359}, "geometry": {"type": "Point", "coordinates": [29.006979470740557, 41.06068057848733]}}, {"type": "Feature", "properties": {"osmid": 360}, "geometry": {"type": "Point", "coordinates": [29.012411700000005, 41.0542725]}}, {"type": "Feature", "properties": {"osmid": 361}, "geometry": {"type": "Point", "coordinates": [29.0169209415381, 41.01317745983779]}}, {"type": "Feature", "properties": {"osmid": 362}, "geometry": {"type": "Point", "coordinates": [29.015480599977625, 41.01257170001912]}}, {"type": "Feature", "properties": {"osmid": 363}, "geometry": {"type": "Point", "coordinates": [29.015787246973357, 41.01588646115049]}}, {"type": "Feature", "properties": {"osmid": 364}, "geometry": {"type": "Point", "coordinates": [29.018173300000004, 41.012670499999984]}}, {"type": "Feature", "properties": {"osmid": 365}, "geometry": {"type": "Point", "coordinates": [29.014213002524578, 41.0119861968182]}}, {"type": "Feature", "properties": {"osmid": 366}, "geometry": {"type": "Point", "coordinates": [29.01566790824934, 41.02546636021721]}}, {"type": "Feature", "properties": {"osmid": 367}, "geometry": {"type": "Point", "coordinates": [29.015009965362687, 41.02672594093195]}}, {"type": "Feature", "properties": {"osmid": 368}, "geometry": {"type": "Point", "coordinates": [29.0192991, 41.02526739999999]}}, {"type": "Feature", "properties": {"osmid": 369}, "geometry": {"type": "Point", "coordinates": [28.962613399825145, 41.055448650911934]}}, {"type": "Feature", "properties": {"osmid": 370}, "geometry": {"type": "Point", "coordinates": [28.964326800000002, 41.057561499999984]}}, {"type": "Feature", "properties": {"osmid": 371}, "geometry": {"type": "Point", "coordinates": [29.026373495638513, 41.06362215964797]}}, {"type": "Feature", "properties": {"osmid": 372}, "geometry": {"type": "Point", "coordinates": [29.02419346900239, 41.06256063686543]}}, {"type": "Feature", "properties": {"osmid": 373}, "geometry": {"type": "Point", "coordinates": [29.028198365840467, 41.064800186382975]}}, {"type": "Feature", "properties": {"osmid": 374}, "geometry": {"type": "Point", "coordinates": [28.997570489236864, 41.06867323560428]}}, {"type": "Feature", "properties": {"osmid": 375}, "geometry": {"type": "Point", "coordinates": [28.99723696773389, 41.07009855678721]}}, {"type": "Feature", "properties": {"osmid": 376}, "geometry": {"type": "Point", "coordinates": [28.995790000825288, 41.05528731798226]}}, {"type": "Feature", "properties": {"osmid": 377}, "geometry": {"type": "Point", "coordinates": [28.996836900000005, 41.0540751]}}, {"type": "Feature", "properties": {"osmid": 378}, "geometry": {"type": "Point", "coordinates": [28.997010700000004, 41.0546909]}}, {"type": "Feature", "properties": {"osmid": 379}, "geometry": {"type": "Point", "coordinates": [29.028769500000003, 41.0636221]}}, {"type": "Feature", "properties": {"osmid": 380}, "geometry": {"type": "Point", "coordinates": [29.03072598380383, 41.06465408989981]}}, {"type": "Feature", "properties": {"osmid": 381}, "geometry": {"type": "Point", "coordinates": [29.0142394, 41.01761889999999]}}, {"type": "Feature", "properties": {"osmid": 382}, "geometry": {"type": "Point", "coordinates": [29.013309694355375, 41.018371682268764]}}, {"type": "Feature", "properties": {"osmid": 383}, "geometry": {"type": "Point", "coordinates": [29.020144079946586, 41.012498118054644]}}, {"type": "Feature", "properties": {"osmid": 384}, "geometry": {"type": "Point", "coordinates": [29.01236017677097, 41.01950123179712]}}, {"type": "Feature", "properties": {"osmid": 385}, "geometry": {"type": "Point", "coordinates": [29.047693594205512, 41.029572770606144]}}, {"type": "Feature", "properties": {"osmid": 386}, "geometry": {"type": "Point", "coordinates": [29.0480725998756, 41.031268800018964]}}, {"type": "Feature", "properties": {"osmid": 387}, "geometry": {"type": "Point", "coordinates": [29.044310120639278, 41.026323803145495]}}, {"type": "Feature", "properties": {"osmid": 388}, "geometry": {"type": "Point", "coordinates": [29.049197299958493, 41.03250900001755]}}, {"type": "Feature", "properties": {"osmid": 389}, "geometry": {"type": "Point", "coordinates": [29.0472314, 41.045257]}}, {"type": "Feature", "properties": {"osmid": 390}, "geometry": {"type": "Point", "coordinates": [29.046216587473843, 41.044194752387405]}}, {"type": "Feature", "properties": {"osmid": 391}, "geometry": {"type": "Point", "coordinates": [29.04946426287721, 41.04604839448635]}}, {"type": "Feature", "properties": {"osmid": 392}, "geometry": {"type": "Point", "coordinates": [29.045060800000005, 41.044176]}}, {"type": "Feature", "properties": {"osmid": 393}, "geometry": {"type": "Point", "coordinates": [29.0476548, 41.04309249999999]}}, {"type": "Feature", "properties": {"osmid": 394}, "geometry": {"type": "Point", "coordinates": [29.050540299929047, 41.04649975004668]}}, {"type": "Feature", "properties": {"osmid": 395}, "geometry": {"type": "Point", "coordinates": [28.999242297525473, 41.06873614308248]}}, {"type": "Feature", "properties": {"osmid": 396}, "geometry": {"type": "Point", "coordinates": [28.999472799999996, 41.0702914]}}, {"type": "Feature", "properties": {"osmid": 397}, "geometry": {"type": "Point", "coordinates": [29.02543193376822, 41.05023852694127]}}, {"type": "Feature", "properties": {"osmid": 398}, "geometry": {"type": "Point", "coordinates": [29.02815044983323, 41.04903535002086]}}, {"type": "Feature", "properties": {"osmid": 399}, "geometry": {"type": "Point", "coordinates": [28.962547199923886, 41.05529552967862]}}, {"type": "Feature", "properties": {"osmid": 400}, "geometry": {"type": "Point", "coordinates": [29.040057100000002, 41.0112973]}}, {"type": "Feature", "properties": {"osmid": 401}, "geometry": {"type": "Point", "coordinates": [29.040617000000005, 41.01084550000001]}}, {"type": "Feature", "properties": {"osmid": 402}, "geometry": {"type": "Point", "coordinates": [29.039141200487556, 41.011740150331086]}}, {"type": "Feature", "properties": {"osmid": 403}, "geometry": {"type": "Point", "coordinates": [29.041371614022697, 41.010161768592276]}}, {"type": "Feature", "properties": {"osmid": 404}, "geometry": {"type": "Point", "coordinates": [29.0377561, 41.01043289999999]}}, {"type": "Feature", "properties": {"osmid": 405}, "geometry": {"type": "Point", "coordinates": [29.038149100000002, 41.012054799999994]}}, {"type": "Feature", "properties": {"osmid": 406}, "geometry": {"type": "Point", "coordinates": [29.042715000000005, 41.015758100000006]}}, {"type": "Feature", "properties": {"osmid": 407}, "geometry": {"type": "Point", "coordinates": [29.0397646, 41.00903069999999]}}, {"type": "Feature", "properties": {"osmid": 408}, "geometry": {"type": "Point", "coordinates": [28.95365479998852, 41.00411580000404]}}, {"type": "Feature", "properties": {"osmid": 409}, "geometry": {"type": "Point", "coordinates": [28.9603131, 41.00344210000001]}}, {"type": "Feature", "properties": {"osmid": 410}, "geometry": {"type": "Point", "coordinates": [28.956060599999997, 41.0037684]}}, {"type": "Feature", "properties": {"osmid": 411}, "geometry": {"type": "Point", "coordinates": [28.96587736816447, 41.05603203520663]}}, {"type": "Feature", "properties": {"osmid": 412}, "geometry": {"type": "Point", "coordinates": [29.016702400042696, 41.020600650006514]}}, {"type": "Feature", "properties": {"osmid": 413}, "geometry": {"type": "Point", "coordinates": [29.015788200000003, 41.02396869999999]}}, {"type": "Feature", "properties": {"osmid": 414}, "geometry": {"type": "Point", "coordinates": [29.0150387, 41.0204074]}}, {"type": "Feature", "properties": {"osmid": 415}, "geometry": {"type": "Point", "coordinates": [29.0001952, 41.046988700000014]}}, {"type": "Feature", "properties": {"osmid": 416}, "geometry": {"type": "Point", "coordinates": [29.00045598286802, 41.04500919567803]}}, {"type": "Feature", "properties": {"osmid": 417}, "geometry": {"type": "Point", "coordinates": [29.0001105, 41.0477265]}}, {"type": "Feature", "properties": {"osmid": 418}, "geometry": {"type": "Point", "coordinates": [29.00175150002608, 41.04391015001229]}}, {"type": "Feature", "properties": {"osmid": 419}, "geometry": {"type": "Point", "coordinates": [29.0215082, 41.0561771]}}, {"type": "Feature", "properties": {"osmid": 420}, "geometry": {"type": "Point", "coordinates": [29.0199805, 41.05702769999999]}}, {"type": "Feature", "properties": {"osmid": 421}, "geometry": {"type": "Point", "coordinates": [29.008484850016035, 41.05294210000148]}}, {"type": "Feature", "properties": {"osmid": 422}, "geometry": {"type": "Point", "coordinates": [29.0153029, 41.0638869]}}, {"type": "Feature", "properties": {"osmid": 423}, "geometry": {"type": "Point", "coordinates": [29.008214442046786, 41.05059590291118]}}, {"type": "Feature", "properties": {"osmid": 424}, "geometry": {"type": "Point", "coordinates": [29.0087309, 41.05198440000001]}}, {"type": "Feature", "properties": {"osmid": 425}, "geometry": {"type": "Point", "coordinates": [29.017018969474634, 41.01885858308901]}}, {"type": "Feature", "properties": {"osmid": 426}, "geometry": {"type": "Point", "coordinates": [29.04819339912955, 41.02301972650893]}}, {"type": "Feature", "properties": {"osmid": 427}, "geometry": {"type": "Point", "coordinates": [29.0460795, 41.025232]}}, {"type": "Feature", "properties": {"osmid": 428}, "geometry": {"type": "Point", "coordinates": [29.04622184992284, 41.02258560007185]}}, {"type": "Feature", "properties": {"osmid": 429}, "geometry": {"type": "Point", "coordinates": [29.046225600000003, 41.02677159999999]}}, {"type": "Feature", "properties": {"osmid": 430}, "geometry": {"type": "Point", "coordinates": [29.018054150042282, 41.017113100004494]}}, {"type": "Feature", "properties": {"osmid": 431}, "geometry": {"type": "Point", "coordinates": [29.0176661, 41.01815710000001]}}, {"type": "Feature", "properties": {"osmid": 432}, "geometry": {"type": "Point", "coordinates": [29.018347100000003, 41.016407199999996]}}, {"type": "Feature", "properties": {"osmid": 433}, "geometry": {"type": "Point", "coordinates": [29.0472119, 41.023526100000005]}}, {"type": "Feature", "properties": {"osmid": 434}, "geometry": {"type": "Point", "coordinates": [29.044154300000002, 41.02318759999999]}}, {"type": "Feature", "properties": {"osmid": 435}, "geometry": {"type": "Point", "coordinates": [29.031671, 41.05005529999999]}}, {"type": "Feature", "properties": {"osmid": 436}, "geometry": {"type": "Point", "coordinates": [29.0322262, 41.05042479999999]}}, {"type": "Feature", "properties": {"osmid": 437}, "geometry": {"type": "Point", "coordinates": [29.0293482, 41.049478]}}, {"type": "Feature", "properties": {"osmid": 438}, "geometry": {"type": "Point", "coordinates": [29.0329479, 41.0513295]}}, {"type": "Feature", "properties": {"osmid": 439}, "geometry": {"type": "Point", "coordinates": [29.043830684858044, 41.04359288016644]}}, {"type": "Feature", "properties": {"osmid": 440}, "geometry": {"type": "Point", "coordinates": [29.0224397, 41.013216199999995]}}, {"type": "Feature", "properties": {"osmid": 441}, "geometry": {"type": "Point", "coordinates": [29.019190700000003, 41.011091900000004]}}, {"type": "Feature", "properties": {"osmid": 442}, "geometry": {"type": "Point", "coordinates": [29.019984199999996, 41.0102701]}}, {"type": "Feature", "properties": {"osmid": 443}, "geometry": {"type": "Point", "coordinates": [29.0214973, 41.0104819]}}, {"type": "Feature", "properties": {"osmid": 444}, "geometry": {"type": "Point", "coordinates": [28.967459800110838, 41.05456000000782]}}, {"type": "Feature", "properties": {"osmid": 445}, "geometry": {"type": "Point", "coordinates": [28.9683417, 41.05362459999999]}}, {"type": "Feature", "properties": {"osmid": 446}, "geometry": {"type": "Point", "coordinates": [29.0499657144183, 41.03361386993788]}}, {"type": "Feature", "properties": {"osmid": 447}, "geometry": {"type": "Point", "coordinates": [29.0148751, 41.0649877]}}, {"type": "Feature", "properties": {"osmid": 448}, "geometry": {"type": "Point", "coordinates": [29.0129782, 41.066337100000005]}}, {"type": "Feature", "properties": {"osmid": 449}, "geometry": {"type": "Point", "coordinates": [29.0104687, 41.0200569]}}, {"type": "Feature", "properties": {"osmid": 450}, "geometry": {"type": "Point", "coordinates": [29.013102839884986, 41.02128922500159]}}, {"type": "Feature", "properties": {"osmid": 451}, "geometry": {"type": "Point", "coordinates": [29.009614000000003, 41.065993500000005]}}, {"type": "Feature", "properties": {"osmid": 452}, "geometry": {"type": "Point", "coordinates": [28.96457927875078, 41.03397859747029]}}, {"type": "Feature", "properties": {"osmid": 453}, "geometry": {"type": "Point", "coordinates": [28.9639263, 41.035565399999996]}}, {"type": "Feature", "properties": {"osmid": 454}, "geometry": {"type": "Point", "coordinates": [28.985321500482886, 41.05418675047497]}}, {"type": "Feature", "properties": {"osmid": 455}, "geometry": {"type": "Point", "coordinates": [28.9834305, 41.0609718]}}, {"type": "Feature", "properties": {"osmid": 456}, "geometry": {"type": "Point", "coordinates": [28.9834276, 41.06211929999999]}}, {"type": "Feature", "properties": {"osmid": 457}, "geometry": {"type": "Point", "coordinates": [29.045085500000003, 41.0259694]}}, {"type": "Feature", "properties": {"osmid": 458}, "geometry": {"type": "Point", "coordinates": [28.986973950004025, 41.05535540000706]}}, {"type": "Feature", "properties": {"osmid": 459}, "geometry": {"type": "Point", "coordinates": [28.986955900000005, 41.0570391]}}, {"type": "Feature", "properties": {"osmid": 460}, "geometry": {"type": "Point", "coordinates": [28.987013899999997, 41.058177799999996]}}, {"type": "Feature", "properties": {"osmid": 461}, "geometry": {"type": "Point", "coordinates": [29.03559970000695, 41.05872050000473]}}, {"type": "Feature", "properties": {"osmid": 462}, "geometry": {"type": "Point", "coordinates": [29.034945, 41.05736029999999]}}, {"type": "Feature", "properties": {"osmid": 463}, "geometry": {"type": "Point", "coordinates": [29.0359372, 41.0594212]}}, {"type": "Feature", "properties": {"osmid": 464}, "geometry": {"type": "Point", "coordinates": [28.986395600000005, 41.05390059999999]}}, {"type": "Feature", "properties": {"osmid": 465}, "geometry": {"type": "Point", "coordinates": [29.011319002120388, 41.02297542163881]}}, {"type": "Feature", "properties": {"osmid": 466}, "geometry": {"type": "Point", "coordinates": [29.01418350992636, 41.02511357947647]}}, {"type": "Feature", "properties": {"osmid": 467}, "geometry": {"type": "Point", "coordinates": [29.011935050155593, 41.02204640009957]}}, {"type": "Feature", "properties": {"osmid": 468}, "geometry": {"type": "Point", "coordinates": [29.03562531709808, 41.0215596025633]}}, {"type": "Feature", "properties": {"osmid": 469}, "geometry": {"type": "Point", "coordinates": [29.033793268123603, 41.02107598195931]}}, {"type": "Feature", "properties": {"osmid": 470}, "geometry": {"type": "Point", "coordinates": [29.034311, 41.01994519999999]}}, {"type": "Feature", "properties": {"osmid": 471}, "geometry": {"type": "Point", "coordinates": [29.039352499999996, 41.0214565]}}, {"type": "Feature", "properties": {"osmid": 472}, "geometry": {"type": "Point", "coordinates": [29.05155119998338, 41.0469244000258]}}, {"type": "Feature", "properties": {"osmid": 473}, "geometry": {"type": "Point", "coordinates": [28.9792248150493, 41.046359835133394]}}, {"type": "Feature", "properties": {"osmid": 474}, "geometry": {"type": "Point", "coordinates": [28.9806241, 41.048115499999994]}}, {"type": "Feature", "properties": {"osmid": 475}, "geometry": {"type": "Point", "coordinates": [29.028552800000003, 41.062941200000004]}}, {"type": "Feature", "properties": {"osmid": 476}, "geometry": {"type": "Point", "coordinates": [29.0279318, 41.0621997]}}, {"type": "Feature", "properties": {"osmid": 477}, "geometry": {"type": "Point", "coordinates": [29.03808654994562, 41.06159955003313]}}, {"type": "Feature", "properties": {"osmid": 478}, "geometry": {"type": "Point", "coordinates": [29.039954401889204, 41.06260016599349]}}, {"type": "Feature", "properties": {"osmid": 479}, "geometry": {"type": "Point", "coordinates": [29.03578212975817, 41.060749892799514]}}, {"type": "Feature", "properties": {"osmid": 480}, "geometry": {"type": "Point", "coordinates": [29.042354241617797, 41.067501753672545]}}, {"type": "Feature", "properties": {"osmid": 481}, "geometry": {"type": "Point", "coordinates": [28.97305189983569, 41.0311017000945]}}, {"type": "Feature", "properties": {"osmid": 482}, "geometry": {"type": "Point", "coordinates": [28.97448586687013, 41.03354746669998]}}, {"type": "Feature", "properties": {"osmid": 483}, "geometry": {"type": "Point", "coordinates": [28.977526342756622, 41.035865914981734]}}, {"type": "Feature", "properties": {"osmid": 484}, "geometry": {"type": "Point", "coordinates": [28.972472899485044, 41.030956800403324]}}, {"type": "Feature", "properties": {"osmid": 485}, "geometry": {"type": "Point", "coordinates": [28.963603300000003, 41.0579484]}}, {"type": "Feature", "properties": {"osmid": 486}, "geometry": {"type": "Point", "coordinates": [28.957049100000003, 41.05834750000002]}}, {"type": "Feature", "properties": {"osmid": 487}, "geometry": {"type": "Point", "coordinates": [28.958361638269306, 41.05708033810605]}}, {"type": "Feature", "properties": {"osmid": 488}, "geometry": {"type": "Point", "coordinates": [29.041275754998942, 41.02163040768132]}}, {"type": "Feature", "properties": {"osmid": 489}, "geometry": {"type": "Point", "coordinates": [29.044245599999996, 41.0221958]}}, {"type": "Feature", "properties": {"osmid": 490}, "geometry": {"type": "Point", "coordinates": [29.0448873, 41.02083879999999]}}, {"type": "Feature", "properties": {"osmid": 491}, "geometry": {"type": "Point", "coordinates": [29.02056270050181, 41.01362270007735]}}, {"type": "Feature", "properties": {"osmid": 492}, "geometry": {"type": "Point", "coordinates": [29.0199164, 41.01439899999999]}}, {"type": "Feature", "properties": {"osmid": 493}, "geometry": {"type": "Point", "coordinates": [28.98070588421261, 41.06165582245244]}}, {"type": "Feature", "properties": {"osmid": 494}, "geometry": {"type": "Point", "coordinates": [28.977057725148754, 41.05978333499222]}}, {"type": "Feature", "properties": {"osmid": 495}, "geometry": {"type": "Point", "coordinates": [28.987286600000004, 41.052976199999996]}}, {"type": "Feature", "properties": {"osmid": 496}, "geometry": {"type": "Point", "coordinates": [28.9873654, 41.05233249999999]}}, {"type": "Feature", "properties": {"osmid": 497}, "geometry": {"type": "Point", "coordinates": [29.024453200000004, 41.060508]}}, {"type": "Feature", "properties": {"osmid": 498}, "geometry": {"type": "Point", "coordinates": [28.961247194834055, 41.01549743292597]}}, {"type": "Feature", "properties": {"osmid": 499}, "geometry": {"type": "Point", "coordinates": [28.961038296726002, 41.01690148333181]}}, {"type": "Feature", "properties": {"osmid": 500}, "geometry": {"type": "Point", "coordinates": [28.961218149929458, 41.014349450006364]}}, {"type": "Feature", "properties": {"osmid": 501}, "geometry": {"type": "Point", "coordinates": [28.962698006847923, 41.0174103969612]}}, {"type": "Feature", "properties": {"osmid": 502}, "geometry": {"type": "Point", "coordinates": [28.959146623600123, 41.016095851239186]}}, {"type": "Feature", "properties": {"osmid": 503}, "geometry": {"type": "Point", "coordinates": [28.965959599999998, 41.008613999999994]}}, {"type": "Feature", "properties": {"osmid": 504}, "geometry": {"type": "Point", "coordinates": [28.9657029, 41.0080518]}}, {"type": "Feature", "properties": {"osmid": 505}, "geometry": {"type": "Point", "coordinates": [28.96469912253827, 41.007570905698124]}}, {"type": "Feature", "properties": {"osmid": 506}, "geometry": {"type": "Point", "coordinates": [29.0188889, 41.010462800000006]}}, {"type": "Feature", "properties": {"osmid": 507}, "geometry": {"type": "Point", "coordinates": [29.020514050043207, 41.00831450009437]}}, {"type": "Feature", "properties": {"osmid": 508}, "geometry": {"type": "Point", "coordinates": [28.963354900353778, 41.00527645027683]}}, {"type": "Feature", "properties": {"osmid": 509}, "geometry": {"type": "Point", "coordinates": [28.963042600000005, 41.00796300000001]}}, {"type": "Feature", "properties": {"osmid": 510}, "geometry": {"type": "Point", "coordinates": [28.96205195016636, 41.00572075022751]}}, {"type": "Feature", "properties": {"osmid": 511}, "geometry": {"type": "Point", "coordinates": [29.020779100000002, 41.00637809999999]}}, {"type": "Feature", "properties": {"osmid": 512}, "geometry": {"type": "Point", "coordinates": [29.022696563317588, 41.00909861561977]}}, {"type": "Feature", "properties": {"osmid": 513}, "geometry": {"type": "Point", "coordinates": [29.025651466174217, 41.00570383375271]}}, {"type": "Feature", "properties": {"osmid": 514}, "geometry": {"type": "Point", "coordinates": [29.011845300106625, 41.007462050647526]}}, {"type": "Feature", "properties": {"osmid": 515}, "geometry": {"type": "Point", "coordinates": [29.026200097713765, 41.00442956703189]}}, {"type": "Feature", "properties": {"osmid": 516}, "geometry": {"type": "Point", "coordinates": [29.024067500000005, 41.0077151]}}, {"type": "Feature", "properties": {"osmid": 517}, "geometry": {"type": "Point", "coordinates": [29.0289407, 41.0050155]}}, {"type": "Feature", "properties": {"osmid": 518}, "geometry": {"type": "Point", "coordinates": [29.027501699999995, 41.0051711]}}, {"type": "Feature", "properties": {"osmid": 519}, "geometry": {"type": "Point", "coordinates": [28.974075700000004, 41.00207499999999]}}, {"type": "Feature", "properties": {"osmid": 520}, "geometry": {"type": "Point", "coordinates": [28.97527982847154, 41.00212051965047]}}, {"type": "Feature", "properties": {"osmid": 521}, "geometry": {"type": "Point", "coordinates": [29.021584054008216, 41.026039417030454]}}, {"type": "Feature", "properties": {"osmid": 522}, "geometry": {"type": "Point", "coordinates": [28.962278343115635, 41.03377460483041]}}, {"type": "Feature", "properties": {"osmid": 523}, "geometry": {"type": "Point", "coordinates": [28.9798405, 41.0646484]}}, {"type": "Feature", "properties": {"osmid": 524}, "geometry": {"type": "Point", "coordinates": [28.980574400000002, 41.06440970000001]}}, {"type": "Feature", "properties": {"osmid": 525}, "geometry": {"type": "Point", "coordinates": [28.978222958367386, 41.06519987234045]}}, {"type": "Feature", "properties": {"osmid": 526}, "geometry": {"type": "Point", "coordinates": [28.9817898, 41.0640288]}}, {"type": "Feature", "properties": {"osmid": 527}, "geometry": {"type": "Point", "coordinates": [28.9756013, 41.0662576]}}, {"type": "Feature", "properties": {"osmid": 528}, "geometry": {"type": "Point", "coordinates": [28.977505249976247, 41.063884750002416]}}, {"type": "Feature", "properties": {"osmid": 529}, "geometry": {"type": "Point", "coordinates": [28.984146100000004, 41.05914789999999]}}, {"type": "Feature", "properties": {"osmid": 530}, "geometry": {"type": "Point", "coordinates": [28.984256800000004, 41.0597476]}}, {"type": "Feature", "properties": {"osmid": 531}, "geometry": {"type": "Point", "coordinates": [28.984139300000002, 41.060951]}}, {"type": "Feature", "properties": {"osmid": 532}, "geometry": {"type": "Point", "coordinates": [28.967944453089686, 41.033649673363605]}}, {"type": "Feature", "properties": {"osmid": 533}, "geometry": {"type": "Point", "coordinates": [28.95165679758974, 41.01647171205473]}}, {"type": "Feature", "properties": {"osmid": 534}, "geometry": {"type": "Point", "coordinates": [28.9839333501116, 41.06207425001094]}}, {"type": "Feature", "properties": {"osmid": 535}, "geometry": {"type": "Point", "coordinates": [28.9838429, 41.06339799999999]}}, {"type": "Feature", "properties": {"osmid": 536}, "geometry": {"type": "Point", "coordinates": [28.977859650469398, 41.05846755047836]}}, {"type": "Feature", "properties": {"osmid": 537}, "geometry": {"type": "Point", "coordinates": [29.024860799999995, 41.050906700000006]}}, {"type": "Feature", "properties": {"osmid": 538}, "geometry": {"type": "Point", "coordinates": [29.023628910144783, 41.05288820973415]}}, {"type": "Feature", "properties": {"osmid": 539}, "geometry": {"type": "Point", "coordinates": [29.026486999892626, 41.05046035008025]}}, {"type": "Feature", "properties": {"osmid": 540}, "geometry": {"type": "Point", "coordinates": [28.96429898322307, 41.03636369413677]}}, {"type": "Feature", "properties": {"osmid": 541}, "geometry": {"type": "Point", "coordinates": [28.9656725, 41.0349246]}}, {"type": "Feature", "properties": {"osmid": 542}, "geometry": {"type": "Point", "coordinates": [28.9859187, 41.057976499999995]}}, {"type": "Feature", "properties": {"osmid": 543}, "geometry": {"type": "Point", "coordinates": [29.0410289, 41.0652526]}}, {"type": "Feature", "properties": {"osmid": 544}, "geometry": {"type": "Point", "coordinates": [29.045802032641, 41.06784008939167]}}, {"type": "Feature", "properties": {"osmid": 545}, "geometry": {"type": "Point", "coordinates": [29.004173104816058, 41.04989823520474]}}, {"type": "Feature", "properties": {"osmid": 546}, "geometry": {"type": "Point", "coordinates": [29.0298587, 41.00096139999999]}}, {"type": "Feature", "properties": {"osmid": 547}, "geometry": {"type": "Point", "coordinates": [29.030068370295826, 41.002364505174015]}}, {"type": "Feature", "properties": {"osmid": 548}, "geometry": {"type": "Point", "coordinates": [28.978090506476295, 41.039249583368544]}}, {"type": "Feature", "properties": {"osmid": 549}, "geometry": {"type": "Point", "coordinates": [28.979007724031323, 41.04051112558308]}}, {"type": "Feature", "properties": {"osmid": 550}, "geometry": {"type": "Point", "coordinates": [28.95391473045012, 41.061840920655804]}}, {"type": "Feature", "properties": {"osmid": 551}, "geometry": {"type": "Point", "coordinates": [28.952277817766728, 41.06062499381721]}}, {"type": "Feature", "properties": {"osmid": 552}, "geometry": {"type": "Point", "coordinates": [28.979979300000004, 41.03936890000001]}}, {"type": "Feature", "properties": {"osmid": 553}, "geometry": {"type": "Point", "coordinates": [28.979657749965877, 41.03993745001097]}}, {"type": "Feature", "properties": {"osmid": 554}, "geometry": {"type": "Point", "coordinates": [28.971704099964306, 41.03864656023008]}}, {"type": "Feature", "properties": {"osmid": 555}, "geometry": {"type": "Point", "coordinates": [28.9507904, 41.001724]}}, {"type": "Feature", "properties": {"osmid": 556}, "geometry": {"type": "Point", "coordinates": [28.954251500000005, 41.0029737]}}, {"type": "Feature", "properties": {"osmid": 557}, "geometry": {"type": "Point", "coordinates": [28.9591518, 41.0032943]}}, {"type": "Feature", "properties": {"osmid": 558}, "geometry": {"type": "Point", "coordinates": [28.965904462893135, 41.03775327464577]}}, {"type": "Feature", "properties": {"osmid": 559}, "geometry": {"type": "Point", "coordinates": [28.966816100000003, 41.0354685]}}, {"type": "Feature", "properties": {"osmid": 560}, "geometry": {"type": "Point", "coordinates": [28.98949959056566, 41.03156123023717]}}, {"type": "Feature", "properties": {"osmid": 561}, "geometry": {"type": "Point", "coordinates": [28.995077343484468, 41.037559907150914]}}, {"type": "Feature", "properties": {"osmid": 562}, "geometry": {"type": "Point", "coordinates": [28.984228625058666, 41.02808194729074]}}, {"type": "Feature", "properties": {"osmid": 563}, "geometry": {"type": "Point", "coordinates": [28.9528338, 41.00248719999999]}}, {"type": "Feature", "properties": {"osmid": 564}, "geometry": {"type": "Point", "coordinates": [28.964886100000005, 41.00278130000001]}}, {"type": "Feature", "properties": {"osmid": 565}, "geometry": {"type": "Point", "coordinates": [28.968918000000002, 41.002189900000005]}}, {"type": "Feature", "properties": {"osmid": 566}, "geometry": {"type": "Point", "coordinates": [29.036899799999997, 41.00338519999999]}}, {"type": "Feature", "properties": {"osmid": 567}, "geometry": {"type": "Point", "coordinates": [29.0186858, 41.009856500000005]}}, {"type": "Feature", "properties": {"osmid": 568}, "geometry": {"type": "Point", "coordinates": [29.016550901189856, 41.01048266063418]}}, {"type": "Feature", "properties": {"osmid": 569}, "geometry": {"type": "Point", "coordinates": [29.0145663, 41.0099231]}}, {"type": "Feature", "properties": {"osmid": 570}, "geometry": {"type": "Point", "coordinates": [28.974501350691504, 41.05252575089404]}}, {"type": "Feature", "properties": {"osmid": 571}, "geometry": {"type": "Point", "coordinates": [28.9730072, 41.052827799999996]}}, {"type": "Feature", "properties": {"osmid": 572}, "geometry": {"type": "Point", "coordinates": [28.97581330653941, 41.05144382322389]}}, {"type": "Feature", "properties": {"osmid": 573}, "geometry": {"type": "Point", "coordinates": [28.959035350059946, 41.0407266000355]}}, {"type": "Feature", "properties": {"osmid": 574}, "geometry": {"type": "Point", "coordinates": [28.959051199998424, 41.040049150000165]}}, {"type": "Feature", "properties": {"osmid": 575}, "geometry": {"type": "Point", "coordinates": [29.005938099794314, 41.04800970002423]}}, {"type": "Feature", "properties": {"osmid": 576}, "geometry": {"type": "Point", "coordinates": [29.0061731, 41.0488615]}}, {"type": "Feature", "properties": {"osmid": 577}, "geometry": {"type": "Point", "coordinates": [29.00664713801468, 41.04977883980439]}}, {"type": "Feature", "properties": {"osmid": 578}, "geometry": {"type": "Point", "coordinates": [28.973591951606522, 41.05360157751034]}}, {"type": "Feature", "properties": {"osmid": 579}, "geometry": {"type": "Point", "coordinates": [28.97181780011469, 41.05474466674467]}}, {"type": "Feature", "properties": {"osmid": 580}, "geometry": {"type": "Point", "coordinates": [28.963568052713207, 41.06790943200835]}}, {"type": "Feature", "properties": {"osmid": 581}, "geometry": {"type": "Point", "coordinates": [28.981773299999997, 41.0538002]}}, {"type": "Feature", "properties": {"osmid": 582}, "geometry": {"type": "Point", "coordinates": [28.98069793548244, 41.0524832002339]}}, {"type": "Feature", "properties": {"osmid": 583}, "geometry": {"type": "Point", "coordinates": [28.981318899999998, 41.0499423]}}, {"type": "Feature", "properties": {"osmid": 584}, "geometry": {"type": "Point", "coordinates": [28.9800573, 41.0483646]}}, {"type": "Feature", "properties": {"osmid": 585}, "geometry": {"type": "Point", "coordinates": [28.97877454716769, 41.046866017420236]}}, {"type": "Feature", "properties": {"osmid": 586}, "geometry": {"type": "Point", "coordinates": [29.0160101, 41.004864600000005]}}, {"type": "Feature", "properties": {"osmid": 587}, "geometry": {"type": "Point", "coordinates": [29.017255099999996, 41.004941999999986]}}, {"type": "Feature", "properties": {"osmid": 588}, "geometry": {"type": "Point", "coordinates": [29.0217498, 41.005861499999995]}}, {"type": "Feature", "properties": {"osmid": 589}, "geometry": {"type": "Point", "coordinates": [29.018227699999997, 41.00276]}}, {"type": "Feature", "properties": {"osmid": 590}, "geometry": {"type": "Point", "coordinates": [29.029912918365135, 41.0689267040038]}}, {"type": "Feature", "properties": {"osmid": 591}, "geometry": {"type": "Point", "coordinates": [29.0300412, 41.0679365]}}, {"type": "Feature", "properties": {"osmid": 592}, "geometry": {"type": "Point", "coordinates": [29.029762, 41.0702532]}}, {"type": "Feature", "properties": {"osmid": 593}, "geometry": {"type": "Point", "coordinates": [29.028680646640822, 41.01609242333234]}}, {"type": "Feature", "properties": {"osmid": 594}, "geometry": {"type": "Point", "coordinates": [29.0273023, 41.0168154]}}, {"type": "Feature", "properties": {"osmid": 595}, "geometry": {"type": "Point", "coordinates": [29.028332150013032, 41.015116600006756]}}, {"type": "Feature", "properties": {"osmid": 596}, "geometry": {"type": "Point", "coordinates": [29.026835999307117, 41.01741880029824]}}, {"type": "Feature", "properties": {"osmid": 597}, "geometry": {"type": "Point", "coordinates": [29.0277786, 41.01472809999999]}}, {"type": "Feature", "properties": {"osmid": 598}, "geometry": {"type": "Point", "coordinates": [29.027514500000002, 41.0155028]}}, {"type": "Feature", "properties": {"osmid": 599}, "geometry": {"type": "Point", "coordinates": [29.029886427565778, 41.016283248753176]}}, {"type": "Feature", "properties": {"osmid": 600}, "geometry": {"type": "Point", "coordinates": [29.050625750887132, 41.0397976449923]}}, {"type": "Feature", "properties": {"osmid": 601}, "geometry": {"type": "Point", "coordinates": [29.048244100150562, 41.040106750459735]}}, {"type": "Feature", "properties": {"osmid": 602}, "geometry": {"type": "Point", "coordinates": [29.023074350087008, 41.02743810014505]}}, {"type": "Feature", "properties": {"osmid": 603}, "geometry": {"type": "Point", "coordinates": [29.02067889032355, 41.02779277350829]}}, {"type": "Feature", "properties": {"osmid": 604}, "geometry": {"type": "Point", "coordinates": [29.0257597, 41.0277102]}}, {"type": "Feature", "properties": {"osmid": 605}, "geometry": {"type": "Point", "coordinates": [29.02132779354826, 41.02883115677752]}}, {"type": "Feature", "properties": {"osmid": 606}, "geometry": {"type": "Point", "coordinates": [29.02028280007071, 41.02636755000468]}}, {"type": "Feature", "properties": {"osmid": 607}, "geometry": {"type": "Point", "coordinates": [29.0191074, 41.027452]}}, {"type": "Feature", "properties": {"osmid": 608}, "geometry": {"type": "Point", "coordinates": [29.026161249803494, 41.02778820014866]}}, {"type": "Feature", "properties": {"osmid": 609}, "geometry": {"type": "Point", "coordinates": [29.0282265, 41.0280718]}}, {"type": "Feature", "properties": {"osmid": 610}, "geometry": {"type": "Point", "coordinates": [28.957682397118834, 41.006987846265936]}}, {"type": "Feature", "properties": {"osmid": 611}, "geometry": {"type": "Point", "coordinates": [28.959127300000002, 41.00656609999999]}}, {"type": "Feature", "properties": {"osmid": 612}, "geometry": {"type": "Point", "coordinates": [28.9562585, 41.007132899999995]}}, {"type": "Feature", "properties": {"osmid": 613}, "geometry": {"type": "Point", "coordinates": [29.030522267097922, 41.02770206731965]}}, {"type": "Feature", "properties": {"osmid": 614}, "geometry": {"type": "Point", "coordinates": [28.97335731954453, 41.05674876930471]}}, {"type": "Feature", "properties": {"osmid": 615}, "geometry": {"type": "Point", "coordinates": [28.974299771807544, 41.05486940014504]}}, {"type": "Feature", "properties": {"osmid": 616}, "geometry": {"type": "Point", "coordinates": [28.972413082543838, 41.05957392000527]}}, {"type": "Feature", "properties": {"osmid": 617}, "geometry": {"type": "Point", "coordinates": [28.970435600000002, 41.054756499999996]}}, {"type": "Feature", "properties": {"osmid": 618}, "geometry": {"type": "Point", "coordinates": [28.99370719246322, 41.04155896714186]}}, {"type": "Feature", "properties": {"osmid": 619}, "geometry": {"type": "Point", "coordinates": [28.9707766, 41.0548544]}}, {"type": "Feature", "properties": {"osmid": 620}, "geometry": {"type": "Point", "coordinates": [28.98646936838525, 41.045308774047164]}}, {"type": "Feature", "properties": {"osmid": 621}, "geometry": {"type": "Point", "coordinates": [28.986375600000002, 41.04405199999999]}}, {"type": "Feature", "properties": {"osmid": 622}, "geometry": {"type": "Point", "coordinates": [29.02909423639264, 41.029403947353785]}}, {"type": "Feature", "properties": {"osmid": 623}, "geometry": {"type": "Point", "coordinates": [29.028142500000005, 41.02987310000001]}}, {"type": "Feature", "properties": {"osmid": 624}, "geometry": {"type": "Point", "coordinates": [29.047808950032106, 41.03556420000955]}}, {"type": "Feature", "properties": {"osmid": 625}, "geometry": {"type": "Point", "coordinates": [29.04852680000916, 41.03495610000377]}}, {"type": "Feature", "properties": {"osmid": 626}, "geometry": {"type": "Point", "coordinates": [29.047017599999997, 41.03632439999999]}}, {"type": "Feature", "properties": {"osmid": 627}, "geometry": {"type": "Point", "coordinates": [29.04941145032296, 41.03463116935738]}}, {"type": "Feature", "properties": {"osmid": 628}, "geometry": {"type": "Point", "coordinates": [28.985565399999995, 41.0488962]}}, {"type": "Feature", "properties": {"osmid": 629}, "geometry": {"type": "Point", "coordinates": [28.9819256, 41.0496538]}}, {"type": "Feature", "properties": {"osmid": 630}, "geometry": {"type": "Point", "coordinates": [29.0516254, 41.03293920000001]}}, {"type": "Feature", "properties": {"osmid": 631}, "geometry": {"type": "Point", "coordinates": [28.951748530289873, 41.024588325752056]}}, {"type": "Feature", "properties": {"osmid": 632}, "geometry": {"type": "Point", "coordinates": [28.953081749514155, 41.025510200144275]}}, {"type": "Feature", "properties": {"osmid": 633}, "geometry": {"type": "Point", "coordinates": [28.9511955935923, 41.023102479623084]}}, {"type": "Feature", "properties": {"osmid": 634}, "geometry": {"type": "Point", "coordinates": [28.953772300000004, 41.0261327]}}, {"type": "Feature", "properties": {"osmid": 635}, "geometry": {"type": "Point", "coordinates": [29.048886600000003, 41.0334759]}}, {"type": "Feature", "properties": {"osmid": 636}, "geometry": {"type": "Point", "coordinates": [29.0475615, 41.03105110000001]}}, {"type": "Feature", "properties": {"osmid": 637}, "geometry": {"type": "Point", "coordinates": [29.047449, 41.023617200000004]}}, {"type": "Feature", "properties": {"osmid": 638}, "geometry": {"type": "Point", "coordinates": [29.045667600000005, 41.03115689999999]}}, {"type": "Feature", "properties": {"osmid": 639}, "geometry": {"type": "Point", "coordinates": [29.029350499612924, 41.05291890010898]}}, {"type": "Feature", "properties": {"osmid": 640}, "geometry": {"type": "Point", "coordinates": [29.0299106, 41.0535523]}}, {"type": "Feature", "properties": {"osmid": 641}, "geometry": {"type": "Point", "coordinates": [29.0282042, 41.050578]}}, {"type": "Feature", "properties": {"osmid": 642}, "geometry": {"type": "Point", "coordinates": [29.030290700000002, 41.05425939999999]}}, {"type": "Feature", "properties": {"osmid": 643}, "geometry": {"type": "Point", "coordinates": [29.050449500000003, 41.03534640000001]}}, {"type": "Feature", "properties": {"osmid": 644}, "geometry": {"type": "Point", "coordinates": [28.994201022080752, 41.0451386561631]}}, {"type": "Feature", "properties": {"osmid": 645}, "geometry": {"type": "Point", "coordinates": [28.9943821, 41.0472256]}}, {"type": "Feature", "properties": {"osmid": 646}, "geometry": {"type": "Point", "coordinates": [28.995537262615958, 41.043575515649124]}}, {"type": "Feature", "properties": {"osmid": 647}, "geometry": {"type": "Point", "coordinates": [29.023569750117712, 41.005881750450705]}}, {"type": "Feature", "properties": {"osmid": 648}, "geometry": {"type": "Point", "coordinates": [29.0401047, 41.00285689999999]}}, {"type": "Feature", "properties": {"osmid": 649}, "geometry": {"type": "Point", "coordinates": [29.040983200000003, 41.0026936]}}, {"type": "Feature", "properties": {"osmid": 650}, "geometry": {"type": "Point", "coordinates": [29.046252534072135, 41.00166273441224]}}, {"type": "Feature", "properties": {"osmid": 651}, "geometry": {"type": "Point", "coordinates": [28.970457071709095, 41.002142607737355]}}, {"type": "Feature", "properties": {"osmid": 652}, "geometry": {"type": "Point", "coordinates": [29.034284243692852, 41.003504739103704]}}, {"type": "Feature", "properties": {"osmid": 653}, "geometry": {"type": "Point", "coordinates": [28.981371400000004, 41.03669249999999]}}, {"type": "Feature", "properties": {"osmid": 654}, "geometry": {"type": "Point", "coordinates": [28.980079899738787, 41.03651075063158]}}, {"type": "Feature", "properties": {"osmid": 655}, "geometry": {"type": "Point", "coordinates": [28.965228066842336, 41.05837016683758]}}, {"type": "Feature", "properties": {"osmid": 656}, "geometry": {"type": "Point", "coordinates": [28.9640702998267, 41.05745385004857]}}, {"type": "Feature", "properties": {"osmid": 657}, "geometry": {"type": "Point", "coordinates": [28.966724149374233, 41.05798685017716]}}, {"type": "Feature", "properties": {"osmid": 658}, "geometry": {"type": "Point", "coordinates": [29.040990834451588, 41.00125613418583]}}, {"type": "Feature", "properties": {"osmid": 659}, "geometry": {"type": "Point", "coordinates": [29.038427600000002, 40.99946969999999]}}, {"type": "Feature", "properties": {"osmid": 660}, "geometry": {"type": "Point", "coordinates": [29.0383059, 41.00306109999998]}}, {"type": "Feature", "properties": {"osmid": 661}, "geometry": {"type": "Point", "coordinates": [29.043295599721652, 41.0029453001415]}}, {"type": "Feature", "properties": {"osmid": 662}, "geometry": {"type": "Point", "coordinates": [29.044497018370866, 40.99970975263709]}}, {"type": "Feature", "properties": {"osmid": 663}, "geometry": {"type": "Point", "coordinates": [28.954247, 41.05324079999999]}}, {"type": "Feature", "properties": {"osmid": 664}, "geometry": {"type": "Point", "coordinates": [28.95728609995821, 41.05838432501772]}}, {"type": "Feature", "properties": {"osmid": 665}, "geometry": {"type": "Point", "coordinates": [28.96155444792684, 41.057853000304554]}}, {"type": "Feature", "properties": {"osmid": 666}, "geometry": {"type": "Point", "coordinates": [28.953048899999995, 41.0527553]}}, {"type": "Feature", "properties": {"osmid": 667}, "geometry": {"type": "Point", "coordinates": [28.957861, 41.060092100000006]}}, {"type": "Feature", "properties": {"osmid": 668}, "geometry": {"type": "Point", "coordinates": [29.008583400000003, 41.024989999999995]}}, {"type": "Feature", "properties": {"osmid": 669}, "geometry": {"type": "Point", "coordinates": [29.009985799997686, 41.02572340000024]}}, {"type": "Feature", "properties": {"osmid": 670}, "geometry": {"type": "Point", "coordinates": [29.010733350272133, 41.025144550105956]}}, {"type": "Feature", "properties": {"osmid": 671}, "geometry": {"type": "Point", "coordinates": [29.011577374661922, 41.02562427579527]}}, {"type": "Feature", "properties": {"osmid": 672}, "geometry": {"type": "Point", "coordinates": [29.007392900000003, 41.023561599999994]}}, {"type": "Feature", "properties": {"osmid": 673}, "geometry": {"type": "Point", "coordinates": [28.9788339, 41.0524754]}}, {"type": "Feature", "properties": {"osmid": 674}, "geometry": {"type": "Point", "coordinates": [28.988831405875004, 41.04004051536307]}}, {"type": "Feature", "properties": {"osmid": 675}, "geometry": {"type": "Point", "coordinates": [28.987057675778203, 41.03660943216159]}}, {"type": "Feature", "properties": {"osmid": 676}, "geometry": {"type": "Point", "coordinates": [28.989060800000004, 41.041201099999995]}}, {"type": "Feature", "properties": {"osmid": 677}, "geometry": {"type": "Point", "coordinates": [28.986423144546954, 41.04066287814858]}}, {"type": "Feature", "properties": {"osmid": 678}, "geometry": {"type": "Point", "coordinates": [28.99332249200425, 41.03895955794102]}}, {"type": "Feature", "properties": {"osmid": 679}, "geometry": {"type": "Point", "coordinates": [28.986586200000005, 41.0594465]}}, {"type": "Feature", "properties": {"osmid": 680}, "geometry": {"type": "Point", "coordinates": [28.986195900000002, 41.05867039999999]}}, {"type": "Feature", "properties": {"osmid": 681}, "geometry": {"type": "Point", "coordinates": [28.9872823, 41.0608333]}}, {"type": "Feature", "properties": {"osmid": 682}, "geometry": {"type": "Point", "coordinates": [28.987297051630645, 41.060106119937075]}}, {"type": "Feature", "properties": {"osmid": 683}, "geometry": {"type": "Point", "coordinates": [28.9868976, 41.0581815]}}, {"type": "Feature", "properties": {"osmid": 684}, "geometry": {"type": "Point", "coordinates": [28.9880046, 41.0610971]}}, {"type": "Feature", "properties": {"osmid": 685}, "geometry": {"type": "Point", "coordinates": [28.97802649996574, 41.05225640004281]}}, {"type": "Feature", "properties": {"osmid": 686}, "geometry": {"type": "Point", "coordinates": [28.987463100000003, 41.06159050000001]}}, {"type": "Feature", "properties": {"osmid": 687}, "geometry": {"type": "Point", "coordinates": [28.953864285933047, 41.01764053371719]}}, {"type": "Feature", "properties": {"osmid": 688}, "geometry": {"type": "Point", "coordinates": [28.964021303112034, 41.04531994002154]}}, {"type": "Feature", "properties": {"osmid": 689}, "geometry": {"type": "Point", "coordinates": [29.033325298968418, 41.019035100431246]}}, {"type": "Feature", "properties": {"osmid": 690}, "geometry": {"type": "Point", "coordinates": [28.968486050249815, 41.035655350038034]}}, {"type": "Feature", "properties": {"osmid": 691}, "geometry": {"type": "Point", "coordinates": [28.9678876, 41.0380635]}}, {"type": "Feature", "properties": {"osmid": 692}, "geometry": {"type": "Point", "coordinates": [28.968302600054333, 41.037276100003524]}}, {"type": "Feature", "properties": {"osmid": 693}, "geometry": {"type": "Point", "coordinates": [29.005810400000005, 41.0600882]}}, {"type": "Feature", "properties": {"osmid": 694}, "geometry": {"type": "Point", "coordinates": [28.958341188040308, 41.02660062463825]}}, {"type": "Feature", "properties": {"osmid": 695}, "geometry": {"type": "Point", "coordinates": [28.96184903237998, 41.0218957505785]}}, {"type": "Feature", "properties": {"osmid": 696}, "geometry": {"type": "Point", "coordinates": [28.95515659893348, 41.02765269720431]}}, {"type": "Feature", "properties": {"osmid": 697}, "geometry": {"type": "Point", "coordinates": [29.0496273, 41.0229584]}}, {"type": "Feature", "properties": {"osmid": 698}, "geometry": {"type": "Point", "coordinates": [29.051246900000002, 41.0230193]}}, {"type": "Feature", "properties": {"osmid": 699}, "geometry": {"type": "Point", "coordinates": [28.968372158211647, 41.003074813687476]}}, {"type": "Feature", "properties": {"osmid": 700}, "geometry": {"type": "Point", "coordinates": [28.98058006706741, 41.02734603351214]}}, {"type": "Feature", "properties": {"osmid": 701}, "geometry": {"type": "Point", "coordinates": [28.981477900000005, 41.0281572]}}, {"type": "Feature", "properties": {"osmid": 702}, "geometry": {"type": "Point", "coordinates": [28.979686650001828, 41.02886855000019]}}, {"type": "Feature", "properties": {"osmid": 703}, "geometry": {"type": "Point", "coordinates": [29.030179900000004, 40.999677299999995]}}, {"type": "Feature", "properties": {"osmid": 704}, "geometry": {"type": "Point", "coordinates": [28.978052099757434, 41.024850350061975]}}, {"type": "Feature", "properties": {"osmid": 705}, "geometry": {"type": "Point", "coordinates": [28.978932749747003, 41.02555815011296]}}, {"type": "Feature", "properties": {"osmid": 706}, "geometry": {"type": "Point", "coordinates": [28.97688618789174, 41.06274055380255]}}, {"type": "Feature", "properties": {"osmid": 707}, "geometry": {"type": "Point", "coordinates": [28.975321800000003, 41.0614722]}}, {"type": "Feature", "properties": {"osmid": 708}, "geometry": {"type": "Point", "coordinates": [28.9771306, 41.0615054]}}, {"type": "Feature", "properties": {"osmid": 709}, "geometry": {"type": "Point", "coordinates": [28.974630100000002, 41.0608588]}}, {"type": "Feature", "properties": {"osmid": 710}, "geometry": {"type": "Point", "coordinates": [28.9712664, 41.0561826]}}, {"type": "Feature", "properties": {"osmid": 711}, "geometry": {"type": "Point", "coordinates": [28.974190949304706, 41.0617867001515]}}, {"type": "Feature", "properties": {"osmid": 712}, "geometry": {"type": "Point", "coordinates": [28.970833599999995, 41.05874970000001]}}, {"type": "Feature", "properties": {"osmid": 713}, "geometry": {"type": "Point", "coordinates": [28.982140299999998, 41.0062126]}}, {"type": "Feature", "properties": {"osmid": 714}, "geometry": {"type": "Point", "coordinates": [28.982242499885313, 41.005307050023184]}}, {"type": "Feature", "properties": {"osmid": 715}, "geometry": {"type": "Point", "coordinates": [28.9625912, 41.02296479999999]}}, {"type": "Feature", "properties": {"osmid": 716}, "geometry": {"type": "Point", "coordinates": [28.9606402, 41.023620699999995]}}, {"type": "Feature", "properties": {"osmid": 717}, "geometry": {"type": "Point", "coordinates": [28.960102900000003, 41.02161199999999]}}, {"type": "Feature", "properties": {"osmid": 718}, "geometry": {"type": "Point", "coordinates": [28.964492200000002, 41.01965570000001]}}, {"type": "Feature", "properties": {"osmid": 719}, "geometry": {"type": "Point", "coordinates": [28.958604500000003, 41.053193699999994]}}, {"type": "Feature", "properties": {"osmid": 720}, "geometry": {"type": "Point", "coordinates": [28.960023, 41.021350999999996]}}, {"type": "Feature", "properties": {"osmid": 721}, "geometry": {"type": "Point", "coordinates": [28.967748700000005, 41.02535829999999]}}, {"type": "Feature", "properties": {"osmid": 722}, "geometry": {"type": "Point", "coordinates": [28.976377350405777, 41.01294560019487]}}, {"type": "Feature", "properties": {"osmid": 723}, "geometry": {"type": "Point", "coordinates": [28.9722903, 41.01744939999999]}}, {"type": "Feature", "properties": {"osmid": 724}, "geometry": {"type": "Point", "coordinates": [28.97654101801245, 41.01616659498455]}}, {"type": "Feature", "properties": {"osmid": 725}, "geometry": {"type": "Point", "coordinates": [28.975778736177507, 41.0149356166611]}}, {"type": "Feature", "properties": {"osmid": 726}, "geometry": {"type": "Point", "coordinates": [28.978211100022175, 41.01601320001534]}}, {"type": "Feature", "properties": {"osmid": 727}, "geometry": {"type": "Point", "coordinates": [28.968948898897356, 41.02687596700442]}}, {"type": "Feature", "properties": {"osmid": 728}, "geometry": {"type": "Point", "coordinates": [28.9748217, 41.0504863]}}, {"type": "Feature", "properties": {"osmid": 729}, "geometry": {"type": "Point", "coordinates": [28.9754782, 41.05199809999999]}}, {"type": "Feature", "properties": {"osmid": 730}, "geometry": {"type": "Point", "coordinates": [28.97412439958564, 41.049613950105424]}}, {"type": "Feature", "properties": {"osmid": 731}, "geometry": {"type": "Point", "coordinates": [28.997078350159924, 41.047322500125226]}}, {"type": "Feature", "properties": {"osmid": 732}, "geometry": {"type": "Point", "coordinates": [28.998183500000003, 41.04693839999999]}}, {"type": "Feature", "properties": {"osmid": 733}, "geometry": {"type": "Point", "coordinates": [29.028819, 41.0048095]}}, {"type": "Feature", "properties": {"osmid": 734}, "geometry": {"type": "Point", "coordinates": [28.999681900000002, 41.0462422]}}, {"type": "Feature", "properties": {"osmid": 735}, "geometry": {"type": "Point", "coordinates": [29.044309750224052, 41.04136430002305]}}, {"type": "Feature", "properties": {"osmid": 736}, "geometry": {"type": "Point", "coordinates": [29.044258249943336, 41.04236100000558]}}, {"type": "Feature", "properties": {"osmid": 737}, "geometry": {"type": "Point", "coordinates": [28.956155349771183, 41.01641880005242]}}, {"type": "Feature", "properties": {"osmid": 738}, "geometry": {"type": "Point", "coordinates": [28.952408619970587, 41.012023225826965]}}, {"type": "Feature", "properties": {"osmid": 739}, "geometry": {"type": "Point", "coordinates": [29.0088966, 41.06684690000001]}}, {"type": "Feature", "properties": {"osmid": 740}, "geometry": {"type": "Point", "coordinates": [28.955968999773837, 41.016501500070866]}}, {"type": "Feature", "properties": {"osmid": 741}, "geometry": {"type": "Point", "coordinates": [29.0433454, 41.04139210000001]}}, {"type": "Feature", "properties": {"osmid": 742}, "geometry": {"type": "Point", "coordinates": [29.051375941072823, 41.0408716084785]}}, {"type": "Feature", "properties": {"osmid": 743}, "geometry": {"type": "Point", "coordinates": [29.050681, 41.041383399999994]}}, {"type": "Feature", "properties": {"osmid": 744}, "geometry": {"type": "Point", "coordinates": [29.044560750006305, 41.03991020000045]}}, {"type": "Feature", "properties": {"osmid": 745}, "geometry": {"type": "Point", "coordinates": [28.982551538386893, 41.06947813197991]}}, {"type": "Feature", "properties": {"osmid": 746}, "geometry": {"type": "Point", "coordinates": [28.981235500000004, 41.067547499999996]}}, {"type": "Feature", "properties": {"osmid": 747}, "geometry": {"type": "Point", "coordinates": [29.0398154, 41.067899399999995]}}, {"type": "Feature", "properties": {"osmid": 748}, "geometry": {"type": "Point", "coordinates": [29.0370512, 41.069498900000006]}}, {"type": "Feature", "properties": {"osmid": 749}, "geometry": {"type": "Point", "coordinates": [29.035995299999996, 41.0695545]}}, {"type": "Feature", "properties": {"osmid": 750}, "geometry": {"type": "Point", "coordinates": [28.995819900000004, 41.0479269]}}, {"type": "Feature", "properties": {"osmid": 751}, "geometry": {"type": "Point", "coordinates": [28.979253968445928, 41.00359766646648]}}, {"type": "Feature", "properties": {"osmid": 752}, "geometry": {"type": "Point", "coordinates": [28.979345799999997, 41.004835799999995]}}, {"type": "Feature", "properties": {"osmid": 753}, "geometry": {"type": "Point", "coordinates": [28.9799819, 41.00534559999999]}}, {"type": "Feature", "properties": {"osmid": 754}, "geometry": {"type": "Point", "coordinates": [29.046739699999996, 41.02052929999999]}}, {"type": "Feature", "properties": {"osmid": 755}, "geometry": {"type": "Point", "coordinates": [29.0458305, 41.020692399999994]}}, {"type": "Feature", "properties": {"osmid": 756}, "geometry": {"type": "Point", "coordinates": [29.0479245, 41.0202223]}}, {"type": "Feature", "properties": {"osmid": 757}, "geometry": {"type": "Point", "coordinates": [29.04607744997054, 41.02151005000719]}}, {"type": "Feature", "properties": {"osmid": 758}, "geometry": {"type": "Point", "coordinates": [29.045157075900175, 41.019618221624285]}}, {"type": "Feature", "properties": {"osmid": 759}, "geometry": {"type": "Point", "coordinates": [29.04874517497944, 41.019844017520875]}}, {"type": "Feature", "properties": {"osmid": 760}, "geometry": {"type": "Point", "coordinates": [29.048317899999997, 41.0190652]}}, {"type": "Feature", "properties": {"osmid": 761}, "geometry": {"type": "Point", "coordinates": [29.049875399999998, 41.019536599999995]}}, {"type": "Feature", "properties": {"osmid": 762}, "geometry": {"type": "Point", "coordinates": [29.048265900000004, 41.0190851]}}, {"type": "Feature", "properties": {"osmid": 763}, "geometry": {"type": "Point", "coordinates": [29.014331357227608, 41.06983690049439]}}, {"type": "Feature", "properties": {"osmid": 764}, "geometry": {"type": "Point", "coordinates": [29.0122523, 41.0695197]}}, {"type": "Feature", "properties": {"osmid": 765}, "geometry": {"type": "Point", "coordinates": [29.0139736, 41.068209800000005]}}, {"type": "Feature", "properties": {"osmid": 766}, "geometry": {"type": "Point", "coordinates": [28.96377946538899, 41.05964349838862]}}, {"type": "Feature", "properties": {"osmid": 767}, "geometry": {"type": "Point", "coordinates": [28.961784700000003, 41.0596894]}}, {"type": "Feature", "properties": {"osmid": 768}, "geometry": {"type": "Point", "coordinates": [28.964525316848484, 41.06127821111781]}}, {"type": "Feature", "properties": {"osmid": 769}, "geometry": {"type": "Point", "coordinates": [28.963030770746812, 41.06289092007859]}}, {"type": "Feature", "properties": {"osmid": 770}, "geometry": {"type": "Point", "coordinates": [29.044680499999995, 41.004236600000006]}}, {"type": "Feature", "properties": {"osmid": 771}, "geometry": {"type": "Point", "coordinates": [29.0459686, 41.0055146]}}, {"type": "Feature", "properties": {"osmid": 772}, "geometry": {"type": "Point", "coordinates": [29.046850400000004, 41.0063441]}}, {"type": "Feature", "properties": {"osmid": 773}, "geometry": {"type": "Point", "coordinates": [28.9816681, 41.0066234]}}, {"type": "Feature", "properties": {"osmid": 774}, "geometry": {"type": "Point", "coordinates": [29.0333584, 41.014893699999995]}}, {"type": "Feature", "properties": {"osmid": 775}, "geometry": {"type": "Point", "coordinates": [29.032200599999996, 41.015438800000005]}}, {"type": "Feature", "properties": {"osmid": 776}, "geometry": {"type": "Point", "coordinates": [29.0338215, 41.01447919999999]}}, {"type": "Feature", "properties": {"osmid": 777}, "geometry": {"type": "Point", "coordinates": [29.0311539, 41.0158296]}}, {"type": "Feature", "properties": {"osmid": 778}, "geometry": {"type": "Point", "coordinates": [29.0343784, 41.014002]}}, {"type": "Feature", "properties": {"osmid": 779}, "geometry": {"type": "Point", "coordinates": [28.957346450002746, 41.00958185000037]}}, {"type": "Feature", "properties": {"osmid": 780}, "geometry": {"type": "Point", "coordinates": [28.986175100000004, 41.0396284]}}, {"type": "Feature", "properties": {"osmid": 781}, "geometry": {"type": "Point", "coordinates": [28.98270758248692, 41.038008510051384]}}, {"type": "Feature", "properties": {"osmid": 782}, "geometry": {"type": "Point", "coordinates": [28.9866438, 41.042320600000004]}}, {"type": "Feature", "properties": {"osmid": 783}, "geometry": {"type": "Point", "coordinates": [28.985621, 41.03826179999999]}}, {"type": "Feature", "properties": {"osmid": 784}, "geometry": {"type": "Point", "coordinates": [29.0087421, 41.042492499999994]}}, {"type": "Feature", "properties": {"osmid": 785}, "geometry": {"type": "Point", "coordinates": [29.0076842271404, 41.04242998587513]}}, {"type": "Feature", "properties": {"osmid": 786}, "geometry": {"type": "Point", "coordinates": [29.007320817243432, 41.043828920974235]}}, {"type": "Feature", "properties": {"osmid": 787}, "geometry": {"type": "Point", "coordinates": [29.007427400000005, 41.0449651]}}, {"type": "Feature", "properties": {"osmid": 788}, "geometry": {"type": "Point", "coordinates": [29.006782, 41.04266220000001]}}, {"type": "Feature", "properties": {"osmid": 789}, "geometry": {"type": "Point", "coordinates": [28.97161650232465, 41.002039917019154]}}, {"type": "Feature", "properties": {"osmid": 790}, "geometry": {"type": "Point", "coordinates": [28.9811167, 41.006255899999985]}}, {"type": "Feature", "properties": {"osmid": 791}, "geometry": {"type": "Point", "coordinates": [28.9805593, 41.0058118]}}, {"type": "Feature", "properties": {"osmid": 792}, "geometry": {"type": "Point", "coordinates": [28.9833712, 41.05243109999999]}}, {"type": "Feature", "properties": {"osmid": 793}, "geometry": {"type": "Point", "coordinates": [28.991579237475516, 41.048244191254604]}}, {"type": "Feature", "properties": {"osmid": 794}, "geometry": {"type": "Point", "coordinates": [28.992956415552317, 41.04725139058926]}}, {"type": "Feature", "properties": {"osmid": 795}, "geometry": {"type": "Point", "coordinates": [28.9931333, 41.0424852]}}, {"type": "Feature", "properties": {"osmid": 796}, "geometry": {"type": "Point", "coordinates": [28.990619300000002, 41.0441064]}}, {"type": "Feature", "properties": {"osmid": 797}, "geometry": {"type": "Point", "coordinates": [29.02211170000778, 41.020201100000925]}}, {"type": "Feature", "properties": {"osmid": 798}, "geometry": {"type": "Point", "coordinates": [28.975751599999995, 41.0038592]}}, {"type": "Feature", "properties": {"osmid": 799}, "geometry": {"type": "Point", "coordinates": [28.950904270374004, 41.03072847038917]}}, {"type": "Feature", "properties": {"osmid": 800}, "geometry": {"type": "Point", "coordinates": [28.954282499999998, 41.0266595]}}, {"type": "Feature", "properties": {"osmid": 801}, "geometry": {"type": "Point", "coordinates": [28.9566159, 41.02784750000001]}}, {"type": "Feature", "properties": {"osmid": 802}, "geometry": {"type": "Point", "coordinates": [28.951763, 41.02986969999999]}}, {"type": "Feature", "properties": {"osmid": 803}, "geometry": {"type": "Point", "coordinates": [28.95186140590072, 41.06391148824621]}}, {"type": "Feature", "properties": {"osmid": 804}, "geometry": {"type": "Point", "coordinates": [28.952520309556952, 41.062912037309125]}}, {"type": "Feature", "properties": {"osmid": 805}, "geometry": {"type": "Point", "coordinates": [28.9544385, 41.06316470000001]}}, {"type": "Feature", "properties": {"osmid": 806}, "geometry": {"type": "Point", "coordinates": [28.9545983, 41.063318]}}, {"type": "Feature", "properties": {"osmid": 807}, "geometry": {"type": "Point", "coordinates": [28.953677599999995, 41.06421379999999]}}, {"type": "Feature", "properties": {"osmid": 808}, "geometry": {"type": "Point", "coordinates": [29.0319594, 41.01803259999999]}}, {"type": "Feature", "properties": {"osmid": 809}, "geometry": {"type": "Point", "coordinates": [28.96003612863146, 41.03538517781595]}}, {"type": "Feature", "properties": {"osmid": 810}, "geometry": {"type": "Point", "coordinates": [28.957313, 41.03715590000001]}}, {"type": "Feature", "properties": {"osmid": 811}, "geometry": {"type": "Point", "coordinates": [29.04687984996385, 41.006449100014926]}}, {"type": "Feature", "properties": {"osmid": 812}, "geometry": {"type": "Point", "coordinates": [29.044401775216443, 41.00432337507413]}}, {"type": "Feature", "properties": {"osmid": 813}, "geometry": {"type": "Point", "coordinates": [29.043073999999997, 41.002894]}}, {"type": "Feature", "properties": {"osmid": 814}, "geometry": {"type": "Point", "coordinates": [29.044233000000002, 41.00528379999999]}}, {"type": "Feature", "properties": {"osmid": 815}, "geometry": {"type": "Point", "coordinates": [28.965995000000003, 41.012622199999996]}}, {"type": "Feature", "properties": {"osmid": 816}, "geometry": {"type": "Point", "coordinates": [28.98469220000177, 41.016472850000135]}}, {"type": "Feature", "properties": {"osmid": 817}, "geometry": {"type": "Point", "coordinates": [29.0427031, 41.025170900000006]}}, {"type": "Feature", "properties": {"osmid": 818}, "geometry": {"type": "Point", "coordinates": [29.038294600000004, 41.0265438]}}, {"type": "Feature", "properties": {"osmid": 819}, "geometry": {"type": "Point", "coordinates": [28.98662389999513, 41.06910645000044]}}, {"type": "Feature", "properties": {"osmid": 820}, "geometry": {"type": "Point", "coordinates": [28.99206230002708, 41.06625165019322]}}, {"type": "Feature", "properties": {"osmid": 821}, "geometry": {"type": "Point", "coordinates": [28.9610552, 41.05989489999999]}}, {"type": "Feature", "properties": {"osmid": 822}, "geometry": {"type": "Point", "coordinates": [28.9576717, 41.0087498]}}, {"type": "Feature", "properties": {"osmid": 823}, "geometry": {"type": "Point", "coordinates": [28.991323399999995, 41.06676779999999]}}, {"type": "Feature", "properties": {"osmid": 824}, "geometry": {"type": "Point", "coordinates": [28.981784300000005, 41.06712499999999]}}, {"type": "Feature", "properties": {"osmid": 825}, "geometry": {"type": "Point", "coordinates": [28.9882484, 41.06691120000001]}}, {"type": "Feature", "properties": {"osmid": 826}, "geometry": {"type": "Point", "coordinates": [29.0190438, 41.0500908]}}, {"type": "Feature", "properties": {"osmid": 827}, "geometry": {"type": "Point", "coordinates": [28.9546662, 41.062152899999994]}}, {"type": "Feature", "properties": {"osmid": 828}, "geometry": {"type": "Point", "coordinates": [28.95810808847779, 41.007904512696896]}}, {"type": "Feature", "properties": {"osmid": 829}, "geometry": {"type": "Point", "coordinates": [28.957135200000003, 41.00817529999999]}}, {"type": "Feature", "properties": {"osmid": 830}, "geometry": {"type": "Point", "coordinates": [28.980907499999997, 41.06712139999999]}}, {"type": "Feature", "properties": {"osmid": 831}, "geometry": {"type": "Point", "coordinates": [29.01183364955851, 41.069284600385195]}}, {"type": "Feature", "properties": {"osmid": 832}, "geometry": {"type": "Point", "coordinates": [28.960533750933845, 41.00615970627294]}}, {"type": "Feature", "properties": {"osmid": 833}, "geometry": {"type": "Point", "coordinates": [28.977044499995202, 41.02388365000176]}}, {"type": "Feature", "properties": {"osmid": 834}, "geometry": {"type": "Point", "coordinates": [28.99654941567675, 41.03886104211281]}}, {"type": "Feature", "properties": {"osmid": 835}, "geometry": {"type": "Point", "coordinates": [28.9993268, 41.0403651]}}, {"type": "Feature", "properties": {"osmid": 836}, "geometry": {"type": "Point", "coordinates": [28.973536628148505, 41.035035340622564]}}, {"type": "Feature", "properties": {"osmid": 837}, "geometry": {"type": "Point", "coordinates": [28.971574275294476, 41.03495928777622]}}, {"type": "Feature", "properties": {"osmid": 838}, "geometry": {"type": "Point", "coordinates": [28.953890940570307, 41.02849846899578]}}, {"type": "Feature", "properties": {"osmid": 839}, "geometry": {"type": "Point", "coordinates": [29.0093087, 41.05281339999999]}}, {"type": "Feature", "properties": {"osmid": 840}, "geometry": {"type": "Point", "coordinates": [29.02106585061976, 41.056229800389474]}}, {"type": "Feature", "properties": {"osmid": 841}, "geometry": {"type": "Point", "coordinates": [29.044204099999998, 41.03509759999999]}}, {"type": "Feature", "properties": {"osmid": 842}, "geometry": {"type": "Point", "coordinates": [28.97472674998587, 41.03525150001252]}}, {"type": "Feature", "properties": {"osmid": 843}, "geometry": {"type": "Point", "coordinates": [29.0297225, 41.0548296]}}, {"type": "Feature", "properties": {"osmid": 844}, "geometry": {"type": "Point", "coordinates": [29.0389724306378, 41.00987661637275]}}, {"type": "Feature", "properties": {"osmid": 845}, "geometry": {"type": "Point", "coordinates": [29.029246507914504, 41.05649624378804]}}, {"type": "Feature", "properties": {"osmid": 846}, "geometry": {"type": "Point", "coordinates": [29.03143107616082, 41.060016886368985]}}, {"type": "Feature", "properties": {"osmid": 847}, "geometry": {"type": "Point", "coordinates": [29.0222543, 41.01746450000001]}}, {"type": "Feature", "properties": {"osmid": 848}, "geometry": {"type": "Point", "coordinates": [29.026611899999995, 41.01595919999998]}}, {"type": "Feature", "properties": {"osmid": 849}, "geometry": {"type": "Point", "coordinates": [29.027849099999997, 41.014668400000005]}}, {"type": "Feature", "properties": {"osmid": 850}, "geometry": {"type": "Point", "coordinates": [28.9602198, 41.059484100000006]}}, {"type": "Feature", "properties": {"osmid": 851}, "geometry": {"type": "Point", "coordinates": [28.976829089289573, 41.03730413889762]}}, {"type": "Feature", "properties": {"osmid": 852}, "geometry": {"type": "Point", "coordinates": [28.980043499898482, 41.036365550222555]}}, {"type": "Feature", "properties": {"osmid": 853}, "geometry": {"type": "Point", "coordinates": [29.005299949173807, 41.041775551482324]}}, {"type": "Feature", "properties": {"osmid": 854}, "geometry": {"type": "Point", "coordinates": [28.978634299999996, 41.06914410000001]}}, {"type": "Feature", "properties": {"osmid": 855}, "geometry": {"type": "Point", "coordinates": [28.9763961, 41.0387299]}}, {"type": "Feature", "properties": {"osmid": 856}, "geometry": {"type": "Point", "coordinates": [29.0492118, 41.007521]}}, {"type": "Feature", "properties": {"osmid": 857}, "geometry": {"type": "Point", "coordinates": [29.048389300000004, 41.00720189999999]}}, {"type": "Feature", "properties": {"osmid": 858}, "geometry": {"type": "Point", "coordinates": [29.043461999999998, 41.01695740000001]}}, {"type": "Feature", "properties": {"osmid": 859}, "geometry": {"type": "Point", "coordinates": [28.952968999122607, 41.03864963371007]}}, {"type": "Feature", "properties": {"osmid": 860}, "geometry": {"type": "Point", "coordinates": [28.954996, 41.0071307]}}, {"type": "Feature", "properties": {"osmid": 861}, "geometry": {"type": "Point", "coordinates": [29.03580119998277, 41.00896870000432]}}, {"type": "Feature", "properties": {"osmid": 862}, "geometry": {"type": "Point", "coordinates": [29.036529100000003, 41.0098935]}}, {"type": "Feature", "properties": {"osmid": 863}, "geometry": {"type": "Point", "coordinates": [29.035264200000004, 41.008189900000005]}}, {"type": "Feature", "properties": {"osmid": 864}, "geometry": {"type": "Point", "coordinates": [29.037120599999998, 41.010685900000006]}}, {"type": "Feature", "properties": {"osmid": 865}, "geometry": {"type": "Point", "coordinates": [28.985329800000002, 41.064696]}}, {"type": "Feature", "properties": {"osmid": 866}, "geometry": {"type": "Point", "coordinates": [28.9858557, 41.0651461]}}, {"type": "Feature", "properties": {"osmid": 867}, "geometry": {"type": "Point", "coordinates": [29.03468840066236, 41.02601613350644]}}, {"type": "Feature", "properties": {"osmid": 868}, "geometry": {"type": "Point", "coordinates": [29.035623650105098, 41.02504625002747]}}, {"type": "Feature", "properties": {"osmid": 869}, "geometry": {"type": "Point", "coordinates": [29.0497504, 41.042012799999995]}}, {"type": "Feature", "properties": {"osmid": 870}, "geometry": {"type": "Point", "coordinates": [28.981432000000005, 41.03656759999999]}}, {"type": "Feature", "properties": {"osmid": 871}, "geometry": {"type": "Point", "coordinates": [29.0443555449049, 41.067666507547436]}}, {"type": "Feature", "properties": {"osmid": 872}, "geometry": {"type": "Point", "coordinates": [29.035171799999997, 41.0623505]}}, {"type": "Feature", "properties": {"osmid": 873}, "geometry": {"type": "Point", "coordinates": [29.0357013, 41.01296870000001]}}, {"type": "Feature", "properties": {"osmid": 874}, "geometry": {"type": "Point", "coordinates": [29.037167550007183, 41.01229355001439]}}, {"type": "Feature", "properties": {"osmid": 875}, "geometry": {"type": "Point", "coordinates": [28.952307883516347, 41.051763495980744]}}, {"type": "Feature", "properties": {"osmid": 876}, "geometry": {"type": "Point", "coordinates": [28.951280152595487, 41.051228274436404]}}, {"type": "Feature", "properties": {"osmid": 877}, "geometry": {"type": "Point", "coordinates": [28.95104594794963, 41.05240428451129]}}, {"type": "Feature", "properties": {"osmid": 878}, "geometry": {"type": "Point", "coordinates": [29.0017006, 41.05819760000001]}}, {"type": "Feature", "properties": {"osmid": 879}, "geometry": {"type": "Point", "coordinates": [28.991322099999998, 41.0332286]}}, {"type": "Feature", "properties": {"osmid": 880}, "geometry": {"type": "Point", "coordinates": [28.990391199999998, 41.03245909999999]}}, {"type": "Feature", "properties": {"osmid": 881}, "geometry": {"type": "Point", "coordinates": [29.002168200000003, 41.04862790000001]}}, {"type": "Feature", "properties": {"osmid": 882}, "geometry": {"type": "Point", "coordinates": [29.0091139, 41.0515758]}}, {"type": "Feature", "properties": {"osmid": 883}, "geometry": {"type": "Point", "coordinates": [29.008000399819103, 41.04868180001785]}}, {"type": "Feature", "properties": {"osmid": 884}, "geometry": {"type": "Point", "coordinates": [29.009149, 41.05305349999999]}}, {"type": "Feature", "properties": {"osmid": 885}, "geometry": {"type": "Point", "coordinates": [29.03708870007177, 41.00300990004897]}}, {"type": "Feature", "properties": {"osmid": 886}, "geometry": {"type": "Point", "coordinates": [28.9679945, 41.050000000000004]}}, {"type": "Feature", "properties": {"osmid": 887}, "geometry": {"type": "Point", "coordinates": [28.9679092, 41.050737399999996]}}, {"type": "Feature", "properties": {"osmid": 888}, "geometry": {"type": "Point", "coordinates": [28.967800499999996, 41.051346699999996]}}, {"type": "Feature", "properties": {"osmid": 889}, "geometry": {"type": "Point", "coordinates": [28.954814000000002, 41.0609157]}}, {"type": "Feature", "properties": {"osmid": 890}, "geometry": {"type": "Point", "coordinates": [28.986911066470313, 41.07002896669327]}}, {"type": "Feature", "properties": {"osmid": 891}, "geometry": {"type": "Point", "coordinates": [29.012806398327793, 41.06601498035044]}}, {"type": "Feature", "properties": {"osmid": 892}, "geometry": {"type": "Point", "coordinates": [29.03676320903137, 41.005885796544995]}}, {"type": "Feature", "properties": {"osmid": 893}, "geometry": {"type": "Point", "coordinates": [29.033910034705197, 41.00468299874131]}}, {"type": "Feature", "properties": {"osmid": 894}, "geometry": {"type": "Point", "coordinates": [29.03852139976274, 41.007708900062624]}}, {"type": "Feature", "properties": {"osmid": 895}, "geometry": {"type": "Point", "coordinates": [28.965823402581936, 41.05614000325613]}}, {"type": "Feature", "properties": {"osmid": 896}, "geometry": {"type": "Point", "coordinates": [29.0371401, 41.0096182]}}, {"type": "Feature", "properties": {"osmid": 897}, "geometry": {"type": "Point", "coordinates": [29.033995299551957, 41.00663385015665]}}, {"type": "Feature", "properties": {"osmid": 898}, "geometry": {"type": "Point", "coordinates": [29.034758899999996, 41.00712449999999]}}, {"type": "Feature", "properties": {"osmid": 899}, "geometry": {"type": "Point", "coordinates": [29.031782079728224, 41.00370294764295]}}, {"type": "Feature", "properties": {"osmid": 900}, "geometry": {"type": "Point", "coordinates": [29.0316746, 41.0047369]}}, {"type": "Feature", "properties": {"osmid": 901}, "geometry": {"type": "Point", "coordinates": [28.968039699999995, 41.046754899999996]}}, {"type": "Feature", "properties": {"osmid": 902}, "geometry": {"type": "Point", "coordinates": [28.967393139851243, 41.0454478405612]}}, {"type": "Feature", "properties": {"osmid": 903}, "geometry": {"type": "Point", "coordinates": [29.031097699999997, 41.00309910000001]}}, {"type": "Feature", "properties": {"osmid": 904}, "geometry": {"type": "Point", "coordinates": [29.032935499999997, 41.0027327]}}, {"type": "Feature", "properties": {"osmid": 905}, "geometry": {"type": "Point", "coordinates": [29.029508900000003, 41.0051556]}}, {"type": "Feature", "properties": {"osmid": 906}, "geometry": {"type": "Point", "coordinates": [28.953635624441063, 41.05552719503066]}}, {"type": "Feature", "properties": {"osmid": 907}, "geometry": {"type": "Point", "coordinates": [28.951860950270447, 41.05394980029015]}}, {"type": "Feature", "properties": {"osmid": 908}, "geometry": {"type": "Point", "coordinates": [28.955256150351353, 41.055409050072065]}}, {"type": "Feature", "properties": {"osmid": 909}, "geometry": {"type": "Point", "coordinates": [28.9539279, 41.058379200000005]}}, {"type": "Feature", "properties": {"osmid": 910}, "geometry": {"type": "Point", "coordinates": [29.038053600000005, 41.00354889999999]}}, {"type": "Feature", "properties": {"osmid": 911}, "geometry": {"type": "Point", "coordinates": [29.035678400000002, 41.0041087]}}, {"type": "Feature", "properties": {"osmid": 912}, "geometry": {"type": "Point", "coordinates": [28.97943, 41.06715640000001]}}, {"type": "Feature", "properties": {"osmid": 913}, "geometry": {"type": "Point", "coordinates": [29.03578049958071, 41.007713300131016]}}, {"type": "Feature", "properties": {"osmid": 914}, "geometry": {"type": "Point", "coordinates": [29.036437732041836, 41.008621539253454]}}, {"type": "Feature", "properties": {"osmid": 915}, "geometry": {"type": "Point", "coordinates": [29.0429112, 41.0233272]}}, {"type": "Feature", "properties": {"osmid": 916}, "geometry": {"type": "Point", "coordinates": [29.0411235, 41.0234986]}}, {"type": "Feature", "properties": {"osmid": 917}, "geometry": {"type": "Point", "coordinates": [29.0402796, 41.02354570000001]}}, {"type": "Feature", "properties": {"osmid": 918}, "geometry": {"type": "Point", "coordinates": [29.047910904227503, 41.018266565918175]}}, {"type": "Feature", "properties": {"osmid": 919}, "geometry": {"type": "Point", "coordinates": [29.018503100000004, 41.0211819]}}, {"type": "Feature", "properties": {"osmid": 920}, "geometry": {"type": "Point", "coordinates": [28.967046281537005, 41.01589334524157]}}, {"type": "Feature", "properties": {"osmid": 921}, "geometry": {"type": "Point", "coordinates": [28.969641199999998, 41.018053900000005]}}, {"type": "Feature", "properties": {"osmid": 922}, "geometry": {"type": "Point", "coordinates": [28.996556300000005, 41.0413511]}}, {"type": "Feature", "properties": {"osmid": 923}, "geometry": {"type": "Point", "coordinates": [28.9764834, 41.0585602]}}, {"type": "Feature", "properties": {"osmid": 924}, "geometry": {"type": "Point", "coordinates": [28.972998019581965, 41.02867656021544]}}, {"type": "Feature", "properties": {"osmid": 925}, "geometry": {"type": "Point", "coordinates": [28.9736657, 41.027843399999995]}}, {"type": "Feature", "properties": {"osmid": 926}, "geometry": {"type": "Point", "coordinates": [28.97174879648036, 41.02784680730913]}}, {"type": "Feature", "properties": {"osmid": 927}, "geometry": {"type": "Point", "coordinates": [29.034093000000002, 41.002500000000005]}}, {"type": "Feature", "properties": {"osmid": 928}, "geometry": {"type": "Point", "coordinates": [28.9749437, 41.01382009999998]}}, {"type": "Feature", "properties": {"osmid": 929}, "geometry": {"type": "Point", "coordinates": [29.005198300000004, 41.0504299]}}, {"type": "Feature", "properties": {"osmid": 930}, "geometry": {"type": "Point", "coordinates": [29.0067255002458, 41.051175900078235]}}, {"type": "Feature", "properties": {"osmid": 931}, "geometry": {"type": "Point", "coordinates": [29.006511599999996, 41.067016299999985]}}, {"type": "Feature", "properties": {"osmid": 932}, "geometry": {"type": "Point", "coordinates": [28.9885761, 41.06719369999999]}}, {"type": "Feature", "properties": {"osmid": 933}, "geometry": {"type": "Point", "coordinates": [28.984509300000003, 41.0673326]}}, {"type": "Feature", "properties": {"osmid": 934}, "geometry": {"type": "Point", "coordinates": [28.9693146, 41.0543255]}}, {"type": "Feature", "properties": {"osmid": 935}, "geometry": {"type": "Point", "coordinates": [28.9549339, 41.06389049999999]}}, {"type": "Feature", "properties": {"osmid": 936}, "geometry": {"type": "Point", "coordinates": [28.9549194, 41.0646294]}}, {"type": "Feature", "properties": {"osmid": 937}, "geometry": {"type": "Point", "coordinates": [28.961183349985966, 41.0134176000014]}}, {"type": "Feature", "properties": {"osmid": 938}, "geometry": {"type": "Point", "coordinates": [29.03135784998327, 41.02395875009331]}}, {"type": "Feature", "properties": {"osmid": 939}, "geometry": {"type": "Point", "coordinates": [29.034853967538663, 41.025954833564725]}}, {"type": "Feature", "properties": {"osmid": 940}, "geometry": {"type": "Point", "coordinates": [28.9738019, 41.0284717]}}, {"type": "Feature", "properties": {"osmid": 941}, "geometry": {"type": "Point", "coordinates": [28.9737348, 41.02906080000001]}}, {"type": "Feature", "properties": {"osmid": 942}, "geometry": {"type": "Point", "coordinates": [28.958363800000004, 41.0151217]}}, {"type": "Feature", "properties": {"osmid": 943}, "geometry": {"type": "Point", "coordinates": [28.958935999389833, 41.01441235016746]}}, {"type": "Feature", "properties": {"osmid": 944}, "geometry": {"type": "Point", "coordinates": [28.957955399439033, 41.01319685015483]}}, {"type": "Feature", "properties": {"osmid": 945}, "geometry": {"type": "Point", "coordinates": [28.9576971, 41.015450699999995]}}, {"type": "Feature", "properties": {"osmid": 946}, "geometry": {"type": "Point", "coordinates": [28.977797673754388, 41.0534986102098]}}, {"type": "Feature", "properties": {"osmid": 947}, "geometry": {"type": "Point", "coordinates": [28.994119699999995, 41.066377100000004]}}, {"type": "Feature", "properties": {"osmid": 948}, "geometry": {"type": "Point", "coordinates": [28.994405300197318, 41.066866933376176]}}, {"type": "Feature", "properties": {"osmid": 949}, "geometry": {"type": "Point", "coordinates": [28.9957674, 41.0653413]}}, {"type": "Feature", "properties": {"osmid": 950}, "geometry": {"type": "Point", "coordinates": [28.99293275005966, 41.06710095020583]}}, {"type": "Feature", "properties": {"osmid": 951}, "geometry": {"type": "Point", "coordinates": [28.9917361, 41.06720769999999]}}, {"type": "Feature", "properties": {"osmid": 952}, "geometry": {"type": "Point", "coordinates": [29.002342849997707, 41.05543185000027]}}, {"type": "Feature", "properties": {"osmid": 953}, "geometry": {"type": "Point", "coordinates": [28.969917900000002, 41.0276563]}}, {"type": "Feature", "properties": {"osmid": 954}, "geometry": {"type": "Point", "coordinates": [29.013027286446505, 41.009275960323166]}}, {"type": "Feature", "properties": {"osmid": 955}, "geometry": {"type": "Point", "coordinates": [29.011580599999995, 41.00873700000001]}}, {"type": "Feature", "properties": {"osmid": 956}, "geometry": {"type": "Point", "coordinates": [29.01140843659153, 41.01251018337627]}}, {"type": "Feature", "properties": {"osmid": 957}, "geometry": {"type": "Point", "coordinates": [28.9892294, 41.058955299999994]}}, {"type": "Feature", "properties": {"osmid": 958}, "geometry": {"type": "Point", "coordinates": [28.956703700000002, 41.01726540000001]}}, {"type": "Feature", "properties": {"osmid": 959}, "geometry": {"type": "Point", "coordinates": [29.007556796706755, 41.04587996543474]}}, {"type": "Feature", "properties": {"osmid": 960}, "geometry": {"type": "Point", "coordinates": [29.00721, 41.0448595]}}, {"type": "Feature", "properties": {"osmid": 961}, "geometry": {"type": "Point", "coordinates": [28.970328008647087, 41.03559602670894]}}, {"type": "Feature", "properties": {"osmid": 962}, "geometry": {"type": "Point", "coordinates": [29.004369683802313, 41.056641201511354]}}, {"type": "Feature", "properties": {"osmid": 963}, "geometry": {"type": "Point", "coordinates": [29.00274519974177, 41.05630220007107]}}, {"type": "Feature", "properties": {"osmid": 964}, "geometry": {"type": "Point", "coordinates": [29.0463832, 41.03739910000001]}}, {"type": "Feature", "properties": {"osmid": 965}, "geometry": {"type": "Point", "coordinates": [28.99679942712626, 41.0592122280842]}}, {"type": "Feature", "properties": {"osmid": 966}, "geometry": {"type": "Point", "coordinates": [29.050165900000003, 41.022096]}}, {"type": "Feature", "properties": {"osmid": 967}, "geometry": {"type": "Point", "coordinates": [29.03502611103034, 41.02793610911169]}}, {"type": "Feature", "properties": {"osmid": 968}, "geometry": {"type": "Point", "coordinates": [29.035319599934667, 41.02955870000633]}}, {"type": "Feature", "properties": {"osmid": 969}, "geometry": {"type": "Point", "coordinates": [29.03607560000796, 41.02695155001154]}}, {"type": "Feature", "properties": {"osmid": 970}, "geometry": {"type": "Point", "coordinates": [28.9863695, 41.043354599999994]}}, {"type": "Feature", "properties": {"osmid": 971}, "geometry": {"type": "Point", "coordinates": [28.987934446053355, 41.03551202300756]}}, {"type": "Feature", "properties": {"osmid": 972}, "geometry": {"type": "Point", "coordinates": [28.985626449994843, 41.03669650000694]}}, {"type": "Feature", "properties": {"osmid": 973}, "geometry": {"type": "Point", "coordinates": [29.011, 41.06638060000001]}}, {"type": "Feature", "properties": {"osmid": 974}, "geometry": {"type": "Point", "coordinates": [29.047948799999997, 41.00125349999999]}}, {"type": "Feature", "properties": {"osmid": 975}, "geometry": {"type": "Point", "coordinates": [28.997597700000004, 41.06646150000001]}}, {"type": "Feature", "properties": {"osmid": 976}, "geometry": {"type": "Point", "coordinates": [29.033493799875963, 41.06244275002789]}}, {"type": "Feature", "properties": {"osmid": 977}, "geometry": {"type": "Point", "coordinates": [29.030965199990487, 41.06094915001236]}}, {"type": "Feature", "properties": {"osmid": 978}, "geometry": {"type": "Point", "coordinates": [28.951443399999995, 41.0097111]}}, {"type": "Feature", "properties": {"osmid": 979}, "geometry": {"type": "Point", "coordinates": [28.952756, 41.0588793]}}, {"type": "Feature", "properties": {"osmid": 980}, "geometry": {"type": "Point", "coordinates": [29.031379199999996, 41.022261799999995]}}, {"type": "Feature", "properties": {"osmid": 981}, "geometry": {"type": "Point", "coordinates": [29.032165161607264, 41.02172266970134]}}, {"type": "Feature", "properties": {"osmid": 982}, "geometry": {"type": "Point", "coordinates": [28.956369100000003, 41.038588]}}, {"type": "Feature", "properties": {"osmid": 983}, "geometry": {"type": "Point", "coordinates": [29.030767049995298, 41.061564500009496]}}, {"type": "Feature", "properties": {"osmid": 984}, "geometry": {"type": "Point", "coordinates": [29.02110989648319, 41.01993721948553]}}, {"type": "Feature", "properties": {"osmid": 985}, "geometry": {"type": "Point", "coordinates": [29.0189988, 41.02078250000001]}}, {"type": "Feature", "properties": {"osmid": 986}, "geometry": {"type": "Point", "coordinates": [28.955445700351966, 41.039000200242405]}}, {"type": "Feature", "properties": {"osmid": 987}, "geometry": {"type": "Point", "coordinates": [29.030767949821637, 41.06265065001662]}}, {"type": "Feature", "properties": {"osmid": 988}, "geometry": {"type": "Point", "coordinates": [29.030393600002853, 41.0661739500002]}}, {"type": "Feature", "properties": {"osmid": 989}, "geometry": {"type": "Point", "coordinates": [28.985235499999998, 41.0059928]}}, {"type": "Feature", "properties": {"osmid": 990}, "geometry": {"type": "Point", "coordinates": [29.0467578, 40.999763899999984]}}, {"type": "Feature", "properties": {"osmid": 991}, "geometry": {"type": "Point", "coordinates": [29.0456646, 40.9998408]}}, {"type": "Feature", "properties": {"osmid": 992}, "geometry": {"type": "Point", "coordinates": [29.048793355149307, 40.999408774707774]}}, {"type": "Feature", "properties": {"osmid": 993}, "geometry": {"type": "Point", "coordinates": [29.001882000000002, 41.04106809999999]}}, {"type": "Feature", "properties": {"osmid": 994}, "geometry": {"type": "Point", "coordinates": [29.007906, 41.024268500000005]}}, {"type": "Feature", "properties": {"osmid": 995}, "geometry": {"type": "Point", "coordinates": [29.0066348, 41.02207889999999]}}, {"type": "Feature", "properties": {"osmid": 996}, "geometry": {"type": "Point", "coordinates": [29.0097924, 41.0670134]}}, {"type": "Feature", "properties": {"osmid": 997}, "geometry": {"type": "Point", "coordinates": [29.015778899999997, 41.0680352]}}, {"type": "Feature", "properties": {"osmid": 998}, "geometry": {"type": "Point", "coordinates": [29.013252300000005, 41.06751029999999]}}, {"type": "Feature", "properties": {"osmid": 999}, "geometry": {"type": "Point", "coordinates": [29.011145699999997, 41.06701739999999]}}, {"type": "Feature", "properties": {"osmid": 1000}, "geometry": {"type": "Point", "coordinates": [29.016039, 41.06787880000001]}}, {"type": "Feature", "properties": {"osmid": 1001}, "geometry": {"type": "Point", "coordinates": [28.957593, 41.064434200000015]}}, {"type": "Feature", "properties": {"osmid": 1002}, "geometry": {"type": "Point", "coordinates": [28.9587659, 41.062891799999996]}}, {"type": "Feature", "properties": {"osmid": 1003}, "geometry": {"type": "Point", "coordinates": [29.005660549906082, 41.046476050008565]}}, {"type": "Feature", "properties": {"osmid": 1004}, "geometry": {"type": "Point", "coordinates": [29.045905600000005, 41.02459149999999]}}, {"type": "Feature", "properties": {"osmid": 1005}, "geometry": {"type": "Point", "coordinates": [28.974924849372, 41.00416690017631]}}, {"type": "Feature", "properties": {"osmid": 1006}, "geometry": {"type": "Point", "coordinates": [28.9515266, 41.038135399999994]}}, {"type": "Feature", "properties": {"osmid": 1007}, "geometry": {"type": "Point", "coordinates": [29.0051709, 41.04186339999999]}}, {"type": "Feature", "properties": {"osmid": 1008}, "geometry": {"type": "Point", "coordinates": [29.0041064, 41.04304940000001]}}, {"type": "Feature", "properties": {"osmid": 1009}, "geometry": {"type": "Point", "coordinates": [29.003112096028808, 41.04190348151211]}}, {"type": "Feature", "properties": {"osmid": 1010}, "geometry": {"type": "Point", "coordinates": [29.000141530142706, 41.042519628869265]}}, {"type": "Feature", "properties": {"osmid": 1011}, "geometry": {"type": "Point", "coordinates": [29.002373550304625, 41.04313735005081]}}, {"type": "Feature", "properties": {"osmid": 1012}, "geometry": {"type": "Point", "coordinates": [28.973500500000004, 41.0593389]}}, {"type": "Feature", "properties": {"osmid": 1013}, "geometry": {"type": "Point", "coordinates": [28.9733148, 41.0585314]}}, {"type": "Feature", "properties": {"osmid": 1014}, "geometry": {"type": "Point", "coordinates": [28.981970549681385, 41.02928605004007]}}, {"type": "Feature", "properties": {"osmid": 1015}, "geometry": {"type": "Point", "coordinates": [28.9822228, 41.0301285]}}, {"type": "Feature", "properties": {"osmid": 1016}, "geometry": {"type": "Point", "coordinates": [28.982664466129496, 41.03135396678259]}}, {"type": "Feature", "properties": {"osmid": 1017}, "geometry": {"type": "Point", "coordinates": [28.971817799996344, 41.02568905000042]}}, {"type": "Feature", "properties": {"osmid": 1018}, "geometry": {"type": "Point", "coordinates": [28.972430212849623, 41.02448970692811]}}, {"type": "Feature", "properties": {"osmid": 1019}, "geometry": {"type": "Point", "coordinates": [28.973549299990037, 41.06040810000102]}}, {"type": "Feature", "properties": {"osmid": 1020}, "geometry": {"type": "Point", "coordinates": [28.994355282688243, 41.048669237259126]}}, {"type": "Feature", "properties": {"osmid": 1021}, "geometry": {"type": "Point", "coordinates": [28.9930271, 41.04833149999999]}}, {"type": "Feature", "properties": {"osmid": 1022}, "geometry": {"type": "Point", "coordinates": [28.9920167, 41.049520799999996]}}, {"type": "Feature", "properties": {"osmid": 1023}, "geometry": {"type": "Point", "coordinates": [28.991440300000004, 41.05014420000001]}}, {"type": "Feature", "properties": {"osmid": 1024}, "geometry": {"type": "Point", "coordinates": [28.973066950020993, 41.02659425000836]}}, {"type": "Feature", "properties": {"osmid": 1025}, "geometry": {"type": "Point", "coordinates": [28.971763950016058, 41.02976625000201]}}, {"type": "Feature", "properties": {"osmid": 1026}, "geometry": {"type": "Point", "coordinates": [28.9717493, 41.026313]}}, {"type": "Feature", "properties": {"osmid": 1027}, "geometry": {"type": "Point", "coordinates": [28.9516143, 41.0092778]}}, {"type": "Feature", "properties": {"osmid": 1028}, "geometry": {"type": "Point", "coordinates": [28.952667300000005, 41.009349099999994]}}, {"type": "Feature", "properties": {"osmid": 1029}, "geometry": {"type": "Point", "coordinates": [29.0141567, 41.02143619999999]}}, {"type": "Feature", "properties": {"osmid": 1030}, "geometry": {"type": "Point", "coordinates": [29.045938100262482, 41.002034050387024]}}, {"type": "Feature", "properties": {"osmid": 1031}, "geometry": {"type": "Point", "coordinates": [29.039248300000004, 41.003192199999994]}}, {"type": "Feature", "properties": {"osmid": 1032}, "geometry": {"type": "Point", "coordinates": [29.015331700000004, 41.0217922]}}, {"type": "Feature", "properties": {"osmid": 1033}, "geometry": {"type": "Point", "coordinates": [28.997018548281094, 41.065686367239685]}}, {"type": "Feature", "properties": {"osmid": 1034}, "geometry": {"type": "Point", "coordinates": [28.998052600000005, 41.064072399999986]}}, {"type": "Feature", "properties": {"osmid": 1035}, "geometry": {"type": "Point", "coordinates": [28.996525499999997, 41.06438610000001]}}, {"type": "Feature", "properties": {"osmid": 1036}, "geometry": {"type": "Point", "coordinates": [29.05093864811896, 41.00953655048232]}}, {"type": "Feature", "properties": {"osmid": 1037}, "geometry": {"type": "Point", "coordinates": [28.968113413118594, 41.066425563391206]}}, {"type": "Feature", "properties": {"osmid": 1038}, "geometry": {"type": "Point", "coordinates": [28.966847099999995, 41.065929699999984]}}, {"type": "Feature", "properties": {"osmid": 1039}, "geometry": {"type": "Point", "coordinates": [28.990741, 41.0497344]}}, {"type": "Feature", "properties": {"osmid": 1040}, "geometry": {"type": "Point", "coordinates": [28.990039250492686, 41.05035475015613]}}, {"type": "Feature", "properties": {"osmid": 1041}, "geometry": {"type": "Point", "coordinates": [28.975375100000004, 41.058991400000004]}}, {"type": "Feature", "properties": {"osmid": 1042}, "geometry": {"type": "Point", "coordinates": [28.965075500000005, 41.0659057]}}, {"type": "Feature", "properties": {"osmid": 1043}, "geometry": {"type": "Point", "coordinates": [28.9658997, 41.06539579999999]}}, {"type": "Feature", "properties": {"osmid": 1044}, "geometry": {"type": "Point", "coordinates": [28.966842312549737, 41.04133425009016]}}, {"type": "Feature", "properties": {"osmid": 1045}, "geometry": {"type": "Point", "coordinates": [28.96752193223899, 41.043325300188975]}}, {"type": "Feature", "properties": {"osmid": 1046}, "geometry": {"type": "Point", "coordinates": [28.967297150173977, 41.03891750004237]}}, {"type": "Feature", "properties": {"osmid": 1047}, "geometry": {"type": "Point", "coordinates": [28.9510478, 41.04723839999999]}}, {"type": "Feature", "properties": {"osmid": 1048}, "geometry": {"type": "Point", "coordinates": [28.951429978693884, 41.048723854832225]}}, {"type": "Feature", "properties": {"osmid": 1049}, "geometry": {"type": "Point", "coordinates": [28.951588200000003, 41.00700260000001]}}, {"type": "Feature", "properties": {"osmid": 1050}, "geometry": {"type": "Point", "coordinates": [28.9524955, 41.0070585]}}, {"type": "Feature", "properties": {"osmid": 1051}, "geometry": {"type": "Point", "coordinates": [28.956789, 41.06562029999999]}}, {"type": "Feature", "properties": {"osmid": 1052}, "geometry": {"type": "Point", "coordinates": [28.9566604, 41.065683199999995]}}, {"type": "Feature", "properties": {"osmid": 1053}, "geometry": {"type": "Point", "coordinates": [28.954361549782202, 41.053072600169266]}}, {"type": "Feature", "properties": {"osmid": 1054}, "geometry": {"type": "Point", "coordinates": [28.9645421, 41.0588303]}}, {"type": "Feature", "properties": {"osmid": 1055}, "geometry": {"type": "Point", "coordinates": [28.9581641, 41.05458610000001]}}, {"type": "Feature", "properties": {"osmid": 1056}, "geometry": {"type": "Point", "coordinates": [29.047862133120436, 41.02258330068075]}}, {"type": "Feature", "properties": {"osmid": 1057}, "geometry": {"type": "Point", "coordinates": [29.050193700000005, 41.01968609999999]}}, {"type": "Feature", "properties": {"osmid": 1058}, "geometry": {"type": "Point", "coordinates": [29.049863, 41.02198510000001]}}, {"type": "Feature", "properties": {"osmid": 1059}, "geometry": {"type": "Point", "coordinates": [28.962846775473764, 41.01470562192868]}}, {"type": "Feature", "properties": {"osmid": 1060}, "geometry": {"type": "Point", "coordinates": [28.959927218655963, 41.01403353900659]}}, {"type": "Feature", "properties": {"osmid": 1061}, "geometry": {"type": "Point", "coordinates": [28.959308299999996, 41.0206886]}}, {"type": "Feature", "properties": {"osmid": 1062}, "geometry": {"type": "Point", "coordinates": [29.004247672809456, 41.05878098392562]}}, {"type": "Feature", "properties": {"osmid": 1063}, "geometry": {"type": "Point", "coordinates": [29.012480100000005, 41.0062988]}}, {"type": "Feature", "properties": {"osmid": 1064}, "geometry": {"type": "Point", "coordinates": [29.010207200000004, 41.067220100000014]}}, {"type": "Feature", "properties": {"osmid": 1065}, "geometry": {"type": "Point", "coordinates": [28.965427866183575, 41.00317920017137]}}, {"type": "Feature", "properties": {"osmid": 1066}, "geometry": {"type": "Point", "coordinates": [28.957820700000003, 41.05938400000001]}}, {"type": "Feature", "properties": {"osmid": 1067}, "geometry": {"type": "Point", "coordinates": [28.987244000000004, 41.059293]}}, {"type": "Feature", "properties": {"osmid": 1068}, "geometry": {"type": "Point", "coordinates": [28.97909910272935, 41.03041847161484]}}, {"type": "Feature", "properties": {"osmid": 1069}, "geometry": {"type": "Point", "coordinates": [28.986473850254594, 41.04226410001648]}}, {"type": "Feature", "properties": {"osmid": 1070}, "geometry": {"type": "Point", "coordinates": [28.958903, 41.06023209999999]}}, {"type": "Feature", "properties": {"osmid": 1071}, "geometry": {"type": "Point", "coordinates": [28.998350313414708, 41.0430567089099]}}, {"type": "Feature", "properties": {"osmid": 1072}, "geometry": {"type": "Point", "coordinates": [28.996989050039684, 41.04347770004315]}}, {"type": "Feature", "properties": {"osmid": 1073}, "geometry": {"type": "Point", "coordinates": [29.025081600000004, 41.0273619]}}, {"type": "Feature", "properties": {"osmid": 1074}, "geometry": {"type": "Point", "coordinates": [29.0237769500062, 41.02679560000116]}}, {"type": "Feature", "properties": {"osmid": 1075}, "geometry": {"type": "Point", "coordinates": [29.025120600000005, 41.027307900000004]}}, {"type": "Feature", "properties": {"osmid": 1076}, "geometry": {"type": "Point", "coordinates": [28.97129943841993, 41.04452727310547]}}, {"type": "Feature", "properties": {"osmid": 1077}, "geometry": {"type": "Point", "coordinates": [28.971276839867834, 41.04240864331974]}}, {"type": "Feature", "properties": {"osmid": 1078}, "geometry": {"type": "Point", "coordinates": [28.971273100000005, 41.045371200000005]}}, {"type": "Feature", "properties": {"osmid": 1079}, "geometry": {"type": "Point", "coordinates": [28.969919739037888, 41.04252280011075]}}, {"type": "Feature", "properties": {"osmid": 1080}, "geometry": {"type": "Point", "coordinates": [28.97126404785829, 41.04081772309058]}}, {"type": "Feature", "properties": {"osmid": 1081}, "geometry": {"type": "Point", "coordinates": [28.959340300000004, 41.06068259999999]}}, {"type": "Feature", "properties": {"osmid": 1082}, "geometry": {"type": "Point", "coordinates": [28.9707425, 41.03670949999999]}}, {"type": "Feature", "properties": {"osmid": 1083}, "geometry": {"type": "Point", "coordinates": [28.971081000000005, 41.037601599999995]}}, {"type": "Feature", "properties": {"osmid": 1084}, "geometry": {"type": "Point", "coordinates": [28.969553149987014, 41.03817315010088]}}, {"type": "Feature", "properties": {"osmid": 1085}, "geometry": {"type": "Point", "coordinates": [28.969064100000004, 41.0387883]}}, {"type": "Feature", "properties": {"osmid": 1086}, "geometry": {"type": "Point", "coordinates": [28.967634400000005, 41.0387912]}}, {"type": "Feature", "properties": {"osmid": 1087}, "geometry": {"type": "Point", "coordinates": [29.039498599999998, 41.000438599999995]}}, {"type": "Feature", "properties": {"osmid": 1088}, "geometry": {"type": "Point", "coordinates": [29.03520375990926, 41.030249676369344]}}, {"type": "Feature", "properties": {"osmid": 1089}, "geometry": {"type": "Point", "coordinates": [28.950875700000005, 41.0021954]}}, {"type": "Feature", "properties": {"osmid": 1090}, "geometry": {"type": "Point", "coordinates": [28.960214671841406, 41.061917095951074]}}, {"type": "Feature", "properties": {"osmid": 1091}, "geometry": {"type": "Point", "coordinates": [29.0054746, 41.04559069999999]}}, {"type": "Feature", "properties": {"osmid": 1092}, "geometry": {"type": "Point", "coordinates": [28.9677963, 41.0447891]}}, {"type": "Feature", "properties": {"osmid": 1093}, "geometry": {"type": "Point", "coordinates": [28.96569440024126, 41.04538970011771]}}, {"type": "Feature", "properties": {"osmid": 1094}, "geometry": {"type": "Point", "coordinates": [28.9671802, 41.042943099999995]}}, {"type": "Feature", "properties": {"osmid": 1095}, "geometry": {"type": "Point", "coordinates": [28.9711554, 41.06577569999999]}}, {"type": "Feature", "properties": {"osmid": 1096}, "geometry": {"type": "Point", "coordinates": [28.954840400000002, 41.06343559999999]}}, {"type": "Feature", "properties": {"osmid": 1097}, "geometry": {"type": "Point", "coordinates": [28.969826700000002, 41.0531337]}}, {"type": "Feature", "properties": {"osmid": 1098}, "geometry": {"type": "Point", "coordinates": [28.9525961, 41.01637860000001]}}, {"type": "Feature", "properties": {"osmid": 1099}, "geometry": {"type": "Point", "coordinates": [28.9696384, 41.0528997]}}, {"type": "Feature", "properties": {"osmid": 1100}, "geometry": {"type": "Point", "coordinates": [28.968831200000004, 41.052024999999986]}}, {"type": "Feature", "properties": {"osmid": 1101}, "geometry": {"type": "Point", "coordinates": [28.9694494, 41.05160379999999]}}, {"type": "Feature", "properties": {"osmid": 1102}, "geometry": {"type": "Point", "coordinates": [28.970797500000003, 41.05428659999999]}}, {"type": "Feature", "properties": {"osmid": 1103}, "geometry": {"type": "Point", "coordinates": [28.970688374851207, 41.05382037522874]}}, {"type": "Feature", "properties": {"osmid": 1104}, "geometry": {"type": "Point", "coordinates": [28.977271600001796, 41.0608912000001]}}, {"type": "Feature", "properties": {"osmid": 1105}, "geometry": {"type": "Point", "coordinates": [28.9536863, 41.0643833]}}, {"type": "Feature", "properties": {"osmid": 1106}, "geometry": {"type": "Point", "coordinates": [29.031488499999995, 41.038000700000005]}}, {"type": "Feature", "properties": {"osmid": 1107}, "geometry": {"type": "Point", "coordinates": [28.956699500000003, 41.01594259999999]}}, {"type": "Feature", "properties": {"osmid": 1108}, "geometry": {"type": "Point", "coordinates": [28.958388400000004, 41.019213900000004]}}, {"type": "Feature", "properties": {"osmid": 1109}, "geometry": {"type": "Point", "coordinates": [29.02048339120697, 41.03096150634624]}}, {"type": "Feature", "properties": {"osmid": 1110}, "geometry": {"type": "Point", "coordinates": [29.0212309, 41.03041339999999]}}, {"type": "Feature", "properties": {"osmid": 1111}, "geometry": {"type": "Point", "coordinates": [29.024585199646307, 41.03294250014397]}}, {"type": "Feature", "properties": {"osmid": 1112}, "geometry": {"type": "Point", "coordinates": [28.9632047, 41.06358289999999]}}, {"type": "Feature", "properties": {"osmid": 1113}, "geometry": {"type": "Point", "coordinates": [29.050122000000005, 41.02240830000001]}}, {"type": "Feature", "properties": {"osmid": 1114}, "geometry": {"type": "Point", "coordinates": [29.034612100000004, 41.00723969999999]}}, {"type": "Feature", "properties": {"osmid": 1115}, "geometry": {"type": "Point", "coordinates": [28.9624319, 41.063383900000005]}}, {"type": "Feature", "properties": {"osmid": 1116}, "geometry": {"type": "Point", "coordinates": [28.960357, 41.01268300000001]}}, {"type": "Feature", "properties": {"osmid": 1117}, "geometry": {"type": "Point", "coordinates": [29.0284627, 41.03598730000001]}}, {"type": "Feature", "properties": {"osmid": 1118}, "geometry": {"type": "Point", "coordinates": [29.038649300000003, 41.07008849999999]}}, {"type": "Feature", "properties": {"osmid": 1119}, "geometry": {"type": "Point", "coordinates": [29.041319699999995, 41.0695945]}}, {"type": "Feature", "properties": {"osmid": 1120}, "geometry": {"type": "Point", "coordinates": [28.98553535033217, 41.04215170029745]}}, {"type": "Feature", "properties": {"osmid": 1121}, "geometry": {"type": "Point", "coordinates": [29.0403759, 41.0655195]}}, {"type": "Feature", "properties": {"osmid": 1122}, "geometry": {"type": "Point", "coordinates": [29.039586400273123, 41.06656525006545]}}, {"type": "Feature", "properties": {"osmid": 1123}, "geometry": {"type": "Point", "coordinates": [29.0406225, 41.0635183]}}, {"type": "Feature", "properties": {"osmid": 1124}, "geometry": {"type": "Point", "coordinates": [29.014140600000005, 41.0674019]}}, {"type": "Feature", "properties": {"osmid": 1125}, "geometry": {"type": "Point", "coordinates": [29.043929900000002, 41.032845300000005]}}, {"type": "Feature", "properties": {"osmid": 1126}, "geometry": {"type": "Point", "coordinates": [29.0457015, 41.0279751]}}, {"type": "Feature", "properties": {"osmid": 1127}, "geometry": {"type": "Point", "coordinates": [28.9899667, 41.06737259999999]}}, {"type": "Feature", "properties": {"osmid": 1128}, "geometry": {"type": "Point", "coordinates": [29.033354850259688, 41.02688255016303]}}, {"type": "Feature", "properties": {"osmid": 1129}, "geometry": {"type": "Point", "coordinates": [28.970667000000002, 41.03833689999999]}}, {"type": "Feature", "properties": {"osmid": 1130}, "geometry": {"type": "Point", "coordinates": [28.970976949746923, 41.03929855004678]}}, {"type": "Feature", "properties": {"osmid": 1131}, "geometry": {"type": "Point", "coordinates": [28.971796974873268, 41.03946395002668]}}, {"type": "Feature", "properties": {"osmid": 1132}, "geometry": {"type": "Point", "coordinates": [28.986401000000004, 41.04051470000001]}}, {"type": "Feature", "properties": {"osmid": 1133}, "geometry": {"type": "Point", "coordinates": [28.9994232, 41.0702787]}}, {"type": "Feature", "properties": {"osmid": 1134}, "geometry": {"type": "Point", "coordinates": [29.0425861, 41.0082854]}}, {"type": "Feature", "properties": {"osmid": 1135}, "geometry": {"type": "Point", "coordinates": [29.044169000000004, 41.00527350000001]}}, {"type": "Feature", "properties": {"osmid": 1136}, "geometry": {"type": "Point", "coordinates": [29.0488255, 41.00134069999999]}}, {"type": "Feature", "properties": {"osmid": 1137}, "geometry": {"type": "Point", "coordinates": [29.0142139, 41.0680602]}}, {"type": "Feature", "properties": {"osmid": 1138}, "geometry": {"type": "Point", "coordinates": [29.027761199999997, 41.00537820000001]}}, {"type": "Feature", "properties": {"osmid": 1139}, "geometry": {"type": "Point", "coordinates": [29.0262198, 41.00659709999999]}}, {"type": "Feature", "properties": {"osmid": 1140}, "geometry": {"type": "Point", "coordinates": [28.9849545, 41.0475542]}}, {"type": "Feature", "properties": {"osmid": 1141}, "geometry": {"type": "Point", "coordinates": [28.9511866, 41.0150343]}}, {"type": "Feature", "properties": {"osmid": 1142}, "geometry": {"type": "Point", "coordinates": [28.973199499934942, 41.04840865001587]}}, {"type": "Feature", "properties": {"osmid": 1143}, "geometry": {"type": "Point", "coordinates": [28.972748700000004, 41.04781669999999]}}, {"type": "Feature", "properties": {"osmid": 1144}, "geometry": {"type": "Point", "coordinates": [28.972092049962278, 41.046933850009005]}}, {"type": "Feature", "properties": {"osmid": 1145}, "geometry": {"type": "Point", "coordinates": [28.979616600076504, 41.028948600007446]}}, {"type": "Feature", "properties": {"osmid": 1146}, "geometry": {"type": "Point", "coordinates": [28.9720556, 41.065892299999994]}}, {"type": "Feature", "properties": {"osmid": 1147}, "geometry": {"type": "Point", "coordinates": [28.9743449, 41.06611269999999]}}, {"type": "Feature", "properties": {"osmid": 1148}, "geometry": {"type": "Point", "coordinates": [29.024096399999998, 41.0183054]}}, {"type": "Feature", "properties": {"osmid": 1149}, "geometry": {"type": "Point", "coordinates": [29.025347400000005, 41.01787050000001]}}, {"type": "Feature", "properties": {"osmid": 1150}, "geometry": {"type": "Point", "coordinates": [28.975251599999996, 41.05263769999999]}}, {"type": "Feature", "properties": {"osmid": 1151}, "geometry": {"type": "Point", "coordinates": [29.045533800000005, 41.02238680000001]}}, {"type": "Feature", "properties": {"osmid": 1152}, "geometry": {"type": "Point", "coordinates": [28.97509976605909, 41.05402270006103]}}, {"type": "Feature", "properties": {"osmid": 1153}, "geometry": {"type": "Point", "coordinates": [28.9822503, 41.0397015]}}, {"type": "Feature", "properties": {"osmid": 1154}, "geometry": {"type": "Point", "coordinates": [29.034968300000003, 41.0636528]}}, {"type": "Feature", "properties": {"osmid": 1155}, "geometry": {"type": "Point", "coordinates": [29.033871499999997, 41.063382299999994]}}, {"type": "Feature", "properties": {"osmid": 1156}, "geometry": {"type": "Point", "coordinates": [28.989280500000003, 41.0360047]}}, {"type": "Feature", "properties": {"osmid": 1157}, "geometry": {"type": "Point", "coordinates": [28.9893931, 41.0359373]}}, {"type": "Feature", "properties": {"osmid": 1158}, "geometry": {"type": "Point", "coordinates": [28.96735414996086, 41.03961465016554]}}, {"type": "Feature", "properties": {"osmid": 1159}, "geometry": {"type": "Point", "coordinates": [29.0279547, 41.02818200000001]}}, {"type": "Feature", "properties": {"osmid": 1160}, "geometry": {"type": "Point", "coordinates": [29.03088876160567, 41.031158271512034]}}, {"type": "Feature", "properties": {"osmid": 1161}, "geometry": {"type": "Point", "coordinates": [29.021904546777932, 41.026078202866195]}}, {"type": "Feature", "properties": {"osmid": 1162}, "geometry": {"type": "Point", "coordinates": [29.030619599999998, 41.0372045]}}, {"type": "Feature", "properties": {"osmid": 1163}, "geometry": {"type": "Point", "coordinates": [28.971617, 41.046107199999994]}}, {"type": "Feature", "properties": {"osmid": 1164}, "geometry": {"type": "Point", "coordinates": [29.008273400000004, 41.02056999999999]}}, {"type": "Feature", "properties": {"osmid": 1165}, "geometry": {"type": "Point", "coordinates": [29.00933286857909, 41.020368073559865]}}, {"type": "Feature", "properties": {"osmid": 1166}, "geometry": {"type": "Point", "coordinates": [28.992971199999996, 41.0382584]}}, {"type": "Feature", "properties": {"osmid": 1167}, "geometry": {"type": "Point", "coordinates": [28.955877548810548, 41.0257672766444]}}, {"type": "Feature", "properties": {"osmid": 1168}, "geometry": {"type": "Point", "coordinates": [28.954468649773823, 41.02340090003777]}}, {"type": "Feature", "properties": {"osmid": 1169}, "geometry": {"type": "Point", "coordinates": [28.995822600000004, 41.042555899999996]}}, {"type": "Feature", "properties": {"osmid": 1170}, "geometry": {"type": "Point", "coordinates": [28.9962226, 41.0420754]}}, {"type": "Feature", "properties": {"osmid": 1171}, "geometry": {"type": "Point", "coordinates": [29.0371457, 41.0267596]}}, {"type": "Feature", "properties": {"osmid": 1172}, "geometry": {"type": "Point", "coordinates": [29.01796904678045, 41.026784633570855]}}, {"type": "Feature", "properties": {"osmid": 1173}, "geometry": {"type": "Point", "coordinates": [29.016823599999995, 41.026604000000006]}}, {"type": "Feature", "properties": {"osmid": 1174}, "geometry": {"type": "Point", "coordinates": [29.03182007843456, 41.033158056253214]}}, {"type": "Feature", "properties": {"osmid": 1175}, "geometry": {"type": "Point", "coordinates": [29.032897800013576, 41.03188900000276]}}, {"type": "Feature", "properties": {"osmid": 1176}, "geometry": {"type": "Point", "coordinates": [29.030885, 41.034562199999996]}}, {"type": "Feature", "properties": {"osmid": 1177}, "geometry": {"type": "Point", "coordinates": [29.047719, 41.021027499999995]}}, {"type": "Feature", "properties": {"osmid": 1178}, "geometry": {"type": "Point", "coordinates": [28.9847549, 41.0642109]}}, {"type": "Feature", "properties": {"osmid": 1179}, "geometry": {"type": "Point", "coordinates": [29.030063949371137, 41.03556788365373]}}, {"type": "Feature", "properties": {"osmid": 1180}, "geometry": {"type": "Point", "coordinates": [29.0293885, 41.0364147]}}, {"type": "Feature", "properties": {"osmid": 1181}, "geometry": {"type": "Point", "coordinates": [29.030092900000003, 41.03676999999999]}}, {"type": "Feature", "properties": {"osmid": 1182}, "geometry": {"type": "Point", "coordinates": [28.9899575, 41.03638289999999]}}, {"type": "Feature", "properties": {"osmid": 1183}, "geometry": {"type": "Point", "coordinates": [28.99103844999688, 41.036999250003795]}}, {"type": "Feature", "properties": {"osmid": 1184}, "geometry": {"type": "Point", "coordinates": [28.9901485, 41.0366011]}}, {"type": "Feature", "properties": {"osmid": 1185}, "geometry": {"type": "Point", "coordinates": [28.992470299999997, 41.03725539999999]}}, {"type": "Feature", "properties": {"osmid": 1186}, "geometry": {"type": "Point", "coordinates": [28.953253310066597, 41.020246341413156]}}, {"type": "Feature", "properties": {"osmid": 1187}, "geometry": {"type": "Point", "coordinates": [28.9509845, 41.0179975]}}, {"type": "Feature", "properties": {"osmid": 1188}, "geometry": {"type": "Point", "coordinates": [29.035885099999998, 41.003813199999996]}}, {"type": "Feature", "properties": {"osmid": 1189}, "geometry": {"type": "Point", "coordinates": [29.019551893391597, 41.017698101395865]}}, {"type": "Feature", "properties": {"osmid": 1190}, "geometry": {"type": "Point", "coordinates": [28.963278906163865, 41.038122504789314]}}, {"type": "Feature", "properties": {"osmid": 1191}, "geometry": {"type": "Point", "coordinates": [29.033451050079513, 41.03122235002482]}}, {"type": "Feature", "properties": {"osmid": 1192}, "geometry": {"type": "Point", "coordinates": [29.033702423350654, 41.03002672272104]}}, {"type": "Feature", "properties": {"osmid": 1193}, "geometry": {"type": "Point", "coordinates": [28.980004800000003, 41.067609999999995]}}, {"type": "Feature", "properties": {"osmid": 1194}, "geometry": {"type": "Point", "coordinates": [28.979203833604725, 41.070144467364756]}}, {"type": "Feature", "properties": {"osmid": 1195}, "geometry": {"type": "Point", "coordinates": [28.9619688, 41.05594209999999]}}, {"type": "Feature", "properties": {"osmid": 1196}, "geometry": {"type": "Point", "coordinates": [28.9581953, 41.01914479999999]}}, {"type": "Feature", "properties": {"osmid": 1197}, "geometry": {"type": "Point", "coordinates": [29.033317149302793, 41.020416815037436]}}, {"type": "Feature", "properties": {"osmid": 1198}, "geometry": {"type": "Point", "coordinates": [28.967952899693024, 41.05791095010515]}}, {"type": "Feature", "properties": {"osmid": 1199}, "geometry": {"type": "Point", "coordinates": [28.968701600000003, 41.05935350000001]}}, {"type": "Feature", "properties": {"osmid": 1200}, "geometry": {"type": "Point", "coordinates": [28.978382400000005, 41.069219999999994]}}, {"type": "Feature", "properties": {"osmid": 1201}, "geometry": {"type": "Point", "coordinates": [28.9816756, 41.0697555]}}, {"type": "Feature", "properties": {"osmid": 1202}, "geometry": {"type": "Point", "coordinates": [28.9644284, 41.069033999999995]}}, {"type": "Feature", "properties": {"osmid": 1203}, "geometry": {"type": "Point", "coordinates": [28.974055223308596, 41.03109942587428]}}, {"type": "Feature", "properties": {"osmid": 1204}, "geometry": {"type": "Point", "coordinates": [28.950803199979436, 41.022364100003756]}}, {"type": "Feature", "properties": {"osmid": 1205}, "geometry": {"type": "Point", "coordinates": [29.0210094495921, 41.0170198500712]}}, {"type": "Feature", "properties": {"osmid": 1206}, "geometry": {"type": "Point", "coordinates": [28.976478300000004, 41.0040912]}}, {"type": "Feature", "properties": {"osmid": 1207}, "geometry": {"type": "Point", "coordinates": [28.978626, 41.0672028]}}, {"type": "Feature", "properties": {"osmid": 1208}, "geometry": {"type": "Point", "coordinates": [29.0511945, 41.01907279999999]}}, {"type": "Feature", "properties": {"osmid": 1209}, "geometry": {"type": "Point", "coordinates": [29.049745799999997, 41.02125769999999]}}, {"type": "Feature", "properties": {"osmid": 1210}, "geometry": {"type": "Point", "coordinates": [28.96496095006686, 41.04443270003124]}}, {"type": "Feature", "properties": {"osmid": 1211}, "geometry": {"type": "Point", "coordinates": [29.017509783665346, 41.0681384502767]}}, {"type": "Feature", "properties": {"osmid": 1212}, "geometry": {"type": "Point", "coordinates": [29.008487100000004, 41.0196498]}}, {"type": "Feature", "properties": {"osmid": 1213}, "geometry": {"type": "Point", "coordinates": [28.975756900000004, 41.042821399999994]}}, {"type": "Feature", "properties": {"osmid": 1214}, "geometry": {"type": "Point", "coordinates": [28.974938413220414, 41.041800985786786]}}, {"type": "Feature", "properties": {"osmid": 1215}, "geometry": {"type": "Point", "coordinates": [28.9737370993117, 41.040610900251735]}}, {"type": "Feature", "properties": {"osmid": 1216}, "geometry": {"type": "Point", "coordinates": [29.0390291, 41.00833039999999]}}, {"type": "Feature", "properties": {"osmid": 1217}, "geometry": {"type": "Point", "coordinates": [28.966042072348362, 41.04302929215981]}}, {"type": "Feature", "properties": {"osmid": 1218}, "geometry": {"type": "Point", "coordinates": [28.966203599661714, 41.04186323336852]}}, {"type": "Feature", "properties": {"osmid": 1219}, "geometry": {"type": "Point", "coordinates": [28.96720960003683, 41.0343041000062]}}, {"type": "Feature", "properties": {"osmid": 1220}, "geometry": {"type": "Point", "coordinates": [28.982120199999997, 41.0275359]}}, {"type": "Feature", "properties": {"osmid": 1221}, "geometry": {"type": "Point", "coordinates": [28.9875416, 41.029139699999995]}}, {"type": "Feature", "properties": {"osmid": 1222}, "geometry": {"type": "Point", "coordinates": [28.984748500000002, 41.035706499999996]}}, {"type": "Feature", "properties": {"osmid": 1223}, "geometry": {"type": "Point", "coordinates": [28.9699402, 41.04181989999999]}}, {"type": "Feature", "properties": {"osmid": 1224}, "geometry": {"type": "Point", "coordinates": [28.969129342217897, 41.04026992147583]}}, {"type": "Feature", "properties": {"osmid": 1225}, "geometry": {"type": "Point", "coordinates": [29.051114799999997, 41.000767100000004]}}, {"type": "Feature", "properties": {"osmid": 1226}, "geometry": {"type": "Point", "coordinates": [28.990219899999996, 41.05267029999999]}}, {"type": "Feature", "properties": {"osmid": 1227}, "geometry": {"type": "Point", "coordinates": [29.0508679, 40.9990608]}}, {"type": "Feature", "properties": {"osmid": 1228}, "geometry": {"type": "Point", "coordinates": [29.05150794988771, 40.99953715006176]}}, {"type": "Feature", "properties": {"osmid": 1229}, "geometry": {"type": "Point", "coordinates": [29.050700699999997, 40.9990595]}}, {"type": "Feature", "properties": {"osmid": 1230}, "geometry": {"type": "Point", "coordinates": [28.9847957, 41.0356949]}}, {"type": "Feature", "properties": {"osmid": 1231}, "geometry": {"type": "Point", "coordinates": [28.9652935, 41.03995449999999]}}, {"type": "Feature", "properties": {"osmid": 1232}, "geometry": {"type": "Point", "coordinates": [28.9657773, 41.0407951]}}, {"type": "Feature", "properties": {"osmid": 1233}, "geometry": {"type": "Point", "coordinates": [28.988927000000004, 41.05315939999999]}}, {"type": "Feature", "properties": {"osmid": 1234}, "geometry": {"type": "Point", "coordinates": [28.988175200000004, 41.053407899999996]}}, {"type": "Feature", "properties": {"osmid": 1235}, "geometry": {"type": "Point", "coordinates": [28.970590531953512, 41.06581180054544]}}, {"type": "Feature", "properties": {"osmid": 1236}, "geometry": {"type": "Point", "coordinates": [28.972228100004475, 41.04122315001012]}}, {"type": "Feature", "properties": {"osmid": 1237}, "geometry": {"type": "Point", "coordinates": [28.972319099994145, 41.041904550000595]}}, {"type": "Feature", "properties": {"osmid": 1238}, "geometry": {"type": "Point", "coordinates": [28.972046600005793, 41.040296200009315]}}, {"type": "Feature", "properties": {"osmid": 1239}, "geometry": {"type": "Point", "coordinates": [29.049284500000002, 41.0074953]}}, {"type": "Feature", "properties": {"osmid": 1240}, "geometry": {"type": "Point", "coordinates": [29.05090856454787, 41.009384933873356]}}, {"type": "Feature", "properties": {"osmid": 1241}, "geometry": {"type": "Point", "coordinates": [29.017544600000004, 41.06894619999999]}}, {"type": "Feature", "properties": {"osmid": 1242}, "geometry": {"type": "Point", "coordinates": [29.031758899754447, 41.02002860037546]}}, {"type": "Feature", "properties": {"osmid": 1243}, "geometry": {"type": "Point", "coordinates": [29.031863750137855, 41.02051595028195]}}, {"type": "Feature", "properties": {"osmid": 1244}, "geometry": {"type": "Point", "coordinates": [29.027889999999996, 41.0187613]}}, {"type": "Feature", "properties": {"osmid": 1245}, "geometry": {"type": "Point", "coordinates": [28.96560925027164, 41.034127100114375]}}, {"type": "Feature", "properties": {"osmid": 1246}, "geometry": {"type": "Point", "coordinates": [29.020231700000004, 41.0153964]}}, {"type": "Feature", "properties": {"osmid": 1247}, "geometry": {"type": "Point", "coordinates": [28.9751737, 41.033243299999995]}}, {"type": "Feature", "properties": {"osmid": 1248}, "geometry": {"type": "Point", "coordinates": [28.976635299999998, 41.03400669999999]}}, {"type": "Feature", "properties": {"osmid": 1249}, "geometry": {"type": "Point", "coordinates": [29.0299059, 41.0196397]}}, {"type": "Feature", "properties": {"osmid": 1250}, "geometry": {"type": "Point", "coordinates": [29.030646199850576, 41.020522600238536]}}, {"type": "Feature", "properties": {"osmid": 1251}, "geometry": {"type": "Point", "coordinates": [29.0512965, 41.0085064]}}, {"type": "Feature", "properties": {"osmid": 1252}, "geometry": {"type": "Point", "coordinates": [28.981346900000002, 41.04087549999999]}}, {"type": "Feature", "properties": {"osmid": 1253}, "geometry": {"type": "Point", "coordinates": [29.033114600000005, 41.0189946]}}, {"type": "Feature", "properties": {"osmid": 1254}, "geometry": {"type": "Point", "coordinates": [29.032114799999995, 41.0182519]}}, {"type": "Feature", "properties": {"osmid": 1255}, "geometry": {"type": "Point", "coordinates": [28.970081500000003, 41.05890939999999]}}, {"type": "Feature", "properties": {"osmid": 1256}, "geometry": {"type": "Point", "coordinates": [28.968982, 41.05767889999999]}}, {"type": "Feature", "properties": {"osmid": 1257}, "geometry": {"type": "Point", "coordinates": [28.971514400000004, 41.06041349999999]}}, {"type": "Feature", "properties": {"osmid": 1258}, "geometry": {"type": "Point", "coordinates": [28.962617, 41.002957599999995]}}, {"type": "Feature", "properties": {"osmid": 1259}, "geometry": {"type": "Point", "coordinates": [29.030766000000003, 41.01727650000001]}}, {"type": "Feature", "properties": {"osmid": 1260}, "geometry": {"type": "Point", "coordinates": [29.007998299831208, 41.0626298000398]}}, {"type": "Feature", "properties": {"osmid": 1261}, "geometry": {"type": "Point", "coordinates": [28.951196900000003, 41.03875029999999]}}, {"type": "Feature", "properties": {"osmid": 1262}, "geometry": {"type": "Point", "coordinates": [29.0307667, 41.01981560000001]}}, {"type": "Feature", "properties": {"osmid": 1263}, "geometry": {"type": "Point", "coordinates": [29.024046900000002, 41.01825430000001]}}, {"type": "Feature", "properties": {"osmid": 1264}, "geometry": {"type": "Point", "coordinates": [29.0228932, 41.01900109999998]}}, {"type": "Feature", "properties": {"osmid": 1265}, "geometry": {"type": "Point", "coordinates": [29.0192005, 41.01684070000001]}}]}