Seeded run: seed=1
Initializing SACRED Stage-1.5 dynamic assignment (Poisson arrivals, 2 trucks)...
Configuring Protagonist Dispatch Agent...
Configuring Antagonist Congestion Agent...
Initializing ATLA Coevolution Trainer...
Run Name: gen03_robustness_dynassign/vanilla_seed1
Starting SACRED training (mode=vanilla) for 800 episodes...
Device: Protagonist=cpu, Antagonist=cpu
Initial Phase: Training PROTAGONIST

Ep    1 | Phase: PROTAGO | Ticks: 785 | Protag R: -3245.00 | Antag R: 3246.00 | Delivery:  78.9% | Budget Used:  0.00/4000.0
Ep    2 | Phase: PROTAGO | Ticks: 794 | Protag R: -7434.00 | Antag R: 7435.00 | Delivery:  58.0% | Budget Used:  0.00/4000.0
Ep    3 | Phase: PROTAGO | Ticks: 797 | Protag R: -6432.00 | Antag R: 6433.00 | Delivery:  67.4% | Budget Used:  0.00/4000.0
Ep    4 | Phase: PROTAGO | Ticks: 792 | Protag R: -11253.00 | Antag R: 11254.00 | Delivery:  55.4% | Budget Used:  0.00/4000.0
Ep    5 | Phase: PROTAGO | Ticks: 797 | Protag R: -2289.00 | Antag R: 2290.00 | Delivery:  83.3% | Budget Used:  0.00/4000.0
Ep    6 | Phase: PROTAGO | Ticks: 781 | Protag R: -3006.00 | Antag R: 3007.00 | Delivery:  75.7% | Budget Used:  0.00/4000.0
Ep    7 | Phase: PROTAGO | Ticks: 790 | Protag R: -7930.00 | Antag R: 7931.00 | Delivery:  57.7% | Budget Used:  0.00/4000.0
Ep    8 | Phase: PROTAGO | Ticks: 790 | Protag R: -5116.00 | Antag R: 5117.00 | Delivery:  72.7% | Budget Used:  0.00/4000.0
Ep    9 | Phase: PROTAGO | Ticks: 798 | Protag R: -7624.00 | Antag R: 7625.00 | Delivery:  64.7% | Budget Used:  0.00/4000.0
Ep   10 | Phase: PROTAGO | Ticks: 789 | Protag R: -8354.00 | Antag R: 8355.00 | Delivery:  61.5% | Budget Used:  0.00/4000.0
Ep   11 | Phase: PROTAGO | Ticks: 790 | Protag R: -5549.00 | Antag R: 5549.00 | Delivery:  70.5% | Budget Used:  0.00/4000.0
Ep   12 | Phase: PROTAGO | Ticks: 784 | Protag R: -10256.00 | Antag R: 10257.00 | Delivery:  54.2% | Budget Used:  0.00/4000.0
Ep   13 | Phase: PROTAGO | Ticks: 793 | Protag R: -6130.00 | Antag R: 6130.00 | Delivery:  65.2% | Budget Used:  0.00/4000.0
Ep   14 | Phase: PROTAGO | Ticks: 790 | Protag R: -5105.00 | Antag R: 5105.00 | Delivery:  71.4% | Budget Used:  0.00/4000.0
Ep   15 | Phase: PROTAGO | Ticks: 778 | Protag R: -11194.00 | Antag R: 11195.00 | Delivery:  54.2% | Budget Used:  0.00/4000.0
Ep   16 | Phase: PROTAGO | Ticks: 788 | Protag R: -9457.00 | Antag R: 9458.00 | Delivery:  60.4% | Budget Used:  0.00/4000.0
Ep   17 | Phase: PROTAGO | Ticks: 793 | Protag R: -2805.00 | Antag R: 2806.00 | Delivery:  81.6% | Budget Used:  0.00/4000.0
Ep   18 | Phase: PROTAGO | Ticks: 798 | Protag R: -6051.00 | Antag R: 6052.00 | Delivery:  62.7% | Budget Used:  0.00/4000.0
Ep   19 | Phase: PROTAGO | Ticks: 787 | Protag R: -12547.00 | Antag R: 12547.00 | Delivery:  53.4% | Budget Used:  0.00/4000.0
Ep   20 | Phase: PROTAGO | Ticks: 789 | Protag R: -10529.00 | Antag R: 10530.00 | Delivery:  59.6% | Budget Used:  0.00/4000.0
Ep   21 | Phase: PROTAGO | Ticks: 790 | Protag R: -4412.00 | Antag R: 4413.00 | Delivery:  78.0% | Budget Used:  0.00/4000.0
Ep   22 | Phase: PROTAGO | Ticks: 797 | Protag R: -3487.00 | Antag R: 3488.00 | Delivery:  63.4% | Budget Used:  0.00/4000.0
Ep   23 | Phase: PROTAGO | Ticks: 794 | Protag R: -6788.00 | Antag R: 6788.00 | Delivery:  60.4% | Budget Used:  0.00/4000.0
Ep   24 | Phase: PROTAGO | Ticks: 793 | Protag R: -2301.00 | Antag R: 2302.00 | Delivery:  83.8% | Budget Used:  0.00/4000.0
Ep   25 | Phase: PROTAGO | Ticks: 792 | Protag R: -5435.00 | Antag R: 5436.00 | Delivery:  69.8% | Budget Used:  0.00/4000.0
Ep   26 | Phase: PROTAGO | Ticks: 783 | Protag R: -5867.00 | Antag R: 5868.00 | Delivery:  81.6% | Budget Used:  0.00/4000.0
Ep   27 | Phase: PROTAGO | Ticks: 798 | Protag R: -6501.00 | Antag R: 6502.00 | Delivery:  65.3% | Budget Used:  0.00/4000.0
Ep   28 | Phase: PROTAGO | Ticks: 799 | Protag R: -8865.00 | Antag R: 8866.00 | Delivery:  71.7% | Budget Used:  0.00/4000.0
Ep   29 | Phase: PROTAGO | Ticks: 789 | Protag R: -7204.00 | Antag R: 7205.00 | Delivery:  57.4% | Budget Used:  0.00/4000.0
Ep   30 | Phase: PROTAGO | Ticks: 777 | Protag R: -5281.00 | Antag R: 5282.00 | Delivery:  63.6% | Budget Used:  0.00/4000.0
Ep   31 | Phase: PROTAGO | Ticks: 788 | Protag R: -11313.00 | Antag R: 11314.00 | Delivery:  53.4% | Budget Used:  0.00/4000.0
Ep   32 | Phase: PROTAGO | Ticks: 791 | Protag R: -7297.00 | Antag R: 7298.00 | Delivery:  66.7% | Budget Used:  0.00/4000.0
Ep   33 | Phase: PROTAGO | Ticks: 792 | Protag R: -11385.00 | Antag R: 11387.00 | Delivery:  56.1% | Budget Used:  0.00/4000.0
Ep   34 | Phase: PROTAGO | Ticks: 786 | Protag R: -5385.00 | Antag R: 5386.00 | Delivery:  76.2% | Budget Used:  0.00/4000.0
Ep   35 | Phase: PROTAGO | Ticks: 785 | Protag R: -4594.00 | Antag R: 4594.00 | Delivery:  68.2% | Budget Used:  0.00/4000.0
Ep   36 | Phase: PROTAGO | Ticks: 784 | Protag R: -3635.00 | Antag R: 3636.00 | Delivery:  75.6% | Budget Used:  0.00/4000.0
Ep   37 | Phase: PROTAGO | Ticks: 797 | Protag R: -9435.00 | Antag R: 9436.00 | Delivery:  65.2% | Budget Used:  0.00/4000.0
Ep   38 | Phase: PROTAGO | Ticks: 789 | Protag R: -6384.00 | Antag R: 6385.00 | Delivery:  73.2% | Budget Used:  0.00/4000.0
Ep   39 | Phase: PROTAGO | Ticks: 791 | Protag R: -11972.00 | Antag R: 11973.00 | Delivery:  57.1% | Budget Used:  0.00/4000.0
Ep   40 | Phase: PROTAGO | Ticks: 791 | Protag R: -3447.00 | Antag R: 3448.00 | Delivery:  72.1% | Budget Used:  0.00/4000.0
Ep   41 | Phase: PROTAGO | Ticks: 799 | Protag R: -12610.00 | Antag R: 12611.00 | Delivery:  57.1% | Budget Used:  0.00/4000.0
Ep   42 | Phase: PROTAGO | Ticks: 793 | Protag R: -9685.00 | Antag R: 9686.00 | Delivery:  60.4% | Budget Used:  0.00/4000.0
Ep   43 | Phase: PROTAGO | Ticks: 799 | Protag R: -8527.00 | Antag R: 8528.00 | Delivery:  60.4% | Budget Used:  0.00/4000.0
Ep   44 | Phase: PROTAGO | Ticks: 789 | Protag R: -6314.00 | Antag R: 6315.00 | Delivery:  71.1% | Budget Used:  0.00/4000.0
Ep   45 | Phase: PROTAGO | Ticks: 795 | Protag R: -7029.00 | Antag R: 7030.00 | Delivery:  59.2% | Budget Used:  0.00/4000.0
Ep   46 | Phase: PROTAGO | Ticks: 798 | Protag R: -4065.00 | Antag R: 4066.00 | Delivery:  75.0% | Budget Used:  0.00/4000.0
Ep   47 | Phase: PROTAGO | Ticks: 798 | Protag R: -8838.00 | Antag R: 8838.00 | Delivery:  63.8% | Budget Used:  0.00/4000.0
Ep   48 | Phase: PROTAGO | Ticks: 793 | Protag R: -7283.00 | Antag R: 7284.00 | Delivery:  66.7% | Budget Used:  0.00/4000.0
Ep   49 | Phase: PROTAGO | Ticks: 780 | Protag R: -7522.00 | Antag R: 7523.00 | Delivery:  67.3% | Budget Used:  0.00/4000.0
Ep   50 | Phase: PROTAGO | Ticks: 799 | Protag R: -2936.00 | Antag R: 2936.00 | Delivery:  75.6% | Budget Used:  0.00/4000.0
  [EVAL ep 50] greedy_atk=5367 learned_atk=6546 gap=+1180 +/-1289 (neg = learned beats greedy under attack)
Saving checkpoints for both agents before phase switch...
Ep   51 | Phase: PROTAGO | Ticks: 789 | Protag R: -5902.00 | Antag R: 5903.00 | Delivery:  63.3% | Budget Used:  0.00/4000.0
Ep   52 | Phase: PROTAGO | Ticks: 781 | Protag R: -5414.00 | Antag R: 5415.00 | Delivery:  73.8% | Budget Used:  0.00/4000.0
Ep   53 | Phase: PROTAGO | Ticks: 799 | Protag R: -8258.00 | Antag R: 8259.00 | Delivery:  64.6% | Budget Used:  0.00/4000.0
Ep   54 | Phase: PROTAGO | Ticks: 798 | Protag R: -4835.00 | Antag R: 4836.00 | Delivery:  64.6% | Budget Used:  0.00/4000.0
Ep   55 | Phase: PROTAGO | Ticks: 780 | Protag R: -2721.00 | Antag R: 2722.00 | Delivery:  84.2% | Budget Used:  0.00/4000.0
Ep   56 | Phase: PROTAGO | Ticks: 798 | Protag R: -5901.00 | Antag R: 5902.00 | Delivery:  64.0% | Budget Used:  0.00/4000.0
Ep   57 | Phase: PROTAGO | Ticks: 799 | Protag R: -7854.00 | Antag R: 7855.00 | Delivery:  71.1% | Budget Used:  0.00/4000.0
Ep   58 | Phase: PROTAGO | Ticks: 783 | Protag R: -5931.00 | Antag R: 5931.00 | Delivery:  68.2% | Budget Used:  0.00/4000.0
Ep   59 | Phase: PROTAGO | Ticks: 797 | Protag R: -5476.00 | Antag R: 5477.00 | Delivery:  76.2% | Budget Used:  0.00/4000.0
Ep   60 | Phase: PROTAGO | Ticks: 795 | Protag R: -4004.00 | Antag R: 4005.00 | Delivery:  76.2% | Budget Used:  0.00/4000.0
Ep   61 | Phase: PROTAGO | Ticks: 778 | Protag R: -13417.00 | Antag R: 13418.00 | Delivery:  48.5% | Budget Used:  0.00/4000.0
Ep   62 | Phase: PROTAGO | Ticks: 790 | Protag R: -5034.00 | Antag R: 5035.00 | Delivery:  69.0% | Budget Used:  0.00/4000.0
Ep   63 | Phase: PROTAGO | Ticks: 785 | Protag R: -12968.00 | Antag R: 12969.00 | Delivery:  56.1% | Budget Used:  0.00/4000.0
Ep   64 | Phase: PROTAGO | Ticks: 795 | Protag R: -5649.00 | Antag R: 5650.00 | Delivery:  69.6% | Budget Used:  0.00/4000.0
Ep   65 | Phase: PROTAGO | Ticks: 792 | Protag R: -7519.00 | Antag R: 7519.00 | Delivery:  63.0% | Budget Used:  0.00/4000.0
Ep   66 | Phase: PROTAGO | Ticks: 791 | Protag R: -7236.00 | Antag R: 7237.00 | Delivery:  58.8% | Budget Used:  0.00/4000.0
Ep   67 | Phase: PROTAGO | Ticks: 796 | Protag R: -5609.00 | Antag R: 5610.00 | Delivery:  76.2% | Budget Used:  0.00/4000.0
Ep   68 | Phase: PROTAGO | Ticks: 797 | Protag R: -11529.00 | Antag R: 11529.00 | Delivery:  52.5% | Budget Used:  0.00/4000.0
Ep   69 | Phase: PROTAGO | Ticks: 797 | Protag R: -9408.00 | Antag R: 9409.00 | Delivery:  59.2% | Budget Used:  0.00/4000.0
Ep   70 | Phase: PROTAGO | Ticks: 784 | Protag R: -3518.00 | Antag R: 3519.00 | Delivery:  79.5% | Budget Used:  0.00/4000.0
Ep   71 | Phase: PROTAGO | Ticks: 789 | Protag R: -1774.00 | Antag R: 1775.00 | Delivery:  87.1% | Budget Used:  0.00/4000.0
Ep   72 | Phase: PROTAGO | Ticks: 797 | Protag R: -5789.00 | Antag R: 5790.00 | Delivery:  63.3% | Budget Used:  0.00/4000.0
Ep   73 | Phase: PROTAGO | Ticks: 797 | Protag R: -3839.00 | Antag R: 3839.00 | Delivery:  72.5% | Budget Used:  0.00/4000.0
Ep   74 | Phase: PROTAGO | Ticks: 789 | Protag R: -3998.00 | Antag R: 3999.00 | Delivery:  72.1% | Budget Used:  0.00/4000.0
Ep   75 | Phase: PROTAGO | Ticks: 780 | Protag R: -7615.00 | Antag R: 7616.00 | Delivery:  74.4% | Budget Used:  0.00/4000.0
Ep   76 | Phase: PROTAGO | Ticks: 780 | Protag R: -5633.00 | Antag R: 5634.00 | Delivery:  68.2% | Budget Used:  0.00/4000.0
Ep   77 | Phase: PROTAGO | Ticks: 793 | Protag R: -6738.00 | Antag R: 6740.00 | Delivery:  63.3% | Budget Used:  0.00/4000.0
Ep   78 | Phase: PROTAGO | Ticks: 794 | Protag R: -7921.00 | Antag R: 7922.00 | Delivery:  61.5% | Budget Used:  0.00/4000.0
Ep   79 | Phase: PROTAGO | Ticks: 789 | Protag R: -2369.00 | Antag R: 2370.00 | Delivery:  86.5% | Budget Used:  0.00/4000.0
Ep   80 | Phase: PROTAGO | Ticks: 779 | Protag R: -9042.00 | Antag R: 9043.00 | Delivery:  62.0% | Budget Used:  0.00/4000.0
Ep   81 | Phase: PROTAGO | Ticks: 795 | Protag R: -7232.00 | Antag R: 7233.00 | Delivery:  64.0% | Budget Used:  0.00/4000.0
Ep   82 | Phase: PROTAGO | Ticks: 793 | Protag R: -10229.00 | Antag R: 10230.00 | Delivery:  52.5% | Budget Used:  0.00/4000.0
Ep   83 | Phase: PROTAGO | Ticks: 787 | Protag R: -7998.00 | Antag R: 7999.00 | Delivery:  66.0% | Budget Used:  0.00/4000.0
Ep   84 | Phase: PROTAGO | Ticks: 785 | Protag R: -10315.00 | Antag R: 10316.00 | Delivery:  56.6% | Budget Used:  0.00/4000.0
Ep   85 | Phase: PROTAGO | Ticks: 792 | Protag R: -8741.00 | Antag R: 8742.00 | Delivery:  55.6% | Budget Used:  0.00/4000.0
Ep   86 | Phase: PROTAGO | Ticks: 794 | Protag R: -11041.00 | Antag R: 11042.00 | Delivery:  56.4% | Budget Used:  0.00/4000.0
Ep   87 | Phase: PROTAGO | Ticks: 788 | Protag R: -7251.00 | Antag R: 7252.00 | Delivery:  62.7% | Budget Used:  0.00/4000.0
Ep   88 | Phase: PROTAGO | Ticks: 782 | Protag R: -8781.00 | Antag R: 8782.00 | Delivery:  57.7% | Budget Used:  0.00/4000.0
Ep   89 | Phase: PROTAGO | Ticks: 797 | Protag R: -9186.00 | Antag R: 9187.00 | Delivery:  59.3% | Budget Used:  0.00/4000.0
Ep   90 | Phase: PROTAGO | Ticks: 786 | Protag R: -8537.00 | Antag R: 8538.00 | Delivery:  62.7% | Budget Used:  0.00/4000.0
Ep   91 | Phase: PROTAGO | Ticks: 790 | Protag R: -7641.00 | Antag R: 7642.00 | Delivery:  62.7% | Budget Used:  0.00/4000.0
Ep   92 | Phase: PROTAGO | Ticks: 777 | Protag R: -5392.00 | Antag R: 5393.00 | Delivery:  80.5% | Budget Used:  0.00/4000.0
Ep   93 | Phase: PROTAGO | Ticks: 799 | Protag R: -6943.00 | Antag R: 6944.00 | Delivery:  64.0% | Budget Used:  0.00/4000.0
Ep   94 | Phase: PROTAGO | Ticks: 792 | Protag R: -8796.00 | Antag R: 8797.00 | Delivery:  61.5% | Budget Used:  0.00/4000.0
Ep   95 | Phase: PROTAGO | Ticks: 793 | Protag R: -5979.00 | Antag R: 5980.00 | Delivery:  69.6% | Budget Used:  0.00/4000.0
Ep   96 | Phase: PROTAGO | Ticks: 789 | Protag R: -5615.00 | Antag R: 5616.00 | Delivery:  72.7% | Budget Used:  0.00/4000.0
Ep   97 | Phase: PROTAGO | Ticks: 787 | Protag R: -8443.00 | Antag R: 8444.00 | Delivery:  65.3% | Budget Used:  0.00/4000.0
Ep   98 | Phase: PROTAGO | Ticks: 799 | Protag R: -9506.00 | Antag R: 9507.00 | Delivery:  66.7% | Budget Used:  0.00/4000.0
Ep   99 | Phase: PROTAGO | Ticks: 797 | Protag R: -11319.00 | Antag R: 11320.00 | Delivery:  55.4% | Budget Used:  0.00/4000.0
Ep  100 | Phase: PROTAGO | Ticks: 793 | Protag R: -12005.00 | Antag R: 12006.00 | Delivery:  57.1% | Budget Used:  0.00/4000.0
  [EVAL ep 100] greedy_atk=5367 learned_atk=6419 gap=+1052 +/-978 (neg = learned beats greedy under attack)
Saving checkpoints for both agents before phase switch...
Ep  101 | Phase: PROTAGO | Ticks: 781 | Protag R: -6424.00 | Antag R: 6425.00 | Delivery:  71.1% | Budget Used:  0.00/4000.0
Ep  102 | Phase: PROTAGO | Ticks: 799 | Protag R: -7722.00 | Antag R: 7722.00 | Delivery:  63.3% | Budget Used:  0.00/4000.0
Ep  103 | Phase: PROTAGO | Ticks: 792 | Protag R: -3998.00 | Antag R: 3999.00 | Delivery:  80.0% | Budget Used:  0.00/4000.0
Ep  104 | Phase: PROTAGO | Ticks: 794 | Protag R: -5582.00 | Antag R: 5583.00 | Delivery:  66.0% | Budget Used:  0.00/4000.0
Ep  105 | Phase: PROTAGO | Ticks: 779 | Protag R: -11141.00 | Antag R: 11142.00 | Delivery:  53.6% | Budget Used:  0.00/4000.0
Ep  106 | Phase: PROTAGO | Ticks: 787 | Protag R: -16797.00 | Antag R: 16799.00 | Delivery:  48.5% | Budget Used:  0.00/4000.0
Ep  107 | Phase: PROTAGO | Ticks: 788 | Protag R: -8557.00 | Antag R: 8558.00 | Delivery:  50.0% | Budget Used:  0.00/4000.0
Ep  108 | Phase: PROTAGO | Ticks: 796 | Protag R: -2562.00 | Antag R: 2564.00 | Delivery:  86.5% | Budget Used:  0.00/4000.0
Ep  109 | Phase: PROTAGO | Ticks: 791 | Protag R: -8307.00 | Antag R: 8308.00 | Delivery:  60.8% | Budget Used:  0.00/4000.0
Ep  110 | Phase: PROTAGO | Ticks: 799 | Protag R: -2623.00 | Antag R: 2624.00 | Delivery:  84.4% | Budget Used:  0.00/4000.0
Ep  111 | Phase: PROTAGO | Ticks: 790 | Protag R: -7190.00 | Antag R: 7191.00 | Delivery:  66.0% | Budget Used:  0.00/4000.0
Ep  112 | Phase: PROTAGO | Ticks: 794 | Protag R: -6889.00 | Antag R: 6890.00 | Delivery:  64.0% | Budget Used:  0.00/4000.0
Ep  113 | Phase: PROTAGO | Ticks: 798 | Protag R: -5860.00 | Antag R: 5860.00 | Delivery:  66.0% | Budget Used:  0.00/4000.0
Ep  114 | Phase: PROTAGO | Ticks: 799 | Protag R: -10976.00 | Antag R: 10977.00 | Delivery:  61.5% | Budget Used:  0.00/4000.0
Ep  115 | Phase: PROTAGO | Ticks: 798 | Protag R: -6236.00 | Antag R: 6237.00 | Delivery:  64.6% | Budget Used:  0.00/4000.0
Ep  116 | Phase: PROTAGO | Ticks: 790 | Protag R: -7817.00 | Antag R: 7818.00 | Delivery:  56.9% | Budget Used:  0.00/4000.0
Ep  117 | Phase: PROTAGO | Ticks: 794 | Protag R: -9177.00 | Antag R: 9177.00 | Delivery:  60.0% | Budget Used:  0.00/4000.0
Ep  118 | Phase: PROTAGO | Ticks: 798 | Protag R: -3739.00 | Antag R: 3740.00 | Delivery:  76.2% | Budget Used:  0.00/4000.0
Ep  119 | Phase: PROTAGO | Ticks: 793 | Protag R: -8612.00 | Antag R: 8613.00 | Delivery:  60.4% | Budget Used:  0.00/4000.0
Ep  120 | Phase: PROTAGO | Ticks: 786 | Protag R: -7692.00 | Antag R: 7693.00 | Delivery:  72.7% | Budget Used:  0.00/4000.0
Ep  121 | Phase: PROTAGO | Ticks: 793 | Protag R: -8780.00 | Antag R: 8781.00 | Delivery:  57.7% | Budget Used:  0.00/4000.0
Ep  122 | Phase: PROTAGO | Ticks: 798 | Protag R: -9122.00 | Antag R: 9123.00 | Delivery:  59.3% | Budget Used:  0.00/4000.0
Ep  123 | Phase: PROTAGO | Ticks: 795 | Protag R: -7544.00 | Antag R: 7545.00 | Delivery:  58.0% | Budget Used:  0.00/4000.0
Ep  124 | Phase: PROTAGO | Ticks: 797 | Protag R: -4627.00 | Antag R: 4627.00 | Delivery:  77.5% | Budget Used:  0.00/4000.0
Ep  125 | Phase: PROTAGO | Ticks: 796 | Protag R: -4091.00 | Antag R: 4091.00 | Delivery:  73.8% | Budget Used:  0.00/4000.0
Ep  126 | Phase: PROTAGO | Ticks: 796 | Protag R: -8532.00 | Antag R: 8533.00 | Delivery:  58.5% | Budget Used:  0.00/4000.0
Ep  127 | Phase: PROTAGO | Ticks: 786 | Protag R: -7036.00 | Antag R: 7037.00 | Delivery:  68.9% | Budget Used:  0.00/4000.0
Ep  128 | Phase: PROTAGO | Ticks: 787 | Protag R: -9126.00 | Antag R: 9127.00 | Delivery:  60.4% | Budget Used:  0.00/4000.0
Ep  129 | Phase: PROTAGO | Ticks: 798 | Protag R: -4115.00 | Antag R: 4116.00 | Delivery:  80.0% | Budget Used:  0.00/4000.0
Ep  130 | Phase: PROTAGO | Ticks: 783 | Protag R: -12389.00 | Antag R: 12390.00 | Delivery:  50.0% | Budget Used:  0.00/4000.0
Ep  131 | Phase: PROTAGO | Ticks: 796 | Protag R: -12843.00 | Antag R: 12844.00 | Delivery:  53.3% | Budget Used:  0.00/4000.0
Ep  132 | Phase: PROTAGO | Ticks: 780 | Protag R: -3659.00 | Antag R: 3659.00 | Delivery:  73.2% | Budget Used:  0.00/4000.0
Ep  133 | Phase: PROTAGO | Ticks: 797 | Protag R: -11257.00 | Antag R: 11258.00 | Delivery:  51.7% | Budget Used:  0.00/4000.0
Ep  134 | Phase: PROTAGO | Ticks: 785 | Protag R: -3938.00 | Antag R: 3939.00 | Delivery:  69.6% | Budget Used:  0.00/4000.0
Ep  135 | Phase: PROTAGO | Ticks: 796 | Protag R: -5978.00 | Antag R: 5978.00 | Delivery:  63.3% | Budget Used:  0.00/4000.0
Ep  136 | Phase: PROTAGO | Ticks: 777 | Protag R: -7703.00 | Antag R: 7704.00 | Delivery:  53.6% | Budget Used:  0.00/4000.0
Ep  137 | Phase: PROTAGO | Ticks: 790 | Protag R: -10887.00 | Antag R: 10887.00 | Delivery:  59.3% | Budget Used:  0.00/4000.0
Ep  138 | Phase: PROTAGO | Ticks: 793 | Protag R: -7771.00 | Antag R: 7772.00 | Delivery:  58.8% | Budget Used:  0.00/4000.0
Ep  139 | Phase: PROTAGO | Ticks: 784 | Protag R: -14303.00 | Antag R: 14304.00 | Delivery:  53.4% | Budget Used:  0.00/4000.0
Ep  140 | Phase: PROTAGO | Ticks: 789 | Protag R: -5900.00 | Antag R: 5900.00 | Delivery:  61.2% | Budget Used:  0.00/4000.0
Ep  141 | Phase: PROTAGO | Ticks: 789 | Protag R: -7841.00 | Antag R: 7843.00 | Delivery:  66.7% | Budget Used:  0.00/4000.0
Ep  142 | Phase: PROTAGO | Ticks: 795 | Protag R: -8708.00 | Antag R: 8709.00 | Delivery:  60.8% | Budget Used:  0.00/4000.0
Ep  143 | Phase: PROTAGO | Ticks: 792 | Protag R: -6962.00 | Antag R: 6963.00 | Delivery:  65.3% | Budget Used:  0.00/4000.0
Ep  144 | Phase: PROTAGO | Ticks: 787 | Protag R: -3132.00 | Antag R: 3133.00 | Delivery:  73.2% | Budget Used:  0.00/4000.0
Ep  145 | Phase: PROTAGO | Ticks: 795 | Protag R: -3353.00 | Antag R: 3354.00 | Delivery:  82.1% | Budget Used:  0.00/4000.0
Ep  146 | Phase: PROTAGO | Ticks: 799 | Protag R: -5343.00 | Antag R: 5344.00 | Delivery:  71.1% | Budget Used:  0.00/4000.0
Ep  147 | Phase: PROTAGO | Ticks: 791 | Protag R: -3872.00 | Antag R: 3873.00 | Delivery:  83.3% | Budget Used:  0.00/4000.0
Ep  148 | Phase: PROTAGO | Ticks: 789 | Protag R: -8814.00 | Antag R: 8815.00 | Delivery:  58.5% | Budget Used:  0.00/4000.0
Ep  149 | Phase: PROTAGO | Ticks: 794 | Protag R: -6939.00 | Antag R: 6940.00 | Delivery:  70.2% | Budget Used:  0.00/4000.0
Ep  150 | Phase: PROTAGO | Ticks: 789 | Protag R: -3511.00 | Antag R: 3511.00 | Delivery:  70.7% | Budget Used:  0.00/4000.0
  [EVAL ep 150] greedy_atk=5367 learned_atk=5880 gap=+513 +/-382 (neg = learned beats greedy under attack)
Saving checkpoints for both agents before phase switch...
Ep  151 | Phase: PROTAGO | Ticks: 790 | Protag R: -7379.00 | Antag R: 7380.00 | Delivery:  64.0% | Budget Used:  0.00/4000.0
Ep  152 | Phase: PROTAGO | Ticks: 791 | Protag R: -3342.00 | Antag R: 3342.00 | Delivery:  77.1% | Budget Used:  0.00/4000.0
Ep  153 | Phase: PROTAGO | Ticks: 798 | Protag R: -2936.00 | Antag R: 2936.00 | Delivery:  83.3% | Budget Used:  0.00/4000.0
Ep  154 | Phase: PROTAGO | Ticks: 798 | Protag R: -5818.00 | Antag R: 5819.00 | Delivery:  62.7% | Budget Used:  0.00/4000.0
Ep  155 | Phase: PROTAGO | Ticks: 795 | Protag R: -2216.00 | Antag R: 2217.00 | Delivery:  78.9% | Budget Used:  0.00/4000.0
Ep  156 | Phase: PROTAGO | Ticks: 793 | Protag R: -6721.00 | Antag R: 6722.00 | Delivery:  63.5% | Budget Used:  0.00/4000.0
Ep  157 | Phase: PROTAGO | Ticks: 785 | Protag R: -3208.00 | Antag R: 3208.00 | Delivery:  72.5% | Budget Used:  0.00/4000.0
Ep  158 | Phase: PROTAGO | Ticks: 792 | Protag R: -10807.00 | Antag R: 10808.00 | Delivery:  50.9% | Budget Used:  0.00/4000.0
Ep  159 | Phase: PROTAGO | Ticks: 776 | Protag R: -11494.00 | Antag R: 11495.00 | Delivery:  56.4% | Budget Used:  0.00/4000.0
Ep  160 | Phase: PROTAGO | Ticks: 779 | Protag R: -11685.00 | Antag R: 11685.00 | Delivery:  58.8% | Budget Used:  0.00/4000.0
Ep  161 | Phase: PROTAGO | Ticks: 785 | Protag R: -4941.00 | Antag R: 4942.00 | Delivery:  64.6% | Budget Used:  0.00/4000.0
Ep  162 | Phase: PROTAGO | Ticks: 796 | Protag R: -6697.00 | Antag R: 6698.00 | Delivery:  66.0% | Budget Used:  0.00/4000.0
Ep  163 | Phase: PROTAGO | Ticks: 793 | Protag R: -10995.00 | Antag R: 10996.00 | Delivery:  52.5% | Budget Used:  0.00/4000.0
Ep  164 | Phase: PROTAGO | Ticks: 783 | Protag R: -4034.00 | Antag R: 4035.00 | Delivery:  71.4% | Budget Used:  0.00/4000.0
Ep  165 | Phase: PROTAGO | Ticks: 793 | Protag R: -9227.00 | Antag R: 9228.00 | Delivery:  53.4% | Budget Used:  0.00/4000.0
Ep  166 | Phase: PROTAGO | Ticks: 797 | Protag R: -4438.00 | Antag R: 4439.00 | Delivery:  67.4% | Budget Used:  0.00/4000.0
Ep  167 | Phase: PROTAGO | Ticks: 796 | Protag R: -6266.00 | Antag R: 6267.00 | Delivery:  77.5% | Budget Used:  0.00/4000.0
Ep  168 | Phase: PROTAGO | Ticks: 794 | Protag R: -6544.00 | Antag R: 6545.00 | Delivery:  58.0% | Budget Used:  0.00/4000.0
Ep  169 | Phase: PROTAGO | Ticks: 780 | Protag R: -4012.00 | Antag R: 4013.00 | Delivery:  85.3% | Budget Used:  0.00/4000.0
Ep  170 | Phase: PROTAGO | Ticks: 798 | Protag R: -5101.00 | Antag R: 5101.00 | Delivery:  68.9% | Budget Used:  0.00/4000.0
Ep  171 | Phase: PROTAGO | Ticks: 783 | Protag R: -7458.00 | Antag R: 7459.00 | Delivery:  60.0% | Budget Used:  0.00/4000.0
Ep  172 | Phase: PROTAGO | Ticks: 794 | Protag R: -5200.00 | Antag R: 5201.00 | Delivery:  65.1% | Budget Used:  0.00/4000.0
Ep  173 | Phase: PROTAGO | Ticks: 787 | Protag R: -3656.00 | Antag R: 3657.00 | Delivery:  81.6% | Budget Used:  0.00/4000.0
Ep  174 | Phase: PROTAGO | Ticks: 799 | Protag R: -11324.00 | Antag R: 11326.00 | Delivery:  57.1% | Budget Used:  0.00/4000.0
Ep  175 | Phase: PROTAGO | Ticks: 787 | Protag R: -6580.00 | Antag R: 6581.00 | Delivery:  70.5% | Budget Used:  0.00/4000.0
Ep  176 | Phase: PROTAGO | Ticks: 797 | Protag R: -8693.00 | Antag R: 8694.00 | Delivery:  58.2% | Budget Used:  0.00/4000.0
Ep  177 | Phase: PROTAGO | Ticks: 796 | Protag R: -3425.00 | Antag R: 3425.00 | Delivery:  91.2% | Budget Used:  0.00/4000.0
Ep  178 | Phase: PROTAGO | Ticks: 796 | Protag R: -8911.00 | Antag R: 8912.00 | Delivery:  57.4% | Budget Used:  0.00/4000.0
Ep  179 | Phase: PROTAGO | Ticks: 784 | Protag R: -7385.00 | Antag R: 7386.00 | Delivery:  57.7% | Budget Used:  0.00/4000.0
Ep  180 | Phase: PROTAGO | Ticks: 782 | Protag R: -10674.00 | Antag R: 10675.00 | Delivery:  58.5% | Budget Used:  0.00/4000.0
Ep  181 | Phase: PROTAGO | Ticks: 795 | Protag R: -2401.00 | Antag R: 2401.00 | Delivery:  93.9% | Budget Used:  0.00/4000.0
Ep  182 | Phase: PROTAGO | Ticks: 797 | Protag R: -6708.00 | Antag R: 6708.00 | Delivery:  68.2% | Budget Used:  0.00/4000.0
Ep  183 | Phase: PROTAGO | Ticks: 792 | Protag R: -3990.00 | Antag R: 3991.00 | Delivery:  75.6% | Budget Used:  0.00/4000.0
Ep  184 | Phase: PROTAGO | Ticks: 790 | Protag R: -9190.00 | Antag R: 9192.00 | Delivery:  64.0% | Budget Used:  0.00/4000.0
Ep  185 | Phase: PROTAGO | Ticks: 791 | Protag R: -8228.00 | Antag R: 8228.00 | Delivery:  57.7% | Budget Used:  0.00/4000.0
Ep  186 | Phase: PROTAGO | Ticks: 799 | Protag R: -9339.00 | Antag R: 9340.00 | Delivery:  60.4% | Budget Used:  0.00/4000.0
Ep  187 | Phase: PROTAGO | Ticks: 797 | Protag R: -6951.00 | Antag R: 6952.00 | Delivery:  76.2% | Budget Used:  0.00/4000.0
Ep  188 | Phase: PROTAGO | Ticks: 791 | Protag R: -6107.00 | Antag R: 6108.00 | Delivery:  68.1% | Budget Used:  0.00/4000.0
Ep  189 | Phase: PROTAGO | Ticks: 786 | Protag R: -8134.00 | Antag R: 8134.00 | Delivery:  69.8% | Budget Used:  0.00/4000.0
Ep  190 | Phase: PROTAGO | Ticks: 796 | Protag R: -2914.00 | Antag R: 2915.00 | Delivery:  78.6% | Budget Used:  0.00/4000.0
Ep  191 | Phase: PROTAGO | Ticks: 790 | Protag R: -3416.00 | Antag R: 3417.00 | Delivery:  75.6% | Budget Used:  0.00/4000.0
Ep  192 | Phase: PROTAGO | Ticks: 795 | Protag R: -5257.00 | Antag R: 5258.00 | Delivery:  74.4% | Budget Used:  0.00/4000.0
Ep  193 | Phase: PROTAGO | Ticks: 776 | Protag R: -3831.00 | Antag R: 3832.00 | Delivery:  80.0% | Budget Used:  0.00/4000.0
Ep  194 | Phase: PROTAGO | Ticks: 799 | Protag R: -10002.00 | Antag R: 10003.00 | Delivery:  58.2% | Budget Used:  0.00/4000.0
Ep  195 | Phase: PROTAGO | Ticks: 796 | Protag R: -7299.00 | Antag R: 7299.00 | Delivery:  63.8% | Budget Used:  0.00/4000.0
Ep  196 | Phase: PROTAGO | Ticks: 795 | Protag R: -3933.00 | Antag R: 3934.00 | Delivery:  81.1% | Budget Used:  0.00/4000.0
Ep  197 | Phase: PROTAGO | Ticks: 795 | Protag R: -5327.00 | Antag R: 5328.00 | Delivery:  70.5% | Budget Used:  0.00/4000.0
Ep  198 | Phase: PROTAGO | Ticks: 786 | Protag R: -7409.00 | Antag R: 7410.00 | Delivery:  67.4% | Budget Used:  0.00/4000.0
Ep  199 | Phase: PROTAGO | Ticks: 790 | Protag R: -5771.00 | Antag R: 5771.00 | Delivery:  75.6% | Budget Used:  0.00/4000.0
Ep  200 | Phase: PROTAGO | Ticks: 799 | Protag R: -9385.00 | Antag R: 9386.00 | Delivery:  70.5% | Budget Used:  0.00/4000.0
  [EVAL ep 200] greedy_atk=5367 learned_atk=6059 gap=+692 +/-404 (neg = learned beats greedy under attack)
Saving checkpoints for both agents before phase switch...
Ep  201 | Phase: PROTAGO | Ticks: 786 | Protag R: -8356.00 | Antag R: 8356.00 | Delivery:  64.6% | Budget Used:  0.00/4000.0
Ep  202 | Phase: PROTAGO | Ticks: 780 | Protag R: -5849.00 | Antag R: 5850.00 | Delivery:  75.6% | Budget Used:  0.00/4000.0
Ep  203 | Phase: PROTAGO | Ticks: 795 | Protag R: -3437.00 | Antag R: 3438.00 | Delivery:  83.3% | Budget Used:  0.00/4000.0
Ep  204 | Phase: PROTAGO | Ticks: 789 | Protag R: -11306.00 | Antag R: 11306.00 | Delivery:  50.8% | Budget Used:  0.00/4000.0
Ep  205 | Phase: PROTAGO | Ticks: 796 | Protag R: -8050.00 | Antag R: 8050.00 | Delivery:  56.6% | Budget Used:  0.00/4000.0
Ep  206 | Phase: PROTAGO | Ticks: 791 | Protag R: -8725.00 | Antag R: 8725.00 | Delivery:  53.4% | Budget Used:  0.00/4000.0
Ep  207 | Phase: PROTAGO | Ticks: 788 | Protag R: -11062.00 | Antag R: 11063.00 | Delivery:  56.4% | Budget Used:  0.00/4000.0
Ep  208 | Phase: PROTAGO | Ticks: 799 | Protag R: -10596.00 | Antag R: 10597.00 | Delivery:  58.5% | Budget Used:  0.00/4000.0
Ep  209 | Phase: PROTAGO | Ticks: 783 | Protag R: -7870.00 | Antag R: 7871.00 | Delivery:  67.4% | Budget Used:  0.00/4000.0
Ep  210 | Phase: PROTAGO | Ticks: 799 | Protag R: -9659.00 | Antag R: 9660.00 | Delivery:  61.5% | Budget Used:  0.00/4000.0
Ep  211 | Phase: PROTAGO | Ticks: 797 | Protag R: -5871.00 | Antag R: 5872.00 | Delivery:  65.3% | Budget Used:  0.00/4000.0
Ep  212 | Phase: PROTAGO | Ticks: 799 | Protag R: -5121.00 | Antag R: 5122.00 | Delivery:  66.7% | Budget Used:  0.00/4000.0
Ep  213 | Phase: PROTAGO | Ticks: 799 | Protag R: -5110.00 | Antag R: 5111.00 | Delivery:  76.7% | Budget Used:  0.00/4000.0
Ep  214 | Phase: PROTAGO | Ticks: 781 | Protag R: -5028.00 | Antag R: 5029.00 | Delivery:  65.2% | Budget Used:  0.00/4000.0
Ep  215 | Phase: PROTAGO | Ticks: 786 | Protag R: -1731.00 | Antag R: 1731.00 | Delivery:  78.9% | Budget Used:  0.00/4000.0
Ep  216 | Phase: PROTAGO | Ticks: 786 | Protag R: -8928.00 | Antag R: 8929.00 | Delivery:  59.3% | Budget Used:  0.00/4000.0
Ep  217 | Phase: PROTAGO | Ticks: 799 | Protag R: -2381.00 | Antag R: 2382.00 | Delivery:  76.3% | Budget Used:  0.00/4000.0
Ep  218 | Phase: PROTAGO | Ticks: 779 | Protag R: -12348.00 | Antag R: 12349.00 | Delivery:  59.3% | Budget Used:  0.00/4000.0
Ep  219 | Phase: PROTAGO | Ticks: 793 | Protag R: -8436.00 | Antag R: 8437.00 | Delivery:  59.6% | Budget Used:  0.00/4000.0
Ep  220 | Phase: PROTAGO | Ticks: 785 | Protag R: -6762.00 | Antag R: 6764.00 | Delivery:  70.5% | Budget Used:  0.00/4000.0
Ep  221 | Phase: PROTAGO | Ticks: 796 | Protag R: -8205.00 | Antag R: 8206.00 | Delivery:  67.4% | Budget Used:  0.00/4000.0
Ep  222 | Phase: PROTAGO | Ticks: 795 | Protag R: -5420.00 | Antag R: 5421.00 | Delivery:  68.9% | Budget Used:  0.00/4000.0
Ep  223 | Phase: PROTAGO | Ticks: 784 | Protag R: -12134.00 | Antag R: 12135.00 | Delivery:  53.6% | Budget Used:  0.00/4000.0
Ep  224 | Phase: PROTAGO | Ticks: 789 | Protag R: -5910.00 | Antag R: 5911.00 | Delivery:  70.5% | Budget Used:  0.00/4000.0
Ep  225 | Phase: PROTAGO | Ticks: 784 | Protag R: -7139.00 | Antag R: 7140.00 | Delivery:  59.6% | Budget Used:  0.00/4000.0
Ep  226 | Phase: PROTAGO | Ticks: 798 | Protag R: -9899.00 | Antag R: 9901.00 | Delivery:  64.0% | Budget Used:  0.00/4000.0
Ep  227 | Phase: PROTAGO | Ticks: 782 | Protag R: -6131.00 | Antag R: 6132.00 | Delivery:  63.3% | Budget Used:  0.00/4000.0
Ep  228 | Phase: PROTAGO | Ticks: 784 | Protag R: -5467.00 | Antag R: 5467.00 | Delivery:  64.6% | Budget Used:  0.00/4000.0
Ep  229 | Phase: PROTAGO | Ticks: 789 | Protag R: -4882.00 | Antag R: 4882.00 | Delivery:  73.2% | Budget Used:  0.00/4000.0
Ep  230 | Phase: PROTAGO | Ticks: 784 | Protag R: -3810.00 | Antag R: 3810.00 | Delivery:  69.2% | Budget Used:  0.00/4000.0
Ep  231 | Phase: PROTAGO | Ticks: 791 | Protag R: -10628.00 | Antag R: 10629.00 | Delivery:  61.1% | Budget Used:  0.00/4000.0
Ep  232 | Phase: PROTAGO | Ticks: 784 | Protag R: -13084.00 | Antag R: 13085.00 | Delivery:  59.3% | Budget Used:  0.00/4000.0
Ep  233 | Phase: PROTAGO | Ticks: 784 | Protag R: -4716.00 | Antag R: 4716.00 | Delivery:  78.9% | Budget Used:  0.00/4000.0
Ep  234 | Phase: PROTAGO | Ticks: 798 | Protag R: -7244.00 | Antag R: 7244.00 | Delivery:  67.4% | Budget Used:  0.00/4000.0
Ep  235 | Phase: PROTAGO | Ticks: 794 | Protag R: -8653.00 | Antag R: 8654.00 | Delivery:  59.6% | Budget Used:  0.00/4000.0
Ep  236 | Phase: PROTAGO | Ticks: 786 | Protag R: -9301.00 | Antag R: 9302.00 | Delivery:  57.4% | Budget Used:  0.00/4000.0
Ep  237 | Phase: PROTAGO | Ticks: 785 | Protag R: -8322.00 | Antag R: 8322.00 | Delivery:  62.5% | Budget Used:  0.00/4000.0
Ep  238 | Phase: PROTAGO | Ticks: 794 | Protag R: -5191.00 | Antag R: 5192.00 | Delivery:  72.7% | Budget Used:  0.00/4000.0
Ep  239 | Phase: PROTAGO | Ticks: 799 | Protag R: -12455.00 | Antag R: 12456.00 | Delivery:  57.4% | Budget Used:  0.00/4000.0
Ep  240 | Phase: PROTAGO | Ticks: 796 | Protag R: -5799.00 | Antag R: 5799.00 | Delivery:  78.0% | Budget Used:  0.00/4000.0
Ep  241 | Phase: PROTAGO | Ticks: 785 | Protag R: -7442.00 | Antag R: 7442.00 | Delivery:  69.8% | Budget Used:  0.00/4000.0
Ep  242 | Phase: PROTAGO | Ticks: 786 | Protag R: -7830.00 | Antag R: 7831.00 | Delivery:  60.8% | Budget Used:  0.00/4000.0
Ep  243 | Phase: PROTAGO | Ticks: 795 | Protag R: -11147.00 | Antag R: 11148.00 | Delivery:  58.5% | Budget Used:  0.00/4000.0
Ep  244 | Phase: PROTAGO | Ticks: 778 | Protag R: -11511.00 | Antag R: 11512.00 | Delivery:  57.1% | Budget Used:  0.00/4000.0
Ep  245 | Phase: PROTAGO | Ticks: 795 | Protag R: -5495.00 | Antag R: 5496.00 | Delivery:  75.6% | Budget Used:  0.00/4000.0
Ep  246 | Phase: PROTAGO | Ticks: 793 | Protag R: -7605.00 | Antag R: 7606.00 | Delivery:  71.1% | Budget Used:  0.00/4000.0
Ep  247 | Phase: PROTAGO | Ticks: 798 | Protag R: -2346.00 | Antag R: 2347.00 | Delivery:  86.1% | Budget Used:  0.00/4000.0
Ep  248 | Phase: PROTAGO | Ticks: 797 | Protag R: -7788.00 | Antag R: 7788.00 | Delivery:  65.3% | Budget Used:  0.00/4000.0
Ep  249 | Phase: PROTAGO | Ticks: 794 | Protag R: -6747.00 | Antag R: 6747.00 | Delivery:  61.7% | Budget Used:  0.00/4000.0
Ep  250 | Phase: PROTAGO | Ticks: 799 | Protag R: -4890.00 | Antag R: 4891.00 | Delivery:  70.7% | Budget Used:  0.00/4000.0
  [EVAL ep 250] greedy_atk=5367 learned_atk=6532 gap=+1165 +/-1011 (neg = learned beats greedy under attack)
Saving checkpoints for both agents before phase switch...
Ep  251 | Phase: PROTAGO | Ticks: 799 | Protag R: -10463.00 | Antag R: 10464.00 | Delivery:  50.0% | Budget Used:  0.00/4000.0
Ep  252 | Phase: PROTAGO | Ticks: 797 | Protag R: -6440.00 | Antag R: 6441.00 | Delivery:  78.6% | Budget Used:  0.00/4000.0
Ep  253 | Phase: PROTAGO | Ticks: 796 | Protag R: -8947.00 | Antag R: 8949.00 | Delivery:  64.0% | Budget Used:  0.00/4000.0
Ep  254 | Phase: PROTAGO | Ticks: 782 | Protag R: -10308.00 | Antag R: 10309.00 | Delivery:  62.0% | Budget Used:  0.00/4000.0
Ep  255 | Phase: PROTAGO | Ticks: 788 | Protag R: -8673.00 | Antag R: 8673.00 | Delivery:  55.6% | Budget Used:  0.00/4000.0
Ep  256 | Phase: PROTAGO | Ticks: 797 | Protag R: -4750.00 | Antag R: 4751.00 | Delivery:  65.9% | Budget Used:  0.00/4000.0
Ep  257 | Phase: PROTAGO | Ticks: 792 | Protag R: -7307.00 | Antag R: 7308.00 | Delivery:  62.5% | Budget Used:  0.00/4000.0
Ep  258 | Phase: PROTAGO | Ticks: 784 | Protag R: -3626.00 | Antag R: 3627.00 | Delivery:  75.6% | Budget Used:  0.00/4000.0
Ep  259 | Phase: PROTAGO | Ticks: 798 | Protag R: -8533.00 | Antag R: 8534.00 | Delivery:  66.7% | Budget Used:  0.00/4000.0
Ep  260 | Phase: PROTAGO | Ticks: 797 | Protag R: -11127.00 | Antag R: 11128.00 | Delivery:  55.0% | Budget Used:  0.00/4000.0
Ep  261 | Phase: PROTAGO | Ticks: 782 | Protag R: -5990.00 | Antag R: 5991.00 | Delivery:  69.8% | Budget Used:  0.00/4000.0
Ep  262 | Phase: PROTAGO | Ticks: 797 | Protag R: -7716.00 | Antag R: 7717.00 | Delivery:  60.8% | Budget Used:  0.00/4000.0
Ep  263 | Phase: PROTAGO | Ticks: 793 | Protag R: -3716.00 | Antag R: 3716.00 | Delivery:  84.2% | Budget Used:  0.00/4000.0
Ep  264 | Phase: PROTAGO | Ticks: 798 | Protag R: -4952.00 | Antag R: 4953.00 | Delivery:  70.7% | Budget Used:  0.00/4000.0
Ep  265 | Phase: PROTAGO | Ticks: 792 | Protag R: -6022.00 | Antag R: 6022.00 | Delivery:  64.6% | Budget Used:  0.00/4000.0
Ep  266 | Phase: PROTAGO | Ticks: 784 | Protag R: -12457.00 | Antag R: 12458.00 | Delivery:  50.0% | Budget Used:  0.00/4000.0
Ep  267 | Phase: PROTAGO | Ticks: 793 | Protag R: -6662.00 | Antag R: 6662.00 | Delivery:  60.0% | Budget Used:  0.00/4000.0
Ep  268 | Phase: PROTAGO | Ticks: 794 | Protag R: -5226.00 | Antag R: 5227.00 | Delivery:  61.2% | Budget Used:  0.00/4000.0
Ep  269 | Phase: PROTAGO | Ticks: 796 | Protag R: -4198.00 | Antag R: 4199.00 | Delivery:  74.4% | Budget Used:  0.00/4000.0
Ep  270 | Phase: PROTAGO | Ticks: 789 | Protag R: -6375.00 | Antag R: 6376.00 | Delivery:  61.2% | Budget Used:  0.00/4000.0
Ep  271 | Phase: PROTAGO | Ticks: 790 | Protag R: -9634.00 | Antag R: 9635.00 | Delivery:  54.4% | Budget Used:  0.00/4000.0
Ep  272 | Phase: PROTAGO | Ticks: 775 | Protag R: -10051.00 | Antag R: 10052.00 | Delivery:  67.4% | Budget Used:  0.00/4000.0
Ep  273 | Phase: PROTAGO | Ticks: 792 | Protag R: -6597.00 | Antag R: 6598.00 | Delivery:  71.1% | Budget Used:  0.00/4000.0
Ep  274 | Phase: PROTAGO | Ticks: 799 | Protag R: -9044.00 | Antag R: 9044.00 | Delivery:  58.5% | Budget Used:  0.00/4000.0
Ep  275 | Phase: PROTAGO | Ticks: 790 | Protag R: -8520.00 | Antag R: 8521.00 | Delivery:  67.4% | Budget Used:  0.00/4000.0
Ep  276 | Phase: PROTAGO | Ticks: 795 | Protag R: -6566.00 | Antag R: 6566.00 | Delivery:  66.0% | Budget Used:  0.00/4000.0
Ep  277 | Phase: PROTAGO | Ticks: 798 | Protag R: -8881.00 | Antag R: 8883.00 | Delivery:  68.9% | Budget Used:  0.00/4000.0
Ep  278 | Phase: PROTAGO | Ticks: 797 | Protag R: -4602.00 | Antag R: 4603.00 | Delivery:  66.7% | Budget Used:  0.00/4000.0
Ep  279 | Phase: PROTAGO | Ticks: 786 | Protag R: -5559.00 | Antag R: 5560.00 | Delivery:  64.6% | Budget Used:  0.00/4000.0
Ep  280 | Phase: PROTAGO | Ticks: 788 | Protag R: -10730.00 | Antag R: 10731.00 | Delivery:  55.4% | Budget Used:  0.00/4000.0
Ep  281 | Phase: PROTAGO | Ticks: 788 | Protag R: -5812.00 | Antag R: 5813.00 | Delivery:  74.4% | Budget Used:  0.00/4000.0
Ep  282 | Phase: PROTAGO | Ticks: 793 | Protag R: -7217.00 | Antag R: 7219.00 | Delivery:  69.6% | Budget Used:  0.00/4000.0
Ep  283 | Phase: PROTAGO | Ticks: 790 | Protag R: -10705.00 | Antag R: 10705.00 | Delivery:  50.0% | Budget Used:  0.00/4000.0
Ep  284 | Phase: PROTAGO | Ticks: 780 | Protag R: -6978.00 | Antag R: 6978.00 | Delivery:  63.8% | Budget Used:  0.00/4000.0
Ep  285 | Phase: PROTAGO | Ticks: 786 | Protag R: -3531.00 | Antag R: 3531.00 | Delivery:  73.5% | Budget Used:  0.00/4000.0
Ep  286 | Phase: PROTAGO | Ticks: 775 | Protag R: -3713.00 | Antag R: 3713.00 | Delivery:  70.0% | Budget Used:  0.00/4000.0
Ep  287 | Phase: PROTAGO | Ticks: 775 | Protag R: -4570.00 | Antag R: 4571.00 | Delivery:  66.7% | Budget Used:  0.00/4000.0
Ep  288 | Phase: PROTAGO | Ticks: 799 | Protag R: -9231.00 | Antag R: 9232.00 | Delivery:  53.3% | Budget Used:  0.00/4000.0
Ep  289 | Phase: PROTAGO | Ticks: 792 | Protag R: -8369.00 | Antag R: 8370.00 | Delivery:  60.0% | Budget Used:  0.00/4000.0
Ep  290 | Phase: PROTAGO | Ticks: 794 | Protag R: -8634.00 | Antag R: 8635.00 | Delivery:  69.6% | Budget Used:  0.00/4000.0
Ep  291 | Phase: PROTAGO | Ticks: 799 | Protag R: -9360.00 | Antag R: 9361.00 | Delivery:  55.9% | Budget Used:  0.00/4000.0
Ep  292 | Phase: PROTAGO | Ticks: 783 | Protag R: -8585.00 | Antag R: 8586.00 | Delivery:  68.1% | Budget Used:  0.00/4000.0
Ep  293 | Phase: PROTAGO | Ticks: 797 | Protag R: -9532.00 | Antag R: 9533.00 | Delivery:  62.5% | Budget Used:  0.00/4000.0
Ep  294 | Phase: PROTAGO | Ticks: 796 | Protag R: -11350.00 | Antag R: 11351.00 | Delivery:  48.4% | Budget Used:  0.00/4000.0
Ep  295 | Phase: PROTAGO | Ticks: 794 | Protag R: -5921.00 | Antag R: 5922.00 | Delivery:  68.8% | Budget Used:  0.00/4000.0
Ep  296 | Phase: PROTAGO | Ticks: 795 | Protag R: -6997.00 | Antag R: 6997.00 | Delivery:  56.9% | Budget Used:  0.00/4000.0
Ep  297 | Phase: PROTAGO | Ticks: 795 | Protag R: -3994.00 | Antag R: 3995.00 | Delivery:  80.0% | Budget Used:  0.00/4000.0
Ep  298 | Phase: PROTAGO | Ticks: 796 | Protag R: -10574.00 | Antag R: 10575.00 | Delivery:  60.4% | Budget Used:  0.00/4000.0
Ep  299 | Phase: PROTAGO | Ticks: 798 | Protag R: -9982.00 | Antag R: 9982.00 | Delivery:  59.6% | Budget Used:  0.00/4000.0
Ep  300 | Phase: PROTAGO | Ticks: 797 | Protag R: -6866.00 | Antag R: 6866.00 | Delivery:  60.4% | Budget Used:  0.00/4000.0
  [EVAL ep 300] greedy_atk=5367 learned_atk=6500 gap=+1133 +/-974 (neg = learned beats greedy under attack)
Saving checkpoints for both agents before phase switch...
Ep  301 | Phase: PROTAGO | Ticks: 780 | Protag R: -1888.00 | Antag R: 1889.00 | Delivery:  91.2% | Budget Used:  0.00/4000.0
Ep  302 | Phase: PROTAGO | Ticks: 794 | Protag R: -4485.00 | Antag R: 4486.00 | Delivery:  70.7% | Budget Used:  0.00/4000.0
Ep  303 | Phase: PROTAGO | Ticks: 789 | Protag R: -6925.00 | Antag R: 6926.00 | Delivery:  70.5% | Budget Used:  0.00/4000.0
Ep  304 | Phase: PROTAGO | Ticks: 799 | Protag R: -6001.00 | Antag R: 6002.00 | Delivery:  63.3% | Budget Used:  0.00/4000.0
Ep  305 | Phase: PROTAGO | Ticks: 785 | Protag R: -5012.00 | Antag R: 5013.00 | Delivery:  71.4% | Budget Used:  0.00/4000.0
Ep  306 | Phase: PROTAGO | Ticks: 789 | Protag R: -9776.00 | Antag R: 9776.00 | Delivery:  62.5% | Budget Used:  0.00/4000.0
Ep  307 | Phase: PROTAGO | Ticks: 784 | Protag R: -8151.00 | Antag R: 8152.00 | Delivery:  56.4% | Budget Used:  0.00/4000.0
Ep  308 | Phase: PROTAGO | Ticks: 780 | Protag R: -10245.00 | Antag R: 10245.00 | Delivery:  63.0% | Budget Used:  0.00/4000.0
Ep  309 | Phase: PROTAGO | Ticks: 783 | Protag R: -7326.00 | Antag R: 7327.00 | Delivery:  62.0% | Budget Used:  0.00/4000.0
Ep  310 | Phase: PROTAGO | Ticks: 799 | Protag R: -6491.00 | Antag R: 6493.00 | Delivery:  58.8% | Budget Used:  0.00/4000.0
Ep  311 | Phase: PROTAGO | Ticks: 799 | Protag R: -8298.00 | Antag R: 8299.00 | Delivery:  63.3% | Budget Used:  0.00/4000.0
Ep  312 | Phase: PROTAGO | Ticks: 799 | Protag R: -8922.00 | Antag R: 8923.00 | Delivery:  74.4% | Budget Used:  0.00/4000.0
Ep  313 | Phase: PROTAGO | Ticks: 779 | Protag R: -7575.00 | Antag R: 7575.00 | Delivery:  65.2% | Budget Used:  0.00/4000.0
Ep  314 | Phase: PROTAGO | Ticks: 795 | Protag R: -4589.00 | Antag R: 4591.00 | Delivery:  73.3% | Budget Used:  0.00/4000.0
Ep  315 | Phase: PROTAGO | Ticks: 786 | Protag R: -5280.00 | Antag R: 5281.00 | Delivery:  66.7% | Budget Used:  0.00/4000.0
Ep  316 | Phase: PROTAGO | Ticks: 795 | Protag R: -5410.00 | Antag R: 5411.00 | Delivery:  62.0% | Budget Used:  0.00/4000.0
Ep  317 | Phase: PROTAGO | Ticks: 780 | Protag R: -15481.00 | Antag R: 15482.00 | Delivery:  41.7% | Budget Used:  0.00/4000.0
Ep  318 | Phase: PROTAGO | Ticks: 794 | Protag R: -4495.00 | Antag R: 4496.00 | Delivery:  69.8% | Budget Used:  0.00/4000.0
Ep  319 | Phase: PROTAGO | Ticks: 789 | Protag R: -4335.00 | Antag R: 4336.00 | Delivery:  76.2% | Budget Used:  0.00/4000.0
Ep  320 | Phase: PROTAGO | Ticks: 790 | Protag R: -3067.00 | Antag R: 3067.00 | Delivery:  78.8% | Budget Used:  0.00/4000.0
Ep  321 | Phase: PROTAGO | Ticks: 793 | Protag R: -4732.00 | Antag R: 4733.00 | Delivery:  60.4% | Budget Used:  0.00/4000.0
Ep  322 | Phase: PROTAGO | Ticks: 783 | Protag R: -2531.00 | Antag R: 2532.00 | Delivery:  73.8% | Budget Used:  0.00/4000.0
Ep  323 | Phase: PROTAGO | Ticks: 792 | Protag R: -6941.00 | Antag R: 6942.00 | Delivery:  59.6% | Budget Used:  0.00/4000.0
Ep  324 | Phase: PROTAGO | Ticks: 797 | Protag R: -9977.00 | Antag R: 9978.00 | Delivery:  58.2% | Budget Used:  0.00/4000.0
Ep  325 | Phase: PROTAGO | Ticks: 783 | Protag R: -3761.00 | Antag R: 3762.00 | Delivery:  71.1% | Budget Used:  0.00/4000.0
Ep  326 | Phase: PROTAGO | Ticks: 796 | Protag R: -2988.00 | Antag R: 2989.00 | Delivery:  85.7% | Budget Used:  0.00/4000.0
Ep  327 | Phase: PROTAGO | Ticks: 788 | Protag R: -4829.00 | Antag R: 4830.00 | Delivery:  80.0% | Budget Used:  0.00/4000.0
Ep  328 | Phase: PROTAGO | Ticks: 785 | Protag R: -5779.00 | Antag R: 5779.00 | Delivery:  71.4% | Budget Used:  0.00/4000.0
Ep  329 | Phase: PROTAGO | Ticks: 783 | Protag R: -13142.00 | Antag R: 13142.00 | Delivery:  47.6% | Budget Used:  0.00/4000.0
Ep  330 | Phase: PROTAGO | Ticks: 798 | Protag R: -9109.00 | Antag R: 9110.00 | Delivery:  54.4% | Budget Used:  0.00/4000.0
Ep  331 | Phase: PROTAGO | Ticks: 793 | Protag R: -5452.00 | Antag R: 5453.00 | Delivery:  64.6% | Budget Used:  0.00/4000.0
Ep  332 | Phase: PROTAGO | Ticks: 791 | Protag R: -3616.00 | Antag R: 3617.00 | Delivery:  76.7% | Budget Used:  0.00/4000.0
Ep  333 | Phase: PROTAGO | Ticks: 793 | Protag R: -5977.00 | Antag R: 5978.00 | Delivery:  66.0% | Budget Used:  0.00/4000.0
Ep  334 | Phase: PROTAGO | Ticks: 785 | Protag R: -7494.00 | Antag R: 7495.00 | Delivery:  68.1% | Budget Used:  0.00/4000.0
Ep  335 | Phase: PROTAGO | Ticks: 789 | Protag R: -7370.00 | Antag R: 7371.00 | Delivery:  69.6% | Budget Used:  0.00/4000.0
Ep  336 | Phase: PROTAGO | Ticks: 793 | Protag R: -4367.00 | Antag R: 4368.00 | Delivery:  74.4% | Budget Used:  0.00/4000.0
Ep  337 | Phase: PROTAGO | Ticks: 796 | Protag R: -4918.00 | Antag R: 4919.00 | Delivery:  66.0% | Budget Used:  0.00/4000.0
Ep  338 | Phase: PROTAGO | Ticks: 788 | Protag R: -8861.00 | Antag R: 8861.00 | Delivery:  63.3% | Budget Used:  0.00/4000.0
Ep  339 | Phase: PROTAGO | Ticks: 792 | Protag R: -4785.00 | Antag R: 4786.00 | Delivery:  69.8% | Budget Used:  0.00/4000.0
Ep  340 | Phase: PROTAGO | Ticks: 789 | Protag R: -7938.00 | Antag R: 7939.00 | Delivery:  71.1% | Budget Used:  0.00/4000.0
Ep  341 | Phase: PROTAGO | Ticks: 787 | Protag R: -10038.00 | Antag R: 10039.00 | Delivery:  62.0% | Budget Used:  0.00/4000.0
Ep  342 | Phase: PROTAGO | Ticks: 795 | Protag R: -5970.00 | Antag R: 5970.00 | Delivery:  66.0% | Budget Used:  0.00/4000.0
Ep  343 | Phase: PROTAGO | Ticks: 779 | Protag R: -8451.00 | Antag R: 8452.00 | Delivery:  67.4% | Budget Used:  0.00/4000.0
Ep  344 | Phase: PROTAGO | Ticks: 778 | Protag R: -5733.00 | Antag R: 5733.00 | Delivery:  70.0% | Budget Used:  0.00/4000.0
Ep  345 | Phase: PROTAGO | Ticks: 797 | Protag R: -5542.00 | Antag R: 5543.00 | Delivery:  78.0% | Budget Used:  0.00/4000.0
Ep  346 | Phase: PROTAGO | Ticks: 792 | Protag R: -7121.00 | Antag R: 7122.00 | Delivery:  58.5% | Budget Used:  0.00/4000.0
Ep  347 | Phase: PROTAGO | Ticks: 795 | Protag R: -6369.00 | Antag R: 6370.00 | Delivery:  67.4% | Budget Used:  0.00/4000.0
Ep  348 | Phase: PROTAGO | Ticks: 790 | Protag R: -2819.00 | Antag R: 2819.00 | Delivery:  90.9% | Budget Used:  0.00/4000.0
Ep  349 | Phase: PROTAGO | Ticks: 788 | Protag R: -9495.00 | Antag R: 9496.00 | Delivery:  59.6% | Budget Used:  0.00/4000.0
Ep  350 | Phase: PROTAGO | Ticks: 797 | Protag R: -6649.00 | Antag R: 6650.00 | Delivery:  66.0% | Budget Used:  0.00/4000.0
  [EVAL ep 350] greedy_atk=5367 learned_atk=6074 gap=+707 +/-525 (neg = learned beats greedy under attack)
Saving checkpoints for both agents before phase switch...
Ep  351 | Phase: PROTAGO | Ticks: 791 | Protag R: -5553.00 | Antag R: 5553.00 | Delivery:  70.7% | Budget Used:  0.00/4000.0
Ep  352 | Phase: PROTAGO | Ticks: 794 | Protag R: -7549.00 | Antag R: 7550.00 | Delivery:  71.1% | Budget Used:  0.00/4000.0
Ep  353 | Phase: PROTAGO | Ticks: 796 | Protag R: -5029.00 | Antag R: 5029.00 | Delivery:  59.2% | Budget Used:  0.00/4000.0
Ep  354 | Phase: PROTAGO | Ticks: 799 | Protag R: -8201.00 | Antag R: 8202.00 | Delivery:  67.4% | Budget Used:  0.00/4000.0
Ep  355 | Phase: PROTAGO | Ticks: 795 | Protag R: -6592.00 | Antag R: 6593.00 | Delivery:  64.0% | Budget Used:  0.00/4000.0
Ep  356 | Phase: PROTAGO | Ticks: 799 | Protag R: -7258.00 | Antag R: 7259.00 | Delivery:  66.7% | Budget Used:  0.00/4000.0
Ep  357 | Phase: PROTAGO | Ticks: 799 | Protag R: -4149.00 | Antag R: 4150.00 | Delivery:  72.1% | Budget Used:  0.00/4000.0
Ep  358 | Phase: PROTAGO | Ticks: 785 | Protag R: -4865.00 | Antag R: 4865.00 | Delivery:  71.8% | Budget Used:  0.00/4000.0
Ep  359 | Phase: PROTAGO | Ticks: 793 | Protag R: -7336.00 | Antag R: 7337.00 | Delivery:  65.2% | Budget Used:  0.00/4000.0
Ep  360 | Phase: PROTAGO | Ticks: 784 | Protag R: -6439.00 | Antag R: 6440.00 | Delivery:  67.4% | Budget Used:  0.00/4000.0
Ep  361 | Phase: PROTAGO | Ticks: 787 | Protag R: -9505.00 | Antag R: 9506.00 | Delivery:  66.7% | Budget Used:  0.00/4000.0
Ep  362 | Phase: PROTAGO | Ticks: 793 | Protag R: -10004.00 | Antag R: 10005.00 | Delivery:  62.3% | Budget Used:  0.00/4000.0
Ep  363 | Phase: PROTAGO | Ticks: 794 | Protag R: -14524.00 | Antag R: 14525.00 | Delivery:  54.2% | Budget Used:  0.00/4000.0
Ep  364 | Phase: PROTAGO | Ticks: 795 | Protag R: -12672.00 | Antag R: 12672.00 | Delivery:  56.4% | Budget Used:  0.00/4000.0
Ep  365 | Phase: PROTAGO | Ticks: 781 | Protag R: -5036.00 | Antag R: 5037.00 | Delivery:  77.5% | Budget Used:  0.00/4000.0
Ep  366 | Phase: PROTAGO | Ticks: 782 | Protag R: -11317.00 | Antag R: 11318.00 | Delivery:  58.2% | Budget Used:  0.00/4000.0
Ep  367 | Phase: PROTAGO | Ticks: 776 | Protag R: -7644.00 | Antag R: 7644.00 | Delivery:  58.8% | Budget Used:  0.00/4000.0
Ep  368 | Phase: PROTAGO | Ticks: 797 | Protag R: -8107.00 | Antag R: 8108.00 | Delivery:  64.6% | Budget Used:  0.00/4000.0
Ep  369 | Phase: PROTAGO | Ticks: 797 | Protag R: -7385.00 | Antag R: 7386.00 | Delivery:  62.7% | Budget Used:  0.00/4000.0
Ep  370 | Phase: PROTAGO | Ticks: 795 | Protag R: -6883.00 | Antag R: 6884.00 | Delivery:  68.9% | Budget Used:  0.00/4000.0
Ep  371 | Phase: PROTAGO | Ticks: 787 | Protag R: -11557.00 | Antag R: 11558.00 | Delivery:  60.8% | Budget Used:  0.00/4000.0
Ep  372 | Phase: PROTAGO | Ticks: 788 | Protag R: -5545.00 | Antag R: 5545.00 | Delivery:  63.4% | Budget Used:  0.00/4000.0
Ep  373 | Phase: PROTAGO | Ticks: 795 | Protag R: -7921.00 | Antag R: 7921.00 | Delivery:  60.0% | Budget Used:  0.00/4000.0
Ep  374 | Phase: PROTAGO | Ticks: 793 | Protag R: -5034.00 | Antag R: 5035.00 | Delivery:  65.3% | Budget Used:  0.00/4000.0
Ep  375 | Phase: PROTAGO | Ticks: 788 | Protag R: -16026.00 | Antag R: 16027.00 | Delivery:  45.1% | Budget Used:  0.00/4000.0
Ep  376 | Phase: PROTAGO | Ticks: 795 | Protag R: -2041.00 | Antag R: 2042.00 | Delivery:  79.4% | Budget Used:  0.00/4000.0
Ep  377 | Phase: PROTAGO | Ticks: 786 | Protag R: -5168.00 | Antag R: 5169.00 | Delivery:  73.8% | Budget Used:  0.00/4000.0
Ep  378 | Phase: PROTAGO | Ticks: 796 | Protag R: -6952.00 | Antag R: 6953.00 | Delivery:  70.5% | Budget Used:  0.00/4000.0
Ep  379 | Phase: PROTAGO | Ticks: 787 | Protag R: -6516.00 | Antag R: 6516.00 | Delivery:  66.7% | Budget Used:  0.00/4000.0
Ep  380 | Phase: PROTAGO | Ticks: 799 | Protag R: -6711.00 | Antag R: 6712.00 | Delivery:  72.7% | Budget Used:  0.00/4000.0
Ep  381 | Phase: PROTAGO | Ticks: 796 | Protag R: -3613.00 | Antag R: 3614.00 | Delivery:  70.5% | Budget Used:  0.00/4000.0
Ep  382 | Phase: PROTAGO | Ticks: 777 | Protag R: -6957.00 | Antag R: 6958.00 | Delivery:  68.9% | Budget Used:  0.00/4000.0
Ep  383 | Phase: PROTAGO | Ticks: 797 | Protag R: -5786.00 | Antag R: 5787.00 | Delivery:  70.5% | Budget Used:  0.00/4000.0
Ep  384 | Phase: PROTAGO | Ticks: 796 | Protag R: -10525.00 | Antag R: 10526.00 | Delivery:  60.4% | Budget Used:  0.00/4000.0
Ep  385 | Phase: PROTAGO | Ticks: 796 | Protag R: -10085.00 | Antag R: 10086.00 | Delivery:  52.7% | Budget Used:  0.00/4000.0
Ep  386 | Phase: PROTAGO | Ticks: 791 | Protag R: -6192.00 | Antag R: 6192.00 | Delivery:  70.0% | Budget Used:  0.00/4000.0
Ep  387 | Phase: PROTAGO | Ticks: 794 | Protag R: -9162.00 | Antag R: 9163.00 | Delivery:  50.9% | Budget Used:  0.00/4000.0
Ep  388 | Phase: PROTAGO | Ticks: 799 | Protag R: -2051.00 | Antag R: 2052.00 | Delivery:  86.1% | Budget Used:  0.00/4000.0
Ep  389 | Phase: PROTAGO | Ticks: 797 | Protag R: -3901.00 | Antag R: 3902.00 | Delivery:  68.9% | Budget Used:  0.00/4000.0
Ep  390 | Phase: PROTAGO | Ticks: 794 | Protag R: -7577.00 | Antag R: 7578.00 | Delivery:  67.4% | Budget Used:  0.00/4000.0
Ep  391 | Phase: PROTAGO | Ticks: 786 | Protag R: -9355.00 | Antag R: 9355.00 | Delivery:  51.9% | Budget Used:  0.00/4000.0
Ep  392 | Phase: PROTAGO | Ticks: 798 | Protag R: -12640.00 | Antag R: 12641.00 | Delivery:  55.0% | Budget Used:  0.00/4000.0
Ep  393 | Phase: PROTAGO | Ticks: 786 | Protag R: -4731.00 | Antag R: 4731.00 | Delivery:  66.7% | Budget Used:  0.00/4000.0
Ep  394 | Phase: PROTAGO | Ticks: 799 | Protag R: -9970.00 | Antag R: 9970.00 | Delivery:  47.5% | Budget Used:  0.00/4000.0
Ep  395 | Phase: PROTAGO | Ticks: 780 | Protag R: -6923.00 | Antag R: 6924.00 | Delivery:  59.6% | Budget Used:  0.00/4000.0
Ep  396 | Phase: PROTAGO | Ticks: 790 | Protag R: -10557.00 | Antag R: 10558.00 | Delivery:  60.4% | Budget Used:  0.00/4000.0
Ep  397 | Phase: PROTAGO | Ticks: 792 | Protag R: -10714.00 | Antag R: 10715.00 | Delivery:  53.4% | Budget Used:  0.00/4000.0
Ep  398 | Phase: PROTAGO | Ticks: 799 | Protag R: -6666.00 | Antag R: 6667.00 | Delivery:  65.2% | Budget Used:  0.00/4000.0
Ep  399 | Phase: PROTAGO | Ticks: 799 | Protag R: -6125.00 | Antag R: 6126.00 | Delivery:  69.6% | Budget Used:  0.00/4000.0
Ep  400 | Phase: PROTAGO | Ticks: 790 | Protag R: -11923.00 | Antag R: 11924.00 | Delivery:  55.4% | Budget Used:  0.00/4000.0
  [EVAL ep 400] greedy_atk=5367 learned_atk=6065 gap=+698 +/-407 (neg = learned beats greedy under attack)
Saving checkpoints for both agents before phase switch...
Ep  401 | Phase: PROTAGO | Ticks: 791 | Protag R: -6178.00 | Antag R: 6178.00 | Delivery:  65.9% | Budget Used:  0.00/4000.0
Ep  402 | Phase: PROTAGO | Ticks: 783 | Protag R: -5962.00 | Antag R: 5962.00 | Delivery:  65.1% | Budget Used:  0.00/4000.0
Ep  403 | Phase: PROTAGO | Ticks: 792 | Protag R: -7712.00 | Antag R: 7713.00 | Delivery:  63.3% | Budget Used:  0.00/4000.0
Ep  404 | Phase: PROTAGO | Ticks: 793 | Protag R: -2137.00 | Antag R: 2138.00 | Delivery:  78.9% | Budget Used:  0.00/4000.0
Ep  405 | Phase: PROTAGO | Ticks: 798 | Protag R: -4952.00 | Antag R: 4953.00 | Delivery:  73.3% | Budget Used:  0.00/4000.0
Ep  406 | Phase: PROTAGO | Ticks: 786 | Protag R: -8767.00 | Antag R: 8768.00 | Delivery:  61.2% | Budget Used:  0.00/4000.0
Ep  407 | Phase: PROTAGO | Ticks: 798 | Protag R: -7371.00 | Antag R: 7372.00 | Delivery:  69.0% | Budget Used:  0.00/4000.0
Ep  408 | Phase: PROTAGO | Ticks: 797 | Protag R: -11321.00 | Antag R: 11322.00 | Delivery:  56.1% | Budget Used:  0.00/4000.0
Ep  409 | Phase: PROTAGO | Ticks: 792 | Protag R: -4774.00 | Antag R: 4775.00 | Delivery:  75.6% | Budget Used:  0.00/4000.0
Ep  410 | Phase: PROTAGO | Ticks: 789 | Protag R: -2147.00 | Antag R: 2148.00 | Delivery:  75.6% | Budget Used:  0.00/4000.0
Ep  411 | Phase: PROTAGO | Ticks: 799 | Protag R: -8405.00 | Antag R: 8406.00 | Delivery:  64.0% | Budget Used:  0.00/4000.0
Ep  412 | Phase: PROTAGO | Ticks: 779 | Protag R: -5850.00 | Antag R: 5851.00 | Delivery:  68.9% | Budget Used:  0.00/4000.0
Ep  413 | Phase: PROTAGO | Ticks: 797 | Protag R: -9012.00 | Antag R: 9013.00 | Delivery:  64.6% | Budget Used:  0.00/4000.0
Ep  414 | Phase: PROTAGO | Ticks: 794 | Protag R: -6256.00 | Antag R: 6256.00 | Delivery:  66.7% | Budget Used:  0.00/4000.0
Ep  415 | Phase: PROTAGO | Ticks: 793 | Protag R: -3374.00 | Antag R: 3374.00 | Delivery:  74.4% | Budget Used:  0.00/4000.0
Ep  416 | Phase: PROTAGO | Ticks: 788 | Protag R: -10533.00 | Antag R: 10534.00 | Delivery:  59.3% | Budget Used:  0.00/4000.0
Ep  417 | Phase: PROTAGO | Ticks: 786 | Protag R: -7121.00 | Antag R: 7121.00 | Delivery:  68.2% | Budget Used:  0.00/4000.0
Ep  418 | Phase: PROTAGO | Ticks: 795 | Protag R: -3628.00 | Antag R: 3628.00 | Delivery:  91.4% | Budget Used:  0.00/4000.0
Ep  419 | Phase: PROTAGO | Ticks: 795 | Protag R: -6379.00 | Antag R: 6379.00 | Delivery:  58.3% | Budget Used:  0.00/4000.0
Ep  420 | Phase: PROTAGO | Ticks: 798 | Protag R: -11193.00 | Antag R: 11194.00 | Delivery:  57.1% | Budget Used:  0.00/4000.0
Ep  421 | Phase: PROTAGO | Ticks: 793 | Protag R: -7958.00 | Antag R: 7959.00 | Delivery:  74.4% | Budget Used:  0.00/4000.0
Ep  422 | Phase: PROTAGO | Ticks: 797 | Protag R: -6437.00 | Antag R: 6439.00 | Delivery:  62.7% | Budget Used:  0.00/4000.0
Ep  423 | Phase: PROTAGO | Ticks: 788 | Protag R: -10349.00 | Antag R: 10350.00 | Delivery:  51.7% | Budget Used:  0.00/4000.0
Ep  424 | Phase: PROTAGO | Ticks: 792 | Protag R: -2033.00 | Antag R: 2033.00 | Delivery:  80.0% | Budget Used:  0.00/4000.0
Ep  425 | Phase: PROTAGO | Ticks: 798 | Protag R: -11380.00 | Antag R: 11380.00 | Delivery:  49.2% | Budget Used:  0.00/4000.0
Ep  426 | Phase: PROTAGO | Ticks: 799 | Protag R: -5249.00 | Antag R: 5250.00 | Delivery:  77.5% | Budget Used:  0.00/4000.0
Ep  427 | Phase: PROTAGO | Ticks: 787 | Protag R: -8627.00 | Antag R: 8627.00 | Delivery:  61.2% | Budget Used:  0.00/4000.0
Ep  428 | Phase: PROTAGO | Ticks: 780 | Protag R: -4577.00 | Antag R: 4578.00 | Delivery:  68.9% | Budget Used:  0.00/4000.0
Ep  429 | Phase: PROTAGO | Ticks: 793 | Protag R: -12827.00 | Antag R: 12828.00 | Delivery:  47.7% | Budget Used:  0.00/4000.0
Ep  430 | Phase: PROTAGO | Ticks: 780 | Protag R: -10405.00 | Antag R: 10406.00 | Delivery:  56.4% | Budget Used:  0.00/4000.0
Ep  431 | Phase: PROTAGO | Ticks: 798 | Protag R: -5795.00 | Antag R: 5796.00 | Delivery:  64.6% | Budget Used:  0.00/4000.0
Ep  432 | Phase: PROTAGO | Ticks: 790 | Protag R: -7003.00 | Antag R: 7004.00 | Delivery:  72.7% | Budget Used:  0.00/4000.0
Ep  433 | Phase: PROTAGO | Ticks: 788 | Protag R: -4407.00 | Antag R: 4408.00 | Delivery:  80.5% | Budget Used:  0.00/4000.0
Ep  434 | Phase: PROTAGO | Ticks: 798 | Protag R: -7948.00 | Antag R: 7948.00 | Delivery:  60.4% | Budget Used:  0.00/4000.0
Ep  435 | Phase: PROTAGO | Ticks: 793 | Protag R: -8249.00 | Antag R: 8250.00 | Delivery:  58.5% | Budget Used:  0.00/4000.0
Ep  436 | Phase: PROTAGO | Ticks: 791 | Protag R: -8988.00 | Antag R: 8989.00 | Delivery:  62.7% | Budget Used:  0.00/4000.0
Ep  437 | Phase: PROTAGO | Ticks: 789 | Protag R: -10945.00 | Antag R: 10945.00 | Delivery:  55.4% | Budget Used:  0.00/4000.0
Ep  438 | Phase: PROTAGO | Ticks: 785 | Protag R: -3316.00 | Antag R: 3317.00 | Delivery:  73.2% | Budget Used:  0.00/4000.0
Ep  439 | Phase: PROTAGO | Ticks: 793 | Protag R: -7117.00 | Antag R: 7118.00 | Delivery:  63.3% | Budget Used:  0.00/4000.0
Ep  440 | Phase: PROTAGO | Ticks: 798 | Protag R: -3524.00 | Antag R: 3525.00 | Delivery:  69.0% | Budget Used:  0.00/4000.0
Ep  441 | Phase: PROTAGO | Ticks: 798 | Protag R: -3434.00 | Antag R: 3435.00 | Delivery:  73.0% | Budget Used:  0.00/4000.0
Ep  442 | Phase: PROTAGO | Ticks: 785 | Protag R: -5359.00 | Antag R: 5360.00 | Delivery:  68.1% | Budget Used:  0.00/4000.0
Ep  443 | Phase: PROTAGO | Ticks: 794 | Protag R: -6615.00 | Antag R: 6615.00 | Delivery:  68.2% | Budget Used:  0.00/4000.0
Ep  444 | Phase: PROTAGO | Ticks: 797 | Protag R: -6276.00 | Antag R: 6277.00 | Delivery:  66.7% | Budget Used:  0.00/4000.0
Ep  445 | Phase: PROTAGO | Ticks: 795 | Protag R: -3080.00 | Antag R: 3081.00 | Delivery:  85.7% | Budget Used:  0.00/4000.0
Ep  446 | Phase: PROTAGO | Ticks: 786 | Protag R: -9632.00 | Antag R: 9633.00 | Delivery:  52.5% | Budget Used:  0.00/4000.0
Ep  447 | Phase: PROTAGO | Ticks: 797 | Protag R: -3427.00 | Antag R: 3427.00 | Delivery:  82.4% | Budget Used:  0.00/4000.0
Ep  448 | Phase: PROTAGO | Ticks: 790 | Protag R: -9153.00 | Antag R: 9153.00 | Delivery:  52.6% | Budget Used:  0.00/4000.0
Ep  449 | Phase: PROTAGO | Ticks: 797 | Protag R: -8381.00 | Antag R: 8382.00 | Delivery:  62.7% | Budget Used:  0.00/4000.0
Ep  450 | Phase: PROTAGO | Ticks: 788 | Protag R: -12905.00 | Antag R: 12906.00 | Delivery:  49.2% | Budget Used:  0.00/4000.0
  [EVAL ep 450] greedy_atk=5367 learned_atk=6074 gap=+707 +/-525 (neg = learned beats greedy under attack)
Saving checkpoints for both agents before phase switch...
Ep  451 | Phase: PROTAGO | Ticks: 797 | Protag R: -9036.00 | Antag R: 9037.00 | Delivery:  64.0% | Budget Used:  0.00/4000.0
Ep  452 | Phase: PROTAGO | Ticks: 794 | Protag R: -7927.00 | Antag R: 7928.00 | Delivery:  68.1% | Budget Used:  0.00/4000.0
Ep  453 | Phase: PROTAGO | Ticks: 781 | Protag R: -8381.00 | Antag R: 8382.00 | Delivery:  66.0% | Budget Used:  0.00/4000.0
Ep  454 | Phase: PROTAGO | Ticks: 798 | Protag R: -10429.00 | Antag R: 10430.00 | Delivery:  56.4% | Budget Used:  0.00/4000.0
Ep  455 | Phase: PROTAGO | Ticks: 786 | Protag R: -10236.00 | Antag R: 10236.00 | Delivery:  58.8% | Budget Used:  0.00/4000.0
Ep  456 | Phase: PROTAGO | Ticks: 796 | Protag R: -5127.00 | Antag R: 5128.00 | Delivery:  80.0% | Budget Used:  0.00/4000.0
Ep  457 | Phase: PROTAGO | Ticks: 777 | Protag R: -1654.00 | Antag R: 1655.00 | Delivery:  77.4% | Budget Used:  0.00/4000.0
Ep  458 | Phase: PROTAGO | Ticks: 792 | Protag R: -1138.00 | Antag R: 1138.00 | Delivery:  89.7% | Budget Used:  0.00/4000.0
Ep  459 | Phase: PROTAGO | Ticks: 793 | Protag R: -8000.00 | Antag R: 8001.00 | Delivery:  60.4% | Budget Used:  0.00/4000.0
Ep  460 | Phase: PROTAGO | Ticks: 794 | Protag R: -4505.00 | Antag R: 4506.00 | Delivery:  63.8% | Budget Used:  0.00/4000.0
Ep  461 | Phase: PROTAGO | Ticks: 788 | Protag R: -3654.00 | Antag R: 3655.00 | Delivery:  72.7% | Budget Used:  0.00/4000.0
Ep  462 | Phase: PROTAGO | Ticks: 798 | Protag R: -8570.00 | Antag R: 8570.00 | Delivery:  59.6% | Budget Used:  0.00/4000.0
Ep  463 | Phase: PROTAGO | Ticks: 797 | Protag R: -3997.00 | Antag R: 3997.00 | Delivery:  80.0% | Budget Used:  0.00/4000.0
Ep  464 | Phase: PROTAGO | Ticks: 787 | Protag R: -8625.00 | Antag R: 8626.00 | Delivery:  59.3% | Budget Used:  0.00/4000.0
Ep  465 | Phase: PROTAGO | Ticks: 782 | Protag R: -6791.00 | Antag R: 6792.00 | Delivery:  58.5% | Budget Used:  0.00/4000.0
Ep  466 | Phase: PROTAGO | Ticks: 792 | Protag R: -5747.00 | Antag R: 5748.00 | Delivery:  67.4% | Budget Used:  0.00/4000.0
Ep  467 | Phase: PROTAGO | Ticks: 778 | Protag R: -10330.00 | Antag R: 10332.00 | Delivery:  59.6% | Budget Used:  0.00/4000.0
Ep  468 | Phase: PROTAGO | Ticks: 799 | Protag R: -6292.00 | Antag R: 6293.00 | Delivery:  64.1% | Budget Used:  0.00/4000.0
Ep  469 | Phase: PROTAGO | Ticks: 789 | Protag R: -3232.00 | Antag R: 3233.00 | Delivery:  71.4% | Budget Used:  0.00/4000.0
Ep  470 | Phase: PROTAGO | Ticks: 799 | Protag R: -10620.00 | Antag R: 10621.00 | Delivery:  54.2% | Budget Used:  0.00/4000.0
Ep  471 | Phase: PROTAGO | Ticks: 786 | Protag R: -4785.00 | Antag R: 4786.00 | Delivery:  67.4% | Budget Used:  0.00/4000.0
Ep  472 | Phase: PROTAGO | Ticks: 798 | Protag R: -3830.00 | Antag R: 3831.00 | Delivery:  72.5% | Budget Used:  0.00/4000.0
Ep  473 | Phase: PROTAGO | Ticks: 793 | Protag R: -6324.00 | Antag R: 6324.00 | Delivery:  74.4% | Budget Used:  0.00/4000.0
Ep  474 | Phase: PROTAGO | Ticks: 795 | Protag R: -1822.00 | Antag R: 1823.00 | Delivery:  93.3% | Budget Used:  0.00/4000.0
Ep  475 | Phase: PROTAGO | Ticks: 798 | Protag R: -7442.00 | Antag R: 7443.00 | Delivery:  60.4% | Budget Used:  0.00/4000.0
Ep  476 | Phase: PROTAGO | Ticks: 797 | Protag R: -6982.00 | Antag R: 6983.00 | Delivery:  74.4% | Budget Used:  0.00/4000.0
Ep  477 | Phase: PROTAGO | Ticks: 796 | Protag R: -8050.00 | Antag R: 8051.00 | Delivery:  69.6% | Budget Used:  0.00/4000.0
Ep  478 | Phase: PROTAGO | Ticks: 795 | Protag R: -8281.00 | Antag R: 8282.00 | Delivery:  62.3% | Budget Used:  0.00/4000.0
Ep  479 | Phase: PROTAGO | Ticks: 783 | Protag R: -9832.00 | Antag R: 9833.00 | Delivery:  58.5% | Budget Used:  0.00/4000.0
Ep  480 | Phase: PROTAGO | Ticks: 779 | Protag R: -5001.00 | Antag R: 5002.00 | Delivery:  72.7% | Budget Used:  0.00/4000.0
Ep  481 | Phase: PROTAGO | Ticks: 798 | Protag R: -6673.00 | Antag R: 6674.00 | Delivery:  66.7% | Budget Used:  0.00/4000.0
Ep  482 | Phase: PROTAGO | Ticks: 793 | Protag R: -3721.00 | Antag R: 3721.00 | Delivery:  66.7% | Budget Used:  0.00/4000.0
Ep  483 | Phase: PROTAGO | Ticks: 781 | Protag R: -5749.00 | Antag R: 5750.00 | Delivery:  67.4% | Budget Used:  0.00/4000.0
Ep  484 | Phase: PROTAGO | Ticks: 799 | Protag R: -12958.00 | Antag R: 12959.00 | Delivery:  52.5% | Budget Used:  0.00/4000.0
Ep  485 | Phase: PROTAGO | Ticks: 796 | Protag R: -10395.00 | Antag R: 10396.00 | Delivery:  63.5% | Budget Used:  0.00/4000.0
Ep  486 | Phase: PROTAGO | Ticks: 788 | Protag R: -10249.00 | Antag R: 10250.00 | Delivery:  53.4% | Budget Used:  0.00/4000.0
Ep  487 | Phase: PROTAGO | Ticks: 795 | Protag R: -6302.00 | Antag R: 6303.00 | Delivery:  55.6% | Budget Used:  0.00/4000.0
Ep  488 | Phase: PROTAGO | Ticks: 798 | Protag R: -13488.00 | Antag R: 13489.00 | Delivery:  54.2% | Budget Used:  0.00/4000.0
Ep  489 | Phase: PROTAGO | Ticks: 791 | Protag R: -6949.00 | Antag R: 6950.00 | Delivery:  71.1% | Budget Used:  0.00/4000.0
Ep  490 | Phase: PROTAGO | Ticks: 795 | Protag R: -7153.00 | Antag R: 7154.00 | Delivery:  73.3% | Budget Used:  0.00/4000.0
Ep  491 | Phase: PROTAGO | Ticks: 795 | Protag R: -5142.00 | Antag R: 5143.00 | Delivery:  68.2% | Budget Used:  0.00/4000.0
Ep  492 | Phase: PROTAGO | Ticks: 787 | Protag R: -10595.00 | Antag R: 10596.00 | Delivery:  57.1% | Budget Used:  0.00/4000.0
Ep  493 | Phase: PROTAGO | Ticks: 791 | Protag R: -8626.00 | Antag R: 8627.00 | Delivery:  58.2% | Budget Used:  0.00/4000.0
Ep  494 | Phase: PROTAGO | Ticks: 779 | Protag R: -10294.00 | Antag R: 10295.00 | Delivery:  53.6% | Budget Used:  0.00/4000.0
Ep  495 | Phase: PROTAGO | Ticks: 794 | Protag R: -9925.00 | Antag R: 9925.00 | Delivery:  62.0% | Budget Used:  0.00/4000.0
Ep  496 | Phase: PROTAGO | Ticks: 798 | Protag R: -7037.00 | Antag R: 7037.00 | Delivery:  65.2% | Budget Used:  0.00/4000.0
Ep  497 | Phase: PROTAGO | Ticks: 793 | Protag R: -11394.00 | Antag R: 11395.00 | Delivery:  55.2% | Budget Used:  0.00/4000.0
Ep  498 | Phase: PROTAGO | Ticks: 788 | Protag R: -5162.00 | Antag R: 5163.00 | Delivery:  78.0% | Budget Used:  0.00/4000.0
Ep  499 | Phase: PROTAGO | Ticks: 784 | Protag R: -7643.00 | Antag R: 7644.00 | Delivery:  61.2% | Budget Used:  0.00/4000.0
Ep  500 | Phase: PROTAGO | Ticks: 798 | Protag R: -6024.00 | Antag R: 6024.00 | Delivery:  79.5% | Budget Used:  0.00/4000.0
  [EVAL ep 500] greedy_atk=5367 learned_atk=6074 gap=+707 +/-525 (neg = learned beats greedy under attack)
Saving checkpoints for both agents before phase switch...
Ep  501 | Phase: PROTAGO | Ticks: 786 | Protag R: -6448.00 | Antag R: 6448.00 | Delivery:  62.5% | Budget Used:  0.00/4000.0
Ep  502 | Phase: PROTAGO | Ticks: 785 | Protag R: -10054.00 | Antag R: 10055.00 | Delivery:  55.4% | Budget Used:  0.00/4000.0
Ep  503 | Phase: PROTAGO | Ticks: 792 | Protag R: -13364.00 | Antag R: 13365.00 | Delivery:  50.0% | Budget Used:  0.00/4000.0
Ep  504 | Phase: PROTAGO | Ticks: 782 | Protag R: -14440.00 | Antag R: 14442.00 | Delivery:  48.5% | Budget Used:  0.00/4000.0
Ep  505 | Phase: PROTAGO | Ticks: 796 | Protag R: -8365.00 | Antag R: 8366.00 | Delivery:  64.0% | Budget Used:  0.00/4000.0
Ep  506 | Phase: PROTAGO | Ticks: 799 | Protag R: -6366.00 | Antag R: 6367.00 | Delivery:  65.3% | Budget Used:  0.00/4000.0
Ep  507 | Phase: PROTAGO | Ticks: 799 | Protag R: -8589.00 | Antag R: 8590.00 | Delivery:  61.5% | Budget Used:  0.00/4000.0
Ep  508 | Phase: PROTAGO | Ticks: 786 | Protag R: -7557.00 | Antag R: 7557.00 | Delivery:  66.7% | Budget Used:  0.00/4000.0
Ep  509 | Phase: PROTAGO | Ticks: 799 | Protag R: -5252.00 | Antag R: 5252.00 | Delivery:  71.1% | Budget Used:  0.00/4000.0
Ep  510 | Phase: PROTAGO | Ticks: 794 | Protag R: -3889.00 | Antag R: 3889.00 | Delivery:  80.6% | Budget Used:  0.00/4000.0
Ep  511 | Phase: PROTAGO | Ticks: 783 | Protag R: -10652.00 | Antag R: 10653.00 | Delivery:  63.3% | Budget Used:  0.00/4000.0
Ep  512 | Phase: PROTAGO | Ticks: 795 | Protag R: -2227.00 | Antag R: 2228.00 | Delivery:  90.3% | Budget Used:  0.00/4000.0
Ep  513 | Phase: PROTAGO | Ticks: 785 | Protag R: -7178.00 | Antag R: 7179.00 | Delivery:  66.7% | Budget Used:  0.00/4000.0
Ep  514 | Phase: PROTAGO | Ticks: 794 | Protag R: -7114.00 | Antag R: 7115.00 | Delivery:  61.5% | Budget Used:  0.00/4000.0
Ep  515 | Phase: PROTAGO | Ticks: 785 | Protag R: -9778.00 | Antag R: 9779.00 | Delivery:  53.6% | Budget Used:  0.00/4000.0
Ep  516 | Phase: PROTAGO | Ticks: 788 | Protag R: -9360.00 | Antag R: 9361.00 | Delivery:  57.9% | Budget Used:  0.00/4000.0
Ep  517 | Phase: PROTAGO | Ticks: 793 | Protag R: -6469.00 | Antag R: 6469.00 | Delivery:  63.8% | Budget Used:  0.00/4000.0
Ep  518 | Phase: PROTAGO | Ticks: 793 | Protag R: -10361.00 | Antag R: 10361.00 | Delivery:  56.4% | Budget Used:  0.00/4000.0
Ep  519 | Phase: PROTAGO | Ticks: 793 | Protag R: -14240.00 | Antag R: 14240.00 | Delivery:  54.5% | Budget Used:  0.00/4000.0
Ep  520 | Phase: PROTAGO | Ticks: 786 | Protag R: -8232.00 | Antag R: 8233.00 | Delivery:  59.6% | Budget Used:  0.00/4000.0
Ep  521 | Phase: PROTAGO | Ticks: 796 | Protag R: -15063.00 | Antag R: 15064.00 | Delivery:  47.1% | Budget Used:  0.00/4000.0
Ep  522 | Phase: PROTAGO | Ticks: 799 | Protag R: -10399.00 | Antag R: 10400.00 | Delivery:  57.7% | Budget Used:  0.00/4000.0
Ep  523 | Phase: PROTAGO | Ticks: 789 | Protag R: -10946.00 | Antag R: 10946.00 | Delivery:  51.9% | Budget Used:  0.00/4000.0
Ep  524 | Phase: PROTAGO | Ticks: 792 | Protag R: -8149.00 | Antag R: 8150.00 | Delivery:  62.7% | Budget Used:  0.00/4000.0
Ep  525 | Phase: PROTAGO | Ticks: 797 | Protag R: -5345.00 | Antag R: 5346.00 | Delivery:  77.5% | Budget Used:  0.00/4000.0
Ep  526 | Phase: PROTAGO | Ticks: 789 | Protag R: -7726.00 | Antag R: 7726.00 | Delivery:  68.9% | Budget Used:  0.00/4000.0
Ep  527 | Phase: PROTAGO | Ticks: 795 | Protag R: -9330.00 | Antag R: 9331.00 | Delivery:  57.1% | Budget Used:  0.00/4000.0
Ep  528 | Phase: PROTAGO | Ticks: 796 | Protag R: -6035.00 | Antag R: 6036.00 | Delivery:  76.2% | Budget Used:  0.00/4000.0
Ep  529 | Phase: PROTAGO | Ticks: 798 | Protag R: -6230.00 | Antag R: 6231.00 | Delivery:  82.1% | Budget Used:  0.00/4000.0
Ep  530 | Phase: PROTAGO | Ticks: 799 | Protag R: -12697.00 | Antag R: 12698.00 | Delivery:  54.2% | Budget Used:  0.00/4000.0
Ep  531 | Phase: PROTAGO | Ticks: 787 | Protag R: -11853.00 | Antag R: 11854.00 | Delivery:  57.1% | Budget Used:  0.00/4000.0
Ep  532 | Phase: PROTAGO | Ticks: 793 | Protag R: -9537.00 | Antag R: 9538.00 | Delivery:  56.4% | Budget Used:  0.00/4000.0
Ep  533 | Phase: PROTAGO | Ticks: 788 | Protag R: -4474.00 | Antag R: 4474.00 | Delivery:  78.9% | Budget Used:  0.00/4000.0
Ep  534 | Phase: PROTAGO | Ticks: 784 | Protag R: -7032.00 | Antag R: 7033.00 | Delivery:  64.0% | Budget Used:  0.00/4000.0
Ep  535 | Phase: PROTAGO | Ticks: 796 | Protag R: -4780.00 | Antag R: 4781.00 | Delivery:  76.9% | Budget Used:  0.00/4000.0
Ep  536 | Phase: PROTAGO | Ticks: 785 | Protag R: -5208.00 | Antag R: 5209.00 | Delivery:  78.0% | Budget Used:  0.00/4000.0
Ep  537 | Phase: PROTAGO | Ticks: 797 | Protag R: -8119.00 | Antag R: 8120.00 | Delivery:  58.8% | Budget Used:  0.00/4000.0
Ep  538 | Phase: PROTAGO | Ticks: 796 | Protag R: -2523.00 | Antag R: 2524.00 | Delivery:  86.5% | Budget Used:  0.00/4000.0
Ep  539 | Phase: PROTAGO | Ticks: 788 | Protag R: -6357.00 | Antag R: 6358.00 | Delivery:  64.6% | Budget Used:  0.00/4000.0
Ep  540 | Phase: PROTAGO | Ticks: 796 | Protag R: -10016.00 | Antag R: 10017.00 | Delivery:  56.4% | Budget Used:  0.00/4000.0
Ep  541 | Phase: PROTAGO | Ticks: 797 | Protag R: -7180.00 | Antag R: 7181.00 | Delivery:  68.1% | Budget Used:  0.00/4000.0
Ep  542 | Phase: PROTAGO | Ticks: 780 | Protag R: -9848.00 | Antag R: 9848.00 | Delivery:  51.8% | Budget Used:  0.00/4000.0
Ep  543 | Phase: PROTAGO | Ticks: 796 | Protag R: -8173.00 | Antag R: 8174.00 | Delivery:  65.3% | Budget Used:  0.00/4000.0
Ep  544 | Phase: PROTAGO | Ticks: 789 | Protag R: -5088.00 | Antag R: 5089.00 | Delivery:  83.8% | Budget Used:  0.00/4000.0
Ep  545 | Phase: PROTAGO | Ticks: 789 | Protag R: -9136.00 | Antag R: 9137.00 | Delivery:  68.9% | Budget Used:  0.00/4000.0
Ep  546 | Phase: PROTAGO | Ticks: 780 | Protag R: -1410.00 | Antag R: 1411.00 | Delivery:  80.6% | Budget Used:  0.00/4000.0
Ep  547 | Phase: PROTAGO | Ticks: 794 | Protag R: -7534.00 | Antag R: 7535.00 | Delivery:  60.4% | Budget Used:  0.00/4000.0
Ep  548 | Phase: PROTAGO | Ticks: 797 | Protag R: -6329.00 | Antag R: 6330.00 | Delivery:  66.0% | Budget Used:  0.00/4000.0
Ep  549 | Phase: PROTAGO | Ticks: 799 | Protag R: -9411.00 | Antag R: 9411.00 | Delivery:  64.0% | Budget Used:  0.00/4000.0
Ep  550 | Phase: PROTAGO | Ticks: 793 | Protag R: -4290.00 | Antag R: 4290.00 | Delivery:  70.0% | Budget Used:  0.00/4000.0
  [EVAL ep 550] greedy_atk=5367 learned_atk=5931 gap=+564 +/-347 (neg = learned beats greedy under attack)
Saving checkpoints for both agents before phase switch...
Ep  551 | Phase: PROTAGO | Ticks: 795 | Protag R: -2586.00 | Antag R: 2587.00 | Delivery:  78.9% | Budget Used:  0.00/4000.0
Ep  552 | Phase: PROTAGO | Ticks: 793 | Protag R: -3279.00 | Antag R: 3280.00 | Delivery:  81.1% | Budget Used:  0.00/4000.0
Ep  553 | Phase: PROTAGO | Ticks: 779 | Protag R: -6249.00 | Antag R: 6250.00 | Delivery:  69.6% | Budget Used:  0.00/4000.0
Ep  554 | Phase: PROTAGO | Ticks: 793 | Protag R: -2259.00 | Antag R: 2260.00 | Delivery:  83.3% | Budget Used:  0.00/4000.0
Ep  555 | Phase: PROTAGO | Ticks: 795 | Protag R: -3344.00 | Antag R: 3345.00 | Delivery:  88.6% | Budget Used:  0.00/4000.0
Ep  556 | Phase: PROTAGO | Ticks: 787 | Protag R: -11199.00 | Antag R: 11200.00 | Delivery:  59.3% | Budget Used:  0.00/4000.0
Ep  557 | Phase: PROTAGO | Ticks: 790 | Protag R: -9814.00 | Antag R: 9814.00 | Delivery:  61.2% | Budget Used:  0.00/4000.0
Ep  558 | Phase: PROTAGO | Ticks: 796 | Protag R: -11633.00 | Antag R: 11633.00 | Delivery:  50.8% | Budget Used:  0.00/4000.0
Ep  559 | Phase: PROTAGO | Ticks: 785 | Protag R: -7367.00 | Antag R: 7368.00 | Delivery:  78.0% | Budget Used:  0.00/4000.0
Ep  560 | Phase: PROTAGO | Ticks: 785 | Protag R: -3565.00 | Antag R: 3565.00 | Delivery:  74.4% | Budget Used:  0.00/4000.0
Ep  561 | Phase: PROTAGO | Ticks: 790 | Protag R: -8548.00 | Antag R: 8548.00 | Delivery:  61.2% | Budget Used:  0.00/4000.0
Ep  562 | Phase: PROTAGO | Ticks: 791 | Protag R: -4341.00 | Antag R: 4342.00 | Delivery:  67.4% | Budget Used:  0.00/4000.0
Ep  563 | Phase: PROTAGO | Ticks: 796 | Protag R: -2761.00 | Antag R: 2762.00 | Delivery:  75.7% | Budget Used:  0.00/4000.0
Ep  564 | Phase: PROTAGO | Ticks: 796 | Protag R: -10382.00 | Antag R: 10383.00 | Delivery:  58.5% | Budget Used:  0.00/4000.0
Ep  565 | Phase: PROTAGO | Ticks: 778 | Protag R: -14181.00 | Antag R: 14182.00 | Delivery:  44.8% | Budget Used:  0.00/4000.0
Ep  566 | Phase: PROTAGO | Ticks: 795 | Protag R: -9669.00 | Antag R: 9670.00 | Delivery:  62.7% | Budget Used:  0.00/4000.0
Ep  567 | Phase: PROTAGO | Ticks: 787 | Protag R: -8437.00 | Antag R: 8438.00 | Delivery:  61.2% | Budget Used:  0.00/4000.0
Ep  568 | Phase: PROTAGO | Ticks: 781 | Protag R: -10311.00 | Antag R: 10312.00 | Delivery:  62.7% | Budget Used:  0.00/4000.0
Ep  569 | Phase: PROTAGO | Ticks: 781 | Protag R: -7947.00 | Antag R: 7949.00 | Delivery:  60.0% | Budget Used:  0.00/4000.0
Ep  570 | Phase: PROTAGO | Ticks: 789 | Protag R: -6986.00 | Antag R: 6987.00 | Delivery:  66.7% | Budget Used:  0.00/4000.0
Ep  571 | Phase: PROTAGO | Ticks: 790 | Protag R: -5481.00 | Antag R: 5482.00 | Delivery:  64.6% | Budget Used:  0.00/4000.0
Ep  572 | Phase: PROTAGO | Ticks: 785 | Protag R: -3294.00 | Antag R: 3295.00 | Delivery:  83.8% | Budget Used:  0.00/4000.0
Ep  573 | Phase: PROTAGO | Ticks: 790 | Protag R: -10466.00 | Antag R: 10467.00 | Delivery:  58.5% | Budget Used:  0.00/4000.0
Ep  574 | Phase: PROTAGO | Ticks: 777 | Protag R: -9662.00 | Antag R: 9664.00 | Delivery:  59.3% | Budget Used:  0.00/4000.0
Ep  575 | Phase: PROTAGO | Ticks: 795 | Protag R: -3862.00 | Antag R: 3863.00 | Delivery:  77.5% | Budget Used:  0.00/4000.0
Ep  576 | Phase: PROTAGO | Ticks: 799 | Protag R: -8721.00 | Antag R: 8721.00 | Delivery:  67.4% | Budget Used:  0.00/4000.0
Ep  577 | Phase: PROTAGO | Ticks: 794 | Protag R: -6718.00 | Antag R: 6719.00 | Delivery:  68.1% | Budget Used:  0.00/4000.0
Ep  578 | Phase: PROTAGO | Ticks: 798 | Protag R: -10466.00 | Antag R: 10467.00 | Delivery:  52.5% | Budget Used:  0.00/4000.0
Ep  579 | Phase: PROTAGO | Ticks: 783 | Protag R: -10928.00 | Antag R: 10929.00 | Delivery:  55.2% | Budget Used:  0.00/4000.0
Ep  580 | Phase: PROTAGO | Ticks: 779 | Protag R: -12548.00 | Antag R: 12549.00 | Delivery:  50.0% | Budget Used:  0.00/4000.0
Ep  581 | Phase: PROTAGO | Ticks: 783 | Protag R: -6948.00 | Antag R: 6949.00 | Delivery:  78.0% | Budget Used:  0.00/4000.0
Ep  582 | Phase: PROTAGO | Ticks: 795 | Protag R: -4501.00 | Antag R: 4502.00 | Delivery:  71.1% | Budget Used:  0.00/4000.0
Ep  583 | Phase: PROTAGO | Ticks: 792 | Protag R: -6450.00 | Antag R: 6451.00 | Delivery:  53.8% | Budget Used:  0.00/4000.0
Ep  584 | Phase: PROTAGO | Ticks: 781 | Protag R: -9487.00 | Antag R: 9487.00 | Delivery:  63.8% | Budget Used:  0.00/4000.0
Ep  585 | Phase: PROTAGO | Ticks: 793 | Protag R: -4792.00 | Antag R: 4793.00 | Delivery:  67.4% | Budget Used:  0.00/4000.0
Ep  586 | Phase: PROTAGO | Ticks: 796 | Protag R: -9209.00 | Antag R: 9210.00 | Delivery:  56.6% | Budget Used:  0.00/4000.0
Ep  587 | Phase: PROTAGO | Ticks: 784 | Protag R: -8764.00 | Antag R: 8765.00 | Delivery:  57.7% | Budget Used:  0.00/4000.0
Ep  588 | Phase: PROTAGO | Ticks: 781 | Protag R: -9789.00 | Antag R: 9790.00 | Delivery:  57.4% | Budget Used:  0.00/4000.0
Ep  589 | Phase: PROTAGO | Ticks: 784 | Protag R: -3295.00 | Antag R: 3296.00 | Delivery:  70.7% | Budget Used:  0.00/4000.0
Ep  590 | Phase: PROTAGO | Ticks: 794 | Protag R: -4077.00 | Antag R: 4077.00 | Delivery:  68.4% | Budget Used:  0.00/4000.0
Ep  591 | Phase: PROTAGO | Ticks: 782 | Protag R: -11222.00 | Antag R: 11223.00 | Delivery:  57.1% | Budget Used:  0.00/4000.0
Ep  592 | Phase: PROTAGO | Ticks: 792 | Protag R: -2849.00 | Antag R: 2849.00 | Delivery:  78.4% | Budget Used:  0.00/4000.0
Ep  593 | Phase: PROTAGO | Ticks: 781 | Protag R: -8197.00 | Antag R: 8198.00 | Delivery:  61.5% | Budget Used:  0.00/4000.0
Ep  594 | Phase: PROTAGO | Ticks: 791 | Protag R: -6027.00 | Antag R: 6028.00 | Delivery:  60.8% | Budget Used:  0.00/4000.0
Ep  595 | Phase: PROTAGO | Ticks: 787 | Protag R: -1271.00 | Antag R: 1272.00 | Delivery:  90.0% | Budget Used:  0.00/4000.0
Ep  596 | Phase: PROTAGO | Ticks: 798 | Protag R: -6466.00 | Antag R: 6466.00 | Delivery:  63.6% | Budget Used:  0.00/4000.0
Ep  597 | Phase: PROTAGO | Ticks: 782 | Protag R: -9304.00 | Antag R: 9305.00 | Delivery:  63.5% | Budget Used:  0.00/4000.0
Ep  598 | Phase: PROTAGO | Ticks: 796 | Protag R: -5480.00 | Antag R: 5480.00 | Delivery:  68.2% | Budget Used:  0.00/4000.0
Ep  599 | Phase: PROTAGO | Ticks: 795 | Protag R: -15447.00 | Antag R: 15448.00 | Delivery:  50.8% | Budget Used:  0.00/4000.0
Ep  600 | Phase: PROTAGO | Ticks: 786 | Protag R: -9510.00 | Antag R: 9511.00 | Delivery:  64.0% | Budget Used:  0.00/4000.0
  [EVAL ep 600] greedy_atk=5367 learned_atk=6082 gap=+716 +/-467 (neg = learned beats greedy under attack)
Saving checkpoints for both agents before phase switch...
Ep  601 | Phase: PROTAGO | Ticks: 794 | Protag R: -3275.00 | Antag R: 3276.00 | Delivery:  69.8% | Budget Used:  0.00/4000.0
Ep  602 | Phase: PROTAGO | Ticks: 793 | Protag R: -6450.00 | Antag R: 6451.00 | Delivery:  70.5% | Budget Used:  0.00/4000.0
Ep  603 | Phase: PROTAGO | Ticks: 791 | Protag R: -4204.00 | Antag R: 4205.00 | Delivery:  67.4% | Budget Used:  0.00/4000.0
Ep  604 | Phase: PROTAGO | Ticks: 791 | Protag R: -8722.00 | Antag R: 8722.00 | Delivery:  66.7% | Budget Used:  0.00/4000.0
Ep  605 | Phase: PROTAGO | Ticks: 797 | Protag R: -4944.00 | Antag R: 4945.00 | Delivery:  84.2% | Budget Used:  0.00/4000.0
Ep  606 | Phase: PROTAGO | Ticks: 792 | Protag R: -6585.00 | Antag R: 6585.00 | Delivery:  67.4% | Budget Used:  0.00/4000.0
Ep  607 | Phase: PROTAGO | Ticks: 784 | Protag R: -2970.00 | Antag R: 2971.00 | Delivery:  68.3% | Budget Used:  0.00/4000.0
Ep  608 | Phase: PROTAGO | Ticks: 798 | Protag R: -3897.00 | Antag R: 3898.00 | Delivery:  76.7% | Budget Used:  0.00/4000.0
Ep  609 | Phase: PROTAGO | Ticks: 793 | Protag R: -8870.00 | Antag R: 8871.00 | Delivery:  64.0% | Budget Used:  0.00/4000.0
Ep  610 | Phase: PROTAGO | Ticks: 799 | Protag R: -5926.00 | Antag R: 5927.00 | Delivery:  76.2% | Budget Used:  0.00/4000.0
Ep  611 | Phase: PROTAGO | Ticks: 786 | Protag R: -8382.00 | Antag R: 8383.00 | Delivery:  59.6% | Budget Used:  0.00/4000.0
Ep  612 | Phase: PROTAGO | Ticks: 787 | Protag R: -7250.00 | Antag R: 7251.00 | Delivery:  62.7% | Budget Used:  0.00/4000.0
Ep  613 | Phase: PROTAGO | Ticks: 779 | Protag R: -12986.00 | Antag R: 12986.00 | Delivery:  55.4% | Budget Used:  0.00/4000.0
Ep  614 | Phase: PROTAGO | Ticks: 797 | Protag R: -6405.00 | Antag R: 6406.00 | Delivery:  73.8% | Budget Used:  0.00/4000.0
Ep  615 | Phase: PROTAGO | Ticks: 781 | Protag R: -13399.00 | Antag R: 13400.00 | Delivery:  53.3% | Budget Used:  0.00/4000.0
Ep  616 | Phase: PROTAGO | Ticks: 781 | Protag R: -6461.00 | Antag R: 6462.00 | Delivery:  63.3% | Budget Used:  0.00/4000.0
Ep  617 | Phase: PROTAGO | Ticks: 798 | Protag R: -3741.00 | Antag R: 3742.00 | Delivery:  86.1% | Budget Used:  0.00/4000.0
Ep  618 | Phase: PROTAGO | Ticks: 794 | Protag R: -5020.00 | Antag R: 5020.00 | Delivery:  71.4% | Budget Used:  0.00/4000.0
Ep  619 | Phase: PROTAGO | Ticks: 796 | Protag R: -6332.00 | Antag R: 6333.00 | Delivery:  74.4% | Budget Used:  0.00/4000.0
Ep  620 | Phase: PROTAGO | Ticks: 785 | Protag R: -4253.00 | Antag R: 4253.00 | Delivery:  75.0% | Budget Used:  0.00/4000.0
Ep  621 | Phase: PROTAGO | Ticks: 784 | Protag R: -8071.00 | Antag R: 8071.00 | Delivery:  62.5% | Budget Used:  0.00/4000.0
Ep  622 | Phase: PROTAGO | Ticks: 788 | Protag R: -10213.00 | Antag R: 10214.00 | Delivery:  59.6% | Budget Used:  0.00/4000.0
Ep  623 | Phase: PROTAGO | Ticks: 798 | Protag R: -8232.00 | Antag R: 8232.00 | Delivery:  62.7% | Budget Used:  0.00/4000.0
Ep  624 | Phase: PROTAGO | Ticks: 788 | Protag R: -6715.00 | Antag R: 6716.00 | Delivery:  61.2% | Budget Used:  0.00/4000.0
Ep  625 | Phase: PROTAGO | Ticks: 796 | Protag R: -7014.00 | Antag R: 7015.00 | Delivery:  74.4% | Budget Used:  0.00/4000.0
Ep  626 | Phase: PROTAGO | Ticks: 796 | Protag R: -10277.00 | Antag R: 10278.00 | Delivery:  58.5% | Budget Used:  0.00/4000.0
Ep  627 | Phase: PROTAGO | Ticks: 793 | Protag R: -6791.00 | Antag R: 6792.00 | Delivery:  67.4% | Budget Used:  0.00/4000.0
Ep  628 | Phase: PROTAGO | Ticks: 797 | Protag R: -4609.00 | Antag R: 4610.00 | Delivery:  66.0% | Budget Used:  0.00/4000.0
Ep  629 | Phase: PROTAGO | Ticks: 793 | Protag R: -8194.00 | Antag R: 8195.00 | Delivery:  66.0% | Budget Used:  0.00/4000.0
Ep  630 | Phase: PROTAGO | Ticks: 799 | Protag R: -8087.00 | Antag R: 8088.00 | Delivery:  59.3% | Budget Used:  0.00/4000.0
Ep  631 | Phase: PROTAGO | Ticks: 788 | Protag R: -11533.00 | Antag R: 11533.00 | Delivery:  56.4% | Budget Used:  0.00/4000.0
Ep  632 | Phase: PROTAGO | Ticks: 793 | Protag R: -3188.00 | Antag R: 3188.00 | Delivery:  78.9% | Budget Used:  0.00/4000.0
Ep  633 | Phase: PROTAGO | Ticks: 784 | Protag R: -4523.00 | Antag R: 4524.00 | Delivery:  74.4% | Budget Used:  0.00/4000.0
Ep  634 | Phase: PROTAGO | Ticks: 784 | Protag R: -6356.00 | Antag R: 6357.00 | Delivery:  62.8% | Budget Used:  0.00/4000.0
Ep  635 | Phase: PROTAGO | Ticks: 797 | Protag R: -11617.00 | Antag R: 11618.00 | Delivery:  52.6% | Budget Used:  0.00/4000.0
Ep  636 | Phase: PROTAGO | Ticks: 780 | Protag R: -9614.00 | Antag R: 9615.00 | Delivery:  53.4% | Budget Used:  0.00/4000.0
Ep  637 | Phase: PROTAGO | Ticks: 798 | Protag R: -4110.00 | Antag R: 4111.00 | Delivery:  74.4% | Budget Used:  0.00/4000.0
Ep  638 | Phase: PROTAGO | Ticks: 782 | Protag R: -8063.00 | Antag R: 8064.00 | Delivery:  63.3% | Budget Used:  0.00/4000.0
Ep  639 | Phase: PROTAGO | Ticks: 791 | Protag R: -6769.00 | Antag R: 6770.00 | Delivery:  72.7% | Budget Used:  0.00/4000.0
Ep  640 | Phase: PROTAGO | Ticks: 793 | Protag R: -8530.00 | Antag R: 8531.00 | Delivery:  69.6% | Budget Used:  0.00/4000.0
Ep  641 | Phase: PROTAGO | Ticks: 798 | Protag R: -6153.00 | Antag R: 6153.00 | Delivery:  60.0% | Budget Used:  0.00/4000.0
Ep  642 | Phase: PROTAGO | Ticks: 798 | Protag R: -6124.00 | Antag R: 6125.00 | Delivery:  72.3% | Budget Used:  0.00/4000.0
Ep  643 | Phase: PROTAGO | Ticks: 786 | Protag R: -8619.00 | Antag R: 8620.00 | Delivery:  60.8% | Budget Used:  0.00/4000.0
Ep  644 | Phase: PROTAGO | Ticks: 792 | Protag R: -11043.00 | Antag R: 11044.00 | Delivery:  54.2% | Budget Used:  0.00/4000.0
Ep  645 | Phase: PROTAGO | Ticks: 796 | Protag R: -6693.00 | Antag R: 6694.00 | Delivery:  57.1% | Budget Used:  0.00/4000.0
Ep  646 | Phase: PROTAGO | Ticks: 793 | Protag R: -3160.00 | Antag R: 3161.00 | Delivery:  78.9% | Budget Used:  0.00/4000.0
Ep  647 | Phase: PROTAGO | Ticks: 781 | Protag R: -7542.00 | Antag R: 7543.00 | Delivery:  66.7% | Budget Used:  0.00/4000.0
Ep  648 | Phase: PROTAGO | Ticks: 786 | Protag R: -11032.00 | Antag R: 11033.00 | Delivery:  58.2% | Budget Used:  0.00/4000.0
Ep  649 | Phase: PROTAGO | Ticks: 776 | Protag R: -8390.00 | Antag R: 8391.00 | Delivery:  58.5% | Budget Used:  0.00/4000.0
Ep  650 | Phase: PROTAGO | Ticks: 788 | Protag R: -10607.00 | Antag R: 10608.00 | Delivery:  56.4% | Budget Used:  0.00/4000.0
  [EVAL ep 650] greedy_atk=5367 learned_atk=6577 gap=+1210 +/-629 (neg = learned beats greedy under attack)
Saving checkpoints for both agents before phase switch...
Ep  651 | Phase: PROTAGO | Ticks: 785 | Protag R: -7105.00 | Antag R: 7105.00 | Delivery:  61.2% | Budget Used:  0.00/4000.0
Ep  652 | Phase: PROTAGO | Ticks: 786 | Protag R: -4459.00 | Antag R: 4460.00 | Delivery:  62.8% | Budget Used:  0.00/4000.0
Ep  653 | Phase: PROTAGO | Ticks: 796 | Protag R: -12676.00 | Antag R: 12677.00 | Delivery:  50.8% | Budget Used:  0.00/4000.0
Ep  654 | Phase: PROTAGO | Ticks: 796 | Protag R: -10346.00 | Antag R: 10346.00 | Delivery:  55.8% | Budget Used:  0.00/4000.0
Ep  655 | Phase: PROTAGO | Ticks: 789 | Protag R: -8676.00 | Antag R: 8676.00 | Delivery:  56.6% | Budget Used:  0.00/4000.0
Ep  656 | Phase: PROTAGO | Ticks: 785 | Protag R: -5815.00 | Antag R: 5816.00 | Delivery:  63.6% | Budget Used:  0.00/4000.0
Ep  657 | Phase: PROTAGO | Ticks: 793 | Protag R: -8438.00 | Antag R: 8439.00 | Delivery:  64.6% | Budget Used:  0.00/4000.0
Ep  658 | Phase: PROTAGO | Ticks: 798 | Protag R: -2515.00 | Antag R: 2516.00 | Delivery:  70.7% | Budget Used:  0.00/4000.0
Ep  659 | Phase: PROTAGO | Ticks: 785 | Protag R: -7973.00 | Antag R: 7974.00 | Delivery:  62.0% | Budget Used:  0.00/4000.0
Ep  660 | Phase: PROTAGO | Ticks: 788 | Protag R: -4105.00 | Antag R: 4105.00 | Delivery:  64.3% | Budget Used:  0.00/4000.0
Ep  661 | Phase: PROTAGO | Ticks: 793 | Protag R: -7530.00 | Antag R: 7531.00 | Delivery:  71.1% | Budget Used:  0.00/4000.0
Ep  662 | Phase: PROTAGO | Ticks: 792 | Protag R: -6676.00 | Antag R: 6677.00 | Delivery:  65.2% | Budget Used:  0.00/4000.0
Ep  663 | Phase: PROTAGO | Ticks: 786 | Protag R: -7347.00 | Antag R: 7348.00 | Delivery:  58.2% | Budget Used:  0.00/4000.0
Ep  664 | Phase: PROTAGO | Ticks: 799 | Protag R: -9150.00 | Antag R: 9151.00 | Delivery:  74.4% | Budget Used:  0.00/4000.0
Ep  665 | Phase: PROTAGO | Ticks: 780 | Protag R: -6011.00 | Antag R: 6011.00 | Delivery:  72.5% | Budget Used:  0.00/4000.0
Ep  666 | Phase: PROTAGO | Ticks: 787 | Protag R: -4263.00 | Antag R: 4263.00 | Delivery:  65.2% | Budget Used:  0.00/4000.0
Ep  667 | Phase: PROTAGO | Ticks: 796 | Protag R: -8382.00 | Antag R: 8383.00 | Delivery:  65.3% | Budget Used:  0.00/4000.0
Ep  668 | Phase: PROTAGO | Ticks: 782 | Protag R: -14507.00 | Antag R: 14508.00 | Delivery:  51.6% | Budget Used:  0.00/4000.0
Ep  669 | Phase: PROTAGO | Ticks: 795 | Protag R: -3862.00 | Antag R: 3863.00 | Delivery:  74.4% | Budget Used:  0.00/4000.0
Ep  670 | Phase: PROTAGO | Ticks: 798 | Protag R: -6698.00 | Antag R: 6699.00 | Delivery:  59.3% | Budget Used:  0.00/4000.0
Ep  671 | Phase: PROTAGO | Ticks: 798 | Protag R: -6967.00 | Antag R: 6968.00 | Delivery:  69.6% | Budget Used:  0.00/4000.0
Ep  672 | Phase: PROTAGO | Ticks: 798 | Protag R: -6126.00 | Antag R: 6126.00 | Delivery:  73.2% | Budget Used:  0.00/4000.0
Ep  673 | Phase: PROTAGO | Ticks: 780 | Protag R: -4786.00 | Antag R: 4787.00 | Delivery:  65.1% | Budget Used:  0.00/4000.0
Ep  674 | Phase: PROTAGO | Ticks: 795 | Protag R: -12966.00 | Antag R: 12967.00 | Delivery:  54.1% | Budget Used:  0.00/4000.0
Ep  675 | Phase: PROTAGO | Ticks: 796 | Protag R: -8598.00 | Antag R: 8599.00 | Delivery:  58.2% | Budget Used:  0.00/4000.0
Ep  676 | Phase: PROTAGO | Ticks: 799 | Protag R: -11292.00 | Antag R: 11293.00 | Delivery:  58.9% | Budget Used:  0.00/4000.0
Ep  677 | Phase: PROTAGO | Ticks: 786 | Protag R: -8749.00 | Antag R: 8750.00 | Delivery:  66.7% | Budget Used:  0.00/4000.0
Ep  678 | Phase: PROTAGO | Ticks: 796 | Protag R: -3458.00 | Antag R: 3458.00 | Delivery:  76.9% | Budget Used:  0.00/4000.0
Ep  679 | Phase: PROTAGO | Ticks: 798 | Protag R: -5697.00 | Antag R: 5698.00 | Delivery:  66.0% | Budget Used:  0.00/4000.0
Ep  680 | Phase: PROTAGO | Ticks: 793 | Protag R: -7625.00 | Antag R: 7626.00 | Delivery:  66.7% | Budget Used:  0.00/4000.0
Ep  681 | Phase: PROTAGO | Ticks: 781 | Protag R: -9171.00 | Antag R: 9172.00 | Delivery:  57.7% | Budget Used:  0.00/4000.0
Ep  682 | Phase: PROTAGO | Ticks: 794 | Protag R: -8460.00 | Antag R: 8461.00 | Delivery:  60.8% | Budget Used:  0.00/4000.0
Ep  683 | Phase: PROTAGO | Ticks: 788 | Protag R: -5563.00 | Antag R: 5564.00 | Delivery:  64.4% | Budget Used:  0.00/4000.0
Ep  684 | Phase: PROTAGO | Ticks: 792 | Protag R: -5080.00 | Antag R: 5081.00 | Delivery:  76.2% | Budget Used:  0.00/4000.0
Ep  685 | Phase: PROTAGO | Ticks: 788 | Protag R: -6406.00 | Antag R: 6406.00 | Delivery:  61.2% | Budget Used:  0.00/4000.0
Ep  686 | Phase: PROTAGO | Ticks: 784 | Protag R: -6782.00 | Antag R: 6783.00 | Delivery:  64.6% | Budget Used:  0.00/4000.0
Ep  687 | Phase: PROTAGO | Ticks: 786 | Protag R: -2790.00 | Antag R: 2790.00 | Delivery:  75.0% | Budget Used:  0.00/4000.0
Ep  688 | Phase: PROTAGO | Ticks: 793 | Protag R: -6048.00 | Antag R: 6049.00 | Delivery:  60.8% | Budget Used:  0.00/4000.0
Ep  689 | Phase: PROTAGO | Ticks: 797 | Protag R: -8798.00 | Antag R: 8799.00 | Delivery:  68.8% | Budget Used:  0.00/4000.0
Ep  690 | Phase: PROTAGO | Ticks: 799 | Protag R: -8645.00 | Antag R: 8645.00 | Delivery:  59.6% | Budget Used:  0.00/4000.0
Ep  691 | Phase: PROTAGO | Ticks: 776 | Protag R: -5158.00 | Antag R: 5159.00 | Delivery:  66.7% | Budget Used:  0.00/4000.0
Ep  692 | Phase: PROTAGO | Ticks: 788 | Protag R: -9843.00 | Antag R: 9844.00 | Delivery:  57.1% | Budget Used:  0.00/4000.0
Ep  693 | Phase: PROTAGO | Ticks: 776 | Protag R: -4178.00 | Antag R: 4179.00 | Delivery:  67.4% | Budget Used:  0.00/4000.0
Ep  694 | Phase: PROTAGO | Ticks: 792 | Protag R: -7747.00 | Antag R: 7748.00 | Delivery:  60.8% | Budget Used:  0.00/4000.0
Ep  695 | Phase: PROTAGO | Ticks: 798 | Protag R: -4994.00 | Antag R: 4995.00 | Delivery:  69.6% | Budget Used:  0.00/4000.0
Ep  696 | Phase: PROTAGO | Ticks: 785 | Protag R: -4119.00 | Antag R: 4119.00 | Delivery:  68.2% | Budget Used:  0.00/4000.0
Ep  697 | Phase: PROTAGO | Ticks: 794 | Protag R: -6871.00 | Antag R: 6872.00 | Delivery:  68.9% | Budget Used:  0.00/4000.0
Ep  698 | Phase: PROTAGO | Ticks: 797 | Protag R: -3114.00 | Antag R: 3115.00 | Delivery:  81.1% | Budget Used:  0.00/4000.0
Ep  699 | Phase: PROTAGO | Ticks: 789 | Protag R: -8530.00 | Antag R: 8531.00 | Delivery:  61.5% | Budget Used:  0.00/4000.0
Ep  700 | Phase: PROTAGO | Ticks: 799 | Protag R: -4247.00 | Antag R: 4248.00 | Delivery:  70.5% | Budget Used:  0.00/4000.0
  [EVAL ep 700] greedy_atk=5367 learned_atk=6107 gap=+741 +/-529 (neg = learned beats greedy under attack)
Saving checkpoints for both agents before phase switch...
Ep  701 | Phase: PROTAGO | Ticks: 780 | Protag R: -7078.00 | Antag R: 7079.00 | Delivery:  71.1% | Budget Used:  0.00/4000.0
Ep  702 | Phase: PROTAGO | Ticks: 795 | Protag R: -14802.00 | Antag R: 14803.00 | Delivery:  49.2% | Budget Used:  0.00/4000.0
Ep  703 | Phase: PROTAGO | Ticks: 790 | Protag R: -9068.00 | Antag R: 9069.00 | Delivery:  60.4% | Budget Used:  0.00/4000.0
Ep  704 | Phase: PROTAGO | Ticks: 787 | Protag R: -2351.00 | Antag R: 2352.00 | Delivery:  88.6% | Budget Used:  0.00/4000.0
Ep  705 | Phase: PROTAGO | Ticks: 781 | Protag R: -5225.00 | Antag R: 5226.00 | Delivery:  66.0% | Budget Used:  0.00/4000.0
Ep  706 | Phase: PROTAGO | Ticks: 791 | Protag R: -6465.00 | Antag R: 6466.00 | Delivery:  72.7% | Budget Used:  0.00/4000.0
Ep  707 | Phase: PROTAGO | Ticks: 792 | Protag R: -5010.00 | Antag R: 5011.00 | Delivery:  72.1% | Budget Used:  0.00/4000.0
Ep  708 | Phase: PROTAGO | Ticks: 794 | Protag R: -3465.00 | Antag R: 3466.00 | Delivery:  75.6% | Budget Used:  0.00/4000.0
Ep  709 | Phase: PROTAGO | Ticks: 793 | Protag R: -12917.00 | Antag R: 12918.00 | Delivery:  55.4% | Budget Used:  0.00/4000.0
Ep  710 | Phase: PROTAGO | Ticks: 785 | Protag R: -7213.00 | Antag R: 7214.00 | Delivery:  68.1% | Budget Used:  0.00/4000.0
Ep  711 | Phase: PROTAGO | Ticks: 784 | Protag R: -7316.00 | Antag R: 7316.00 | Delivery:  66.0% | Budget Used:  0.00/4000.0
Ep  712 | Phase: PROTAGO | Ticks: 789 | Protag R: -4772.00 | Antag R: 4773.00 | Delivery:  66.7% | Budget Used:  0.00/4000.0
Ep  713 | Phase: PROTAGO | Ticks: 790 | Protag R: -4807.00 | Antag R: 4808.00 | Delivery:  70.5% | Budget Used:  0.00/4000.0
Ep  714 | Phase: PROTAGO | Ticks: 797 | Protag R: -7174.00 | Antag R: 7175.00 | Delivery:  62.5% | Budget Used:  0.00/4000.0
Ep  715 | Phase: PROTAGO | Ticks: 786 | Protag R: -10816.00 | Antag R: 10817.00 | Delivery:  58.8% | Budget Used:  0.00/4000.0
Ep  716 | Phase: PROTAGO | Ticks: 791 | Protag R: -11537.00 | Antag R: 11538.00 | Delivery:  58.5% | Budget Used:  0.00/4000.0
Ep  717 | Phase: PROTAGO | Ticks: 797 | Protag R: -7744.00 | Antag R: 7745.00 | Delivery:  60.8% | Budget Used:  0.00/4000.0
Ep  718 | Phase: PROTAGO | Ticks: 796 | Protag R: -8434.00 | Antag R: 8435.00 | Delivery:  62.0% | Budget Used:  0.00/4000.0
Ep  719 | Phase: PROTAGO | Ticks: 790 | Protag R: -6749.00 | Antag R: 6750.00 | Delivery:  59.6% | Budget Used:  0.00/4000.0
Ep  720 | Phase: PROTAGO | Ticks: 793 | Protag R: -7822.00 | Antag R: 7823.00 | Delivery:  64.4% | Budget Used:  0.00/4000.0
Ep  721 | Phase: PROTAGO | Ticks: 797 | Protag R: -6186.00 | Antag R: 6187.00 | Delivery:  66.7% | Budget Used:  0.00/4000.0
Ep  722 | Phase: PROTAGO | Ticks: 788 | Protag R: -8956.00 | Antag R: 8957.00 | Delivery:  65.3% | Budget Used:  0.00/4000.0
Ep  723 | Phase: PROTAGO | Ticks: 797 | Protag R: -8532.00 | Antag R: 8533.00 | Delivery:  57.4% | Budget Used:  0.00/4000.0
Ep  724 | Phase: PROTAGO | Ticks: 799 | Protag R: -3328.00 | Antag R: 3329.00 | Delivery:  80.0% | Budget Used:  0.00/4000.0
Ep  725 | Phase: PROTAGO | Ticks: 789 | Protag R: -4480.00 | Antag R: 4480.00 | Delivery:  66.7% | Budget Used:  0.00/4000.0
Ep  726 | Phase: PROTAGO | Ticks: 787 | Protag R: -5249.00 | Antag R: 5250.00 | Delivery:  71.1% | Budget Used:  0.00/4000.0
Ep  727 | Phase: PROTAGO | Ticks: 783 | Protag R: -10461.00 | Antag R: 10462.00 | Delivery:  56.1% | Budget Used:  0.00/4000.0
Ep  728 | Phase: PROTAGO | Ticks: 789 | Protag R: -8299.00 | Antag R: 8300.00 | Delivery:  60.8% | Budget Used:  0.00/4000.0
Ep  729 | Phase: PROTAGO | Ticks: 796 | Protag R: -5303.00 | Antag R: 5304.00 | Delivery:  78.0% | Budget Used:  0.00/4000.0
Ep  730 | Phase: PROTAGO | Ticks: 778 | Protag R: -9613.00 | Antag R: 9614.00 | Delivery:  56.4% | Budget Used:  0.00/4000.0
Ep  731 | Phase: PROTAGO | Ticks: 792 | Protag R: -6782.00 | Antag R: 6783.00 | Delivery:  66.7% | Budget Used:  0.00/4000.0
Ep  732 | Phase: PROTAGO | Ticks: 794 | Protag R: -8032.00 | Antag R: 8033.00 | Delivery:  65.3% | Budget Used:  0.00/4000.0
Ep  733 | Phase: PROTAGO | Ticks: 793 | Protag R: -3002.00 | Antag R: 3003.00 | Delivery:  82.5% | Budget Used:  0.00/4000.0
Ep  734 | Phase: PROTAGO | Ticks: 779 | Protag R: -8926.00 | Antag R: 8926.00 | Delivery:  60.4% | Budget Used:  0.00/4000.0
Ep  735 | Phase: PROTAGO | Ticks: 786 | Protag R: -5682.00 | Antag R: 5683.00 | Delivery:  66.7% | Budget Used:  0.00/4000.0
Ep  736 | Phase: PROTAGO | Ticks: 782 | Protag R: -8402.00 | Antag R: 8403.00 | Delivery:  58.2% | Budget Used:  0.00/4000.0
Ep  737 | Phase: PROTAGO | Ticks: 783 | Protag R: -7660.00 | Antag R: 7661.00 | Delivery:  62.7% | Budget Used:  0.00/4000.0
Ep  738 | Phase: PROTAGO | Ticks: 791 | Protag R: -3448.00 | Antag R: 3449.00 | Delivery:  81.1% | Budget Used:  0.00/4000.0
Ep  739 | Phase: PROTAGO | Ticks: 797 | Protag R: -3488.00 | Antag R: 3489.00 | Delivery:  75.0% | Budget Used:  0.00/4000.0
Ep  740 | Phase: PROTAGO | Ticks: 796 | Protag R: -6535.00 | Antag R: 6535.00 | Delivery:  73.2% | Budget Used:  0.00/4000.0
Ep  741 | Phase: PROTAGO | Ticks: 795 | Protag R: -1949.00 | Antag R: 1950.00 | Delivery:  81.1% | Budget Used:  0.00/4000.0
Ep  742 | Phase: PROTAGO | Ticks: 789 | Protag R: -1539.00 | Antag R: 1540.00 | Delivery:  77.8% | Budget Used:  0.00/4000.0
Ep  743 | Phase: PROTAGO | Ticks: 791 | Protag R: -6499.00 | Antag R: 6500.00 | Delivery:  82.1% | Budget Used:  0.00/4000.0
Ep  744 | Phase: PROTAGO | Ticks: 791 | Protag R: -11359.00 | Antag R: 11360.00 | Delivery:  58.5% | Budget Used:  0.00/4000.0
Ep  745 | Phase: PROTAGO | Ticks: 792 | Protag R: -9125.00 | Antag R: 9126.00 | Delivery:  60.0% | Budget Used:  0.00/4000.0
Ep  746 | Phase: PROTAGO | Ticks: 795 | Protag R: -6361.00 | Antag R: 6362.00 | Delivery:  66.0% | Budget Used:  0.00/4000.0
Ep  747 | Phase: PROTAGO | Ticks: 777 | Protag R: -2895.00 | Antag R: 2895.00 | Delivery:  71.8% | Budget Used:  0.00/4000.0
Ep  748 | Phase: PROTAGO | Ticks: 796 | Protag R: -7951.00 | Antag R: 7952.00 | Delivery:  57.1% | Budget Used:  0.00/4000.0
Ep  749 | Phase: PROTAGO | Ticks: 790 | Protag R: -7291.00 | Antag R: 7291.00 | Delivery:  70.5% | Budget Used:  0.00/4000.0
Ep  750 | Phase: PROTAGO | Ticks: 787 | Protag R: -12151.00 | Antag R: 12152.00 | Delivery:  55.4% | Budget Used:  0.00/4000.0
  [EVAL ep 750] greedy_atk=5367 learned_atk=5886 gap=+519 +/-212 (neg = learned beats greedy under attack)
Saving checkpoints for both agents before phase switch...
Ep  751 | Phase: PROTAGO | Ticks: 796 | Protag R: -4588.00 | Antag R: 4588.00 | Delivery:  73.8% | Budget Used:  0.00/4000.0
Ep  752 | Phase: PROTAGO | Ticks: 776 | Protag R: -8473.00 | Antag R: 8473.00 | Delivery:  61.2% | Budget Used:  0.00/4000.0
Ep  753 | Phase: PROTAGO | Ticks: 797 | Protag R: -10592.00 | Antag R: 10593.00 | Delivery:  57.4% | Budget Used:  0.00/4000.0
Ep  754 | Phase: PROTAGO | Ticks: 780 | Protag R: -7310.00 | Antag R: 7311.00 | Delivery:  62.0% | Budget Used:  0.00/4000.0
Ep  755 | Phase: PROTAGO | Ticks: 788 | Protag R: -4962.00 | Antag R: 4963.00 | Delivery:  69.6% | Budget Used:  0.00/4000.0
Ep  756 | Phase: PROTAGO | Ticks: 796 | Protag R: -10303.00 | Antag R: 10304.00 | Delivery:  54.4% | Budget Used:  0.00/4000.0
Ep  757 | Phase: PROTAGO | Ticks: 794 | Protag R: -2919.00 | Antag R: 2919.00 | Delivery:  75.0% | Budget Used:  0.00/4000.0
Ep  758 | Phase: PROTAGO | Ticks: 784 | Protag R: -6684.00 | Antag R: 6685.00 | Delivery:  77.5% | Budget Used:  0.00/4000.0
Ep  759 | Phase: PROTAGO | Ticks: 794 | Protag R: -5931.00 | Antag R: 5932.00 | Delivery:  68.9% | Budget Used:  0.00/4000.0
Ep  760 | Phase: PROTAGO | Ticks: 789 | Protag R: -6809.00 | Antag R: 6810.00 | Delivery:  61.7% | Budget Used:  0.00/4000.0
Ep  761 | Phase: PROTAGO | Ticks: 798 | Protag R: -5295.00 | Antag R: 5295.00 | Delivery:  63.6% | Budget Used:  0.00/4000.0
Ep  762 | Phase: PROTAGO | Ticks: 796 | Protag R: -6904.00 | Antag R: 6906.00 | Delivery:  64.7% | Budget Used:  0.00/4000.0
Ep  763 | Phase: PROTAGO | Ticks: 793 | Protag R: -4642.00 | Antag R: 4642.00 | Delivery:  76.9% | Budget Used:  0.00/4000.0
Ep  764 | Phase: PROTAGO | Ticks: 797 | Protag R: -3920.00 | Antag R: 3921.00 | Delivery:  84.2% | Budget Used:  0.00/4000.0
Ep  765 | Phase: PROTAGO | Ticks: 792 | Protag R: -8242.00 | Antag R: 8242.00 | Delivery:  61.2% | Budget Used:  0.00/4000.0
Ep  766 | Phase: PROTAGO | Ticks: 793 | Protag R: -6002.00 | Antag R: 6002.00 | Delivery:  63.8% | Budget Used:  0.00/4000.0
Ep  767 | Phase: PROTAGO | Ticks: 796 | Protag R: -7359.00 | Antag R: 7360.00 | Delivery:  61.2% | Budget Used:  0.00/4000.0
Ep  768 | Phase: PROTAGO | Ticks: 789 | Protag R: -10551.00 | Antag R: 10552.00 | Delivery:  55.6% | Budget Used:  0.00/4000.0
Ep  769 | Phase: PROTAGO | Ticks: 786 | Protag R: -11165.00 | Antag R: 11166.00 | Delivery:  54.4% | Budget Used:  0.00/4000.0
Ep  770 | Phase: PROTAGO | Ticks: 798 | Protag R: -4843.00 | Antag R: 4844.00 | Delivery:  76.9% | Budget Used:  0.00/4000.0
Ep  771 | Phase: PROTAGO | Ticks: 791 | Protag R: -10856.00 | Antag R: 10856.00 | Delivery:  56.6% | Budget Used:  0.00/4000.0
Ep  772 | Phase: PROTAGO | Ticks: 795 | Protag R: -7223.00 | Antag R: 7224.00 | Delivery:  69.6% | Budget Used:  0.00/4000.0
Ep  773 | Phase: PROTAGO | Ticks: 795 | Protag R: -6674.00 | Antag R: 6676.00 | Delivery:  62.0% | Budget Used:  0.00/4000.0
Ep  774 | Phase: PROTAGO | Ticks: 787 | Protag R: -9942.00 | Antag R: 9942.00 | Delivery:  55.6% | Budget Used:  0.00/4000.0
Ep  775 | Phase: PROTAGO | Ticks: 799 | Protag R: -8994.00 | Antag R: 8995.00 | Delivery:  57.7% | Budget Used:  0.00/4000.0
Ep  776 | Phase: PROTAGO | Ticks: 795 | Protag R: -5946.00 | Antag R: 5946.00 | Delivery:  68.2% | Budget Used:  0.00/4000.0
Ep  777 | Phase: PROTAGO | Ticks: 789 | Protag R: -9565.00 | Antag R: 9565.00 | Delivery:  57.7% | Budget Used:  0.00/4000.0
Ep  778 | Phase: PROTAGO | Ticks: 798 | Protag R: -8318.00 | Antag R: 8319.00 | Delivery:  57.7% | Budget Used:  0.00/4000.0
Ep  779 | Phase: PROTAGO | Ticks: 789 | Protag R: -4704.00 | Antag R: 4705.00 | Delivery:  81.6% | Budget Used:  0.00/4000.0
Ep  780 | Phase: PROTAGO | Ticks: 798 | Protag R: -8573.00 | Antag R: 8573.00 | Delivery:  61.2% | Budget Used:  0.00/4000.0
Ep  781 | Phase: PROTAGO | Ticks: 795 | Protag R: -6880.00 | Antag R: 6881.00 | Delivery:  60.8% | Budget Used:  0.00/4000.0
Ep  782 | Phase: PROTAGO | Ticks: 792 | Protag R: -6641.00 | Antag R: 6641.00 | Delivery:  69.6% | Budget Used:  0.00/4000.0
Ep  783 | Phase: PROTAGO | Ticks: 795 | Protag R: -6309.00 | Antag R: 6310.00 | Delivery:  76.9% | Budget Used:  0.00/4000.0
Ep  784 | Phase: PROTAGO | Ticks: 784 | Protag R: -11792.00 | Antag R: 11793.00 | Delivery:  61.5% | Budget Used:  0.00/4000.0
Ep  785 | Phase: PROTAGO | Ticks: 799 | Protag R: -6254.00 | Antag R: 6255.00 | Delivery:  67.3% | Budget Used:  0.00/4000.0
Ep  786 | Phase: PROTAGO | Ticks: 796 | Protag R: -4918.00 | Antag R: 4918.00 | Delivery:  72.7% | Budget Used:  0.00/4000.0
Ep  787 | Phase: PROTAGO | Ticks: 782 | Protag R: -12779.00 | Antag R: 12780.00 | Delivery:  58.2% | Budget Used:  0.00/4000.0
Ep  788 | Phase: PROTAGO | Ticks: 789 | Protag R: -8704.00 | Antag R: 8705.00 | Delivery:  61.5% | Budget Used:  0.00/4000.0
Ep  789 | Phase: PROTAGO | Ticks: 798 | Protag R: -17110.00 | Antag R: 17110.00 | Delivery:  47.1% | Budget Used:  0.00/4000.0
Ep  790 | Phase: PROTAGO | Ticks: 789 | Protag R: -6372.00 | Antag R: 6373.00 | Delivery:  68.2% | Budget Used:  0.00/4000.0
Ep  791 | Phase: PROTAGO | Ticks: 796 | Protag R: -9282.00 | Antag R: 9283.00 | Delivery:  66.7% | Budget Used:  0.00/4000.0
Ep  792 | Phase: PROTAGO | Ticks: 795 | Protag R: -4631.00 | Antag R: 4632.00 | Delivery:  76.9% | Budget Used:  0.00/4000.0
Ep  793 | Phase: PROTAGO | Ticks: 792 | Protag R: -8741.00 | Antag R: 8741.00 | Delivery:  62.5% | Budget Used:  0.00/4000.0
Ep  794 | Phase: PROTAGO | Ticks: 788 | Protag R: -6346.00 | Antag R: 6347.00 | Delivery:  67.4% | Budget Used:  0.00/4000.0
Ep  795 | Phase: PROTAGO | Ticks: 796 | Protag R: -3080.00 | Antag R: 3081.00 | Delivery:  97.0% | Budget Used:  0.00/4000.0
Ep  796 | Phase: PROTAGO | Ticks: 794 | Protag R: -4641.00 | Antag R: 4642.00 | Delivery:  68.2% | Budget Used:  0.00/4000.0
Ep  797 | Phase: PROTAGO | Ticks: 798 | Protag R: -12374.00 | Antag R: 12375.00 | Delivery:  53.4% | Budget Used:  0.00/4000.0
Ep  798 | Phase: PROTAGO | Ticks: 790 | Protag R: -6186.00 | Antag R: 6187.00 | Delivery:  68.9% | Budget Used:  0.00/4000.0
Ep  799 | Phase: PROTAGO | Ticks: 795 | Protag R: -4802.00 | Antag R: 4803.00 | Delivery:  71.1% | Budget Used:  0.00/4000.0
Ep  800 | Phase: PROTAGO | Ticks: 790 | Protag R: -11763.00 | Antag R: 11764.00 | Delivery:  55.0% | Budget Used:  0.00/4000.0
  [EVAL ep 800] greedy_atk=5367 learned_atk=6145 gap=+779 +/-619 (neg = learned beats greedy under attack)
Saved coevolved protagonist actor to models/runs/gen03_robustness_dynassign/vanilla_seed1/protagonist/actor.pt
Saved coevolved antagonist actor to models/runs/gen03_robustness_dynassign/vanilla_seed1/antagonist/actor.pt
Saved copy of protagonist actor as latest to models/protagonist/actor.pt
Saved copy of antagonist actor as latest to models/antagonist/actor.pt

SACRED ATLA Training completed successfully! Logs saved to TensorBoard.
