Seeded run: seed=0
Initializing SACRED Stage-1.5 dynamic assignment (Poisson arrivals, 2 trucks)...
Configuring Protagonist Dispatch Agent...
Configuring Antagonist Congestion Agent...
Initializing ATLA Coevolution Trainer...
Run Name: gen03_robustness_dynassign/vanilla_seed0
Starting SACRED training (mode=vanilla) for 800 episodes...
Device: Protagonist=cpu, Antagonist=cpu
Initial Phase: Training PROTAGONIST

Ep    1 | Phase: PROTAGO | Ticks: 798 | Protag R: -7129.00 | Antag R: 7130.00 | Delivery:  68.1% | Budget Used:  0.00/4000.0
Ep    2 | Phase: PROTAGO | Ticks: 799 | Protag R: -7396.00 | Antag R: 7397.00 | Delivery:  68.1% | Budget Used:  0.00/4000.0
Ep    3 | Phase: PROTAGO | Ticks: 798 | Protag R: -8536.00 | Antag R: 8537.00 | Delivery:  69.6% | Budget Used:  0.00/4000.0
Ep    4 | Phase: PROTAGO | Ticks: 789 | Protag R: -6979.00 | Antag R: 6980.00 | Delivery:  69.8% | Budget Used:  0.00/4000.0
Ep    5 | Phase: PROTAGO | Ticks: 784 | Protag R: -6039.00 | Antag R: 6039.00 | Delivery:  56.2% | Budget Used:  0.00/4000.0
Ep    6 | Phase: PROTAGO | Ticks: 796 | Protag R: -7129.00 | Antag R: 7130.00 | Delivery:  64.0% | Budget Used:  0.00/4000.0
Ep    7 | Phase: PROTAGO | Ticks: 796 | Protag R: -5787.00 | Antag R: 5788.00 | Delivery:  66.7% | Budget Used:  0.00/4000.0
Ep    8 | Phase: PROTAGO | Ticks: 793 | Protag R: -6211.00 | Antag R: 6212.00 | Delivery:  66.0% | Budget Used:  0.00/4000.0
Ep    9 | Phase: PROTAGO | Ticks: 795 | Protag R: -7716.00 | Antag R: 7716.00 | Delivery:  63.3% | Budget Used:  0.00/4000.0
Ep   10 | Phase: PROTAGO | Ticks: 797 | Protag R: -7598.00 | Antag R: 7598.00 | Delivery:  60.0% | Budget Used:  0.00/4000.0
Ep   11 | Phase: PROTAGO | Ticks: 797 | Protag R: -7202.00 | Antag R: 7203.00 | Delivery:  69.6% | Budget Used:  0.00/4000.0
Ep   12 | Phase: PROTAGO | Ticks: 778 | Protag R: -6841.00 | Antag R: 6842.00 | Delivery:  69.6% | Budget Used:  0.00/4000.0
Ep   13 | Phase: PROTAGO | Ticks: 779 | Protag R: -2650.00 | Antag R: 2651.00 | Delivery:  78.9% | Budget Used:  0.00/4000.0
Ep   14 | Phase: PROTAGO | Ticks: 784 | Protag R: -10660.00 | Antag R: 10660.00 | Delivery:  57.4% | Budget Used:  0.00/4000.0
Ep   15 | Phase: PROTAGO | Ticks: 785 | Protag R: -6967.00 | Antag R: 6968.00 | Delivery:  67.4% | Budget Used:  0.00/4000.0
Ep   16 | Phase: PROTAGO | Ticks: 789 | Protag R: -3577.00 | Antag R: 3578.00 | Delivery:  78.0% | Budget Used:  0.00/4000.0
Ep   17 | Phase: PROTAGO | Ticks: 793 | Protag R: -6115.00 | Antag R: 6115.00 | Delivery:  64.6% | Budget Used:  0.00/4000.0
Ep   18 | Phase: PROTAGO | Ticks: 797 | Protag R: -6615.00 | Antag R: 6616.00 | Delivery:  70.5% | Budget Used:  0.00/4000.0
Ep   19 | Phase: PROTAGO | Ticks: 790 | Protag R: -1789.00 | Antag R: 1789.00 | Delivery:  93.8% | Budget Used:  0.00/4000.0
Ep   20 | Phase: PROTAGO | Ticks: 793 | Protag R: -3673.00 | Antag R: 3674.00 | Delivery:  86.8% | Budget Used:  0.00/4000.0
Ep   21 | Phase: PROTAGO | Ticks: 796 | Protag R: -8551.00 | Antag R: 8552.00 | Delivery:  62.7% | Budget Used:  0.00/4000.0
Ep   22 | Phase: PROTAGO | Ticks: 791 | Protag R: -11547.00 | Antag R: 11548.00 | Delivery:  51.6% | Budget Used:  0.00/4000.0
Ep   23 | Phase: PROTAGO | Ticks: 787 | Protag R: -6954.00 | Antag R: 6955.00 | Delivery:  69.0% | Budget Used:  0.00/4000.0
Ep   24 | Phase: PROTAGO | Ticks: 790 | Protag R: -7530.00 | Antag R: 7531.00 | Delivery:  60.4% | Budget Used:  0.00/4000.0
Ep   25 | Phase: PROTAGO | Ticks: 781 | Protag R: -4265.00 | Antag R: 4266.00 | Delivery: 100.0% | Budget Used:  0.00/4000.0
Ep   26 | Phase: PROTAGO | Ticks: 790 | Protag R: -14177.00 | Antag R: 14178.00 | Delivery:  52.5% | Budget Used:  0.00/4000.0
Ep   27 | Phase: PROTAGO | Ticks: 784 | Protag R: -1445.00 | Antag R: 1446.00 | Delivery:  84.4% | Budget Used:  0.00/4000.0
Ep   28 | Phase: PROTAGO | Ticks: 787 | Protag R: -4126.00 | Antag R: 4127.00 | Delivery:  80.0% | Budget Used:  0.00/4000.0
Ep   29 | Phase: PROTAGO | Ticks: 799 | Protag R: -7842.00 | Antag R: 7843.00 | Delivery:  63.5% | Budget Used:  0.00/4000.0
Ep   30 | Phase: PROTAGO | Ticks: 788 | Protag R: -7757.00 | Antag R: 7758.00 | Delivery:  68.9% | Budget Used:  0.00/4000.0
Ep   31 | Phase: PROTAGO | Ticks: 798 | Protag R: -12346.00 | Antag R: 12347.00 | Delivery:  55.2% | Budget Used:  0.00/4000.0
Ep   32 | Phase: PROTAGO | Ticks: 789 | Protag R: -11451.00 | Antag R: 11451.00 | Delivery:  51.7% | Budget Used:  0.00/4000.0
Ep   33 | Phase: PROTAGO | Ticks: 789 | Protag R: -11072.00 | Antag R: 11073.00 | Delivery:  55.2% | Budget Used:  0.00/4000.0
Ep   34 | Phase: PROTAGO | Ticks: 782 | Protag R: -8555.00 | Antag R: 8556.00 | Delivery:  55.4% | Budget Used:  0.00/4000.0
Ep   35 | Phase: PROTAGO | Ticks: 779 | Protag R: -9366.00 | Antag R: 9367.00 | Delivery:  64.0% | Budget Used:  0.00/4000.0
Ep   36 | Phase: PROTAGO | Ticks: 798 | Protag R: -10091.00 | Antag R: 10092.00 | Delivery:  57.1% | Budget Used:  0.00/4000.0
Ep   37 | Phase: PROTAGO | Ticks: 788 | Protag R: -7749.00 | Antag R: 7749.00 | Delivery:  65.2% | Budget Used:  0.00/4000.0
Ep   38 | Phase: PROTAGO | Ticks: 787 | Protag R: -10806.00 | Antag R: 10807.00 | Delivery:  53.3% | Budget Used:  0.00/4000.0
Ep   39 | Phase: PROTAGO | Ticks: 794 | Protag R: -11873.00 | Antag R: 11874.00 | Delivery:  55.0% | Budget Used:  0.00/4000.0
Ep   40 | Phase: PROTAGO | Ticks: 790 | Protag R: -5470.00 | Antag R: 5471.00 | Delivery:  70.2% | Budget Used:  0.00/4000.0
Ep   41 | Phase: PROTAGO | Ticks: 783 | Protag R: -4225.00 | Antag R: 4226.00 | Delivery:  69.8% | Budget Used:  0.00/4000.0
Ep   42 | Phase: PROTAGO | Ticks: 796 | Protag R: -9803.00 | Antag R: 9804.00 | Delivery:  62.7% | Budget Used:  0.00/4000.0
Ep   43 | Phase: PROTAGO | Ticks: 785 | Protag R: -3036.00 | Antag R: 3037.00 | Delivery:  82.9% | Budget Used:  0.00/4000.0
Ep   44 | Phase: PROTAGO | Ticks: 783 | Protag R: -7738.00 | Antag R: 7739.00 | Delivery:  66.7% | Budget Used:  0.00/4000.0
Ep   45 | Phase: PROTAGO | Ticks: 787 | Protag R: -6687.00 | Antag R: 6688.00 | Delivery:  71.1% | Budget Used:  0.00/4000.0
Ep   46 | Phase: PROTAGO | Ticks: 791 | Protag R: -8950.00 | Antag R: 8952.00 | Delivery:  53.3% | Budget Used:  0.00/4000.0
Ep   47 | Phase: PROTAGO | Ticks: 799 | Protag R: -5494.00 | Antag R: 5495.00 | Delivery:  72.7% | Budget Used:  0.00/4000.0
Ep   48 | Phase: PROTAGO | Ticks: 797 | Protag R: -10765.00 | Antag R: 10766.00 | Delivery:  59.3% | Budget Used:  0.00/4000.0
Ep   49 | Phase: PROTAGO | Ticks: 795 | Protag R: -8268.00 | Antag R: 8269.00 | Delivery:  62.7% | Budget Used:  0.00/4000.0
Ep   50 | Phase: PROTAGO | Ticks: 795 | Protag R: -8208.00 | Antag R: 8209.00 | Delivery:  56.1% | Budget Used:  0.00/4000.0
  [EVAL ep 50] greedy_atk=5366 learned_atk=5700 gap=+334 +/-239 (neg = learned beats greedy under attack)
Saving checkpoints for both agents before phase switch...
Ep   51 | Phase: PROTAGO | Ticks: 785 | Protag R: -8888.00 | Antag R: 8889.00 | Delivery:  60.8% | Budget Used:  0.00/4000.0
Ep   52 | Phase: PROTAGO | Ticks: 792 | Protag R: -13185.00 | Antag R: 13186.00 | Delivery:  53.4% | Budget Used:  0.00/4000.0
Ep   53 | Phase: PROTAGO | Ticks: 795 | Protag R: -8613.00 | Antag R: 8614.00 | Delivery:  60.4% | Budget Used:  0.00/4000.0
Ep   54 | Phase: PROTAGO | Ticks: 787 | Protag R: -12108.00 | Antag R: 12109.00 | Delivery:  54.4% | Budget Used:  0.00/4000.0
Ep   55 | Phase: PROTAGO | Ticks: 790 | Protag R: -6022.00 | Antag R: 6022.00 | Delivery:  62.5% | Budget Used:  0.00/4000.0
Ep   56 | Phase: PROTAGO | Ticks: 798 | Protag R: -7095.00 | Antag R: 7096.00 | Delivery:  67.4% | Budget Used:  0.00/4000.0
Ep   57 | Phase: PROTAGO | Ticks: 797 | Protag R: -6373.00 | Antag R: 6374.00 | Delivery:  63.8% | Budget Used:  0.00/4000.0
Ep   58 | Phase: PROTAGO | Ticks: 795 | Protag R: -8021.00 | Antag R: 8021.00 | Delivery:  66.0% | Budget Used:  0.00/4000.0
Ep   59 | Phase: PROTAGO | Ticks: 797 | Protag R: -4309.00 | Antag R: 4310.00 | Delivery:  78.0% | Budget Used:  0.00/4000.0
Ep   60 | Phase: PROTAGO | Ticks: 789 | Protag R: -6539.00 | Antag R: 6539.00 | Delivery:  73.8% | Budget Used:  0.00/4000.0
Ep   61 | Phase: PROTAGO | Ticks: 799 | Protag R: -8038.00 | Antag R: 8039.00 | Delivery:  54.2% | Budget Used:  0.00/4000.0
Ep   62 | Phase: PROTAGO | Ticks: 799 | Protag R: -7294.00 | Antag R: 7295.00 | Delivery:  71.4% | Budget Used:  0.00/4000.0
Ep   63 | Phase: PROTAGO | Ticks: 789 | Protag R: -8737.00 | Antag R: 8737.00 | Delivery:  57.7% | Budget Used:  0.00/4000.0
Ep   64 | Phase: PROTAGO | Ticks: 795 | Protag R: -4153.00 | Antag R: 4154.00 | Delivery:  72.7% | Budget Used:  0.00/4000.0
Ep   65 | Phase: PROTAGO | Ticks: 793 | Protag R: -5394.00 | Antag R: 5395.00 | Delivery:  71.1% | Budget Used:  0.00/4000.0
Ep   66 | Phase: PROTAGO | Ticks: 792 | Protag R: -7032.00 | Antag R: 7033.00 | Delivery:  64.6% | Budget Used:  0.00/4000.0
Ep   67 | Phase: PROTAGO | Ticks: 794 | Protag R: -4276.00 | Antag R: 4276.00 | Delivery:  86.1% | Budget Used:  0.00/4000.0
Ep   68 | Phase: PROTAGO | Ticks: 797 | Protag R: -1000.00 | Antag R: 1001.00 | Delivery:  89.3% | Budget Used:  0.00/4000.0
Ep   69 | Phase: PROTAGO | Ticks: 796 | Protag R: -11219.00 | Antag R: 11219.00 | Delivery:  55.4% | Budget Used:  0.00/4000.0
Ep   70 | Phase: PROTAGO | Ticks: 796 | Protag R: -7771.00 | Antag R: 7771.00 | Delivery:  65.3% | Budget Used:  0.00/4000.0
Ep   71 | Phase: PROTAGO | Ticks: 787 | Protag R: -8938.00 | Antag R: 8939.00 | Delivery:  65.3% | Budget Used:  0.00/4000.0
Ep   72 | Phase: PROTAGO | Ticks: 796 | Protag R: -6442.00 | Antag R: 6442.00 | Delivery:  68.9% | Budget Used:  0.00/4000.0
Ep   73 | Phase: PROTAGO | Ticks: 799 | Protag R: -11173.00 | Antag R: 11174.00 | Delivery:  59.3% | Budget Used:  0.00/4000.0
Ep   74 | Phase: PROTAGO | Ticks: 785 | Protag R: -4402.00 | Antag R: 4403.00 | Delivery:  72.1% | Budget Used:  0.00/4000.0
Ep   75 | Phase: PROTAGO | Ticks: 797 | Protag R: -8767.00 | Antag R: 8768.00 | Delivery:  57.1% | Budget Used:  0.00/4000.0
Ep   76 | Phase: PROTAGO | Ticks: 799 | Protag R: -10536.00 | Antag R: 10537.00 | Delivery:  52.5% | Budget Used:  0.00/4000.0
Ep   77 | Phase: PROTAGO | Ticks: 797 | Protag R: -6204.00 | Antag R: 6205.00 | Delivery:  78.0% | Budget Used:  0.00/4000.0
Ep   78 | Phase: PROTAGO | Ticks: 787 | Protag R: -12735.00 | Antag R: 12737.00 | Delivery:  54.2% | Budget Used:  0.00/4000.0
Ep   79 | Phase: PROTAGO | Ticks: 784 | Protag R: -6462.00 | Antag R: 6463.00 | Delivery:  65.2% | Budget Used:  0.00/4000.0
Ep   80 | Phase: PROTAGO | Ticks: 798 | Protag R: -8283.00 | Antag R: 8285.00 | Delivery:  57.4% | Budget Used:  0.00/4000.0
Ep   81 | Phase: PROTAGO | Ticks: 799 | Protag R: -15317.00 | Antag R: 15318.00 | Delivery:  50.0% | Budget Used:  0.00/4000.0
Ep   82 | Phase: PROTAGO | Ticks: 786 | Protag R: -4828.00 | Antag R: 4829.00 | Delivery:  72.7% | Budget Used:  0.00/4000.0
Ep   83 | Phase: PROTAGO | Ticks: 781 | Protag R: -12572.00 | Antag R: 12573.00 | Delivery:  50.8% | Budget Used:  0.00/4000.0
Ep   84 | Phase: PROTAGO | Ticks: 777 | Protag R: -6831.00 | Antag R: 6832.00 | Delivery:  64.6% | Budget Used:  0.00/4000.0
Ep   85 | Phase: PROTAGO | Ticks: 792 | Protag R: -4744.00 | Antag R: 4745.00 | Delivery:  78.0% | Budget Used:  0.00/4000.0
Ep   86 | Phase: PROTAGO | Ticks: 789 | Protag R: -4509.00 | Antag R: 4509.00 | Delivery:  76.3% | Budget Used:  0.00/4000.0
Ep   87 | Phase: PROTAGO | Ticks: 786 | Protag R: -9079.00 | Antag R: 9079.00 | Delivery:  64.6% | Budget Used:  0.00/4000.0
Ep   88 | Phase: PROTAGO | Ticks: 782 | Protag R: -4002.00 | Antag R: 4003.00 | Delivery:  81.6% | Budget Used:  0.00/4000.0
Ep   89 | Phase: PROTAGO | Ticks: 799 | Protag R: -11327.00 | Antag R: 11328.00 | Delivery:  55.2% | Budget Used:  0.00/4000.0
Ep   90 | Phase: PROTAGO | Ticks: 799 | Protag R: -8969.00 | Antag R: 8970.00 | Delivery:  60.8% | Budget Used:  0.00/4000.0
Ep   91 | Phase: PROTAGO | Ticks: 789 | Protag R: -5481.00 | Antag R: 5482.00 | Delivery:  70.5% | Budget Used:  0.00/4000.0
Ep   92 | Phase: PROTAGO | Ticks: 798 | Protag R: -7977.00 | Antag R: 7978.00 | Delivery:  65.3% | Budget Used:  0.00/4000.0
Ep   93 | Phase: PROTAGO | Ticks: 783 | Protag R: -2614.00 | Antag R: 2615.00 | Delivery:  82.4% | Budget Used:  0.00/4000.0
Ep   94 | Phase: PROTAGO | Ticks: 791 | Protag R: -8569.00 | Antag R: 8570.00 | Delivery:  58.2% | Budget Used:  0.00/4000.0
Ep   95 | Phase: PROTAGO | Ticks: 790 | Protag R: -7261.00 | Antag R: 7262.00 | Delivery:  67.4% | Budget Used:  0.00/4000.0
Ep   96 | Phase: PROTAGO | Ticks: 796 | Protag R: -2655.00 | Antag R: 2656.00 | Delivery:  76.3% | Budget Used:  0.00/4000.0
Ep   97 | Phase: PROTAGO | Ticks: 797 | Protag R: -5480.00 | Antag R: 5481.00 | Delivery:  70.5% | Budget Used:  0.00/4000.0
Ep   98 | Phase: PROTAGO | Ticks: 799 | Protag R: -7068.00 | Antag R: 7069.00 | Delivery:  57.1% | Budget Used:  0.00/4000.0
Ep   99 | Phase: PROTAGO | Ticks: 782 | Protag R: -7416.00 | Antag R: 7417.00 | Delivery:  62.5% | Budget Used:  0.00/4000.0
Ep  100 | Phase: PROTAGO | Ticks: 798 | Protag R: -5070.00 | Antag R: 5070.00 | Delivery:  61.4% | Budget Used:  0.00/4000.0
  [EVAL ep 100] greedy_atk=5366 learned_atk=5915 gap=+549 +/-299 (neg = learned beats greedy under attack)
Saving checkpoints for both agents before phase switch...
Ep  101 | Phase: PROTAGO | Ticks: 789 | Protag R: -4898.00 | Antag R: 4899.00 | Delivery:  73.8% | Budget Used:  0.00/4000.0
Ep  102 | Phase: PROTAGO | Ticks: 795 | Protag R: -7595.00 | Antag R: 7596.00 | Delivery:  54.4% | Budget Used:  0.00/4000.0
Ep  103 | Phase: PROTAGO | Ticks: 777 | Protag R: -4171.00 | Antag R: 4171.00 | Delivery:  66.7% | Budget Used:  0.00/4000.0
Ep  104 | Phase: PROTAGO | Ticks: 790 | Protag R: -8892.00 | Antag R: 8893.00 | Delivery:  66.7% | Budget Used:  0.00/4000.0
Ep  105 | Phase: PROTAGO | Ticks: 788 | Protag R: -10070.00 | Antag R: 10071.00 | Delivery:  59.6% | Budget Used:  0.00/4000.0
Ep  106 | Phase: PROTAGO | Ticks: 799 | Protag R: -6922.00 | Antag R: 6923.00 | Delivery:  66.7% | Budget Used:  0.00/4000.0
Ep  107 | Phase: PROTAGO | Ticks: 798 | Protag R: -10617.00 | Antag R: 10618.00 | Delivery:  59.6% | Budget Used:  0.00/4000.0
Ep  108 | Phase: PROTAGO | Ticks: 792 | Protag R: -6738.00 | Antag R: 6739.00 | Delivery:  69.6% | Budget Used:  0.00/4000.0
Ep  109 | Phase: PROTAGO | Ticks: 794 | Protag R: -4217.00 | Antag R: 4218.00 | Delivery:  77.5% | Budget Used:  0.00/4000.0
Ep  110 | Phase: PROTAGO | Ticks: 784 | Protag R: -6553.00 | Antag R: 6553.00 | Delivery:  68.1% | Budget Used:  0.00/4000.0
Ep  111 | Phase: PROTAGO | Ticks: 790 | Protag R: -6788.00 | Antag R: 6789.00 | Delivery:  68.1% | Budget Used:  0.00/4000.0
Ep  112 | Phase: PROTAGO | Ticks: 792 | Protag R: -6552.00 | Antag R: 6552.00 | Delivery:  66.7% | Budget Used:  0.00/4000.0
Ep  113 | Phase: PROTAGO | Ticks: 796 | Protag R: -4593.00 | Antag R: 4594.00 | Delivery:  80.0% | Budget Used:  0.00/4000.0
Ep  114 | Phase: PROTAGO | Ticks: 789 | Protag R: -6147.00 | Antag R: 6148.00 | Delivery:  66.7% | Budget Used:  0.00/4000.0
Ep  115 | Phase: PROTAGO | Ticks: 780 | Protag R: -7919.00 | Antag R: 7919.00 | Delivery:  61.5% | Budget Used:  0.00/4000.0
Ep  116 | Phase: PROTAGO | Ticks: 798 | Protag R: -5748.00 | Antag R: 5749.00 | Delivery:  73.2% | Budget Used:  0.00/4000.0
Ep  117 | Phase: PROTAGO | Ticks: 798 | Protag R: -5289.00 | Antag R: 5290.00 | Delivery:  74.4% | Budget Used:  0.00/4000.0
Ep  118 | Phase: PROTAGO | Ticks: 791 | Protag R: -8402.00 | Antag R: 8403.00 | Delivery:  61.1% | Budget Used:  0.00/4000.0
Ep  119 | Phase: PROTAGO | Ticks: 797 | Protag R: -10448.00 | Antag R: 10449.00 | Delivery:  56.4% | Budget Used:  0.00/4000.0
Ep  120 | Phase: PROTAGO | Ticks: 790 | Protag R: -9887.00 | Antag R: 9888.00 | Delivery:  57.4% | Budget Used:  0.00/4000.0
Ep  121 | Phase: PROTAGO | Ticks: 799 | Protag R: -12157.00 | Antag R: 12158.00 | Delivery:  56.1% | Budget Used:  0.00/4000.0
Ep  122 | Phase: PROTAGO | Ticks: 795 | Protag R: -8856.00 | Antag R: 8857.00 | Delivery:  61.2% | Budget Used:  0.00/4000.0
Ep  123 | Phase: PROTAGO | Ticks: 791 | Protag R: -10529.00 | Antag R: 10529.00 | Delivery:  56.4% | Budget Used:  0.00/4000.0
Ep  124 | Phase: PROTAGO | Ticks: 796 | Protag R: -7837.00 | Antag R: 7838.00 | Delivery:  58.0% | Budget Used:  0.00/4000.0
Ep  125 | Phase: PROTAGO | Ticks: 794 | Protag R: -8377.00 | Antag R: 8377.00 | Delivery:  59.6% | Budget Used:  0.00/4000.0
Ep  126 | Phase: PROTAGO | Ticks: 798 | Protag R: -5393.00 | Antag R: 5394.00 | Delivery:  78.0% | Budget Used:  0.00/4000.0
Ep  127 | Phase: PROTAGO | Ticks: 788 | Protag R: -6673.00 | Antag R: 6674.00 | Delivery:  63.3% | Budget Used:  0.00/4000.0
Ep  128 | Phase: PROTAGO | Ticks: 798 | Protag R: -11321.00 | Antag R: 11322.00 | Delivery:  56.1% | Budget Used:  0.00/4000.0
Ep  129 | Phase: PROTAGO | Ticks: 782 | Protag R: -7125.00 | Antag R: 7126.00 | Delivery:  68.9% | Budget Used:  0.00/4000.0
Ep  130 | Phase: PROTAGO | Ticks: 790 | Protag R: -9584.00 | Antag R: 9585.00 | Delivery:  60.8% | Budget Used:  0.00/4000.0
Ep  131 | Phase: PROTAGO | Ticks: 778 | Protag R: -1824.00 | Antag R: 1824.00 | Delivery:  89.7% | Budget Used:  0.00/4000.0
Ep  132 | Phase: PROTAGO | Ticks: 784 | Protag R: -3665.00 | Antag R: 3666.00 | Delivery:  73.8% | Budget Used:  0.00/4000.0
Ep  133 | Phase: PROTAGO | Ticks: 788 | Protag R: -5614.00 | Antag R: 5615.00 | Delivery:  70.5% | Budget Used:  0.00/4000.0
Ep  134 | Phase: PROTAGO | Ticks: 795 | Protag R: -6918.00 | Antag R: 6919.00 | Delivery:  64.0% | Budget Used:  0.00/4000.0
Ep  135 | Phase: PROTAGO | Ticks: 778 | Protag R: -4148.00 | Antag R: 4148.00 | Delivery:  66.7% | Budget Used:  0.00/4000.0
Ep  136 | Phase: PROTAGO | Ticks: 783 | Protag R: -8636.00 | Antag R: 8637.00 | Delivery:  58.2% | Budget Used:  0.00/4000.0
Ep  137 | Phase: PROTAGO | Ticks: 796 | Protag R: -7388.00 | Antag R: 7389.00 | Delivery:  72.7% | Budget Used:  0.00/4000.0
Ep  138 | Phase: PROTAGO | Ticks: 788 | Protag R: -4773.00 | Antag R: 4773.00 | Delivery:  73.8% | Budget Used:  0.00/4000.0
Ep  139 | Phase: PROTAGO | Ticks: 795 | Protag R: -9316.00 | Antag R: 9318.00 | Delivery:  62.7% | Budget Used:  0.00/4000.0
Ep  140 | Phase: PROTAGO | Ticks: 792 | Protag R: -4165.00 | Antag R: 4165.00 | Delivery:  69.8% | Budget Used:  0.00/4000.0
Ep  141 | Phase: PROTAGO | Ticks: 785 | Protag R: -7420.00 | Antag R: 7421.00 | Delivery:  60.8% | Budget Used:  0.00/4000.0
Ep  142 | Phase: PROTAGO | Ticks: 783 | Protag R: -8836.00 | Antag R: 8837.00 | Delivery:  62.7% | Budget Used:  0.00/4000.0
Ep  143 | Phase: PROTAGO | Ticks: 788 | Protag R: -8291.00 | Antag R: 8292.00 | Delivery:  65.3% | Budget Used:  0.00/4000.0
Ep  144 | Phase: PROTAGO | Ticks: 784 | Protag R: -5831.00 | Antag R: 5832.00 | Delivery:  73.8% | Budget Used:  0.00/4000.0
Ep  145 | Phase: PROTAGO | Ticks: 788 | Protag R: -7615.00 | Antag R: 7616.00 | Delivery:  57.4% | Budget Used:  0.00/4000.0
Ep  146 | Phase: PROTAGO | Ticks: 789 | Protag R: -5231.00 | Antag R: 5232.00 | Delivery:  67.4% | Budget Used:  0.00/4000.0
Ep  147 | Phase: PROTAGO | Ticks: 789 | Protag R: -5572.00 | Antag R: 5573.00 | Delivery:  61.7% | Budget Used:  0.00/4000.0
Ep  148 | Phase: PROTAGO | Ticks: 793 | Protag R: -7553.00 | Antag R: 7553.00 | Delivery:  70.5% | Budget Used:  0.00/4000.0
Ep  149 | Phase: PROTAGO | Ticks: 788 | Protag R: -10278.00 | Antag R: 10278.00 | Delivery:  58.8% | Budget Used:  0.00/4000.0
Ep  150 | Phase: PROTAGO | Ticks: 782 | Protag R: -2702.00 | Antag R: 2702.00 | Delivery:  71.4% | Budget Used:  0.00/4000.0
  [EVAL ep 150] greedy_atk=5366 learned_atk=5694 gap=+329 +/-220 (neg = learned beats greedy under attack)
Saving checkpoints for both agents before phase switch...
Ep  151 | Phase: PROTAGO | Ticks: 792 | Protag R: -11837.00 | Antag R: 11838.00 | Delivery:  46.4% | Budget Used:  0.00/4000.0
Ep  152 | Phase: PROTAGO | Ticks: 795 | Protag R: -7522.00 | Antag R: 7523.00 | Delivery:  65.3% | Budget Used:  0.00/4000.0
Ep  153 | Phase: PROTAGO | Ticks: 797 | Protag R: -5641.00 | Antag R: 5642.00 | Delivery:  65.3% | Budget Used:  0.00/4000.0
Ep  154 | Phase: PROTAGO | Ticks: 786 | Protag R: -8472.00 | Antag R: 8472.00 | Delivery:  54.5% | Budget Used:  0.00/4000.0
Ep  155 | Phase: PROTAGO | Ticks: 799 | Protag R: -7320.00 | Antag R: 7320.00 | Delivery:  67.4% | Budget Used:  0.00/4000.0
Ep  156 | Phase: PROTAGO | Ticks: 799 | Protag R: -7561.00 | Antag R: 7561.00 | Delivery:  54.9% | Budget Used:  0.00/4000.0
Ep  157 | Phase: PROTAGO | Ticks: 789 | Protag R: -4376.00 | Antag R: 4377.00 | Delivery:  81.6% | Budget Used:  0.00/4000.0
Ep  158 | Phase: PROTAGO | Ticks: 780 | Protag R: -9223.00 | Antag R: 9224.00 | Delivery:  58.2% | Budget Used:  0.00/4000.0
Ep  159 | Phase: PROTAGO | Ticks: 799 | Protag R: -4070.00 | Antag R: 4071.00 | Delivery:  69.8% | Budget Used:  0.00/4000.0
Ep  160 | Phase: PROTAGO | Ticks: 787 | Protag R: -6107.00 | Antag R: 6108.00 | Delivery:  67.4% | Budget Used:  0.00/4000.0
Ep  161 | Phase: PROTAGO | Ticks: 797 | Protag R: -9379.00 | Antag R: 9381.00 | Delivery:  61.5% | Budget Used:  0.00/4000.0
Ep  162 | Phase: PROTAGO | Ticks: 785 | Protag R: -6981.00 | Antag R: 6982.00 | Delivery:  66.0% | Budget Used:  0.00/4000.0
Ep  163 | Phase: PROTAGO | Ticks: 790 | Protag R: -11012.00 | Antag R: 11013.00 | Delivery:  54.2% | Budget Used:  0.00/4000.0
Ep  164 | Phase: PROTAGO | Ticks: 791 | Protag R: -7417.00 | Antag R: 7418.00 | Delivery:  60.8% | Budget Used:  0.00/4000.0
Ep  165 | Phase: PROTAGO | Ticks: 792 | Protag R: -7843.00 | Antag R: 7843.00 | Delivery:  62.5% | Budget Used:  0.00/4000.0
Ep  166 | Phase: PROTAGO | Ticks: 798 | Protag R: -13874.00 | Antag R: 13876.00 | Delivery:  48.5% | Budget Used:  0.00/4000.0
Ep  167 | Phase: PROTAGO | Ticks: 798 | Protag R: -9207.00 | Antag R: 9207.00 | Delivery:  58.8% | Budget Used:  0.00/4000.0
Ep  168 | Phase: PROTAGO | Ticks: 784 | Protag R: -6437.00 | Antag R: 6438.00 | Delivery:  71.1% | Budget Used:  0.00/4000.0
Ep  169 | Phase: PROTAGO | Ticks: 783 | Protag R: -12664.00 | Antag R: 12665.00 | Delivery:  55.4% | Budget Used:  0.00/4000.0
Ep  170 | Phase: PROTAGO | Ticks: 798 | Protag R: -5936.00 | Antag R: 5937.00 | Delivery:  66.7% | Budget Used:  0.00/4000.0
Ep  171 | Phase: PROTAGO | Ticks: 796 | Protag R: -11243.00 | Antag R: 11244.00 | Delivery:  54.2% | Budget Used:  0.00/4000.0
Ep  172 | Phase: PROTAGO | Ticks: 790 | Protag R: -7434.00 | Antag R: 7435.00 | Delivery:  62.7% | Budget Used:  0.00/4000.0
Ep  173 | Phase: PROTAGO | Ticks: 796 | Protag R: -8855.00 | Antag R: 8856.00 | Delivery:  64.6% | Budget Used:  0.00/4000.0
Ep  174 | Phase: PROTAGO | Ticks: 784 | Protag R: -11307.00 | Antag R: 11308.00 | Delivery:  54.4% | Budget Used:  0.00/4000.0
Ep  175 | Phase: PROTAGO | Ticks: 794 | Protag R: -4595.00 | Antag R: 4595.00 | Delivery:  71.4% | Budget Used:  0.00/4000.0
Ep  176 | Phase: PROTAGO | Ticks: 792 | Protag R: -4078.00 | Antag R: 4079.00 | Delivery:  75.6% | Budget Used:  0.00/4000.0
Ep  177 | Phase: PROTAGO | Ticks: 786 | Protag R: -4274.00 | Antag R: 4275.00 | Delivery:  69.8% | Budget Used:  0.00/4000.0
Ep  178 | Phase: PROTAGO | Ticks: 797 | Protag R: -6678.00 | Antag R: 6679.00 | Delivery:  71.1% | Budget Used:  0.00/4000.0
Ep  179 | Phase: PROTAGO | Ticks: 789 | Protag R: -7179.00 | Antag R: 7180.00 | Delivery:  67.4% | Budget Used:  0.00/4000.0
Ep  180 | Phase: PROTAGO | Ticks: 778 | Protag R: -5267.00 | Antag R: 5268.00 | Delivery:  78.0% | Budget Used:  0.00/4000.0
Ep  181 | Phase: PROTAGO | Ticks: 797 | Protag R: -2722.00 | Antag R: 2723.00 | Delivery:  81.6% | Budget Used:  0.00/4000.0
Ep  182 | Phase: PROTAGO | Ticks: 789 | Protag R: -6840.00 | Antag R: 6841.00 | Delivery:  64.6% | Budget Used:  0.00/4000.0
Ep  183 | Phase: PROTAGO | Ticks: 794 | Protag R: -4389.00 | Antag R: 4390.00 | Delivery:  65.2% | Budget Used:  0.00/4000.0
Ep  184 | Phase: PROTAGO | Ticks: 798 | Protag R: -6509.00 | Antag R: 6510.00 | Delivery:  66.7% | Budget Used:  0.00/4000.0
Ep  185 | Phase: PROTAGO | Ticks: 793 | Protag R: -4942.00 | Antag R: 4943.00 | Delivery:  72.1% | Budget Used:  0.00/4000.0
Ep  186 | Phase: PROTAGO | Ticks: 799 | Protag R: -12918.00 | Antag R: 12919.00 | Delivery:  50.0% | Budget Used:  0.00/4000.0
Ep  187 | Phase: PROTAGO | Ticks: 790 | Protag R: -10365.00 | Antag R: 10366.00 | Delivery:  57.1% | Budget Used:  0.00/4000.0
Ep  188 | Phase: PROTAGO | Ticks: 791 | Protag R: -7891.00 | Antag R: 7892.00 | Delivery:  58.2% | Budget Used:  0.00/4000.0
Ep  189 | Phase: PROTAGO | Ticks: 796 | Protag R: -10134.00 | Antag R: 10135.00 | Delivery:  63.3% | Budget Used:  0.00/4000.0
Ep  190 | Phase: PROTAGO | Ticks: 792 | Protag R: -2709.00 | Antag R: 2710.00 | Delivery:  83.8% | Budget Used:  0.00/4000.0
Ep  191 | Phase: PROTAGO | Ticks: 786 | Protag R: -1547.00 | Antag R: 1548.00 | Delivery:  90.6% | Budget Used:  0.00/4000.0
Ep  192 | Phase: PROTAGO | Ticks: 798 | Protag R: -6372.00 | Antag R: 6373.00 | Delivery:  71.1% | Budget Used:  0.00/4000.0
Ep  193 | Phase: PROTAGO | Ticks: 795 | Protag R: -8470.00 | Antag R: 8470.00 | Delivery:  60.4% | Budget Used:  0.00/4000.0
Ep  194 | Phase: PROTAGO | Ticks: 789 | Protag R: -4065.00 | Antag R: 4066.00 | Delivery:  69.6% | Budget Used:  0.00/4000.0
Ep  195 | Phase: PROTAGO | Ticks: 786 | Protag R: -5547.00 | Antag R: 5548.00 | Delivery:  62.0% | Budget Used:  0.00/4000.0
Ep  196 | Phase: PROTAGO | Ticks: 794 | Protag R: -7111.00 | Antag R: 7112.00 | Delivery:  58.5% | Budget Used:  0.00/4000.0
Ep  197 | Phase: PROTAGO | Ticks: 790 | Protag R: -8080.00 | Antag R: 8081.00 | Delivery:  74.4% | Budget Used:  0.00/4000.0
Ep  198 | Phase: PROTAGO | Ticks: 794 | Protag R: -13070.00 | Antag R: 13071.00 | Delivery:  54.2% | Budget Used:  0.00/4000.0
Ep  199 | Phase: PROTAGO | Ticks: 797 | Protag R: -3882.00 | Antag R: 3883.00 | Delivery:  84.6% | Budget Used:  0.00/4000.0
Ep  200 | Phase: PROTAGO | Ticks: 789 | Protag R: -3858.00 | Antag R: 3858.00 | Delivery:  71.1% | Budget Used:  0.00/4000.0
  [EVAL ep 200] greedy_atk=5366 learned_atk=5715 gap=+349 +/-247 (neg = learned beats greedy under attack)
Saving checkpoints for both agents before phase switch...
Ep  201 | Phase: PROTAGO | Ticks: 795 | Protag R: -13772.00 | Antag R: 13773.00 | Delivery:  50.8% | Budget Used:  0.00/4000.0
Ep  202 | Phase: PROTAGO | Ticks: 791 | Protag R: -6174.00 | Antag R: 6175.00 | Delivery:  62.7% | Budget Used:  0.00/4000.0
Ep  203 | Phase: PROTAGO | Ticks: 790 | Protag R: -7764.00 | Antag R: 7765.00 | Delivery:  60.4% | Budget Used:  0.00/4000.0
Ep  204 | Phase: PROTAGO | Ticks: 795 | Protag R: -6618.00 | Antag R: 6619.00 | Delivery:  64.6% | Budget Used:  0.00/4000.0
Ep  205 | Phase: PROTAGO | Ticks: 785 | Protag R: -10878.00 | Antag R: 10879.00 | Delivery:  52.5% | Budget Used:  0.00/4000.0
Ep  206 | Phase: PROTAGO | Ticks: 793 | Protag R: -9846.00 | Antag R: 9847.00 | Delivery:  59.6% | Budget Used:  0.00/4000.0
Ep  207 | Phase: PROTAGO | Ticks: 795 | Protag R: -5201.00 | Antag R: 5202.00 | Delivery:  74.4% | Budget Used:  0.00/4000.0
Ep  208 | Phase: PROTAGO | Ticks: 787 | Protag R: -3940.00 | Antag R: 3941.00 | Delivery:  67.4% | Budget Used:  0.00/4000.0
Ep  209 | Phase: PROTAGO | Ticks: 788 | Protag R: -8787.00 | Antag R: 8788.00 | Delivery:  64.0% | Budget Used:  0.00/4000.0
Ep  210 | Phase: PROTAGO | Ticks: 795 | Protag R: -3154.00 | Antag R: 3155.00 | Delivery:  75.6% | Budget Used:  0.00/4000.0
Ep  211 | Phase: PROTAGO | Ticks: 783 | Protag R: -10340.00 | Antag R: 10341.00 | Delivery:  52.5% | Budget Used:  0.00/4000.0
Ep  212 | Phase: PROTAGO | Ticks: 792 | Protag R: -6147.00 | Antag R: 6148.00 | Delivery:  77.5% | Budget Used:  0.00/4000.0
Ep  213 | Phase: PROTAGO | Ticks: 786 | Protag R: -6716.00 | Antag R: 6717.00 | Delivery:  72.7% | Budget Used:  0.00/4000.0
Ep  214 | Phase: PROTAGO | Ticks: 794 | Protag R: -8453.00 | Antag R: 8454.00 | Delivery:  72.7% | Budget Used:  0.00/4000.0
Ep  215 | Phase: PROTAGO | Ticks: 788 | Protag R: -6927.00 | Antag R: 6927.00 | Delivery:  70.5% | Budget Used:  0.00/4000.0
Ep  216 | Phase: PROTAGO | Ticks: 792 | Protag R: -11506.00 | Antag R: 11507.00 | Delivery:  57.1% | Budget Used:  0.00/4000.0
Ep  217 | Phase: PROTAGO | Ticks: 795 | Protag R: -7970.00 | Antag R: 7971.00 | Delivery:  65.3% | Budget Used:  0.00/4000.0
Ep  218 | Phase: PROTAGO | Ticks: 783 | Protag R: -6158.00 | Antag R: 6159.00 | Delivery:  60.0% | Budget Used:  0.00/4000.0
Ep  219 | Phase: PROTAGO | Ticks: 795 | Protag R: -7777.00 | Antag R: 7777.00 | Delivery:  62.0% | Budget Used:  0.00/4000.0
Ep  220 | Phase: PROTAGO | Ticks: 778 | Protag R: -5720.00 | Antag R: 5721.00 | Delivery:  71.1% | Budget Used:  0.00/4000.0
Ep  221 | Phase: PROTAGO | Ticks: 794 | Protag R: -2647.00 | Antag R: 2648.00 | Delivery:  81.6% | Budget Used:  0.00/4000.0
Ep  222 | Phase: PROTAGO | Ticks: 798 | Protag R: -4484.00 | Antag R: 4485.00 | Delivery:  72.7% | Budget Used:  0.00/4000.0
Ep  223 | Phase: PROTAGO | Ticks: 794 | Protag R: -8638.00 | Antag R: 8639.00 | Delivery:  55.4% | Budget Used:  0.00/4000.0
Ep  224 | Phase: PROTAGO | Ticks: 798 | Protag R: -6736.00 | Antag R: 6736.00 | Delivery:  63.0% | Budget Used:  0.00/4000.0
Ep  225 | Phase: PROTAGO | Ticks: 791 | Protag R: -11415.00 | Antag R: 11416.00 | Delivery:  53.4% | Budget Used:  0.00/4000.0
Ep  226 | Phase: PROTAGO | Ticks: 784 | Protag R: -5818.00 | Antag R: 5819.00 | Delivery:  76.9% | Budget Used:  0.00/4000.0
Ep  227 | Phase: PROTAGO | Ticks: 786 | Protag R: -7460.00 | Antag R: 7461.00 | Delivery:  67.4% | Budget Used:  0.00/4000.0
Ep  228 | Phase: PROTAGO | Ticks: 799 | Protag R: -1533.00 | Antag R: 1534.00 | Delivery:  90.6% | Budget Used:  0.00/4000.0
Ep  229 | Phase: PROTAGO | Ticks: 782 | Protag R: -6039.00 | Antag R: 6040.00 | Delivery:  64.6% | Budget Used:  0.00/4000.0
Ep  230 | Phase: PROTAGO | Ticks: 789 | Protag R: -9024.00 | Antag R: 9025.00 | Delivery:  63.5% | Budget Used:  0.00/4000.0
Ep  231 | Phase: PROTAGO | Ticks: 791 | Protag R: -8452.00 | Antag R: 8453.00 | Delivery:  56.4% | Budget Used:  0.00/4000.0
Ep  232 | Phase: PROTAGO | Ticks: 793 | Protag R: -11010.00 | Antag R: 11011.00 | Delivery:  64.6% | Budget Used:  0.00/4000.0
Ep  233 | Phase: PROTAGO | Ticks: 777 | Protag R: -6056.00 | Antag R: 6057.00 | Delivery:  76.2% | Budget Used:  0.00/4000.0
Ep  234 | Phase: PROTAGO | Ticks: 789 | Protag R: -7099.00 | Antag R: 7100.00 | Delivery:  60.4% | Budget Used:  0.00/4000.0
Ep  235 | Phase: PROTAGO | Ticks: 799 | Protag R: -6684.00 | Antag R: 6685.00 | Delivery:  71.1% | Budget Used:  0.00/4000.0
Ep  236 | Phase: PROTAGO | Ticks: 785 | Protag R: -9270.00 | Antag R: 9271.00 | Delivery:  56.1% | Budget Used:  0.00/4000.0
Ep  237 | Phase: PROTAGO | Ticks: 799 | Protag R: -8893.00 | Antag R: 8893.00 | Delivery:  60.0% | Budget Used:  0.00/4000.0
Ep  238 | Phase: PROTAGO | Ticks: 799 | Protag R: -7857.00 | Antag R: 7858.00 | Delivery:  52.6% | Budget Used:  0.00/4000.0
Ep  239 | Phase: PROTAGO | Ticks: 797 | Protag R: -8491.00 | Antag R: 8492.00 | Delivery:  64.0% | Budget Used:  0.00/4000.0
Ep  240 | Phase: PROTAGO | Ticks: 786 | Protag R: -11390.00 | Antag R: 11391.00 | Delivery:  55.4% | Budget Used:  0.00/4000.0
Ep  241 | Phase: PROTAGO | Ticks: 798 | Protag R: -9897.00 | Antag R: 9897.00 | Delivery:  54.4% | Budget Used:  0.00/4000.0
Ep  242 | Phase: PROTAGO | Ticks: 787 | Protag R: -7068.00 | Antag R: 7069.00 | Delivery:  72.7% | Budget Used:  0.00/4000.0
Ep  243 | Phase: PROTAGO | Ticks: 789 | Protag R: -11652.00 | Antag R: 11652.00 | Delivery:  49.2% | Budget Used:  0.00/4000.0
Ep  244 | Phase: PROTAGO | Ticks: 793 | Protag R: -6130.00 | Antag R: 6131.00 | Delivery:  71.1% | Budget Used:  0.00/4000.0
Ep  245 | Phase: PROTAGO | Ticks: 799 | Protag R: -2673.00 | Antag R: 2674.00 | Delivery:  80.0% | Budget Used:  0.00/4000.0
Ep  246 | Phase: PROTAGO | Ticks: 779 | Protag R: -3985.00 | Antag R: 3985.00 | Delivery:  80.6% | Budget Used:  0.00/4000.0
Ep  247 | Phase: PROTAGO | Ticks: 778 | Protag R: -5494.00 | Antag R: 5495.00 | Delivery:  66.7% | Budget Used:  0.00/4000.0
Ep  248 | Phase: PROTAGO | Ticks: 797 | Protag R: -6107.00 | Antag R: 6108.00 | Delivery:  58.2% | Budget Used:  0.00/4000.0
Ep  249 | Phase: PROTAGO | Ticks: 793 | Protag R: -10721.00 | Antag R: 10722.00 | Delivery:  59.3% | Budget Used:  0.00/4000.0
Ep  250 | Phase: PROTAGO | Ticks: 794 | Protag R: -4176.00 | Antag R: 4177.00 | Delivery:  70.5% | Budget Used:  0.00/4000.0
  [EVAL ep 250] greedy_atk=5366 learned_atk=5706 gap=+340 +/-242 (neg = learned beats greedy under attack)
Saving checkpoints for both agents before phase switch...
Ep  251 | Phase: PROTAGO | Ticks: 792 | Protag R: -7904.00 | Antag R: 7905.00 | Delivery:  63.5% | Budget Used:  0.00/4000.0
Ep  252 | Phase: PROTAGO | Ticks: 789 | Protag R: -6136.00 | Antag R: 6137.00 | Delivery:  70.5% | Budget Used:  0.00/4000.0
Ep  253 | Phase: PROTAGO | Ticks: 797 | Protag R: -6936.00 | Antag R: 6937.00 | Delivery:  71.1% | Budget Used:  0.00/4000.0
Ep  254 | Phase: PROTAGO | Ticks: 776 | Protag R: -4229.00 | Antag R: 4229.00 | Delivery:  78.0% | Budget Used:  0.00/4000.0
Ep  255 | Phase: PROTAGO | Ticks: 785 | Protag R: -9773.00 | Antag R: 9773.00 | Delivery:  58.8% | Budget Used:  0.00/4000.0
Ep  256 | Phase: PROTAGO | Ticks: 795 | Protag R: -4502.00 | Antag R: 4503.00 | Delivery:  80.0% | Budget Used:  0.00/4000.0
Ep  257 | Phase: PROTAGO | Ticks: 782 | Protag R: -13597.00 | Antag R: 13598.00 | Delivery:  50.0% | Budget Used:  0.00/4000.0
Ep  258 | Phase: PROTAGO | Ticks: 796 | Protag R: -7825.00 | Antag R: 7826.00 | Delivery:  64.7% | Budget Used:  0.00/4000.0
Ep  259 | Phase: PROTAGO | Ticks: 785 | Protag R: -4397.00 | Antag R: 4397.00 | Delivery:  72.1% | Budget Used:  0.00/4000.0
Ep  260 | Phase: PROTAGO | Ticks: 798 | Protag R: -8841.00 | Antag R: 8842.00 | Delivery:  72.7% | Budget Used:  0.00/4000.0
Ep  261 | Phase: PROTAGO | Ticks: 794 | Protag R: -6818.00 | Antag R: 6819.00 | Delivery:  68.1% | Budget Used:  0.00/4000.0
Ep  262 | Phase: PROTAGO | Ticks: 786 | Protag R: -5921.00 | Antag R: 5922.00 | Delivery:  63.3% | Budget Used:  0.00/4000.0
Ep  263 | Phase: PROTAGO | Ticks: 798 | Protag R: -6473.00 | Antag R: 6474.00 | Delivery:  69.6% | Budget Used:  0.00/4000.0
Ep  264 | Phase: PROTAGO | Ticks: 788 | Protag R: -6074.00 | Antag R: 6074.00 | Delivery:  61.7% | Budget Used:  0.00/4000.0
Ep  265 | Phase: PROTAGO | Ticks: 795 | Protag R: -1799.00 | Antag R: 1800.00 | Delivery:  80.6% | Budget Used:  0.00/4000.0
Ep  266 | Phase: PROTAGO | Ticks: 795 | Protag R: -7480.00 | Antag R: 7481.00 | Delivery:  62.7% | Budget Used:  0.00/4000.0
Ep  267 | Phase: PROTAGO | Ticks: 782 | Protag R: -15611.00 | Antag R: 15612.00 | Delivery:  48.4% | Budget Used:  0.00/4000.0
Ep  268 | Phase: PROTAGO | Ticks: 784 | Protag R: -3425.00 | Antag R: 3425.00 | Delivery:  76.9% | Budget Used:  0.00/4000.0
Ep  269 | Phase: PROTAGO | Ticks: 793 | Protag R: -3871.00 | Antag R: 3872.00 | Delivery:  70.7% | Budget Used:  0.00/4000.0
Ep  270 | Phase: PROTAGO | Ticks: 793 | Protag R: -8124.00 | Antag R: 8125.00 | Delivery:  64.0% | Budget Used:  0.00/4000.0
Ep  271 | Phase: PROTAGO | Ticks: 795 | Protag R: -6145.00 | Antag R: 6146.00 | Delivery:  66.7% | Budget Used:  0.00/4000.0
Ep  272 | Phase: PROTAGO | Ticks: 791 | Protag R: -5368.00 | Antag R: 5369.00 | Delivery:  66.0% | Budget Used:  0.00/4000.0
Ep  273 | Phase: PROTAGO | Ticks: 799 | Protag R: -7080.00 | Antag R: 7081.00 | Delivery:  64.6% | Budget Used:  0.00/4000.0
Ep  274 | Phase: PROTAGO | Ticks: 777 | Protag R: -9914.00 | Antag R: 9915.00 | Delivery:  56.4% | Budget Used:  0.00/4000.0
Ep  275 | Phase: PROTAGO | Ticks: 789 | Protag R: -10384.00 | Antag R: 10385.00 | Delivery:  51.7% | Budget Used:  0.00/4000.0
Ep  276 | Phase: PROTAGO | Ticks: 799 | Protag R: -10781.00 | Antag R: 10781.00 | Delivery:  58.5% | Budget Used:  0.00/4000.0
Ep  277 | Phase: PROTAGO | Ticks: 794 | Protag R: -7008.00 | Antag R: 7009.00 | Delivery:  55.4% | Budget Used:  0.00/4000.0
Ep  278 | Phase: PROTAGO | Ticks: 784 | Protag R: -4665.00 | Antag R: 4666.00 | Delivery:  73.8% | Budget Used:  0.00/4000.0
Ep  279 | Phase: PROTAGO | Ticks: 789 | Protag R: -4531.00 | Antag R: 4532.00 | Delivery:  78.9% | Budget Used:  0.00/4000.0
Ep  280 | Phase: PROTAGO | Ticks: 797 | Protag R: -8521.00 | Antag R: 8522.00 | Delivery:  63.3% | Budget Used:  0.00/4000.0
Ep  281 | Phase: PROTAGO | Ticks: 797 | Protag R: -11018.00 | Antag R: 11019.00 | Delivery:  56.4% | Budget Used:  0.00/4000.0
Ep  282 | Phase: PROTAGO | Ticks: 797 | Protag R: -3305.00 | Antag R: 3306.00 | Delivery:  83.8% | Budget Used:  0.00/4000.0
Ep  283 | Phase: PROTAGO | Ticks: 785 | Protag R: -8270.00 | Antag R: 8271.00 | Delivery:  62.7% | Budget Used:  0.00/4000.0
Ep  284 | Phase: PROTAGO | Ticks: 799 | Protag R: -4804.00 | Antag R: 4804.00 | Delivery:  81.6% | Budget Used:  0.00/4000.0
Ep  285 | Phase: PROTAGO | Ticks: 795 | Protag R: -5964.00 | Antag R: 5965.00 | Delivery:  64.6% | Budget Used:  0.00/4000.0
Ep  286 | Phase: PROTAGO | Ticks: 790 | Protag R: -9703.00 | Antag R: 9703.00 | Delivery:  54.2% | Budget Used:  0.00/4000.0
Ep  287 | Phase: PROTAGO | Ticks: 789 | Protag R: -5260.00 | Antag R: 5261.00 | Delivery:  72.7% | Budget Used:  0.00/4000.0
Ep  288 | Phase: PROTAGO | Ticks: 796 | Protag R: -7753.00 | Antag R: 7753.00 | Delivery:  56.6% | Budget Used:  0.00/4000.0
Ep  289 | Phase: PROTAGO | Ticks: 789 | Protag R: -7380.00 | Antag R: 7381.00 | Delivery:  58.2% | Budget Used:  0.00/4000.0
Ep  290 | Phase: PROTAGO | Ticks: 796 | Protag R: -4509.00 | Antag R: 4510.00 | Delivery:  83.8% | Budget Used:  0.00/4000.0
Ep  291 | Phase: PROTAGO | Ticks: 798 | Protag R: -7464.00 | Antag R: 7464.00 | Delivery:  59.2% | Budget Used:  0.00/4000.0
Ep  292 | Phase: PROTAGO | Ticks: 783 | Protag R: -13418.00 | Antag R: 13419.00 | Delivery:  50.0% | Budget Used:  0.00/4000.0
Ep  293 | Phase: PROTAGO | Ticks: 787 | Protag R: -4922.00 | Antag R: 4923.00 | Delivery:  71.4% | Budget Used:  0.00/4000.0
Ep  294 | Phase: PROTAGO | Ticks: 798 | Protag R: -5756.00 | Antag R: 5757.00 | Delivery:  62.0% | Budget Used:  0.00/4000.0
Ep  295 | Phase: PROTAGO | Ticks: 794 | Protag R: -8540.00 | Antag R: 8541.00 | Delivery:  58.2% | Budget Used:  0.00/4000.0
Ep  296 | Phase: PROTAGO | Ticks: 795 | Protag R: -6894.00 | Antag R: 6895.00 | Delivery:  62.7% | Budget Used:  0.00/4000.0
Ep  297 | Phase: PROTAGO | Ticks: 788 | Protag R: -8154.00 | Antag R: 8154.00 | Delivery:  63.3% | Budget Used:  0.00/4000.0
Ep  298 | Phase: PROTAGO | Ticks: 792 | Protag R: -3320.00 | Antag R: 3320.00 | Delivery:  83.8% | Budget Used:  0.00/4000.0
Ep  299 | Phase: PROTAGO | Ticks: 788 | Protag R: -5102.00 | Antag R: 5102.00 | Delivery:  68.9% | Budget Used:  0.00/4000.0
Ep  300 | Phase: PROTAGO | Ticks: 791 | Protag R: -11719.00 | Antag R: 11719.00 | Delivery:  54.7% | Budget Used:  0.00/4000.0
  [EVAL ep 300] greedy_atk=5366 learned_atk=5715 gap=+350 +/-253 (neg = learned beats greedy under attack)
Saving checkpoints for both agents before phase switch...
Ep  301 | Phase: PROTAGO | Ticks: 799 | Protag R: -3975.00 | Antag R: 3976.00 | Delivery:  78.0% | Budget Used:  0.00/4000.0
Ep  302 | Phase: PROTAGO | Ticks: 792 | Protag R: -10736.00 | Antag R: 10737.00 | Delivery:  57.4% | Budget Used:  0.00/4000.0
Ep  303 | Phase: PROTAGO | Ticks: 781 | Protag R: -7292.00 | Antag R: 7293.00 | Delivery:  63.8% | Budget Used:  0.00/4000.0
Ep  304 | Phase: PROTAGO | Ticks: 798 | Protag R: -7840.00 | Antag R: 7841.00 | Delivery:  53.4% | Budget Used:  0.00/4000.0
Ep  305 | Phase: PROTAGO | Ticks: 794 | Protag R: -5848.00 | Antag R: 5849.00 | Delivery:  69.8% | Budget Used:  0.00/4000.0
Ep  306 | Phase: PROTAGO | Ticks: 797 | Protag R: -3849.00 | Antag R: 3850.00 | Delivery:  80.0% | Budget Used:  0.00/4000.0
Ep  307 | Phase: PROTAGO | Ticks: 796 | Protag R: -8688.00 | Antag R: 8689.00 | Delivery:  64.0% | Budget Used:  0.00/4000.0
Ep  308 | Phase: PROTAGO | Ticks: 780 | Protag R: -8621.00 | Antag R: 8622.00 | Delivery:  57.7% | Budget Used:  0.00/4000.0
Ep  309 | Phase: PROTAGO | Ticks: 793 | Protag R: -8657.00 | Antag R: 8658.00 | Delivery:  61.5% | Budget Used:  0.00/4000.0
Ep  310 | Phase: PROTAGO | Ticks: 795 | Protag R: -6633.00 | Antag R: 6633.00 | Delivery:  67.4% | Budget Used:  0.00/4000.0
Ep  311 | Phase: PROTAGO | Ticks: 791 | Protag R: -6202.00 | Antag R: 6203.00 | Delivery:  69.6% | Budget Used:  0.00/4000.0
Ep  312 | Phase: PROTAGO | Ticks: 789 | Protag R: -3226.00 | Antag R: 3226.00 | Delivery:  78.9% | Budget Used:  0.00/4000.0
Ep  313 | Phase: PROTAGO | Ticks: 797 | Protag R: -5919.00 | Antag R: 5920.00 | Delivery:  70.2% | Budget Used:  0.00/4000.0
Ep  314 | Phase: PROTAGO | Ticks: 798 | Protag R: -10636.00 | Antag R: 10637.00 | Delivery:  56.1% | Budget Used:  0.00/4000.0
Ep  315 | Phase: PROTAGO | Ticks: 794 | Protag R: -9796.00 | Antag R: 9797.00 | Delivery:  63.5% | Budget Used:  0.00/4000.0
Ep  316 | Phase: PROTAGO | Ticks: 794 | Protag R: -10906.00 | Antag R: 10907.00 | Delivery:  61.5% | Budget Used:  0.00/4000.0
Ep  317 | Phase: PROTAGO | Ticks: 780 | Protag R: -5707.00 | Antag R: 5708.00 | Delivery:  76.2% | Budget Used:  0.00/4000.0
Ep  318 | Phase: PROTAGO | Ticks: 795 | Protag R: -8803.00 | Antag R: 8804.00 | Delivery:  54.2% | Budget Used:  0.00/4000.0
Ep  319 | Phase: PROTAGO | Ticks: 794 | Protag R: -6605.00 | Antag R: 6606.00 | Delivery:  68.1% | Budget Used:  0.00/4000.0
Ep  320 | Phase: PROTAGO | Ticks: 799 | Protag R: -5043.00 | Antag R: 5044.00 | Delivery:  79.5% | Budget Used:  0.00/4000.0
Ep  321 | Phase: PROTAGO | Ticks: 787 | Protag R: -4161.00 | Antag R: 4162.00 | Delivery:  80.0% | Budget Used:  0.00/4000.0
Ep  322 | Phase: PROTAGO | Ticks: 795 | Protag R: -1804.00 | Antag R: 1805.00 | Delivery:  90.9% | Budget Used:  0.00/4000.0
Ep  323 | Phase: PROTAGO | Ticks: 798 | Protag R: -13215.00 | Antag R: 13216.00 | Delivery:  54.2% | Budget Used:  0.00/4000.0
Ep  324 | Phase: PROTAGO | Ticks: 788 | Protag R: -6444.00 | Antag R: 6445.00 | Delivery:  86.5% | Budget Used:  0.00/4000.0
Ep  325 | Phase: PROTAGO | Ticks: 792 | Protag R: -6716.00 | Antag R: 6717.00 | Delivery:  66.7% | Budget Used:  0.00/4000.0
Ep  326 | Phase: PROTAGO | Ticks: 797 | Protag R: -12141.00 | Antag R: 12142.00 | Delivery:  62.0% | Budget Used:  0.00/4000.0
Ep  327 | Phase: PROTAGO | Ticks: 780 | Protag R: -5684.00 | Antag R: 5685.00 | Delivery:  60.0% | Budget Used:  0.00/4000.0
Ep  328 | Phase: PROTAGO | Ticks: 791 | Protag R: -6688.00 | Antag R: 6689.00 | Delivery:  64.6% | Budget Used:  0.00/4000.0
Ep  329 | Phase: PROTAGO | Ticks: 795 | Protag R: -3359.00 | Antag R: 3359.00 | Delivery:  83.3% | Budget Used:  0.00/4000.0
Ep  330 | Phase: PROTAGO | Ticks: 797 | Protag R: -5340.00 | Antag R: 5341.00 | Delivery:  63.8% | Budget Used:  0.00/4000.0
Ep  331 | Phase: PROTAGO | Ticks: 795 | Protag R: -7166.00 | Antag R: 7167.00 | Delivery:  60.8% | Budget Used:  0.00/4000.0
Ep  332 | Phase: PROTAGO | Ticks: 786 | Protag R: -7721.00 | Antag R: 7721.00 | Delivery:  60.0% | Budget Used:  0.00/4000.0
Ep  333 | Phase: PROTAGO | Ticks: 788 | Protag R: -3746.00 | Antag R: 3746.00 | Delivery:  85.3% | Budget Used:  0.00/4000.0
Ep  334 | Phase: PROTAGO | Ticks: 775 | Protag R: -1094.00 | Antag R: 1095.00 | Delivery: 100.0% | Budget Used:  0.00/4000.0
Ep  335 | Phase: PROTAGO | Ticks: 798 | Protag R: -9875.00 | Antag R: 9876.00 | Delivery:  53.3% | Budget Used:  0.00/4000.0
Ep  336 | Phase: PROTAGO | Ticks: 777 | Protag R: -2817.00 | Antag R: 2818.00 | Delivery:  85.3% | Budget Used:  0.00/4000.0
Ep  337 | Phase: PROTAGO | Ticks: 779 | Protag R: -3876.00 | Antag R: 3877.00 | Delivery:  83.8% | Budget Used:  0.00/4000.0
Ep  338 | Phase: PROTAGO | Ticks: 790 | Protag R: -11855.00 | Antag R: 11856.00 | Delivery:  50.0% | Budget Used:  0.00/4000.0
Ep  339 | Phase: PROTAGO | Ticks: 778 | Protag R: -11535.00 | Antag R: 11536.00 | Delivery:  56.4% | Budget Used:  0.00/4000.0
Ep  340 | Phase: PROTAGO | Ticks: 793 | Protag R: -5607.00 | Antag R: 5608.00 | Delivery:  66.0% | Budget Used:  0.00/4000.0
Ep  341 | Phase: PROTAGO | Ticks: 792 | Protag R: -11491.00 | Antag R: 11491.00 | Delivery:  51.8% | Budget Used:  0.00/4000.0
Ep  342 | Phase: PROTAGO | Ticks: 796 | Protag R: -9293.00 | Antag R: 9293.00 | Delivery:  56.9% | Budget Used:  0.00/4000.0
Ep  343 | Phase: PROTAGO | Ticks: 792 | Protag R: -11868.00 | Antag R: 11869.00 | Delivery:  52.5% | Budget Used:  0.00/4000.0
Ep  344 | Phase: PROTAGO | Ticks: 799 | Protag R: -14142.00 | Antag R: 14143.00 | Delivery:  51.6% | Budget Used:  0.00/4000.0
Ep  345 | Phase: PROTAGO | Ticks: 791 | Protag R: -3619.00 | Antag R: 3619.00 | Delivery:  77.5% | Budget Used:  0.00/4000.0
Ep  346 | Phase: PROTAGO | Ticks: 799 | Protag R: -8743.00 | Antag R: 8744.00 | Delivery:  65.3% | Budget Used:  0.00/4000.0
Ep  347 | Phase: PROTAGO | Ticks: 791 | Protag R: -6289.00 | Antag R: 6290.00 | Delivery:  73.8% | Budget Used:  0.00/4000.0
Ep  348 | Phase: PROTAGO | Ticks: 792 | Protag R: -6239.00 | Antag R: 6240.00 | Delivery:  76.2% | Budget Used:  0.00/4000.0
Ep  349 | Phase: PROTAGO | Ticks: 797 | Protag R: -3711.00 | Antag R: 3712.00 | Delivery:  68.4% | Budget Used:  0.00/4000.0
Ep  350 | Phase: PROTAGO | Ticks: 795 | Protag R: -5693.00 | Antag R: 5695.00 | Delivery:  73.8% | Budget Used:  0.00/4000.0
  [EVAL ep 350] greedy_atk=5366 learned_atk=5832 gap=+466 +/-318 (neg = learned beats greedy under attack)
Saving checkpoints for both agents before phase switch...
Ep  351 | Phase: PROTAGO | Ticks: 788 | Protag R: -13505.00 | Antag R: 13506.00 | Delivery:  51.6% | Budget Used:  0.00/4000.0
Ep  352 | Phase: PROTAGO | Ticks: 794 | Protag R: -9177.00 | Antag R: 9178.00 | Delivery:  60.4% | Budget Used:  0.00/4000.0
Ep  353 | Phase: PROTAGO | Ticks: 786 | Protag R: -3380.00 | Antag R: 3381.00 | Delivery:  74.4% | Budget Used:  0.00/4000.0
Ep  354 | Phase: PROTAGO | Ticks: 794 | Protag R: -9043.00 | Antag R: 9044.00 | Delivery:  62.7% | Budget Used:  0.00/4000.0
Ep  355 | Phase: PROTAGO | Ticks: 789 | Protag R: -11690.00 | Antag R: 11691.00 | Delivery:  61.1% | Budget Used:  0.00/4000.0
Ep  356 | Phase: PROTAGO | Ticks: 799 | Protag R: -3737.00 | Antag R: 3738.00 | Delivery:  81.6% | Budget Used:  0.00/4000.0
Ep  357 | Phase: PROTAGO | Ticks: 796 | Protag R: -6166.00 | Antag R: 6167.00 | Delivery:  76.2% | Budget Used:  0.00/4000.0
Ep  358 | Phase: PROTAGO | Ticks: 787 | Protag R: -5307.00 | Antag R: 5308.00 | Delivery:  76.2% | Budget Used:  0.00/4000.0
Ep  359 | Phase: PROTAGO | Ticks: 795 | Protag R: -6453.00 | Antag R: 6453.00 | Delivery:  66.7% | Budget Used:  0.00/4000.0
Ep  360 | Phase: PROTAGO | Ticks: 793 | Protag R: -9417.00 | Antag R: 9417.00 | Delivery:  56.6% | Budget Used:  0.00/4000.0
Ep  361 | Phase: PROTAGO | Ticks: 787 | Protag R: -10438.00 | Antag R: 10440.00 | Delivery:  55.2% | Budget Used:  0.00/4000.0
Ep  362 | Phase: PROTAGO | Ticks: 798 | Protag R: -3648.00 | Antag R: 3649.00 | Delivery:  76.7% | Budget Used:  0.00/4000.0
Ep  363 | Phase: PROTAGO | Ticks: 795 | Protag R: -5643.00 | Antag R: 5644.00 | Delivery:  70.5% | Budget Used:  0.00/4000.0
Ep  364 | Phase: PROTAGO | Ticks: 790 | Protag R: -6418.00 | Antag R: 6418.00 | Delivery:  62.5% | Budget Used:  0.00/4000.0
Ep  365 | Phase: PROTAGO | Ticks: 786 | Protag R: -7799.00 | Antag R: 7800.00 | Delivery:  58.5% | Budget Used:  0.00/4000.0
Ep  366 | Phase: PROTAGO | Ticks: 782 | Protag R: -8261.00 | Antag R: 8262.00 | Delivery:  60.4% | Budget Used:  0.00/4000.0
Ep  367 | Phase: PROTAGO | Ticks: 790 | Protag R: -5800.00 | Antag R: 5801.00 | Delivery:  59.2% | Budget Used:  0.00/4000.0
Ep  368 | Phase: PROTAGO | Ticks: 796 | Protag R: -7915.00 | Antag R: 7916.00 | Delivery:  57.4% | Budget Used:  0.00/4000.0
Ep  369 | Phase: PROTAGO | Ticks: 798 | Protag R: -6122.00 | Antag R: 6123.00 | Delivery:  62.0% | Budget Used:  0.00/4000.0
Ep  370 | Phase: PROTAGO | Ticks: 783 | Protag R: -13002.00 | Antag R: 13003.00 | Delivery:  55.2% | Budget Used:  0.00/4000.0
Ep  371 | Phase: PROTAGO | Ticks: 780 | Protag R: -6786.00 | Antag R: 6787.00 | Delivery:  63.8% | Budget Used:  0.00/4000.0
Ep  372 | Phase: PROTAGO | Ticks: 785 | Protag R: -7217.00 | Antag R: 7218.00 | Delivery:  65.2% | Budget Used:  0.00/4000.0
Ep  373 | Phase: PROTAGO | Ticks: 785 | Protag R: -4665.00 | Antag R: 4665.00 | Delivery:  76.3% | Budget Used:  0.00/4000.0
Ep  374 | Phase: PROTAGO | Ticks: 785 | Protag R: -10607.00 | Antag R: 10608.00 | Delivery:  64.0% | Budget Used:  0.00/4000.0
Ep  375 | Phase: PROTAGO | Ticks: 781 | Protag R: -5024.00 | Antag R: 5025.00 | Delivery:  73.8% | Budget Used:  0.00/4000.0
Ep  376 | Phase: PROTAGO | Ticks: 794 | Protag R: -9512.00 | Antag R: 9513.00 | Delivery:  61.2% | Budget Used:  0.00/4000.0
Ep  377 | Phase: PROTAGO | Ticks: 796 | Protag R: -9627.00 | Antag R: 9628.00 | Delivery:  60.4% | Budget Used:  0.00/4000.0
Ep  378 | Phase: PROTAGO | Ticks: 785 | Protag R: -2202.00 | Antag R: 2203.00 | Delivery:  79.4% | Budget Used:  0.00/4000.0
Ep  379 | Phase: PROTAGO | Ticks: 798 | Protag R: -8264.00 | Antag R: 8264.00 | Delivery:  57.7% | Budget Used:  0.00/4000.0
Ep  380 | Phase: PROTAGO | Ticks: 793 | Protag R: -12330.00 | Antag R: 12330.00 | Delivery:  52.5% | Budget Used:  0.00/4000.0
Ep  381 | Phase: PROTAGO | Ticks: 789 | Protag R: -3681.00 | Antag R: 3682.00 | Delivery:  74.4% | Budget Used:  0.00/4000.0
Ep  382 | Phase: PROTAGO | Ticks: 794 | Protag R: -6201.00 | Antag R: 6202.00 | Delivery:  68.9% | Budget Used:  0.00/4000.0
Ep  383 | Phase: PROTAGO | Ticks: 791 | Protag R: -4667.00 | Antag R: 4668.00 | Delivery:  72.7% | Budget Used:  0.00/4000.0
Ep  384 | Phase: PROTAGO | Ticks: 785 | Protag R: -10433.00 | Antag R: 10434.00 | Delivery:  54.4% | Budget Used:  0.00/4000.0
Ep  385 | Phase: PROTAGO | Ticks: 798 | Protag R: -10314.00 | Antag R: 10315.00 | Delivery:  60.0% | Budget Used:  0.00/4000.0
Ep  386 | Phase: PROTAGO | Ticks: 799 | Protag R: -11725.00 | Antag R: 11726.00 | Delivery:  60.4% | Budget Used:  0.00/4000.0
Ep  387 | Phase: PROTAGO | Ticks: 798 | Protag R: -14826.00 | Antag R: 14827.00 | Delivery:  51.7% | Budget Used:  0.00/4000.0
Ep  388 | Phase: PROTAGO | Ticks: 785 | Protag R: -9478.00 | Antag R: 9479.00 | Delivery:  57.1% | Budget Used:  0.00/4000.0
Ep  389 | Phase: PROTAGO | Ticks: 782 | Protag R: -9387.00 | Antag R: 9387.00 | Delivery:  54.5% | Budget Used:  0.00/4000.0
Ep  390 | Phase: PROTAGO | Ticks: 785 | Protag R: -6531.00 | Antag R: 6531.00 | Delivery:  64.4% | Budget Used:  0.00/4000.0
Ep  391 | Phase: PROTAGO | Ticks: 798 | Protag R: -3265.00 | Antag R: 3266.00 | Delivery:  81.6% | Budget Used:  0.00/4000.0
Ep  392 | Phase: PROTAGO | Ticks: 784 | Protag R: -6022.00 | Antag R: 6023.00 | Delivery:  70.7% | Budget Used:  0.00/4000.0
Ep  393 | Phase: PROTAGO | Ticks: 797 | Protag R: -11573.00 | Antag R: 11573.00 | Delivery:  54.4% | Budget Used:  0.00/4000.0
Ep  394 | Phase: PROTAGO | Ticks: 789 | Protag R: -5372.00 | Antag R: 5373.00 | Delivery:  68.1% | Budget Used:  0.00/4000.0
Ep  395 | Phase: PROTAGO | Ticks: 784 | Protag R: -4388.00 | Antag R: 4389.00 | Delivery:  65.2% | Budget Used:  0.00/4000.0
Ep  396 | Phase: PROTAGO | Ticks: 788 | Protag R: -3834.00 | Antag R: 3834.00 | Delivery:  72.1% | Budget Used:  0.00/4000.0
Ep  397 | Phase: PROTAGO | Ticks: 799 | Protag R: -13050.00 | Antag R: 13051.00 | Delivery:  51.7% | Budget Used:  0.00/4000.0
Ep  398 | Phase: PROTAGO | Ticks: 786 | Protag R: -7393.00 | Antag R: 7394.00 | Delivery:  68.1% | Budget Used:  0.00/4000.0
Ep  399 | Phase: PROTAGO | Ticks: 798 | Protag R: -3693.00 | Antag R: 3694.00 | Delivery:  72.7% | Budget Used:  0.00/4000.0
Ep  400 | Phase: PROTAGO | Ticks: 787 | Protag R: -7833.00 | Antag R: 7834.00 | Delivery:  55.6% | Budget Used:  0.00/4000.0
  [EVAL ep 400] greedy_atk=5366 learned_atk=5902 gap=+536 +/-296 (neg = learned beats greedy under attack)
Saving checkpoints for both agents before phase switch...
Ep  401 | Phase: PROTAGO | Ticks: 793 | Protag R: -9094.00 | Antag R: 9094.00 | Delivery:  58.8% | Budget Used:  0.00/4000.0
Ep  402 | Phase: PROTAGO | Ticks: 790 | Protag R: -3446.00 | Antag R: 3447.00 | Delivery:  84.2% | Budget Used:  0.00/4000.0
Ep  403 | Phase: PROTAGO | Ticks: 797 | Protag R: -8056.00 | Antag R: 8056.00 | Delivery:  68.9% | Budget Used:  0.00/4000.0
Ep  404 | Phase: PROTAGO | Ticks: 799 | Protag R: -10653.00 | Antag R: 10654.00 | Delivery:  56.4% | Budget Used:  0.00/4000.0
Ep  405 | Phase: PROTAGO | Ticks: 784 | Protag R: -8722.00 | Antag R: 8723.00 | Delivery:  57.4% | Budget Used:  0.00/4000.0
Ep  406 | Phase: PROTAGO | Ticks: 788 | Protag R: -3739.00 | Antag R: 3740.00 | Delivery:  76.2% | Budget Used:  0.00/4000.0
Ep  407 | Phase: PROTAGO | Ticks: 789 | Protag R: -7368.00 | Antag R: 7369.00 | Delivery:  66.0% | Budget Used:  0.00/4000.0
Ep  408 | Phase: PROTAGO | Ticks: 786 | Protag R: -11965.00 | Antag R: 11966.00 | Delivery:  58.2% | Budget Used:  0.00/4000.0
Ep  409 | Phase: PROTAGO | Ticks: 784 | Protag R: -1483.00 | Antag R: 1483.00 | Delivery:  90.6% | Budget Used:  0.00/4000.0
Ep  410 | Phase: PROTAGO | Ticks: 799 | Protag R: -5202.00 | Antag R: 5202.00 | Delivery:  68.2% | Budget Used:  0.00/4000.0
Ep  411 | Phase: PROTAGO | Ticks: 788 | Protag R: -2980.00 | Antag R: 2981.00 | Delivery:  83.8% | Budget Used:  0.00/4000.0
Ep  412 | Phase: PROTAGO | Ticks: 784 | Protag R: -5330.00 | Antag R: 5331.00 | Delivery:  67.4% | Budget Used:  0.00/4000.0
Ep  413 | Phase: PROTAGO | Ticks: 788 | Protag R: -6832.00 | Antag R: 6832.00 | Delivery:  62.5% | Budget Used:  0.00/4000.0
Ep  414 | Phase: PROTAGO | Ticks: 793 | Protag R: -7472.00 | Antag R: 7473.00 | Delivery:  67.4% | Budget Used:  0.00/4000.0
Ep  415 | Phase: PROTAGO | Ticks: 795 | Protag R: -5025.00 | Antag R: 5026.00 | Delivery:  71.4% | Budget Used:  0.00/4000.0
Ep  416 | Phase: PROTAGO | Ticks: 797 | Protag R: -2571.00 | Antag R: 2572.00 | Delivery:  84.2% | Budget Used:  0.00/4000.0
Ep  417 | Phase: PROTAGO | Ticks: 789 | Protag R: -5329.00 | Antag R: 5330.00 | Delivery:  56.9% | Budget Used:  0.00/4000.0
Ep  418 | Phase: PROTAGO | Ticks: 791 | Protag R: -9087.00 | Antag R: 9088.00 | Delivery:  65.3% | Budget Used:  0.00/4000.0
Ep  419 | Phase: PROTAGO | Ticks: 789 | Protag R: -4167.00 | Antag R: 4168.00 | Delivery:  72.7% | Budget Used:  0.00/4000.0
Ep  420 | Phase: PROTAGO | Ticks: 785 | Protag R: -10326.00 | Antag R: 10326.00 | Delivery:  56.6% | Budget Used:  0.00/4000.0
Ep  421 | Phase: PROTAGO | Ticks: 787 | Protag R: -7376.00 | Antag R: 7377.00 | Delivery:  63.8% | Budget Used:  0.00/4000.0
Ep  422 | Phase: PROTAGO | Ticks: 798 | Protag R: -7898.00 | Antag R: 7899.00 | Delivery:  60.0% | Budget Used:  0.00/4000.0
Ep  423 | Phase: PROTAGO | Ticks: 797 | Protag R: -6975.00 | Antag R: 6976.00 | Delivery:  69.6% | Budget Used:  0.00/4000.0
Ep  424 | Phase: PROTAGO | Ticks: 782 | Protag R: -5462.00 | Antag R: 5463.00 | Delivery:  74.4% | Budget Used:  0.00/4000.0
Ep  425 | Phase: PROTAGO | Ticks: 796 | Protag R: -8535.00 | Antag R: 8536.00 | Delivery:  59.6% | Budget Used:  0.00/4000.0
Ep  426 | Phase: PROTAGO | Ticks: 792 | Protag R: -7202.00 | Antag R: 7203.00 | Delivery:  65.3% | Budget Used:  0.00/4000.0
Ep  427 | Phase: PROTAGO | Ticks: 782 | Protag R: -10171.00 | Antag R: 10172.00 | Delivery:  58.5% | Budget Used:  0.00/4000.0
Ep  428 | Phase: PROTAGO | Ticks: 796 | Protag R: -5121.00 | Antag R: 5122.00 | Delivery:  77.5% | Budget Used:  0.00/4000.0
Ep  429 | Phase: PROTAGO | Ticks: 790 | Protag R: -8715.00 | Antag R: 8716.00 | Delivery:  54.7% | Budget Used:  0.00/4000.0
Ep  430 | Phase: PROTAGO | Ticks: 781 | Protag R: -2738.00 | Antag R: 2739.00 | Delivery:  76.3% | Budget Used:  0.00/4000.0
Ep  431 | Phase: PROTAGO | Ticks: 791 | Protag R: -7241.00 | Antag R: 7241.00 | Delivery:  58.3% | Budget Used:  0.00/4000.0
Ep  432 | Phase: PROTAGO | Ticks: 788 | Protag R: -5556.00 | Antag R: 5556.00 | Delivery:  67.4% | Budget Used:  0.00/4000.0
Ep  433 | Phase: PROTAGO | Ticks: 794 | Protag R: -7972.00 | Antag R: 7974.00 | Delivery:  69.6% | Budget Used:  0.00/4000.0
Ep  434 | Phase: PROTAGO | Ticks: 795 | Protag R: -2314.00 | Antag R: 2315.00 | Delivery:  83.3% | Budget Used:  0.00/4000.0
Ep  435 | Phase: PROTAGO | Ticks: 786 | Protag R: -6595.00 | Antag R: 6596.00 | Delivery:  56.6% | Budget Used:  0.00/4000.0
Ep  436 | Phase: PROTAGO | Ticks: 798 | Protag R: -5201.00 | Antag R: 5202.00 | Delivery:  78.6% | Budget Used:  0.00/4000.0
Ep  437 | Phase: PROTAGO | Ticks: 790 | Protag R: -3461.00 | Antag R: 3461.00 | Delivery:  83.3% | Budget Used:  0.00/4000.0
Ep  438 | Phase: PROTAGO | Ticks: 783 | Protag R: -7356.00 | Antag R: 7356.00 | Delivery:  63.8% | Budget Used:  0.00/4000.0
Ep  439 | Phase: PROTAGO | Ticks: 776 | Protag R: -10678.00 | Antag R: 10679.00 | Delivery:  58.5% | Budget Used:  0.00/4000.0
Ep  440 | Phase: PROTAGO | Ticks: 793 | Protag R: -6416.00 | Antag R: 6417.00 | Delivery:  64.0% | Budget Used:  0.00/4000.0
Ep  441 | Phase: PROTAGO | Ticks: 794 | Protag R: -5023.00 | Antag R: 5023.00 | Delivery:  70.5% | Budget Used:  0.00/4000.0
Ep  442 | Phase: PROTAGO | Ticks: 788 | Protag R: -8419.00 | Antag R: 8420.00 | Delivery:  63.3% | Budget Used:  0.00/4000.0
Ep  443 | Phase: PROTAGO | Ticks: 792 | Protag R: -5141.00 | Antag R: 5142.00 | Delivery:  74.4% | Budget Used:  0.00/4000.0
Ep  444 | Phase: PROTAGO | Ticks: 787 | Protag R: -14215.00 | Antag R: 14216.00 | Delivery:  50.8% | Budget Used:  0.00/4000.0
Ep  445 | Phase: PROTAGO | Ticks: 797 | Protag R: -7557.00 | Antag R: 7558.00 | Delivery:  62.7% | Budget Used:  0.00/4000.0
Ep  446 | Phase: PROTAGO | Ticks: 793 | Protag R: -10289.00 | Antag R: 10290.00 | Delivery:  57.1% | Budget Used:  0.00/4000.0
Ep  447 | Phase: PROTAGO | Ticks: 797 | Protag R: -15675.00 | Antag R: 15676.00 | Delivery:  47.1% | Budget Used:  0.00/4000.0
Ep  448 | Phase: PROTAGO | Ticks: 785 | Protag R: -4775.00 | Antag R: 4775.00 | Delivery:  65.9% | Budget Used:  0.00/4000.0
Ep  449 | Phase: PROTAGO | Ticks: 795 | Protag R: -5035.00 | Antag R: 5036.00 | Delivery:  73.2% | Budget Used:  0.00/4000.0
Ep  450 | Phase: PROTAGO | Ticks: 788 | Protag R: -8133.00 | Antag R: 8133.00 | Delivery:  62.0% | Budget Used:  0.00/4000.0
  [EVAL ep 450] greedy_atk=5366 learned_atk=5658 gap=+293 +/-204 (neg = learned beats greedy under attack)
Saving checkpoints for both agents before phase switch...
Ep  451 | Phase: PROTAGO | Ticks: 790 | Protag R: -11205.00 | Antag R: 11206.00 | Delivery:  58.2% | Budget Used:  0.00/4000.0
Ep  452 | Phase: PROTAGO | Ticks: 794 | Protag R: -5811.00 | Antag R: 5812.00 | Delivery:  66.0% | Budget Used:  0.00/4000.0
Ep  453 | Phase: PROTAGO | Ticks: 799 | Protag R: -10078.00 | Antag R: 10079.00 | Delivery:  62.0% | Budget Used:  0.00/4000.0
Ep  454 | Phase: PROTAGO | Ticks: 789 | Protag R: -5370.00 | Antag R: 5370.00 | Delivery:  66.7% | Budget Used:  0.00/4000.0
Ep  455 | Phase: PROTAGO | Ticks: 785 | Protag R: -5017.00 | Antag R: 5017.00 | Delivery:  75.0% | Budget Used:  0.00/4000.0
Ep  456 | Phase: PROTAGO | Ticks: 799 | Protag R: -10121.00 | Antag R: 10122.00 | Delivery:  55.2% | Budget Used:  0.00/4000.0
Ep  457 | Phase: PROTAGO | Ticks: 793 | Protag R: -3956.00 | Antag R: 3957.00 | Delivery:  78.0% | Budget Used:  0.00/4000.0
Ep  458 | Phase: PROTAGO | Ticks: 798 | Protag R: -7442.00 | Antag R: 7443.00 | Delivery:  59.3% | Budget Used:  0.00/4000.0
Ep  459 | Phase: PROTAGO | Ticks: 788 | Protag R: -7206.00 | Antag R: 7207.00 | Delivery:  66.0% | Budget Used:  0.00/4000.0
Ep  460 | Phase: PROTAGO | Ticks: 791 | Protag R: -7655.00 | Antag R: 7655.00 | Delivery:  63.3% | Budget Used:  0.00/4000.0
Ep  461 | Phase: PROTAGO | Ticks: 792 | Protag R: -9310.00 | Antag R: 9310.00 | Delivery:  58.0% | Budget Used:  0.00/4000.0
Ep  462 | Phase: PROTAGO | Ticks: 781 | Protag R: -12019.00 | Antag R: 12019.00 | Delivery:  49.1% | Budget Used:  0.00/4000.0
Ep  463 | Phase: PROTAGO | Ticks: 782 | Protag R: -11534.00 | Antag R: 11534.00 | Delivery:  54.7% | Budget Used:  0.00/4000.0
Ep  464 | Phase: PROTAGO | Ticks: 777 | Protag R: -5029.00 | Antag R: 5030.00 | Delivery:  74.4% | Budget Used:  0.00/4000.0
Ep  465 | Phase: PROTAGO | Ticks: 775 | Protag R: -7765.00 | Antag R: 7765.00 | Delivery:  51.7% | Budget Used:  0.00/4000.0
Ep  466 | Phase: PROTAGO | Ticks: 794 | Protag R: -9106.00 | Antag R: 9106.00 | Delivery:  51.7% | Budget Used:  0.00/4000.0
Ep  467 | Phase: PROTAGO | Ticks: 797 | Protag R: -6513.00 | Antag R: 6514.00 | Delivery:  72.7% | Budget Used:  0.00/4000.0
Ep  468 | Phase: PROTAGO | Ticks: 779 | Protag R: -7668.00 | Antag R: 7670.00 | Delivery:  68.9% | Budget Used:  0.00/4000.0
Ep  469 | Phase: PROTAGO | Ticks: 799 | Protag R: -8806.00 | Antag R: 8807.00 | Delivery:  66.0% | Budget Used:  0.00/4000.0
Ep  470 | Phase: PROTAGO | Ticks: 797 | Protag R: -8095.00 | Antag R: 8095.00 | Delivery:  56.6% | Budget Used:  0.00/4000.0
Ep  471 | Phase: PROTAGO | Ticks: 785 | Protag R: -6678.00 | Antag R: 6679.00 | Delivery:  63.3% | Budget Used:  0.00/4000.0
Ep  472 | Phase: PROTAGO | Ticks: 785 | Protag R: -10235.00 | Antag R: 10236.00 | Delivery:  61.5% | Budget Used:  0.00/4000.0
Ep  473 | Phase: PROTAGO | Ticks: 796 | Protag R: -7771.00 | Antag R: 7772.00 | Delivery:  62.7% | Budget Used:  0.00/4000.0
Ep  474 | Phase: PROTAGO | Ticks: 793 | Protag R: -5042.00 | Antag R: 5042.00 | Delivery:  70.5% | Budget Used:  0.00/4000.0
Ep  475 | Phase: PROTAGO | Ticks: 783 | Protag R: -7810.00 | Antag R: 7811.00 | Delivery:  61.2% | Budget Used:  0.00/4000.0
Ep  476 | Phase: PROTAGO | Ticks: 798 | Protag R: -2430.00 | Antag R: 2431.00 | Delivery:  74.3% | Budget Used:  0.00/4000.0
Ep  477 | Phase: PROTAGO | Ticks: 794 | Protag R: -12592.00 | Antag R: 12593.00 | Delivery:  51.7% | Budget Used:  0.00/4000.0
Ep  478 | Phase: PROTAGO | Ticks: 791 | Protag R: -9437.00 | Antag R: 9438.00 | Delivery:  55.6% | Budget Used:  0.00/4000.0
Ep  479 | Phase: PROTAGO | Ticks: 791 | Protag R: -8218.00 | Antag R: 8218.00 | Delivery:  55.6% | Budget Used:  0.00/4000.0
Ep  480 | Phase: PROTAGO | Ticks: 792 | Protag R: -9503.00 | Antag R: 9503.00 | Delivery:  58.8% | Budget Used:  0.00/4000.0
Ep  481 | Phase: PROTAGO | Ticks: 794 | Protag R: -4943.00 | Antag R: 4943.00 | Delivery:  83.8% | Budget Used:  0.00/4000.0
Ep  482 | Phase: PROTAGO | Ticks: 795 | Protag R: -5562.00 | Antag R: 5562.00 | Delivery:  68.2% | Budget Used:  0.00/4000.0
Ep  483 | Phase: PROTAGO | Ticks: 797 | Protag R: -1190.00 | Antag R: 1191.00 | Delivery:  87.0% | Budget Used:  0.00/4000.0
Ep  484 | Phase: PROTAGO | Ticks: 779 | Protag R: -9881.00 | Antag R: 9882.00 | Delivery:  62.0% | Budget Used:  0.00/4000.0
Ep  485 | Phase: PROTAGO | Ticks: 797 | Protag R: -9681.00 | Antag R: 9681.00 | Delivery:  57.4% | Budget Used:  0.00/4000.0
Ep  486 | Phase: PROTAGO | Ticks: 795 | Protag R: -7701.00 | Antag R: 7702.00 | Delivery:  56.6% | Budget Used:  0.00/4000.0
Ep  487 | Phase: PROTAGO | Ticks: 798 | Protag R: -6653.00 | Antag R: 6654.00 | Delivery:  65.3% | Budget Used:  0.00/4000.0
Ep  488 | Phase: PROTAGO | Ticks: 780 | Protag R: -7010.00 | Antag R: 7011.00 | Delivery:  63.8% | Budget Used:  0.00/4000.0
Ep  489 | Phase: PROTAGO | Ticks: 786 | Protag R: -6388.00 | Antag R: 6389.00 | Delivery:  70.5% | Budget Used:  0.00/4000.0
Ep  490 | Phase: PROTAGO | Ticks: 782 | Protag R: -13215.00 | Antag R: 13216.00 | Delivery:  55.2% | Budget Used:  0.00/4000.0
Ep  491 | Phase: PROTAGO | Ticks: 782 | Protag R: -4298.00 | Antag R: 4299.00 | Delivery:  76.9% | Budget Used:  0.00/4000.0
Ep  492 | Phase: PROTAGO | Ticks: 798 | Protag R: -6179.00 | Antag R: 6181.00 | Delivery:  74.4% | Budget Used:  0.00/4000.0
Ep  493 | Phase: PROTAGO | Ticks: 796 | Protag R: -6601.00 | Antag R: 6601.00 | Delivery:  58.0% | Budget Used:  0.00/4000.0
Ep  494 | Phase: PROTAGO | Ticks: 797 | Protag R: -6662.00 | Antag R: 6663.00 | Delivery:  68.1% | Budget Used:  0.00/4000.0
Ep  495 | Phase: PROTAGO | Ticks: 790 | Protag R: -6817.00 | Antag R: 6818.00 | Delivery:  64.6% | Budget Used:  0.00/4000.0
Ep  496 | Phase: PROTAGO | Ticks: 790 | Protag R: -4093.00 | Antag R: 4094.00 | Delivery:  69.2% | Budget Used:  0.00/4000.0
Ep  497 | Phase: PROTAGO | Ticks: 797 | Protag R: -5051.00 | Antag R: 5052.00 | Delivery:  72.7% | Budget Used:  0.00/4000.0
Ep  498 | Phase: PROTAGO | Ticks: 797 | Protag R: -6271.00 | Antag R: 6272.00 | Delivery:  60.0% | Budget Used:  0.00/4000.0
Ep  499 | Phase: PROTAGO | Ticks: 789 | Protag R: -5088.00 | Antag R: 5089.00 | Delivery:  65.9% | Budget Used:  0.00/4000.0
Ep  500 | Phase: PROTAGO | Ticks: 798 | Protag R: -6092.00 | Antag R: 6093.00 | Delivery:  78.0% | Budget Used:  0.00/4000.0
  [EVAL ep 500] greedy_atk=5366 learned_atk=5829 gap=+464 +/-315 (neg = learned beats greedy under attack)
Saving checkpoints for both agents before phase switch...
Ep  501 | Phase: PROTAGO | Ticks: 793 | Protag R: -8674.00 | Antag R: 8675.00 | Delivery:  61.2% | Budget Used:  0.00/4000.0
Ep  502 | Phase: PROTAGO | Ticks: 791 | Protag R: -4711.00 | Antag R: 4712.00 | Delivery:  72.7% | Budget Used:  0.00/4000.0
Ep  503 | Phase: PROTAGO | Ticks: 798 | Protag R: -5335.00 | Antag R: 5335.00 | Delivery:  71.4% | Budget Used:  0.00/4000.0
Ep  504 | Phase: PROTAGO | Ticks: 798 | Protag R: -8271.00 | Antag R: 8273.00 | Delivery:  58.2% | Budget Used:  0.00/4000.0
Ep  505 | Phase: PROTAGO | Ticks: 785 | Protag R: -7888.00 | Antag R: 7890.00 | Delivery:  62.5% | Budget Used:  0.00/4000.0
Ep  506 | Phase: PROTAGO | Ticks: 799 | Protag R: -6819.00 | Antag R: 6820.00 | Delivery:  65.3% | Budget Used:  0.00/4000.0
Ep  507 | Phase: PROTAGO | Ticks: 798 | Protag R: -6255.00 | Antag R: 6256.00 | Delivery:  73.2% | Budget Used:  0.00/4000.0
Ep  508 | Phase: PROTAGO | Ticks: 781 | Protag R: -5995.00 | Antag R: 5996.00 | Delivery:  67.4% | Budget Used:  0.00/4000.0
Ep  509 | Phase: PROTAGO | Ticks: 795 | Protag R: -12584.00 | Antag R: 12585.00 | Delivery:  52.5% | Budget Used:  0.00/4000.0
Ep  510 | Phase: PROTAGO | Ticks: 790 | Protag R: -6440.00 | Antag R: 6440.00 | Delivery:  72.5% | Budget Used:  0.00/4000.0
Ep  511 | Phase: PROTAGO | Ticks: 788 | Protag R: -2216.00 | Antag R: 2217.00 | Delivery:  81.1% | Budget Used:  0.00/4000.0
Ep  512 | Phase: PROTAGO | Ticks: 785 | Protag R: -7932.00 | Antag R: 7933.00 | Delivery:  66.7% | Budget Used:  0.00/4000.0
Ep  513 | Phase: PROTAGO | Ticks: 794 | Protag R: -2886.00 | Antag R: 2887.00 | Delivery:  76.3% | Budget Used:  0.00/4000.0
Ep  514 | Phase: PROTAGO | Ticks: 792 | Protag R: -9047.00 | Antag R: 9048.00 | Delivery:  65.3% | Budget Used:  0.00/4000.0
Ep  515 | Phase: PROTAGO | Ticks: 799 | Protag R: -4747.00 | Antag R: 4748.00 | Delivery:  80.5% | Budget Used:  0.00/4000.0
Ep  516 | Phase: PROTAGO | Ticks: 789 | Protag R: -7160.00 | Antag R: 7161.00 | Delivery:  68.1% | Budget Used:  0.00/4000.0
Ep  517 | Phase: PROTAGO | Ticks: 786 | Protag R: -4508.00 | Antag R: 4508.00 | Delivery:  86.1% | Budget Used:  0.00/4000.0
Ep  518 | Phase: PROTAGO | Ticks: 788 | Protag R: -9781.00 | Antag R: 9782.00 | Delivery:  56.6% | Budget Used:  0.00/4000.0
Ep  519 | Phase: PROTAGO | Ticks: 798 | Protag R: -8487.00 | Antag R: 8487.00 | Delivery:  57.7% | Budget Used:  0.00/4000.0
Ep  520 | Phase: PROTAGO | Ticks: 790 | Protag R: -5904.00 | Antag R: 5904.00 | Delivery:  61.7% | Budget Used:  0.00/4000.0
Ep  521 | Phase: PROTAGO | Ticks: 790 | Protag R: -8531.00 | Antag R: 8532.00 | Delivery:  55.4% | Budget Used:  0.00/4000.0
Ep  522 | Phase: PROTAGO | Ticks: 796 | Protag R: -5066.00 | Antag R: 5067.00 | Delivery:  66.0% | Budget Used:  0.00/4000.0
Ep  523 | Phase: PROTAGO | Ticks: 794 | Protag R: -2919.00 | Antag R: 2920.00 | Delivery:  86.5% | Budget Used:  0.00/4000.0
Ep  524 | Phase: PROTAGO | Ticks: 793 | Protag R: -8976.00 | Antag R: 8976.00 | Delivery:  60.0% | Budget Used:  0.00/4000.0
Ep  525 | Phase: PROTAGO | Ticks: 786 | Protag R: -2211.00 | Antag R: 2211.00 | Delivery:  83.9% | Budget Used:  0.00/4000.0
Ep  526 | Phase: PROTAGO | Ticks: 780 | Protag R: -4542.00 | Antag R: 4543.00 | Delivery:  76.2% | Budget Used:  0.00/4000.0
Ep  527 | Phase: PROTAGO | Ticks: 790 | Protag R: -7806.00 | Antag R: 7807.00 | Delivery:  62.7% | Budget Used:  0.00/4000.0
Ep  528 | Phase: PROTAGO | Ticks: 798 | Protag R: -5945.00 | Antag R: 5946.00 | Delivery:  70.5% | Budget Used:  0.00/4000.0
Ep  529 | Phase: PROTAGO | Ticks: 797 | Protag R: -5135.00 | Antag R: 5136.00 | Delivery:  73.8% | Budget Used:  0.00/4000.0
Ep  530 | Phase: PROTAGO | Ticks: 787 | Protag R: -4798.00 | Antag R: 4799.00 | Delivery:  70.7% | Budget Used:  0.00/4000.0
Ep  531 | Phase: PROTAGO | Ticks: 796 | Protag R: -7830.00 | Antag R: 7831.00 | Delivery:  62.0% | Budget Used:  0.00/4000.0
Ep  532 | Phase: PROTAGO | Ticks: 788 | Protag R: -7996.00 | Antag R: 7996.00 | Delivery:  63.8% | Budget Used:  0.00/4000.0
Ep  533 | Phase: PROTAGO | Ticks: 790 | Protag R: -7524.00 | Antag R: 7525.00 | Delivery:  66.0% | Budget Used:  0.00/4000.0
Ep  534 | Phase: PROTAGO | Ticks: 799 | Protag R: -5391.00 | Antag R: 5391.00 | Delivery:  56.5% | Budget Used:  0.00/4000.0
Ep  535 | Phase: PROTAGO | Ticks: 781 | Protag R: -5931.00 | Antag R: 5932.00 | Delivery:  60.8% | Budget Used:  0.00/4000.0
Ep  536 | Phase: PROTAGO | Ticks: 798 | Protag R: -5784.00 | Antag R: 5785.00 | Delivery:  67.4% | Budget Used:  0.00/4000.0
Ep  537 | Phase: PROTAGO | Ticks: 791 | Protag R: -6729.00 | Antag R: 6729.00 | Delivery:  72.7% | Budget Used:  0.00/4000.0
Ep  538 | Phase: PROTAGO | Ticks: 779 | Protag R: -3738.00 | Antag R: 3739.00 | Delivery:  70.0% | Budget Used:  0.00/4000.0
Ep  539 | Phase: PROTAGO | Ticks: 799 | Protag R: -11357.00 | Antag R: 11358.00 | Delivery:  64.6% | Budget Used:  0.00/4000.0
Ep  540 | Phase: PROTAGO | Ticks: 780 | Protag R: -2914.00 | Antag R: 2915.00 | Delivery:  77.5% | Budget Used:  0.00/4000.0
Ep  541 | Phase: PROTAGO | Ticks: 795 | Protag R: -9319.00 | Antag R: 9320.00 | Delivery:  59.3% | Budget Used:  0.00/4000.0
Ep  542 | Phase: PROTAGO | Ticks: 796 | Protag R: -9266.00 | Antag R: 9266.00 | Delivery:  62.5% | Budget Used:  0.00/4000.0
Ep  543 | Phase: PROTAGO | Ticks: 780 | Protag R: -10477.00 | Antag R: 10478.00 | Delivery:  59.6% | Budget Used:  0.00/4000.0
Ep  544 | Phase: PROTAGO | Ticks: 786 | Protag R: -4401.00 | Antag R: 4401.00 | Delivery:  60.9% | Budget Used:  0.00/4000.0
Ep  545 | Phase: PROTAGO | Ticks: 778 | Protag R: -8781.00 | Antag R: 8781.00 | Delivery:  58.0% | Budget Used:  0.00/4000.0
Ep  546 | Phase: PROTAGO | Ticks: 787 | Protag R: -1326.00 | Antag R: 1327.00 | Delivery:  96.6% | Budget Used:  0.00/4000.0
Ep  547 | Phase: PROTAGO | Ticks: 782 | Protag R: -11221.00 | Antag R: 11222.00 | Delivery:  59.6% | Budget Used:  0.00/4000.0
Ep  548 | Phase: PROTAGO | Ticks: 786 | Protag R: -9608.00 | Antag R: 9608.00 | Delivery:  56.4% | Budget Used:  0.00/4000.0
Ep  549 | Phase: PROTAGO | Ticks: 799 | Protag R: -8334.00 | Antag R: 8335.00 | Delivery:  61.5% | Budget Used:  0.00/4000.0
Ep  550 | Phase: PROTAGO | Ticks: 787 | Protag R: -10493.00 | Antag R: 10494.00 | Delivery:  58.5% | Budget Used:  0.00/4000.0
  [EVAL ep 550] greedy_atk=5366 learned_atk=5908 gap=+542 +/-258 (neg = learned beats greedy under attack)
Saving checkpoints for both agents before phase switch...
Ep  551 | Phase: PROTAGO | Ticks: 788 | Protag R: -5941.00 | Antag R: 5942.00 | Delivery:  68.9% | Budget Used:  0.00/4000.0
Ep  552 | Phase: PROTAGO | Ticks: 782 | Protag R: -5481.00 | Antag R: 5482.00 | Delivery:  76.2% | Budget Used:  0.00/4000.0
Ep  553 | Phase: PROTAGO | Ticks: 798 | Protag R: -5616.00 | Antag R: 5617.00 | Delivery:  73.8% | Budget Used:  0.00/4000.0
Ep  554 | Phase: PROTAGO | Ticks: 783 | Protag R: -4835.00 | Antag R: 4836.00 | Delivery:  72.1% | Budget Used:  0.00/4000.0
Ep  555 | Phase: PROTAGO | Ticks: 786 | Protag R: -2468.00 | Antag R: 2469.00 | Delivery:  71.8% | Budget Used:  0.00/4000.0
Ep  556 | Phase: PROTAGO | Ticks: 788 | Protag R: -5186.00 | Antag R: 5187.00 | Delivery:  60.8% | Budget Used:  0.00/4000.0
Ep  557 | Phase: PROTAGO | Ticks: 795 | Protag R: -4899.00 | Antag R: 4900.00 | Delivery:  73.2% | Budget Used:  0.00/4000.0
Ep  558 | Phase: PROTAGO | Ticks: 789 | Protag R: -4420.00 | Antag R: 4421.00 | Delivery:  66.7% | Budget Used:  0.00/4000.0
Ep  559 | Phase: PROTAGO | Ticks: 784 | Protag R: -8935.00 | Antag R: 8936.00 | Delivery:  59.6% | Budget Used:  0.00/4000.0
Ep  560 | Phase: PROTAGO | Ticks: 791 | Protag R: -4029.00 | Antag R: 4029.00 | Delivery:  70.0% | Budget Used:  0.00/4000.0
Ep  561 | Phase: PROTAGO | Ticks: 797 | Protag R: -7732.00 | Antag R: 7733.00 | Delivery:  59.3% | Budget Used:  0.00/4000.0
Ep  562 | Phase: PROTAGO | Ticks: 788 | Protag R: -9450.00 | Antag R: 9451.00 | Delivery:  56.9% | Budget Used:  0.00/4000.0
Ep  563 | Phase: PROTAGO | Ticks: 789 | Protag R: -10171.00 | Antag R: 10172.00 | Delivery:  51.6% | Budget Used:  0.00/4000.0
Ep  564 | Phase: PROTAGO | Ticks: 790 | Protag R: -5002.00 | Antag R: 5003.00 | Delivery:  71.1% | Budget Used:  0.00/4000.0
Ep  565 | Phase: PROTAGO | Ticks: 798 | Protag R: -4180.00 | Antag R: 4180.00 | Delivery:  74.4% | Budget Used:  0.00/4000.0
Ep  566 | Phase: PROTAGO | Ticks: 788 | Protag R: -5393.00 | Antag R: 5394.00 | Delivery:  80.0% | Budget Used:  0.00/4000.0
Ep  567 | Phase: PROTAGO | Ticks: 798 | Protag R: -11783.00 | Antag R: 11783.00 | Delivery:  55.6% | Budget Used:  0.00/4000.0
Ep  568 | Phase: PROTAGO | Ticks: 777 | Protag R: -8953.00 | Antag R: 8954.00 | Delivery:  58.2% | Budget Used:  0.00/4000.0
Ep  569 | Phase: PROTAGO | Ticks: 799 | Protag R: -4204.00 | Antag R: 4205.00 | Delivery:  78.0% | Budget Used:  0.00/4000.0
Ep  570 | Phase: PROTAGO | Ticks: 792 | Protag R: -5877.00 | Antag R: 5877.00 | Delivery:  60.0% | Budget Used:  0.00/4000.0
Ep  571 | Phase: PROTAGO | Ticks: 797 | Protag R: -8816.00 | Antag R: 8817.00 | Delivery:  66.7% | Budget Used:  0.00/4000.0
Ep  572 | Phase: PROTAGO | Ticks: 789 | Protag R: -9015.00 | Antag R: 9016.00 | Delivery:  50.8% | Budget Used:  0.00/4000.0
Ep  573 | Phase: PROTAGO | Ticks: 781 | Protag R: -2423.00 | Antag R: 2424.00 | Delivery:  73.7% | Budget Used:  0.00/4000.0
Ep  574 | Phase: PROTAGO | Ticks: 791 | Protag R: -8598.00 | Antag R: 8598.00 | Delivery:  59.2% | Budget Used:  0.00/4000.0
Ep  575 | Phase: PROTAGO | Ticks: 783 | Protag R: -11598.00 | Antag R: 11598.00 | Delivery:  57.7% | Budget Used:  0.00/4000.0
Ep  576 | Phase: PROTAGO | Ticks: 787 | Protag R: -5029.00 | Antag R: 5030.00 | Delivery:  72.5% | Budget Used:  0.00/4000.0
Ep  577 | Phase: PROTAGO | Ticks: 790 | Protag R: -5727.00 | Antag R: 5728.00 | Delivery:  65.2% | Budget Used:  0.00/4000.0
Ep  578 | Phase: PROTAGO | Ticks: 799 | Protag R: -9609.00 | Antag R: 9610.00 | Delivery:  58.8% | Budget Used:  0.00/4000.0
Ep  579 | Phase: PROTAGO | Ticks: 788 | Protag R: -2967.00 | Antag R: 2968.00 | Delivery:  88.2% | Budget Used:  0.00/4000.0
Ep  580 | Phase: PROTAGO | Ticks: 790 | Protag R: -12968.00 | Antag R: 12969.00 | Delivery:  53.4% | Budget Used:  0.00/4000.0
Ep  581 | Phase: PROTAGO | Ticks: 785 | Protag R: -4360.00 | Antag R: 4361.00 | Delivery:  75.6% | Budget Used:  0.00/4000.0
Ep  582 | Phase: PROTAGO | Ticks: 790 | Protag R: -11564.00 | Antag R: 11565.00 | Delivery:  55.2% | Budget Used:  0.00/4000.0
Ep  583 | Phase: PROTAGO | Ticks: 798 | Protag R: -7199.00 | Antag R: 7199.00 | Delivery:  71.4% | Budget Used:  0.00/4000.0
Ep  584 | Phase: PROTAGO | Ticks: 780 | Protag R: -6814.00 | Antag R: 6815.00 | Delivery:  61.7% | Budget Used:  0.00/4000.0
Ep  585 | Phase: PROTAGO | Ticks: 792 | Protag R: -5496.00 | Antag R: 5496.00 | Delivery:  71.4% | Budget Used:  0.00/4000.0
Ep  586 | Phase: PROTAGO | Ticks: 793 | Protag R: -7265.00 | Antag R: 7265.00 | Delivery:  65.2% | Budget Used:  0.00/4000.0
Ep  587 | Phase: PROTAGO | Ticks: 793 | Protag R: -11380.00 | Antag R: 11381.00 | Delivery:  50.0% | Budget Used:  0.00/4000.0
Ep  588 | Phase: PROTAGO | Ticks: 791 | Protag R: -4738.00 | Antag R: 4739.00 | Delivery:  69.6% | Budget Used:  0.00/4000.0
Ep  589 | Phase: PROTAGO | Ticks: 796 | Protag R: -4847.00 | Antag R: 4848.00 | Delivery:  70.5% | Budget Used:  0.00/4000.0
Ep  590 | Phase: PROTAGO | Ticks: 790 | Protag R: -5326.00 | Antag R: 5327.00 | Delivery:  61.4% | Budget Used:  0.00/4000.0
Ep  591 | Phase: PROTAGO | Ticks: 793 | Protag R: -7113.00 | Antag R: 7114.00 | Delivery:  65.3% | Budget Used:  0.00/4000.0
Ep  592 | Phase: PROTAGO | Ticks: 788 | Protag R: -11816.00 | Antag R: 11817.00 | Delivery:  58.2% | Budget Used:  0.00/4000.0
Ep  593 | Phase: PROTAGO | Ticks: 799 | Protag R: -9977.00 | Antag R: 9978.00 | Delivery:  58.2% | Budget Used:  0.00/4000.0
Ep  594 | Phase: PROTAGO | Ticks: 795 | Protag R: -1248.00 | Antag R: 1249.00 | Delivery:  90.3% | Budget Used:  0.00/4000.0
Ep  595 | Phase: PROTAGO | Ticks: 786 | Protag R: -10689.00 | Antag R: 10690.00 | Delivery:  53.3% | Budget Used:  0.00/4000.0
Ep  596 | Phase: PROTAGO | Ticks: 796 | Protag R: -3096.00 | Antag R: 3096.00 | Delivery:  77.8% | Budget Used:  0.00/4000.0
Ep  597 | Phase: PROTAGO | Ticks: 786 | Protag R: -7813.00 | Antag R: 7814.00 | Delivery:  53.7% | Budget Used:  0.00/4000.0
Ep  598 | Phase: PROTAGO | Ticks: 785 | Protag R: -6554.00 | Antag R: 6555.00 | Delivery:  66.0% | Budget Used:  0.00/4000.0
Ep  599 | Phase: PROTAGO | Ticks: 790 | Protag R: -7109.00 | Antag R: 7110.00 | Delivery:  62.7% | Budget Used:  0.00/4000.0
Ep  600 | Phase: PROTAGO | Ticks: 786 | Protag R: -10215.00 | Antag R: 10216.00 | Delivery:  59.6% | Budget Used:  0.00/4000.0
  [EVAL ep 600] greedy_atk=5366 learned_atk=5921 gap=+555 +/-295 (neg = learned beats greedy under attack)
Saving checkpoints for both agents before phase switch...
Ep  601 | Phase: PROTAGO | Ticks: 799 | Protag R: -5208.00 | Antag R: 5209.00 | Delivery:  66.0% | Budget Used:  0.00/4000.0
Ep  602 | Phase: PROTAGO | Ticks: 783 | Protag R: -8886.00 | Antag R: 8887.00 | Delivery:  59.6% | Budget Used:  0.00/4000.0
Ep  603 | Phase: PROTAGO | Ticks: 792 | Protag R: -3055.00 | Antag R: 3056.00 | Delivery:  77.5% | Budget Used:  0.00/4000.0
Ep  604 | Phase: PROTAGO | Ticks: 794 | Protag R: -2907.00 | Antag R: 2908.00 | Delivery:  78.4% | Budget Used:  0.00/4000.0
Ep  605 | Phase: PROTAGO | Ticks: 794 | Protag R: -10680.00 | Antag R: 10681.00 | Delivery:  62.0% | Budget Used:  0.00/4000.0
Ep  606 | Phase: PROTAGO | Ticks: 797 | Protag R: -6179.00 | Antag R: 6179.00 | Delivery:  62.2% | Budget Used:  0.00/4000.0
Ep  607 | Phase: PROTAGO | Ticks: 797 | Protag R: -6560.00 | Antag R: 6561.00 | Delivery:  72.1% | Budget Used:  0.00/4000.0
Ep  608 | Phase: PROTAGO | Ticks: 777 | Protag R: -6701.00 | Antag R: 6701.00 | Delivery:  71.4% | Budget Used:  0.00/4000.0
Ep  609 | Phase: PROTAGO | Ticks: 788 | Protag R: -4716.00 | Antag R: 4717.00 | Delivery:  65.2% | Budget Used:  0.00/4000.0
Ep  610 | Phase: PROTAGO | Ticks: 795 | Protag R: -10035.00 | Antag R: 10036.00 | Delivery:  60.4% | Budget Used:  0.00/4000.0
Ep  611 | Phase: PROTAGO | Ticks: 797 | Protag R: -7627.00 | Antag R: 7628.00 | Delivery:  56.1% | Budget Used:  0.00/4000.0
Ep  612 | Phase: PROTAGO | Ticks: 784 | Protag R: -1822.00 | Antag R: 1822.00 | Delivery:  78.4% | Budget Used:  0.00/4000.0
Ep  613 | Phase: PROTAGO | Ticks: 797 | Protag R: -1961.00 | Antag R: 1962.00 | Delivery:  96.9% | Budget Used:  0.00/4000.0
Ep  614 | Phase: PROTAGO | Ticks: 799 | Protag R: -9775.00 | Antag R: 9776.00 | Delivery:  51.7% | Budget Used:  0.00/4000.0
Ep  615 | Phase: PROTAGO | Ticks: 797 | Protag R: -4784.00 | Antag R: 4784.00 | Delivery:  73.2% | Budget Used:  0.00/4000.0
Ep  616 | Phase: PROTAGO | Ticks: 791 | Protag R: -8250.00 | Antag R: 8251.00 | Delivery:  66.7% | Budget Used:  0.00/4000.0
Ep  617 | Phase: PROTAGO | Ticks: 784 | Protag R: -5054.00 | Antag R: 5054.00 | Delivery:  66.7% | Budget Used:  0.00/4000.0
Ep  618 | Phase: PROTAGO | Ticks: 798 | Protag R: -10174.00 | Antag R: 10175.00 | Delivery:  64.0% | Budget Used:  0.00/4000.0
Ep  619 | Phase: PROTAGO | Ticks: 793 | Protag R: -4908.00 | Antag R: 4909.00 | Delivery:  68.1% | Budget Used:  0.00/4000.0
Ep  620 | Phase: PROTAGO | Ticks: 795 | Protag R: -5702.00 | Antag R: 5703.00 | Delivery:  63.8% | Budget Used:  0.00/4000.0
Ep  621 | Phase: PROTAGO | Ticks: 798 | Protag R: -7232.00 | Antag R: 7233.00 | Delivery:  65.2% | Budget Used:  0.00/4000.0
Ep  622 | Phase: PROTAGO | Ticks: 797 | Protag R: -6470.00 | Antag R: 6470.00 | Delivery:  61.2% | Budget Used:  0.00/4000.0
Ep  623 | Phase: PROTAGO | Ticks: 777 | Protag R: -7325.00 | Antag R: 7326.00 | Delivery:  66.0% | Budget Used:  0.00/4000.0
Ep  624 | Phase: PROTAGO | Ticks: 789 | Protag R: -10126.00 | Antag R: 10127.00 | Delivery:  64.0% | Budget Used:  0.00/4000.0
Ep  625 | Phase: PROTAGO | Ticks: 787 | Protag R: -5653.00 | Antag R: 5654.00 | Delivery:  71.1% | Budget Used:  0.00/4000.0
Ep  626 | Phase: PROTAGO | Ticks: 788 | Protag R: -3342.00 | Antag R: 3343.00 | Delivery:  62.2% | Budget Used:  0.00/4000.0
Ep  627 | Phase: PROTAGO | Ticks: 798 | Protag R: -5186.00 | Antag R: 5186.00 | Delivery:  64.4% | Budget Used:  0.00/4000.0
Ep  628 | Phase: PROTAGO | Ticks: 789 | Protag R: -7204.00 | Antag R: 7205.00 | Delivery:  62.7% | Budget Used:  0.00/4000.0
Ep  629 | Phase: PROTAGO | Ticks: 797 | Protag R: -7164.00 | Antag R: 7165.00 | Delivery:  74.4% | Budget Used:  0.00/4000.0
Ep  630 | Phase: PROTAGO | Ticks: 797 | Protag R: -7499.00 | Antag R: 7500.00 | Delivery:  69.6% | Budget Used:  0.00/4000.0
Ep  631 | Phase: PROTAGO | Ticks: 791 | Protag R: -13270.00 | Antag R: 13271.00 | Delivery:  55.4% | Budget Used:  0.00/4000.0
Ep  632 | Phase: PROTAGO | Ticks: 792 | Protag R: -19228.00 | Antag R: 19229.00 | Delivery:  43.8% | Budget Used:  0.00/4000.0
Ep  633 | Phase: PROTAGO | Ticks: 783 | Protag R: -6532.00 | Antag R: 6533.00 | Delivery:  63.3% | Budget Used:  0.00/4000.0
Ep  634 | Phase: PROTAGO | Ticks: 795 | Protag R: -11639.00 | Antag R: 11641.00 | Delivery:  58.2% | Budget Used:  0.00/4000.0
Ep  635 | Phase: PROTAGO | Ticks: 797 | Protag R: -5931.00 | Antag R: 5932.00 | Delivery:  72.1% | Budget Used:  0.00/4000.0
Ep  636 | Phase: PROTAGO | Ticks: 792 | Protag R: -7910.00 | Antag R: 7911.00 | Delivery:  57.4% | Budget Used:  0.00/4000.0
Ep  637 | Phase: PROTAGO | Ticks: 799 | Protag R: -5527.00 | Antag R: 5527.00 | Delivery:  68.2% | Budget Used:  0.00/4000.0
Ep  638 | Phase: PROTAGO | Ticks: 795 | Protag R: -5933.00 | Antag R: 5934.00 | Delivery:  61.5% | Budget Used:  0.00/4000.0
Ep  639 | Phase: PROTAGO | Ticks: 782 | Protag R: -7693.00 | Antag R: 7694.00 | Delivery:  64.0% | Budget Used:  0.00/4000.0
Ep  640 | Phase: PROTAGO | Ticks: 799 | Protag R: -6406.00 | Antag R: 6407.00 | Delivery:  64.0% | Budget Used:  0.00/4000.0
Ep  641 | Phase: PROTAGO | Ticks: 799 | Protag R: -2877.00 | Antag R: 2878.00 | Delivery:  86.1% | Budget Used:  0.00/4000.0
Ep  642 | Phase: PROTAGO | Ticks: 790 | Protag R: -7179.00 | Antag R: 7180.00 | Delivery:  56.6% | Budget Used:  0.00/4000.0
Ep  643 | Phase: PROTAGO | Ticks: 799 | Protag R: -6778.00 | Antag R: 6779.00 | Delivery:  66.0% | Budget Used:  0.00/4000.0
Ep  644 | Phase: PROTAGO | Ticks: 784 | Protag R: -8765.00 | Antag R: 8766.00 | Delivery:  49.1% | Budget Used:  0.00/4000.0
Ep  645 | Phase: PROTAGO | Ticks: 798 | Protag R: -4230.00 | Antag R: 4231.00 | Delivery:  72.7% | Budget Used:  0.00/4000.0
Ep  646 | Phase: PROTAGO | Ticks: 793 | Protag R: -8103.00 | Antag R: 8104.00 | Delivery:  60.8% | Budget Used:  0.00/4000.0
Ep  647 | Phase: PROTAGO | Ticks: 792 | Protag R: -6357.00 | Antag R: 6357.00 | Delivery:  63.0% | Budget Used:  0.00/4000.0
Ep  648 | Phase: PROTAGO | Ticks: 797 | Protag R: -4513.00 | Antag R: 4515.00 | Delivery:  88.9% | Budget Used:  0.00/4000.0
Ep  649 | Phase: PROTAGO | Ticks: 797 | Protag R: -4293.00 | Antag R: 4294.00 | Delivery:  69.6% | Budget Used:  0.00/4000.0
Ep  650 | Phase: PROTAGO | Ticks: 794 | Protag R: -5084.00 | Antag R: 5085.00 | Delivery:  73.8% | Budget Used:  0.00/4000.0
  [EVAL ep 650] greedy_atk=5366 learned_atk=5810 gap=+445 +/-310 (neg = learned beats greedy under attack)
Saving checkpoints for both agents before phase switch...
Ep  651 | Phase: PROTAGO | Ticks: 797 | Protag R: -7415.00 | Antag R: 7416.00 | Delivery:  62.7% | Budget Used:  0.00/4000.0
Ep  652 | Phase: PROTAGO | Ticks: 795 | Protag R: -3911.00 | Antag R: 3912.00 | Delivery:  64.6% | Budget Used:  0.00/4000.0
Ep  653 | Phase: PROTAGO | Ticks: 789 | Protag R: -9703.00 | Antag R: 9704.00 | Delivery:  61.5% | Budget Used:  0.00/4000.0
Ep  654 | Phase: PROTAGO | Ticks: 796 | Protag R: -5520.00 | Antag R: 5521.00 | Delivery:  72.7% | Budget Used:  0.00/4000.0
Ep  655 | Phase: PROTAGO | Ticks: 791 | Protag R: -5614.00 | Antag R: 5615.00 | Delivery:  67.4% | Budget Used:  0.00/4000.0
Ep  656 | Phase: PROTAGO | Ticks: 785 | Protag R: -8608.00 | Antag R: 8609.00 | Delivery:  57.4% | Budget Used:  0.00/4000.0
Ep  657 | Phase: PROTAGO | Ticks: 789 | Protag R: -6998.00 | Antag R: 6999.00 | Delivery:  71.1% | Budget Used:  0.00/4000.0
Ep  658 | Phase: PROTAGO | Ticks: 795 | Protag R: -7528.00 | Antag R: 7529.00 | Delivery:  60.4% | Budget Used:  0.00/4000.0
Ep  659 | Phase: PROTAGO | Ticks: 798 | Protag R: -5023.00 | Antag R: 5024.00 | Delivery:  69.8% | Budget Used:  0.00/4000.0
Ep  660 | Phase: PROTAGO | Ticks: 786 | Protag R: -4432.00 | Antag R: 4433.00 | Delivery:  81.1% | Budget Used:  0.00/4000.0
Ep  661 | Phase: PROTAGO | Ticks: 789 | Protag R: -12001.00 | Antag R: 12002.00 | Delivery:  59.3% | Budget Used:  0.00/4000.0
Ep  662 | Phase: PROTAGO | Ticks: 777 | Protag R: -13050.00 | Antag R: 13050.00 | Delivery:  56.6% | Budget Used:  0.00/4000.0
Ep  663 | Phase: PROTAGO | Ticks: 798 | Protag R: -3280.00 | Antag R: 3281.00 | Delivery:  77.5% | Budget Used:  0.00/4000.0
Ep  664 | Phase: PROTAGO | Ticks: 792 | Protag R: -15557.00 | Antag R: 15558.00 | Delivery:  47.0% | Budget Used:  0.00/4000.0
Ep  665 | Phase: PROTAGO | Ticks: 785 | Protag R: -8970.00 | Antag R: 8971.00 | Delivery:  61.2% | Budget Used:  0.00/4000.0
Ep  666 | Phase: PROTAGO | Ticks: 797 | Protag R: -5849.00 | Antag R: 5850.00 | Delivery:  71.1% | Budget Used:  0.00/4000.0
Ep  667 | Phase: PROTAGO | Ticks: 796 | Protag R: -7517.00 | Antag R: 7518.00 | Delivery:  71.1% | Budget Used:  0.00/4000.0
Ep  668 | Phase: PROTAGO | Ticks: 787 | Protag R: -4582.00 | Antag R: 4583.00 | Delivery:  74.4% | Budget Used:  0.00/4000.0
Ep  669 | Phase: PROTAGO | Ticks: 792 | Protag R: -9895.00 | Antag R: 9896.00 | Delivery:  62.0% | Budget Used:  0.00/4000.0
Ep  670 | Phase: PROTAGO | Ticks: 793 | Protag R: -9449.00 | Antag R: 9450.00 | Delivery:  63.3% | Budget Used:  0.00/4000.0
Ep  671 | Phase: PROTAGO | Ticks: 790 | Protag R: -11133.00 | Antag R: 11134.00 | Delivery:  58.2% | Budget Used:  0.00/4000.0
Ep  672 | Phase: PROTAGO | Ticks: 798 | Protag R: -3365.00 | Antag R: 3366.00 | Delivery:  84.6% | Budget Used:  0.00/4000.0
Ep  673 | Phase: PROTAGO | Ticks: 792 | Protag R: -8696.00 | Antag R: 8696.00 | Delivery:  59.6% | Budget Used:  0.00/4000.0
Ep  674 | Phase: PROTAGO | Ticks: 793 | Protag R: -5178.00 | Antag R: 5179.00 | Delivery:  74.4% | Budget Used:  0.00/4000.0
Ep  675 | Phase: PROTAGO | Ticks: 794 | Protag R: -5837.00 | Antag R: 5837.00 | Delivery:  73.8% | Budget Used:  0.00/4000.0
Ep  676 | Phase: PROTAGO | Ticks: 786 | Protag R: -7534.00 | Antag R: 7534.00 | Delivery:  63.0% | Budget Used:  0.00/4000.0
Ep  677 | Phase: PROTAGO | Ticks: 786 | Protag R: -3165.00 | Antag R: 3166.00 | Delivery:  83.8% | Budget Used:  0.00/4000.0
Ep  678 | Phase: PROTAGO | Ticks: 793 | Protag R: -8452.00 | Antag R: 8452.00 | Delivery:  56.6% | Budget Used:  0.00/4000.0
Ep  679 | Phase: PROTAGO | Ticks: 790 | Protag R: -5431.00 | Antag R: 5432.00 | Delivery:  62.0% | Budget Used:  0.00/4000.0
Ep  680 | Phase: PROTAGO | Ticks: 776 | Protag R: -1577.00 | Antag R: 1578.00 | Delivery: 100.0% | Budget Used:  0.00/4000.0
Ep  681 | Phase: PROTAGO | Ticks: 798 | Protag R: -9621.00 | Antag R: 9622.00 | Delivery:  59.6% | Budget Used:  0.00/4000.0
Ep  682 | Phase: PROTAGO | Ticks: 796 | Protag R: -5446.00 | Antag R: 5446.00 | Delivery:  72.5% | Budget Used:  0.00/4000.0
Ep  683 | Phase: PROTAGO | Ticks: 795 | Protag R: -8902.00 | Antag R: 8902.00 | Delivery:  54.5% | Budget Used:  0.00/4000.0
Ep  684 | Phase: PROTAGO | Ticks: 798 | Protag R: -3640.00 | Antag R: 3641.00 | Delivery:  80.5% | Budget Used:  0.00/4000.0
Ep  685 | Phase: PROTAGO | Ticks: 795 | Protag R: -3671.00 | Antag R: 3672.00 | Delivery:  84.2% | Budget Used:  0.00/4000.0
Ep  686 | Phase: PROTAGO | Ticks: 789 | Protag R: -5676.00 | Antag R: 5676.00 | Delivery:  78.4% | Budget Used:  0.00/4000.0
Ep  687 | Phase: PROTAGO | Ticks: 780 | Protag R: -7488.00 | Antag R: 7489.00 | Delivery:  76.2% | Budget Used:  0.00/4000.0
Ep  688 | Phase: PROTAGO | Ticks: 799 | Protag R: -5833.00 | Antag R: 5834.00 | Delivery:  68.1% | Budget Used:  0.00/4000.0
Ep  689 | Phase: PROTAGO | Ticks: 787 | Protag R: -2905.00 | Antag R: 2906.00 | Delivery:  86.1% | Budget Used:  0.00/4000.0
Ep  690 | Phase: PROTAGO | Ticks: 786 | Protag R: -6923.00 | Antag R: 6924.00 | Delivery:  71.1% | Budget Used:  0.00/4000.0
Ep  691 | Phase: PROTAGO | Ticks: 777 | Protag R: -6602.00 | Antag R: 6603.00 | Delivery:  63.3% | Budget Used:  0.00/4000.0
Ep  692 | Phase: PROTAGO | Ticks: 798 | Protag R: -6683.00 | Antag R: 6684.00 | Delivery:  62.7% | Budget Used:  0.00/4000.0
Ep  693 | Phase: PROTAGO | Ticks: 782 | Protag R: -6254.00 | Antag R: 6255.00 | Delivery:  67.4% | Budget Used:  0.00/4000.0
Ep  694 | Phase: PROTAGO | Ticks: 799 | Protag R: -9309.00 | Antag R: 9310.00 | Delivery:  61.5% | Budget Used:  0.00/4000.0
Ep  695 | Phase: PROTAGO | Ticks: 799 | Protag R: -9577.00 | Antag R: 9577.00 | Delivery:  56.4% | Budget Used:  0.00/4000.0
Ep  696 | Phase: PROTAGO | Ticks: 798 | Protag R: -8693.00 | Antag R: 8694.00 | Delivery:  59.6% | Budget Used:  0.00/4000.0
Ep  697 | Phase: PROTAGO | Ticks: 797 | Protag R: -8702.00 | Antag R: 8703.00 | Delivery:  57.1% | Budget Used:  0.00/4000.0
Ep  698 | Phase: PROTAGO | Ticks: 790 | Protag R: -4472.00 | Antag R: 4473.00 | Delivery:  63.0% | Budget Used:  0.00/4000.0
Ep  699 | Phase: PROTAGO | Ticks: 778 | Protag R: -11139.00 | Antag R: 11139.00 | Delivery:  49.1% | Budget Used:  0.00/4000.0
Ep  700 | Phase: PROTAGO | Ticks: 799 | Protag R: -5558.00 | Antag R: 5559.00 | Delivery:  71.1% | Budget Used:  0.00/4000.0
  [EVAL ep 700] greedy_atk=5366 learned_atk=5788 gap=+423 +/-225 (neg = learned beats greedy under attack)
Saving checkpoints for both agents before phase switch...
Ep  701 | Phase: PROTAGO | Ticks: 776 | Protag R: -12221.00 | Antag R: 12222.00 | Delivery:  61.5% | Budget Used:  0.00/4000.0
Ep  702 | Phase: PROTAGO | Ticks: 791 | Protag R: -9418.00 | Antag R: 9419.00 | Delivery:  62.7% | Budget Used:  0.00/4000.0
Ep  703 | Phase: PROTAGO | Ticks: 794 | Protag R: -9612.00 | Antag R: 9612.00 | Delivery:  59.6% | Budget Used:  0.00/4000.0
Ep  704 | Phase: PROTAGO | Ticks: 793 | Protag R: -14871.00 | Antag R: 14872.00 | Delivery:  61.5% | Budget Used:  0.00/4000.0
Ep  705 | Phase: PROTAGO | Ticks: 788 | Protag R: -7890.00 | Antag R: 7890.00 | Delivery:  59.2% | Budget Used:  0.00/4000.0
Ep  706 | Phase: PROTAGO | Ticks: 792 | Protag R: -9112.00 | Antag R: 9114.00 | Delivery:  62.7% | Budget Used:  0.00/4000.0
Ep  707 | Phase: PROTAGO | Ticks: 787 | Protag R: -6329.00 | Antag R: 6330.00 | Delivery:  65.3% | Budget Used:  0.00/4000.0
Ep  708 | Phase: PROTAGO | Ticks: 798 | Protag R: -6291.00 | Antag R: 6292.00 | Delivery:  74.4% | Budget Used:  0.00/4000.0
Ep  709 | Phase: PROTAGO | Ticks: 787 | Protag R: -11233.00 | Antag R: 11233.00 | Delivery:  56.6% | Budget Used:  0.00/4000.0
Ep  710 | Phase: PROTAGO | Ticks: 797 | Protag R: -10207.00 | Antag R: 10208.00 | Delivery:  58.5% | Budget Used:  0.00/4000.0
Ep  711 | Phase: PROTAGO | Ticks: 794 | Protag R: -7220.00 | Antag R: 7221.00 | Delivery:  63.3% | Budget Used:  0.00/4000.0
Ep  712 | Phase: PROTAGO | Ticks: 797 | Protag R: -7917.00 | Antag R: 7918.00 | Delivery:  68.1% | Budget Used:  0.00/4000.0
Ep  713 | Phase: PROTAGO | Ticks: 797 | Protag R: -8142.00 | Antag R: 8142.00 | Delivery:  67.4% | Budget Used:  0.00/4000.0
Ep  714 | Phase: PROTAGO | Ticks: 796 | Protag R: -13694.00 | Antag R: 13695.00 | Delivery:  53.4% | Budget Used:  0.00/4000.0
Ep  715 | Phase: PROTAGO | Ticks: 798 | Protag R: -12880.00 | Antag R: 12881.00 | Delivery:  55.2% | Budget Used:  0.00/4000.0
Ep  716 | Phase: PROTAGO | Ticks: 793 | Protag R: -5402.00 | Antag R: 5402.00 | Delivery:  67.4% | Budget Used:  0.00/4000.0
Ep  717 | Phase: PROTAGO | Ticks: 799 | Protag R: -10568.00 | Antag R: 10569.00 | Delivery:  55.2% | Budget Used:  0.00/4000.0
Ep  718 | Phase: PROTAGO | Ticks: 796 | Protag R: -7346.00 | Antag R: 7347.00 | Delivery:  71.1% | Budget Used:  0.00/4000.0
Ep  719 | Phase: PROTAGO | Ticks: 790 | Protag R: -9969.00 | Antag R: 9969.00 | Delivery:  60.0% | Budget Used:  0.00/4000.0
Ep  720 | Phase: PROTAGO | Ticks: 791 | Protag R: -11445.00 | Antag R: 11446.00 | Delivery:  52.5% | Budget Used:  0.00/4000.0
Ep  721 | Phase: PROTAGO | Ticks: 797 | Protag R: -7800.00 | Antag R: 7800.00 | Delivery:  63.8% | Budget Used:  0.00/4000.0
Ep  722 | Phase: PROTAGO | Ticks: 785 | Protag R: -6668.00 | Antag R: 6669.00 | Delivery:  61.5% | Budget Used:  0.00/4000.0
Ep  723 | Phase: PROTAGO | Ticks: 792 | Protag R: -9634.00 | Antag R: 9635.00 | Delivery:  59.6% | Budget Used:  0.00/4000.0
Ep  724 | Phase: PROTAGO | Ticks: 787 | Protag R: -8696.00 | Antag R: 8697.00 | Delivery:  64.0% | Budget Used:  0.00/4000.0
Ep  725 | Phase: PROTAGO | Ticks: 794 | Protag R: -8972.00 | Antag R: 8973.00 | Delivery:  57.1% | Budget Used:  0.00/4000.0
Ep  726 | Phase: PROTAGO | Ticks: 794 | Protag R: -4546.00 | Antag R: 4547.00 | Delivery:  67.5% | Budget Used:  0.00/4000.0
Ep  727 | Phase: PROTAGO | Ticks: 794 | Protag R: -8670.00 | Antag R: 8671.00 | Delivery:  55.2% | Budget Used:  0.00/4000.0
Ep  728 | Phase: PROTAGO | Ticks: 795 | Protag R: -5771.00 | Antag R: 5772.00 | Delivery:  66.7% | Budget Used:  0.00/4000.0
Ep  729 | Phase: PROTAGO | Ticks: 794 | Protag R: -5232.00 | Antag R: 5233.00 | Delivery:  68.9% | Budget Used:  0.00/4000.0
Ep  730 | Phase: PROTAGO | Ticks: 797 | Protag R: -6227.00 | Antag R: 6228.00 | Delivery:  74.4% | Budget Used:  0.00/4000.0
Ep  731 | Phase: PROTAGO | Ticks: 793 | Protag R: -5609.00 | Antag R: 5610.00 | Delivery:  67.4% | Budget Used:  0.00/4000.0
Ep  732 | Phase: PROTAGO | Ticks: 787 | Protag R: -7752.00 | Antag R: 7753.00 | Delivery:  66.0% | Budget Used:  0.00/4000.0
Ep  733 | Phase: PROTAGO | Ticks: 792 | Protag R: -5119.00 | Antag R: 5120.00 | Delivery:  63.8% | Budget Used:  0.00/4000.0
Ep  734 | Phase: PROTAGO | Ticks: 778 | Protag R: -9835.00 | Antag R: 9836.00 | Delivery:  60.8% | Budget Used:  0.00/4000.0
Ep  735 | Phase: PROTAGO | Ticks: 778 | Protag R: -3630.00 | Antag R: 3630.00 | Delivery:  71.1% | Budget Used:  0.00/4000.0
Ep  736 | Phase: PROTAGO | Ticks: 777 | Protag R: -6186.00 | Antag R: 6187.00 | Delivery:  72.1% | Budget Used:  0.00/4000.0
Ep  737 | Phase: PROTAGO | Ticks: 784 | Protag R: -12222.00 | Antag R: 12222.00 | Delivery:  59.6% | Budget Used:  0.00/4000.0
Ep  738 | Phase: PROTAGO | Ticks: 794 | Protag R: -8357.00 | Antag R: 8357.00 | Delivery:  56.6% | Budget Used:  0.00/4000.0
Ep  739 | Phase: PROTAGO | Ticks: 794 | Protag R: -6042.00 | Antag R: 6042.00 | Delivery:  76.2% | Budget Used:  0.00/4000.0
Ep  740 | Phase: PROTAGO | Ticks: 791 | Protag R: -4596.00 | Antag R: 4597.00 | Delivery:  77.5% | Budget Used:  0.00/4000.0
Ep  741 | Phase: PROTAGO | Ticks: 798 | Protag R: -3719.00 | Antag R: 3720.00 | Delivery:  70.0% | Budget Used:  0.00/4000.0
Ep  742 | Phase: PROTAGO | Ticks: 789 | Protag R: -6953.00 | Antag R: 6954.00 | Delivery:  66.7% | Budget Used:  0.00/4000.0
Ep  743 | Phase: PROTAGO | Ticks: 794 | Protag R: -1814.00 | Antag R: 1815.00 | Delivery: 100.0% | Budget Used:  0.00/4000.0
Ep  744 | Phase: PROTAGO | Ticks: 791 | Protag R: -3340.00 | Antag R: 3341.00 | Delivery:  75.0% | Budget Used:  0.00/4000.0
Ep  745 | Phase: PROTAGO | Ticks: 798 | Protag R: -11801.00 | Antag R: 11802.00 | Delivery:  54.4% | Budget Used:  0.00/4000.0
Ep  746 | Phase: PROTAGO | Ticks: 786 | Protag R: -779.00 | Antag R:  780.00 | Delivery:  92.0% | Budget Used:  0.00/4000.0
Ep  747 | Phase: PROTAGO | Ticks: 784 | Protag R: -13177.00 | Antag R: 13178.00 | Delivery:  57.4% | Budget Used:  0.00/4000.0
Ep  748 | Phase: PROTAGO | Ticks: 784 | Protag R: -7083.00 | Antag R: 7084.00 | Delivery:  71.1% | Budget Used:  0.00/4000.0
Ep  749 | Phase: PROTAGO | Ticks: 797 | Protag R: -5867.00 | Antag R: 5868.00 | Delivery:  67.4% | Budget Used:  0.00/4000.0
Ep  750 | Phase: PROTAGO | Ticks: 788 | Protag R: -4366.00 | Antag R: 4367.00 | Delivery:  76.2% | Budget Used:  0.00/4000.0
  [EVAL ep 750] greedy_atk=5366 learned_atk=5841 gap=+475 +/-270 (neg = learned beats greedy under attack)
Saving checkpoints for both agents before phase switch...
Ep  751 | Phase: PROTAGO | Ticks: 795 | Protag R: -10136.00 | Antag R: 10136.00 | Delivery:  56.6% | Budget Used:  0.00/4000.0
Ep  752 | Phase: PROTAGO | Ticks: 797 | Protag R: -2616.00 | Antag R: 2616.00 | Delivery:  94.1% | Budget Used:  0.00/4000.0
Ep  753 | Phase: PROTAGO | Ticks: 799 | Protag R: -4560.00 | Antag R: 4561.00 | Delivery:  72.7% | Budget Used:  0.00/4000.0
Ep  754 | Phase: PROTAGO | Ticks: 793 | Protag R: -3061.00 | Antag R: 3062.00 | Delivery:  86.8% | Budget Used:  0.00/4000.0
Ep  755 | Phase: PROTAGO | Ticks: 777 | Protag R: -7655.00 | Antag R: 7656.00 | Delivery:  54.5% | Budget Used:  0.00/4000.0
Ep  756 | Phase: PROTAGO | Ticks: 798 | Protag R: -11837.00 | Antag R: 11838.00 | Delivery:  57.1% | Budget Used:  0.00/4000.0
Ep  757 | Phase: PROTAGO | Ticks: 790 | Protag R: -6667.00 | Antag R: 6668.00 | Delivery:  65.2% | Budget Used:  0.00/4000.0
Ep  758 | Phase: PROTAGO | Ticks: 797 | Protag R: -11790.00 | Antag R: 11791.00 | Delivery:  50.8% | Budget Used:  0.00/4000.0
Ep  759 | Phase: PROTAGO | Ticks: 783 | Protag R: -8114.00 | Antag R: 8114.00 | Delivery:  62.5% | Budget Used:  0.00/4000.0
Ep  760 | Phase: PROTAGO | Ticks: 792 | Protag R: -7583.00 | Antag R: 7584.00 | Delivery:  59.3% | Budget Used:  0.00/4000.0
Ep  761 | Phase: PROTAGO | Ticks: 784 | Protag R: -13254.00 | Antag R: 13255.00 | Delivery:  48.4% | Budget Used:  0.00/4000.0
Ep  762 | Phase: PROTAGO | Ticks: 784 | Protag R: -3404.00 | Antag R: 3405.00 | Delivery:  86.1% | Budget Used:  0.00/4000.0
Ep  763 | Phase: PROTAGO | Ticks: 794 | Protag R: -7559.00 | Antag R: 7559.00 | Delivery:  54.9% | Budget Used:  0.00/4000.0
Ep  764 | Phase: PROTAGO | Ticks: 780 | Protag R: -9550.00 | Antag R: 9551.00 | Delivery:  58.5% | Budget Used:  0.00/4000.0
Ep  765 | Phase: PROTAGO | Ticks: 797 | Protag R: -10059.00 | Antag R: 10060.00 | Delivery:  61.5% | Budget Used:  0.00/4000.0
Ep  766 | Phase: PROTAGO | Ticks: 799 | Protag R: -7533.00 | Antag R: 7533.00 | Delivery:  53.7% | Budget Used:  0.00/4000.0
Ep  767 | Phase: PROTAGO | Ticks: 799 | Protag R: -11246.00 | Antag R: 11247.00 | Delivery:  57.4% | Budget Used:  0.00/4000.0
Ep  768 | Phase: PROTAGO | Ticks: 798 | Protag R: -11488.00 | Antag R: 11489.00 | Delivery:  60.4% | Budget Used:  0.00/4000.0
Ep  769 | Phase: PROTAGO | Ticks: 788 | Protag R: -7417.00 | Antag R: 7418.00 | Delivery:  57.4% | Budget Used:  0.00/4000.0
Ep  770 | Phase: PROTAGO | Ticks: 780 | Protag R: -5175.00 | Antag R: 5176.00 | Delivery:  73.8% | Budget Used:  0.00/4000.0
Ep  771 | Phase: PROTAGO | Ticks: 797 | Protag R: -8725.00 | Antag R: 8726.00 | Delivery:  69.6% | Budget Used:  0.00/4000.0
Ep  772 | Phase: PROTAGO | Ticks: 793 | Protag R: -6355.00 | Antag R: 6356.00 | Delivery:  68.2% | Budget Used:  0.00/4000.0
Ep  773 | Phase: PROTAGO | Ticks: 787 | Protag R: -8525.00 | Antag R: 8526.00 | Delivery:  58.5% | Budget Used:  0.00/4000.0
Ep  774 | Phase: PROTAGO | Ticks: 787 | Protag R: -5079.00 | Antag R: 5079.00 | Delivery:  67.4% | Budget Used:  0.00/4000.0
Ep  775 | Phase: PROTAGO | Ticks: 789 | Protag R: -5008.00 | Antag R: 5008.00 | Delivery:  65.2% | Budget Used:  0.00/4000.0
Ep  776 | Phase: PROTAGO | Ticks: 797 | Protag R: -10032.00 | Antag R: 10033.00 | Delivery:  54.4% | Budget Used:  0.00/4000.0
Ep  777 | Phase: PROTAGO | Ticks: 799 | Protag R: -6062.00 | Antag R: 6063.00 | Delivery:  64.6% | Budget Used:  0.00/4000.0
Ep  778 | Phase: PROTAGO | Ticks: 780 | Protag R: -8153.00 | Antag R: 8154.00 | Delivery:  60.8% | Budget Used:  0.00/4000.0
Ep  779 | Phase: PROTAGO | Ticks: 777 | Protag R: -4963.00 | Antag R: 4964.00 | Delivery:  76.7% | Budget Used:  0.00/4000.0
Ep  780 | Phase: PROTAGO | Ticks: 796 | Protag R: -15555.00 | Antag R: 15556.00 | Delivery:  47.8% | Budget Used:  0.00/4000.0
Ep  781 | Phase: PROTAGO | Ticks: 783 | Protag R: -2072.00 | Antag R: 2072.00 | Delivery:  87.9% | Budget Used:  0.00/4000.0
Ep  782 | Phase: PROTAGO | Ticks: 798 | Protag R: -6327.00 | Antag R: 6328.00 | Delivery:  69.8% | Budget Used:  0.00/4000.0
Ep  783 | Phase: PROTAGO | Ticks: 795 | Protag R: -5410.00 | Antag R: 5411.00 | Delivery:  74.4% | Budget Used:  0.00/4000.0
Ep  784 | Phase: PROTAGO | Ticks: 787 | Protag R: -6788.00 | Antag R: 6789.00 | Delivery:  65.9% | Budget Used:  0.00/4000.0
Ep  785 | Phase: PROTAGO | Ticks: 799 | Protag R: -10443.00 | Antag R: 10445.00 | Delivery:  60.4% | Budget Used:  0.00/4000.0
Ep  786 | Phase: PROTAGO | Ticks: 795 | Protag R: -5548.00 | Antag R: 5549.00 | Delivery:  66.7% | Budget Used:  0.00/4000.0
Ep  787 | Phase: PROTAGO | Ticks: 792 | Protag R: -9445.00 | Antag R: 9446.00 | Delivery:  61.5% | Budget Used:  0.00/4000.0
Ep  788 | Phase: PROTAGO | Ticks: 794 | Protag R: -10590.00 | Antag R: 10591.00 | Delivery:  56.4% | Budget Used:  0.00/4000.0
Ep  789 | Phase: PROTAGO | Ticks: 794 | Protag R: -3770.00 | Antag R: 3771.00 | Delivery:  74.4% | Budget Used:  0.00/4000.0
Ep  790 | Phase: PROTAGO | Ticks: 780 | Protag R: -7208.00 | Antag R: 7208.00 | Delivery:  68.2% | Budget Used:  0.00/4000.0
Ep  791 | Phase: PROTAGO | Ticks: 799 | Protag R: -4519.00 | Antag R: 4520.00 | Delivery:  73.8% | Budget Used:  0.00/4000.0
Ep  792 | Phase: PROTAGO | Ticks: 794 | Protag R: -4023.00 | Antag R: 4023.00 | Delivery:  71.8% | Budget Used:  0.00/4000.0
Ep  793 | Phase: PROTAGO | Ticks: 793 | Protag R: -9886.00 | Antag R: 9887.00 | Delivery:  51.7% | Budget Used:  0.00/4000.0
Ep  794 | Phase: PROTAGO | Ticks: 791 | Protag R: -8487.00 | Antag R: 8488.00 | Delivery:  58.8% | Budget Used:  0.00/4000.0
Ep  795 | Phase: PROTAGO | Ticks: 785 | Protag R: -7911.00 | Antag R: 7912.00 | Delivery:  63.3% | Budget Used:  0.00/4000.0
Ep  796 | Phase: PROTAGO | Ticks: 794 | Protag R: -10450.00 | Antag R: 10450.00 | Delivery:  53.6% | Budget Used:  0.00/4000.0
Ep  797 | Phase: PROTAGO | Ticks: 786 | Protag R: -7484.00 | Antag R: 7485.00 | Delivery:  65.3% | Budget Used:  0.00/4000.0
Ep  798 | Phase: PROTAGO | Ticks: 798 | Protag R: -3877.00 | Antag R: 3878.00 | Delivery:  76.2% | Budget Used:  0.00/4000.0
Ep  799 | Phase: PROTAGO | Ticks: 787 | Protag R: -4597.00 | Antag R: 4598.00 | Delivery:  78.0% | Budget Used:  0.00/4000.0
Ep  800 | Phase: PROTAGO | Ticks: 799 | Protag R: -15558.00 | Antag R: 15559.00 | Delivery:  43.1% | Budget Used:  0.00/4000.0
  [EVAL ep 800] greedy_atk=5366 learned_atk=5887 gap=+522 +/-279 (neg = learned beats greedy under attack)
Saved coevolved protagonist actor to models/runs/gen03_robustness_dynassign/vanilla_seed0/protagonist/actor.pt
Saved coevolved antagonist actor to models/runs/gen03_robustness_dynassign/vanilla_seed0/antagonist/actor.pt
Saved copy of protagonist actor as latest to models/protagonist/actor.pt
Saved copy of antagonist actor as latest to models/antagonist/actor.pt

SACRED ATLA Training completed successfully! Logs saved to TensorBoard.
