Seeded run: seed=2
Initializing SACRED Stage-1.5 dynamic assignment (Poisson arrivals, 2 trucks)...
Configuring Protagonist Dispatch Agent...
Configuring Antagonist Congestion Agent...
Initializing ATLA Coevolution Trainer...
Run Name: gen03_robustness_dynassign/vanilla_seed2
Starting SACRED training (mode=vanilla) for 800 episodes...
Device: Protagonist=cpu, Antagonist=cpu
Initial Phase: Training PROTAGONIST

Ep    1 | Phase: PROTAGO | Ticks: 792 | Protag R: -3170.00 | Antag R: 3171.00 | Delivery:  76.2% | Budget Used:  0.00/4000.0
Ep    2 | Phase: PROTAGO | Ticks: 792 | Protag R: -8951.00 | Antag R: 8952.00 | Delivery:  65.3% | Budget Used:  0.00/4000.0
Ep    3 | Phase: PROTAGO | Ticks: 787 | Protag R: -7668.00 | Antag R: 7669.00 | Delivery:  57.4% | Budget Used:  0.00/4000.0
Ep    4 | Phase: PROTAGO | Ticks: 784 | Protag R: -8187.00 | Antag R: 8187.00 | Delivery:  55.6% | Budget Used:  0.00/4000.0
Ep    5 | Phase: PROTAGO | Ticks: 794 | Protag R: -7717.00 | Antag R: 7718.00 | Delivery:  60.8% | Budget Used:  0.00/4000.0
Ep    6 | Phase: PROTAGO | Ticks: 796 | Protag R: -2411.00 | Antag R: 2411.00 | Delivery:  85.3% | Budget Used:  0.00/4000.0
Ep    7 | Phase: PROTAGO | Ticks: 792 | Protag R: -9927.00 | Antag R: 9928.00 | Delivery:  61.5% | Budget Used:  0.00/4000.0
Ep    8 | Phase: PROTAGO | Ticks: 794 | Protag R: -7228.00 | Antag R: 7228.00 | Delivery:  50.0% | Budget Used:  0.00/4000.0
Ep    9 | Phase: PROTAGO | Ticks: 787 | Protag R: -3730.00 | Antag R: 3730.00 | Delivery:  76.9% | Budget Used:  0.00/4000.0
Ep   10 | Phase: PROTAGO | Ticks: 788 | Protag R: -6156.00 | Antag R: 6157.00 | Delivery:  73.8% | Budget Used:  0.00/4000.0
Ep   11 | Phase: PROTAGO | Ticks: 796 | Protag R: -8587.00 | Antag R: 8588.00 | Delivery:  58.8% | Budget Used:  0.00/4000.0
Ep   12 | Phase: PROTAGO | Ticks: 793 | Protag R: -11788.00 | Antag R: 11789.00 | Delivery:  47.0% | Budget Used:  0.00/4000.0
Ep   13 | Phase: PROTAGO | Ticks: 791 | Protag R: -2971.00 | Antag R: 2972.00 | Delivery:  79.5% | Budget Used:  0.00/4000.0
Ep   14 | Phase: PROTAGO | Ticks: 791 | Protag R: -8883.00 | Antag R: 8884.00 | Delivery:  58.2% | Budget Used:  0.00/4000.0
Ep   15 | Phase: PROTAGO | Ticks: 797 | Protag R: -6694.00 | Antag R: 6695.00 | Delivery:  63.3% | Budget Used:  0.00/4000.0
Ep   16 | Phase: PROTAGO | Ticks: 799 | Protag R: -5496.00 | Antag R: 5497.00 | Delivery:  80.0% | Budget Used:  0.00/4000.0
Ep   17 | Phase: PROTAGO | Ticks: 782 | Protag R: -9492.00 | Antag R: 9492.00 | Delivery:  57.4% | Budget Used:  0.00/4000.0
Ep   18 | Phase: PROTAGO | Ticks: 799 | Protag R: -4864.00 | Antag R: 4865.00 | Delivery:  82.1% | Budget Used:  0.00/4000.0
Ep   19 | Phase: PROTAGO | Ticks: 791 | Protag R: -11356.00 | Antag R: 11356.00 | Delivery:  47.0% | Budget Used:  0.00/4000.0
Ep   20 | Phase: PROTAGO | Ticks: 792 | Protag R: -9847.00 | Antag R: 9848.00 | Delivery:  66.0% | Budget Used:  0.00/4000.0
Ep   21 | Phase: PROTAGO | Ticks: 793 | Protag R: -3682.00 | Antag R: 3682.00 | Delivery:  76.9% | Budget Used:  0.00/4000.0
Ep   22 | Phase: PROTAGO | Ticks: 795 | Protag R: -6743.00 | Antag R: 6744.00 | Delivery:  65.3% | Budget Used:  0.00/4000.0
Ep   23 | Phase: PROTAGO | Ticks: 799 | Protag R: -10041.00 | Antag R: 10041.00 | Delivery:  57.7% | Budget Used:  0.00/4000.0
Ep   24 | Phase: PROTAGO | Ticks: 796 | Protag R: -8914.00 | Antag R: 8914.00 | Delivery:  49.2% | Budget Used:  0.00/4000.0
Ep   25 | Phase: PROTAGO | Ticks: 798 | Protag R: -3484.00 | Antag R: 3485.00 | Delivery:  73.2% | Budget Used:  0.00/4000.0
Ep   26 | Phase: PROTAGO | Ticks: 798 | Protag R: -6169.00 | Antag R: 6170.00 | Delivery:  58.2% | Budget Used:  0.00/4000.0
Ep   27 | Phase: PROTAGO | Ticks: 792 | Protag R: -3543.00 | Antag R: 3544.00 | Delivery:  73.2% | Budget Used:  0.00/4000.0
Ep   28 | Phase: PROTAGO | Ticks: 799 | Protag R: -10357.00 | Antag R: 10358.00 | Delivery:  53.6% | Budget Used:  0.00/4000.0
Ep   29 | Phase: PROTAGO | Ticks: 789 | Protag R: -3907.00 | Antag R: 3908.00 | Delivery:  74.4% | Budget Used:  0.00/4000.0
Ep   30 | Phase: PROTAGO | Ticks: 776 | Protag R: -6970.00 | Antag R: 6971.00 | Delivery:  66.0% | Budget Used:  0.00/4000.0
Ep   31 | Phase: PROTAGO | Ticks: 791 | Protag R: -7181.00 | Antag R: 7182.00 | Delivery:  71.1% | Budget Used:  0.00/4000.0
Ep   32 | Phase: PROTAGO | Ticks: 790 | Protag R: -9537.00 | Antag R: 9537.00 | Delivery:  50.8% | Budget Used:  0.00/4000.0
Ep   33 | Phase: PROTAGO | Ticks: 795 | Protag R: -4310.00 | Antag R: 4310.00 | Delivery:  62.2% | Budget Used:  0.00/4000.0
Ep   34 | Phase: PROTAGO | Ticks: 787 | Protag R: -6797.00 | Antag R: 6798.00 | Delivery:  63.8% | Budget Used:  0.00/4000.0
Ep   35 | Phase: PROTAGO | Ticks: 796 | Protag R: -5822.00 | Antag R: 5823.00 | Delivery:  72.1% | Budget Used:  0.00/4000.0
Ep   36 | Phase: PROTAGO | Ticks: 794 | Protag R: -3304.00 | Antag R: 3304.00 | Delivery:  80.6% | Budget Used:  0.00/4000.0
Ep   37 | Phase: PROTAGO | Ticks: 782 | Protag R: -5735.00 | Antag R: 5735.00 | Delivery:  68.9% | Budget Used:  0.00/4000.0
Ep   38 | Phase: PROTAGO | Ticks: 786 | Protag R: -7726.00 | Antag R: 7728.00 | Delivery:  65.3% | Budget Used:  0.00/4000.0
Ep   39 | Phase: PROTAGO | Ticks: 782 | Protag R: -5797.00 | Antag R: 5798.00 | Delivery:  62.0% | Budget Used:  0.00/4000.0
Ep   40 | Phase: PROTAGO | Ticks: 791 | Protag R: -13036.00 | Antag R: 13036.00 | Delivery:  52.5% | Budget Used:  0.00/4000.0
Ep   41 | Phase: PROTAGO | Ticks: 796 | Protag R: -8794.00 | Antag R: 8794.00 | Delivery:  60.8% | Budget Used:  0.00/4000.0
Ep   42 | Phase: PROTAGO | Ticks: 786 | Protag R: -10625.00 | Antag R: 10626.00 | Delivery:  59.3% | Budget Used:  0.00/4000.0
Ep   43 | Phase: PROTAGO | Ticks: 794 | Protag R: -9523.00 | Antag R: 9524.00 | Delivery:  60.8% | Budget Used:  0.00/4000.0
Ep   44 | Phase: PROTAGO | Ticks: 790 | Protag R: -9426.00 | Antag R: 9426.00 | Delivery:  59.6% | Budget Used:  0.00/4000.0
Ep   45 | Phase: PROTAGO | Ticks: 790 | Protag R: -12578.00 | Antag R: 12580.00 | Delivery:  50.8% | Budget Used:  0.00/4000.0
Ep   46 | Phase: PROTAGO | Ticks: 797 | Protag R: -9907.00 | Antag R: 9908.00 | Delivery:  55.2% | Budget Used:  0.00/4000.0
Ep   47 | Phase: PROTAGO | Ticks: 798 | Protag R: -3893.00 | Antag R: 3894.00 | Delivery:  82.9% | Budget Used:  0.00/4000.0
Ep   48 | Phase: PROTAGO | Ticks: 784 | Protag R: -11668.00 | Antag R: 11669.00 | Delivery:  51.6% | Budget Used:  0.00/4000.0
Ep   49 | Phase: PROTAGO | Ticks: 790 | Protag R: -10726.00 | Antag R: 10727.00 | Delivery:  56.9% | Budget Used:  0.00/4000.0
Ep   50 | Phase: PROTAGO | Ticks: 798 | Protag R: -9915.00 | Antag R: 9916.00 | Delivery:  64.7% | Budget Used:  0.00/4000.0
  [EVAL ep 50] greedy_atk=5366 learned_atk=5711 gap=+345 +/-246 (neg = learned beats greedy under attack)
Saving checkpoints for both agents before phase switch...
Ep   51 | Phase: PROTAGO | Ticks: 798 | Protag R: -5217.00 | Antag R: 5217.00 | Delivery:  70.5% | Budget Used:  0.00/4000.0
Ep   52 | Phase: PROTAGO | Ticks: 798 | Protag R: -8649.00 | Antag R: 8650.00 | Delivery:  55.0% | Budget Used:  0.00/4000.0
Ep   53 | Phase: PROTAGO | Ticks: 797 | Protag R: -6647.00 | Antag R: 6648.00 | Delivery:  64.6% | Budget Used:  0.00/4000.0
Ep   54 | Phase: PROTAGO | Ticks: 799 | Protag R: -5602.00 | Antag R: 5603.00 | Delivery:  68.1% | Budget Used:  0.00/4000.0
Ep   55 | Phase: PROTAGO | Ticks: 798 | Protag R: -6876.00 | Antag R: 6876.00 | Delivery:  62.0% | Budget Used:  0.00/4000.0
Ep   56 | Phase: PROTAGO | Ticks: 795 | Protag R: -3992.00 | Antag R: 3993.00 | Delivery:  76.2% | Budget Used:  0.00/4000.0
Ep   57 | Phase: PROTAGO | Ticks: 780 | Protag R: -6122.00 | Antag R: 6123.00 | Delivery:  64.7% | Budget Used:  0.00/4000.0
Ep   58 | Phase: PROTAGO | Ticks: 795 | Protag R: -1793.00 | Antag R: 1794.00 | Delivery:  81.1% | Budget Used:  0.00/4000.0
Ep   59 | Phase: PROTAGO | Ticks: 796 | Protag R: -2297.00 | Antag R: 2298.00 | Delivery:  88.6% | Budget Used:  0.00/4000.0
Ep   60 | Phase: PROTAGO | Ticks: 795 | Protag R: -8996.00 | Antag R: 8997.00 | Delivery:  59.6% | Budget Used:  0.00/4000.0
Ep   61 | Phase: PROTAGO | Ticks: 789 | Protag R: -5493.00 | Antag R: 5493.00 | Delivery:  69.8% | Budget Used:  0.00/4000.0
Ep   62 | Phase: PROTAGO | Ticks: 799 | Protag R: -8918.00 | Antag R: 8920.00 | Delivery:  56.4% | Budget Used:  0.00/4000.0
Ep   63 | Phase: PROTAGO | Ticks: 793 | Protag R: -8155.00 | Antag R: 8156.00 | Delivery:  58.5% | Budget Used:  0.00/4000.0
Ep   64 | Phase: PROTAGO | Ticks: 789 | Protag R: -4197.00 | Antag R: 4198.00 | Delivery:  82.1% | Budget Used:  0.00/4000.0
Ep   65 | Phase: PROTAGO | Ticks: 796 | Protag R: -5042.00 | Antag R: 5043.00 | Delivery:  69.6% | Budget Used:  0.00/4000.0
Ep   66 | Phase: PROTAGO | Ticks: 796 | Protag R: -4029.00 | Antag R: 4030.00 | Delivery:  74.4% | Budget Used:  0.00/4000.0
Ep   67 | Phase: PROTAGO | Ticks: 796 | Protag R: -5442.00 | Antag R: 5443.00 | Delivery:  69.6% | Budget Used:  0.00/4000.0
Ep   68 | Phase: PROTAGO | Ticks: 794 | Protag R: -10477.00 | Antag R: 10478.00 | Delivery:  60.4% | Budget Used:  0.00/4000.0
Ep   69 | Phase: PROTAGO | Ticks: 799 | Protag R: -3939.00 | Antag R: 3940.00 | Delivery:  71.4% | Budget Used:  0.00/4000.0
Ep   70 | Phase: PROTAGO | Ticks: 796 | Protag R: -5469.00 | Antag R: 5470.00 | Delivery:  62.7% | Budget Used:  0.00/4000.0
Ep   71 | Phase: PROTAGO | Ticks: 788 | Protag R: -7016.00 | Antag R: 7017.00 | Delivery:  72.1% | Budget Used:  0.00/4000.0
Ep   72 | Phase: PROTAGO | Ticks: 784 | Protag R: -9903.00 | Antag R: 9904.00 | Delivery:  59.6% | Budget Used:  0.00/4000.0
Ep   73 | Phase: PROTAGO | Ticks: 798 | Protag R: -8386.00 | Antag R: 8387.00 | Delivery:  57.4% | Budget Used:  0.00/4000.0
Ep   74 | Phase: PROTAGO | Ticks: 783 | Protag R: -9520.00 | Antag R: 9521.00 | Delivery:  52.7% | Budget Used:  0.00/4000.0
Ep   75 | Phase: PROTAGO | Ticks: 799 | Protag R: -7450.00 | Antag R: 7451.00 | Delivery:  66.0% | Budget Used:  0.00/4000.0
Ep   76 | Phase: PROTAGO | Ticks: 795 | Protag R: -5346.00 | Antag R: 5347.00 | Delivery:  64.6% | Budget Used:  0.00/4000.0
Ep   77 | Phase: PROTAGO | Ticks: 782 | Protag R: -3082.00 | Antag R: 3084.00 | Delivery:  81.1% | Budget Used:  0.00/4000.0
Ep   78 | Phase: PROTAGO | Ticks: 799 | Protag R: -2502.00 | Antag R: 2503.00 | Delivery:  78.1% | Budget Used:  0.00/4000.0
Ep   79 | Phase: PROTAGO | Ticks: 799 | Protag R: -5723.00 | Antag R: 5724.00 | Delivery:  68.9% | Budget Used:  0.00/4000.0
Ep   80 | Phase: PROTAGO | Ticks: 789 | Protag R: -4354.00 | Antag R: 4355.00 | Delivery:  76.2% | Budget Used:  0.00/4000.0
Ep   81 | Phase: PROTAGO | Ticks: 796 | Protag R: -12028.00 | Antag R: 12029.00 | Delivery:  53.3% | Budget Used:  0.00/4000.0
Ep   82 | Phase: PROTAGO | Ticks: 794 | Protag R: -8252.00 | Antag R: 8253.00 | Delivery:  76.2% | Budget Used:  0.00/4000.0
Ep   83 | Phase: PROTAGO | Ticks: 796 | Protag R: -9093.00 | Antag R: 9094.00 | Delivery:  63.3% | Budget Used:  0.00/4000.0
Ep   84 | Phase: PROTAGO | Ticks: 782 | Protag R: -6235.00 | Antag R: 6235.00 | Delivery:  71.4% | Budget Used:  0.00/4000.0
Ep   85 | Phase: PROTAGO | Ticks: 791 | Protag R: -5638.00 | Antag R: 5639.00 | Delivery:  72.7% | Budget Used:  0.00/4000.0
Ep   86 | Phase: PROTAGO | Ticks: 789 | Protag R: -7669.00 | Antag R: 7670.00 | Delivery:  60.4% | Budget Used:  0.00/4000.0
Ep   87 | Phase: PROTAGO | Ticks: 783 | Protag R: -8446.00 | Antag R: 8447.00 | Delivery:  68.9% | Budget Used:  0.00/4000.0
Ep   88 | Phase: PROTAGO | Ticks: 792 | Protag R: -3133.00 | Antag R: 3134.00 | Delivery:  86.5% | Budget Used:  0.00/4000.0
Ep   89 | Phase: PROTAGO | Ticks: 790 | Protag R: -4318.00 | Antag R: 4319.00 | Delivery:  72.7% | Budget Used:  0.00/4000.0
Ep   90 | Phase: PROTAGO | Ticks: 798 | Protag R: -10306.00 | Antag R: 10307.00 | Delivery:  51.7% | Budget Used:  0.00/4000.0
Ep   91 | Phase: PROTAGO | Ticks: 792 | Protag R: -6514.00 | Antag R: 6515.00 | Delivery:  63.3% | Budget Used:  0.00/4000.0
Ep   92 | Phase: PROTAGO | Ticks: 791 | Protag R: -6964.00 | Antag R: 6965.00 | Delivery:  63.3% | Budget Used:  0.00/4000.0
Ep   93 | Phase: PROTAGO | Ticks: 790 | Protag R: -4844.00 | Antag R: 4844.00 | Delivery:  65.2% | Budget Used:  0.00/4000.0
Ep   94 | Phase: PROTAGO | Ticks: 783 | Protag R: -7312.00 | Antag R: 7313.00 | Delivery:  68.8% | Budget Used:  0.00/4000.0
Ep   95 | Phase: PROTAGO | Ticks: 791 | Protag R: -4616.00 | Antag R: 4617.00 | Delivery:  72.1% | Budget Used:  0.00/4000.0
Ep   96 | Phase: PROTAGO | Ticks: 796 | Protag R: -10004.00 | Antag R: 10005.00 | Delivery:  60.0% | Budget Used:  0.00/4000.0
Ep   97 | Phase: PROTAGO | Ticks: 792 | Protag R: -4207.00 | Antag R: 4208.00 | Delivery:  76.3% | Budget Used:  0.00/4000.0
Ep   98 | Phase: PROTAGO | Ticks: 791 | Protag R: -7408.00 | Antag R: 7409.00 | Delivery:  66.7% | Budget Used:  0.00/4000.0
Ep   99 | Phase: PROTAGO | Ticks: 788 | Protag R: -9219.00 | Antag R: 9220.00 | Delivery:  60.8% | Budget Used:  0.00/4000.0
Ep  100 | Phase: PROTAGO | Ticks: 795 | Protag R: -9381.00 | Antag R: 9382.00 | Delivery:  56.1% | Budget Used:  0.00/4000.0
  [EVAL ep 100] greedy_atk=5366 learned_atk=5711 gap=+345 +/-239 (neg = learned beats greedy under attack)
Saving checkpoints for both agents before phase switch...
Ep  101 | Phase: PROTAGO | Ticks: 795 | Protag R: -5721.00 | Antag R: 5722.00 | Delivery:  60.0% | Budget Used:  0.00/4000.0
Ep  102 | Phase: PROTAGO | Ticks: 788 | Protag R: -7149.00 | Antag R: 7150.00 | Delivery:  64.0% | Budget Used:  0.00/4000.0
Ep  103 | Phase: PROTAGO | Ticks: 782 | Protag R: -3359.00 | Antag R: 3360.00 | Delivery:  80.0% | Budget Used:  0.00/4000.0
Ep  104 | Phase: PROTAGO | Ticks: 798 | Protag R: -5716.00 | Antag R: 5717.00 | Delivery:  70.5% | Budget Used:  0.00/4000.0
Ep  105 | Phase: PROTAGO | Ticks: 790 | Protag R: -9928.00 | Antag R: 9928.00 | Delivery:  50.9% | Budget Used:  0.00/4000.0
Ep  106 | Phase: PROTAGO | Ticks: 784 | Protag R: -8269.00 | Antag R: 8269.00 | Delivery:  68.9% | Budget Used:  0.00/4000.0
Ep  107 | Phase: PROTAGO | Ticks: 787 | Protag R: -7504.00 | Antag R: 7505.00 | Delivery:  65.9% | Budget Used:  0.00/4000.0
Ep  108 | Phase: PROTAGO | Ticks: 788 | Protag R: -2517.00 | Antag R: 2518.00 | Delivery:  75.6% | Budget Used:  0.00/4000.0
Ep  109 | Phase: PROTAGO | Ticks: 785 | Protag R: -3768.00 | Antag R: 3768.00 | Delivery:  75.0% | Budget Used:  0.00/4000.0
Ep  110 | Phase: PROTAGO | Ticks: 795 | Protag R: -11048.00 | Antag R: 11049.00 | Delivery:  59.3% | Budget Used:  0.00/4000.0
Ep  111 | Phase: PROTAGO | Ticks: 793 | Protag R: -5847.00 | Antag R: 5848.00 | Delivery:  76.2% | Budget Used:  0.00/4000.0
Ep  112 | Phase: PROTAGO | Ticks: 789 | Protag R: -6529.00 | Antag R: 6530.00 | Delivery:  61.5% | Budget Used:  0.00/4000.0
Ep  113 | Phase: PROTAGO | Ticks: 783 | Protag R: -7927.00 | Antag R: 7927.00 | Delivery:  59.2% | Budget Used:  0.00/4000.0
Ep  114 | Phase: PROTAGO | Ticks: 795 | Protag R: -8868.00 | Antag R: 8869.00 | Delivery:  56.6% | Budget Used:  0.00/4000.0
Ep  115 | Phase: PROTAGO | Ticks: 778 | Protag R: -5268.00 | Antag R: 5269.00 | Delivery:  67.4% | Budget Used:  0.00/4000.0
Ep  116 | Phase: PROTAGO | Ticks: 788 | Protag R: -4857.00 | Antag R: 4858.00 | Delivery:  73.8% | Budget Used:  0.00/4000.0
Ep  117 | Phase: PROTAGO | Ticks: 797 | Protag R: -3813.00 | Antag R: 3814.00 | Delivery:  81.6% | Budget Used:  0.00/4000.0
Ep  118 | Phase: PROTAGO | Ticks: 797 | Protag R: -4128.00 | Antag R: 4129.00 | Delivery:  82.1% | Budget Used:  0.00/4000.0
Ep  119 | Phase: PROTAGO | Ticks: 784 | Protag R: -9168.00 | Antag R: 9169.00 | Delivery:  58.5% | Budget Used:  0.00/4000.0
Ep  120 | Phase: PROTAGO | Ticks: 795 | Protag R: -5911.00 | Antag R: 5912.00 | Delivery:  65.3% | Budget Used:  0.00/4000.0
Ep  121 | Phase: PROTAGO | Ticks: 790 | Protag R: -9826.00 | Antag R: 9827.00 | Delivery:  66.7% | Budget Used:  0.00/4000.0
Ep  122 | Phase: PROTAGO | Ticks: 781 | Protag R: -6004.00 | Antag R: 6005.00 | Delivery:  59.6% | Budget Used:  0.00/4000.0
Ep  123 | Phase: PROTAGO | Ticks: 794 | Protag R: -9467.00 | Antag R: 9468.00 | Delivery:  63.3% | Budget Used:  0.00/4000.0
Ep  124 | Phase: PROTAGO | Ticks: 783 | Protag R: -3291.00 | Antag R: 3292.00 | Delivery:  72.5% | Budget Used:  0.00/4000.0
Ep  125 | Phase: PROTAGO | Ticks: 788 | Protag R: -9821.00 | Antag R: 9822.00 | Delivery:  55.6% | Budget Used:  0.00/4000.0
Ep  126 | Phase: PROTAGO | Ticks: 793 | Protag R: -4188.00 | Antag R: 4189.00 | Delivery:  78.9% | Budget Used:  0.00/4000.0
Ep  127 | Phase: PROTAGO | Ticks: 793 | Protag R: -6281.00 | Antag R: 6282.00 | Delivery:  69.6% | Budget Used:  0.00/4000.0
Ep  128 | Phase: PROTAGO | Ticks: 799 | Protag R: -9505.00 | Antag R: 9506.00 | Delivery:  58.2% | Budget Used:  0.00/4000.0
Ep  129 | Phase: PROTAGO | Ticks: 785 | Protag R: -7223.00 | Antag R: 7223.00 | Delivery:  63.0% | Budget Used:  0.00/4000.0
Ep  130 | Phase: PROTAGO | Ticks: 786 | Protag R: -7565.00 | Antag R: 7566.00 | Delivery:  54.5% | Budget Used:  0.00/4000.0
Ep  131 | Phase: PROTAGO | Ticks: 798 | Protag R: -12119.00 | Antag R: 12119.00 | Delivery:  51.7% | Budget Used:  0.00/4000.0
Ep  132 | Phase: PROTAGO | Ticks: 794 | Protag R: -8291.00 | Antag R: 8292.00 | Delivery:  57.1% | Budget Used:  0.00/4000.0
Ep  133 | Phase: PROTAGO | Ticks: 791 | Protag R: -10698.00 | Antag R: 10698.00 | Delivery:  49.2% | Budget Used:  0.00/4000.0
Ep  134 | Phase: PROTAGO | Ticks: 796 | Protag R: -5849.00 | Antag R: 5849.00 | Delivery:  62.2% | Budget Used:  0.00/4000.0
Ep  135 | Phase: PROTAGO | Ticks: 797 | Protag R: -11349.00 | Antag R: 11350.00 | Delivery:  52.5% | Budget Used:  0.00/4000.0
Ep  136 | Phase: PROTAGO | Ticks: 787 | Protag R: -8165.00 | Antag R: 8165.00 | Delivery:  63.8% | Budget Used:  0.00/4000.0
Ep  137 | Phase: PROTAGO | Ticks: 785 | Protag R: -9987.00 | Antag R: 9989.00 | Delivery:  58.2% | Budget Used:  0.00/4000.0
Ep  138 | Phase: PROTAGO | Ticks: 799 | Protag R: -9478.00 | Antag R: 9479.00 | Delivery:  57.4% | Budget Used:  0.00/4000.0
Ep  139 | Phase: PROTAGO | Ticks: 791 | Protag R: -10115.00 | Antag R: 10116.00 | Delivery:  60.4% | Budget Used:  0.00/4000.0
Ep  140 | Phase: PROTAGO | Ticks: 793 | Protag R: -15616.00 | Antag R: 15617.00 | Delivery:  50.8% | Budget Used:  0.00/4000.0
Ep  141 | Phase: PROTAGO | Ticks: 798 | Protag R: -3653.00 | Antag R: 3653.00 | Delivery:  74.4% | Budget Used:  0.00/4000.0
Ep  142 | Phase: PROTAGO | Ticks: 784 | Protag R: -9359.00 | Antag R: 9360.00 | Delivery:  55.6% | Budget Used:  0.00/4000.0
Ep  143 | Phase: PROTAGO | Ticks: 790 | Protag R: -9225.00 | Antag R: 9226.00 | Delivery:  53.4% | Budget Used:  0.00/4000.0
Ep  144 | Phase: PROTAGO | Ticks: 787 | Protag R: -6059.00 | Antag R: 6060.00 | Delivery:  63.8% | Budget Used:  0.00/4000.0
Ep  145 | Phase: PROTAGO | Ticks: 786 | Protag R: -6796.00 | Antag R: 6797.00 | Delivery:  66.7% | Budget Used:  0.00/4000.0
Ep  146 | Phase: PROTAGO | Ticks: 796 | Protag R: -10494.00 | Antag R: 10495.00 | Delivery:  66.0% | Budget Used:  0.00/4000.0
Ep  147 | Phase: PROTAGO | Ticks: 796 | Protag R: -1600.00 | Antag R: 1600.00 | Delivery:  80.0% | Budget Used:  0.00/4000.0
Ep  148 | Phase: PROTAGO | Ticks: 790 | Protag R: -2770.00 | Antag R: 2771.00 | Delivery:  70.3% | Budget Used:  0.00/4000.0
Ep  149 | Phase: PROTAGO | Ticks: 798 | Protag R: -10366.00 | Antag R: 10367.00 | Delivery:  60.4% | Budget Used:  0.00/4000.0
Ep  150 | Phase: PROTAGO | Ticks: 797 | Protag R: -7299.00 | Antag R: 7299.00 | Delivery:  70.5% | Budget Used:  0.00/4000.0
  [EVAL ep 150] greedy_atk=5366 learned_atk=5942 gap=+576 +/-281 (neg = learned beats greedy under attack)
Saving checkpoints for both agents before phase switch...
Ep  151 | Phase: PROTAGO | Ticks: 789 | Protag R: -7483.00 | Antag R: 7483.00 | Delivery:  70.5% | Budget Used:  0.00/4000.0
Ep  152 | Phase: PROTAGO | Ticks: 791 | Protag R: -10008.00 | Antag R: 10009.00 | Delivery:  52.5% | Budget Used:  0.00/4000.0
Ep  153 | Phase: PROTAGO | Ticks: 791 | Protag R: -2158.00 | Antag R: 2158.00 | Delivery:  96.6% | Budget Used:  0.00/4000.0
Ep  154 | Phase: PROTAGO | Ticks: 795 | Protag R: -11264.00 | Antag R: 11265.00 | Delivery:  66.7% | Budget Used:  0.00/4000.0
Ep  155 | Phase: PROTAGO | Ticks: 789 | Protag R: -8440.00 | Antag R: 8441.00 | Delivery:  61.5% | Budget Used:  0.00/4000.0
Ep  156 | Phase: PROTAGO | Ticks: 798 | Protag R: -10974.00 | Antag R: 10975.00 | Delivery:  57.1% | Budget Used:  0.00/4000.0
Ep  157 | Phase: PROTAGO | Ticks: 795 | Protag R: -13708.00 | Antag R: 13709.00 | Delivery:  49.2% | Budget Used:  0.00/4000.0
Ep  158 | Phase: PROTAGO | Ticks: 793 | Protag R: -5541.00 | Antag R: 5542.00 | Delivery:  71.1% | Budget Used:  0.00/4000.0
Ep  159 | Phase: PROTAGO | Ticks: 782 | Protag R: -6902.00 | Antag R: 6903.00 | Delivery:  66.7% | Budget Used:  0.00/4000.0
Ep  160 | Phase: PROTAGO | Ticks: 794 | Protag R: -2885.00 | Antag R: 2886.00 | Delivery:  79.5% | Budget Used:  0.00/4000.0
Ep  161 | Phase: PROTAGO | Ticks: 799 | Protag R: -4668.00 | Antag R: 4669.00 | Delivery:  86.5% | Budget Used:  0.00/4000.0
Ep  162 | Phase: PROTAGO | Ticks: 799 | Protag R: -3893.00 | Antag R: 3894.00 | Delivery:  78.9% | Budget Used:  0.00/4000.0
Ep  163 | Phase: PROTAGO | Ticks: 797 | Protag R: -8568.00 | Antag R: 8569.00 | Delivery:  59.6% | Budget Used:  0.00/4000.0
Ep  164 | Phase: PROTAGO | Ticks: 785 | Protag R: -9070.00 | Antag R: 9071.00 | Delivery:  59.6% | Budget Used:  0.00/4000.0
Ep  165 | Phase: PROTAGO | Ticks: 779 | Protag R: -7433.00 | Antag R: 7434.00 | Delivery:  56.9% | Budget Used:  0.00/4000.0
Ep  166 | Phase: PROTAGO | Ticks: 784 | Protag R: -10374.00 | Antag R: 10375.00 | Delivery:  53.4% | Budget Used:  0.00/4000.0
Ep  167 | Phase: PROTAGO | Ticks: 795 | Protag R: -8765.00 | Antag R: 8766.00 | Delivery:  62.7% | Budget Used:  0.00/4000.0
Ep  168 | Phase: PROTAGO | Ticks: 779 | Protag R: -9205.00 | Antag R: 9206.00 | Delivery:  57.7% | Budget Used:  0.00/4000.0
Ep  169 | Phase: PROTAGO | Ticks: 786 | Protag R: -5763.00 | Antag R: 5764.00 | Delivery:  70.2% | Budget Used:  0.00/4000.0
Ep  170 | Phase: PROTAGO | Ticks: 786 | Protag R: -13691.00 | Antag R: 13692.00 | Delivery:  56.4% | Budget Used:  0.00/4000.0
Ep  171 | Phase: PROTAGO | Ticks: 780 | Protag R: -8154.00 | Antag R: 8155.00 | Delivery:  68.8% | Budget Used:  0.00/4000.0
Ep  172 | Phase: PROTAGO | Ticks: 795 | Protag R: -6649.00 | Antag R: 6650.00 | Delivery:  68.1% | Budget Used:  0.00/4000.0
Ep  173 | Phase: PROTAGO | Ticks: 794 | Protag R: -4755.00 | Antag R: 4756.00 | Delivery:  75.6% | Budget Used:  0.00/4000.0
Ep  174 | Phase: PROTAGO | Ticks: 799 | Protag R: -9107.00 | Antag R: 9107.00 | Delivery:  60.8% | Budget Used:  0.00/4000.0
Ep  175 | Phase: PROTAGO | Ticks: 786 | Protag R: -12651.00 | Antag R: 12652.00 | Delivery:  54.2% | Budget Used:  0.00/4000.0
Ep  176 | Phase: PROTAGO | Ticks: 792 | Protag R: -9652.00 | Antag R: 9653.00 | Delivery:  60.4% | Budget Used:  0.00/4000.0
Ep  177 | Phase: PROTAGO | Ticks: 797 | Protag R: -15272.00 | Antag R: 15273.00 | Delivery:  50.0% | Budget Used:  0.00/4000.0
Ep  178 | Phase: PROTAGO | Ticks: 795 | Protag R: -3692.00 | Antag R: 3693.00 | Delivery:  81.1% | Budget Used:  0.00/4000.0
Ep  179 | Phase: PROTAGO | Ticks: 781 | Protag R: -8109.00 | Antag R: 8110.00 | Delivery:  57.4% | Budget Used:  0.00/4000.0
Ep  180 | Phase: PROTAGO | Ticks: 781 | Protag R: -11551.00 | Antag R: 11551.00 | Delivery:  50.8% | Budget Used:  0.00/4000.0
Ep  181 | Phase: PROTAGO | Ticks: 795 | Protag R: -9444.00 | Antag R: 9445.00 | Delivery:  56.6% | Budget Used:  0.00/4000.0
Ep  182 | Phase: PROTAGO | Ticks: 791 | Protag R: -7644.00 | Antag R: 7645.00 | Delivery:  67.4% | Budget Used:  0.00/4000.0
Ep  183 | Phase: PROTAGO | Ticks: 784 | Protag R: -7640.00 | Antag R: 7641.00 | Delivery:  56.4% | Budget Used:  0.00/4000.0
Ep  184 | Phase: PROTAGO | Ticks: 790 | Protag R: -6948.00 | Antag R: 6948.00 | Delivery:  68.2% | Budget Used:  0.00/4000.0
Ep  185 | Phase: PROTAGO | Ticks: 799 | Protag R: -9468.00 | Antag R: 9469.00 | Delivery:  58.2% | Budget Used:  0.00/4000.0
Ep  186 | Phase: PROTAGO | Ticks: 793 | Protag R: -9552.00 | Antag R: 9553.00 | Delivery:  59.6% | Budget Used:  0.00/4000.0
Ep  187 | Phase: PROTAGO | Ticks: 798 | Protag R: -10900.00 | Antag R: 10900.00 | Delivery:  54.5% | Budget Used:  0.00/4000.0
Ep  188 | Phase: PROTAGO | Ticks: 779 | Protag R: -8112.00 | Antag R: 8113.00 | Delivery:  66.0% | Budget Used:  0.00/4000.0
Ep  189 | Phase: PROTAGO | Ticks: 798 | Protag R: -4161.00 | Antag R: 4161.00 | Delivery:  77.5% | Budget Used:  0.00/4000.0
Ep  190 | Phase: PROTAGO | Ticks: 782 | Protag R: -8423.00 | Antag R: 8424.00 | Delivery:  59.3% | Budget Used:  0.00/4000.0
Ep  191 | Phase: PROTAGO | Ticks: 793 | Protag R: -6310.00 | Antag R: 6311.00 | Delivery:  60.0% | Budget Used:  0.00/4000.0
Ep  192 | Phase: PROTAGO | Ticks: 795 | Protag R: -8410.00 | Antag R: 8411.00 | Delivery:  68.1% | Budget Used:  0.00/4000.0
Ep  193 | Phase: PROTAGO | Ticks: 787 | Protag R: -10868.00 | Antag R: 10869.00 | Delivery:  51.7% | Budget Used:  0.00/4000.0
Ep  194 | Phase: PROTAGO | Ticks: 799 | Protag R: -8135.00 | Antag R: 8136.00 | Delivery:  65.3% | Budget Used:  0.00/4000.0
Ep  195 | Phase: PROTAGO | Ticks: 796 | Protag R: -5838.00 | Antag R: 5839.00 | Delivery:  74.4% | Budget Used:  0.00/4000.0
Ep  196 | Phase: PROTAGO | Ticks: 784 | Protag R: -9991.00 | Antag R: 9992.00 | Delivery:  52.5% | Budget Used:  0.00/4000.0
Ep  197 | Phase: PROTAGO | Ticks: 790 | Protag R: -7040.00 | Antag R: 7041.00 | Delivery:  64.4% | Budget Used:  0.00/4000.0
Ep  198 | Phase: PROTAGO | Ticks: 793 | Protag R: -6216.00 | Antag R: 6217.00 | Delivery:  70.2% | Budget Used:  0.00/4000.0
Ep  199 | Phase: PROTAGO | Ticks: 796 | Protag R: -6184.00 | Antag R: 6185.00 | Delivery:  72.1% | Budget Used:  0.00/4000.0
Ep  200 | Phase: PROTAGO | Ticks: 785 | Protag R: -6602.00 | Antag R: 6602.00 | Delivery:  65.2% | Budget Used:  0.00/4000.0
  [EVAL ep 200] greedy_atk=5366 learned_atk=5813 gap=+447 +/-319 (neg = learned beats greedy under attack)
Saving checkpoints for both agents before phase switch...
Ep  201 | Phase: PROTAGO | Ticks: 791 | Protag R: -5032.00 | Antag R: 5033.00 | Delivery:  65.3% | Budget Used:  0.00/4000.0
Ep  202 | Phase: PROTAGO | Ticks: 786 | Protag R: -13651.00 | Antag R: 13651.00 | Delivery:  49.2% | Budget Used:  0.00/4000.0
Ep  203 | Phase: PROTAGO | Ticks: 796 | Protag R: -3438.00 | Antag R: 3439.00 | Delivery:  78.9% | Budget Used:  0.00/4000.0
Ep  204 | Phase: PROTAGO | Ticks: 791 | Protag R: -4393.00 | Antag R: 4394.00 | Delivery:  74.4% | Budget Used:  0.00/4000.0
Ep  205 | Phase: PROTAGO | Ticks: 798 | Protag R: -3721.00 | Antag R: 3721.00 | Delivery:  68.4% | Budget Used:  0.00/4000.0
Ep  206 | Phase: PROTAGO | Ticks: 799 | Protag R: -2595.00 | Antag R: 2596.00 | Delivery:  78.4% | Budget Used:  0.00/4000.0
Ep  207 | Phase: PROTAGO | Ticks: 781 | Protag R: -7953.00 | Antag R: 7953.00 | Delivery:  60.4% | Budget Used:  0.00/4000.0
Ep  208 | Phase: PROTAGO | Ticks: 799 | Protag R: -9424.00 | Antag R: 9425.00 | Delivery:  53.6% | Budget Used:  0.00/4000.0
Ep  209 | Phase: PROTAGO | Ticks: 785 | Protag R: -4533.00 | Antag R: 4534.00 | Delivery:  63.8% | Budget Used:  0.00/4000.0
Ep  210 | Phase: PROTAGO | Ticks: 795 | Protag R: -7060.00 | Antag R: 7061.00 | Delivery:  64.0% | Budget Used:  0.00/4000.0
Ep  211 | Phase: PROTAGO | Ticks: 799 | Protag R: -9185.00 | Antag R: 9186.00 | Delivery:  61.5% | Budget Used:  0.00/4000.0
Ep  212 | Phase: PROTAGO | Ticks: 790 | Protag R: -7759.00 | Antag R: 7760.00 | Delivery:  51.9% | Budget Used:  0.00/4000.0
Ep  213 | Phase: PROTAGO | Ticks: 795 | Protag R: -14043.00 | Antag R: 14045.00 | Delivery:  48.5% | Budget Used:  0.00/4000.0
Ep  214 | Phase: PROTAGO | Ticks: 790 | Protag R: -7956.00 | Antag R: 7957.00 | Delivery:  60.4% | Budget Used:  0.00/4000.0
Ep  215 | Phase: PROTAGO | Ticks: 787 | Protag R: -7218.00 | Antag R: 7219.00 | Delivery:  65.3% | Budget Used:  0.00/4000.0
Ep  216 | Phase: PROTAGO | Ticks: 797 | Protag R: -4241.00 | Antag R: 4241.00 | Delivery:  78.9% | Budget Used:  0.00/4000.0
Ep  217 | Phase: PROTAGO | Ticks: 793 | Protag R: -3839.00 | Antag R: 3840.00 | Delivery:  84.2% | Budget Used:  0.00/4000.0
Ep  218 | Phase: PROTAGO | Ticks: 794 | Protag R: -6630.00 | Antag R: 6631.00 | Delivery:  65.9% | Budget Used:  0.00/4000.0
Ep  219 | Phase: PROTAGO | Ticks: 798 | Protag R: -2581.00 | Antag R: 2582.00 | Delivery:  80.0% | Budget Used:  0.00/4000.0
Ep  220 | Phase: PROTAGO | Ticks: 785 | Protag R: -10377.00 | Antag R: 10378.00 | Delivery:  61.5% | Budget Used:  0.00/4000.0
Ep  221 | Phase: PROTAGO | Ticks: 778 | Protag R: -10237.00 | Antag R: 10238.00 | Delivery:  56.4% | Budget Used:  0.00/4000.0
Ep  222 | Phase: PROTAGO | Ticks: 788 | Protag R: -5275.00 | Antag R: 5276.00 | Delivery:  82.1% | Budget Used:  0.00/4000.0
Ep  223 | Phase: PROTAGO | Ticks: 797 | Protag R: -10094.00 | Antag R: 10095.00 | Delivery:  57.4% | Budget Used:  0.00/4000.0
Ep  224 | Phase: PROTAGO | Ticks: 794 | Protag R: -5889.00 | Antag R: 5889.00 | Delivery:  61.7% | Budget Used:  0.00/4000.0
Ep  225 | Phase: PROTAGO | Ticks: 792 | Protag R: -5435.00 | Antag R: 5435.00 | Delivery:  67.4% | Budget Used:  0.00/4000.0
Ep  226 | Phase: PROTAGO | Ticks: 781 | Protag R: -6141.00 | Antag R: 6141.00 | Delivery:  62.0% | Budget Used:  0.00/4000.0
Ep  227 | Phase: PROTAGO | Ticks: 783 | Protag R: -3167.00 | Antag R: 3167.00 | Delivery:  65.9% | Budget Used:  0.00/4000.0
Ep  228 | Phase: PROTAGO | Ticks: 781 | Protag R: -12335.00 | Antag R: 12336.00 | Delivery:  52.5% | Budget Used:  0.00/4000.0
Ep  229 | Phase: PROTAGO | Ticks: 794 | Protag R: -6784.00 | Antag R: 6785.00 | Delivery:  75.6% | Budget Used:  0.00/4000.0
Ep  230 | Phase: PROTAGO | Ticks: 790 | Protag R: -1661.00 | Antag R: 1661.00 | Delivery:  65.7% | Budget Used:  0.00/4000.0
Ep  231 | Phase: PROTAGO | Ticks: 792 | Protag R: -6817.00 | Antag R: 6818.00 | Delivery:  65.3% | Budget Used:  0.00/4000.0
Ep  232 | Phase: PROTAGO | Ticks: 785 | Protag R: -9386.00 | Antag R: 9387.00 | Delivery:  65.3% | Budget Used:  0.00/4000.0
Ep  233 | Phase: PROTAGO | Ticks: 795 | Protag R: -4861.00 | Antag R: 4862.00 | Delivery:  72.7% | Budget Used:  0.00/4000.0
Ep  234 | Phase: PROTAGO | Ticks: 796 | Protag R: -12774.00 | Antag R: 12774.00 | Delivery:  50.8% | Budget Used:  0.00/4000.0
Ep  235 | Phase: PROTAGO | Ticks: 799 | Protag R: -5335.00 | Antag R: 5336.00 | Delivery:  82.1% | Budget Used:  0.00/4000.0
Ep  236 | Phase: PROTAGO | Ticks: 792 | Protag R: -11213.00 | Antag R: 11214.00 | Delivery:  55.2% | Budget Used:  0.00/4000.0
Ep  237 | Phase: PROTAGO | Ticks: 793 | Protag R: -10825.00 | Antag R: 10826.00 | Delivery:  62.0% | Budget Used:  0.00/4000.0
Ep  238 | Phase: PROTAGO | Ticks: 798 | Protag R: -6011.00 | Antag R: 6012.00 | Delivery:  64.0% | Budget Used:  0.00/4000.0
Ep  239 | Phase: PROTAGO | Ticks: 795 | Protag R: -4797.00 | Antag R: 4798.00 | Delivery:  80.0% | Budget Used:  0.00/4000.0
Ep  240 | Phase: PROTAGO | Ticks: 796 | Protag R: -4647.00 | Antag R: 4648.00 | Delivery:  82.1% | Budget Used:  0.00/4000.0
Ep  241 | Phase: PROTAGO | Ticks: 778 | Protag R: -2127.00 | Antag R: 2127.00 | Delivery:  76.3% | Budget Used:  0.00/4000.0
Ep  242 | Phase: PROTAGO | Ticks: 791 | Protag R: -12872.00 | Antag R: 12873.00 | Delivery:  51.6% | Budget Used:  0.00/4000.0
Ep  243 | Phase: PROTAGO | Ticks: 788 | Protag R: -8448.00 | Antag R: 8449.00 | Delivery:  58.8% | Budget Used:  0.00/4000.0
Ep  244 | Phase: PROTAGO | Ticks: 783 | Protag R: -8951.00 | Antag R: 8953.00 | Delivery:  55.4% | Budget Used:  0.00/4000.0
Ep  245 | Phase: PROTAGO | Ticks: 792 | Protag R: -4986.00 | Antag R: 4986.00 | Delivery:  64.3% | Budget Used:  0.00/4000.0
Ep  246 | Phase: PROTAGO | Ticks: 792 | Protag R: -9782.00 | Antag R: 9783.00 | Delivery:  60.8% | Budget Used:  0.00/4000.0
Ep  247 | Phase: PROTAGO | Ticks: 783 | Protag R: -10467.00 | Antag R: 10467.00 | Delivery:  56.4% | Budget Used:  0.00/4000.0
Ep  248 | Phase: PROTAGO | Ticks: 794 | Protag R: -9814.00 | Antag R: 9815.00 | Delivery:  61.5% | Budget Used:  0.00/4000.0
Ep  249 | Phase: PROTAGO | Ticks: 799 | Protag R: -4427.00 | Antag R: 4428.00 | Delivery:  72.7% | Budget Used:  0.00/4000.0
Ep  250 | Phase: PROTAGO | Ticks: 798 | Protag R: -4713.00 | Antag R: 4714.00 | Delivery:  71.4% | Budget Used:  0.00/4000.0
  [EVAL ep 250] greedy_atk=5366 learned_atk=5953 gap=+587 +/-318 (neg = learned beats greedy under attack)
Saving checkpoints for both agents before phase switch...
Ep  251 | Phase: PROTAGO | Ticks: 787 | Protag R: -7141.00 | Antag R: 7142.00 | Delivery:  62.7% | Budget Used:  0.00/4000.0
Ep  252 | Phase: PROTAGO | Ticks: 783 | Protag R: -4630.00 | Antag R: 4631.00 | Delivery:  86.5% | Budget Used:  0.00/4000.0
Ep  253 | Phase: PROTAGO | Ticks: 786 | Protag R: -11354.00 | Antag R: 11355.00 | Delivery:  52.5% | Budget Used:  0.00/4000.0
Ep  254 | Phase: PROTAGO | Ticks: 793 | Protag R: -7294.00 | Antag R: 7295.00 | Delivery:  59.6% | Budget Used:  0.00/4000.0
Ep  255 | Phase: PROTAGO | Ticks: 791 | Protag R: -2943.00 | Antag R: 2944.00 | Delivery:  78.9% | Budget Used:  0.00/4000.0
Ep  256 | Phase: PROTAGO | Ticks: 797 | Protag R: -7482.00 | Antag R: 7483.00 | Delivery:  66.0% | Budget Used:  0.00/4000.0
Ep  257 | Phase: PROTAGO | Ticks: 798 | Protag R: -3847.00 | Antag R: 3848.00 | Delivery:  82.1% | Budget Used:  0.00/4000.0
Ep  258 | Phase: PROTAGO | Ticks: 793 | Protag R: -2463.00 | Antag R: 2463.00 | Delivery:  71.4% | Budget Used:  0.00/4000.0
Ep  259 | Phase: PROTAGO | Ticks: 796 | Protag R: -6567.00 | Antag R: 6567.00 | Delivery:  76.2% | Budget Used:  0.00/4000.0
Ep  260 | Phase: PROTAGO | Ticks: 784 | Protag R: -5410.00 | Antag R: 5412.00 | Delivery:  63.3% | Budget Used:  0.00/4000.0
Ep  261 | Phase: PROTAGO | Ticks: 791 | Protag R: -6286.00 | Antag R: 6287.00 | Delivery:  72.1% | Budget Used:  0.00/4000.0
Ep  262 | Phase: PROTAGO | Ticks: 795 | Protag R: -8277.00 | Antag R: 8277.00 | Delivery:  58.8% | Budget Used:  0.00/4000.0
Ep  263 | Phase: PROTAGO | Ticks: 792 | Protag R: -8290.00 | Antag R: 8291.00 | Delivery:  63.8% | Budget Used:  0.00/4000.0
Ep  264 | Phase: PROTAGO | Ticks: 794 | Protag R: -3988.00 | Antag R: 3989.00 | Delivery:  70.5% | Budget Used:  0.00/4000.0
Ep  265 | Phase: PROTAGO | Ticks: 782 | Protag R: -6394.00 | Antag R: 6394.00 | Delivery:  66.7% | Budget Used:  0.00/4000.0
Ep  266 | Phase: PROTAGO | Ticks: 797 | Protag R: -8328.00 | Antag R: 8329.00 | Delivery:  56.1% | Budget Used:  0.00/4000.0
Ep  267 | Phase: PROTAGO | Ticks: 789 | Protag R: -6364.00 | Antag R: 6364.00 | Delivery:  60.4% | Budget Used:  0.00/4000.0
Ep  268 | Phase: PROTAGO | Ticks: 786 | Protag R: -1981.00 | Antag R: 1981.00 | Delivery:  85.7% | Budget Used:  0.00/4000.0
Ep  269 | Phase: PROTAGO | Ticks: 787 | Protag R: -5621.00 | Antag R: 5621.00 | Delivery:  72.5% | Budget Used:  0.00/4000.0
Ep  270 | Phase: PROTAGO | Ticks: 788 | Protag R: -7831.00 | Antag R: 7832.00 | Delivery:  68.1% | Budget Used:  0.00/4000.0
Ep  271 | Phase: PROTAGO | Ticks: 783 | Protag R: -6086.00 | Antag R: 6087.00 | Delivery:  71.1% | Budget Used:  0.00/4000.0
Ep  272 | Phase: PROTAGO | Ticks: 795 | Protag R: -5637.00 | Antag R: 5638.00 | Delivery:  70.5% | Budget Used:  0.00/4000.0
Ep  273 | Phase: PROTAGO | Ticks: 783 | Protag R: -8757.00 | Antag R: 8757.00 | Delivery:  63.8% | Budget Used:  0.00/4000.0
Ep  274 | Phase: PROTAGO | Ticks: 798 | Protag R: -6512.00 | Antag R: 6513.00 | Delivery:  63.3% | Budget Used:  0.00/4000.0
Ep  275 | Phase: PROTAGO | Ticks: 792 | Protag R: -4195.00 | Antag R: 4196.00 | Delivery:  69.8% | Budget Used:  0.00/4000.0
Ep  276 | Phase: PROTAGO | Ticks: 785 | Protag R: -4937.00 | Antag R: 4938.00 | Delivery:  61.5% | Budget Used:  0.00/4000.0
Ep  277 | Phase: PROTAGO | Ticks: 790 | Protag R: -4899.00 | Antag R: 4900.00 | Delivery:  64.6% | Budget Used:  0.00/4000.0
Ep  278 | Phase: PROTAGO | Ticks: 782 | Protag R: -11510.00 | Antag R: 11511.00 | Delivery:  61.5% | Budget Used:  0.00/4000.0
Ep  279 | Phase: PROTAGO | Ticks: 797 | Protag R: -4685.00 | Antag R: 4685.00 | Delivery:  69.8% | Budget Used:  0.00/4000.0
Ep  280 | Phase: PROTAGO | Ticks: 799 | Protag R: -11565.00 | Antag R: 11566.00 | Delivery:  55.2% | Budget Used:  0.00/4000.0
Ep  281 | Phase: PROTAGO | Ticks: 793 | Protag R: -8198.00 | Antag R: 8199.00 | Delivery:  59.3% | Budget Used:  0.00/4000.0
Ep  282 | Phase: PROTAGO | Ticks: 795 | Protag R: -6844.00 | Antag R: 6844.00 | Delivery:  56.9% | Budget Used:  0.00/4000.0
Ep  283 | Phase: PROTAGO | Ticks: 794 | Protag R: -6891.00 | Antag R: 6892.00 | Delivery:  61.5% | Budget Used:  0.00/4000.0
Ep  284 | Phase: PROTAGO | Ticks: 791 | Protag R: -7021.00 | Antag R: 7022.00 | Delivery:  64.0% | Budget Used:  0.00/4000.0
Ep  285 | Phase: PROTAGO | Ticks: 789 | Protag R: -8229.00 | Antag R: 8230.00 | Delivery:  51.9% | Budget Used:  0.00/4000.0
Ep  286 | Phase: PROTAGO | Ticks: 780 | Protag R: -6863.00 | Antag R: 6864.00 | Delivery:  66.7% | Budget Used:  0.00/4000.0
Ep  287 | Phase: PROTAGO | Ticks: 787 | Protag R: -5413.00 | Antag R: 5414.00 | Delivery:  68.2% | Budget Used:  0.00/4000.0
Ep  288 | Phase: PROTAGO | Ticks: 780 | Protag R: -10421.00 | Antag R: 10422.00 | Delivery:  58.2% | Budget Used:  0.00/4000.0
Ep  289 | Phase: PROTAGO | Ticks: 782 | Protag R: -1804.00 | Antag R: 1805.00 | Delivery:  90.3% | Budget Used:  0.00/4000.0
Ep  290 | Phase: PROTAGO | Ticks: 794 | Protag R: -8128.00 | Antag R: 8129.00 | Delivery:  60.4% | Budget Used:  0.00/4000.0
Ep  291 | Phase: PROTAGO | Ticks: 796 | Protag R: -3167.00 | Antag R: 3168.00 | Delivery:  75.0% | Budget Used:  0.00/4000.0
Ep  292 | Phase: PROTAGO | Ticks: 798 | Protag R: -7946.00 | Antag R: 7947.00 | Delivery:  69.6% | Budget Used:  0.00/4000.0
Ep  293 | Phase: PROTAGO | Ticks: 797 | Protag R: -6959.00 | Antag R: 6960.00 | Delivery:  63.5% | Budget Used:  0.00/4000.0
Ep  294 | Phase: PROTAGO | Ticks: 795 | Protag R: -8491.00 | Antag R: 8492.00 | Delivery:  60.0% | Budget Used:  0.00/4000.0
Ep  295 | Phase: PROTAGO | Ticks: 785 | Protag R: -2988.00 | Antag R: 2989.00 | Delivery:  73.7% | Budget Used:  0.00/4000.0
Ep  296 | Phase: PROTAGO | Ticks: 795 | Protag R: -7579.00 | Antag R: 7580.00 | Delivery:  62.7% | Budget Used:  0.00/4000.0
Ep  297 | Phase: PROTAGO | Ticks: 785 | Protag R: -8595.00 | Antag R: 8596.00 | Delivery:  67.4% | Budget Used:  0.00/4000.0
Ep  298 | Phase: PROTAGO | Ticks: 796 | Protag R: -6359.00 | Antag R: 6360.00 | Delivery:  54.5% | Budget Used:  0.00/4000.0
Ep  299 | Phase: PROTAGO | Ticks: 790 | Protag R: -7748.00 | Antag R: 7749.00 | Delivery:  66.7% | Budget Used:  0.00/4000.0
Ep  300 | Phase: PROTAGO | Ticks: 799 | Protag R: -6660.00 | Antag R: 6661.00 | Delivery:  72.1% | Budget Used:  0.00/4000.0
  [EVAL ep 300] greedy_atk=5366 learned_atk=5849 gap=+483 +/-318 (neg = learned beats greedy under attack)
Saving checkpoints for both agents before phase switch...
Ep  301 | Phase: PROTAGO | Ticks: 798 | Protag R: -5334.00 | Antag R: 5334.00 | Delivery:  72.1% | Budget Used:  0.00/4000.0
Ep  302 | Phase: PROTAGO | Ticks: 788 | Protag R: -6279.00 | Antag R: 6280.00 | Delivery:  63.8% | Budget Used:  0.00/4000.0
Ep  303 | Phase: PROTAGO | Ticks: 796 | Protag R: -5577.00 | Antag R: 5577.00 | Delivery:  75.6% | Budget Used:  0.00/4000.0
Ep  304 | Phase: PROTAGO | Ticks: 785 | Protag R: -9292.00 | Antag R: 9293.00 | Delivery:  57.4% | Budget Used:  0.00/4000.0
Ep  305 | Phase: PROTAGO | Ticks: 797 | Protag R: -13761.00 | Antag R: 13762.00 | Delivery:  51.7% | Budget Used:  0.00/4000.0
Ep  306 | Phase: PROTAGO | Ticks: 788 | Protag R: -5870.00 | Antag R: 5871.00 | Delivery:  76.2% | Budget Used:  0.00/4000.0
Ep  307 | Phase: PROTAGO | Ticks: 792 | Protag R: -9972.00 | Antag R: 9972.00 | Delivery:  56.9% | Budget Used:  0.00/4000.0
Ep  308 | Phase: PROTAGO | Ticks: 798 | Protag R: -5565.00 | Antag R: 5565.00 | Delivery:  68.2% | Budget Used:  0.00/4000.0
Ep  309 | Phase: PROTAGO | Ticks: 787 | Protag R: -6974.00 | Antag R: 6974.00 | Delivery:  60.8% | Budget Used:  0.00/4000.0
Ep  310 | Phase: PROTAGO | Ticks: 792 | Protag R: -8827.00 | Antag R: 8828.00 | Delivery:  58.8% | Budget Used:  0.00/4000.0
Ep  311 | Phase: PROTAGO | Ticks: 795 | Protag R: -6018.00 | Antag R: 6019.00 | Delivery:  62.5% | Budget Used:  0.00/4000.0
Ep  312 | Phase: PROTAGO | Ticks: 775 | Protag R: -1905.00 | Antag R: 1906.00 | Delivery: 100.0% | Budget Used:  0.00/4000.0
Ep  313 | Phase: PROTAGO | Ticks: 788 | Protag R: -7381.00 | Antag R: 7382.00 | Delivery:  61.5% | Budget Used:  0.00/4000.0
Ep  314 | Phase: PROTAGO | Ticks: 794 | Protag R: -9138.00 | Antag R: 9140.00 | Delivery:  62.7% | Budget Used:  0.00/4000.0
Ep  315 | Phase: PROTAGO | Ticks: 798 | Protag R: -7943.00 | Antag R: 7943.00 | Delivery:  63.8% | Budget Used:  0.00/4000.0
Ep  316 | Phase: PROTAGO | Ticks: 792 | Protag R: -7686.00 | Antag R: 7687.00 | Delivery:  65.3% | Budget Used:  0.00/4000.0
Ep  317 | Phase: PROTAGO | Ticks: 785 | Protag R: -3441.00 | Antag R: 3441.00 | Delivery:  85.7% | Budget Used:  0.00/4000.0
Ep  318 | Phase: PROTAGO | Ticks: 787 | Protag R: -8819.00 | Antag R: 8819.00 | Delivery:  63.8% | Budget Used:  0.00/4000.0
Ep  319 | Phase: PROTAGO | Ticks: 787 | Protag R: -7701.00 | Antag R: 7703.00 | Delivery:  61.1% | Budget Used:  0.00/4000.0
Ep  320 | Phase: PROTAGO | Ticks: 786 | Protag R: -7231.00 | Antag R: 7232.00 | Delivery:  65.2% | Budget Used:  0.00/4000.0
Ep  321 | Phase: PROTAGO | Ticks: 788 | Protag R: -11720.00 | Antag R: 11721.00 | Delivery:  52.5% | Budget Used:  0.00/4000.0
Ep  322 | Phase: PROTAGO | Ticks: 783 | Protag R: -8931.00 | Antag R: 8931.00 | Delivery:  59.2% | Budget Used:  0.00/4000.0
Ep  323 | Phase: PROTAGO | Ticks: 795 | Protag R: -6888.00 | Antag R: 6889.00 | Delivery:  68.1% | Budget Used:  0.00/4000.0
Ep  324 | Phase: PROTAGO | Ticks: 783 | Protag R: -4342.00 | Antag R: 4342.00 | Delivery:  76.2% | Budget Used:  0.00/4000.0
Ep  325 | Phase: PROTAGO | Ticks: 794 | Protag R: -8066.00 | Antag R: 8066.00 | Delivery:  57.7% | Budget Used:  0.00/4000.0
Ep  326 | Phase: PROTAGO | Ticks: 787 | Protag R: -6562.00 | Antag R: 6563.00 | Delivery:  68.1% | Budget Used:  0.00/4000.0
Ep  327 | Phase: PROTAGO | Ticks: 796 | Protag R: -8730.00 | Antag R: 8731.00 | Delivery:  62.0% | Budget Used:  0.00/4000.0
Ep  328 | Phase: PROTAGO | Ticks: 785 | Protag R: -8366.00 | Antag R: 8367.00 | Delivery:  58.2% | Budget Used:  0.00/4000.0
Ep  329 | Phase: PROTAGO | Ticks: 791 | Protag R: -13122.00 | Antag R: 13123.00 | Delivery:  51.6% | Budget Used:  0.00/4000.0
Ep  330 | Phase: PROTAGO | Ticks: 778 | Protag R: -6759.00 | Antag R: 6760.00 | Delivery:  62.5% | Budget Used:  0.00/4000.0
Ep  331 | Phase: PROTAGO | Ticks: 793 | Protag R: -4097.00 | Antag R: 4098.00 | Delivery:  73.8% | Budget Used:  0.00/4000.0
Ep  332 | Phase: PROTAGO | Ticks: 799 | Protag R: -8536.00 | Antag R: 8537.00 | Delivery:  62.0% | Budget Used:  0.00/4000.0
Ep  333 | Phase: PROTAGO | Ticks: 780 | Protag R: -9661.00 | Antag R: 9662.00 | Delivery:  57.4% | Budget Used:  0.00/4000.0
Ep  334 | Phase: PROTAGO | Ticks: 786 | Protag R: -2308.00 | Antag R: 2309.00 | Delivery:  72.5% | Budget Used:  0.00/4000.0
Ep  335 | Phase: PROTAGO | Ticks: 796 | Protag R: -8121.00 | Antag R: 8122.00 | Delivery:  70.5% | Budget Used:  0.00/4000.0
Ep  336 | Phase: PROTAGO | Ticks: 787 | Protag R: -12168.00 | Antag R: 12169.00 | Delivery:  50.8% | Budget Used:  0.00/4000.0
Ep  337 | Phase: PROTAGO | Ticks: 784 | Protag R: -11606.00 | Antag R: 11607.00 | Delivery:  54.2% | Budget Used:  0.00/4000.0
Ep  338 | Phase: PROTAGO | Ticks: 784 | Protag R: -9323.00 | Antag R: 9324.00 | Delivery:  49.2% | Budget Used:  0.00/4000.0
Ep  339 | Phase: PROTAGO | Ticks: 798 | Protag R: -9277.00 | Antag R: 9278.00 | Delivery:  63.3% | Budget Used:  0.00/4000.0
Ep  340 | Phase: PROTAGO | Ticks: 799 | Protag R: -6794.00 | Antag R: 6795.00 | Delivery:  68.1% | Budget Used:  0.00/4000.0
Ep  341 | Phase: PROTAGO | Ticks: 796 | Protag R: -4569.00 | Antag R: 4569.00 | Delivery:  67.4% | Budget Used:  0.00/4000.0
Ep  342 | Phase: PROTAGO | Ticks: 797 | Protag R: -1837.00 | Antag R: 1838.00 | Delivery:  90.9% | Budget Used:  0.00/4000.0
Ep  343 | Phase: PROTAGO | Ticks: 795 | Protag R: -5727.00 | Antag R: 5728.00 | Delivery:  69.6% | Budget Used:  0.00/4000.0
Ep  344 | Phase: PROTAGO | Ticks: 795 | Protag R: -3144.00 | Antag R: 3145.00 | Delivery:  85.7% | Budget Used:  0.00/4000.0
Ep  345 | Phase: PROTAGO | Ticks: 797 | Protag R: -10995.00 | Antag R: 10995.00 | Delivery:  57.7% | Budget Used:  0.00/4000.0
Ep  346 | Phase: PROTAGO | Ticks: 799 | Protag R: -8746.00 | Antag R: 8747.00 | Delivery:  62.7% | Budget Used:  0.00/4000.0
Ep  347 | Phase: PROTAGO | Ticks: 788 | Protag R: -12512.00 | Antag R: 12513.00 | Delivery:  56.1% | Budget Used:  0.00/4000.0
Ep  348 | Phase: PROTAGO | Ticks: 786 | Protag R: -6344.00 | Antag R: 6345.00 | Delivery:  69.8% | Budget Used:  0.00/4000.0
Ep  349 | Phase: PROTAGO | Ticks: 790 | Protag R: -7770.00 | Antag R: 7771.00 | Delivery:  61.5% | Budget Used:  0.00/4000.0
Ep  350 | Phase: PROTAGO | Ticks: 793 | Protag R: -4645.00 | Antag R: 4646.00 | Delivery:  86.5% | Budget Used:  0.00/4000.0
  [EVAL ep 350] greedy_atk=5366 learned_atk=5757 gap=+391 +/-282 (neg = learned beats greedy under attack)
Saving checkpoints for both agents before phase switch...
Ep  351 | Phase: PROTAGO | Ticks: 784 | Protag R: -8077.00 | Antag R: 8078.00 | Delivery:  60.8% | Budget Used:  0.00/4000.0
Ep  352 | Phase: PROTAGO | Ticks: 790 | Protag R: -4332.00 | Antag R: 4333.00 | Delivery:  77.5% | Budget Used:  0.00/4000.0
Ep  353 | Phase: PROTAGO | Ticks: 791 | Protag R: -10602.00 | Antag R: 10603.00 | Delivery:  61.1% | Budget Used:  0.00/4000.0
Ep  354 | Phase: PROTAGO | Ticks: 798 | Protag R: -11806.00 | Antag R: 11807.00 | Delivery:  56.1% | Budget Used:  0.00/4000.0
Ep  355 | Phase: PROTAGO | Ticks: 790 | Protag R: -8656.00 | Antag R: 8656.00 | Delivery:  60.8% | Budget Used:  0.00/4000.0
Ep  356 | Phase: PROTAGO | Ticks: 797 | Protag R: -9536.00 | Antag R: 9537.00 | Delivery:  60.4% | Budget Used:  0.00/4000.0
Ep  357 | Phase: PROTAGO | Ticks: 784 | Protag R: -8067.00 | Antag R: 8068.00 | Delivery:  62.7% | Budget Used:  0.00/4000.0
Ep  358 | Phase: PROTAGO | Ticks: 798 | Protag R: -19814.00 | Antag R: 19814.00 | Delivery:  41.1% | Budget Used:  0.00/4000.0
Ep  359 | Phase: PROTAGO | Ticks: 785 | Protag R: -12085.00 | Antag R: 12086.00 | Delivery:  57.4% | Budget Used:  0.00/4000.0
Ep  360 | Phase: PROTAGO | Ticks: 795 | Protag R: -7615.00 | Antag R: 7615.00 | Delivery:  60.4% | Budget Used:  0.00/4000.0
Ep  361 | Phase: PROTAGO | Ticks: 792 | Protag R: -3929.00 | Antag R: 3930.00 | Delivery:  76.9% | Budget Used:  0.00/4000.0
Ep  362 | Phase: PROTAGO | Ticks: 789 | Protag R: -3035.00 | Antag R: 3036.00 | Delivery:  82.1% | Budget Used:  0.00/4000.0
Ep  363 | Phase: PROTAGO | Ticks: 783 | Protag R: -3047.00 | Antag R: 3047.00 | Delivery:  84.2% | Budget Used:  0.00/4000.0
Ep  364 | Phase: PROTAGO | Ticks: 785 | Protag R: -3809.00 | Antag R: 3809.00 | Delivery:  68.3% | Budget Used:  0.00/4000.0
Ep  365 | Phase: PROTAGO | Ticks: 785 | Protag R: -10970.00 | Antag R: 10971.00 | Delivery:  54.7% | Budget Used:  0.00/4000.0
Ep  366 | Phase: PROTAGO | Ticks: 794 | Protag R: -6182.00 | Antag R: 6182.00 | Delivery:  65.2% | Budget Used:  0.00/4000.0
Ep  367 | Phase: PROTAGO | Ticks: 793 | Protag R: -10857.00 | Antag R: 10858.00 | Delivery:  56.1% | Budget Used:  0.00/4000.0
Ep  368 | Phase: PROTAGO | Ticks: 797 | Protag R: -3658.00 | Antag R: 3659.00 | Delivery:  78.0% | Budget Used:  0.00/4000.0
Ep  369 | Phase: PROTAGO | Ticks: 792 | Protag R: -3647.00 | Antag R: 3647.00 | Delivery:  79.5% | Budget Used:  0.00/4000.0
Ep  370 | Phase: PROTAGO | Ticks: 796 | Protag R: -2386.00 | Antag R: 2387.00 | Delivery:  86.8% | Budget Used:  0.00/4000.0
Ep  371 | Phase: PROTAGO | Ticks: 780 | Protag R: -7465.00 | Antag R: 7466.00 | Delivery:  63.8% | Budget Used:  0.00/4000.0
Ep  372 | Phase: PROTAGO | Ticks: 792 | Protag R: -4618.00 | Antag R: 4619.00 | Delivery:  72.7% | Budget Used:  0.00/4000.0
Ep  373 | Phase: PROTAGO | Ticks: 791 | Protag R: -4692.00 | Antag R: 4693.00 | Delivery:  66.0% | Budget Used:  0.00/4000.0
Ep  374 | Phase: PROTAGO | Ticks: 796 | Protag R: -7126.00 | Antag R: 7127.00 | Delivery:  72.7% | Budget Used:  0.00/4000.0
Ep  375 | Phase: PROTAGO | Ticks: 780 | Protag R: -5729.00 | Antag R: 5730.00 | Delivery:  72.1% | Budget Used:  0.00/4000.0
Ep  376 | Phase: PROTAGO | Ticks: 785 | Protag R: -5982.00 | Antag R: 5983.00 | Delivery:  68.2% | Budget Used:  0.00/4000.0
Ep  377 | Phase: PROTAGO | Ticks: 784 | Protag R: -11309.00 | Antag R: 11309.00 | Delivery:  57.4% | Budget Used:  0.00/4000.0
Ep  378 | Phase: PROTAGO | Ticks: 793 | Protag R: -6440.00 | Antag R: 6441.00 | Delivery:  71.1% | Budget Used:  0.00/4000.0
Ep  379 | Phase: PROTAGO | Ticks: 779 | Protag R: -8083.00 | Antag R: 8084.00 | Delivery:  66.7% | Budget Used:  0.00/4000.0
Ep  380 | Phase: PROTAGO | Ticks: 794 | Protag R: -9971.00 | Antag R: 9972.00 | Delivery:  57.1% | Budget Used:  0.00/4000.0
Ep  381 | Phase: PROTAGO | Ticks: 797 | Protag R: -6371.00 | Antag R: 6372.00 | Delivery:  66.0% | Budget Used:  0.00/4000.0
Ep  382 | Phase: PROTAGO | Ticks: 786 | Protag R: -5302.00 | Antag R: 5302.00 | Delivery:  72.5% | Budget Used:  0.00/4000.0
Ep  383 | Phase: PROTAGO | Ticks: 791 | Protag R: -4386.00 | Antag R: 4387.00 | Delivery:  80.0% | Budget Used:  0.00/4000.0
Ep  384 | Phase: PROTAGO | Ticks: 789 | Protag R: -12694.00 | Antag R: 12694.00 | Delivery:  58.5% | Budget Used:  0.00/4000.0
Ep  385 | Phase: PROTAGO | Ticks: 792 | Protag R: -3214.00 | Antag R: 3215.00 | Delivery:  77.8% | Budget Used:  0.00/4000.0
Ep  386 | Phase: PROTAGO | Ticks: 793 | Protag R: -5811.00 | Antag R: 5812.00 | Delivery:  67.4% | Budget Used:  0.00/4000.0
Ep  387 | Phase: PROTAGO | Ticks: 795 | Protag R: -7510.00 | Antag R: 7511.00 | Delivery:  59.6% | Budget Used:  0.00/4000.0
Ep  388 | Phase: PROTAGO | Ticks: 781 | Protag R: -7465.00 | Antag R: 7465.00 | Delivery:  52.6% | Budget Used:  0.00/4000.0
Ep  389 | Phase: PROTAGO | Ticks: 795 | Protag R: -10363.00 | Antag R: 10363.00 | Delivery:  48.4% | Budget Used:  0.00/4000.0
Ep  390 | Phase: PROTAGO | Ticks: 799 | Protag R: -5706.00 | Antag R: 5706.00 | Delivery:  70.5% | Budget Used:  0.00/4000.0
Ep  391 | Phase: PROTAGO | Ticks: 787 | Protag R: -4265.00 | Antag R: 4265.00 | Delivery:  68.9% | Budget Used:  0.00/4000.0
Ep  392 | Phase: PROTAGO | Ticks: 789 | Protag R: -2080.00 | Antag R: 2081.00 | Delivery:  73.0% | Budget Used:  0.00/4000.0
Ep  393 | Phase: PROTAGO | Ticks: 799 | Protag R: -8734.00 | Antag R: 8735.00 | Delivery:  60.8% | Budget Used:  0.00/4000.0
Ep  394 | Phase: PROTAGO | Ticks: 798 | Protag R: -1613.00 | Antag R: 1614.00 | Delivery:  75.0% | Budget Used:  0.00/4000.0
Ep  395 | Phase: PROTAGO | Ticks: 796 | Protag R: -9765.00 | Antag R: 9766.00 | Delivery:  55.2% | Budget Used:  0.00/4000.0
Ep  396 | Phase: PROTAGO | Ticks: 782 | Protag R: -7330.00 | Antag R: 7330.00 | Delivery:  59.6% | Budget Used:  0.00/4000.0
Ep  397 | Phase: PROTAGO | Ticks: 797 | Protag R: -8978.00 | Antag R: 8979.00 | Delivery:  52.8% | Budget Used:  0.00/4000.0
Ep  398 | Phase: PROTAGO | Ticks: 798 | Protag R: -10120.00 | Antag R: 10121.00 | Delivery:  61.5% | Budget Used:  0.00/4000.0
Ep  399 | Phase: PROTAGO | Ticks: 795 | Protag R: -3394.00 | Antag R: 3394.00 | Delivery:  81.1% | Budget Used:  0.00/4000.0
Ep  400 | Phase: PROTAGO | Ticks: 794 | Protag R: -5502.00 | Antag R: 5503.00 | Delivery:  71.1% | Budget Used:  0.00/4000.0
  [EVAL ep 400] greedy_atk=5366 learned_atk=5765 gap=+399 +/-311 (neg = learned beats greedy under attack)
Saving checkpoints for both agents before phase switch...
Ep  401 | Phase: PROTAGO | Ticks: 798 | Protag R: -5905.00 | Antag R: 5906.00 | Delivery:  68.9% | Budget Used:  0.00/4000.0
Ep  402 | Phase: PROTAGO | Ticks: 794 | Protag R: -7915.00 | Antag R: 7916.00 | Delivery:  67.4% | Budget Used:  0.00/4000.0
Ep  403 | Phase: PROTAGO | Ticks: 792 | Protag R: -4725.00 | Antag R: 4726.00 | Delivery:  77.5% | Budget Used:  0.00/4000.0
Ep  404 | Phase: PROTAGO | Ticks: 789 | Protag R: -9131.00 | Antag R: 9133.00 | Delivery:  60.4% | Budget Used:  0.00/4000.0
Ep  405 | Phase: PROTAGO | Ticks: 788 | Protag R: -13090.00 | Antag R: 13091.00 | Delivery:  47.1% | Budget Used:  0.00/4000.0
Ep  406 | Phase: PROTAGO | Ticks: 777 | Protag R: -8127.00 | Antag R: 8128.00 | Delivery:  57.4% | Budget Used:  0.00/4000.0
Ep  407 | Phase: PROTAGO | Ticks: 783 | Protag R: -4751.00 | Antag R: 4752.00 | Delivery:  72.1% | Budget Used:  0.00/4000.0
Ep  408 | Phase: PROTAGO | Ticks: 794 | Protag R: -12428.00 | Antag R: 12428.00 | Delivery:  50.8% | Budget Used:  0.00/4000.0
Ep  409 | Phase: PROTAGO | Ticks: 783 | Protag R: -6906.00 | Antag R: 6907.00 | Delivery:  61.2% | Budget Used:  0.00/4000.0
Ep  410 | Phase: PROTAGO | Ticks: 783 | Protag R: -8752.00 | Antag R: 8753.00 | Delivery:  60.4% | Budget Used:  0.00/4000.0
Ep  411 | Phase: PROTAGO | Ticks: 791 | Protag R: -6021.00 | Antag R: 6021.00 | Delivery:  68.2% | Budget Used:  0.00/4000.0
Ep  412 | Phase: PROTAGO | Ticks: 799 | Protag R: -6563.00 | Antag R: 6565.00 | Delivery:  60.8% | Budget Used:  0.00/4000.0
Ep  413 | Phase: PROTAGO | Ticks: 783 | Protag R: -2302.00 | Antag R: 2302.00 | Delivery:  88.2% | Budget Used:  0.00/4000.0
Ep  414 | Phase: PROTAGO | Ticks: 781 | Protag R: -7779.00 | Antag R: 7780.00 | Delivery:  66.0% | Budget Used:  0.00/4000.0
Ep  415 | Phase: PROTAGO | Ticks: 797 | Protag R: -7197.00 | Antag R: 7198.00 | Delivery:  68.9% | Budget Used:  0.00/4000.0
Ep  416 | Phase: PROTAGO | Ticks: 799 | Protag R: -5265.00 | Antag R: 5266.00 | Delivery:  71.1% | Budget Used:  0.00/4000.0
Ep  417 | Phase: PROTAGO | Ticks: 779 | Protag R: -8385.00 | Antag R: 8385.00 | Delivery:  56.4% | Budget Used:  0.00/4000.0
Ep  418 | Phase: PROTAGO | Ticks: 794 | Protag R: -4840.00 | Antag R: 4841.00 | Delivery:  76.9% | Budget Used:  0.00/4000.0
Ep  419 | Phase: PROTAGO | Ticks: 790 | Protag R: -9325.00 | Antag R: 9326.00 | Delivery:  66.0% | Budget Used:  0.00/4000.0
Ep  420 | Phase: PROTAGO | Ticks: 793 | Protag R: -10162.00 | Antag R: 10163.00 | Delivery:  59.6% | Budget Used:  0.00/4000.0
Ep  421 | Phase: PROTAGO | Ticks: 798 | Protag R: -13015.00 | Antag R: 13017.00 | Delivery:  56.1% | Budget Used:  0.00/4000.0
Ep  422 | Phase: PROTAGO | Ticks: 789 | Protag R: -9668.00 | Antag R: 9669.00 | Delivery:  57.1% | Budget Used:  0.00/4000.0
Ep  423 | Phase: PROTAGO | Ticks: 785 | Protag R: -12845.00 | Antag R: 12846.00 | Delivery:  57.4% | Budget Used:  0.00/4000.0
Ep  424 | Phase: PROTAGO | Ticks: 798 | Protag R: -4524.00 | Antag R: 4525.00 | Delivery:  74.4% | Budget Used:  0.00/4000.0
Ep  425 | Phase: PROTAGO | Ticks: 792 | Protag R: -5639.00 | Antag R: 5640.00 | Delivery:  69.6% | Budget Used:  0.00/4000.0
Ep  426 | Phase: PROTAGO | Ticks: 791 | Protag R: -3609.00 | Antag R: 3610.00 | Delivery:  73.2% | Budget Used:  0.00/4000.0
Ep  427 | Phase: PROTAGO | Ticks: 786 | Protag R: -8094.00 | Antag R: 8094.00 | Delivery:  53.6% | Budget Used:  0.00/4000.0
Ep  428 | Phase: PROTAGO | Ticks: 791 | Protag R: -11080.00 | Antag R: 11080.00 | Delivery:  58.5% | Budget Used:  0.00/4000.0
Ep  429 | Phase: PROTAGO | Ticks: 793 | Protag R: -7497.00 | Antag R: 7498.00 | Delivery:  64.0% | Budget Used:  0.00/4000.0
Ep  430 | Phase: PROTAGO | Ticks: 799 | Protag R: -8688.00 | Antag R: 8689.00 | Delivery:  61.1% | Budget Used:  0.00/4000.0
Ep  431 | Phase: PROTAGO | Ticks: 788 | Protag R: -7549.00 | Antag R: 7549.00 | Delivery:  56.6% | Budget Used:  0.00/4000.0
Ep  432 | Phase: PROTAGO | Ticks: 799 | Protag R: -3858.00 | Antag R: 3859.00 | Delivery:  84.2% | Budget Used:  0.00/4000.0
Ep  433 | Phase: PROTAGO | Ticks: 793 | Protag R: -7103.00 | Antag R: 7104.00 | Delivery:  68.1% | Budget Used:  0.00/4000.0
Ep  434 | Phase: PROTAGO | Ticks: 782 | Protag R: -9893.00 | Antag R: 9894.00 | Delivery:  60.4% | Budget Used:  0.00/4000.0
Ep  435 | Phase: PROTAGO | Ticks: 793 | Protag R: -10313.00 | Antag R: 10314.00 | Delivery:  60.4% | Budget Used:  0.00/4000.0
Ep  436 | Phase: PROTAGO | Ticks: 790 | Protag R: -9630.00 | Antag R: 9631.00 | Delivery:  58.8% | Budget Used:  0.00/4000.0
Ep  437 | Phase: PROTAGO | Ticks: 785 | Protag R: -5851.00 | Antag R: 5852.00 | Delivery:  73.8% | Budget Used:  0.00/4000.0
Ep  438 | Phase: PROTAGO | Ticks: 789 | Protag R: -7307.00 | Antag R: 7308.00 | Delivery:  68.1% | Budget Used:  0.00/4000.0
Ep  439 | Phase: PROTAGO | Ticks: 793 | Protag R: -7476.00 | Antag R: 7477.00 | Delivery:  64.6% | Budget Used:  0.00/4000.0
Ep  440 | Phase: PROTAGO | Ticks: 790 | Protag R: -4358.00 | Antag R: 4359.00 | Delivery:  80.0% | Budget Used:  0.00/4000.0
Ep  441 | Phase: PROTAGO | Ticks: 799 | Protag R: -5463.00 | Antag R: 5464.00 | Delivery:  71.1% | Budget Used:  0.00/4000.0
Ep  442 | Phase: PROTAGO | Ticks: 795 | Protag R: -2994.00 | Antag R: 2995.00 | Delivery:  84.2% | Budget Used:  0.00/4000.0
Ep  443 | Phase: PROTAGO | Ticks: 796 | Protag R: -5614.00 | Antag R: 5615.00 | Delivery:  74.4% | Budget Used:  0.00/4000.0
Ep  444 | Phase: PROTAGO | Ticks: 784 | Protag R: -3483.00 | Antag R: 3483.00 | Delivery:  69.2% | Budget Used:  0.00/4000.0
Ep  445 | Phase: PROTAGO | Ticks: 793 | Protag R: -6151.00 | Antag R: 6152.00 | Delivery:  72.7% | Budget Used:  0.00/4000.0
Ep  446 | Phase: PROTAGO | Ticks: 793 | Protag R: -5724.00 | Antag R: 5724.00 | Delivery:  63.8% | Budget Used:  0.00/4000.0
Ep  447 | Phase: PROTAGO | Ticks: 794 | Protag R: -2846.00 | Antag R: 2847.00 | Delivery:  80.0% | Budget Used:  0.00/4000.0
Ep  448 | Phase: PROTAGO | Ticks: 784 | Protag R: -5187.00 | Antag R: 5188.00 | Delivery:  75.6% | Budget Used:  0.00/4000.0
Ep  449 | Phase: PROTAGO | Ticks: 794 | Protag R: -11268.00 | Antag R: 11269.00 | Delivery:  57.4% | Budget Used:  0.00/4000.0
Ep  450 | Phase: PROTAGO | Ticks: 791 | Protag R: -6096.00 | Antag R: 6097.00 | Delivery:  72.1% | Budget Used:  0.00/4000.0
  [EVAL ep 450] greedy_atk=5366 learned_atk=5748 gap=+383 +/-177 (neg = learned beats greedy under attack)
Saving checkpoints for both agents before phase switch...
Ep  451 | Phase: PROTAGO | Ticks: 798 | Protag R: -7577.00 | Antag R: 7578.00 | Delivery:  69.6% | Budget Used:  0.00/4000.0
Ep  452 | Phase: PROTAGO | Ticks: 791 | Protag R: -11074.00 | Antag R: 11075.00 | Delivery:  54.2% | Budget Used:  0.00/4000.0
Ep  453 | Phase: PROTAGO | Ticks: 795 | Protag R: -6679.00 | Antag R: 6679.00 | Delivery:  60.4% | Budget Used:  0.00/4000.0
Ep  454 | Phase: PROTAGO | Ticks: 791 | Protag R: -6242.00 | Antag R: 6243.00 | Delivery:  68.9% | Budget Used:  0.00/4000.0
Ep  455 | Phase: PROTAGO | Ticks: 793 | Protag R: -5737.00 | Antag R: 5737.00 | Delivery:  76.9% | Budget Used:  0.00/4000.0
Ep  456 | Phase: PROTAGO | Ticks: 781 | Protag R: -9229.00 | Antag R: 9230.00 | Delivery:  56.4% | Budget Used:  0.00/4000.0
Ep  457 | Phase: PROTAGO | Ticks: 791 | Protag R: -9818.00 | Antag R: 9818.00 | Delivery:  57.1% | Budget Used:  0.00/4000.0
Ep  458 | Phase: PROTAGO | Ticks: 787 | Protag R: -12984.00 | Antag R: 12985.00 | Delivery:  54.2% | Budget Used:  0.00/4000.0
Ep  459 | Phase: PROTAGO | Ticks: 797 | Protag R: -6117.00 | Antag R: 6118.00 | Delivery:  66.0% | Budget Used:  0.00/4000.0
Ep  460 | Phase: PROTAGO | Ticks: 787 | Protag R: -7601.00 | Antag R: 7602.00 | Delivery:  60.0% | Budget Used:  0.00/4000.0
Ep  461 | Phase: PROTAGO | Ticks: 793 | Protag R: -4987.00 | Antag R: 4989.00 | Delivery:  74.4% | Budget Used:  0.00/4000.0
Ep  462 | Phase: PROTAGO | Ticks: 799 | Protag R: -4151.00 | Antag R: 4152.00 | Delivery:  74.4% | Budget Used:  0.00/4000.0
Ep  463 | Phase: PROTAGO | Ticks: 782 | Protag R: -5730.00 | Antag R: 5731.00 | Delivery:  66.7% | Budget Used:  0.00/4000.0
Ep  464 | Phase: PROTAGO | Ticks: 794 | Protag R: -6479.00 | Antag R: 6480.00 | Delivery:  71.1% | Budget Used:  0.00/4000.0
Ep  465 | Phase: PROTAGO | Ticks: 785 | Protag R: -6366.00 | Antag R: 6366.00 | Delivery:  62.5% | Budget Used:  0.00/4000.0
Ep  466 | Phase: PROTAGO | Ticks: 793 | Protag R: -2647.00 | Antag R: 2648.00 | Delivery:  75.0% | Budget Used:  0.00/4000.0
Ep  467 | Phase: PROTAGO | Ticks: 798 | Protag R: -5169.00 | Antag R: 5170.00 | Delivery:  74.4% | Budget Used:  0.00/4000.0
Ep  468 | Phase: PROTAGO | Ticks: 790 | Protag R: -9380.00 | Antag R: 9381.00 | Delivery:  59.6% | Budget Used:  0.00/4000.0
Ep  469 | Phase: PROTAGO | Ticks: 797 | Protag R: -8613.00 | Antag R: 8614.00 | Delivery:  60.4% | Budget Used:  0.00/4000.0
Ep  470 | Phase: PROTAGO | Ticks: 799 | Protag R: -7235.00 | Antag R: 7235.00 | Delivery:  74.4% | Budget Used:  0.00/4000.0
Ep  471 | Phase: PROTAGO | Ticks: 791 | Protag R: -4813.00 | Antag R: 4814.00 | Delivery:  71.1% | Budget Used:  0.00/4000.0
Ep  472 | Phase: PROTAGO | Ticks: 796 | Protag R: -9450.00 | Antag R: 9451.00 | Delivery:  58.5% | Budget Used:  0.00/4000.0
Ep  473 | Phase: PROTAGO | Ticks: 796 | Protag R: -6627.00 | Antag R: 6628.00 | Delivery:  74.4% | Budget Used:  0.00/4000.0
Ep  474 | Phase: PROTAGO | Ticks: 784 | Protag R: -9107.00 | Antag R: 9108.00 | Delivery:  61.5% | Budget Used:  0.00/4000.0
Ep  475 | Phase: PROTAGO | Ticks: 796 | Protag R: -8094.00 | Antag R: 8095.00 | Delivery:  60.8% | Budget Used:  0.00/4000.0
Ep  476 | Phase: PROTAGO | Ticks: 782 | Protag R: -3161.00 | Antag R: 3161.00 | Delivery:  71.1% | Budget Used:  0.00/4000.0
Ep  477 | Phase: PROTAGO | Ticks: 792 | Protag R: -9048.00 | Antag R: 9049.00 | Delivery:  57.4% | Budget Used:  0.00/4000.0
Ep  478 | Phase: PROTAGO | Ticks: 783 | Protag R: -4157.00 | Antag R: 4158.00 | Delivery:  72.7% | Budget Used:  0.00/4000.0
Ep  479 | Phase: PROTAGO | Ticks: 793 | Protag R: -12130.00 | Antag R: 12131.00 | Delivery:  50.0% | Budget Used:  0.00/4000.0
Ep  480 | Phase: PROTAGO | Ticks: 792 | Protag R: -3414.00 | Antag R: 3415.00 | Delivery:  81.1% | Budget Used:  0.00/4000.0
Ep  481 | Phase: PROTAGO | Ticks: 795 | Protag R: -7696.00 | Antag R: 7697.00 | Delivery:  61.2% | Budget Used:  0.00/4000.0
Ep  482 | Phase: PROTAGO | Ticks: 784 | Protag R: -7878.00 | Antag R: 7879.00 | Delivery:  68.1% | Budget Used:  0.00/4000.0
Ep  483 | Phase: PROTAGO | Ticks: 780 | Protag R: -7707.00 | Antag R: 7709.00 | Delivery:  69.6% | Budget Used:  0.00/4000.0
Ep  484 | Phase: PROTAGO | Ticks: 794 | Protag R: -6718.00 | Antag R: 6719.00 | Delivery:  69.6% | Budget Used:  0.00/4000.0
Ep  485 | Phase: PROTAGO | Ticks: 792 | Protag R: -5474.00 | Antag R: 5475.00 | Delivery:  72.1% | Budget Used:  0.00/4000.0
Ep  486 | Phase: PROTAGO | Ticks: 798 | Protag R: -8620.00 | Antag R: 8621.00 | Delivery:  63.5% | Budget Used:  0.00/4000.0
Ep  487 | Phase: PROTAGO | Ticks: 790 | Protag R: -8105.00 | Antag R: 8106.00 | Delivery:  57.1% | Budget Used:  0.00/4000.0
Ep  488 | Phase: PROTAGO | Ticks: 795 | Protag R: -9999.00 | Antag R: 10000.00 | Delivery:  57.4% | Budget Used:  0.00/4000.0
Ep  489 | Phase: PROTAGO | Ticks: 789 | Protag R: -9904.00 | Antag R: 9905.00 | Delivery:  61.7% | Budget Used:  0.00/4000.0
Ep  490 | Phase: PROTAGO | Ticks: 792 | Protag R: -8060.00 | Antag R: 8060.00 | Delivery:  63.8% | Budget Used:  0.00/4000.0
Ep  491 | Phase: PROTAGO | Ticks: 796 | Protag R: -5109.00 | Antag R: 5110.00 | Delivery:  69.6% | Budget Used:  0.00/4000.0
Ep  492 | Phase: PROTAGO | Ticks: 794 | Protag R: -8584.00 | Antag R: 8584.00 | Delivery:  65.2% | Budget Used:  0.00/4000.0
Ep  493 | Phase: PROTAGO | Ticks: 787 | Protag R: -7154.00 | Antag R: 7155.00 | Delivery:  65.1% | Budget Used:  0.00/4000.0
Ep  494 | Phase: PROTAGO | Ticks: 782 | Protag R: -4822.00 | Antag R: 4822.00 | Delivery:  62.5% | Budget Used:  0.00/4000.0
Ep  495 | Phase: PROTAGO | Ticks: 796 | Protag R: -4303.00 | Antag R: 4303.00 | Delivery:  70.0% | Budget Used:  0.00/4000.0
Ep  496 | Phase: PROTAGO | Ticks: 780 | Protag R: -7445.00 | Antag R: 7445.00 | Delivery:  54.5% | Budget Used:  0.00/4000.0
Ep  497 | Phase: PROTAGO | Ticks: 788 | Protag R: -4623.00 | Antag R: 4624.00 | Delivery:  68.2% | Budget Used:  0.00/4000.0
Ep  498 | Phase: PROTAGO | Ticks: 798 | Protag R: -7920.00 | Antag R: 7921.00 | Delivery:  60.4% | Budget Used:  0.00/4000.0
Ep  499 | Phase: PROTAGO | Ticks: 794 | Protag R: -7096.00 | Antag R: 7096.00 | Delivery:  75.6% | Budget Used:  0.00/4000.0
Ep  500 | Phase: PROTAGO | Ticks: 792 | Protag R: -10772.00 | Antag R: 10774.00 | Delivery:  51.7% | Budget Used:  0.00/4000.0
  [EVAL ep 500] greedy_atk=5366 learned_atk=5707 gap=+342 +/-233 (neg = learned beats greedy under attack)
Saving checkpoints for both agents before phase switch...
Ep  501 | Phase: PROTAGO | Ticks: 799 | Protag R: -8231.00 | Antag R: 8232.00 | Delivery:  58.2% | Budget Used:  0.00/4000.0
Ep  502 | Phase: PROTAGO | Ticks: 794 | Protag R: -6272.00 | Antag R: 6273.00 | Delivery:  73.2% | Budget Used:  0.00/4000.0
Ep  503 | Phase: PROTAGO | Ticks: 776 | Protag R: -8736.00 | Antag R: 8737.00 | Delivery:  65.3% | Budget Used:  0.00/4000.0
Ep  504 | Phase: PROTAGO | Ticks: 779 | Protag R: -7418.00 | Antag R: 7419.00 | Delivery:  64.6% | Budget Used:  0.00/4000.0
Ep  505 | Phase: PROTAGO | Ticks: 787 | Protag R: -9953.00 | Antag R: 9954.00 | Delivery:  61.5% | Budget Used:  0.00/4000.0
Ep  506 | Phase: PROTAGO | Ticks: 798 | Protag R: -11362.00 | Antag R: 11362.00 | Delivery:  59.6% | Budget Used:  0.00/4000.0
Ep  507 | Phase: PROTAGO | Ticks: 794 | Protag R: -10843.00 | Antag R: 10844.00 | Delivery:  61.5% | Budget Used:  0.00/4000.0
Ep  508 | Phase: PROTAGO | Ticks: 791 | Protag R: -9567.00 | Antag R: 9568.00 | Delivery:  64.0% | Budget Used:  0.00/4000.0
Ep  509 | Phase: PROTAGO | Ticks: 788 | Protag R: -9886.00 | Antag R: 9887.00 | Delivery:  59.3% | Budget Used:  0.00/4000.0
Ep  510 | Phase: PROTAGO | Ticks: 777 | Protag R: -4797.00 | Antag R: 4798.00 | Delivery:  72.1% | Budget Used:  0.00/4000.0
Ep  511 | Phase: PROTAGO | Ticks: 796 | Protag R: -9376.00 | Antag R: 9377.00 | Delivery:  60.4% | Budget Used:  0.00/4000.0
Ep  512 | Phase: PROTAGO | Ticks: 790 | Protag R: -10037.00 | Antag R: 10037.00 | Delivery:  64.6% | Budget Used:  0.00/4000.0
Ep  513 | Phase: PROTAGO | Ticks: 790 | Protag R: -6206.00 | Antag R: 6206.00 | Delivery:  74.4% | Budget Used:  0.00/4000.0
Ep  514 | Phase: PROTAGO | Ticks: 795 | Protag R: -9053.00 | Antag R: 9054.00 | Delivery:  60.4% | Budget Used:  0.00/4000.0
Ep  515 | Phase: PROTAGO | Ticks: 799 | Protag R: -10045.00 | Antag R: 10046.00 | Delivery:  60.4% | Budget Used:  0.00/4000.0
Ep  516 | Phase: PROTAGO | Ticks: 785 | Protag R: -9584.00 | Antag R: 9585.00 | Delivery:  53.7% | Budget Used:  0.00/4000.0
Ep  517 | Phase: PROTAGO | Ticks: 799 | Protag R: -5188.00 | Antag R: 5189.00 | Delivery:  76.7% | Budget Used:  0.00/4000.0
Ep  518 | Phase: PROTAGO | Ticks: 784 | Protag R: -6374.00 | Antag R: 6375.00 | Delivery:  68.9% | Budget Used:  0.00/4000.0
Ep  519 | Phase: PROTAGO | Ticks: 791 | Protag R: -7082.00 | Antag R: 7083.00 | Delivery:  69.6% | Budget Used:  0.00/4000.0
Ep  520 | Phase: PROTAGO | Ticks: 792 | Protag R: -5085.00 | Antag R: 5086.00 | Delivery:  64.6% | Budget Used:  0.00/4000.0
Ep  521 | Phase: PROTAGO | Ticks: 788 | Protag R: -2900.00 | Antag R: 2901.00 | Delivery:  80.0% | Budget Used:  0.00/4000.0
Ep  522 | Phase: PROTAGO | Ticks: 798 | Protag R: -5315.00 | Antag R: 5316.00 | Delivery:  69.6% | Budget Used:  0.00/4000.0
Ep  523 | Phase: PROTAGO | Ticks: 792 | Protag R: -10546.00 | Antag R: 10547.00 | Delivery:  63.3% | Budget Used:  0.00/4000.0
Ep  524 | Phase: PROTAGO | Ticks: 789 | Protag R: -2715.00 | Antag R: 2715.00 | Delivery:  81.1% | Budget Used:  0.00/4000.0
Ep  525 | Phase: PROTAGO | Ticks: 795 | Protag R: -5614.00 | Antag R: 5615.00 | Delivery:  63.8% | Budget Used:  0.00/4000.0
Ep  526 | Phase: PROTAGO | Ticks: 787 | Protag R: -4298.00 | Antag R: 4299.00 | Delivery:  65.3% | Budget Used:  0.00/4000.0
Ep  527 | Phase: PROTAGO | Ticks: 799 | Protag R: -5375.00 | Antag R: 5376.00 | Delivery:  76.2% | Budget Used:  0.00/4000.0
Ep  528 | Phase: PROTAGO | Ticks: 792 | Protag R: -10573.00 | Antag R: 10574.00 | Delivery:  62.7% | Budget Used:  0.00/4000.0
Ep  529 | Phase: PROTAGO | Ticks: 792 | Protag R: -6008.00 | Antag R: 6008.00 | Delivery:  66.7% | Budget Used:  0.00/4000.0
Ep  530 | Phase: PROTAGO | Ticks: 785 | Protag R: -8874.00 | Antag R: 8874.00 | Delivery:  54.7% | Budget Used:  0.00/4000.0
Ep  531 | Phase: PROTAGO | Ticks: 787 | Protag R: -7150.00 | Antag R: 7151.00 | Delivery:  72.7% | Budget Used:  0.00/4000.0
Ep  532 | Phase: PROTAGO | Ticks: 784 | Protag R: -4737.00 | Antag R: 4737.00 | Delivery:  68.2% | Budget Used:  0.00/4000.0
Ep  533 | Phase: PROTAGO | Ticks: 792 | Protag R: -8154.00 | Antag R: 8155.00 | Delivery:  56.1% | Budget Used:  0.00/4000.0
Ep  534 | Phase: PROTAGO | Ticks: 796 | Protag R: -9468.00 | Antag R: 9469.00 | Delivery:  56.9% | Budget Used:  0.00/4000.0
Ep  535 | Phase: PROTAGO | Ticks: 787 | Protag R: -4530.00 | Antag R: 4531.00 | Delivery:  68.9% | Budget Used:  0.00/4000.0
Ep  536 | Phase: PROTAGO | Ticks: 798 | Protag R: -5395.00 | Antag R: 5396.00 | Delivery:  73.8% | Budget Used:  0.00/4000.0
Ep  537 | Phase: PROTAGO | Ticks: 793 | Protag R: -4794.00 | Antag R: 4795.00 | Delivery:  71.1% | Budget Used:  0.00/4000.0
Ep  538 | Phase: PROTAGO | Ticks: 791 | Protag R: -12247.00 | Antag R: 12248.00 | Delivery:  54.4% | Budget Used:  0.00/4000.0
Ep  539 | Phase: PROTAGO | Ticks: 783 | Protag R: -9428.00 | Antag R: 9429.00 | Delivery:  67.4% | Budget Used:  0.00/4000.0
Ep  540 | Phase: PROTAGO | Ticks: 792 | Protag R: -8550.00 | Antag R: 8551.00 | Delivery:  66.0% | Budget Used:  0.00/4000.0
Ep  541 | Phase: PROTAGO | Ticks: 780 | Protag R: -4367.00 | Antag R: 4368.00 | Delivery:  73.8% | Budget Used:  0.00/4000.0
Ep  542 | Phase: PROTAGO | Ticks: 785 | Protag R: -6010.00 | Antag R: 6011.00 | Delivery:  70.5% | Budget Used:  0.00/4000.0
Ep  543 | Phase: PROTAGO | Ticks: 794 | Protag R: -4588.00 | Antag R: 4589.00 | Delivery:  81.6% | Budget Used:  0.00/4000.0
Ep  544 | Phase: PROTAGO | Ticks: 793 | Protag R: -4275.00 | Antag R: 4275.00 | Delivery:  80.6% | Budget Used:  0.00/4000.0
Ep  545 | Phase: PROTAGO | Ticks: 798 | Protag R: -3720.00 | Antag R: 3721.00 | Delivery:  79.5% | Budget Used:  0.00/4000.0
Ep  546 | Phase: PROTAGO | Ticks: 792 | Protag R: -4146.00 | Antag R: 4147.00 | Delivery:  69.8% | Budget Used:  0.00/4000.0
Ep  547 | Phase: PROTAGO | Ticks: 786 | Protag R: -13263.00 | Antag R: 13263.00 | Delivery:  53.4% | Budget Used:  0.00/4000.0
Ep  548 | Phase: PROTAGO | Ticks: 797 | Protag R: -6785.00 | Antag R: 6786.00 | Delivery:  60.8% | Budget Used:  0.00/4000.0
Ep  549 | Phase: PROTAGO | Ticks: 796 | Protag R: -7313.00 | Antag R: 7314.00 | Delivery:  66.0% | Budget Used:  0.00/4000.0
Ep  550 | Phase: PROTAGO | Ticks: 798 | Protag R: -8765.00 | Antag R: 8766.00 | Delivery:  68.1% | Budget Used:  0.00/4000.0
  [EVAL ep 550] greedy_atk=5366 learned_atk=5711 gap=+345 +/-233 (neg = learned beats greedy under attack)
Saving checkpoints for both agents before phase switch...
Ep  551 | Phase: PROTAGO | Ticks: 799 | Protag R: -9880.00 | Antag R: 9881.00 | Delivery:  56.1% | Budget Used:  0.00/4000.0
Ep  552 | Phase: PROTAGO | Ticks: 795 | Protag R: -5674.00 | Antag R: 5675.00 | Delivery:  70.2% | Budget Used:  0.00/4000.0
Ep  553 | Phase: PROTAGO | Ticks: 798 | Protag R: -9046.00 | Antag R: 9046.00 | Delivery:  60.8% | Budget Used:  0.00/4000.0
Ep  554 | Phase: PROTAGO | Ticks: 784 | Protag R: -7379.00 | Antag R: 7380.00 | Delivery:  66.7% | Budget Used:  0.00/4000.0
Ep  555 | Phase: PROTAGO | Ticks: 784 | Protag R: -13338.00 | Antag R: 13339.00 | Delivery:  50.8% | Budget Used:  0.00/4000.0
Ep  556 | Phase: PROTAGO | Ticks: 796 | Protag R: -2419.00 | Antag R: 2420.00 | Delivery:  83.8% | Budget Used:  0.00/4000.0
Ep  557 | Phase: PROTAGO | Ticks: 783 | Protag R: -12626.00 | Antag R: 12627.00 | Delivery:  51.7% | Budget Used:  0.00/4000.0
Ep  558 | Phase: PROTAGO | Ticks: 794 | Protag R: -4103.00 | Antag R: 4103.00 | Delivery:  66.7% | Budget Used:  0.00/4000.0
Ep  559 | Phase: PROTAGO | Ticks: 791 | Protag R: -1490.00 | Antag R: 1491.00 | Delivery:  93.8% | Budget Used:  0.00/4000.0
Ep  560 | Phase: PROTAGO | Ticks: 794 | Protag R: -5702.00 | Antag R: 5702.00 | Delivery:  72.5% | Budget Used:  0.00/4000.0
Ep  561 | Phase: PROTAGO | Ticks: 798 | Protag R: -7075.00 | Antag R: 7076.00 | Delivery:  71.1% | Budget Used:  0.00/4000.0
Ep  562 | Phase: PROTAGO | Ticks: 790 | Protag R: -12083.00 | Antag R: 12083.00 | Delivery:  55.4% | Budget Used:  0.00/4000.0
Ep  563 | Phase: PROTAGO | Ticks: 796 | Protag R: -5367.00 | Antag R: 5368.00 | Delivery:  64.4% | Budget Used:  0.00/4000.0
Ep  564 | Phase: PROTAGO | Ticks: 798 | Protag R: -6766.00 | Antag R: 6767.00 | Delivery:  61.2% | Budget Used:  0.00/4000.0
Ep  565 | Phase: PROTAGO | Ticks: 781 | Protag R: -7183.00 | Antag R: 7184.00 | Delivery:  66.7% | Budget Used:  0.00/4000.0
Ep  566 | Phase: PROTAGO | Ticks: 786 | Protag R: -5047.00 | Antag R: 5048.00 | Delivery:  69.8% | Budget Used:  0.00/4000.0
Ep  567 | Phase: PROTAGO | Ticks: 788 | Protag R: -9187.00 | Antag R: 9188.00 | Delivery:  61.5% | Budget Used:  0.00/4000.0
Ep  568 | Phase: PROTAGO | Ticks: 787 | Protag R: -8329.00 | Antag R: 8330.00 | Delivery:  53.3% | Budget Used:  0.00/4000.0
Ep  569 | Phase: PROTAGO | Ticks: 793 | Protag R: -11850.00 | Antag R: 11851.00 | Delivery:  51.7% | Budget Used:  0.00/4000.0
Ep  570 | Phase: PROTAGO | Ticks: 794 | Protag R: -6201.00 | Antag R: 6201.00 | Delivery:  60.0% | Budget Used:  0.00/4000.0
Ep  571 | Phase: PROTAGO | Ticks: 783 | Protag R: -4808.00 | Antag R: 4809.00 | Delivery:  82.1% | Budget Used:  0.00/4000.0
Ep  572 | Phase: PROTAGO | Ticks: 793 | Protag R: -5302.00 | Antag R: 5302.00 | Delivery:  77.5% | Budget Used:  0.00/4000.0
Ep  573 | Phase: PROTAGO | Ticks: 794 | Protag R: -4619.00 | Antag R: 4620.00 | Delivery:  72.7% | Budget Used:  0.00/4000.0
Ep  574 | Phase: PROTAGO | Ticks: 785 | Protag R: -7200.00 | Antag R: 7201.00 | Delivery:  68.9% | Budget Used:  0.00/4000.0
Ep  575 | Phase: PROTAGO | Ticks: 799 | Protag R: -6835.00 | Antag R: 6836.00 | Delivery:  68.1% | Budget Used:  0.00/4000.0
Ep  576 | Phase: PROTAGO | Ticks: 799 | Protag R: -9848.00 | Antag R: 9848.00 | Delivery:  60.8% | Budget Used:  0.00/4000.0
Ep  577 | Phase: PROTAGO | Ticks: 797 | Protag R: -3153.00 | Antag R: 3154.00 | Delivery:  71.4% | Budget Used:  0.00/4000.0
Ep  578 | Phase: PROTAGO | Ticks: 795 | Protag R: -6684.00 | Antag R: 6685.00 | Delivery:  62.7% | Budget Used:  0.00/4000.0
Ep  579 | Phase: PROTAGO | Ticks: 791 | Protag R: -7682.00 | Antag R: 7684.00 | Delivery:  62.0% | Budget Used:  0.00/4000.0
Ep  580 | Phase: PROTAGO | Ticks: 799 | Protag R: -5888.00 | Antag R: 5889.00 | Delivery:  75.6% | Budget Used:  0.00/4000.0
Ep  581 | Phase: PROTAGO | Ticks: 796 | Protag R: -5421.00 | Antag R: 5422.00 | Delivery:  69.6% | Budget Used:  0.00/4000.0
Ep  582 | Phase: PROTAGO | Ticks: 795 | Protag R: -14824.00 | Antag R: 14825.00 | Delivery:  50.8% | Budget Used:  0.00/4000.0
Ep  583 | Phase: PROTAGO | Ticks: 793 | Protag R: -9276.00 | Antag R: 9277.00 | Delivery:  56.4% | Budget Used:  0.00/4000.0
Ep  584 | Phase: PROTAGO | Ticks: 795 | Protag R: -3430.00 | Antag R: 3431.00 | Delivery:  66.7% | Budget Used:  0.00/4000.0
Ep  585 | Phase: PROTAGO | Ticks: 794 | Protag R: -4613.00 | Antag R: 4613.00 | Delivery:  75.6% | Budget Used:  0.00/4000.0
Ep  586 | Phase: PROTAGO | Ticks: 786 | Protag R: -8406.00 | Antag R: 8406.00 | Delivery:  55.6% | Budget Used:  0.00/4000.0
Ep  587 | Phase: PROTAGO | Ticks: 799 | Protag R: -5595.00 | Antag R: 5595.00 | Delivery:  72.5% | Budget Used:  0.00/4000.0
Ep  588 | Phase: PROTAGO | Ticks: 780 | Protag R: -9807.00 | Antag R: 9808.00 | Delivery:  63.3% | Budget Used:  0.00/4000.0
Ep  589 | Phase: PROTAGO | Ticks: 799 | Protag R: -4512.00 | Antag R: 4513.00 | Delivery:  71.1% | Budget Used:  0.00/4000.0
Ep  590 | Phase: PROTAGO | Ticks: 795 | Protag R: -6565.00 | Antag R: 6565.00 | Delivery:  67.4% | Budget Used:  0.00/4000.0
Ep  591 | Phase: PROTAGO | Ticks: 798 | Protag R: -6689.00 | Antag R: 6690.00 | Delivery:  71.1% | Budget Used:  0.00/4000.0
Ep  592 | Phase: PROTAGO | Ticks: 798 | Protag R: -8881.00 | Antag R: 8882.00 | Delivery:  56.4% | Budget Used:  0.00/4000.0
Ep  593 | Phase: PROTAGO | Ticks: 789 | Protag R: -9330.00 | Antag R: 9331.00 | Delivery:  56.4% | Budget Used:  0.00/4000.0
Ep  594 | Phase: PROTAGO | Ticks: 798 | Protag R: -9044.00 | Antag R: 9045.00 | Delivery:  58.5% | Budget Used:  0.00/4000.0
Ep  595 | Phase: PROTAGO | Ticks: 791 | Protag R: -3056.00 | Antag R: 3057.00 | Delivery:  71.4% | Budget Used:  0.00/4000.0
Ep  596 | Phase: PROTAGO | Ticks: 796 | Protag R: -8988.00 | Antag R: 8988.00 | Delivery:  61.5% | Budget Used:  0.00/4000.0
Ep  597 | Phase: PROTAGO | Ticks: 788 | Protag R: -4633.00 | Antag R: 4633.00 | Delivery:  72.1% | Budget Used:  0.00/4000.0
Ep  598 | Phase: PROTAGO | Ticks: 798 | Protag R: -6493.00 | Antag R: 6493.00 | Delivery:  60.0% | Budget Used:  0.00/4000.0
Ep  599 | Phase: PROTAGO | Ticks: 799 | Protag R: -11330.00 | Antag R: 11332.00 | Delivery:  61.5% | Budget Used:  0.00/4000.0
Ep  600 | Phase: PROTAGO | Ticks: 798 | Protag R: -6730.00 | Antag R: 6731.00 | Delivery:  71.1% | Budget Used:  0.00/4000.0
  [EVAL ep 600] greedy_atk=5366 learned_atk=5917 gap=+551 +/-272 (neg = learned beats greedy under attack)
Saving checkpoints for both agents before phase switch...
Ep  601 | Phase: PROTAGO | Ticks: 783 | Protag R: -12496.00 | Antag R: 12497.00 | Delivery:  52.5% | Budget Used:  0.00/4000.0
Ep  602 | Phase: PROTAGO | Ticks: 789 | Protag R: -10456.00 | Antag R: 10457.00 | Delivery:  58.8% | Budget Used:  0.00/4000.0
Ep  603 | Phase: PROTAGO | Ticks: 781 | Protag R: -2301.00 | Antag R: 2302.00 | Delivery:  81.1% | Budget Used:  0.00/4000.0
Ep  604 | Phase: PROTAGO | Ticks: 795 | Protag R: -6923.00 | Antag R: 6923.00 | Delivery:  63.8% | Budget Used:  0.00/4000.0
Ep  605 | Phase: PROTAGO | Ticks: 798 | Protag R: -2057.00 | Antag R: 2058.00 | Delivery:  86.5% | Budget Used:  0.00/4000.0
Ep  606 | Phase: PROTAGO | Ticks: 799 | Protag R: -6851.00 | Antag R: 6852.00 | Delivery:  73.3% | Budget Used:  0.00/4000.0
Ep  607 | Phase: PROTAGO | Ticks: 798 | Protag R: -8436.00 | Antag R: 8437.00 | Delivery:  63.8% | Budget Used:  0.00/4000.0
Ep  608 | Phase: PROTAGO | Ticks: 791 | Protag R: -5254.00 | Antag R: 5255.00 | Delivery:  80.0% | Budget Used:  0.00/4000.0
Ep  609 | Phase: PROTAGO | Ticks: 789 | Protag R: -9910.00 | Antag R: 9911.00 | Delivery:  64.0% | Budget Used:  0.00/4000.0
Ep  610 | Phase: PROTAGO | Ticks: 783 | Protag R: -4802.00 | Antag R: 4803.00 | Delivery:  68.1% | Budget Used:  0.00/4000.0
Ep  611 | Phase: PROTAGO | Ticks: 799 | Protag R: -7857.00 | Antag R: 7857.00 | Delivery:  59.6% | Budget Used:  0.00/4000.0
Ep  612 | Phase: PROTAGO | Ticks: 787 | Protag R: -8170.00 | Antag R: 8170.00 | Delivery:  60.8% | Budget Used:  0.00/4000.0
Ep  613 | Phase: PROTAGO | Ticks: 790 | Protag R: -5176.00 | Antag R: 5177.00 | Delivery:  78.0% | Budget Used:  0.00/4000.0
Ep  614 | Phase: PROTAGO | Ticks: 794 | Protag R: -3065.00 | Antag R: 3065.00 | Delivery:  78.9% | Budget Used:  0.00/4000.0
Ep  615 | Phase: PROTAGO | Ticks: 787 | Protag R: -13574.00 | Antag R: 13575.00 | Delivery:  46.8% | Budget Used:  0.00/4000.0
Ep  616 | Phase: PROTAGO | Ticks: 789 | Protag R: -6428.00 | Antag R: 6429.00 | Delivery:  71.1% | Budget Used:  0.00/4000.0
Ep  617 | Phase: PROTAGO | Ticks: 794 | Protag R: -2539.00 | Antag R: 2539.00 | Delivery:  82.1% | Budget Used:  0.00/4000.0
Ep  618 | Phase: PROTAGO | Ticks: 788 | Protag R: -7256.00 | Antag R: 7257.00 | Delivery:  62.7% | Budget Used:  0.00/4000.0
Ep  619 | Phase: PROTAGO | Ticks: 787 | Protag R: -11758.00 | Antag R: 11759.00 | Delivery:  57.1% | Budget Used:  0.00/4000.0
Ep  620 | Phase: PROTAGO | Ticks: 789 | Protag R: -7652.00 | Antag R: 7653.00 | Delivery:  62.7% | Budget Used:  0.00/4000.0
Ep  621 | Phase: PROTAGO | Ticks: 795 | Protag R: -10754.00 | Antag R: 10755.00 | Delivery:  60.8% | Budget Used:  0.00/4000.0
Ep  622 | Phase: PROTAGO | Ticks: 784 | Protag R: -7774.00 | Antag R: 7775.00 | Delivery:  59.3% | Budget Used:  0.00/4000.0
Ep  623 | Phase: PROTAGO | Ticks: 778 | Protag R: -4655.00 | Antag R: 4655.00 | Delivery:  66.7% | Budget Used:  0.00/4000.0
Ep  624 | Phase: PROTAGO | Ticks: 795 | Protag R: -9505.00 | Antag R: 9506.00 | Delivery:  51.7% | Budget Used:  0.00/4000.0
Ep  625 | Phase: PROTAGO | Ticks: 797 | Protag R: -6785.00 | Antag R: 6785.00 | Delivery:  75.6% | Budget Used:  0.00/4000.0
Ep  626 | Phase: PROTAGO | Ticks: 793 | Protag R: -8052.00 | Antag R: 8053.00 | Delivery:  66.7% | Budget Used:  0.00/4000.0
Ep  627 | Phase: PROTAGO | Ticks: 798 | Protag R: -4692.00 | Antag R: 4693.00 | Delivery:  72.7% | Budget Used:  0.00/4000.0
Ep  628 | Phase: PROTAGO | Ticks: 782 | Protag R: -8317.00 | Antag R: 8317.00 | Delivery:  61.2% | Budget Used:  0.00/4000.0
Ep  629 | Phase: PROTAGO | Ticks: 797 | Protag R: -6105.00 | Antag R: 6105.00 | Delivery:  65.2% | Budget Used:  0.00/4000.0
Ep  630 | Phase: PROTAGO | Ticks: 789 | Protag R: -8310.00 | Antag R: 8311.00 | Delivery:  60.8% | Budget Used:  0.00/4000.0
Ep  631 | Phase: PROTAGO | Ticks: 799 | Protag R: -8912.00 | Antag R: 8913.00 | Delivery:  65.3% | Budget Used:  0.00/4000.0
Ep  632 | Phase: PROTAGO | Ticks: 795 | Protag R: -8746.00 | Antag R: 8747.00 | Delivery:  59.2% | Budget Used:  0.00/4000.0
Ep  633 | Phase: PROTAGO | Ticks: 780 | Protag R: -12940.00 | Antag R: 12941.00 | Delivery:  51.7% | Budget Used:  0.00/4000.0
Ep  634 | Phase: PROTAGO | Ticks: 791 | Protag R: -5851.00 | Antag R: 5852.00 | Delivery:  72.7% | Budget Used:  0.00/4000.0
Ep  635 | Phase: PROTAGO | Ticks: 796 | Protag R: -10947.00 | Antag R: 10948.00 | Delivery:  57.1% | Budget Used:  0.00/4000.0
Ep  636 | Phase: PROTAGO | Ticks: 789 | Protag R: -13387.00 | Antag R: 13388.00 | Delivery:  55.0% | Budget Used:  0.00/4000.0
Ep  637 | Phase: PROTAGO | Ticks: 791 | Protag R: -7509.00 | Antag R: 7509.00 | Delivery:  68.2% | Budget Used:  0.00/4000.0
Ep  638 | Phase: PROTAGO | Ticks: 790 | Protag R: -7581.00 | Antag R: 7582.00 | Delivery:  56.4% | Budget Used:  0.00/4000.0
Ep  639 | Phase: PROTAGO | Ticks: 785 | Protag R: -4998.00 | Antag R: 4998.00 | Delivery:  69.8% | Budget Used:  0.00/4000.0
Ep  640 | Phase: PROTAGO | Ticks: 796 | Protag R: -6160.00 | Antag R: 6160.00 | Delivery:  66.7% | Budget Used:  0.00/4000.0
Ep  641 | Phase: PROTAGO | Ticks: 798 | Protag R: -9696.00 | Antag R: 9697.00 | Delivery:  67.4% | Budget Used:  0.00/4000.0
Ep  642 | Phase: PROTAGO | Ticks: 797 | Protag R: -5965.00 | Antag R: 5966.00 | Delivery:  74.4% | Budget Used:  0.00/4000.0
Ep  643 | Phase: PROTAGO | Ticks: 794 | Protag R: -7518.00 | Antag R: 7519.00 | Delivery:  66.0% | Budget Used:  0.00/4000.0
Ep  644 | Phase: PROTAGO | Ticks: 790 | Protag R: -8719.00 | Antag R: 8719.00 | Delivery:  60.0% | Budget Used:  0.00/4000.0
Ep  645 | Phase: PROTAGO | Ticks: 797 | Protag R: -7099.00 | Antag R: 7100.00 | Delivery:  61.5% | Budget Used:  0.00/4000.0
Ep  646 | Phase: PROTAGO | Ticks: 790 | Protag R: -7198.00 | Antag R: 7198.00 | Delivery:  62.2% | Budget Used:  0.00/4000.0
Ep  647 | Phase: PROTAGO | Ticks: 795 | Protag R: -6168.00 | Antag R: 6169.00 | Delivery:  68.1% | Budget Used:  0.00/4000.0
Ep  648 | Phase: PROTAGO | Ticks: 798 | Protag R: -4811.00 | Antag R: 4811.00 | Delivery:  65.2% | Budget Used:  0.00/4000.0
Ep  649 | Phase: PROTAGO | Ticks: 792 | Protag R: -5357.00 | Antag R: 5357.00 | Delivery:  75.0% | Budget Used:  0.00/4000.0
Ep  650 | Phase: PROTAGO | Ticks: 778 | Protag R: -9664.00 | Antag R: 9665.00 | Delivery:  65.3% | Budget Used:  0.00/4000.0
  [EVAL ep 650] greedy_atk=5366 learned_atk=5737 gap=+371 +/-283 (neg = learned beats greedy under attack)
Saving checkpoints for both agents before phase switch...
Ep  651 | Phase: PROTAGO | Ticks: 794 | Protag R: -8486.00 | Antag R: 8487.00 | Delivery:  58.2% | Budget Used:  0.00/4000.0
Ep  652 | Phase: PROTAGO | Ticks: 790 | Protag R: -3396.00 | Antag R: 3396.00 | Delivery:  83.3% | Budget Used:  0.00/4000.0
Ep  653 | Phase: PROTAGO | Ticks: 795 | Protag R: -6449.00 | Antag R: 6450.00 | Delivery:  68.1% | Budget Used:  0.00/4000.0
Ep  654 | Phase: PROTAGO | Ticks: 779 | Protag R: -7146.00 | Antag R: 7147.00 | Delivery:  62.0% | Budget Used:  0.00/4000.0
Ep  655 | Phase: PROTAGO | Ticks: 798 | Protag R: -7344.00 | Antag R: 7345.00 | Delivery:  69.6% | Budget Used:  0.00/4000.0
Ep  656 | Phase: PROTAGO | Ticks: 793 | Protag R: -7491.00 | Antag R: 7492.00 | Delivery:  72.7% | Budget Used:  0.00/4000.0
Ep  657 | Phase: PROTAGO | Ticks: 792 | Protag R: -4464.00 | Antag R: 4465.00 | Delivery:  65.9% | Budget Used:  0.00/4000.0
Ep  658 | Phase: PROTAGO | Ticks: 786 | Protag R: -11033.00 | Antag R: 11034.00 | Delivery:  56.1% | Budget Used:  0.00/4000.0
Ep  659 | Phase: PROTAGO | Ticks: 784 | Protag R: -7896.00 | Antag R: 7897.00 | Delivery:  63.0% | Budget Used:  0.00/4000.0
Ep  660 | Phase: PROTAGO | Ticks: 787 | Protag R: -6110.00 | Antag R: 6111.00 | Delivery:  58.5% | Budget Used:  0.00/4000.0
Ep  661 | Phase: PROTAGO | Ticks: 793 | Protag R: -10064.00 | Antag R: 10065.00 | Delivery:  57.1% | Budget Used:  0.00/4000.0
Ep  662 | Phase: PROTAGO | Ticks: 788 | Protag R: -6066.00 | Antag R: 6067.00 | Delivery:  65.2% | Budget Used:  0.00/4000.0
Ep  663 | Phase: PROTAGO | Ticks: 781 | Protag R: -4904.00 | Antag R: 4905.00 | Delivery:  68.1% | Budget Used:  0.00/4000.0
Ep  664 | Phase: PROTAGO | Ticks: 798 | Protag R: -9284.00 | Antag R: 9285.00 | Delivery:  61.5% | Budget Used:  0.00/4000.0
Ep  665 | Phase: PROTAGO | Ticks: 785 | Protag R: -4188.00 | Antag R: 4188.00 | Delivery:  66.7% | Budget Used:  0.00/4000.0
Ep  666 | Phase: PROTAGO | Ticks: 793 | Protag R: -11762.00 | Antag R: 11763.00 | Delivery:  59.3% | Budget Used:  0.00/4000.0
Ep  667 | Phase: PROTAGO | Ticks: 786 | Protag R: -7801.00 | Antag R: 7802.00 | Delivery:  70.5% | Budget Used:  0.00/4000.0
Ep  668 | Phase: PROTAGO | Ticks: 781 | Protag R: -9022.00 | Antag R: 9022.00 | Delivery:  65.2% | Budget Used:  0.00/4000.0
Ep  669 | Phase: PROTAGO | Ticks: 788 | Protag R: -9831.00 | Antag R: 9832.00 | Delivery:  66.0% | Budget Used:  0.00/4000.0
Ep  670 | Phase: PROTAGO | Ticks: 788 | Protag R: -5860.00 | Antag R: 5861.00 | Delivery:  67.4% | Budget Used:  0.00/4000.0
Ep  671 | Phase: PROTAGO | Ticks: 788 | Protag R: -7892.00 | Antag R: 7893.00 | Delivery:  72.7% | Budget Used:  0.00/4000.0
Ep  672 | Phase: PROTAGO | Ticks: 790 | Protag R: -8633.00 | Antag R: 8634.00 | Delivery:  55.4% | Budget Used:  0.00/4000.0
Ep  673 | Phase: PROTAGO | Ticks: 798 | Protag R: -4780.00 | Antag R: 4781.00 | Delivery:  66.7% | Budget Used:  0.00/4000.0
Ep  674 | Phase: PROTAGO | Ticks: 795 | Protag R: -8767.00 | Antag R: 8767.00 | Delivery:  57.7% | Budget Used:  0.00/4000.0
Ep  675 | Phase: PROTAGO | Ticks: 788 | Protag R: -8477.00 | Antag R: 8477.00 | Delivery:  59.6% | Budget Used:  0.00/4000.0
Ep  676 | Phase: PROTAGO | Ticks: 797 | Protag R: -5147.00 | Antag R: 5148.00 | Delivery:  72.7% | Budget Used:  0.00/4000.0
Ep  677 | Phase: PROTAGO | Ticks: 798 | Protag R: -7323.00 | Antag R: 7324.00 | Delivery:  64.0% | Budget Used:  0.00/4000.0
Ep  678 | Phase: PROTAGO | Ticks: 799 | Protag R: -7010.00 | Antag R: 7011.00 | Delivery:  56.4% | Budget Used:  0.00/4000.0
Ep  679 | Phase: PROTAGO | Ticks: 799 | Protag R: -11073.00 | Antag R: 11074.00 | Delivery:  56.4% | Budget Used:  0.00/4000.0
Ep  680 | Phase: PROTAGO | Ticks: 782 | Protag R: -13432.00 | Antag R: 13433.00 | Delivery:  54.2% | Budget Used:  0.00/4000.0
Ep  681 | Phase: PROTAGO | Ticks: 794 | Protag R: -11530.00 | Antag R: 11531.00 | Delivery:  54.4% | Budget Used:  0.00/4000.0
Ep  682 | Phase: PROTAGO | Ticks: 791 | Protag R: -6040.00 | Antag R: 6041.00 | Delivery:  53.8% | Budget Used:  0.00/4000.0
Ep  683 | Phase: PROTAGO | Ticks: 777 | Protag R: -10125.00 | Antag R: 10125.00 | Delivery:  62.0% | Budget Used:  0.00/4000.0
Ep  684 | Phase: PROTAGO | Ticks: 781 | Protag R: -4409.00 | Antag R: 4410.00 | Delivery:  74.4% | Budget Used:  0.00/4000.0
Ep  685 | Phase: PROTAGO | Ticks: 795 | Protag R: -8639.00 | Antag R: 8640.00 | Delivery:  57.4% | Budget Used:  0.00/4000.0
Ep  686 | Phase: PROTAGO | Ticks: 784 | Protag R: -6034.00 | Antag R: 6035.00 | Delivery:  56.4% | Budget Used:  0.00/4000.0
Ep  687 | Phase: PROTAGO | Ticks: 783 | Protag R: -8860.00 | Antag R: 8861.00 | Delivery:  61.5% | Budget Used:  0.00/4000.0
Ep  688 | Phase: PROTAGO | Ticks: 779 | Protag R: -5512.00 | Antag R: 5513.00 | Delivery:  62.5% | Budget Used:  0.00/4000.0
Ep  689 | Phase: PROTAGO | Ticks: 789 | Protag R: -4919.00 | Antag R: 4920.00 | Delivery:  75.6% | Budget Used:  0.00/4000.0
Ep  690 | Phase: PROTAGO | Ticks: 794 | Protag R: -11802.00 | Antag R: 11803.00 | Delivery:  53.4% | Budget Used:  0.00/4000.0
Ep  691 | Phase: PROTAGO | Ticks: 782 | Protag R: -2722.00 | Antag R: 2723.00 | Delivery:  75.7% | Budget Used:  0.00/4000.0
Ep  692 | Phase: PROTAGO | Ticks: 799 | Protag R: -4416.00 | Antag R: 4417.00 | Delivery:  82.1% | Budget Used:  0.00/4000.0
Ep  693 | Phase: PROTAGO | Ticks: 796 | Protag R: -8856.00 | Antag R: 8857.00 | Delivery:  56.1% | Budget Used:  0.00/4000.0
Ep  694 | Phase: PROTAGO | Ticks: 793 | Protag R: -6478.00 | Antag R: 6478.00 | Delivery:  59.6% | Budget Used:  0.00/4000.0
Ep  695 | Phase: PROTAGO | Ticks: 799 | Protag R: -12609.00 | Antag R: 12610.00 | Delivery:  54.1% | Budget Used:  0.00/4000.0
Ep  696 | Phase: PROTAGO | Ticks: 799 | Protag R: -9845.00 | Antag R: 9846.00 | Delivery:  53.4% | Budget Used:  0.00/4000.0
Ep  697 | Phase: PROTAGO | Ticks: 797 | Protag R: -5740.00 | Antag R: 5741.00 | Delivery:  69.6% | Budget Used:  0.00/4000.0
Ep  698 | Phase: PROTAGO | Ticks: 783 | Protag R: -4299.00 | Antag R: 4300.00 | Delivery:  72.5% | Budget Used:  0.00/4000.0
Ep  699 | Phase: PROTAGO | Ticks: 799 | Protag R: -12749.00 | Antag R: 12750.00 | Delivery:  49.2% | Budget Used:  0.00/4000.0
Ep  700 | Phase: PROTAGO | Ticks: 799 | Protag R: -5441.00 | Antag R: 5442.00 | Delivery:  61.2% | Budget Used:  0.00/4000.0
  [EVAL ep 700] greedy_atk=5366 learned_atk=5893 gap=+527 +/-319 (neg = learned beats greedy under attack)
Saving checkpoints for both agents before phase switch...
Ep  701 | Phase: PROTAGO | Ticks: 794 | Protag R: -4852.00 | Antag R: 4852.00 | Delivery:  73.2% | Budget Used:  0.00/4000.0
Ep  702 | Phase: PROTAGO | Ticks: 799 | Protag R: -5525.00 | Antag R: 5526.00 | Delivery:  72.7% | Budget Used:  0.00/4000.0
Ep  703 | Phase: PROTAGO | Ticks: 799 | Protag R: -3795.00 | Antag R: 3796.00 | Delivery:  75.6% | Budget Used:  0.00/4000.0
Ep  704 | Phase: PROTAGO | Ticks: 795 | Protag R: -12075.00 | Antag R: 12076.00 | Delivery:  60.4% | Budget Used:  0.00/4000.0
Ep  705 | Phase: PROTAGO | Ticks: 798 | Protag R: -2015.00 | Antag R: 2016.00 | Delivery:  87.1% | Budget Used:  0.00/4000.0
Ep  706 | Phase: PROTAGO | Ticks: 789 | Protag R: -5671.00 | Antag R: 5672.00 | Delivery:  65.3% | Budget Used:  0.00/4000.0
Ep  707 | Phase: PROTAGO | Ticks: 795 | Protag R: -4240.00 | Antag R: 4241.00 | Delivery:  58.7% | Budget Used:  0.00/4000.0
Ep  708 | Phase: PROTAGO | Ticks: 785 | Protag R: -8625.00 | Antag R: 8626.00 | Delivery:  67.4% | Budget Used:  0.00/4000.0
Ep  709 | Phase: PROTAGO | Ticks: 792 | Protag R: -6375.00 | Antag R: 6375.00 | Delivery:  63.6% | Budget Used:  0.00/4000.0
Ep  710 | Phase: PROTAGO | Ticks: 798 | Protag R: -4958.00 | Antag R: 4958.00 | Delivery:  70.5% | Budget Used:  0.00/4000.0
Ep  711 | Phase: PROTAGO | Ticks: 794 | Protag R: -9428.00 | Antag R: 9429.00 | Delivery:  62.0% | Budget Used:  0.00/4000.0
Ep  712 | Phase: PROTAGO | Ticks: 798 | Protag R: -5334.00 | Antag R: 5334.00 | Delivery:  61.7% | Budget Used:  0.00/4000.0
Ep  713 | Phase: PROTAGO | Ticks: 792 | Protag R: -5336.00 | Antag R: 5337.00 | Delivery:  68.1% | Budget Used:  0.00/4000.0
Ep  714 | Phase: PROTAGO | Ticks: 791 | Protag R: -13331.00 | Antag R: 13332.00 | Delivery:  50.8% | Budget Used:  0.00/4000.0
Ep  715 | Phase: PROTAGO | Ticks: 797 | Protag R: -12373.00 | Antag R: 12374.00 | Delivery:  53.3% | Budget Used:  0.00/4000.0
Ep  716 | Phase: PROTAGO | Ticks: 795 | Protag R: -8024.00 | Antag R: 8024.00 | Delivery:  74.4% | Budget Used:  0.00/4000.0
Ep  717 | Phase: PROTAGO | Ticks: 794 | Protag R: -4835.00 | Antag R: 4836.00 | Delivery:  62.5% | Budget Used:  0.00/4000.0
Ep  718 | Phase: PROTAGO | Ticks: 795 | Protag R: -13177.00 | Antag R: 13177.00 | Delivery:  52.6% | Budget Used:  0.00/4000.0
Ep  719 | Phase: PROTAGO | Ticks: 778 | Protag R: -13241.00 | Antag R: 13242.00 | Delivery:  52.5% | Budget Used:  0.00/4000.0
Ep  720 | Phase: PROTAGO | Ticks: 788 | Protag R: -6711.00 | Antag R: 6711.00 | Delivery:  70.7% | Budget Used:  0.00/4000.0
Ep  721 | Phase: PROTAGO | Ticks: 799 | Protag R: -7572.00 | Antag R: 7572.00 | Delivery:  61.2% | Budget Used:  0.00/4000.0
Ep  722 | Phase: PROTAGO | Ticks: 792 | Protag R: -7202.00 | Antag R: 7203.00 | Delivery:  71.1% | Budget Used:  0.00/4000.0
Ep  723 | Phase: PROTAGO | Ticks: 798 | Protag R: -5141.00 | Antag R: 5141.00 | Delivery:  80.0% | Budget Used:  0.00/4000.0
Ep  724 | Phase: PROTAGO | Ticks: 789 | Protag R: -8232.00 | Antag R: 8233.00 | Delivery:  60.8% | Budget Used:  0.00/4000.0
Ep  725 | Phase: PROTAGO | Ticks: 798 | Protag R: -11855.00 | Antag R: 11855.00 | Delivery:  53.6% | Budget Used:  0.00/4000.0
Ep  726 | Phase: PROTAGO | Ticks: 783 | Protag R: -5347.00 | Antag R: 5348.00 | Delivery:  67.4% | Budget Used:  0.00/4000.0
Ep  727 | Phase: PROTAGO | Ticks: 789 | Protag R: -8206.00 | Antag R: 8207.00 | Delivery:  60.8% | Budget Used:  0.00/4000.0
Ep  728 | Phase: PROTAGO | Ticks: 795 | Protag R: -10526.00 | Antag R: 10527.00 | Delivery:  57.1% | Budget Used:  0.00/4000.0
Ep  729 | Phase: PROTAGO | Ticks: 796 | Protag R: -3343.00 | Antag R: 3343.00 | Delivery:  76.3% | Budget Used:  0.00/4000.0
Ep  730 | Phase: PROTAGO | Ticks: 798 | Protag R: -12828.00 | Antag R: 12829.00 | Delivery:  56.1% | Budget Used:  0.00/4000.0
Ep  731 | Phase: PROTAGO | Ticks: 786 | Protag R: -4425.00 | Antag R: 4426.00 | Delivery:  73.8% | Budget Used:  0.00/4000.0
Ep  732 | Phase: PROTAGO | Ticks: 798 | Protag R: -5011.00 | Antag R: 5012.00 | Delivery:  68.1% | Budget Used:  0.00/4000.0
Ep  733 | Phase: PROTAGO | Ticks: 782 | Protag R: -3822.00 | Antag R: 3823.00 | Delivery:  68.2% | Budget Used:  0.00/4000.0
Ep  734 | Phase: PROTAGO | Ticks: 780 | Protag R: -8825.00 | Antag R: 8825.00 | Delivery:  61.2% | Budget Used:  0.00/4000.0
Ep  735 | Phase: PROTAGO | Ticks: 787 | Protag R: -8804.00 | Antag R: 8805.00 | Delivery:  72.7% | Budget Used:  0.00/4000.0
Ep  736 | Phase: PROTAGO | Ticks: 787 | Protag R: -5576.00 | Antag R: 5577.00 | Delivery:  69.6% | Budget Used:  0.00/4000.0
Ep  737 | Phase: PROTAGO | Ticks: 792 | Protag R: -14262.00 | Antag R: 14263.00 | Delivery:  45.1% | Budget Used:  0.00/4000.0
Ep  738 | Phase: PROTAGO | Ticks: 795 | Protag R: -10417.00 | Antag R: 10418.00 | Delivery:  58.2% | Budget Used:  0.00/4000.0
Ep  739 | Phase: PROTAGO | Ticks: 797 | Protag R: -11000.00 | Antag R: 11001.00 | Delivery:  55.0% | Budget Used:  0.00/4000.0
Ep  740 | Phase: PROTAGO | Ticks: 796 | Protag R: -4888.00 | Antag R: 4889.00 | Delivery:  72.1% | Budget Used:  0.00/4000.0
Ep  741 | Phase: PROTAGO | Ticks: 794 | Protag R: -10769.00 | Antag R: 10770.00 | Delivery:  66.7% | Budget Used:  0.00/4000.0
Ep  742 | Phase: PROTAGO | Ticks: 790 | Protag R: -11172.00 | Antag R: 11173.00 | Delivery:  60.4% | Budget Used:  0.00/4000.0
Ep  743 | Phase: PROTAGO | Ticks: 789 | Protag R: -10396.00 | Antag R: 10397.00 | Delivery:  54.4% | Budget Used:  0.00/4000.0
Ep  744 | Phase: PROTAGO | Ticks: 790 | Protag R: -2490.00 | Antag R: 2491.00 | Delivery:  83.8% | Budget Used:  0.00/4000.0
Ep  745 | Phase: PROTAGO | Ticks: 798 | Protag R: -10230.00 | Antag R: 10231.00 | Delivery:  57.4% | Budget Used:  0.00/4000.0
Ep  746 | Phase: PROTAGO | Ticks: 787 | Protag R: -3622.00 | Antag R: 3623.00 | Delivery:  75.0% | Budget Used:  0.00/4000.0
Ep  747 | Phase: PROTAGO | Ticks: 788 | Protag R: -6499.00 | Antag R: 6500.00 | Delivery:  72.1% | Budget Used:  0.00/4000.0
Ep  748 | Phase: PROTAGO | Ticks: 796 | Protag R: -6070.00 | Antag R: 6071.00 | Delivery:  68.9% | Budget Used:  0.00/4000.0
Ep  749 | Phase: PROTAGO | Ticks: 794 | Protag R: -8329.00 | Antag R: 8329.00 | Delivery:  58.5% | Budget Used:  0.00/4000.0
Ep  750 | Phase: PROTAGO | Ticks: 785 | Protag R: -5099.00 | Antag R: 5100.00 | Delivery:  69.0% | Budget Used:  0.00/4000.0
  [EVAL ep 750] greedy_atk=5366 learned_atk=5756 gap=+391 +/-275 (neg = learned beats greedy under attack)
Saving checkpoints for both agents before phase switch...
Ep  751 | Phase: PROTAGO | Ticks: 790 | Protag R: -7067.00 | Antag R: 7068.00 | Delivery:  54.4% | Budget Used:  0.00/4000.0
Ep  752 | Phase: PROTAGO | Ticks: 779 | Protag R: -11314.00 | Antag R: 11315.00 | Delivery:  52.5% | Budget Used:  0.00/4000.0
Ep  753 | Phase: PROTAGO | Ticks: 798 | Protag R: -6152.00 | Antag R: 6153.00 | Delivery:  66.7% | Budget Used:  0.00/4000.0
Ep  754 | Phase: PROTAGO | Ticks: 777 | Protag R: -8337.00 | Antag R: 8337.00 | Delivery:  59.2% | Budget Used:  0.00/4000.0
Ep  755 | Phase: PROTAGO | Ticks: 787 | Protag R: -5590.00 | Antag R: 5591.00 | Delivery:  71.1% | Budget Used:  0.00/4000.0
Ep  756 | Phase: PROTAGO | Ticks: 795 | Protag R: -9614.00 | Antag R: 9614.00 | Delivery:  63.3% | Budget Used:  0.00/4000.0
Ep  757 | Phase: PROTAGO | Ticks: 790 | Protag R: -8079.00 | Antag R: 8080.00 | Delivery:  70.5% | Budget Used:  0.00/4000.0
Ep  758 | Phase: PROTAGO | Ticks: 785 | Protag R: -9460.00 | Antag R: 9461.00 | Delivery:  53.6% | Budget Used:  0.00/4000.0
Ep  759 | Phase: PROTAGO | Ticks: 794 | Protag R: -8861.00 | Antag R: 8861.00 | Delivery:  62.0% | Budget Used:  0.00/4000.0
Ep  760 | Phase: PROTAGO | Ticks: 780 | Protag R: -5349.00 | Antag R: 5350.00 | Delivery:  65.3% | Budget Used:  0.00/4000.0
Ep  761 | Phase: PROTAGO | Ticks: 781 | Protag R: -6846.00 | Antag R: 6847.00 | Delivery:  72.1% | Budget Used:  0.00/4000.0
Ep  762 | Phase: PROTAGO | Ticks: 793 | Protag R: -6268.00 | Antag R: 6269.00 | Delivery:  72.7% | Budget Used:  0.00/4000.0
Ep  763 | Phase: PROTAGO | Ticks: 798 | Protag R: -3464.00 | Antag R: 3465.00 | Delivery:  84.2% | Budget Used:  0.00/4000.0
Ep  764 | Phase: PROTAGO | Ticks: 787 | Protag R: -9061.00 | Antag R: 9062.00 | Delivery:  62.7% | Budget Used:  0.00/4000.0
Ep  765 | Phase: PROTAGO | Ticks: 799 | Protag R: -4294.00 | Antag R: 4294.00 | Delivery:  68.2% | Budget Used:  0.00/4000.0
Ep  766 | Phase: PROTAGO | Ticks: 795 | Protag R: -7718.00 | Antag R: 7718.00 | Delivery:  60.4% | Budget Used:  0.00/4000.0
Ep  767 | Phase: PROTAGO | Ticks: 787 | Protag R: -8529.00 | Antag R: 8530.00 | Delivery:  61.5% | Budget Used:  0.00/4000.0
Ep  768 | Phase: PROTAGO | Ticks: 794 | Protag R: -7769.00 | Antag R: 7769.00 | Delivery:  57.4% | Budget Used:  0.00/4000.0
Ep  769 | Phase: PROTAGO | Ticks: 789 | Protag R: -4513.00 | Antag R: 4514.00 | Delivery:  74.4% | Budget Used:  0.00/4000.0
Ep  770 | Phase: PROTAGO | Ticks: 784 | Protag R: -7979.00 | Antag R: 7980.00 | Delivery:  58.2% | Budget Used:  0.00/4000.0
Ep  771 | Phase: PROTAGO | Ticks: 784 | Protag R: -8675.00 | Antag R: 8676.00 | Delivery:  68.1% | Budget Used:  0.00/4000.0
Ep  772 | Phase: PROTAGO | Ticks: 787 | Protag R: -3673.00 | Antag R: 3674.00 | Delivery:  80.0% | Budget Used:  0.00/4000.0
Ep  773 | Phase: PROTAGO | Ticks: 780 | Protag R: -4680.00 | Antag R: 4681.00 | Delivery:  67.4% | Budget Used:  0.00/4000.0
Ep  774 | Phase: PROTAGO | Ticks: 784 | Protag R: -6650.00 | Antag R: 6651.00 | Delivery:  66.0% | Budget Used:  0.00/4000.0
Ep  775 | Phase: PROTAGO | Ticks: 790 | Protag R: -10044.00 | Antag R: 10045.00 | Delivery:  53.4% | Budget Used:  0.00/4000.0
Ep  776 | Phase: PROTAGO | Ticks: 791 | Protag R: -8911.00 | Antag R: 8912.00 | Delivery:  62.0% | Budget Used:  0.00/4000.0
Ep  777 | Phase: PROTAGO | Ticks: 788 | Protag R: -2357.00 | Antag R: 2358.00 | Delivery:  70.7% | Budget Used:  0.00/4000.0
Ep  778 | Phase: PROTAGO | Ticks: 796 | Protag R: -11775.00 | Antag R: 11776.00 | Delivery:  59.3% | Budget Used:  0.00/4000.0
Ep  779 | Phase: PROTAGO | Ticks: 792 | Protag R: -2778.00 | Antag R: 2778.00 | Delivery:  77.1% | Budget Used:  0.00/4000.0
Ep  780 | Phase: PROTAGO | Ticks: 798 | Protag R: -6585.00 | Antag R: 6586.00 | Delivery:  66.7% | Budget Used:  0.00/4000.0
Ep  781 | Phase: PROTAGO | Ticks: 794 | Protag R: -11772.00 | Antag R: 11773.00 | Delivery:  52.5% | Budget Used:  0.00/4000.0
Ep  782 | Phase: PROTAGO | Ticks: 799 | Protag R: -6476.00 | Antag R: 6476.00 | Delivery:  67.4% | Budget Used:  0.00/4000.0
Ep  783 | Phase: PROTAGO | Ticks: 792 | Protag R: -8449.00 | Antag R: 8450.00 | Delivery:  71.1% | Budget Used:  0.00/4000.0
Ep  784 | Phase: PROTAGO | Ticks: 792 | Protag R: -3740.00 | Antag R: 3741.00 | Delivery:  84.2% | Budget Used:  0.00/4000.0
Ep  785 | Phase: PROTAGO | Ticks: 789 | Protag R: -11260.00 | Antag R: 11261.00 | Delivery:  61.5% | Budget Used:  0.00/4000.0
Ep  786 | Phase: PROTAGO | Ticks: 788 | Protag R: -9770.00 | Antag R: 9770.00 | Delivery:  53.6% | Budget Used:  0.00/4000.0
Ep  787 | Phase: PROTAGO | Ticks: 791 | Protag R: -5605.00 | Antag R: 5605.00 | Delivery:  68.9% | Budget Used:  0.00/4000.0
Ep  788 | Phase: PROTAGO | Ticks: 778 | Protag R: -6154.00 | Antag R: 6155.00 | Delivery:  72.1% | Budget Used:  0.00/4000.0
Ep  789 | Phase: PROTAGO | Ticks: 790 | Protag R: -11478.00 | Antag R: 11479.00 | Delivery:  54.1% | Budget Used:  0.00/4000.0
Ep  790 | Phase: PROTAGO | Ticks: 794 | Protag R: -8693.00 | Antag R: 8694.00 | Delivery:  61.5% | Budget Used:  0.00/4000.0
Ep  791 | Phase: PROTAGO | Ticks: 779 | Protag R: -9531.00 | Antag R: 9531.00 | Delivery:  56.6% | Budget Used:  0.00/4000.0
Ep  792 | Phase: PROTAGO | Ticks: 799 | Protag R: -13709.00 | Antag R: 13710.00 | Delivery:  53.4% | Budget Used:  0.00/4000.0
Ep  793 | Phase: PROTAGO | Ticks: 793 | Protag R: -4905.00 | Antag R: 4905.00 | Delivery:  74.4% | Budget Used:  0.00/4000.0
Ep  794 | Phase: PROTAGO | Ticks: 793 | Protag R: -9198.00 | Antag R: 9199.00 | Delivery:  65.3% | Budget Used:  0.00/4000.0
Ep  795 | Phase: PROTAGO | Ticks: 798 | Protag R: -8217.00 | Antag R: 8218.00 | Delivery:  62.7% | Budget Used:  0.00/4000.0
Ep  796 | Phase: PROTAGO | Ticks: 794 | Protag R: -8651.00 | Antag R: 8652.00 | Delivery:  60.4% | Budget Used:  0.00/4000.0
Ep  797 | Phase: PROTAGO | Ticks: 787 | Protag R: -4254.00 | Antag R: 4255.00 | Delivery:  74.4% | Budget Used:  0.00/4000.0
Ep  798 | Phase: PROTAGO | Ticks: 792 | Protag R: -13427.00 | Antag R: 13428.00 | Delivery:  52.5% | Budget Used:  0.00/4000.0
Ep  799 | Phase: PROTAGO | Ticks: 791 | Protag R: -4668.00 | Antag R: 4669.00 | Delivery:  70.5% | Budget Used:  0.00/4000.0
Ep  800 | Phase: PROTAGO | Ticks: 788 | Protag R: -5617.00 | Antag R: 5617.00 | Delivery:  63.8% | Budget Used:  0.00/4000.0
  [EVAL ep 800] greedy_atk=5366 learned_atk=5894 gap=+528 +/-253 (neg = learned beats greedy under attack)
Saved coevolved protagonist actor to models/runs/gen03_robustness_dynassign/vanilla_seed2/protagonist/actor.pt
Saved coevolved antagonist actor to models/runs/gen03_robustness_dynassign/vanilla_seed2/antagonist/actor.pt
Saved copy of protagonist actor as latest to models/protagonist/actor.pt
Saved copy of antagonist actor as latest to models/antagonist/actor.pt

SACRED ATLA Training completed successfully! Logs saved to TensorBoard.
