{
"type": "FeatureCollection",
"name": "kaliningrad_edges",
"crs": { "type": "name", "properties": { "name": "urn:ogc:def:crs:OGC:1.3:CRS84" } },
"features": [
{ "type": "Feature", "properties": { "u": 0, "v": 1, "key": 0, "oneway": "True", "highway": "primary", "name": "Ленинский проспект", "maxspeed": "RU:urban", "lanes": "3", "osmid": [ 980011200, 132322810, 1232532036, 390935380 ], "u_original": "515", "v_original": "3", "length": "294.20173343754607" }, "geometry": { "type": "LineString", "coordinates": [ [ 20.509118538371222, 54.711657550358041 ], [ 20.50679324703755, 54.712701399734115 ] ] } },
{ "type": "Feature", "properties": { "u": 0, "v": 129, "key": 0, "oneway": "True", "highway": "secondary", "name": "улица Шевченко", "maxspeed": "RU:urban", "lanes": "3", "osmid": "43570908", "u_original": "113", "v_original": "270", "length": "132.20160188322762" }, "geometry": { "type": "LineString", "coordinates": [ [ 20.509118538371222, 54.711657550358041 ], [ 20.510896949927766, 54.71131465000613 ] ] } },
{ "type": "Feature", "properties": { "u": 0, "v": 225, "key": 0, "oneway": "True", "highway": "primary", "name": "Ленинский проспект", "maxspeed": "RU:urban", "lanes": "3", "osmid": "980011161", "u_original": "523", "v_original": "280", "length": "201.76660929924475" }, "geometry": { "type": "LineString", "coordinates": [ [ 20.509118538371222, 54.711657550358041 ], [ 20.508457849471537, 54.709892600042004 ] ] } },
{ "type": "Feature", "properties": { "u": 1, "v": 2, "key": 0, "oneway": "False", "highway": "living_street", "name": "", "maxspeed": "RU:living_street", "lanes": "", "osmid": "166105016", "u_original": "1", "v_original": "339", "length": "152.54910608355425" }, "geometry": { "type": "LineString", "coordinates": [ [ 20.50679324703755, 54.712701399734115 ], [ 20.5081001, 54.712143699999984 ] ] } },
{ "type": "Feature", "properties": { "u": 1, "v": 0, "key": 0, "oneway": "True", "highway": "primary", "name": "Ленинский проспект", "maxspeed": "RU:urban", "lanes": "3", "osmid": "1349791664", "u_original": "522", "v_original": "390", "length": "251.48047972078882" }, "geometry": { "type": "LineString", "coordinates": [ [ 20.50679324703755, 54.712701399734115 ], [ 20.509118538371222, 54.711657550358041 ] ] } },
{ "type": "Feature", "properties": { "u": 1, "v": 0, "key": 1, "oneway": "True", "highway": "tertiary", "name": "улица Вагнера", "maxspeed": "RU:urban", "lanes": "1", "osmid": [ 980011190, 980011191 ], "u_original": "68", "v_original": "390", "length": "255.5138362026836" }, "geometry": { "type": "LineString", "coordinates": [ [ 20.50679324703755, 54.712701399734115 ], [ 20.509118538371222, 54.711657550358041 ] ] } },
{ "type": "Feature", "properties": { "u": 1, "v": 98, "key": 0, "oneway": "True", "highway": "primary", "name": "Ленинский проспект", "maxspeed": "RU:urban", "lanes": "4", "osmid": [ 290055920, 980011199, 1349791663 ], "u_original": "614", "v_original": "76", "length": "342.62733504528677" }, "geometry": { "type": "LineString", "coordinates": [ [ 20.50679324703755, 54.712701399734115 ], [ 20.504211049897997, 54.715111150036712 ] ] } },
{ "type": "Feature", "properties": { "u": 1, "v": 89, "key": 0, "oneway": "False", "highway": "residential", "name": "улица Коперника", "maxspeed": "RU:urban", "lanes": "1", "osmid": [ 1372756620, 1372756621, 1372756622, 693840853, 693840854, 693840855, 42600189 ], "u_original": "68", "v_original": "414", "length": "256.21052430366984" }, "geometry": { "type": "LineString", "coordinates": [ [ 20.50679324703755, 54.712701399734115 ], [ 20.506562800006233, 54.710465350048388 ] ] } },
{ "type": "Feature", "properties": { "u": 1, "v": 258, "key": 0, "oneway": "False", "highway": "living_street", "name": "", "maxspeed": "RU:living_street", "lanes": "", "osmid": "166105014", "u_original": "337", "v_original": "336", "length": "225.04021154297715" }, "geometry": { "type": "LineString", "coordinates": [ [ 20.50679324703755, 54.712701399734115 ], [ 20.5064218, 54.7107295 ] ] } },
{ "type": "Feature", "properties": { "u": 1, "v": 134, "key": 0, "oneway": "False", "highway": "residential", "name": "улица Салтыкова-Щедрина", "maxspeed": "RU:urban", "lanes": "1", "osmid": "43951437", "u_original": "122", "v_original": "348", "length": "257.95343597124787" }, "geometry": { "type": "LineString", "coordinates": [ [ 20.50679324703755, 54.712701399734115 ], [ 20.505984900429318, 54.710796700455177 ] ] } },
{ "type": "Feature", "properties": { "u": 1, "v": 102, "key": 0, "oneway": "False", "highway": "tertiary", "name": "улица Вагнера", "maxspeed": "RU:urban", "lanes": "2", "osmid": "314108347", "u_original": "122", "v_original": "83", "length": "307.4752115163569" }, "geometry": { "type": "LineString", "coordinates": [ [ 20.50679324703755, 54.712701399734115 ], [ 20.503622392757734, 54.712666592987681 ] ] } },
{ "type": "Feature", "properties": { "u": 1, "v": 259, "key": 0, "oneway": "False", "highway": "living_street", "name": "Университетская улица", "maxspeed": "RU:living_street", "lanes": "", "osmid": "270046395", "u_original": "391", "v_original": "351", "length": "177.5573109431984" }, "geometry": { "type": "LineString", "coordinates": [ [ 20.50679324703755, 54.712701399734115 ], [ 20.5076672, 54.7141806 ] ] } },
{ "type": "Feature", "properties": { "u": 1, "v": 267, "key": 0, "oneway": "False", "highway": "living_street", "name": "", "maxspeed": "RU:living_street", "lanes": "", "osmid": "285081418", "u_original": "399", "v_original": "400", "length": "166.0917313902679" }, "geometry": { "type": "LineString", "coordinates": [ [ 20.50679324703755, 54.712701399734115 ], [ 20.506951, 54.71395720000001 ] ] } },
{ "type": "Feature", "properties": { "u": 129, "v": 130, "key": 0, "oneway": "True", "highway": "secondary", "name": "улица Шевченко", "maxspeed": "RU:urban", "lanes": "4", "osmid": [ 214752255, 107174503 ], "u_original": "270", "v_original": "266", "length": "199.7000360052492" }, "geometry": { "type": "LineString", "coordinates": [ [ 20.510896949927766, 54.71131465000613 ], [ 20.513595599914101, 54.710871650007341 ] ] } },
{ "type": "Feature", "properties": { "u": 129, "v": 0, "key": 0, "oneway": "True", "highway": "secondary", "name": "улица Шевченко", "maxspeed": "RU:urban", "lanes": "4", "osmid": [ 43570906, 107174500 ], "u_original": "268", "v_original": "0", "length": "132.10721204570874" }, "geometry": { "type": "LineString", "coordinates": [ [ 20.510896949927766, 54.71131465000613 ], [ 20.509118538371222, 54.711657550358041 ] ] } },
{ "type": "Feature", "properties": { "u": 225, "v": 74, "key": 0, "oneway": "True", "highway": "primary", "name": "Ленинский проспект", "maxspeed": "RU:urban", "lanes": "2", "osmid": [ 980011164, 980406604 ], "u_original": "282", "v_original": "521", "length": "660.4385184968506" }, "geometry": { "type": "LineString", "coordinates": [ [ 20.508457849471537, 54.709892600042004 ], [ 20.505502649863743, 54.704230275120977 ] ] } },
{ "type": "Feature", "properties": { "u": 225, "v": 224, "key": 0, "oneway": "True", "highway": "primary_link", "name": "", "maxspeed": "40", "lanes": "1", "osmid": [ 1370697572, 128167916 ], "u_original": "280", "v_original": "281", "length": "278.8859791464618" }, "geometry": { "type": "LineString", "coordinates": [ [ 20.508457849471537, 54.709892600042004 ], [ 20.5046324, 54.7099545 ] ] } },
{ "type": "Feature", "properties": { "u": 2, "v": 1, "key": 0, "oneway": "False", "highway": "living_street", "name": "", "maxspeed": "RU:living_street", "lanes": "", "osmid": "166105016", "u_original": "339", "v_original": "1", "length": "152.54910608355425" }, "geometry": { "type": "LineString", "coordinates": [ [ 20.5081001, 54.712143699999984 ], [ 20.50679324703755, 54.712701399734115 ] ] } },
{ "type": "Feature", "properties": { "u": 98, "v": 99, "key": 0, "oneway": "True", "highway": "primary", "name": "Ленинский проспект", "maxspeed": "RU:urban", "lanes": "3", "osmid": [ 25901297, 668655484, 1372756606 ], "u_original": "76", "v_original": "325", "length": "201.94458974275247" }, "geometry": { "type": "LineString", "coordinates": [ [ 20.504211049897997, 54.715111150036712 ], [ 20.502257826303573, 54.716117942643159 ] ] } },
{ "type": "Feature", "properties": { "u": 98, "v": 101, "key": 0, "oneway": "False", "highway": "residential", "name": "Барнаульская улица", "maxspeed": "RU:urban", "lanes": "2", "osmid": [ 256125449, 1372756626, 1372756627, 1372756628, 314108346 ], "u_original": "519", "v_original": "86", "length": "73.22332784934598" }, "geometry": { "type": "LineString", "coordinates": [ [ 20.504211049897997, 54.715111150036712 ], [ 20.5033986, 54.7146515 ] ] } },
{ "type": "Feature", "properties": { "u": 98, "v": 1, "key": 0, "oneway": "True", "highway": "primary", "name": "Ленинский проспект", "maxspeed": "RU:urban", "lanes": "3", "osmid": [ 980011160, 980011198 ], "u_original": "519", "v_original": "525", "length": "332.52029285543944" }, "geometry": { "type": "LineString", "coordinates": [ [ 20.504211049897997, 54.715111150036712 ], [ 20.50679324703755, 54.712701399734115 ] ] } },
{ "type": "Feature", "properties": { "u": 89, "v": 1, "key": 0, "oneway": "False", "highway": "residential", "name": "улица Коперника", "maxspeed": "RU:urban", "lanes": "1", "osmid": [ 1372756620, 1372756621, 1372756622, 693840853, 693840854, 693840855, 42600189 ], "u_original": "414", "v_original": "68", "length": "256.21052430366984" }, "geometry": { "type": "LineString", "coordinates": [ [ 20.506562800006233, 54.710465350048388 ], [ 20.50679324703755, 54.712701399734115 ] ] } },
{ "type": "Feature", "properties": { "u": 89, "v": 103, "key": 0, "oneway": "False", "highway": "living_street", "name": "", "maxspeed": "RU:living_street", "lanes": "", "osmid": "290901706", "u_original": "414", "v_original": "415", "length": "183.41054305987694" }, "geometry": { "type": "LineString", "coordinates": [ [ 20.506562800006233, 54.710465350048388 ], [ 20.503969167814258, 54.710717996158792 ] ] } },
{ "type": "Feature", "properties": { "u": 258, "v": 1, "key": 0, "oneway": "False", "highway": "living_street", "name": "", "maxspeed": "RU:living_street", "lanes": "", "osmid": "166105014", "u_original": "336", "v_original": "337", "length": "225.04021154297715" }, "geometry": { "type": "LineString", "coordinates": [ [ 20.5064218, 54.7107295 ], [ 20.50679324703755, 54.712701399734115 ] ] } },
{ "type": "Feature", "properties": { "u": 134, "v": 1, "key": 0, "oneway": "False", "highway": "residential", "name": "улица Салтыкова-Щедрина", "maxspeed": "RU:urban", "lanes": "1", "osmid": "43951437", "u_original": "348", "v_original": "122", "length": "257.95343597124787" }, "geometry": { "type": "LineString", "coordinates": [ [ 20.505984900429318, 54.710796700455177 ], [ 20.50679324703755, 54.712701399734115 ] ] } },
{ "type": "Feature", "properties": { "u": 134, "v": 103, "key": 0, "oneway": "False", "highway": "living_street", "name": "", "maxspeed": "RU:living_street", "lanes": "", "osmid": "177144582", "u_original": "348", "v_original": "346", "length": "134.36603279921445" }, "geometry": { "type": "LineString", "coordinates": [ [ 20.505984900429318, 54.710796700455177 ], [ 20.503969167814258, 54.710717996158792 ] ] } },
{ "type": "Feature", "properties": { "u": 134, "v": 103, "key": 1, "oneway": "False", "highway": "residential", "name": "улица Коперника", "maxspeed": "RU:urban", "lanes": "1", "osmid": [ 1372756619, 177144645, 1366051271 ], "u_original": "348", "v_original": "346", "length": "134.36603279921445" }, "geometry": { "type": "LineString", "coordinates": [ [ 20.505984900429318, 54.710796700455177 ], [ 20.503969167814258, 54.710717996158792 ] ] } },
{ "type": "Feature", "properties": { "u": 102, "v": 103, "key": 0, "oneway": "False", "highway": "residential", "name": "Больничная улица", "maxspeed": "RU:urban", "lanes": "2", "osmid": "238150710", "u_original": "83", "v_original": "84", "length": "245.5999617549064" }, "geometry": { "type": "LineString", "coordinates": [ [ 20.503622392757734, 54.712666592987681 ], [ 20.503969167814258, 54.710717996158792 ] ] } },
{ "type": "Feature", "properties": { "u": 102, "v": 1, "key": 0, "oneway": "False", "highway": "tertiary", "name": "улица Вагнера", "maxspeed": "RU:urban", "lanes": "2", "osmid": "314108347", "u_original": "83", "v_original": "122", "length": "307.4752115163569" }, "geometry": { "type": "LineString", "coordinates": [ [ 20.503622392757734, 54.712666592987681 ], [ 20.50679324703755, 54.712701399734115 ] ] } },
{ "type": "Feature", "properties": { "u": 102, "v": 95, "key": 0, "oneway": "False", "highway": "tertiary", "name": "улица Вагнера", "maxspeed": "RU:urban", "lanes": "2", "osmid": "314108348", "u_original": "381", "v_original": "123", "length": "136.8458477542804" }, "geometry": { "type": "LineString", "coordinates": [ [ 20.503622392757734, 54.712666592987681 ], [ 20.5019264, 54.7122434 ] ] } },
{ "type": "Feature", "properties": { "u": 102, "v": 95, "key": 1, "oneway": "False", "highway": "residential", "name": "Сибирская улица", "maxspeed": "RU:urban", "lanes": "2", "osmid": [ 43951856, 144329647 ], "u_original": "124", "v_original": "123", "length": "180.74212571446452" }, "geometry": { "type": "LineString", "coordinates": [ [ 20.503622392757734, 54.712666592987681 ], [ 20.5019264, 54.7122434 ] ] } },
{ "type": "Feature", "properties": { "u": 102, "v": 263, "key": 0, "oneway": "False", "highway": "living_street", "name": "", "maxspeed": "RU:living_street", "lanes": "", "osmid": "211895080", "u_original": "381", "v_original": "380", "length": "149.85833547712173" }, "geometry": { "type": "LineString", "coordinates": [ [ 20.503622392757734, 54.712666592987681 ], [ 20.5017774, 54.711930099999989 ] ] } },
{ "type": "Feature", "properties": { "u": 102, "v": 96, "key": 0, "oneway": "True", "highway": "residential", "name": "Больничная улица", "maxspeed": "RU:urban", "lanes": "2", "osmid": "238150711", "u_original": "320", "v_original": "82", "length": "187.8963045255769" }, "geometry": { "type": "LineString", "coordinates": [ [ 20.503622392757734, 54.712666592987681 ], [ 20.503041500566827, 54.714074277255015 ] ] } },
{ "type": "Feature", "properties": { "u": 259, "v": 1, "key": 0, "oneway": "False", "highway": "living_street", "name": "Университетская улица", "maxspeed": "RU:living_street", "lanes": "", "osmid": "270046395", "u_original": "351", "v_original": "391", "length": "177.5573109431984" }, "geometry": { "type": "LineString", "coordinates": [ [ 20.5076672, 54.7141806 ], [ 20.50679324703755, 54.712701399734115 ] ] } },
{ "type": "Feature", "properties": { "u": 267, "v": 1, "key": 0, "oneway": "False", "highway": "living_street", "name": "", "maxspeed": "RU:living_street", "lanes": "", "osmid": "285081418", "u_original": "400", "v_original": "399", "length": "166.0917313902679" }, "geometry": { "type": "LineString", "coordinates": [ [ 20.506951, 54.71395720000001 ], [ 20.50679324703755, 54.712701399734115 ] ] } },
{ "type": "Feature", "properties": { "u": 3, "v": 4, "key": 0, "oneway": "True", "highway": "primary", "name": "Театральная улица", "maxspeed": "RU:urban", "lanes": "2", "osmid": [ 335233178, 107176997, 25901294 ], "u_original": "4", "v_original": "91", "length": "76.35214918946897" }, "geometry": { "type": "LineString", "coordinates": [ [ 20.497176799989528, 54.718059500002255 ], [ 20.4961715, 54.718370199999988 ] ] } },
{ "type": "Feature", "properties": { "u": 3, "v": 5, "key": 0, "oneway": "False", "highway": "secondary", "name": "Гвардейский проспект", "maxspeed": "RU:urban", "lanes": "3", "osmid": [ 294998488, 983859427, 210722198 ], "u_original": "4", "v_original": "538", "length": "276.8874473643451" }, "geometry": { "type": "LineString", "coordinates": [ [ 20.497176799989528, 54.718059500002255 ], [ 20.500176899921119, 54.719840700017976 ] ] } },
{ "type": "Feature", "properties": { "u": 3, "v": 88, "key": 0, "oneway": "False", "highway": "secondary", "name": "Гвардейский проспект", "maxspeed": "RU:urban", "lanes": "4", "osmid": [ 210722200, 107176996, 1370382549, 210722199 ], "u_original": "552", "v_original": "618", "length": "744.612588680916" }, "geometry": { "type": "LineString", "coordinates": [ [ 20.497176799989528, 54.718059500002255 ], [ 20.490913599987771, 54.712438100000881 ] ] } },
{ "type": "Feature", "properties": { "u": 3, "v": 85, "key": 0, "oneway": "True", "highway": "primary", "name": "Театральная улица", "maxspeed": "RU:urban", "lanes": "2", "osmid": [ 980859145, 980859146, 1372756611, 42595703 ], "u_original": "552", "v_original": "553", "length": "236.07737242459464" }, "geometry": { "type": "LineString", "coordinates": [ [ 20.497176799989528, 54.718059500002255 ], [ 20.500337399980818, 54.717104700003183 ] ] } },
{ "type": "Feature", "properties": { "u": 4, "v": 107, "key": 0, "oneway": "True", "highway": "primary", "name": "Театральная улица", "maxspeed": "RU:urban", "lanes": "2", "osmid": [ 232419185, 980859188, 1374294967 ], "u_original": "91", "v_original": "93", "length": "94.76690770247946" }, "geometry": { "type": "LineString", "coordinates": [ [ 20.4961715, 54.718370199999988 ], [ 20.494836599986328, 54.718642500001465 ] ] } },
{ "type": "Feature", "properties": { "u": 5, "v": 7, "key": 0, "oneway": "True", "highway": "primary", "name": "площадь Победы", "maxspeed": "RU:urban", "lanes": "4", "osmid": [ 1121136457, 980132343 ], "u_original": "538", "v_original": "536", "length": "157.1254727066684" }, "geometry": { "type": "LineString", "coordinates": [ [ 20.500176899921119, 54.719840700017976 ], [ 20.501617321245892, 54.71878173042218 ] ] } },
{ "type": "Feature", "properties": { "u": 5, "v": 3, "key": 0, "oneway": "False", "highway": "secondary", "name": "Гвардейский проспект", "maxspeed": "RU:urban", "lanes": "3", "osmid": [ 294998488, 983859427, 210722198 ], "u_original": "538", "v_original": "4", "length": "276.8874473643451" }, "geometry": { "type": "LineString", "coordinates": [ [ 20.500176899921119, 54.719840700017976 ], [ 20.497176799989528, 54.718059500002255 ] ] } },
{ "type": "Feature", "properties": { "u": 5, "v": 8, "key": 0, "oneway": "True", "highway": "primary", "name": "площадь Победы", "maxspeed": "RU:urban", "lanes": "4", "osmid": "102440289", "u_original": "7", "v_original": "344", "length": "141.92266308331688" }, "geometry": { "type": "LineString", "coordinates": [ [ 20.500176899921119, 54.719840700017976 ], [ 20.498342155531528, 54.720072929675403 ] ] } },
{ "type": "Feature", "properties": { "u": 88, "v": 3, "key": 0, "oneway": "False", "highway": "secondary", "name": "Гвардейский проспект", "maxspeed": "RU:urban", "lanes": "4", "osmid": [ 210722200, 107176996, 1370382549, 210722199 ], "u_original": "618", "v_original": "552", "length": "744.612588680916" }, "geometry": { "type": "LineString", "coordinates": [ [ 20.490913599987771, 54.712438100000881 ], [ 20.497176799989528, 54.718059500002255 ] ] } },
{ "type": "Feature", "properties": { "u": 88, "v": 80, "key": 0, "oneway": "True", "highway": "primary", "name": "улица Румянцева", "maxspeed": "40", "lanes": "3", "osmid": [ 42452218, 1413235351 ], "u_original": "619", "v_original": "257", "length": "279.67504123670045" }, "geometry": { "type": "LineString", "coordinates": [ [ 20.490913599987771, 54.712438100000881 ], [ 20.49453248261915, 54.711094979812415 ] ] } },
{ "type": "Feature", "properties": { "u": 85, "v": 3, "key": 0, "oneway": "True", "highway": "primary", "name": "Театральная улица", "maxspeed": "RU:urban", "lanes": "3", "osmid": [ 287310150, 287310151, 980859272, 217613104, 42595697, 980859189 ], "u_original": "64", "v_original": "4", "length": "235.51700271704766" }, "geometry": { "type": "LineString", "coordinates": [ [ 20.500337399980818, 54.717104700003183 ], [ 20.497176799989528, 54.718059500002255 ] ] } },
{ "type": "Feature", "properties": { "u": 85, "v": 99, "key": 0, "oneway": "True", "highway": "primary", "name": "Театральная улица", "maxspeed": "RU:urban", "lanes": "2", "osmid": [ 993097665, 980859142 ], "u_original": "553", "v_original": "81", "length": "169.27289336389174" }, "geometry": { "type": "LineString", "coordinates": [ [ 20.500337399980818, 54.717104700003183 ], [ 20.502257826303573, 54.716117942643159 ] ] } },
{ "type": "Feature", "properties": { "u": 107, "v": 6, "key": 0, "oneway": "True", "highway": "primary", "name": "Театральная улица", "maxspeed": "RU:urban", "lanes": "2", "osmid": [ 980859185, 735094031 ], "u_original": "93", "v_original": "50", "length": "136.1852021485677" }, "geometry": { "type": "LineString", "coordinates": [ [ 20.494836599986328, 54.718642500001465 ], [ 20.492991673264925, 54.719165746503485 ] ] } },
{ "type": "Feature", "properties": { "u": 107, "v": 3, "key": 0, "oneway": "True", "highway": "primary", "name": "Театральная улица", "maxspeed": "RU:urban", "lanes": "2", "osmid": [ 980859147, 980859155, 980859156, 980859157 ], "u_original": "555", "v_original": "552", "length": "169.38625131744467" }, "geometry": { "type": "LineString", "coordinates": [ [ 20.494836599986328, 54.718642500001465 ], [ 20.497176799989528, 54.718059500002255 ] ] } },
{ "type": "Feature", "properties": { "u": 107, "v": 239, "key": 0, "oneway": "False", "highway": "residential", "name": "улица Марата", "maxspeed": "RU:urban", "lanes": "2", "osmid": [ 1374294960, 1374294961, 1374294962, 1374294963, 1374294964, 1374294965, 980859158, 1374294966, 42758430 ], "u_original": "555", "v_original": "416", "length": "235.1179176111988" }, "geometry": { "type": "LineString", "coordinates": [ [ 20.494836599986328, 54.718642500001465 ], [ 20.492703060497487, 54.717048702322231 ] ] } },
{ "type": "Feature", "properties": { "u": 7, "v": 5, "key": 0, "oneway": "True", "highway": "primary", "name": "площадь Победы", "maxspeed": "RU:urban", "lanes": "4", "osmid": [ 41377805, 102523053 ], "u_original": "6", "v_original": "7", "length": "162.89567253884087" }, "geometry": { "type": "LineString", "coordinates": [ [ 20.501617321245892, 54.71878173042218 ], [ 20.500176899921119, 54.719840700017976 ] ] } },
{ "type": "Feature", "properties": { "u": 7, "v": 84, "key": 0, "oneway": "True", "highway": "primary", "name": "улица Черняховского", "maxspeed": "RU:urban", "lanes": "3", "osmid": [ 983845101, 980120526, 980120529, 980120530, 980120510 ], "u_original": "537", "v_original": "530", "length": "263.1063561505576" }, "geometry": { "type": "LineString", "coordinates": [ [ 20.501617321245892, 54.71878173042218 ], [ 20.505374650035566, 54.719512650003828 ] ] } },
{ "type": "Feature", "properties": { "u": 7, "v": 99, "key": 0, "oneway": "True", "highway": "primary", "name": "Ленинский проспект", "maxspeed": "RU:urban", "lanes": "4", "osmid": [ 980011194, 980011195, 980120527 ], "u_original": "535", "v_original": "327", "length": "319.886734074237" }, "geometry": { "type": "LineString", "coordinates": [ [ 20.501617321245892, 54.71878173042218 ], [ 20.502257826303573, 54.716117942643159 ] ] } },
{ "type": "Feature", "properties": { "u": 8, "v": 26, "key": 0, "oneway": "True", "highway": "primary", "name": "проспект Мира", "maxspeed": "RU:urban", "lanes": "2", "osmid": [ 294349900, 980844494 ], "u_original": "35", "v_original": "87", "length": "251.72179073026984" }, "geometry": { "type": "LineString", "coordinates": [ [ 20.498342155531528, 54.720072929675403 ], [ 20.494512982596362, 54.72012140732582 ] ] } },
{ "type": "Feature", "properties": { "u": 8, "v": 105, "key": 0, "oneway": "True", "highway": "tertiary", "name": "проспект Мира", "maxspeed": "RU:urban", "lanes": "2", "osmid": "133251309", "u_original": "89", "v_original": "90", "length": "139.49341656125563" }, "geometry": { "type": "LineString", "coordinates": [ [ 20.498342155531528, 54.720072929675403 ], [ 20.4971201, 54.7190412 ] ] } },
{ "type": "Feature", "properties": { "u": 8, "v": 5, "key": 0, "oneway": "True", "highway": "primary", "name": "проспект Мира", "maxspeed": "RU:urban", "lanes": "4", "osmid": [ 980844273, 983859426, 980011196 ], "u_original": "584", "v_original": "538", "length": "127.32415859831363" }, "geometry": { "type": "LineString", "coordinates": [ [ 20.498342155531528, 54.720072929675403 ], [ 20.500176899921119, 54.719840700017976 ] ] } },
{ "type": "Feature", "properties": { "u": 6, "v": 59, "key": 0, "oneway": "False", "highway": "residential", "name": "Театральный переулок", "maxspeed": "", "lanes": "2", "osmid": "42323259", "u_original": "54", "v_original": "53", "length": "217.51981612190554" }, "geometry": { "type": "LineString", "coordinates": [ [ 20.492991673264925, 54.719165746503485 ], [ 20.491452399979579, 54.720376900184412 ] ] } },
{ "type": "Feature", "properties": { "u": 6, "v": 61, "key": 0, "oneway": "True", "highway": "primary", "name": "проспект Мира", "maxspeed": "RU:urban", "lanes": "2", "osmid": [ 77021580, 106630643, 992609877, 1374294971, 1374294972, 980844318 ], "u_original": "54", "v_original": "256", "length": "354.5264608310822" }, "geometry": { "type": "LineString", "coordinates": [ [ 20.492991673264925, 54.719165746503485 ], [ 20.48781106610322, 54.720141446517978 ] ] } },
{ "type": "Feature", "properties": { "u": 6, "v": 107, "key": 0, "oneway": "True", "highway": "primary", "name": "Театральная улица", "maxspeed": "RU:urban", "lanes": "2", "osmid": [ 980859160, 980859161 ], "u_original": "554", "v_original": "555", "length": "138.66875173230656" }, "geometry": { "type": "LineString", "coordinates": [ [ 20.492991673264925, 54.719165746503485 ], [ 20.494836599986328, 54.718642500001465 ] ] } },
{ "type": "Feature", "properties": { "u": 6, "v": 239, "key": 0, "oneway": "False", "highway": "residential", "name": "улица Дмитрия Донского", "maxspeed": "", "lanes": "2", "osmid": [ 155533864, 735094026, 1374294968, 1374294969, 1374294970, 1107464571 ], "u_original": "554", "v_original": "418", "length": "256.42657701227245" }, "geometry": { "type": "LineString", "coordinates": [ [ 20.492991673264925, 54.719165746503485 ], [ 20.492703060497487, 54.717048702322231 ] ] } },
{ "type": "Feature", "properties": { "u": 6, "v": 26, "key": 0, "oneway": "True", "highway": "primary", "name": "проспект Мира", "maxspeed": "RU:urban", "lanes": "3", "osmid": [ 980844316, 980844317 ], "u_original": "543", "v_original": "548", "length": "148.78884759861103" }, "geometry": { "type": "LineString", "coordinates": [ [ 20.492991673264925, 54.719165746503485 ], [ 20.494512982596362, 54.72012140732582 ] ] } },
{ "type": "Feature", "properties": { "u": 59, "v": 60, "key": 0, "oneway": "False", "highway": "residential", "name": "улица Носова", "maxspeed": "", "lanes": "1", "osmid": [ 1374294978, 1374294979, 1374294980, 1374294981, 1374294982, 1374294983, 1374294984, 1374294985, 41768680, 1374294986, 42376985 ], "u_original": "37", "v_original": "38", "length": "270.7268527321344" }, "geometry": { "type": "LineString", "coordinates": [ [ 20.491452399979579, 54.720376900184412 ], [ 20.4929292, 54.722466799999985 ] ] } },
{ "type": "Feature", "properties": { "u": 59, "v": 61, "key": 0, "oneway": "True", "highway": "tertiary", "name": "улица Грекова", "maxspeed": "RU:urban", "lanes": "2", "osmid": [ 1374294975, 301935981, 77021583 ], "u_original": "37", "v_original": "256", "length": "236.0664621801372" }, "geometry": { "type": "LineString", "coordinates": [ [ 20.491452399979579, 54.720376900184412 ], [ 20.48781106610322, 54.720141446517978 ] ] } },
{ "type": "Feature", "properties": { "u": 59, "v": 6, "key": 0, "oneway": "False", "highway": "residential", "name": "Театральный переулок", "maxspeed": "", "lanes": "2", "osmid": "42323259", "u_original": "53", "v_original": "54", "length": "217.51981612190554" }, "geometry": { "type": "LineString", "coordinates": [ [ 20.491452399979579, 54.720376900184412 ], [ 20.492991673264925, 54.719165746503485 ] ] } },
{ "type": "Feature", "properties": { "u": 61, "v": 109, "key": 0, "oneway": "True", "highway": "primary", "name": "проспект Мира", "maxspeed": "RU:urban", "lanes": "2", "osmid": "77021571", "u_original": "94", "v_original": "98", "length": "80.3685306742073" }, "geometry": { "type": "LineString", "coordinates": [ [ 20.48781106610322, 54.720141446517978 ], [ 20.486668450011443, 54.719998250000963 ] ] } },
{ "type": "Feature", "properties": { "u": 61, "v": 6, "key": 0, "oneway": "True", "highway": "primary", "name": "проспект Мира", "maxspeed": "RU:urban", "lanes": "2", "osmid": "81527998", "u_original": "550", "v_original": "549", "length": "380.5286889386298" }, "geometry": { "type": "LineString", "coordinates": [ [ 20.48781106610322, 54.720141446517978 ], [ 20.492991673264925, 54.719165746503485 ] ] } },
{ "type": "Feature", "properties": { "u": 61, "v": 110, "key": 0, "oneway": "True", "highway": "tertiary", "name": "Гостиная улица", "maxspeed": "40", "lanes": "2", "osmid": [ 1374294944, 1374294945, 1374294946, 1374294947, 1374294948, 1374294949, 1374294950, 42758154, 1374294942, 1374294943 ], "u_original": "550", "v_original": "95", "length": "483.59842329106885" }, "geometry": { "type": "LineString", "coordinates": [ [ 20.48781106610322, 54.720141446517978 ], [ 20.4881638, 54.7158868 ] ] } },
{ "type": "Feature", "properties": { "u": 239, "v": 112, "key": 0, "oneway": "False", "highway": "tertiary", "name": "улица Дмитрия Донского", "maxspeed": "RU:urban", "lanes": "2", "osmid": [ 1107464570, 42758531, 1374294958, 1374294959 ], "u_original": "417", "v_original": "286", "length": "263.948215235566" }, "geometry": { "type": "LineString", "coordinates": [ [ 20.492703060497487, 54.717048702322231 ], [ 20.4891993, 54.7158234 ] ] } },
{ "type": "Feature", "properties": { "u": 239, "v": 107, "key": 0, "oneway": "False", "highway": "residential", "name": "улица Марата", "maxspeed": "RU:urban", "lanes": "2", "osmid": [ 1374294960, 1374294961, 1374294962, 1374294963, 1374294964, 1374294965, 1374294966, 980859158, 42758430 ], "u_original": "416", "v_original": "555", "length": "235.1179176111988" }, "geometry": { "type": "LineString", "coordinates": [ [ 20.492703060497487, 54.717048702322231 ], [ 20.494836599986328, 54.718642500001465 ] ] } },
{ "type": "Feature", "properties": { "u": 239, "v": 6, "key": 0, "oneway": "False", "highway": "residential", "name": "улица Дмитрия Донского", "maxspeed": "", "lanes": "2", "osmid": [ 155533864, 735094026, 1374294968, 1374294969, 1374294970, 1107464571 ], "u_original": "418", "v_original": "554", "length": "256.42657701227245" }, "geometry": { "type": "LineString", "coordinates": [ [ 20.492703060497487, 54.717048702322231 ], [ 20.492991673264925, 54.719165746503485 ] ] } },
{ "type": "Feature", "properties": { "u": 26, "v": 6, "key": 0, "oneway": "True", "highway": "primary", "name": "проспект Мира", "maxspeed": "RU:urban", "lanes": "3", "osmid": [ 307253402, 291081350 ], "u_original": "13", "v_original": "334", "length": "146.88538986672546" }, "geometry": { "type": "LineString", "coordinates": [ [ 20.494512982596362, 54.72012140732582 ], [ 20.492991673264925, 54.719165746503485 ] ] } },
{ "type": "Feature", "properties": { "u": 26, "v": 58, "key": 0, "oneway": "True", "highway": "tertiary", "name": "улица Грекова", "maxspeed": "RU:urban", "lanes": "2", "osmid": "77021573", "u_original": "36", "v_original": "51", "length": "116.07993613016876" }, "geometry": { "type": "LineString", "coordinates": [ [ 20.494512982596362, 54.72012140732582 ], [ 20.493147, 54.720447900000011 ] ] } },
{ "type": "Feature", "properties": { "u": 26, "v": 8, "key": 0, "oneway": "True", "highway": "primary", "name": "проспект Мира", "maxspeed": "RU:urban", "lanes": "2", "osmid": [ 980844274, 980844319 ], "u_original": "545", "v_original": "544", "length": "255.62618349271833" }, "geometry": { "type": "LineString", "coordinates": [ [ 20.494512982596362, 54.72012140732582 ], [ 20.498342155531528, 54.720072929675403 ] ] } },
{ "type": "Feature", "properties": { "u": 26, "v": 108, "key": 0, "oneway": "False", "highway": "unclassified", "name": "улица Ушинского", "maxspeed": "", "lanes": "2", "osmid": "42740841", "u_original": "393", "v_original": "92", "length": "143.3174922694244" }, "geometry": { "type": "LineString", "coordinates": [ [ 20.494512982596362, 54.72012140732582 ], [ 20.4947897, 54.718886 ] ] } },
{ "type": "Feature", "properties": { "u": 84, "v": 7, "key": 0, "oneway": "True", "highway": "primary", "name": "улица Черняховского", "maxspeed": "RU:urban", "lanes": "4", "osmid": [ 134496181, 287846982 ], "u_original": "63", "v_original": "6", "length": "265.2652862631372" }, "geometry": { "type": "LineString", "coordinates": [ [ 20.505374650035566, 54.719512650003828 ], [ 20.501617321245892, 54.71878173042218 ] ] } },
{ "type": "Feature", "properties": { "u": 84, "v": 83, "key": 0, "oneway": "False", "highway": "residential", "name": "улица Подполковника Иванникова", "maxspeed": "RU:urban", "lanes": "2", "osmid": [ 287689421, 42594989, 127184123, 1370697596, 1370697597, 980510399 ], "u_original": "63", "v_original": "542", "length": "210.00576191949" }, "geometry": { "type": "LineString", "coordinates": [ [ 20.505374650035566, 54.719512650003828 ], [ 20.507448749992612, 54.720926450011042 ] ] } },
{ "type": "Feature", "properties": { "u": 84, "v": 257, "key": 0, "oneway": "True", "highway": "primary", "name": "улица Черняховского", "maxspeed": "RU:urban", "lanes": "3", "osmid": [ 980510396, 980510397 ], "u_original": "530", "v_original": "540", "length": "170.99961516668662" }, "geometry": { "type": "LineString", "coordinates": [ [ 20.505374650035566, 54.719512650003828 ], [ 20.507821394613266, 54.719876185547392 ] ] } },
{ "type": "Feature", "properties": { "u": 84, "v": 168, "key": 0, "oneway": "False", "highway": "residential", "name": "улица Подполковника Иванникова", "maxspeed": "RU:urban", "lanes": "2", "osmid": [ 1069222961, 1069222962 ], "u_original": "530", "v_original": "161", "length": "136.05598473922373" }, "geometry": { "type": "LineString", "coordinates": [ [ 20.505374650035566, 54.719512650003828 ], [ 20.5055572, 54.7182962 ] ] } },
{ "type": "Feature", "properties": { "u": 99, "v": 7, "key": 0, "oneway": "True", "highway": "primary", "name": "Ленинский проспект", "maxspeed": "RU:urban", "lanes": "3", "osmid": [ 687439170, 152780106, 983845102, 287010164, 1372756602, 668655485 ], "u_original": "325", "v_original": "537", "length": "363.594583654035" }, "geometry": { "type": "LineString", "coordinates": [ [ 20.502257826303573, 54.716117942643159 ], [ 20.501617321245892, 54.71878173042218 ] ] } },
{ "type": "Feature", "properties": { "u": 99, "v": 100, "key": 0, "oneway": "True", "highway": "residential", "name": "Космическая улица", "maxspeed": "RU:urban", "lanes": "2", "osmid": [ 204024684, 1372756614 ], "u_original": "271", "v_original": "394", "length": "126.45216524552866" }, "geometry": { "type": "LineString", "coordinates": [ [ 20.502257826303573, 54.716117942643159 ], [ 20.5012547, 54.7151467 ] ] } },
{ "type": "Feature", "properties": { "u": 99, "v": 85, "key": 0, "oneway": "True", "highway": "primary", "name": "Театральная улица", "maxspeed": "RU:urban", "lanes": "4", "osmid": [ 295045544, 295045545, 295045543 ], "u_original": "326", "v_original": "64", "length": "184.71228711699268" }, "geometry": { "type": "LineString", "coordinates": [ [ 20.502257826303573, 54.716117942643159 ], [ 20.500337399980818, 54.717104700003183 ] ] } },
{ "type": "Feature", "properties": { "u": 99, "v": 98, "key": 0, "oneway": "True", "highway": "primary", "name": "Ленинский проспект", "maxspeed": "RU:urban", "lanes": "3", "osmid": [ 980011192, 983859260 ], "u_original": "403", "v_original": "519", "length": "179.26737680656714" }, "geometry": { "type": "LineString", "coordinates": [ [ 20.502257826303573, 54.716117942643159 ], [ 20.504211049897997, 54.715111150036712 ] ] } },
{ "type": "Feature", "properties": { "u": 105, "v": 106, "key": 0, "oneway": "False", "highway": "residential", "name": "", "maxspeed": "", "lanes": "1", "osmid": "42740843", "u_original": "90", "v_original": "621", "length": null }, "geometry": { "type": "LineString", "coordinates": [ [ 20.4971201, 54.7190412 ], [ 20.4949449, 54.7190106 ] ] } },
{ "type": "Feature", "properties": { "u": 105, "v": 4, "key": 0, "oneway": "True", "highway": "tertiary", "name": "проспект Мира", "maxspeed": "RU:urban", "lanes": "2", "osmid": [ 299550315, 299550310 ], "u_original": "90", "v_original": "91", "length": null }, "geometry": { "type": "LineString", "coordinates": [ [ 20.4971201, 54.7190412 ], [ 20.4961715, 54.718370199999988 ] ] } },
{ "type": "Feature", "properties": { "u": 9, "v": 10, "key": 0, "oneway": "False", "highway": "tertiary", "name": "улица Грига", "maxspeed": "RU:urban", "lanes": "2", "osmid": [ 1232529602, 333164682, 1232529597, 1232529598, 1232529599 ], "u_original": "8", "v_original": "214", "length": null }, "geometry": { "type": "LineString", "coordinates": [ [ 20.5305434, 54.7131347 ], [ 20.5311966, 54.7109382 ] ] } },
{ "type": "Feature", "properties": { "u": 9, "v": 11, "key": 0, "oneway": "False", "highway": "secondary", "name": "улица Фрунзе", "maxspeed": "RU:urban", "lanes": "3", "osmid": "333164687", "u_original": "8", "v_original": "228", "length": null }, "geometry": { "type": "LineString", "coordinates": [ [ 20.5305434, 54.7131347 ], [ 20.5315501, 54.7132469 ] ] } },
{ "type": "Feature", "properties": { "u": 9, "v": 12, "key": 0, "oneway": "False", "highway": "secondary", "name": "улица Фрунзе", "maxspeed": "", "lanes": "3", "osmid": [ 669755241, 333164686, 669755238 ], "u_original": "8", "v_original": "230", "length": null }, "geometry": { "type": "LineString", "coordinates": [ [ 20.5305434, 54.7131347 ], [ 20.5289905, 54.7129816 ] ] } },
{ "type": "Feature", "properties": { "u": 9, "v": 13, "key": 0, "oneway": "False", "highway": "tertiary", "name": "улица Грига", "maxspeed": "RU:urban", "lanes": "2", "osmid": [ 733841320, 1370089172, 1370089173 ], "u_original": "8", "v_original": "231", "length": null }, "geometry": { "type": "LineString", "coordinates": [ [ 20.5305434, 54.7131347 ], [ 20.5300312, 54.7144472 ] ] } },
{ "type": "Feature", "properties": { "u": 10, "v": 127, "key": 0, "oneway": "False", "highway": "residential", "name": "улица 1812 года", "maxspeed": "RU:living_street", "lanes": "2", "osmid": "54981200", "u_original": "214", "v_original": "218", "length": null }, "geometry": { "type": "LineString", "coordinates": [ [ 20.5311966, 54.7109382 ], [ 20.5371341, 54.7118277 ] ] } },
{ "type": "Feature", "properties": { "u": 10, "v": 52, "key": 0, "oneway": "False", "highway": "tertiary", "name": "улица Грига", "maxspeed": "RU:urban", "lanes": "2", "osmid": "1232529595", "u_original": "214", "v_original": "215", "length": "123.24784065332949" }, "geometry": { "type": "LineString", "coordinates": [ [ 20.5311966, 54.7109382 ], [ 20.531451475488094, 54.709873862920276 ] ] } },
{ "type": "Feature", "properties": { "u": 10, "v": 200, "key": 0, "oneway": "False", "highway": "residential", "name": "улица 1812 года", "maxspeed": "RU:living_street", "lanes": "2", "osmid": [ 143966986, 1232529596 ], "u_original": "214", "v_original": "316", "length": "356.28848441601224" }, "geometry": { "type": "LineString", "coordinates": [ [ 20.5311966, 54.7109382 ], [ 20.525847200202204, 54.710680650022155 ] ] } },
{ "type": "Feature", "properties": { "u": 10, "v": 9, "key": 0, "oneway": "False", "highway": "tertiary", "name": "улица Грига", "maxspeed": "RU:urban", "lanes": "2", "osmid": [ 1232529602, 333164682, 1232529597, 1232529598, 1232529599 ], "u_original": "214", "v_original": "8", "length": null }, "geometry": { "type": "LineString", "coordinates": [ [ 20.5311966, 54.7109382 ], [ 20.5305434, 54.7131347 ] ] } },
{ "type": "Feature", "properties": { "u": 11, "v": 9, "key": 0, "oneway": "False", "highway": "secondary", "name": "улица Фрунзе", "maxspeed": "RU:urban", "lanes": "3", "osmid": "333164687", "u_original": "228", "v_original": "8", "length": null }, "geometry": { "type": "LineString", "coordinates": [ [ 20.5315501, 54.7132469 ], [ 20.5305434, 54.7131347 ] ] } },
{ "type": "Feature", "properties": { "u": 11, "v": 14, "key": 0, "oneway": "False", "highway": "secondary", "name": "улица Фрунзе", "maxspeed": "RU:urban", "lanes": "2", "osmid": [ 669755226, 669755230 ], "u_original": "228", "v_original": "9", "length": null }, "geometry": { "type": "LineString", "coordinates": [ [ 20.5315501, 54.7132469 ], [ 20.5344732, 54.7135513 ] ] } },
{ "type": "Feature", "properties": { "u": 11, "v": 13, "key": 0, "oneway": "False", "highway": "residential", "name": "улица Генерал-майора Яновского", "maxspeed": "RU:living_street", "lanes": "1", "osmid": [ 669755233, 1366051274, 1366051273 ], "u_original": "228", "v_original": "231", "length": null }, "geometry": { "type": "LineString", "coordinates": [ [ 20.5315501, 54.7132469 ], [ 20.5300312, 54.7144472 ] ] } },
{ "type": "Feature", "properties": { "u": 12, "v": 212, "key": 0, "oneway": "False", "highway": "residential", "name": "Пионерская улица", "maxspeed": "RU:living_street", "lanes": "2", "osmid": [ 59379080, 669755243 ], "u_original": "230", "v_original": "232", "length": null }, "geometry": { "type": "LineString", "coordinates": [ [ 20.5289905, 54.7129816 ], [ 20.5285187, 54.7142896 ] ] } },
{ "type": "Feature", "properties": { "u": 12, "v": 9, "key": 0, "oneway": "False", "highway": "secondary", "name": "улица Фрунзе", "maxspeed": "", "lanes": "3", "osmid": [ 669755241, 669755238, 333164686 ], "u_original": "230", "v_original": "8", "length": null }, "geometry": { "type": "LineString", "coordinates": [ [ 20.5289905, 54.7129816 ], [ 20.5305434, 54.7131347 ] ] } },
{ "type": "Feature", "properties": { "u": 12, "v": 210, "key": 0, "oneway": "False", "highway": "secondary", "name": "улица Фрунзе", "maxspeed": "RU:urban", "lanes": "2", "osmid": [ 1232531209, 1232531210, 669755245, 669755246 ], "u_original": "230", "v_original": "229", "length": null }, "geometry": { "type": "LineString", "coordinates": [ [ 20.5289905, 54.7129816 ], [ 20.5260915, 54.71265 ] ] } },
{ "type": "Feature", "properties": { "u": 13, "v": 212, "key": 0, "oneway": "False", "highway": "residential", "name": "Томская улица", "maxspeed": "RU:living_street", "lanes": "2", "osmid": "1366051274", "u_original": "231", "v_original": "232", "length": null }, "geometry": { "type": "LineString", "coordinates": [ [ 20.5300312, 54.7144472 ], [ 20.5285187, 54.7142896 ] ] } },
{ "type": "Feature", "properties": { "u": 13, "v": 40, "key": 0, "oneway": "False", "highway": "tertiary", "name": "улица Грига", "maxspeed": "RU:urban", "lanes": "2", "osmid": "733841320", "u_original": "231", "v_original": "23", "length": null }, "geometry": { "type": "LineString", "coordinates": [ [ 20.5300312, 54.7144472 ], [ 20.5285876, 54.7157602 ] ] } },
{ "type": "Feature", "properties": { "u": 13, "v": 9, "key": 0, "oneway": "False", "highway": "tertiary", "name": "улица Грига", "maxspeed": "RU:urban", "lanes": "2", "osmid": [ 733841320, 1370089172, 1370089173 ], "u_original": "231", "v_original": "8", "length": null }, "geometry": { "type": "LineString", "coordinates": [ [ 20.5300312, 54.7144472 ], [ 20.5305434, 54.7131347 ] ] } },
{ "type": "Feature", "properties": { "u": 13, "v": 11, "key": 0, "oneway": "False", "highway": "residential", "name": "улица Генерал-майора Яновского", "maxspeed": "RU:living_street", "lanes": "1", "osmid": [ 1366051273, 1366051274, 669755233 ], "u_original": "231", "v_original": "228", "length": null }, "geometry": { "type": "LineString", "coordinates": [ [ 20.5300312, 54.7144472 ], [ 20.5315501, 54.7132469 ] ] } },
{ "type": "Feature", "properties": { "u": 127, "v": 10, "key": 0, "oneway": "False", "highway": "residential", "name": "улица 1812 года", "maxspeed": "RU:living_street", "lanes": "2", "osmid": "54981200", "u_original": "218", "v_original": "214", "length": null }, "geometry": { "type": "LineString", "coordinates": [ [ 20.5371341, 54.7118277 ], [ 20.5311966, 54.7109382 ] ] } },
{ "type": "Feature", "properties": { "u": 127, "v": 202, "key": 0, "oneway": "False", "highway": "primary", "name": "улица Литовский Вал", "maxspeed": "RU:urban", "lanes": "3", "osmid": "297911974", "u_original": "218", "v_original": "217", "length": null }, "geometry": { "type": "LineString", "coordinates": [ [ 20.5371341, 54.7118277 ], [ 20.5374021, 54.7110333 ] ] } },
{ "type": "Feature", "properties": { "u": 127, "v": 15, "key": 0, "oneway": "False", "highway": "primary", "name": "улица Литовский Вал", "maxspeed": "RU:urban", "lanes": "3", "osmid": [ 669215988, 297911972, 669215989, 489543277 ], "u_original": "218", "v_original": "109", "length": "192.21410639687775" }, "geometry": { "type": "LineString", "coordinates": [ [ 20.5371341, 54.7118277 ], [ 20.535872100080994, 54.713392750013433 ] ] } },
{ "type": "Feature", "properties": { "u": 52, "v": 53, "key": 0, "oneway": "True", "highway": "primary", "name": "Московский проспект", "maxspeed": "40", "lanes": "3", "osmid": [ 53374884, 53374886, 1370697590, 1370697591, 301127227 ], "u_original": "31", "v_original": "140", "length": "364.8232991048577" }, "geometry": { "type": "LineString", "coordinates": [ [ 20.531451475488094, 54.709873862920276 ], [ 20.526450400020373, 54.709389200001084 ] ] } },
{ "type": "Feature", "properties": { "u": 52, "v": 201, "key": 0, "oneway": "False", "highway": "residential", "name": "Стекольная улица", "maxspeed": "RU:living_street", "lanes": "1", "osmid": [ 1370089169, 54981203 ], "u_original": "215", "v_original": "216", "length": "183.78977090826234" }, "geometry": { "type": "LineString", "coordinates": [ [ 20.531451475488094, 54.709873862920276 ], [ 20.5339366, 54.7104538 ] ] } },
{ "type": "Feature", "properties": { "u": 52, "v": 10, "key": 0, "oneway": "False", "highway": "tertiary", "name": "улица Грига", "maxspeed": "RU:urban", "lanes": "2", "osmid": "1232529595", "u_original": "215", "v_original": "214", "length": "123.24784065332949" }, "geometry": { "type": "LineString", "coordinates": [ [ 20.531451475488094, 54.709873862920276 ], [ 20.5311966, 54.7109382 ] ] } },
{ "type": "Feature", "properties": { "u": 52, "v": 82, "key": 0, "oneway": "True", "highway": "primary", "name": "Московский проспект", "maxspeed": "RU:urban", "lanes": "3", "osmid": "231200845", "u_original": "61", "v_original": "193", "length": "315.5889899376508" }, "geometry": { "type": "LineString", "coordinates": [ [ 20.531451475488094, 54.709873862920276 ], [ 20.5362899, 54.7097415 ] ] } },
{ "type": "Feature", "properties": { "u": 52, "v": 149, "key": 0, "oneway": "False", "highway": "residential", "name": "улица Грига", "maxspeed": "", "lanes": "2", "osmid": [ 46461009, 1366051275, 455393668 ], "u_original": "142", "v_original": "143", "length": "293.8484153856382" }, "geometry": { "type": "LineString", "coordinates": [ [ 20.531451475488094, 54.709873862920276 ], [ 20.5309552, 54.7073588 ] ] } },
{ "type": "Feature", "properties": { "u": 200, "v": 10, "key": 0, "oneway": "False", "highway": "residential", "name": "улица 1812 года", "maxspeed": "RU:living_street", "lanes": "2", "osmid": [ 143966986, 1232529596 ], "u_original": "316", "v_original": "214", "length": "356.28848441601224" }, "geometry": { "type": "LineString", "coordinates": [ [ 20.525847200202204, 54.710680650022155 ], [ 20.5311966, 54.7109382 ] ] } },
{ "type": "Feature", "properties": { "u": 200, "v": 205, "key": 0, "oneway": "False", "highway": "residential", "name": "улица 1812 года", "maxspeed": "", "lanes": "1", "osmid": [ 143966984, 144204021 ], "u_original": "316", "v_original": "602", "length": "116.64619834544372" }, "geometry": { "type": "LineString", "coordinates": [ [ 20.525847200202204, 54.710680650022155 ], [ 20.5243721, 54.7103294 ] ] } },
{ "type": "Feature", "properties": { "u": 14, "v": 15, "key": 0, "oneway": "True", "highway": "secondary", "name": "улица Фрунзе", "maxspeed": "RU:urban", "lanes": "2", "osmid": "41754241", "u_original": "9", "v_original": "109", "length": "104.2507797569092" }, "geometry": { "type": "LineString", "coordinates": [ [ 20.5344732, 54.7135513 ], [ 20.535872100080994, 54.713392750013433 ] ] } },
{ "type": "Feature", "properties": { "u": 14, "v": 11, "key": 0, "oneway": "False", "highway": "secondary", "name": "улица Фрунзе", "maxspeed": "RU:urban", "lanes": "2", "osmid": [ 669755226, 669755230 ], "u_original": "9", "v_original": "228", "length": null }, "geometry": { "type": "LineString", "coordinates": [ [ 20.5344732, 54.7135513 ], [ 20.5315501, 54.7132469 ] ] } },
{ "type": "Feature", "properties": { "u": 212, "v": 13, "key": 0, "oneway": "False", "highway": "residential", "name": "Томская улица", "maxspeed": "RU:living_street", "lanes": "2", "osmid": "1366051274", "u_original": "232", "v_original": "231", "length": null }, "geometry": { "type": "LineString", "coordinates": [ [ 20.5285187, 54.7142896 ], [ 20.5300312, 54.7144472 ] ] } },
{ "type": "Feature", "properties": { "u": 212, "v": 210, "key": 0, "oneway": "False", "highway": "residential", "name": "Гражданская улица", "maxspeed": "RU:living_street", "lanes": "2", "osmid": [ 1372195041, 1372195042, 59379078, 59379082 ], "u_original": "232", "v_original": "229", "length": null }, "geometry": { "type": "LineString", "coordinates": [ [ 20.5285187, 54.7142896 ], [ 20.5260915, 54.71265 ] ] } },
{ "type": "Feature", "properties": { "u": 212, "v": 12, "key": 0, "oneway": "False", "highway": "residential", "name": "Пионерская улица", "maxspeed": "RU:living_street", "lanes": "2", "osmid": [ 59379080, 669755243 ], "u_original": "232", "v_original": "230", "length": null }, "geometry": { "type": "LineString", "coordinates": [ [ 20.5285187, 54.7142896 ], [ 20.5289905, 54.7129816 ] ] } },
{ "type": "Feature", "properties": { "u": 210, "v": 212, "key": 0, "oneway": "False", "highway": "residential", "name": "Гражданская улица", "maxspeed": "RU:living_street", "lanes": "2", "osmid": [ 1372195041, 59379082, 1372195042, 59379078 ], "u_original": "229", "v_original": "232", "length": null }, "geometry": { "type": "LineString", "coordinates": [ [ 20.5260915, 54.71265 ], [ 20.5285187, 54.7142896 ] ] } },
{ "type": "Feature", "properties": { "u": 210, "v": 206, "key": 0, "oneway": "False", "highway": "secondary", "name": "улица Фрунзе", "maxspeed": "RU:urban", "lanes": "2", "osmid": "669755248", "u_original": "229", "v_original": "226", "length": null }, "geometry": { "type": "LineString", "coordinates": [ [ 20.5260915, 54.71265 ], [ 20.5244695, 54.7124573 ] ] } },
{ "type": "Feature", "properties": { "u": 210, "v": 12, "key": 0, "oneway": "False", "highway": "secondary", "name": "улица Фрунзе", "maxspeed": "RU:urban", "lanes": "2", "osmid": [ 1232531209, 1232531210, 669755245, 669755246 ], "u_original": "229", "v_original": "230", "length": null }, "geometry": { "type": "LineString", "coordinates": [ [ 20.5260915, 54.71265 ], [ 20.5289905, 54.7129816 ] ] } },
{ "type": "Feature", "properties": { "u": 40, "v": 38, "key": 0, "oneway": "False", "highway": "tertiary", "name": "переулок Грига", "maxspeed": "RU:urban", "lanes": "2", "osmid": [ 301668156, 77049599 ], "u_original": "23", "v_original": "22", "length": null }, "geometry": { "type": "LineString", "coordinates": [ [ 20.5285876, 54.7157602 ], [ 20.5299903, 54.7163475 ] ] } },
{ "type": "Feature", "properties": { "u": 40, "v": 13, "key": 0, "oneway": "False", "highway": "tertiary", "name": "улица Грига", "maxspeed": "RU:urban", "lanes": "2", "osmid": "733841320", "u_original": "23", "v_original": "231", "length": null }, "geometry": { "type": "LineString", "coordinates": [ [ 20.5285876, 54.7157602 ], [ 20.5300312, 54.7144472 ] ] } },
{ "type": "Feature", "properties": { "u": 15, "v": 127, "key": 0, "oneway": "False", "highway": "primary", "name": "улица Литовский Вал", "maxspeed": "RU:urban", "lanes": "3", "osmid": [ 669215989, 297911972, 669215988, 489543277 ], "u_original": "109", "v_original": "218", "length": "192.21410639687775" }, "geometry": { "type": "LineString", "coordinates": [ [ 20.535872100080994, 54.713392750013433 ], [ 20.5371341, 54.7118277 ] ] } },
{ "type": "Feature", "properties": { "u": 15, "v": 14, "key": 0, "oneway": "True", "highway": "secondary", "name": "улица Фрунзе", "maxspeed": "RU:urban", "lanes": "2", "osmid": [ 435475477, 43125589 ], "u_original": "110", "v_original": "9", "length": "94.67206103084817" }, "geometry": { "type": "LineString", "coordinates": [ [ 20.535872100080994, 54.713392750013433 ], [ 20.5344732, 54.7135513 ] ] } },
{ "type": "Feature", "properties": { "u": 15, "v": 39, "key": 0, "oneway": "False", "highway": "primary", "name": "улица Литовский Вал", "maxspeed": "RU:urban", "lanes": "3", "osmid": [ 297911971, 733841817, 669215987, 733841815, 733841816, 106764633, 733841818, 733841819 ], "u_original": "110", "v_original": "233", "length": "712.4102117867227" }, "geometry": { "type": "LineString", "coordinates": [ [ 20.535872100080994, 54.713392750013433 ], [ 20.5300491, 54.7188355 ] ] } },
{ "type": "Feature", "properties": { "u": 39, "v": 38, "key": 0, "oneway": "False", "highway": "tertiary", "name": "переулок Грига", "maxspeed": "RU:urban", "lanes": "2", "osmid": [ 1372756584, 424031115, 424031116, 301668156 ], "u_original": "233", "v_original": "22", "length": null }, "geometry": { "type": "LineString", "coordinates": [ [ 20.5300491, 54.7188355 ], [ 20.5299903, 54.7163475 ] ] } },
{ "type": "Feature", "properties": { "u": 39, "v": 43, "key": 0, "oneway": "False", "highway": "primary", "name": "улица Литовский Вал", "maxspeed": "RU:urban", "lanes": "3", "osmid": [ 297911973, 669215984, 669215985, 669215986, 733841819, 733841820 ], "u_original": "233", "v_original": "436", "length": "435.9124011021906" }, "geometry": { "type": "LineString", "coordinates": [ [ 20.5300491, 54.7188355 ], [ 20.525014700798579, 54.721402168093171 ] ] } },
{ "type": "Feature", "properties": { "u": 39, "v": 15, "key": 0, "oneway": "False", "highway": "primary", "name": "улица Литовский Вал", "maxspeed": "RU:urban", "lanes": "3", "osmid": [ 297911971, 106764633, 669215987, 733841815, 733841816, 733841817, 733841818, 733841819 ], "u_original": "233", "v_original": "110", "length": "712.4102117867227" }, "geometry": { "type": "LineString", "coordinates": [ [ 20.5300491, 54.7188355 ], [ 20.535872100080994, 54.713392750013433 ] ] } },
{ "type": "Feature", "properties": { "u": 16, "v": 17, "key": 0, "oneway": "False", "highway": "secondary", "name": "Пролетарская улица", "maxspeed": "RU:urban", "lanes": "4", "osmid": "43569989", "u_original": "10", "v_original": "331", "length": "273.9871875408028" }, "geometry": { "type": "LineString", "coordinates": [ [ 20.5135773, 54.7149157 ], [ 20.512751253017797, 54.712888239450137 ] ] } },
{ "type": "Feature", "properties": { "u": 16, "v": 18, "key": 0, "oneway": "False", "highway": "secondary", "name": "улица Сергеева", "maxspeed": "RU:urban", "lanes": "3", "osmid": [ 866432145, 866432146, 298261686, 1372756563, 1372756564, 1372756565, 1372756566, 1372756567, 1372756568, 1372756569, 1372756570, 1372756571, 669215962, 669215975, 309434345, 669215978, 669215977, 669215980, 669215981, 669215982, 669215983, 992620009, 46727156 ], "u_original": "10", "v_original": "534", "length": "717.0625684125928" }, "geometry": { "type": "LineString", "coordinates": [ [ 20.5135773, 54.7149157 ], [ 20.518374100002973, 54.720724700000225 ] ] } },
{ "type": "Feature", "properties": { "u": 16, "v": 19, "key": 0, "oneway": "False", "highway": "secondary", "name": "Пролетарская улица", "maxspeed": "RU:urban", "lanes": "3", "osmid": [ 1372756562, 285794709 ], "u_original": "10", "v_original": "596", "length": null }, "geometry": { "type": "LineString", "coordinates": [ [ 20.5135773, 54.7149157 ], [ 20.5134619, 54.7155609 ] ] } },
{ "type": "Feature", "properties": { "u": 17, "v": 16, "key": 0, "oneway": "False", "highway": "secondary", "name": "Пролетарская улица", "maxspeed": "RU:urban", "lanes": "4", "osmid": "43569989", "u_original": "331", "v_original": "10", "length": "273.9871875408028" }, "geometry": { "type": "LineString", "coordinates": [ [ 20.512751253017797, 54.712888239450137 ], [ 20.5135773, 54.7149157 ] ] } },
{ "type": "Feature", "properties": { "u": 17, "v": 47, "key": 0, "oneway": "False", "highway": "secondary", "name": "Пролетарская улица", "maxspeed": "RU:urban", "lanes": "4", "osmid": "43569989", "u_original": "331", "v_original": "329", "length": "114.17462160401237" }, "geometry": { "type": "LineString", "coordinates": [ [ 20.512751253017797, 54.712888239450137 ], [ 20.5127354, 54.7120348 ] ] } },
{ "type": "Feature", "properties": { "u": 17, "v": 256, "key": 0, "oneway": "False", "highway": "living_street", "name": "", "maxspeed": "RU:living_street", "lanes": "", "osmid": "152625414", "u_original": "332", "v_original": "330", "length": "81.3454164487697" }, "geometry": { "type": "LineString", "coordinates": [ [ 20.512751253017797, 54.712888239450137 ], [ 20.5122833, 54.7122168 ] ] } },
{ "type": "Feature", "properties": { "u": 18, "v": 16, "key": 0, "oneway": "False", "highway": "secondary", "name": "улица Сергеева", "maxspeed": "RU:urban", "lanes": "3", "osmid": [ 866432145, 866432146, 298261686, 1372756563, 1372756564, 1372756565, 1372756566, 1372756567, 1372756568, 1372756569, 1372756570, 669215962, 1372756571, 669215975, 992620009, 669215977, 669215978, 669215980, 669215981, 669215982, 669215983, 309434345, 46727156 ], "u_original": "534", "v_original": "10", "length": "717.0625684125928" }, "geometry": { "type": "LineString", "coordinates": [ [ 20.518374100002973, 54.720724700000225 ], [ 20.5135773, 54.7149157 ] ] } },
{ "type": "Feature", "properties": { "u": 18, "v": 43, "key": 0, "oneway": "True", "highway": "primary", "name": "улица Черняховского", "maxspeed": "RU:urban", "lanes": "3", "osmid": [ 1369736248, 980120514, 980120532, 980120512 ], "u_original": "534", "v_original": "533", "length": "445.3303587540781" }, "geometry": { "type": "LineString", "coordinates": [ [ 20.518374100002973, 54.720724700000225 ], [ 20.525014700798579, 54.721402168093171 ] ] } },
{ "type": "Feature", "properties": { "u": 18, "v": 126, "key": 0, "oneway": "True", "highway": "primary", "name": "улица Черняховского", "maxspeed": "RU:urban", "lanes": "2", "osmid": "333543558", "u_original": "148", "v_original": "108", "length": "79.19614891036406" }, "geometry": { "type": "LineString", "coordinates": [ [ 20.518374100002973, 54.720724700000225 ], [ 20.5172289, 54.7208069 ] ] } },
{ "type": "Feature", "properties": { "u": 19, "v": 169, "key": 0, "oneway": "True", "highway": "residential", "name": "улица Профессора Севастьянова", "maxspeed": "40", "lanes": "1", "osmid": [ 48804988, 676395189, 711959463 ], "u_original": "596", "v_original": "159", "length": "215.76339583990338" }, "geometry": { "type": "LineString", "coordinates": [ [ 20.5134619, 54.7155609 ], [ 20.510281956325347, 54.715105056358574 ] ] } },
{ "type": "Feature", "properties": { "u": 19, "v": 20, "key": 0, "oneway": "False", "highway": "secondary", "name": "Пролетарская улица", "maxspeed": "RU:urban", "lanes": "3", "osmid": [ 1372756560, 1372756561, 309433010, 1025236666 ], "u_original": "596", "v_original": "11", "length": null }, "geometry": { "type": "LineString", "coordinates": [ [ 20.5134619, 54.7155609 ], [ 20.513077, 54.716949 ] ] } },
{ "type": "Feature", "properties": { "u": 19, "v": 16, "key": 0, "oneway": "False", "highway": "secondary", "name": "Пролетарская улица", "maxspeed": "RU:urban", "lanes": "3", "osmid": [ 1372756562, 285794709 ], "u_original": "596", "v_original": "10", "length": null }, "geometry": { "type": "LineString", "coordinates": [ [ 20.5134619, 54.7155609 ], [ 20.5135773, 54.7149157 ] ] } },
{ "type": "Feature", "properties": { "u": 47, "v": 46, "key": 0, "oneway": "False", "highway": "secondary", "name": "Пролетарская улица", "maxspeed": "RU:urban", "lanes": "4", "osmid": "43569989", "u_original": "329", "v_original": "27", "length": "92.95859062718453" }, "geometry": { "type": "LineString", "coordinates": [ [ 20.5127354, 54.7120348 ], [ 20.512293433493042, 54.711240700233134 ] ] } },
{ "type": "Feature", "properties": { "u": 47, "v": 17, "key": 0, "oneway": "False", "highway": "secondary", "name": "Пролетарская улица", "maxspeed": "RU:urban", "lanes": "4", "osmid": "43569989", "u_original": "329", "v_original": "331", "length": "114.17462160401237" }, "geometry": { "type": "LineString", "coordinates": [ [ 20.5127354, 54.7120348 ], [ 20.512751253017797, 54.712888239450137 ] ] } },
{ "type": "Feature", "properties": { "u": 47, "v": 255, "key": 0, "oneway": "False", "highway": "living_street", "name": "", "maxspeed": "RU:living_street", "lanes": "", "osmid": "152625420", "u_original": "329", "v_original": "328", "length": null }, "geometry": { "type": "LineString", "coordinates": [ [ 20.5127354, 54.7120348 ], [ 20.5119881, 54.7116643 ] ] } },
{ "type": "Feature", "properties": { "u": 256, "v": 17, "key": 0, "oneway": "False", "highway": "living_street", "name": "", "maxspeed": "RU:living_street", "lanes": "", "osmid": "152625414", "u_original": "330", "v_original": "332", "length": "81.3454164487697" }, "geometry": { "type": "LineString", "coordinates": [ [ 20.5122833, 54.7122168 ], [ 20.512751253017797, 54.712888239450137 ] ] } },
{ "type": "Feature", "properties": { "u": 43, "v": 156, "key": 0, "oneway": "False", "highway": "residential", "name": "Клиническая улица", "maxspeed": "RU:urban", "lanes": "2", "osmid": [ 134927936, 289390100, 980120511, 134927934, 134927935 ], "u_original": "533", "v_original": "150", "length": "665.68472999338" }, "geometry": { "type": "LineString", "coordinates": [ [ 20.525014700798579, 54.721402168093171 ], [ 20.5212886, 54.716491 ] ] } },
{ "type": "Feature", "properties": { "u": 43, "v": 39, "key": 0, "oneway": "False", "highway": "primary", "name": "улица Литовский Вал", "maxspeed": "RU:urban", "lanes": "3", "osmid": [ 297911973, 669215984, 669215985, 669215986, 733841819, 733841820 ], "u_original": "436", "v_original": "233", "length": "435.9124011021906" }, "geometry": { "type": "LineString", "coordinates": [ [ 20.525014700798579, 54.721402168093171 ], [ 20.5300491, 54.7188355 ] ] } },
{ "type": "Feature", "properties": { "u": 43, "v": 264, "key": 0, "oneway": "True", "highway": "primary", "name": "улица 9-го Апреля", "maxspeed": "RU:urban", "lanes": "3", "osmid": "1369736245", "u_original": "458", "v_original": "430", "length": "262.99691131498116" }, "geometry": { "type": "LineString", "coordinates": [ [ 20.525014700798579, 54.721402168093171 ], [ 20.524809966656409, 54.719056700056662 ] ] } },
{ "type": "Feature", "properties": { "u": 43, "v": 18, "key": 0, "oneway": "True", "highway": "primary", "name": "улица Черняховского", "maxspeed": "RU:urban", "lanes": "3", "osmid": [ 423757189, 449776654, 102459887, 980120568, 975128408, 371511005 ], "u_original": "441", "v_original": "148", "length": "447.34636637677517" }, "geometry": { "type": "LineString", "coordinates": [ [ 20.525014700798579, 54.721402168093171 ], [ 20.518374100002973, 54.720724700000225 ] ] } },
{ "type": "Feature", "properties": { "u": 126, "v": 24, "key": 0, "oneway": "True", "highway": "secondary", "name": "Озёрный проезд", "maxspeed": "RU:urban", "lanes": "2", "osmid": [ 43120085, 295023375 ], "u_original": "108", "v_original": "401", "length": "205.29620222369377" }, "geometry": { "type": "LineString", "coordinates": [ [ 20.5172289, 54.7208069 ], [ 20.514714940558139, 54.721865146119086 ] ] } },
{ "type": "Feature", "properties": { "u": 126, "v": 23, "key": 0, "oneway": "True", "highway": "primary", "name": "улица Черняховского", "maxspeed": "RU:urban", "lanes": "2", "osmid": [ 669215961, 295045379, 980120565 ], "u_original": "108", "v_original": "12", "length": "205.9215004699729" }, "geometry": { "type": "LineString", "coordinates": [ [ 20.5172289, 54.7208069 ], [ 20.514160749964521, 54.720453750002449 ] ] } },
{ "type": "Feature", "properties": { "u": 169, "v": 22, "key": 0, "oneway": "False", "highway": "residential", "name": "улица Маршала Рокоссовского", "maxspeed": "RU:urban", "lanes": "2", "osmid": [ 1370697605, 1370697606, 1370697607, 711959464, 1370697608, 1069222952, 48804990 ], "u_original": "159", "v_original": "160", "length": "168.6884061477875" }, "geometry": { "type": "LineString", "coordinates": [ [ 20.510281956325347, 54.715105056358574 ], [ 20.5101576, 54.7164764 ] ] } },
{ "type": "Feature", "properties": { "u": 169, "v": 167, "key": 0, "oneway": "False", "highway": "residential", "name": "улица Профессора Севастьянова", "maxspeed": "40", "lanes": "2", "osmid": [ 1370697616, 1370697617, 1370697618, 396981043, 48804989 ], "u_original": "168", "v_original": "167", "length": "280.474030593936" }, "geometry": { "type": "LineString", "coordinates": [ [ 20.510281956325347, 54.715105056358574 ], [ 20.506441699389168, 54.714414075571284 ] ] } },
{ "type": "Feature", "properties": { "u": 20, "v": 21, "key": 0, "oneway": "False", "highway": "secondary", "name": "Пролетарская улица", "maxspeed": "RU:urban", "lanes": "2", "osmid": [ 996602369, 711959467, 711959468, 309433013, 1372756573 ], "u_original": "11", "v_original": "166", "length": null }, "geometry": { "type": "LineString", "coordinates": [ [ 20.513077, 54.716949 ], [ 20.5133498, 54.718692499999989 ] ] } },
{ "type": "Feature", "properties": { "u": 20, "v": 19, "key": 0, "oneway": "False", "highway": "secondary", "name": "Пролетарская улица", "maxspeed": "RU:urban", "lanes": "3", "osmid": [ 1372756560, 1372756561, 1025236666, 309433010 ], "u_original": "11", "v_original": "596", "length": null }, "geometry": { "type": "LineString", "coordinates": [ [ 20.513077, 54.716949 ], [ 20.5134619, 54.7155609 ] ] } },
{ "type": "Feature", "properties": { "u": 20, "v": 22, "key": 0, "oneway": "False", "highway": "residential", "name": "улица Генерала Соммера", "maxspeed": "RU:urban", "lanes": "2", "osmid": [ 48804991, 1370697619, 1370697620, 1040432381, 1040432382, 1040432383 ], "u_original": "11", "v_original": "160", "length": null }, "geometry": { "type": "LineString", "coordinates": [ [ 20.513077, 54.716949 ], [ 20.5101576, 54.7164764 ] ] } },
{ "type": "Feature", "properties": { "u": 21, "v": 172, "key": 0, "oneway": "False", "highway": "residential", "name": "Минская улица", "maxspeed": "RU:living_street", "lanes": "2", "osmid": [ 1388040537, 309433009 ], "u_original": "166", "v_original": "165", "length": null }, "geometry": { "type": "LineString", "coordinates": [ [ 20.5133498, 54.718692499999989 ], [ 20.5111824, 54.719094599999984 ] ] } },
{ "type": "Feature", "properties": { "u": 21, "v": 23, "key": 0, "oneway": "False", "highway": "secondary", "name": "Пролетарская улица", "maxspeed": "RU:urban", "lanes": "3", "osmid": [ 309433011, 1372756572, 711959469, 711959470 ], "u_original": "166", "v_original": "531", "length": "202.83482863017184" }, "geometry": { "type": "LineString", "coordinates": [ [ 20.5133498, 54.718692499999989 ], [ 20.514160749964521, 54.720453750002449 ] ] } },
{ "type": "Feature", "properties": { "u": 21, "v": 20, "key": 0, "oneway": "False", "highway": "secondary", "name": "Пролетарская улица", "maxspeed": "RU:urban", "lanes": "2", "osmid": [ 996602369, 711959467, 711959468, 309433013, 1372756573 ], "u_original": "166", "v_original": "11", "length": null }, "geometry": { "type": "LineString", "coordinates": [ [ 20.5133498, 54.718692499999989 ], [ 20.513077, 54.716949 ] ] } },
{ "type": "Feature", "properties": { "u": 22, "v": 20, "key": 0, "oneway": "False", "highway": "residential", "name": "улица Генерала Соммера", "maxspeed": "RU:urban", "lanes": "2", "osmid": [ 1040432383, 1370697619, 1370697620, 1040432381, 1040432382, 48804991 ], "u_original": "160", "v_original": "11", "length": null }, "geometry": { "type": "LineString", "coordinates": [ [ 20.5101576, 54.7164764 ], [ 20.513077, 54.716949 ] ] } },
{ "type": "Feature", "properties": { "u": 22, "v": 170, "key": 0, "oneway": "False", "highway": "residential", "name": "улица Генерала Соммера", "maxspeed": "RU:living_street", "lanes": "2", "osmid": [ 1370697612, 1370697613, 48810935, 48810937, 48810943 ], "u_original": "160", "v_original": "164", "length": null }, "geometry": { "type": "LineString", "coordinates": [ [ 20.5101576, 54.7164764 ], [ 20.5098983, 54.7177329 ] ] } },
{ "type": "Feature", "properties": { "u": 22, "v": 169, "key": 0, "oneway": "False", "highway": "residential", "name": "улица Маршала Рокоссовского", "maxspeed": "RU:urban", "lanes": "2", "osmid": [ 1370697605, 1370697606, 1370697607, 1069222952, 1370697608, 711959464, 48804990 ], "u_original": "160", "v_original": "159", "length": "168.6884061477875" }, "geometry": { "type": "LineString", "coordinates": [ [ 20.5101576, 54.7164764 ], [ 20.510281956325347, 54.715105056358574 ] ] } },
{ "type": "Feature", "properties": { "u": 172, "v": 21, "key": 0, "oneway": "False", "highway": "residential", "name": "Минская улица", "maxspeed": "RU:living_street", "lanes": "2", "osmid": [ 1388040537, 309433009 ], "u_original": "165", "v_original": "166", "length": null }, "geometry": { "type": "LineString", "coordinates": [ [ 20.5111824, 54.719094599999984 ], [ 20.5133498, 54.718692499999989 ] ] } },
{ "type": "Feature", "properties": { "u": 23, "v": 24, "key": 0, "oneway": "False", "highway": "secondary", "name": "Пролетарская улица", "maxspeed": "RU:urban", "lanes": "3", "osmid": [ 294211169, 91260942 ], "u_original": "12", "v_original": "615", "length": "161.0622049525775" }, "geometry": { "type": "LineString", "coordinates": [ [ 20.514160749964521, 54.720453750002449 ], [ 20.514714940558139, 54.721865146119086 ] ] } },
{ "type": "Feature", "properties": { "u": 23, "v": 25, "key": 0, "oneway": "True", "highway": "primary", "name": "улица Черняховского", "maxspeed": "RU:urban", "lanes": "2", "osmid": "107174499", "u_original": "12", "v_original": "612", "length": "96.62841886758287" }, "geometry": { "type": "LineString", "coordinates": [ [ 20.514160749964521, 54.720453750002449 ], [ 20.51291475001042, 54.72039905000053 ] ] } },
{ "type": "Feature", "properties": { "u": 23, "v": 21, "key": 0, "oneway": "False", "highway": "secondary", "name": "Пролетарская улица", "maxspeed": "RU:urban", "lanes": "3", "osmid": [ 309433011, 1372756572, 711959469, 711959470 ], "u_original": "531", "v_original": "166", "length": "202.83482863017184" }, "geometry": { "type": "LineString", "coordinates": [ [ 20.514160749964521, 54.720453750002449 ], [ 20.5133498, 54.718692499999989 ] ] } },
{ "type": "Feature", "properties": { "u": 23, "v": 18, "key": 0, "oneway": "True", "highway": "primary", "name": "улица Черняховского", "maxspeed": "RU:urban", "lanes": "2", "osmid": [ 980120517, 980120518, 1372756558, 1372756559 ], "u_original": "531", "v_original": "534", "length": "287.49018760283445" }, "geometry": { "type": "LineString", "coordinates": [ [ 20.514160749964521, 54.720453750002449 ], [ 20.518374100002973, 54.720724700000225 ] ] } },
{ "type": "Feature", "properties": { "u": 170, "v": 22, "key": 0, "oneway": "False", "highway": "residential", "name": "улица Генерала Соммера", "maxspeed": "RU:living_street", "lanes": "2", "osmid": [ 1370697612, 1370697613, 48810935, 48810937, 48810943 ], "u_original": "164", "v_original": "160", "length": null }, "geometry": { "type": "LineString", "coordinates": [ [ 20.5098983, 54.7177329 ], [ 20.5101576, 54.7164764 ] ] } },
{ "type": "Feature", "properties": { "u": 24, "v": 23, "key": 0, "oneway": "False", "highway": "secondary", "name": "Пролетарская улица", "maxspeed": "RU:urban", "lanes": "3", "osmid": [ 294211169, 91260942 ], "u_original": "615", "v_original": "12", "length": "161.0622049525775" }, "geometry": { "type": "LineString", "coordinates": [ [ 20.514714940558139, 54.721865146119086 ], [ 20.514160749964521, 54.720453750002449 ] ] } },
{ "type": "Feature", "properties": { "u": 24, "v": 266, "key": 0, "oneway": "False", "highway": "tertiary", "name": "улица Профессора Баранова", "maxspeed": "RU:urban", "lanes": "3", "osmid": "1364318064", "u_original": "396", "v_original": "395", "length": "137.6826767494916" }, "geometry": { "type": "LineString", "coordinates": [ [ 20.514714940558139, 54.721865146119086 ], [ 20.5126858, 54.7215993 ] ] } },
{ "type": "Feature", "properties": { "u": 25, "v": 257, "key": 0, "oneway": "True", "highway": "primary", "name": "улица Черняховского", "maxspeed": "RU:urban", "lanes": "3", "osmid": [ 669215960, 107174499, 313596237 ], "u_original": "612", "v_original": "335", "length": "344.3763815783933" }, "geometry": { "type": "LineString", "coordinates": [ [ 20.51291475001042, 54.72039905000053 ], [ 20.507821394613266, 54.719876185547392 ] ] } },
{ "type": "Feature", "properties": { "u": 25, "v": 23, "key": 0, "oneway": "True", "highway": "primary", "name": "улица Черняховского", "maxspeed": "RU:urban", "lanes": "3", "osmid": [ 980120522, 1011113118 ], "u_original": "611", "v_original": "531", "length": "92.8431671084304" }, "geometry": { "type": "LineString", "coordinates": [ [ 20.51291475001042, 54.72039905000053 ], [ 20.514160749964521, 54.720453750002449 ] ] } },
{ "type": "Feature", "properties": { "u": 266, "v": 24, "key": 0, "oneway": "False", "highway": "tertiary", "name": "улица Профессора Баранова", "maxspeed": "RU:urban", "lanes": "3", "osmid": "1364318064", "u_original": "395", "v_original": "396", "length": "137.6826767494916" }, "geometry": { "type": "LineString", "coordinates": [ [ 20.5126858, 54.7215993 ], [ 20.514714940558139, 54.721865146119086 ] ] } },
{ "type": "Feature", "properties": { "u": 257, "v": 83, "key": 0, "oneway": "True", "highway": "primary", "name": "улица Горького", "maxspeed": "RU:urban", "lanes": "2", "osmid": [ 156136546, 980510514 ], "u_original": "335", "v_original": "62", "length": "123.77021874476831" }, "geometry": { "type": "LineString", "coordinates": [ [ 20.507821394613266, 54.719876185547392 ], [ 20.507448749992612, 54.720926450011042 ] ] } },
{ "type": "Feature", "properties": { "u": 257, "v": 84, "key": 0, "oneway": "True", "highway": "primary", "name": "улица Черняховского", "maxspeed": "RU:urban", "lanes": "3", "osmid": [ 1372756596, 106645100, 290023320, 980120567 ], "u_original": "541", "v_original": "63", "length": "172.07790591812605" }, "geometry": { "type": "LineString", "coordinates": [ [ 20.507821394613266, 54.719876185547392 ], [ 20.505374650035566, 54.719512650003828 ] ] } },
{ "type": "Feature", "properties": { "u": 257, "v": 25, "key": 0, "oneway": "True", "highway": "primary", "name": "улица Черняховского", "maxspeed": "RU:urban", "lanes": "2", "osmid": [ 980120523, 1011113118 ], "u_original": "532", "v_original": "611", "length": "342.0864807092878" }, "geometry": { "type": "LineString", "coordinates": [ [ 20.507821394613266, 54.719876185547392 ], [ 20.51291475001042, 54.72039905000053 ] ] } },
{ "type": "Feature", "properties": { "u": 58, "v": 79, "key": 0, "oneway": "False", "highway": "residential", "name": "Кронштадтская улица", "maxspeed": "", "lanes": "1", "osmid": "42323079", "u_original": "51", "v_original": "52", "length": null }, "geometry": { "type": "LineString", "coordinates": [ [ 20.493147, 54.720447900000011 ], [ 20.4931973, 54.7198193 ] ] } },
{ "type": "Feature", "properties": { "u": 58, "v": 60, "key": 0, "oneway": "False", "highway": "residential", "name": "Кронштадтская улица", "maxspeed": "", "lanes": "1", "osmid": [ 42323104, 42323075 ], "u_original": "51", "v_original": "38", "length": null }, "geometry": { "type": "LineString", "coordinates": [ [ 20.493147, 54.720447900000011 ], [ 20.4929292, 54.722466799999985 ] ] } },
{ "type": "Feature", "properties": { "u": 58, "v": 59, "key": 0, "oneway": "True", "highway": "tertiary", "name": "улица Грекова", "maxspeed": "RU:urban", "lanes": "2", "osmid": "1374294977", "u_original": "51", "v_original": "53", "length": "109.45427760439496" }, "geometry": { "type": "LineString", "coordinates": [ [ 20.493147, 54.720447900000011 ], [ 20.491452399979579, 54.720376900184412 ] ] } },
{ "type": "Feature", "properties": { "u": 108, "v": 26, "key": 0, "oneway": "False", "highway": "unclassified", "name": "улица Ушинского", "maxspeed": "", "lanes": "2", "osmid": "42740841", "u_original": "92", "v_original": "393", "length": "143.3174922694244" }, "geometry": { "type": "LineString", "coordinates": [ [ 20.4947897, 54.718886 ], [ 20.494512982596362, 54.72012140732582 ] ] } },
{ "type": "Feature", "properties": { "u": 27, "v": 28, "key": 0, "oneway": "False", "highway": "primary", "name": "Железнодорожная улица", "maxspeed": "", "lanes": "2", "osmid": [ 335233177, 997577004, 997577005, 56300959 ], "u_original": "223", "v_original": "15", "length": "175.13888009447183" }, "geometry": { "type": "LineString", "coordinates": [ [ 20.489246563353444, 54.706439164914528 ], [ 20.489947364417201, 54.704935325888385 ] ] } },
{ "type": "Feature", "properties": { "u": 27, "v": 114, "key": 0, "oneway": "False", "highway": "primary", "name": "Гвардейский проспект", "maxspeed": "RU:urban", "lanes": "3", "osmid": [ 210189712, 1012813127 ], "u_original": "99", "v_original": "283", "length": "197.45094743327638" }, "geometry": { "type": "LineString", "coordinates": [ [ 20.489246563353444, 54.706439164914528 ], [ 20.4899832, 54.7080715 ] ] } },
{ "type": "Feature", "properties": { "u": 28, "v": 27, "key": 0, "oneway": "False", "highway": "primary", "name": "Железнодорожная улица", "maxspeed": "", "lanes": "2", "osmid": [ 335233177, 997577004, 997577005, 56300959 ], "u_original": "15", "v_original": "223", "length": "175.13888009447183" }, "geometry": { "type": "LineString", "coordinates": [ [ 20.489947364417201, 54.704935325888385 ], [ 20.489246563353444, 54.706439164914528 ] ] } },
{ "type": "Feature", "properties": { "u": 28, "v": 29, "key": 0, "oneway": "False", "highway": "primary", "name": "Железнодорожная улица", "maxspeed": "RU:urban", "lanes": "3", "osmid": [ 263192167, 53579149, 53579154, 1210147833, 107422780, 1264379966 ], "u_original": "16", "v_original": "610", "length": "933.3066420199726" }, "geometry": { "type": "LineString", "coordinates": [ [ 20.489947364417201, 54.704935325888385 ], [ 20.493810259626695, 54.697059563541977 ] ] } },
{ "type": "Feature", "properties": { "u": 28, "v": 199, "key": 0, "oneway": "False", "highway": "secondary", "name": "Портовая улица", "maxspeed": "RU:urban", "lanes": "2", "osmid": [ 989399922, 989399923, 989399924, 989399925, 989399926, 989399927, 989399928, 989399929, 391922266 ], "u_original": "212", "v_original": "224", "length": "348.014862065519" }, "geometry": { "type": "LineString", "coordinates": [ [ 20.489947364417201, 54.704935325888385 ], [ 20.4883929, 54.7019781 ] ] } },
{ "type": "Feature", "properties": { "u": 114, "v": 80, "key": 0, "oneway": "True", "highway": "primary", "name": "улица Генерала Буткова", "maxspeed": "RU:urban", "lanes": "4", "osmid": [ 1370382539, 1370382540, 1370382541, 59848199 ], "u_original": "283", "v_original": "59", "length": "459.19605416439833" }, "geometry": { "type": "LineString", "coordinates": [ [ 20.4899832, 54.7080715 ], [ 20.49453248261915, 54.711094979812415 ] ] } },
{ "type": "Feature", "properties": { "u": 114, "v": 27, "key": 0, "oneway": "False", "highway": "primary", "name": "Гвардейский проспект", "maxspeed": "RU:urban", "lanes": "3", "osmid": [ 210189712, 1012813127 ], "u_original": "283", "v_original": "99", "length": "197.45094743327638" }, "geometry": { "type": "LineString", "coordinates": [ [ 20.4899832, 54.7080715 ], [ 20.489246563353444, 54.706439164914528 ] ] } },
{ "type": "Feature", "properties": { "u": 29, "v": 28, "key": 0, "oneway": "False", "highway": "primary", "name": "Железнодорожная улица", "maxspeed": "RU:urban", "lanes": "3", "osmid": [ 263192167, 53579149, 53579154, 1210147833, 107422780, 1264379966 ], "u_original": "610", "v_original": "16", "length": "933.3066420199726" }, "geometry": { "type": "LineString", "coordinates": [ [ 20.493810259626695, 54.697059563541977 ], [ 20.489947364417201, 54.704935325888385 ] ] } },
{ "type": "Feature", "properties": { "u": 29, "v": 123, "key": 0, "oneway": "False", "highway": "primary", "name": "улица Александра Суворова", "maxspeed": "", "lanes": "3", "osmid": [ 981660657, 172879669, 687435374 ], "u_original": "507", "v_original": "106", "length": "120.92348576080583" }, "geometry": { "type": "LineString", "coordinates": [ [ 20.493810259626695, 54.697059563541977 ], [ 20.492556300008488, 54.696365300001005 ] ] } },
{ "type": "Feature", "properties": { "u": 29, "v": 34, "key": 0, "oneway": "True", "highway": "primary", "name": "Железнодорожная улица", "maxspeed": "60", "lanes": "2", "osmid": [ 668677459, 45508621, 1108610951 ], "u_original": "507", "v_original": "20", "length": "177.12750733906628" }, "geometry": { "type": "LineString", "coordinates": [ [ 20.493810259626695, 54.697059563541977 ], [ 20.495922762002944, 54.69615119027425 ] ] } },
{ "type": "Feature", "properties": { "u": 29, "v": 189, "key": 0, "oneway": "True", "highway": "secondary", "name": "улица Багратиона", "maxspeed": "40", "lanes": "1", "osmid": [ 982439568, 188301806, 188301807, 188301808, 188301809, 713320338, 982439571, 713320339, 982439570, 713320340, 982439569, 852163343, 982439545 ], "u_original": "561", "v_original": "265", "length": "459.97694446988" }, "geometry": { "type": "LineString", "coordinates": [ [ 20.493810259626695, 54.697059563541977 ], [ 20.500428588171527, 54.69838908860325 ] ] } },
{ "type": "Feature", "properties": { "u": 199, "v": 209, "key": 0, "oneway": "False", "highway": "unclassified", "name": "Крановая улица", "maxspeed": "", "lanes": "2", "osmid": [ 56302400, 56302399 ], "u_original": "224", "v_original": "225", "length": null }, "geometry": { "type": "LineString", "coordinates": [ [ 20.4883929, 54.7019781 ], [ 20.4872655, 54.7036652 ] ] } },
{ "type": "Feature", "properties": { "u": 199, "v": 28, "key": 0, "oneway": "False", "highway": "secondary", "name": "Портовая улица", "maxspeed": "RU:urban", "lanes": "2", "osmid": [ 989399922, 989399923, 989399924, 989399925, 989399926, 989399927, 989399928, 989399929, 391922266 ], "u_original": "224", "v_original": "212", "length": "348.014862065519" }, "geometry": { "type": "LineString", "coordinates": [ [ 20.4883929, 54.7019781 ], [ 20.489947364417201, 54.704935325888385 ] ] } },
{ "type": "Feature", "properties": { "u": 123, "v": 124, "key": 0, "oneway": "False", "highway": "residential", "name": "Южная улица", "maxspeed": "RU:urban", "lanes": "2", "osmid": "130867095", "u_original": "106", "v_original": "251", "length": "87.7874317302293" }, "geometry": { "type": "LineString", "coordinates": [ [ 20.492556300008488, 54.696365300001005 ], [ 20.4917183, 54.6969857 ] ] } },
{ "type": "Feature", "properties": { "u": 123, "v": 29, "key": 0, "oneway": "False", "highway": "primary", "name": "улица Александра Суворова", "maxspeed": "", "lanes": "3", "osmid": [ 981660657, 172879669, 687435374 ], "u_original": "106", "v_original": "507", "length": "120.92348576080583" }, "geometry": { "type": "LineString", "coordinates": [ [ 20.492556300008488, 54.696365300001005 ], [ 20.493810259626695, 54.697059563541977 ] ] } },
{ "type": "Feature", "properties": { "u": 123, "v": 125, "key": 0, "oneway": "False", "highway": "primary", "name": "улица Александра Суворова", "maxspeed": "RU:urban", "lanes": "4", "osmid": [ 130867096, 43073288, 981660658, 43073286 ], "u_original": "106", "v_original": "250", "length": "302.1858122853777" }, "geometry": { "type": "LineString", "coordinates": [ [ 20.492556300008488, 54.696365300001005 ], [ 20.4881305, 54.695543800000017 ] ] } },
{ "type": "Feature", "properties": { "u": 34, "v": 36, "key": 0, "oneway": "False", "highway": "tertiary", "name": "Железнодорожная улица", "maxspeed": "RU:urban", "lanes": "2", "osmid": [ 736296240, 736296241, 107449568 ], "u_original": "480", "v_original": "138", "length": "153.2822652457086" }, "geometry": { "type": "LineString", "coordinates": [ [ 20.495922762002944, 54.69615119027425 ], [ 20.4979734, 54.6955161 ] ] } },
{ "type": "Feature", "properties": { "u": 34, "v": 35, "key": 0, "oneway": "True", "highway": "primary", "name": "площадь Калинина", "maxspeed": "RU:urban", "lanes": "2", "osmid": [ 107449569, 981617665 ], "u_original": "505", "v_original": "21", "length": "188.49899451817677" }, "geometry": { "type": "LineString", "coordinates": [ [ 20.495922762002944, 54.69615119027425 ], [ 20.49874724996662, 54.696268500006269 ] ] } },
{ "type": "Feature", "properties": { "u": 189, "v": 33, "key": 0, "oneway": "True", "highway": "secondary", "name": "улица Багратиона", "maxspeed": "RU:urban", "lanes": "1", "osmid": [ 713320345, 980011171 ], "u_original": "364", "v_original": "509", "length": "189.64612810644476" }, "geometry": { "type": "LineString", "coordinates": [ [ 20.500428588171527, 54.69838908860325 ], [ 20.503187761608345, 54.698950762998152 ] ] } },
{ "type": "Feature", "properties": { "u": 189, "v": 231, "key": 0, "oneway": "False", "highway": "residential", "name": "Серпуховский переулок", "maxspeed": "", "lanes": "", "osmid": [ 996149801, 1372496943 ], "u_original": "265", "v_original": "598", "length": "222.8496299627791" }, "geometry": { "type": "LineString", "coordinates": [ [ 20.500428588171527, 54.69838908860325 ], [ 20.5003944, 54.6969132 ] ] } },
{ "type": "Feature", "properties": { "u": 189, "v": 192, "key": 0, "oneway": "True", "highway": "secondary", "name": "улица Багратиона", "maxspeed": "RU:urban", "lanes": "1", "osmid": [ 982439488, 982439490, 982439491, 982439492, 982439493, 982439546 ], "u_original": "571", "v_original": "508", "length": "374.4248002394744" }, "geometry": { "type": "LineString", "coordinates": [ [ 20.500428588171527, 54.69838908860325 ], [ 20.4949161, 54.697439399999986 ] ] } },
{ "type": "Feature", "properties": { "u": 189, "v": 262, "key": 0, "oneway": "False", "highway": "living_street", "name": "", "maxspeed": "RU:living_street", "lanes": "", "osmid": "188315982", "u_original": "365", "v_original": "366", "length": "182.29088815734596" }, "geometry": { "type": "LineString", "coordinates": [ [ 20.500428588171527, 54.69838908860325 ], [ 20.5023909, 54.699428 ] ] } },
{ "type": "Feature", "properties": { "u": 189, "v": 198, "key": 0, "oneway": "False", "highway": "tertiary", "name": "Серпуховская улица", "maxspeed": "RU:urban", "lanes": "2", "osmid": "308244427", "u_original": "365", "v_original": "321", "length": "162.8644774409182" }, "geometry": { "type": "LineString", "coordinates": [ [ 20.500428588171527, 54.69838908860325 ], [ 20.5010349, 54.6998094 ] ] } },
{ "type": "Feature", "properties": { "u": 189, "v": 261, "key": 0, "oneway": "False", "highway": "living_street", "name": "", "maxspeed": "RU:living_street", "lanes": "", "osmid": "188315979", "u_original": "362", "v_original": "363", "length": "113.8402931489816" }, "geometry": { "type": "LineString", "coordinates": [ [ 20.500428588171527, 54.69838908860325 ], [ 20.5020993, 54.6984076 ] ] } },
{ "type": "Feature", "properties": { "u": 30, "v": 31, "key": 0, "oneway": "True", "highway": "secondary", "name": "улица Дзержинского", "maxspeed": "RU:urban", "lanes": "1", "osmid": [ 982439480, 982439481 ], "u_original": "17", "v_original": "379", "length": "393.1110499582388" }, "geometry": { "type": "LineString", "coordinates": [ [ 20.517083120638603, 54.698320734171595 ], [ 20.521271146196035, 54.695836893832649 ] ] } },
{ "type": "Feature", "properties": { "u": 30, "v": 164, "key": 0, "oneway": "True", "highway": "secondary", "name": "Октябрьская улица", "maxspeed": "40", "lanes": "2", "osmid": [ 982459593, 982459610, 982459611, 982459614 ], "u_original": "562", "v_original": "577", "length": "188.0478304193148" }, "geometry": { "type": "LineString", "coordinates": [ [ 20.517083120638603, 54.698320734171595 ], [ 20.518132700023859, 54.699848650015781 ] ] } },
{ "type": "Feature", "properties": { "u": 30, "v": 137, "key": 0, "oneway": "False", "highway": "residential", "name": "Большая Песочная улица", "maxspeed": "RU:urban", "lanes": "1", "osmid": [ 996149797, 713320357 ], "u_original": "128", "v_original": "171", "length": "123.22651290212133" }, "geometry": { "type": "LineString", "coordinates": [ [ 20.517083120638603, 54.698320734171595 ], [ 20.5154697, 54.6985509 ] ] } },
{ "type": "Feature", "properties": { "u": 30, "v": 115, "key": 0, "oneway": "True", "highway": "secondary", "name": "Октябрьская улица", "maxspeed": "RU:urban", "lanes": "2", "osmid": [ 210176827, 982459597, 982459517 ], "u_original": "128", "v_original": "100", "length": "120.90340481657196" }, "geometry": { "type": "LineString", "coordinates": [ [ 20.517083120638603, 54.698320734171595 ], [ 20.5165384, 54.6972822 ] ] } },
{ "type": "Feature", "properties": { "u": 30, "v": 62, "key": 0, "oneway": "True", "highway": "secondary", "name": "улица Багратиона", "maxspeed": "RU:urban", "lanes": "2", "osmid": [ 982439540, 982439541, 982439542, 982439543 ], "u_original": "578", "v_original": "564", "length": "292.01070520692144" }, "geometry": { "type": "LineString", "coordinates": [ [ 20.517083120638603, 54.698320734171595 ], [ 20.513448472493256, 54.699624495902441 ] ] } },
{ "type": "Feature", "properties": { "u": 31, "v": 30, "key": 0, "oneway": "True", "highway": "secondary", "name": "улица Дзержинского", "maxspeed": "RU:urban", "lanes": "1", "osmid": [ 982439544, 982439482, 982439547, 754616637 ], "u_original": "379", "v_original": "562", "length": "404.89571830205824" }, "geometry": { "type": "LineString", "coordinates": [ [ 20.521271146196035, 54.695836893832649 ], [ 20.517083120638603, 54.698320734171595 ] ] } },
{ "type": "Feature", "properties": { "u": 31, "v": 122, "key": 0, "oneway": "True", "highway": "primary", "name": "проспект Калинина", "maxspeed": "RU:urban", "lanes": "2", "osmid": [ 713320369, 981617621, 981617622, 316311453, 316311454 ], "u_original": "307", "v_original": "126", "length": "322.02097353166494" }, "geometry": { "type": "LineString", "coordinates": [ [ 20.521271146196035, 54.695836893832649 ], [ 20.516745400007647, 54.69529290000041 ] ] } },
{ "type": "Feature", "properties": { "u": 31, "v": 54, "key": 0, "oneway": "False", "highway": "primary", "name": "улица Дзержинского", "maxspeed": "RU:urban", "lanes": "4", "osmid": [ 91264362, 106618171 ], "u_original": "556", "v_original": "32", "length": "253.38759636710324" }, "geometry": { "type": "LineString", "coordinates": [ [ 20.521271146196035, 54.695836893832649 ], [ 20.5242181, 54.694419 ] ] } },
{ "type": "Feature", "properties": { "u": 31, "v": 233, "key": 0, "oneway": "True", "highway": "primary", "name": "Второй эстакадный мост", "maxspeed": "RU:urban", "lanes": "3", "osmid": [ 423080017, 423080013, 133259326, 423080015 ], "u_original": "289", "v_original": "276", "length": "691.782568094743" }, "geometry": { "type": "LineString", "coordinates": [ [ 20.521271146196035, 54.695836893832649 ], [ 20.5228827, 54.7018898 ] ] } },
{ "type": "Feature", "properties": { "u": 164, "v": 30, "key": 0, "oneway": "True", "highway": "secondary", "name": "Октябрьская улица", "maxspeed": "RU:urban", "lanes": "2", "osmid": [ 982459612, 982459603, 48754756, 982459596 ], "u_original": "581", "v_original": "578", "length": "187.7548695369088" }, "geometry": { "type": "LineString", "coordinates": [ [ 20.518132700023859, 54.699848650015781 ], [ 20.517083120638603, 54.698320734171595 ] ] } },
{ "type": "Feature", "properties": { "u": 164, "v": 163, "key": 0, "oneway": "True", "highway": "secondary", "name": "Октябрьская улица", "maxspeed": "30", "lanes": "1", "osmid": [ 982459670, 982459671 ], "u_original": "577", "v_original": "575", "length": "107.22783999377538" }, "geometry": { "type": "LineString", "coordinates": [ [ 20.518132700023859, 54.699848650015781 ], [ 20.517434099973432, 54.700602000014939 ] ] } },
{ "type": "Feature", "properties": { "u": 164, "v": 273, "key": 0, "oneway": "False", "highway": "secondary", "name": "набережная Ветеранов", "maxspeed": "RU:urban", "lanes": "4", "osmid": [ 428635507, 1210349534 ], "u_original": "577", "v_original": "455", "length": "185.96081097239622" }, "geometry": { "type": "LineString", "coordinates": [ [ 20.518132700023859, 54.699848650015781 ], [ 20.520717728801376, 54.699112793535427 ] ] } },
{ "type": "Feature", "properties": { "u": 137, "v": 173, "key": 0, "oneway": "False", "highway": "residential", "name": "Малая Песочная улица", "maxspeed": "RU:urban", "lanes": "1", "osmid": "49205132", "u_original": "171", "v_original": "599", "length": null }, "geometry": { "type": "LineString", "coordinates": [ [ 20.5154697, 54.6985509 ], [ 20.5151874, 54.6978729 ] ] } },
{ "type": "Feature", "properties": { "u": 137, "v": 30, "key": 0, "oneway": "False", "highway": "residential", "name": "Большая Песочная улица", "maxspeed": "RU:urban", "lanes": "1", "osmid": [ 996149797, 713320357 ], "u_original": "171", "v_original": "128", "length": "123.22651290212133" }, "geometry": { "type": "LineString", "coordinates": [ [ 20.5154697, 54.6985509 ], [ 20.517083120638603, 54.698320734171595 ] ] } },
{ "type": "Feature", "properties": { "u": 137, "v": 62, "key": 0, "oneway": "False", "highway": "residential", "name": "Большая Песочная улица", "maxspeed": "RU:urban", "lanes": "1", "osmid": "996149797", "u_original": "171", "v_original": "481", "length": "223.80480174063942" }, "geometry": { "type": "LineString", "coordinates": [ [ 20.5154697, 54.6985509 ], [ 20.513448472493256, 54.699624495902441 ] ] } },
{ "type": "Feature", "properties": { "u": 115, "v": 116, "key": 0, "oneway": "False", "highway": "tertiary", "name": "улица Богдана Хмельницкого", "maxspeed": "RU:urban", "lanes": "2", "osmid": [ 121516045, 713320358, 713320359 ], "u_original": "100", "v_original": "170", "length": "114.66532282988872" }, "geometry": { "type": "LineString", "coordinates": [ [ 20.5165384, 54.6972822 ], [ 20.515178949992716, 54.697506250004835 ] ] } },
{ "type": "Feature", "properties": { "u": 115, "v": 117, "key": 0, "oneway": "True", "highway": "secondary", "name": "Октябрьская улица", "maxspeed": "RU:urban", "lanes": "2", "osmid": "142675430", "u_original": "100", "v_original": "290", "length": "75.23567977082405" }, "geometry": { "type": "LineString", "coordinates": [ [ 20.5165384, 54.6972822 ], [ 20.516608650012461, 54.696607300000629 ] ] } },
{ "type": "Feature", "properties": { "u": 62, "v": 30, "key": 0, "oneway": "True", "highway": "secondary", "name": "улица Багратиона", "maxspeed": "RU:urban", "lanes": "1", "osmid": [ 713320355, 713320356, 312850197, 312850198, 982439549, 982439550 ], "u_original": "39", "v_original": "574", "length": "278.97000585887923" }, "geometry": { "type": "LineString", "coordinates": [ [ 20.513448472493256, 54.699624495902441 ], [ 20.517083120638603, 54.698320734171595 ] ] } },
{ "type": "Feature", "properties": { "u": 62, "v": 65, "key": 0, "oneway": "False", "highway": "tertiary", "name": "Эпроновская улица", "maxspeed": "RU:urban", "lanes": "2", "osmid": [ 41911949, 989399974, 989399975 ], "u_original": "564", "v_original": "187", "length": "102.71487183295707" }, "geometry": { "type": "LineString", "coordinates": [ [ 20.513448472493256, 54.699624495902441 ], [ 20.5137576, 54.7003214 ] ] } },
{ "type": "Feature", "properties": { "u": 62, "v": 137, "key": 0, "oneway": "False", "highway": "residential", "name": "Большая Песочная улица", "maxspeed": "RU:urban", "lanes": "1", "osmid": "996149797", "u_original": "481", "v_original": "171", "length": "223.80480174063942" }, "geometry": { "type": "LineString", "coordinates": [ [ 20.513448472493256, 54.699624495902441 ], [ 20.5154697, 54.6985509 ] ] } },
{ "type": "Feature", "properties": { "u": 62, "v": 138, "key": 0, "oneway": "True", "highway": "secondary", "name": "улица Багратиона", "maxspeed": "RU:urban", "lanes": "1", "osmid": [ 982439528, 982439530, 982439531, 982439527 ], "u_original": "572", "v_original": "567", "length": "260.025214765145" }, "geometry": { "type": "LineString", "coordinates": [ [ 20.513448472493256, 54.699624495902441 ], [ 20.509535319728588, 54.699394046986541 ] ] } },
{ "type": "Feature", "properties": { "u": 122, "v": 135, "key": 0, "oneway": "True", "highway": "primary", "name": "проспект Калинина", "maxspeed": "RU:urban", "lanes": "2", "osmid": [ 981617625, 981617626, 1053446695 ], "u_original": "126", "v_original": "203", "length": "201.4499262574343" }, "geometry": { "type": "LineString", "coordinates": [ [ 20.516745400007647, 54.69529290000041 ], [ 20.513818250013134, 54.695194550000636 ] ] } },
{ "type": "Feature", "properties": { "u": 122, "v": 31, "key": 0, "oneway": "True", "highway": "primary", "name": "проспект Калинина", "maxspeed": "RU:urban", "lanes": "3", "osmid": [ 687297278, 107419290, 687297277, 288009629, 687297279 ], "u_original": "125", "v_original": "275", "length": "326.1911957272375" }, "geometry": { "type": "LineString", "coordinates": [ [ 20.516745400007647, 54.69529290000041 ], [ 20.521271146196035, 54.695836893832649 ] ] } },
{ "type": "Feature", "properties": { "u": 54, "v": 55, "key": 0, "oneway": "False", "highway": "residential", "name": "Водная улица", "maxspeed": "", "lanes": "2", "osmid": "71424058", "u_original": "32", "v_original": "254", "length": null }, "geometry": { "type": "LineString", "coordinates": [ [ 20.5242181, 54.694419 ], [ 20.5256957, 54.695301799999982 ] ] } },
{ "type": "Feature", "properties": { "u": 54, "v": 31, "key": 0, "oneway": "False", "highway": "primary", "name": "улица Дзержинского", "maxspeed": "RU:urban", "lanes": "4", "osmid": [ 91264362, 106618171 ], "u_original": "32", "v_original": "556", "length": "253.38759636710324" }, "geometry": { "type": "LineString", "coordinates": [ [ 20.5242181, 54.694419 ], [ 20.521271146196035, 54.695836893832649 ] ] } },
{ "type": "Feature", "properties": { "u": 233, "v": 234, "key": 0, "oneway": "True", "highway": "primary", "name": "Второй эстакадный мост", "maxspeed": "RU:urban", "lanes": "3", "osmid": "423080016", "u_original": "276", "v_original": "277", "length": null }, "geometry": { "type": "LineString", "coordinates": [ [ 20.5228827, 54.7018898 ], [ 20.5237522, 54.7036016 ] ] } },
{ "type": "Feature", "properties": { "u": 32, "v": 0, "key": 0, "oneway": "True", "highway": "secondary", "name": "улица Шевченко", "maxspeed": "RU:urban", "lanes": "2", "osmid": "43570453", "u_original": "18", "v_original": "113", "length": "111.22966667059833" }, "geometry": { "type": "LineString", "coordinates": [ [ 20.5091923, 54.7109784 ], [ 20.509118538371222, 54.711657550358041 ] ] } },
{ "type": "Feature", "properties": { "u": 32, "v": 0, "key": 1, "oneway": "True", "highway": "primary", "name": "Ленинский проспект", "maxspeed": "RU:urban", "lanes": "3", "osmid": [ 668655483, 106485878 ], "u_original": "18", "v_original": "529", "length": "79.07143351329464" }, "geometry": { "type": "LineString", "coordinates": [ [ 20.5091923, 54.7109784 ], [ 20.509118538371222, 54.711657550358041 ] ] } },
{ "type": "Feature", "properties": { "u": 33, "v": 176, "key": 0, "oneway": "False", "highway": "residential", "name": "Ореховая улица", "maxspeed": "RU:urban", "lanes": "2", "osmid": [ 1372496946, 49207532 ], "u_original": "180", "v_original": "178", "length": "155.8966562764852" }, "geometry": { "type": "LineString", "coordinates": [ [ 20.503187761608345, 54.698950762998152 ], [ 20.5038544, 54.6978522 ] ] } },
{ "type": "Feature", "properties": { "u": 33, "v": 151, "key": 0, "oneway": "True", "highway": "secondary", "name": "улица Багратиона", "maxspeed": "RU:urban", "lanes": "1", "osmid": [ 713320348, 669208275, 982439563, 982439565 ], "u_original": "180", "v_original": "145", "length": "181.93301262001347" }, "geometry": { "type": "LineString", "coordinates": [ [ 20.503187761608345, 54.698950762998152 ], [ 20.505916000003715, 54.699217000000168 ] ] } },
{ "type": "Feature", "properties": { "u": 33, "v": 71, "key": 0, "oneway": "True", "highway": "primary", "name": "Ленинский проспект", "maxspeed": "40", "lanes": "4", "osmid": [ 132322809, 641649491, 996149788, 360956814 ], "u_original": "298", "v_original": "42", "length": "409.2543382306806" }, "geometry": { "type": "LineString", "coordinates": [ [ 20.503187761608345, 54.698950762998152 ], [ 20.504872100071182, 54.70240700007303 ] ] } },
{ "type": "Feature", "properties": { "u": 33, "v": 245, "key": 0, "oneway": "True", "highway": "primary", "name": "Ленинский проспект", "maxspeed": "RU:urban", "lanes": "2", "osmid": "45507669", "u_original": "510", "v_original": "297", "length": "295.9438683729965" }, "geometry": { "type": "LineString", "coordinates": [ [ 20.503187761608345, 54.698950762998152 ], [ 20.500699150282514, 54.696853350191248 ] ] } },
{ "type": "Feature", "properties": { "u": 33, "v": 120, "key": 0, "oneway": "True", "highway": "primary", "name": "Ленинский проспект", "maxspeed": "RU:urban", "lanes": "2", "osmid": "288009608", "u_original": "510", "v_original": "359", "length": "380.4071400384199" }, "geometry": { "type": "LineString", "coordinates": [ [ 20.503187761608345, 54.698950762998152 ], [ 20.501434702487206, 54.696099351075176 ] ] } },
{ "type": "Feature", "properties": { "u": 33, "v": 189, "key": 0, "oneway": "True", "highway": "secondary", "name": "улица Багратиона", "maxspeed": "RU:urban", "lanes": "2", "osmid": [ 1372496936, 982439497, 982439498, 1372496935 ], "u_original": "568", "v_original": "563", "length": "195.25318919815115" }, "geometry": { "type": "LineString", "coordinates": [ [ 20.503187761608345, 54.698950762998152 ], [ 20.500428588171527, 54.69838908860325 ] ] } },
{ "type": "Feature", "properties": { "u": 176, "v": 33, "key": 0, "oneway": "False", "highway": "residential", "name": "Ореховая улица", "maxspeed": "RU:urban", "lanes": "2", "osmid": [ 1372496946, 49207532 ], "u_original": "178", "v_original": "180", "length": "155.8966562764852" }, "geometry": { "type": "LineString", "coordinates": [ [ 20.5038544, 54.6978522 ], [ 20.503187761608345, 54.698950762998152 ] ] } },
{ "type": "Feature", "properties": { "u": 151, "v": 152, "key": 0, "oneway": "True", "highway": "residential", "name": "Омская улица", "maxspeed": "RU:living_street", "lanes": "1", "osmid": "46726525", "u_original": "145", "v_original": "302", "length": "129.0437303825237" }, "geometry": { "type": "LineString", "coordinates": [ [ 20.505916000003715, 54.699217000000168 ], [ 20.5060098, 54.6980586 ] ] } },
{ "type": "Feature", "properties": { "u": 151, "v": 153, "key": 0, "oneway": "True", "highway": "secondary", "name": "улица Багратиона", "maxspeed": "RU:urban", "lanes": "1", "osmid": [ 982439561, 982439562 ], "u_original": "145", "v_original": "177", "length": "117.07032574692728" }, "geometry": { "type": "LineString", "coordinates": [ [ 20.505916000003715, 54.699217000000168 ], [ 20.507380322454971, 54.698878338198412 ] ] } },
{ "type": "Feature", "properties": { "u": 151, "v": 33, "key": 0, "oneway": "True", "highway": "secondary", "name": "улица Багратиона", "maxspeed": "RU:urban", "lanes": "1", "osmid": [ 982439514, 982439515, 982439516, 982439517 ], "u_original": "573", "v_original": "569", "length": "183.4730852738152" }, "geometry": { "type": "LineString", "coordinates": [ [ 20.505916000003715, 54.699217000000168 ], [ 20.503187761608345, 54.698950762998152 ] ] } },
{ "type": "Feature", "properties": { "u": 71, "v": 72, "key": 0, "oneway": "True", "highway": "primary", "name": "Ленинский проспект", "maxspeed": "RU:urban", "lanes": "3", "osmid": "101365833", "u_original": "42", "v_original": "49", "length": "215.54170728000398" }, "geometry": { "type": "LineString", "coordinates": [ [ 20.504872100071182, 54.70240700007303 ], [ 20.505971033164048, 54.704137400173195 ] ] } },
{ "type": "Feature", "properties": { "u": 71, "v": 70, "key": 0, "oneway": "False", "highway": "tertiary", "name": "Краснооктябрьская улица", "maxspeed": "40", "lanes": "2", "osmid": [ 989399960, 308211224, 308211225, 989399961, 989399962 ], "u_original": "42", "v_original": "184", "length": "140.4214064272314" }, "geometry": { "type": "LineString", "coordinates": [ [ 20.504872100071182, 54.70240700007303 ], [ 20.5069878, 54.7021052 ] ] } },
{ "type": "Feature", "properties": { "u": 71, "v": 197, "key": 0, "oneway": "True", "highway": "primary", "name": "Ленинский проспект", "maxspeed": "RU:urban", "lanes": "3", "osmid": [ 1372496923, 980011181, 980011165 ], "u_original": "520", "v_original": "517", "length": "217.83471708235643" }, "geometry": { "type": "LineString", "coordinates": [ [ 20.504872100071182, 54.70240700007303 ], [ 20.5037111, 54.7006482 ] ] } },
{ "type": "Feature", "properties": { "u": 71, "v": 195, "key": 0, "oneway": "False", "highway": "tertiary", "name": "Полоцкая улица", "maxspeed": "RU:urban", "lanes": "2", "osmid": [ 1372756647, 989399955, 989399956, 989399957, 989399958, 989399959 ], "u_original": "520", "v_original": "210", "length": "151.01643471279652" }, "geometry": { "type": "LineString", "coordinates": [ [ 20.504872100071182, 54.70240700007303 ], [ 20.5026239, 54.70279 ] ] } },
{ "type": "Feature", "properties": { "u": 245, "v": 37, "key": 0, "oneway": "True", "highway": "primary", "name": "Ленинский проспект", "maxspeed": "RU:urban", "lanes": "2", "osmid": [ 1020261722, 45507669 ], "u_original": "297", "v_original": "609", "length": "139.1747170335096" }, "geometry": { "type": "LineString", "coordinates": [ [ 20.500699150282514, 54.696853350191248 ], [ 20.500073208624563, 54.695820545421775 ] ] } },
{ "type": "Feature", "properties": { "u": 120, "v": 260, "key": 0, "oneway": "True", "highway": "residential", "name": "", "maxspeed": "", "lanes": "1", "osmid": "314321308", "u_original": "356", "v_original": "560", "length": "116.72189836735063" }, "geometry": { "type": "LineString", "coordinates": [ [ 20.501434702487206, 54.696099351075176 ], [ 20.5016141, 54.6953226 ] ] } },
{ "type": "Feature", "properties": { "u": 120, "v": 37, "key": 0, "oneway": "True", "highway": "primary", "name": "Ленинский проспект", "maxspeed": "RU:urban", "lanes": "2", "osmid": "1252989786", "u_original": "359", "v_original": "559", "length": "126.3684620184122" }, "geometry": { "type": "LineString", "coordinates": [ [ 20.501434702487206, 54.696099351075176 ], [ 20.500073208624563, 54.695820545421775 ] ] } },
{ "type": "Feature", "properties": { "u": 36, "v": 35, "key": 0, "oneway": "False", "highway": "tertiary", "name": "площадь Калинина", "maxspeed": "RU:urban", "lanes": "2", "osmid": "45508625", "u_original": "138", "v_original": "21", "length": "97.45652622741157" }, "geometry": { "type": "LineString", "coordinates": [ [ 20.4979734, 54.6955161 ], [ 20.49874724996662, 54.696268500006269 ] ] } },
{ "type": "Feature", "properties": { "u": 36, "v": 34, "key": 0, "oneway": "False", "highway": "tertiary", "name": "Железнодорожная улица", "maxspeed": "RU:urban", "lanes": "2", "osmid": [ 107449568, 736296241, 736296240 ], "u_original": "138", "v_original": "480", "length": "153.2822652457086" }, "geometry": { "type": "LineString", "coordinates": [ [ 20.4979734, 54.6955161 ], [ 20.495922762002944, 54.69615119027425 ] ] } },
{ "type": "Feature", "properties": { "u": 36, "v": 51, "key": 0, "oneway": "False", "highway": "tertiary", "name": "Железнодорожная улица", "maxspeed": "RU:urban", "lanes": "2", "osmid": [ 107449570, 188566100, 668677461, 668677462 ], "u_original": "138", "v_original": "139", "length": null }, "geometry": { "type": "LineString", "coordinates": [ [ 20.4979734, 54.6955161 ], [ 20.499268, 54.695077 ] ] } },
{ "type": "Feature", "properties": { "u": 35, "v": 36, "key": 0, "oneway": "False", "highway": "tertiary", "name": "площадь Калинина", "maxspeed": "RU:urban", "lanes": "2", "osmid": "45508625", "u_original": "21", "v_original": "138", "length": "97.45652622741157" }, "geometry": { "type": "LineString", "coordinates": [ [ 20.49874724996662, 54.696268500006269 ], [ 20.4979734, 54.6955161 ] ] } },
{ "type": "Feature", "properties": { "u": 35, "v": 37, "key": 0, "oneway": "True", "highway": "primary", "name": "площадь Калинина", "maxspeed": "RU:urban", "lanes": "2", "osmid": [ 981617676, 107429725 ], "u_original": "21", "v_original": "30", "length": "109.97367945153685" }, "geometry": { "type": "LineString", "coordinates": [ [ 20.49874724996662, 54.696268500006269 ], [ 20.500073208624563, 54.695820545421775 ] ] } },
{ "type": "Feature", "properties": { "u": 35, "v": 240, "key": 0, "oneway": "False", "highway": "living_street", "name": "", "maxspeed": "RU:living_street", "lanes": "", "osmid": "133161934", "u_original": "557", "v_original": "287", "length": "96.5536661491258" }, "geometry": { "type": "LineString", "coordinates": [ [ 20.49874724996662, 54.696268500006269 ], [ 20.500151950001509, 54.696531200000734 ] ] } },
{ "type": "Feature", "properties": { "u": 35, "v": 29, "key": 0, "oneway": "True", "highway": "primary", "name": "площадь Калинина", "maxspeed": "RU:urban", "lanes": "3", "osmid": [ 981617681, 1020261718, 1020261720, 981617657, 981617659, 981617660, 981617661 ], "u_original": "557", "v_original": "561", "length": "336.9441336810606" }, "geometry": { "type": "LineString", "coordinates": [ [ 20.49874724996662, 54.696268500006269 ], [ 20.493810259626695, 54.697059563541977 ] ] } },
{ "type": "Feature", "properties": { "u": 37, "v": 50, "key": 0, "oneway": "True", "highway": "primary", "name": "площадь Калинина", "maxspeed": "RU:urban", "lanes": "2", "osmid": [ 1252912248, 1252912247, 93950879 ], "u_original": "30", "v_original": "45", "length": "118.02838982702919" }, "geometry": { "type": "LineString", "coordinates": [ [ 20.500073208624563, 54.695820545421775 ], [ 20.5014846, 54.695245 ] ] } },
{ "type": "Feature", "properties": { "u": 37, "v": 51, "key": 0, "oneway": "True", "highway": "secondary", "name": "Ленинский проспект", "maxspeed": "RU:urban", "lanes": "3", "osmid": "981527182", "u_original": "30", "v_original": "139", "length": "97.6733044318495" }, "geometry": { "type": "LineString", "coordinates": [ [ 20.500073208624563, 54.695820545421775 ], [ 20.499268, 54.695077 ] ] } },
{ "type": "Feature", "properties": { "u": 37, "v": 35, "key": 0, "oneway": "True", "highway": "primary", "name": "площадь Калинина", "maxspeed": "RU:urban", "lanes": "2", "osmid": [ 981617674, 981617675 ], "u_original": "609", "v_original": "557", "length": "104.4695516177653" }, "geometry": { "type": "LineString", "coordinates": [ [ 20.500073208624563, 54.695820545421775 ], [ 20.49874724996662, 54.696268500006269 ] ] } },
{ "type": "Feature", "properties": { "u": 240, "v": 35, "key": 0, "oneway": "False", "highway": "living_street", "name": "", "maxspeed": "RU:living_street", "lanes": "", "osmid": "133161934", "u_original": "287", "v_original": "557", "length": "96.5536661491258" }, "geometry": { "type": "LineString", "coordinates": [ [ 20.500151950001509, 54.696531200000734 ], [ 20.49874724996662, 54.696268500006269 ] ] } },
{ "type": "Feature", "properties": { "u": 240, "v": 241, "key": 0, "oneway": "False", "highway": "living_street", "name": "", "maxspeed": "RU:living_street", "lanes": "", "osmid": "852163345", "u_original": "287", "v_original": "360", "length": "76.06215419180721" }, "geometry": { "type": "LineString", "coordinates": [ [ 20.500151950001509, 54.696531200000734 ], [ 20.499213, 54.6969452 ] ] } },
{ "type": "Feature", "properties": { "u": 51, "v": 77, "key": 0, "oneway": "True", "highway": "secondary", "name": "Железнодорожная улица", "maxspeed": "RU:urban", "lanes": "3", "osmid": [ 1110288579, 45508622, 155163959 ], "u_original": "139", "v_original": "46", "length": null }, "geometry": { "type": "LineString", "coordinates": [ [ 20.499268, 54.695077 ], [ 20.5007979, 54.6945926 ] ] } },
{ "type": "Feature", "properties": { "u": 51, "v": 36, "key": 0, "oneway": "False", "highway": "tertiary", "name": "Железнодорожная улица", "maxspeed": "RU:urban", "lanes": "2", "osmid": [ 107449570, 188566100, 668677461, 668677462 ], "u_original": "139", "v_original": "138", "length": null }, "geometry": { "type": "LineString", "coordinates": [ [ 20.499268, 54.695077 ], [ 20.4979734, 54.6955161 ] ] } },
{ "type": "Feature", "properties": { "u": 50, "v": 76, "key": 0, "oneway": "True", "highway": "primary", "name": "площадь Калинина", "maxspeed": "RU:urban", "lanes": "3", "osmid": "981617650", "u_original": "45", "v_original": "127", "length": "117.02080156903294" }, "geometry": { "type": "LineString", "coordinates": [ [ 20.5014846, 54.695245 ], [ 20.50301325000002, 54.694835700000233 ] ] } },
{ "type": "Feature", "properties": { "u": 38, "v": 39, "key": 0, "oneway": "False", "highway": "tertiary", "name": "переулок Грига", "maxspeed": "RU:urban", "lanes": "2", "osmid": [ 1372756584, 424031116, 424031115, 301668156 ], "u_original": "22", "v_original": "233", "length": null }, "geometry": { "type": "LineString", "coordinates": [ [ 20.5299903, 54.7163475 ], [ 20.5300491, 54.7188355 ] ] } },
{ "type": "Feature", "properties": { "u": 38, "v": 40, "key": 0, "oneway": "False", "highway": "tertiary", "name": "переулок Грига", "maxspeed": "RU:urban", "lanes": "2", "osmid": [ 301668156, 77049599 ], "u_original": "22", "v_original": "23", "length": null }, "geometry": { "type": "LineString", "coordinates": [ [ 20.5299903, 54.7163475 ], [ 20.5285876, 54.7157602 ] ] } },
{ "type": "Feature", "properties": { "u": 38, "v": 41, "key": 0, "oneway": "False", "highway": "residential", "name": "переулок Грига", "maxspeed": "RU:living_street", "lanes": "2", "osmid": [ 32454158, 1372756583 ], "u_original": "22", "v_original": "503", "length": null }, "geometry": { "type": "LineString", "coordinates": [ [ 20.5299903, 54.7163475 ], [ 20.5316368, 54.715717100000013 ] ] } },
{ "type": "Feature", "properties": { "u": 41, "v": 38, "key": 0, "oneway": "False", "highway": "residential", "name": "переулок Грига", "maxspeed": "RU:living_street", "lanes": "2", "osmid": [ 32454158, 1372756583 ], "u_original": "503", "v_original": "22", "length": null }, "geometry": { "type": "LineString", "coordinates": [ [ 20.5316368, 54.715717100000013 ], [ 20.5299903, 54.7163475 ] ] } },
{ "type": "Feature", "properties": { "u": 42, "v": 43, "key": 0, "oneway": "True", "highway": "primary", "name": "улица 9-го Апреля", "maxspeed": "RU:urban", "lanes": "3", "osmid": "352319128", "u_original": "24", "v_original": "433", "length": "216.38092209776337" }, "geometry": { "type": "LineString", "coordinates": [ [ 20.525252533287325, 54.719482900077466 ], [ 20.525014700798579, 54.721402168093171 ] ] } },
{ "type": "Feature", "properties": { "u": 42, "v": 44, "key": 0, "oneway": "False", "highway": "residential", "name": "Пионерская улица", "maxspeed": "40", "lanes": "2", "osmid": [ 223595851, 334581678, 371510992, 1370089174, 1018535229 ], "u_original": "432", "v_original": "25", "length": "401.17984177636913" }, "geometry": { "type": "LineString", "coordinates": [ [ 20.525252533287325, 54.719482900077466 ], [ 20.526289299153888, 54.716274100742382 ] ] } },
{ "type": "Feature", "properties": { "u": 44, "v": 40, "key": 0, "oneway": "True", "highway": "residential", "name": "переулок Грига", "maxspeed": "40", "lanes": "1", "osmid": [ 59380883, 59379079 ], "u_original": "25", "v_original": "23", "length": "166.42895676324437" }, "geometry": { "type": "LineString", "coordinates": [ [ 20.526289299153888, 54.716274100742382 ], [ 20.5285876, 54.7157602 ] ] } },
{ "type": "Feature", "properties": { "u": 44, "v": 42, "key": 0, "oneway": "False", "highway": "residential", "name": "Пионерская улица", "maxspeed": "40", "lanes": "2", "osmid": [ 223595851, 334581678, 371510992, 1370089174, 1018535229 ], "u_original": "25", "v_original": "432", "length": "401.17984177636913" }, "geometry": { "type": "LineString", "coordinates": [ [ 20.526289299153888, 54.716274100742382 ], [ 20.525252533287325, 54.719482900077466 ] ] } },
{ "type": "Feature", "properties": { "u": 44, "v": 211, "key": 0, "oneway": "False", "highway": "residential", "name": "Нерчинская улица", "maxspeed": "RU:urban", "lanes": "2", "osmid": "352319122", "u_original": "227", "v_original": "424", "length": "103.87289619122589" }, "geometry": { "type": "LineString", "coordinates": [ [ 20.526289299153888, 54.716274100742382 ], [ 20.524724400016357, 54.71627816675884 ] ] } },
{ "type": "Feature", "properties": { "u": 44, "v": 206, "key": 0, "oneway": "False", "highway": "residential", "name": "Ярославская улица", "maxspeed": "40", "lanes": "1", "osmid": [ 59379083, 292074494, 251450279 ], "u_original": "227", "v_original": "226", "length": "454.13648245053037" }, "geometry": { "type": "LineString", "coordinates": [ [ 20.526289299153888, 54.716274100742382 ], [ 20.5244695, 54.7124573 ] ] } },
{ "type": "Feature", "properties": { "u": 156, "v": 157, "key": 0, "oneway": "False", "highway": "residential", "name": "Нерчинская улица", "maxspeed": "RU:urban", "lanes": "2", "osmid": [ 46728416, 669755266 ], "u_original": "150", "v_original": "151", "length": "170.73096565703972" }, "geometry": { "type": "LineString", "coordinates": [ [ 20.5212886, 54.716491 ], [ 20.523903224848649, 54.716252225241696 ] ] } },
{ "type": "Feature", "properties": { "u": 156, "v": 155, "key": 0, "oneway": "False", "highway": "residential", "name": "Клиническая улица", "maxspeed": "", "lanes": "2", "osmid": "46728421", "u_original": "150", "v_original": "149", "length": null }, "geometry": { "type": "LineString", "coordinates": [ [ 20.5212886, 54.716491 ], [ 20.5197756, 54.7136957 ] ] } },
{ "type": "Feature", "properties": { "u": 156, "v": 43, "key": 0, "oneway": "False", "highway": "residential", "name": "Клиническая улица", "maxspeed": "RU:urban", "lanes": "2", "osmid": [ 134927936, 134927935, 289390100, 134927934, 980120511 ], "u_original": "150", "v_original": "533", "length": "665.68472999338" }, "geometry": { "type": "LineString", "coordinates": [ [ 20.5212886, 54.716491 ], [ 20.525014700798579, 54.721402168093171 ] ] } },
{ "type": "Feature", "properties": { "u": 264, "v": 157, "key": 0, "oneway": "True", "highway": "tertiary", "name": "улица Боткина", "maxspeed": "RU:urban", "lanes": "2", "osmid": [ 352319131, 1369736244 ], "u_original": "386", "v_original": "151", "length": "341.23176160973026" }, "geometry": { "type": "LineString", "coordinates": [ [ 20.524809966656409, 54.719056700056662 ], [ 20.523903224848649, 54.716252225241696 ] ] } },
{ "type": "Feature", "properties": { "u": 264, "v": 157, "key": 1, "oneway": "True", "highway": "primary", "name": "улица 9-го Апреля", "maxspeed": "RU:urban", "lanes": "3", "osmid": [ 989481649, 371510999 ], "u_original": "429", "v_original": "427", "length": "332.03109796991583" }, "geometry": { "type": "LineString", "coordinates": [ [ 20.524809966656409, 54.719056700056662 ], [ 20.523903224848649, 54.716252225241696 ] ] } },
{ "type": "Feature", "properties": { "u": 211, "v": 44, "key": 0, "oneway": "False", "highway": "residential", "name": "Нерчинская улица", "maxspeed": "RU:urban", "lanes": "2", "osmid": "352319122", "u_original": "424", "v_original": "227", "length": "103.87289619122589" }, "geometry": { "type": "LineString", "coordinates": [ [ 20.524724400016357, 54.71627816675884 ], [ 20.526289299153888, 54.716274100742382 ] ] } },
{ "type": "Feature", "properties": { "u": 211, "v": 42, "key": 0, "oneway": "True", "highway": "primary", "name": "улица 9-го Апреля", "maxspeed": "RU:urban", "lanes": "3", "osmid": "669755270", "u_original": "428", "v_original": "431", "length": "359.1613670415702" }, "geometry": { "type": "LineString", "coordinates": [ [ 20.524724400016357, 54.71627816675884 ], [ 20.525252533287325, 54.719482900077466 ] ] } },
{ "type": "Feature", "properties": { "u": 206, "v": 44, "key": 0, "oneway": "False", "highway": "residential", "name": "Ярославская улица", "maxspeed": "40", "lanes": "1", "osmid": [ 59379083, 292074494, 251450279 ], "u_original": "226", "v_original": "227", "length": "454.13648245053037" }, "geometry": { "type": "LineString", "coordinates": [ [ 20.5244695, 54.7124573 ], [ 20.526289299153888, 54.716274100742382 ] ] } },
{ "type": "Feature", "properties": { "u": 206, "v": 204, "key": 0, "oneway": "False", "highway": "secondary", "name": "улица Фрунзе", "maxspeed": "RU:urban", "lanes": "3", "osmid": [ 382208896, 1232531211, 333164685, 669755247, 669755250 ], "u_original": "226", "v_original": "219", "length": "127.38165618516021" }, "geometry": { "type": "LineString", "coordinates": [ [ 20.5244695, 54.7124573 ], [ 20.522545309978309, 54.712194128322317 ] ] } },
{ "type": "Feature", "properties": { "u": 206, "v": 210, "key": 0, "oneway": "False", "highway": "secondary", "name": "улица Фрунзе", "maxspeed": "RU:urban", "lanes": "2", "osmid": "669755248", "u_original": "226", "v_original": "229", "length": null }, "geometry": { "type": "LineString", "coordinates": [ [ 20.5244695, 54.7124573 ], [ 20.5260915, 54.71265 ] ] } },
{ "type": "Feature", "properties": { "u": 45, "v": 278, "key": 0, "oneway": "True", "highway": "secondary", "name": "Октябрьская улица", "maxspeed": "30", "lanes": "1", "osmid": [ 982459627, 982459628, 982459629, 982459630 ], "u_original": "582", "v_original": "473", "length": "112.06173718083733" }, "geometry": { "type": "LineString", "coordinates": [ [ 20.514382749929869, 54.705771650174448 ], [ 20.515278149974346, 54.705036250017258 ] ] } },
{ "type": "Feature", "properties": { "u": 278, "v": 276, "key": 0, "oneway": "False", "highway": "tertiary", "name": "Солнечный бульвар", "maxspeed": "RU:urban", "lanes": "2", "osmid": "442081026", "u_original": "579", "v_original": "472", "length": "244.80462289872432" }, "geometry": { "type": "LineString", "coordinates": [ [ 20.515278149974346, 54.705036250017258 ], [ 20.5189897, 54.7046024 ] ] } },
{ "type": "Feature", "properties": { "u": 278, "v": 159, "key": 0, "oneway": "True", "highway": "secondary", "name": "Октябрьская улица", "maxspeed": "RU:urban", "lanes": "1", "osmid": [ 982459648, 982459649, 982459650, 982459651, 982459652, 982459654, 982459655 ], "u_original": "579", "v_original": "576", "length": "184.89401438474607" }, "geometry": { "type": "LineString", "coordinates": [ [ 20.515278149974346, 54.705036250017258 ], [ 20.514485649997145, 54.706569650012533 ] ] } },
{ "type": "Feature", "properties": { "u": 278, "v": 163, "key": 0, "oneway": "True", "highway": "secondary", "name": "Октябрьская улица", "maxspeed": "30", "lanes": "1", "osmid": [ 982459616, 982459617, 982459618, 982459619, 982459622, 982459623, 982459624, 982459625, 982459626, 982459615 ], "u_original": "473", "v_original": "157", "length": "521.7841728934443" }, "geometry": { "type": "LineString", "coordinates": [ [ 20.515278149974346, 54.705036250017258 ], [ 20.517434099973432, 54.700602000014939 ] ] } },
{ "type": "Feature", "properties": { "u": 46, "v": 47, "key": 0, "oneway": "False", "highway": "secondary", "name": "Пролетарская улица", "maxspeed": "RU:urban", "lanes": "4", "osmid": "43569989", "u_original": "27", "v_original": "329", "length": "92.95859062718453" }, "geometry": { "type": "LineString", "coordinates": [ [ 20.512293433493042, 54.711240700233134 ], [ 20.5127354, 54.7120348 ] ] } },
{ "type": "Feature", "properties": { "u": 46, "v": 129, "key": 0, "oneway": "True", "highway": "secondary", "name": "улица Шевченко", "maxspeed": "RU:urban", "lanes": "3", "osmid": [ 107174498, 1370697571 ], "u_original": "117", "v_original": "268", "length": "99.27123061756538" }, "geometry": { "type": "LineString", "coordinates": [ [ 20.512293433493042, 54.711240700233134 ], [ 20.510896949927766, 54.71131465000613 ] ] } },
{ "type": "Feature", "properties": { "u": 255, "v": 47, "key": 0, "oneway": "False", "highway": "living_street", "name": "", "maxspeed": "RU:living_street", "lanes": "", "osmid": "152625420", "u_original": "328", "v_original": "329", "length": null }, "geometry": { "type": "LineString", "coordinates": [ [ 20.5119881, 54.7116643 ], [ 20.5127354, 54.7120348 ] ] } },
{ "type": "Feature", "properties": { "u": 48, "v": 49, "key": 0, "oneway": "True", "highway": "primary", "name": "Московский проспект", "maxspeed": "RU:urban", "lanes": "3", "osmid": "106764629", "u_original": "28", "v_original": "242", "length": null }, "geometry": { "type": "LineString", "coordinates": [ [ 20.5098464, 54.7091848 ], [ 20.507242, 54.709616199999985 ] ] } },
{ "type": "Feature", "properties": { "u": 49, "v": 224, "key": 0, "oneway": "True", "highway": "primary", "name": "Московский проспект", "maxspeed": "RU:urban", "lanes": "3", "osmid": "106764631", "u_original": "242", "v_original": "281", "length": null }, "geometry": { "type": "LineString", "coordinates": [ [ 20.507242, 54.709616199999985 ], [ 20.5046324, 54.7099545 ] ] } },
{ "type": "Feature", "properties": { "u": 49, "v": 225, "key": 0, "oneway": "True", "highway": "primary_link", "name": "", "maxspeed": "40", "lanes": "1", "osmid": "128052452", "u_original": "242", "v_original": "282", "length": "97.84054198360323" }, "geometry": { "type": "LineString", "coordinates": [ [ 20.507242, 54.709616199999985 ], [ 20.508457849471537, 54.709892600042004 ] ] } },
{ "type": "Feature", "properties": { "u": 224, "v": 237, "key": 0, "oneway": "True", "highway": "primary", "name": "Московский проспект", "maxspeed": "RU:urban", "lanes": "3", "osmid": "404700844", "u_original": "281", "v_original": "408", "length": null }, "geometry": { "type": "LineString", "coordinates": [ [ 20.5046324, 54.7099545 ], [ 20.5032711, 54.7100769 ] ] } },
{ "type": "Feature", "properties": { "u": 76, "v": 136, "key": 0, "oneway": "True", "highway": "primary", "name": "проспект Калинина", "maxspeed": "RU:urban", "lanes": "2", "osmid": [ 981617643, 44732748, 981617645, 981617646, 981617644, 1252989754, 1252989755 ], "u_original": "127", "v_original": "195", "length": "238.82924146594596" }, "geometry": { "type": "LineString", "coordinates": [ [ 20.50301325000002, 54.694835700000233 ], [ 20.506526750006124, 54.694939250000338 ] ] } },
{ "type": "Feature", "properties": { "u": 76, "v": 260, "key": 0, "oneway": "True", "highway": "primary", "name": "", "maxspeed": "RU:urban", "lanes": "2", "osmid": "981617680", "u_original": "558", "v_original": "560", "length": "108.19203860295568" }, "geometry": { "type": "LineString", "coordinates": [ [ 20.50301325000002, 54.694835700000233 ], [ 20.5016141, 54.6953226 ] ] } },
{ "type": "Feature", "properties": { "u": 76, "v": 119, "key": 0, "oneway": "True", "highway": "primary", "name": "Ленинский проспект", "maxspeed": "RU:urban", "lanes": "2", "osmid": [ 42320544, 1252989797, 1252989798 ], "u_original": "558", "v_original": "102", "length": "111.50525572416133" }, "geometry": { "type": "LineString", "coordinates": [ [ 20.50301325000002, 54.694835700000233 ], [ 20.5032186, 54.6958303 ] ] } },
{ "type": "Feature", "properties": { "u": 77, "v": 50, "key": 0, "oneway": "True", "highway": "residential", "name": "", "maxspeed": "RU:urban", "lanes": "2", "osmid": "42321802", "u_original": "46", "v_original": "45", "length": null }, "geometry": { "type": "LineString", "coordinates": [ [ 20.5007979, 54.6945926 ], [ 20.5014846, 54.695245 ] ] } },
{ "type": "Feature", "properties": { "u": 53, "v": 148, "key": 0, "oneway": "True", "highway": "primary", "name": "Московский проспект", "maxspeed": "RU:urban", "lanes": "4", "osmid": [ 301398594, 231200844, 1370089165 ], "u_original": "140", "v_original": "261", "length": "232.82440489377655" }, "geometry": { "type": "LineString", "coordinates": [ [ 20.526450400020373, 54.709389200001084 ], [ 20.522957948998318, 54.709202577639353 ] ] } },
{ "type": "Feature", "properties": { "u": 53, "v": 52, "key": 0, "oneway": "True", "highway": "primary", "name": "Московский проспект", "maxspeed": "40", "lanes": "3", "osmid": [ 391908808, 301398593 ], "u_original": "141", "v_original": "142", "length": "336.15450487099554" }, "geometry": { "type": "LineString", "coordinates": [ [ 20.526450400020373, 54.709389200001084 ], [ 20.531451475488094, 54.709873862920276 ] ] } },
{ "type": "Feature", "properties": { "u": 201, "v": 52, "key": 0, "oneway": "False", "highway": "residential", "name": "Стекольная улица", "maxspeed": "RU:living_street", "lanes": "1", "osmid": [ 1370089169, 54981203 ], "u_original": "216", "v_original": "215", "length": "183.78977090826234" }, "geometry": { "type": "LineString", "coordinates": [ [ 20.5339366, 54.7104538 ], [ 20.531451475488094, 54.709873862920276 ] ] } },
{ "type": "Feature", "properties": { "u": 82, "v": 183, "key": 0, "oneway": "False", "highway": "residential", "name": "Черепичная улица", "maxspeed": "", "lanes": "2", "osmid": [ 1366051278, 645790070, 25901305, 53357468, 53357469, 53357470 ], "u_original": "193", "v_original": "192", "length": null }, "geometry": { "type": "LineString", "coordinates": [ [ 20.5362899, 54.7097415 ], [ 20.5377642, 54.707065 ] ] } },
{ "type": "Feature", "properties": { "u": 82, "v": 184, "key": 0, "oneway": "True", "highway": "primary", "name": "Московский проспект", "maxspeed": "RU:urban", "lanes": "3", "osmid": "1110426735", "u_original": "193", "v_original": "585", "length": "103.68870760285164" }, "geometry": { "type": "LineString", "coordinates": [ [ 20.5362899, 54.7097415 ], [ 20.537797200024787, 54.709734850002569 ] ] } },
{ "type": "Feature", "properties": { "u": 149, "v": 52, "key": 0, "oneway": "False", "highway": "residential", "name": "улица Грига", "maxspeed": "", "lanes": "2", "osmid": [ 46461009, 1366051275, 455393668 ], "u_original": "143", "v_original": "142", "length": "293.8484153856382" }, "geometry": { "type": "LineString", "coordinates": [ [ 20.5309552, 54.7073588 ], [ 20.531451475488094, 54.709873862920276 ] ] } },
{ "type": "Feature", "properties": { "u": 148, "v": 229, "key": 0, "oneway": "True", "highway": "primary_link", "name": "Строительная улица", "maxspeed": "RU:urban", "lanes": "1", "osmid": [ 169718678, 96246462 ], "u_original": "261", "v_original": "262", "length": "306.6975592219747" }, "geometry": { "type": "LineString", "coordinates": [ [ 20.522957948998318, 54.709202577639353 ], [ 20.5226787, 54.7112207 ] ] } },
{ "type": "Feature", "properties": { "u": 148, "v": 145, "key": 0, "oneway": "True", "highway": "primary", "name": "Московский проспект", "maxspeed": "RU:urban", "lanes": "4", "osmid": [ 323342457, 155154859 ], "u_original": "263", "v_original": "137", "length": "183.50680897091758" }, "geometry": { "type": "LineString", "coordinates": [ [ 20.522957948998318, 54.709202577639353 ], [ 20.5203209500533, 54.708926750002853 ] ] } },
{ "type": "Feature", "properties": { "u": 148, "v": 230, "key": 0, "oneway": "True", "highway": "primary_link", "name": "", "maxspeed": "40", "lanes": "1", "osmid": [ 169718676, 135625557 ], "u_original": "296", "v_original": "313", "length": "153.3340013970411" }, "geometry": { "type": "LineString", "coordinates": [ [ 20.522957948998318, 54.709202577639353 ], [ 20.522531150643474, 54.710374250038022 ] ] } },
{ "type": "Feature", "properties": { "u": 55, "v": 54, "key": 0, "oneway": "False", "highway": "residential", "name": "Водная улица", "maxspeed": "", "lanes": "2", "osmid": "71424058", "u_original": "254", "v_original": "32", "length": null }, "geometry": { "type": "LineString", "coordinates": [ [ 20.5256957, 54.695301799999982 ], [ 20.5242181, 54.694419 ] ] } },
{ "type": "Feature", "properties": { "u": 56, "v": 57, "key": 0, "oneway": "False", "highway": "residential", "name": "улица Генделя", "maxspeed": "", "lanes": "2", "osmid": [ 1372756585, 294785383 ], "u_original": "33", "v_original": "34", "length": null }, "geometry": { "type": "LineString", "coordinates": [ [ 20.4972801, 54.7215035 ], [ 20.4957729, 54.7221934 ] ] } },
{ "type": "Feature", "properties": { "u": 57, "v": 8, "key": 0, "oneway": "True", "highway": "residential", "name": "улица Ушакова", "maxspeed": "", "lanes": "1", "osmid": [ 41768437, 41768439 ], "u_original": "34", "v_original": "35", "length": "294.4519426132471" }, "geometry": { "type": "LineString", "coordinates": [ [ 20.4957729, 54.7221934 ], [ 20.498342155531528, 54.720072929675403 ] ] } },
{ "type": "Feature", "properties": { "u": 57, "v": 56, "key": 0, "oneway": "False", "highway": "residential", "name": "улица Генделя", "maxspeed": "", "lanes": "2", "osmid": [ 1372756585, 294785383 ], "u_original": "34", "v_original": "33", "length": null }, "geometry": { "type": "LineString", "coordinates": [ [ 20.4957729, 54.7221934 ], [ 20.4972801, 54.7215035 ] ] } },
{ "type": "Feature", "properties": { "u": 79, "v": 58, "key": 0, "oneway": "False", "highway": "residential", "name": "Кронштадтская улица", "maxspeed": "", "lanes": "1", "osmid": "42323079", "u_original": "52", "v_original": "51", "length": null }, "geometry": { "type": "LineString", "coordinates": [ [ 20.4931973, 54.7198193 ], [ 20.493147, 54.720447900000011 ] ] } },
{ "type": "Feature", "properties": { "u": 60, "v": 58, "key": 0, "oneway": "False", "highway": "residential", "name": "Кронштадтская улица", "maxspeed": "", "lanes": "1", "osmid": [ 42323104, 42323075 ], "u_original": "38", "v_original": "51", "length": null }, "geometry": { "type": "LineString", "coordinates": [ [ 20.4929292, 54.722466799999985 ], [ 20.493147, 54.720447900000011 ] ] } },
{ "type": "Feature", "properties": { "u": 60, "v": 59, "key": 0, "oneway": "False", "highway": "residential", "name": "улица Носова", "maxspeed": "", "lanes": "1", "osmid": [ 1374294978, 1374294979, 1374294980, 1374294981, 1374294982, 1374294983, 41768680, 1374294984, 1374294986, 1374294985, 42376985 ], "u_original": "38", "v_original": "37", "length": "270.7268527321344" }, "geometry": { "type": "LineString", "coordinates": [ [ 20.4929292, 54.722466799999985 ], [ 20.491452399979579, 54.720376900184412 ] ] } },
{ "type": "Feature", "properties": { "u": 109, "v": 61, "key": 0, "oneway": "True", "highway": "primary", "name": "проспект Мира", "maxspeed": "RU:urban", "lanes": "2", "osmid": [ 1232534216, 980844325 ], "u_original": "547", "v_original": "550", "length": "79.19602094121669" }, "geometry": { "type": "LineString", "coordinates": [ [ 20.486668450011443, 54.719998250000963 ], [ 20.48781106610322, 54.720141446517978 ] ] } },
{ "type": "Feature", "properties": { "u": 110, "v": 111, "key": 0, "oneway": "False", "highway": "tertiary", "name": "улица Дмитрия Донского", "maxspeed": "RU:urban", "lanes": "2", "osmid": [ 1107464568, 1374294956 ], "u_original": "95", "v_original": "97", "length": null }, "geometry": { "type": "LineString", "coordinates": [ [ 20.4881638, 54.7158868 ], [ 20.4871111, 54.7157322 ] ] } },
{ "type": "Feature", "properties": { "u": 110, "v": 112, "key": 0, "oneway": "False", "highway": "tertiary", "name": "улица Дмитрия Донского", "maxspeed": "RU:urban", "lanes": "2", "osmid": "1107464569", "u_original": "95", "v_original": "286", "length": null }, "geometry": { "type": "LineString", "coordinates": [ [ 20.4881638, 54.7158868 ], [ 20.4891993, 54.7158234 ] ] } },
{ "type": "Feature", "properties": { "u": 65, "v": 180, "key": 0, "oneway": "False", "highway": "residential", "name": "улица Профессора Морозова", "maxspeed": "RU:living_street", "lanes": "2", "osmid": "49212396", "u_original": "187", "v_original": "186", "length": null }, "geometry": { "type": "LineString", "coordinates": [ [ 20.5137576, 54.7003214 ], [ 20.5115277, 54.7002658 ] ] } },
{ "type": "Feature", "properties": { "u": 65, "v": 63, "key": 0, "oneway": "False", "highway": "tertiary", "name": "Эпроновская улица", "maxspeed": "RU:urban", "lanes": "2", "osmid": [ 989399973, 293321998 ], "u_original": "187", "v_original": "40", "length": null }, "geometry": { "type": "LineString", "coordinates": [ [ 20.5137576, 54.7003214 ], [ 20.5131627, 54.7009742 ] ] } },
{ "type": "Feature", "properties": { "u": 65, "v": 62, "key": 0, "oneway": "False", "highway": "tertiary", "name": "Эпроновская улица", "maxspeed": "RU:urban", "lanes": "2", "osmid": [ 41911949, 989399974, 989399975 ], "u_original": "187", "v_original": "564", "length": "102.71487183295707" }, "geometry": { "type": "LineString", "coordinates": [ [ 20.5137576, 54.7003214 ], [ 20.513448472493256, 54.699624495902441 ] ] } },
{ "type": "Feature", "properties": { "u": 138, "v": 140, "key": 0, "oneway": "False", "highway": "residential", "name": "улица Новый Вал", "maxspeed": "RU:living_street", "lanes": "2", "osmid": "996149794", "u_original": "567", "v_original": "182", "length": "86.94341679533467" }, "geometry": { "type": "LineString", "coordinates": [ [ 20.509535319728588, 54.699394046986541 ], [ 20.509422050000989, 54.700168150000245 ] ] } },
{ "type": "Feature", "properties": { "u": 138, "v": 174, "key": 0, "oneway": "False", "highway": "residential", "name": "Красноармейская улица", "maxspeed": "", "lanes": "1", "osmid": [ 713320352, 49207231 ], "u_original": "174", "v_original": "175", "length": "161.58837165815245" }, "geometry": { "type": "LineString", "coordinates": [ [ 20.509535319728588, 54.699394046986541 ], [ 20.5103729, 54.6984785 ] ] } },
{ "type": "Feature", "properties": { "u": 138, "v": 62, "key": 0, "oneway": "True", "highway": "secondary", "name": "улица Багратиона", "maxspeed": "40", "lanes": "1", "osmid": [ 982439552, 713320353, 44387207, 982439551, 1372496950, 713320351 ], "u_original": "174", "v_original": "481", "length": "253.51878873077737" }, "geometry": { "type": "LineString", "coordinates": [ [ 20.509535319728588, 54.699394046986541 ], [ 20.513448472493256, 54.699624495902441 ] ] } },
{ "type": "Feature", "properties": { "u": 138, "v": 150, "key": 0, "oneway": "False", "highway": "living_street", "name": "улица Подполковника Половца", "maxspeed": "RU:living_street", "lanes": "2", "osmid": [ 996149792, 996149793 ], "u_original": "146", "v_original": "147", "length": "378.09499701277315" }, "geometry": { "type": "LineString", "coordinates": [ [ 20.509535319728588, 54.699394046986541 ], [ 20.507434908139718, 54.697114734525954 ] ] } },
{ "type": "Feature", "properties": { "u": 138, "v": 153, "key": 0, "oneway": "True", "highway": "secondary", "name": "улица Багратиона", "maxspeed": "RU:urban", "lanes": "1", "osmid": [ 982439520, 982439521, 982439522 ], "u_original": "565", "v_original": "566", "length": "223.2346491212957" }, "geometry": { "type": "LineString", "coordinates": [ [ 20.509535319728588, 54.699394046986541 ], [ 20.507380322454971, 54.698878338198412 ] ] } },
{ "type": "Feature", "properties": { "u": 63, "v": 64, "key": 0, "oneway": "False", "highway": "tertiary", "name": "Краснооктябрьская улица", "maxspeed": "RU:urban", "lanes": "2", "osmid": [ 989399970, 989399971, 989399972 ], "u_original": "40", "v_original": "188", "length": null }, "geometry": { "type": "LineString", "coordinates": [ [ 20.5131627, 54.7009742 ], [ 20.5115441, 54.7013209 ] ] } },
{ "type": "Feature", "properties": { "u": 63, "v": 65, "key": 0, "oneway": "False", "highway": "tertiary", "name": "Эпроновская улица", "maxspeed": "RU:urban", "lanes": "2", "osmid": [ 989399973, 293321998 ], "u_original": "40", "v_original": "187", "length": null }, "geometry": { "type": "LineString", "coordinates": [ [ 20.5131627, 54.7009742 ], [ 20.5137576, 54.7003214 ] ] } },
{ "type": "Feature", "properties": { "u": 63, "v": 66, "key": 0, "oneway": "False", "highway": "residential", "name": "Эпроновская улица", "maxspeed": "RU:urban", "lanes": "2", "osmid": [ 1372756634, 44794756 ], "u_original": "40", "v_original": "134", "length": null }, "geometry": { "type": "LineString", "coordinates": [ [ 20.5131627, 54.7009742 ], [ 20.5134788, 54.702380399999988 ] ] } },
{ "type": "Feature", "properties": { "u": 64, "v": 143, "key": 0, "oneway": "False", "highway": "residential", "name": "Малый переулок", "maxspeed": "RU:living_street", "lanes": "2", "osmid": [ 1372756633, 49212395 ], "u_original": "188", "v_original": "189", "length": null }, "geometry": { "type": "LineString", "coordinates": [ [ 20.5115441, 54.7013209 ], [ 20.5114616, 54.7023189 ] ] } },
{ "type": "Feature", "properties": { "u": 64, "v": 180, "key": 0, "oneway": "False", "highway": "residential", "name": "Малый переулок", "maxspeed": "RU:living_street", "lanes": "2", "osmid": [ 1372756632, 49212395, 1372756631 ], "u_original": "188", "v_original": "186", "length": null }, "geometry": { "type": "LineString", "coordinates": [ [ 20.5115441, 54.7013209 ], [ 20.5115277, 54.7002658 ] ] } },
{ "type": "Feature", "properties": { "u": 64, "v": 68, "key": 0, "oneway": "False", "highway": "tertiary", "name": "Краснооктябрьская улица", "maxspeed": "RU:urban", "lanes": "2", "osmid": [ 989399968, 989399969, 989399967 ], "u_original": "188", "v_original": "130", "length": null }, "geometry": { "type": "LineString", "coordinates": [ [ 20.5115441, 54.7013209 ], [ 20.5095622, 54.701715 ] ] } },
{ "type": "Feature", "properties": { "u": 64, "v": 63, "key": 0, "oneway": "False", "highway": "tertiary", "name": "Краснооктябрьская улица", "maxspeed": "RU:urban", "lanes": "2", "osmid": [ 989399970, 989399971, 989399972 ], "u_original": "188", "v_original": "40", "length": null }, "geometry": { "type": "LineString", "coordinates": [ [ 20.5115441, 54.7013209 ], [ 20.5131627, 54.7009742 ] ] } },
{ "type": "Feature", "properties": { "u": 66, "v": 139, "key": 0, "oneway": "False", "highway": "residential", "name": "Эпроновская улица", "maxspeed": "RU:urban", "lanes": "2", "osmid": [ 44794756, 44794758, 1372756635, 1372756636, 146462909 ], "u_original": "134", "v_original": "132", "length": null }, "geometry": { "type": "LineString", "coordinates": [ [ 20.5134788, 54.702380399999988 ], [ 20.5096415, 54.7022746 ] ] } },
{ "type": "Feature", "properties": { "u": 66, "v": 63, "key": 0, "oneway": "False", "highway": "residential", "name": "Эпроновская улица", "maxspeed": "RU:urban", "lanes": "2", "osmid": [ 1372756634, 44794756 ], "u_original": "134", "v_original": "40", "length": null }, "geometry": { "type": "LineString", "coordinates": [ [ 20.5134788, 54.702380399999988 ], [ 20.5131627, 54.7009742 ] ] } },
{ "type": "Feature", "properties": { "u": 66, "v": 143, "key": 0, "oneway": "False", "highway": "residential", "name": "Малый переулок", "maxspeed": "RU:living_street", "lanes": "2", "osmid": "44795254", "u_original": "134", "v_original": "189", "length": null }, "geometry": { "type": "LineString", "coordinates": [ [ 20.5134788, 54.702380399999988 ], [ 20.5114616, 54.7023189 ] ] } },
{ "type": "Feature", "properties": { "u": 143, "v": 66, "key": 0, "oneway": "False", "highway": "residential", "name": "Малый переулок", "maxspeed": "RU:living_street", "lanes": "2", "osmid": "44795254", "u_original": "189", "v_original": "134", "length": null }, "geometry": { "type": "LineString", "coordinates": [ [ 20.5114616, 54.7023189 ], [ 20.5134788, 54.702380399999988 ] ] } },
{ "type": "Feature", "properties": { "u": 143, "v": 139, "key": 0, "oneway": "False", "highway": "residential", "name": "Малый переулок", "maxspeed": "RU:living_street", "lanes": "2", "osmid": "1372496918", "u_original": "189", "v_original": "132", "length": null }, "geometry": { "type": "LineString", "coordinates": [ [ 20.5114616, 54.7023189 ], [ 20.5096415, 54.7022746 ] ] } },
{ "type": "Feature", "properties": { "u": 143, "v": 64, "key": 0, "oneway": "False", "highway": "residential", "name": "Малый переулок", "maxspeed": "RU:living_street", "lanes": "2", "osmid": [ 1372756633, 49212395 ], "u_original": "189", "v_original": "188", "length": null }, "geometry": { "type": "LineString", "coordinates": [ [ 20.5114616, 54.7023189 ], [ 20.5115441, 54.7013209 ] ] } },
{ "type": "Feature", "properties": { "u": 180, "v": 65, "key": 0, "oneway": "False", "highway": "residential", "name": "улица Профессора Морозова", "maxspeed": "RU:living_street", "lanes": "2", "osmid": "49212396", "u_original": "186", "v_original": "187", "length": null }, "geometry": { "type": "LineString", "coordinates": [ [ 20.5115277, 54.7002658 ], [ 20.5137576, 54.7003214 ] ] } },
{ "type": "Feature", "properties": { "u": 180, "v": 140, "key": 0, "oneway": "False", "highway": "residential", "name": "улица Профессора Морозова", "maxspeed": "RU:living_street", "lanes": "2", "osmid": [ 49212396, 1372756629, 1372756630 ], "u_original": "186", "v_original": "185", "length": "142.0507089967334" }, "geometry": { "type": "LineString", "coordinates": [ [ 20.5115277, 54.7002658 ], [ 20.509422050000989, 54.700168150000245 ] ] } },
{ "type": "Feature", "properties": { "u": 180, "v": 64, "key": 0, "oneway": "False", "highway": "residential", "name": "Малый переулок", "maxspeed": "RU:living_street", "lanes": "2", "osmid": [ 1372756632, 49212395, 1372756631 ], "u_original": "186", "v_original": "188", "length": null }, "geometry": { "type": "LineString", "coordinates": [ [ 20.5115277, 54.7002658 ], [ 20.5115441, 54.7013209 ] ] } },
{ "type": "Feature", "properties": { "u": 68, "v": 139, "key": 0, "oneway": "False", "highway": "residential", "name": "улица Новый Вал", "maxspeed": "RU:living_street", "lanes": "2", "osmid": "44794758", "u_original": "130", "v_original": "132", "length": null }, "geometry": { "type": "LineString", "coordinates": [ [ 20.5095622, 54.701715 ], [ 20.5096415, 54.7022746 ] ] } },
{ "type": "Feature", "properties": { "u": 68, "v": 67, "key": 0, "oneway": "False", "highway": "tertiary", "name": "Краснооктябрьская улица", "maxspeed": "RU:urban", "lanes": "2", "osmid": [ 146462894, 989399966 ], "u_original": "130", "v_original": "41", "length": null }, "geometry": { "type": "LineString", "coordinates": [ [ 20.5095622, 54.701715 ], [ 20.5080886, 54.7019481 ] ] } },
{ "type": "Feature", "properties": { "u": 68, "v": 64, "key": 0, "oneway": "False", "highway": "tertiary", "name": "Краснооктябрьская улица", "maxspeed": "RU:urban", "lanes": "2", "osmid": [ 989399968, 989399969, 989399967 ], "u_original": "130", "v_original": "188", "length": null }, "geometry": { "type": "LineString", "coordinates": [ [ 20.5095622, 54.701715 ], [ 20.5115441, 54.7013209 ] ] } },
{ "type": "Feature", "properties": { "u": 68, "v": 140, "key": 0, "oneway": "False", "highway": "residential", "name": "улица Новый Вал", "maxspeed": "RU:living_street", "lanes": "2", "osmid": "996149794", "u_original": "130", "v_original": "185", "length": "172.37322185418247" }, "geometry": { "type": "LineString", "coordinates": [ [ 20.5095622, 54.701715 ], [ 20.509422050000989, 54.700168150000245 ] ] } },
{ "type": "Feature", "properties": { "u": 139, "v": 66, "key": 0, "oneway": "False", "highway": "residential", "name": "Эпроновская улица", "maxspeed": "RU:urban", "lanes": "2", "osmid": [ 44794756, 44794758, 1372756635, 1372756636, 146462909 ], "u_original": "132", "v_original": "134", "length": null }, "geometry": { "type": "LineString", "coordinates": [ [ 20.5096415, 54.7022746 ], [ 20.5134788, 54.702380399999988 ] ] } },
{ "type": "Feature", "properties": { "u": 139, "v": 68, "key": 0, "oneway": "False", "highway": "residential", "name": "улица Новый Вал", "maxspeed": "RU:living_street", "lanes": "2", "osmid": "44794758", "u_original": "132", "v_original": "130", "length": null }, "geometry": { "type": "LineString", "coordinates": [ [ 20.5096415, 54.7022746 ], [ 20.5095622, 54.701715 ] ] } },
{ "type": "Feature", "properties": { "u": 139, "v": 143, "key": 0, "oneway": "False", "highway": "residential", "name": "Малый переулок", "maxspeed": "RU:living_street", "lanes": "2", "osmid": "1372496918", "u_original": "132", "v_original": "189", "length": null }, "geometry": { "type": "LineString", "coordinates": [ [ 20.5096415, 54.7022746 ], [ 20.5114616, 54.7023189 ] ] } },
{ "type": "Feature", "properties": { "u": 67, "v": 68, "key": 0, "oneway": "False", "highway": "tertiary", "name": "Краснооктябрьская улица", "maxspeed": "RU:urban", "lanes": "2", "osmid": [ 989399966, 146462894 ], "u_original": "41", "v_original": "130", "length": null }, "geometry": { "type": "LineString", "coordinates": [ [ 20.5080886, 54.7019481 ], [ 20.5095622, 54.701715 ] ] } },
{ "type": "Feature", "properties": { "u": 67, "v": 69, "key": 0, "oneway": "False", "highway": "residential", "name": "Парусная улица", "maxspeed": "RU:living_street", "lanes": "2", "osmid": [ 308211226, 315981237, 1372756645 ], "u_original": "41", "v_original": "133", "length": null }, "geometry": { "type": "LineString", "coordinates": [ [ 20.5080886, 54.7019481 ], [ 20.5078995, 54.7038844 ] ] } },
{ "type": "Feature", "properties": { "u": 67, "v": 70, "key": 0, "oneway": "False", "highway": "tertiary", "name": "Краснооктябрьская улица", "maxspeed": "40", "lanes": "2", "osmid": [ 989399963, 989399965, 1372756646 ], "u_original": "41", "v_original": "184", "length": null }, "geometry": { "type": "LineString", "coordinates": [ [ 20.5080886, 54.7019481 ], [ 20.5069878, 54.7021052 ] ] } },
{ "type": "Feature", "properties": { "u": 69, "v": 73, "key": 0, "oneway": "False", "highway": "tertiary", "name": "", "maxspeed": "RU:urban", "lanes": "2", "osmid": [ 44795256, 1372756637, 1372756638, 1372756639 ], "u_original": "133", "v_original": "43", "length": "100.85675448702132" }, "geometry": { "type": "LineString", "coordinates": [ [ 20.5078995, 54.7038844 ], [ 20.508182146015621, 54.704774743426313 ] ] } },
{ "type": "Feature", "properties": { "u": 69, "v": 72, "key": 0, "oneway": "False", "highway": "tertiary", "name": "Парусная улица", "maxspeed": "RU:urban", "lanes": "2", "osmid": [ 42322347, 1372756644 ], "u_original": "133", "v_original": "47", "length": "127.42168276344717" }, "geometry": { "type": "LineString", "coordinates": [ [ 20.5078995, 54.7038844 ], [ 20.505971033164048, 54.704137400173195 ] ] } },
{ "type": "Feature", "properties": { "u": 69, "v": 67, "key": 0, "oneway": "False", "highway": "residential", "name": "Парусная улица", "maxspeed": "RU:living_street", "lanes": "2", "osmid": [ 308211226, 1372756645, 315981237 ], "u_original": "133", "v_original": "41", "length": null }, "geometry": { "type": "LineString", "coordinates": [ [ 20.5078995, 54.7038844 ], [ 20.5080886, 54.7019481 ] ] } },
{ "type": "Feature", "properties": { "u": 70, "v": 179, "key": 0, "oneway": "False", "highway": "unclassified", "name": "Мореходная улица", "maxspeed": "", "lanes": "", "osmid": "49211522", "u_original": "184", "v_original": "183", "length": null }, "geometry": { "type": "LineString", "coordinates": [ [ 20.5069878, 54.7021052 ], [ 20.5067122, 54.7015255 ] ] } },
{ "type": "Feature", "properties": { "u": 70, "v": 71, "key": 0, "oneway": "False", "highway": "tertiary", "name": "Краснооктябрьская улица", "maxspeed": "40", "lanes": "2", "osmid": [ 308211224, 308211225, 989399960, 989399961, 989399962 ], "u_original": "184", "v_original": "42", "length": "140.4214064272314" }, "geometry": { "type": "LineString", "coordinates": [ [ 20.5069878, 54.7021052 ], [ 20.504872100071182, 54.70240700007303 ] ] } },
{ "type": "Feature", "properties": { "u": 70, "v": 67, "key": 0, "oneway": "False", "highway": "tertiary", "name": "Краснооктябрьская улица", "maxspeed": "40", "lanes": "2", "osmid": [ 989399963, 989399965, 1372756646 ], "u_original": "184", "v_original": "41", "length": null }, "geometry": { "type": "LineString", "coordinates": [ [ 20.5069878, 54.7021052 ], [ 20.5080886, 54.7019481 ] ] } },
{ "type": "Feature", "properties": { "u": 140, "v": 68, "key": 0, "oneway": "False", "highway": "residential", "name": "улица Новый Вал", "maxspeed": "RU:living_street", "lanes": "2", "osmid": "996149794", "u_original": "185", "v_original": "130", "length": "172.37322185418247" }, "geometry": { "type": "LineString", "coordinates": [ [ 20.509422050000989, 54.700168150000245 ], [ 20.5095622, 54.701715 ] ] } },
{ "type": "Feature", "properties": { "u": 140, "v": 180, "key": 0, "oneway": "False", "highway": "residential", "name": "улица Профессора Морозова", "maxspeed": "RU:living_street", "lanes": "2", "osmid": [ 49212396, 1372756629, 1372756630 ], "u_original": "185", "v_original": "186", "length": "142.0507089967334" }, "geometry": { "type": "LineString", "coordinates": [ [ 20.509422050000989, 54.700168150000245 ], [ 20.5115277, 54.7002658 ] ] } },
{ "type": "Feature", "properties": { "u": 140, "v": 178, "key": 0, "oneway": "False", "highway": "residential", "name": "Казанская улица", "maxspeed": "RU:living_street", "lanes": "2", "osmid": "49211509", "u_original": "182", "v_original": "181", "length": "330.609722991899" }, "geometry": { "type": "LineString", "coordinates": [ [ 20.509422050000989, 54.700168150000245 ], [ 20.5043951, 54.7002519 ] ] } },
{ "type": "Feature", "properties": { "u": 140, "v": 138, "key": 0, "oneway": "False", "highway": "residential", "name": "улица Новый Вал", "maxspeed": "RU:living_street", "lanes": "2", "osmid": "996149794", "u_original": "182", "v_original": "567", "length": "86.94341679533467" }, "geometry": { "type": "LineString", "coordinates": [ [ 20.509422050000989, 54.700168150000245 ], [ 20.509535319728588, 54.699394046986541 ] ] } },
{ "type": "Feature", "properties": { "u": 73, "v": 69, "key": 0, "oneway": "False", "highway": "tertiary", "name": "", "maxspeed": "RU:urban", "lanes": "2", "osmid": [ 44795256, 1372756637, 1372756638, 1372756639 ], "u_original": "43", "v_original": "133", "length": "100.85675448702132" }, "geometry": { "type": "LineString", "coordinates": [ [ 20.508182146015621, 54.704774743426313 ], [ 20.5078995, 54.7038844 ] ] } },
{ "type": "Feature", "properties": { "u": 73, "v": 141, "key": 0, "oneway": "False", "highway": "residential", "name": "Старопрегольская набережная", "maxspeed": "RU:living_street", "lanes": "2", "osmid": "583464743", "u_original": "498", "v_original": "131", "length": "133.61581256012647" }, "geometry": { "type": "LineString", "coordinates": [ [ 20.508182146015621, 54.704774743426313 ], [ 20.510053399952994, 54.704711650002501 ] ] } },
{ "type": "Feature", "properties": { "u": 73, "v": 74, "key": 0, "oneway": "False", "highway": "tertiary", "name": "Старопрегольская набережная", "maxspeed": "RU:urban", "lanes": "2", "osmid": [ 1372756640, 1372756641, 1372756642, 1372756643, 980011180, 211419989, 308211230, 308211231 ], "u_original": "495", "v_original": "44", "length": "210.06549824578053" }, "geometry": { "type": "LineString", "coordinates": [ [ 20.508182146015621, 54.704774743426313 ], [ 20.505502649863743, 54.704230275120977 ] ] } },
{ "type": "Feature", "properties": { "u": 72, "v": 69, "key": 0, "oneway": "False", "highway": "tertiary", "name": "Парусная улица", "maxspeed": "RU:urban", "lanes": "2", "osmid": [ 42322347, 1372756644 ], "u_original": "47", "v_original": "133", "length": "127.42168276344717" }, "geometry": { "type": "LineString", "coordinates": [ [ 20.505971033164048, 54.704137400173195 ], [ 20.5078995, 54.7038844 ] ] } },
{ "type": "Feature", "properties": { "u": 72, "v": 78, "key": 0, "oneway": "True", "highway": "primary", "name": "Ленинский проспект", "maxspeed": "RU:urban", "lanes": "2", "osmid": "44022248", "u_original": "48", "v_original": "284", "length": "667.1180492425374" }, "geometry": { "type": "LineString", "coordinates": [ [ 20.505971033164048, 54.704137400173195 ], [ 20.508654998736777, 54.709914200106731 ] ] } },
{ "type": "Feature", "properties": { "u": 179, "v": 70, "key": 0, "oneway": "False", "highway": "unclassified", "name": "Мореходная улица", "maxspeed": "", "lanes": "", "osmid": "49211522", "u_original": "183", "v_original": "184", "length": null }, "geometry": { "type": "LineString", "coordinates": [ [ 20.5067122, 54.7015255 ], [ 20.5069878, 54.7021052 ] ] } },
{ "type": "Feature", "properties": { "u": 197, "v": 33, "key": 0, "oneway": "True", "highway": "primary", "name": "Ленинский проспект", "maxspeed": "RU:urban", "lanes": "4", "osmid": [ 980011173, 980011166 ], "u_original": "517", "v_original": "568", "length": "226.51019796441616" }, "geometry": { "type": "LineString", "coordinates": [ [ 20.5037111, 54.7006482 ], [ 20.503187761608345, 54.698950762998152 ] ] } },
{ "type": "Feature", "properties": { "u": 197, "v": 196, "key": 0, "oneway": "False", "highway": "residential", "name": "Эльблонгская улица", "maxspeed": "RU:living_street", "lanes": "2", "osmid": [ 287846925, 980011167 ], "u_original": "517", "v_original": "209", "length": null }, "geometry": { "type": "LineString", "coordinates": [ [ 20.5037111, 54.7006482 ], [ 20.5016793, 54.7009753 ] ] } },
{ "type": "Feature", "properties": { "u": 195, "v": 196, "key": 0, "oneway": "False", "highway": "tertiary", "name": "Серпуховская улица", "maxspeed": "RU:urban", "lanes": "2", "osmid": "308244427", "u_original": "210", "v_original": "209", "length": null }, "geometry": { "type": "LineString", "coordinates": [ [ 20.5026239, 54.70279 ], [ 20.5016793, 54.7009753 ] ] } },
{ "type": "Feature", "properties": { "u": 195, "v": 193, "key": 0, "oneway": "False", "highway": "tertiary", "name": "Полоцкая улица", "maxspeed": "40", "lanes": "2", "osmid": [ 53574852, 1372756648, 989399949, 989399950, 989399951, 989399952, 989399953, 989399954 ], "u_original": "210", "v_original": "208", "length": null }, "geometry": { "type": "LineString", "coordinates": [ [ 20.5026239, 54.70279 ], [ 20.4985534, 54.7050673 ] ] } },
{ "type": "Feature", "properties": { "u": 195, "v": 71, "key": 0, "oneway": "False", "highway": "tertiary", "name": "Полоцкая улица", "maxspeed": "RU:urban", "lanes": "2", "osmid": [ 1372756647, 989399955, 989399956, 989399957, 989399958, 989399959 ], "u_original": "210", "v_original": "520", "length": "151.01643471279652" }, "geometry": { "type": "LineString", "coordinates": [ [ 20.5026239, 54.70279 ], [ 20.504872100071182, 54.70240700007303 ] ] } },
{ "type": "Feature", "properties": { "u": 195, "v": 75, "key": 0, "oneway": "False", "highway": "tertiary", "name": "Серпуховская улица", "maxspeed": "RU:urban", "lanes": "2", "osmid": [ 53574851, 995044374 ], "u_original": "210", "v_original": "211", "length": null }, "geometry": { "type": "LineString", "coordinates": [ [ 20.5026239, 54.70279 ], [ 20.5033743, 54.7044842 ] ] } },
{ "type": "Feature", "properties": { "u": 78, "v": 48, "key": 0, "oneway": "True", "highway": "primary_link", "name": "", "maxspeed": "40", "lanes": "1", "osmid": [ 323342465, 128052453, 323342463 ], "u_original": "284", "v_original": "28", "length": "135.66669522476008" }, "geometry": { "type": "LineString", "coordinates": [ [ 20.508654998736777, 54.709914200106731 ], [ 20.5098464, 54.7091848 ] ] } },
{ "type": "Feature", "properties": { "u": 78, "v": 32, "key": 0, "oneway": "True", "highway": "primary", "name": "Ленинский проспект", "maxspeed": "RU:urban", "lanes": "3", "osmid": [ 101331081, 106609551 ], "u_original": "279", "v_original": "18", "length": "123.38450833829819" }, "geometry": { "type": "LineString", "coordinates": [ [ 20.508654998736777, 54.709914200106731 ], [ 20.5091923, 54.7109784 ] ] } },
{ "type": "Feature", "properties": { "u": 141, "v": 142, "key": 0, "oneway": "False", "highway": "residential", "name": "Старопрегольская набережная", "maxspeed": "RU:living_street", "lanes": "2", "osmid": "583464743", "u_original": "131", "v_original": "384", "length": "151.6486073472054" }, "geometry": { "type": "LineString", "coordinates": [ [ 20.510053399952994, 54.704711650002501 ], [ 20.5121919, 54.7044582 ] ] } },
{ "type": "Feature", "properties": { "u": 141, "v": 73, "key": 0, "oneway": "False", "highway": "residential", "name": "Старопрегольская набережная", "maxspeed": "RU:living_street", "lanes": "2", "osmid": "583464743", "u_original": "131", "v_original": "498", "length": "133.61581256012647" }, "geometry": { "type": "LineString", "coordinates": [ [ 20.510053399952994, 54.704711650002501 ], [ 20.508182146015621, 54.704774743426313 ] ] } },
{ "type": "Feature", "properties": { "u": 74, "v": 75, "key": 0, "oneway": "False", "highway": "secondary", "name": "Портовая улица", "maxspeed": "RU:urban", "lanes": "2", "osmid": [ 989399945, 989399946, 989399947, 668678780, 1212485023 ], "u_original": "44", "v_original": "211", "length": "140.1444500076181" }, "geometry": { "type": "LineString", "coordinates": [ [ 20.505502649863743, 54.704230275120977 ], [ 20.5033743, 54.7044842 ] ] } },
{ "type": "Feature", "properties": { "u": 74, "v": 73, "key": 0, "oneway": "False", "highway": "tertiary", "name": "Старопрегольская набережная", "maxspeed": "RU:urban", "lanes": "2", "osmid": [ 1372756640, 1372756641, 1372756642, 1372756643, 980011180, 211419989, 308211230, 308211231 ], "u_original": "44", "v_original": "495", "length": "210.06549824578053" }, "geometry": { "type": "LineString", "coordinates": [ [ 20.505502649863743, 54.704230275120977 ], [ 20.508182146015621, 54.704774743426313 ] ] } },
{ "type": "Feature", "properties": { "u": 74, "v": 71, "key": 0, "oneway": "True", "highway": "primary", "name": "Ленинский проспект", "maxspeed": "RU:urban", "lanes": "4", "osmid": [ 980011176, 980011177 ], "u_original": "524", "v_original": "520", "length": "217.84531361833638" }, "geometry": { "type": "LineString", "coordinates": [ [ 20.505502649863743, 54.704230275120977 ], [ 20.504872100071182, 54.70240700007303 ] ] } },
{ "type": "Feature", "properties": { "u": 75, "v": 195, "key": 0, "oneway": "False", "highway": "tertiary", "name": "Серпуховская улица", "maxspeed": "RU:urban", "lanes": "2", "osmid": [ 53574851, 995044374 ], "u_original": "211", "v_original": "210", "length": null }, "geometry": { "type": "LineString", "coordinates": [ [ 20.5033743, 54.7044842 ], [ 20.5026239, 54.70279 ] ] } },
{ "type": "Feature", "properties": { "u": 75, "v": 194, "key": 0, "oneway": "False", "highway": "secondary", "name": "Портовая улица", "maxspeed": "RU:urban", "lanes": "2", "osmid": [ 989399940, 989399941, 989399942, 989399943, 989399944 ], "u_original": "211", "v_original": "484", "length": null }, "geometry": { "type": "LineString", "coordinates": [ [ 20.5033743, 54.7044842 ], [ 20.4995526, 54.7049405 ] ] } },
{ "type": "Feature", "properties": { "u": 75, "v": 74, "key": 0, "oneway": "False", "highway": "secondary", "name": "Портовая улица", "maxspeed": "RU:urban", "lanes": "2", "osmid": [ 989399945, 989399946, 989399947, 668678780, 1212485023 ], "u_original": "211", "v_original": "44", "length": "140.1444500076181" }, "geometry": { "type": "LineString", "coordinates": [ [ 20.5033743, 54.7044842 ], [ 20.505502649863743, 54.704230275120977 ] ] } },
{ "type": "Feature", "properties": { "u": 194, "v": 281, "key": 0, "oneway": "False", "highway": "residential", "name": "Портовая улица", "maxspeed": "RU:living_street", "lanes": "", "osmid": "488542313", "u_original": "484", "v_original": "485", "length": null }, "geometry": { "type": "LineString", "coordinates": [ [ 20.4995526, 54.7049405 ], [ 20.4998092, 54.7036172 ] ] } },
{ "type": "Feature", "properties": { "u": 194, "v": 193, "key": 0, "oneway": "False", "highway": "secondary", "name": "Портовая улица", "maxspeed": "RU:urban", "lanes": "2", "osmid": [ 989399938, 989399939 ], "u_original": "484", "v_original": "208", "length": null }, "geometry": { "type": "LineString", "coordinates": [ [ 20.4995526, 54.7049405 ], [ 20.4985534, 54.7050673 ] ] } },
{ "type": "Feature", "properties": { "u": 194, "v": 75, "key": 0, "oneway": "False", "highway": "secondary", "name": "Портовая улица", "maxspeed": "RU:urban", "lanes": "2", "osmid": [ 989399940, 989399941, 989399942, 989399943, 989399944 ], "u_original": "484", "v_original": "211", "length": null }, "geometry": { "type": "LineString", "coordinates": [ [ 20.4995526, 54.7049405 ], [ 20.5033743, 54.7044842 ] ] } },
{ "type": "Feature", "properties": { "u": 136, "v": 186, "key": 0, "oneway": "True", "highway": "primary", "name": "проспект Калинина", "maxspeed": "RU:urban", "lanes": "2", "osmid": [ 981617638, 981617639 ], "u_original": "195", "v_original": "198", "length": "274.55849207689266" }, "geometry": { "type": "LineString", "coordinates": [ [ 20.506526750006124, 54.694939250000338 ], [ 20.509845700296591, 54.695081532859973 ] ] } },
{ "type": "Feature", "properties": { "u": 136, "v": 121, "key": 0, "oneway": "False", "highway": "residential", "name": "переулок Калинина", "maxspeed": "RU:urban", "lanes": "2", "osmid": [ 323517203, 47184196 ], "u_original": "152", "v_original": "153", "length": "105.79232323963669" }, "geometry": { "type": "LineString", "coordinates": [ [ 20.506526750006124, 54.694939250000338 ], [ 20.5064974, 54.6958898 ] ] } },
{ "type": "Feature", "properties": { "u": 136, "v": 76, "key": 0, "oneway": "True", "highway": "primary", "name": "проспект Калинина", "maxspeed": "RU:urban", "lanes": "3", "osmid": [ 210722416, 478508495 ], "u_original": "152", "v_original": "558", "length": "238.22300463081777" }, "geometry": { "type": "LineString", "coordinates": [ [ 20.506526750006124, 54.694939250000338 ], [ 20.50301325000002, 54.694835700000233 ] ] } },
{ "type": "Feature", "properties": { "u": 260, "v": 37, "key": 0, "oneway": "True", "highway": "primary", "name": "", "maxspeed": "RU:urban", "lanes": "3", "osmid": "981617679", "u_original": "560", "v_original": "559", "length": "114.82454366579464" }, "geometry": { "type": "LineString", "coordinates": [ [ 20.5016141, 54.6953226 ], [ 20.500073208624563, 54.695820545421775 ] ] } },
{ "type": "Feature", "properties": { "u": 119, "v": 120, "key": 0, "oneway": "True", "highway": "residential", "name": "", "maxspeed": "", "lanes": "1", "osmid": [ 314321308, 42990924, 1372496941, 1372496942 ], "u_original": "102", "v_original": "356", "length": "125.75451633237499" }, "geometry": { "type": "LineString", "coordinates": [ [ 20.5032186, 54.6958303 ], [ 20.501434702487206, 54.696099351075176 ] ] } },
{ "type": "Feature", "properties": { "u": 119, "v": 121, "key": 0, "oneway": "True", "highway": "residential", "name": "Ольштынская улица", "maxspeed": "40", "lanes": "1", "osmid": [ 314321298, 45508628 ], "u_original": "102", "v_original": "153", "length": null }, "geometry": { "type": "LineString", "coordinates": [ [ 20.5032186, 54.6958303 ], [ 20.5064974, 54.6958898 ] ] } },
{ "type": "Feature", "properties": { "u": 119, "v": 118, "key": 0, "oneway": "True", "highway": "primary", "name": "Ленинский проспект", "maxspeed": "RU:urban", "lanes": "2", "osmid": [ 772939733, 1372496948, 1372496949 ], "u_original": "102", "v_original": "101", "length": "178.068634122194" }, "geometry": { "type": "LineString", "coordinates": [ [ 20.5032186, 54.6958303 ], [ 20.503877232872373, 54.69701030893949 ] ] } },
{ "type": "Feature", "properties": { "u": 80, "v": 88, "key": 0, "oneway": "True", "highway": "primary", "name": "улица Румянцева", "maxspeed": "RU:urban", "lanes": "3", "osmid": "42452217", "u_original": "66", "v_original": "618", "length": "289.2712913388438" }, "geometry": { "type": "LineString", "coordinates": [ [ 20.49453248261915, 54.711094979812415 ], [ 20.490913599987771, 54.712438100000881 ] ] } },
{ "type": "Feature", "properties": { "u": 80, "v": 81, "key": 0, "oneway": "True", "highway": "primary", "name": "улица Генерала Буткова", "maxspeed": "RU:urban", "lanes": "3", "osmid": "42990364", "u_original": "58", "v_original": "260", "length": "168.46648370109787" }, "geometry": { "type": "LineString", "coordinates": [ [ 20.49453248261915, 54.711094979812415 ], [ 20.492693189717869, 54.710050686505603 ] ] } },
{ "type": "Feature", "properties": { "u": 80, "v": 81, "key": 1, "oneway": "False", "highway": "residential", "name": "улица Генерала Галицкого", "maxspeed": "", "lanes": "2", "osmid": "78049369", "u_original": "257", "v_original": "258", "length": "212.48828801256633" }, "geometry": { "type": "LineString", "coordinates": [ [ 20.49453248261915, 54.711094979812415 ], [ 20.492693189717869, 54.710050686505603 ] ] } },
{ "type": "Feature", "properties": { "u": 80, "v": 181, "key": 0, "oneway": "True", "highway": "primary", "name": "Московский проспект", "maxspeed": "RU:urban", "lanes": "3", "osmid": [ 107444056, 989434781 ], "u_original": "237", "v_original": "245", "length": "430.39891973905503" }, "geometry": { "type": "LineString", "coordinates": [ [ 20.49453248261915, 54.711094979812415 ], [ 20.500869077900823, 54.710275301702339 ] ] } },
{ "type": "Feature", "properties": { "u": 80, "v": 217, "key": 0, "oneway": "False", "highway": "residential", "name": "улица Юрия Савенко", "maxspeed": "RU:living_street", "lanes": "2", "osmid": [ 1370382528, 390819973, 390819974 ], "u_original": "237", "v_original": "322", "length": "169.26607718858764" }, "geometry": { "type": "LineString", "coordinates": [ [ 20.49453248261915, 54.711094979812415 ], [ 20.495132999607293, 54.709837600028941 ] ] } },
{ "type": "Feature", "properties": { "u": 80, "v": 86, "key": 0, "oneway": "False", "highway": "residential", "name": "Ботаническая улица", "maxspeed": "", "lanes": "1", "osmid": "42596792", "u_original": "65", "v_original": "67", "length": "166.4326906659245" }, "geometry": { "type": "LineString", "coordinates": [ [ 20.49453248261915, 54.711094979812415 ], [ 20.4958827, 54.711653899999988 ] ] } },
{ "type": "Feature", "properties": { "u": 80, "v": 87, "key": 0, "oneway": "False", "highway": "tertiary", "name": "улица Генерала Галицкого", "maxspeed": "RU:urban", "lanes": "2", "osmid": [ 1370697568, 204024687 ], "u_original": "65", "v_original": "221", "length": "236.99892686628604" }, "geometry": { "type": "LineString", "coordinates": [ [ 20.49453248261915, 54.711094979812415 ], [ 20.495430049694519, 54.713082700056354 ] ] } },
{ "type": "Feature", "properties": { "u": 81, "v": 80, "key": 0, "oneway": "False", "highway": "residential", "name": "улица Генерала Галицкого", "maxspeed": "", "lanes": "2", "osmid": "78049369", "u_original": "258", "v_original": "257", "length": "212.48828801256633" }, "geometry": { "type": "LineString", "coordinates": [ [ 20.492693189717869, 54.710050686505603 ], [ 20.49453248261915, 54.711094979812415 ] ] } },
{ "type": "Feature", "properties": { "u": 81, "v": 114, "key": 0, "oneway": "True", "highway": "primary", "name": "улица Генерала Буткова", "maxspeed": "RU:urban", "lanes": "3", "osmid": "42990364", "u_original": "259", "v_original": "283", "length": "281.13063300185024" }, "geometry": { "type": "LineString", "coordinates": [ [ 20.492693189717869, 54.710050686505603 ], [ 20.4899832, 54.7080715 ] ] } },
{ "type": "Feature", "properties": { "u": 181, "v": 182, "key": 0, "oneway": "True", "highway": "primary", "name": "Московский проспект", "maxspeed": "RU:urban", "lanes": "4", "osmid": [ 989434929, 989434932, 424028543 ], "u_original": "191", "v_original": "246", "length": "351.65397112949614" }, "geometry": { "type": "LineString", "coordinates": [ [ 20.500869077900823, 54.710275301702339 ], [ 20.506111466736527, 54.709500767014362 ] ] } },
{ "type": "Feature", "properties": { "u": 181, "v": 254, "key": 0, "oneway": "False", "highway": "residential", "name": "Московский проспект", "maxspeed": "", "lanes": "1", "osmid": "149705036", "u_original": "323", "v_original": "460", "length": "227.46326784965464" }, "geometry": { "type": "LineString", "coordinates": [ [ 20.500869077900823, 54.710275301702339 ], [ 20.497507, 54.7100589 ] ] } },
{ "type": "Feature", "properties": { "u": 181, "v": 222, "key": 0, "oneway": "False", "highway": "living_street", "name": "", "maxspeed": "RU:living_street", "lanes": "", "osmid": "208276047", "u_original": "378", "v_original": "376", "length": "264.6206257866383" }, "geometry": { "type": "LineString", "coordinates": [ [ 20.500869077900823, 54.710275301702339 ], [ 20.502115973072552, 54.708731178431691 ] ] } },
{ "type": "Feature", "properties": { "u": 181, "v": 217, "key": 0, "oneway": "False", "highway": "residential", "name": "Московский проспект", "maxspeed": "RU:living_street", "lanes": "2", "osmid": [ 149703660, 1372756597, 1373833525, 242393721, 149703802, 149703804 ], "u_original": "378", "v_original": "322", "length": "436.30625898335916" }, "geometry": { "type": "LineString", "coordinates": [ [ 20.500869077900823, 54.710275301702339 ], [ 20.495132999607293, 54.709837600028941 ] ] } },
{ "type": "Feature", "properties": { "u": 181, "v": 237, "key": 0, "oneway": "False", "highway": "living_street", "name": "", "maxspeed": "", "lanes": "", "osmid": [ 290833258, 290833916 ], "u_original": "410", "v_original": "408", "length": "187.96019132227656" }, "geometry": { "type": "LineString", "coordinates": [ [ 20.500869077900823, 54.710275301702339 ], [ 20.5032711, 54.7100769 ] ] } },
{ "type": "Feature", "properties": { "u": 181, "v": 80, "key": 0, "oneway": "True", "highway": "primary", "name": "Московский проспект", "maxspeed": "RU:urban", "lanes": "3", "osmid": [ 1370697576, 1370697577, 128167914, 1370697573 ], "u_original": "412", "v_original": "55", "length": "418.5378489853925" }, "geometry": { "type": "LineString", "coordinates": [ [ 20.500869077900823, 54.710275301702339 ], [ 20.49453248261915, 54.711094979812415 ] ] } },
{ "type": "Feature", "properties": { "u": 217, "v": 219, "key": 0, "oneway": "False", "highway": "unclassified", "name": "", "maxspeed": "RU:living_street", "lanes": "2", "osmid": [ 995233928, 1370382531, 141913197 ], "u_original": "238", "v_original": "306", "length": "330.31489972380126" }, "geometry": { "type": "LineString", "coordinates": [ [ 20.495132999607293, 54.709837600028941 ], [ 20.498632799865167, 54.707965600049207 ] ] } },
{ "type": "Feature", "properties": { "u": 217, "v": 216, "key": 0, "oneway": "False", "highway": "residential", "name": "улица Юрия Савенко", "maxspeed": "RU:living_street", "lanes": "2", "osmid": [ 1370382529, 1370382530, 59848201 ], "u_original": "238", "v_original": "236", "length": "290.2579051387658" }, "geometry": { "type": "LineString", "coordinates": [ [ 20.495132999607293, 54.709837600028941 ], [ 20.4945043, 54.7072555 ] ] } },
{ "type": "Feature", "properties": { "u": 217, "v": 80, "key": 0, "oneway": "False", "highway": "residential", "name": "улица Юрия Савенко", "maxspeed": "RU:living_street", "lanes": "2", "osmid": [ 1370382528, 390819973, 390819974 ], "u_original": "322", "v_original": "237", "length": "169.26607718858764" }, "geometry": { "type": "LineString", "coordinates": [ [ 20.495132999607293, 54.709837600028941 ], [ 20.49453248261915, 54.711094979812415 ] ] } },
{ "type": "Feature", "properties": { "u": 217, "v": 181, "key": 0, "oneway": "False", "highway": "residential", "name": "Московский проспект", "maxspeed": "RU:living_street", "lanes": "2", "osmid": [ 149703660, 1373833525, 1372756597, 242393721, 149703802, 149703804 ], "u_original": "322", "v_original": "378", "length": "436.30625898335916" }, "geometry": { "type": "LineString", "coordinates": [ [ 20.495132999607293, 54.709837600028941 ], [ 20.500869077900823, 54.710275301702339 ] ] } },
{ "type": "Feature", "properties": { "u": 86, "v": 80, "key": 0, "oneway": "False", "highway": "residential", "name": "Ботаническая улица", "maxspeed": "", "lanes": "1", "osmid": "42596792", "u_original": "67", "v_original": "65", "length": "166.4326906659245" }, "geometry": { "type": "LineString", "coordinates": [ [ 20.4958827, 54.711653899999988 ], [ 20.49453248261915, 54.711094979812415 ] ] } },
{ "type": "Feature", "properties": { "u": 87, "v": 80, "key": 0, "oneway": "False", "highway": "tertiary", "name": "улица Генерала Галицкого", "maxspeed": "RU:urban", "lanes": "2", "osmid": [ 1370697568, 204024687 ], "u_original": "221", "v_original": "65", "length": "236.99892686628604" }, "geometry": { "type": "LineString", "coordinates": [ [ 20.495430049694519, 54.713082700056354 ], [ 20.49453248261915, 54.711094979812415 ] ] } },
{ "type": "Feature", "properties": { "u": 87, "v": 208, "key": 0, "oneway": "False", "highway": "living_street", "name": "улица Бесселя", "maxspeed": "", "lanes": "", "osmid": [ 55799427, 1312019118 ], "u_original": "221", "v_original": "605", "length": "149.2508557161044" }, "geometry": { "type": "LineString", "coordinates": [ [ 20.495430049694519, 54.713082700056354 ], [ 20.493436431131087, 54.713341504324738 ] ] } },
{ "type": "Feature", "properties": { "u": 87, "v": 90, "key": 0, "oneway": "False", "highway": "tertiary", "name": "улица Бесселя", "maxspeed": "RU:urban", "lanes": "2", "osmid": "42597737", "u_original": "69", "v_original": "461", "length": "163.6623564842951" }, "geometry": { "type": "LineString", "coordinates": [ [ 20.495430049694519, 54.713082700056354 ], [ 20.497853358602395, 54.713281853219613 ] ] } },
{ "type": "Feature", "properties": { "u": 87, "v": 91, "key": 0, "oneway": "False", "highway": "tertiary", "name": "улица Генерала Галицкого", "maxspeed": "RU:urban", "lanes": "2", "osmid": "386541583", "u_original": "69", "v_original": "462", "length": "175.25687947871924" }, "geometry": { "type": "LineString", "coordinates": [ [ 20.495430049694519, 54.713082700056354 ], [ 20.4972867, 54.7142305 ] ] } },
{ "type": "Feature", "properties": { "u": 183, "v": 184, "key": 0, "oneway": "False", "highway": "residential", "name": "улица Литовский Вал", "maxspeed": "", "lanes": "2", "osmid": [ 25901305, 736346491 ], "u_original": "192", "v_original": "585", "length": "297.36675563831426" }, "geometry": { "type": "LineString", "coordinates": [ [ 20.5377642, 54.707065 ], [ 20.537797200024787, 54.709734850002569 ] ] } },
{ "type": "Feature", "properties": { "u": 183, "v": 82, "key": 0, "oneway": "False", "highway": "residential", "name": "Черепичная улица", "maxspeed": "", "lanes": "2", "osmid": [ 1366051278, 645790070, 25901305, 53357468, 53357469, 53357470 ], "u_original": "192", "v_original": "193", "length": null }, "geometry": { "type": "LineString", "coordinates": [ [ 20.5377642, 54.707065 ], [ 20.5362899, 54.7097415 ] ] } },
{ "type": "Feature", "properties": { "u": 183, "v": 185, "key": 0, "oneway": "False", "highway": "residential", "name": "улица Литовский Вал", "maxspeed": "", "lanes": "2", "osmid": [ 53357473, 53357474, 53357475 ], "u_original": "192", "v_original": "194", "length": null }, "geometry": { "type": "LineString", "coordinates": [ [ 20.5377642, 54.707065 ], [ 20.5398867, 54.7067981 ] ] } },
{ "type": "Feature", "properties": { "u": 184, "v": 183, "key": 0, "oneway": "False", "highway": "residential", "name": "улица Литовский Вал", "maxspeed": "", "lanes": "2", "osmid": [ 25901305, 736346491 ], "u_original": "585", "v_original": "192", "length": "297.36675563831426" }, "geometry": { "type": "LineString", "coordinates": [ [ 20.537797200024787, 54.709734850002569 ], [ 20.5377642, 54.707065 ] ] } },
{ "type": "Feature", "properties": { "u": 184, "v": 202, "key": 0, "oneway": "False", "highway": "primary", "name": "улица Литовский Вал", "maxspeed": "RU:urban", "lanes": "3", "osmid": [ 53374883, 205799959 ], "u_original": "586", "v_original": "217", "length": "146.76793669361734" }, "geometry": { "type": "LineString", "coordinates": [ [ 20.537797200024787, 54.709734850002569 ], [ 20.5374021, 54.7110333 ] ] } },
{ "type": "Feature", "properties": { "u": 184, "v": 52, "key": 0, "oneway": "True", "highway": "primary", "name": "Московский проспект", "maxspeed": "RU:urban", "lanes": "3", "osmid": [ 1370089170, 1370089171, 53374885, 989434629 ], "u_original": "586", "v_original": "31", "length": "412.3746342332193" }, "geometry": { "type": "LineString", "coordinates": [ [ 20.537797200024787, 54.709734850002569 ], [ 20.531451475488094, 54.709873862920276 ] ] } },
{ "type": "Feature", "properties": { "u": 83, "v": 84, "key": 0, "oneway": "False", "highway": "residential", "name": "улица Подполковника Иванникова", "maxspeed": "RU:urban", "lanes": "2", "osmid": [ 42594989, 287689421, 127184123, 1370697596, 1370697597, 980510399 ], "u_original": "542", "v_original": "63", "length": "210.00576191949" }, "geometry": { "type": "LineString", "coordinates": [ [ 20.507448749992612, 54.720926450011042 ], [ 20.505374650035566, 54.719512650003828 ] ] } },
{ "type": "Feature", "properties": { "u": 83, "v": 257, "key": 0, "oneway": "True", "highway": "primary", "name": "улица Горького", "maxspeed": "RU:urban", "lanes": "2", "osmid": "980510403", "u_original": "542", "v_original": "541", "length": "124.13207119136393" }, "geometry": { "type": "LineString", "coordinates": [ [ 20.507448749992612, 54.720926450011042 ], [ 20.507821394613266, 54.719876185547392 ] ] } },
{ "type": "Feature", "properties": { "u": 168, "v": 171, "key": 0, "oneway": "False", "highway": "residential", "name": "улица Михаила Галковского", "maxspeed": "", "lanes": "", "osmid": "48807219", "u_original": "161", "v_original": "368", "length": "159.7839375854306" }, "geometry": { "type": "LineString", "coordinates": [ [ 20.5055572, 54.7182962 ], [ 20.507661610176495, 54.718921732286383 ] ] } },
{ "type": "Feature", "properties": { "u": 168, "v": 165, "key": 0, "oneway": "False", "highway": "residential", "name": "улица Подполковника Иванникова", "maxspeed": "RU:urban", "lanes": "2", "osmid": [ 1069222960, 1069222959 ], "u_original": "161", "v_original": "158", "length": null }, "geometry": { "type": "LineString", "coordinates": [ [ 20.5055572, 54.7182962 ], [ 20.5056793, 54.7172793 ] ] } },
{ "type": "Feature", "properties": { "u": 168, "v": 84, "key": 0, "oneway": "False", "highway": "residential", "name": "улица Подполковника Иванникова", "maxspeed": "RU:urban", "lanes": "2", "osmid": [ 1069222961, 1069222962 ], "u_original": "161", "v_original": "530", "length": "136.05598473922373" }, "geometry": { "type": "LineString", "coordinates": [ [ 20.5055572, 54.7182962 ], [ 20.505374650035566, 54.719512650003828 ] ] } },
{ "type": "Feature", "properties": { "u": 208, "v": 87, "key": 0, "oneway": "False", "highway": "living_street", "name": "улица Бесселя", "maxspeed": "", "lanes": "", "osmid": [ 55799427, 1312019118 ], "u_original": "605", "v_original": "221", "length": "149.25085571610444" }, "geometry": { "type": "LineString", "coordinates": [ [ 20.493436431131087, 54.713341504324738 ], [ 20.495430049694519, 54.713082700056354 ] ] } },
{ "type": "Feature", "properties": { "u": 208, "v": 288, "key": 0, "oneway": "False", "highway": "living_street", "name": "", "maxspeed": "", "lanes": "", "osmid": "1153590034", "u_original": "605", "v_original": "606", "length": "162.3210833574579" }, "geometry": { "type": "LineString", "coordinates": [ [ 20.493436431131087, 54.713341504324738 ], [ 20.493881050282251, 54.714053200245637 ] ] } },
{ "type": "Feature", "properties": { "u": 208, "v": 288, "key": 1, "oneway": "False", "highway": "living_street", "name": "", "maxspeed": "", "lanes": "", "osmid": "1153590034", "u_original": "608", "v_original": "606", "length": "144.7007178086503" }, "geometry": { "type": "LineString", "coordinates": [ [ 20.493436431131087, 54.713341504324738 ], [ 20.493881050282251, 54.714053200245637 ] ] } },
{ "type": "Feature", "properties": { "u": 208, "v": 208, "key": 0, "oneway": "False", "highway": "living_street", "name": "", "maxspeed": "", "lanes": "", "osmid": "1153061964", "u_original": "604", "v_original": "604", "length": "23.92758205678905" }, "geometry": { "type": "LineString", "coordinates": [ [ 20.493436431131087, 54.713341504324738 ], [ 20.493436431131087, 54.713341504324738 ] ] } },
{ "type": "Feature", "properties": { "u": 208, "v": 208, "key": 1, "oneway": "False", "highway": "living_street", "name": "", "maxspeed": "", "lanes": "", "osmid": "1153061964", "u_original": "604", "v_original": "604", "length": "23.92758205678905" }, "geometry": { "type": "LineString", "coordinates": [ [ 20.493436431131087, 54.713341504324738 ], [ 20.493436431131087, 54.713341504324738 ] ] } },
{ "type": "Feature", "properties": { "u": 90, "v": 87, "key": 0, "oneway": "False", "highway": "tertiary", "name": "улица Бесселя", "maxspeed": "RU:urban", "lanes": "2", "osmid": "42597737", "u_original": "461", "v_original": "69", "length": "163.6623564842951" }, "geometry": { "type": "LineString", "coordinates": [ [ 20.497853358602395, 54.713281853219613 ], [ 20.495430049694519, 54.713082700056354 ] ] } },
{ "type": "Feature", "properties": { "u": 90, "v": 91, "key": 0, "oneway": "False", "highway": "living_street", "name": "", "maxspeed": "RU:living_street", "lanes": "", "osmid": "386541582", "u_original": "461", "v_original": "462", "length": "142.80089993401063" }, "geometry": { "type": "LineString", "coordinates": [ [ 20.497853358602395, 54.713281853219613 ], [ 20.4972867, 54.7142305 ] ] } },
{ "type": "Feature", "properties": { "u": 90, "v": 92, "key": 0, "oneway": "False", "highway": "tertiary", "name": "улица Бесселя", "maxspeed": "RU:urban", "lanes": "2", "osmid": "42597737", "u_original": "70", "v_original": "71", "length": "123.71632547106879" }, "geometry": { "type": "LineString", "coordinates": [ [ 20.497853358602395, 54.713281853219613 ], [ 20.49883, 54.7123664 ] ] } },
{ "type": "Feature", "properties": { "u": 90, "v": 97, "key": 0, "oneway": "False", "highway": "living_street", "name": "Космическая улица", "maxspeed": "RU:living_street", "lanes": "", "osmid": "206266641", "u_original": "371", "v_original": "372", "length": "241.22192352915073" }, "geometry": { "type": "LineString", "coordinates": [ [ 20.497853358602395, 54.713281853219613 ], [ 20.499291024614589, 54.714569348919589 ] ] } },
{ "type": "Feature", "properties": { "u": 91, "v": 90, "key": 0, "oneway": "False", "highway": "living_street", "name": "", "maxspeed": "RU:living_street", "lanes": "", "osmid": "386541582", "u_original": "462", "v_original": "461", "length": "142.80089993401063" }, "geometry": { "type": "LineString", "coordinates": [ [ 20.4972867, 54.7142305 ], [ 20.497853358602395, 54.713281853219613 ] ] } },
{ "type": "Feature", "properties": { "u": 91, "v": 87, "key": 0, "oneway": "False", "highway": "tertiary", "name": "улица Генерала Галицкого", "maxspeed": "RU:urban", "lanes": "2", "osmid": "386541583", "u_original": "462", "v_original": "69", "length": "175.25687947871924" }, "geometry": { "type": "LineString", "coordinates": [ [ 20.4972867, 54.7142305 ], [ 20.495430049694519, 54.713082700056354 ] ] } },
{ "type": "Feature", "properties": { "u": 91, "v": 97, "key": 0, "oneway": "False", "highway": "tertiary", "name": "улица Генерала Галицкого", "maxspeed": "RU:urban", "lanes": "2", "osmid": "386541583", "u_original": "462", "v_original": "80", "length": "174.273187866464" }, "geometry": { "type": "LineString", "coordinates": [ [ 20.4972867, 54.7142305 ], [ 20.499291024614589, 54.714569348919589 ] ] } },
{ "type": "Feature", "properties": { "u": 103, "v": 102, "key": 0, "oneway": "False", "highway": "residential", "name": "Больничная улица", "maxspeed": "RU:urban", "lanes": "2", "osmid": "238150710", "u_original": "84", "v_original": "83", "length": "245.5999617549064" }, "geometry": { "type": "LineString", "coordinates": [ [ 20.503969167814258, 54.710717996158792 ], [ 20.503622392757734, 54.712666592987681 ] ] } },
{ "type": "Feature", "properties": { "u": 103, "v": 104, "key": 0, "oneway": "False", "highway": "residential", "name": "улица Коперника", "maxspeed": "RU:urban", "lanes": "1", "osmid": "1372756618", "u_original": "84", "v_original": "617", "length": "122.76540567428445" }, "geometry": { "type": "LineString", "coordinates": [ [ 20.503969167814258, 54.710717996158792 ], [ 20.5020855, 54.7108783 ] ] } },
{ "type": "Feature", "properties": { "u": 103, "v": 89, "key": 0, "oneway": "False", "highway": "living_street", "name": "", "maxspeed": "RU:living_street", "lanes": "", "osmid": "290901706", "u_original": "415", "v_original": "414", "length": "183.41054305987694" }, "geometry": { "type": "LineString", "coordinates": [ [ 20.503969167814258, 54.710717996158792 ], [ 20.506562800006233, 54.710465350048388 ] ] } },
{ "type": "Feature", "properties": { "u": 103, "v": 134, "key": 0, "oneway": "False", "highway": "living_street", "name": "", "maxspeed": "RU:living_street", "lanes": "", "osmid": "177144582", "u_original": "346", "v_original": "348", "length": "134.36603279921445" }, "geometry": { "type": "LineString", "coordinates": [ [ 20.503969167814258, 54.710717996158792 ], [ 20.505984900429318, 54.710796700455177 ] ] } },
{ "type": "Feature", "properties": { "u": 103, "v": 134, "key": 1, "oneway": "False", "highway": "residential", "name": "улица Коперника", "maxspeed": "RU:urban", "lanes": "1", "osmid": [ 1372756619, 177144645, 1366051271 ], "u_original": "346", "v_original": "348", "length": "134.36603279921445" }, "geometry": { "type": "LineString", "coordinates": [ [ 20.503969167814258, 54.710717996158792 ], [ 20.505984900429318, 54.710796700455177 ] ] } },
{ "type": "Feature", "properties": { "u": 92, "v": 90, "key": 0, "oneway": "False", "highway": "tertiary", "name": "улица Бесселя", "maxspeed": "RU:urban", "lanes": "2", "osmid": "42597737", "u_original": "71", "v_original": "70", "length": "123.71632547106879" }, "geometry": { "type": "LineString", "coordinates": [ [ 20.49883, 54.7123664 ], [ 20.497853358602395, 54.713281853219613 ] ] } },
{ "type": "Feature", "properties": { "u": 92, "v": 93, "key": 0, "oneway": "False", "highway": "tertiary", "name": "улица Вагнера", "maxspeed": "RU:urban", "lanes": "2", "osmid": "42597785", "u_original": "71", "v_original": "72", "length": null }, "geometry": { "type": "LineString", "coordinates": [ [ 20.49883, 54.7123664 ], [ 20.500938, 54.71232530000001 ] ] } },
{ "type": "Feature", "properties": { "u": 92, "v": 94, "key": 0, "oneway": "False", "highway": "residential", "name": "Загорская улица", "maxspeed": "", "lanes": "2", "osmid": "43950569", "u_original": "71", "v_original": "121", "length": null }, "geometry": { "type": "LineString", "coordinates": [ [ 20.49883, 54.7123664 ], [ 20.4982115, 54.7117098 ] ] } },
{ "type": "Feature", "properties": { "u": 97, "v": 96, "key": 0, "oneway": "False", "highway": "residential", "name": "Геологическая улица", "maxspeed": "RU:urban", "lanes": "2", "osmid": [ 1372756616, 42598219 ], "u_original": "77", "v_original": "74", "length": "251.54707446793591" }, "geometry": { "type": "LineString", "coordinates": [ [ 20.499291024614589, 54.714569348919589 ], [ 20.503041500566827, 54.714074277255015 ] ] } },
{ "type": "Feature", "properties": { "u": 97, "v": 90, "key": 0, "oneway": "False", "highway": "living_street", "name": "Космическая улица", "maxspeed": "RU:living_street", "lanes": "", "osmid": "206266641", "u_original": "372", "v_original": "371", "length": "241.22192352915073" }, "geometry": { "type": "LineString", "coordinates": [ [ 20.499291024614589, 54.714569348919589 ], [ 20.497853358602395, 54.713281853219613 ] ] } },
{ "type": "Feature", "properties": { "u": 97, "v": 100, "key": 0, "oneway": "False", "highway": "living_street", "name": "Космическая улица", "maxspeed": "RU:living_street", "lanes": "", "osmid": [ 206266640, 274851449 ], "u_original": "79", "v_original": "394", "length": "172.31859159405107" }, "geometry": { "type": "LineString", "coordinates": [ [ 20.499291024614589, 54.714569348919589 ], [ 20.5012547, 54.7151467 ] ] } },
{ "type": "Feature", "properties": { "u": 97, "v": 283, "key": 0, "oneway": "False", "highway": "living_street", "name": "", "maxspeed": "RU:living_street", "lanes": "", "osmid": "509001314", "u_original": "489", "v_original": "490", "length": "96.12611918826016" }, "geometry": { "type": "LineString", "coordinates": [ [ 20.499291024614589, 54.714569348919589 ], [ 20.4989044, 54.71377 ] ] } },
{ "type": "Feature", "properties": { "u": 97, "v": 91, "key": 0, "oneway": "False", "highway": "tertiary", "name": "улица Генерала Галицкого", "maxspeed": "RU:urban", "lanes": "2", "osmid": "386541583", "u_original": "80", "v_original": "462", "length": "174.273187866464" }, "geometry": { "type": "LineString", "coordinates": [ [ 20.499291024614589, 54.714569348919589 ], [ 20.4972867, 54.7142305 ] ] } },
{ "type": "Feature", "properties": { "u": 97, "v": 85, "key": 0, "oneway": "True", "highway": "tertiary", "name": "улица Генерала Галицкого", "maxspeed": "RU:urban", "lanes": "2", "osmid": [ 1372756608, 386664478 ], "u_original": "80", "v_original": "553", "length": "380.9936167289598" }, "geometry": { "type": "LineString", "coordinates": [ [ 20.499291024614589, 54.714569348919589 ], [ 20.500337399980818, 54.717104700003183 ] ] } },
{ "type": "Feature", "properties": { "u": 97, "v": 282, "key": 0, "oneway": "False", "highway": "living_street", "name": "", "maxspeed": "RU:living_street", "lanes": "", "osmid": "509001313", "u_original": "487", "v_original": "488", "length": "140.85158234756142" }, "geometry": { "type": "LineString", "coordinates": [ [ 20.499291024614589, 54.714569348919589 ], [ 20.4981373, 54.7140582 ] ] } },
{ "type": "Feature", "properties": { "u": 93, "v": 92, "key": 0, "oneway": "False", "highway": "tertiary", "name": "улица Вагнера", "maxspeed": "RU:urban", "lanes": "2", "osmid": "42597785", "u_original": "72", "v_original": "71", "length": null }, "geometry": { "type": "LineString", "coordinates": [ [ 20.500938, 54.71232530000001 ], [ 20.49883, 54.7123664 ] ] } },
{ "type": "Feature", "properties": { "u": 93, "v": 95, "key": 0, "oneway": "False", "highway": "tertiary", "name": "улица Вагнера", "maxspeed": "RU:urban", "lanes": "2", "osmid": "314108348", "u_original": "72", "v_original": "123", "length": null }, "geometry": { "type": "LineString", "coordinates": [ [ 20.500938, 54.71232530000001 ], [ 20.5019264, 54.7122434 ] ] } },
{ "type": "Feature", "properties": { "u": 94, "v": 92, "key": 0, "oneway": "False", "highway": "residential", "name": "Загорская улица", "maxspeed": "", "lanes": "2", "osmid": "43950569", "u_original": "121", "v_original": "71", "length": null }, "geometry": { "type": "LineString", "coordinates": [ [ 20.4982115, 54.7117098 ], [ 20.49883, 54.7123664 ] ] } },
{ "type": "Feature", "properties": { "u": 95, "v": 102, "key": 0, "oneway": "False", "highway": "tertiary", "name": "улица Вагнера", "maxspeed": "RU:urban", "lanes": "2", "osmid": "314108348", "u_original": "123", "v_original": "381", "length": "136.8458477542804" }, "geometry": { "type": "LineString", "coordinates": [ [ 20.5019264, 54.7122434 ], [ 20.503622392757734, 54.712666592987681 ] ] } },
{ "type": "Feature", "properties": { "u": 95, "v": 102, "key": 1, "oneway": "False", "highway": "residential", "name": "Сибирская улица", "maxspeed": "RU:urban", "lanes": "2", "osmid": [ 43951856, 144329647 ], "u_original": "123", "v_original": "124", "length": "180.74212571446452" }, "geometry": { "type": "LineString", "coordinates": [ [ 20.5019264, 54.7122434 ], [ 20.503622392757734, 54.712666592987681 ] ] } },
{ "type": "Feature", "properties": { "u": 95, "v": 93, "key": 0, "oneway": "False", "highway": "tertiary", "name": "улица Вагнера", "maxspeed": "RU:urban", "lanes": "2", "osmid": "314108348", "u_original": "123", "v_original": "72", "length": null }, "geometry": { "type": "LineString", "coordinates": [ [ 20.5019264, 54.7122434 ], [ 20.500938, 54.71232530000001 ] ] } },
{ "type": "Feature", "properties": { "u": 96, "v": 97, "key": 0, "oneway": "False", "highway": "residential", "name": "Геологическая улица", "maxspeed": "RU:urban", "lanes": "2", "osmid": [ 1372756616, 42598219 ], "u_original": "74", "v_original": "77", "length": "251.54707446793591" }, "geometry": { "type": "LineString", "coordinates": [ [ 20.503041500566827, 54.714074277255015 ], [ 20.499291024614589, 54.714569348919589 ] ] } },
{ "type": "Feature", "properties": { "u": 96, "v": 93, "key": 0, "oneway": "True", "highway": "residential", "name": "Барнаульская улица", "maxspeed": "RU:urban", "lanes": "2", "osmid": [ 1372756617, 43951262 ], "u_original": "74", "v_original": "72", "length": "247.08466092319568" }, "geometry": { "type": "LineString", "coordinates": [ [ 20.503041500566827, 54.714074277255015 ], [ 20.500938, 54.71232530000001 ] ] } },
{ "type": "Feature", "properties": { "u": 96, "v": 101, "key": 0, "oneway": "True", "highway": "residential", "name": "Больничная улица", "maxspeed": "RU:urban", "lanes": "1", "osmid": "42600407", "u_original": "82", "v_original": "86", "length": "101.90922856417944" }, "geometry": { "type": "LineString", "coordinates": [ [ 20.503041500566827, 54.714074277255015 ], [ 20.5033986, 54.7146515 ] ] } },
{ "type": "Feature", "properties": { "u": 101, "v": 96, "key": 0, "oneway": "True", "highway": "residential", "name": "Барнаульская улица", "maxspeed": "RU:urban", "lanes": "2", "osmid": "256125448", "u_original": "86", "v_original": "75", "length": "80.41887518445739" }, "geometry": { "type": "LineString", "coordinates": [ [ 20.5033986, 54.7146515 ], [ 20.503041500566827, 54.714074277255015 ] ] } },
{ "type": "Feature", "properties": { "u": 101, "v": 98, "key": 0, "oneway": "False", "highway": "residential", "name": "Барнаульская улица", "maxspeed": "RU:urban", "lanes": "2", "osmid": [ 256125449, 1372756626, 1372756627, 1372756628, 314108346 ], "u_original": "86", "v_original": "519", "length": "73.22332784934598" }, "geometry": { "type": "LineString", "coordinates": [ [ 20.5033986, 54.7146515 ], [ 20.504211049897997, 54.715111150036712 ] ] } },
{ "type": "Feature", "properties": { "u": 100, "v": 97, "key": 0, "oneway": "False", "highway": "living_street", "name": "Космическая улица", "maxspeed": "RU:living_street", "lanes": "", "osmid": [ 206266640, 274851449 ], "u_original": "394", "v_original": "79", "length": "172.31859159405107" }, "geometry": { "type": "LineString", "coordinates": [ [ 20.5012547, 54.7151467 ], [ 20.499291024614589, 54.714569348919589 ] ] } },
{ "type": "Feature", "properties": { "u": 100, "v": 97, "key": 1, "oneway": "True", "highway": "residential", "name": "Космическая улица", "maxspeed": "RU:urban", "lanes": "2", "osmid": [ 1372756614, 1372756615 ], "u_original": "394", "v_original": "77", "length": "174.8641818942943" }, "geometry": { "type": "LineString", "coordinates": [ [ 20.5012547, 54.7151467 ], [ 20.499291024614589, 54.714569348919589 ] ] } },
{ "type": "Feature", "properties": { "u": 283, "v": 97, "key": 0, "oneway": "False", "highway": "living_street", "name": "", "maxspeed": "RU:living_street", "lanes": "", "osmid": "509001314", "u_original": "490", "v_original": "489", "length": "96.12611918826016" }, "geometry": { "type": "LineString", "coordinates": [ [ 20.4989044, 54.71377 ], [ 20.499291024614589, 54.714569348919589 ] ] } },
{ "type": "Feature", "properties": { "u": 282, "v": 97, "key": 0, "oneway": "False", "highway": "living_street", "name": "", "maxspeed": "RU:living_street", "lanes": "", "osmid": "509001313", "u_original": "488", "v_original": "487", "length": "140.85158234756142" }, "geometry": { "type": "LineString", "coordinates": [ [ 20.4981373, 54.7140582 ], [ 20.499291024614589, 54.714569348919589 ] ] } },
{ "type": "Feature", "properties": { "u": 263, "v": 102, "key": 0, "oneway": "False", "highway": "living_street", "name": "", "maxspeed": "RU:living_street", "lanes": "", "osmid": "211895080", "u_original": "380", "v_original": "381", "length": "149.85833547712173" }, "geometry": { "type": "LineString", "coordinates": [ [ 20.5017774, 54.711930099999989 ], [ 20.503622392757734, 54.712666592987681 ] ] } },
{ "type": "Feature", "properties": { "u": 104, "v": 103, "key": 0, "oneway": "False", "highway": "residential", "name": "улица Коперника", "maxspeed": "RU:urban", "lanes": "1", "osmid": "1372756618", "u_original": "617", "v_original": "84", "length": "122.76540567428445" }, "geometry": { "type": "LineString", "coordinates": [ [ 20.5020855, 54.7108783 ], [ 20.503969167814258, 54.710717996158792 ] ] } },
{ "type": "Feature", "properties": { "u": 106, "v": 105, "key": 0, "oneway": "False", "highway": "residential", "name": "", "maxspeed": "", "lanes": "1", "osmid": "42740843", "u_original": "621", "v_original": "90", "length": null }, "geometry": { "type": "LineString", "coordinates": [ [ 20.4949449, 54.7190106 ], [ 20.4971201, 54.7190412 ] ] } },
{ "type": "Feature", "properties": { "u": 111, "v": 113, "key": 0, "oneway": "True", "highway": "secondary", "name": "Свободная улица", "maxspeed": "40", "lanes": "2", "osmid": "42758174", "u_original": "97", "v_original": "96", "length": null }, "geometry": { "type": "LineString", "coordinates": [ [ 20.4871111, 54.7157322 ], [ 20.48696, 54.7179704 ] ] } },
{ "type": "Feature", "properties": { "u": 111, "v": 110, "key": 0, "oneway": "False", "highway": "tertiary", "name": "улица Дмитрия Донского", "maxspeed": "RU:urban", "lanes": "2", "osmid": [ 1107464568, 1374294956 ], "u_original": "97", "v_original": "95", "length": null }, "geometry": { "type": "LineString", "coordinates": [ [ 20.4871111, 54.7157322 ], [ 20.4881638, 54.7158868 ] ] } },
{ "type": "Feature", "properties": { "u": 112, "v": 238, "key": 0, "oneway": "False", "highway": "residential", "name": "улица Дмитрия Донского", "maxspeed": "", "lanes": "2", "osmid": [ 132936459, 1374294957 ], "u_original": "286", "v_original": "285", "length": null }, "geometry": { "type": "LineString", "coordinates": [ [ 20.4891993, 54.7158234 ], [ 20.4896339, 54.7147415 ] ] } },
{ "type": "Feature", "properties": { "u": 112, "v": 110, "key": 0, "oneway": "False", "highway": "tertiary", "name": "улица Дмитрия Донского", "maxspeed": "RU:urban", "lanes": "2", "osmid": "1107464569", "u_original": "286", "v_original": "95", "length": null }, "geometry": { "type": "LineString", "coordinates": [ [ 20.4891993, 54.7158234 ], [ 20.4881638, 54.7158868 ] ] } },
{ "type": "Feature", "properties": { "u": 112, "v": 239, "key": 0, "oneway": "False", "highway": "tertiary", "name": "улица Дмитрия Донского", "maxspeed": "RU:urban", "lanes": "2", "osmid": [ 1107464570, 42758531, 1374294958, 1374294959 ], "u_original": "286", "v_original": "417", "length": "263.948215235566" }, "geometry": { "type": "LineString", "coordinates": [ [ 20.4891993, 54.7158234 ], [ 20.492703060497487, 54.717048702322231 ] ] } },
{ "type": "Feature", "properties": { "u": 113, "v": 109, "key": 0, "oneway": "True", "highway": "secondary", "name": "Свободная улица", "maxspeed": "40", "lanes": "3", "osmid": [ 980844328, 1374294941, 42758174 ], "u_original": "96", "v_original": "547", "length": "226.4892054366915" }, "geometry": { "type": "LineString", "coordinates": [ [ 20.48696, 54.7179704 ], [ 20.486668450011443, 54.719998250000963 ] ] } },
{ "type": "Feature", "properties": { "u": 238, "v": 112, "key": 0, "oneway": "False", "highway": "residential", "name": "улица Дмитрия Донского", "maxspeed": "", "lanes": "2", "osmid": [ 132936459, 1374294957 ], "u_original": "285", "v_original": "286", "length": null }, "geometry": { "type": "LineString", "coordinates": [ [ 20.4896339, 54.7147415 ], [ 20.4891993, 54.7158234 ] ] } },
{ "type": "Feature", "properties": { "u": 116, "v": 115, "key": 0, "oneway": "False", "highway": "tertiary", "name": "улица Богдана Хмельницкого", "maxspeed": "RU:urban", "lanes": "2", "osmid": [ 121516045, 713320358, 713320359 ], "u_original": "170", "v_original": "100", "length": "114.66532282988872" }, "geometry": { "type": "LineString", "coordinates": [ [ 20.515178949992716, 54.697506250004835 ], [ 20.5165384, 54.6972822 ] ] } },
{ "type": "Feature", "properties": { "u": 116, "v": 154, "key": 0, "oneway": "False", "highway": "tertiary", "name": "улица Богдана Хмельницкого", "maxspeed": "RU:urban", "lanes": "2", "osmid": [ 713320360, 989399977, 989399978, 713320361, 713320362, 713320363, 713320364 ], "u_original": "170", "v_original": "172", "length": "349.356167266504" }, "geometry": { "type": "LineString", "coordinates": [ [ 20.515178949992716, 54.697506250004835 ], [ 20.510336349991821, 54.697265700000671 ] ] } },
{ "type": "Feature", "properties": { "u": 117, "v": 122, "key": 0, "oneway": "True", "highway": "primary", "name": "Октябрьская улица", "maxspeed": "RU:urban", "lanes": "4", "osmid": [ 1370089161, 107419291 ], "u_original": "103", "v_original": "126", "length": "146.52481672444608" }, "geometry": { "type": "LineString", "coordinates": [ [ 20.516608650012461, 54.696607300000629 ], [ 20.516745400007647, 54.69529290000041 ] ] } },
{ "type": "Feature", "properties": { "u": 154, "v": 116, "key": 0, "oneway": "False", "highway": "tertiary", "name": "улица Богдана Хмельницкого", "maxspeed": "RU:urban", "lanes": "2", "osmid": [ 713320360, 713320361, 989399978, 713320362, 713320363, 713320364, 989399977 ], "u_original": "172", "v_original": "170", "length": "349.356167266504" }, "geometry": { "type": "LineString", "coordinates": [ [ 20.510336349991821, 54.697265700000671 ], [ 20.515178949992716, 54.697506250004835 ] ] } },
{ "type": "Feature", "properties": { "u": 154, "v": 150, "key": 0, "oneway": "False", "highway": "tertiary", "name": "улица Богдана Хмельницкого", "maxspeed": "RU:urban", "lanes": "2", "osmid": [ 989399979, 989399980, 713320365 ], "u_original": "172", "v_original": "147", "length": "196.92914340145873" }, "geometry": { "type": "LineString", "coordinates": [ [ 20.510336349991821, 54.697265700000671 ], [ 20.507434908139718, 54.697114734525954 ] ] } },
{ "type": "Feature", "properties": { "u": 118, "v": 33, "key": 0, "oneway": "True", "highway": "primary", "name": "Ленинский проспект", "maxspeed": "RU:urban", "lanes": "3", "osmid": [ 1372496938, 641649492, 980011158 ], "u_original": "101", "v_original": "19", "length": "275.83928058982116" }, "geometry": { "type": "LineString", "coordinates": [ [ 20.503877232872373, 54.69701030893949 ], [ 20.503187761608345, 54.698950762998152 ] ] } },
{ "type": "Feature", "properties": { "u": 118, "v": 177, "key": 0, "oneway": "False", "highway": "residential", "name": "Ореховая улица", "maxspeed": "RU:urban", "lanes": "1", "osmid": [ 49207533, 49207534 ], "u_original": "179", "v_original": "597", "length": "82.88458057091998" }, "geometry": { "type": "LineString", "coordinates": [ [ 20.503877232872373, 54.69701030893949 ], [ 20.5038543, 54.6977144 ] ] } },
{ "type": "Feature", "properties": { "u": 118, "v": 187, "key": 0, "oneway": "False", "highway": "residential", "name": "Большевистский переулок", "maxspeed": "RU:urban", "lanes": "2", "osmid": "53573670", "u_original": "200", "v_original": "199", "length": "159.63828758651908" }, "geometry": { "type": "LineString", "coordinates": [ [ 20.503877232872373, 54.69701030893949 ], [ 20.5046915, 54.6960906 ] ] } },
{ "type": "Feature", "properties": { "u": 118, "v": 150, "key": 0, "oneway": "False", "highway": "tertiary", "name": "улица Богдана Хмельницкого", "maxspeed": "RU:urban", "lanes": "2", "osmid": "989399988", "u_original": "200", "v_original": "144", "length": "229.75132767188046" }, "geometry": { "type": "LineString", "coordinates": [ [ 20.503877232872373, 54.69701030893949 ], [ 20.507434908139718, 54.697114734525954 ] ] } },
{ "type": "Feature", "properties": { "u": 177, "v": 118, "key": 0, "oneway": "False", "highway": "residential", "name": "Ореховая улица", "maxspeed": "RU:urban", "lanes": "1", "osmid": [ 49207533, 49207534 ], "u_original": "597", "v_original": "179", "length": "82.88458057091998" }, "geometry": { "type": "LineString", "coordinates": [ [ 20.5038543, 54.6977144 ], [ 20.503877232872373, 54.69701030893949 ] ] } },
{ "type": "Feature", "properties": { "u": 187, "v": 118, "key": 0, "oneway": "False", "highway": "residential", "name": "Большевистский переулок", "maxspeed": "RU:urban", "lanes": "2", "osmid": "53573670", "u_original": "199", "v_original": "200", "length": "159.63828758651908" }, "geometry": { "type": "LineString", "coordinates": [ [ 20.5046915, 54.6960906 ], [ 20.503877232872373, 54.69701030893949 ] ] } },
{ "type": "Feature", "properties": { "u": 150, "v": 118, "key": 0, "oneway": "False", "highway": "tertiary", "name": "улица Богдана Хмельницкого", "maxspeed": "RU:urban", "lanes": "2", "osmid": "989399988", "u_original": "144", "v_original": "200", "length": "229.75132767188046" }, "geometry": { "type": "LineString", "coordinates": [ [ 20.507434908139718, 54.697114734525954 ], [ 20.503877232872373, 54.69701030893949 ] ] } },
{ "type": "Feature", "properties": { "u": 150, "v": 175, "key": 0, "oneway": "True", "highway": "residential", "name": "улица Младшего лейтенанта Ротко", "maxspeed": "RU:living_street", "lanes": "2", "osmid": "49207349", "u_original": "176", "v_original": "500", "length": "141.5756775905026" }, "geometry": { "type": "LineString", "coordinates": [ [ 20.507434908139718, 54.697114734525954 ], [ 20.5069106, 54.6980627 ] ] } },
{ "type": "Feature", "properties": { "u": 150, "v": 154, "key": 0, "oneway": "False", "highway": "tertiary", "name": "улица Богдана Хмельницкого", "maxspeed": "RU:urban", "lanes": "2", "osmid": [ 989399979, 989399980, 713320365 ], "u_original": "147", "v_original": "172", "length": "196.9291434014587" }, "geometry": { "type": "LineString", "coordinates": [ [ 20.507434908139718, 54.697114734525954 ], [ 20.510336349991821, 54.697265700000671 ] ] } },
{ "type": "Feature", "properties": { "u": 150, "v": 138, "key": 0, "oneway": "False", "highway": "living_street", "name": "улица Подполковника Половца", "maxspeed": "RU:living_street", "lanes": "2", "osmid": [ 996149792, 996149793 ], "u_original": "147", "v_original": "146", "length": "378.09499701277315" }, "geometry": { "type": "LineString", "coordinates": [ [ 20.507434908139718, 54.697114734525954 ], [ 20.509535319728588, 54.699394046986541 ] ] } },
{ "type": "Feature", "properties": { "u": 150, "v": 246, "key": 0, "oneway": "False", "highway": "residential", "name": "", "maxspeed": "", "lanes": "", "osmid": "140385132", "u_original": "300", "v_original": "299", "length": "144.1896390674957" }, "geometry": { "type": "LineString", "coordinates": [ [ 20.507434908139718, 54.697114734525954 ], [ 20.5064102, 54.6961159 ] ] } },
{ "type": "Feature", "properties": { "u": 121, "v": 136, "key": 0, "oneway": "False", "highway": "residential", "name": "переулок Калинина", "maxspeed": "RU:urban", "lanes": "2", "osmid": [ 323517203, 47184196 ], "u_original": "153", "v_original": "152", "length": "105.79232323963669" }, "geometry": { "type": "LineString", "coordinates": [ [ 20.5064974, 54.6958898 ], [ 20.506526750006124, 54.694939250000338 ] ] } },
{ "type": "Feature", "properties": { "u": 121, "v": 158, "key": 0, "oneway": "True", "highway": "residential", "name": "Ольштынская улица", "maxspeed": "40", "lanes": "1", "osmid": "314321298", "u_original": "153", "v_original": "201", "length": "207.32646455270657" }, "geometry": { "type": "LineString", "coordinates": [ [ 20.5064974, 54.6958898 ], [ 20.509711999859725, 54.695957300812573 ] ] } },
{ "type": "Feature", "properties": { "u": 158, "v": 186, "key": 0, "oneway": "False", "highway": "residential", "name": "Ольштынский переулок", "maxspeed": "RU:urban", "lanes": "2", "osmid": "53573661", "u_original": "201", "v_original": "196", "length": "156.5606278219098" }, "geometry": { "type": "LineString", "coordinates": [ [ 20.509711999859725, 54.695957300812573 ], [ 20.509845700296591, 54.695081532859973 ] ] } },
{ "type": "Feature", "properties": { "u": 158, "v": 186, "key": 1, "oneway": "False", "highway": "residential", "name": "Ольштынский переулок", "maxspeed": "RU:urban", "lanes": "2", "osmid": [ 323517196, 53573663 ], "u_original": "202", "v_original": "197", "length": "149.1718203257665" }, "geometry": { "type": "LineString", "coordinates": [ [ 20.509711999859725, 54.695957300812573 ], [ 20.509845700296591, 54.695081532859973 ] ] } },
{ "type": "Feature", "properties": { "u": 158, "v": 188, "key": 0, "oneway": "True", "highway": "residential", "name": "Ольштынская улица", "maxspeed": "40", "lanes": "1", "osmid": "314321298", "u_original": "202", "v_original": "204", "length": "261.355018873469" }, "geometry": { "type": "LineString", "coordinates": [ [ 20.509711999859725, 54.695957300812573 ], [ 20.513688, 54.6964035 ] ] } },
{ "type": "Feature", "properties": { "u": 135, "v": 186, "key": 0, "oneway": "True", "highway": "primary", "name": "проспект Калинина", "maxspeed": "RU:urban", "lanes": "2", "osmid": [ 107419292, 1370089157, 981617636 ], "u_original": "203", "v_original": "197", "length": "262.524525000537" }, "geometry": { "type": "LineString", "coordinates": [ [ 20.513818250013134, 54.695194550000636 ], [ 20.509845700296591, 54.695081532859973 ] ] } },
{ "type": "Feature", "properties": { "u": 135, "v": 188, "key": 0, "oneway": "False", "highway": "residential", "name": "Мебельная улица", "maxspeed": "RU:urban", "lanes": "2", "osmid": [ 323517192, 53573669 ], "u_original": "203", "v_original": "204", "length": "134.7914647356574" }, "geometry": { "type": "LineString", "coordinates": [ [ 20.513818250013134, 54.695194550000636 ], [ 20.513688, 54.6964035 ] ] } },
{ "type": "Feature", "properties": { "u": 135, "v": 122, "key": 0, "oneway": "True", "highway": "primary", "name": "проспект Калинина", "maxspeed": "RU:urban", "lanes": "2", "osmid": [ 981617624, 762327914, 981617623 ], "u_original": "350", "v_original": "125", "length": "200.97495274176887" }, "geometry": { "type": "LineString", "coordinates": [ [ 20.513818250013134, 54.695194550000636 ], [ 20.516745400007647, 54.69529290000041 ] ] } },
{ "type": "Feature", "properties": { "u": 124, "v": 123, "key": 0, "oneway": "False", "highway": "residential", "name": "Южная улица", "maxspeed": "RU:urban", "lanes": "2", "osmid": "130867095", "u_original": "251", "v_original": "106", "length": "87.7874317302293" }, "geometry": { "type": "LineString", "coordinates": [ [ 20.4917183, 54.6969857 ], [ 20.492556300008488, 54.696365300001005 ] ] } },
{ "type": "Feature", "properties": { "u": 125, "v": 123, "key": 0, "oneway": "False", "highway": "primary", "name": "улица Александра Суворова", "maxspeed": "RU:urban", "lanes": "4", "osmid": [ 43073288, 981660658, 130867096, 43073286 ], "u_original": "250", "v_original": "106", "length": "302.1858122853777" }, "geometry": { "type": "LineString", "coordinates": [ [ 20.4881305, 54.695543800000017 ], [ 20.492556300008488, 54.696365300001005 ] ] } },
{ "type": "Feature", "properties": { "u": 125, "v": 227, "key": 0, "oneway": "False", "highway": "unclassified", "name": "улица Александра Суворова", "maxspeed": "", "lanes": "2", "osmid": "61413347", "u_original": "250", "v_original": "463", "length": "220.52496875103756" }, "geometry": { "type": "LineString", "coordinates": [ [ 20.4881305, 54.695543800000017 ], [ 20.487108067651253, 54.694520467503736 ] ] } },
{ "type": "Feature", "properties": { "u": 227, "v": 125, "key": 0, "oneway": "False", "highway": "unclassified", "name": "улица Александра Суворова", "maxspeed": "", "lanes": "2", "osmid": "61413347", "u_original": "463", "v_original": "250", "length": "220.52496875103756" }, "geometry": { "type": "LineString", "coordinates": [ [ 20.487108067651253, 54.694520467503736 ], [ 20.4881305, 54.695543800000017 ] ] } },
{ "type": "Feature", "properties": { "u": 202, "v": 184, "key": 0, "oneway": "False", "highway": "primary", "name": "улица Литовский Вал", "maxspeed": "RU:urban", "lanes": "3", "osmid": [ 53374883, 205799959 ], "u_original": "217", "v_original": "586", "length": "146.76793669361734" }, "geometry": { "type": "LineString", "coordinates": [ [ 20.5374021, 54.7110333 ], [ 20.537797200024787, 54.709734850002569 ] ] } },
{ "type": "Feature", "properties": { "u": 202, "v": 127, "key": 0, "oneway": "False", "highway": "primary", "name": "улица Литовский Вал", "maxspeed": "RU:urban", "lanes": "3", "osmid": "297911974", "u_original": "217", "v_original": "218", "length": null }, "geometry": { "type": "LineString", "coordinates": [ [ 20.5374021, 54.7110333 ], [ 20.5371341, 54.7118277 ] ] } },
{ "type": "Feature", "properties": { "u": 202, "v": 203, "key": 0, "oneway": "False", "highway": "residential", "name": "Стекольная улица", "maxspeed": "", "lanes": "1", "osmid": [ 1370089168, 54981204, 1370089166, 1370089167 ], "u_original": "217", "v_original": "345", "length": null }, "geometry": { "type": "LineString", "coordinates": [ [ 20.5374021, 54.7110333 ], [ 20.5342181, 54.7104924 ] ] } },
{ "type": "Feature", "properties": { "u": 128, "v": 130, "key": 0, "oneway": "True", "highway": "secondary", "name": "улица Шевченко", "maxspeed": "40", "lanes": "3", "osmid": [ 301573661, 43570902, 301573662 ], "u_original": "115", "v_original": "267", "length": "337.60344013040697" }, "geometry": { "type": "LineString", "coordinates": [ [ 20.518379261967407, 54.711992590661801 ], [ 20.513595599914101, 54.710871650007341 ] ] } },
{ "type": "Feature", "properties": { "u": 128, "v": 131, "key": 0, "oneway": "False", "highway": "secondary", "name": "улица Фрунзе", "maxspeed": "RU:urban", "lanes": "2", "osmid": "43571117", "u_original": "118", "v_original": "220", "length": "143.09618732284707" }, "geometry": { "type": "LineString", "coordinates": [ [ 20.518379261967407, 54.711992590661801 ], [ 20.5204948, 54.7119821 ] ] } },
{ "type": "Feature", "properties": { "u": 128, "v": 133, "key": 0, "oneway": "False", "highway": "residential", "name": "Клиническая улица", "maxspeed": "", "lanes": "2", "osmid": "60733981", "u_original": "248", "v_original": "269", "length": "129.65948505112254" }, "geometry": { "type": "LineString", "coordinates": [ [ 20.518379261967407, 54.711992590661801 ], [ 20.5190862, 54.713068 ] ] } },
{ "type": "Feature", "properties": { "u": 130, "v": 46, "key": 0, "oneway": "True", "highway": "secondary", "name": "улица Шевченко", "maxspeed": "RU:urban", "lanes": "3", "osmid": "107174502", "u_original": "267", "v_original": "116", "length": "103.01612643020769" }, "geometry": { "type": "LineString", "coordinates": [ [ 20.513595599914101, 54.710871650007341 ], [ 20.512293433493042, 54.711240700233134 ] ] } },
{ "type": "Feature", "properties": { "u": 130, "v": 128, "key": 0, "oneway": "True", "highway": "secondary", "name": "улица Шевченко", "maxspeed": "40", "lanes": "3", "osmid": [ 309433016, 107174505, 311079025, 311079030 ], "u_original": "266", "v_original": "114", "length": "362.18213915280637" }, "geometry": { "type": "LineString", "coordinates": [ [ 20.513595599914101, 54.710871650007341 ], [ 20.518379261967407, 54.711992590661801 ] ] } },
{ "type": "Feature", "properties": { "u": 131, "v": 128, "key": 0, "oneway": "False", "highway": "secondary", "name": "улица Фрунзе", "maxspeed": "RU:urban", "lanes": "2", "osmid": "43571117", "u_original": "220", "v_original": "118", "length": "143.09618732284707" }, "geometry": { "type": "LineString", "coordinates": [ [ 20.5204948, 54.7119821 ], [ 20.518379261967407, 54.711992590661801 ] ] } },
{ "type": "Feature", "properties": { "u": 131, "v": 207, "key": 0, "oneway": "False", "highway": "residential", "name": "улица Сергея Тюленина", "maxspeed": "", "lanes": "2", "osmid": [ 54990296, 669755255 ], "u_original": "220", "v_original": "419", "length": null }, "geometry": { "type": "LineString", "coordinates": [ [ 20.5204948, 54.7119821 ], [ 20.5209892, 54.7097133 ] ] } },
{ "type": "Feature", "properties": { "u": 131, "v": 204, "key": 0, "oneway": "False", "highway": "secondary", "name": "улица Фрунзе", "maxspeed": "RU:urban", "lanes": "3", "osmid": [ 451798530, 669755252, 669755253, 669755254 ], "u_original": "220", "v_original": "407", "length": "134.22779256715017" }, "geometry": { "type": "LineString", "coordinates": [ [ 20.5204948, 54.7119821 ], [ 20.522545309978309, 54.712194128322317 ] ] } },
{ "type": "Feature", "properties": { "u": 133, "v": 128, "key": 0, "oneway": "False", "highway": "residential", "name": "Клиническая улица", "maxspeed": "", "lanes": "2", "osmid": "60733981", "u_original": "269", "v_original": "248", "length": "129.65948505112254" }, "geometry": { "type": "LineString", "coordinates": [ [ 20.5190862, 54.713068 ], [ 20.518379261967407, 54.711992590661801 ] ] } },
{ "type": "Feature", "properties": { "u": 133, "v": 132, "key": 0, "oneway": "False", "highway": "residential", "name": "Клиническая улица", "maxspeed": "", "lanes": "2", "osmid": "106485873", "u_original": "269", "v_original": "120", "length": null }, "geometry": { "type": "LineString", "coordinates": [ [ 20.5190862, 54.713068 ], [ 20.5196258, 54.7135466 ] ] } },
{ "type": "Feature", "properties": { "u": 133, "v": 232, "key": 0, "oneway": "False", "highway": "residential", "name": "", "maxspeed": "", "lanes": "2", "osmid": [ 1372195043, 1372195044, 1372195045, 1372195046, 1372195047, 352319127, 367861815, 669755259 ], "u_original": "269", "v_original": "421", "length": "190.7620562221579" }, "geometry": { "type": "LineString", "coordinates": [ [ 20.5190862, 54.713068 ], [ 20.522046917750622, 54.713087231787355 ] ] } },
{ "type": "Feature", "properties": { "u": 207, "v": 131, "key": 0, "oneway": "False", "highway": "residential", "name": "улица Сергея Тюленина", "maxspeed": "", "lanes": "2", "osmid": [ 54990296, 669755255 ], "u_original": "419", "v_original": "220", "length": null }, "geometry": { "type": "LineString", "coordinates": [ [ 20.5209892, 54.7097133 ], [ 20.5204948, 54.7119821 ] ] } },
{ "type": "Feature", "properties": { "u": 204, "v": 205, "key": 0, "oneway": "False", "highway": "residential", "name": "Кирпичная улица", "maxspeed": "", "lanes": "1", "osmid": [ 669755251, 54989252 ], "u_original": "219", "v_original": "602", "length": "257.9569398983849" }, "geometry": { "type": "LineString", "coordinates": [ [ 20.522545309978309, 54.712194128322317 ], [ 20.5243721, 54.7103294 ] ] } },
{ "type": "Feature", "properties": { "u": 204, "v": 206, "key": 0, "oneway": "False", "highway": "secondary", "name": "улица Фрунзе", "maxspeed": "RU:urban", "lanes": "3", "osmid": [ 382208896, 1232531211, 333164685, 669755247, 669755250 ], "u_original": "219", "v_original": "226", "length": "127.38165618516021" }, "geometry": { "type": "LineString", "coordinates": [ [ 20.522545309978309, 54.712194128322317 ], [ 20.5244695, 54.7124573 ] ] } },
{ "type": "Feature", "properties": { "u": 204, "v": 211, "key": 0, "oneway": "True", "highway": "primary", "name": "улица 9-го Апреля", "maxspeed": "RU:urban", "lanes": "3", "osmid": [ 989481648, 452940845, 295143127 ], "u_original": "479", "v_original": "425", "length": "485.7806573533866" }, "geometry": { "type": "LineString", "coordinates": [ [ 20.522545309978309, 54.712194128322317 ], [ 20.524724400016357, 54.71627816675884 ] ] } },
{ "type": "Feature", "properties": { "u": 204, "v": 230, "key": 0, "oneway": "True", "highway": "primary", "name": "Второй эстакадный мост", "maxspeed": "RU:urban", "lanes": "3", "osmid": "289093945", "u_original": "407", "v_original": "264", "length": "223.2607197417053" }, "geometry": { "type": "LineString", "coordinates": [ [ 20.522545309978309, 54.712194128322317 ], [ 20.522531150643474, 54.710374250038022 ] ] } },
{ "type": "Feature", "properties": { "u": 204, "v": 131, "key": 0, "oneway": "False", "highway": "secondary", "name": "улица Фрунзе", "maxspeed": "RU:urban", "lanes": "3", "osmid": [ 451798530, 669755252, 669755253, 669755254 ], "u_original": "407", "v_original": "220", "length": "134.22779256715017" }, "geometry": { "type": "LineString", "coordinates": [ [ 20.522545309978309, 54.712194128322317 ], [ 20.5204948, 54.7119821 ] ] } },
{ "type": "Feature", "properties": { "u": 132, "v": 133, "key": 0, "oneway": "False", "highway": "residential", "name": "Клиническая улица", "maxspeed": "", "lanes": "2", "osmid": "106485873", "u_original": "120", "v_original": "269", "length": null }, "geometry": { "type": "LineString", "coordinates": [ [ 20.5196258, 54.7135466 ], [ 20.5190862, 54.713068 ] ] } },
{ "type": "Feature", "properties": { "u": 232, "v": 133, "key": 0, "oneway": "False", "highway": "residential", "name": "", "maxspeed": "", "lanes": "2", "osmid": [ 1372195043, 1372195044, 1372195045, 1372195046, 1372195047, 367861815, 352319127, 669755259 ], "u_original": "421", "v_original": "269", "length": "190.7620562221579" }, "geometry": { "type": "LineString", "coordinates": [ [ 20.522046917750622, 54.713087231787355 ], [ 20.5190862, 54.713068 ] ] } },
{ "type": "Feature", "properties": { "u": 232, "v": 204, "key": 0, "oneway": "True", "highway": "primary", "name": "улица 9-го Апреля", "maxspeed": "RU:urban", "lanes": "5", "osmid": "396754800", "u_original": "420", "v_original": "407", "length": "130.3068258740686" }, "geometry": { "type": "LineString", "coordinates": [ [ 20.522046917750622, 54.713087231787355 ], [ 20.522545309978309, 54.712194128322317 ] ] } },
{ "type": "Feature", "properties": { "u": 186, "v": 135, "key": 0, "oneway": "True", "highway": "primary", "name": "проспект Калинина", "maxspeed": "RU:urban", "lanes": "2", "osmid": [ 981617627, 981617628 ], "u_original": "198", "v_original": "350", "length": "264.2064669437657" }, "geometry": { "type": "LineString", "coordinates": [ [ 20.509845700296591, 54.695081532859973 ], [ 20.513818250013134, 54.695194550000636 ] ] } },
{ "type": "Feature", "properties": { "u": 186, "v": 158, "key": 0, "oneway": "False", "highway": "residential", "name": "Ольштынский переулок", "maxspeed": "RU:urban", "lanes": "2", "osmid": "53573661", "u_original": "196", "v_original": "201", "length": "156.5606278219098" }, "geometry": { "type": "LineString", "coordinates": [ [ 20.509845700296591, 54.695081532859973 ], [ 20.509711999859725, 54.695957300812573 ] ] } },
{ "type": "Feature", "properties": { "u": 186, "v": 158, "key": 1, "oneway": "False", "highway": "residential", "name": "Ольштынский переулок", "maxspeed": "RU:urban", "lanes": "2", "osmid": [ 323517196, 53573663 ], "u_original": "197", "v_original": "202", "length": "149.1718203257665" }, "geometry": { "type": "LineString", "coordinates": [ [ 20.509845700296591, 54.695081532859973 ], [ 20.509711999859725, 54.695957300812573 ] ] } },
{ "type": "Feature", "properties": { "u": 186, "v": 136, "key": 0, "oneway": "True", "highway": "primary", "name": "проспект Калинина", "maxspeed": "RU:urban", "lanes": "2", "osmid": [ 981617641, 981617642 ], "u_original": "196", "v_original": "152", "length": "220.4868403862217" }, "geometry": { "type": "LineString", "coordinates": [ [ 20.509845700296591, 54.695081532859973 ], [ 20.506526750006124, 54.694939250000338 ] ] } },
{ "type": "Feature", "properties": { "u": 188, "v": 135, "key": 0, "oneway": "False", "highway": "residential", "name": "Мебельная улица", "maxspeed": "RU:urban", "lanes": "2", "osmid": [ 323517192, 53573669 ], "u_original": "204", "v_original": "203", "length": "134.7914647356574" }, "geometry": { "type": "LineString", "coordinates": [ [ 20.513688, 54.6964035 ], [ 20.513818250013134, 54.695194550000636 ] ] } },
{ "type": "Feature", "properties": { "u": 188, "v": 117, "key": 0, "oneway": "True", "highway": "residential", "name": "Ольштынская улица", "maxspeed": "RU:urban", "lanes": "1", "osmid": "1370089147", "u_original": "204", "v_original": "103", "length": "196.97727148354912" }, "geometry": { "type": "LineString", "coordinates": [ [ 20.513688, 54.6964035 ], [ 20.516608650012461, 54.696607300000629 ] ] } },
{ "type": "Feature", "properties": { "u": 173, "v": 137, "key": 0, "oneway": "False", "highway": "residential", "name": "Малая Песочная улица", "maxspeed": "RU:urban", "lanes": "1", "osmid": "49205132", "u_original": "599", "v_original": "171", "length": null }, "geometry": { "type": "LineString", "coordinates": [ [ 20.5151874, 54.6978729 ], [ 20.5154697, 54.6985509 ] ] } },
{ "type": "Feature", "properties": { "u": 174, "v": 138, "key": 0, "oneway": "False", "highway": "residential", "name": "Красноармейская улица", "maxspeed": "", "lanes": "1", "osmid": [ 713320352, 49207231 ], "u_original": "175", "v_original": "174", "length": "161.58837165815245" }, "geometry": { "type": "LineString", "coordinates": [ [ 20.5103729, 54.6984785 ], [ 20.509535319728588, 54.699394046986541 ] ] } },
{ "type": "Feature", "properties": { "u": 153, "v": 138, "key": 0, "oneway": "True", "highway": "secondary", "name": "улица Багратиона", "maxspeed": "RU:urban", "lanes": "1", "osmid": [ 982439558, 982439556, 713320350 ], "u_original": "177", "v_original": "146", "length": "217.9777330093264" }, "geometry": { "type": "LineString", "coordinates": [ [ 20.507380322454971, 54.698878338198412 ], [ 20.509535319728588, 54.699394046986541 ] ] } },
{ "type": "Feature", "properties": { "u": 153, "v": 151, "key": 0, "oneway": "True", "highway": "secondary", "name": "улица Багратиона", "maxspeed": "RU:urban", "lanes": "1", "osmid": [ 982439518, 982439519 ], "u_original": "566", "v_original": "573", "length": "122.69585190806811" }, "geometry": { "type": "LineString", "coordinates": [ [ 20.507380322454971, 54.698878338198412 ], [ 20.505916000003715, 54.699217000000168 ] ] } },
{ "type": "Feature", "properties": { "u": 153, "v": 175, "key": 0, "oneway": "False", "highway": "residential", "name": "", "maxspeed": "RU:living_street", "lanes": "", "osmid": "672359405", "u_original": "501", "v_original": "500", "length": "113.73706151972799" }, "geometry": { "type": "LineString", "coordinates": [ [ 20.507380322454971, 54.698878338198412 ], [ 20.5069106, 54.6980627 ] ] } },
{ "type": "Feature", "properties": { "u": 178, "v": 140, "key": 0, "oneway": "False", "highway": "residential", "name": "Казанская улица", "maxspeed": "RU:living_street", "lanes": "2", "osmid": "49211509", "u_original": "181", "v_original": "182", "length": "330.609722991899" }, "geometry": { "type": "LineString", "coordinates": [ [ 20.5043951, 54.7002519 ], [ 20.509422050000989, 54.700168150000245 ] ] } },
{ "type": "Feature", "properties": { "u": 142, "v": 141, "key": 0, "oneway": "False", "highway": "residential", "name": "Старопрегольская набережная", "maxspeed": "RU:living_street", "lanes": "2", "osmid": "583464743", "u_original": "384", "v_original": "131", "length": "151.6486073472054" }, "geometry": { "type": "LineString", "coordinates": [ [ 20.5121919, 54.7044582 ], [ 20.510053399952994, 54.704711650002501 ] ] } },
{ "type": "Feature", "properties": { "u": 144, "v": 145, "key": 0, "oneway": "True", "highway": "primary", "name": "Московский проспект", "maxspeed": "RU:urban", "lanes": "4", "osmid": [ 1370382577, 1370697579, 1370382573, 106748631 ], "u_original": "135", "v_original": "136", "length": "310.07116504010355" }, "geometry": { "type": "LineString", "coordinates": [ [ 20.5157312, 54.7085277 ], [ 20.5203209500533, 54.708926750002853 ] ] } },
{ "type": "Feature", "properties": { "u": 145, "v": 146, "key": 0, "oneway": "True", "highway": "primary", "name": "Московский проспект", "maxspeed": "RU:urban", "lanes": "4", "osmid": [ 135731531, 107299013 ], "u_original": "136", "v_original": "310", "length": "181.52738684933593" }, "geometry": { "type": "LineString", "coordinates": [ [ 20.5203209500533, 54.708926750002853 ], [ 20.522968948382676, 54.709011703670676 ] ] } },
{ "type": "Feature", "properties": { "u": 145, "v": 147, "key": 0, "oneway": "True", "highway": "primary", "name": "Московский проспект", "maxspeed": "RU:urban", "lanes": "4", "osmid": [ 323342458, 323342460, 107299014, 323342462 ], "u_original": "137", "v_original": "253", "length": "428.6957538737021" }, "geometry": { "type": "LineString", "coordinates": [ [ 20.5203209500533, 54.708926750002853 ], [ 20.514007350003361, 54.708611300000761 ] ] } },
{ "type": "Feature", "properties": { "u": 146, "v": 244, "key": 0, "oneway": "True", "highway": "primary_link", "name": "", "maxspeed": "40", "lanes": "1", "osmid": [ 169718682, 308387925 ], "u_original": "310", "v_original": "308", "length": "262.43563739628297" }, "geometry": { "type": "LineString", "coordinates": [ [ 20.522968948382676, 54.709011703670676 ], [ 20.523073350359695, 54.708174050018023 ] ] } },
{ "type": "Feature", "properties": { "u": 146, "v": 53, "key": 0, "oneway": "True", "highway": "primary", "name": "Московский проспект", "maxspeed": "40", "lanes": "4", "osmid": [ 231200840, 135731530, 231200843 ], "u_original": "294", "v_original": "141", "length": "234.8846246703482" }, "geometry": { "type": "LineString", "coordinates": [ [ 20.522968948382676, 54.709011703670676 ], [ 20.526450400020373, 54.709389200001084 ] ] } },
{ "type": "Feature", "properties": { "u": 146, "v": 243, "key": 0, "oneway": "True", "highway": "primary_link", "name": "", "maxspeed": "40", "lanes": "1", "osmid": [ 142675432, 169718680 ], "u_original": "311", "v_original": "309", "length": "110.36337137994177" }, "geometry": { "type": "LineString", "coordinates": [ [ 20.522968948382676, 54.709011703670676 ], [ 20.523285000323444, 54.708196400017009 ] ] } },
{ "type": "Feature", "properties": { "u": 147, "v": 228, "key": 0, "oneway": "True", "highway": "primary", "name": "Московский проспект", "maxspeed": "RU:urban", "lanes": "3", "osmid": [ 107444058, 323342461 ], "u_original": "253", "v_original": "278", "length": "151.67894758018457" }, "geometry": { "type": "LineString", "coordinates": [ [ 20.514007350003361, 54.708611300000761 ], [ 20.5118355, 54.7088731 ] ] } },
{ "type": "Feature", "properties": { "u": 147, "v": 144, "key": 0, "oneway": "True", "highway": "primary", "name": "Московский проспект", "maxspeed": "RU:urban", "lanes": "3", "osmid": "106748633", "u_original": "154", "v_original": "135", "length": "121.59847594746597" }, "geometry": { "type": "LineString", "coordinates": [ [ 20.514007350003361, 54.708611300000761 ], [ 20.5157312, 54.7085277 ] ] } },
{ "type": "Feature", "properties": { "u": 147, "v": 159, "key": 0, "oneway": "True", "highway": "secondary", "name": "Октябрьская улица", "maxspeed": "40", "lanes": "1", "osmid": [ 1370697580, 982459635, 982459636, 982459637, 982459638, 982459640 ], "u_original": "154", "v_original": "583", "length": "232.6721330452343" }, "geometry": { "type": "LineString", "coordinates": [ [ 20.514007350003361, 54.708611300000761 ], [ 20.514485649997145, 54.706569650012533 ] ] } },
{ "type": "Feature", "properties": { "u": 244, "v": 146, "key": 0, "oneway": "True", "highway": "primary_link", "name": "", "maxspeed": "40", "lanes": "1", "osmid": [ 169718681, 308387923 ], "u_original": "293", "v_original": "295", "length": "114.32617821390147" }, "geometry": { "type": "LineString", "coordinates": [ [ 20.523073350359695, 54.708174050018023 ], [ 20.522968948382676, 54.709011703670676 ] ] } },
{ "type": "Feature", "properties": { "u": 244, "v": 250, "key": 0, "oneway": "True", "highway": "primary", "name": "Второй эстакадный мост", "maxspeed": "RU:urban", "lanes": "3", "osmid": [ 333338256, 428812624 ], "u_original": "308", "v_original": "456", "length": "697.8696502717394" }, "geometry": { "type": "LineString", "coordinates": [ [ 20.523073350359695, 54.708174050018023 ], [ 20.5226582, 54.7019101 ] ] } },
{ "type": "Feature", "properties": { "u": 243, "v": 146, "key": 0, "oneway": "True", "highway": "primary_link", "name": "", "maxspeed": "40", "lanes": "1", "osmid": [ 169718675, 133259310 ], "u_original": "292", "v_original": "294", "length": "256.4380351727502" }, "geometry": { "type": "LineString", "coordinates": [ [ 20.523285000323444, 54.708196400017009 ], [ 20.522968948382676, 54.709011703670676 ] ] } },
{ "type": "Feature", "properties": { "u": 243, "v": 251, "key": 0, "oneway": "True", "highway": "primary", "name": "Второй эстакадный мост", "maxspeed": "60", "lanes": "3", "osmid": [ 289093944, 288737311 ], "u_original": "309", "v_original": "314", "length": "233.7293618633336" }, "geometry": { "type": "LineString", "coordinates": [ [ 20.523285000323444, 54.708196400017009 ], [ 20.5228078, 54.7102786 ] ] } },
{ "type": "Feature", "properties": { "u": 228, "v": 78, "key": 0, "oneway": "True", "highway": "primary_link", "name": "", "maxspeed": "RU:urban", "lanes": "1", "osmid": "128052451", "u_original": "278", "v_original": "279", "length": "285.79453010077583" }, "geometry": { "type": "LineString", "coordinates": [ [ 20.5118355, 54.7088731 ], [ 20.508654998736777, 54.709914200106731 ] ] } },
{ "type": "Feature", "properties": { "u": 228, "v": 226, "key": 0, "oneway": "True", "highway": "primary", "name": "Московский проспект", "maxspeed": "RU:urban", "lanes": "4", "osmid": "128167913", "u_original": "278", "v_original": "252", "length": "72.29743722707305" }, "geometry": { "type": "LineString", "coordinates": [ [ 20.5118355, 54.7088731 ], [ 20.510842899883016, 54.708907950012694 ] ] } },
{ "type": "Feature", "properties": { "u": 159, "v": 45, "key": 0, "oneway": "True", "highway": "secondary", "name": "Октябрьская улица", "maxspeed": "30", "lanes": "1", "osmid": [ 982459632, 982459633, 982459634 ], "u_original": "583", "v_original": "582", "length": "104.54915746533767" }, "geometry": { "type": "LineString", "coordinates": [ [ 20.514485649997145, 54.706569650012533 ], [ 20.514382749929869, 54.705771650174448 ] ] } },
{ "type": "Feature", "properties": { "u": 159, "v": 144, "key": 0, "oneway": "True", "highway": "secondary", "name": "Октябрьская улица", "maxspeed": "RU:urban", "lanes": "1", "osmid": [ 44921241, 1370697581, 982459641, 982459645, 982459646, 982459647 ], "u_original": "576", "v_original": "135", "length": "234.33429991594699" }, "geometry": { "type": "LineString", "coordinates": [ [ 20.514485649997145, 54.706569650012533 ], [ 20.5157312, 54.7085277 ] ] } },
{ "type": "Feature", "properties": { "u": 159, "v": 161, "key": 0, "oneway": "False", "highway": "tertiary", "name": "набережная Генерала Карбышева", "maxspeed": "RU:urban", "lanes": "2", "osmid": "1210349538", "u_original": "576", "v_original": "156", "length": "555.6936168397754" }, "geometry": { "type": "LineString", "coordinates": [ [ 20.514485649997145, 54.706569650012533 ], [ 20.5230983, 54.7068267 ] ] } },
{ "type": "Feature", "properties": { "u": 229, "v": 204, "key": 0, "oneway": "True", "highway": "primary", "name": "Второй эстакадный мост", "maxspeed": "60", "lanes": "4", "osmid": [ 1370382568, 143207757 ], "u_original": "262", "v_original": "479", "length": "110.67571861241468" }, "geometry": { "type": "LineString", "coordinates": [ [ 20.5226787, 54.7112207 ], [ 20.522545309978309, 54.712194128322317 ] ] } },
{ "type": "Feature", "properties": { "u": 230, "v": 148, "key": 0, "oneway": "True", "highway": "primary_link", "name": "Строительная улица", "maxspeed": "40", "lanes": "1", "osmid": [ 1370697584, 144864633, 169718677 ], "u_original": "264", "v_original": "263", "length": "280.4490501427594" }, "geometry": { "type": "LineString", "coordinates": [ [ 20.522531150643474, 54.710374250038022 ], [ 20.522957948998318, 54.709202577639353 ] ] } },
{ "type": "Feature", "properties": { "u": 230, "v": 244, "key": 0, "oneway": "True", "highway": "primary", "name": "Второй эстакадный мост", "maxspeed": "RU:urban", "lanes": "3", "osmid": "148444187", "u_original": "313", "v_original": "293", "length": "247.333370163208" }, "geometry": { "type": "LineString", "coordinates": [ [ 20.522531150643474, 54.710374250038022 ], [ 20.523073350359695, 54.708174050018023 ] ] } },
{ "type": "Feature", "properties": { "u": 175, "v": 153, "key": 0, "oneway": "True", "highway": "residential", "name": "улица Младшего лейтенанта Ротко", "maxspeed": "RU:living_street", "lanes": "2", "osmid": "49207349", "u_original": "500", "v_original": "499", "length": "121.11367655081101" }, "geometry": { "type": "LineString", "coordinates": [ [ 20.5069106, 54.6980627 ], [ 20.507380322454971, 54.698878338198412 ] ] } },
{ "type": "Feature", "properties": { "u": 175, "v": 153, "key": 1, "oneway": "False", "highway": "residential", "name": "", "maxspeed": "RU:living_street", "lanes": "", "osmid": "672359405", "u_original": "500", "v_original": "501", "length": "113.73706151972799" }, "geometry": { "type": "LineString", "coordinates": [ [ 20.5069106, 54.6980627 ], [ 20.507380322454971, 54.698878338198412 ] ] } },
{ "type": "Feature", "properties": { "u": 246, "v": 150, "key": 0, "oneway": "False", "highway": "residential", "name": "", "maxspeed": "", "lanes": "", "osmid": "140385132", "u_original": "299", "v_original": "300", "length": "144.1896390674957" }, "geometry": { "type": "LineString", "coordinates": [ [ 20.5064102, 54.6961159 ], [ 20.507434908139718, 54.697114734525954 ] ] } },
{ "type": "Feature", "properties": { "u": 152, "v": 150, "key": 0, "oneway": "True", "highway": "residential", "name": "Омская улица", "maxspeed": "RU:living_street", "lanes": "1", "osmid": [ 995233922, 46726525 ], "u_original": "302", "v_original": "144", "length": "194.9115793118297" }, "geometry": { "type": "LineString", "coordinates": [ [ 20.5060098, 54.6980586 ], [ 20.507434908139718, 54.697114734525954 ] ] } },
{ "type": "Feature", "properties": { "u": 152, "v": 247, "key": 0, "oneway": "False", "highway": "living_street", "name": "", "maxspeed": "RU:living_street", "lanes": "", "osmid": "141192931", "u_original": "302", "v_original": "303", "length": null }, "geometry": { "type": "LineString", "coordinates": [ [ 20.5060098, 54.6980586 ], [ 20.5054591, 54.6986753 ] ] } },
{ "type": "Feature", "properties": { "u": 247, "v": 152, "key": 0, "oneway": "False", "highway": "living_street", "name": "", "maxspeed": "RU:living_street", "lanes": "", "osmid": "141192931", "u_original": "303", "v_original": "302", "length": null }, "geometry": { "type": "LineString", "coordinates": [ [ 20.5054591, 54.6986753 ], [ 20.5060098, 54.6980586 ] ] } },
{ "type": "Feature", "properties": { "u": 155, "v": 156, "key": 0, "oneway": "False", "highway": "residential", "name": "Клиническая улица", "maxspeed": "", "lanes": "2", "osmid": "46728421", "u_original": "149", "v_original": "150", "length": null }, "geometry": { "type": "LineString", "coordinates": [ [ 20.5197756, 54.7136957 ], [ 20.5212886, 54.716491 ] ] } },
{ "type": "Feature", "properties": { "u": 157, "v": 156, "key": 0, "oneway": "False", "highway": "residential", "name": "Нерчинская улица", "maxspeed": "RU:urban", "lanes": "2", "osmid": [ 46728416, 669755266 ], "u_original": "151", "v_original": "150", "length": "170.73096565703972" }, "geometry": { "type": "LineString", "coordinates": [ [ 20.523903224848649, 54.716252225241696 ], [ 20.5212886, 54.716491 ] ] } },
{ "type": "Feature", "properties": { "u": 157, "v": 232, "key": 0, "oneway": "True", "highway": "primary", "name": "улица 9-го Апреля", "maxspeed": "RU:urban", "lanes": "4", "osmid": [ 669755264, 1370089181, 1232531212, 989481647, 669755260, 669755261, 1370089182 ], "u_original": "423", "v_original": "422", "length": "372.89881085034887" }, "geometry": { "type": "LineString", "coordinates": [ [ 20.523903224848649, 54.716252225241696 ], [ 20.522046917750622, 54.713087231787355 ] ] } },
{ "type": "Feature", "properties": { "u": 161, "v": 162, "key": 0, "oneway": "False", "highway": "residential", "name": "улица Генерала Павлова", "maxspeed": "RU:urban", "lanes": "2", "osmid": [ 1370089162, 1370089163, 210487660 ], "u_original": "156", "v_original": "450", "length": null }, "geometry": { "type": "LineString", "coordinates": [ [ 20.5230983, 54.7068267 ], [ 20.5234001, 54.7048831 ] ] } },
{ "type": "Feature", "properties": { "u": 161, "v": 160, "key": 0, "oneway": "False", "highway": "tertiary", "name": "набережная Генерала Карбышева", "maxspeed": "RU:urban", "lanes": "2", "osmid": [ 1370089152, 427568481, 1210349538, 1370089153, 405006212, 427568479 ], "u_original": "156", "v_original": "155", "length": null }, "geometry": { "type": "LineString", "coordinates": [ [ 20.5230983, 54.7068267 ], [ 20.5379476, 54.7039152 ] ] } },
{ "type": "Feature", "properties": { "u": 161, "v": 159, "key": 0, "oneway": "False", "highway": "tertiary", "name": "набережная Генерала Карбышева", "maxspeed": "RU:urban", "lanes": "2", "osmid": "1210349538", "u_original": "156", "v_original": "576", "length": "555.6936168397754" }, "geometry": { "type": "LineString", "coordinates": [ [ 20.5230983, 54.7068267 ], [ 20.514485649997145, 54.706569650012533 ] ] } },
{ "type": "Feature", "properties": { "u": 160, "v": 161, "key": 0, "oneway": "False", "highway": "tertiary", "name": "набережная Генерала Карбышева", "maxspeed": "RU:urban", "lanes": "2", "osmid": [ 1370089152, 1370089153, 427568481, 1210349538, 405006212, 427568479 ], "u_original": "155", "v_original": "156", "length": null }, "geometry": { "type": "LineString", "coordinates": [ [ 20.5379476, 54.7039152 ], [ 20.5230983, 54.7068267 ] ] } },
{ "type": "Feature", "properties": { "u": 162, "v": 271, "key": 0, "oneway": "False", "highway": "residential", "name": "Аллея Чемпионов", "maxspeed": "RU:urban", "lanes": "2", "osmid": "334543658", "u_original": "450", "v_original": "449", "length": null }, "geometry": { "type": "LineString", "coordinates": [ [ 20.5234001, 54.7048831 ], [ 20.5271442, 54.7046731 ] ] } },
{ "type": "Feature", "properties": { "u": 162, "v": 161, "key": 0, "oneway": "False", "highway": "residential", "name": "улица Генерала Павлова", "maxspeed": "RU:urban", "lanes": "2", "osmid": [ 1370089162, 1370089163, 210487660 ], "u_original": "450", "v_original": "156", "length": null }, "geometry": { "type": "LineString", "coordinates": [ [ 20.5234001, 54.7048831 ], [ 20.5230983, 54.7068267 ] ] } },
{ "type": "Feature", "properties": { "u": 162, "v": 272, "key": 0, "oneway": "False", "highway": "residential", "name": "Солнечный бульвар", "maxspeed": "RU:urban", "lanes": "2", "osmid": [ 627364933, 627364935, 627364936, 1370089164, 1366051279, 1366051280, 1366051281, 1366051282 ], "u_original": "450", "v_original": "493", "length": null }, "geometry": { "type": "LineString", "coordinates": [ [ 20.5234001, 54.7048831 ], [ 20.5355029, 54.7001322 ] ] } },
{ "type": "Feature", "properties": { "u": 271, "v": 162, "key": 0, "oneway": "False", "highway": "residential", "name": "Аллея Чемпионов", "maxspeed": "RU:urban", "lanes": "2", "osmid": "334543658", "u_original": "449", "v_original": "450", "length": null }, "geometry": { "type": "LineString", "coordinates": [ [ 20.5271442, 54.7046731 ], [ 20.5234001, 54.7048831 ] ] } },
{ "type": "Feature", "properties": { "u": 271, "v": 236, "key": 0, "oneway": "True", "highway": "residential", "name": "Аллея Чемпионов", "maxspeed": "RU:urban", "lanes": "1", "osmid": "334543663", "u_original": "449", "v_original": "447", "length": null }, "geometry": { "type": "LineString", "coordinates": [ [ 20.5271442, 54.7046731 ], [ 20.5281069, 54.7044469 ] ] } },
{ "type": "Feature", "properties": { "u": 272, "v": 280, "key": 0, "oneway": "False", "highway": "residential", "name": "", "maxspeed": "", "lanes": "2", "osmid": "627364925", "u_original": "493", "v_original": "496", "length": null }, "geometry": { "type": "LineString", "coordinates": [ [ 20.5355029, 54.7001322 ], [ 20.5366435, 54.7013279 ] ] } },
{ "type": "Feature", "properties": { "u": 272, "v": 162, "key": 0, "oneway": "False", "highway": "residential", "name": "Солнечный бульвар", "maxspeed": "RU:urban", "lanes": "2", "osmid": [ 627364933, 627364935, 627364936, 1370089164, 1366051279, 1366051280, 1366051281, 1366051282 ], "u_original": "493", "v_original": "450", "length": null }, "geometry": { "type": "LineString", "coordinates": [ [ 20.5355029, 54.7001322 ], [ 20.5234001, 54.7048831 ] ] } },
{ "type": "Feature", "properties": { "u": 272, "v": 286, "key": 0, "oneway": "False", "highway": "residential", "name": "Солнечный бульвар", "maxspeed": "RU:urban", "lanes": "2", "osmid": "627364936", "u_original": "493", "v_original": "492", "length": null }, "geometry": { "type": "LineString", "coordinates": [ [ 20.5355029, 54.7001322 ], [ 20.5378277, 54.6993846 ] ] } },
{ "type": "Feature", "properties": { "u": 163, "v": 164, "key": 0, "oneway": "True", "highway": "secondary", "name": "Октябрьская улица", "maxspeed": "30", "lanes": "1", "osmid": [ 982459602, 1374295010, 982459613 ], "u_original": "157", "v_original": "581", "length": "100.53380309483785" }, "geometry": { "type": "LineString", "coordinates": [ [ 20.517434099973432, 54.700602000014939 ], [ 20.518132700023859, 54.699848650015781 ] ] } },
{ "type": "Feature", "properties": { "u": 163, "v": 277, "key": 0, "oneway": "True", "highway": "secondary", "name": "Октябрьская улица", "maxspeed": "30", "lanes": "1", "osmid": [ 982459661, 982459662, 982459664, 982459665, 982459666, 982459667, 982459668, 982459669 ], "u_original": "575", "v_original": "580", "length": "417.8366949856759" }, "geometry": { "type": "LineString", "coordinates": [ [ 20.517434099973432, 54.700602000014939 ], [ 20.5160363, 54.70423850000001 ] ] } },
{ "type": "Feature", "properties": { "u": 163, "v": 276, "key": 0, "oneway": "False", "highway": "tertiary", "name": "Солнечный бульвар", "maxspeed": "RU:urban", "lanes": "2", "osmid": [ 405006215, 430217000, 48765938, 1370382518, 1370089148, 442081021, 210932030, 1210349535 ], "u_original": "575", "v_original": "472", "length": "457.8696650808626" }, "geometry": { "type": "LineString", "coordinates": [ [ 20.517434099973432, 54.700602000014939 ], [ 20.5189897, 54.7046024 ] ] } },
{ "type": "Feature", "properties": { "u": 277, "v": 276, "key": 0, "oneway": "False", "highway": "residential", "name": "Октябрьская улица", "maxspeed": "RU:urban", "lanes": "2", "osmid": [ 1210349536, 48765617, 48762218 ], "u_original": "580", "v_original": "472", "length": null }, "geometry": { "type": "LineString", "coordinates": [ [ 20.5160363, 54.70423850000001 ], [ 20.5189897, 54.7046024 ] ] } },
{ "type": "Feature", "properties": { "u": 277, "v": 278, "key": 0, "oneway": "True", "highway": "secondary", "name": "Октябрьская улица", "maxspeed": "30", "lanes": "1", "osmid": [ 982459656, 982459658 ], "u_original": "580", "v_original": "579", "length": "105.51741499348688" }, "geometry": { "type": "LineString", "coordinates": [ [ 20.5160363, 54.70423850000001 ], [ 20.515278149974346, 54.705036250017258 ] ] } },
{ "type": "Feature", "properties": { "u": 276, "v": 277, "key": 0, "oneway": "False", "highway": "residential", "name": "Октябрьская улица", "maxspeed": "RU:urban", "lanes": "2", "osmid": [ 1210349536, 48765617, 48762218 ], "u_original": "472", "v_original": "580", "length": null }, "geometry": { "type": "LineString", "coordinates": [ [ 20.5189897, 54.7046024 ], [ 20.5160363, 54.70423850000001 ] ] } },
{ "type": "Feature", "properties": { "u": 276, "v": 163, "key": 0, "oneway": "False", "highway": "tertiary", "name": "Солнечный бульвар", "maxspeed": "RU:urban", "lanes": "2", "osmid": [ 405006215, 430217000, 48765938, 1370382518, 1370089148, 442081021, 210932030, 1210349535 ], "u_original": "472", "v_original": "575", "length": "457.8696650808626" }, "geometry": { "type": "LineString", "coordinates": [ [ 20.5189897, 54.7046024 ], [ 20.517434099973432, 54.700602000014939 ] ] } },
{ "type": "Feature", "properties": { "u": 276, "v": 278, "key": 0, "oneway": "False", "highway": "tertiary", "name": "Солнечный бульвар", "maxspeed": "RU:urban", "lanes": "2", "osmid": "442081026", "u_original": "472", "v_original": "579", "length": "244.80462289872432" }, "geometry": { "type": "LineString", "coordinates": [ [ 20.5189897, 54.7046024 ], [ 20.515278149974346, 54.705036250017258 ] ] } },
{ "type": "Feature", "properties": { "u": 273, "v": 274, "key": 0, "oneway": "False", "highway": "secondary", "name": "Парадная набережная", "maxspeed": "RU:urban", "lanes": "4", "osmid": "671091231", "u_original": "452", "v_original": "494", "length": "235.93786652857108" }, "geometry": { "type": "LineString", "coordinates": [ [ 20.520717728801376, 54.699112793535427 ], [ 20.5240074, 54.6981831 ] ] } },
{ "type": "Feature", "properties": { "u": 273, "v": 233, "key": 0, "oneway": "True", "highway": "secondary_link", "name": "", "maxspeed": "RU:urban", "lanes": "1", "osmid": [ 335613769, 335613772 ], "u_original": "454", "v_original": "276", "length": "345.04579277255755" }, "geometry": { "type": "LineString", "coordinates": [ [ 20.520717728801376, 54.699112793535427 ], [ 20.5228827, 54.7018898 ] ] } },
{ "type": "Feature", "properties": { "u": 273, "v": 164, "key": 0, "oneway": "False", "highway": "secondary", "name": "набережная Ветеранов", "maxspeed": "RU:urban", "lanes": "4", "osmid": [ 428635507, 1210349534 ], "u_original": "455", "v_original": "577", "length": "185.96081097239622" }, "geometry": { "type": "LineString", "coordinates": [ [ 20.520717728801376, 54.699112793535427 ], [ 20.518132700023859, 54.699848650015781 ] ] } },
{ "type": "Feature", "properties": { "u": 165, "v": 166, "key": 0, "oneway": "True", "highway": "living_street", "name": "улица Генерал-полковника Людникова", "maxspeed": "RU:living_street", "lanes": "2", "osmid": "223248715", "u_original": "158", "v_original": "370", "length": "114.27471597046916" }, "geometry": { "type": "LineString", "coordinates": [ [ 20.5056793, 54.7172793 ], [ 20.507356180535222, 54.71761433781306 ] ] } },
{ "type": "Feature", "properties": { "u": 165, "v": 167, "key": 0, "oneway": "False", "highway": "residential", "name": "улица Подполковника Иванникова", "maxspeed": "RU:urban", "lanes": "2", "osmid": [ 1069222953, 1069222955, 1069222956, 1069222957, 1069222958, 48804986 ], "u_original": "158", "v_original": "167", "length": "333.75194886267866" }, "geometry": { "type": "LineString", "coordinates": [ [ 20.5056793, 54.7172793 ], [ 20.506441699389168, 54.714414075571284 ] ] } },
{ "type": "Feature", "properties": { "u": 165, "v": 168, "key": 0, "oneway": "False", "highway": "residential", "name": "улица Подполковника Иванникова", "maxspeed": "RU:urban", "lanes": "2", "osmid": [ 1069222960, 1069222959 ], "u_original": "158", "v_original": "161", "length": null }, "geometry": { "type": "LineString", "coordinates": [ [ 20.5056793, 54.7172793 ], [ 20.5055572, 54.7182962 ] ] } },
{ "type": "Feature", "properties": { "u": 166, "v": 171, "key": 0, "oneway": "True", "highway": "residential", "name": "улица Генерал-полковника Людникова", "maxspeed": "", "lanes": "", "osmid": "707244379", "u_original": "370", "v_original": "369", "length": "219.17047999391502" }, "geometry": { "type": "LineString", "coordinates": [ [ 20.507356180535222, 54.71761433781306 ], [ 20.507661610176495, 54.718921732286383 ] ] } },
{ "type": "Feature", "properties": { "u": 167, "v": 165, "key": 0, "oneway": "False", "highway": "residential", "name": "улица Подполковника Иванникова", "maxspeed": "RU:urban", "lanes": "2", "osmid": [ 1069222953, 1069222955, 1069222956, 1069222957, 1069222958, 48804986 ], "u_original": "167", "v_original": "158", "length": "333.75194886267866" }, "geometry": { "type": "LineString", "coordinates": [ [ 20.506441699389168, 54.714414075571284 ], [ 20.5056793, 54.7172793 ] ] } },
{ "type": "Feature", "properties": { "u": 167, "v": 169, "key": 0, "oneway": "False", "highway": "residential", "name": "улица Профессора Севастьянова", "maxspeed": "40", "lanes": "2", "osmid": [ 1370697616, 1370697617, 1370697618, 396981043, 48804989 ], "u_original": "167", "v_original": "168", "length": "280.47403059393605" }, "geometry": { "type": "LineString", "coordinates": [ [ 20.506441699389168, 54.714414075571284 ], [ 20.510281956325347, 54.715105056358574 ] ] } },
{ "type": "Feature", "properties": { "u": 171, "v": 168, "key": 0, "oneway": "False", "highway": "residential", "name": "улица Михаила Галковского", "maxspeed": "", "lanes": "", "osmid": "48807219", "u_original": "368", "v_original": "161", "length": "159.7839375854306" }, "geometry": { "type": "LineString", "coordinates": [ [ 20.507661610176495, 54.718921732286383 ], [ 20.5055572, 54.7182962 ] ] } },
{ "type": "Feature", "properties": { "u": 182, "v": 220, "key": 0, "oneway": "False", "highway": "tertiary", "name": "улица Виктора Гюго", "maxspeed": "40", "lanes": "2", "osmid": [ 435401088, 59848742, 1370382523, 1370382544, 1370382545, 1370382546, 1370382547, 1370382548, 107444057, 1370382555 ], "u_original": "241", "v_original": "239", "length": "434.7726426989275" }, "geometry": { "type": "LineString", "coordinates": [ [ 20.506111466736527, 54.709500767014362 ], [ 20.5014008, 54.7067242 ] ] } },
{ "type": "Feature", "properties": { "u": 182, "v": 226, "key": 0, "oneway": "True", "highway": "primary", "name": "Московский проспект", "maxspeed": "RU:urban", "lanes": "4", "osmid": [ 131390536, 107444062 ], "u_original": "243", "v_original": "247", "length": "323.0345963821222" }, "geometry": { "type": "LineString", "coordinates": [ [ 20.506111466736527, 54.709500767014362 ], [ 20.510842899883016, 54.708907950012694 ] ] } },
{ "type": "Feature", "properties": { "u": 254, "v": 181, "key": 0, "oneway": "False", "highway": "residential", "name": "Московский проспект", "maxspeed": "", "lanes": "1", "osmid": "149705036", "u_original": "460", "v_original": "323", "length": "227.46326784965464" }, "geometry": { "type": "LineString", "coordinates": [ [ 20.497507, 54.7100589 ], [ 20.500869077900823, 54.710275301702339 ] ] } },
{ "type": "Feature", "properties": { "u": 222, "v": 220, "key": 0, "oneway": "False", "highway": "residential", "name": "Красноярская улица", "maxspeed": "RU:living_street", "lanes": "2", "osmid": [ 59848780, 1370382533, 1370382535 ], "u_original": "375", "v_original": "239", "length": "232.25299106753658" }, "geometry": { "type": "LineString", "coordinates": [ [ 20.502115973072552, 54.708731178431691 ], [ 20.5014008, 54.7067242 ] ] } },
{ "type": "Feature", "properties": { "u": 222, "v": 181, "key": 0, "oneway": "False", "highway": "living_street", "name": "", "maxspeed": "RU:living_street", "lanes": "", "osmid": "208276047", "u_original": "376", "v_original": "378", "length": "264.6206257866383" }, "geometry": { "type": "LineString", "coordinates": [ [ 20.502115973072552, 54.708731178431691 ], [ 20.500869077900823, 54.710275301702339 ] ] } },
{ "type": "Feature", "properties": { "u": 237, "v": 181, "key": 0, "oneway": "True", "highway": "primary", "name": "Московский проспект", "maxspeed": "RU:urban", "lanes": "4", "osmid": "404700843", "u_original": "408", "v_original": "190", "length": "156.3340047155177" }, "geometry": { "type": "LineString", "coordinates": [ [ 20.5032711, 54.7100769 ], [ 20.500869077900823, 54.710275301702339 ] ] } },
{ "type": "Feature", "properties": { "u": 237, "v": 181, "key": 1, "oneway": "False", "highway": "living_street", "name": "", "maxspeed": "", "lanes": "", "osmid": [ 290833258, 290833916 ], "u_original": "408", "v_original": "410", "length": "187.96019132227656" }, "geometry": { "type": "LineString", "coordinates": [ [ 20.5032711, 54.7100769 ], [ 20.500869077900823, 54.710275301702339 ] ] } },
{ "type": "Feature", "properties": { "u": 220, "v": 182, "key": 0, "oneway": "False", "highway": "tertiary", "name": "улица Виктора Гюго", "maxspeed": "40", "lanes": "2", "osmid": [ 435401088, 59848742, 1370382555, 1370382544, 1370382545, 1370382546, 1370382547, 1370382548, 107444057, 1370382523 ], "u_original": "239", "v_original": "241", "length": "434.7726426989275" }, "geometry": { "type": "LineString", "coordinates": [ [ 20.5014008, 54.7067242 ], [ 20.506111466736527, 54.709500767014362 ] ] } },
{ "type": "Feature", "properties": { "u": 220, "v": 221, "key": 0, "oneway": "False", "highway": "tertiary", "name": "улица Маршала Баграмяна", "maxspeed": "40", "lanes": "2", "osmid": [ 107444057, 1370382542, 1370382543 ], "u_original": "239", "v_original": "240", "length": "160.1334400164484" }, "geometry": { "type": "LineString", "coordinates": [ [ 20.5014008, 54.7067242 ], [ 20.499014349829118, 54.707062827680275 ] ] } },
{ "type": "Feature", "properties": { "u": 220, "v": 222, "key": 0, "oneway": "False", "highway": "residential", "name": "Красноярская улица", "maxspeed": "RU:living_street", "lanes": "2", "osmid": [ 59848780, 1370382533, 1370382535 ], "u_original": "239", "v_original": "375", "length": "232.25299106753658" }, "geometry": { "type": "LineString", "coordinates": [ [ 20.5014008, 54.7067242 ], [ 20.502115973072552, 54.708731178431691 ] ] } },
{ "type": "Feature", "properties": { "u": 226, "v": 147, "key": 0, "oneway": "True", "highway": "primary", "name": "Московский проспект", "maxspeed": "RU:urban", "lanes": "4", "osmid": [ 155154862, 390819958 ], "u_original": "247", "v_original": "154", "length": "231.17150094589874" }, "geometry": { "type": "LineString", "coordinates": [ [ 20.510842899883016, 54.708907950012694 ], [ 20.514007350003361, 54.708611300000761 ] ] } },
{ "type": "Feature", "properties": { "u": 226, "v": 48, "key": 0, "oneway": "True", "highway": "primary", "name": "Московский проспект", "maxspeed": "RU:urban", "lanes": "3", "osmid": "155154858", "u_original": "252", "v_original": "28", "length": "81.27468343969322" }, "geometry": { "type": "LineString", "coordinates": [ [ 20.510842899883016, 54.708907950012694 ], [ 20.5098464, 54.7091848 ] ] } },
{ "type": "Feature", "properties": { "u": 185, "v": 183, "key": 0, "oneway": "False", "highway": "residential", "name": "улица Литовский Вал", "maxspeed": "", "lanes": "2", "osmid": [ 53357473, 53357474, 53357475 ], "u_original": "194", "v_original": "192", "length": null }, "geometry": { "type": "LineString", "coordinates": [ [ 20.5398867, 54.7067981 ], [ 20.5377642, 54.707065 ] ] } },
{ "type": "Feature", "properties": { "u": 231, "v": 189, "key": 0, "oneway": "False", "highway": "residential", "name": "Серпуховский переулок", "maxspeed": "", "lanes": "", "osmid": [ 996149801, 1372496943 ], "u_original": "598", "v_original": "265", "length": "222.8496299627791" }, "geometry": { "type": "LineString", "coordinates": [ [ 20.5003944, 54.6969132 ], [ 20.500428588171527, 54.69838908860325 ] ] } },
{ "type": "Feature", "properties": { "u": 192, "v": 191, "key": 0, "oneway": "False", "highway": "residential", "name": "Южный переулок", "maxspeed": "RU:living_street", "lanes": "2", "osmid": [ 1372496931, 1372496932, 1372496933, 1372496934, 251445223, 133597556 ], "u_original": "508", "v_original": "207", "length": null }, "geometry": { "type": "LineString", "coordinates": [ [ 20.4949161, 54.697439399999986 ], [ 20.4956117, 54.6997259 ] ] } },
{ "type": "Feature", "properties": { "u": 192, "v": 29, "key": 0, "oneway": "True", "highway": "secondary", "name": "улица Багратиона", "maxspeed": "RU:urban", "lanes": "1", "osmid": [ 982439489, 188301805, 31144199 ], "u_original": "508", "v_original": "561", "length": "91.48597889654742" }, "geometry": { "type": "LineString", "coordinates": [ [ 20.4949161, 54.697439399999986 ], [ 20.493810259626695, 54.697059563541977 ] ] } },
{ "type": "Feature", "properties": { "u": 262, "v": 189, "key": 0, "oneway": "False", "highway": "living_street", "name": "", "maxspeed": "RU:living_street", "lanes": "", "osmid": "188315982", "u_original": "366", "v_original": "365", "length": "182.29088815734596" }, "geometry": { "type": "LineString", "coordinates": [ [ 20.5023909, 54.699428 ], [ 20.500428588171527, 54.69838908860325 ] ] } },
{ "type": "Feature", "properties": { "u": 198, "v": 253, "key": 0, "oneway": "False", "highway": "living_street", "name": "", "maxspeed": "RU:living_street", "lanes": "", "osmid": [ 854656291, 146352815 ], "u_original": "321", "v_original": "471", "length": null }, "geometry": { "type": "LineString", "coordinates": [ [ 20.5010349, 54.6998094 ], [ 20.4998055, 54.6990215 ] ] } },
{ "type": "Feature", "properties": { "u": 198, "v": 189, "key": 0, "oneway": "False", "highway": "tertiary", "name": "Серпуховская улица", "maxspeed": "RU:urban", "lanes": "2", "osmid": "308244427", "u_original": "321", "v_original": "365", "length": "162.8644774409182" }, "geometry": { "type": "LineString", "coordinates": [ [ 20.5010349, 54.6998094 ], [ 20.500428588171527, 54.69838908860325 ] ] } },
{ "type": "Feature", "properties": { "u": 198, "v": 196, "key": 0, "oneway": "False", "highway": "tertiary", "name": "Серпуховская улица", "maxspeed": "RU:urban", "lanes": "2", "osmid": "308244427", "u_original": "321", "v_original": "209", "length": null }, "geometry": { "type": "LineString", "coordinates": [ [ 20.5010349, 54.6998094 ], [ 20.5016793, 54.7009753 ] ] } },
{ "type": "Feature", "properties": { "u": 261, "v": 189, "key": 0, "oneway": "False", "highway": "living_street", "name": "", "maxspeed": "RU:living_street", "lanes": "", "osmid": "188315979", "u_original": "363", "v_original": "362", "length": "113.8402931489816" }, "geometry": { "type": "LineString", "coordinates": [ [ 20.5020993, 54.6984076 ], [ 20.500428588171527, 54.69838908860325 ] ] } },
{ "type": "Feature", "properties": { "u": 190, "v": 265, "key": 0, "oneway": "False", "highway": "residential", "name": "Эльблонгская улица", "maxspeed": "RU:living_street", "lanes": "2", "osmid": "1368750756", "u_original": "616", "v_original": "389", "length": "185.7097715828754" }, "geometry": { "type": "LineString", "coordinates": [ [ 20.497500649893787, 54.700538700228478 ], [ 20.4956407, 54.6996228 ] ] } },
{ "type": "Feature", "properties": { "u": 190, "v": 196, "key": 0, "oneway": "False", "highway": "residential", "name": "Эльблонгская улица", "maxspeed": "RU:living_street", "lanes": "2", "osmid": [ 1372496929, 1372496930, 287846925 ], "u_original": "616", "v_original": "209", "length": "273.65606912749735" }, "geometry": { "type": "LineString", "coordinates": [ [ 20.497500649893787, 54.700538700228478 ], [ 20.5016793, 54.7009753 ] ] } },
{ "type": "Feature", "properties": { "u": 265, "v": 190, "key": 0, "oneway": "False", "highway": "residential", "name": "Эльблонгская улица", "maxspeed": "RU:living_street", "lanes": "2", "osmid": "1368750756", "u_original": "389", "v_original": "616", "length": "185.7097715828754" }, "geometry": { "type": "LineString", "coordinates": [ [ 20.4956407, 54.6996228 ], [ 20.497500649893787, 54.700538700228478 ] ] } },
{ "type": "Feature", "properties": { "u": 196, "v": 190, "key": 0, "oneway": "False", "highway": "residential", "name": "Эльблонгская улица", "maxspeed": "RU:living_street", "lanes": "2", "osmid": [ 1372496929, 1372496930, 287846925 ], "u_original": "209", "v_original": "616", "length": "273.65606912749735" }, "geometry": { "type": "LineString", "coordinates": [ [ 20.5016793, 54.7009753 ], [ 20.497500649893787, 54.700538700228478 ] ] } },
{ "type": "Feature", "properties": { "u": 196, "v": 197, "key": 0, "oneway": "False", "highway": "residential", "name": "Эльблонгская улица", "maxspeed": "RU:living_street", "lanes": "2", "osmid": [ 287846925, 980011167 ], "u_original": "209", "v_original": "517", "length": null }, "geometry": { "type": "LineString", "coordinates": [ [ 20.5016793, 54.7009753 ], [ 20.5037111, 54.7006482 ] ] } },
{ "type": "Feature", "properties": { "u": 196, "v": 198, "key": 0, "oneway": "False", "highway": "tertiary", "name": "Серпуховская улица", "maxspeed": "RU:urban", "lanes": "2", "osmid": "308244427", "u_original": "209", "v_original": "321", "length": null }, "geometry": { "type": "LineString", "coordinates": [ [ 20.5016793, 54.7009753 ], [ 20.5010349, 54.6998094 ] ] } },
{ "type": "Feature", "properties": { "u": 196, "v": 195, "key": 0, "oneway": "False", "highway": "tertiary", "name": "Серпуховская улица", "maxspeed": "RU:urban", "lanes": "2", "osmid": "308244427", "u_original": "209", "v_original": "210", "length": null }, "geometry": { "type": "LineString", "coordinates": [ [ 20.5016793, 54.7009753 ], [ 20.5026239, 54.70279 ] ] } },
{ "type": "Feature", "properties": { "u": 191, "v": 192, "key": 0, "oneway": "False", "highway": "residential", "name": "Южный переулок", "maxspeed": "RU:living_street", "lanes": "2", "osmid": [ 1372496931, 1372496932, 1372496933, 1372496934, 251445223, 133597556 ], "u_original": "207", "v_original": "508", "length": null }, "geometry": { "type": "LineString", "coordinates": [ [ 20.4956117, 54.6997259 ], [ 20.4949161, 54.697439399999986 ] ] } },
{ "type": "Feature", "properties": { "u": 193, "v": 28, "key": 0, "oneway": "True", "highway": "secondary", "name": "Портовая улица", "maxspeed": "RU:urban", "lanes": "2", "osmid": [ 989399936, 989399937, 1372756649, 668678782, 989399930, 989399931, 989399932, 989399933, 989399934, 989399935 ], "u_original": "208", "v_original": "16", "length": "554.9642313848232" }, "geometry": { "type": "LineString", "coordinates": [ [ 20.4985534, 54.7050673 ], [ 20.489947364417201, 54.704935325888385 ] ] } },
{ "type": "Feature", "properties": { "u": 193, "v": 194, "key": 0, "oneway": "False", "highway": "secondary", "name": "Портовая улица", "maxspeed": "RU:urban", "lanes": "2", "osmid": [ 989399938, 989399939 ], "u_original": "208", "v_original": "484", "length": null }, "geometry": { "type": "LineString", "coordinates": [ [ 20.4985534, 54.7050673 ], [ 20.4995526, 54.7049405 ] ] } },
{ "type": "Feature", "properties": { "u": 193, "v": 195, "key": 0, "oneway": "False", "highway": "tertiary", "name": "Полоцкая улица", "maxspeed": "40", "lanes": "2", "osmid": [ 53574852, 1372756648, 989399949, 989399950, 989399951, 989399952, 989399953, 989399954 ], "u_original": "208", "v_original": "210", "length": null }, "geometry": { "type": "LineString", "coordinates": [ [ 20.4985534, 54.7050673 ], [ 20.5026239, 54.70279 ] ] } },
{ "type": "Feature", "properties": { "u": 281, "v": 194, "key": 0, "oneway": "False", "highway": "residential", "name": "Портовая улица", "maxspeed": "RU:living_street", "lanes": "", "osmid": "488542313", "u_original": "485", "v_original": "484", "length": null }, "geometry": { "type": "LineString", "coordinates": [ [ 20.4998092, 54.7036172 ], [ 20.4995526, 54.7049405 ] ] } },
{ "type": "Feature", "properties": { "u": 253, "v": 198, "key": 0, "oneway": "False", "highway": "living_street", "name": "", "maxspeed": "RU:living_street", "lanes": "", "osmid": [ 854656291, 146352815 ], "u_original": "471", "v_original": "321", "length": null }, "geometry": { "type": "LineString", "coordinates": [ [ 20.4998055, 54.6990215 ], [ 20.5010349, 54.6998094 ] ] } },
{ "type": "Feature", "properties": { "u": 209, "v": 199, "key": 0, "oneway": "False", "highway": "unclassified", "name": "Крановая улица", "maxspeed": "", "lanes": "2", "osmid": [ 56302400, 56302399 ], "u_original": "225", "v_original": "224", "length": null }, "geometry": { "type": "LineString", "coordinates": [ [ 20.4872655, 54.7036652 ], [ 20.4883929, 54.7019781 ] ] } },
{ "type": "Feature", "properties": { "u": 205, "v": 200, "key": 0, "oneway": "False", "highway": "residential", "name": "улица 1812 года", "maxspeed": "", "lanes": "1", "osmid": [ 143966984, 144204021 ], "u_original": "602", "v_original": "316", "length": "116.64619834544372" }, "geometry": { "type": "LineString", "coordinates": [ [ 20.5243721, 54.7103294 ], [ 20.525847200202204, 54.710680650022155 ] ] } },
{ "type": "Feature", "properties": { "u": 205, "v": 252, "key": 0, "oneway": "False", "highway": "residential", "name": "улица 1812 года", "maxspeed": "", "lanes": "1", "osmid": [ 143966985, 669755251, 1373833526, 1373833527 ], "u_original": "602", "v_original": "315", "length": null }, "geometry": { "type": "LineString", "coordinates": [ [ 20.5243721, 54.7103294 ], [ 20.5237027, 54.7097691 ] ] } },
{ "type": "Feature", "properties": { "u": 205, "v": 204, "key": 0, "oneway": "False", "highway": "residential", "name": "Кирпичная улица", "maxspeed": "", "lanes": "1", "osmid": [ 669755251, 54989252 ], "u_original": "602", "v_original": "219", "length": "257.9569398983849" }, "geometry": { "type": "LineString", "coordinates": [ [ 20.5243721, 54.7103294 ], [ 20.522545309978309, 54.712194128322317 ] ] } },
{ "type": "Feature", "properties": { "u": 203, "v": 202, "key": 0, "oneway": "False", "highway": "residential", "name": "Стекольная улица", "maxspeed": "", "lanes": "1", "osmid": [ 1370089168, 54981204, 1370089166, 1370089167 ], "u_original": "345", "v_original": "217", "length": null }, "geometry": { "type": "LineString", "coordinates": [ [ 20.5342181, 54.7104924 ], [ 20.5374021, 54.7110333 ] ] } },
{ "type": "Feature", "properties": { "u": 252, "v": 205, "key": 0, "oneway": "False", "highway": "residential", "name": "улица 1812 года", "maxspeed": "", "lanes": "1", "osmid": [ 143966985, 669755251, 1373833526, 1373833527 ], "u_original": "315", "v_original": "602", "length": null }, "geometry": { "type": "LineString", "coordinates": [ [ 20.5237027, 54.7097691 ], [ 20.5243721, 54.7103294 ] ] } },
{ "type": "Feature", "properties": { "u": 288, "v": 208, "key": 0, "oneway": "False", "highway": "living_street", "name": "", "maxspeed": "", "lanes": "", "osmid": "1153590034", "u_original": "606", "v_original": "605", "length": "162.3210833574579" }, "geometry": { "type": "LineString", "coordinates": [ [ 20.493881050282251, 54.714053200245637 ], [ 20.493436431131087, 54.713341504324738 ] ] } },
{ "type": "Feature", "properties": { "u": 288, "v": 208, "key": 1, "oneway": "False", "highway": "living_street", "name": "", "maxspeed": "", "lanes": "", "osmid": "1153590034", "u_original": "606", "v_original": "608", "length": "144.70071780865032" }, "geometry": { "type": "LineString", "coordinates": [ [ 20.493881050282251, 54.714053200245637 ], [ 20.493436431131087, 54.713341504324738 ] ] } },
{ "type": "Feature", "properties": { "u": 213, "v": 214, "key": 0, "oneway": "False", "highway": "residential", "name": "Юбилейная улица", "maxspeed": "", "lanes": "2", "osmid": "191701140", "u_original": "234", "v_original": "235", "length": null }, "geometry": { "type": "LineString", "coordinates": [ [ 20.5384493, 54.7180791 ], [ 20.5392972, 54.717305199999984 ] ] } },
{ "type": "Feature", "properties": { "u": 214, "v": 213, "key": 0, "oneway": "False", "highway": "residential", "name": "Юбилейная улица", "maxspeed": "", "lanes": "2", "osmid": "191701140", "u_original": "235", "v_original": "234", "length": null }, "geometry": { "type": "LineString", "coordinates": [ [ 20.5392972, 54.717305199999984 ], [ 20.5384493, 54.7180791 ] ] } },
{ "type": "Feature", "properties": { "u": 214, "v": 215, "key": 0, "oneway": "False", "highway": "residential", "name": "улица Фортовая дорога", "maxspeed": "", "lanes": "", "osmid": "1371901564", "u_original": "235", "v_original": "457", "length": null }, "geometry": { "type": "LineString", "coordinates": [ [ 20.5392972, 54.717305199999984 ], [ 20.5377729, 54.7165879 ] ] } },
{ "type": "Feature", "properties": { "u": 215, "v": 275, "key": 0, "oneway": "False", "highway": "residential", "name": "улица Фортовая дорога", "maxspeed": "", "lanes": "", "osmid": "63712442", "u_original": "457", "v_original": "504", "length": null }, "geometry": { "type": "LineString", "coordinates": [ [ 20.5377729, 54.7165879 ], [ 20.5367249, 54.7157528 ] ] } },
{ "type": "Feature", "properties": { "u": 215, "v": 268, "key": 0, "oneway": "False", "highway": "residential", "name": "", "maxspeed": "", "lanes": "", "osmid": "367716431", "u_original": "457", "v_original": "446", "length": null }, "geometry": { "type": "LineString", "coordinates": [ [ 20.5377729, 54.7165879 ], [ 20.5393304, 54.7155584 ] ] } },
{ "type": "Feature", "properties": { "u": 215, "v": 214, "key": 0, "oneway": "False", "highway": "residential", "name": "улица Фортовая дорога", "maxspeed": "", "lanes": "", "osmid": "1371901564", "u_original": "457", "v_original": "235", "length": null }, "geometry": { "type": "LineString", "coordinates": [ [ 20.5377729, 54.7165879 ], [ 20.5392972, 54.717305199999984 ] ] } },
{ "type": "Feature", "properties": { "u": 275, "v": 215, "key": 0, "oneway": "False", "highway": "residential", "name": "улица Фортовая дорога", "maxspeed": "", "lanes": "", "osmid": "63712442", "u_original": "504", "v_original": "457", "length": null }, "geometry": { "type": "LineString", "coordinates": [ [ 20.5367249, 54.7157528 ], [ 20.5377729, 54.7165879 ] ] } },
{ "type": "Feature", "properties": { "u": 268, "v": 215, "key": 0, "oneway": "False", "highway": "residential", "name": "", "maxspeed": "", "lanes": "", "osmid": "367716431", "u_original": "446", "v_original": "457", "length": null }, "geometry": { "type": "LineString", "coordinates": [ [ 20.5393304, 54.7155584 ], [ 20.5377729, 54.7165879 ] ] } },
{ "type": "Feature", "properties": { "u": 268, "v": 15, "key": 0, "oneway": "True", "highway": "primary", "name": "улица Юрия Гагарина", "maxspeed": "RU:urban", "lanes": "3", "osmid": [ 54981249, 54981218, 333135949, 1373833528, 1373833529 ], "u_original": "446", "v_original": "110", "length": "333.3876986357642" }, "geometry": { "type": "LineString", "coordinates": [ [ 20.5393304, 54.7155584 ], [ 20.535872100080994, 54.713392750013433 ] ] } },
{ "type": "Feature", "properties": { "u": 216, "v": 217, "key": 0, "oneway": "False", "highway": "residential", "name": "улица Юрия Савенко", "maxspeed": "RU:living_street", "lanes": "2", "osmid": [ 59848201, 1370382530, 1370382529 ], "u_original": "236", "v_original": "238", "length": "290.2579051387658" }, "geometry": { "type": "LineString", "coordinates": [ [ 20.4945043, 54.7072555 ], [ 20.495132999607293, 54.709837600028941 ] ] } },
{ "type": "Feature", "properties": { "u": 216, "v": 27, "key": 0, "oneway": "True", "highway": "tertiary", "name": "улица Маршала Баграмяна", "maxspeed": "RU:urban", "lanes": "1", "osmid": [ 107300746, 420908019, 391922277, 59848155 ], "u_original": "236", "v_original": "99", "length": "361.84084582667293" }, "geometry": { "type": "LineString", "coordinates": [ [ 20.4945043, 54.7072555 ], [ 20.489246563353444, 54.706439164914528 ] ] } },
{ "type": "Feature", "properties": { "u": 216, "v": 218, "key": 0, "oneway": "False", "highway": "tertiary", "name": "улица Маршала Баграмяна", "maxspeed": "40", "lanes": "2", "osmid": [ 107444059, 995233925 ], "u_original": "236", "v_original": "587", "length": "129.7173545222639" }, "geometry": { "type": "LineString", "coordinates": [ [ 20.4945043, 54.7072555 ], [ 20.496428701149224, 54.707377848884057 ] ] } },
{ "type": "Feature", "properties": { "u": 218, "v": 216, "key": 0, "oneway": "False", "highway": "tertiary", "name": "улица Маршала Баграмяна", "maxspeed": "40", "lanes": "2", "osmid": [ 107444059, 995233925 ], "u_original": "587", "v_original": "236", "length": "129.7173545222639" }, "geometry": { "type": "LineString", "coordinates": [ [ 20.496428701149224, 54.707377848884057 ], [ 20.4945043, 54.7072555 ] ] } },
{ "type": "Feature", "properties": { "u": 218, "v": 221, "key": 0, "oneway": "False", "highway": "tertiary", "name": "улица Маршала Баграмяна", "maxspeed": "40", "lanes": "2", "osmid": [ 995233930, 107444059 ], "u_original": "353", "v_original": "304", "length": "181.8051597364027" }, "geometry": { "type": "LineString", "coordinates": [ [ 20.496428701149224, 54.707377848884057 ], [ 20.499014349829118, 54.707062827680275 ] ] } },
{ "type": "Feature", "properties": { "u": 218, "v": 221, "key": 1, "oneway": "False", "highway": "living_street", "name": "", "maxspeed": "RU:living_street", "lanes": "", "osmid": "188173823", "u_original": "355", "v_original": "354", "length": "194.83722759427948" }, "geometry": { "type": "LineString", "coordinates": [ [ 20.496428701149224, 54.707377848884057 ], [ 20.499014349829118, 54.707062827680275 ] ] } },
{ "type": "Feature", "properties": { "u": 218, "v": 248, "key": 0, "oneway": "False", "highway": "residential", "name": "улица Маршала Баграмяна", "maxspeed": "20", "lanes": "", "osmid": [ 188173824, 986605047 ], "u_original": "355", "v_original": "591", "length": "146.69557484175698" }, "geometry": { "type": "LineString", "coordinates": [ [ 20.496428701149224, 54.707377848884057 ], [ 20.497070850167265, 54.708436300023209 ] ] } },
{ "type": "Feature", "properties": { "u": 219, "v": 249, "key": 0, "oneway": "False", "highway": "residential", "name": "Мариупольская улица", "maxspeed": "", "lanes": "", "osmid": "986652066", "u_original": "306", "v_original": "593", "length": "76.86974723736617" }, "geometry": { "type": "LineString", "coordinates": [ [ 20.498632799865167, 54.707965600049207 ], [ 20.4995081, 54.7084346 ] ] } },
{ "type": "Feature", "properties": { "u": 219, "v": 217, "key": 0, "oneway": "False", "highway": "unclassified", "name": "", "maxspeed": "RU:living_street", "lanes": "2", "osmid": [ 995233928, 1370382531, 141913197 ], "u_original": "306", "v_original": "238", "length": "330.31489972380126" }, "geometry": { "type": "LineString", "coordinates": [ [ 20.498632799865167, 54.707965600049207 ], [ 20.495132999607293, 54.709837600028941 ] ] } },
{ "type": "Feature", "properties": { "u": 219, "v": 248, "key": 0, "oneway": "False", "highway": "residential", "name": "Мариупольская улица", "maxspeed": "20", "lanes": "", "osmid": [ 188173822, 986605047 ], "u_original": "305", "v_original": "591", "length": "121.14804993623434" }, "geometry": { "type": "LineString", "coordinates": [ [ 20.498632799865167, 54.707965600049207 ], [ 20.497070850167265, 54.708436300023209 ] ] } },
{ "type": "Feature", "properties": { "u": 219, "v": 221, "key": 0, "oneway": "False", "highway": "unclassified", "name": "", "maxspeed": "RU:living_street", "lanes": "2", "osmid": "1370382532", "u_original": "305", "v_original": "354", "length": "109.94304971420871" }, "geometry": { "type": "LineString", "coordinates": [ [ 20.498632799865167, 54.707965600049207 ], [ 20.499014349829118, 54.707062827680275 ] ] } },
{ "type": "Feature", "properties": { "u": 221, "v": 223, "key": 0, "oneway": "False", "highway": "residential", "name": "Мариупольская улица", "maxspeed": "RU:living_street", "lanes": "2", "osmid": "59848741", "u_original": "240", "v_original": "244", "length": "158.69130765050843" }, "geometry": { "type": "LineString", "coordinates": [ [ 20.499014349829118, 54.707062827680275 ], [ 20.4997859, 54.707965 ] ] } },
{ "type": "Feature", "properties": { "u": 221, "v": 220, "key": 0, "oneway": "False", "highway": "tertiary", "name": "улица Маршала Баграмяна", "maxspeed": "40", "lanes": "2", "osmid": [ 107444057, 1370382542, 1370382543 ], "u_original": "240", "v_original": "239", "length": "160.1334400164484" }, "geometry": { "type": "LineString", "coordinates": [ [ 20.499014349829118, 54.707062827680275 ], [ 20.5014008, 54.7067242 ] ] } },
{ "type": "Feature", "properties": { "u": 221, "v": 218, "key": 0, "oneway": "False", "highway": "tertiary", "name": "улица Маршала Баграмяна", "maxspeed": "40", "lanes": "2", "osmid": [ 995233930, 107444059 ], "u_original": "304", "v_original": "353", "length": "181.8051597364027" }, "geometry": { "type": "LineString", "coordinates": [ [ 20.499014349829118, 54.707062827680275 ], [ 20.496428701149224, 54.707377848884057 ] ] } },
{ "type": "Feature", "properties": { "u": 221, "v": 218, "key": 1, "oneway": "False", "highway": "living_street", "name": "", "maxspeed": "RU:living_street", "lanes": "", "osmid": "188173823", "u_original": "354", "v_original": "355", "length": "194.83722759427948" }, "geometry": { "type": "LineString", "coordinates": [ [ 20.499014349829118, 54.707062827680275 ], [ 20.496428701149224, 54.707377848884057 ] ] } },
{ "type": "Feature", "properties": { "u": 221, "v": 219, "key": 0, "oneway": "False", "highway": "unclassified", "name": "", "maxspeed": "RU:living_street", "lanes": "2", "osmid": "1370382532", "u_original": "354", "v_original": "305", "length": "109.94304971420873" }, "geometry": { "type": "LineString", "coordinates": [ [ 20.499014349829118, 54.707062827680275 ], [ 20.498632799865167, 54.707965600049207 ] ] } },
{ "type": "Feature", "properties": { "u": 248, "v": 219, "key": 0, "oneway": "False", "highway": "residential", "name": "Мариупольская улица", "maxspeed": "20", "lanes": "", "osmid": [ 188173822, 986605047 ], "u_original": "591", "v_original": "305", "length": "121.14804993623436" }, "geometry": { "type": "LineString", "coordinates": [ [ 20.497070850167265, 54.708436300023209 ], [ 20.498632799865167, 54.707965600049207 ] ] } },
{ "type": "Feature", "properties": { "u": 248, "v": 218, "key": 0, "oneway": "False", "highway": "residential", "name": "улица Маршала Баграмяна", "maxspeed": "20", "lanes": "", "osmid": [ 188173824, 986605047 ], "u_original": "591", "v_original": "355", "length": "146.69557484175698" }, "geometry": { "type": "LineString", "coordinates": [ [ 20.497070850167265, 54.708436300023209 ], [ 20.496428701149224, 54.707377848884057 ] ] } },
{ "type": "Feature", "properties": { "u": 249, "v": 219, "key": 0, "oneway": "False", "highway": "residential", "name": "Мариупольская улица", "maxspeed": "", "lanes": "", "osmid": "986652066", "u_original": "593", "v_original": "306", "length": "76.86974723736617" }, "geometry": { "type": "LineString", "coordinates": [ [ 20.4995081, 54.7084346 ], [ 20.498632799865167, 54.707965600049207 ] ] } },
{ "type": "Feature", "properties": { "u": 223, "v": 221, "key": 0, "oneway": "False", "highway": "residential", "name": "Мариупольская улица", "maxspeed": "RU:living_street", "lanes": "2", "osmid": "59848741", "u_original": "244", "v_original": "240", "length": "158.69130765050843" }, "geometry": { "type": "LineString", "coordinates": [ [ 20.4997859, 54.707965 ], [ 20.499014349829118, 54.707062827680275 ] ] } },
{ "type": "Feature", "properties": { "u": 234, "v": 235, "key": 0, "oneway": "True", "highway": "primary", "name": "Второй эстакадный мост", "maxspeed": "RU:urban", "lanes": "2", "osmid": "148444170", "u_original": "277", "v_original": "451", "length": null }, "geometry": { "type": "LineString", "coordinates": [ [ 20.5237522, 54.7036016 ], [ 20.5236843, 54.7065394 ] ] } },
{ "type": "Feature", "properties": { "u": 234, "v": 236, "key": 0, "oneway": "True", "highway": "secondary", "name": "", "maxspeed": "30", "lanes": "1", "osmid": [ 334543660, 334543654 ], "u_original": "277", "v_original": "447", "length": null }, "geometry": { "type": "LineString", "coordinates": [ [ 20.5237522, 54.7036016 ], [ 20.5281069, 54.7044469 ] ] } },
{ "type": "Feature", "properties": { "u": 235, "v": 243, "key": 0, "oneway": "True", "highway": "primary", "name": "Второй эстакадный мост", "maxspeed": "60", "lanes": "3", "osmid": "423080014", "u_original": "451", "v_original": "292", "length": "186.17342643809" }, "geometry": { "type": "LineString", "coordinates": [ [ 20.5236843, 54.7065394 ], [ 20.523285000323444, 54.708196400017009 ] ] } },
{ "type": "Feature", "properties": { "u": 236, "v": 269, "key": 0, "oneway": "True", "highway": "secondary", "name": "Аллея Чемпионов", "maxspeed": "40", "lanes": "2", "osmid": [ 334543657, 444488627, 444488613 ], "u_original": "447", "v_original": "477", "length": "476.5153840052592" }, "geometry": { "type": "LineString", "coordinates": [ [ 20.5281069, 54.7044469 ], [ 20.535151935689594, 54.70315139760136 ] ] } },
{ "type": "Feature", "properties": { "u": 269, "v": 279, "key": 0, "oneway": "True", "highway": "secondary", "name": "Аллея Чемпионов", "maxspeed": "RU:urban", "lanes": "2", "osmid": [ 444488625, 444488617 ], "u_original": "475", "v_original": "474", "length": "185.99372715458176" }, "geometry": { "type": "LineString", "coordinates": [ [ 20.535151935689594, 54.70315139760136 ], [ 20.5374808, 54.702205 ] ] } },
{ "type": "Feature", "properties": { "u": 269, "v": 270, "key": 0, "oneway": "True", "highway": "secondary", "name": "Аллея Чемпионов", "maxspeed": "RU:urban", "lanes": "2", "osmid": [ 334543656, 444488611, 444488620 ], "u_original": "478", "v_original": "448", "length": "483.1669298224991" }, "geometry": { "type": "LineString", "coordinates": [ [ 20.535151935689594, 54.70315139760136 ], [ 20.5281922, 54.7045951 ] ] } },
{ "type": "Feature", "properties": { "u": 241, "v": 240, "key": 0, "oneway": "False", "highway": "living_street", "name": "", "maxspeed": "RU:living_street", "lanes": "", "osmid": "852163345", "u_original": "360", "v_original": "287", "length": "76.06215419180721" }, "geometry": { "type": "LineString", "coordinates": [ [ 20.499213, 54.6969452 ], [ 20.500151950001509, 54.696531200000734 ] ] } },
{ "type": "Feature", "properties": { "u": 242, "v": 117, "key": 0, "oneway": "True", "highway": "primary", "name": "Второй эстакадный мост", "maxspeed": "RU:urban", "lanes": "2", "osmid": "142675431", "u_original": "291", "v_original": "290", "length": "91.83129549985507" }, "geometry": { "type": "LineString", "coordinates": [ [ 20.5175632, 54.6971877 ], [ 20.516608650012461, 54.696607300000629 ] ] } },
{ "type": "Feature", "properties": { "u": 242, "v": 30, "key": 0, "oneway": "True", "highway": "secondary", "name": "Второй эстакадный мост", "maxspeed": "RU:urban", "lanes": "2", "osmid": [ 1370089160, 982459601, 133259309 ], "u_original": "291", "v_original": "17", "length": "130.90466969534006" }, "geometry": { "type": "LineString", "coordinates": [ [ 20.5175632, 54.6971877 ], [ 20.517083120638603, 54.698320734171595 ] ] } },
{ "type": "Feature", "properties": { "u": 251, "v": 148, "key": 0, "oneway": "True", "highway": "primary_link", "name": "Строительная улица", "maxspeed": "40", "lanes": "1", "osmid": [ 142675433, 1370697587, 169718679 ], "u_original": "314", "v_original": "312", "length": "139.21192402663894" }, "geometry": { "type": "LineString", "coordinates": [ [ 20.5228078, 54.7102786 ], [ 20.522957948998318, 54.709202577639353 ] ] } },
{ "type": "Feature", "properties": { "u": 251, "v": 229, "key": 0, "oneway": "True", "highway": "primary", "name": "Второй эстакадный мост", "maxspeed": "60", "lanes": "3", "osmid": "214749187", "u_original": "314", "v_original": "262", "length": null }, "geometry": { "type": "LineString", "coordinates": [ [ 20.5228078, 54.7102786 ], [ 20.5226787, 54.7112207 ] ] } },
{ "type": "Feature", "properties": { "u": 250, "v": 273, "key": 0, "oneway": "True", "highway": "secondary_link", "name": "", "maxspeed": "RU:urban", "lanes": "1", "osmid": [ 335613770, 335613765, 335613766 ], "u_original": "456", "v_original": "455", "length": "392.58427820258044" }, "geometry": { "type": "LineString", "coordinates": [ [ 20.5226582, 54.7019101 ], [ 20.520717728801376, 54.699112793535427 ] ] } },
{ "type": "Feature", "properties": { "u": 250, "v": 242, "key": 0, "oneway": "True", "highway": "primary", "name": "Второй эстакадный мост", "maxspeed": "RU:urban", "lanes": "3", "osmid": [ 133259320, 428812625, 133259329 ], "u_original": "456", "v_original": "291", "length": null }, "geometry": { "type": "LineString", "coordinates": [ [ 20.5226582, 54.7019101 ], [ 20.5175632, 54.6971877 ] ] } },
{ "type": "Feature", "properties": { "u": 279, "v": 280, "key": 0, "oneway": "False", "highway": "residential", "name": "", "maxspeed": "", "lanes": "2", "osmid": "627364925", "u_original": "474", "v_original": "496", "length": null }, "geometry": { "type": "LineString", "coordinates": [ [ 20.5374808, 54.702205 ], [ 20.5366435, 54.7013279 ] ] } },
{ "type": "Feature", "properties": { "u": 270, "v": 271, "key": 0, "oneway": "True", "highway": "residential", "name": "Аллея Чемпионов", "maxspeed": "RU:urban", "lanes": "1", "osmid": "334543662", "u_original": "448", "v_original": "449", "length": null }, "geometry": { "type": "LineString", "coordinates": [ [ 20.5281922, 54.7045951 ], [ 20.5271442, 54.7046731 ] ] } },
{ "type": "Feature", "properties": { "u": 270, "v": 235, "key": 0, "oneway": "True", "highway": "secondary", "name": "", "maxspeed": "30", "lanes": "1", "osmid": [ 334543664, 334543653 ], "u_original": "448", "v_original": "451", "length": null }, "geometry": { "type": "LineString", "coordinates": [ [ 20.5281922, 54.7045951 ], [ 20.5236843, 54.7065394 ] ] } },
{ "type": "Feature", "properties": { "u": 280, "v": 272, "key": 0, "oneway": "False", "highway": "residential", "name": "", "maxspeed": "", "lanes": "2", "osmid": "627364925", "u_original": "496", "v_original": "493", "length": null }, "geometry": { "type": "LineString", "coordinates": [ [ 20.5366435, 54.7013279 ], [ 20.5355029, 54.7001322 ] ] } },
{ "type": "Feature", "properties": { "u": 280, "v": 279, "key": 0, "oneway": "False", "highway": "residential", "name": "", "maxspeed": "", "lanes": "2", "osmid": "627364925", "u_original": "496", "v_original": "474", "length": null }, "geometry": { "type": "LineString", "coordinates": [ [ 20.5366435, 54.7013279 ], [ 20.5374808, 54.702205 ] ] } },
{ "type": "Feature", "properties": { "u": 280, "v": 287, "key": 0, "oneway": "False", "highway": "residential", "name": "", "maxspeed": "", "lanes": "2", "osmid": "643094099", "u_original": "496", "v_original": "497", "length": null }, "geometry": { "type": "LineString", "coordinates": [ [ 20.5366435, 54.7013279 ], [ 20.5392719, 54.7003039 ] ] } },
{ "type": "Feature", "properties": { "u": 286, "v": 287, "key": 0, "oneway": "False", "highway": "residential", "name": "", "maxspeed": "RU:urban", "lanes": "2", "osmid": "627364907", "u_original": "492", "v_original": "497", "length": null }, "geometry": { "type": "LineString", "coordinates": [ [ 20.5378277, 54.6993846 ], [ 20.5392719, 54.7003039 ] ] } },
{ "type": "Feature", "properties": { "u": 286, "v": 272, "key": 0, "oneway": "False", "highway": "residential", "name": "Солнечный бульвар", "maxspeed": "RU:urban", "lanes": "2", "osmid": "627364936", "u_original": "492", "v_original": "493", "length": null }, "geometry": { "type": "LineString", "coordinates": [ [ 20.5378277, 54.6993846 ], [ 20.5355029, 54.7001322 ] ] } },
{ "type": "Feature", "properties": { "u": 274, "v": 284, "key": 0, "oneway": "False", "highway": "residential", "name": "Триумфальная аллея", "maxspeed": "", "lanes": "4", "osmid": [ 945629506, 627366083, 627363111, 1037488496, 1037488479 ], "u_original": "494", "v_original": "491", "length": null }, "geometry": { "type": "LineString", "coordinates": [ [ 20.5240074, 54.6981831 ], [ 20.5281955, 54.6969814 ] ] } },
{ "type": "Feature", "properties": { "u": 274, "v": 284, "key": 1, "oneway": "False", "highway": "secondary", "name": "Парадная набережная", "maxspeed": "RU:urban", "lanes": "4", "osmid": "671091231", "u_original": "494", "v_original": "491", "length": null }, "geometry": { "type": "LineString", "coordinates": [ [ 20.5240074, 54.6981831 ], [ 20.5281955, 54.6969814 ] ] } },
{ "type": "Feature", "properties": { "u": 274, "v": 273, "key": 0, "oneway": "False", "highway": "secondary", "name": "Парадная набережная", "maxspeed": "RU:urban", "lanes": "4", "osmid": "671091231", "u_original": "494", "v_original": "452", "length": "235.93786652857108" }, "geometry": { "type": "LineString", "coordinates": [ [ 20.5240074, 54.6981831 ], [ 20.520717728801376, 54.699112793535427 ] ] } },
{ "type": "Feature", "properties": { "u": 284, "v": 274, "key": 0, "oneway": "False", "highway": "residential", "name": "Триумфальная аллея", "maxspeed": "", "lanes": "4", "osmid": [ 945629506, 627366083, 627363111, 1037488496, 1037488479 ], "u_original": "491", "v_original": "494", "length": null }, "geometry": { "type": "LineString", "coordinates": [ [ 20.5281955, 54.6969814 ], [ 20.5240074, 54.6981831 ] ] } },
{ "type": "Feature", "properties": { "u": 284, "v": 274, "key": 1, "oneway": "False", "highway": "secondary", "name": "Парадная набережная", "maxspeed": "RU:urban", "lanes": "4", "osmid": "671091231", "u_original": "491", "v_original": "494", "length": null }, "geometry": { "type": "LineString", "coordinates": [ [ 20.5281955, 54.6969814 ], [ 20.5240074, 54.6981831 ] ] } },
{ "type": "Feature", "properties": { "u": 284, "v": 285, "key": 0, "oneway": "False", "highway": "secondary", "name": "Парадная набережная", "maxspeed": "RU:urban", "lanes": "4", "osmid": [ 1370089149, 671091231 ], "u_original": "491", "v_original": "511", "length": null }, "geometry": { "type": "LineString", "coordinates": [ [ 20.5281955, 54.6969814 ], [ 20.5387968, 54.6957952 ] ] } },
{ "type": "Feature", "properties": { "u": 287, "v": 286, "key": 0, "oneway": "False", "highway": "residential", "name": "", "maxspeed": "RU:urban", "lanes": "2", "osmid": "627364907", "u_original": "497", "v_original": "492", "length": null }, "geometry": { "type": "LineString", "coordinates": [ [ 20.5392719, 54.7003039 ], [ 20.5378277, 54.6993846 ] ] } },
{ "type": "Feature", "properties": { "u": 287, "v": 280, "key": 0, "oneway": "False", "highway": "residential", "name": "", "maxspeed": "", "lanes": "2", "osmid": "643094099", "u_original": "497", "v_original": "496", "length": null }, "geometry": { "type": "LineString", "coordinates": [ [ 20.5392719, 54.7003039 ], [ 20.5366435, 54.7013279 ] ] } },
{ "type": "Feature", "properties": { "u": 285, "v": 284, "key": 0, "oneway": "False", "highway": "secondary", "name": "Парадная набережная", "maxspeed": "RU:urban", "lanes": "4", "osmid": [ 1370089149, 671091231 ], "u_original": "511", "v_original": "491", "length": null }, "geometry": { "type": "LineString", "coordinates": [ [ 20.5387968, 54.6957952 ], [ 20.5281955, 54.6969814 ] ] } },
{ "type": "Feature", "properties": { "u": 289, "v": 88, "key": 0, "oneway": "True", "highway": "primary", "name": "улица Румянцева", "maxspeed": "RU:urban", "lanes": "2", "osmid": [ 1373328218, 1373328221, 390819957 ], "u_original": "620", "v_original": "619", "length": "287.8740224814765" }, "geometry": { "type": "LineString", "coordinates": [ [ 20.4869778, 54.7135646 ], [ 20.490913599987771, 54.712438100000881 ] ] } }
]
}
