{
"type": "FeatureCollection",
"name": "kaliningrad_nodes",
"crs": { "type": "name", "properties": { "name": "urn:ogc:def:crs:OGC:1.3:CRS84" } },
"features": [
{ "type": "Feature", "properties": { "osmid": 0, "y": 54.7116946, "x": 20.5092469 }, "geometry": { "type": "Point", "coordinates": [ 20.5092469, 54.7116946 ] } },
{ "type": "Feature", "properties": { "osmid": 1, "y": 54.7121204, "x": 20.5067379 }, "geometry": { "type": "Point", "coordinates": [ 20.5067379, 54.7121204 ] } },
{ "type": "Feature", "properties": { "osmid": 2, "y": 54.7130507, "x": 20.5066158 }, "geometry": { "type": "Point", "coordinates": [ 20.5066158, 54.7130507 ] } },
{ "type": "Feature", "properties": { "osmid": 3, "y": 54.7132843, "x": 20.5070211 }, "geometry": { "type": "Point", "coordinates": [ 20.5070211, 54.7132843 ] } },
{ "type": "Feature", "properties": { "osmid": 4, "y": 54.7180777, "x": 20.4972002 }, "geometry": { "type": "Point", "coordinates": [ 20.4972002, 54.7180777 ] } },
{ "type": "Feature", "properties": { "osmid": 5, "y": 54.7192191, "x": 20.4926243 }, "geometry": { "type": "Point", "coordinates": [ 20.4926243, 54.7192191 ] } },
{ "type": "Feature", "properties": { "osmid": 6, "y": 54.7188692, "x": 20.5016641 }, "geometry": { "type": "Point", "coordinates": [ 20.5016641, 54.7188692 ] } },
{ "type": "Feature", "properties": { "osmid": 7, "y": 54.7198893, "x": 20.5002429 }, "geometry": { "type": "Point", "coordinates": [ 20.5002429, 54.7198893 ] } },
{ "type": "Feature", "properties": { "osmid": 8, "y": 54.7131347, "x": 20.5305434 }, "geometry": { "type": "Point", "coordinates": [ 20.5305434, 54.7131347 ] } },
{ "type": "Feature", "properties": { "osmid": 9, "y": 54.7135513, "x": 20.5344732 }, "geometry": { "type": "Point", "coordinates": [ 20.5344732, 54.7135513 ] } },
{ "type": "Feature", "properties": { "osmid": 10, "y": 54.7149157, "x": 20.5135773 }, "geometry": { "type": "Point", "coordinates": [ 20.5135773, 54.7149157 ] } },
{ "type": "Feature", "properties": { "osmid": 11, "y": 54.716949, "x": 20.513077 }, "geometry": { "type": "Point", "coordinates": [ 20.513077, 54.716949 ] } },
{ "type": "Feature", "properties": { "osmid": 12, "y": 54.7205165, "x": 20.5141839 }, "geometry": { "type": "Point", "coordinates": [ 20.5141839, 54.7205165 ] } },
{ "type": "Feature", "properties": { "osmid": 13, "y": 54.7200063, "x": 20.4943454 }, "geometry": { "type": "Point", "coordinates": [ 20.4943454, 54.7200063 ] } },
{ "type": "Feature", "properties": { "osmid": 14, "y": 54.7063397, "x": 20.4889774 }, "geometry": { "type": "Point", "coordinates": [ 20.4889774, 54.7063397 ] } },
{ "type": "Feature", "properties": { "osmid": 15, "y": 54.7051845, "x": 20.4898268 }, "geometry": { "type": "Point", "coordinates": [ 20.4898268, 54.7051845 ] } },
{ "type": "Feature", "properties": { "osmid": 16, "y": 54.7049105, "x": 20.4904467 }, "geometry": { "type": "Point", "coordinates": [ 20.4904467, 54.7049105 ] } },
{ "type": "Feature", "properties": { "osmid": 17, "y": 54.6982914, "x": 20.5171454 }, "geometry": { "type": "Point", "coordinates": [ 20.5171454, 54.6982914 ] } },
{ "type": "Feature", "properties": { "osmid": 18, "y": 54.7109784, "x": 20.5091923 }, "geometry": { "type": "Point", "coordinates": [ 20.5091923, 54.7109784 ] } },
{ "type": "Feature", "properties": { "osmid": 19, "y": 54.698871, "x": 20.5031459 }, "geometry": { "type": "Point", "coordinates": [ 20.5031459, 54.698871 ] } },
{ "type": "Feature", "properties": { "osmid": 20, "y": 54.6961972, "x": 20.4954227 }, "geometry": { "type": "Point", "coordinates": [ 20.4954227, 54.6961972 ] } },
{ "type": "Feature", "properties": { "osmid": 21, "y": 54.6962335, "x": 20.4987084 }, "geometry": { "type": "Point", "coordinates": [ 20.4987084, 54.6962335 ] } },
{ "type": "Feature", "properties": { "osmid": 22, "y": 54.7163475, "x": 20.5299903 }, "geometry": { "type": "Point", "coordinates": [ 20.5299903, 54.7163475 ] } },
{ "type": "Feature", "properties": { "osmid": 23, "y": 54.7157602, "x": 20.5285876 }, "geometry": { "type": "Point", "coordinates": [ 20.5285876, 54.7157602 ] } },
{ "type": "Feature", "properties": { "osmid": 24, "y": 54.7195778, "x": 20.5251547 }, "geometry": { "type": "Point", "coordinates": [ 20.5251547, 54.7195778 ] } },
{ "type": "Feature", "properties": { "osmid": 25, "y": 54.7163547, "x": 20.5267139 }, "geometry": { "type": "Point", "coordinates": [ 20.5267139, 54.7163547 ] } },
{ "type": "Feature", "properties": { "osmid": 26, "y": 54.705758, "x": 20.514177 }, "geometry": { "type": "Point", "coordinates": [ 20.514177, 54.705758 ] } },
{ "type": "Feature", "properties": { "osmid": 27, "y": 54.7113672, "x": 20.512336 }, "geometry": { "type": "Point", "coordinates": [ 20.512336, 54.7113672 ] } },
{ "type": "Feature", "properties": { "osmid": 28, "y": 54.7091848, "x": 20.5098464 }, "geometry": { "type": "Point", "coordinates": [ 20.5098464, 54.7091848 ] } },
{ "type": "Feature", "properties": { "osmid": 29, "y": 54.6958026, "x": 20.5218892 }, "geometry": { "type": "Point", "coordinates": [ 20.5218892, 54.6958026 ] } },
{ "type": "Feature", "properties": { "osmid": 30, "y": 54.6957711, "x": 20.5000148 }, "geometry": { "type": "Point", "coordinates": [ 20.5000148, 54.6957711 ] } },
{ "type": "Feature", "properties": { "osmid": 31, "y": 54.7098827, "x": 20.5316951 }, "geometry": { "type": "Point", "coordinates": [ 20.5316951, 54.7098827 ] } },
{ "type": "Feature", "properties": { "osmid": 32, "y": 54.694419, "x": 20.5242181 }, "geometry": { "type": "Point", "coordinates": [ 20.5242181, 54.694419 ] } },
{ "type": "Feature", "properties": { "osmid": 33, "y": 54.7215035, "x": 20.4972801 }, "geometry": { "type": "Point", "coordinates": [ 20.4972801, 54.7215035 ] } },
{ "type": "Feature", "properties": { "osmid": 34, "y": 54.7221934, "x": 20.4957729 }, "geometry": { "type": "Point", "coordinates": [ 20.4957729, 54.7221934 ] } },
{ "type": "Feature", "properties": { "osmid": 35, "y": 54.7201854, "x": 20.4978524 }, "geometry": { "type": "Point", "coordinates": [ 20.4978524, 54.7201854 ] } },
{ "type": "Feature", "properties": { "osmid": 36, "y": 54.7204708, "x": 20.4943124 }, "geometry": { "type": "Point", "coordinates": [ 20.4943124, 54.7204708 ] } },
{ "type": "Feature", "properties": { "osmid": 37, "y": 54.7203732, "x": 20.4912409 }, "geometry": { "type": "Point", "coordinates": [ 20.4912409, 54.7203732 ] } },
{ "type": "Feature", "properties": { "osmid": 38, "y": 54.7224668, "x": 20.4929292 }, "geometry": { "type": "Point", "coordinates": [ 20.4929292, 54.7224668 ] } },
{ "type": "Feature", "properties": { "osmid": 39, "y": 54.6996032, "x": 20.513875 }, "geometry": { "type": "Point", "coordinates": [ 20.513875, 54.6996032 ] } },
{ "type": "Feature", "properties": { "osmid": 40, "y": 54.7009742, "x": 20.5131627 }, "geometry": { "type": "Point", "coordinates": [ 20.5131627, 54.7009742 ] } },
{ "type": "Feature", "properties": { "osmid": 41, "y": 54.7019481, "x": 20.5080886 }, "geometry": { "type": "Point", "coordinates": [ 20.5080886, 54.7019481 ] } },
{ "type": "Feature", "properties": { "osmid": 42, "y": 54.7023851, "x": 20.505005 }, "geometry": { "type": "Point", "coordinates": [ 20.505005, 54.7023851 ] } },
{ "type": "Feature", "properties": { "osmid": 43, "y": 54.7047153, "x": 20.5081827 }, "geometry": { "type": "Point", "coordinates": [ 20.5081827, 54.7047153 ] } },
{ "type": "Feature", "properties": { "osmid": 44, "y": 54.7042404, "x": 20.5052869 }, "geometry": { "type": "Point", "coordinates": [ 20.5052869, 54.7042404 ] } },
{ "type": "Feature", "properties": { "osmid": 45, "y": 54.695245, "x": 20.5014846 }, "geometry": { "type": "Point", "coordinates": [ 20.5014846, 54.695245 ] } },
{ "type": "Feature", "properties": { "osmid": 46, "y": 54.6945926, "x": 20.5007979 }, "geometry": { "type": "Point", "coordinates": [ 20.5007979, 54.6945926 ] } },
{ "type": "Feature", "properties": { "osmid": 47, "y": 54.7040997, "x": 20.5062356 }, "geometry": { "type": "Point", "coordinates": [ 20.5062356, 54.7040997 ] } },
{ "type": "Feature", "properties": { "osmid": 48, "y": 54.7043351, "x": 20.5059385 }, "geometry": { "type": "Point", "coordinates": [ 20.5059385, 54.7043351 ] } },
{ "type": "Feature", "properties": { "osmid": 49, "y": 54.7039774, "x": 20.505739 }, "geometry": { "type": "Point", "coordinates": [ 20.505739, 54.7039774 ] } },
{ "type": "Feature", "properties": { "osmid": 50, "y": 54.7189758, "x": 20.4934884 }, "geometry": { "type": "Point", "coordinates": [ 20.4934884, 54.7189758 ] } },
{ "type": "Feature", "properties": { "osmid": 51, "y": 54.7204479, "x": 20.493147 }, "geometry": { "type": "Point", "coordinates": [ 20.493147, 54.7204479 ] } },
{ "type": "Feature", "properties": { "osmid": 52, "y": 54.7198193, "x": 20.4931973 }, "geometry": { "type": "Point", "coordinates": [ 20.4931973, 54.7198193 ] } },
{ "type": "Feature", "properties": { "osmid": 53, "y": 54.7203806, "x": 20.4916639 }, "geometry": { "type": "Point", "coordinates": [ 20.4916639, 54.7203806 ] } },
{ "type": "Feature", "properties": { "osmid": 54, "y": 54.7192882, "x": 20.4917324 }, "geometry": { "type": "Point", "coordinates": [ 20.4917324, 54.7192882 ] } },
{ "type": "Feature", "properties": { "osmid": 55, "y": 54.7110582, "x": 20.4950822 }, "geometry": { "type": "Point", "coordinates": [ 20.4950822, 54.7110582 ] } },
{ "type": "Feature", "properties": { "osmid": 56, "y": 54.7111848, "x": 20.4948326 }, "geometry": { "type": "Point", "coordinates": [ 20.4948326, 54.7111848 ] } },
{ "type": "Feature", "properties": { "osmid": 57, "y": 54.7110862, "x": 20.4940509 }, "geometry": { "type": "Point", "coordinates": [ 20.4940509, 54.7110862 ] } },
{ "type": "Feature", "properties": { "osmid": 58, "y": 54.7109238, "x": 20.4940126 }, "geometry": { "type": "Point", "coordinates": [ 20.4940126, 54.7109238 ] } },
{ "type": "Feature", "properties": { "osmid": 59, "y": 54.710622, "x": 20.4945006 }, "geometry": { "type": "Point", "coordinates": [ 20.4945006, 54.710622 ] } },
{ "type": "Feature", "properties": { "osmid": 60, "y": 54.7106992, "x": 20.4948852 }, "geometry": { "type": "Point", "coordinates": [ 20.4948852, 54.7106992 ] } },
{ "type": "Feature", "properties": { "osmid": 61, "y": 54.7097665, "x": 20.5317105 }, "geometry": { "type": "Point", "coordinates": [ 20.5317105, 54.7097665 ] } },
{ "type": "Feature", "properties": { "osmid": 62, "y": 54.7209322, "x": 20.5075005 }, "geometry": { "type": "Point", "coordinates": [ 20.5075005, 54.7209322 ] } },
{ "type": "Feature", "properties": { "osmid": 63, "y": 54.7195615, "x": 20.5053452 }, "geometry": { "type": "Point", "coordinates": [ 20.5053452, 54.7195615 ] } },
{ "type": "Feature", "properties": { "osmid": 64, "y": 54.717133, "x": 20.500365 }, "geometry": { "type": "Point", "coordinates": [ 20.500365, 54.717133 ] } },
{ "type": "Feature", "properties": { "osmid": 65, "y": 54.7116994, "x": 20.4943596 }, "geometry": { "type": "Point", "coordinates": [ 20.4943596, 54.7116994 ] } },
{ "type": "Feature", "properties": { "osmid": 66, "y": 54.7116332, "x": 20.4938845 }, "geometry": { "type": "Point", "coordinates": [ 20.4938845, 54.7116332 ] } },
{ "type": "Feature", "properties": { "osmid": 67, "y": 54.7116539, "x": 20.4958827 }, "geometry": { "type": "Point", "coordinates": [ 20.4958827, 54.7116539 ] } },
{ "type": "Feature", "properties": { "osmid": 68, "y": 54.7118116, "x": 20.5067648 }, "geometry": { "type": "Point", "coordinates": [ 20.5067648, 54.7118116 ] } },
{ "type": "Feature", "properties": { "osmid": 69, "y": 54.7131894, "x": 20.4955466 }, "geometry": { "type": "Point", "coordinates": [ 20.4955466, 54.7131894 ] } },
{ "type": "Feature", "properties": { "osmid": 70, "y": 54.7131894, "x": 20.4981667 }, "geometry": { "type": "Point", "coordinates": [ 20.4981667, 54.7131894 ] } },
{ "type": "Feature", "properties": { "osmid": 71, "y": 54.7123664, "x": 20.49883 }, "geometry": { "type": "Point", "coordinates": [ 20.49883, 54.7123664 ] } },
{ "type": "Feature", "properties": { "osmid": 72, "y": 54.7123253, "x": 20.500938 }, "geometry": { "type": "Point", "coordinates": [ 20.500938, 54.7123253 ] } },
{ "type": "Feature", "properties": { "osmid": 73, "y": 54.7118554, "x": 20.506761 }, "geometry": { "type": "Point", "coordinates": [ 20.506761, 54.7118554 ] } },
{ "type": "Feature", "properties": { "osmid": 74, "y": 54.7140269, "x": 20.5025801 }, "geometry": { "type": "Point", "coordinates": [ 20.5025801, 54.7140269 ] } },
{ "type": "Feature", "properties": { "osmid": 75, "y": 54.7141762, "x": 20.5028494 }, "geometry": { "type": "Point", "coordinates": [ 20.5028494, 54.7141762 ] } },
{ "type": "Feature", "properties": { "osmid": 76, "y": 54.715155, "x": 20.5043055 }, "geometry": { "type": "Point", "coordinates": [ 20.5043055, 54.715155 ] } },
{ "type": "Feature", "properties": { "osmid": 77, "y": 54.7144468, "x": 20.5006261 }, "geometry": { "type": "Point", "coordinates": [ 20.5006261, 54.7144468 ] } },
{ "type": "Feature", "properties": { "osmid": 78, "y": 54.7162457, "x": 20.5024497 }, "geometry": { "type": "Point", "coordinates": [ 20.5024497, 54.7162457 ] } },
{ "type": "Feature", "properties": { "osmid": 79, "y": 54.7143389, "x": 20.4999174 }, "geometry": { "type": "Point", "coordinates": [ 20.4999174, 54.7143389 ] } },
{ "type": "Feature", "properties": { "osmid": 80, "y": 54.7148683, "x": 20.4979941 }, "geometry": { "type": "Point", "coordinates": [ 20.4979941, 54.7148683 ] } },
{ "type": "Feature", "properties": { "osmid": 81, "y": 54.716699, "x": 20.5012903 }, "geometry": { "type": "Point", "coordinates": [ 20.5012903, 54.716699 ] } },
{ "type": "Feature", "properties": { "osmid": 82, "y": 54.714037, "x": 20.5035475 }, "geometry": { "type": "Point", "coordinates": [ 20.5035475, 54.714037 ] } },
{ "type": "Feature", "properties": { "osmid": 83, "y": 54.7120935, "x": 20.5036074 }, "geometry": { "type": "Point", "coordinates": [ 20.5036074, 54.7120935 ] } },
{ "type": "Feature", "properties": { "osmid": 84, "y": 54.7107845, "x": 20.5034271 }, "geometry": { "type": "Point", "coordinates": [ 20.5034271, 54.7107845 ] } },
{ "type": "Feature", "properties": { "osmid": 85, "y": 54.7104678, "x": 20.5064545 }, "geometry": { "type": "Point", "coordinates": [ 20.5064545, 54.7104678 ] } },
{ "type": "Feature", "properties": { "osmid": 86, "y": 54.7146515, "x": 20.5033986 }, "geometry": { "type": "Point", "coordinates": [ 20.5033986, 54.7146515 ] } },
{ "type": "Feature", "properties": { "osmid": 87, "y": 54.7200424, "x": 20.4947917 }, "geometry": { "type": "Point", "coordinates": [ 20.4947917, 54.7200424 ] } },
{ "type": "Feature", "properties": { "osmid": 88, "y": 54.7201911, "x": 20.4979595 }, "geometry": { "type": "Point", "coordinates": [ 20.4979595, 54.7201911 ] } },
{ "type": "Feature", "properties": { "osmid": 89, "y": 54.7197312, "x": 20.498016 }, "geometry": { "type": "Point", "coordinates": [ 20.498016, 54.7197312 ] } },
{ "type": "Feature", "properties": { "osmid": 90, "y": 54.7190412, "x": 20.4971201 }, "geometry": { "type": "Point", "coordinates": [ 20.4971201, 54.7190412 ] } },
{ "type": "Feature", "properties": { "osmid": 91, "y": 54.7183702, "x": 20.4961715 }, "geometry": { "type": "Point", "coordinates": [ 20.4961715, 54.7183702 ] } },
{ "type": "Feature", "properties": { "osmid": 92, "y": 54.718886, "x": 20.4947897 }, "geometry": { "type": "Point", "coordinates": [ 20.4947897, 54.718886 ] } },
{ "type": "Feature", "properties": { "osmid": 93, "y": 54.7186725, "x": 20.4948552 }, "geometry": { "type": "Point", "coordinates": [ 20.4948552, 54.7186725 ] } },
{ "type": "Feature", "properties": { "osmid": 94, "y": 54.7201671, "x": 20.4875892 }, "geometry": { "type": "Point", "coordinates": [ 20.4875892, 54.7201671 ] } },
{ "type": "Feature", "properties": { "osmid": 95, "y": 54.7158868, "x": 20.4881638 }, "geometry": { "type": "Point", "coordinates": [ 20.4881638, 54.7158868 ] } },
{ "type": "Feature", "properties": { "osmid": 96, "y": 54.7179704, "x": 20.48696 }, "geometry": { "type": "Point", "coordinates": [ 20.48696, 54.7179704 ] } },
{ "type": "Feature", "properties": { "osmid": 97, "y": 54.7157322, "x": 20.4871111 }, "geometry": { "type": "Point", "coordinates": [ 20.4871111, 54.7157322 ] } },
{ "type": "Feature", "properties": { "osmid": 98, "y": 54.7200298, "x": 20.4866538 }, "geometry": { "type": "Point", "coordinates": [ 20.4866538, 54.7200298 ] } },
{ "type": "Feature", "properties": { "osmid": 99, "y": 54.706835, "x": 20.4898713 }, "geometry": { "type": "Point", "coordinates": [ 20.4898713, 54.706835 ] } },
{ "type": "Feature", "properties": { "osmid": 100, "y": 54.6972822, "x": 20.5165384 }, "geometry": { "type": "Point", "coordinates": [ 20.5165384, 54.6972822 ] } },
{ "type": "Feature", "properties": { "osmid": 101, "y": 54.6969515, "x": 20.5030627 }, "geometry": { "type": "Point", "coordinates": [ 20.5030627, 54.6969515 ] } },
{ "type": "Feature", "properties": { "osmid": 102, "y": 54.6958303, "x": 20.5032186 }, "geometry": { "type": "Point", "coordinates": [ 20.5032186, 54.6958303 ] } },
{ "type": "Feature", "properties": { "osmid": 103, "y": 54.6965384, "x": 20.5166158 }, "geometry": { "type": "Point", "coordinates": [ 20.5166158, 54.6965384 ] } },
{ "type": "Feature", "properties": { "osmid": 104, "y": 54.7050201, "x": 20.4897386 }, "geometry": { "type": "Point", "coordinates": [ 20.4897386, 54.7050201 ] } },
{ "type": "Feature", "properties": { "osmid": 105, "y": 54.6963421, "x": 20.4925711 }, "geometry": { "type": "Point", "coordinates": [ 20.4925711, 54.6963421 ] } },
{ "type": "Feature", "properties": { "osmid": 106, "y": 54.6963885, "x": 20.4925415 }, "geometry": { "type": "Point", "coordinates": [ 20.4925415, 54.6963885 ] } },
{ "type": "Feature", "properties": { "osmid": 107, "y": 54.7219558, "x": 20.5147713 }, "geometry": { "type": "Point", "coordinates": [ 20.5147713, 54.7219558 ] } },
{ "type": "Feature", "properties": { "osmid": 108, "y": 54.7208069, "x": 20.5172289 }, "geometry": { "type": "Point", "coordinates": [ 20.5172289, 54.7208069 ] } },
{ "type": "Feature", "properties": { "osmid": 109, "y": 54.7133342, "x": 20.5359282 }, "geometry": { "type": "Point", "coordinates": [ 20.5359282, 54.7133342 ] } },
{ "type": "Feature", "properties": { "osmid": 110, "y": 54.7134513, "x": 20.535816 }, "geometry": { "type": "Point", "coordinates": [ 20.535816, 54.7134513 ] } },
{ "type": "Feature", "properties": { "osmid": 111, "y": 54.7120248, "x": 20.5178919 }, "geometry": { "type": "Point", "coordinates": [ 20.5178919, 54.7120248 ] } },
{ "type": "Feature", "properties": { "osmid": 112, "y": 54.7116628, "x": 20.5182976 }, "geometry": { "type": "Point", "coordinates": [ 20.5182976, 54.7116628 ] } },
{ "type": "Feature", "properties": { "osmid": 113, "y": 54.7114066, "x": 20.5097738 }, "geometry": { "type": "Point", "coordinates": [ 20.5097738, 54.7114066 ] } },
{ "type": "Feature", "properties": { "osmid": 114, "y": 54.7116375, "x": 20.5181301 }, "geometry": { "type": "Point", "coordinates": [ 20.5181301, 54.7116375 ] } },
{ "type": "Feature", "properties": { "osmid": 115, "y": 54.7119476, "x": 20.517784 }, "geometry": { "type": "Point", "coordinates": [ 20.517784, 54.7119476 ] } },
{ "type": "Feature", "properties": { "osmid": 116, "y": 54.7111295, "x": 20.5125603 }, "geometry": { "type": "Point", "coordinates": [ 20.5125603, 54.7111295 ] } },
{ "type": "Feature", "properties": { "osmid": 117, "y": 54.7112254, "x": 20.511984 }, "geometry": { "type": "Point", "coordinates": [ 20.511984, 54.7112254 ] } },
{ "type": "Feature", "properties": { "osmid": 118, "y": 54.7118108, "x": 20.5189821 }, "geometry": { "type": "Point", "coordinates": [ 20.5189821, 54.7118108 ] } },
{ "type": "Feature", "properties": { "osmid": 119, "y": 54.7119663, "x": 20.5184418 }, "geometry": { "type": "Point", "coordinates": [ 20.5184418, 54.7119663 ] } },
{ "type": "Feature", "properties": { "osmid": 120, "y": 54.7135466, "x": 20.5196258 }, "geometry": { "type": "Point", "coordinates": [ 20.5196258, 54.7135466 ] } },
{ "type": "Feature", "properties": { "osmid": 121, "y": 54.7117098, "x": 20.4982115 }, "geometry": { "type": "Point", "coordinates": [ 20.4982115, 54.7117098 ] } },
{ "type": "Feature", "properties": { "osmid": 122, "y": 54.7119426, "x": 20.5056018 }, "geometry": { "type": "Point", "coordinates": [ 20.5056018, 54.7119426 ] } },
{ "type": "Feature", "properties": { "osmid": 123, "y": 54.7122434, "x": 20.5019264 }, "geometry": { "type": "Point", "coordinates": [ 20.5019264, 54.7122434 ] } },
{ "type": "Feature", "properties": { "osmid": 124, "y": 54.7130028, "x": 20.5037144 }, "geometry": { "type": "Point", "coordinates": [ 20.5037144, 54.7130028 ] } },
{ "type": "Feature", "properties": { "osmid": 125, "y": 54.6952389, "x": 20.516751 }, "geometry": { "type": "Point", "coordinates": [ 20.516751, 54.6952389 ] } },
{ "type": "Feature", "properties": { "osmid": 126, "y": 54.6953469, "x": 20.5167398 }, "geometry": { "type": "Point", "coordinates": [ 20.5167398, 54.6953469 ] } },
{ "type": "Feature", "properties": { "osmid": 127, "y": 54.6947828, "x": 20.5030131 }, "geometry": { "type": "Point", "coordinates": [ 20.5030131, 54.6947828 ] } },
{ "type": "Feature", "properties": { "osmid": 128, "y": 54.6981756, "x": 20.5169755 }, "geometry": { "type": "Point", "coordinates": [ 20.5169755, 54.6981756 ] } },
{ "type": "Feature", "properties": { "osmid": 129, "y": 54.6993721, "x": 20.509511 }, "geometry": { "type": "Point", "coordinates": [ 20.509511, 54.6993721 ] } },
{ "type": "Feature", "properties": { "osmid": 130, "y": 54.701715, "x": 20.5095622 }, "geometry": { "type": "Point", "coordinates": [ 20.5095622, 54.701715 ] } },
{ "type": "Feature", "properties": { "osmid": 131, "y": 54.7048008, "x": 20.5100751 }, "geometry": { "type": "Point", "coordinates": [ 20.5100751, 54.7048008 ] } },
{ "type": "Feature", "properties": { "osmid": 132, "y": 54.7022746, "x": 20.5096415 }, "geometry": { "type": "Point", "coordinates": [ 20.5096415, 54.7022746 ] } },
{ "type": "Feature", "properties": { "osmid": 133, "y": 54.7038844, "x": 20.5078995 }, "geometry": { "type": "Point", "coordinates": [ 20.5078995, 54.7038844 ] } },
{ "type": "Feature", "properties": { "osmid": 134, "y": 54.7023804, "x": 20.5134788 }, "geometry": { "type": "Point", "coordinates": [ 20.5134788, 54.7023804 ] } },
{ "type": "Feature", "properties": { "osmid": 135, "y": 54.7085277, "x": 20.5157312 }, "geometry": { "type": "Point", "coordinates": [ 20.5157312, 54.7085277 ] } },
{ "type": "Feature", "properties": { "osmid": 136, "y": 54.708828, "x": 20.5203426 }, "geometry": { "type": "Point", "coordinates": [ 20.5203426, 54.708828 ] } },
{ "type": "Feature", "properties": { "osmid": 137, "y": 54.7090255, "x": 20.5202993 }, "geometry": { "type": "Point", "coordinates": [ 20.5202993, 54.7090255 ] } },
{ "type": "Feature", "properties": { "osmid": 138, "y": 54.6955161, "x": 20.4979734 }, "geometry": { "type": "Point", "coordinates": [ 20.4979734, 54.6955161 ] } },
{ "type": "Feature", "properties": { "osmid": 139, "y": 54.695077, "x": 20.499268 }, "geometry": { "type": "Point", "coordinates": [ 20.499268, 54.695077 ] } },
{ "type": "Feature", "properties": { "osmid": 140, "y": 54.7094511, "x": 20.5264372 }, "geometry": { "type": "Point", "coordinates": [ 20.5264372, 54.7094511 ] } },
{ "type": "Feature", "properties": { "osmid": 141, "y": 54.7093273, "x": 20.5264636 }, "geometry": { "type": "Point", "coordinates": [ 20.5264636, 54.7093273 ] } },
{ "type": "Feature", "properties": { "osmid": 142, "y": 54.7097352, "x": 20.5310645 }, "geometry": { "type": "Point", "coordinates": [ 20.5310645, 54.7097352 ] } },
{ "type": "Feature", "properties": { "osmid": 143, "y": 54.7073588, "x": 20.5309552 }, "geometry": { "type": "Point", "coordinates": [ 20.5309552, 54.7073588 ] } },
{ "type": "Feature", "properties": { "osmid": 144, "y": 54.6970991, "x": 20.5060686 }, "geometry": { "type": "Point", "coordinates": [ 20.5060686, 54.6970991 ] } },
{ "type": "Feature", "properties": { "osmid": 145, "y": 54.6991827, "x": 20.5059203 }, "geometry": { "type": "Point", "coordinates": [ 20.5059203, 54.6991827 ] } },
{ "type": "Feature", "properties": { "osmid": 146, "y": 54.6993248, "x": 20.5087708 }, "geometry": { "type": "Point", "coordinates": [ 20.5087708, 54.6993248 ] } },
{ "type": "Feature", "properties": { "osmid": 147, "y": 54.6971395, "x": 20.5087539 }, "geometry": { "type": "Point", "coordinates": [ 20.5087539, 54.6971395 ] } },
{ "type": "Feature", "properties": { "osmid": 148, "y": 54.720774, "x": 20.5183718 }, "geometry": { "type": "Point", "coordinates": [ 20.5183718, 54.720774 ] } },
{ "type": "Feature", "properties": { "osmid": 149, "y": 54.7136957, "x": 20.5197756 }, "geometry": { "type": "Point", "coordinates": [ 20.5197756, 54.7136957 ] } },
{ "type": "Feature", "properties": { "osmid": 150, "y": 54.716491, "x": 20.5212886 }, "geometry": { "type": "Point", "coordinates": [ 20.5212886, 54.716491 ] } },
{ "type": "Feature", "properties": { "osmid": 151, "y": 54.7163009, "x": 20.5236331 }, "geometry": { "type": "Point", "coordinates": [ 20.5236331, 54.7163009 ] } },
{ "type": "Feature", "properties": { "osmid": 152, "y": 54.6949921, "x": 20.5065222 }, "geometry": { "type": "Point", "coordinates": [ 20.5065222, 54.6949921 ] } },
{ "type": "Feature", "properties": { "osmid": 153, "y": 54.6958898, "x": 20.5064974 }, "geometry": { "type": "Point", "coordinates": [ 20.5064974, 54.6958898 ] } },
{ "type": "Feature", "properties": { "osmid": 154, "y": 54.7085161, "x": 20.5140085 }, "geometry": { "type": "Point", "coordinates": [ 20.5140085, 54.7085161 ] } },
{ "type": "Feature", "properties": { "osmid": 155, "y": 54.7039152, "x": 20.5379476 }, "geometry": { "type": "Point", "coordinates": [ 20.5379476, 54.7039152 ] } },
{ "type": "Feature", "properties": { "osmid": 156, "y": 54.7068267, "x": 20.5230983 }, "geometry": { "type": "Point", "coordinates": [ 20.5230983, 54.7068267 ] } },
{ "type": "Feature", "properties": { "osmid": 157, "y": 54.7005841, "x": 20.5173739 }, "geometry": { "type": "Point", "coordinates": [ 20.5173739, 54.7005841 ] } },
{ "type": "Feature", "properties": { "osmid": 158, "y": 54.7172793, "x": 20.5056793 }, "geometry": { "type": "Point", "coordinates": [ 20.5056793, 54.7172793 ] } },
{ "type": "Feature", "properties": { "osmid": 159, "y": 54.7153129, "x": 20.510686 }, "geometry": { "type": "Point", "coordinates": [ 20.510686, 54.7153129 ] } },
{ "type": "Feature", "properties": { "osmid": 160, "y": 54.7164764, "x": 20.5101576 }, "geometry": { "type": "Point", "coordinates": [ 20.5101576, 54.7164764 ] } },
{ "type": "Feature", "properties": { "osmid": 161, "y": 54.7182962, "x": 20.5055572 }, "geometry": { "type": "Point", "coordinates": [ 20.5055572, 54.7182962 ] } },
{ "type": "Feature", "properties": { "osmid": 162, "y": 54.7190679, "x": 20.5078923 }, "geometry": { "type": "Point", "coordinates": [ 20.5078923, 54.7190679 ] } },
{ "type": "Feature", "properties": { "osmid": 163, "y": 54.7177484, "x": 20.5080174 }, "geometry": { "type": "Point", "coordinates": [ 20.5080174, 54.7177484 ] } },
{ "type": "Feature", "properties": { "osmid": 164, "y": 54.7177329, "x": 20.5098983 }, "geometry": { "type": "Point", "coordinates": [ 20.5098983, 54.7177329 ] } },
{ "type": "Feature", "properties": { "osmid": 165, "y": 54.7190946, "x": 20.5111824 }, "geometry": { "type": "Point", "coordinates": [ 20.5111824, 54.7190946 ] } },
{ "type": "Feature", "properties": { "osmid": 166, "y": 54.7186925, "x": 20.5133498 }, "geometry": { "type": "Point", "coordinates": [ 20.5133498, 54.7186925 ] } },
{ "type": "Feature", "properties": { "osmid": 167, "y": 54.7148456, "x": 20.5068046 }, "geometry": { "type": "Point", "coordinates": [ 20.5068046, 54.7148456 ] } },
{ "type": "Feature", "properties": { "osmid": 168, "y": 54.7151415, "x": 20.5099761 }, "geometry": { "type": "Point", "coordinates": [ 20.5099761, 54.7151415 ] } },
{ "type": "Feature", "properties": { "osmid": 169, "y": 54.7148364, "x": 20.5101177 }, "geometry": { "type": "Point", "coordinates": [ 20.5101177, 54.7148364 ] } },
{ "type": "Feature", "properties": { "osmid": 170, "y": 54.6972645, "x": 20.515177 }, "geometry": { "type": "Point", "coordinates": [ 20.515177, 54.6972645 ] } },
{ "type": "Feature", "properties": { "osmid": 171, "y": 54.6985509, "x": 20.5154697 }, "geometry": { "type": "Point", "coordinates": [ 20.5154697, 54.6985509 ] } },
{ "type": "Feature", "properties": { "osmid": 172, "y": 54.6971753, "x": 20.5103324 }, "geometry": { "type": "Point", "coordinates": [ 20.5103324, 54.6971753 ] } },
{ "type": "Feature", "properties": { "osmid": 173, "y": 54.6973561, "x": 20.5103403 }, "geometry": { "type": "Point", "coordinates": [ 20.5103403, 54.6973561 ] } },
{ "type": "Feature", "properties": { "osmid": 174, "y": 54.6994309, "x": 20.5103957 }, "geometry": { "type": "Point", "coordinates": [ 20.5103957, 54.6994309 ] } },
{ "type": "Feature", "properties": { "osmid": 175, "y": 54.6984785, "x": 20.5103729 }, "geometry": { "type": "Point", "coordinates": [ 20.5103729, 54.6984785 ] } },
{ "type": "Feature", "properties": { "osmid": 176, "y": 54.6971005, "x": 20.5069001 }, "geometry": { "type": "Point", "coordinates": [ 20.5069001, 54.6971005 ] } },
{ "type": "Feature", "properties": { "osmid": 177, "y": 54.6992241, "x": 20.5069227 }, "geometry": { "type": "Point", "coordinates": [ 20.5069227, 54.6992241 ] } },
{ "type": "Feature", "properties": { "osmid": 178, "y": 54.6978522, "x": 20.5038544 }, "geometry": { "type": "Point", "coordinates": [ 20.5038544, 54.6978522 ] } },
{ "type": "Feature", "properties": { "osmid": 179, "y": 54.6970185, "x": 20.5039562 }, "geometry": { "type": "Point", "coordinates": [ 20.5039562, 54.6970185 ] } },
{ "type": "Feature", "properties": { "osmid": 180, "y": 54.698969, "x": 20.5036685 }, "geometry": { "type": "Point", "coordinates": [ 20.5036685, 54.698969 ] } },
{ "type": "Feature", "properties": { "osmid": 181, "y": 54.7002519, "x": 20.5043951 }, "geometry": { "type": "Point", "coordinates": [ 20.5043951, 54.7002519 ] } },
{ "type": "Feature", "properties": { "osmid": 182, "y": 54.7001121, "x": 20.5094226 }, "geometry": { "type": "Point", "coordinates": [ 20.5094226, 54.7001121 ] } },
{ "type": "Feature", "properties": { "osmid": 183, "y": 54.7015255, "x": 20.5067122 }, "geometry": { "type": "Point", "coordinates": [ 20.5067122, 54.7015255 ] } },
{ "type": "Feature", "properties": { "osmid": 184, "y": 54.7021052, "x": 20.5069878 }, "geometry": { "type": "Point", "coordinates": [ 20.5069878, 54.7021052 ] } },
{ "type": "Feature", "properties": { "osmid": 185, "y": 54.7002242, "x": 20.5094215 }, "geometry": { "type": "Point", "coordinates": [ 20.5094215, 54.7002242 ] } },
{ "type": "Feature", "properties": { "osmid": 186, "y": 54.7002658, "x": 20.5115277 }, "geometry": { "type": "Point", "coordinates": [ 20.5115277, 54.7002658 ] } },
{ "type": "Feature", "properties": { "osmid": 187, "y": 54.7003214, "x": 20.5137576 }, "geometry": { "type": "Point", "coordinates": [ 20.5137576, 54.7003214 ] } },
{ "type": "Feature", "properties": { "osmid": 188, "y": 54.7013209, "x": 20.5115441 }, "geometry": { "type": "Point", "coordinates": [ 20.5115441, 54.7013209 ] } },
{ "type": "Feature", "properties": { "osmid": 189, "y": 54.7023189, "x": 20.5114616 }, "geometry": { "type": "Point", "coordinates": [ 20.5114616, 54.7023189 ] } },
{ "type": "Feature", "properties": { "osmid": 190, "y": 54.710213, "x": 20.5016943 }, "geometry": { "type": "Point", "coordinates": [ 20.5016943, 54.710213 ] } },
{ "type": "Feature", "properties": { "osmid": 191, "y": 54.7100807, "x": 20.501644 }, "geometry": { "type": "Point", "coordinates": [ 20.501644, 54.7100807 ] } },
{ "type": "Feature", "properties": { "osmid": 192, "y": 54.707065, "x": 20.5377642 }, "geometry": { "type": "Point", "coordinates": [ 20.5377642, 54.707065 ] } },
{ "type": "Feature", "properties": { "osmid": 193, "y": 54.7097415, "x": 20.5362899 }, "geometry": { "type": "Point", "coordinates": [ 20.5362899, 54.7097415 ] } },
{ "type": "Feature", "properties": { "osmid": 194, "y": 54.7067981, "x": 20.5398867 }, "geometry": { "type": "Point", "coordinates": [ 20.5398867, 54.7067981 ] } },
{ "type": "Feature", "properties": { "osmid": 195, "y": 54.6948864, "x": 20.5065313 }, "geometry": { "type": "Point", "coordinates": [ 20.5065313, 54.6948864 ] } },
{ "type": "Feature", "properties": { "osmid": 196, "y": 54.6950943, "x": 20.5093314 }, "geometry": { "type": "Point", "coordinates": [ 20.5093314, 54.6950943 ] } },
{ "type": "Feature", "properties": { "osmid": 197, "y": 54.6951257, "x": 20.5102485 }, "geometry": { "type": "Point", "coordinates": [ 20.5102485, 54.6951257 ] } },
{ "type": "Feature", "properties": { "osmid": 198, "y": 54.6950171, "x": 20.510262 }, "geometry": { "type": "Point", "coordinates": [ 20.510262, 54.6950171 ] } },
{ "type": "Feature", "properties": { "osmid": 199, "y": 54.6960906, "x": 20.5046915 }, "geometry": { "type": "Point", "coordinates": [ 20.5046915, 54.6960906 ] } },
{ "type": "Feature", "properties": { "osmid": 200, "y": 54.6970648, "x": 20.5046664 }, "geometry": { "type": "Point", "coordinates": [ 20.5046664, 54.6970648 ] } },
{ "type": "Feature", "properties": { "osmid": 201, "y": 54.6959449, "x": 20.5092681 }, "geometry": { "type": "Point", "coordinates": [ 20.5092681, 54.6959449 ] } },
{ "type": "Feature", "properties": { "osmid": 202, "y": 54.6959697, "x": 20.5101559 }, "geometry": { "type": "Point", "coordinates": [ 20.5101559, 54.6959697 ] } },
{ "type": "Feature", "properties": { "osmid": 203, "y": 54.6952501, "x": 20.5138088 }, "geometry": { "type": "Point", "coordinates": [ 20.5138088, 54.6952501 ] } },
{ "type": "Feature", "properties": { "osmid": 204, "y": 54.6964035, "x": 20.513688 }, "geometry": { "type": "Point", "coordinates": [ 20.513688, 54.6964035 ] } },
{ "type": "Feature", "properties": { "osmid": 205, "y": 54.6984158, "x": 20.5004361 }, "geometry": { "type": "Point", "coordinates": [ 20.5004361, 54.6984158 ] } },
{ "type": "Feature", "properties": { "osmid": 206, "y": 54.7005206, "x": 20.4972652 }, "geometry": { "type": "Point", "coordinates": [ 20.4972652, 54.7005206 ] } },
{ "type": "Feature", "properties": { "osmid": 207, "y": 54.6997259, "x": 20.4956117 }, "geometry": { "type": "Point", "coordinates": [ 20.4956117, 54.6997259 ] } },
{ "type": "Feature", "properties": { "osmid": 208, "y": 54.7050673, "x": 20.4985534 }, "geometry": { "type": "Point", "coordinates": [ 20.4985534, 54.7050673 ] } },
{ "type": "Feature", "properties": { "osmid": 209, "y": 54.7009753, "x": 20.5016793 }, "geometry": { "type": "Point", "coordinates": [ 20.5016793, 54.7009753 ] } },
{ "type": "Feature", "properties": { "osmid": 210, "y": 54.70279, "x": 20.5026239 }, "geometry": { "type": "Point", "coordinates": [ 20.5026239, 54.70279 ] } },
{ "type": "Feature", "properties": { "osmid": 211, "y": 54.7044842, "x": 20.5033743 }, "geometry": { "type": "Point", "coordinates": [ 20.5033743, 54.7044842 ] } },
{ "type": "Feature", "properties": { "osmid": 212, "y": 54.7047315, "x": 20.4895985 }, "geometry": { "type": "Point", "coordinates": [ 20.4895985, 54.7047315 ] } },
{ "type": "Feature", "properties": { "osmid": 213, "y": 54.7048365, "x": 20.4899408 }, "geometry": { "type": "Point", "coordinates": [ 20.4899408, 54.7048365 ] } },
{ "type": "Feature", "properties": { "osmid": 214, "y": 54.7109382, "x": 20.5311966 }, "geometry": { "type": "Point", "coordinates": [ 20.5311966, 54.7109382 ] } },
{ "type": "Feature", "properties": { "osmid": 215, "y": 54.7101099, "x": 20.5315878 }, "geometry": { "type": "Point", "coordinates": [ 20.5315878, 54.7101099 ] } },
{ "type": "Feature", "properties": { "osmid": 216, "y": 54.7104538, "x": 20.5339366 }, "geometry": { "type": "Point", "coordinates": [ 20.5339366, 54.7104538 ] } },
{ "type": "Feature", "properties": { "osmid": 217, "y": 54.7110333, "x": 20.5374021 }, "geometry": { "type": "Point", "coordinates": [ 20.5374021, 54.7110333 ] } },
{ "type": "Feature", "properties": { "osmid": 218, "y": 54.7118277, "x": 20.5371341 }, "geometry": { "type": "Point", "coordinates": [ 20.5371341, 54.7118277 ] } },
{ "type": "Feature", "properties": { "osmid": 219, "y": 54.7122478, "x": 20.5229205 }, "geometry": { "type": "Point", "coordinates": [ 20.5229205, 54.7122478 ] } },
{ "type": "Feature", "properties": { "osmid": 220, "y": 54.7119821, "x": 20.5204948 }, "geometry": { "type": "Point", "coordinates": [ 20.5204948, 54.7119821 ] } },
{ "type": "Feature", "properties": { "osmid": 221, "y": 54.712976, "x": 20.4953135 }, "geometry": { "type": "Point", "coordinates": [ 20.4953135, 54.712976 ] } },
{ "type": "Feature", "properties": { "osmid": 222, "y": 54.7064857, "x": 20.4893877 }, "geometry": { "type": "Point", "coordinates": [ 20.4893877, 54.7064857 ] } },
{ "type": "Feature", "properties": { "osmid": 223, "y": 54.7061934, "x": 20.4892175 }, "geometry": { "type": "Point", "coordinates": [ 20.4892175, 54.7061934 ] } },
{ "type": "Feature", "properties": { "osmid": 224, "y": 54.7019781, "x": 20.4883929 }, "geometry": { "type": "Point", "coordinates": [ 20.4883929, 54.7019781 ] } },
{ "type": "Feature", "properties": { "osmid": 225, "y": 54.7036652, "x": 20.4872655 }, "geometry": { "type": "Point", "coordinates": [ 20.4872655, 54.7036652 ] } },
{ "type": "Feature", "properties": { "osmid": 226, "y": 54.7124573, "x": 20.5244695 }, "geometry": { "type": "Point", "coordinates": [ 20.5244695, 54.7124573 ] } },
{ "type": "Feature", "properties": { "osmid": 227, "y": 54.7161935, "x": 20.5258647 }, "geometry": { "type": "Point", "coordinates": [ 20.5258647, 54.7161935 ] } },
{ "type": "Feature", "properties": { "osmid": 228, "y": 54.7132469, "x": 20.5315501 }, "geometry": { "type": "Point", "coordinates": [ 20.5315501, 54.7132469 ] } },
{ "type": "Feature", "properties": { "osmid": 229, "y": 54.71265, "x": 20.5260915 }, "geometry": { "type": "Point", "coordinates": [ 20.5260915, 54.71265 ] } },
{ "type": "Feature", "properties": { "osmid": 230, "y": 54.7129816, "x": 20.5289905 }, "geometry": { "type": "Point", "coordinates": [ 20.5289905, 54.7129816 ] } },
{ "type": "Feature", "properties": { "osmid": 231, "y": 54.7144472, "x": 20.5300312 }, "geometry": { "type": "Point", "coordinates": [ 20.5300312, 54.7144472 ] } },
{ "type": "Feature", "properties": { "osmid": 232, "y": 54.7142896, "x": 20.5285187 }, "geometry": { "type": "Point", "coordinates": [ 20.5285187, 54.7142896 ] } },
{ "type": "Feature", "properties": { "osmid": 233, "y": 54.7188355, "x": 20.5300491 }, "geometry": { "type": "Point", "coordinates": [ 20.5300491, 54.7188355 ] } },
{ "type": "Feature", "properties": { "osmid": 234, "y": 54.7180791, "x": 20.5384493 }, "geometry": { "type": "Point", "coordinates": [ 20.5384493, 54.7180791 ] } },
{ "type": "Feature", "properties": { "osmid": 235, "y": 54.7173052, "x": 20.5392972 }, "geometry": { "type": "Point", "coordinates": [ 20.5392972, 54.7173052 ] } },
{ "type": "Feature", "properties": { "osmid": 236, "y": 54.7072555, "x": 20.4945043 }, "geometry": { "type": "Point", "coordinates": [ 20.4945043, 54.7072555 ] } },
{ "type": "Feature", "properties": { "osmid": 237, "y": 54.7106522, "x": 20.4954404 }, "geometry": { "type": "Point", "coordinates": [ 20.4954404, 54.7106522 ] } },
{ "type": "Feature", "properties": { "osmid": 238, "y": 54.7096366, "x": 20.495053 }, "geometry": { "type": "Point", "coordinates": [ 20.495053, 54.7096366 ] } },
{ "type": "Feature", "properties": { "osmid": 239, "y": 54.7067242, "x": 20.5014008 }, "geometry": { "type": "Point", "coordinates": [ 20.5014008, 54.7067242 ] } },
{ "type": "Feature", "properties": { "osmid": 240, "y": 54.7068943, "x": 20.4995355 }, "geometry": { "type": "Point", "coordinates": [ 20.4995355, 54.7068943 ] } },
{ "type": "Feature", "properties": { "osmid": 241, "y": 54.709343, "x": 20.5060085 }, "geometry": { "type": "Point", "coordinates": [ 20.5060085, 54.709343 ] } },
{ "type": "Feature", "properties": { "osmid": 242, "y": 54.7096162, "x": 20.507242 }, "geometry": { "type": "Point", "coordinates": [ 20.507242, 54.7096162 ] } },
{ "type": "Feature", "properties": { "osmid": 243, "y": 54.7095316, "x": 20.5065065 }, "geometry": { "type": "Point", "coordinates": [ 20.5065065, 54.7095316 ] } },
{ "type": "Feature", "properties": { "osmid": 244, "y": 54.707965, "x": 20.4997859 }, "geometry": { "type": "Point", "coordinates": [ 20.4997859, 54.707965 ] } },
{ "type": "Feature", "properties": { "osmid": 245, "y": 54.710221, "x": 20.5002007 }, "geometry": { "type": "Point", "coordinates": [ 20.5002007, 54.710221 ] } },
{ "type": "Feature", "properties": { "osmid": 246, "y": 54.7096277, "x": 20.5058194 }, "geometry": { "type": "Point", "coordinates": [ 20.5058194, 54.7096277 ] } },
{ "type": "Feature", "properties": { "osmid": 247, "y": 54.7088205, "x": 20.5107883 }, "geometry": { "type": "Point", "coordinates": [ 20.5107883, 54.7088205 ] } },
{ "type": "Feature", "properties": { "osmid": 248, "y": 54.712499, "x": 20.5185437 }, "geometry": { "type": "Point", "coordinates": [ 20.5185437, 54.712499 ] } },
{ "type": "Feature", "properties": { "osmid": 249, "y": 54.7119939, "x": 20.5184074 }, "geometry": { "type": "Point", "coordinates": [ 20.5184074, 54.7119939 ] } },
{ "type": "Feature", "properties": { "osmid": 250, "y": 54.6955438, "x": 20.4881305 }, "geometry": { "type": "Point", "coordinates": [ 20.4881305, 54.6955438 ] } },
{ "type": "Feature", "properties": { "osmid": 251, "y": 54.6969857, "x": 20.4917183 }, "geometry": { "type": "Point", "coordinates": [ 20.4917183, 54.6969857 ] } },
{ "type": "Feature", "properties": { "osmid": 252, "y": 54.7089954, "x": 20.5108975 }, "geometry": { "type": "Point", "coordinates": [ 20.5108975, 54.7089954 ] } },
{ "type": "Feature", "properties": { "osmid": 253, "y": 54.7087065, "x": 20.5140062 }, "geometry": { "type": "Point", "coordinates": [ 20.5140062, 54.7087065 ] } },
{ "type": "Feature", "properties": { "osmid": 254, "y": 54.6953018, "x": 20.5256957 }, "geometry": { "type": "Point", "coordinates": [ 20.5256957, 54.6953018 ] } },
{ "type": "Feature", "properties": { "osmid": 255, "y": 54.7061824, "x": 20.4885573 }, "geometry": { "type": "Point", "coordinates": [ 20.4885573, 54.7061824 ] } },
{ "type": "Feature", "properties": { "osmid": 256, "y": 54.7201652, "x": 20.4880908 }, "geometry": { "type": "Point", "coordinates": [ 20.4880908, 54.7201652 ] } },
{ "type": "Feature", "properties": { "osmid": 257, "y": 54.7113169, "x": 20.4939504 }, "geometry": { "type": "Point", "coordinates": [ 20.4939504, 54.7113169 ] } },
{ "type": "Feature", "properties": { "osmid": 258, "y": 54.7101337, "x": 20.4926183 }, "geometry": { "type": "Point", "coordinates": [ 20.4926183, 54.7101337 ] } },
{ "type": "Feature", "properties": { "osmid": 259, "y": 54.7099233, "x": 20.4925497 }, "geometry": { "type": "Point", "coordinates": [ 20.4925497, 54.7099233 ] } },
{ "type": "Feature", "properties": { "osmid": 260, "y": 54.7101266, "x": 20.4929074 }, "geometry": { "type": "Point", "coordinates": [ 20.4929074, 54.7101266 ] } },
{ "type": "Feature", "properties": { "osmid": 261, "y": 54.7092715, "x": 20.5240694 }, "geometry": { "type": "Point", "coordinates": [ 20.5240694, 54.7092715 ] } },
{ "type": "Feature", "properties": { "osmid": 262, "y": 54.7112207, "x": 20.5226787 }, "geometry": { "type": "Point", "coordinates": [ 20.5226787, 54.7112207 ] } },
{ "type": "Feature", "properties": { "osmid": 263, "y": 54.7091334, "x": 20.5218878 }, "geometry": { "type": "Point", "coordinates": [ 20.5218878, 54.7091334 ] } },
{ "type": "Feature", "properties": { "osmid": 264, "y": 54.7106836, "x": 20.5224475 }, "geometry": { "type": "Point", "coordinates": [ 20.5224475, 54.7106836 ] } },
{ "type": "Feature", "properties": { "osmid": 265, "y": 54.6983706, "x": 20.4996078 }, "geometry": { "type": "Point", "coordinates": [ 20.4996078, 54.6983706 ] } },
{ "type": "Feature", "properties": { "osmid": 266, "y": 54.710786, "x": 20.5135546 }, "geometry": { "type": "Point", "coordinates": [ 20.5135546, 54.710786 ] } },
{ "type": "Feature", "properties": { "osmid": 267, "y": 54.7109573, "x": 20.5136366 }, "geometry": { "type": "Point", "coordinates": [ 20.5136366, 54.7109573 ] } },
{ "type": "Feature", "properties": { "osmid": 268, "y": 54.7113935, "x": 20.5109344 }, "geometry": { "type": "Point", "coordinates": [ 20.5109344, 54.7113935 ] } },
{ "type": "Feature", "properties": { "osmid": 269, "y": 54.713068, "x": 20.5190862 }, "geometry": { "type": "Point", "coordinates": [ 20.5190862, 54.713068 ] } },
{ "type": "Feature", "properties": { "osmid": 270, "y": 54.7112358, "x": 20.5108595 }, "geometry": { "type": "Point", "coordinates": [ 20.5108595, 54.7112358 ] } },
{ "type": "Feature", "properties": { "osmid": 271, "y": 54.7159828, "x": 20.5021869 }, "geometry": { "type": "Point", "coordinates": [ 20.5021869, 54.7159828 ] } },
{ "type": "Feature", "properties": { "osmid": 272, "y": 54.7161238, "x": 20.5018127 }, "geometry": { "type": "Point", "coordinates": [ 20.5018127, 54.7161238 ] } },
{ "type": "Feature", "properties": { "osmid": 273, "y": 54.7162737, "x": 20.5014149 }, "geometry": { "type": "Point", "coordinates": [ 20.5014149, 54.7162737 ] } },
{ "type": "Feature", "properties": { "osmid": 274, "y": 54.716438, "x": 20.5009807 }, "geometry": { "type": "Point", "coordinates": [ 20.5009807, 54.716438 ] } },
{ "type": "Feature", "properties": { "osmid": 275, "y": 54.6953997, "x": 20.5208397 }, "geometry": { "type": "Point", "coordinates": [ 20.5208397, 54.6953997 ] } },
{ "type": "Feature", "properties": { "osmid": 276, "y": 54.7018898, "x": 20.5228827 }, "geometry": { "type": "Point", "coordinates": [ 20.5228827, 54.7018898 ] } },
{ "type": "Feature", "properties": { "osmid": 277, "y": 54.7036016, "x": 20.5237522 }, "geometry": { "type": "Point", "coordinates": [ 20.5237522, 54.7036016 ] } },
{ "type": "Feature", "properties": { "osmid": 278, "y": 54.7088731, "x": 20.5118355 }, "geometry": { "type": "Point", "coordinates": [ 20.5118355, 54.7088731 ] } },
{ "type": "Feature", "properties": { "osmid": 279, "y": 54.7102455, "x": 20.5088109 }, "geometry": { "type": "Point", "coordinates": [ 20.5088109, 54.7102455 ] } },
{ "type": "Feature", "properties": { "osmid": 280, "y": 54.7101149, "x": 20.5085551 }, "geometry": { "type": "Point", "coordinates": [ 20.5085551, 54.7101149 ] } },
{ "type": "Feature", "properties": { "osmid": 281, "y": 54.7099545, "x": 20.5046324 }, "geometry": { "type": "Point", "coordinates": [ 20.5046324, 54.7099545 ] } },
{ "type": "Feature", "properties": { "osmid": 282, "y": 54.7096703, "x": 20.5083606 }, "geometry": { "type": "Point", "coordinates": [ 20.5083606, 54.7096703 ] } },
{ "type": "Feature", "properties": { "osmid": 283, "y": 54.7080715, "x": 20.4899832 }, "geometry": { "type": "Point", "coordinates": [ 20.4899832, 54.7080715 ] } },
{ "type": "Feature", "properties": { "osmid": 284, "y": 54.7095829, "x": 20.5084991 }, "geometry": { "type": "Point", "coordinates": [ 20.5084991, 54.7095829 ] } },
{ "type": "Feature", "properties": { "osmid": 285, "y": 54.7147415, "x": 20.4896339 }, "geometry": { "type": "Point", "coordinates": [ 20.4896339, 54.7147415 ] } },
{ "type": "Feature", "properties": { "osmid": 286, "y": 54.7158234, "x": 20.4891993 }, "geometry": { "type": "Point", "coordinates": [ 20.4891993, 54.7158234 ] } },
{ "type": "Feature", "properties": { "osmid": 287, "y": 54.6965358, "x": 20.5001386 }, "geometry": { "type": "Point", "coordinates": [ 20.5001386, 54.6965358 ] } },
{ "type": "Feature", "properties": { "osmid": 288, "y": 54.6959169, "x": 20.5216729 }, "geometry": { "type": "Point", "coordinates": [ 20.5216729, 54.6959169 ] } },
{ "type": "Feature", "properties": { "osmid": 289, "y": 54.6961163, "x": 20.5209495 }, "geometry": { "type": "Point", "coordinates": [ 20.5209495, 54.6961163 ] } },
{ "type": "Feature", "properties": { "osmid": 290, "y": 54.6966762, "x": 20.5166015 }, "geometry": { "type": "Point", "coordinates": [ 20.5166015, 54.6966762 ] } },
{ "type": "Feature", "properties": { "osmid": 291, "y": 54.6971877, "x": 20.5175632 }, "geometry": { "type": "Point", "coordinates": [ 20.5175632, 54.6971877 ] } },
{ "type": "Feature", "properties": { "osmid": 292, "y": 54.7079489, "x": 20.5233374 }, "geometry": { "type": "Point", "coordinates": [ 20.5233374, 54.7079489 ] } },
{ "type": "Feature", "properties": { "osmid": 293, "y": 54.7084559, "x": 20.5230223 }, "geometry": { "type": "Point", "coordinates": [ 20.5230223, 54.7084559 ] } },
{ "type": "Feature", "properties": { "osmid": 294, "y": 54.7091084, "x": 20.5242902 }, "geometry": { "type": "Point", "coordinates": [ 20.5242902, 54.7091084 ] } },
{ "type": "Feature", "properties": { "osmid": 295, "y": 54.7089876, "x": 20.5226703 }, "geometry": { "type": "Point", "coordinates": [ 20.5226703, 54.7089876 ] } },
{ "type": "Feature", "properties": { "osmid": 296, "y": 54.7091865, "x": 20.5226373 }, "geometry": { "type": "Point", "coordinates": [ 20.5226373, 54.7091865 ] } },
{ "type": "Feature", "properties": { "osmid": 297, "y": 54.6967997, "x": 20.500914 }, "geometry": { "type": "Point", "coordinates": [ 20.500914, 54.6967997 ] } },
{ "type": "Feature", "properties": { "osmid": 298, "y": 54.6993252, "x": 20.5032725 }, "geometry": { "type": "Point", "coordinates": [ 20.5032725, 54.6993252 ] } },
{ "type": "Feature", "properties": { "osmid": 299, "y": 54.6961159, "x": 20.5064102 }, "geometry": { "type": "Point", "coordinates": [ 20.5064102, 54.6961159 ] } },
{ "type": "Feature", "properties": { "osmid": 300, "y": 54.6971124, "x": 20.5075874 }, "geometry": { "type": "Point", "coordinates": [ 20.5075874, 54.6971124 ] } },
{ "type": "Feature", "properties": { "osmid": 301, "y": 54.6971274, "x": 20.5082349 }, "geometry": { "type": "Point", "coordinates": [ 20.5082349, 54.6971274 ] } },
{ "type": "Feature", "properties": { "osmid": 302, "y": 54.6980586, "x": 20.5060098 }, "geometry": { "type": "Point", "coordinates": [ 20.5060098, 54.6980586 ] } },
{ "type": "Feature", "properties": { "osmid": 303, "y": 54.6986753, "x": 20.5054591 }, "geometry": { "type": "Point", "coordinates": [ 20.5054591, 54.6986753 ] } },
{ "type": "Feature", "properties": { "osmid": 304, "y": 54.7069678, "x": 20.4987075 }, "geometry": { "type": "Point", "coordinates": [ 20.4987075, 54.7069678 ] } },
{ "type": "Feature", "properties": { "osmid": 305, "y": 54.7079155, "x": 20.4985235 }, "geometry": { "type": "Point", "coordinates": [ 20.4985235, 54.7079155 ] } },
{ "type": "Feature", "properties": { "osmid": 306, "y": 54.7080157, "x": 20.4987421 }, "geometry": { "type": "Point", "coordinates": [ 20.4987421, 54.7080157 ] } },
{ "type": "Feature", "properties": { "osmid": 307, "y": 54.6955383, "x": 20.5210804 }, "geometry": { "type": "Point", "coordinates": [ 20.5210804, 54.6955383 ] } },
{ "type": "Feature", "properties": { "osmid": 308, "y": 54.7078922, "x": 20.5231244 }, "geometry": { "type": "Point", "coordinates": [ 20.5231244, 54.7078922 ] } },
{ "type": "Feature", "properties": { "osmid": 309, "y": 54.7084439, "x": 20.5232326 }, "geometry": { "type": "Point", "coordinates": [ 20.5232326, 54.7084439 ] } },
{ "type": "Feature", "properties": { "osmid": 310, "y": 54.7089191, "x": 20.5216815 }, "geometry": { "type": "Point", "coordinates": [ 20.5216815, 54.7089191 ] } },
{ "type": "Feature", "properties": { "osmid": 311, "y": 54.7090317, "x": 20.5232338 }, "geometry": { "type": "Point", "coordinates": [ 20.5232338, 54.7090317 ] } },
{ "type": "Feature", "properties": { "osmid": 312, "y": 54.7092189, "x": 20.5232373 }, "geometry": { "type": "Point", "coordinates": [ 20.5232373, 54.7092189 ] } },
{ "type": "Feature", "properties": { "osmid": 313, "y": 54.7100649, "x": 20.5226148 }, "geometry": { "type": "Point", "coordinates": [ 20.5226148, 54.7100649 ] } },
{ "type": "Feature", "properties": { "osmid": 314, "y": 54.7102786, "x": 20.5228078 }, "geometry": { "type": "Point", "coordinates": [ 20.5228078, 54.7102786 ] } },
{ "type": "Feature", "properties": { "osmid": 315, "y": 54.7097691, "x": 20.5237027 }, "geometry": { "type": "Point", "coordinates": [ 20.5237027, 54.7097691 ] } },
{ "type": "Feature", "properties": { "osmid": 316, "y": 54.7105649, "x": 20.5259179 }, "geometry": { "type": "Point", "coordinates": [ 20.5259179, 54.7105649 ] } },
{ "type": "Feature", "properties": { "osmid": 317, "y": 54.7125107, "x": 20.5036529 }, "geometry": { "type": "Point", "coordinates": [ 20.5036529, 54.7125107 ] } },
{ "type": "Feature", "properties": { "osmid": 318, "y": 54.7129352, "x": 20.5041854 }, "geometry": { "type": "Point", "coordinates": [ 20.5041854, 54.7129352 ] } },
{ "type": "Feature", "properties": { "osmid": 319, "y": 54.712969, "x": 20.5037102 }, "geometry": { "type": "Point", "coordinates": [ 20.5037102, 54.712969 ] } },
{ "type": "Feature", "properties": { "osmid": 320, "y": 54.7133927, "x": 20.5037963 }, "geometry": { "type": "Point", "coordinates": [ 20.5037963, 54.7133927 ] } },
{ "type": "Feature", "properties": { "osmid": 321, "y": 54.6998094, "x": 20.5010349 }, "geometry": { "type": "Point", "coordinates": [ 20.5010349, 54.6998094 ] } },
{ "type": "Feature", "properties": { "osmid": 322, "y": 54.7100386, "x": 20.495213 }, "geometry": { "type": "Point", "coordinates": [ 20.495213, 54.7100386 ] } },
{ "type": "Feature", "properties": { "osmid": 323, "y": 54.7099754, "x": 20.5001352 }, "geometry": { "type": "Point", "coordinates": [ 20.5001352, 54.7099754 ] } },
{ "type": "Feature", "properties": { "osmid": 324, "y": 54.7162124, "x": 20.5025284 }, "geometry": { "type": "Point", "coordinates": [ 20.5025284, 54.7162124 ] } },
{ "type": "Feature", "properties": { "osmid": 325, "y": 54.7161907, "x": 20.5031115 }, "geometry": { "type": "Point", "coordinates": [ 20.5031115, 54.7161907 ] } },
{ "type": "Feature", "properties": { "osmid": 326, "y": 54.7163977, "x": 20.5023123 }, "geometry": { "type": "Point", "coordinates": [ 20.5023123, 54.7163977 ] } },
{ "type": "Feature", "properties": { "osmid": 327, "y": 54.7164672, "x": 20.5027426 }, "geometry": { "type": "Point", "coordinates": [ 20.5027426, 54.7164672 ] } },
{ "type": "Feature", "properties": { "osmid": 328, "y": 54.7116643, "x": 20.5119881 }, "geometry": { "type": "Point", "coordinates": [ 20.5119881, 54.7116643 ] } },
{ "type": "Feature", "properties": { "osmid": 329, "y": 54.7120348, "x": 20.5127354 }, "geometry": { "type": "Point", "coordinates": [ 20.5127354, 54.7120348 ] } },
{ "type": "Feature", "properties": { "osmid": 330, "y": 54.7122168, "x": 20.5122833 }, "geometry": { "type": "Point", "coordinates": [ 20.5122833, 54.7122168 ] } },
{ "type": "Feature", "properties": { "osmid": 331, "y": 54.7127434, "x": 20.5131579 }, "geometry": { "type": "Point", "coordinates": [ 20.5131579, 54.7127434 ] } },
{ "type": "Feature", "properties": { "osmid": 332, "y": 54.7128388, "x": 20.512662 }, "geometry": { "type": "Point", "coordinates": [ 20.512662, 54.7128388 ] } },
{ "type": "Feature", "properties": { "osmid": 333, "y": 54.7131237, "x": 20.5128259 }, "geometry": { "type": "Point", "coordinates": [ 20.5128259, 54.7131237 ] } },
{ "type": "Feature", "properties": { "osmid": 334, "y": 54.7193782, "x": 20.4931331 }, "geometry": { "type": "Point", "coordinates": [ 20.4931331, 54.7193782 ] } },
{ "type": "Feature", "properties": { "osmid": 335, "y": 54.7199331, "x": 20.5078603 }, "geometry": { "type": "Point", "coordinates": [ 20.5078603, 54.7199331 ] } },
{ "type": "Feature", "properties": { "osmid": 336, "y": 54.7107295, "x": 20.5064218 }, "geometry": { "type": "Point", "coordinates": [ 20.5064218, 54.7107295 ] } },
{ "type": "Feature", "properties": { "osmid": 337, "y": 54.7118896, "x": 20.5063019 }, "geometry": { "type": "Point", "coordinates": [ 20.5063019, 54.7118896 ] } },
{ "type": "Feature", "properties": { "osmid": 338, "y": 54.7119588, "x": 20.5062777 }, "geometry": { "type": "Point", "coordinates": [ 20.5062777, 54.7119588 ] } },
{ "type": "Feature", "properties": { "osmid": 339, "y": 54.7121437, "x": 20.5081001 }, "geometry": { "type": "Point", "coordinates": [ 20.5081001, 54.7121437 ] } },
{ "type": "Feature", "properties": { "osmid": 340, "y": 54.7123446, "x": 20.5063029 }, "geometry": { "type": "Point", "coordinates": [ 20.5063029, 54.7123446 ] } },
{ "type": "Feature", "properties": { "osmid": 341, "y": 54.7123423, "x": 20.5067078 }, "geometry": { "type": "Point", "coordinates": [ 20.5067078, 54.7123423 ] } },
{ "type": "Feature", "properties": { "osmid": 342, "y": 54.7128362, "x": 20.5062695 }, "geometry": { "type": "Point", "coordinates": [ 20.5062695, 54.7128362 ] } },
{ "type": "Feature", "properties": { "osmid": 343, "y": 54.7128342, "x": 20.5066369 }, "geometry": { "type": "Point", "coordinates": [ 20.5066369, 54.7128342 ] } },
{ "type": "Feature", "properties": { "osmid": 344, "y": 54.7202358, "x": 20.4990536 }, "geometry": { "type": "Point", "coordinates": [ 20.4990536, 54.7202358 ] } },
{ "type": "Feature", "properties": { "osmid": 345, "y": 54.7104924, "x": 20.5342181 }, "geometry": { "type": "Point", "coordinates": [ 20.5342181, 54.7104924 ] } },
{ "type": "Feature", "properties": { "osmid": 346, "y": 54.7106568, "x": 20.504494 }, "geometry": { "type": "Point", "coordinates": [ 20.504494, 54.7106568 ] } },
{ "type": "Feature", "properties": { "osmid": 347, "y": 54.7107438, "x": 20.5063167 }, "geometry": { "type": "Point", "coordinates": [ 20.5063167, 54.7107438 ] } },
{ "type": "Feature", "properties": { "osmid": 348, "y": 54.7108496, "x": 20.5056531 }, "geometry": { "type": "Point", "coordinates": [ 20.5056531, 54.7108496 ] } },
{ "type": "Feature", "properties": { "osmid": 349, "y": 54.7120266, "x": 20.505945 }, "geometry": { "type": "Point", "coordinates": [ 20.505945, 54.7120266 ] } },
{ "type": "Feature", "properties": { "osmid": 350, "y": 54.695139, "x": 20.5138277 }, "geometry": { "type": "Point", "coordinates": [ 20.5138277, 54.695139 ] } },
{ "type": "Feature", "properties": { "osmid": 351, "y": 54.7141806, "x": 20.5076672 }, "geometry": { "type": "Point", "coordinates": [ 20.5076672, 54.7141806 ] } },
{ "type": "Feature", "properties": { "osmid": 352, "y": 54.7142906, "x": 20.5059297 }, "geometry": { "type": "Point", "coordinates": [ 20.5059297, 54.7142906 ] } },
{ "type": "Feature", "properties": { "osmid": 353, "y": 54.7071435, "x": 20.4968238 }, "geometry": { "type": "Point", "coordinates": [ 20.4968238, 54.7071435 ] } },
{ "type": "Feature", "properties": { "osmid": 354, "y": 54.7073393, "x": 20.4987477 }, "geometry": { "type": "Point", "coordinates": [ 20.4987477, 54.7073393 ] } },
{ "type": "Feature", "properties": { "osmid": 355, "y": 54.7076, "x": 20.4971493 }, "geometry": { "type": "Point", "coordinates": [ 20.4971493, 54.7076 ] } },
{ "type": "Feature", "properties": { "osmid": 356, "y": 54.6958089, "x": 20.502106 }, "geometry": { "type": "Point", "coordinates": [ 20.502106, 54.6958089 ] } },
{ "type": "Feature", "properties": { "osmid": 357, "y": 54.6960322, "x": 20.5016994 }, "geometry": { "type": "Point", "coordinates": [ 20.5016994, 54.6960322 ] } },
{ "type": "Feature", "properties": { "osmid": 358, "y": 54.6962138, "x": 20.5011611 }, "geometry": { "type": "Point", "coordinates": [ 20.5011611, 54.6962138 ] } },
{ "type": "Feature", "properties": { "osmid": 359, "y": 54.6963425, "x": 20.5007723 }, "geometry": { "type": "Point", "coordinates": [ 20.5007723, 54.6963425 ] } },
{ "type": "Feature", "properties": { "osmid": 360, "y": 54.6969452, "x": 20.499213 }, "geometry": { "type": "Point", "coordinates": [ 20.499213, 54.6969452 ] } },
{ "type": "Feature", "properties": { "osmid": 361, "y": 54.697956, "x": 20.5009027 }, "geometry": { "type": "Point", "coordinates": [ 20.5009027, 54.697956 ] } },
{ "type": "Feature", "properties": { "osmid": 362, "y": 54.6982379, "x": 20.5009916 }, "geometry": { "type": "Point", "coordinates": [ 20.5009916, 54.6982379 ] } },
{ "type": "Feature", "properties": { "osmid": 363, "y": 54.6984076, "x": 20.5020993 }, "geometry": { "type": "Point", "coordinates": [ 20.5020993, 54.6984076 ] } },
{ "type": "Feature", "properties": { "osmid": 364, "y": 54.6984463, "x": 20.500881 }, "geometry": { "type": "Point", "coordinates": [ 20.500881, 54.6984463 ] } },
{ "type": "Feature", "properties": { "osmid": 365, "y": 54.6987757, "x": 20.5005621 }, "geometry": { "type": "Point", "coordinates": [ 20.5005621, 54.6987757 ] } },
{ "type": "Feature", "properties": { "osmid": 366, "y": 54.699428, "x": 20.5023909 }, "geometry": { "type": "Point", "coordinates": [ 20.5023909, 54.699428 ] } },
{ "type": "Feature", "properties": { "osmid": 367, "y": 54.7062036, "x": 20.489078 }, "geometry": { "type": "Point", "coordinates": [ 20.489078, 54.7062036 ] } },
{ "type": "Feature", "properties": { "osmid": 368, "y": 54.7189878, "x": 20.5074154 }, "geometry": { "type": "Point", "coordinates": [ 20.5074154, 54.7189878 ] } },
{ "type": "Feature", "properties": { "osmid": 369, "y": 54.7187204, "x": 20.5076498 }, "geometry": { "type": "Point", "coordinates": [ 20.5076498, 54.7187204 ] } },
{ "type": "Feature", "properties": { "osmid": 370, "y": 54.7174793, "x": 20.5066903 }, "geometry": { "type": "Point", "coordinates": [ 20.5066903, 54.7174793 ] } },
{ "type": "Feature", "properties": { "osmid": 371, "y": 54.7132302, "x": 20.4982733 }, "geometry": { "type": "Point", "coordinates": [ 20.4982733, 54.7132302 ] } },
{ "type": "Feature", "properties": { "osmid": 372, "y": 54.7143304, "x": 20.4999521 }, "geometry": { "type": "Point", "coordinates": [ 20.4999521, 54.7143304 ] } },
{ "type": "Feature", "properties": { "osmid": 373, "y": 54.7082531, "x": 20.50271 }, "geometry": { "type": "Point", "coordinates": [ 20.50271, 54.7082531 ] } },
{ "type": "Feature", "properties": { "osmid": 374, "y": 54.708307, "x": 20.5023943 }, "geometry": { "type": "Point", "coordinates": [ 20.5023943, 54.708307 ] } },
{ "type": "Feature", "properties": { "osmid": 375, "y": 54.7084151, "x": 20.5017357 }, "geometry": { "type": "Point", "coordinates": [ 20.5017357, 54.7084151 ] } },
{ "type": "Feature", "properties": { "osmid": 376, "y": 54.7087778, "x": 20.5018827 }, "geometry": { "type": "Point", "coordinates": [ 20.5018827, 54.7087778 ] } },
{ "type": "Feature", "properties": { "osmid": 377, "y": 54.7093859, "x": 20.5019214 }, "geometry": { "type": "Point", "coordinates": [ 20.5019214, 54.7093859 ] } },
{ "type": "Feature", "properties": { "osmid": 378, "y": 54.7095292, "x": 20.499986 }, "geometry": { "type": "Point", "coordinates": [ 20.499986, 54.7095292 ] } },
{ "type": "Feature", "properties": { "osmid": 379, "y": 54.6963131, "x": 20.5210075 }, "geometry": { "type": "Point", "coordinates": [ 20.5210075, 54.6963131 ] } },
{ "type": "Feature", "properties": { "osmid": 380, "y": 54.7119301, "x": 20.5017774 }, "geometry": { "type": "Point", "coordinates": [ 20.5017774, 54.7119301 ] } },
{ "type": "Feature", "properties": { "osmid": 381, "y": 54.7121538, "x": 20.5028867 }, "geometry": { "type": "Point", "coordinates": [ 20.5028867, 54.7121538 ] } },
{ "type": "Feature", "properties": { "osmid": 382, "y": 54.7153269, "x": 20.50276 }, "geometry": { "type": "Point", "coordinates": [ 20.50276, 54.7153269 ] } },
{ "type": "Feature", "properties": { "osmid": 383, "y": 54.7156947, "x": 20.5028231 }, "geometry": { "type": "Point", "coordinates": [ 20.5028231, 54.7156947 ] } },
{ "type": "Feature", "properties": { "osmid": 384, "y": 54.7044582, "x": 20.5121919 }, "geometry": { "type": "Point", "coordinates": [ 20.5121919, 54.7044582 ] } },
{ "type": "Feature", "properties": { "osmid": 385, "y": 54.7046225, "x": 20.5100317 }, "geometry": { "type": "Point", "coordinates": [ 20.5100317, 54.7046225 ] } },
{ "type": "Feature", "properties": { "osmid": 386, "y": 54.7190459, "x": 20.5246453 }, "geometry": { "type": "Point", "coordinates": [ 20.5246453, 54.7190459 ] } },
{ "type": "Feature", "properties": { "osmid": 387, "y": 54.7161807, "x": 20.5023847 }, "geometry": { "type": "Point", "coordinates": [ 20.5023847, 54.7161807 ] } },
{ "type": "Feature", "properties": { "osmid": 388, "y": 54.7090809, "x": 20.5021958 }, "geometry": { "type": "Point", "coordinates": [ 20.5021958, 54.7090809 ] } },
{ "type": "Feature", "properties": { "osmid": 389, "y": 54.6996228, "x": 20.4956407 }, "geometry": { "type": "Point", "coordinates": [ 20.4956407, 54.6996228 ] } },
{ "type": "Feature", "properties": { "osmid": 390, "y": 54.7117929, "x": 20.508791 }, "geometry": { "type": "Point", "coordinates": [ 20.508791, 54.7117929 ] } },
{ "type": "Feature", "properties": { "osmid": 391, "y": 54.7135592, "x": 20.5075843 }, "geometry": { "type": "Point", "coordinates": [ 20.5075843, 54.7135592 ] } },
{ "type": "Feature", "properties": { "osmid": 392, "y": 54.7134889, "x": 20.5080489 }, "geometry": { "type": "Point", "coordinates": [ 20.5080489, 54.7134889 ] } },
{ "type": "Feature", "properties": { "osmid": 393, "y": 54.7198654, "x": 20.4948103 }, "geometry": { "type": "Point", "coordinates": [ 20.4948103, 54.7198654 ] } },
{ "type": "Feature", "properties": { "osmid": 394, "y": 54.7151467, "x": 20.5012547 }, "geometry": { "type": "Point", "coordinates": [ 20.5012547, 54.7151467 ] } },
{ "type": "Feature", "properties": { "osmid": 395, "y": 54.7215993, "x": 20.5126858 }, "geometry": { "type": "Point", "coordinates": [ 20.5126858, 54.7215993 ] } },
{ "type": "Feature", "properties": { "osmid": 396, "y": 54.721922, "x": 20.5142053 }, "geometry": { "type": "Point", "coordinates": [ 20.5142053, 54.721922 ] } },
{ "type": "Feature", "properties": { "osmid": 397, "y": 54.7131829, "x": 20.507775 }, "geometry": { "type": "Point", "coordinates": [ 20.507775, 54.7131829 ] } },
{ "type": "Feature", "properties": { "osmid": 398, "y": 54.7134542, "x": 20.507375 }, "geometry": { "type": "Point", "coordinates": [ 20.507375, 54.7134542 ] } },
{ "type": "Feature", "properties": { "osmid": 399, "y": 54.7135446, "x": 20.5075553 }, "geometry": { "type": "Point", "coordinates": [ 20.5075553, 54.7135446 ] } },
{ "type": "Feature", "properties": { "osmid": 400, "y": 54.7139572, "x": 20.506951 }, "geometry": { "type": "Point", "coordinates": [ 20.506951, 54.7139572 ] } },
{ "type": "Feature", "properties": { "osmid": 401, "y": 54.7218312, "x": 20.5152269 }, "geometry": { "type": "Point", "coordinates": [ 20.5152269, 54.7218312 ] } },
{ "type": "Feature", "properties": { "osmid": 402, "y": 54.7219301, "x": 20.514894 }, "geometry": { "type": "Point", "coordinates": [ 20.514894, 54.7219301 ] } },
{ "type": "Feature", "properties": { "osmid": 403, "y": 54.7158166, "x": 20.5031977 }, "geometry": { "type": "Point", "coordinates": [ 20.5031977, 54.7158166 ] } },
{ "type": "Feature", "properties": { "osmid": 404, "y": 54.6965266, "x": 20.5001653 }, "geometry": { "type": "Point", "coordinates": [ 20.5001653, 54.6965266 ] } },
{ "type": "Feature", "properties": { "osmid": 405, "y": 54.696907, "x": 20.5004843 }, "geometry": { "type": "Point", "coordinates": [ 20.5004843, 54.696907 ] } },
{ "type": "Feature", "properties": { "osmid": 406, "y": 54.704225, "x": 20.5054075 }, "geometry": { "type": "Point", "coordinates": [ 20.5054075, 54.704225 ] } },
{ "type": "Feature", "properties": { "osmid": 407, "y": 54.7121452, "x": 20.5221698 }, "geometry": { "type": "Point", "coordinates": [ 20.5221698, 54.7121452 ] } },
{ "type": "Feature", "properties": { "osmid": 408, "y": 54.7100769, "x": 20.5032711 }, "geometry": { "type": "Point", "coordinates": [ 20.5032711, 54.7100769 ] } },
{ "type": "Feature", "properties": { "osmid": 409, "y": 54.7102366, "x": 20.5014489 }, "geometry": { "type": "Point", "coordinates": [ 20.5014489, 54.7102366 ] } },
{ "type": "Feature", "properties": { "osmid": 410, "y": 54.7106453, "x": 20.5015353 }, "geometry": { "type": "Point", "coordinates": [ 20.5015353, 54.7106453 ] } },
{ "type": "Feature", "properties": { "osmid": 411, "y": 54.7107896, "x": 20.5010244 }, "geometry": { "type": "Point", "coordinates": [ 20.5010244, 54.7107896 ] } },
{ "type": "Feature", "properties": { "osmid": 412, "y": 54.7103317, "x": 20.500463 }, "geometry": { "type": "Point", "coordinates": [ 20.500463, 54.7103317 ] } },
{ "type": "Feature", "properties": { "osmid": 413, "y": 54.7107305, "x": 20.500559 }, "geometry": { "type": "Point", "coordinates": [ 20.500559, 54.7107305 ] } },
{ "type": "Feature", "properties": { "osmid": 414, "y": 54.7104629, "x": 20.5066711 }, "geometry": { "type": "Point", "coordinates": [ 20.5066711, 54.7104629 ] } },
{ "type": "Feature", "properties": { "osmid": 415, "y": 54.7106802, "x": 20.5042505 }, "geometry": { "type": "Point", "coordinates": [ 20.5042505, 54.7106802 ] } },
{ "type": "Feature", "properties": { "osmid": 416, "y": 54.7169894, "x": 20.4927925 }, "geometry": { "type": "Point", "coordinates": [ 20.4927925, 54.7169894 ] } },
{ "type": "Feature", "properties": { "osmid": 417, "y": 54.7170228, "x": 20.4925655 }, "geometry": { "type": "Point", "coordinates": [ 20.4925655, 54.7170228 ] } },
{ "type": "Feature", "properties": { "osmid": 418, "y": 54.7171287, "x": 20.492755 }, "geometry": { "type": "Point", "coordinates": [ 20.492755, 54.7171287 ] } },
{ "type": "Feature", "properties": { "osmid": 419, "y": 54.7097133, "x": 20.5209892 }, "geometry": { "type": "Point", "coordinates": [ 20.5209892, 54.7097133 ] } },
{ "type": "Feature", "properties": { "osmid": 420, "y": 54.7129863, "x": 20.5221041 }, "geometry": { "type": "Point", "coordinates": [ 20.5221041, 54.7129863 ] } },
{ "type": "Feature", "properties": { "osmid": 421, "y": 54.7130892, "x": 20.5219068 }, "geometry": { "type": "Point", "coordinates": [ 20.5219068, 54.7130892 ] } },
{ "type": "Feature", "properties": { "osmid": 422, "y": 54.7131877, "x": 20.5221022 }, "geometry": { "type": "Point", "coordinates": [ 20.5221022, 54.7131877 ] } },
{ "type": "Feature", "properties": { "osmid": 423, "y": 54.7160676, "x": 20.5238938 }, "geometry": { "type": "Point", "coordinates": [ 20.5238938, 54.7160676 ] } },
{ "type": "Feature", "properties": { "osmid": 424, "y": 54.7162223, "x": 20.5249064 }, "geometry": { "type": "Point", "coordinates": [ 20.5249064, 54.7162223 ] } },
{ "type": "Feature", "properties": { "osmid": 425, "y": 54.7162344, "x": 20.5245411 }, "geometry": { "type": "Point", "coordinates": [ 20.5245411, 54.7162344 ] } },
{ "type": "Feature", "properties": { "osmid": 426, "y": 54.7162859, "x": 20.5237964 }, "geometry": { "type": "Point", "coordinates": [ 20.5237964, 54.7162859 ] } },
{ "type": "Feature", "properties": { "osmid": 427, "y": 54.7163545, "x": 20.5242896 }, "geometry": { "type": "Point", "coordinates": [ 20.5242896, 54.7163545 ] } },
{ "type": "Feature", "properties": { "osmid": 428, "y": 54.7163778, "x": 20.5247257 }, "geometry": { "type": "Point", "coordinates": [ 20.5247257, 54.7163778 ] } },
{ "type": "Feature", "properties": { "osmid": 429, "y": 54.7189521, "x": 20.5248986 }, "geometry": { "type": "Point", "coordinates": [ 20.5248986, 54.7189521 ] } },
{ "type": "Feature", "properties": { "osmid": 430, "y": 54.7191721, "x": 20.524886 }, "geometry": { "type": "Point", "coordinates": [ 20.524886, 54.7191721 ] } },
{ "type": "Feature", "properties": { "osmid": 431, "y": 54.7193677, "x": 20.5251572 }, "geometry": { "type": "Point", "coordinates": [ 20.5251572, 54.7193677 ] } },
{ "type": "Feature", "properties": { "osmid": 432, "y": 54.7195032, "x": 20.5254457 }, "geometry": { "type": "Point", "coordinates": [ 20.5254457, 54.7195032 ] } },
{ "type": "Feature", "properties": { "osmid": 433, "y": 54.7208403, "x": 20.5251937 }, "geometry": { "type": "Point", "coordinates": [ 20.5251937, 54.7208403 ] } },
{ "type": "Feature", "properties": { "osmid": 434, "y": 54.72104, "x": 20.5253181 }, "geometry": { "type": "Point", "coordinates": [ 20.5253181, 54.72104 ] } },
{ "type": "Feature", "properties": { "osmid": 435, "y": 54.7211272, "x": 20.5248166 }, "geometry": { "type": "Point", "coordinates": [ 20.5248166, 54.7211272 ] } },
{ "type": "Feature", "properties": { "osmid": 436, "y": 54.7210904, "x": 20.5261465 }, "geometry": { "type": "Point", "coordinates": [ 20.5261465, 54.7210904 ] } },
{ "type": "Feature", "properties": { "osmid": 437, "y": 54.7211344, "x": 20.5256398 }, "geometry": { "type": "Point", "coordinates": [ 20.5256398, 54.7211344 ] } },
{ "type": "Feature", "properties": { "osmid": 438, "y": 54.7213288, "x": 20.5258345 }, "geometry": { "type": "Point", "coordinates": [ 20.5258345, 54.7213288 ] } },
{ "type": "Feature", "properties": { "osmid": 439, "y": 54.7213108, "x": 20.5245739 }, "geometry": { "type": "Point", "coordinates": [ 20.5245739, 54.7213108 ] } },
{ "type": "Feature", "properties": { "osmid": 440, "y": 54.7214391, "x": 20.5239433 }, "geometry": { "type": "Point", "coordinates": [ 20.5239433, 54.7214391 ] } },
{ "type": "Feature", "properties": { "osmid": 441, "y": 54.7215831, "x": 20.5239018 }, "geometry": { "type": "Point", "coordinates": [ 20.5239018, 54.7215831 ] } },
{ "type": "Feature", "properties": { "osmid": 442, "y": 54.7216048, "x": 20.5246475 }, "geometry": { "type": "Point", "coordinates": [ 20.5246475, 54.7216048 ] } },
{ "type": "Feature", "properties": { "osmid": 443, "y": 54.721724, "x": 20.5255564 }, "geometry": { "type": "Point", "coordinates": [ 20.5255564, 54.721724 ] } },
{ "type": "Feature", "properties": { "osmid": 444, "y": 54.7217783, "x": 20.5250788 }, "geometry": { "type": "Point", "coordinates": [ 20.5250788, 54.7217783 ] } },
{ "type": "Feature", "properties": { "osmid": 445, "y": 54.7220713, "x": 20.5253078 }, "geometry": { "type": "Point", "coordinates": [ 20.5253078, 54.7220713 ] } },
{ "type": "Feature", "properties": { "osmid": 446, "y": 54.7155584, "x": 20.5393304 }, "geometry": { "type": "Point", "coordinates": [ 20.5393304, 54.7155584 ] } },
{ "type": "Feature", "properties": { "osmid": 447, "y": 54.7044469, "x": 20.5281069 }, "geometry": { "type": "Point", "coordinates": [ 20.5281069, 54.7044469 ] } },
{ "type": "Feature", "properties": { "osmid": 448, "y": 54.7045951, "x": 20.5281922 }, "geometry": { "type": "Point", "coordinates": [ 20.5281922, 54.7045951 ] } },
{ "type": "Feature", "properties": { "osmid": 449, "y": 54.7046731, "x": 20.5271442 }, "geometry": { "type": "Point", "coordinates": [ 20.5271442, 54.7046731 ] } },
{ "type": "Feature", "properties": { "osmid": 450, "y": 54.7048831, "x": 20.5234001 }, "geometry": { "type": "Point", "coordinates": [ 20.5234001, 54.7048831 ] } },
{ "type": "Feature", "properties": { "osmid": 451, "y": 54.7065394, "x": 20.5236843 }, "geometry": { "type": "Point", "coordinates": [ 20.5236843, 54.7065394 ] } },
{ "type": "Feature", "properties": { "osmid": 452, "y": 54.6989085, "x": 20.5213846 }, "geometry": { "type": "Point", "coordinates": [ 20.5213846, 54.6989085 ] } },
{ "type": "Feature", "properties": { "osmid": 453, "y": 54.6990794, "x": 20.5206566 }, "geometry": { "type": "Point", "coordinates": [ 20.5206566, 54.6990794 ] } },
{ "type": "Feature", "properties": { "osmid": 454, "y": 54.6991788, "x": 20.5210077 }, "geometry": { "type": "Point", "coordinates": [ 20.5210077, 54.6991788 ] } },
{ "type": "Feature", "properties": { "osmid": 455, "y": 54.6992794, "x": 20.5199614 }, "geometry": { "type": "Point", "coordinates": [ 20.5199614, 54.6992794 ] } },
{ "type": "Feature", "properties": { "osmid": 456, "y": 54.7019101, "x": 20.5226582 }, "geometry": { "type": "Point", "coordinates": [ 20.5226582, 54.7019101 ] } },
{ "type": "Feature", "properties": { "osmid": 457, "y": 54.7165879, "x": 20.5377729 }, "geometry": { "type": "Point", "coordinates": [ 20.5377729, 54.7165879 ] } },
{ "type": "Feature", "properties": { "osmid": 458, "y": 54.7208336, "x": 20.5248332 }, "geometry": { "type": "Point", "coordinates": [ 20.5248332, 54.7208336 ] } },
{ "type": "Feature", "properties": { "osmid": 459, "y": 54.7220033, "x": 20.5254648 }, "geometry": { "type": "Point", "coordinates": [ 20.5254648, 54.7220033 ] } },
{ "type": "Feature", "properties": { "osmid": 460, "y": 54.7100589, "x": 20.497507 }, "geometry": { "type": "Point", "coordinates": [ 20.497507, 54.7100589 ] } },
{ "type": "Feature", "properties": { "osmid": 461, "y": 54.7132145, "x": 20.4974111 }, "geometry": { "type": "Point", "coordinates": [ 20.4974111, 54.7132145 ] } },
{ "type": "Feature", "properties": { "osmid": 462, "y": 54.7142305, "x": 20.4972867 }, "geometry": { "type": "Point", "coordinates": [ 20.4972867, 54.7142305 ] } },
{ "type": "Feature", "properties": { "osmid": 463, "y": 54.6946182, "x": 20.4862047 }, "geometry": { "type": "Point", "coordinates": [ 20.4862047, 54.6946182 ] } },
{ "type": "Feature", "properties": { "osmid": 464, "y": 54.694162, "x": 20.487222 }, "geometry": { "type": "Point", "coordinates": [ 20.487222, 54.694162 ] } },
{ "type": "Feature", "properties": { "osmid": 465, "y": 54.6945498, "x": 20.4863804 }, "geometry": { "type": "Point", "coordinates": [ 20.4863804, 54.6945498 ] } },
{ "type": "Feature", "properties": { "osmid": 466, "y": 54.6945547, "x": 20.4866536 }, "geometry": { "type": "Point", "coordinates": [ 20.4866536, 54.6945547 ] } },
{ "type": "Feature", "properties": { "osmid": 467, "y": 54.6947247, "x": 20.4879168 }, "geometry": { "type": "Point", "coordinates": [ 20.4879168, 54.6947247 ] } },
{ "type": "Feature", "properties": { "osmid": 468, "y": 54.6946723, "x": 20.4876794 }, "geometry": { "type": "Point", "coordinates": [ 20.4876794, 54.6946723 ] } },
{ "type": "Feature", "properties": { "osmid": 469, "y": 54.6945964, "x": 20.4877742 }, "geometry": { "type": "Point", "coordinates": [ 20.4877742, 54.6945964 ] } },
{ "type": "Feature", "properties": { "osmid": 470, "y": 54.6946069, "x": 20.4867909 }, "geometry": { "type": "Point", "coordinates": [ 20.4867909, 54.6946069 ] } },
{ "type": "Feature", "properties": { "osmid": 471, "y": 54.6990215, "x": 20.4998055 }, "geometry": { "type": "Point", "coordinates": [ 20.4998055, 54.6990215 ] } },
{ "type": "Feature", "properties": { "osmid": 472, "y": 54.7046024, "x": 20.5189897 }, "geometry": { "type": "Point", "coordinates": [ 20.5189897, 54.7046024 ] } },
{ "type": "Feature", "properties": { "osmid": 473, "y": 54.7050202, "x": 20.5152134 }, "geometry": { "type": "Point", "coordinates": [ 20.5152134, 54.7050202 ] } },
{ "type": "Feature", "properties": { "osmid": 474, "y": 54.702205, "x": 20.5374808 }, "geometry": { "type": "Point", "coordinates": [ 20.5374808, 54.702205 ] } },
{ "type": "Feature", "properties": { "osmid": 475, "y": 54.702911, "x": 20.5354273 }, "geometry": { "type": "Point", "coordinates": [ 20.5354273, 54.702911 ] } },
{ "type": "Feature", "properties": { "osmid": 476, "y": 54.7030939, "x": 20.5356409 }, "geometry": { "type": "Point", "coordinates": [ 20.5356409, 54.7030939 ] } },
{ "type": "Feature", "properties": { "osmid": 477, "y": 54.7032089, "x": 20.534663 }, "geometry": { "type": "Point", "coordinates": [ 20.534663, 54.7032089 ] } },
{ "type": "Feature", "properties": { "osmid": 478, "y": 54.7033918, "x": 20.5348765 }, "geometry": { "type": "Point", "coordinates": [ 20.5348765, 54.7033918 ] } },
{ "type": "Feature", "properties": { "osmid": 479, "y": 54.712181, "x": 20.522501 }, "geometry": { "type": "Point", "coordinates": [ 20.522501, 54.712181 ] } },
{ "type": "Feature", "properties": { "osmid": 480, "y": 54.6959653, "x": 20.49614 }, "geometry": { "type": "Point", "coordinates": [ 20.49614, 54.6959653 ] } },
{ "type": "Feature", "properties": { "osmid": 481, "y": 54.6996006, "x": 20.5130228 }, "geometry": { "type": "Point", "coordinates": [ 20.5130228, 54.6996006 ] } },
{ "type": "Feature", "properties": { "osmid": 482, "y": 54.7144411, "x": 20.5062479 }, "geometry": { "type": "Point", "coordinates": [ 20.5062479, 54.7144411 ] } },
{ "type": "Feature", "properties": { "osmid": 483, "y": 54.714079, "x": 20.5067846 }, "geometry": { "type": "Point", "coordinates": [ 20.5067846, 54.714079 ] } },
{ "type": "Feature", "properties": { "osmid": 484, "y": 54.7049405, "x": 20.4995526 }, "geometry": { "type": "Point", "coordinates": [ 20.4995526, 54.7049405 ] } },
{ "type": "Feature", "properties": { "osmid": 485, "y": 54.7036172, "x": 20.4998092 }, "geometry": { "type": "Point", "coordinates": [ 20.4998092, 54.7036172 ] } },
{ "type": "Feature", "properties": { "osmid": 486, "y": 54.713457, "x": 20.4978798 }, "geometry": { "type": "Point", "coordinates": [ 20.4978798, 54.713457 ] } },
{ "type": "Feature", "properties": { "osmid": 487, "y": 54.7147522, "x": 20.4983812 }, "geometry": { "type": "Point", "coordinates": [ 20.4983812, 54.7147522 ] } },
{ "type": "Feature", "properties": { "osmid": 488, "y": 54.7140582, "x": 20.4981373 }, "geometry": { "type": "Point", "coordinates": [ 20.4981373, 54.7140582 ] } },
{ "type": "Feature", "properties": { "osmid": 489, "y": 54.7145309, "x": 20.4991511 }, "geometry": { "type": "Point", "coordinates": [ 20.4991511, 54.7145309 ] } },
{ "type": "Feature", "properties": { "osmid": 490, "y": 54.71377, "x": 20.4989044 }, "geometry": { "type": "Point", "coordinates": [ 20.4989044, 54.71377 ] } },
{ "type": "Feature", "properties": { "osmid": 491, "y": 54.6969814, "x": 20.5281955 }, "geometry": { "type": "Point", "coordinates": [ 20.5281955, 54.6969814 ] } },
{ "type": "Feature", "properties": { "osmid": 492, "y": 54.6993846, "x": 20.5378277 }, "geometry": { "type": "Point", "coordinates": [ 20.5378277, 54.6993846 ] } },
{ "type": "Feature", "properties": { "osmid": 493, "y": 54.7001322, "x": 20.5355029 }, "geometry": { "type": "Point", "coordinates": [ 20.5355029, 54.7001322 ] } },
{ "type": "Feature", "properties": { "osmid": 494, "y": 54.6981831, "x": 20.5240074 }, "geometry": { "type": "Point", "coordinates": [ 20.5240074, 54.6981831 ] } },
{ "type": "Feature", "properties": { "osmid": 495, "y": 54.7047716, "x": 20.5080533 }, "geometry": { "type": "Point", "coordinates": [ 20.5080533, 54.7047716 ] } },
{ "type": "Feature", "properties": { "osmid": 496, "y": 54.7013279, "x": 20.5366435 }, "geometry": { "type": "Point", "coordinates": [ 20.5366435, 54.7013279 ] } },
{ "type": "Feature", "properties": { "osmid": 497, "y": 54.7003039, "x": 20.5392719 }, "geometry": { "type": "Point", "coordinates": [ 20.5392719, 54.7003039 ] } },
{ "type": "Feature", "properties": { "osmid": 498, "y": 54.7048205, "x": 20.5082956 }, "geometry": { "type": "Point", "coordinates": [ 20.5082956, 54.7048205 ] } },
{ "type": "Feature", "properties": { "osmid": 499, "y": 54.6988842, "x": 20.5069196 }, "geometry": { "type": "Point", "coordinates": [ 20.5069196, 54.6988842 ] } },
{ "type": "Feature", "properties": { "osmid": 500, "y": 54.6980627, "x": 20.5069106 }, "geometry": { "type": "Point", "coordinates": [ 20.5069106, 54.6980627 ] } },
{ "type": "Feature", "properties": { "osmid": 501, "y": 54.6986361, "x": 20.507677 }, "geometry": { "type": "Point", "coordinates": [ 20.507677, 54.6986361 ] } },
{ "type": "Feature", "properties": { "osmid": 502, "y": 54.6986393, "x": 20.5081523 }, "geometry": { "type": "Point", "coordinates": [ 20.5081523, 54.6986393 ] } },
{ "type": "Feature", "properties": { "osmid": 503, "y": 54.7157171, "x": 20.5316368 }, "geometry": { "type": "Point", "coordinates": [ 20.5316368, 54.7157171 ] } },
{ "type": "Feature", "properties": { "osmid": 504, "y": 54.7157528, "x": 20.5367249 }, "geometry": { "type": "Point", "coordinates": [ 20.5367249, 54.7157528 ] } },
{ "type": "Feature", "properties": { "osmid": 505, "y": 54.6962819, "x": 20.4962772 }, "geometry": { "type": "Point", "coordinates": [ 20.4962772, 54.6962819 ] } },
{ "type": "Feature", "properties": { "osmid": 506, "y": 54.7176195, "x": 20.5073815 }, "geometry": { "type": "Point", "coordinates": [ 20.5073815, 54.7176195 ] } },
{ "type": "Feature", "properties": { "osmid": 507, "y": 54.6969347, "x": 20.4938514 }, "geometry": { "type": "Point", "coordinates": [ 20.4938514, 54.6969347 ] } },
{ "type": "Feature", "properties": { "osmid": 508, "y": 54.6974394, "x": 20.4949161 }, "geometry": { "type": "Point", "coordinates": [ 20.4949161, 54.6974394 ] } },
{ "type": "Feature", "properties": { "osmid": 509, "y": 54.6988081, "x": 20.5028182 }, "geometry": { "type": "Point", "coordinates": [ 20.5028182, 54.6988081 ] } },
{ "type": "Feature", "properties": { "osmid": 510, "y": 54.6986762, "x": 20.5028299 }, "geometry": { "type": "Point", "coordinates": [ 20.5028299, 54.6986762 ] } },
{ "type": "Feature", "properties": { "osmid": 511, "y": 54.6957952, "x": 20.5387968 }, "geometry": { "type": "Point", "coordinates": [ 20.5387968, 54.6957952 ] } },
{ "type": "Feature", "properties": { "osmid": 512, "y": 54.7130013, "x": 20.5125026 }, "geometry": { "type": "Point", "coordinates": [ 20.5125026, 54.7130013 ] } },
{ "type": "Feature", "properties": { "osmid": 513, "y": 54.7127617, "x": 20.5123766 }, "geometry": { "type": "Point", "coordinates": [ 20.5123766, 54.7127617 ] } },
{ "type": "Feature", "properties": { "osmid": 514, "y": 54.7128792, "x": 20.5124384 }, "geometry": { "type": "Point", "coordinates": [ 20.5124384, 54.7128792 ] } },
{ "type": "Feature", "properties": { "osmid": 515, "y": 54.711982, "x": 20.508907 }, "geometry": { "type": "Point", "coordinates": [ 20.508907, 54.711982 ] } },
{ "type": "Feature", "properties": { "osmid": 516, "y": 54.7160307, "x": 20.5029919 }, "geometry": { "type": "Point", "coordinates": [ 20.5029919, 54.7160307 ] } },
{ "type": "Feature", "properties": { "osmid": 517, "y": 54.7006482, "x": 20.5037111 }, "geometry": { "type": "Point", "coordinates": [ 20.5037111, 54.7006482 ] } },
{ "type": "Feature", "properties": { "osmid": 518, "y": 54.7116968, "x": 20.5089051 }, "geometry": { "type": "Point", "coordinates": [ 20.5089051, 54.7116968 ] } },
{ "type": "Feature", "properties": { "osmid": 519, "y": 54.7150673, "x": 20.5041166 }, "geometry": { "type": "Point", "coordinates": [ 20.5041166, 54.7150673 ] } },
{ "type": "Feature", "properties": { "osmid": 520, "y": 54.7024289, "x": 20.5047392 }, "geometry": { "type": "Point", "coordinates": [ 20.5047392, 54.7024289 ] } },
{ "type": "Feature", "properties": { "osmid": 521, "y": 54.7043823, "x": 20.5057378 }, "geometry": { "type": "Point", "coordinates": [ 20.5057378, 54.7043823 ] } },
{ "type": "Feature", "properties": { "osmid": 522, "y": 54.7130682, "x": 20.507014 }, "geometry": { "type": "Point", "coordinates": [ 20.507014, 54.7130682 ] } },
{ "type": "Feature", "properties": { "osmid": 523, "y": 54.7115357, "x": 20.5089995 }, "geometry": { "type": "Point", "coordinates": [ 20.5089995, 54.7115357 ] } },
{ "type": "Feature", "properties": { "osmid": 524, "y": 54.7040734, "x": 20.5055784 }, "geometry": { "type": "Point", "coordinates": [ 20.5055784, 54.7040734 ] } },
{ "type": "Feature", "properties": { "osmid": 525, "y": 54.7132727, "x": 20.5067252 }, "geometry": { "type": "Point", "coordinates": [ 20.5067252, 54.7132727 ] } },
{ "type": "Feature", "properties": { "osmid": 526, "y": 54.716252, "x": 20.5028588 }, "geometry": { "type": "Point", "coordinates": [ 20.5028588, 54.716252 ] } },
{ "type": "Feature", "properties": { "osmid": 527, "y": 54.7161626, "x": 20.5029148 }, "geometry": { "type": "Point", "coordinates": [ 20.5029148, 54.7161626 ] } },
{ "type": "Feature", "properties": { "osmid": 528, "y": 54.7116186, "x": 20.5090503 }, "geometry": { "type": "Point", "coordinates": [ 20.5090503, 54.7116186 ] } },
{ "type": "Feature", "properties": { "osmid": 529, "y": 54.7115332, "x": 20.5092747 }, "geometry": { "type": "Point", "coordinates": [ 20.5092747, 54.7115332 ] } },
{ "type": "Feature", "properties": { "osmid": 530, "y": 54.7194638, "x": 20.5054041 }, "geometry": { "type": "Point", "coordinates": [ 20.5054041, 54.7194638 ] } },
{ "type": "Feature", "properties": { "osmid": 531, "y": 54.720391, "x": 20.5141376 }, "geometry": { "type": "Point", "coordinates": [ 20.5141376, 54.720391 ] } },
{ "type": "Feature", "properties": { "osmid": 532, "y": 54.719835, "x": 20.5079026 }, "geometry": { "type": "Point", "coordinates": [ 20.5079026, 54.719835 ] } },
{ "type": "Feature", "properties": { "osmid": 533, "y": 54.7214846, "x": 20.5236246 }, "geometry": { "type": "Point", "coordinates": [ 20.5236246, 54.7214846 ] } },
{ "type": "Feature", "properties": { "osmid": 534, "y": 54.7206754, "x": 20.5183764 }, "geometry": { "type": "Point", "coordinates": [ 20.5183764, 54.7206754 ] } },
{ "type": "Feature", "properties": { "osmid": 535, "y": 54.7186991, "x": 20.5015522 }, "geometry": { "type": "Point", "coordinates": [ 20.5015522, 54.7186991 ] } },
{ "type": "Feature", "properties": { "osmid": 536, "y": 54.7188036, "x": 20.501476 }, "geometry": { "type": "Point", "coordinates": [ 20.501476, 54.7188036 ] } },
{ "type": "Feature", "properties": { "osmid": 537, "y": 54.7187542, "x": 20.5017618 }, "geometry": { "type": "Point", "coordinates": [ 20.5017618, 54.7187542 ] } },
{ "type": "Feature", "properties": { "osmid": 538, "y": 54.7197921, "x": 20.5001109 }, "geometry": { "type": "Point", "coordinates": [ 20.5001109, 54.7197921 ] } },
{ "type": "Feature", "properties": { "osmid": 539, "y": 54.7202171, "x": 20.4984665 }, "geometry": { "type": "Point", "coordinates": [ 20.4984665, 54.7202171 ] } },
{ "type": "Feature", "properties": { "osmid": 540, "y": 54.719818, "x": 20.5077852 }, "geometry": { "type": "Point", "coordinates": [ 20.5077852, 54.719818 ] } },
{ "type": "Feature", "properties": { "osmid": 541, "y": 54.7199183, "x": 20.5077401 }, "geometry": { "type": "Point", "coordinates": [ 20.5077401, 54.7199183 ] } },
{ "type": "Feature", "properties": { "osmid": 542, "y": 54.7209207, "x": 20.507397 }, "geometry": { "type": "Point", "coordinates": [ 20.507397, 54.7209207 ] } },
{ "type": "Feature", "properties": { "osmid": 543, "y": 54.7195245, "x": 20.4934844 }, "geometry": { "type": "Point", "coordinates": [ 20.4934844, 54.7195245 ] } },
{ "type": "Feature", "properties": { "osmid": 544, "y": 54.7200756, "x": 20.4979719 }, "geometry": { "type": "Point", "coordinates": [ 20.4979719, 54.7200756 ] } },
{ "type": "Feature", "properties": { "osmid": 545, "y": 54.7199443, "x": 20.4948042 }, "geometry": { "type": "Point", "coordinates": [ 20.4948042, 54.7199443 ] } },
{ "type": "Feature", "properties": { "osmid": 546, "y": 54.7191489, "x": 20.4928375 }, "geometry": { "type": "Point", "coordinates": [ 20.4928375, 54.7191489 ] } },
{ "type": "Feature", "properties": { "osmid": 547, "y": 54.7199667, "x": 20.4866831 }, "geometry": { "type": "Point", "coordinates": [ 20.4866831, 54.7199667 ] } },
{ "type": "Feature", "properties": { "osmid": 548, "y": 54.7199021, "x": 20.4943973 }, "geometry": { "type": "Point", "coordinates": [ 20.4943973, 54.7199021 ] } },
{ "type": "Feature", "properties": { "osmid": 549, "y": 54.7191267, "x": 20.4925852 }, "geometry": { "type": "Point", "coordinates": [ 20.4925852, 54.7191267 ] } },
{ "type": "Feature", "properties": { "osmid": 550, "y": 54.7200809, "x": 20.487595 }, "geometry": { "type": "Point", "coordinates": [ 20.487595, 54.7200809 ] } },
{ "type": "Feature", "properties": { "osmid": 551, "y": 54.718962, "x": 20.4932324 }, "geometry": { "type": "Point", "coordinates": [ 20.4932324, 54.718962 ] } },
{ "type": "Feature", "properties": { "osmid": 552, "y": 54.7180413, "x": 20.4971534 }, "geometry": { "type": "Point", "coordinates": [ 20.4971534, 54.7180413 ] } },
{ "type": "Feature", "properties": { "osmid": 553, "y": 54.7170764, "x": 20.5003098 }, "geometry": { "type": "Point", "coordinates": [ 20.5003098, 54.7170764 ] } },
{ "type": "Feature", "properties": { "osmid": 554, "y": 54.7188912, "x": 20.4935036 }, "geometry": { "type": "Point", "coordinates": [ 20.4935036, 54.7188912 ] } },
{ "type": "Feature", "properties": { "osmid": 555, "y": 54.7186125, "x": 20.494818 }, "geometry": { "type": "Point", "coordinates": [ 20.494818, 54.7186125 ] } },
{ "type": "Feature", "properties": { "osmid": 556, "y": 54.6957469, "x": 20.5219864 }, "geometry": { "type": "Point", "coordinates": [ 20.5219864, 54.6957469 ] } },
{ "type": "Feature", "properties": { "osmid": 557, "y": 54.6963035, "x": 20.4987861 }, "geometry": { "type": "Point", "coordinates": [ 20.4987861, 54.6963035 ] } },
{ "type": "Feature", "properties": { "osmid": 558, "y": 54.6948886, "x": 20.5030134 }, "geometry": { "type": "Point", "coordinates": [ 20.5030134, 54.6948886 ] } },
{ "type": "Feature", "properties": { "osmid": 559, "y": 54.6958245, "x": 20.5001727 }, "geometry": { "type": "Point", "coordinates": [ 20.5001727, 54.6958245 ] } },
{ "type": "Feature", "properties": { "osmid": 560, "y": 54.6953226, "x": 20.5016141 }, "geometry": { "type": "Point", "coordinates": [ 20.5016141, 54.6953226 ] } },
{ "type": "Feature", "properties": { "osmid": 561, "y": 54.6969922, "x": 20.4939849 }, "geometry": { "type": "Point", "coordinates": [ 20.4939849, 54.6969922 ] } },
{ "type": "Feature", "properties": { "osmid": 562, "y": 54.698399, "x": 20.517212 }, "geometry": { "type": "Point", "coordinates": [ 20.517212, 54.698399 ] } },
{ "type": "Feature", "properties": { "osmid": 563, "y": 54.6984923, "x": 20.50045 }, "geometry": { "type": "Point", "coordinates": [ 20.50045, 54.6984923 ] } },
{ "type": "Feature", "properties": { "osmid": 564, "y": 54.6996475, "x": 20.5138713 }, "geometry": { "type": "Point", "coordinates": [ 20.5138713, 54.6996475 ] } },
{ "type": "Feature", "properties": { "osmid": 565, "y": 54.6993866, "x": 20.5087703 }, "geometry": { "type": "Point", "coordinates": [ 20.5087703, 54.6993866 ] } },
{ "type": "Feature", "properties": { "osmid": 566, "y": 54.6992824, "x": 20.5069175 }, "geometry": { "type": "Point", "coordinates": [ 20.5069175, 54.6992824 ] } },
{ "type": "Feature", "properties": { "osmid": 567, "y": 54.6994258, "x": 20.5095009 }, "geometry": { "type": "Point", "coordinates": [ 20.5095009, 54.6994258 ] } },
{ "type": "Feature", "properties": { "osmid": 568, "y": 54.6988986, "x": 20.5028308 }, "geometry": { "type": "Point", "coordinates": [ 20.5028308, 54.6988986 ] } },
{ "type": "Feature", "properties": { "osmid": 569, "y": 54.699084, "x": 20.503764 }, "geometry": { "type": "Point", "coordinates": [ 20.503764, 54.699084 ] } },
{ "type": "Feature", "properties": { "osmid": 570, "y": 54.698974, "x": 20.5031723 }, "geometry": { "type": "Point", "coordinates": [ 20.5031723, 54.698974 ] } },
{ "type": "Feature", "properties": { "osmid": 571, "y": 54.6984181, "x": 20.4995974 }, "geometry": { "type": "Point", "coordinates": [ 20.4995974, 54.6984181 ] } },
{ "type": "Feature", "properties": { "osmid": 572, "y": 54.6996471, "x": 20.513029 }, "geometry": { "type": "Point", "coordinates": [ 20.513029, 54.6996471 ] } },
{ "type": "Feature", "properties": { "osmid": 573, "y": 54.6992513, "x": 20.5059117 }, "geometry": { "type": "Point", "coordinates": [ 20.5059117, 54.6992513 ] } },
{ "type": "Feature", "properties": { "osmid": 574, "y": 54.6983462, "x": 20.5170481 }, "geometry": { "type": "Point", "coordinates": [ 20.5170481, 54.6983462 ] } },
{ "type": "Feature", "properties": { "osmid": 575, "y": 54.7006199, "x": 20.5174943 }, "geometry": { "type": "Point", "coordinates": [ 20.5174943, 54.7006199 ] } },
{ "type": "Feature", "properties": { "osmid": 576, "y": 54.7065717, "x": 20.5145408 }, "geometry": { "type": "Point", "coordinates": [ 20.5145408, 54.7065717 ] } },
{ "type": "Feature", "properties": { "osmid": 577, "y": 54.6998329, "x": 20.5181945 }, "geometry": { "type": "Point", "coordinates": [ 20.5181945, 54.6998329 ] } },
{ "type": "Feature", "properties": { "osmid": 578, "y": 54.6984678, "x": 20.517135 }, "geometry": { "type": "Point", "coordinates": [ 20.517135, 54.6984678 ] } },
{ "type": "Feature", "properties": { "osmid": 579, "y": 54.7050523, "x": 20.5153429 }, "geometry": { "type": "Point", "coordinates": [ 20.5153429, 54.7050523 ] } },
{ "type": "Feature", "properties": { "osmid": 580, "y": 54.7042385, "x": 20.5160363 }, "geometry": { "type": "Point", "coordinates": [ 20.5160363, 54.7042385 ] } },
{ "type": "Feature", "properties": { "osmid": 581, "y": 54.6998644, "x": 20.5180709 }, "geometry": { "type": "Point", "coordinates": [ 20.5180709, 54.6998644 ] } },
{ "type": "Feature", "properties": { "osmid": 582, "y": 54.7057853, "x": 20.5145885 }, "geometry": { "type": "Point", "coordinates": [ 20.5145885, 54.7057853 ] } },
{ "type": "Feature", "properties": { "osmid": 583, "y": 54.7065676, "x": 20.5144305 }, "geometry": { "type": "Point", "coordinates": [ 20.5144305, 54.7065676 ] } },
{ "type": "Feature", "properties": { "osmid": 584, "y": 54.7201076, "x": 20.4984799 }, "geometry": { "type": "Point", "coordinates": [ 20.4984799, 54.7201076 ] } },
{ "type": "Feature", "properties": { "osmid": 585, "y": 54.7096934, "x": 20.5378214 }, "geometry": { "type": "Point", "coordinates": [ 20.5378214, 54.7096934 ] } },
{ "type": "Feature", "properties": { "osmid": 586, "y": 54.7097763, "x": 20.537773 }, "geometry": { "type": "Point", "coordinates": [ 20.537773, 54.7097763 ] } },
{ "type": "Feature", "properties": { "osmid": 587, "y": 54.7072011, "x": 20.4959278 }, "geometry": { "type": "Point", "coordinates": [ 20.4959278, 54.7072011 ] } },
{ "type": "Feature", "properties": { "osmid": 588, "y": 54.7073244, "x": 20.495998 }, "geometry": { "type": "Point", "coordinates": [ 20.495998, 54.7073244 ] } },
{ "type": "Feature", "properties": { "osmid": 589, "y": 54.7074674, "x": 20.4956802 }, "geometry": { "type": "Point", "coordinates": [ 20.4956802, 54.7074674 ] } },
{ "type": "Feature", "properties": { "osmid": 590, "y": 54.7074927, "x": 20.4961404 }, "geometry": { "type": "Point", "coordinates": [ 20.4961404, 54.7074927 ] } },
{ "type": "Feature", "properties": { "osmid": 591, "y": 54.7083439, "x": 20.4971442 }, "geometry": { "type": "Point", "coordinates": [ 20.4971442, 54.7083439 ] } },
{ "type": "Feature", "properties": { "osmid": 592, "y": 54.7085287, "x": 20.4969975 }, "geometry": { "type": "Point", "coordinates": [ 20.4969975, 54.7085287 ] } },
{ "type": "Feature", "properties": { "osmid": 593, "y": 54.7084346, "x": 20.4995081 }, "geometry": { "type": "Point", "coordinates": [ 20.4995081, 54.7084346 ] } },
{ "type": "Feature", "properties": { "osmid": 594, "y": 54.7192484, "x": 20.493111 }, "geometry": { "type": "Point", "coordinates": [ 20.493111, 54.7192484 ] } },
{ "type": "Feature", "properties": { "osmid": 595, "y": 54.7190602, "x": 20.4931761 }, "geometry": { "type": "Point", "coordinates": [ 20.4931761, 54.7190602 ] } },
{ "type": "Feature", "properties": { "osmid": 596, "y": 54.7155609, "x": 20.5134619 }, "geometry": { "type": "Point", "coordinates": [ 20.5134619, 54.7155609 ] } },
{ "type": "Feature", "properties": { "osmid": 597, "y": 54.6977144, "x": 20.5038543 }, "geometry": { "type": "Point", "coordinates": [ 20.5038543, 54.6977144 ] } },
{ "type": "Feature", "properties": { "osmid": 598, "y": 54.6969132, "x": 20.5003944 }, "geometry": { "type": "Point", "coordinates": [ 20.5003944, 54.6969132 ] } },
{ "type": "Feature", "properties": { "osmid": 599, "y": 54.6978729, "x": 20.5151874 }, "geometry": { "type": "Point", "coordinates": [ 20.5151874, 54.6978729 ] } },
{ "type": "Feature", "properties": { "osmid": 600, "y": 54.697748, "x": 20.5151809 }, "geometry": { "type": "Point", "coordinates": [ 20.5151809, 54.697748 ] } },
{ "type": "Feature", "properties": { "osmid": 601, "y": 54.7107964, "x": 20.5257765 }, "geometry": { "type": "Point", "coordinates": [ 20.5257765, 54.7107964 ] } },
{ "type": "Feature", "properties": { "osmid": 602, "y": 54.7103294, "x": 20.5243721 }, "geometry": { "type": "Point", "coordinates": [ 20.5243721, 54.7103294 ] } },
{ "type": "Feature", "properties": { "osmid": 603, "y": 54.7133563, "x": 20.4937756 }, "geometry": { "type": "Point", "coordinates": [ 20.4937756, 54.7133563 ] } },
{ "type": "Feature", "properties": { "osmid": 604, "y": 54.7134644, "x": 20.4937412 }, "geometry": { "type": "Point", "coordinates": [ 20.4937412, 54.7134644 ] } },
{ "type": "Feature", "properties": { "osmid": 605, "y": 54.7133828, "x": 20.4942935 }, "geometry": { "type": "Point", "coordinates": [ 20.4942935, 54.7133828 ] } },
{ "type": "Feature", "properties": { "osmid": 606, "y": 54.7141005, "x": 20.4936374 }, "geometry": { "type": "Point", "coordinates": [ 20.4936374, 54.7141005 ] } },
{ "type": "Feature", "properties": { "osmid": 607, "y": 54.7132955, "x": 20.4925523 }, "geometry": { "type": "Point", "coordinates": [ 20.4925523, 54.7132955 ] } },
{ "type": "Feature", "properties": { "osmid": 608, "y": 54.713249, "x": 20.4930599 }, "geometry": { "type": "Point", "coordinates": [ 20.4930599, 54.713249 ] } },
{ "type": "Feature", "properties": { "osmid": 609, "y": 54.6958706, "x": 20.500033 }, "geometry": { "type": "Point", "coordinates": [ 20.500033, 54.6958706 ] } },
{ "type": "Feature", "properties": { "osmid": 610, "y": 54.6971883, "x": 20.4936682 }, "geometry": { "type": "Point", "coordinates": [ 20.4936682, 54.6971883 ] } },
{ "type": "Feature", "properties": { "osmid": 611, "y": 54.7203353, "x": 20.5129212 }, "geometry": { "type": "Point", "coordinates": [ 20.5129212, 54.7203353 ] } },
{ "type": "Feature", "properties": { "osmid": 612, "y": 54.7204628, "x": 20.5129083 }, "geometry": { "type": "Point", "coordinates": [ 20.5129083, 54.7204628 ] } },
{ "type": "Feature", "properties": { "osmid": 613, "y": 54.7140059, "x": 20.4941247 }, "geometry": { "type": "Point", "coordinates": [ 20.4941247, 54.7140059 ] } },
{ "type": "Feature", "properties": { "osmid": 614, "y": 54.7133587, "x": 20.5069168 }, "geometry": { "type": "Point", "coordinates": [ 20.5069168, 54.7133587 ] } },
{ "type": "Feature", "properties": { "osmid": 615, "y": 54.7217178, "x": 20.5146613 }, "geometry": { "type": "Point", "coordinates": [ 20.5146613, 54.7217178 ] } },
{ "type": "Feature", "properties": { "osmid": 616, "y": 54.7005568, "x": 20.4977361 }, "geometry": { "type": "Point", "coordinates": [ 20.4977361, 54.7005568 ] } },
{ "type": "Feature", "properties": { "osmid": 617, "y": 54.7108783, "x": 20.5020855 }, "geometry": { "type": "Point", "coordinates": [ 20.5020855, 54.7108783 ] } },
{ "type": "Feature", "properties": { "osmid": 618, "y": 54.7124736, "x": 20.4909277 }, "geometry": { "type": "Point", "coordinates": [ 20.4909277, 54.7124736 ] } },
{ "type": "Feature", "properties": { "osmid": 619, "y": 54.7124026, "x": 20.4908995 }, "geometry": { "type": "Point", "coordinates": [ 20.4908995, 54.7124026 ] } },
{ "type": "Feature", "properties": { "osmid": 620, "y": 54.7135646, "x": 20.4869778 }, "geometry": { "type": "Point", "coordinates": [ 20.4869778, 54.7135646 ] } },
{ "type": "Feature", "properties": { "osmid": 621, "y": 54.7190106, "x": 20.4949449 }, "geometry": { "type": "Point", "coordinates": [ 20.4949449, 54.7190106 ] } },
{ "type": "Feature", "properties": { "osmid": 622, "y": 54.7166299, "x": 20.5012166 }, "geometry": { "type": "Point", "coordinates": [ 20.5012166, 54.7166299 ] } },
{ "type": "Feature", "properties": { "osmid": 623, "y": 54.7219908, "x": 20.5147867 }, "geometry": { "type": "Point", "coordinates": [ 20.5147867, 54.7219908 ] } }
]
}
