{
"type": "FeatureCollection",
"name": "kaliningrad_edges",
"crs": { "type": "name", "properties": { "name": "urn:ogc:def:crs:OGC:1.3:CRS84" } },
"features": [
{ "type": "Feature", "properties": { "u": 0, "v": 515, "key": 0, "oneway": "True", "highway": "primary", "name": "Ленинский проспект", "maxspeed": "RU:urban", "lanes": "3", "osmid": [ 287846920, 286877295 ] }, "geometry": { "type": "LineString", "coordinates": [ [ 20.5092469, 54.7116946 ], [ 20.5090709, 54.7118505 ], [ 20.508907, 54.711982 ] ] } },
{ "type": "Feature", "properties": { "u": 0, "v": 528, "key": 0, "oneway": "True", "highway": "secondary", "name": "улица Шевченко", "maxspeed": "RU:urban", "lanes": "2", "osmid": "980011185" }, "geometry": { "type": "LineString", "coordinates": [ [ 20.5092469, 54.7116946 ], [ 20.5092043, 54.7116912 ], [ 20.5091464, 54.711681 ], [ 20.5090845, 54.7116542 ], [ 20.5090653, 54.7116379 ], [ 20.5090503, 54.7116186 ] ] } },
{ "type": "Feature", "properties": { "u": 1, "v": 341, "key": 0, "oneway": "False", "highway": "tertiary", "name": "Житомирская улица", "maxspeed": "RU:urban", "lanes": "2", "osmid": "211044265" }, "geometry": { "type": "LineString", "coordinates": [ [ 20.5067379, 54.7121204 ], [ 20.5067078, 54.7123423 ] ] } },
{ "type": "Feature", "properties": { "u": 1, "v": 339, "key": 0, "oneway": "False", "highway": "living_street", "name": "", "maxspeed": "RU:living_street", "lanes": "", "osmid": "166105016" }, "geometry": { "type": "LineString", "coordinates": [ [ 20.5067379, 54.7121204 ], [ 20.5068788, 54.7121252 ], [ 20.5075578, 54.7121382 ], [ 20.5081001, 54.7121437 ] ] } },
{ "type": "Feature", "properties": { "u": 1, "v": 73, "key": 0, "oneway": "False", "highway": "tertiary", "name": "Житомирская улица", "maxspeed": "RU:urban", "lanes": "2", "osmid": [ 211044265, 1372756625, 1372756623 ] }, "geometry": { "type": "LineString", "coordinates": [ [ 20.5067379, 54.7121204 ], [ 20.5067431, 54.7120606 ], [ 20.5067513, 54.711966 ], [ 20.5067563, 54.7119086 ], [ 20.506761, 54.7118554 ] ] } },
{ "type": "Feature", "properties": { "u": 2, "v": 343, "key": 0, "oneway": "False", "highway": "tertiary", "name": "Житомирская улица", "maxspeed": "RU:urban", "lanes": "2", "osmid": "1372756624" }, "geometry": { "type": "LineString", "coordinates": [ [ 20.5066158, 54.7130507 ], [ 20.5066369, 54.7128342 ] ] } },
{ "type": "Feature", "properties": { "u": 2, "v": 522, "key": 0, "oneway": "True", "highway": "tertiary", "name": "Житомирская улица", "maxspeed": "RU:urban", "lanes": "1", "osmid": "42597246" }, "geometry": { "type": "LineString", "coordinates": [ [ 20.5066158, 54.7130507 ], [ 20.5067765, 54.7130794 ], [ 20.507014, 54.7130682 ] ] } },
{ "type": "Feature", "properties": { "u": 3, "v": 614, "key": 0, "oneway": "True", "highway": "primary", "name": "Ленинский проспект", "maxspeed": "RU:urban", "lanes": "3", "osmid": "687439169" }, "geometry": { "type": "LineString", "coordinates": [ [ 20.5070211, 54.7132843 ], [ 20.5069168, 54.7133587 ] ] } },
{ "type": "Feature", "properties": { "u": 3, "v": 398, "key": 0, "oneway": "False", "highway": "living_street", "name": "", "maxspeed": "RU:living_street", "lanes": "", "osmid": [ 1372756600, 285081421 ] }, "geometry": { "type": "LineString", "coordinates": [ [ 20.5070211, 54.7132843 ], [ 20.5071511, 54.7133418 ], [ 20.507375, 54.7134542 ] ] } },
{ "type": "Feature", "properties": { "u": 4, "v": 552, "key": 0, "oneway": "False", "highway": "secondary", "name": "Гвардейский проспект", "maxspeed": "RU:urban", "lanes": "3", "osmid": "985124220" }, "geometry": { "type": "LineString", "coordinates": [ [ 20.4972002, 54.7180777 ], [ 20.4971534, 54.7180413 ] ] } },
{ "type": "Feature", "properties": { "u": 4, "v": 91, "key": 0, "oneway": "True", "highway": "primary", "name": "Театральная улица", "maxspeed": "RU:urban", "lanes": "2", "osmid": [ 335233178, 107176997, 25901294 ] }, "geometry": { "type": "LineString", "coordinates": [ [ 20.4972002, 54.7180777 ], [ 20.4970479, 54.7181364 ], [ 20.4967594, 54.7182109 ], [ 20.4962307, 54.7183552 ], [ 20.4961715, 54.7183702 ] ] } },
{ "type": "Feature", "properties": { "u": 4, "v": 538, "key": 0, "oneway": "False", "highway": "secondary", "name": "Гвардейский проспект", "maxspeed": "RU:urban", "lanes": "3", "osmid": [ 294998488, 983859427, 210722198 ] }, "geometry": { "type": "LineString", "coordinates": [ [ 20.4972002, 54.7180777 ], [ 20.4972624, 54.7181299 ], [ 20.4980088, 54.7185621 ], [ 20.4987734, 54.7190056 ], [ 20.4988392, 54.7190423 ], [ 20.4991729, 54.7192284 ], [ 20.5000143, 54.719721 ], [ 20.5001109, 54.7197921 ] ] } },
{ "type": "Feature", "properties": { "u": 5, "v": 54, "key": 0, "oneway": "True", "highway": "primary", "name": "проспект Мира", "maxspeed": "RU:urban", "lanes": "2", "osmid": [ 980844492, 980844493 ] }, "geometry": { "type": "LineString", "coordinates": [ [ 20.4926243, 54.7192191 ], [ 20.4920239, 54.7192632 ], [ 20.4917324, 54.7192882 ] ] } },
{ "type": "Feature", "properties": { "u": 6, "v": 7, "key": 0, "oneway": "True", "highway": "primary", "name": "площадь Победы", "maxspeed": "RU:urban", "lanes": "4", "osmid": [ 41377805, 102523053 ] }, "geometry": { "type": "LineString", "coordinates": [ [ 20.5016641, 54.7188692 ], [ 20.5012742, 54.7192507 ], [ 20.5010646, 54.7194014 ], [ 20.5008373, 54.7195432 ], [ 20.5006278, 54.7196708 ], [ 20.5004126, 54.7198002 ], [ 20.5002429, 54.7198893 ] ] } },
{ "type": "Feature", "properties": { "u": 6, "v": 536, "key": 0, "oneway": "True", "highway": "primary", "name": "улица Черняховского", "maxspeed": "RU:urban", "lanes": "2", "osmid": "980120528" }, "geometry": { "type": "LineString", "coordinates": [ [ 20.5016641, 54.7188692 ], [ 20.501609, 54.71885 ], [ 20.5015738, 54.7188379 ], [ 20.5015657, 54.7188344 ], [ 20.5015415, 54.7188248 ], [ 20.501476, 54.7188036 ] ] } },
{ "type": "Feature", "properties": { "u": 7, "v": 538, "key": 0, "oneway": "False", "highway": "primary", "name": "Гвардейский проспект", "maxspeed": "RU:urban", "lanes": "3", "osmid": "102440268" }, "geometry": { "type": "LineString", "coordinates": [ [ 20.5002429, 54.7198893 ], [ 20.5001869, 54.7198481 ], [ 20.5001473, 54.7198189 ], [ 20.5001109, 54.7197921 ] ] } },
{ "type": "Feature", "properties": { "u": 7, "v": 344, "key": 0, "oneway": "True", "highway": "primary", "name": "площадь Победы", "maxspeed": "RU:urban", "lanes": "4", "osmid": "102440289" }, "geometry": { "type": "LineString", "coordinates": [ [ 20.5002429, 54.7198893 ], [ 20.5000372, 54.7199686 ], [ 20.4998581, 54.7200341 ], [ 20.4995865, 54.7201111 ], [ 20.4993948, 54.7201604 ], [ 20.4990536, 54.7202358 ] ] } },
{ "type": "Feature", "properties": { "u": 8, "v": 214, "key": 0, "oneway": "False", "highway": "tertiary", "name": "улица Грига", "maxspeed": "RU:urban", "lanes": "2", "osmid": [ 1232529602, 333164682, 1232529597, 1232529598, 1232529599 ] }, "geometry": { "type": "LineString", "coordinates": [ [ 20.5305434, 54.7131347 ], [ 20.5305971, 54.7130262 ], [ 20.5307208, 54.7126941 ], [ 20.5308079, 54.7124176 ], [ 20.5308443, 54.712302 ], [ 20.530857, 54.7122559 ], [ 20.5311966, 54.7109382 ] ] } },
{ "type": "Feature", "properties": { "u": 8, "v": 228, "key": 0, "oneway": "False", "highway": "secondary", "name": "улица Фрунзе", "maxspeed": "RU:urban", "lanes": "3", "osmid": "333164687" }, "geometry": { "type": "LineString", "coordinates": [ [ 20.5305434, 54.7131347 ], [ 20.5306652, 54.7131482 ], [ 20.5315501, 54.7132469 ] ] } },
{ "type": "Feature", "properties": { "u": 8, "v": 230, "key": 0, "oneway": "False", "highway": "secondary", "name": "улица Фрунзе", "maxspeed": "", "lanes": "3", "osmid": [ 669755241, 333164686, 669755238 ] }, "geometry": { "type": "LineString", "coordinates": [ [ 20.5305434, 54.7131347 ], [ 20.5304227, 54.7131213 ], [ 20.5303552, 54.7131138 ], [ 20.5298539, 54.7130686 ], [ 20.5290605, 54.7129887 ], [ 20.5289905, 54.7129816 ] ] } },
{ "type": "Feature", "properties": { "u": 8, "v": 231, "key": 0, "oneway": "False", "highway": "tertiary", "name": "улица Грига", "maxspeed": "RU:urban", "lanes": "2", "osmid": [ 733841320, 1370089172, 1370089173 ] }, "geometry": { "type": "LineString", "coordinates": [ [ 20.5305434, 54.7131347 ], [ 20.530516, 54.7132007 ], [ 20.5303096, 54.713698 ], [ 20.5302535, 54.7138484 ], [ 20.5301302, 54.7141791 ], [ 20.5300412, 54.7144176 ], [ 20.5300312, 54.7144472 ] ] } },
{ "type": "Feature", "properties": { "u": 9, "v": 109, "key": 0, "oneway": "True", "highway": "secondary", "name": "улица Фрунзе", "maxspeed": "RU:urban", "lanes": "2", "osmid": "41754241" }, "geometry": { "type": "LineString", "coordinates": [ [ 20.5344732, 54.7135513 ], [ 20.5347897, 54.7134546 ], [ 20.5350898, 54.7133332 ], [ 20.5351199, 54.7133259 ], [ 20.5351735, 54.7133129 ], [ 20.5353364, 54.7132734 ], [ 20.5356367, 54.7132856 ], [ 20.5357708, 54.7133012 ], [ 20.535836, 54.7133115 ], [ 20.5359282, 54.7133342 ] ] } },
{ "type": "Feature", "properties": { "u": 9, "v": 228, "key": 0, "oneway": "False", "highway": "secondary", "name": "улица Фрунзе", "maxspeed": "RU:urban", "lanes": "2", "osmid": [ 669755226, 669755230 ] }, "geometry": { "type": "LineString", "coordinates": [ [ 20.5344732, 54.7135513 ], [ 20.5336515, 54.7134633 ], [ 20.533489, 54.7134459 ], [ 20.5329901, 54.7133894 ], [ 20.5325977, 54.7133505 ], [ 20.5315501, 54.7132469 ] ] } },
{ "type": "Feature", "properties": { "u": 10, "v": 331, "key": 0, "oneway": "False", "highway": "secondary", "name": "Пролетарская улица", "maxspeed": "RU:urban", "lanes": "4", "osmid": "43569989" }, "geometry": { "type": "LineString", "coordinates": [ [ 20.5135773, 54.7149157 ], [ 20.5135795, 54.7147629 ], [ 20.513549, 54.7138691 ], [ 20.5135443, 54.7137009 ], [ 20.5135361, 54.7136224 ], [ 20.5135212, 54.7134721 ], [ 20.5134891, 54.7133385 ], [ 20.5131579, 54.7127434 ] ] } },
{ "type": "Feature", "properties": { "u": 10, "v": 534, "key": 0, "oneway": "False", "highway": "secondary", "name": "улица Сергеева", "maxspeed": "RU:urban", "lanes": "3", "osmid": [ 866432145, 866432146, 298261686, 1372756563, 1372756564, 1372756565, 1372756566, 1372756567, 1372756568, 1372756569, 1372756570, 1372756571, 669215962, 669215975, 309434345, 669215978, 669215977, 669215980, 669215981, 669215982, 669215983, 992620009, 46727156 ] }, "geometry": { "type": "LineString", "coordinates": [ [ 20.5135773, 54.7149157 ], [ 20.5136993, 54.7149359 ], [ 20.5137998, 54.7149529 ], [ 20.5138504, 54.7149638 ], [ 20.5142511, 54.71505 ], [ 20.5146286, 54.7151312 ], [ 20.5148041, 54.7151689 ], [ 20.5153327, 54.7152878 ], [ 20.5155254, 54.7153504 ], [ 20.5156606, 54.715441 ], [ 20.5158109, 54.7155928 ], [ 20.5158669, 54.71569 ], [ 20.5158941, 54.7157372 ], [ 20.5163244, 54.7164503 ], [ 20.5164537, 54.7166646 ], [ 20.5167972, 54.7172339 ], [ 20.5170004, 54.7175707 ], [ 20.5170417, 54.7176391 ], [ 20.517184, 54.7178749 ], [ 20.5173049, 54.7180757 ], [ 20.5174166, 54.7182614 ], [ 20.5175197, 54.7184327 ], [ 20.517535, 54.718458 ], [ 20.5177865, 54.7188757 ], [ 20.5180098, 54.7192467 ], [ 20.5180406, 54.7192979 ], [ 20.5181116, 54.7194111 ], [ 20.5182372, 54.7196113 ], [ 20.5182917, 54.7196982 ], [ 20.5183865, 54.7198493 ], [ 20.5184274, 54.7199336 ], [ 20.51844, 54.7200057 ], [ 20.5183849, 54.7205677 ], [ 20.5183804, 54.7206142 ], [ 20.5183764, 54.7206754 ] ] } },
{ "type": "Feature", "properties": { "u": 10, "v": 596, "key": 0, "oneway": "False", "highway": "secondary", "name": "Пролетарская улица", "maxspeed": "RU:urban", "lanes": "3", "osmid": [ 1372756562, 285794709 ] }, "geometry": { "type": "LineString", "coordinates": [ [ 20.5135773, 54.7149157 ], [ 20.5135487, 54.7152397 ], [ 20.5134619, 54.7155609 ] ] } },
{ "type": "Feature", "properties": { "u": 11, "v": 166, "key": 0, "oneway": "False", "highway": "secondary", "name": "Пролетарская улица", "maxspeed": "RU:urban", "lanes": "2", "osmid": [ 996602369, 711959467, 711959468, 309433013, 1372756573 ] }, "geometry": { "type": "LineString", "coordinates": [ [ 20.513077, 54.716949 ], [ 20.5130578, 54.7170296 ], [ 20.5129012, 54.7176968 ], [ 20.5128744, 54.7178987 ], [ 20.512927, 54.7180317 ], [ 20.5132594, 54.7185512 ], [ 20.5132987, 54.7186127 ], [ 20.5133498, 54.7186925 ] ] } },
{ "type": "Feature", "properties": { "u": 11, "v": 596, "key": 0, "oneway": "False", "highway": "secondary", "name": "Пролетарская улица", "maxspeed": "RU:urban", "lanes": "3", "osmid": [ 1372756560, 1372756561, 1025236666, 309433010 ] }, "geometry": { "type": "LineString", "coordinates": [ [ 20.513077, 54.716949 ], [ 20.5131082, 54.7168074 ], [ 20.5131852, 54.7165359 ], [ 20.5132147, 54.7164321 ], [ 20.5134183, 54.7157146 ], [ 20.5134619, 54.7155609 ] ] } },
{ "type": "Feature", "properties": { "u": 11, "v": 160, "key": 0, "oneway": "False", "highway": "residential", "name": "улица Генерала Соммера", "maxspeed": "RU:urban", "lanes": "2", "osmid": [ 48804991, 1370697619, 1370697620, 1040432381, 1040432382, 1040432383 ] }, "geometry": { "type": "LineString", "coordinates": [ [ 20.513077, 54.716949 ], [ 20.5129208, 54.7169216 ], [ 20.5128866, 54.7169156 ], [ 20.5127345, 54.7168889 ], [ 20.5125982, 54.7168649 ], [ 20.5119645, 54.7167618 ], [ 20.5114296, 54.7166753 ], [ 20.5109942, 54.7166049 ], [ 20.5106604, 54.7165509 ], [ 20.510437, 54.7165178 ], [ 20.5101576, 54.7164764 ] ] } },
{ "type": "Feature", "properties": { "u": 12, "v": 615, "key": 0, "oneway": "False", "highway": "secondary", "name": "Пролетарская улица", "maxspeed": "RU:urban", "lanes": "3", "osmid": [ 294211169, 91260942 ] }, "geometry": { "type": "LineString", "coordinates": [ [ 20.5141839, 54.7205165 ], [ 20.5142394, 54.7206427 ], [ 20.5143174, 54.7208611 ], [ 20.5143258, 54.720882 ], [ 20.514402, 54.7210717 ], [ 20.5145835, 54.7215239 ], [ 20.5146613, 54.7217178 ] ] } },
{ "type": "Feature", "properties": { "u": 12, "v": 612, "key": 0, "oneway": "True", "highway": "primary", "name": "улица Черняховского", "maxspeed": "RU:urban", "lanes": "2", "osmid": "107174499" }, "geometry": { "type": "LineString", "coordinates": [ [ 20.5141839, 54.7205165 ], [ 20.5139379, 54.720505 ], [ 20.5129083, 54.7204628 ] ] } },
{ "type": "Feature", "properties": { "u": 12, "v": 531, "key": 0, "oneway": "False", "highway": "primary", "name": "Пролетарская улица", "maxspeed": "RU:urban", "lanes": "4", "osmid": "980120521" }, "geometry": { "type": "LineString", "coordinates": [ [ 20.5141839, 54.7205165 ], [ 20.5141615, 54.7204557 ], [ 20.5141568, 54.7204431 ], [ 20.5141376, 54.720391 ] ] } },
{ "type": "Feature", "properties": { "u": 13, "v": 36, "key": 0, "oneway": "False", "highway": "tertiary", "name": "улица Брамса", "maxspeed": "RU:urban", "lanes": "2", "osmid": "294349048" }, "geometry": { "type": "LineString", "coordinates": [ [ 20.4943454, 54.7200063 ], [ 20.4943211, 54.7200784 ], [ 20.4943145, 54.7200988 ], [ 20.4943124, 54.7204708 ] ] } },
{ "type": "Feature", "properties": { "u": 13, "v": 334, "key": 0, "oneway": "True", "highway": "primary", "name": "проспект Мира", "maxspeed": "RU:urban", "lanes": "3", "osmid": [ 307253402, 291081350 ] }, "geometry": { "type": "LineString", "coordinates": [ [ 20.4943454, 54.7200063 ], [ 20.4941457, 54.7199456 ], [ 20.4938712, 54.7198334 ], [ 20.4936346, 54.7197372 ], [ 20.4934777, 54.7196647 ], [ 20.4932895, 54.7195238 ], [ 20.4932096, 54.719444 ], [ 20.4931331, 54.7193782 ] ] } },
{ "type": "Feature", "properties": { "u": 13, "v": 548, "key": 0, "oneway": "False", "highway": "primary", "name": "улица Брамса", "maxspeed": "RU:urban", "lanes": "2", "osmid": "1232534070" }, "geometry": { "type": "LineString", "coordinates": [ [ 20.4943454, 54.7200063 ], [ 20.4943712, 54.7199549 ], [ 20.4943835, 54.7199305 ], [ 20.4943973, 54.7199021 ] ] } },
{ "type": "Feature", "properties": { "u": 14, "v": 222, "key": 0, "oneway": "False", "highway": "primary", "name": "", "maxspeed": "RU:urban", "lanes": "3", "osmid": "42990363" }, "geometry": { "type": "LineString", "coordinates": [ [ 20.4889774, 54.7063397 ], [ 20.4893877, 54.7064857 ] ] } },
{ "type": "Feature", "properties": { "u": 14, "v": 255, "key": 0, "oneway": "False", "highway": "secondary", "name": "Правая набережная", "maxspeed": "RU:urban", "lanes": "3", "osmid": [ 1362412330, 37418853 ] }, "geometry": { "type": "LineString", "coordinates": [ [ 20.4889774, 54.7063397 ], [ 20.4886007, 54.7062007 ], [ 20.4885573, 54.7061824 ] ] } },
{ "type": "Feature", "properties": { "u": 14, "v": 367, "key": 0, "oneway": "True", "highway": "primary", "name": "", "maxspeed": "", "lanes": "1", "osmid": "56300964" }, "geometry": { "type": "LineString", "coordinates": [ [ 20.4889774, 54.7063397 ], [ 20.4889614, 54.7062993 ], [ 20.488979, 54.7062499 ], [ 20.4890248, 54.7062224 ], [ 20.489078, 54.7062036 ] ] } },
{ "type": "Feature", "properties": { "u": 15, "v": 104, "key": 0, "oneway": "True", "highway": "primary", "name": "Железнодорожная улица", "maxspeed": "", "lanes": "1", "osmid": "42991668" }, "geometry": { "type": "LineString", "coordinates": [ [ 20.4898268, 54.7051845 ], [ 20.4897876, 54.7051742 ], [ 20.4897415, 54.7051468 ], [ 20.4897245, 54.7050766 ], [ 20.4897386, 54.7050201 ] ] } },
{ "type": "Feature", "properties": { "u": 15, "v": 223, "key": 0, "oneway": "False", "highway": "primary", "name": "Железнодорожная улица", "maxspeed": "", "lanes": "2", "osmid": [ 335233177, 997577004, 997577005, 56300959 ] }, "geometry": { "type": "LineString", "coordinates": [ [ 20.4898268, 54.7051845 ], [ 20.4897458, 54.705304 ], [ 20.489638, 54.7054911 ], [ 20.4895846, 54.7055842 ], [ 20.4895363, 54.7056657 ], [ 20.4894414, 54.7058262 ], [ 20.4893974, 54.7059006 ], [ 20.4892628, 54.7061284 ], [ 20.4892175, 54.7061934 ] ] } },
{ "type": "Feature", "properties": { "u": 16, "v": 15, "key": 0, "oneway": "True", "highway": "primary", "name": "Железнодорожная улица", "maxspeed": "", "lanes": "1", "osmid": "25901283" }, "geometry": { "type": "LineString", "coordinates": [ [ 20.4904467, 54.7049105 ], [ 20.4902896, 54.7049855 ], [ 20.4901119, 54.705128 ], [ 20.490001, 54.7051826 ], [ 20.4899098, 54.7051878 ], [ 20.4898268, 54.7051845 ] ] } },
{ "type": "Feature", "properties": { "u": 16, "v": 213, "key": 0, "oneway": "False", "highway": "primary", "name": "Портовая улица", "maxspeed": "", "lanes": "3", "osmid": [ 190450458, 1178588347 ] }, "geometry": { "type": "LineString", "coordinates": [ [ 20.4904467, 54.7049105 ], [ 20.4902848, 54.7048943 ], [ 20.4901908, 54.704878 ], [ 20.4899408, 54.7048365 ] ] } },
{ "type": "Feature", "properties": { "u": 16, "v": 610, "key": 0, "oneway": "False", "highway": "primary", "name": "Железнодорожная улица", "maxspeed": "RU:urban", "lanes": "3", "osmid": [ 263192167, 53579149, 53579154, 1210147833, 107422780, 1264379966 ] }, "geometry": { "type": "LineString", "coordinates": [ [ 20.4904467, 54.7049105 ], [ 20.4906475, 54.7047704 ], [ 20.490887, 54.7045056 ], [ 20.4909006, 54.7043756 ], [ 20.4908899, 54.703982 ], [ 20.490942, 54.7037615 ], [ 20.4913186, 54.7029308 ], [ 20.4914813, 54.7026123 ], [ 20.4915467, 54.7024303 ], [ 20.4915662, 54.7012113 ], [ 20.4915764, 54.7009833 ], [ 20.4916725, 54.7007789 ], [ 20.4917299, 54.7004635 ], [ 20.4917593, 54.7001663 ], [ 20.4917862, 54.699636 ], [ 20.491822, 54.699509 ], [ 20.4918391, 54.6994481 ], [ 20.4919372, 54.6992863 ], [ 20.4925466, 54.6984085 ], [ 20.4928825, 54.6979202 ], [ 20.4933068, 54.6975006 ], [ 20.4936682, 54.6971883 ] ] } },
{ "type": "Feature", "properties": { "u": 17, "v": 562, "key": 0, "oneway": "True", "highway": "secondary", "name": "Октябрьская улица", "maxspeed": "RU:urban", "lanes": "2", "osmid": "172879463" }, "geometry": { "type": "LineString", "coordinates": [ [ 20.5171454, 54.6982914 ], [ 20.5171689, 54.6983296 ], [ 20.5171893, 54.6983603 ], [ 20.517212, 54.698399 ] ] } },
{ "type": "Feature", "properties": { "u": 17, "v": 379, "key": 0, "oneway": "True", "highway": "secondary", "name": "улица Дзержинского", "maxspeed": "RU:urban", "lanes": "1", "osmid": [ 982439480, 982439481 ] }, "geometry": { "type": "LineString", "coordinates": [ [ 20.5171454, 54.6982914 ], [ 20.5171962, 54.6982508 ], [ 20.5172781, 54.6981846 ], [ 20.5173653, 54.698124 ], [ 20.5174333, 54.6980767 ], [ 20.5174541, 54.6980622 ], [ 20.5177966, 54.6979226 ], [ 20.5180158, 54.6978269 ], [ 20.5181572, 54.6977673 ], [ 20.5186234, 54.6975568 ], [ 20.5188572, 54.6974311 ], [ 20.5190947, 54.6973033 ], [ 20.5192725, 54.6972077 ], [ 20.5208298, 54.6963476 ], [ 20.5209093, 54.6963038 ], [ 20.5209289, 54.6962996 ], [ 20.5209485, 54.6962981 ], [ 20.5209644, 54.6963002 ], [ 20.5209846, 54.6963045 ], [ 20.5210075, 54.6963131 ] ] } },
{ "type": "Feature", "properties": { "u": 18, "v": 113, "key": 0, "oneway": "True", "highway": "secondary", "name": "улица Шевченко", "maxspeed": "RU:urban", "lanes": "2", "osmid": "43570453" }, "geometry": { "type": "LineString", "coordinates": [ [ 20.5091923, 54.7109784 ], [ 20.5093286, 54.7111762 ], [ 20.5094096, 54.7112654 ], [ 20.5095033, 54.7113457 ], [ 20.5095538, 54.7113681 ], [ 20.5097738, 54.7114066 ] ] } },
{ "type": "Feature", "properties": { "u": 18, "v": 529, "key": 0, "oneway": "True", "highway": "primary", "name": "Ленинский проспект", "maxspeed": "RU:urban", "lanes": "3", "osmid": [ 668655483, 106485878 ] }, "geometry": { "type": "LineString", "coordinates": [ [ 20.5091923, 54.7109784 ], [ 20.5092718, 54.7112138 ], [ 20.509298, 54.7113165 ], [ 20.5092979, 54.7114125 ], [ 20.5092904, 54.7114532 ], [ 20.5092747, 54.7115332 ] ] } },
{ "type": "Feature", "properties": { "u": 19, "v": 570, "key": 0, "oneway": "True", "highway": "primary", "name": "Ленинский проспект", "maxspeed": "RU:urban", "lanes": "2", "osmid": "202374199" }, "geometry": { "type": "LineString", "coordinates": [ [ 20.5031459, 54.698871 ], [ 20.5031523, 54.6988959 ], [ 20.5031599, 54.6989258 ], [ 20.5031723, 54.698974 ] ] } },
{ "type": "Feature", "properties": { "u": 19, "v": 180, "key": 0, "oneway": "True", "highway": "secondary", "name": "улица Багратиона", "maxspeed": "RU:urban", "lanes": "1", "osmid": "287846979" }, "geometry": { "type": "LineString", "coordinates": [ [ 20.5031459, 54.698871 ], [ 20.5033791, 54.6989155 ], [ 20.5036685, 54.698969 ] ] } },
{ "type": "Feature", "properties": { "u": 20, "v": 480, "key": 0, "oneway": "True", "highway": "tertiary", "name": "Железнодорожная улица", "maxspeed": "RU:urban", "lanes": "2", "osmid": [ 668677458, 42321805 ] }, "geometry": { "type": "LineString", "coordinates": [ [ 20.4954227, 54.6961972 ], [ 20.4958913, 54.6960401 ], [ 20.49614, 54.6959653 ] ] } },
{ "type": "Feature", "properties": { "u": 20, "v": 505, "key": 0, "oneway": "True", "highway": "primary", "name": "площадь Калинина", "maxspeed": "RU:urban", "lanes": "2", "osmid": [ 705035291, 456949731, 456950118 ] }, "geometry": { "type": "LineString", "coordinates": [ [ 20.4954227, 54.6961972 ], [ 20.4955718, 54.6961908 ], [ 20.4957089, 54.6961995 ], [ 20.4961199, 54.6962583 ], [ 20.4962772, 54.6962819 ] ] } },
{ "type": "Feature", "properties": { "u": 21, "v": 557, "key": 0, "oneway": "False", "highway": "tertiary", "name": "площадь Калинина", "maxspeed": "RU:urban", "lanes": "2", "osmid": "1012838511" }, "geometry": { "type": "LineString", "coordinates": [ [ 20.4987084, 54.6962335 ], [ 20.4987861, 54.6963035 ] ] } },
{ "type": "Feature", "properties": { "u": 21, "v": 138, "key": 0, "oneway": "False", "highway": "tertiary", "name": "площадь Калинина", "maxspeed": "RU:urban", "lanes": "2", "osmid": "45508625" }, "geometry": { "type": "LineString", "coordinates": [ [ 20.4987084, 54.6962335 ], [ 20.4986519, 54.6961791 ], [ 20.4980595, 54.6956009 ], [ 20.4979734, 54.6955161 ] ] } },
{ "type": "Feature", "properties": { "u": 21, "v": 30, "key": 0, "oneway": "True", "highway": "primary", "name": "площадь Калинина", "maxspeed": "RU:urban", "lanes": "2", "osmid": [ 981617676, 107429725 ] }, "geometry": { "type": "LineString", "coordinates": [ [ 20.4987084, 54.6962335 ], [ 20.4997234, 54.6958758 ], [ 20.499805, 54.695847 ], [ 20.5000148, 54.6957711 ] ] } },
{ "type": "Feature", "properties": { "u": 22, "v": 233, "key": 0, "oneway": "False", "highway": "tertiary", "name": "переулок Грига", "maxspeed": "RU:urban", "lanes": "2", "osmid": [ 1372756584, 424031116, 424031115, 301668156 ] }, "geometry": { "type": "LineString", "coordinates": [ [ 20.5299903, 54.7163475 ], [ 20.5299665, 54.7163992 ], [ 20.5299523, 54.7164638 ], [ 20.5299493, 54.716529 ], [ 20.5299646, 54.7165878 ], [ 20.530007, 54.7166797 ], [ 20.5300191, 54.7167173 ], [ 20.5300339, 54.716763 ], [ 20.5300123, 54.7168639 ], [ 20.5298349, 54.7171894 ], [ 20.5297524, 54.7172847 ], [ 20.5296031, 54.7173818 ], [ 20.5295299, 54.7175004 ], [ 20.529525, 54.7175924 ], [ 20.5295267, 54.717664 ], [ 20.5296242, 54.7179804 ], [ 20.5297522, 54.7183257 ], [ 20.5298144, 54.7184984 ], [ 20.5299021, 54.7187417 ], [ 20.5299594, 54.7187863 ], [ 20.5299892, 54.7188095 ], [ 20.5300491, 54.7188355 ] ] } },
{ "type": "Feature", "properties": { "u": 22, "v": 23, "key": 0, "oneway": "False", "highway": "tertiary", "name": "переулок Грига", "maxspeed": "RU:urban", "lanes": "2", "osmid": [ 301668156, 77049599 ] }, "geometry": { "type": "LineString", "coordinates": [ [ 20.5299903, 54.7163475 ], [ 20.529439, 54.7161174 ], [ 20.5287786, 54.7158417 ], [ 20.5285876, 54.7157602 ] ] } },
{ "type": "Feature", "properties": { "u": 22, "v": 503, "key": 0, "oneway": "False", "highway": "residential", "name": "переулок Грига", "maxspeed": "RU:living_street", "lanes": "2", "osmid": [ 32454158, 1372756583 ] }, "geometry": { "type": "LineString", "coordinates": [ [ 20.5299903, 54.7163475 ], [ 20.530122, 54.7162929 ], [ 20.5302583, 54.7162602 ], [ 20.530418, 54.716243 ], [ 20.5305008, 54.7162552 ], [ 20.5305852, 54.7162746 ], [ 20.5305903, 54.7162739 ], [ 20.5307051, 54.7162573 ], [ 20.5307941, 54.7162242 ], [ 20.530935, 54.7161643 ], [ 20.5311925, 54.7160522 ], [ 20.531434, 54.7158838 ], [ 20.5314377, 54.7158808 ], [ 20.5315778, 54.7157652 ], [ 20.5316368, 54.7157171 ] ] } },
{ "type": "Feature", "properties": { "u": 23, "v": 22, "key": 0, "oneway": "False", "highway": "tertiary", "name": "переулок Грига", "maxspeed": "RU:urban", "lanes": "2", "osmid": [ 301668156, 77049599 ] }, "geometry": { "type": "LineString", "coordinates": [ [ 20.5285876, 54.7157602 ], [ 20.5287786, 54.7158417 ], [ 20.529439, 54.7161174 ], [ 20.5299903, 54.7163475 ] ] } },
{ "type": "Feature", "properties": { "u": 23, "v": 231, "key": 0, "oneway": "False", "highway": "tertiary", "name": "улица Грига", "maxspeed": "RU:urban", "lanes": "2", "osmid": "733841320" }, "geometry": { "type": "LineString", "coordinates": [ [ 20.5285876, 54.7157602 ], [ 20.5286539, 54.7157057 ], [ 20.528981, 54.7154368 ], [ 20.5295664, 54.7149554 ], [ 20.5296445, 54.7148894 ], [ 20.529749, 54.7148011 ], [ 20.5299688, 54.7146322 ], [ 20.5300312, 54.7144472 ] ] } },
{ "type": "Feature", "properties": { "u": 24, "v": 433, "key": 0, "oneway": "True", "highway": "primary", "name": "улица 9-го Апреля", "maxspeed": "RU:urban", "lanes": "3", "osmid": "352319128" }, "geometry": { "type": "LineString", "coordinates": [ [ 20.5251547, 54.7195778 ], [ 20.5251568, 54.7197402 ], [ 20.5251851, 54.7202147 ], [ 20.525192, 54.7206103 ], [ 20.5251937, 54.7208403 ] ] } },
{ "type": "Feature", "properties": { "u": 25, "v": 23, "key": 0, "oneway": "True", "highway": "residential", "name": "переулок Грига", "maxspeed": "40", "lanes": "1", "osmid": [ 59380883, 59379079 ] }, "geometry": { "type": "LineString", "coordinates": [ [ 20.5267139, 54.7163547 ], [ 20.5269423, 54.7162623 ], [ 20.5277154, 54.7156103 ], [ 20.5278905, 54.7154976 ], [ 20.5280606, 54.7154918 ], [ 20.5285876, 54.7157602 ] ] } },
{ "type": "Feature", "properties": { "u": 25, "v": 432, "key": 0, "oneway": "False", "highway": "residential", "name": "Пионерская улица", "maxspeed": "40", "lanes": "2", "osmid": [ 223595851, 334581678, 371510992, 1370089174, 1018535229 ] }, "geometry": { "type": "LineString", "coordinates": [ [ 20.5267139, 54.7163547 ], [ 20.5266834, 54.7166152 ], [ 20.526683, 54.7166411 ], [ 20.5266855, 54.7170201 ], [ 20.5266568, 54.7172489 ], [ 20.526566, 54.7174116 ], [ 20.5265436, 54.7174666 ], [ 20.5265035, 54.717562 ], [ 20.5265036, 54.718039 ], [ 20.5265055, 54.7181923 ], [ 20.5265058, 54.7182371 ], [ 20.526514, 54.7184563 ], [ 20.5265182, 54.7185703 ], [ 20.5265349, 54.7190179 ], [ 20.5265273, 54.7193732 ], [ 20.5260818, 54.7194295 ], [ 20.5254457, 54.7195032 ] ] } },
{ "type": "Feature", "properties": { "u": 25, "v": 227, "key": 0, "oneway": "False", "highway": "residential", "name": "Нерчинская улица", "maxspeed": "RU:urban", "lanes": "2", "osmid": [ 352562183, 669755271 ] }, "geometry": { "type": "LineString", "coordinates": [ [ 20.5267139, 54.7163547 ], [ 20.5266084, 54.716303 ], [ 20.5262603, 54.7162405 ], [ 20.52605, 54.7162035 ], [ 20.5258647, 54.7161935 ] ] } },
{ "type": "Feature", "properties": { "u": 26, "v": 582, "key": 0, "oneway": "False", "highway": "unclassified", "name": "", "maxspeed": "5", "lanes": "", "osmid": [ 736641737, 32454235, 1370382521 ] }, "geometry": { "type": "LineString", "coordinates": [ [ 20.514177, 54.705758 ], [ 20.5143405, 54.7057658 ], [ 20.5144129, 54.7057686 ], [ 20.5145231, 54.7057783 ], [ 20.5145331, 54.7057792 ], [ 20.5145572, 54.7057818 ], [ 20.5145885, 54.7057853 ] ] } },
{ "type": "Feature", "properties": { "u": 27, "v": 329, "key": 0, "oneway": "False", "highway": "secondary", "name": "Пролетарская улица", "maxspeed": "RU:urban", "lanes": "4", "osmid": "43569989" }, "geometry": { "type": "LineString", "coordinates": [ [ 20.512336, 54.7113672 ], [ 20.5127354, 54.7120348 ] ] } },
{ "type": "Feature", "properties": { "u": 27, "v": 117, "key": 0, "oneway": "True", "highway": "secondary", "name": "Пролетарская улица", "maxspeed": "RU:urban", "lanes": "2", "osmid": "43570916" }, "geometry": { "type": "LineString", "coordinates": [ [ 20.512336, 54.7113672 ], [ 20.5122248, 54.711298 ], [ 20.5120993, 54.711251 ], [ 20.511984, 54.7112254 ] ] } },
{ "type": "Feature", "properties": { "u": 28, "v": 242, "key": 0, "oneway": "True", "highway": "primary", "name": "Московский проспект", "maxspeed": "RU:urban", "lanes": "3", "osmid": "106764629" }, "geometry": { "type": "LineString", "coordinates": [ [ 20.5098464, 54.7091848 ], [ 20.5076549, 54.7095533 ], [ 20.507242, 54.7096162 ] ] } },
{ "type": "Feature", "properties": { "u": 29, "v": 288, "key": 0, "oneway": "True", "highway": "primary", "name": "улица Дзержинского", "maxspeed": "RU:urban", "lanes": "2", "osmid": "142675435" }, "geometry": { "type": "LineString", "coordinates": [ [ 20.5218892, 54.6958026 ], [ 20.5216729, 54.6959169 ] ] } },
{ "type": "Feature", "properties": { "u": 29, "v": 307, "key": 0, "oneway": "True", "highway": "primary", "name": "проспект Калинина", "maxspeed": "RU:urban", "lanes": "2", "osmid": "71425400" }, "geometry": { "type": "LineString", "coordinates": [ [ 20.5218892, 54.6958026 ], [ 20.5218669, 54.6957953 ], [ 20.5210804, 54.6955383 ] ] } },
{ "type": "Feature", "properties": { "u": 30, "v": 45, "key": 0, "oneway": "True", "highway": "primary", "name": "площадь Калинина", "maxspeed": "RU:urban", "lanes": "2", "osmid": [ 1252912248, 1252912247, 93950879 ] }, "geometry": { "type": "LineString", "coordinates": [ [ 20.5000148, 54.6957711 ], [ 20.5002179, 54.6956959 ], [ 20.5005949, 54.6955623 ], [ 20.5007655, 54.6955009 ], [ 20.501008, 54.6954137 ], [ 20.5012293, 54.6953354 ], [ 20.5014846, 54.695245 ] ] } },
{ "type": "Feature", "properties": { "u": 30, "v": 139, "key": 0, "oneway": "True", "highway": "secondary", "name": "Ленинский проспект", "maxspeed": "RU:urban", "lanes": "3", "osmid": "981527182" }, "geometry": { "type": "LineString", "coordinates": [ [ 20.5000148, 54.6957711 ], [ 20.4999277, 54.6956891 ], [ 20.4996611, 54.6954417 ], [ 20.4996121, 54.6953963 ], [ 20.4994253, 54.695223 ], [ 20.499268, 54.695077 ] ] } },
{ "type": "Feature", "properties": { "u": 31, "v": 215, "key": 0, "oneway": "False", "highway": "tertiary", "name": "улица Грига", "maxspeed": "RU:urban", "lanes": "2", "osmid": "53374882" }, "geometry": { "type": "LineString", "coordinates": [ [ 20.5316951, 54.7098827 ], [ 20.531655, 54.7099675 ], [ 20.5316341, 54.7100119 ], [ 20.5315878, 54.7101099 ] ] } },
{ "type": "Feature", "properties": { "u": 31, "v": 140, "key": 0, "oneway": "True", "highway": "primary", "name": "Московский проспект", "maxspeed": "40", "lanes": "3", "osmid": [ 53374884, 53374886, 1370697590, 1370697591, 301127227 ] }, "geometry": { "type": "LineString", "coordinates": [ [ 20.5316951, 54.7098827 ], [ 20.5314377, 54.7098653 ], [ 20.5308623, 54.7098265 ], [ 20.5305635, 54.7098035 ], [ 20.5300576, 54.7097686 ], [ 20.5288256, 54.709654 ], [ 20.5277182, 54.709558 ], [ 20.5270824, 54.7095005 ], [ 20.526801, 54.7094782 ], [ 20.526624, 54.7094651 ], [ 20.5264372, 54.7094511 ] ] } },
{ "type": "Feature", "properties": { "u": 32, "v": 254, "key": 0, "oneway": "False", "highway": "residential", "name": "Водная улица", "maxspeed": "", "lanes": "2", "osmid": "71424058" }, "geometry": { "type": "LineString", "coordinates": [ [ 20.5242181, 54.694419 ], [ 20.5243237, 54.6944767 ], [ 20.5248143, 54.6947469 ], [ 20.5250178, 54.69486 ], [ 20.5252002, 54.6949616 ], [ 20.525565, 54.6951871 ], [ 20.5256957, 54.6953018 ] ] } },
{ "type": "Feature", "properties": { "u": 32, "v": 556, "key": 0, "oneway": "False", "highway": "primary", "name": "улица Дзержинского", "maxspeed": "RU:urban", "lanes": "4", "osmid": [ 91264362, 106618171 ] }, "geometry": { "type": "LineString", "coordinates": [ [ 20.5242181, 54.694419 ], [ 20.5240693, 54.6945029 ], [ 20.5239337, 54.6945752 ], [ 20.5219864, 54.6957469 ] ] } },
{ "type": "Feature", "properties": { "u": 33, "v": 34, "key": 0, "oneway": "False", "highway": "residential", "name": "улица Генделя", "maxspeed": "", "lanes": "2", "osmid": [ 1372756585, 294785383 ] }, "geometry": { "type": "LineString", "coordinates": [ [ 20.4972801, 54.7215035 ], [ 20.4972035, 54.7215381 ], [ 20.4965959, 54.7218128 ], [ 20.4962977, 54.7219413 ], [ 20.4957729, 54.7221934 ] ] } },
{ "type": "Feature", "properties": { "u": 34, "v": 35, "key": 0, "oneway": "True", "highway": "residential", "name": "улица Ушакова", "maxspeed": "", "lanes": "1", "osmid": [ 41768437, 41768439 ] }, "geometry": { "type": "LineString", "coordinates": [ [ 20.4957729, 54.7221934 ], [ 20.495642, 54.7220428 ], [ 20.4956093, 54.7218673 ], [ 20.4957531, 54.720603 ], [ 20.4957575, 54.7205645 ], [ 20.4957705, 54.7205465 ], [ 20.4957989, 54.7205411 ], [ 20.4969473, 54.7205732 ], [ 20.4976671, 54.720592 ], [ 20.4977567, 54.7205671 ], [ 20.4978028, 54.7205185 ], [ 20.4978418, 54.7203731 ], [ 20.4978473, 54.7202865 ], [ 20.4978464, 54.7202473 ], [ 20.4978524, 54.7201854 ] ] } },
{ "type": "Feature", "properties": { "u": 34, "v": 33, "key": 0, "oneway": "False", "highway": "residential", "name": "улица Генделя", "maxspeed": "", "lanes": "2", "osmid": [ 1372756585, 294785383 ] }, "geometry": { "type": "LineString", "coordinates": [ [ 20.4957729, 54.7221934 ], [ 20.4962977, 54.7219413 ], [ 20.4965959, 54.7218128 ], [ 20.4972035, 54.7215381 ], [ 20.4972801, 54.7215035 ] ] } },
{ "type": "Feature", "properties": { "u": 35, "v": 87, "key": 0, "oneway": "True", "highway": "primary", "name": "проспект Мира", "maxspeed": "RU:urban", "lanes": "2", "osmid": [ 294349900, 980844494 ] }, "geometry": { "type": "LineString", "coordinates": [ [ 20.4978524, 54.7201854 ], [ 20.4974336, 54.7201684 ], [ 20.4962985, 54.7201138 ], [ 20.4950391, 54.7200549 ], [ 20.4947917, 54.7200424 ] ] } },
{ "type": "Feature", "properties": { "u": 36, "v": 51, "key": 0, "oneway": "True", "highway": "tertiary", "name": "улица Грекова", "maxspeed": "RU:urban", "lanes": "2", "osmid": "77021573" }, "geometry": { "type": "LineString", "coordinates": [ [ 20.4943124, 54.7204708 ], [ 20.4942369, 54.7204697 ], [ 20.4937065, 54.7204591 ], [ 20.493147, 54.7204479 ] ] } },
{ "type": "Feature", "properties": { "u": 36, "v": 13, "key": 0, "oneway": "False", "highway": "tertiary", "name": "улица Брамса", "maxspeed": "RU:urban", "lanes": "2", "osmid": "294349048" }, "geometry": { "type": "LineString", "coordinates": [ [ 20.4943124, 54.7204708 ], [ 20.4943145, 54.7200988 ], [ 20.4943211, 54.7200784 ], [ 20.4943454, 54.7200063 ] ] } },
{ "type": "Feature", "properties": { "u": 37, "v": 38, "key": 0, "oneway": "False", "highway": "residential", "name": "улица Носова", "maxspeed": "", "lanes": "1", "osmid": [ 1374294978, 1374294979, 1374294980, 1374294981, 1374294982, 1374294983, 1374294984, 1374294985, 41768680, 1374294986, 42376985 ] }, "geometry": { "type": "LineString", "coordinates": [ [ 20.4912409, 54.7203732 ], [ 20.4912415, 54.7204099 ], [ 20.4912344, 54.7206616 ], [ 20.4912316, 54.7207591 ], [ 20.4912232, 54.7210566 ], [ 20.4912222, 54.7210933 ], [ 20.4912226, 54.7211975 ], [ 20.4913561, 54.7211995 ], [ 20.4917692, 54.7212055 ], [ 20.4917604, 54.7213051 ], [ 20.4917176, 54.7217863 ], [ 20.4917039, 54.7219414 ], [ 20.4917335, 54.7219907 ], [ 20.4917793, 54.7220293 ], [ 20.4919084, 54.7220833 ], [ 20.4927863, 54.7224027 ], [ 20.4929292, 54.7224668 ] ] } },
{ "type": "Feature", "properties": { "u": 37, "v": 256, "key": 0, "oneway": "True", "highway": "tertiary", "name": "улица Грекова", "maxspeed": "RU:urban", "lanes": "2", "osmid": [ 1374294975, 301935981, 77021583 ] }, "geometry": { "type": "LineString", "coordinates": [ [ 20.4912409, 54.7203732 ], [ 20.4907163, 54.7203595 ], [ 20.4900691, 54.72033 ], [ 20.48971, 54.7202686 ], [ 20.4896422, 54.720257 ], [ 20.4891972, 54.7201784 ], [ 20.4889457, 54.720134 ], [ 20.4885061, 54.7201587 ], [ 20.4880908, 54.7201652 ] ] } },
{ "type": "Feature", "properties": { "u": 38, "v": 51, "key": 0, "oneway": "False", "highway": "residential", "name": "Кронштадтская улица", "maxspeed": "", "lanes": "1", "osmid": [ 42323104, 42323075 ] }, "geometry": { "type": "LineString", "coordinates": [ [ 20.4929292, 54.7224668 ], [ 20.4929918, 54.7219332 ], [ 20.4930496, 54.7213363 ], [ 20.4931433, 54.7204819 ], [ 20.493147, 54.7204479 ] ] } },
{ "type": "Feature", "properties": { "u": 38, "v": 37, "key": 0, "oneway": "False", "highway": "residential", "name": "улица Носова", "maxspeed": "", "lanes": "1", "osmid": [ 1374294978, 1374294979, 1374294980, 1374294981, 1374294982, 1374294983, 41768680, 1374294984, 1374294986, 1374294985, 42376985 ] }, "geometry": { "type": "LineString", "coordinates": [ [ 20.4929292, 54.7224668 ], [ 20.4927863, 54.7224027 ], [ 20.4919084, 54.7220833 ], [ 20.4917793, 54.7220293 ], [ 20.4917335, 54.7219907 ], [ 20.4917039, 54.7219414 ], [ 20.4917176, 54.7217863 ], [ 20.4917604, 54.7213051 ], [ 20.4917692, 54.7212055 ], [ 20.4913561, 54.7211995 ], [ 20.4912226, 54.7211975 ], [ 20.4912222, 54.7210933 ], [ 20.4912232, 54.7210566 ], [ 20.4912316, 54.7207591 ], [ 20.4912344, 54.7206616 ], [ 20.4912415, 54.7204099 ], [ 20.4912409, 54.7203732 ] ] } },
{ "type": "Feature", "properties": { "u": 39, "v": 564, "key": 0, "oneway": "False", "highway": "secondary", "name": "Эпроновская улица", "maxspeed": "RU:urban", "lanes": "2", "osmid": "989399976" }, "geometry": { "type": "LineString", "coordinates": [ [ 20.513875, 54.6996032 ], [ 20.5138713, 54.6996475 ] ] } },
{ "type": "Feature", "properties": { "u": 39, "v": 574, "key": 0, "oneway": "True", "highway": "secondary", "name": "улица Багратиона", "maxspeed": "RU:urban", "lanes": "1", "osmid": [ 713320355, 713320356, 312850197, 312850198, 982439549, 982439550 ] }, "geometry": { "type": "LineString", "coordinates": [ [ 20.513875, 54.6996032 ], [ 20.5141629, 54.6995862 ], [ 20.5144914, 54.6995352 ], [ 20.5146903, 54.6994964 ], [ 20.5148591, 54.6994637 ], [ 20.51519, 54.6993921 ], [ 20.5154761, 54.6993137 ], [ 20.5158268, 54.6992039 ], [ 20.5160564, 54.6990928 ], [ 20.5162263, 54.6990032 ], [ 20.5163745, 54.6989052 ], [ 20.5165466, 54.698777 ], [ 20.5168662, 54.698479 ], [ 20.5170481, 54.6983462 ] ] } },
{ "type": "Feature", "properties": { "u": 40, "v": 188, "key": 0, "oneway": "False", "highway": "tertiary", "name": "Краснооктябрьская улица", "maxspeed": "RU:urban", "lanes": "2", "osmid": [ 989399970, 989399971, 989399972 ] }, "geometry": { "type": "LineString", "coordinates": [ [ 20.5131627, 54.7009742 ], [ 20.5130118, 54.7010098 ], [ 20.5122387, 54.7011774 ], [ 20.5115441, 54.7013209 ] ] } },
{ "type": "Feature", "properties": { "u": 40, "v": 187, "key": 0, "oneway": "False", "highway": "tertiary", "name": "Эпроновская улица", "maxspeed": "RU:urban", "lanes": "2", "osmid": [ 989399973, 293321998 ] }, "geometry": { "type": "LineString", "coordinates": [ [ 20.5131627, 54.7009742 ], [ 20.5135939, 54.7004882 ], [ 20.5137576, 54.7003214 ] ] } },
{ "type": "Feature", "properties": { "u": 40, "v": 134, "key": 0, "oneway": "False", "highway": "residential", "name": "Эпроновская улица", "maxspeed": "RU:urban", "lanes": "2", "osmid": [ 1372756634, 44794756 ] }, "geometry": { "type": "LineString", "coordinates": [ [ 20.5131627, 54.7009742 ], [ 20.5131305, 54.7010516 ], [ 20.5132519, 54.7015548 ], [ 20.5134358, 54.7022182 ], [ 20.5134788, 54.7023804 ] ] } },
{ "type": "Feature", "properties": { "u": 41, "v": 130, "key": 0, "oneway": "False", "highway": "tertiary", "name": "Краснооктябрьская улица", "maxspeed": "RU:urban", "lanes": "2", "osmid": [ 989399966, 146462894 ] }, "geometry": { "type": "LineString", "coordinates": [ [ 20.5080886, 54.7019481 ], [ 20.5081934, 54.70193 ], [ 20.5090636, 54.7017933 ], [ 20.5095622, 54.701715 ] ] } },
{ "type": "Feature", "properties": { "u": 41, "v": 133, "key": 0, "oneway": "False", "highway": "residential", "name": "Парусная улица", "maxspeed": "RU:living_street", "lanes": "2", "osmid": [ 308211226, 315981237, 1372756645 ] }, "geometry": { "type": "LineString", "coordinates": [ [ 20.5080886, 54.7019481 ], [ 20.5080948, 54.7020112 ], [ 20.5080979, 54.7020427 ], [ 20.5081115, 54.7021812 ], [ 20.508156, 54.7026355 ], [ 20.5081928, 54.7030158 ], [ 20.50827, 54.7034449 ], [ 20.508263, 54.7034923 ], [ 20.5082258, 54.7036003 ], [ 20.508111, 54.7038173 ], [ 20.5080715, 54.7038525 ], [ 20.5080166, 54.703873 ], [ 20.5078995, 54.7038844 ] ] } },
{ "type": "Feature", "properties": { "u": 41, "v": 184, "key": 0, "oneway": "False", "highway": "tertiary", "name": "Краснооктябрьская улица", "maxspeed": "40", "lanes": "2", "osmid": [ 989399963, 989399965, 1372756646 ] }, "geometry": { "type": "LineString", "coordinates": [ [ 20.5080886, 54.7019481 ], [ 20.5079678, 54.7019677 ], [ 20.5077372, 54.7020015 ], [ 20.5075053, 54.7020334 ], [ 20.5069878, 54.7021052 ] ] } },
{ "type": "Feature", "properties": { "u": 42, "v": 49, "key": 0, "oneway": "True", "highway": "primary", "name": "Ленинский проспект", "maxspeed": "RU:urban", "lanes": "3", "osmid": "101365833" }, "geometry": { "type": "LineString", "coordinates": [ [ 20.505005, 54.7023851 ], [ 20.5052686, 54.7029452 ], [ 20.505739, 54.7039774 ] ] } },
{ "type": "Feature", "properties": { "u": 42, "v": 184, "key": 0, "oneway": "False", "highway": "tertiary", "name": "Краснооктябрьская улица", "maxspeed": "40", "lanes": "2", "osmid": [ 989399960, 308211224, 308211225, 989399961, 989399962 ] }, "geometry": { "type": "LineString", "coordinates": [ [ 20.505005, 54.7023851 ], [ 20.5051615, 54.7023559 ], [ 20.5053314, 54.7023325 ], [ 20.5063558, 54.7021917 ], [ 20.506739, 54.7021411 ], [ 20.5069878, 54.7021052 ] ] } },
{ "type": "Feature", "properties": { "u": 42, "v": 520, "key": 0, "oneway": "False", "highway": "tertiary", "name": "Полоцкая улица", "maxspeed": "RU:urban", "lanes": "2", "osmid": [ 980011174, 980011175 ] }, "geometry": { "type": "LineString", "coordinates": [ [ 20.505005, 54.7023851 ], [ 20.5048691, 54.7024068 ], [ 20.504821, 54.7024151 ], [ 20.5047392, 54.7024289 ] ] } },
{ "type": "Feature", "properties": { "u": 43, "v": 133, "key": 0, "oneway": "False", "highway": "tertiary", "name": "", "maxspeed": "RU:urban", "lanes": "2", "osmid": [ 44795256, 1372756637, 1372756638, 1372756639 ] }, "geometry": { "type": "LineString", "coordinates": [ [ 20.5081827, 54.7047153 ], [ 20.5082036, 54.7046389 ], [ 20.5081902, 54.7046057 ], [ 20.5081635, 54.7045395 ], [ 20.5080113, 54.7041616 ], [ 20.5079388, 54.7039818 ], [ 20.5078995, 54.7038844 ] ] } },
{ "type": "Feature", "properties": { "u": 43, "v": 498, "key": 0, "oneway": "True", "highway": "tertiary", "name": "", "maxspeed": "", "lanes": "1", "osmid": "669208270" }, "geometry": { "type": "LineString", "coordinates": [ [ 20.5081827, 54.7047153 ], [ 20.5082253, 54.7047204 ], [ 20.5082626, 54.7047334 ], [ 20.508289, 54.7047517 ], [ 20.5083041, 54.7047738 ], [ 20.5083064, 54.7047975 ], [ 20.5082956, 54.7048205 ] ] } },
{ "type": "Feature", "properties": { "u": 44, "v": 406, "key": 0, "oneway": "False", "highway": "secondary", "name": "Портовая улица", "maxspeed": "RU:urban", "lanes": "2", "osmid": "989399948" }, "geometry": { "type": "LineString", "coordinates": [ [ 20.5052869, 54.7042404 ], [ 20.5054075, 54.704225 ] ] } },
{ "type": "Feature", "properties": { "u": 44, "v": 211, "key": 0, "oneway": "False", "highway": "secondary", "name": "Портовая улица", "maxspeed": "RU:urban", "lanes": "2", "osmid": [ 989399945, 989399946, 989399947, 668678780, 1212485023 ] }, "geometry": { "type": "LineString", "coordinates": [ [ 20.5052869, 54.7042404 ], [ 20.5050496, 54.7042706 ], [ 20.5046824, 54.7043174 ], [ 20.5041728, 54.7043824 ], [ 20.5036945, 54.7044434 ], [ 20.5033743, 54.7044842 ] ] } },
{ "type": "Feature", "properties": { "u": 44, "v": 495, "key": 0, "oneway": "False", "highway": "tertiary", "name": "Старопрегольская набережная", "maxspeed": "RU:urban", "lanes": "2", "osmid": [ 1372756640, 1372756641, 1372756642, 1372756643, 980011180, 211419989, 308211230, 308211231 ] }, "geometry": { "type": "LineString", "coordinates": [ [ 20.5052869, 54.7042404 ], [ 20.5053082, 54.7042865 ], [ 20.5053466, 54.7043692 ], [ 20.5054218, 54.7044959 ], [ 20.5056742, 54.7047999 ], [ 20.5057308, 54.7048857 ], [ 20.5058366, 54.7049336 ], [ 20.5063671, 54.7049282 ], [ 20.5065019, 54.7049155 ], [ 20.5065443, 54.7049116 ], [ 20.5071216, 54.704858 ], [ 20.5071803, 54.7048526 ], [ 20.5072836, 54.704843 ], [ 20.5077949, 54.7047956 ], [ 20.5080533, 54.7047716 ] ] } },
{ "type": "Feature", "properties": { "u": 45, "v": 127, "key": 0, "oneway": "True", "highway": "primary", "name": "площадь Калинина", "maxspeed": "RU:urban", "lanes": "3", "osmid": "981617650" }, "geometry": { "type": "LineString", "coordinates": [ [ 20.5014846, 54.695245 ], [ 20.5024469, 54.694905 ], [ 20.5026741, 54.6948353 ], [ 20.5028309, 54.6948023 ], [ 20.5030131, 54.6947828 ] ] } },
{ "type": "Feature", "properties": { "u": 46, "v": 45, "key": 0, "oneway": "True", "highway": "residential", "name": "", "maxspeed": "RU:urban", "lanes": "2", "osmid": "42321802" }, "geometry": { "type": "LineString", "coordinates": [ [ 20.5007979, 54.6945926 ], [ 20.5008705, 54.69467 ], [ 20.5009033, 54.6947032 ], [ 20.5009602, 54.6947557 ], [ 20.5010392, 54.6948286 ], [ 20.5014036, 54.6951653 ], [ 20.5014378, 54.6951989 ], [ 20.5014846, 54.695245 ] ] } },
{ "type": "Feature", "properties": { "u": 47, "v": 133, "key": 0, "oneway": "False", "highway": "tertiary", "name": "Парусная улица", "maxspeed": "RU:urban", "lanes": "2", "osmid": [ 42322347, 1372756644 ] }, "geometry": { "type": "LineString", "coordinates": [ [ 20.5062356, 54.7040997 ], [ 20.5076267, 54.7039221 ], [ 20.5078995, 54.7038844 ] ] } },
{ "type": "Feature", "properties": { "u": 47, "v": 48, "key": 0, "oneway": "True", "highway": "tertiary_link", "name": "Парусная улица", "maxspeed": "", "lanes": "1", "osmid": "42322349" }, "geometry": { "type": "LineString", "coordinates": [ [ 20.5062356, 54.7040997 ], [ 20.5060565, 54.704178 ], [ 20.5059853, 54.7042169 ], [ 20.5059472, 54.7042644 ], [ 20.5059385, 54.7043351 ] ] } },
{ "type": "Feature", "properties": { "u": 48, "v": 284, "key": 0, "oneway": "True", "highway": "primary", "name": "Ленинский проспект", "maxspeed": "RU:urban", "lanes": "2", "osmid": "44022248" }, "geometry": { "type": "LineString", "coordinates": [ [ 20.5059385, 54.7043351 ], [ 20.5062122, 54.7048961 ], [ 20.5084991, 54.7095829 ] ] } },
{ "type": "Feature", "properties": { "u": 49, "v": 47, "key": 0, "oneway": "True", "highway": "tertiary_link", "name": "Парусная улица", "maxspeed": "", "lanes": "1", "osmid": "42322348" }, "geometry": { "type": "LineString", "coordinates": [ [ 20.505739, 54.7039774 ], [ 20.5058988, 54.7040569 ], [ 20.5060029, 54.7040823 ], [ 20.5061052, 54.7040948 ], [ 20.5062356, 54.7040997 ] ] } },
{ "type": "Feature", "properties": { "u": 49, "v": 48, "key": 0, "oneway": "True", "highway": "primary", "name": "Ленинский проспект", "maxspeed": "RU:urban", "lanes": "2", "osmid": [ 101322252, 41911957 ] }, "geometry": { "type": "LineString", "coordinates": [ [ 20.505739, 54.7039774 ], [ 20.5058522, 54.7041805 ], [ 20.5059385, 54.7043351 ] ] } },
{ "type": "Feature", "properties": { "u": 50, "v": 554, "key": 0, "oneway": "False", "highway": "primary", "name": "улица Дмитрия Донского", "maxspeed": "", "lanes": "2", "osmid": "42741469" }, "geometry": { "type": "LineString", "coordinates": [ [ 20.4934884, 54.7189758 ], [ 20.4935036, 54.7188912 ] ] } },
{ "type": "Feature", "properties": { "u": 50, "v": 595, "key": 0, "oneway": "True", "highway": "primary", "name": "Театральная улица", "maxspeed": "RU:urban", "lanes": "2", "osmid": "992612791" }, "geometry": { "type": "LineString", "coordinates": [ [ 20.4934884, 54.7189758 ], [ 20.4931761, 54.7190602 ] ] } },
{ "type": "Feature", "properties": { "u": 50, "v": 543, "key": 0, "oneway": "True", "highway": "primary", "name": "улица Дмитрия Донского", "maxspeed": "RU:urban", "lanes": "1", "osmid": "42323073" }, "geometry": { "type": "LineString", "coordinates": [ [ 20.4934884, 54.7189758 ], [ 20.4934601, 54.7190574 ], [ 20.4934541, 54.7191023 ], [ 20.4934731, 54.7194634 ], [ 20.4934844, 54.7195245 ] ] } },
{ "type": "Feature", "properties": { "u": 51, "v": 52, "key": 0, "oneway": "False", "highway": "residential", "name": "Кронштадтская улица", "maxspeed": "", "lanes": "1", "osmid": "42323079" }, "geometry": { "type": "LineString", "coordinates": [ [ 20.493147, 54.7204479 ], [ 20.4931634, 54.7202425 ], [ 20.4931753, 54.720094 ], [ 20.4931973, 54.7198193 ] ] } },
{ "type": "Feature", "properties": { "u": 51, "v": 38, "key": 0, "oneway": "False", "highway": "residential", "name": "Кронштадтская улица", "maxspeed": "", "lanes": "1", "osmid": [ 42323104, 42323075 ] }, "geometry": { "type": "LineString", "coordinates": [ [ 20.493147, 54.7204479 ], [ 20.4931433, 54.7204819 ], [ 20.4930496, 54.7213363 ], [ 20.4929918, 54.7219332 ], [ 20.4929292, 54.7224668 ] ] } },
{ "type": "Feature", "properties": { "u": 51, "v": 53, "key": 0, "oneway": "True", "highway": "tertiary", "name": "улица Грекова", "maxspeed": "RU:urban", "lanes": "2", "osmid": "1374294977" }, "geometry": { "type": "LineString", "coordinates": [ [ 20.493147, 54.7204479 ], [ 20.4918364, 54.7203865 ], [ 20.4916639, 54.7203806 ] ] } },
{ "type": "Feature", "properties": { "u": 52, "v": 51, "key": 0, "oneway": "False", "highway": "residential", "name": "Кронштадтская улица", "maxspeed": "", "lanes": "1", "osmid": "42323079" }, "geometry": { "type": "LineString", "coordinates": [ [ 20.4931973, 54.7198193 ], [ 20.4931753, 54.720094 ], [ 20.4931634, 54.7202425 ], [ 20.493147, 54.7204479 ] ] } },
{ "type": "Feature", "properties": { "u": 53, "v": 37, "key": 0, "oneway": "True", "highway": "tertiary", "name": "улица Грекова", "maxspeed": "RU:urban", "lanes": "2", "osmid": "1374294976" }, "geometry": { "type": "LineString", "coordinates": [ [ 20.4916639, 54.7203806 ], [ 20.4912409, 54.7203732 ] ] } },
{ "type": "Feature", "properties": { "u": 53, "v": 54, "key": 0, "oneway": "False", "highway": "residential", "name": "Театральный переулок", "maxspeed": "", "lanes": "2", "osmid": "42323259" }, "geometry": { "type": "LineString", "coordinates": [ [ 20.4916639, 54.7203806 ], [ 20.4916702, 54.720309 ], [ 20.4917455, 54.719455 ], [ 20.4917503, 54.7194 ], [ 20.4917324, 54.7192882 ] ] } },
{ "type": "Feature", "properties": { "u": 54, "v": 53, "key": 0, "oneway": "False", "highway": "residential", "name": "Театральный переулок", "maxspeed": "", "lanes": "2", "osmid": "42323259" }, "geometry": { "type": "LineString", "coordinates": [ [ 20.4917324, 54.7192882 ], [ 20.4917503, 54.7194 ], [ 20.4917455, 54.719455 ], [ 20.4916702, 54.720309 ], [ 20.4916639, 54.7203806 ] ] } },
{ "type": "Feature", "properties": { "u": 54, "v": 256, "key": 0, "oneway": "True", "highway": "primary", "name": "проспект Мира", "maxspeed": "RU:urban", "lanes": "2", "osmid": [ 77021580, 106630643, 992609877, 1374294971, 1374294972, 980844318 ] }, "geometry": { "type": "LineString", "coordinates": [ [ 20.4917324, 54.7192882 ], [ 20.4912307, 54.7193551 ], [ 20.4909208, 54.7194245 ], [ 20.4906143, 54.7195102 ], [ 20.4902816, 54.7196142 ], [ 20.4897753, 54.7197607 ], [ 20.4891433, 54.7199215 ], [ 20.4885522, 54.7200794 ], [ 20.4884231, 54.7201122 ], [ 20.4882709, 54.7201384 ], [ 20.4880908, 54.7201652 ] ] } },
{ "type": "Feature", "properties": { "u": 55, "v": 56, "key": 0, "oneway": "True", "highway": "primary", "name": "Московский проспект", "maxspeed": "RU:urban", "lanes": "3", "osmid": "42449783" }, "geometry": { "type": "LineString", "coordinates": [ [ 20.4950822, 54.7110582 ], [ 20.4948326, 54.7111848 ] ] } },
{ "type": "Feature", "properties": { "u": 56, "v": 57, "key": 0, "oneway": "True", "highway": "primary", "name": "Московский проспект", "maxspeed": "RU:urban", "lanes": "2", "osmid": "107299015" }, "geometry": { "type": "LineString", "coordinates": [ [ 20.4948326, 54.7111848 ], [ 20.4946541, 54.711233 ], [ 20.4944659, 54.7112476 ], [ 20.4943314, 54.7112323 ], [ 20.4941672, 54.7111794 ], [ 20.4940509, 54.7110862 ] ] } },
{ "type": "Feature", "properties": { "u": 56, "v": 66, "key": 0, "oneway": "True", "highway": "primary", "name": "улица Румянцева", "maxspeed": "RU:urban", "lanes": "3", "osmid": "404700834" }, "geometry": { "type": "LineString", "coordinates": [ [ 20.4948326, 54.7111848 ], [ 20.4943433, 54.7113951 ], [ 20.4938845, 54.7116332 ] ] } },
{ "type": "Feature", "properties": { "u": 57, "v": 58, "key": 0, "oneway": "True", "highway": "primary", "name": "Московский проспект", "maxspeed": "RU:urban", "lanes": "3", "osmid": "107299012" }, "geometry": { "type": "LineString", "coordinates": [ [ 20.4940509, 54.7110862 ], [ 20.4940126, 54.7109238 ] ] } },
{ "type": "Feature", "properties": { "u": 58, "v": 260, "key": 0, "oneway": "True", "highway": "primary", "name": "улица Генерала Буткова", "maxspeed": "RU:urban", "lanes": "3", "osmid": "42990364" }, "geometry": { "type": "LineString", "coordinates": [ [ 20.4940126, 54.7109238 ], [ 20.4939481, 54.7108176 ], [ 20.4938543, 54.7106943 ], [ 20.4938036, 54.7106446 ], [ 20.4929074, 54.7101266 ] ] } },
{ "type": "Feature", "properties": { "u": 58, "v": 59, "key": 0, "oneway": "True", "highway": "primary", "name": "Московский проспект", "maxspeed": "RU:urban", "lanes": "2", "osmid": "107300745" }, "geometry": { "type": "LineString", "coordinates": [ [ 20.4940126, 54.7109238 ], [ 20.4940573, 54.7108019 ], [ 20.4941232, 54.7107198 ], [ 20.4942774, 54.7106606 ], [ 20.4945006, 54.710622 ] ] } },
{ "type": "Feature", "properties": { "u": 59, "v": 60, "key": 0, "oneway": "True", "highway": "primary", "name": "Московский проспект", "maxspeed": "RU:urban", "lanes": "3", "osmid": "107300740" }, "geometry": { "type": "LineString", "coordinates": [ [ 20.4945006, 54.710622 ], [ 20.4947085, 54.7106447 ], [ 20.4948852, 54.7106992 ] ] } },
{ "type": "Feature", "properties": { "u": 60, "v": 237, "key": 0, "oneway": "True", "highway": "primary", "name": "Московский проспект", "maxspeed": "RU:urban", "lanes": "3", "osmid": "42449785" }, "geometry": { "type": "LineString", "coordinates": [ [ 20.4948852, 54.7106992 ], [ 20.4952583, 54.7106683 ], [ 20.4954404, 54.7106522 ] ] } },
{ "type": "Feature", "properties": { "u": 60, "v": 55, "key": 0, "oneway": "True", "highway": "primary", "name": "Московский проспект", "maxspeed": "RU:urban", "lanes": "2", "osmid": "106748628" }, "geometry": { "type": "LineString", "coordinates": [ [ 20.4948852, 54.7106992 ], [ 20.4949915, 54.7107553 ], [ 20.4950569, 54.7108369 ], [ 20.495098, 54.7109155 ], [ 20.4950822, 54.7110582 ] ] } },
{ "type": "Feature", "properties": { "u": 61, "v": 31, "key": 0, "oneway": "True", "highway": "tertiary", "name": "", "maxspeed": "RU:urban", "lanes": "1", "osmid": "53374887" }, "geometry": { "type": "LineString", "coordinates": [ [ 20.5317105, 54.7097665 ], [ 20.5316951, 54.7098827 ] ] } },
{ "type": "Feature", "properties": { "u": 61, "v": 193, "key": 0, "oneway": "True", "highway": "primary", "name": "Московский проспект", "maxspeed": "RU:urban", "lanes": "3", "osmid": "231200845" }, "geometry": { "type": "LineString", "coordinates": [ [ 20.5317105, 54.7097665 ], [ 20.531997, 54.7097799 ], [ 20.5337432, 54.7098386 ], [ 20.5341245, 54.7098447 ], [ 20.5344607, 54.7098345 ], [ 20.5362899, 54.7097415 ] ] } },
{ "type": "Feature", "properties": { "u": 62, "v": 542, "key": 0, "oneway": "False", "highway": "residential", "name": "улица Профессора Баранова", "maxspeed": "RU:urban", "lanes": "2", "osmid": "980510401" }, "geometry": { "type": "LineString", "coordinates": [ [ 20.5075005, 54.7209322 ], [ 20.507397, 54.7209207 ] ] } },
{ "type": "Feature", "properties": { "u": 63, "v": 6, "key": 0, "oneway": "True", "highway": "primary", "name": "улица Черняховского", "maxspeed": "RU:urban", "lanes": "4", "osmid": [ 134496181, 287846982 ] }, "geometry": { "type": "LineString", "coordinates": [ [ 20.5053452, 54.7195615 ], [ 20.5034422, 54.7192083 ], [ 20.5019714, 54.7189444 ], [ 20.5018632, 54.718925 ], [ 20.5017735, 54.7189017 ], [ 20.5016641, 54.7188692 ] ] } },
{ "type": "Feature", "properties": { "u": 63, "v": 542, "key": 0, "oneway": "False", "highway": "residential", "name": "улица Подполковника Иванникова", "maxspeed": "RU:urban", "lanes": "2", "osmid": [ 287689421, 42594989, 127184123, 1370697596, 1370697597, 980510399 ] }, "geometry": { "type": "LineString", "coordinates": [ [ 20.5053452, 54.7195615 ], [ 20.5052789, 54.7196713 ], [ 20.5052615, 54.7197012 ], [ 20.5050105, 54.7201304 ], [ 20.5049461, 54.7202443 ], [ 20.5048484, 54.7204124 ], [ 20.5047967, 54.7205015 ], [ 20.5056274, 54.7206658 ], [ 20.5059475, 54.7207291 ], [ 20.5060546, 54.7207486 ], [ 20.5066484, 54.7208302 ], [ 20.5069479, 54.720868 ], [ 20.5071817, 54.7208975 ], [ 20.5072861, 54.7209107 ], [ 20.507397, 54.7209207 ] ] } },
{ "type": "Feature", "properties": { "u": 63, "v": 530, "key": 0, "oneway": "False", "highway": "unclassified", "name": "улица Подполковника Иванникова", "maxspeed": "RU:urban", "lanes": "2", "osmid": "1290030972" }, "geometry": { "type": "LineString", "coordinates": [ [ 20.5053452, 54.7195615 ], [ 20.505367, 54.7195253 ], [ 20.5053739, 54.7195139 ], [ 20.5054041, 54.7194638 ] ] } },
{ "type": "Feature", "properties": { "u": 64, "v": 4, "key": 0, "oneway": "True", "highway": "primary", "name": "Театральная улица", "maxspeed": "RU:urban", "lanes": "3", "osmid": [ 287310150, 287310151, 980859272, 217613104, 42595697, 980859189 ] }, "geometry": { "type": "LineString", "coordinates": [ [ 20.500365, 54.717133 ], [ 20.4999185, 54.7172681 ], [ 20.498607, 54.7176376 ], [ 20.498266, 54.717723 ], [ 20.4981077, 54.7177567 ], [ 20.4973688, 54.7180153 ], [ 20.4972002, 54.7180777 ] ] } },
{ "type": "Feature", "properties": { "u": 65, "v": 67, "key": 0, "oneway": "False", "highway": "residential", "name": "Ботаническая улица", "maxspeed": "", "lanes": "1", "osmid": "42596792" }, "geometry": { "type": "LineString", "coordinates": [ [ 20.4943596, 54.7116994 ], [ 20.4958827, 54.7116539 ] ] } },
{ "type": "Feature", "properties": { "u": 65, "v": 221, "key": 0, "oneway": "False", "highway": "tertiary", "name": "улица Генерала Галицкого", "maxspeed": "RU:urban", "lanes": "2", "osmid": [ 1370697568, 204024687 ] }, "geometry": { "type": "LineString", "coordinates": [ [ 20.4943596, 54.7116994 ], [ 20.49503, 54.7123732 ], [ 20.4950809, 54.7124471 ], [ 20.4951105, 54.7125107 ], [ 20.4951292, 54.7125839 ], [ 20.4951416, 54.7127356 ], [ 20.4951668, 54.7128058 ], [ 20.4952075, 54.7128713 ], [ 20.4952683, 54.7129328 ], [ 20.4953135, 54.712976 ] ] } },
{ "type": "Feature", "properties": { "u": 65, "v": 66, "key": 0, "oneway": "False", "highway": "tertiary", "name": "улица Генерала Галицкого", "maxspeed": "RU:urban", "lanes": "2", "osmid": "1370697569" }, "geometry": { "type": "LineString", "coordinates": [ [ 20.4943596, 54.7116994 ], [ 20.4940061, 54.7116899 ], [ 20.4938845, 54.7116332 ] ] } },
{ "type": "Feature", "properties": { "u": 66, "v": 618, "key": 0, "oneway": "True", "highway": "primary", "name": "улица Румянцева", "maxspeed": "RU:urban", "lanes": "3", "osmid": "42452217" }, "geometry": { "type": "LineString", "coordinates": [ [ 20.4938845, 54.7116332 ], [ 20.4933105, 54.7119118 ], [ 20.4929935, 54.7120448 ], [ 20.4928742, 54.7120902 ], [ 20.4926666, 54.7121502 ], [ 20.4921264, 54.7122581 ], [ 20.4913212, 54.7124023 ], [ 20.4909277, 54.7124736 ] ] } },
{ "type": "Feature", "properties": { "u": 66, "v": 65, "key": 0, "oneway": "False", "highway": "tertiary", "name": "улица Генерала Галицкого", "maxspeed": "RU:urban", "lanes": "2", "osmid": "1370697569" }, "geometry": { "type": "LineString", "coordinates": [ [ 20.4938845, 54.7116332 ], [ 20.4940061, 54.7116899 ], [ 20.4943596, 54.7116994 ] ] } },
{ "type": "Feature", "properties": { "u": 67, "v": 65, "key": 0, "oneway": "False", "highway": "residential", "name": "Ботаническая улица", "maxspeed": "", "lanes": "1", "osmid": "42596792" }, "geometry": { "type": "LineString", "coordinates": [ [ 20.4958827, 54.7116539 ], [ 20.4943596, 54.7116994 ] ] } },
{ "type": "Feature", "properties": { "u": 68, "v": 73, "key": 0, "oneway": "False", "highway": "tertiary", "name": "Житомирская улица", "maxspeed": "RU:urban", "lanes": "2", "osmid": "1372756625" }, "geometry": { "type": "LineString", "coordinates": [ [ 20.5067648, 54.7118116 ], [ 20.506761, 54.7118554 ] ] } },
{ "type": "Feature", "properties": { "u": 68, "v": 390, "key": 0, "oneway": "True", "highway": "tertiary", "name": "улица Вагнера", "maxspeed": "RU:urban", "lanes": "1", "osmid": [ 980011190, 980011191 ] }, "geometry": { "type": "LineString", "coordinates": [ [ 20.5067648, 54.7118116 ], [ 20.507046, 54.7117675 ], [ 20.5071832, 54.711762 ], [ 20.5085081, 54.7117938 ], [ 20.5086113, 54.7117946 ], [ 20.508791, 54.7117929 ] ] } },
{ "type": "Feature", "properties": { "u": 68, "v": 414, "key": 0, "oneway": "False", "highway": "residential", "name": "улица Коперника", "maxspeed": "RU:urban", "lanes": "1", "osmid": [ 1372756620, 1372756621, 1372756622, 693840853, 693840854, 693840855, 42600189 ] }, "geometry": { "type": "LineString", "coordinates": [ [ 20.5067648, 54.7118116 ], [ 20.5067801, 54.7116359 ], [ 20.5067916, 54.7115035 ], [ 20.5067949, 54.7114655 ], [ 20.5068077, 54.7113183 ], [ 20.5068145, 54.7112406 ], [ 20.5068549, 54.7107766 ], [ 20.5068607, 54.7106992 ], [ 20.5068581, 54.7106318 ], [ 20.5067482, 54.7104752 ], [ 20.5066711, 54.7104629 ] ] } },
{ "type": "Feature", "properties": { "u": 69, "v": 221, "key": 0, "oneway": "False", "highway": "tertiary", "name": "улица Генерала Галицкого", "maxspeed": "RU:urban", "lanes": "2", "osmid": "204024687" }, "geometry": { "type": "LineString", "coordinates": [ [ 20.4955466, 54.7131894 ], [ 20.4953135, 54.712976 ] ] } },
{ "type": "Feature", "properties": { "u": 69, "v": 461, "key": 0, "oneway": "False", "highway": "tertiary", "name": "улица Бесселя", "maxspeed": "RU:urban", "lanes": "2", "osmid": "42597737" }, "geometry": { "type": "LineString", "coordinates": [ [ 20.4955466, 54.7131894 ], [ 20.4956603, 54.7131617 ], [ 20.49707, 54.7132042 ], [ 20.4973554, 54.7132128 ], [ 20.4974111, 54.7132145 ] ] } },
{ "type": "Feature", "properties": { "u": 69, "v": 462, "key": 0, "oneway": "False", "highway": "tertiary", "name": "улица Генерала Галицкого", "maxspeed": "RU:urban", "lanes": "2", "osmid": "386541583" }, "geometry": { "type": "LineString", "coordinates": [ [ 20.4955466, 54.7131894 ], [ 20.4960252, 54.7137025 ], [ 20.4961616, 54.7137865 ], [ 20.4963179, 54.7138478 ], [ 20.4967539, 54.7139581 ], [ 20.4969622, 54.7140279 ], [ 20.4971333, 54.7141225 ], [ 20.4972867, 54.7142305 ] ] } },
{ "type": "Feature", "properties": { "u": 70, "v": 371, "key": 0, "oneway": "False", "highway": "living_street", "name": "Космическая улица", "maxspeed": "RU:living_street", "lanes": "", "osmid": "206266641" }, "geometry": { "type": "LineString", "coordinates": [ [ 20.4981667, 54.7131894 ], [ 20.4982733, 54.7132302 ] ] } },
{ "type": "Feature", "properties": { "u": 70, "v": 71, "key": 0, "oneway": "False", "highway": "tertiary", "name": "улица Бесселя", "maxspeed": "RU:urban", "lanes": "2", "osmid": "42597737" }, "geometry": { "type": "LineString", "coordinates": [ [ 20.4981667, 54.7131894 ], [ 20.4985704, 54.7125836 ], [ 20.4986403, 54.7124913 ], [ 20.49883, 54.7123664 ] ] } },
{ "type": "Feature", "properties": { "u": 70, "v": 461, "key": 0, "oneway": "False", "highway": "tertiary", "name": "улица Бесселя", "maxspeed": "RU:urban", "lanes": "2", "osmid": "42597737" }, "geometry": { "type": "LineString", "coordinates": [ [ 20.4981667, 54.7131894 ], [ 20.4980735, 54.7132187 ], [ 20.4979277, 54.71323 ], [ 20.4974111, 54.7132145 ] ] } },
{ "type": "Feature", "properties": { "u": 71, "v": 70, "key": 0, "oneway": "False", "highway": "tertiary", "name": "улица Бесселя", "maxspeed": "RU:urban", "lanes": "2", "osmid": "42597737" }, "geometry": { "type": "LineString", "coordinates": [ [ 20.49883, 54.7123664 ], [ 20.4986403, 54.7124913 ], [ 20.4985704, 54.7125836 ], [ 20.4981667, 54.7131894 ] ] } },
{ "type": "Feature", "properties": { "u": 71, "v": 72, "key": 0, "oneway": "False", "highway": "tertiary", "name": "улица Вагнера", "maxspeed": "RU:urban", "lanes": "2", "osmid": "42597785" }, "geometry": { "type": "LineString", "coordinates": [ [ 20.49883, 54.7123664 ], [ 20.4988866, 54.7123504 ], [ 20.4990116, 54.7123451 ], [ 20.4990876, 54.7123419 ], [ 20.5000604, 54.7123332 ], [ 20.5001848, 54.7123321 ], [ 20.500938, 54.7123253 ] ] } },
{ "type": "Feature", "properties": { "u": 71, "v": 121, "key": 0, "oneway": "False", "highway": "residential", "name": "Загорская улица", "maxspeed": "", "lanes": "2", "osmid": "43950569" }, "geometry": { "type": "LineString", "coordinates": [ [ 20.49883, 54.7123664 ], [ 20.4986645, 54.7119112 ], [ 20.4985458, 54.7117886 ], [ 20.4983318, 54.7117304 ], [ 20.4982115, 54.7117098 ] ] } },
{ "type": "Feature", "properties": { "u": 72, "v": 71, "key": 0, "oneway": "False", "highway": "tertiary", "name": "улица Вагнера", "maxspeed": "RU:urban", "lanes": "2", "osmid": "42597785" }, "geometry": { "type": "LineString", "coordinates": [ [ 20.500938, 54.7123253 ], [ 20.5001848, 54.7123321 ], [ 20.5000604, 54.7123332 ], [ 20.4990876, 54.7123419 ], [ 20.4990116, 54.7123451 ], [ 20.4988866, 54.7123504 ], [ 20.49883, 54.7123664 ] ] } },
{ "type": "Feature", "properties": { "u": 72, "v": 123, "key": 0, "oneway": "False", "highway": "tertiary", "name": "улица Вагнера", "maxspeed": "RU:urban", "lanes": "2", "osmid": "314108348" }, "geometry": { "type": "LineString", "coordinates": [ [ 20.500938, 54.7123253 ], [ 20.5010401, 54.7123188 ], [ 20.501163, 54.7123083 ], [ 20.5019264, 54.7122434 ] ] } },
{ "type": "Feature", "properties": { "u": 73, "v": 337, "key": 0, "oneway": "False", "highway": "tertiary", "name": "улица Вагнера", "maxspeed": "RU:urban", "lanes": "2", "osmid": "746885544" }, "geometry": { "type": "LineString", "coordinates": [ [ 20.506761, 54.7118554 ], [ 20.5063019, 54.7118896 ] ] } },
{ "type": "Feature", "properties": { "u": 73, "v": 68, "key": 0, "oneway": "False", "highway": "tertiary", "name": "Житомирская улица", "maxspeed": "RU:urban", "lanes": "2", "osmid": "1372756625" }, "geometry": { "type": "LineString", "coordinates": [ [ 20.506761, 54.7118554 ], [ 20.5067648, 54.7118116 ] ] } },
{ "type": "Feature", "properties": { "u": 73, "v": 1, "key": 0, "oneway": "False", "highway": "tertiary", "name": "Житомирская улица", "maxspeed": "RU:urban", "lanes": "2", "osmid": [ 1372756625, 211044265, 1372756623 ] }, "geometry": { "type": "LineString", "coordinates": [ [ 20.506761, 54.7118554 ], [ 20.5067563, 54.7119086 ], [ 20.5067513, 54.711966 ], [ 20.5067431, 54.7120606 ], [ 20.5067379, 54.7121204 ] ] } },
{ "type": "Feature", "properties": { "u": 74, "v": 77, "key": 0, "oneway": "False", "highway": "residential", "name": "Геологическая улица", "maxspeed": "RU:urban", "lanes": "2", "osmid": [ 1372756616, 42598219 ] }, "geometry": { "type": "LineString", "coordinates": [ [ 20.5025801, 54.7140269 ], [ 20.5016513, 54.7142265 ], [ 20.5006261, 54.7144468 ] ] } },
{ "type": "Feature", "properties": { "u": 74, "v": 72, "key": 0, "oneway": "True", "highway": "residential", "name": "Барнаульская улица", "maxspeed": "RU:urban", "lanes": "2", "osmid": [ 1372756617, 43951262 ] }, "geometry": { "type": "LineString", "coordinates": [ [ 20.5025801, 54.7140269 ], [ 20.5024025, 54.713892 ], [ 20.5021838, 54.7137258 ], [ 20.5018222, 54.7134065 ], [ 20.5014948, 54.7130313 ], [ 20.501274, 54.7127415 ], [ 20.5011362, 54.7125655 ], [ 20.5009717, 54.7123754 ], [ 20.500938, 54.7123253 ] ] } },
{ "type": "Feature", "properties": { "u": 75, "v": 74, "key": 0, "oneway": "True", "highway": "residential", "name": "Барнаульская улица", "maxspeed": "RU:urban", "lanes": "2", "osmid": "42598221" }, "geometry": { "type": "LineString", "coordinates": [ [ 20.5028494, 54.7141762 ], [ 20.5025801, 54.7140269 ] ] } },
{ "type": "Feature", "properties": { "u": 75, "v": 82, "key": 0, "oneway": "True", "highway": "residential", "name": "Больничная улица", "maxspeed": "RU:urban", "lanes": "1", "osmid": "42599289" }, "geometry": { "type": "LineString", "coordinates": [ [ 20.5028494, 54.7141762 ], [ 20.5035475, 54.714037 ] ] } },
{ "type": "Feature", "properties": { "u": 76, "v": 325, "key": 0, "oneway": "True", "highway": "primary", "name": "Ленинский проспект", "maxspeed": "RU:urban", "lanes": "3", "osmid": [ 25901297, 668655484, 1372756606 ] }, "geometry": { "type": "LineString", "coordinates": [ [ 20.5043055, 54.715155 ], [ 20.5034143, 54.7158527 ], [ 20.5032813, 54.715971 ], [ 20.5031115, 54.7161907 ] ] } },
{ "type": "Feature", "properties": { "u": 77, "v": 372, "key": 0, "oneway": "False", "highway": "residential", "name": "Космическая улица", "maxspeed": "RU:urban", "lanes": "2", "osmid": [ 42598642, 42598659 ] }, "geometry": { "type": "LineString", "coordinates": [ [ 20.5006261, 54.7144468 ], [ 20.5004194, 54.7142156 ], [ 20.4999521, 54.7143304 ] ] } },
{ "type": "Feature", "properties": { "u": 77, "v": 74, "key": 0, "oneway": "False", "highway": "residential", "name": "Геологическая улица", "maxspeed": "RU:urban", "lanes": "2", "osmid": [ 1372756616, 42598219 ] }, "geometry": { "type": "LineString", "coordinates": [ [ 20.5006261, 54.7144468 ], [ 20.5016513, 54.7142265 ], [ 20.5025801, 54.7140269 ] ] } },
{ "type": "Feature", "properties": { "u": 78, "v": 387, "key": 0, "oneway": "False", "highway": "residential", "name": "Космическая улица", "maxspeed": "RU:urban", "lanes": "2", "osmid": "980859138" }, "geometry": { "type": "LineString", "coordinates": [ [ 20.5024497, 54.7162457 ], [ 20.5023847, 54.7161807 ] ] } },
{ "type": "Feature", "properties": { "u": 78, "v": 324, "key": 0, "oneway": "True", "highway": "primary", "name": "Театральная улица", "maxspeed": "RU:urban", "lanes": "2", "osmid": "980859143" }, "geometry": { "type": "LineString", "coordinates": [ [ 20.5024497, 54.7162457 ], [ 20.5025284, 54.7162124 ] ] } },
{ "type": "Feature", "properties": { "u": 79, "v": 489, "key": 0, "oneway": "False", "highway": "residential", "name": "улица Диккенса", "maxspeed": "RU:urban", "lanes": "2", "osmid": "42598659" }, "geometry": { "type": "LineString", "coordinates": [ [ 20.4999174, 54.7143389 ], [ 20.4991511, 54.7145309 ] ] } },
{ "type": "Feature", "properties": { "u": 79, "v": 372, "key": 0, "oneway": "False", "highway": "residential", "name": "улица Диккенса", "maxspeed": "RU:urban", "lanes": "2", "osmid": "42598659" }, "geometry": { "type": "LineString", "coordinates": [ [ 20.4999174, 54.7143389 ], [ 20.4999521, 54.7143304 ] ] } },
{ "type": "Feature", "properties": { "u": 79, "v": 394, "key": 0, "oneway": "False", "highway": "living_street", "name": "Космическая улица", "maxspeed": "RU:living_street", "lanes": "", "osmid": [ 206266640, 274851449 ] }, "geometry": { "type": "LineString", "coordinates": [ [ 20.4999174, 54.7143389 ], [ 20.5007843, 54.7152387 ], [ 20.5008122, 54.7152639 ], [ 20.5009643, 54.7152414 ], [ 20.5012547, 54.7151467 ] ] } },
{ "type": "Feature", "properties": { "u": 80, "v": 487, "key": 0, "oneway": "False", "highway": "residential", "name": "улица Диккенса", "maxspeed": "RU:urban", "lanes": "2", "osmid": "42598659" }, "geometry": { "type": "LineString", "coordinates": [ [ 20.4979941, 54.7148683 ], [ 20.4981136, 54.7148325 ], [ 20.4983812, 54.7147522 ] ] } },
{ "type": "Feature", "properties": { "u": 80, "v": 462, "key": 0, "oneway": "False", "highway": "tertiary", "name": "улица Генерала Галицкого", "maxspeed": "RU:urban", "lanes": "2", "osmid": "386541583" }, "geometry": { "type": "LineString", "coordinates": [ [ 20.4979941, 54.7148683 ], [ 20.4979349, 54.7148149 ], [ 20.4972867, 54.7142305 ] ] } },
{ "type": "Feature", "properties": { "u": 80, "v": 553, "key": 0, "oneway": "True", "highway": "tertiary", "name": "улица Генерала Галицкого", "maxspeed": "RU:urban", "lanes": "2", "osmid": [ 1372756608, 386664478 ] }, "geometry": { "type": "LineString", "coordinates": [ [ 20.4979941, 54.7148683 ], [ 20.4990226, 54.7158269 ], [ 20.4990963, 54.7158975 ], [ 20.500045, 54.7168063 ], [ 20.5002473, 54.7170116 ], [ 20.5002698, 54.7170342 ], [ 20.5003098, 54.7170764 ] ] } },
{ "type": "Feature", "properties": { "u": 81, "v": 78, "key": 0, "oneway": "True", "highway": "primary", "name": "Театральная улица", "maxspeed": "RU:urban", "lanes": "2", "osmid": [ 980859139, 980859140 ] }, "geometry": { "type": "LineString", "coordinates": [ [ 20.5012903, 54.716699 ], [ 20.5019601, 54.7164371 ], [ 20.5022692, 54.7163163 ], [ 20.5024497, 54.7162457 ] ] } },
{ "type": "Feature", "properties": { "u": 81, "v": 622, "key": 0, "oneway": "False", "highway": "residential", "name": "Звёздная улица", "maxspeed": "RU:urban", "lanes": "2", "osmid": "1372756612" }, "geometry": { "type": "LineString", "coordinates": [ [ 20.5012903, 54.716699 ], [ 20.5012431, 54.716656 ], [ 20.5012166, 54.7166299 ] ] } },
{ "type": "Feature", "properties": { "u": 82, "v": 86, "key": 0, "oneway": "True", "highway": "residential", "name": "Больничная улица", "maxspeed": "RU:urban", "lanes": "1", "osmid": "42600407" }, "geometry": { "type": "LineString", "coordinates": [ [ 20.5035475, 54.714037 ], [ 20.503446, 54.7142407 ], [ 20.5034185, 54.7144375 ], [ 20.5033986, 54.7146515 ] ] } },
{ "type": "Feature", "properties": { "u": 83, "v": 317, "key": 0, "oneway": "True", "highway": "residential", "name": "Больничная улица", "maxspeed": "RU:urban", "lanes": "2", "osmid": "238150711" }, "geometry": { "type": "LineString", "coordinates": [ [ 20.5036074, 54.7120935 ], [ 20.5036529, 54.7125107 ] ] } },
{ "type": "Feature", "properties": { "u": 83, "v": 84, "key": 0, "oneway": "False", "highway": "residential", "name": "Больничная улица", "maxspeed": "RU:urban", "lanes": "2", "osmid": "238150710" }, "geometry": { "type": "LineString", "coordinates": [ [ 20.5036074, 54.7120935 ], [ 20.5035019, 54.7114157 ], [ 20.5034271, 54.7107845 ] ] } },
{ "type": "Feature", "properties": { "u": 83, "v": 122, "key": 0, "oneway": "False", "highway": "tertiary", "name": "улица Вагнера", "maxspeed": "RU:urban", "lanes": "2", "osmid": "314108347" }, "geometry": { "type": "LineString", "coordinates": [ [ 20.5036074, 54.7120935 ], [ 20.503692, 54.7120867 ], [ 20.5049665, 54.7119841 ], [ 20.5056018, 54.7119426 ] ] } },
{ "type": "Feature", "properties": { "u": 83, "v": 381, "key": 0, "oneway": "False", "highway": "tertiary", "name": "улица Вагнера", "maxspeed": "RU:urban", "lanes": "2", "osmid": "314108348" }, "geometry": { "type": "LineString", "coordinates": [ [ 20.5036074, 54.7120935 ], [ 20.5035297, 54.7121 ], [ 20.5028867, 54.7121538 ] ] } },
{ "type": "Feature", "properties": { "u": 84, "v": 415, "key": 0, "oneway": "False", "highway": "residential", "name": "улица Коперника", "maxspeed": "RU:urban", "lanes": "1", "osmid": "177144645" }, "geometry": { "type": "LineString", "coordinates": [ [ 20.5034271, 54.7107845 ], [ 20.5038491, 54.7107187 ], [ 20.5042505, 54.7106802 ] ] } },
{ "type": "Feature", "properties": { "u": 84, "v": 83, "key": 0, "oneway": "False", "highway": "residential", "name": "Больничная улица", "maxspeed": "RU:urban", "lanes": "2", "osmid": "238150710" }, "geometry": { "type": "LineString", "coordinates": [ [ 20.5034271, 54.7107845 ], [ 20.5035019, 54.7114157 ], [ 20.5036074, 54.7120935 ] ] } },
{ "type": "Feature", "properties": { "u": 84, "v": 617, "key": 0, "oneway": "False", "highway": "residential", "name": "улица Коперника", "maxspeed": "RU:urban", "lanes": "1", "osmid": "1372756618" }, "geometry": { "type": "LineString", "coordinates": [ [ 20.5034271, 54.7107845 ], [ 20.5030604, 54.7108101 ], [ 20.5026219, 54.7108408 ], [ 20.5020855, 54.7108783 ] ] } },
{ "type": "Feature", "properties": { "u": 85, "v": 414, "key": 0, "oneway": "True", "highway": "residential", "name": "улица Коперника", "maxspeed": "", "lanes": "1", "osmid": "693840856" }, "geometry": { "type": "LineString", "coordinates": [ [ 20.5064545, 54.7104678 ], [ 20.5066711, 54.7104629 ] ] } },
{ "type": "Feature", "properties": { "u": 86, "v": 75, "key": 0, "oneway": "True", "highway": "residential", "name": "Барнаульская улица", "maxspeed": "RU:urban", "lanes": "2", "osmid": "256125448" }, "geometry": { "type": "LineString", "coordinates": [ [ 20.5033986, 54.7146515 ], [ 20.5031315, 54.7144204 ], [ 20.5028494, 54.7141762 ] ] } },
{ "type": "Feature", "properties": { "u": 86, "v": 519, "key": 0, "oneway": "False", "highway": "residential", "name": "Барнаульская улица", "maxspeed": "RU:urban", "lanes": "2", "osmid": [ 256125449, 1372756626, 1372756627, 1372756628, 314108346 ] }, "geometry": { "type": "LineString", "coordinates": [ [ 20.5033986, 54.7146515 ], [ 20.503474, 54.7147161 ], [ 20.5035522, 54.7147831 ], [ 20.5036468, 54.7148515 ], [ 20.5038575, 54.7149484 ], [ 20.503998, 54.715018 ], [ 20.5041166, 54.7150673 ] ] } },
{ "type": "Feature", "properties": { "u": 87, "v": 13, "key": 0, "oneway": "True", "highway": "primary", "name": "проспект Мира", "maxspeed": "RU:urban", "lanes": "2", "osmid": [ 980844498, 980844500 ] }, "geometry": { "type": "LineString", "coordinates": [ [ 20.4947917, 54.7200424 ], [ 20.4945078, 54.7200238 ], [ 20.4943454, 54.7200063 ] ] } },
{ "type": "Feature", "properties": { "u": 87, "v": 545, "key": 0, "oneway": "True", "highway": "primary", "name": "улица Ушинского", "maxspeed": "", "lanes": "2", "osmid": "1290031670" }, "geometry": { "type": "LineString", "coordinates": [ [ 20.4947917, 54.7200424 ], [ 20.4947966, 54.7200042 ], [ 20.4947994, 54.719982 ], [ 20.4948042, 54.7199443 ] ] } },
{ "type": "Feature", "properties": { "u": 88, "v": 35, "key": 0, "oneway": "True", "highway": "primary", "name": "проспект Мира", "maxspeed": "RU:urban", "lanes": "2", "osmid": "294349902" }, "geometry": { "type": "LineString", "coordinates": [ [ 20.4979595, 54.7201911 ], [ 20.4978524, 54.7201854 ] ] } },
{ "type": "Feature", "properties": { "u": 88, "v": 544, "key": 0, "oneway": "False", "highway": "primary", "name": "проспект Мира", "maxspeed": "RU:urban", "lanes": "2", "osmid": "42740839" }, "geometry": { "type": "LineString", "coordinates": [ [ 20.4979595, 54.7201911 ], [ 20.4979623, 54.7201624 ], [ 20.4979656, 54.7201293 ], [ 20.4979719, 54.7200756 ] ] } },
{ "type": "Feature", "properties": { "u": 89, "v": 90, "key": 0, "oneway": "True", "highway": "tertiary", "name": "проспект Мира", "maxspeed": "RU:urban", "lanes": "2", "osmid": "133251309" }, "geometry": { "type": "LineString", "coordinates": [ [ 20.498016, 54.7197312 ], [ 20.497931, 54.7195223 ], [ 20.4979088, 54.7194833 ], [ 20.4978294, 54.7193498 ], [ 20.4977511, 54.7192812 ], [ 20.4976485, 54.7192224 ], [ 20.4971201, 54.7190412 ] ] } },
{ "type": "Feature", "properties": { "u": 89, "v": 544, "key": 0, "oneway": "False", "highway": "tertiary", "name": "проспект Мира", "maxspeed": "RU:urban", "lanes": "2", "osmid": [ 299550313, 1232534069 ] }, "geometry": { "type": "LineString", "coordinates": [ [ 20.498016, 54.7197312 ], [ 20.4979984, 54.7198675 ], [ 20.4979872, 54.7199536 ], [ 20.4979781, 54.7200223 ], [ 20.4979719, 54.7200756 ] ] } },
{ "type": "Feature", "properties": { "u": 90, "v": 621, "key": 0, "oneway": "False", "highway": "residential", "name": "", "maxspeed": "", "lanes": "1", "osmid": "42740843" }, "geometry": { "type": "LineString", "coordinates": [ [ 20.4971201, 54.7190412 ], [ 20.4965747, 54.7190381 ], [ 20.4958823, 54.719021 ], [ 20.4953194, 54.71901 ], [ 20.4951065, 54.7190059 ], [ 20.4949449, 54.7190106 ] ] } },
{ "type": "Feature", "properties": { "u": 90, "v": 91, "key": 0, "oneway": "True", "highway": "tertiary", "name": "проспект Мира", "maxspeed": "RU:urban", "lanes": "2", "osmid": [ 299550315, 299550310 ] }, "geometry": { "type": "LineString", "coordinates": [ [ 20.4971201, 54.7190412 ], [ 20.4965295, 54.7186246 ], [ 20.4963222, 54.7184802 ], [ 20.4962266, 54.7184135 ], [ 20.4961715, 54.7183702 ] ] } },
{ "type": "Feature", "properties": { "u": 91, "v": 93, "key": 0, "oneway": "True", "highway": "primary", "name": "Театральная улица", "maxspeed": "RU:urban", "lanes": "2", "osmid": [ 232419185, 980859188, 1374294967 ] }, "geometry": { "type": "LineString", "coordinates": [ [ 20.4961715, 54.7183702 ], [ 20.4958216, 54.718451 ], [ 20.4950197, 54.7186362 ], [ 20.4948552, 54.7186725 ] ] } },
{ "type": "Feature", "properties": { "u": 92, "v": 393, "key": 0, "oneway": "False", "highway": "unclassified", "name": "улица Ушинского", "maxspeed": "", "lanes": "2", "osmid": "42740841" }, "geometry": { "type": "LineString", "coordinates": [ [ 20.4947897, 54.718886 ], [ 20.4948014, 54.7190185 ], [ 20.4948159, 54.7191843 ], [ 20.494834, 54.719559 ], [ 20.4948328, 54.7195756 ], [ 20.4948206, 54.7197333 ], [ 20.4948103, 54.7198654 ] ] } },
{ "type": "Feature", "properties": { "u": 93, "v": 555, "key": 0, "oneway": "False", "highway": "residential", "name": "улица Марата", "maxspeed": "RU:urban", "lanes": "2", "osmid": "980859159" }, "geometry": { "type": "LineString", "coordinates": [ [ 20.4948552, 54.7186725 ], [ 20.494818, 54.7186125 ] ] } },
{ "type": "Feature", "properties": { "u": 93, "v": 50, "key": 0, "oneway": "True", "highway": "primary", "name": "Театральная улица", "maxspeed": "RU:urban", "lanes": "2", "osmid": [ 980859185, 735094031 ] }, "geometry": { "type": "LineString", "coordinates": [ [ 20.4948552, 54.7186725 ], [ 20.4946368, 54.718721 ], [ 20.4936423, 54.7189421 ], [ 20.4935556, 54.71896 ], [ 20.4934884, 54.7189758 ] ] } },
{ "type": "Feature", "properties": { "u": 94, "v": 98, "key": 0, "oneway": "True", "highway": "primary", "name": "проспект Мира", "maxspeed": "RU:urban", "lanes": "2", "osmid": "77021571" }, "geometry": { "type": "LineString", "coordinates": [ [ 20.4875892, 54.7201671 ], [ 20.487402, 54.7201483 ], [ 20.4872698, 54.7201259 ], [ 20.4871015, 54.720096 ], [ 20.4866538, 54.7200298 ] ] } },
{ "type": "Feature", "properties": { "u": 94, "v": 550, "key": 0, "oneway": "True", "highway": "tertiary", "name": "Гостиная улица", "maxspeed": "RU:urban", "lanes": "2", "osmid": "1374294950" }, "geometry": { "type": "LineString", "coordinates": [ [ 20.4875892, 54.7201671 ], [ 20.487591, 54.7201402 ], [ 20.4875922, 54.7201228 ], [ 20.487595, 54.7200809 ] ] } },
{ "type": "Feature", "properties": { "u": 95, "v": 97, "key": 0, "oneway": "False", "highway": "tertiary", "name": "улица Дмитрия Донского", "maxspeed": "RU:urban", "lanes": "2", "osmid": [ 1107464568, 1374294956 ] }, "geometry": { "type": "LineString", "coordinates": [ [ 20.4881638, 54.7158868 ], [ 20.487902, 54.7158775 ], [ 20.4876807, 54.7158589 ], [ 20.4874393, 54.7158117 ], [ 20.4871111, 54.7157322 ] ] } },
{ "type": "Feature", "properties": { "u": 95, "v": 286, "key": 0, "oneway": "False", "highway": "tertiary", "name": "улица Дмитрия Донского", "maxspeed": "RU:urban", "lanes": "2", "osmid": "1107464569" }, "geometry": { "type": "LineString", "coordinates": [ [ 20.4881638, 54.7158868 ], [ 20.4888503, 54.7158441 ], [ 20.4890859, 54.7158301 ], [ 20.4891993, 54.7158234 ] ] } },
{ "type": "Feature", "properties": { "u": 96, "v": 547, "key": 0, "oneway": "True", "highway": "secondary", "name": "Свободная улица", "maxspeed": "40", "lanes": "3", "osmid": [ 980844328, 1374294941, 42758174 ] }, "geometry": { "type": "LineString", "coordinates": [ [ 20.48696, 54.7179704 ], [ 20.4868456, 54.7189144 ], [ 20.4868269, 54.7190687 ], [ 20.4867994, 54.7192959 ], [ 20.486776, 54.7194893 ], [ 20.4867413, 54.7198129 ], [ 20.4867303, 54.7198664 ], [ 20.4866831, 54.7199667 ] ] } },
{ "type": "Feature", "properties": { "u": 97, "v": 96, "key": 0, "oneway": "True", "highway": "secondary", "name": "Свободная улица", "maxspeed": "40", "lanes": "2", "osmid": "42758174" }, "geometry": { "type": "LineString", "coordinates": [ [ 20.4871111, 54.7157322 ], [ 20.48696, 54.7179704 ] ] } },
{ "type": "Feature", "properties": { "u": 97, "v": 95, "key": 0, "oneway": "False", "highway": "tertiary", "name": "улица Дмитрия Донского", "maxspeed": "RU:urban", "lanes": "2", "osmid": [ 1107464568, 1374294956 ] }, "geometry": { "type": "LineString", "coordinates": [ [ 20.4871111, 54.7157322 ], [ 20.4874393, 54.7158117 ], [ 20.4876807, 54.7158589 ], [ 20.487902, 54.7158775 ], [ 20.4881638, 54.7158868 ] ] } },
{ "type": "Feature", "properties": { "u": 99, "v": 283, "key": 0, "oneway": "False", "highway": "primary", "name": "Гвардейский проспект", "maxspeed": "RU:urban", "lanes": "3", "osmid": [ 210189712, 1012813127 ] }, "geometry": { "type": "LineString", "coordinates": [ [ 20.4898713, 54.706835 ], [ 20.4898464, 54.706988 ], [ 20.4897916, 54.7071076 ], [ 20.4897351, 54.7071893 ], [ 20.4896809, 54.7072623 ], [ 20.4896243, 54.7073885 ], [ 20.4896028, 54.7074659 ], [ 20.4896005, 54.7075532 ], [ 20.4896192, 54.7076475 ], [ 20.4896712, 54.7077325 ], [ 20.4897308, 54.7078067 ], [ 20.4898884, 54.7079594 ], [ 20.4899832, 54.7080715 ] ] } },
{ "type": "Feature", "properties": { "u": 99, "v": 222, "key": 0, "oneway": "False", "highway": "primary", "name": "", "maxspeed": "RU:urban", "lanes": "3", "osmid": "1260616396" }, "geometry": { "type": "LineString", "coordinates": [ [ 20.4898713, 54.706835 ], [ 20.4898524, 54.706788 ], [ 20.4897847, 54.7067249 ], [ 20.4897283, 54.706676 ], [ 20.4896591, 54.7066246 ], [ 20.4895823, 54.7065842 ], [ 20.4893877, 54.7064857 ] ] } },
{ "type": "Feature", "properties": { "u": 100, "v": 170, "key": 0, "oneway": "False", "highway": "tertiary", "name": "улица Богдана Хмельницкого", "maxspeed": "RU:urban", "lanes": "2", "osmid": [ 121516045, 713320358, 713320359 ] }, "geometry": { "type": "LineString", "coordinates": [ [ 20.5165384, 54.6972822 ], [ 20.5164111, 54.6972798 ], [ 20.5161817, 54.6972763 ], [ 20.5152289, 54.6972651 ], [ 20.515177, 54.6972645 ] ] } },
{ "type": "Feature", "properties": { "u": 100, "v": 290, "key": 0, "oneway": "True", "highway": "secondary", "name": "Октябрьская улица", "maxspeed": "RU:urban", "lanes": "2", "osmid": "142675430" }, "geometry": { "type": "LineString", "coordinates": [ [ 20.5165384, 54.6972822 ], [ 20.516559, 54.6970845 ], [ 20.5165694, 54.6969844 ], [ 20.5165847, 54.6968369 ], [ 20.5166015, 54.6966762 ] ] } },
{ "type": "Feature", "properties": { "u": 101, "v": 19, "key": 0, "oneway": "True", "highway": "primary", "name": "Ленинский проспект", "maxspeed": "RU:urban", "lanes": "3", "osmid": [ 1372496938, 641649492, 980011158 ] }, "geometry": { "type": "LineString", "coordinates": [ [ 20.5030627, 54.6969515 ], [ 20.502969, 54.6970433 ], [ 20.5029214, 54.6971176 ], [ 20.5028997, 54.6971638 ], [ 20.5028908, 54.6972204 ], [ 20.5028876, 54.6972625 ], [ 20.5029192, 54.6974559 ], [ 20.5030584, 54.6981715 ], [ 20.5030804, 54.6982848 ], [ 20.5031021, 54.6985022 ], [ 20.5031106, 54.6986908 ], [ 20.503133, 54.6988053 ], [ 20.5031459, 54.698871 ] ] } },
{ "type": "Feature", "properties": { "u": 101, "v": 179, "key": 0, "oneway": "False", "highway": "tertiary", "name": "улица Богдана Хмельницкого", "maxspeed": "RU:urban", "lanes": "2", "osmid": "989399988" }, "geometry": { "type": "LineString", "coordinates": [ [ 20.5030627, 54.6969515 ], [ 20.5031876, 54.6969609 ], [ 20.5034335, 54.6969783 ], [ 20.5039562, 54.6970185 ] ] } },
{ "type": "Feature", "properties": { "u": 102, "v": 356, "key": 0, "oneway": "True", "highway": "residential", "name": "", "maxspeed": "", "lanes": "1", "osmid": [ 314321308, 42990924, 1372496941, 1372496942 ] }, "geometry": { "type": "LineString", "coordinates": [ [ 20.5032186, 54.6958303 ], [ 20.5031669, 54.6958301 ], [ 20.5031251, 54.6958299 ], [ 20.5029902, 54.6958294 ], [ 20.5027572, 54.695824 ], [ 20.5023967, 54.6958156 ], [ 20.502106, 54.6958089 ] ] } },
{ "type": "Feature", "properties": { "u": 102, "v": 153, "key": 0, "oneway": "True", "highway": "residential", "name": "Ольштынская улица", "maxspeed": "40", "lanes": "1", "osmid": [ 314321298, 45508628 ] }, "geometry": { "type": "LineString", "coordinates": [ [ 20.5032186, 54.6958303 ], [ 20.5033102, 54.6958306 ], [ 20.504474, 54.6958536 ], [ 20.5046999, 54.69586 ], [ 20.5056388, 54.6958826 ], [ 20.5064974, 54.6958898 ] ] } },
{ "type": "Feature", "properties": { "u": 102, "v": 101, "key": 0, "oneway": "True", "highway": "primary", "name": "Ленинский проспект", "maxspeed": "RU:urban", "lanes": "2", "osmid": [ 772939733, 1372496948, 1372496949 ] }, "geometry": { "type": "LineString", "coordinates": [ [ 20.5032186, 54.6958303 ], [ 20.5032395, 54.6959913 ], [ 20.5032152, 54.6963153 ], [ 20.50314, 54.6968375 ], [ 20.5031151, 54.6968797 ], [ 20.5030627, 54.6969515 ] ] } },
{ "type": "Feature", "properties": { "u": 103, "v": 126, "key": 0, "oneway": "True", "highway": "primary", "name": "Октябрьская улица", "maxspeed": "RU:urban", "lanes": "4", "osmid": [ 1370089161, 107419291 ] }, "geometry": { "type": "LineString", "coordinates": [ [ 20.5166158, 54.6965384 ], [ 20.5166292, 54.6964094 ], [ 20.5166476, 54.6962325 ], [ 20.5167246, 54.6954924 ], [ 20.5167334, 54.6954081 ], [ 20.5167398, 54.6953469 ] ] } },
{ "type": "Feature", "properties": { "u": 104, "v": 213, "key": 0, "oneway": "True", "highway": "primary", "name": "Железнодорожная улица", "maxspeed": "", "lanes": "1", "osmid": "53576613" }, "geometry": { "type": "LineString", "coordinates": [ [ 20.4897386, 54.7050201 ], [ 20.4897956, 54.7049471 ], [ 20.4898711, 54.7048876 ], [ 20.4899408, 54.7048365 ] ] } },
{ "type": "Feature", "properties": { "u": 104, "v": 212, "key": 0, "oneway": "True", "highway": "secondary", "name": "Железнодорожная улица", "maxspeed": "", "lanes": "1", "osmid": "294670053" }, "geometry": { "type": "LineString", "coordinates": [ [ 20.4897386, 54.7050201 ], [ 20.489676, 54.7048608 ], [ 20.4896503, 54.7047935 ], [ 20.4895985, 54.7047315 ] ] } },
{ "type": "Feature", "properties": { "u": 105, "v": 106, "key": 0, "oneway": "False", "highway": "unclassified", "name": "Южная улица", "maxspeed": "", "lanes": "2", "osmid": "664710849" }, "geometry": { "type": "LineString", "coordinates": [ [ 20.4925711, 54.6963421 ], [ 20.4925531, 54.6963702 ], [ 20.4925415, 54.6963885 ] ] } },
{ "type": "Feature", "properties": { "u": 106, "v": 251, "key": 0, "oneway": "False", "highway": "residential", "name": "Южная улица", "maxspeed": "RU:urban", "lanes": "2", "osmid": "130867095" }, "geometry": { "type": "LineString", "coordinates": [ [ 20.4925415, 54.6963885 ], [ 20.4925183, 54.6964126 ], [ 20.492428, 54.6964949 ], [ 20.4917183, 54.6969857 ] ] } },
{ "type": "Feature", "properties": { "u": 106, "v": 507, "key": 0, "oneway": "False", "highway": "primary", "name": "улица Александра Суворова", "maxspeed": "", "lanes": "3", "osmid": [ 981660657, 172879669, 687435374 ] }, "geometry": { "type": "LineString", "coordinates": [ [ 20.4925415, 54.6963885 ], [ 20.493123, 54.696623 ], [ 20.4932925, 54.6966914 ], [ 20.4937136, 54.6968755 ], [ 20.4938514, 54.6969347 ] ] } },
{ "type": "Feature", "properties": { "u": 106, "v": 105, "key": 0, "oneway": "False", "highway": "unclassified", "name": "Южная улица", "maxspeed": "", "lanes": "2", "osmid": "664710849" }, "geometry": { "type": "LineString", "coordinates": [ [ 20.4925415, 54.6963885 ], [ 20.4925531, 54.6963702 ], [ 20.4925711, 54.6963421 ] ] } },
{ "type": "Feature", "properties": { "u": 106, "v": 250, "key": 0, "oneway": "False", "highway": "primary", "name": "улица Александра Суворова", "maxspeed": "RU:urban", "lanes": "4", "osmid": [ 130867096, 43073288, 981660658, 43073286 ] }, "geometry": { "type": "LineString", "coordinates": [ [ 20.4925415, 54.6963885 ], [ 20.4924, 54.696341 ], [ 20.4922374, 54.6962883 ], [ 20.4914862, 54.6960274 ], [ 20.4913048, 54.6959882 ], [ 20.4910319, 54.6959527 ], [ 20.4889587, 54.6956624 ], [ 20.4881305, 54.6955438 ] ] } },
{ "type": "Feature", "properties": { "u": 107, "v": 623, "key": 0, "oneway": "False", "highway": "secondary", "name": "Пролетарская улица", "maxspeed": "RU:urban", "lanes": "2", "osmid": "43317275" }, "geometry": { "type": "LineString", "coordinates": [ [ 20.5147713, 54.7219558 ], [ 20.5147867, 54.7219908 ] ] } },
{ "type": "Feature", "properties": { "u": 107, "v": 402, "key": 0, "oneway": "True", "highway": "secondary", "name": "Озёрный проезд", "maxspeed": "RU:urban", "lanes": "2", "osmid": "295023373" }, "geometry": { "type": "LineString", "coordinates": [ [ 20.5147713, 54.7219558 ], [ 20.514894, 54.7219301 ] ] } },
{ "type": "Feature", "properties": { "u": 107, "v": 615, "key": 0, "oneway": "False", "highway": "secondary", "name": "Пролетарская улица", "maxspeed": "RU:urban", "lanes": "2", "osmid": [ 1369736253, 1364318061 ] }, "geometry": { "type": "LineString", "coordinates": [ [ 20.5147713, 54.7219558 ], [ 20.5147193, 54.7218442 ], [ 20.5146613, 54.7217178 ] ] } },
{ "type": "Feature", "properties": { "u": 108, "v": 401, "key": 0, "oneway": "True", "highway": "secondary", "name": "Озёрный проезд", "maxspeed": "RU:urban", "lanes": "2", "osmid": [ 43120085, 295023375 ] }, "geometry": { "type": "LineString", "coordinates": [ [ 20.5172289, 54.7208069 ], [ 20.5170495, 54.7208745 ], [ 20.5170115, 54.7208983 ], [ 20.5167624, 54.7210444 ], [ 20.5161797, 54.7213462 ], [ 20.5155205, 54.7217008 ], [ 20.5152269, 54.7218312 ] ] } },
{ "type": "Feature", "properties": { "u": 108, "v": 12, "key": 0, "oneway": "True", "highway": "primary", "name": "улица Черняховского", "maxspeed": "RU:urban", "lanes": "2", "osmid": [ 669215961, 295045379, 980120565 ] }, "geometry": { "type": "LineString", "coordinates": [ [ 20.5172289, 54.7208069 ], [ 20.5169197, 54.7207757 ], [ 20.5167991, 54.7207622 ], [ 20.5162943, 54.7207058 ], [ 20.5149156, 54.7205638 ], [ 20.5144488, 54.720529 ], [ 20.5141839, 54.7205165 ] ] } },
{ "type": "Feature", "properties": { "u": 109, "v": 110, "key": 0, "oneway": "False", "highway": "primary", "name": "улица Литовский Вал", "maxspeed": "RU:urban", "lanes": "5", "osmid": "106764632" }, "geometry": { "type": "LineString", "coordinates": [ [ 20.5359282, 54.7133342 ], [ 20.535871, 54.7133932 ], [ 20.535849, 54.7134169 ], [ 20.535816, 54.7134513 ] ] } },
{ "type": "Feature", "properties": { "u": 109, "v": 218, "key": 0, "oneway": "False", "highway": "primary", "name": "улица Литовский Вал", "maxspeed": "RU:urban", "lanes": "3", "osmid": [ 669215989, 297911972, 669215988, 489543277 ] }, "geometry": { "type": "LineString", "coordinates": [ [ 20.5359282, 54.7133342 ], [ 20.5359797, 54.713288 ], [ 20.5360485, 54.7132134 ], [ 20.5363683, 54.712866 ], [ 20.5366158, 54.7125825 ], [ 20.5369891, 54.7120603 ], [ 20.5371341, 54.7118277 ] ] } },
{ "type": "Feature", "properties": { "u": 110, "v": 9, "key": 0, "oneway": "True", "highway": "secondary", "name": "улица Фрунзе", "maxspeed": "RU:urban", "lanes": "2", "osmid": [ 435475477, 43125589 ] }, "geometry": { "type": "LineString", "coordinates": [ [ 20.535816, 54.7134513 ], [ 20.5356545, 54.7134137 ], [ 20.5355428, 54.7134016 ], [ 20.535274, 54.7133849 ], [ 20.5351079, 54.7134135 ], [ 20.5348267, 54.7135146 ], [ 20.5347009, 54.7135638 ], [ 20.5344732, 54.7135513 ] ] } },
{ "type": "Feature", "properties": { "u": 110, "v": 109, "key": 0, "oneway": "False", "highway": "primary", "name": "улица Литовский Вал", "maxspeed": "RU:urban", "lanes": "5", "osmid": "106764632" }, "geometry": { "type": "LineString", "coordinates": [ [ 20.535816, 54.7134513 ], [ 20.535849, 54.7134169 ], [ 20.535871, 54.7133932 ], [ 20.5359282, 54.7133342 ] ] } },
{ "type": "Feature", "properties": { "u": 110, "v": 233, "key": 0, "oneway": "False", "highway": "primary", "name": "улица Литовский Вал", "maxspeed": "RU:urban", "lanes": "3", "osmid": [ 297911971, 733841817, 669215987, 733841815, 733841816, 106764633, 733841818, 733841819 ] }, "geometry": { "type": "LineString", "coordinates": [ [ 20.535816, 54.7134513 ], [ 20.5357424, 54.7135384 ], [ 20.5353833, 54.7139564 ], [ 20.5353405, 54.7140062 ], [ 20.5350596, 54.7143331 ], [ 20.5347413, 54.7147165 ], [ 20.5344059, 54.7151205 ], [ 20.5340338, 54.7155686 ], [ 20.532841, 54.7169892 ], [ 20.5327985, 54.7170398 ], [ 20.5324839, 54.7173198 ], [ 20.5323383, 54.7174309 ], [ 20.5320241, 54.7176465 ], [ 20.5314091, 54.7180167 ], [ 20.5312141, 54.7181341 ], [ 20.5300491, 54.7188355 ] ] } },
{ "type": "Feature", "properties": { "u": 111, "v": 115, "key": 0, "oneway": "True", "highway": "secondary", "name": "улица Шевченко", "maxspeed": "RU:urban", "lanes": "2", "osmid": "107421771" }, "geometry": { "type": "LineString", "coordinates": [ [ 20.5178919, 54.7120248 ], [ 20.5178302, 54.7119899 ], [ 20.517784, 54.7119476 ] ] } },
{ "type": "Feature", "properties": { "u": 112, "v": 119, "key": 0, "oneway": "True", "highway": "secondary", "name": "улица Шевченко", "maxspeed": "", "lanes": "1", "osmid": "43570096" }, "geometry": { "type": "LineString", "coordinates": [ [ 20.5182976, 54.7116628 ], [ 20.5183929, 54.7117046 ], [ 20.5184606, 54.7117616 ], [ 20.51848, 54.7117907 ], [ 20.5184958, 54.711865 ], [ 20.5184418, 54.7119663 ] ] } },
{ "type": "Feature", "properties": { "u": 112, "v": 118, "key": 0, "oneway": "True", "highway": "secondary", "name": "улица Фрунзе", "maxspeed": "", "lanes": "1", "osmid": [ 669755256, 43571122 ] }, "geometry": { "type": "LineString", "coordinates": [ [ 20.5182976, 54.7116628 ], [ 20.5185404, 54.7117016 ], [ 20.5187278, 54.7117468 ], [ 20.5189206, 54.7117953 ], [ 20.5189821, 54.7118108 ] ] } },
{ "type": "Feature", "properties": { "u": 113, "v": 270, "key": 0, "oneway": "True", "highway": "secondary", "name": "улица Шевченко", "maxspeed": "RU:urban", "lanes": "3", "osmid": "43570908" }, "geometry": { "type": "LineString", "coordinates": [ [ 20.5097738, 54.7114066 ], [ 20.5108595, 54.7112358 ] ] } },
{ "type": "Feature", "properties": { "u": 114, "v": 112, "key": 0, "oneway": "True", "highway": "secondary", "name": "улица Шевченко", "maxspeed": "", "lanes": "3", "osmid": "106485853" }, "geometry": { "type": "LineString", "coordinates": [ [ 20.5181301, 54.7116375 ], [ 20.5182976, 54.7116628 ] ] } },
{ "type": "Feature", "properties": { "u": 115, "v": 267, "key": 0, "oneway": "True", "highway": "secondary", "name": "улица Шевченко", "maxspeed": "40", "lanes": "3", "osmid": [ 301573661, 43570902, 301573662 ] }, "geometry": { "type": "LineString", "coordinates": [ [ 20.517784, 54.7119476 ], [ 20.5173386, 54.711612 ], [ 20.5171647, 54.711488 ], [ 20.5167853, 54.711233 ], [ 20.5165619, 54.7110938 ], [ 20.5163163, 54.7109829 ], [ 20.5160638, 54.7109043 ], [ 20.5158408, 54.710852 ], [ 20.5156008, 54.7108113 ], [ 20.515216, 54.7107808 ], [ 20.5147317, 54.7107898 ], [ 20.5136366, 54.7109573 ] ] } },
{ "type": "Feature", "properties": { "u": 115, "v": 114, "key": 0, "oneway": "True", "highway": "secondary", "name": "улица Шевченко", "maxspeed": "", "lanes": "2", "osmid": "106485869" }, "geometry": { "type": "LineString", "coordinates": [ [ 20.517784, 54.7119476 ], [ 20.517755, 54.7118985 ], [ 20.5177472, 54.7118468 ], [ 20.5177609, 54.7117954 ], [ 20.5177954, 54.7117475 ], [ 20.5178835, 54.7116868 ], [ 20.5179541, 54.7116603 ], [ 20.5181301, 54.7116375 ] ] } },
{ "type": "Feature", "properties": { "u": 116, "v": 117, "key": 0, "oneway": "True", "highway": "secondary", "name": "улица Шевченко", "maxspeed": "RU:urban", "lanes": "2", "osmid": "107174507" }, "geometry": { "type": "LineString", "coordinates": [ [ 20.5125603, 54.7111295 ], [ 20.511984, 54.7112254 ] ] } },
{ "type": "Feature", "properties": { "u": 116, "v": 27, "key": 0, "oneway": "True", "highway": "secondary", "name": "Пролетарская улица", "maxspeed": "RU:urban", "lanes": "2", "osmid": "43570911" }, "geometry": { "type": "LineString", "coordinates": [ [ 20.5125603, 54.7111295 ], [ 20.5124482, 54.7112026 ], [ 20.5123695, 54.7112714 ], [ 20.512336, 54.7113672 ] ] } },
{ "type": "Feature", "properties": { "u": 117, "v": 268, "key": 0, "oneway": "True", "highway": "secondary", "name": "улица Шевченко", "maxspeed": "RU:urban", "lanes": "3", "osmid": [ 107174498, 1370697571 ] }, "geometry": { "type": "LineString", "coordinates": [ [ 20.511984, 54.7112254 ], [ 20.5118409, 54.7112463 ], [ 20.5117631, 54.7112589 ], [ 20.5109344, 54.7113935 ] ] } },
{ "type": "Feature", "properties": { "u": 118, "v": 220, "key": 0, "oneway": "False", "highway": "secondary", "name": "улица Фрунзе", "maxspeed": "RU:urban", "lanes": "2", "osmid": "43571117" }, "geometry": { "type": "LineString", "coordinates": [ [ 20.5189821, 54.7118108 ], [ 20.5204948, 54.7119821 ] ] } },
{ "type": "Feature", "properties": { "u": 118, "v": 119, "key": 0, "oneway": "True", "highway": "secondary", "name": "улица Фрунзе", "maxspeed": "RU:urban", "lanes": "1", "osmid": "43571120" }, "geometry": { "type": "LineString", "coordinates": [ [ 20.5189821, 54.7118108 ], [ 20.5189182, 54.711818 ], [ 20.5186553, 54.7118478 ], [ 20.518563, 54.7118965 ], [ 20.5184418, 54.7119663 ] ] } },
{ "type": "Feature", "properties": { "u": 119, "v": 249, "key": 0, "oneway": "True", "highway": "secondary", "name": "улица Шевченко", "maxspeed": "RU:urban", "lanes": "2", "osmid": "106485862" }, "geometry": { "type": "LineString", "coordinates": [ [ 20.5184418, 54.7119663 ], [ 20.5184074, 54.7119939 ] ] } },
{ "type": "Feature", "properties": { "u": 120, "v": 269, "key": 0, "oneway": "False", "highway": "residential", "name": "Клиническая улица", "maxspeed": "", "lanes": "2", "osmid": "106485873" }, "geometry": { "type": "LineString", "coordinates": [ [ 20.5196258, 54.7135466 ], [ 20.5195726, 54.7134987 ], [ 20.5194828, 54.7134192 ], [ 20.5192086, 54.7131764 ], [ 20.5190862, 54.713068 ] ] } },
{ "type": "Feature", "properties": { "u": 121, "v": 71, "key": 0, "oneway": "False", "highway": "residential", "name": "Загорская улица", "maxspeed": "", "lanes": "2", "osmid": "43950569" }, "geometry": { "type": "LineString", "coordinates": [ [ 20.4982115, 54.7117098 ], [ 20.4983318, 54.7117304 ], [ 20.4985458, 54.7117886 ], [ 20.4986645, 54.7119112 ], [ 20.49883, 54.7123664 ] ] } },
{ "type": "Feature", "properties": { "u": 122, "v": 337, "key": 0, "oneway": "False", "highway": "tertiary", "name": "улица Вагнера", "maxspeed": "RU:urban", "lanes": "2", "osmid": "746885544" }, "geometry": { "type": "LineString", "coordinates": [ [ 20.5056018, 54.7119426 ], [ 20.5063019, 54.7118896 ] ] } },
{ "type": "Feature", "properties": { "u": 122, "v": 348, "key": 0, "oneway": "False", "highway": "residential", "name": "улица Салтыкова-Щедрина", "maxspeed": "RU:urban", "lanes": "1", "osmid": "43951437" }, "geometry": { "type": "LineString", "coordinates": [ [ 20.5056018, 54.7119426 ], [ 20.5056193, 54.711308 ], [ 20.5056531, 54.7108496 ] ] } },
{ "type": "Feature", "properties": { "u": 122, "v": 83, "key": 0, "oneway": "False", "highway": "tertiary", "name": "улица Вагнера", "maxspeed": "RU:urban", "lanes": "2", "osmid": "314108347" }, "geometry": { "type": "LineString", "coordinates": [ [ 20.5056018, 54.7119426 ], [ 20.5049665, 54.7119841 ], [ 20.503692, 54.7120867 ], [ 20.5036074, 54.7120935 ] ] } },
{ "type": "Feature", "properties": { "u": 123, "v": 381, "key": 0, "oneway": "False", "highway": "tertiary", "name": "улица Вагнера", "maxspeed": "RU:urban", "lanes": "2", "osmid": "314108348" }, "geometry": { "type": "LineString", "coordinates": [ [ 20.5019264, 54.7122434 ], [ 20.5028867, 54.7121538 ] ] } },
{ "type": "Feature", "properties": { "u": 123, "v": 124, "key": 0, "oneway": "False", "highway": "residential", "name": "Сибирская улица", "maxspeed": "RU:urban", "lanes": "2", "osmid": [ 43951856, 144329647 ] }, "geometry": { "type": "LineString", "coordinates": [ [ 20.5019264, 54.7122434 ], [ 20.5019716, 54.7122976 ], [ 20.5024793, 54.7129067 ], [ 20.5025634, 54.7130156 ], [ 20.5025969, 54.7130746 ], [ 20.5037144, 54.7130028 ] ] } },
{ "type": "Feature", "properties": { "u": 123, "v": 72, "key": 0, "oneway": "False", "highway": "tertiary", "name": "улица Вагнера", "maxspeed": "RU:urban", "lanes": "2", "osmid": "314108348" }, "geometry": { "type": "LineString", "coordinates": [ [ 20.5019264, 54.7122434 ], [ 20.501163, 54.7123083 ], [ 20.5010401, 54.7123188 ], [ 20.500938, 54.7123253 ] ] } },
{ "type": "Feature", "properties": { "u": 124, "v": 320, "key": 0, "oneway": "True", "highway": "residential", "name": "Больничная улица", "maxspeed": "RU:urban", "lanes": "2", "osmid": "238150711" }, "geometry": { "type": "LineString", "coordinates": [ [ 20.5037144, 54.7130028 ], [ 20.5037963, 54.7133927 ] ] } },
{ "type": "Feature", "properties": { "u": 124, "v": 123, "key": 0, "oneway": "False", "highway": "residential", "name": "Сибирская улица", "maxspeed": "RU:urban", "lanes": "2", "osmid": [ 43951856, 144329647 ] }, "geometry": { "type": "LineString", "coordinates": [ [ 20.5037144, 54.7130028 ], [ 20.5025969, 54.7130746 ], [ 20.5025634, 54.7130156 ], [ 20.5024793, 54.7129067 ], [ 20.5019716, 54.7122976 ], [ 20.5019264, 54.7122434 ] ] } },
{ "type": "Feature", "properties": { "u": 125, "v": 275, "key": 0, "oneway": "True", "highway": "primary", "name": "проспект Калинина", "maxspeed": "RU:urban", "lanes": "3", "osmid": [ 687297278, 107419290, 687297277, 288009629, 687297279 ] }, "geometry": { "type": "LineString", "coordinates": [ [ 20.516751, 54.6952389 ], [ 20.5196178, 54.6953368 ], [ 20.5198421, 54.6953445 ], [ 20.5199503, 54.69535 ], [ 20.5200776, 54.6953558 ], [ 20.5204825, 54.6953743 ], [ 20.5208397, 54.6953997 ] ] } },
{ "type": "Feature", "properties": { "u": 126, "v": 125, "key": 0, "oneway": "True", "highway": "primary", "name": "Октябрьская улица", "maxspeed": "RU:urban", "lanes": "2", "osmid": "46732157" }, "geometry": { "type": "LineString", "coordinates": [ [ 20.5167398, 54.6953469 ], [ 20.516751, 54.6952389 ] ] } },
{ "type": "Feature", "properties": { "u": 126, "v": 203, "key": 0, "oneway": "True", "highway": "primary", "name": "проспект Калинина", "maxspeed": "RU:urban", "lanes": "2", "osmid": [ 981617625, 981617626, 1053446695 ] }, "geometry": { "type": "LineString", "coordinates": [ [ 20.5167398, 54.6953469 ], [ 20.5165158, 54.6953407 ], [ 20.5151457, 54.6952951 ], [ 20.5146745, 54.6952794 ], [ 20.514189, 54.695263 ], [ 20.5138088, 54.6952501 ] ] } },
{ "type": "Feature", "properties": { "u": 127, "v": 558, "key": 0, "oneway": "True", "highway": "primary", "name": "Ленинский проспект", "maxspeed": "RU:urban", "lanes": "3", "osmid": "984243072" }, "geometry": { "type": "LineString", "coordinates": [ [ 20.5030131, 54.6947828 ], [ 20.5030134, 54.6948886 ] ] } },
{ "type": "Feature", "properties": { "u": 127, "v": 195, "key": 0, "oneway": "True", "highway": "primary", "name": "проспект Калинина", "maxspeed": "RU:urban", "lanes": "2", "osmid": [ 981617643, 44732748, 981617645, 981617646, 981617644, 1252989754, 1252989755 ] }, "geometry": { "type": "LineString", "coordinates": [ [ 20.5030131, 54.6947828 ], [ 20.5032759, 54.69478 ], [ 20.5033243, 54.6947816 ], [ 20.5038652, 54.6947987 ], [ 20.50436, 54.6948143 ], [ 20.5049112, 54.6948358 ], [ 20.5053329, 54.6948473 ], [ 20.5062309, 54.6948766 ], [ 20.5065313, 54.6948864 ] ] } },
{ "type": "Feature", "properties": { "u": 128, "v": 171, "key": 0, "oneway": "False", "highway": "residential", "name": "Большая Песочная улица", "maxspeed": "RU:urban", "lanes": "1", "osmid": [ 996149797, 713320357 ] }, "geometry": { "type": "LineString", "coordinates": [ [ 20.5169755, 54.6981756 ], [ 20.5168465, 54.6982184 ], [ 20.5166281, 54.6982752 ], [ 20.5162724, 54.6983612 ], [ 20.5156362, 54.6985115 ], [ 20.5154697, 54.6985509 ] ] } },
{ "type": "Feature", "properties": { "u": 128, "v": 100, "key": 0, "oneway": "True", "highway": "secondary", "name": "Октябрьская улица", "maxspeed": "RU:urban", "lanes": "2", "osmid": [ 210176827, 982459597, 982459517 ] }, "geometry": { "type": "LineString", "coordinates": [ [ 20.5169755, 54.6981756 ], [ 20.5169341, 54.6981016 ], [ 20.5168333, 54.6979154 ], [ 20.5167453, 54.6977488 ], [ 20.5165952, 54.6974066 ], [ 20.5165384, 54.6972822 ] ] } },
{ "type": "Feature", "properties": { "u": 129, "v": 567, "key": 0, "oneway": "False", "highway": "residential", "name": "улица Новый Вал", "maxspeed": "RU:living_street", "lanes": "2", "osmid": "44387293" }, "geometry": { "type": "LineString", "coordinates": [ [ 20.509511, 54.6993721 ], [ 20.5095065, 54.6993958 ], [ 20.5095049, 54.6994046 ], [ 20.5095009, 54.6994258 ] ] } },
{ "type": "Feature", "properties": { "u": 129, "v": 174, "key": 0, "oneway": "True", "highway": "secondary", "name": "улица Багратиона", "maxspeed": "RU:urban", "lanes": "1", "osmid": [ 982439553, 713320349 ] }, "geometry": { "type": "LineString", "coordinates": [ [ 20.509511, 54.6993721 ], [ 20.5098085, 54.6993926 ], [ 20.5099118, 54.6993997 ], [ 20.5101937, 54.6994179 ], [ 20.5103957, 54.6994309 ] ] } },
{ "type": "Feature", "properties": { "u": 130, "v": 132, "key": 0, "oneway": "False", "highway": "residential", "name": "улица Новый Вал", "maxspeed": "RU:living_street", "lanes": "2", "osmid": "44794758" }, "geometry": { "type": "LineString", "coordinates": [ [ 20.5095622, 54.701715 ], [ 20.5095794, 54.7018366 ], [ 20.5096415, 54.7022746 ] ] } },
{ "type": "Feature", "properties": { "u": 130, "v": 41, "key": 0, "oneway": "False", "highway": "tertiary", "name": "Краснооктябрьская улица", "maxspeed": "RU:urban", "lanes": "2", "osmid": [ 146462894, 989399966 ] }, "geometry": { "type": "LineString", "coordinates": [ [ 20.5095622, 54.701715 ], [ 20.5090636, 54.7017933 ], [ 20.5081934, 54.70193 ], [ 20.5080886, 54.7019481 ] ] } },
{ "type": "Feature", "properties": { "u": 130, "v": 188, "key": 0, "oneway": "False", "highway": "tertiary", "name": "Краснооктябрьская улица", "maxspeed": "RU:urban", "lanes": "2", "osmid": [ 989399968, 989399969, 989399967 ] }, "geometry": { "type": "LineString", "coordinates": [ [ 20.5095622, 54.701715 ], [ 20.5097062, 54.7016869 ], [ 20.5109559, 54.701438 ], [ 20.5115441, 54.7013209 ] ] } },
{ "type": "Feature", "properties": { "u": 130, "v": 185, "key": 0, "oneway": "False", "highway": "residential", "name": "улица Новый Вал", "maxspeed": "RU:living_street", "lanes": "2", "osmid": "996149794" }, "geometry": { "type": "LineString", "coordinates": [ [ 20.5095622, 54.701715 ], [ 20.5095559, 54.7016629 ], [ 20.5094704, 54.7009559 ], [ 20.5094644, 54.7008612 ], [ 20.5094215, 54.7002242 ] ] } },
{ "type": "Feature", "properties": { "u": 131, "v": 385, "key": 0, "oneway": "False", "highway": "residential", "name": "улица Новый Вал", "maxspeed": "RU:living_street", "lanes": "2", "osmid": "220229384" }, "geometry": { "type": "LineString", "coordinates": [ [ 20.5100751, 54.7048008 ], [ 20.5100317, 54.7046225 ] ] } },
{ "type": "Feature", "properties": { "u": 131, "v": 384, "key": 0, "oneway": "False", "highway": "residential", "name": "Старопрегольская набережная", "maxspeed": "RU:living_street", "lanes": "2", "osmid": "583464743" }, "geometry": { "type": "LineString", "coordinates": [ [ 20.5100751, 54.7048008 ], [ 20.5101853, 54.7047913 ], [ 20.5122255, 54.7046151 ], [ 20.5121919, 54.7044582 ] ] } },
{ "type": "Feature", "properties": { "u": 131, "v": 498, "key": 0, "oneway": "False", "highway": "residential", "name": "Старопрегольская набережная", "maxspeed": "RU:living_street", "lanes": "2", "osmid": "583464743" }, "geometry": { "type": "LineString", "coordinates": [ [ 20.5100751, 54.7048008 ], [ 20.5089463, 54.7048645 ], [ 20.5084638, 54.704871 ], [ 20.5082956, 54.7048205 ] ] } },
{ "type": "Feature", "properties": { "u": 132, "v": 134, "key": 0, "oneway": "False", "highway": "residential", "name": "Эпроновская улица", "maxspeed": "RU:urban", "lanes": "2", "osmid": [ 44794756, 44794758, 1372756635, 1372756636, 146462909 ] }, "geometry": { "type": "LineString", "coordinates": [ [ 20.5096415, 54.7022746 ], [ 20.5098011, 54.7034442 ], [ 20.5098927, 54.7041962 ], [ 20.5103238, 54.7041933 ], [ 20.5104178, 54.7041885 ], [ 20.5106284, 54.7041857 ], [ 20.5109735, 54.7041591 ], [ 20.5112142, 54.7041388 ], [ 20.5113977, 54.7041149 ], [ 20.5116512, 54.7040743 ], [ 20.5120858, 54.7039937 ], [ 20.5122105, 54.7039655 ], [ 20.5122443, 54.7039577 ], [ 20.51254, 54.7038892 ], [ 20.5126225, 54.7038682 ], [ 20.5139118, 54.7036403 ], [ 20.5138314, 54.7034063 ], [ 20.5137517, 54.7031744 ], [ 20.5135403, 54.7025594 ], [ 20.5134788, 54.7023804 ] ] } },
{ "type": "Feature", "properties": { "u": 132, "v": 130, "key": 0, "oneway": "False", "highway": "residential", "name": "улица Новый Вал", "maxspeed": "RU:living_street", "lanes": "2", "osmid": "44794758" }, "geometry": { "type": "LineString", "coordinates": [ [ 20.5096415, 54.7022746 ], [ 20.5095794, 54.7018366 ], [ 20.5095622, 54.701715 ] ] } },
{ "type": "Feature", "properties": { "u": 132, "v": 189, "key": 0, "oneway": "False", "highway": "residential", "name": "Малый переулок", "maxspeed": "RU:living_street", "lanes": "2", "osmid": "1372496918" }, "geometry": { "type": "LineString", "coordinates": [ [ 20.5096415, 54.7022746 ], [ 20.5098, 54.7022632 ], [ 20.5114616, 54.7023189 ] ] } },
{ "type": "Feature", "properties": { "u": 133, "v": 43, "key": 0, "oneway": "False", "highway": "tertiary", "name": "", "maxspeed": "RU:urban", "lanes": "2", "osmid": [ 44795256, 1372756637, 1372756638, 1372756639 ] }, "geometry": { "type": "LineString", "coordinates": [ [ 20.5078995, 54.7038844 ], [ 20.5079388, 54.7039818 ], [ 20.5080113, 54.7041616 ], [ 20.5081635, 54.7045395 ], [ 20.5081902, 54.7046057 ], [ 20.5082036, 54.7046389 ], [ 20.5081827, 54.7047153 ] ] } },
{ "type": "Feature", "properties": { "u": 133, "v": 47, "key": 0, "oneway": "False", "highway": "tertiary", "name": "Парусная улица", "maxspeed": "RU:urban", "lanes": "2", "osmid": [ 42322347, 1372756644 ] }, "geometry": { "type": "LineString", "coordinates": [ [ 20.5078995, 54.7038844 ], [ 20.5076267, 54.7039221 ], [ 20.5062356, 54.7040997 ] ] } },
{ "type": "Feature", "properties": { "u": 133, "v": 41, "key": 0, "oneway": "False", "highway": "residential", "name": "Парусная улица", "maxspeed": "RU:living_street", "lanes": "2", "osmid": [ 308211226, 1372756645, 315981237 ] }, "geometry": { "type": "LineString", "coordinates": [ [ 20.5078995, 54.7038844 ], [ 20.5080166, 54.703873 ], [ 20.5080715, 54.7038525 ], [ 20.508111, 54.7038173 ], [ 20.5082258, 54.7036003 ], [ 20.508263, 54.7034923 ], [ 20.50827, 54.7034449 ], [ 20.5081928, 54.7030158 ], [ 20.508156, 54.7026355 ], [ 20.5081115, 54.7021812 ], [ 20.5080979, 54.7020427 ], [ 20.5080948, 54.7020112 ], [ 20.5080886, 54.7019481 ] ] } },
{ "type": "Feature", "properties": { "u": 134, "v": 132, "key": 0, "oneway": "False", "highway": "residential", "name": "Эпроновская улица", "maxspeed": "RU:urban", "lanes": "2", "osmid": [ 44794756, 44794758, 1372756635, 1372756636, 146462909 ] }, "geometry": { "type": "LineString", "coordinates": [ [ 20.5134788, 54.7023804 ], [ 20.5135403, 54.7025594 ], [ 20.5137517, 54.7031744 ], [ 20.5138314, 54.7034063 ], [ 20.5139118, 54.7036403 ], [ 20.5126225, 54.7038682 ], [ 20.51254, 54.7038892 ], [ 20.5122443, 54.7039577 ], [ 20.5122105, 54.7039655 ], [ 20.5120858, 54.7039937 ], [ 20.5116512, 54.7040743 ], [ 20.5113977, 54.7041149 ], [ 20.5112142, 54.7041388 ], [ 20.5109735, 54.7041591 ], [ 20.5106284, 54.7041857 ], [ 20.5104178, 54.7041885 ], [ 20.5103238, 54.7041933 ], [ 20.5098927, 54.7041962 ], [ 20.5098011, 54.7034442 ], [ 20.5096415, 54.7022746 ] ] } },
{ "type": "Feature", "properties": { "u": 134, "v": 40, "key": 0, "oneway": "False", "highway": "residential", "name": "Эпроновская улица", "maxspeed": "RU:urban", "lanes": "2", "osmid": [ 1372756634, 44794756 ] }, "geometry": { "type": "LineString", "coordinates": [ [ 20.5134788, 54.7023804 ], [ 20.5134358, 54.7022182 ], [ 20.5132519, 54.7015548 ], [ 20.5131305, 54.7010516 ], [ 20.5131627, 54.7009742 ] ] } },
{ "type": "Feature", "properties": { "u": 134, "v": 189, "key": 0, "oneway": "False", "highway": "residential", "name": "Малый переулок", "maxspeed": "RU:living_street", "lanes": "2", "osmid": "44795254" }, "geometry": { "type": "LineString", "coordinates": [ [ 20.5134788, 54.7023804 ], [ 20.5134314, 54.7023795 ], [ 20.512462, 54.7023364 ], [ 20.5116186, 54.7023223 ], [ 20.5114616, 54.7023189 ] ] } },
{ "type": "Feature", "properties": { "u": 135, "v": 136, "key": 0, "oneway": "True", "highway": "primary", "name": "Московский проспект", "maxspeed": "RU:urban", "lanes": "4", "osmid": [ 1370382577, 1370697579, 1370382573, 106748631 ] }, "geometry": { "type": "LineString", "coordinates": [ [ 20.5157312, 54.7085277 ], [ 20.5169698, 54.7085996 ], [ 20.5178712, 54.7086644 ], [ 20.5179793, 54.7086722 ], [ 20.5190174, 54.7087468 ], [ 20.5196387, 54.7087862 ], [ 20.5203426, 54.708828 ] ] } },
{ "type": "Feature", "properties": { "u": 136, "v": 137, "key": 0, "oneway": "False", "highway": "primary_link", "name": "", "maxspeed": "", "lanes": "1", "osmid": "44921271" }, "geometry": { "type": "LineString", "coordinates": [ [ 20.5203426, 54.708828 ], [ 20.5203254, 54.7089023 ], [ 20.5203182, 54.7089298 ], [ 20.5202993, 54.7090255 ] ] } },
{ "type": "Feature", "properties": { "u": 136, "v": 310, "key": 0, "oneway": "True", "highway": "primary", "name": "Московский проспект", "maxspeed": "RU:urban", "lanes": "4", "osmid": [ 135731531, 107299013 ] }, "geometry": { "type": "LineString", "coordinates": [ [ 20.5203426, 54.708828 ], [ 20.5205444, 54.7088404 ], [ 20.5215689, 54.7089113 ], [ 20.5216815, 54.7089191 ] ] } },
{ "type": "Feature", "properties": { "u": 137, "v": 136, "key": 0, "oneway": "False", "highway": "primary_link", "name": "", "maxspeed": "", "lanes": "1", "osmid": "44921271" }, "geometry": { "type": "LineString", "coordinates": [ [ 20.5202993, 54.7090255 ], [ 20.5203182, 54.7089298 ], [ 20.5203254, 54.7089023 ], [ 20.5203426, 54.708828 ] ] } },
{ "type": "Feature", "properties": { "u": 137, "v": 253, "key": 0, "oneway": "True", "highway": "primary", "name": "Московский проспект", "maxspeed": "RU:urban", "lanes": "4", "osmid": [ 323342458, 323342460, 107299014, 323342462 ] }, "geometry": { "type": "LineString", "coordinates": [ [ 20.5202993, 54.7090255 ], [ 20.5190167, 54.7089343 ], [ 20.5178711, 54.7088557 ], [ 20.5175933, 54.7088356 ], [ 20.5174052, 54.7088216 ], [ 20.5170347, 54.7087939 ], [ 20.5163152, 54.7087508 ], [ 20.5155408, 54.7087236 ], [ 20.5146926, 54.7087076 ], [ 20.5142849, 54.7087047 ], [ 20.5140062, 54.7087065 ] ] } },
{ "type": "Feature", "properties": { "u": 138, "v": 21, "key": 0, "oneway": "False", "highway": "tertiary", "name": "площадь Калинина", "maxspeed": "RU:urban", "lanes": "2", "osmid": "45508625" }, "geometry": { "type": "LineString", "coordinates": [ [ 20.4979734, 54.6955161 ], [ 20.4980595, 54.6956009 ], [ 20.4986519, 54.6961791 ], [ 20.4987084, 54.6962335 ] ] } },
{ "type": "Feature", "properties": { "u": 138, "v": 480, "key": 0, "oneway": "False", "highway": "tertiary", "name": "Железнодорожная улица", "maxspeed": "RU:urban", "lanes": "2", "osmid": [ 107449568, 736296241, 736296240 ] }, "geometry": { "type": "LineString", "coordinates": [ [ 20.4979734, 54.6955161 ], [ 20.4978063, 54.6953591 ], [ 20.4964877, 54.6958366 ], [ 20.49614, 54.6959653 ] ] } },
{ "type": "Feature", "properties": { "u": 138, "v": 139, "key": 0, "oneway": "False", "highway": "tertiary", "name": "Железнодорожная улица", "maxspeed": "RU:urban", "lanes": "2", "osmid": [ 107449570, 188566100, 668677461, 668677462 ] }, "geometry": { "type": "LineString", "coordinates": [ [ 20.4979734, 54.6955161 ], [ 20.4983964, 54.6953734 ], [ 20.4986283, 54.6952943 ], [ 20.498998, 54.6951655 ], [ 20.4991329, 54.6951204 ], [ 20.499268, 54.695077 ] ] } },
{ "type": "Feature", "properties": { "u": 139, "v": 46, "key": 0, "oneway": "True", "highway": "secondary", "name": "Железнодорожная улица", "maxspeed": "RU:urban", "lanes": "3", "osmid": [ 1110288579, 45508622, 155163959 ] }, "geometry": { "type": "LineString", "coordinates": [ [ 20.499268, 54.695077 ], [ 20.4999909, 54.6948269 ], [ 20.5003937, 54.6946801 ], [ 20.5006491, 54.6945912 ], [ 20.5007979, 54.6945926 ] ] } },
{ "type": "Feature", "properties": { "u": 139, "v": 138, "key": 0, "oneway": "False", "highway": "tertiary", "name": "Железнодорожная улица", "maxspeed": "RU:urban", "lanes": "2", "osmid": [ 107449570, 188566100, 668677461, 668677462 ] }, "geometry": { "type": "LineString", "coordinates": [ [ 20.499268, 54.695077 ], [ 20.4991329, 54.6951204 ], [ 20.498998, 54.6951655 ], [ 20.4986283, 54.6952943 ], [ 20.4983964, 54.6953734 ], [ 20.4979734, 54.6955161 ] ] } },
{ "type": "Feature", "properties": { "u": 140, "v": 261, "key": 0, "oneway": "True", "highway": "primary", "name": "Московский проспект", "maxspeed": "RU:urban", "lanes": "4", "osmid": [ 301398594, 231200844, 1370089165 ] }, "geometry": { "type": "LineString", "coordinates": [ [ 20.5264372, 54.7094511 ], [ 20.526099, 54.709424 ], [ 20.5250167, 54.7093373 ], [ 20.5245515, 54.7093044 ], [ 20.5240694, 54.7092715 ] ] } },
{ "type": "Feature", "properties": { "u": 141, "v": 140, "key": 0, "oneway": "True", "highway": "primary_link", "name": "", "maxspeed": "RU:urban", "lanes": "", "osmid": "46461003" }, "geometry": { "type": "LineString", "coordinates": [ [ 20.5264636, 54.7093273 ], [ 20.5265111, 54.7093783 ], [ 20.5265124, 54.7094016 ], [ 20.526499, 54.7094225 ], [ 20.5264372, 54.7094511 ] ] } },
{ "type": "Feature", "properties": { "u": 141, "v": 142, "key": 0, "oneway": "True", "highway": "primary", "name": "Московский проспект", "maxspeed": "40", "lanes": "3", "osmid": [ 391908808, 301398593 ] }, "geometry": { "type": "LineString", "coordinates": [ [ 20.5264636, 54.7093273 ], [ 20.5266551, 54.7093448 ], [ 20.5268311, 54.7093598 ], [ 20.528552, 54.7095254 ], [ 20.5301144, 54.7096677 ], [ 20.5304324, 54.7096903 ], [ 20.5310645, 54.7097352 ] ] } },
{ "type": "Feature", "properties": { "u": 142, "v": 61, "key": 0, "oneway": "True", "highway": "primary", "name": "Московский проспект", "maxspeed": "RU:urban", "lanes": "3", "osmid": "391908808" }, "geometry": { "type": "LineString", "coordinates": [ [ 20.5310645, 54.7097352 ], [ 20.5317105, 54.7097665 ] ] } },
{ "type": "Feature", "properties": { "u": 142, "v": 143, "key": 0, "oneway": "False", "highway": "residential", "name": "улица Грига", "maxspeed": "", "lanes": "2", "osmid": [ 46461009, 1366051275, 455393668 ] }, "geometry": { "type": "LineString", "coordinates": [ [ 20.5310645, 54.7097352 ], [ 20.5310643, 54.7096582 ], [ 20.5310635, 54.7094119 ], [ 20.5310329, 54.7090101 ], [ 20.5310137, 54.7087575 ], [ 20.5309743, 54.70824 ], [ 20.5309432, 54.7078313 ], [ 20.5309624, 54.7077822 ], [ 20.5310148, 54.7077162 ], [ 20.5309646, 54.7074055 ], [ 20.5309552, 54.7073588 ] ] } },
{ "type": "Feature", "properties": { "u": 143, "v": 142, "key": 0, "oneway": "False", "highway": "residential", "name": "улица Грига", "maxspeed": "", "lanes": "2", "osmid": [ 46461009, 1366051275, 455393668 ] }, "geometry": { "type": "LineString", "coordinates": [ [ 20.5309552, 54.7073588 ], [ 20.5309646, 54.7074055 ], [ 20.5310148, 54.7077162 ], [ 20.5309624, 54.7077822 ], [ 20.5309432, 54.7078313 ], [ 20.5309743, 54.70824 ], [ 20.5310137, 54.7087575 ], [ 20.5310329, 54.7090101 ], [ 20.5310635, 54.7094119 ], [ 20.5310643, 54.7096582 ], [ 20.5310645, 54.7097352 ] ] } },
{ "type": "Feature", "properties": { "u": 144, "v": 176, "key": 0, "oneway": "False", "highway": "tertiary", "name": "улица Богдана Хмельницкого", "maxspeed": "RU:urban", "lanes": "2", "osmid": [ 989399982, 713320367 ] }, "geometry": { "type": "LineString", "coordinates": [ [ 20.5060686, 54.6970991 ], [ 20.5062018, 54.6970944 ], [ 20.5068161, 54.6970998 ], [ 20.5069001, 54.6971005 ] ] } },
{ "type": "Feature", "properties": { "u": 144, "v": 200, "key": 0, "oneway": "False", "highway": "tertiary", "name": "улица Богдана Хмельницкого", "maxspeed": "RU:urban", "lanes": "2", "osmid": "989399988" }, "geometry": { "type": "LineString", "coordinates": [ [ 20.5060686, 54.6970991 ], [ 20.5051719, 54.6970912 ], [ 20.5048417, 54.6970758 ], [ 20.5046664, 54.6970648 ] ] } },
{ "type": "Feature", "properties": { "u": 145, "v": 302, "key": 0, "oneway": "True", "highway": "residential", "name": "Омская улица", "maxspeed": "RU:living_street", "lanes": "1", "osmid": "46726525" }, "geometry": { "type": "LineString", "coordinates": [ [ 20.5059203, 54.6991827 ], [ 20.5059226, 54.6991442 ], [ 20.5059254, 54.6990986 ], [ 20.5059416, 54.6988319 ], [ 20.5060098, 54.6980586 ] ] } },
{ "type": "Feature", "properties": { "u": 145, "v": 177, "key": 0, "oneway": "True", "highway": "secondary", "name": "улица Багратиона", "maxspeed": "RU:urban", "lanes": "1", "osmid": [ 982439561, 982439562 ] }, "geometry": { "type": "LineString", "coordinates": [ [ 20.5059203, 54.6991827 ], [ 20.5066713, 54.6992137 ], [ 20.5069227, 54.6992241 ] ] } },
{ "type": "Feature", "properties": { "u": 146, "v": 565, "key": 0, "oneway": "False", "highway": "living_street", "name": "улица Подполковника Половца", "maxspeed": "RU:living_street", "lanes": "2", "osmid": "46726542" }, "geometry": { "type": "LineString", "coordinates": [ [ 20.5087708, 54.6993248 ], [ 20.5087706, 54.6993523 ], [ 20.5087705, 54.6993678 ], [ 20.5087703, 54.6993866 ] ] } },
{ "type": "Feature", "properties": { "u": 146, "v": 129, "key": 0, "oneway": "True", "highway": "secondary", "name": "улица Багратиона", "maxspeed": "RU:urban", "lanes": "1", "osmid": [ 982439554, 982439555 ] }, "geometry": { "type": "LineString", "coordinates": [ [ 20.5087708, 54.6993248 ], [ 20.5092287, 54.6993541 ], [ 20.509511, 54.6993721 ] ] } },
{ "type": "Feature", "properties": { "u": 146, "v": 147, "key": 0, "oneway": "False", "highway": "living_street", "name": "улица Подполковника Половца", "maxspeed": "RU:living_street", "lanes": "2", "osmid": [ 996149792, 996149793 ] }, "geometry": { "type": "LineString", "coordinates": [ [ 20.5087708, 54.6993248 ], [ 20.5087718, 54.6992804 ], [ 20.508773, 54.6992334 ], [ 20.5087744, 54.6990662 ], [ 20.50878, 54.6984104 ], [ 20.5087789, 54.6983224 ], [ 20.5087608, 54.6971932 ], [ 20.5087539, 54.6971395 ] ] } },
{ "type": "Feature", "properties": { "u": 147, "v": 301, "key": 0, "oneway": "False", "highway": "tertiary", "name": "улица Богдана Хмельницкого", "maxspeed": "RU:urban", "lanes": "2", "osmid": "368032600" }, "geometry": { "type": "LineString", "coordinates": [ [ 20.5087539, 54.6971395 ], [ 20.5082349, 54.6971274 ] ] } },
{ "type": "Feature", "properties": { "u": 147, "v": 301, "key": 1, "oneway": "False", "highway": "living_street", "name": "", "maxspeed": "RU:living_street", "lanes": "", "osmid": "140385130" }, "geometry": { "type": "LineString", "coordinates": [ [ 20.5087539, 54.6971395 ], [ 20.5087547, 54.697105 ], [ 20.5087898, 54.6961487 ], [ 20.5082912, 54.6961492 ], [ 20.5082373, 54.6970857 ], [ 20.5082349, 54.6971274 ] ] } },
{ "type": "Feature", "properties": { "u": 147, "v": 172, "key": 0, "oneway": "False", "highway": "tertiary", "name": "улица Богдана Хмельницкого", "maxspeed": "RU:urban", "lanes": "2", "osmid": [ 989399979, 989399980, 713320365 ] }, "geometry": { "type": "LineString", "coordinates": [ [ 20.5087539, 54.6971395 ], [ 20.5089856, 54.6971449 ], [ 20.509205, 54.69715 ], [ 20.5101608, 54.6971722 ], [ 20.5103324, 54.6971753 ] ] } },
{ "type": "Feature", "properties": { "u": 147, "v": 146, "key": 0, "oneway": "False", "highway": "living_street", "name": "улица Подполковника Половца", "maxspeed": "RU:living_street", "lanes": "2", "osmid": [ 996149792, 996149793 ] }, "geometry": { "type": "LineString", "coordinates": [ [ 20.5087539, 54.6971395 ], [ 20.5087608, 54.6971932 ], [ 20.5087789, 54.6983224 ], [ 20.50878, 54.6984104 ], [ 20.5087744, 54.6990662 ], [ 20.508773, 54.6992334 ], [ 20.5087718, 54.6992804 ], [ 20.5087708, 54.6993248 ] ] } },
{ "type": "Feature", "properties": { "u": 148, "v": 108, "key": 0, "oneway": "True", "highway": "primary", "name": "улица Черняховского", "maxspeed": "RU:urban", "lanes": "2", "osmid": "333543558" }, "geometry": { "type": "LineString", "coordinates": [ [ 20.5183718, 54.720774 ], [ 20.5172289, 54.7208069 ] ] } },
{ "type": "Feature", "properties": { "u": 148, "v": 534, "key": 0, "oneway": "False", "highway": "primary", "name": "улица Сергеева", "maxspeed": "RU:urban", "lanes": "2", "osmid": "992620008" }, "geometry": { "type": "LineString", "coordinates": [ [ 20.5183718, 54.720774 ], [ 20.5183739, 54.7207358 ], [ 20.5183745, 54.7207235 ], [ 20.5183764, 54.7206754 ] ] } },
{ "type": "Feature", "properties": { "u": 149, "v": 150, "key": 0, "oneway": "False", "highway": "residential", "name": "Клиническая улица", "maxspeed": "", "lanes": "2", "osmid": "46728421" }, "geometry": { "type": "LineString", "coordinates": [ [ 20.5197756, 54.7136957 ], [ 20.5198483, 54.7137644 ], [ 20.5205701, 54.7143842 ], [ 20.5210714, 54.714912 ], [ 20.5212414, 54.7152014 ], [ 20.5213086, 54.7154162 ], [ 20.5213181, 54.7155392 ], [ 20.521327, 54.7156533 ], [ 20.5212886, 54.716491 ] ] } },
{ "type": "Feature", "properties": { "u": 150, "v": 151, "key": 0, "oneway": "False", "highway": "residential", "name": "Нерчинская улица", "maxspeed": "RU:urban", "lanes": "2", "osmid": [ 46728416, 669755266 ] }, "geometry": { "type": "LineString", "coordinates": [ [ 20.5212886, 54.716491 ], [ 20.5213421, 54.7164866 ], [ 20.5228066, 54.7163659 ], [ 20.5235271, 54.7163129 ], [ 20.5236331, 54.7163009 ] ] } },
{ "type": "Feature", "properties": { "u": 150, "v": 149, "key": 0, "oneway": "False", "highway": "residential", "name": "Клиническая улица", "maxspeed": "", "lanes": "2", "osmid": "46728421" }, "geometry": { "type": "LineString", "coordinates": [ [ 20.5212886, 54.716491 ], [ 20.521327, 54.7156533 ], [ 20.5213181, 54.7155392 ], [ 20.5213086, 54.7154162 ], [ 20.5212414, 54.7152014 ], [ 20.5210714, 54.714912 ], [ 20.5205701, 54.7143842 ], [ 20.5198483, 54.7137644 ], [ 20.5197756, 54.7136957 ] ] } },
{ "type": "Feature", "properties": { "u": 150, "v": 533, "key": 0, "oneway": "False", "highway": "residential", "name": "Клиническая улица", "maxspeed": "RU:urban", "lanes": "2", "osmid": [ 134927936, 134927935, 289390100, 134927934, 980120511 ] }, "geometry": { "type": "LineString", "coordinates": [ [ 20.5212886, 54.716491 ], [ 20.5212896, 54.7166349 ], [ 20.5212908, 54.716802 ], [ 20.5213223, 54.7169367 ], [ 20.5214601, 54.7174118 ], [ 20.521543, 54.7175883 ], [ 20.521676, 54.7178481 ], [ 20.5217635, 54.717985 ], [ 20.5221551, 54.7185774 ], [ 20.5225959, 54.7194442 ], [ 20.5226893, 54.7196276 ], [ 20.5229285, 54.7200979 ], [ 20.5230151, 54.7202682 ], [ 20.5230587, 54.720354 ], [ 20.5230771, 54.7203901 ], [ 20.5235108, 54.7212428 ], [ 20.5235881, 54.7214045 ], [ 20.5236068, 54.7214435 ], [ 20.5236246, 54.7214846 ] ] } },
{ "type": "Feature", "properties": { "u": 151, "v": 426, "key": 0, "oneway": "False", "highway": "tertiary", "name": "Нерчинская улица", "maxspeed": "RU:urban", "lanes": "2", "osmid": "106485851" }, "geometry": { "type": "LineString", "coordinates": [ [ 20.5236331, 54.7163009 ], [ 20.5237964, 54.7162859 ] ] } },
{ "type": "Feature", "properties": { "u": 151, "v": 150, "key": 0, "oneway": "False", "highway": "residential", "name": "Нерчинская улица", "maxspeed": "RU:urban", "lanes": "2", "osmid": [ 46728416, 669755266 ] }, "geometry": { "type": "LineString", "coordinates": [ [ 20.5236331, 54.7163009 ], [ 20.5235271, 54.7163129 ], [ 20.5228066, 54.7163659 ], [ 20.5213421, 54.7164866 ], [ 20.5212886, 54.716491 ] ] } },
{ "type": "Feature", "properties": { "u": 152, "v": 195, "key": 0, "oneway": "False", "highway": "residential", "name": "переулок Калинина", "maxspeed": "RU:urban", "lanes": "2", "osmid": "1053446697" }, "geometry": { "type": "LineString", "coordinates": [ [ 20.5065222, 54.6949921 ], [ 20.5065313, 54.6948864 ] ] } },
{ "type": "Feature", "properties": { "u": 152, "v": 153, "key": 0, "oneway": "False", "highway": "residential", "name": "переулок Калинина", "maxspeed": "RU:urban", "lanes": "2", "osmid": [ 323517203, 47184196 ] }, "geometry": { "type": "LineString", "coordinates": [ [ 20.5065222, 54.6949921 ], [ 20.5065204, 54.6950567 ], [ 20.5064978, 54.6958751 ], [ 20.5064974, 54.6958898 ] ] } },
{ "type": "Feature", "properties": { "u": 152, "v": 558, "key": 0, "oneway": "True", "highway": "primary", "name": "проспект Калинина", "maxspeed": "RU:urban", "lanes": "3", "osmid": [ 210722416, 478508495 ] }, "geometry": { "type": "LineString", "coordinates": [ [ 20.5065222, 54.6949921 ], [ 20.504047, 54.6949158 ], [ 20.5032622, 54.6948916 ], [ 20.5031644, 54.6948913 ], [ 20.5030134, 54.6948886 ] ] } },
{ "type": "Feature", "properties": { "u": 153, "v": 152, "key": 0, "oneway": "False", "highway": "residential", "name": "переулок Калинина", "maxspeed": "RU:urban", "lanes": "2", "osmid": [ 323517203, 47184196 ] }, "geometry": { "type": "LineString", "coordinates": [ [ 20.5064974, 54.6958898 ], [ 20.5064978, 54.6958751 ], [ 20.5065204, 54.6950567 ], [ 20.5065222, 54.6949921 ] ] } },
{ "type": "Feature", "properties": { "u": 153, "v": 201, "key": 0, "oneway": "True", "highway": "residential", "name": "Ольштынская улица", "maxspeed": "40", "lanes": "1", "osmid": "314321298" }, "geometry": { "type": "LineString", "coordinates": [ [ 20.5064974, 54.6958898 ], [ 20.5070372, 54.6959026 ], [ 20.5070822, 54.6959037 ], [ 20.5088097, 54.6959342 ], [ 20.5092681, 54.6959449 ] ] } },
{ "type": "Feature", "properties": { "u": 154, "v": 253, "key": 0, "oneway": "True", "highway": "primary_link", "name": "", "maxspeed": "RU:urban", "lanes": "1", "osmid": "64310805" }, "geometry": { "type": "LineString", "coordinates": [ [ 20.5140085, 54.7085161 ], [ 20.5140744, 54.7085668 ], [ 20.5140876, 54.7085935 ], [ 20.5140905, 54.7086305 ], [ 20.5140616, 54.7086674 ], [ 20.5140062, 54.7087065 ] ] } },
{ "type": "Feature", "properties": { "u": 154, "v": 135, "key": 0, "oneway": "True", "highway": "primary", "name": "Московский проспект", "maxspeed": "RU:urban", "lanes": "3", "osmid": "106748633" }, "geometry": { "type": "LineString", "coordinates": [ [ 20.5140085, 54.7085161 ], [ 20.5142796, 54.7084952 ], [ 20.5146157, 54.7084899 ], [ 20.5146349, 54.7084897 ], [ 20.5148932, 54.7084965 ], [ 20.5149774, 54.7084991 ], [ 20.5157312, 54.7085277 ] ] } },
{ "type": "Feature", "properties": { "u": 154, "v": 583, "key": 0, "oneway": "True", "highway": "secondary", "name": "Октябрьская улица", "maxspeed": "40", "lanes": "1", "osmid": [ 1370697580, 982459635, 982459636, 982459637, 982459638, 982459640 ] }, "geometry": { "type": "LineString", "coordinates": [ [ 20.5140085, 54.7085161 ], [ 20.5142683, 54.7084154 ], [ 20.5144426, 54.7083146 ], [ 20.5145432, 54.7082305 ], [ 20.5145994, 54.7081308 ], [ 20.5146239, 54.7076346 ], [ 20.5146212, 54.7075621 ], [ 20.5144933, 54.7069091 ], [ 20.5144766, 54.706857 ], [ 20.5144532, 54.7067525 ], [ 20.5144371, 54.706663 ], [ 20.5144305, 54.7065676 ] ] } },
{ "type": "Feature", "properties": { "u": 155, "v": 156, "key": 0, "oneway": "False", "highway": "tertiary", "name": "набережная Генерала Карбышева", "maxspeed": "RU:urban", "lanes": "2", "osmid": [ 1370089152, 1370089153, 427568481, 1210349538, 405006212, 427568479 ] }, "geometry": { "type": "LineString", "coordinates": [ [ 20.5379476, 54.7039152 ], [ 20.5366574, 54.7042498 ], [ 20.5363303, 54.704345 ], [ 20.5369692, 54.7053342 ], [ 20.5369987, 54.7054106 ], [ 20.5369857, 54.7054833 ], [ 20.5369534, 54.7055543 ], [ 20.5368855, 54.7056197 ], [ 20.5367978, 54.7057076 ], [ 20.5366175, 54.7057365 ], [ 20.5364433, 54.7057589 ], [ 20.5360938, 54.7057938 ], [ 20.5357336, 54.7058209 ], [ 20.53356, 54.7059905 ], [ 20.5331571, 54.7060192 ], [ 20.5320647, 54.7061035 ], [ 20.531847, 54.7061251 ], [ 20.5317455, 54.7061341 ], [ 20.53168, 54.7061399 ], [ 20.5316231, 54.706145 ], [ 20.5313086, 54.7061725 ], [ 20.5311604, 54.7061831 ], [ 20.5311408, 54.7061845 ], [ 20.5310658, 54.7061899 ], [ 20.5301867, 54.7062536 ], [ 20.5267042, 54.7065332 ], [ 20.525585, 54.7066283 ], [ 20.5247562, 54.7066988 ], [ 20.5240768, 54.7067611 ], [ 20.5235309, 54.7068009 ], [ 20.5230983, 54.7068267 ] ] } },
{ "type": "Feature", "properties": { "u": 156, "v": 450, "key": 0, "oneway": "False", "highway": "residential", "name": "улица Генерала Павлова", "maxspeed": "RU:urban", "lanes": "2", "osmid": [ 1370089162, 1370089163, 210487660 ] }, "geometry": { "type": "LineString", "coordinates": [ [ 20.5230983, 54.7068267 ], [ 20.5231198, 54.7067748 ], [ 20.5232671, 54.7060477 ], [ 20.5233216, 54.705848 ], [ 20.5233442, 54.7056623 ], [ 20.5233603, 54.7054904 ], [ 20.5233713, 54.7053991 ], [ 20.5233799, 54.7052455 ], [ 20.5234001, 54.7048831 ] ] } },
{ "type": "Feature", "properties": { "u": 156, "v": 155, "key": 0, "oneway": "False", "highway": "tertiary", "name": "набережная Генерала Карбышева", "maxspeed": "RU:urban", "lanes": "2", "osmid": [ 1370089152, 427568481, 1210349538, 1370089153, 405006212, 427568479 ] }, "geometry": { "type": "LineString", "coordinates": [ [ 20.5230983, 54.7068267 ], [ 20.5235309, 54.7068009 ], [ 20.5240768, 54.7067611 ], [ 20.5247562, 54.7066988 ], [ 20.525585, 54.7066283 ], [ 20.5267042, 54.7065332 ], [ 20.5301867, 54.7062536 ], [ 20.5310658, 54.7061899 ], [ 20.5311408, 54.7061845 ], [ 20.5311604, 54.7061831 ], [ 20.5313086, 54.7061725 ], [ 20.5316231, 54.706145 ], [ 20.53168, 54.7061399 ], [ 20.5317455, 54.7061341 ], [ 20.531847, 54.7061251 ], [ 20.5320647, 54.7061035 ], [ 20.5331571, 54.7060192 ], [ 20.53356, 54.7059905 ], [ 20.5357336, 54.7058209 ], [ 20.5360938, 54.7057938 ], [ 20.5364433, 54.7057589 ], [ 20.5366175, 54.7057365 ], [ 20.5367978, 54.7057076 ], [ 20.5368855, 54.7056197 ], [ 20.5369534, 54.7055543 ], [ 20.5369857, 54.7054833 ], [ 20.5369987, 54.7054106 ], [ 20.5369692, 54.7053342 ], [ 20.5363303, 54.704345 ], [ 20.5366574, 54.7042498 ], [ 20.5379476, 54.7039152 ] ] } },
{ "type": "Feature", "properties": { "u": 156, "v": 576, "key": 0, "oneway": "False", "highway": "tertiary", "name": "набережная Генерала Карбышева", "maxspeed": "RU:urban", "lanes": "2", "osmid": "1210349538" }, "geometry": { "type": "LineString", "coordinates": [ [ 20.5230983, 54.7068267 ], [ 20.5229091, 54.7068339 ], [ 20.5223832, 54.7068624 ], [ 20.5222787, 54.706866 ], [ 20.5215138, 54.7068926 ], [ 20.5192863, 54.706892 ], [ 20.5190715, 54.7068898 ], [ 20.5188916, 54.7068879 ], [ 20.517419, 54.7068663 ], [ 20.5171971, 54.706861 ], [ 20.5169817, 54.706845 ], [ 20.5167689, 54.7068265 ], [ 20.5162663, 54.7067648 ], [ 20.516176, 54.7067527 ], [ 20.5160622, 54.7067386 ], [ 20.5159286, 54.7067223 ], [ 20.5147883, 54.7065792 ], [ 20.5146958, 54.7065726 ], [ 20.5145794, 54.7065698 ], [ 20.5145408, 54.7065717 ] ] } },
{ "type": "Feature", "properties": { "u": 157, "v": 575, "key": 0, "oneway": "False", "highway": "tertiary", "name": "", "maxspeed": "RU:urban", "lanes": "2", "osmid": "405006184" }, "geometry": { "type": "LineString", "coordinates": [ [ 20.5173739, 54.7005841 ], [ 20.517432, 54.7006013 ], [ 20.5174493, 54.7006065 ], [ 20.5174943, 54.7006199 ] ] } },
{ "type": "Feature", "properties": { "u": 157, "v": 581, "key": 0, "oneway": "True", "highway": "secondary", "name": "Октябрьская улица", "maxspeed": "30", "lanes": "1", "osmid": [ 982459602, 1374295010, 982459613 ] }, "geometry": { "type": "LineString", "coordinates": [ [ 20.5173739, 54.7005841 ], [ 20.51743, 54.7005241 ], [ 20.5175784, 54.7003861 ], [ 20.5178287, 54.7001549 ], [ 20.5179186, 54.700073 ], [ 20.5179929, 54.6999951 ], [ 20.5180404, 54.6999312 ], [ 20.5180709, 54.6998644 ] ] } },
{ "type": "Feature", "properties": { "u": 158, "v": 370, "key": 0, "oneway": "True", "highway": "living_street", "name": "улица Генерал-полковника Людникова", "maxspeed": "RU:living_street", "lanes": "2", "osmid": "223248715" }, "geometry": { "type": "LineString", "coordinates": [ [ 20.5056793, 54.7172793 ], [ 20.5066903, 54.7174793 ] ] } },
{ "type": "Feature", "properties": { "u": 158, "v": 167, "key": 0, "oneway": "False", "highway": "residential", "name": "улица Подполковника Иванникова", "maxspeed": "RU:urban", "lanes": "2", "osmid": [ 1069222953, 1069222955, 1069222956, 1069222957, 1069222958, 48804986 ] }, "geometry": { "type": "LineString", "coordinates": [ [ 20.5056793, 54.7172793 ], [ 20.5057576, 54.7164574 ], [ 20.5057643, 54.7164262 ], [ 20.5058156, 54.7161871 ], [ 20.5058512, 54.7160723 ], [ 20.5058677, 54.716036 ], [ 20.5059123, 54.7159406 ], [ 20.5059741, 54.7158336 ], [ 20.5062485, 54.7153393 ], [ 20.5063235, 54.7151605 ], [ 20.5065256, 54.7149408 ], [ 20.5065943, 54.7149006 ], [ 20.5066842, 54.7148728 ], [ 20.5068046, 54.7148456 ] ] } },
{ "type": "Feature", "properties": { "u": 158, "v": 161, "key": 0, "oneway": "False", "highway": "residential", "name": "улица Подполковника Иванникова", "maxspeed": "RU:urban", "lanes": "2", "osmid": [ 1069222960, 1069222959 ] }, "geometry": { "type": "LineString", "coordinates": [ [ 20.5056793, 54.7172793 ], [ 20.5056141, 54.7177403 ], [ 20.5055738, 54.7181071 ], [ 20.5055724, 54.7181231 ], [ 20.5055572, 54.7182962 ] ] } },
{ "type": "Feature", "properties": { "u": 159, "v": 160, "key": 0, "oneway": "False", "highway": "residential", "name": "улица Маршала Рокоссовского", "maxspeed": "RU:urban", "lanes": "2", "osmid": [ 1370697605, 1370697606, 1370697607, 711959464, 1370697608, 1069222952, 48804990 ] }, "geometry": { "type": "LineString", "coordinates": [ [ 20.510686, 54.7153129 ], [ 20.5106139, 54.7154716 ], [ 20.5105735, 54.7155605 ], [ 20.5104681, 54.7157926 ], [ 20.5103524, 54.7160474 ], [ 20.5102538, 54.7162645 ], [ 20.5102152, 54.7163495 ], [ 20.5101985, 54.7163863 ], [ 20.5101576, 54.7164764 ] ] } },
{ "type": "Feature", "properties": { "u": 159, "v": 168, "key": 0, "oneway": "False", "highway": "residential", "name": "улица Профессора Севастьянова", "maxspeed": "40", "lanes": "2", "osmid": [ 396981042, 1370697614, 1370697615 ] }, "geometry": { "type": "LineString", "coordinates": [ [ 20.510686, 54.7153129 ], [ 20.5104442, 54.7152545 ], [ 20.5101574, 54.7151853 ], [ 20.5099761, 54.7151415 ] ] } },
{ "type": "Feature", "properties": { "u": 160, "v": 11, "key": 0, "oneway": "False", "highway": "residential", "name": "улица Генерала Соммера", "maxspeed": "RU:urban", "lanes": "2", "osmid": [ 1040432383, 1370697619, 1370697620, 1040432381, 1040432382, 48804991 ] }, "geometry": { "type": "LineString", "coordinates": [ [ 20.5101576, 54.7164764 ], [ 20.510437, 54.7165178 ], [ 20.5106604, 54.7165509 ], [ 20.5109942, 54.7166049 ], [ 20.5114296, 54.7166753 ], [ 20.5119645, 54.7167618 ], [ 20.5125982, 54.7168649 ], [ 20.5127345, 54.7168889 ], [ 20.5128866, 54.7169156 ], [ 20.5129208, 54.7169216 ], [ 20.513077, 54.716949 ] ] } },
{ "type": "Feature", "properties": { "u": 160, "v": 164, "key": 0, "oneway": "False", "highway": "residential", "name": "улица Генерала Соммера", "maxspeed": "RU:living_street", "lanes": "2", "osmid": [ 1370697612, 1370697613, 48810935, 48810937, 48810943 ] }, "geometry": { "type": "LineString", "coordinates": [ [ 20.5101576, 54.7164764 ], [ 20.5099482, 54.7164454 ], [ 20.5098857, 54.7164532 ], [ 20.5098156, 54.7164676 ], [ 20.5097484, 54.7165011 ], [ 20.5096306, 54.7167079 ], [ 20.5095395, 54.7169138 ], [ 20.5095053, 54.7170388 ], [ 20.5095817, 54.7172014 ], [ 20.5096756, 54.7174131 ], [ 20.5097932, 54.717609 ], [ 20.5098983, 54.7177329 ] ] } },
{ "type": "Feature", "properties": { "u": 160, "v": 159, "key": 0, "oneway": "False", "highway": "residential", "name": "улица Маршала Рокоссовского", "maxspeed": "RU:urban", "lanes": "2", "osmid": [ 1370697605, 1370697606, 1370697607, 1069222952, 1370697608, 711959464, 48804990 ] }, "geometry": { "type": "LineString", "coordinates": [ [ 20.5101576, 54.7164764 ], [ 20.5101985, 54.7163863 ], [ 20.5102152, 54.7163495 ], [ 20.5102538, 54.7162645 ], [ 20.5103524, 54.7160474 ], [ 20.5104681, 54.7157926 ], [ 20.5105735, 54.7155605 ], [ 20.5106139, 54.7154716 ], [ 20.510686, 54.7153129 ] ] } },
{ "type": "Feature", "properties": { "u": 161, "v": 368, "key": 0, "oneway": "False", "highway": "residential", "name": "улица Михаила Галковского", "maxspeed": "", "lanes": "", "osmid": "48807219" }, "geometry": { "type": "LineString", "coordinates": [ [ 20.5055572, 54.7182962 ], [ 20.5059265, 54.7184343 ], [ 20.5069158, 54.7188041 ], [ 20.5073254, 54.7189573 ], [ 20.5074154, 54.7189878 ] ] } },
{ "type": "Feature", "properties": { "u": 161, "v": 158, "key": 0, "oneway": "False", "highway": "residential", "name": "улица Подполковника Иванникова", "maxspeed": "RU:urban", "lanes": "2", "osmid": [ 1069222960, 1069222959 ] }, "geometry": { "type": "LineString", "coordinates": [ [ 20.5055572, 54.7182962 ], [ 20.5055724, 54.7181231 ], [ 20.5055738, 54.7181071 ], [ 20.5056141, 54.7177403 ], [ 20.5056793, 54.7172793 ] ] } },
{ "type": "Feature", "properties": { "u": 161, "v": 530, "key": 0, "oneway": "False", "highway": "residential", "name": "улица Подполковника Иванникова", "maxspeed": "RU:urban", "lanes": "2", "osmid": [ 1069222961, 1069222962 ] }, "geometry": { "type": "LineString", "coordinates": [ [ 20.5055572, 54.7182962 ], [ 20.5055082, 54.7188792 ], [ 20.5054446, 54.7193325 ], [ 20.5054197, 54.7194019 ], [ 20.5054041, 54.7194638 ] ] } },
{ "type": "Feature", "properties": { "u": 162, "v": 368, "key": 0, "oneway": "False", "highway": "residential", "name": "улица Михаила Галковского", "maxspeed": "", "lanes": "", "osmid": "1366051272" }, "geometry": { "type": "LineString", "coordinates": [ [ 20.5078923, 54.7190679 ], [ 20.5074154, 54.7189878 ] ] } },
{ "type": "Feature", "properties": { "u": 164, "v": 160, "key": 0, "oneway": "False", "highway": "residential", "name": "улица Генерала Соммера", "maxspeed": "RU:living_street", "lanes": "2", "osmid": [ 1370697612, 1370697613, 48810935, 48810937, 48810943 ] }, "geometry": { "type": "LineString", "coordinates": [ [ 20.5098983, 54.7177329 ], [ 20.5097932, 54.717609 ], [ 20.5096756, 54.7174131 ], [ 20.5095817, 54.7172014 ], [ 20.5095053, 54.7170388 ], [ 20.5095395, 54.7169138 ], [ 20.5096306, 54.7167079 ], [ 20.5097484, 54.7165011 ], [ 20.5098156, 54.7164676 ], [ 20.5098857, 54.7164532 ], [ 20.5099482, 54.7164454 ], [ 20.5101576, 54.7164764 ] ] } },
{ "type": "Feature", "properties": { "u": 165, "v": 166, "key": 0, "oneway": "False", "highway": "residential", "name": "Минская улица", "maxspeed": "RU:living_street", "lanes": "2", "osmid": [ 1388040537, 309433009 ] }, "geometry": { "type": "LineString", "coordinates": [ [ 20.5111824, 54.7190946 ], [ 20.5114343, 54.7190467 ], [ 20.511968, 54.718948 ], [ 20.5127041, 54.7188119 ], [ 20.513196, 54.7187209 ], [ 20.5133498, 54.7186925 ] ] } },
{ "type": "Feature", "properties": { "u": 166, "v": 165, "key": 0, "oneway": "False", "highway": "residential", "name": "Минская улица", "maxspeed": "RU:living_street", "lanes": "2", "osmid": [ 1388040537, 309433009 ] }, "geometry": { "type": "LineString", "coordinates": [ [ 20.5133498, 54.7186925 ], [ 20.513196, 54.7187209 ], [ 20.5127041, 54.7188119 ], [ 20.511968, 54.718948 ], [ 20.5114343, 54.7190467 ], [ 20.5111824, 54.7190946 ] ] } },
{ "type": "Feature", "properties": { "u": 166, "v": 531, "key": 0, "oneway": "False", "highway": "secondary", "name": "Пролетарская улица", "maxspeed": "RU:urban", "lanes": "3", "osmid": [ 309433011, 1372756572, 711959469, 711959470 ] }, "geometry": { "type": "LineString", "coordinates": [ [ 20.5133498, 54.7186925 ], [ 20.5137205, 54.7194277 ], [ 20.5137902, 54.7195658 ], [ 20.5138522, 54.719713 ], [ 20.5141065, 54.720307 ], [ 20.5141376, 54.720391 ] ] } },
{ "type": "Feature", "properties": { "u": 166, "v": 11, "key": 0, "oneway": "False", "highway": "secondary", "name": "Пролетарская улица", "maxspeed": "RU:urban", "lanes": "2", "osmid": [ 996602369, 711959467, 711959468, 309433013, 1372756573 ] }, "geometry": { "type": "LineString", "coordinates": [ [ 20.5133498, 54.7186925 ], [ 20.5132987, 54.7186127 ], [ 20.5132594, 54.7185512 ], [ 20.512927, 54.7180317 ], [ 20.5128744, 54.7178987 ], [ 20.5129012, 54.7176968 ], [ 20.5130578, 54.7170296 ], [ 20.513077, 54.716949 ] ] } },
{ "type": "Feature", "properties": { "u": 167, "v": 158, "key": 0, "oneway": "False", "highway": "residential", "name": "улица Подполковника Иванникова", "maxspeed": "RU:urban", "lanes": "2", "osmid": [ 1069222953, 1069222955, 1069222956, 1069222957, 1069222958, 48804986 ] }, "geometry": { "type": "LineString", "coordinates": [ [ 20.5068046, 54.7148456 ], [ 20.5066842, 54.7148728 ], [ 20.5065943, 54.7149006 ], [ 20.5065256, 54.7149408 ], [ 20.5063235, 54.7151605 ], [ 20.5062485, 54.7153393 ], [ 20.5059741, 54.7158336 ], [ 20.5059123, 54.7159406 ], [ 20.5058677, 54.716036 ], [ 20.5058512, 54.7160723 ], [ 20.5058156, 54.7161871 ], [ 20.5057643, 54.7164262 ], [ 20.5057576, 54.7164574 ], [ 20.5056793, 54.7172793 ] ] } },
{ "type": "Feature", "properties": { "u": 167, "v": 482, "key": 0, "oneway": "False", "highway": "living_street", "name": "улица Профессора Севастьянова", "maxspeed": "RU:living_street", "lanes": "2", "osmid": "48816485" }, "geometry": { "type": "LineString", "coordinates": [ [ 20.5068046, 54.7148456 ], [ 20.5067564, 54.7147797 ], [ 20.5066847, 54.7147047 ], [ 20.506566, 54.7146358 ], [ 20.5062479, 54.7144411 ] ] } },
{ "type": "Feature", "properties": { "u": 167, "v": 168, "key": 0, "oneway": "False", "highway": "residential", "name": "улица Профессора Севастьянова", "maxspeed": "40", "lanes": "2", "osmid": [ 1370697616, 1370697617, 1370697618, 396981043, 48804989 ] }, "geometry": { "type": "LineString", "coordinates": [ [ 20.5068046, 54.7148456 ], [ 20.507112, 54.7148193 ], [ 20.5073488, 54.7148052 ], [ 20.5076136, 54.7148232 ], [ 20.5078835, 54.714873 ], [ 20.5080465, 54.714903 ], [ 20.5082084, 54.7149236 ], [ 20.508378, 54.7149452 ], [ 20.5085427, 54.714962 ], [ 20.5088695, 54.7149952 ], [ 20.5090008, 54.7150085 ], [ 20.5097483, 54.7150959 ], [ 20.5099761, 54.7151415 ] ] } },
{ "type": "Feature", "properties": { "u": 168, "v": 169, "key": 0, "oneway": "False", "highway": "residential", "name": "Университетская улица", "maxspeed": "RU:living_street", "lanes": "", "osmid": "48817197" }, "geometry": { "type": "LineString", "coordinates": [ [ 20.5099761, 54.7151415 ], [ 20.5101177, 54.7148364 ] ] } },
{ "type": "Feature", "properties": { "u": 168, "v": 167, "key": 0, "oneway": "False", "highway": "residential", "name": "улица Профессора Севастьянова", "maxspeed": "40", "lanes": "2", "osmid": [ 1370697616, 1370697617, 1370697618, 396981043, 48804989 ] }, "geometry": { "type": "LineString", "coordinates": [ [ 20.5099761, 54.7151415 ], [ 20.5097483, 54.7150959 ], [ 20.5090008, 54.7150085 ], [ 20.5088695, 54.7149952 ], [ 20.5085427, 54.714962 ], [ 20.508378, 54.7149452 ], [ 20.5082084, 54.7149236 ], [ 20.5080465, 54.714903 ], [ 20.5078835, 54.714873 ], [ 20.5076136, 54.7148232 ], [ 20.5073488, 54.7148052 ], [ 20.507112, 54.7148193 ], [ 20.5068046, 54.7148456 ] ] } },
{ "type": "Feature", "properties": { "u": 168, "v": 159, "key": 0, "oneway": "False", "highway": "residential", "name": "улица Профессора Севастьянова", "maxspeed": "40", "lanes": "2", "osmid": [ 396981042, 1370697614, 1370697615 ] }, "geometry": { "type": "LineString", "coordinates": [ [ 20.5099761, 54.7151415 ], [ 20.5101574, 54.7151853 ], [ 20.5104442, 54.7152545 ], [ 20.510686, 54.7153129 ] ] } },
{ "type": "Feature", "properties": { "u": 169, "v": 168, "key": 0, "oneway": "False", "highway": "residential", "name": "Университетская улица", "maxspeed": "RU:living_street", "lanes": "", "osmid": "48817197" }, "geometry": { "type": "LineString", "coordinates": [ [ 20.5101177, 54.7148364 ], [ 20.5099761, 54.7151415 ] ] } },
{ "type": "Feature", "properties": { "u": 170, "v": 100, "key": 0, "oneway": "False", "highway": "tertiary", "name": "улица Богдана Хмельницкого", "maxspeed": "RU:urban", "lanes": "2", "osmid": [ 121516045, 713320358, 713320359 ] }, "geometry": { "type": "LineString", "coordinates": [ [ 20.515177, 54.6972645 ], [ 20.5152289, 54.6972651 ], [ 20.5161817, 54.6972763 ], [ 20.5164111, 54.6972798 ], [ 20.5165384, 54.6972822 ] ] } },
{ "type": "Feature", "properties": { "u": 170, "v": 172, "key": 0, "oneway": "False", "highway": "tertiary", "name": "улица Богдана Хмельницкого", "maxspeed": "RU:urban", "lanes": "2", "osmid": [ 713320360, 989399977, 989399978, 713320361, 713320362, 713320363, 713320364 ] }, "geometry": { "type": "LineString", "coordinates": [ [ 20.515177, 54.6972645 ], [ 20.5146451, 54.6972547 ], [ 20.5138667, 54.6972405 ], [ 20.513536, 54.6972344 ], [ 20.5134617, 54.697233 ], [ 20.5132414, 54.697229 ], [ 20.5127396, 54.6972198 ], [ 20.5124586, 54.6972138 ], [ 20.5119285, 54.6972026 ], [ 20.5115393, 54.6971959 ], [ 20.5111445, 54.6971892 ], [ 20.5107928, 54.6971831 ], [ 20.5106126, 54.69718 ], [ 20.5103324, 54.6971753 ] ] } },
{ "type": "Feature", "properties": { "u": 170, "v": 600, "key": 0, "oneway": "False", "highway": "residential", "name": "Малая Песочная улица", "maxspeed": "RU:urban", "lanes": "1", "osmid": "1026591381" }, "geometry": { "type": "LineString", "coordinates": [ [ 20.515177, 54.6972645 ], [ 20.5151739, 54.6972952 ], [ 20.5151685, 54.6973499 ], [ 20.5151685, 54.6975086 ], [ 20.5151809, 54.697748 ] ] } },
{ "type": "Feature", "properties": { "u": 171, "v": 599, "key": 0, "oneway": "False", "highway": "residential", "name": "Малая Песочная улица", "maxspeed": "RU:urban", "lanes": "1", "osmid": "49205132" }, "geometry": { "type": "LineString", "coordinates": [ [ 20.5154697, 54.6985509 ], [ 20.5154544, 54.6985232 ], [ 20.515444, 54.6985043 ], [ 20.5152282, 54.6981131 ], [ 20.5152127, 54.698085 ], [ 20.5151932, 54.6979844 ], [ 20.5151874, 54.6978729 ] ] } },
{ "type": "Feature", "properties": { "u": 171, "v": 128, "key": 0, "oneway": "False", "highway": "residential", "name": "Большая Песочная улица", "maxspeed": "RU:urban", "lanes": "1", "osmid": [ 996149797, 713320357 ] }, "geometry": { "type": "LineString", "coordinates": [ [ 20.5154697, 54.6985509 ], [ 20.5156362, 54.6985115 ], [ 20.5162724, 54.6983612 ], [ 20.5166281, 54.6982752 ], [ 20.5168465, 54.6982184 ], [ 20.5169755, 54.6981756 ] ] } },
{ "type": "Feature", "properties": { "u": 171, "v": 481, "key": 0, "oneway": "False", "highway": "residential", "name": "Большая Песочная улица", "maxspeed": "RU:urban", "lanes": "1", "osmid": "996149797" }, "geometry": { "type": "LineString", "coordinates": [ [ 20.5154697, 54.6985509 ], [ 20.5136489, 54.6988782 ], [ 20.5135297, 54.6989215 ], [ 20.5133075, 54.6990377 ], [ 20.5131912, 54.6991051 ], [ 20.5131391, 54.6991521 ], [ 20.5130859, 54.6992389 ], [ 20.5130625, 54.6993637 ], [ 20.5130293, 54.6995515 ], [ 20.5130228, 54.6996006 ] ] } },
{ "type": "Feature", "properties": { "u": 172, "v": 173, "key": 0, "oneway": "False", "highway": "residential", "name": "Красноармейская улица", "maxspeed": "", "lanes": "1", "osmid": "141192929" }, "geometry": { "type": "LineString", "coordinates": [ [ 20.5103324, 54.6971753 ], [ 20.5103359, 54.6972039 ], [ 20.5103403, 54.6973561 ] ] } },
{ "type": "Feature", "properties": { "u": 172, "v": 170, "key": 0, "oneway": "False", "highway": "tertiary", "name": "улица Богдана Хмельницкого", "maxspeed": "RU:urban", "lanes": "2", "osmid": [ 713320360, 713320361, 989399978, 713320362, 713320363, 713320364, 989399977 ] }, "geometry": { "type": "LineString", "coordinates": [ [ 20.5103324, 54.6971753 ], [ 20.5106126, 54.69718 ], [ 20.5107928, 54.6971831 ], [ 20.5111445, 54.6971892 ], [ 20.5115393, 54.6971959 ], [ 20.5119285, 54.6972026 ], [ 20.5124586, 54.6972138 ], [ 20.5127396, 54.6972198 ], [ 20.5132414, 54.697229 ], [ 20.5134617, 54.697233 ], [ 20.513536, 54.6972344 ], [ 20.5138667, 54.6972405 ], [ 20.5146451, 54.6972547 ], [ 20.515177, 54.6972645 ] ] } },
{ "type": "Feature", "properties": { "u": 172, "v": 147, "key": 0, "oneway": "False", "highway": "tertiary", "name": "улица Богдана Хмельницкого", "maxspeed": "RU:urban", "lanes": "2", "osmid": [ 989399979, 989399980, 713320365 ] }, "geometry": { "type": "LineString", "coordinates": [ [ 20.5103324, 54.6971753 ], [ 20.5101608, 54.6971722 ], [ 20.509205, 54.69715 ], [ 20.5089856, 54.6971449 ], [ 20.5087539, 54.6971395 ] ] } },
{ "type": "Feature", "properties": { "u": 173, "v": 172, "key": 0, "oneway": "False", "highway": "residential", "name": "Красноармейская улица", "maxspeed": "", "lanes": "1", "osmid": "141192929" }, "geometry": { "type": "LineString", "coordinates": [ [ 20.5103403, 54.6973561 ], [ 20.5103359, 54.6972039 ], [ 20.5103324, 54.6971753 ] ] } },
{ "type": "Feature", "properties": { "u": 174, "v": 175, "key": 0, "oneway": "False", "highway": "residential", "name": "Красноармейская улица", "maxspeed": "", "lanes": "1", "osmid": [ 713320352, 49207231 ] }, "geometry": { "type": "LineString", "coordinates": [ [ 20.5103957, 54.6994309 ], [ 20.5103912, 54.6993895 ], [ 20.5103913, 54.6993638 ], [ 20.5103915, 54.6993197 ], [ 20.5103902, 54.6991698 ], [ 20.5103896, 54.6991086 ], [ 20.5103889, 54.6990281 ], [ 20.5103793, 54.6986989 ], [ 20.5103729, 54.6984785 ] ] } },
{ "type": "Feature", "properties": { "u": 174, "v": 481, "key": 0, "oneway": "True", "highway": "secondary", "name": "улица Багратиона", "maxspeed": "40", "lanes": "1", "osmid": [ 982439552, 713320353, 44387207, 982439551, 1372496950, 713320351 ] }, "geometry": { "type": "LineString", "coordinates": [ [ 20.5103957, 54.6994309 ], [ 20.5105868, 54.6994444 ], [ 20.5112363, 54.6994902 ], [ 20.5114938, 54.6995084 ], [ 20.5119662, 54.6995426 ], [ 20.5125555, 54.6995847 ], [ 20.5127319, 54.6995922 ], [ 20.5130228, 54.6996006 ] ] } },
{ "type": "Feature", "properties": { "u": 175, "v": 174, "key": 0, "oneway": "False", "highway": "residential", "name": "Красноармейская улица", "maxspeed": "", "lanes": "1", "osmid": [ 713320352, 49207231 ] }, "geometry": { "type": "LineString", "coordinates": [ [ 20.5103729, 54.6984785 ], [ 20.5103793, 54.6986989 ], [ 20.5103889, 54.6990281 ], [ 20.5103896, 54.6991086 ], [ 20.5103902, 54.6991698 ], [ 20.5103915, 54.6993197 ], [ 20.5103913, 54.6993638 ], [ 20.5103912, 54.6993895 ], [ 20.5103957, 54.6994309 ] ] } },
{ "type": "Feature", "properties": { "u": 176, "v": 300, "key": 0, "oneway": "False", "highway": "tertiary", "name": "улица Богдана Хмельницкого", "maxspeed": "RU:urban", "lanes": "2", "osmid": "989399981" }, "geometry": { "type": "LineString", "coordinates": [ [ 20.5069001, 54.6971005 ], [ 20.5075874, 54.6971124 ] ] } },
{ "type": "Feature", "properties": { "u": 176, "v": 500, "key": 0, "oneway": "True", "highway": "residential", "name": "улица Младшего лейтенанта Ротко", "maxspeed": "RU:living_street", "lanes": "2", "osmid": "49207349" }, "geometry": { "type": "LineString", "coordinates": [ [ 20.5069001, 54.6971005 ], [ 20.5069004, 54.6971298 ], [ 20.5069106, 54.6980627 ] ] } },
{ "type": "Feature", "properties": { "u": 176, "v": 144, "key": 0, "oneway": "False", "highway": "tertiary", "name": "улица Богдана Хмельницкого", "maxspeed": "RU:urban", "lanes": "2", "osmid": [ 989399982, 713320367 ] }, "geometry": { "type": "LineString", "coordinates": [ [ 20.5069001, 54.6971005 ], [ 20.5068161, 54.6970998 ], [ 20.5062018, 54.6970944 ], [ 20.5060686, 54.6970991 ] ] } },
{ "type": "Feature", "properties": { "u": 177, "v": 146, "key": 0, "oneway": "True", "highway": "secondary", "name": "улица Багратиона", "maxspeed": "RU:urban", "lanes": "1", "osmid": [ 982439558, 982439556, 713320350 ] }, "geometry": { "type": "LineString", "coordinates": [ [ 20.5069227, 54.6992241 ], [ 20.5071261, 54.6992331 ], [ 20.5084445, 54.6993063 ], [ 20.5087708, 54.6993248 ] ] } },
{ "type": "Feature", "properties": { "u": 177, "v": 566, "key": 0, "oneway": "True", "highway": "residential", "name": "улица Младшего лейтенанта Ротко", "maxspeed": "RU:living_street", "lanes": "2", "osmid": "996149791" }, "geometry": { "type": "LineString", "coordinates": [ [ 20.5069227, 54.6992241 ], [ 20.5069211, 54.6992416 ], [ 20.5069218, 54.6992595 ], [ 20.5069175, 54.6992824 ] ] } },
{ "type": "Feature", "properties": { "u": 178, "v": 180, "key": 0, "oneway": "False", "highway": "residential", "name": "Ореховая улица", "maxspeed": "RU:urban", "lanes": "2", "osmid": [ 1372496946, 49207532 ] }, "geometry": { "type": "LineString", "coordinates": [ [ 20.5038544, 54.6978522 ], [ 20.5036872, 54.6988668 ], [ 20.5036793, 54.6989148 ], [ 20.5036685, 54.698969 ] ] } },
{ "type": "Feature", "properties": { "u": 179, "v": 597, "key": 0, "oneway": "False", "highway": "residential", "name": "Ореховая улица", "maxspeed": "RU:urban", "lanes": "1", "osmid": [ 49207533, 49207534 ] }, "geometry": { "type": "LineString", "coordinates": [ [ 20.5039562, 54.6970185 ], [ 20.5039445, 54.6970726 ], [ 20.5039226, 54.6972451 ], [ 20.5038938, 54.6974723 ], [ 20.5038543, 54.6977144 ] ] } },
{ "type": "Feature", "properties": { "u": 179, "v": 101, "key": 0, "oneway": "False", "highway": "tertiary", "name": "улица Богдана Хмельницкого", "maxspeed": "RU:urban", "lanes": "2", "osmid": "989399988" }, "geometry": { "type": "LineString", "coordinates": [ [ 20.5039562, 54.6970185 ], [ 20.5034335, 54.6969783 ], [ 20.5031876, 54.6969609 ], [ 20.5030627, 54.6969515 ] ] } },
{ "type": "Feature", "properties": { "u": 179, "v": 200, "key": 0, "oneway": "False", "highway": "tertiary", "name": "улица Богдана Хмельницкого", "maxspeed": "RU:urban", "lanes": "2", "osmid": "989399988" }, "geometry": { "type": "LineString", "coordinates": [ [ 20.5039562, 54.6970185 ], [ 20.5045682, 54.6970586 ], [ 20.5046664, 54.6970648 ] ] } },
{ "type": "Feature", "properties": { "u": 180, "v": 178, "key": 0, "oneway": "False", "highway": "residential", "name": "Ореховая улица", "maxspeed": "RU:urban", "lanes": "2", "osmid": [ 1372496946, 49207532 ] }, "geometry": { "type": "LineString", "coordinates": [ [ 20.5036685, 54.698969 ], [ 20.5036793, 54.6989148 ], [ 20.5036872, 54.6988668 ], [ 20.5038544, 54.6978522 ] ] } },
{ "type": "Feature", "properties": { "u": 180, "v": 145, "key": 0, "oneway": "True", "highway": "secondary", "name": "улица Багратиона", "maxspeed": "RU:urban", "lanes": "1", "osmid": [ 713320348, 669208275, 982439563, 982439565 ] }, "geometry": { "type": "LineString", "coordinates": [ [ 20.5036685, 54.698969 ], [ 20.5043275, 54.6990792 ], [ 20.5046194, 54.6991078 ], [ 20.5047169, 54.6991163 ], [ 20.5048509, 54.6991279 ], [ 20.5056869, 54.6991711 ], [ 20.5059203, 54.6991827 ] ] } },
{ "type": "Feature", "properties": { "u": 181, "v": 182, "key": 0, "oneway": "False", "highway": "residential", "name": "Казанская улица", "maxspeed": "RU:living_street", "lanes": "2", "osmid": "49211509" }, "geometry": { "type": "LineString", "coordinates": [ [ 20.5043951, 54.7002519 ], [ 20.504625, 54.7002119 ], [ 20.504683, 54.7002093 ], [ 20.5059394, 54.7001984 ], [ 20.5065921, 54.7001794 ], [ 20.5069765, 54.7001682 ], [ 20.5077406, 54.7001459 ], [ 20.5088011, 54.7001246 ], [ 20.5088971, 54.7001227 ], [ 20.5094226, 54.7001121 ] ] } },
{ "type": "Feature", "properties": { "u": 182, "v": 185, "key": 0, "oneway": "False", "highway": "residential", "name": "улица Новый Вал", "maxspeed": "RU:living_street", "lanes": "2", "osmid": "996149794" }, "geometry": { "type": "LineString", "coordinates": [ [ 20.5094226, 54.7001121 ], [ 20.5094215, 54.7002242 ] ] } },
{ "type": "Feature", "properties": { "u": 182, "v": 181, "key": 0, "oneway": "False", "highway": "residential", "name": "Казанская улица", "maxspeed": "RU:living_street", "lanes": "2", "osmid": "49211509" }, "geometry": { "type": "LineString", "coordinates": [ [ 20.5094226, 54.7001121 ], [ 20.5088971, 54.7001227 ], [ 20.5088011, 54.7001246 ], [ 20.5077406, 54.7001459 ], [ 20.5069765, 54.7001682 ], [ 20.5065921, 54.7001794 ], [ 20.5059394, 54.7001984 ], [ 20.504683, 54.7002093 ], [ 20.504625, 54.7002119 ], [ 20.5043951, 54.7002519 ] ] } },
{ "type": "Feature", "properties": { "u": 182, "v": 567, "key": 0, "oneway": "False", "highway": "residential", "name": "улица Новый Вал", "maxspeed": "RU:living_street", "lanes": "2", "osmid": "996149794" }, "geometry": { "type": "LineString", "coordinates": [ [ 20.5094226, 54.7001121 ], [ 20.509498, 54.6994816 ], [ 20.5095009, 54.6994258 ] ] } },
{ "type": "Feature", "properties": { "u": 183, "v": 184, "key": 0, "oneway": "False", "highway": "unclassified", "name": "Мореходная улица", "maxspeed": "", "lanes": "", "osmid": "49211522" }, "geometry": { "type": "LineString", "coordinates": [ [ 20.5067122, 54.7015255 ], [ 20.5069568, 54.7020402 ], [ 20.5069878, 54.7021052 ] ] } },
{ "type": "Feature", "properties": { "u": 184, "v": 183, "key": 0, "oneway": "False", "highway": "unclassified", "name": "Мореходная улица", "maxspeed": "", "lanes": "", "osmid": "49211522" }, "geometry": { "type": "LineString", "coordinates": [ [ 20.5069878, 54.7021052 ], [ 20.5069568, 54.7020402 ], [ 20.5067122, 54.7015255 ] ] } },
{ "type": "Feature", "properties": { "u": 184, "v": 42, "key": 0, "oneway": "False", "highway": "tertiary", "name": "Краснооктябрьская улица", "maxspeed": "40", "lanes": "2", "osmid": [ 308211224, 308211225, 989399960, 989399961, 989399962 ] }, "geometry": { "type": "LineString", "coordinates": [ [ 20.5069878, 54.7021052 ], [ 20.506739, 54.7021411 ], [ 20.5063558, 54.7021917 ], [ 20.5053314, 54.7023325 ], [ 20.5051615, 54.7023559 ], [ 20.505005, 54.7023851 ] ] } },
{ "type": "Feature", "properties": { "u": 184, "v": 41, "key": 0, "oneway": "False", "highway": "tertiary", "name": "Краснооктябрьская улица", "maxspeed": "40", "lanes": "2", "osmid": [ 989399963, 989399965, 1372756646 ] }, "geometry": { "type": "LineString", "coordinates": [ [ 20.5069878, 54.7021052 ], [ 20.5075053, 54.7020334 ], [ 20.5077372, 54.7020015 ], [ 20.5079678, 54.7019677 ], [ 20.5080886, 54.7019481 ] ] } },
{ "type": "Feature", "properties": { "u": 185, "v": 182, "key": 0, "oneway": "False", "highway": "residential", "name": "улица Новый Вал", "maxspeed": "RU:living_street", "lanes": "2", "osmid": "996149794" }, "geometry": { "type": "LineString", "coordinates": [ [ 20.5094215, 54.7002242 ], [ 20.5094226, 54.7001121 ] ] } },
{ "type": "Feature", "properties": { "u": 185, "v": 130, "key": 0, "oneway": "False", "highway": "residential", "name": "улица Новый Вал", "maxspeed": "RU:living_street", "lanes": "2", "osmid": "996149794" }, "geometry": { "type": "LineString", "coordinates": [ [ 20.5094215, 54.7002242 ], [ 20.5094644, 54.7008612 ], [ 20.5094704, 54.7009559 ], [ 20.5095559, 54.7016629 ], [ 20.5095622, 54.701715 ] ] } },
{ "type": "Feature", "properties": { "u": 185, "v": 186, "key": 0, "oneway": "False", "highway": "residential", "name": "улица Профессора Морозова", "maxspeed": "RU:living_street", "lanes": "2", "osmid": [ 49212396, 1372756629, 1372756630 ] }, "geometry": { "type": "LineString", "coordinates": [ [ 20.5094215, 54.7002242 ], [ 20.5094521, 54.7002235 ], [ 20.5095335, 54.7002245 ], [ 20.5100137, 54.7002312 ], [ 20.5100582, 54.7002318 ], [ 20.5105389, 54.7002427 ], [ 20.5114959, 54.7002654 ], [ 20.5115277, 54.7002658 ] ] } },
{ "type": "Feature", "properties": { "u": 186, "v": 187, "key": 0, "oneway": "False", "highway": "residential", "name": "улица Профессора Морозова", "maxspeed": "RU:living_street", "lanes": "2", "osmid": "49212396" }, "geometry": { "type": "LineString", "coordinates": [ [ 20.5115277, 54.7002658 ], [ 20.5122176, 54.7002687 ], [ 20.5129343, 54.7002873 ], [ 20.5132338, 54.7002997 ], [ 20.5136787, 54.7003181 ], [ 20.5137576, 54.7003214 ] ] } },
{ "type": "Feature", "properties": { "u": 186, "v": 185, "key": 0, "oneway": "False", "highway": "residential", "name": "улица Профессора Морозова", "maxspeed": "RU:living_street", "lanes": "2", "osmid": [ 49212396, 1372756629, 1372756630 ] }, "geometry": { "type": "LineString", "coordinates": [ [ 20.5115277, 54.7002658 ], [ 20.5114959, 54.7002654 ], [ 20.5105389, 54.7002427 ], [ 20.5100582, 54.7002318 ], [ 20.5100137, 54.7002312 ], [ 20.5095335, 54.7002245 ], [ 20.5094521, 54.7002235 ], [ 20.5094215, 54.7002242 ] ] } },
{ "type": "Feature", "properties": { "u": 186, "v": 188, "key": 0, "oneway": "False", "highway": "residential", "name": "Малый переулок", "maxspeed": "RU:living_street", "lanes": "2", "osmid": [ 1372756632, 49212395, 1372756631 ] }, "geometry": { "type": "LineString", "coordinates": [ [ 20.5115277, 54.7002658 ], [ 20.5115277, 54.7002945 ], [ 20.5115289, 54.7003588 ], [ 20.511533, 54.7005796 ], [ 20.5115381, 54.700856 ], [ 20.5115433, 54.701265 ], [ 20.5115441, 54.7013209 ] ] } },
{ "type": "Feature", "properties": { "u": 187, "v": 186, "key": 0, "oneway": "False", "highway": "residential", "name": "улица Профессора Морозова", "maxspeed": "RU:living_street", "lanes": "2", "osmid": "49212396" }, "geometry": { "type": "LineString", "coordinates": [ [ 20.5137576, 54.7003214 ], [ 20.5136787, 54.7003181 ], [ 20.5132338, 54.7002997 ], [ 20.5129343, 54.7002873 ], [ 20.5122176, 54.7002687 ], [ 20.5115277, 54.7002658 ] ] } },
{ "type": "Feature", "properties": { "u": 187, "v": 40, "key": 0, "oneway": "False", "highway": "tertiary", "name": "Эпроновская улица", "maxspeed": "RU:urban", "lanes": "2", "osmid": [ 989399973, 293321998 ] }, "geometry": { "type": "LineString", "coordinates": [ [ 20.5137576, 54.7003214 ], [ 20.5135939, 54.7004882 ], [ 20.5131627, 54.7009742 ] ] } },
{ "type": "Feature", "properties": { "u": 187, "v": 564, "key": 0, "oneway": "False", "highway": "tertiary", "name": "Эпроновская улица", "maxspeed": "RU:urban", "lanes": "2", "osmid": [ 41911949, 989399974, 989399975 ] }, "geometry": { "type": "LineString", "coordinates": [ [ 20.5137576, 54.7003214 ], [ 20.5138113, 54.7002524 ], [ 20.5138423, 54.7001501 ], [ 20.5138641, 54.6997601 ], [ 20.5138664, 54.6997192 ], [ 20.5138713, 54.6996475 ] ] } },
{ "type": "Feature", "properties": { "u": 188, "v": 189, "key": 0, "oneway": "False", "highway": "residential", "name": "Малый переулок", "maxspeed": "RU:living_street", "lanes": "2", "osmid": [ 1372756633, 49212395 ] }, "geometry": { "type": "LineString", "coordinates": [ [ 20.5115441, 54.7013209 ], [ 20.5115386, 54.7013993 ], [ 20.5114744, 54.7021666 ], [ 20.5114616, 54.7023189 ] ] } },
{ "type": "Feature", "properties": { "u": 188, "v": 186, "key": 0, "oneway": "False", "highway": "residential", "name": "Малый переулок", "maxspeed": "RU:living_street", "lanes": "2", "osmid": [ 1372756632, 49212395, 1372756631 ] }, "geometry": { "type": "LineString", "coordinates": [ [ 20.5115441, 54.7013209 ], [ 20.5115433, 54.701265 ], [ 20.5115381, 54.700856 ], [ 20.511533, 54.7005796 ], [ 20.5115289, 54.7003588 ], [ 20.5115277, 54.7002945 ], [ 20.5115277, 54.7002658 ] ] } },
{ "type": "Feature", "properties": { "u": 188, "v": 130, "key": 0, "oneway": "False", "highway": "tertiary", "name": "Краснооктябрьская улица", "maxspeed": "RU:urban", "lanes": "2", "osmid": [ 989399968, 989399969, 989399967 ] }, "geometry": { "type": "LineString", "coordinates": [ [ 20.5115441, 54.7013209 ], [ 20.5109559, 54.701438 ], [ 20.5097062, 54.7016869 ], [ 20.5095622, 54.701715 ] ] } },
{ "type": "Feature", "properties": { "u": 188, "v": 40, "key": 0, "oneway": "False", "highway": "tertiary", "name": "Краснооктябрьская улица", "maxspeed": "RU:urban", "lanes": "2", "osmid": [ 989399970, 989399971, 989399972 ] }, "geometry": { "type": "LineString", "coordinates": [ [ 20.5115441, 54.7013209 ], [ 20.5122387, 54.7011774 ], [ 20.5130118, 54.7010098 ], [ 20.5131627, 54.7009742 ] ] } },
{ "type": "Feature", "properties": { "u": 189, "v": 134, "key": 0, "oneway": "False", "highway": "residential", "name": "Малый переулок", "maxspeed": "RU:living_street", "lanes": "2", "osmid": "44795254" }, "geometry": { "type": "LineString", "coordinates": [ [ 20.5114616, 54.7023189 ], [ 20.5116186, 54.7023223 ], [ 20.512462, 54.7023364 ], [ 20.5134314, 54.7023795 ], [ 20.5134788, 54.7023804 ] ] } },
{ "type": "Feature", "properties": { "u": 189, "v": 132, "key": 0, "oneway": "False", "highway": "residential", "name": "Малый переулок", "maxspeed": "RU:living_street", "lanes": "2", "osmid": "1372496918" }, "geometry": { "type": "LineString", "coordinates": [ [ 20.5114616, 54.7023189 ], [ 20.5098, 54.7022632 ], [ 20.5096415, 54.7022746 ] ] } },
{ "type": "Feature", "properties": { "u": 189, "v": 188, "key": 0, "oneway": "False", "highway": "residential", "name": "Малый переулок", "maxspeed": "RU:living_street", "lanes": "2", "osmid": [ 1372756633, 49212395 ] }, "geometry": { "type": "LineString", "coordinates": [ [ 20.5114616, 54.7023189 ], [ 20.5114744, 54.7021666 ], [ 20.5115386, 54.7013993 ], [ 20.5115441, 54.7013209 ] ] } },
{ "type": "Feature", "properties": { "u": 190, "v": 409, "key": 0, "oneway": "True", "highway": "primary", "name": "Московский проспект", "maxspeed": "RU:urban", "lanes": "3", "osmid": "1370697577" }, "geometry": { "type": "LineString", "coordinates": [ [ 20.5016943, 54.710213 ], [ 20.5014489, 54.7102366 ] ] } },
{ "type": "Feature", "properties": { "u": 190, "v": 191, "key": 0, "oneway": "True", "highway": "primary_link", "name": "Московский проспект", "maxspeed": "", "lanes": "1", "osmid": "52985292" }, "geometry": { "type": "LineString", "coordinates": [ [ 20.5016943, 54.710213 ], [ 20.5016567, 54.7101141 ], [ 20.501644, 54.7100807 ] ] } },
{ "type": "Feature", "properties": { "u": 191, "v": 246, "key": 0, "oneway": "True", "highway": "primary", "name": "Московский проспект", "maxspeed": "RU:urban", "lanes": "4", "osmid": [ 989434929, 989434932, 424028543 ] }, "geometry": { "type": "LineString", "coordinates": [ [ 20.501644, 54.7100807 ], [ 20.5024767, 54.7099982 ], [ 20.503444, 54.7099035 ], [ 20.5038452, 54.7098642 ], [ 20.5048241, 54.7097422 ], [ 20.5058194, 54.7096277 ] ] } },
{ "type": "Feature", "properties": { "u": 192, "v": 585, "key": 0, "oneway": "False", "highway": "residential", "name": "улица Литовский Вал", "maxspeed": "", "lanes": "2", "osmid": [ 25901305, 736346491 ] }, "geometry": { "type": "LineString", "coordinates": [ [ 20.5377642, 54.707065 ], [ 20.5379364, 54.7076289 ], [ 20.5380759, 54.7080033 ], [ 20.537961, 54.7089415 ], [ 20.5380199, 54.7093048 ], [ 20.5379583, 54.7094577 ], [ 20.537852, 54.7096467 ], [ 20.5378401, 54.7096692 ], [ 20.5378214, 54.7096934 ] ] } },
{ "type": "Feature", "properties": { "u": 192, "v": 193, "key": 0, "oneway": "False", "highway": "residential", "name": "Черепичная улица", "maxspeed": "", "lanes": "2", "osmid": [ 1366051278, 645790070, 25901305, 53357468, 53357469, 53357470 ] }, "geometry": { "type": "LineString", "coordinates": [ [ 20.5377642, 54.707065 ], [ 20.5375837, 54.7069797 ], [ 20.5374059, 54.7069349 ], [ 20.5371749, 54.7069471 ], [ 20.536121, 54.7070964 ], [ 20.5357358, 54.7071512 ], [ 20.5342573, 54.7073871 ], [ 20.5341203, 54.7074187 ], [ 20.5338336, 54.7074874 ], [ 20.5339052, 54.7075808 ], [ 20.5341935, 54.7079568 ], [ 20.5343196, 54.7081212 ], [ 20.5348154, 54.7087676 ], [ 20.5348402, 54.7088433 ], [ 20.5348414, 54.7089214 ], [ 20.5351676, 54.708932 ], [ 20.5359255, 54.7089578 ], [ 20.5361239, 54.7093535 ], [ 20.5362808, 54.7096664 ], [ 20.5362899, 54.7097415 ] ] } },
{ "type": "Feature", "properties": { "u": 192, "v": 194, "key": 0, "oneway": "False", "highway": "residential", "name": "улица Литовский Вал", "maxspeed": "", "lanes": "2", "osmid": [ 53357473, 53357474, 53357475 ] }, "geometry": { "type": "LineString", "coordinates": [ [ 20.5377642, 54.707065 ], [ 20.5381397, 54.7069954 ], [ 20.5395582, 54.7068664 ], [ 20.5397259, 54.7068333 ], [ 20.5398867, 54.7067981 ] ] } },
{ "type": "Feature", "properties": { "u": 193, "v": 192, "key": 0, "oneway": "False", "highway": "residential", "name": "Черепичная улица", "maxspeed": "", "lanes": "2", "osmid": [ 1366051278, 645790070, 25901305, 53357468, 53357469, 53357470 ] }, "geometry": { "type": "LineString", "coordinates": [ [ 20.5362899, 54.7097415 ], [ 20.5362808, 54.7096664 ], [ 20.5361239, 54.7093535 ], [ 20.5359255, 54.7089578 ], [ 20.5351676, 54.708932 ], [ 20.5348414, 54.7089214 ], [ 20.5348402, 54.7088433 ], [ 20.5348154, 54.7087676 ], [ 20.5343196, 54.7081212 ], [ 20.5341935, 54.7079568 ], [ 20.5339052, 54.7075808 ], [ 20.5338336, 54.7074874 ], [ 20.5341203, 54.7074187 ], [ 20.5342573, 54.7073871 ], [ 20.5357358, 54.7071512 ], [ 20.536121, 54.7070964 ], [ 20.5371749, 54.7069471 ], [ 20.5374059, 54.7069349 ], [ 20.5375837, 54.7069797 ], [ 20.5377642, 54.707065 ] ] } },
{ "type": "Feature", "properties": { "u": 193, "v": 585, "key": 0, "oneway": "True", "highway": "primary", "name": "Московский проспект", "maxspeed": "RU:urban", "lanes": "3", "osmid": "1110426735" }, "geometry": { "type": "LineString", "coordinates": [ [ 20.5362899, 54.7097415 ], [ 20.5375089, 54.7096833 ], [ 20.5376612, 54.7096839 ], [ 20.5378214, 54.7096934 ] ] } },
{ "type": "Feature", "properties": { "u": 194, "v": 192, "key": 0, "oneway": "False", "highway": "residential", "name": "улица Литовский Вал", "maxspeed": "", "lanes": "2", "osmid": [ 53357473, 53357474, 53357475 ] }, "geometry": { "type": "LineString", "coordinates": [ [ 20.5398867, 54.7067981 ], [ 20.5397259, 54.7068333 ], [ 20.5395582, 54.7068664 ], [ 20.5381397, 54.7069954 ], [ 20.5377642, 54.707065 ] ] } },
{ "type": "Feature", "properties": { "u": 195, "v": 152, "key": 0, "oneway": "False", "highway": "residential", "name": "переулок Калинина", "maxspeed": "RU:urban", "lanes": "2", "osmid": "1053446697" }, "geometry": { "type": "LineString", "coordinates": [ [ 20.5065313, 54.6948864 ], [ 20.5065222, 54.6949921 ] ] } },
{ "type": "Feature", "properties": { "u": 195, "v": 198, "key": 0, "oneway": "True", "highway": "primary", "name": "проспект Калинина", "maxspeed": "RU:urban", "lanes": "2", "osmid": [ 981617638, 981617639 ] }, "geometry": { "type": "LineString", "coordinates": [ [ 20.5065313, 54.6948864 ], [ 20.5069372, 54.6949012 ], [ 20.50952, 54.6949938 ], [ 20.5097808, 54.6950057 ], [ 20.5099354, 54.6950079 ], [ 20.510262, 54.6950171 ] ] } },
{ "type": "Feature", "properties": { "u": 196, "v": 201, "key": 0, "oneway": "False", "highway": "residential", "name": "Ольштынский переулок", "maxspeed": "RU:urban", "lanes": "2", "osmid": "53573661" }, "geometry": { "type": "LineString", "coordinates": [ [ 20.5093314, 54.6950943 ], [ 20.5093283, 54.6951408 ], [ 20.5092819, 54.6958252 ], [ 20.5092714, 54.6959233 ], [ 20.5092681, 54.6959449 ] ] } },
{ "type": "Feature", "properties": { "u": 196, "v": 152, "key": 0, "oneway": "True", "highway": "primary", "name": "проспект Калинина", "maxspeed": "RU:urban", "lanes": "2", "osmid": [ 981617641, 981617642 ] }, "geometry": { "type": "LineString", "coordinates": [ [ 20.5093314, 54.6950943 ], [ 20.5068679, 54.6950047 ], [ 20.5065222, 54.6949921 ] ] } },
{ "type": "Feature", "properties": { "u": 197, "v": 198, "key": 0, "oneway": "False", "highway": "residential", "name": "Ольштынский переулок", "maxspeed": "RU:urban", "lanes": "2", "osmid": "1053446696" }, "geometry": { "type": "LineString", "coordinates": [ [ 20.5102485, 54.6951257 ], [ 20.510262, 54.6950171 ] ] } },
{ "type": "Feature", "properties": { "u": 197, "v": 202, "key": 0, "oneway": "False", "highway": "residential", "name": "Ольштынский переулок", "maxspeed": "RU:urban", "lanes": "2", "osmid": [ 323517196, 53573663 ] }, "geometry": { "type": "LineString", "coordinates": [ [ 20.5102485, 54.6951257 ], [ 20.5102426, 54.6951704 ], [ 20.5101701, 54.6958562 ], [ 20.5101583, 54.6959426 ], [ 20.5101559, 54.6959697 ] ] } },
{ "type": "Feature", "properties": { "u": 197, "v": 196, "key": 0, "oneway": "True", "highway": "primary", "name": "проспект Калинина", "maxspeed": "RU:urban", "lanes": "2", "osmid": [ 981617640, 981617637 ] }, "geometry": { "type": "LineString", "coordinates": [ [ 20.5102485, 54.6951257 ], [ 20.509509, 54.6951004 ], [ 20.5093314, 54.6950943 ] ] } },
{ "type": "Feature", "properties": { "u": 198, "v": 197, "key": 0, "oneway": "False", "highway": "residential", "name": "Ольштынский переулок", "maxspeed": "RU:urban", "lanes": "2", "osmid": "1053446696" }, "geometry": { "type": "LineString", "coordinates": [ [ 20.510262, 54.6950171 ], [ 20.5102485, 54.6951257 ] ] } },
{ "type": "Feature", "properties": { "u": 198, "v": 350, "key": 0, "oneway": "True", "highway": "primary", "name": "проспект Калинина", "maxspeed": "RU:urban", "lanes": "2", "osmid": [ 981617627, 981617628 ] }, "geometry": { "type": "LineString", "coordinates": [ [ 20.510262, 54.6950171 ], [ 20.5126198, 54.6950977 ], [ 20.513422, 54.6951251 ], [ 20.5138277, 54.695139 ] ] } },
{ "type": "Feature", "properties": { "u": 199, "v": 200, "key": 0, "oneway": "False", "highway": "residential", "name": "Большевистский переулок", "maxspeed": "RU:urban", "lanes": "2", "osmid": "53573670" }, "geometry": { "type": "LineString", "coordinates": [ [ 20.5046915, 54.6960906 ], [ 20.5046675, 54.697011 ], [ 20.5046664, 54.6970648 ] ] } },
{ "type": "Feature", "properties": { "u": 200, "v": 199, "key": 0, "oneway": "False", "highway": "residential", "name": "Большевистский переулок", "maxspeed": "RU:urban", "lanes": "2", "osmid": "53573670" }, "geometry": { "type": "LineString", "coordinates": [ [ 20.5046664, 54.6970648 ], [ 20.5046675, 54.697011 ], [ 20.5046915, 54.6960906 ] ] } },
{ "type": "Feature", "properties": { "u": 200, "v": 179, "key": 0, "oneway": "False", "highway": "tertiary", "name": "улица Богдана Хмельницкого", "maxspeed": "RU:urban", "lanes": "2", "osmid": "989399988" }, "geometry": { "type": "LineString", "coordinates": [ [ 20.5046664, 54.6970648 ], [ 20.5045682, 54.6970586 ], [ 20.5039562, 54.6970185 ] ] } },
{ "type": "Feature", "properties": { "u": 200, "v": 144, "key": 0, "oneway": "False", "highway": "tertiary", "name": "улица Богдана Хмельницкого", "maxspeed": "RU:urban", "lanes": "2", "osmid": "989399988" }, "geometry": { "type": "LineString", "coordinates": [ [ 20.5046664, 54.6970648 ], [ 20.5048417, 54.6970758 ], [ 20.5051719, 54.6970912 ], [ 20.5060686, 54.6970991 ] ] } },
{ "type": "Feature", "properties": { "u": 201, "v": 196, "key": 0, "oneway": "False", "highway": "residential", "name": "Ольштынский переулок", "maxspeed": "RU:urban", "lanes": "2", "osmid": "53573661" }, "geometry": { "type": "LineString", "coordinates": [ [ 20.5092681, 54.6959449 ], [ 20.5092714, 54.6959233 ], [ 20.5092819, 54.6958252 ], [ 20.5093283, 54.6951408 ], [ 20.5093314, 54.6950943 ] ] } },
{ "type": "Feature", "properties": { "u": 201, "v": 202, "key": 0, "oneway": "True", "highway": "residential", "name": "Ольштынская улица", "maxspeed": "40", "lanes": "1", "osmid": "314321298" }, "geometry": { "type": "LineString", "coordinates": [ [ 20.5092681, 54.6959449 ], [ 20.5095737, 54.6959534 ], [ 20.5100197, 54.6959659 ], [ 20.5101559, 54.6959697 ] ] } },
{ "type": "Feature", "properties": { "u": 202, "v": 197, "key": 0, "oneway": "False", "highway": "residential", "name": "Ольштынский переулок", "maxspeed": "RU:urban", "lanes": "2", "osmid": [ 323517196, 53573663 ] }, "geometry": { "type": "LineString", "coordinates": [ [ 20.5101559, 54.6959697 ], [ 20.5101583, 54.6959426 ], [ 20.5101701, 54.6958562 ], [ 20.5102426, 54.6951704 ], [ 20.5102485, 54.6951257 ] ] } },
{ "type": "Feature", "properties": { "u": 202, "v": 204, "key": 0, "oneway": "True", "highway": "residential", "name": "Ольштынская улица", "maxspeed": "40", "lanes": "1", "osmid": "314321298" }, "geometry": { "type": "LineString", "coordinates": [ [ 20.5101559, 54.6959697 ], [ 20.5107771, 54.6960086 ], [ 20.5111894, 54.6960577 ], [ 20.511354, 54.6961079 ], [ 20.5120031, 54.6962879 ], [ 20.5133824, 54.6963867 ], [ 20.513688, 54.6964035 ] ] } },
{ "type": "Feature", "properties": { "u": 203, "v": 350, "key": 0, "oneway": "False", "highway": "residential", "name": "Мебельная улица", "maxspeed": "RU:urban", "lanes": "2", "osmid": "1053446694" }, "geometry": { "type": "LineString", "coordinates": [ [ 20.5138088, 54.6952501 ], [ 20.5138277, 54.695139 ] ] } },
{ "type": "Feature", "properties": { "u": 203, "v": 197, "key": 0, "oneway": "True", "highway": "primary", "name": "проспект Калинина", "maxspeed": "RU:urban", "lanes": "2", "osmid": [ 107419292, 1370089157, 981617636 ] }, "geometry": { "type": "LineString", "coordinates": [ [ 20.5138088, 54.6952501 ], [ 20.5124915, 54.6952041 ], [ 20.5116167, 54.6951735 ], [ 20.5106737, 54.6951406 ], [ 20.5104658, 54.6951333 ], [ 20.5102485, 54.6951257 ] ] } },
{ "type": "Feature", "properties": { "u": 203, "v": 204, "key": 0, "oneway": "False", "highway": "residential", "name": "Мебельная улица", "maxspeed": "RU:urban", "lanes": "2", "osmid": [ 323517192, 53573669 ] }, "geometry": { "type": "LineString", "coordinates": [ [ 20.5138088, 54.6952501 ], [ 20.5138032, 54.6953029 ], [ 20.5136915, 54.6963714 ], [ 20.513688, 54.6964035 ] ] } },
{ "type": "Feature", "properties": { "u": 204, "v": 203, "key": 0, "oneway": "False", "highway": "residential", "name": "Мебельная улица", "maxspeed": "RU:urban", "lanes": "2", "osmid": [ 323517192, 53573669 ] }, "geometry": { "type": "LineString", "coordinates": [ [ 20.513688, 54.6964035 ], [ 20.5136915, 54.6963714 ], [ 20.5138032, 54.6953029 ], [ 20.5138088, 54.6952501 ] ] } },
{ "type": "Feature", "properties": { "u": 204, "v": 103, "key": 0, "oneway": "True", "highway": "residential", "name": "Ольштынская улица", "maxspeed": "RU:urban", "lanes": "1", "osmid": "1370089147" }, "geometry": { "type": "LineString", "coordinates": [ [ 20.513688, 54.6964035 ], [ 20.5138243, 54.6964115 ], [ 20.5140447, 54.6964195 ], [ 20.5145196, 54.6964379 ], [ 20.5164437, 54.6965293 ], [ 20.5166158, 54.6965384 ] ] } },
{ "type": "Feature", "properties": { "u": 205, "v": 364, "key": 0, "oneway": "True", "highway": "secondary", "name": "улица Багратиона", "maxspeed": "RU:urban", "lanes": "1", "osmid": [ 982439566, 713320342 ] }, "geometry": { "type": "LineString", "coordinates": [ [ 20.5004361, 54.6984158 ], [ 20.5006832, 54.6984316 ], [ 20.500881, 54.6984463 ] ] } },
{ "type": "Feature", "properties": { "u": 205, "v": 563, "key": 0, "oneway": "False", "highway": "tertiary", "name": "Серпуховская улица", "maxspeed": "RU:urban", "lanes": "2", "osmid": "996149800" }, "geometry": { "type": "LineString", "coordinates": [ [ 20.5004361, 54.6984158 ], [ 20.5004409, 54.6984352 ], [ 20.5004407, 54.6984574 ], [ 20.50045, 54.6984923 ] ] } },
{ "type": "Feature", "properties": { "u": 206, "v": 616, "key": 0, "oneway": "False", "highway": "residential", "name": "Эльблонгская улица", "maxspeed": "RU:living_street", "lanes": "2", "osmid": "1372496930" }, "geometry": { "type": "LineString", "coordinates": [ [ 20.4972652, 54.7005206 ], [ 20.4977361, 54.7005568 ] ] } },
{ "type": "Feature", "properties": { "u": 207, "v": 508, "key": 0, "oneway": "False", "highway": "residential", "name": "Южный переулок", "maxspeed": "RU:living_street", "lanes": "2", "osmid": [ 1372496931, 1372496932, 1372496933, 1372496934, 251445223, 133597556 ] }, "geometry": { "type": "LineString", "coordinates": [ [ 20.4956117, 54.6997259 ], [ 20.4952518, 54.6995276 ], [ 20.49487, 54.6993074 ], [ 20.4942901, 54.6989729 ], [ 20.4940242, 54.6988175 ], [ 20.4937989, 54.6986895 ], [ 20.4934602, 54.6984941 ], [ 20.4944703, 54.6978565 ], [ 20.4948106, 54.6975575 ], [ 20.4949161, 54.6974394 ] ] } },
{ "type": "Feature", "properties": { "u": 208, "v": 16, "key": 0, "oneway": "True", "highway": "secondary", "name": "Портовая улица", "maxspeed": "RU:urban", "lanes": "2", "osmid": [ 989399936, 989399937, 1372756649, 668678782, 989399930, 989399931, 989399932, 989399933, 989399934, 989399935 ] }, "geometry": { "type": "LineString", "coordinates": [ [ 20.4985534, 54.7050673 ], [ 20.4983128, 54.7050947 ], [ 20.4979777, 54.7051385 ], [ 20.4972006, 54.705178 ], [ 20.4968069, 54.7051896 ], [ 20.4955712, 54.7052298 ], [ 20.4943356, 54.7051757 ], [ 20.4938761, 54.7051455 ], [ 20.4933005, 54.7050936 ], [ 20.4931227, 54.7050791 ], [ 20.4930323, 54.7050733 ], [ 20.4926241, 54.7050359 ], [ 20.4924633, 54.7050206 ], [ 20.4920619, 54.7049881 ], [ 20.4919775, 54.7049826 ], [ 20.4917182, 54.7049602 ], [ 20.4910588, 54.704934 ], [ 20.4904467, 54.7049105 ] ] } },
{ "type": "Feature", "properties": { "u": 208, "v": 484, "key": 0, "oneway": "False", "highway": "secondary", "name": "Портовая улица", "maxspeed": "RU:urban", "lanes": "2", "osmid": [ 989399938, 989399939 ] }, "geometry": { "type": "LineString", "coordinates": [ [ 20.4985534, 54.7050673 ], [ 20.4987167, 54.7050447 ], [ 20.4995526, 54.7049405 ] ] } },
{ "type": "Feature", "properties": { "u": 208, "v": 210, "key": 0, "oneway": "False", "highway": "tertiary", "name": "Полоцкая улица", "maxspeed": "40", "lanes": "2", "osmid": [ 53574852, 1372756648, 989399949, 989399950, 989399951, 989399952, 989399953, 989399954 ] }, "geometry": { "type": "LineString", "coordinates": [ [ 20.4985534, 54.7050673 ], [ 20.4984638, 54.7048759 ], [ 20.4981617, 54.7042309 ], [ 20.4981159, 54.7041088 ], [ 20.4981187, 54.7039458 ], [ 20.4983524, 54.7037823 ], [ 20.4985151, 54.7036518 ], [ 20.4987074, 54.7035055 ], [ 20.498957, 54.7034171 ], [ 20.499327, 54.703286 ], [ 20.4996656, 54.7031776 ], [ 20.5000309, 54.7031162 ], [ 20.5003148, 54.7031144 ], [ 20.5005252, 54.7031143 ], [ 20.500932, 54.7030514 ], [ 20.5011627, 54.7030158 ], [ 20.5021907, 54.702857 ], [ 20.5025412, 54.7028028 ], [ 20.5026239, 54.70279 ] ] } },
{ "type": "Feature", "properties": { "u": 209, "v": 616, "key": 0, "oneway": "False", "highway": "residential", "name": "Эльблонгская улица", "maxspeed": "RU:living_street", "lanes": "2", "osmid": [ 1372496929, 1372496930, 287846925 ] }, "geometry": { "type": "LineString", "coordinates": [ [ 20.5016793, 54.7009753 ], [ 20.5015835, 54.7009646 ], [ 20.5006695, 54.7008621 ], [ 20.4997441, 54.7007583 ], [ 20.4991661, 54.7006935 ], [ 20.4986822, 54.7006221 ], [ 20.4977361, 54.7005568 ] ] } },
{ "type": "Feature", "properties": { "u": 209, "v": 517, "key": 0, "oneway": "False", "highway": "residential", "name": "Эльблонгская улица", "maxspeed": "RU:living_street", "lanes": "2", "osmid": [ 287846925, 980011167 ] }, "geometry": { "type": "LineString", "coordinates": [ [ 20.5016793, 54.7009753 ], [ 20.5017833, 54.7009579 ], [ 20.5020357, 54.7009156 ], [ 20.5021161, 54.7009093 ], [ 20.5022773, 54.7008968 ], [ 20.5030996, 54.7007586 ], [ 20.5034949, 54.7006921 ], [ 20.5035626, 54.7006808 ], [ 20.5037111, 54.7006482 ] ] } },
{ "type": "Feature", "properties": { "u": 209, "v": 321, "key": 0, "oneway": "False", "highway": "tertiary", "name": "Серпуховская улица", "maxspeed": "RU:urban", "lanes": "2", "osmid": "308244427" }, "geometry": { "type": "LineString", "coordinates": [ [ 20.5016793, 54.7009753 ], [ 20.5016552, 54.7009317 ], [ 20.5010349, 54.6998094 ] ] } },
{ "type": "Feature", "properties": { "u": 209, "v": 210, "key": 0, "oneway": "False", "highway": "tertiary", "name": "Серпуховская улица", "maxspeed": "RU:urban", "lanes": "2", "osmid": "308244427" }, "geometry": { "type": "LineString", "coordinates": [ [ 20.5016793, 54.7009753 ], [ 20.5017489, 54.701109 ], [ 20.5020492, 54.701686 ], [ 20.5025885, 54.7027219 ], [ 20.5026239, 54.70279 ] ] } },
{ "type": "Feature", "properties": { "u": 210, "v": 209, "key": 0, "oneway": "False", "highway": "tertiary", "name": "Серпуховская улица", "maxspeed": "RU:urban", "lanes": "2", "osmid": "308244427" }, "geometry": { "type": "LineString", "coordinates": [ [ 20.5026239, 54.70279 ], [ 20.5025885, 54.7027219 ], [ 20.5020492, 54.701686 ], [ 20.5017489, 54.701109 ], [ 20.5016793, 54.7009753 ] ] } },
{ "type": "Feature", "properties": { "u": 210, "v": 208, "key": 0, "oneway": "False", "highway": "tertiary", "name": "Полоцкая улица", "maxspeed": "40", "lanes": "2", "osmid": [ 53574852, 1372756648, 989399949, 989399950, 989399951, 989399952, 989399953, 989399954 ] }, "geometry": { "type": "LineString", "coordinates": [ [ 20.5026239, 54.70279 ], [ 20.5025412, 54.7028028 ], [ 20.5021907, 54.702857 ], [ 20.5011627, 54.7030158 ], [ 20.500932, 54.7030514 ], [ 20.5005252, 54.7031143 ], [ 20.5003148, 54.7031144 ], [ 20.5000309, 54.7031162 ], [ 20.4996656, 54.7031776 ], [ 20.499327, 54.703286 ], [ 20.498957, 54.7034171 ], [ 20.4987074, 54.7035055 ], [ 20.4985151, 54.7036518 ], [ 20.4983524, 54.7037823 ], [ 20.4981187, 54.7039458 ], [ 20.4981159, 54.7041088 ], [ 20.4981617, 54.7042309 ], [ 20.4984638, 54.7048759 ], [ 20.4985534, 54.7050673 ] ] } },
{ "type": "Feature", "properties": { "u": 210, "v": 520, "key": 0, "oneway": "False", "highway": "tertiary", "name": "Полоцкая улица", "maxspeed": "RU:urban", "lanes": "2", "osmid": [ 1372756647, 989399955, 989399956, 989399957, 989399958, 989399959 ] }, "geometry": { "type": "LineString", "coordinates": [ [ 20.5026239, 54.70279 ], [ 20.5027115, 54.7027746 ], [ 20.5031295, 54.7027009 ], [ 20.5032947, 54.7026717 ], [ 20.5036204, 54.7026142 ], [ 20.504238, 54.7025083 ], [ 20.5045094, 54.7024639 ], [ 20.5047392, 54.7024289 ] ] } },
{ "type": "Feature", "properties": { "u": 210, "v": 211, "key": 0, "oneway": "False", "highway": "tertiary", "name": "Серпуховская улица", "maxspeed": "RU:urban", "lanes": "2", "osmid": [ 53574851, 995044374 ] }, "geometry": { "type": "LineString", "coordinates": [ [ 20.5026239, 54.70279 ], [ 20.5026526, 54.7028556 ], [ 20.5026982, 54.7029598 ], [ 20.5029879, 54.7036219 ], [ 20.5031616, 54.7040187 ], [ 20.5033453, 54.7044384 ], [ 20.5033743, 54.7044842 ] ] } },
{ "type": "Feature", "properties": { "u": 211, "v": 210, "key": 0, "oneway": "False", "highway": "tertiary", "name": "Серпуховская улица", "maxspeed": "RU:urban", "lanes": "2", "osmid": [ 53574851, 995044374 ] }, "geometry": { "type": "LineString", "coordinates": [ [ 20.5033743, 54.7044842 ], [ 20.5033453, 54.7044384 ], [ 20.5031616, 54.7040187 ], [ 20.5029879, 54.7036219 ], [ 20.5026982, 54.7029598 ], [ 20.5026526, 54.7028556 ], [ 20.5026239, 54.70279 ] ] } },
{ "type": "Feature", "properties": { "u": 211, "v": 484, "key": 0, "oneway": "False", "highway": "secondary", "name": "Портовая улица", "maxspeed": "RU:urban", "lanes": "2", "osmid": [ 989399940, 989399941, 989399942, 989399943, 989399944 ] }, "geometry": { "type": "LineString", "coordinates": [ [ 20.5033743, 54.7044842 ], [ 20.5031787, 54.7045092 ], [ 20.5015581, 54.7047144 ], [ 20.5008895, 54.7047828 ], [ 20.5004082, 54.7048341 ], [ 20.4995526, 54.7049405 ] ] } },
{ "type": "Feature", "properties": { "u": 211, "v": 44, "key": 0, "oneway": "False", "highway": "secondary", "name": "Портовая улица", "maxspeed": "RU:urban", "lanes": "2", "osmid": [ 989399945, 989399946, 989399947, 668678780, 1212485023 ] }, "geometry": { "type": "LineString", "coordinates": [ [ 20.5033743, 54.7044842 ], [ 20.5036945, 54.7044434 ], [ 20.5041728, 54.7043824 ], [ 20.5046824, 54.7043174 ], [ 20.5050496, 54.7042706 ], [ 20.5052869, 54.7042404 ] ] } },
{ "type": "Feature", "properties": { "u": 212, "v": 213, "key": 0, "oneway": "False", "highway": "secondary", "name": "Портовая улица", "maxspeed": "RU:urban", "lanes": "3", "osmid": "190450459" }, "geometry": { "type": "LineString", "coordinates": [ [ 20.4895985, 54.7047315 ], [ 20.4896458, 54.7047442 ], [ 20.4899408, 54.7048365 ] ] } },
{ "type": "Feature", "properties": { "u": 212, "v": 224, "key": 0, "oneway": "False", "highway": "secondary", "name": "Портовая улица", "maxspeed": "RU:urban", "lanes": "2", "osmid": [ 989399922, 989399923, 989399924, 989399925, 989399926, 989399927, 989399928, 989399929, 391922266 ] }, "geometry": { "type": "LineString", "coordinates": [ [ 20.4895985, 54.7047315 ], [ 20.4891447, 54.7045439 ], [ 20.488978, 54.7044523 ], [ 20.4888238, 54.7043297 ], [ 20.4886871, 54.7042036 ], [ 20.4885901, 54.7041026 ], [ 20.4884898, 54.7039835 ], [ 20.4884383, 54.7039076 ], [ 20.4884003, 54.7038287 ], [ 20.4883884, 54.7037932 ], [ 20.4883667, 54.7037283 ], [ 20.4883609, 54.7037111 ], [ 20.4883379, 54.7036358 ], [ 20.4883191, 54.7035355 ], [ 20.4883095, 54.7034846 ], [ 20.4882937, 54.7033482 ], [ 20.4882931, 54.7033268 ], [ 20.4882895, 54.7032034 ], [ 20.4883226, 54.7026037 ], [ 20.4883706, 54.7021762 ], [ 20.4883929, 54.7019781 ] ] } },
{ "type": "Feature", "properties": { "u": 213, "v": 212, "key": 0, "oneway": "False", "highway": "secondary", "name": "Портовая улица", "maxspeed": "RU:urban", "lanes": "3", "osmid": "190450459" }, "geometry": { "type": "LineString", "coordinates": [ [ 20.4899408, 54.7048365 ], [ 20.4896458, 54.7047442 ], [ 20.4895985, 54.7047315 ] ] } },
{ "type": "Feature", "properties": { "u": 213, "v": 16, "key": 0, "oneway": "False", "highway": "primary", "name": "Портовая улица", "maxspeed": "", "lanes": "3", "osmid": [ 190450458, 1178588347 ] }, "geometry": { "type": "LineString", "coordinates": [ [ 20.4899408, 54.7048365 ], [ 20.4901908, 54.704878 ], [ 20.4902848, 54.7048943 ], [ 20.4904467, 54.7049105 ] ] } },
{ "type": "Feature", "properties": { "u": 214, "v": 218, "key": 0, "oneway": "False", "highway": "residential", "name": "улица 1812 года", "maxspeed": "RU:living_street", "lanes": "2", "osmid": "54981200" }, "geometry": { "type": "LineString", "coordinates": [ [ 20.5311966, 54.7109382 ], [ 20.5317558, 54.7110106 ], [ 20.5323806, 54.7111045 ], [ 20.5339992, 54.7113507 ], [ 20.5358624, 54.7116342 ], [ 20.5370185, 54.7118101 ], [ 20.5371341, 54.7118277 ] ] } },
{ "type": "Feature", "properties": { "u": 214, "v": 215, "key": 0, "oneway": "False", "highway": "tertiary", "name": "улица Грига", "maxspeed": "RU:urban", "lanes": "2", "osmid": "1232529595" }, "geometry": { "type": "LineString", "coordinates": [ [ 20.5311966, 54.7109382 ], [ 20.5314855, 54.7103265 ], [ 20.5315878, 54.7101099 ] ] } },
{ "type": "Feature", "properties": { "u": 214, "v": 316, "key": 0, "oneway": "False", "highway": "residential", "name": "улица 1812 года", "maxspeed": "RU:living_street", "lanes": "2", "osmid": [ 143966986, 1232529596 ] }, "geometry": { "type": "LineString", "coordinates": [ [ 20.5311966, 54.7109382 ], [ 20.5311447, 54.7109291 ], [ 20.5303082, 54.7107825 ], [ 20.5290433, 54.7105636 ], [ 20.5279563, 54.7103754 ], [ 20.5276339, 54.7103382 ], [ 20.5275274, 54.7103843 ], [ 20.5274838, 54.7105504 ], [ 20.5273515, 54.7106655 ], [ 20.5259179, 54.7105649 ] ] } },
{ "type": "Feature", "properties": { "u": 214, "v": 8, "key": 0, "oneway": "False", "highway": "tertiary", "name": "улица Грига", "maxspeed": "RU:urban", "lanes": "2", "osmid": [ 1232529602, 333164682, 1232529597, 1232529598, 1232529599 ] }, "geometry": { "type": "LineString", "coordinates": [ [ 20.5311966, 54.7109382 ], [ 20.530857, 54.7122559 ], [ 20.5308443, 54.712302 ], [ 20.5308079, 54.7124176 ], [ 20.5307208, 54.7126941 ], [ 20.5305971, 54.7130262 ], [ 20.5305434, 54.7131347 ] ] } },
{ "type": "Feature", "properties": { "u": 215, "v": 31, "key": 0, "oneway": "False", "highway": "tertiary", "name": "улица Грига", "maxspeed": "RU:urban", "lanes": "2", "osmid": "53374882" }, "geometry": { "type": "LineString", "coordinates": [ [ 20.5315878, 54.7101099 ], [ 20.5316341, 54.7100119 ], [ 20.531655, 54.7099675 ], [ 20.5316951, 54.7098827 ] ] } },
{ "type": "Feature", "properties": { "u": 215, "v": 216, "key": 0, "oneway": "False", "highway": "residential", "name": "Стекольная улица", "maxspeed": "RU:living_street", "lanes": "1", "osmid": [ 1370089169, 54981203 ] }, "geometry": { "type": "LineString", "coordinates": [ [ 20.5315878, 54.7101099 ], [ 20.5321471, 54.710192 ], [ 20.5324656, 54.7102386 ], [ 20.5335864, 54.7104026 ], [ 20.5339366, 54.7104538 ] ] } },
{ "type": "Feature", "properties": { "u": 215, "v": 214, "key": 0, "oneway": "False", "highway": "tertiary", "name": "улица Грига", "maxspeed": "RU:urban", "lanes": "2", "osmid": "1232529595" }, "geometry": { "type": "LineString", "coordinates": [ [ 20.5315878, 54.7101099 ], [ 20.5314855, 54.7103265 ], [ 20.5311966, 54.7109382 ] ] } },
{ "type": "Feature", "properties": { "u": 216, "v": 215, "key": 0, "oneway": "False", "highway": "residential", "name": "Стекольная улица", "maxspeed": "RU:living_street", "lanes": "1", "osmid": [ 1370089169, 54981203 ] }, "geometry": { "type": "LineString", "coordinates": [ [ 20.5339366, 54.7104538 ], [ 20.5335864, 54.7104026 ], [ 20.5324656, 54.7102386 ], [ 20.5321471, 54.710192 ], [ 20.5315878, 54.7101099 ] ] } },
{ "type": "Feature", "properties": { "u": 217, "v": 586, "key": 0, "oneway": "False", "highway": "primary", "name": "улица Литовский Вал", "maxspeed": "RU:urban", "lanes": "3", "osmid": [ 53374883, 205799959 ] }, "geometry": { "type": "LineString", "coordinates": [ [ 20.5374021, 54.7110333 ], [ 20.5375373, 54.7106194 ], [ 20.5376668, 54.7101122 ], [ 20.5377443, 54.7098658 ], [ 20.5377571, 54.7098246 ], [ 20.537773, 54.7097763 ] ] } },
{ "type": "Feature", "properties": { "u": 217, "v": 218, "key": 0, "oneway": "False", "highway": "primary", "name": "улица Литовский Вал", "maxspeed": "RU:urban", "lanes": "3", "osmid": "297911974" }, "geometry": { "type": "LineString", "coordinates": [ [ 20.5374021, 54.7110333 ], [ 20.5372661, 54.7115039 ], [ 20.5371341, 54.7118277 ] ] } },
{ "type": "Feature", "properties": { "u": 217, "v": 345, "key": 0, "oneway": "False", "highway": "residential", "name": "Стекольная улица", "maxspeed": "", "lanes": "1", "osmid": [ 1370089168, 54981204, 1370089166, 1370089167 ] }, "geometry": { "type": "LineString", "coordinates": [ [ 20.5374021, 54.7110333 ], [ 20.5373063, 54.7110166 ], [ 20.5365328, 54.7108795 ], [ 20.5363214, 54.7108434 ], [ 20.5358968, 54.7107708 ], [ 20.5355932, 54.7107189 ], [ 20.5352237, 54.7106582 ], [ 20.5348039, 54.7105892 ], [ 20.5342181, 54.7104924 ] ] } },
{ "type": "Feature", "properties": { "u": 218, "v": 214, "key": 0, "oneway": "False", "highway": "residential", "name": "улица 1812 года", "maxspeed": "RU:living_street", "lanes": "2", "osmid": "54981200" }, "geometry": { "type": "LineString", "coordinates": [ [ 20.5371341, 54.7118277 ], [ 20.5370185, 54.7118101 ], [ 20.5358624, 54.7116342 ], [ 20.5339992, 54.7113507 ], [ 20.5323806, 54.7111045 ], [ 20.5317558, 54.7110106 ], [ 20.5311966, 54.7109382 ] ] } },
{ "type": "Feature", "properties": { "u": 218, "v": 217, "key": 0, "oneway": "False", "highway": "primary", "name": "улица Литовский Вал", "maxspeed": "RU:urban", "lanes": "3", "osmid": "297911974" }, "geometry": { "type": "LineString", "coordinates": [ [ 20.5371341, 54.7118277 ], [ 20.5372661, 54.7115039 ], [ 20.5374021, 54.7110333 ] ] } },
{ "type": "Feature", "properties": { "u": 218, "v": 109, "key": 0, "oneway": "False", "highway": "primary", "name": "улица Литовский Вал", "maxspeed": "RU:urban", "lanes": "3", "osmid": [ 669215988, 297911972, 669215989, 489543277 ] }, "geometry": { "type": "LineString", "coordinates": [ [ 20.5371341, 54.7118277 ], [ 20.5369891, 54.7120603 ], [ 20.5366158, 54.7125825 ], [ 20.5363683, 54.712866 ], [ 20.5360485, 54.7132134 ], [ 20.5359797, 54.713288 ], [ 20.5359282, 54.7133342 ] ] } },
{ "type": "Feature", "properties": { "u": 219, "v": 602, "key": 0, "oneway": "False", "highway": "residential", "name": "Кирпичная улица", "maxspeed": "", "lanes": "1", "osmid": [ 669755251, 54989252 ] }, "geometry": { "type": "LineString", "coordinates": [ [ 20.5229205, 54.7122478 ], [ 20.5229655, 54.7121828 ], [ 20.5231465, 54.7119355 ], [ 20.5232422, 54.7118086 ], [ 20.5233937, 54.7116036 ], [ 20.5239356, 54.7108666 ], [ 20.5241934, 54.710552 ], [ 20.5243721, 54.7103294 ] ] } },
{ "type": "Feature", "properties": { "u": 219, "v": 479, "key": 0, "oneway": "False", "highway": "secondary", "name": "улица Фрунзе", "maxspeed": "RU:urban", "lanes": "3", "osmid": [ 289093956, 452940844 ] }, "geometry": { "type": "LineString", "coordinates": [ [ 20.5229205, 54.7122478 ], [ 20.5228205, 54.7122307 ], [ 20.522501, 54.712181 ] ] } },
{ "type": "Feature", "properties": { "u": 219, "v": 226, "key": 0, "oneway": "False", "highway": "secondary", "name": "улица Фрунзе", "maxspeed": "RU:urban", "lanes": "3", "osmid": [ 382208896, 1232531211, 333164685, 669755247, 669755250 ] }, "geometry": { "type": "LineString", "coordinates": [ [ 20.5229205, 54.7122478 ], [ 20.5233852, 54.7123118 ], [ 20.5239343, 54.7123872 ], [ 20.5240486, 54.7124034 ], [ 20.5241593, 54.7124188 ], [ 20.5243056, 54.712437 ], [ 20.5244695, 54.7124573 ] ] } },
{ "type": "Feature", "properties": { "u": 220, "v": 118, "key": 0, "oneway": "False", "highway": "secondary", "name": "улица Фрунзе", "maxspeed": "RU:urban", "lanes": "2", "osmid": "43571117" }, "geometry": { "type": "LineString", "coordinates": [ [ 20.5204948, 54.7119821 ], [ 20.5189821, 54.7118108 ] ] } },
{ "type": "Feature", "properties": { "u": 220, "v": 419, "key": 0, "oneway": "False", "highway": "residential", "name": "улица Сергея Тюленина", "maxspeed": "", "lanes": "2", "osmid": [ 54990296, 669755255 ] }, "geometry": { "type": "LineString", "coordinates": [ [ 20.5204948, 54.7119821 ], [ 20.520499, 54.7119662 ], [ 20.520523, 54.7118743 ], [ 20.5205843, 54.7116353 ], [ 20.5207739, 54.7108966 ], [ 20.5208174, 54.7107272 ], [ 20.5209847, 54.7100753 ], [ 20.5209892, 54.7097133 ] ] } },
{ "type": "Feature", "properties": { "u": 220, "v": 407, "key": 0, "oneway": "False", "highway": "secondary", "name": "улица Фрунзе", "maxspeed": "RU:urban", "lanes": "3", "osmid": [ 451798530, 669755252, 669755253, 669755254 ] }, "geometry": { "type": "LineString", "coordinates": [ [ 20.5204948, 54.7119821 ], [ 20.5206462, 54.7119988 ], [ 20.520998, 54.7120417 ], [ 20.5213758, 54.7120719 ], [ 20.5217135, 54.7121008 ], [ 20.5218796, 54.7121147 ], [ 20.5219177, 54.7121179 ], [ 20.522083, 54.7121342 ], [ 20.5221698, 54.7121452 ] ] } },
{ "type": "Feature", "properties": { "u": 221, "v": 69, "key": 0, "oneway": "False", "highway": "tertiary", "name": "улица Генерала Галицкого", "maxspeed": "RU:urban", "lanes": "2", "osmid": "204024687" }, "geometry": { "type": "LineString", "coordinates": [ [ 20.4953135, 54.712976 ], [ 20.4955466, 54.7131894 ] ] } },
{ "type": "Feature", "properties": { "u": 221, "v": 65, "key": 0, "oneway": "False", "highway": "tertiary", "name": "улица Генерала Галицкого", "maxspeed": "RU:urban", "lanes": "2", "osmid": [ 1370697568, 204024687 ] }, "geometry": { "type": "LineString", "coordinates": [ [ 20.4953135, 54.712976 ], [ 20.4952683, 54.7129328 ], [ 20.4952075, 54.7128713 ], [ 20.4951668, 54.7128058 ], [ 20.4951416, 54.7127356 ], [ 20.4951292, 54.7125839 ], [ 20.4951105, 54.7125107 ], [ 20.4950809, 54.7124471 ], [ 20.49503, 54.7123732 ], [ 20.4943596, 54.7116994 ] ] } },
{ "type": "Feature", "properties": { "u": 221, "v": 605, "key": 0, "oneway": "False", "highway": "living_street", "name": "улица Бесселя", "maxspeed": "", "lanes": "", "osmid": [ 55799427, 1312019118 ] }, "geometry": { "type": "LineString", "coordinates": [ [ 20.4953135, 54.712976 ], [ 20.4951065, 54.7133133 ], [ 20.495039, 54.7134232 ], [ 20.4945284, 54.7133691 ], [ 20.4942935, 54.7133828 ] ] } },
{ "type": "Feature", "properties": { "u": 222, "v": 14, "key": 0, "oneway": "False", "highway": "primary", "name": "", "maxspeed": "RU:urban", "lanes": "3", "osmid": "42990363" }, "geometry": { "type": "LineString", "coordinates": [ [ 20.4893877, 54.7064857 ], [ 20.4889774, 54.7063397 ] ] } },
{ "type": "Feature", "properties": { "u": 222, "v": 99, "key": 0, "oneway": "False", "highway": "primary", "name": "", "maxspeed": "RU:urban", "lanes": "3", "osmid": "1260616396" }, "geometry": { "type": "LineString", "coordinates": [ [ 20.4893877, 54.7064857 ], [ 20.4895823, 54.7065842 ], [ 20.4896591, 54.7066246 ], [ 20.4897283, 54.706676 ], [ 20.4897847, 54.7067249 ], [ 20.4898524, 54.706788 ], [ 20.4898713, 54.706835 ] ] } },
{ "type": "Feature", "properties": { "u": 223, "v": 15, "key": 0, "oneway": "False", "highway": "primary", "name": "Железнодорожная улица", "maxspeed": "", "lanes": "2", "osmid": [ 335233177, 997577004, 997577005, 56300959 ] }, "geometry": { "type": "LineString", "coordinates": [ [ 20.4892175, 54.7061934 ], [ 20.4892628, 54.7061284 ], [ 20.4893974, 54.7059006 ], [ 20.4894414, 54.7058262 ], [ 20.4895363, 54.7056657 ], [ 20.4895846, 54.7055842 ], [ 20.489638, 54.7054911 ], [ 20.4897458, 54.705304 ], [ 20.4898268, 54.7051845 ] ] } },
{ "type": "Feature", "properties": { "u": 223, "v": 222, "key": 0, "oneway": "True", "highway": "primary", "name": "", "maxspeed": "", "lanes": "1", "osmid": "56300967" }, "geometry": { "type": "LineString", "coordinates": [ [ 20.4892175, 54.7061934 ], [ 20.4892765, 54.7062728 ], [ 20.4893037, 54.7063349 ], [ 20.4893877, 54.7064857 ] ] } },
{ "type": "Feature", "properties": { "u": 224, "v": 225, "key": 0, "oneway": "False", "highway": "unclassified", "name": "Крановая улица", "maxspeed": "", "lanes": "2", "osmid": [ 56302400, 56302399 ] }, "geometry": { "type": "LineString", "coordinates": [ [ 20.4883929, 54.7019781 ], [ 20.4879229, 54.7020494 ], [ 20.4870157, 54.7023457 ], [ 20.4860339, 54.7027788 ], [ 20.4857368, 54.7029014 ], [ 20.4855123, 54.7029941 ], [ 20.4854685, 54.7030498 ], [ 20.4854159, 54.7031435 ], [ 20.4854816, 54.7031941 ], [ 20.4872655, 54.7036652 ] ] } },
{ "type": "Feature", "properties": { "u": 224, "v": 212, "key": 0, "oneway": "False", "highway": "secondary", "name": "Портовая улица", "maxspeed": "RU:urban", "lanes": "2", "osmid": [ 989399922, 989399923, 989399924, 989399925, 989399926, 989399927, 989399928, 989399929, 391922266 ] }, "geometry": { "type": "LineString", "coordinates": [ [ 20.4883929, 54.7019781 ], [ 20.4883706, 54.7021762 ], [ 20.4883226, 54.7026037 ], [ 20.4882895, 54.7032034 ], [ 20.4882931, 54.7033268 ], [ 20.4882937, 54.7033482 ], [ 20.4883095, 54.7034846 ], [ 20.4883191, 54.7035355 ], [ 20.4883379, 54.7036358 ], [ 20.4883609, 54.7037111 ], [ 20.4883667, 54.7037283 ], [ 20.4883884, 54.7037932 ], [ 20.4884003, 54.7038287 ], [ 20.4884383, 54.7039076 ], [ 20.4884898, 54.7039835 ], [ 20.4885901, 54.7041026 ], [ 20.4886871, 54.7042036 ], [ 20.4888238, 54.7043297 ], [ 20.488978, 54.7044523 ], [ 20.4891447, 54.7045439 ], [ 20.4895985, 54.7047315 ] ] } },
{ "type": "Feature", "properties": { "u": 225, "v": 224, "key": 0, "oneway": "False", "highway": "unclassified", "name": "Крановая улица", "maxspeed": "", "lanes": "2", "osmid": [ 56302400, 56302399 ] }, "geometry": { "type": "LineString", "coordinates": [ [ 20.4872655, 54.7036652 ], [ 20.4854816, 54.7031941 ], [ 20.4854159, 54.7031435 ], [ 20.4854685, 54.7030498 ], [ 20.4855123, 54.7029941 ], [ 20.4857368, 54.7029014 ], [ 20.4860339, 54.7027788 ], [ 20.4870157, 54.7023457 ], [ 20.4879229, 54.7020494 ], [ 20.4883929, 54.7019781 ] ] } },
{ "type": "Feature", "properties": { "u": 226, "v": 227, "key": 0, "oneway": "False", "highway": "residential", "name": "Ярославская улица", "maxspeed": "40", "lanes": "1", "osmid": [ 59379083, 292074494, 251450279 ] }, "geometry": { "type": "LineString", "coordinates": [ [ 20.5244695, 54.7124573 ], [ 20.5244604, 54.7125155 ], [ 20.5244137, 54.7128123 ], [ 20.5243234, 54.7133864 ], [ 20.5242742, 54.713749 ], [ 20.5240979, 54.7150476 ], [ 20.524075, 54.7152162 ], [ 20.5240728, 54.7152867 ], [ 20.5241527, 54.7153222 ], [ 20.5243026, 54.7153273 ], [ 20.5244849, 54.715308 ], [ 20.5247176, 54.7152886 ], [ 20.5253236, 54.7152895 ], [ 20.525874, 54.715327 ], [ 20.5261442, 54.7154484 ], [ 20.5262094, 54.7155442 ], [ 20.5261853, 54.7156618 ], [ 20.5259054, 54.7161166 ], [ 20.5258647, 54.7161935 ] ] } },
{ "type": "Feature", "properties": { "u": 226, "v": 219, "key": 0, "oneway": "False", "highway": "secondary", "name": "улица Фрунзе", "maxspeed": "RU:urban", "lanes": "3", "osmid": [ 382208896, 1232531211, 333164685, 669755247, 669755250 ] }, "geometry": { "type": "LineString", "coordinates": [ [ 20.5244695, 54.7124573 ], [ 20.5243056, 54.712437 ], [ 20.5241593, 54.7124188 ], [ 20.5240486, 54.7124034 ], [ 20.5239343, 54.7123872 ], [ 20.5233852, 54.7123118 ], [ 20.5229205, 54.7122478 ] ] } },
{ "type": "Feature", "properties": { "u": 226, "v": 229, "key": 0, "oneway": "False", "highway": "secondary", "name": "улица Фрунзе", "maxspeed": "RU:urban", "lanes": "2", "osmid": "669755248" }, "geometry": { "type": "LineString", "coordinates": [ [ 20.5244695, 54.7124573 ], [ 20.5248856, 54.712503 ], [ 20.52516, 54.7125332 ], [ 20.5252955, 54.7125481 ], [ 20.5260915, 54.71265 ] ] } },
{ "type": "Feature", "properties": { "u": 227, "v": 424, "key": 0, "oneway": "False", "highway": "residential", "name": "Нерчинская улица", "maxspeed": "RU:urban", "lanes": "2", "osmid": "352319122" }, "geometry": { "type": "LineString", "coordinates": [ [ 20.5258647, 54.7161935 ], [ 20.5249064, 54.7162223 ] ] } },
{ "type": "Feature", "properties": { "u": 227, "v": 226, "key": 0, "oneway": "False", "highway": "residential", "name": "Ярославская улица", "maxspeed": "40", "lanes": "1", "osmid": [ 59379083, 292074494, 251450279 ] }, "geometry": { "type": "LineString", "coordinates": [ [ 20.5258647, 54.7161935 ], [ 20.5259054, 54.7161166 ], [ 20.5261853, 54.7156618 ], [ 20.5262094, 54.7155442 ], [ 20.5261442, 54.7154484 ], [ 20.525874, 54.715327 ], [ 20.5253236, 54.7152895 ], [ 20.5247176, 54.7152886 ], [ 20.5244849, 54.715308 ], [ 20.5243026, 54.7153273 ], [ 20.5241527, 54.7153222 ], [ 20.5240728, 54.7152867 ], [ 20.524075, 54.7152162 ], [ 20.5240979, 54.7150476 ], [ 20.5242742, 54.713749 ], [ 20.5243234, 54.7133864 ], [ 20.5244137, 54.7128123 ], [ 20.5244604, 54.7125155 ], [ 20.5244695, 54.7124573 ] ] } },
{ "type": "Feature", "properties": { "u": 227, "v": 25, "key": 0, "oneway": "False", "highway": "residential", "name": "Нерчинская улица", "maxspeed": "RU:urban", "lanes": "2", "osmid": [ 669755271, 352562183 ] }, "geometry": { "type": "LineString", "coordinates": [ [ 20.5258647, 54.7161935 ], [ 20.52605, 54.7162035 ], [ 20.5262603, 54.7162405 ], [ 20.5266084, 54.716303 ], [ 20.5267139, 54.7163547 ] ] } },
{ "type": "Feature", "properties": { "u": 228, "v": 8, "key": 0, "oneway": "False", "highway": "secondary", "name": "улица Фрунзе", "maxspeed": "RU:urban", "lanes": "3", "osmid": "333164687" }, "geometry": { "type": "LineString", "coordinates": [ [ 20.5315501, 54.7132469 ], [ 20.5306652, 54.7131482 ], [ 20.5305434, 54.7131347 ] ] } },
{ "type": "Feature", "properties": { "u": 228, "v": 9, "key": 0, "oneway": "False", "highway": "secondary", "name": "улица Фрунзе", "maxspeed": "RU:urban", "lanes": "2", "osmid": [ 669755226, 669755230 ] }, "geometry": { "type": "LineString", "coordinates": [ [ 20.5315501, 54.7132469 ], [ 20.5325977, 54.7133505 ], [ 20.5329901, 54.7133894 ], [ 20.533489, 54.7134459 ], [ 20.5336515, 54.7134633 ], [ 20.5344732, 54.7135513 ] ] } },
{ "type": "Feature", "properties": { "u": 228, "v": 231, "key": 0, "oneway": "False", "highway": "residential", "name": "улица Генерал-майора Яновского", "maxspeed": "RU:living_street", "lanes": "1", "osmid": [ 669755233, 1366051274, 1366051273 ] }, "geometry": { "type": "LineString", "coordinates": [ [ 20.5315501, 54.7132469 ], [ 20.5315348, 54.7132875 ], [ 20.5315275, 54.7133039 ], [ 20.5314775, 54.7134432 ], [ 20.5314547, 54.7135397 ], [ 20.5313204, 54.7139054 ], [ 20.5311188, 54.7145746 ], [ 20.5305466, 54.7145079 ], [ 20.5300312, 54.7144472 ] ] } },
{ "type": "Feature", "properties": { "u": 229, "v": 232, "key": 0, "oneway": "False", "highway": "residential", "name": "Гражданская улица", "maxspeed": "RU:living_street", "lanes": "2", "osmid": [ 1372195041, 59379082, 1372195042, 59379078 ] }, "geometry": { "type": "LineString", "coordinates": [ [ 20.5260915, 54.71265 ], [ 20.5260785, 54.7127038 ], [ 20.5259623, 54.713257 ], [ 20.5259065, 54.7135225 ], [ 20.5258707, 54.7136927 ], [ 20.5258052, 54.7140044 ], [ 20.5259108, 54.7140158 ], [ 20.5265645, 54.7140864 ], [ 20.5269244, 54.7141253 ], [ 20.5271165, 54.7141436 ], [ 20.5280322, 54.7142389 ], [ 20.5285187, 54.7142896 ] ] } },
{ "type": "Feature", "properties": { "u": 229, "v": 226, "key": 0, "oneway": "False", "highway": "secondary", "name": "улица Фрунзе", "maxspeed": "RU:urban", "lanes": "2", "osmid": "669755248" }, "geometry": { "type": "LineString", "coordinates": [ [ 20.5260915, 54.71265 ], [ 20.5252955, 54.7125481 ], [ 20.52516, 54.7125332 ], [ 20.5248856, 54.712503 ], [ 20.5244695, 54.7124573 ] ] } },
{ "type": "Feature", "properties": { "u": 229, "v": 230, "key": 0, "oneway": "False", "highway": "secondary", "name": "улица Фрунзе", "maxspeed": "RU:urban", "lanes": "2", "osmid": [ 1232531209, 1232531210, 669755245, 669755246 ] }, "geometry": { "type": "LineString", "coordinates": [ [ 20.5260915, 54.71265 ], [ 20.5262895, 54.712673 ], [ 20.526908, 54.7127448 ], [ 20.5269794, 54.7127529 ], [ 20.5270988, 54.7127665 ], [ 20.5277158, 54.7128367 ], [ 20.5285147, 54.7129275 ], [ 20.5286177, 54.7129392 ], [ 20.5287774, 54.7129579 ], [ 20.5289905, 54.7129816 ] ] } },
{ "type": "Feature", "properties": { "u": 230, "v": 232, "key": 0, "oneway": "False", "highway": "residential", "name": "Пионерская улица", "maxspeed": "RU:living_street", "lanes": "2", "osmid": [ 59379080, 669755243 ] }, "geometry": { "type": "LineString", "coordinates": [ [ 20.5289905, 54.7129816 ], [ 20.5289622, 54.7130543 ], [ 20.5288728, 54.7133034 ], [ 20.5286677, 54.7138802 ], [ 20.5285187, 54.7142896 ] ] } },
{ "type": "Feature", "properties": { "u": 230, "v": 8, "key": 0, "oneway": "False", "highway": "secondary", "name": "улица Фрунзе", "maxspeed": "", "lanes": "3", "osmid": [ 669755241, 669755238, 333164686 ] }, "geometry": { "type": "LineString", "coordinates": [ [ 20.5289905, 54.7129816 ], [ 20.5290605, 54.7129887 ], [ 20.5298539, 54.7130686 ], [ 20.5303552, 54.7131138 ], [ 20.5304227, 54.7131213 ], [ 20.5305434, 54.7131347 ] ] } },
{ "type": "Feature", "properties": { "u": 230, "v": 229, "key": 0, "oneway": "False", "highway": "secondary", "name": "улица Фрунзе", "maxspeed": "RU:urban", "lanes": "2", "osmid": [ 1232531209, 1232531210, 669755245, 669755246 ] }, "geometry": { "type": "LineString", "coordinates": [ [ 20.5289905, 54.7129816 ], [ 20.5287774, 54.7129579 ], [ 20.5286177, 54.7129392 ], [ 20.5285147, 54.7129275 ], [ 20.5277158, 54.7128367 ], [ 20.5270988, 54.7127665 ], [ 20.5269794, 54.7127529 ], [ 20.526908, 54.7127448 ], [ 20.5262895, 54.712673 ], [ 20.5260915, 54.71265 ] ] } },
{ "type": "Feature", "properties": { "u": 231, "v": 232, "key": 0, "oneway": "False", "highway": "residential", "name": "Томская улица", "maxspeed": "RU:living_street", "lanes": "2", "osmid": "1366051274" }, "geometry": { "type": "LineString", "coordinates": [ [ 20.5300312, 54.7144472 ], [ 20.5285187, 54.7142896 ] ] } },
{ "type": "Feature", "properties": { "u": 231, "v": 23, "key": 0, "oneway": "False", "highway": "tertiary", "name": "улица Грига", "maxspeed": "RU:urban", "lanes": "2", "osmid": "733841320" }, "geometry": { "type": "LineString", "coordinates": [ [ 20.5300312, 54.7144472 ], [ 20.5299688, 54.7146322 ], [ 20.529749, 54.7148011 ], [ 20.5296445, 54.7148894 ], [ 20.5295664, 54.7149554 ], [ 20.528981, 54.7154368 ], [ 20.5286539, 54.7157057 ], [ 20.5285876, 54.7157602 ] ] } },
{ "type": "Feature", "properties": { "u": 231, "v": 8, "key": 0, "oneway": "False", "highway": "tertiary", "name": "улица Грига", "maxspeed": "RU:urban", "lanes": "2", "osmid": [ 733841320, 1370089172, 1370089173 ] }, "geometry": { "type": "LineString", "coordinates": [ [ 20.5300312, 54.7144472 ], [ 20.5300412, 54.7144176 ], [ 20.5301302, 54.7141791 ], [ 20.5302535, 54.7138484 ], [ 20.5303096, 54.713698 ], [ 20.530516, 54.7132007 ], [ 20.5305434, 54.7131347 ] ] } },
{ "type": "Feature", "properties": { "u": 231, "v": 228, "key": 0, "oneway": "False", "highway": "residential", "name": "улица Генерал-майора Яновского", "maxspeed": "RU:living_street", "lanes": "1", "osmid": [ 1366051273, 1366051274, 669755233 ] }, "geometry": { "type": "LineString", "coordinates": [ [ 20.5300312, 54.7144472 ], [ 20.5305466, 54.7145079 ], [ 20.5311188, 54.7145746 ], [ 20.5313204, 54.7139054 ], [ 20.5314547, 54.7135397 ], [ 20.5314775, 54.7134432 ], [ 20.5315275, 54.7133039 ], [ 20.5315348, 54.7132875 ], [ 20.5315501, 54.7132469 ] ] } },
{ "type": "Feature", "properties": { "u": 232, "v": 231, "key": 0, "oneway": "False", "highway": "residential", "name": "Томская улица", "maxspeed": "RU:living_street", "lanes": "2", "osmid": "1366051274" }, "geometry": { "type": "LineString", "coordinates": [ [ 20.5285187, 54.7142896 ], [ 20.5300312, 54.7144472 ] ] } },
{ "type": "Feature", "properties": { "u": 232, "v": 229, "key": 0, "oneway": "False", "highway": "residential", "name": "Гражданская улица", "maxspeed": "RU:living_street", "lanes": "2", "osmid": [ 1372195041, 1372195042, 59379078, 59379082 ] }, "geometry": { "type": "LineString", "coordinates": [ [ 20.5285187, 54.7142896 ], [ 20.5280322, 54.7142389 ], [ 20.5271165, 54.7141436 ], [ 20.5269244, 54.7141253 ], [ 20.5265645, 54.7140864 ], [ 20.5259108, 54.7140158 ], [ 20.5258052, 54.7140044 ], [ 20.5258707, 54.7136927 ], [ 20.5259065, 54.7135225 ], [ 20.5259623, 54.713257 ], [ 20.5260785, 54.7127038 ], [ 20.5260915, 54.71265 ] ] } },
{ "type": "Feature", "properties": { "u": 232, "v": 230, "key": 0, "oneway": "False", "highway": "residential", "name": "Пионерская улица", "maxspeed": "RU:living_street", "lanes": "2", "osmid": [ 59379080, 669755243 ] }, "geometry": { "type": "LineString", "coordinates": [ [ 20.5285187, 54.7142896 ], [ 20.5286677, 54.7138802 ], [ 20.5288728, 54.7133034 ], [ 20.5289622, 54.7130543 ], [ 20.5289905, 54.7129816 ] ] } },
{ "type": "Feature", "properties": { "u": 233, "v": 22, "key": 0, "oneway": "False", "highway": "tertiary", "name": "переулок Грига", "maxspeed": "RU:urban", "lanes": "2", "osmid": [ 1372756584, 424031115, 424031116, 301668156 ] }, "geometry": { "type": "LineString", "coordinates": [ [ 20.5300491, 54.7188355 ], [ 20.5299892, 54.7188095 ], [ 20.5299594, 54.7187863 ], [ 20.5299021, 54.7187417 ], [ 20.5298144, 54.7184984 ], [ 20.5297522, 54.7183257 ], [ 20.5296242, 54.7179804 ], [ 20.5295267, 54.717664 ], [ 20.529525, 54.7175924 ], [ 20.5295299, 54.7175004 ], [ 20.5296031, 54.7173818 ], [ 20.5297524, 54.7172847 ], [ 20.5298349, 54.7171894 ], [ 20.5300123, 54.7168639 ], [ 20.5300339, 54.716763 ], [ 20.5300191, 54.7167173 ], [ 20.530007, 54.7166797 ], [ 20.5299646, 54.7165878 ], [ 20.5299493, 54.716529 ], [ 20.5299523, 54.7164638 ], [ 20.5299665, 54.7163992 ], [ 20.5299903, 54.7163475 ] ] } },
{ "type": "Feature", "properties": { "u": 233, "v": 436, "key": 0, "oneway": "False", "highway": "primary", "name": "улица Литовский Вал", "maxspeed": "RU:urban", "lanes": "3", "osmid": [ 297911973, 669215984, 669215985, 669215986, 733841819, 733841820 ] }, "geometry": { "type": "LineString", "coordinates": [ [ 20.5300491, 54.7188355 ], [ 20.5298285, 54.7189683 ], [ 20.5297161, 54.719036 ], [ 20.5286658, 54.7196959 ], [ 20.5283552, 54.7198832 ], [ 20.527953, 54.7201044 ], [ 20.5275355, 54.7203301 ], [ 20.5274061, 54.7204009 ], [ 20.5265893, 54.720848 ], [ 20.5263218, 54.7209944 ], [ 20.5261465, 54.7210904 ] ] } },
{ "type": "Feature", "properties": { "u": 233, "v": 110, "key": 0, "oneway": "False", "highway": "primary", "name": "улица Литовский Вал", "maxspeed": "RU:urban", "lanes": "3", "osmid": [ 297911971, 106764633, 669215987, 733841815, 733841816, 733841817, 733841818, 733841819 ] }, "geometry": { "type": "LineString", "coordinates": [ [ 20.5300491, 54.7188355 ], [ 20.5312141, 54.7181341 ], [ 20.5314091, 54.7180167 ], [ 20.5320241, 54.7176465 ], [ 20.5323383, 54.7174309 ], [ 20.5324839, 54.7173198 ], [ 20.5327985, 54.7170398 ], [ 20.532841, 54.7169892 ], [ 20.5340338, 54.7155686 ], [ 20.5344059, 54.7151205 ], [ 20.5347413, 54.7147165 ], [ 20.5350596, 54.7143331 ], [ 20.5353405, 54.7140062 ], [ 20.5353833, 54.7139564 ], [ 20.5357424, 54.7135384 ], [ 20.535816, 54.7134513 ] ] } },
{ "type": "Feature", "properties": { "u": 234, "v": 235, "key": 0, "oneway": "False", "highway": "residential", "name": "Юбилейная улица", "maxspeed": "", "lanes": "2", "osmid": "191701140" }, "geometry": { "type": "LineString", "coordinates": [ [ 20.5384493, 54.7180791 ], [ 20.5385582, 54.7179815 ], [ 20.5389495, 54.7175893 ], [ 20.5392217, 54.7173581 ], [ 20.5392972, 54.7173052 ] ] } },
{ "type": "Feature", "properties": { "u": 235, "v": 234, "key": 0, "oneway": "False", "highway": "residential", "name": "Юбилейная улица", "maxspeed": "", "lanes": "2", "osmid": "191701140" }, "geometry": { "type": "LineString", "coordinates": [ [ 20.5392972, 54.7173052 ], [ 20.5392217, 54.7173581 ], [ 20.5389495, 54.7175893 ], [ 20.5385582, 54.7179815 ], [ 20.5384493, 54.7180791 ] ] } },
{ "type": "Feature", "properties": { "u": 235, "v": 457, "key": 0, "oneway": "False", "highway": "residential", "name": "улица Фортовая дорога", "maxspeed": "", "lanes": "", "osmid": "1371901564" }, "geometry": { "type": "LineString", "coordinates": [ [ 20.5392972, 54.7173052 ], [ 20.5385041, 54.7169233 ], [ 20.5383544, 54.7168393 ], [ 20.5381397, 54.7167465 ], [ 20.5377729, 54.7165879 ] ] } },
{ "type": "Feature", "properties": { "u": 236, "v": 238, "key": 0, "oneway": "False", "highway": "residential", "name": "улица Юрия Савенко", "maxspeed": "RU:living_street", "lanes": "2", "osmid": [ 59848201, 1370382530, 1370382529 ] }, "geometry": { "type": "LineString", "coordinates": [ [ 20.4945043, 54.7072555 ], [ 20.4945101, 54.7073095 ], [ 20.4945252, 54.7075787 ], [ 20.4945519, 54.7077004 ], [ 20.4946478, 54.7081804 ], [ 20.4946569, 54.7082262 ], [ 20.4947019, 54.7083962 ], [ 20.4947194, 54.7084625 ], [ 20.4947917, 54.7088334 ], [ 20.4948259, 54.7089663 ], [ 20.4949454, 54.7093952 ], [ 20.4949668, 54.7094687 ], [ 20.495053, 54.7096366 ] ] } },
{ "type": "Feature", "properties": { "u": 236, "v": 99, "key": 0, "oneway": "True", "highway": "tertiary", "name": "улица Маршала Баграмяна", "maxspeed": "RU:urban", "lanes": "1", "osmid": [ 107300746, 420908019, 391922277, 59848155 ] }, "geometry": { "type": "LineString", "coordinates": [ [ 20.4945043, 54.7072555 ], [ 20.4940669, 54.707223 ], [ 20.4933389, 54.7071525 ], [ 20.4910305, 54.706902 ], [ 20.4905877, 54.7068528 ], [ 20.4903807, 54.7068909 ], [ 20.4901137, 54.7068744 ], [ 20.4898713, 54.706835 ] ] } },
{ "type": "Feature", "properties": { "u": 236, "v": 587, "key": 0, "oneway": "False", "highway": "tertiary", "name": "улица Маршала Баграмяна", "maxspeed": "40", "lanes": "2", "osmid": [ 107444059, 995233925 ] }, "geometry": { "type": "LineString", "coordinates": [ [ 20.4945043, 54.7072555 ], [ 20.4946466, 54.7072519 ], [ 20.494743, 54.7072491 ], [ 20.4949042, 54.7072444 ], [ 20.495298, 54.7072322 ], [ 20.4956897, 54.7072129 ], [ 20.4959278, 54.7072011 ] ] } },
{ "type": "Feature", "properties": { "u": 237, "v": 245, "key": 0, "oneway": "True", "highway": "primary", "name": "Московский проспект", "maxspeed": "RU:urban", "lanes": "3", "osmid": [ 107444056, 989434781 ] }, "geometry": { "type": "LineString", "coordinates": [ [ 20.4954404, 54.7106522 ], [ 20.4967162, 54.7105231 ], [ 20.4972676, 54.7104703 ], [ 20.4984122, 54.7103737 ], [ 20.4996407, 54.7102707 ], [ 20.5002007, 54.710221 ] ] } },
{ "type": "Feature", "properties": { "u": 237, "v": 322, "key": 0, "oneway": "False", "highway": "residential", "name": "улица Юрия Савенко", "maxspeed": "RU:living_street", "lanes": "2", "osmid": [ 1370382528, 390819973, 390819974 ] }, "geometry": { "type": "LineString", "coordinates": [ [ 20.4954404, 54.7106522 ], [ 20.4954113, 54.7105586 ], [ 20.4953878, 54.7104957 ], [ 20.4953288, 54.7103283 ], [ 20.4952884, 54.7102296 ], [ 20.495252, 54.7101373 ], [ 20.495213, 54.7100386 ] ] } },
{ "type": "Feature", "properties": { "u": 238, "v": 322, "key": 0, "oneway": "False", "highway": "residential", "name": "улица Юрия Савенко", "maxspeed": "RU:living_street", "lanes": "2", "osmid": [ 1370382528, 995233926 ] }, "geometry": { "type": "LineString", "coordinates": [ [ 20.495053, 54.7096366 ], [ 20.4951005, 54.7097343 ], [ 20.495213, 54.7100386 ] ] } },
{ "type": "Feature", "properties": { "u": 238, "v": 306, "key": 0, "oneway": "False", "highway": "unclassified", "name": "", "maxspeed": "RU:living_street", "lanes": "2", "osmid": [ 995233928, 1370382531, 141913197 ] }, "geometry": { "type": "LineString", "coordinates": [ [ 20.495053, 54.7096366 ], [ 20.4952994, 54.7096204 ], [ 20.4958093, 54.7095571 ], [ 20.4961265, 54.7095133 ], [ 20.4963714, 54.7094587 ], [ 20.4966517, 54.7093739 ], [ 20.4968792, 54.709305 ], [ 20.4972204, 54.7091701 ], [ 20.4976903, 54.7090006 ], [ 20.4980417, 54.7088663 ], [ 20.4981886, 54.7085585 ], [ 20.4981963, 54.7085509 ], [ 20.4987421, 54.7080157 ] ] } },
{ "type": "Feature", "properties": { "u": 238, "v": 236, "key": 0, "oneway": "False", "highway": "residential", "name": "улица Юрия Савенко", "maxspeed": "RU:living_street", "lanes": "2", "osmid": [ 1370382529, 1370382530, 59848201 ] }, "geometry": { "type": "LineString", "coordinates": [ [ 20.495053, 54.7096366 ], [ 20.4949668, 54.7094687 ], [ 20.4949454, 54.7093952 ], [ 20.4948259, 54.7089663 ], [ 20.4947917, 54.7088334 ], [ 20.4947194, 54.7084625 ], [ 20.4947019, 54.7083962 ], [ 20.4946569, 54.7082262 ], [ 20.4946478, 54.7081804 ], [ 20.4945519, 54.7077004 ], [ 20.4945252, 54.7075787 ], [ 20.4945101, 54.7073095 ], [ 20.4945043, 54.7072555 ] ] } },
{ "type": "Feature", "properties": { "u": 239, "v": 241, "key": 0, "oneway": "False", "highway": "tertiary", "name": "улица Виктора Гюго", "maxspeed": "40", "lanes": "2", "osmid": [ 435401088, 59848742, 1370382555, 1370382544, 1370382545, 1370382546, 1370382547, 1370382548, 107444057, 1370382523 ] }, "geometry": { "type": "LineString", "coordinates": [ [ 20.5014008, 54.7067242 ], [ 20.5015301, 54.7067209 ], [ 20.5018203, 54.7067214 ], [ 20.5021063, 54.7067434 ], [ 20.5025096, 54.7067813 ], [ 20.5027214, 54.7067969 ], [ 20.5029233, 54.7067981 ], [ 20.5032404, 54.7067813 ], [ 20.5041769, 54.7067127 ], [ 20.5043315, 54.7067096 ], [ 20.5044103, 54.7067198 ], [ 20.5044716, 54.7067371 ], [ 20.5045179, 54.7067597 ], [ 20.5046171, 54.7068932 ], [ 20.5049166, 54.7073091 ], [ 20.5049818, 54.7073996 ], [ 20.5051634, 54.7076517 ], [ 20.505279, 54.707819 ], [ 20.5053457, 54.7079103 ], [ 20.5054599, 54.7080917 ], [ 20.5056215, 54.7083484 ], [ 20.5057364, 54.7085896 ], [ 20.5057771, 54.7087069 ], [ 20.5058776, 54.7089961 ], [ 20.5059117, 54.7090898 ], [ 20.5060085, 54.709343 ] ] } },
{ "type": "Feature", "properties": { "u": 239, "v": 240, "key": 0, "oneway": "False", "highway": "tertiary", "name": "улица Маршала Баграмяна", "maxspeed": "40", "lanes": "2", "osmid": [ 107444057, 1370382542, 1370382543 ] }, "geometry": { "type": "LineString", "coordinates": [ [ 20.5014008, 54.7067242 ], [ 20.5009285, 54.706769 ], [ 20.4996662, 54.7068826 ], [ 20.4995355, 54.7068943 ] ] } },
{ "type": "Feature", "properties": { "u": 239, "v": 375, "key": 0, "oneway": "False", "highway": "residential", "name": "Красноярская улица", "maxspeed": "RU:living_street", "lanes": "2", "osmid": [ 59848780, 1370382533, 1370382535 ] }, "geometry": { "type": "LineString", "coordinates": [ [ 20.5014008, 54.7067242 ], [ 20.5014175, 54.7067805 ], [ 20.5014928, 54.7070988 ], [ 20.5015466, 54.7072946 ], [ 20.5015929, 54.707778 ], [ 20.5016784, 54.708277 ], [ 20.5017357, 54.7084151 ] ] } },
{ "type": "Feature", "properties": { "u": 240, "v": 244, "key": 0, "oneway": "False", "highway": "residential", "name": "Мариупольская улица", "maxspeed": "RU:living_street", "lanes": "2", "osmid": "59848741" }, "geometry": { "type": "LineString", "coordinates": [ [ 20.4995355, 54.7068943 ], [ 20.4995596, 54.7069577 ], [ 20.4997068, 54.7073461 ], [ 20.4997638, 54.7074656 ], [ 20.4999583, 54.7076548 ], [ 20.4999605, 54.7078048 ], [ 20.4997859, 54.707965 ] ] } },
{ "type": "Feature", "properties": { "u": 240, "v": 304, "key": 0, "oneway": "False", "highway": "tertiary", "name": "улица Маршала Баграмяна", "maxspeed": "40", "lanes": "2", "osmid": [ 995233929, 995233931 ] }, "geometry": { "type": "LineString", "coordinates": [ [ 20.4995355, 54.7068943 ], [ 20.4989613, 54.7069438 ], [ 20.4989358, 54.7069457 ], [ 20.4988521, 54.7069521 ], [ 20.4987075, 54.7069678 ] ] } },
{ "type": "Feature", "properties": { "u": 240, "v": 239, "key": 0, "oneway": "False", "highway": "tertiary", "name": "улица Маршала Баграмяна", "maxspeed": "40", "lanes": "2", "osmid": [ 107444057, 1370382542, 1370382543 ] }, "geometry": { "type": "LineString", "coordinates": [ [ 20.4995355, 54.7068943 ], [ 20.4996662, 54.7068826 ], [ 20.5009285, 54.706769 ], [ 20.5014008, 54.7067242 ] ] } },
{ "type": "Feature", "properties": { "u": 241, "v": 243, "key": 0, "oneway": "True", "highway": "tertiary", "name": "улица Виктора Гюго", "maxspeed": "RU:urban", "lanes": "1", "osmid": [ 390819971, 59848743 ] }, "geometry": { "type": "LineString", "coordinates": [ [ 20.5060085, 54.709343 ], [ 20.5060619, 54.709399 ], [ 20.506148, 54.7094539 ], [ 20.5061894, 54.7094704 ], [ 20.5062866, 54.7094953 ], [ 20.5065065, 54.7095316 ] ] } },
{ "type": "Feature", "properties": { "u": 241, "v": 239, "key": 0, "oneway": "False", "highway": "tertiary", "name": "улица Виктора Гюго", "maxspeed": "40", "lanes": "2", "osmid": [ 435401088, 59848742, 1370382523, 1370382544, 1370382545, 1370382546, 1370382547, 1370382548, 107444057, 1370382555 ] }, "geometry": { "type": "LineString", "coordinates": [ [ 20.5060085, 54.709343 ], [ 20.5059117, 54.7090898 ], [ 20.5058776, 54.7089961 ], [ 20.5057771, 54.7087069 ], [ 20.5057364, 54.7085896 ], [ 20.5056215, 54.7083484 ], [ 20.5054599, 54.7080917 ], [ 20.5053457, 54.7079103 ], [ 20.505279, 54.707819 ], [ 20.5051634, 54.7076517 ], [ 20.5049818, 54.7073996 ], [ 20.5049166, 54.7073091 ], [ 20.5046171, 54.7068932 ], [ 20.5045179, 54.7067597 ], [ 20.5044716, 54.7067371 ], [ 20.5044103, 54.7067198 ], [ 20.5043315, 54.7067096 ], [ 20.5041769, 54.7067127 ], [ 20.5032404, 54.7067813 ], [ 20.5029233, 54.7067981 ], [ 20.5027214, 54.7067969 ], [ 20.5025096, 54.7067813 ], [ 20.5021063, 54.7067434 ], [ 20.5018203, 54.7067214 ], [ 20.5015301, 54.7067209 ], [ 20.5014008, 54.7067242 ] ] } },
{ "type": "Feature", "properties": { "u": 242, "v": 281, "key": 0, "oneway": "True", "highway": "primary", "name": "Московский проспект", "maxspeed": "RU:urban", "lanes": "3", "osmid": "106764631" }, "geometry": { "type": "LineString", "coordinates": [ [ 20.507242, 54.7096162 ], [ 20.5058896, 54.7098048 ], [ 20.5046324, 54.7099545 ] ] } },
{ "type": "Feature", "properties": { "u": 242, "v": 282, "key": 0, "oneway": "True", "highway": "primary_link", "name": "", "maxspeed": "40", "lanes": "1", "osmid": "128052452" }, "geometry": { "type": "LineString", "coordinates": [ [ 20.507242, 54.7096162 ], [ 20.5068733, 54.7097177 ], [ 20.5065568, 54.7097598 ], [ 20.5063448, 54.709802 ], [ 20.5062242, 54.7098406 ], [ 20.5061762, 54.7098826 ], [ 20.5061489, 54.7099486 ], [ 20.5061465, 54.7100079 ], [ 20.5061839, 54.7100611 ], [ 20.5062446, 54.7101092 ], [ 20.5063374, 54.7101493 ], [ 20.5064514, 54.7101714 ], [ 20.5065955, 54.7101662 ], [ 20.5081129, 54.7099067 ], [ 20.5081887, 54.7098693 ], [ 20.5082507, 54.7098258 ], [ 20.5083106, 54.7097668 ], [ 20.5083606, 54.7096703 ] ] } },
{ "type": "Feature", "properties": { "u": 243, "v": 247, "key": 0, "oneway": "True", "highway": "primary", "name": "Московский проспект", "maxspeed": "RU:urban", "lanes": "4", "osmid": [ 131390536, 107444062 ] }, "geometry": { "type": "LineString", "coordinates": [ [ 20.5065065, 54.7095316 ], [ 20.5071142, 54.7094382 ], [ 20.5083318, 54.7092464 ], [ 20.5093646, 54.7090662 ], [ 20.5097457, 54.7089956 ], [ 20.5107883, 54.7088205 ] ] } },
{ "type": "Feature", "properties": { "u": 244, "v": 240, "key": 0, "oneway": "False", "highway": "residential", "name": "Мариупольская улица", "maxspeed": "RU:living_street", "lanes": "2", "osmid": "59848741" }, "geometry": { "type": "LineString", "coordinates": [ [ 20.4997859, 54.707965 ], [ 20.4999605, 54.7078048 ], [ 20.4999583, 54.7076548 ], [ 20.4997638, 54.7074656 ], [ 20.4997068, 54.7073461 ], [ 20.4995596, 54.7069577 ], [ 20.4995355, 54.7068943 ] ] } },
{ "type": "Feature", "properties": { "u": 245, "v": 323, "key": 0, "oneway": "False", "highway": "residential", "name": "Мариупольская улица", "maxspeed": "", "lanes": "2", "osmid": "59848744" }, "geometry": { "type": "LineString", "coordinates": [ [ 20.5002007, 54.710221 ], [ 20.5001767, 54.7101268 ], [ 20.500166, 54.7100909 ], [ 20.5001352, 54.7099754 ] ] } },
{ "type": "Feature", "properties": { "u": 245, "v": 191, "key": 0, "oneway": "True", "highway": "primary", "name": "Московский проспект", "maxspeed": "RU:urban", "lanes": "4", "osmid": [ 989434928, 989434929 ] }, "geometry": { "type": "LineString", "coordinates": [ [ 20.5002007, 54.710221 ], [ 20.5006266, 54.7101856 ], [ 20.5012773, 54.7101194 ], [ 20.501644, 54.7100807 ] ] } },
{ "type": "Feature", "properties": { "u": 246, "v": 243, "key": 0, "oneway": "True", "highway": "primary", "name": "Московский проспект", "maxspeed": "RU:urban", "lanes": "3", "osmid": "424028541" }, "geometry": { "type": "LineString", "coordinates": [ [ 20.5058194, 54.7096277 ], [ 20.5065065, 54.7095316 ] ] } },
{ "type": "Feature", "properties": { "u": 246, "v": 241, "key": 0, "oneway": "True", "highway": "tertiary", "name": "улица Виктора Гюго", "maxspeed": "RU:urban", "lanes": "1", "osmid": [ 390819972, 59848740 ] }, "geometry": { "type": "LineString", "coordinates": [ [ 20.5058194, 54.7096277 ], [ 20.5059372, 54.7095333 ], [ 20.5059745, 54.709478 ], [ 20.5060015, 54.7093972 ], [ 20.5060085, 54.709343 ] ] } },
{ "type": "Feature", "properties": { "u": 247, "v": 154, "key": 0, "oneway": "True", "highway": "primary", "name": "Московский проспект", "maxspeed": "RU:urban", "lanes": "4", "osmid": [ 155154862, 390819958 ] }, "geometry": { "type": "LineString", "coordinates": [ [ 20.5107883, 54.7088205 ], [ 20.5113242, 54.7087535 ], [ 20.5119334, 54.7086781 ], [ 20.5124046, 54.7086228 ], [ 20.5125915, 54.7086008 ], [ 20.5132852, 54.7085546 ], [ 20.5140085, 54.7085161 ] ] } },
{ "type": "Feature", "properties": { "u": 248, "v": 269, "key": 0, "oneway": "False", "highway": "residential", "name": "Клиническая улица", "maxspeed": "", "lanes": "2", "osmid": "60733981" }, "geometry": { "type": "LineString", "coordinates": [ [ 20.5185437, 54.712499 ], [ 20.5189267, 54.7129214 ], [ 20.5189568, 54.7129506 ], [ 20.5190862, 54.713068 ] ] } },
{ "type": "Feature", "properties": { "u": 248, "v": 111, "key": 0, "oneway": "True", "highway": "residential", "name": "Клиническая улица", "maxspeed": "", "lanes": "1", "osmid": "60733992" }, "geometry": { "type": "LineString", "coordinates": [ [ 20.5185437, 54.712499 ], [ 20.5182571, 54.7123151 ], [ 20.5179877, 54.7121116 ], [ 20.5178919, 54.7120248 ] ] } },
{ "type": "Feature", "properties": { "u": 249, "v": 248, "key": 0, "oneway": "True", "highway": "residential", "name": "Клиническая улица", "maxspeed": "", "lanes": "1", "osmid": "60733982" }, "geometry": { "type": "LineString", "coordinates": [ [ 20.5184074, 54.7119939 ], [ 20.5183952, 54.7121143 ], [ 20.5184027, 54.7121763 ], [ 20.5184259, 54.7122365 ], [ 20.5184617, 54.7123045 ], [ 20.5184928, 54.7123834 ], [ 20.5185437, 54.712499 ] ] } },
{ "type": "Feature", "properties": { "u": 249, "v": 111, "key": 0, "oneway": "True", "highway": "secondary", "name": "улица Шевченко", "maxspeed": "RU:urban", "lanes": "2", "osmid": "669755258" }, "geometry": { "type": "LineString", "coordinates": [ [ 20.5184074, 54.7119939 ], [ 20.5183213, 54.712037 ], [ 20.5182167, 54.7120632 ], [ 20.5181033, 54.7120701 ], [ 20.5179916, 54.7120568 ], [ 20.5178919, 54.7120248 ] ] } },
{ "type": "Feature", "properties": { "u": 250, "v": 106, "key": 0, "oneway": "False", "highway": "primary", "name": "улица Александра Суворова", "maxspeed": "RU:urban", "lanes": "4", "osmid": [ 43073288, 981660658, 130867096, 43073286 ] }, "geometry": { "type": "LineString", "coordinates": [ [ 20.4881305, 54.6955438 ], [ 20.4889587, 54.6956624 ], [ 20.4910319, 54.6959527 ], [ 20.4913048, 54.6959882 ], [ 20.4914862, 54.6960274 ], [ 20.4922374, 54.6962883 ], [ 20.4924, 54.696341 ], [ 20.4925415, 54.6963885 ] ] } },
{ "type": "Feature", "properties": { "u": 250, "v": 463, "key": 0, "oneway": "False", "highway": "unclassified", "name": "улица Александра Суворова", "maxspeed": "", "lanes": "2", "osmid": "61413347" }, "geometry": { "type": "LineString", "coordinates": [ [ 20.4881305, 54.6955438 ], [ 20.4881062, 54.695531 ], [ 20.4877597, 54.6953078 ], [ 20.4876127, 54.6952442 ], [ 20.4873335, 54.6951191 ], [ 20.4872134, 54.6950484 ], [ 20.4869754, 54.6949796 ], [ 20.4868157, 54.6949178 ], [ 20.4866897, 54.6948595 ], [ 20.486465, 54.694738 ], [ 20.4862047, 54.6946182 ] ] } },
{ "type": "Feature", "properties": { "u": 251, "v": 106, "key": 0, "oneway": "False", "highway": "residential", "name": "Южная улица", "maxspeed": "RU:urban", "lanes": "2", "osmid": "130867095" }, "geometry": { "type": "LineString", "coordinates": [ [ 20.4917183, 54.6969857 ], [ 20.492428, 54.6964949 ], [ 20.4925183, 54.6964126 ], [ 20.4925415, 54.6963885 ] ] } },
{ "type": "Feature", "properties": { "u": 252, "v": 28, "key": 0, "oneway": "True", "highway": "primary", "name": "Московский проспект", "maxspeed": "RU:urban", "lanes": "3", "osmid": "155154858" }, "geometry": { "type": "LineString", "coordinates": [ [ 20.5108975, 54.7089954 ], [ 20.5098464, 54.7091848 ] ] } },
{ "type": "Feature", "properties": { "u": 252, "v": 247, "key": 0, "oneway": "True", "highway": "primary_link", "name": "", "maxspeed": "", "lanes": "1", "osmid": "64310804" }, "geometry": { "type": "LineString", "coordinates": [ [ 20.5108975, 54.7089954 ], [ 20.5108282, 54.7089646 ], [ 20.5107974, 54.7089243 ], [ 20.5107824, 54.7088866 ], [ 20.5107732, 54.7088631 ], [ 20.5107883, 54.7088205 ] ] } },
{ "type": "Feature", "properties": { "u": 253, "v": 278, "key": 0, "oneway": "True", "highway": "primary", "name": "Московский проспект", "maxspeed": "RU:urban", "lanes": "3", "osmid": [ 107444058, 323342461 ] }, "geometry": { "type": "LineString", "coordinates": [ [ 20.5140062, 54.7087065 ], [ 20.5132042, 54.7087565 ], [ 20.5127416, 54.7087903 ], [ 20.5120317, 54.7088496 ], [ 20.5118355, 54.7088731 ] ] } },
{ "type": "Feature", "properties": { "u": 254, "v": 32, "key": 0, "oneway": "False", "highway": "residential", "name": "Водная улица", "maxspeed": "", "lanes": "2", "osmid": "71424058" }, "geometry": { "type": "LineString", "coordinates": [ [ 20.5256957, 54.6953018 ], [ 20.525565, 54.6951871 ], [ 20.5252002, 54.6949616 ], [ 20.5250178, 54.69486 ], [ 20.5248143, 54.6947469 ], [ 20.5243237, 54.6944767 ], [ 20.5242181, 54.694419 ] ] } },
{ "type": "Feature", "properties": { "u": 255, "v": 367, "key": 0, "oneway": "True", "highway": "secondary", "name": "", "maxspeed": "", "lanes": "", "osmid": "1362412327" }, "geometry": { "type": "LineString", "coordinates": [ [ 20.4885573, 54.7061824 ], [ 20.488806, 54.7062159 ], [ 20.4889385, 54.7062185 ], [ 20.489078, 54.7062036 ] ] } },
{ "type": "Feature", "properties": { "u": 255, "v": 14, "key": 0, "oneway": "False", "highway": "secondary", "name": "Правая набережная", "maxspeed": "RU:urban", "lanes": "3", "osmid": [ 1362412330, 37418853 ] }, "geometry": { "type": "LineString", "coordinates": [ [ 20.4885573, 54.7061824 ], [ 20.4886007, 54.7062007 ], [ 20.4889774, 54.7063397 ] ] } },
{ "type": "Feature", "properties": { "u": 256, "v": 94, "key": 0, "oneway": "True", "highway": "primary", "name": "проспект Мира", "maxspeed": "RU:urban", "lanes": "2", "osmid": [ 980844490, 980844491 ] }, "geometry": { "type": "LineString", "coordinates": [ [ 20.4880908, 54.7201652 ], [ 20.4879411, 54.7201703 ], [ 20.4875892, 54.7201671 ] ] } },
{ "type": "Feature", "properties": { "u": 257, "v": 57, "key": 0, "oneway": "True", "highway": "primary", "name": "улица Румянцева", "maxspeed": "40", "lanes": "3", "osmid": "42452218" }, "geometry": { "type": "LineString", "coordinates": [ [ 20.4939504, 54.7113169 ], [ 20.4940509, 54.7110862 ] ] } },
{ "type": "Feature", "properties": { "u": 257, "v": 258, "key": 0, "oneway": "False", "highway": "residential", "name": "улица Генерала Галицкого", "maxspeed": "", "lanes": "2", "osmid": "78049369" }, "geometry": { "type": "LineString", "coordinates": [ [ 20.4939504, 54.7113169 ], [ 20.4938764, 54.7112555 ], [ 20.4933994, 54.7108301 ], [ 20.4926183, 54.7101337 ] ] } },
{ "type": "Feature", "properties": { "u": 258, "v": 260, "key": 0, "oneway": "False", "highway": "residential", "name": "", "maxspeed": "", "lanes": "", "osmid": "391912641" }, "geometry": { "type": "LineString", "coordinates": [ [ 20.4926183, 54.7101337 ], [ 20.4929074, 54.7101266 ] ] } },
{ "type": "Feature", "properties": { "u": 258, "v": 259, "key": 0, "oneway": "False", "highway": "residential", "name": "улица Генерала Галицкого", "maxspeed": "", "lanes": "2", "osmid": "78049369" }, "geometry": { "type": "LineString", "coordinates": [ [ 20.4926183, 54.7101337 ], [ 20.4924751, 54.7099705 ], [ 20.4925497, 54.7099233 ] ] } },
{ "type": "Feature", "properties": { "u": 258, "v": 257, "key": 0, "oneway": "False", "highway": "residential", "name": "улица Генерала Галицкого", "maxspeed": "", "lanes": "2", "osmid": "78049369" }, "geometry": { "type": "LineString", "coordinates": [ [ 20.4926183, 54.7101337 ], [ 20.4933994, 54.7108301 ], [ 20.4938764, 54.7112555 ], [ 20.4939504, 54.7113169 ] ] } },
{ "type": "Feature", "properties": { "u": 259, "v": 283, "key": 0, "oneway": "True", "highway": "primary", "name": "улица Генерала Буткова", "maxspeed": "RU:urban", "lanes": "3", "osmid": "42990364" }, "geometry": { "type": "LineString", "coordinates": [ [ 20.4925497, 54.7099233 ], [ 20.4916513, 54.7094083 ], [ 20.4907397, 54.7088373 ], [ 20.4905546, 54.7087209 ], [ 20.4904513, 54.7086252 ], [ 20.4902732, 54.7084541 ], [ 20.4901058, 54.7082521 ], [ 20.4899832, 54.7080715 ] ] } },
{ "type": "Feature", "properties": { "u": 259, "v": 258, "key": 0, "oneway": "False", "highway": "residential", "name": "улица Генерала Галицкого", "maxspeed": "", "lanes": "2", "osmid": "78049369" }, "geometry": { "type": "LineString", "coordinates": [ [ 20.4925497, 54.7099233 ], [ 20.4924751, 54.7099705 ], [ 20.4926183, 54.7101337 ] ] } },
{ "type": "Feature", "properties": { "u": 260, "v": 259, "key": 0, "oneway": "True", "highway": "primary", "name": "улица Генерала Буткова", "maxspeed": "RU:urban", "lanes": "3", "osmid": "42990364" }, "geometry": { "type": "LineString", "coordinates": [ [ 20.4929074, 54.7101266 ], [ 20.4925497, 54.7099233 ] ] } },
{ "type": "Feature", "properties": { "u": 260, "v": 258, "key": 0, "oneway": "False", "highway": "residential", "name": "", "maxspeed": "", "lanes": "", "osmid": "391912641" }, "geometry": { "type": "LineString", "coordinates": [ [ 20.4929074, 54.7101266 ], [ 20.4926183, 54.7101337 ] ] } },
{ "type": "Feature", "properties": { "u": 261, "v": 312, "key": 0, "oneway": "True", "highway": "primary", "name": "Московский проспект", "maxspeed": "RU:urban", "lanes": "3", "osmid": "301398595" }, "geometry": { "type": "LineString", "coordinates": [ [ 20.5240694, 54.7092715 ], [ 20.5232373, 54.7092189 ] ] } },
{ "type": "Feature", "properties": { "u": 261, "v": 262, "key": 0, "oneway": "True", "highway": "primary_link", "name": "Строительная улица", "maxspeed": "RU:urban", "lanes": "1", "osmid": [ 169718678, 96246462 ] }, "geometry": { "type": "LineString", "coordinates": [ [ 20.5240694, 54.7092715 ], [ 20.5238064, 54.7093223 ], [ 20.5237315, 54.7093626 ], [ 20.5236764, 54.7094133 ], [ 20.5236345, 54.7094917 ], [ 20.5234006, 54.7104778 ], [ 20.5233358, 54.7105963 ], [ 20.5232171, 54.7107006 ], [ 20.5230015, 54.7108443 ], [ 20.5228281, 54.7110266 ], [ 20.5226787, 54.7112207 ] ] } },
{ "type": "Feature", "properties": { "u": 262, "v": 479, "key": 0, "oneway": "True", "highway": "primary", "name": "Второй эстакадный мост", "maxspeed": "60", "lanes": "4", "osmid": [ 1370382568, 143207757 ] }, "geometry": { "type": "LineString", "coordinates": [ [ 20.5226787, 54.7112207 ], [ 20.5226028, 54.7116936 ], [ 20.5225442, 54.7119776 ], [ 20.522501, 54.712181 ] ] } },
{ "type": "Feature", "properties": { "u": 263, "v": 137, "key": 0, "oneway": "True", "highway": "primary", "name": "Московский проспект", "maxspeed": "RU:urban", "lanes": "4", "osmid": [ 323342457, 155154859 ] }, "geometry": { "type": "LineString", "coordinates": [ [ 20.5218878, 54.7091334 ], [ 20.5214922, 54.7091064 ], [ 20.5210239, 54.7090745 ], [ 20.5202993, 54.7090255 ] ] } },
{ "type": "Feature", "properties": { "u": 264, "v": 313, "key": 0, "oneway": "True", "highway": "primary", "name": "Второй эстакадный мост", "maxspeed": "RU:urban", "lanes": "2", "osmid": "142675429" }, "geometry": { "type": "LineString", "coordinates": [ [ 20.5224475, 54.7106836 ], [ 20.5224854, 54.7105814 ], [ 20.5225098, 54.7105149 ], [ 20.5226148, 54.7100649 ] ] } },
{ "type": "Feature", "properties": { "u": 264, "v": 263, "key": 0, "oneway": "True", "highway": "primary_link", "name": "Строительная улица", "maxspeed": "40", "lanes": "1", "osmid": [ 1370697584, 144864633, 169718677 ] }, "geometry": { "type": "LineString", "coordinates": [ [ 20.5224475, 54.7106836 ], [ 20.5224068, 54.7105854 ], [ 20.5223615, 54.7105051 ], [ 20.5222947, 54.7103998 ], [ 20.5221352, 54.7102118 ], [ 20.5220227, 54.7100736 ], [ 20.5220007, 54.7099853 ], [ 20.5220205, 54.7098243 ], [ 20.5221196, 54.7093757 ], [ 20.5221304, 54.7092935 ], [ 20.5221206, 54.7092495 ], [ 20.5220423, 54.7091953 ], [ 20.5218878, 54.7091334 ] ] } },
{ "type": "Feature", "properties": { "u": 265, "v": 571, "key": 0, "oneway": "False", "highway": "residential", "name": "Серпуховский переулок", "maxspeed": "", "lanes": "", "osmid": "137954647" }, "geometry": { "type": "LineString", "coordinates": [ [ 20.4996078, 54.6983706 ], [ 20.4996041, 54.6983881 ], [ 20.4996001, 54.6984064 ], [ 20.4995974, 54.6984181 ] ] } },
{ "type": "Feature", "properties": { "u": 265, "v": 205, "key": 0, "oneway": "True", "highway": "secondary", "name": "улица Багратиона", "maxspeed": "RU:urban", "lanes": "1", "osmid": [ 713320341, 982439567 ] }, "geometry": { "type": "LineString", "coordinates": [ [ 20.4996078, 54.6983706 ], [ 20.5001829, 54.69841 ], [ 20.5004361, 54.6984158 ] ] } },
{ "type": "Feature", "properties": { "u": 265, "v": 598, "key": 0, "oneway": "False", "highway": "residential", "name": "Серпуховский переулок", "maxspeed": "", "lanes": "", "osmid": [ 996149801, 1372496943 ] }, "geometry": { "type": "LineString", "coordinates": [ [ 20.4996078, 54.6983706 ], [ 20.4996296, 54.698306 ], [ 20.4996478, 54.6981181 ], [ 20.4996022, 54.6971681 ], [ 20.499904, 54.697071 ], [ 20.5003944, 54.6969132 ] ] } },
{ "type": "Feature", "properties": { "u": 266, "v": 267, "key": 0, "oneway": "True", "highway": "secondary_link", "name": "", "maxspeed": "", "lanes": "1", "osmid": "99757353" }, "geometry": { "type": "LineString", "coordinates": [ [ 20.5135546, 54.710786 ], [ 20.513588, 54.7108558 ], [ 20.5136022, 54.7108855 ], [ 20.5136366, 54.7109573 ] ] } },
{ "type": "Feature", "properties": { "u": 266, "v": 114, "key": 0, "oneway": "True", "highway": "secondary", "name": "улица Шевченко", "maxspeed": "40", "lanes": "3", "osmid": [ 309433016, 107174505, 311079025, 311079030 ] }, "geometry": { "type": "LineString", "coordinates": [ [ 20.5135546, 54.710786 ], [ 20.514632, 54.7106198 ], [ 20.514827, 54.7105972 ], [ 20.5152257, 54.7105867 ], [ 20.5156673, 54.7106189 ], [ 20.5159597, 54.7106709 ], [ 20.5161848, 54.7107271 ], [ 20.5162236, 54.7107368 ], [ 20.5165324, 54.7108449 ], [ 20.5167694, 54.7109563 ], [ 20.5169827, 54.7110865 ], [ 20.5173773, 54.7113268 ], [ 20.5175766, 54.7114416 ], [ 20.5177535, 54.7115266 ], [ 20.5181301, 54.7116375 ] ] } },
{ "type": "Feature", "properties": { "u": 267, "v": 116, "key": 0, "oneway": "True", "highway": "secondary", "name": "улица Шевченко", "maxspeed": "RU:urban", "lanes": "3", "osmid": "107174502" }, "geometry": { "type": "LineString", "coordinates": [ [ 20.5136366, 54.7109573 ], [ 20.5125603, 54.7111295 ] ] } },
{ "type": "Feature", "properties": { "u": 268, "v": 270, "key": 0, "oneway": "True", "highway": "secondary_link", "name": "", "maxspeed": "", "lanes": "1", "osmid": "102438756" }, "geometry": { "type": "LineString", "coordinates": [ [ 20.5109344, 54.7113935 ], [ 20.5109082, 54.7113384 ], [ 20.5108922, 54.7113047 ], [ 20.5108595, 54.7112358 ] ] } },
{ "type": "Feature", "properties": { "u": 268, "v": 0, "key": 0, "oneway": "True", "highway": "secondary", "name": "улица Шевченко", "maxspeed": "RU:urban", "lanes": "4", "osmid": [ 43570906, 107174500 ] }, "geometry": { "type": "LineString", "coordinates": [ [ 20.5109344, 54.7113935 ], [ 20.5100783, 54.7115374 ], [ 20.509578, 54.7116214 ], [ 20.5094994, 54.7116371 ], [ 20.5092469, 54.7116946 ] ] } },
{ "type": "Feature", "properties": { "u": 269, "v": 248, "key": 0, "oneway": "False", "highway": "residential", "name": "Клиническая улица", "maxspeed": "", "lanes": "2", "osmid": "60733981" }, "geometry": { "type": "LineString", "coordinates": [ [ 20.5190862, 54.713068 ], [ 20.5189568, 54.7129506 ], [ 20.5189267, 54.7129214 ], [ 20.5185437, 54.712499 ] ] } },
{ "type": "Feature", "properties": { "u": 269, "v": 120, "key": 0, "oneway": "False", "highway": "residential", "name": "Клиническая улица", "maxspeed": "", "lanes": "2", "osmid": "106485873" }, "geometry": { "type": "LineString", "coordinates": [ [ 20.5190862, 54.713068 ], [ 20.5192086, 54.7131764 ], [ 20.5194828, 54.7134192 ], [ 20.5195726, 54.7134987 ], [ 20.5196258, 54.7135466 ] ] } },
{ "type": "Feature", "properties": { "u": 269, "v": 421, "key": 0, "oneway": "False", "highway": "residential", "name": "", "maxspeed": "", "lanes": "2", "osmid": [ 1372195043, 1372195044, 1372195045, 1372195046, 1372195047, 352319127, 367861815, 669755259 ] }, "geometry": { "type": "LineString", "coordinates": [ [ 20.5190862, 54.713068 ], [ 20.5192862, 54.7130328 ], [ 20.5194035, 54.7130198 ], [ 20.5199072, 54.7129642 ], [ 20.5207241, 54.7130128 ], [ 20.5209646, 54.7130315 ], [ 20.5211386, 54.7130451 ], [ 20.5212486, 54.7130537 ], [ 20.5217052, 54.7130893 ], [ 20.5219068, 54.7130892 ] ] } },
{ "type": "Feature", "properties": { "u": 270, "v": 266, "key": 0, "oneway": "True", "highway": "secondary", "name": "улица Шевченко", "maxspeed": "RU:urban", "lanes": "4", "osmid": [ 214752255, 107174503 ] }, "geometry": { "type": "LineString", "coordinates": [ [ 20.5108595, 54.7112358 ], [ 20.5117544, 54.7110806 ], [ 20.512075, 54.7110308 ], [ 20.5135546, 54.710786 ] ] } },
{ "type": "Feature", "properties": { "u": 271, "v": 272, "key": 0, "oneway": "False", "highway": "living_street", "name": "", "maxspeed": "RU:living_street", "lanes": "", "osmid": "102953156" }, "geometry": { "type": "LineString", "coordinates": [ [ 20.5021869, 54.7159828 ], [ 20.5018127, 54.7161238 ] ] } },
{ "type": "Feature", "properties": { "u": 271, "v": 394, "key": 0, "oneway": "True", "highway": "residential", "name": "Космическая улица", "maxspeed": "RU:urban", "lanes": "2", "osmid": [ 204024684, 1372756614 ] }, "geometry": { "type": "LineString", "coordinates": [ [ 20.5021869, 54.7159828 ], [ 20.5017603, 54.7156095 ], [ 20.5014614, 54.7153359 ], [ 20.5012547, 54.7151467 ] ] } },
{ "type": "Feature", "properties": { "u": 271, "v": 383, "key": 0, "oneway": "False", "highway": "living_street", "name": "", "maxspeed": "RU:living_street", "lanes": "", "osmid": "287010181" }, "geometry": { "type": "LineString", "coordinates": [ [ 20.5021869, 54.7159828 ], [ 20.5026651, 54.71579 ], [ 20.5028231, 54.7156947 ] ] } },
{ "type": "Feature", "properties": { "u": 272, "v": 271, "key": 0, "oneway": "False", "highway": "living_street", "name": "", "maxspeed": "RU:living_street", "lanes": "", "osmid": "102953156" }, "geometry": { "type": "LineString", "coordinates": [ [ 20.5018127, 54.7161238 ], [ 20.5021869, 54.7159828 ] ] } },
{ "type": "Feature", "properties": { "u": 272, "v": 273, "key": 0, "oneway": "False", "highway": "living_street", "name": "", "maxspeed": "RU:living_street", "lanes": "", "osmid": "102953156" }, "geometry": { "type": "LineString", "coordinates": [ [ 20.5018127, 54.7161238 ], [ 20.5014149, 54.7162737 ] ] } },
{ "type": "Feature", "properties": { "u": 272, "v": 273, "key": 1, "oneway": "False", "highway": "living_street", "name": "", "maxspeed": "RU:living_street", "lanes": "", "osmid": "102953158" }, "geometry": { "type": "LineString", "coordinates": [ [ 20.5018127, 54.7161238 ], [ 20.5013989, 54.7157412 ], [ 20.5010741, 54.7154409 ], [ 20.5006497, 54.7156107 ], [ 20.5014149, 54.7162737 ] ] } },
{ "type": "Feature", "properties": { "u": 273, "v": 272, "key": 0, "oneway": "False", "highway": "living_street", "name": "", "maxspeed": "RU:living_street", "lanes": "", "osmid": "102953156" }, "geometry": { "type": "LineString", "coordinates": [ [ 20.5014149, 54.7162737 ], [ 20.5018127, 54.7161238 ] ] } },
{ "type": "Feature", "properties": { "u": 273, "v": 272, "key": 1, "oneway": "False", "highway": "living_street", "name": "", "maxspeed": "RU:living_street", "lanes": "", "osmid": "102953158" }, "geometry": { "type": "LineString", "coordinates": [ [ 20.5014149, 54.7162737 ], [ 20.5006497, 54.7156107 ], [ 20.5010741, 54.7154409 ], [ 20.5013989, 54.7157412 ], [ 20.5018127, 54.7161238 ] ] } },
{ "type": "Feature", "properties": { "u": 273, "v": 274, "key": 0, "oneway": "False", "highway": "living_street", "name": "", "maxspeed": "RU:living_street", "lanes": "", "osmid": "102953156" }, "geometry": { "type": "LineString", "coordinates": [ [ 20.5014149, 54.7162737 ], [ 20.5012748, 54.7163265 ], [ 20.5009807, 54.716438 ] ] } },
{ "type": "Feature", "properties": { "u": 274, "v": 273, "key": 0, "oneway": "False", "highway": "living_street", "name": "", "maxspeed": "RU:living_street", "lanes": "", "osmid": "102953156" }, "geometry": { "type": "LineString", "coordinates": [ [ 20.5009807, 54.716438 ], [ 20.5012748, 54.7163265 ], [ 20.5014149, 54.7162737 ] ] } },
{ "type": "Feature", "properties": { "u": 275, "v": 307, "key": 0, "oneway": "True", "highway": "primary_link", "name": "Второй эстакадный мост", "maxspeed": "RU:urban", "lanes": "2", "osmid": "133259327" }, "geometry": { "type": "LineString", "coordinates": [ [ 20.5208397, 54.6953997 ], [ 20.5210066, 54.6954738 ], [ 20.5210804, 54.6955383 ] ] } },
{ "type": "Feature", "properties": { "u": 275, "v": 556, "key": 0, "oneway": "True", "highway": "primary", "name": "проспект Калинина", "maxspeed": "RU:urban", "lanes": "3", "osmid": [ 981301874, 981301875 ] }, "geometry": { "type": "LineString", "coordinates": [ [ 20.5208397, 54.6953997 ], [ 20.5210522, 54.6954438 ], [ 20.5214332, 54.6955701 ], [ 20.5217065, 54.6956572 ], [ 20.5217385, 54.6956668 ], [ 20.5218089, 54.695688 ], [ 20.521963, 54.6957391 ], [ 20.5219864, 54.6957469 ] ] } },
{ "type": "Feature", "properties": { "u": 276, "v": 277, "key": 0, "oneway": "True", "highway": "primary", "name": "Второй эстакадный мост", "maxspeed": "RU:urban", "lanes": "3", "osmid": "423080016" }, "geometry": { "type": "LineString", "coordinates": [ [ 20.5228827, 54.7018898 ], [ 20.5229732, 54.702018 ], [ 20.522998, 54.7020572 ], [ 20.5231078, 54.7022259 ], [ 20.5231866, 54.7023483 ], [ 20.523262, 54.7024719 ], [ 20.5233341, 54.7025938 ], [ 20.5233665, 54.7026558 ], [ 20.5233996, 54.7027185 ], [ 20.5235002, 54.7029371 ], [ 20.5235948, 54.7031581 ], [ 20.5236788, 54.7033791 ], [ 20.5237346, 54.703527 ], [ 20.5237522, 54.7036016 ] ] } },
{ "type": "Feature", "properties": { "u": 277, "v": 451, "key": 0, "oneway": "True", "highway": "primary", "name": "Второй эстакадный мост", "maxspeed": "RU:urban", "lanes": "2", "osmid": "148444170" }, "geometry": { "type": "LineString", "coordinates": [ [ 20.5237522, 54.7036016 ], [ 20.5238459, 54.7038969 ], [ 20.5239044, 54.7041876 ], [ 20.5239298, 54.7044955 ], [ 20.523916, 54.7049258 ], [ 20.5239087, 54.7052714 ], [ 20.5238639, 54.7056363 ], [ 20.5238152, 54.7059237 ], [ 20.5237477, 54.7062678 ], [ 20.5236843, 54.7065394 ] ] } },
{ "type": "Feature", "properties": { "u": 277, "v": 447, "key": 0, "oneway": "True", "highway": "secondary", "name": "", "maxspeed": "30", "lanes": "1", "osmid": [ 334543660, 334543654 ] }, "geometry": { "type": "LineString", "coordinates": [ [ 20.5237522, 54.7036016 ], [ 20.5238979, 54.7037848 ], [ 20.5241315, 54.7041214 ], [ 20.5241866, 54.7042019 ], [ 20.5242408, 54.7042732 ], [ 20.5243012, 54.7043394 ], [ 20.5243585, 54.7043917 ], [ 20.5244174, 54.7044376 ], [ 20.5244849, 54.7044788 ], [ 20.5245457, 54.7045141 ], [ 20.524627, 54.704558 ], [ 20.5247196, 54.7045997 ], [ 20.5247975, 54.7046301 ], [ 20.5248825, 54.7046574 ], [ 20.524971, 54.7046823 ], [ 20.5250713, 54.7047066 ], [ 20.525174, 54.7047257 ], [ 20.5252749, 54.7047387 ], [ 20.5253953, 54.7047503 ], [ 20.5254613, 54.7047538 ], [ 20.5255202, 54.7047564 ], [ 20.5256206, 54.7047579 ], [ 20.5257265, 54.7047537 ], [ 20.5258444, 54.7047444 ], [ 20.5259654, 54.7047309 ], [ 20.52638, 54.7046723 ], [ 20.5274457, 54.7045196 ], [ 20.5277387, 54.7044758 ], [ 20.5281069, 54.7044469 ] ] } },
{ "type": "Feature", "properties": { "u": 278, "v": 279, "key": 0, "oneway": "True", "highway": "primary_link", "name": "", "maxspeed": "RU:urban", "lanes": "1", "osmid": "128052451" }, "geometry": { "type": "LineString", "coordinates": [ [ 20.5118355, 54.7088731 ], [ 20.511644, 54.7089355 ], [ 20.5115065, 54.7089826 ], [ 20.5113566, 54.7090478 ], [ 20.5113241, 54.7090619 ], [ 20.5111775, 54.7091683 ], [ 20.510788, 54.7094876 ], [ 20.5106555, 54.7095522 ], [ 20.5105052, 54.7095898 ], [ 20.5091748, 54.7097953 ], [ 20.5090915, 54.7098125 ], [ 20.5089455, 54.7098743 ], [ 20.5088724, 54.7099345 ], [ 20.5088274, 54.7099902 ], [ 20.5088003, 54.7100451 ], [ 20.5088109, 54.7102455 ] ] } },
{ "type": "Feature", "properties": { "u": 278, "v": 252, "key": 0, "oneway": "True", "highway": "primary", "name": "Московский проспект", "maxspeed": "RU:urban", "lanes": "4", "osmid": "128167913" }, "geometry": { "type": "LineString", "coordinates": [ [ 20.5118355, 54.7088731 ], [ 20.5111691, 54.7089565 ], [ 20.5108975, 54.7089954 ] ] } },
{ "type": "Feature", "properties": { "u": 279, "v": 18, "key": 0, "oneway": "True", "highway": "primary", "name": "Ленинский проспект", "maxspeed": "RU:urban", "lanes": "3", "osmid": [ 101331081, 106609551 ] }, "geometry": { "type": "LineString", "coordinates": [ [ 20.5088109, 54.7102455 ], [ 20.5088643, 54.7103585 ], [ 20.5091923, 54.7109784 ] ] } },
{ "type": "Feature", "properties": { "u": 280, "v": 282, "key": 0, "oneway": "True", "highway": "primary", "name": "Ленинский проспект", "maxspeed": "RU:urban", "lanes": "2", "osmid": "980011163" }, "geometry": { "type": "LineString", "coordinates": [ [ 20.5085551, 54.7101149 ], [ 20.5083606, 54.7096703 ] ] } },
{ "type": "Feature", "properties": { "u": 280, "v": 281, "key": 0, "oneway": "True", "highway": "primary_link", "name": "", "maxspeed": "40", "lanes": "1", "osmid": [ 1370697572, 128167916 ] }, "geometry": { "type": "LineString", "coordinates": [ [ 20.5085551, 54.7101149 ], [ 20.5084534, 54.710045 ], [ 20.508335, 54.7099922 ], [ 20.508223, 54.7099676 ], [ 20.5081396, 54.7099714 ], [ 20.5066263, 54.710217 ], [ 20.5064578, 54.7102269 ], [ 20.5062934, 54.7102124 ], [ 20.5060127, 54.7101458 ], [ 20.505654, 54.71005 ], [ 20.5054384, 54.7100055 ], [ 20.5052438, 54.7099889 ], [ 20.5050431, 54.7099877 ], [ 20.5048281, 54.7099811 ], [ 20.5046324, 54.7099545 ] ] } },
{ "type": "Feature", "properties": { "u": 281, "v": 408, "key": 0, "oneway": "True", "highway": "primary", "name": "Московский проспект", "maxspeed": "RU:urban", "lanes": "3", "osmid": "404700844" }, "geometry": { "type": "LineString", "coordinates": [ [ 20.5046324, 54.7099545 ], [ 20.5035445, 54.7100525 ], [ 20.5033508, 54.7100701 ], [ 20.5032711, 54.7100769 ] ] } },
{ "type": "Feature", "properties": { "u": 282, "v": 521, "key": 0, "oneway": "True", "highway": "primary", "name": "Ленинский проспект", "maxspeed": "RU:urban", "lanes": "2", "osmid": [ 980011164, 980406604 ] }, "geometry": { "type": "LineString", "coordinates": [ [ 20.5083606, 54.7096703 ], [ 20.508335, 54.7096019 ], [ 20.5057378, 54.7043823 ] ] } },
{ "type": "Feature", "properties": { "u": 283, "v": 59, "key": 0, "oneway": "True", "highway": "primary", "name": "улица Генерала Буткова", "maxspeed": "RU:urban", "lanes": "4", "osmid": [ 1370382539, 1370382540, 1370382541, 59848199 ] }, "geometry": { "type": "LineString", "coordinates": [ [ 20.4899832, 54.7080715 ], [ 20.4902477, 54.708217 ], [ 20.4905888, 54.7085895 ], [ 20.490731, 54.7086962 ], [ 20.4920901, 54.7095383 ], [ 20.4927267, 54.7098122 ], [ 20.4934897, 54.710081 ], [ 20.4937585, 54.710196 ], [ 20.4938052, 54.7102151 ], [ 20.4940766, 54.7103572 ], [ 20.4945006, 54.710622 ] ] } },
{ "type": "Feature", "properties": { "u": 283, "v": 99, "key": 0, "oneway": "False", "highway": "primary", "name": "Гвардейский проспект", "maxspeed": "RU:urban", "lanes": "3", "osmid": [ 210189712, 1012813127 ] }, "geometry": { "type": "LineString", "coordinates": [ [ 20.4899832, 54.7080715 ], [ 20.4898884, 54.7079594 ], [ 20.4897308, 54.7078067 ], [ 20.4896712, 54.7077325 ], [ 20.4896192, 54.7076475 ], [ 20.4896005, 54.7075532 ], [ 20.4896028, 54.7074659 ], [ 20.4896243, 54.7073885 ], [ 20.4896809, 54.7072623 ], [ 20.4897351, 54.7071893 ], [ 20.4897916, 54.7071076 ], [ 20.4898464, 54.706988 ], [ 20.4898713, 54.706835 ] ] } },
{ "type": "Feature", "properties": { "u": 284, "v": 279, "key": 0, "oneway": "True", "highway": "primary", "name": "Ленинский проспект", "maxspeed": "RU:urban", "lanes": "2", "osmid": [ 101331082, 128167915 ] }, "geometry": { "type": "LineString", "coordinates": [ [ 20.5084991, 54.7095829 ], [ 20.5085397, 54.7096764 ], [ 20.5088109, 54.7102455 ] ] } },
{ "type": "Feature", "properties": { "u": 284, "v": 28, "key": 0, "oneway": "True", "highway": "primary_link", "name": "", "maxspeed": "40", "lanes": "1", "osmid": [ 323342465, 128052453, 323342463 ] }, "geometry": { "type": "LineString", "coordinates": [ [ 20.5084991, 54.7095829 ], [ 20.5085957, 54.7096537 ], [ 20.5086524, 54.7096866 ], [ 20.5087105, 54.709709 ], [ 20.5088271, 54.7097384 ], [ 20.5089291, 54.7097547 ], [ 20.5090684, 54.7097569 ], [ 20.5092027, 54.7097409 ], [ 20.5104803, 54.7095464 ], [ 20.5106178, 54.7095146 ], [ 20.5107109, 54.7094613 ], [ 20.5107697, 54.7094066 ], [ 20.5107933, 54.7093454 ], [ 20.5107843, 54.7092886 ], [ 20.5107547, 54.7092431 ], [ 20.510698, 54.7091987 ], [ 20.5106154, 54.7091657 ], [ 20.5104835, 54.7091456 ], [ 20.5103025, 54.7091567 ], [ 20.50999, 54.7092071 ], [ 20.5098464, 54.7091848 ] ] } },
{ "type": "Feature", "properties": { "u": 285, "v": 286, "key": 0, "oneway": "False", "highway": "residential", "name": "улица Дмитрия Донского", "maxspeed": "", "lanes": "2", "osmid": [ 132936459, 1374294957 ] }, "geometry": { "type": "LineString", "coordinates": [ [ 20.4896339, 54.7147415 ], [ 20.4892722, 54.7153845 ], [ 20.489215, 54.7156536 ], [ 20.4891993, 54.7158234 ] ] } },
{ "type": "Feature", "properties": { "u": 286, "v": 285, "key": 0, "oneway": "False", "highway": "residential", "name": "улица Дмитрия Донского", "maxspeed": "", "lanes": "2", "osmid": [ 132936459, 1374294957 ] }, "geometry": { "type": "LineString", "coordinates": [ [ 20.4891993, 54.7158234 ], [ 20.489215, 54.7156536 ], [ 20.4892722, 54.7153845 ], [ 20.4896339, 54.7147415 ] ] } },
{ "type": "Feature", "properties": { "u": 286, "v": 95, "key": 0, "oneway": "False", "highway": "tertiary", "name": "улица Дмитрия Донского", "maxspeed": "RU:urban", "lanes": "2", "osmid": "1107464569" }, "geometry": { "type": "LineString", "coordinates": [ [ 20.4891993, 54.7158234 ], [ 20.4890859, 54.7158301 ], [ 20.4888503, 54.7158441 ], [ 20.4881638, 54.7158868 ] ] } },
{ "type": "Feature", "properties": { "u": 286, "v": 417, "key": 0, "oneway": "False", "highway": "tertiary", "name": "улица Дмитрия Донского", "maxspeed": "RU:urban", "lanes": "2", "osmid": [ 1107464570, 42758531, 1374294958, 1374294959 ] }, "geometry": { "type": "LineString", "coordinates": [ [ 20.4891993, 54.7158234 ], [ 20.4895387, 54.715825 ], [ 20.4903162, 54.715914 ], [ 20.490663, 54.715984 ], [ 20.4909433, 54.7160439 ], [ 20.4912856, 54.7161843 ], [ 20.4915586, 54.7163297 ], [ 20.4918459, 54.7165359 ], [ 20.492315, 54.7168627 ], [ 20.4925084, 54.7169923 ], [ 20.4925655, 54.7170228 ] ] } },
{ "type": "Feature", "properties": { "u": 287, "v": 404, "key": 0, "oneway": "False", "highway": "living_street", "name": "", "maxspeed": "RU:living_street", "lanes": "", "osmid": "1020261721" }, "geometry": { "type": "LineString", "coordinates": [ [ 20.5001386, 54.6965358 ], [ 20.5001653, 54.6965266 ] ] } },
{ "type": "Feature", "properties": { "u": 287, "v": 557, "key": 0, "oneway": "False", "highway": "living_street", "name": "", "maxspeed": "RU:living_street", "lanes": "", "osmid": "133161934" }, "geometry": { "type": "LineString", "coordinates": [ [ 20.5001386, 54.6965358 ], [ 20.4998262, 54.6962243 ], [ 20.4992276, 54.6964167 ], [ 20.4992225, 54.6965183 ], [ 20.4990588, 54.6965965 ], [ 20.4988327, 54.6963707 ], [ 20.4987861, 54.6963035 ] ] } },
{ "type": "Feature", "properties": { "u": 287, "v": 360, "key": 0, "oneway": "False", "highway": "living_street", "name": "", "maxspeed": "RU:living_street", "lanes": "", "osmid": "852163345" }, "geometry": { "type": "LineString", "coordinates": [ [ 20.5001386, 54.6965358 ], [ 20.500212, 54.6966105 ], [ 20.499213, 54.6969452 ] ] } },
{ "type": "Feature", "properties": { "u": 288, "v": 289, "key": 0, "oneway": "True", "highway": "primary_link", "name": "Второй эстакадный мост", "maxspeed": "60", "lanes": "2", "osmid": "133259317" }, "geometry": { "type": "LineString", "coordinates": [ [ 20.5216729, 54.6959169 ], [ 20.5216035, 54.6959415 ], [ 20.52137, 54.6960123 ], [ 20.5211454, 54.6960659 ], [ 20.5209495, 54.6961163 ] ] } },
{ "type": "Feature", "properties": { "u": 288, "v": 379, "key": 0, "oneway": "True", "highway": "secondary", "name": "улица Дзержинского", "maxspeed": "RU:urban", "lanes": "1", "osmid": [ 982439548, 216368630 ] }, "geometry": { "type": "LineString", "coordinates": [ [ 20.5216729, 54.6959169 ], [ 20.5213104, 54.6961413 ], [ 20.5211292, 54.696247 ], [ 20.5210075, 54.6963131 ] ] } },
{ "type": "Feature", "properties": { "u": 289, "v": 276, "key": 0, "oneway": "True", "highway": "primary", "name": "Второй эстакадный мост", "maxspeed": "RU:urban", "lanes": "3", "osmid": [ 423080017, 423080013, 133259326, 423080015 ] }, "geometry": { "type": "LineString", "coordinates": [ [ 20.5209495, 54.6961163 ], [ 20.5206094, 54.6962575 ], [ 20.5194981, 54.6967598 ], [ 20.5192121, 54.6969487 ], [ 20.5190911, 54.6970456 ], [ 20.5190241, 54.6971259 ], [ 20.5189707, 54.6972578 ], [ 20.5189677, 54.6973863 ], [ 20.5190165, 54.6974944 ], [ 20.5190833, 54.6975976 ], [ 20.5207759, 54.699479 ], [ 20.5216345, 54.7004471 ], [ 20.5219777, 54.7008315 ], [ 20.5221649, 54.7010411 ], [ 20.5223513, 54.7012493 ], [ 20.5226231, 54.701568 ], [ 20.5227557, 54.7017271 ], [ 20.5228827, 54.7018898 ] ] } },
{ "type": "Feature", "properties": { "u": 290, "v": 103, "key": 0, "oneway": "True", "highway": "primary", "name": "Октябрьская улица", "maxspeed": "RU:urban", "lanes": "4", "osmid": "135731532" }, "geometry": { "type": "LineString", "coordinates": [ [ 20.5166015, 54.6966762 ], [ 20.5166158, 54.6965384 ] ] } },
{ "type": "Feature", "properties": { "u": 291, "v": 290, "key": 0, "oneway": "True", "highway": "primary", "name": "Второй эстакадный мост", "maxspeed": "RU:urban", "lanes": "2", "osmid": "142675431" }, "geometry": { "type": "LineString", "coordinates": [ [ 20.5175632, 54.6971877 ], [ 20.5172356, 54.6971404 ], [ 20.5170372, 54.6970904 ], [ 20.516883, 54.6970308 ], [ 20.5167645, 54.696943 ], [ 20.5167018, 54.6968778 ], [ 20.5166487, 54.6968003 ], [ 20.5166015, 54.6966762 ] ] } },
{ "type": "Feature", "properties": { "u": 291, "v": 17, "key": 0, "oneway": "True", "highway": "secondary", "name": "Второй эстакадный мост", "maxspeed": "RU:urban", "lanes": "2", "osmid": [ 1370089160, 982459601, 133259309 ] }, "geometry": { "type": "LineString", "coordinates": [ [ 20.5175632, 54.6971877 ], [ 20.5173668, 54.6972176 ], [ 20.5172146, 54.6972613 ], [ 20.5170947, 54.6972983 ], [ 20.5169354, 54.6973956 ], [ 20.5168574, 54.6974727 ], [ 20.5168173, 54.6975785 ], [ 20.5168504, 54.6977265 ], [ 20.5169503, 54.6979246 ], [ 20.517038, 54.6980839 ], [ 20.5170883, 54.6981776 ], [ 20.5170989, 54.6981969 ], [ 20.5171155, 54.6982277 ], [ 20.5171454, 54.6982914 ] ] } },
{ "type": "Feature", "properties": { "u": 292, "v": 309, "key": 0, "oneway": "True", "highway": "primary", "name": "Второй эстакадный мост", "maxspeed": "60", "lanes": "2", "osmid": "203480701" }, "geometry": { "type": "LineString", "coordinates": [ [ 20.5233374, 54.7079489 ], [ 20.5232326, 54.7084439 ] ] } },
{ "type": "Feature", "properties": { "u": 292, "v": 294, "key": 0, "oneway": "True", "highway": "primary_link", "name": "", "maxspeed": "40", "lanes": "1", "osmid": [ 169718675, 133259310 ] }, "geometry": { "type": "LineString", "coordinates": [ [ 20.5233374, 54.7079489 ], [ 20.5233832, 54.7080423 ], [ 20.5234134, 54.7080828 ], [ 20.5234429, 54.70811 ], [ 20.5235019, 54.7081479 ], [ 20.5236159, 54.7081976 ], [ 20.5237067, 54.7082392 ], [ 20.5238207, 54.7082905 ], [ 20.5238848, 54.708328 ], [ 20.523923, 54.7083587 ], [ 20.5239552, 54.7083935 ], [ 20.5239799, 54.7084348 ], [ 20.5239914, 54.7084718 ], [ 20.5239941, 54.708509 ], [ 20.5239883, 54.7085539 ], [ 20.5239767, 54.7086159 ], [ 20.5239579, 54.7087314 ], [ 20.5239378, 54.7088576 ], [ 20.5239352, 54.7089174 ], [ 20.5239472, 54.7089599 ], [ 20.5239792, 54.7090045 ], [ 20.5241036, 54.7090627 ], [ 20.5242902, 54.7091084 ] ] } },
{ "type": "Feature", "properties": { "u": 293, "v": 308, "key": 0, "oneway": "True", "highway": "primary", "name": "Второй эстакадный мост", "maxspeed": "RU:urban", "lanes": "2", "osmid": "214749188" }, "geometry": { "type": "LineString", "coordinates": [ [ 20.5230223, 54.7084559 ], [ 20.5231244, 54.7078922 ] ] } },
{ "type": "Feature", "properties": { "u": 293, "v": 295, "key": 0, "oneway": "True", "highway": "primary_link", "name": "", "maxspeed": "40", "lanes": "1", "osmid": [ 169718681, 308387923 ] }, "geometry": { "type": "LineString", "coordinates": [ [ 20.5230223, 54.7084559 ], [ 20.5229663, 54.7083682 ], [ 20.5229175, 54.7083066 ], [ 20.5228673, 54.7082727 ], [ 20.5228095, 54.7082519 ], [ 20.5227386, 54.7082401 ], [ 20.5226761, 54.7082369 ], [ 20.5225824, 54.7082469 ], [ 20.5225213, 54.7082688 ], [ 20.5224772, 54.7082909 ], [ 20.5224185, 54.7083388 ], [ 20.5223872, 54.7083935 ], [ 20.5223648, 54.7084745 ], [ 20.5223011, 54.7087473 ], [ 20.5222991, 54.7088053 ], [ 20.5223454, 54.7088453 ], [ 20.5224683, 54.7089066 ], [ 20.5226703, 54.7089876 ] ] } },
{ "type": "Feature", "properties": { "u": 294, "v": 141, "key": 0, "oneway": "True", "highway": "primary", "name": "Московский проспект", "maxspeed": "40", "lanes": "4", "osmid": [ 231200840, 135731530, 231200843 ] }, "geometry": { "type": "LineString", "coordinates": [ [ 20.5242902, 54.7091084 ], [ 20.5244808, 54.7091264 ], [ 20.5246567, 54.7091463 ], [ 20.5250904, 54.7091912 ], [ 20.5259547, 54.7092652 ], [ 20.5263452, 54.7093032 ], [ 20.5264636, 54.7093273 ] ] } },
{ "type": "Feature", "properties": { "u": 295, "v": 311, "key": 0, "oneway": "True", "highway": "primary", "name": "Московский проспект", "maxspeed": "RU:urban", "lanes": "4", "osmid": "308387914" }, "geometry": { "type": "LineString", "coordinates": [ [ 20.5226703, 54.7089876 ], [ 20.5232338, 54.7090317 ] ] } },
{ "type": "Feature", "properties": { "u": 296, "v": 263, "key": 0, "oneway": "True", "highway": "primary", "name": "Московский проспект", "maxspeed": "RU:urban", "lanes": "4", "osmid": "148444180" }, "geometry": { "type": "LineString", "coordinates": [ [ 20.5226373, 54.7091865 ], [ 20.5223857, 54.7091687 ], [ 20.5221905, 54.7091548 ], [ 20.522098, 54.7091483 ], [ 20.5218878, 54.7091334 ] ] } },
{ "type": "Feature", "properties": { "u": 296, "v": 313, "key": 0, "oneway": "True", "highway": "primary_link", "name": "", "maxspeed": "40", "lanes": "1", "osmid": [ 169718676, 135625557 ] }, "geometry": { "type": "LineString", "coordinates": [ [ 20.5226373, 54.7091865 ], [ 20.5225006, 54.7092024 ], [ 20.5224019, 54.7092657 ], [ 20.5223487, 54.7093071 ], [ 20.5223016, 54.7093991 ], [ 20.5221654, 54.7099416 ], [ 20.5221763, 54.7100303 ], [ 20.5222316, 54.7100941 ], [ 20.5222884, 54.7101236 ], [ 20.5223452, 54.7101318 ], [ 20.5224137, 54.710132 ], [ 20.5224879, 54.7101159 ], [ 20.5225514, 54.7100937 ], [ 20.5226148, 54.7100649 ] ] } },
{ "type": "Feature", "properties": { "u": 297, "v": 609, "key": 0, "oneway": "True", "highway": "primary", "name": "Ленинский проспект", "maxspeed": "RU:urban", "lanes": "2", "osmid": [ 1020261722, 45507669 ] }, "geometry": { "type": "LineString", "coordinates": [ [ 20.500914, 54.6967997 ], [ 20.5005253, 54.6963975 ], [ 20.5001098, 54.6959972 ], [ 20.500048, 54.695937 ], [ 20.500033, 54.6958706 ] ] } },
{ "type": "Feature", "properties": { "u": 297, "v": 405, "key": 0, "oneway": "False", "highway": "residential", "name": "Серпуховский переулок", "maxspeed": "", "lanes": "", "osmid": "1372496945" }, "geometry": { "type": "LineString", "coordinates": [ [ 20.500914, 54.6967997 ], [ 20.5008565, 54.6968113 ], [ 20.5008039, 54.696822 ], [ 20.5004843, 54.696907 ] ] } },
{ "type": "Feature", "properties": { "u": 298, "v": 42, "key": 0, "oneway": "True", "highway": "primary", "name": "Ленинский проспект", "maxspeed": "40", "lanes": "4", "osmid": [ 132322809, 641649491, 996149788, 360956814 ] }, "geometry": { "type": "LineString", "coordinates": [ [ 20.5032725, 54.6993252 ], [ 20.503322, 54.6994614 ], [ 20.503463, 54.6997158 ], [ 20.5035788, 54.6999079 ], [ 20.5037924, 54.7003024 ], [ 20.5040311, 54.7007132 ], [ 20.5045575, 54.7015782 ], [ 20.5047372, 54.7018933 ], [ 20.5049384, 54.7022793 ], [ 20.505005, 54.7023851 ] ] } },
{ "type": "Feature", "properties": { "u": 299, "v": 300, "key": 0, "oneway": "False", "highway": "residential", "name": "", "maxspeed": "", "lanes": "", "osmid": "140385132" }, "geometry": { "type": "LineString", "coordinates": [ [ 20.5064102, 54.6961159 ], [ 20.5064038, 54.6962316 ], [ 20.5065291, 54.6963296 ], [ 20.507467, 54.6963456 ], [ 20.5076566, 54.6963858 ], [ 20.5076341, 54.6967745 ], [ 20.5075922, 54.6970774 ], [ 20.5075874, 54.6971124 ] ] } },
{ "type": "Feature", "properties": { "u": 300, "v": 301, "key": 0, "oneway": "False", "highway": "tertiary", "name": "улица Богдана Хмельницкого", "maxspeed": "RU:urban", "lanes": "2", "osmid": "713320366" }, "geometry": { "type": "LineString", "coordinates": [ [ 20.5075874, 54.6971124 ], [ 20.5082349, 54.6971274 ] ] } },
{ "type": "Feature", "properties": { "u": 300, "v": 176, "key": 0, "oneway": "False", "highway": "tertiary", "name": "улица Богдана Хмельницкого", "maxspeed": "RU:urban", "lanes": "2", "osmid": "989399981" }, "geometry": { "type": "LineString", "coordinates": [ [ 20.5075874, 54.6971124 ], [ 20.5069001, 54.6971005 ] ] } },
{ "type": "Feature", "properties": { "u": 300, "v": 299, "key": 0, "oneway": "False", "highway": "residential", "name": "", "maxspeed": "", "lanes": "", "osmid": "140385132" }, "geometry": { "type": "LineString", "coordinates": [ [ 20.5075874, 54.6971124 ], [ 20.5075922, 54.6970774 ], [ 20.5076341, 54.6967745 ], [ 20.5076566, 54.6963858 ], [ 20.507467, 54.6963456 ], [ 20.5065291, 54.6963296 ], [ 20.5064038, 54.6962316 ], [ 20.5064102, 54.6961159 ] ] } },
{ "type": "Feature", "properties": { "u": 301, "v": 147, "key": 0, "oneway": "False", "highway": "tertiary", "name": "улица Богдана Хмельницкого", "maxspeed": "RU:urban", "lanes": "2", "osmid": "368032600" }, "geometry": { "type": "LineString", "coordinates": [ [ 20.5082349, 54.6971274 ], [ 20.5087539, 54.6971395 ] ] } },
{ "type": "Feature", "properties": { "u": 301, "v": 147, "key": 1, "oneway": "False", "highway": "living_street", "name": "", "maxspeed": "RU:living_street", "lanes": "", "osmid": "140385130" }, "geometry": { "type": "LineString", "coordinates": [ [ 20.5082349, 54.6971274 ], [ 20.5082373, 54.6970857 ], [ 20.5082912, 54.6961492 ], [ 20.5087898, 54.6961487 ], [ 20.5087547, 54.697105 ], [ 20.5087539, 54.6971395 ] ] } },
{ "type": "Feature", "properties": { "u": 301, "v": 300, "key": 0, "oneway": "False", "highway": "tertiary", "name": "улица Богдана Хмельницкого", "maxspeed": "RU:urban", "lanes": "2", "osmid": "713320366" }, "geometry": { "type": "LineString", "coordinates": [ [ 20.5082349, 54.6971274 ], [ 20.5075874, 54.6971124 ] ] } },
{ "type": "Feature", "properties": { "u": 302, "v": 144, "key": 0, "oneway": "True", "highway": "residential", "name": "Омская улица", "maxspeed": "RU:living_street", "lanes": "1", "osmid": [ 995233922, 46726525 ] }, "geometry": { "type": "LineString", "coordinates": [ [ 20.5060098, 54.6980586 ], [ 20.5060633, 54.697252 ], [ 20.5060673, 54.6971915 ], [ 20.5060697, 54.6971612 ], [ 20.5060686, 54.6970991 ] ] } },
{ "type": "Feature", "properties": { "u": 302, "v": 303, "key": 0, "oneway": "False", "highway": "living_street", "name": "", "maxspeed": "RU:living_street", "lanes": "", "osmid": "141192931" }, "geometry": { "type": "LineString", "coordinates": [ [ 20.5060098, 54.6980586 ], [ 20.5054958, 54.6980425 ], [ 20.5054591, 54.6986753 ] ] } },
{ "type": "Feature", "properties": { "u": 303, "v": 302, "key": 0, "oneway": "False", "highway": "living_street", "name": "", "maxspeed": "RU:living_street", "lanes": "", "osmid": "141192931" }, "geometry": { "type": "LineString", "coordinates": [ [ 20.5054591, 54.6986753 ], [ 20.5054958, 54.6980425 ], [ 20.5060098, 54.6980586 ] ] } },
{ "type": "Feature", "properties": { "u": 304, "v": 353, "key": 0, "oneway": "False", "highway": "tertiary", "name": "улица Маршала Баграмяна", "maxspeed": "40", "lanes": "2", "osmid": [ 995233930, 107444059 ] }, "geometry": { "type": "LineString", "coordinates": [ [ 20.4987075, 54.7069678 ], [ 20.4984327, 54.7069986 ], [ 20.4982843, 54.7070149 ], [ 20.4980712, 54.7070382 ], [ 20.4968238, 54.7071435 ] ] } },
{ "type": "Feature", "properties": { "u": 304, "v": 240, "key": 0, "oneway": "False", "highway": "tertiary", "name": "улица Маршала Баграмяна", "maxspeed": "40", "lanes": "2", "osmid": [ 995233929, 995233931 ] }, "geometry": { "type": "LineString", "coordinates": [ [ 20.4987075, 54.7069678 ], [ 20.4988521, 54.7069521 ], [ 20.4989358, 54.7069457 ], [ 20.4989613, 54.7069438 ], [ 20.4995355, 54.7068943 ] ] } },
{ "type": "Feature", "properties": { "u": 304, "v": 354, "key": 0, "oneway": "False", "highway": "unclassified", "name": "", "maxspeed": "RU:living_street", "lanes": "2", "osmid": "1370382532" }, "geometry": { "type": "LineString", "coordinates": [ [ 20.4987075, 54.7069678 ], [ 20.4987201, 54.7070263 ], [ 20.4987483, 54.7072091 ], [ 20.4987477, 54.7073393 ] ] } },
{ "type": "Feature", "properties": { "u": 305, "v": 591, "key": 0, "oneway": "False", "highway": "residential", "name": "Мариупольская улица", "maxspeed": "20", "lanes": "", "osmid": [ 188173822, 986605047 ] }, "geometry": { "type": "LineString", "coordinates": [ [ 20.4985235, 54.7079155 ], [ 20.4979359, 54.708084 ], [ 20.4980337, 54.7083275 ], [ 20.4973219, 54.7084299 ], [ 20.4972924, 54.7084341 ], [ 20.4971922, 54.7084486 ], [ 20.4971442, 54.7083439 ] ] } },
{ "type": "Feature", "properties": { "u": 305, "v": 354, "key": 0, "oneway": "False", "highway": "unclassified", "name": "", "maxspeed": "RU:living_street", "lanes": "2", "osmid": "1370382532" }, "geometry": { "type": "LineString", "coordinates": [ [ 20.4985235, 54.7079155 ], [ 20.4986302, 54.7077364 ], [ 20.4987363, 54.707479 ], [ 20.4987477, 54.7073393 ] ] } },
{ "type": "Feature", "properties": { "u": 305, "v": 306, "key": 0, "oneway": "False", "highway": "unclassified", "name": "", "maxspeed": "RU:living_street", "lanes": "2", "osmid": "1370382532" }, "geometry": { "type": "LineString", "coordinates": [ [ 20.4985235, 54.7079155 ], [ 20.498626, 54.7079729 ], [ 20.4987421, 54.7080157 ] ] } },
{ "type": "Feature", "properties": { "u": 306, "v": 593, "key": 0, "oneway": "False", "highway": "residential", "name": "Мариупольская улица", "maxspeed": "", "lanes": "", "osmid": "986652066" }, "geometry": { "type": "LineString", "coordinates": [ [ 20.4987421, 54.7080157 ], [ 20.498975, 54.7080615 ], [ 20.4990073, 54.7080722 ], [ 20.4992332, 54.7081472 ], [ 20.4993824, 54.7081967 ], [ 20.4995081, 54.7084346 ] ] } },
{ "type": "Feature", "properties": { "u": 306, "v": 238, "key": 0, "oneway": "False", "highway": "unclassified", "name": "", "maxspeed": "RU:living_street", "lanes": "2", "osmid": [ 995233928, 1370382531, 141913197 ] }, "geometry": { "type": "LineString", "coordinates": [ [ 20.4987421, 54.7080157 ], [ 20.4981963, 54.7085509 ], [ 20.4981886, 54.7085585 ], [ 20.4980417, 54.7088663 ], [ 20.4976903, 54.7090006 ], [ 20.4972204, 54.7091701 ], [ 20.4968792, 54.709305 ], [ 20.4966517, 54.7093739 ], [ 20.4963714, 54.7094587 ], [ 20.4961265, 54.7095133 ], [ 20.4958093, 54.7095571 ], [ 20.4952994, 54.7096204 ], [ 20.495053, 54.7096366 ] ] } },
{ "type": "Feature", "properties": { "u": 306, "v": 305, "key": 0, "oneway": "False", "highway": "unclassified", "name": "", "maxspeed": "RU:living_street", "lanes": "2", "osmid": "1370382532" }, "geometry": { "type": "LineString", "coordinates": [ [ 20.4987421, 54.7080157 ], [ 20.498626, 54.7079729 ], [ 20.4985235, 54.7079155 ] ] } },
{ "type": "Feature", "properties": { "u": 307, "v": 289, "key": 0, "oneway": "True", "highway": "primary_link", "name": "Второй эстакадный мост", "maxspeed": "RU:urban", "lanes": "2", "osmid": "713320368" }, "geometry": { "type": "LineString", "coordinates": [ [ 20.5210804, 54.6955383 ], [ 20.5212051, 54.6956663 ], [ 20.5212481, 54.6957618 ], [ 20.5212365, 54.6958657 ], [ 20.521186, 54.695956 ], [ 20.5210887, 54.696035 ], [ 20.5209495, 54.6961163 ] ] } },
{ "type": "Feature", "properties": { "u": 307, "v": 126, "key": 0, "oneway": "True", "highway": "primary", "name": "проспект Калинина", "maxspeed": "RU:urban", "lanes": "2", "osmid": [ 713320369, 981617621, 981617622, 316311453, 316311454 ] }, "geometry": { "type": "LineString", "coordinates": [ [ 20.5210804, 54.6955383 ], [ 20.5210003, 54.6955158 ], [ 20.52081, 54.6954859 ], [ 20.5207183, 54.6954766 ], [ 20.5204761, 54.6954682 ], [ 20.5199425, 54.6954494 ], [ 20.5188643, 54.6954149 ], [ 20.5183913, 54.6953997 ], [ 20.5167398, 54.6953469 ] ] } },
{ "type": "Feature", "properties": { "u": 308, "v": 456, "key": 0, "oneway": "True", "highway": "primary", "name": "Второй эстакадный мост", "maxspeed": "RU:urban", "lanes": "3", "osmid": [ 333338256, 428812624 ] }, "geometry": { "type": "LineString", "coordinates": [ [ 20.5231244, 54.7078922 ], [ 20.5231427, 54.7077973 ], [ 20.5231576, 54.707724 ], [ 20.5235016, 54.7062394 ], [ 20.5235796, 54.7058954 ], [ 20.523629, 54.705601 ], [ 20.5236832, 54.7052302 ], [ 20.523695, 54.7048913 ], [ 20.5236974, 54.7047835 ], [ 20.5236961, 54.7046758 ], [ 20.5236908, 54.7045687 ], [ 20.5236815, 54.7044626 ], [ 20.5236681, 54.7043023 ], [ 20.523644, 54.7041399 ], [ 20.5236188, 54.7039859 ], [ 20.523589, 54.7038322 ], [ 20.5235535, 54.7036871 ], [ 20.5235157, 54.7035507 ], [ 20.5234157, 54.7032848 ], [ 20.5233349, 54.7030973 ], [ 20.5232577, 54.7029148 ], [ 20.5231724, 54.7027316 ], [ 20.5230752, 54.702553 ], [ 20.5228851, 54.7022295 ], [ 20.5227806, 54.7020762 ], [ 20.5226582, 54.7019101 ] ] } },
{ "type": "Feature", "properties": { "u": 309, "v": 314, "key": 0, "oneway": "True", "highway": "primary", "name": "Второй эстакадный мост", "maxspeed": "60", "lanes": "3", "osmid": [ 289093944, 288737311 ] }, "geometry": { "type": "LineString", "coordinates": [ [ 20.5232326, 54.7084439 ], [ 20.5229638, 54.7095954 ], [ 20.5228357, 54.7100961 ], [ 20.5228078, 54.7102786 ] ] } },
{ "type": "Feature", "properties": { "u": 310, "v": 295, "key": 0, "oneway": "True", "highway": "primary", "name": "Московский проспект", "maxspeed": "RU:urban", "lanes": "3", "osmid": "308387915" }, "geometry": { "type": "LineString", "coordinates": [ [ 20.5216815, 54.7089191 ], [ 20.5222777, 54.7089604 ], [ 20.5226703, 54.7089876 ] ] } },
{ "type": "Feature", "properties": { "u": 310, "v": 308, "key": 0, "oneway": "True", "highway": "primary_link", "name": "", "maxspeed": "40", "lanes": "1", "osmid": [ 169718682, 308387925 ] }, "geometry": { "type": "LineString", "coordinates": [ [ 20.5216815, 54.7089191 ], [ 20.5218503, 54.7088959 ], [ 20.5219445, 54.7088772 ], [ 20.5220359, 54.7088447 ], [ 20.5220873, 54.708818 ], [ 20.5221479, 54.7087659 ], [ 20.5222133, 54.7084772 ], [ 20.5222339, 54.7083939 ], [ 20.5222624, 54.7083408 ], [ 20.5222839, 54.7083091 ], [ 20.5223164, 54.7082759 ], [ 20.5223711, 54.7082455 ], [ 20.5224516, 54.7082111 ], [ 20.5225467, 54.708182 ], [ 20.5227193, 54.7081381 ], [ 20.5228638, 54.708101 ], [ 20.522929, 54.7080797 ], [ 20.5229897, 54.7080491 ], [ 20.5230389, 54.7080038 ], [ 20.5230759, 54.707956 ], [ 20.5231244, 54.7078922 ] ] } },
{ "type": "Feature", "properties": { "u": 311, "v": 294, "key": 0, "oneway": "True", "highway": "primary", "name": "Московский проспект", "maxspeed": "RU:urban", "lanes": "3", "osmid": "155154855" }, "geometry": { "type": "LineString", "coordinates": [ [ 20.5232338, 54.7090317 ], [ 20.5242902, 54.7091084 ] ] } },
{ "type": "Feature", "properties": { "u": 311, "v": 309, "key": 0, "oneway": "True", "highway": "primary_link", "name": "", "maxspeed": "40", "lanes": "1", "osmid": [ 142675432, 169718680 ] }, "geometry": { "type": "LineString", "coordinates": [ [ 20.5232338, 54.7090317 ], [ 20.5234858, 54.7090167 ], [ 20.5236645, 54.7089824 ], [ 20.5237313, 54.708932 ], [ 20.5237683, 54.7088945 ], [ 20.5238069, 54.7087205 ], [ 20.5238426, 54.7085245 ], [ 20.5238445, 54.7084757 ], [ 20.5238332, 54.7084362 ], [ 20.523801, 54.7084013 ], [ 20.5237648, 54.7083718 ], [ 20.5237044, 54.7083424 ], [ 20.5236432, 54.7083295 ], [ 20.523569, 54.7083207 ], [ 20.5234988, 54.7083231 ], [ 20.5234161, 54.7083362 ], [ 20.523352, 54.7083616 ], [ 20.5232901, 54.7083953 ], [ 20.5232326, 54.7084439 ] ] } },
{ "type": "Feature", "properties": { "u": 312, "v": 296, "key": 0, "oneway": "True", "highway": "primary", "name": "Московский проспект", "maxspeed": "RU:urban", "lanes": "4", "osmid": "323342459" }, "geometry": { "type": "LineString", "coordinates": [ [ 20.5232373, 54.7092189 ], [ 20.523187, 54.7092149 ], [ 20.5226373, 54.7091865 ] ] } },
{ "type": "Feature", "properties": { "u": 313, "v": 293, "key": 0, "oneway": "True", "highway": "primary", "name": "Второй эстакадный мост", "maxspeed": "RU:urban", "lanes": "3", "osmid": "148444187" }, "geometry": { "type": "LineString", "coordinates": [ [ 20.5226148, 54.7100649 ], [ 20.5227448, 54.7095921 ], [ 20.5230223, 54.7084559 ] ] } },
{ "type": "Feature", "properties": { "u": 314, "v": 312, "key": 0, "oneway": "True", "highway": "primary_link", "name": "Строительная улица", "maxspeed": "40", "lanes": "1", "osmid": [ 142675433, 1370697587, 169718679 ] }, "geometry": { "type": "LineString", "coordinates": [ [ 20.5228078, 54.7102786 ], [ 20.522881, 54.7103434 ], [ 20.5230098, 54.7104005 ], [ 20.5230813, 54.7104102 ], [ 20.5231781, 54.7103976 ], [ 20.5232549, 54.7103537 ], [ 20.5232938, 54.7102866 ], [ 20.5234735, 54.7094269 ], [ 20.5234726, 54.7093804 ], [ 20.5234541, 54.7093385 ], [ 20.5233876, 54.7092902 ], [ 20.5232373, 54.7092189 ] ] } },
{ "type": "Feature", "properties": { "u": 314, "v": 262, "key": 0, "oneway": "True", "highway": "primary", "name": "Второй эстакадный мост", "maxspeed": "60", "lanes": "3", "osmid": "214749187" }, "geometry": { "type": "LineString", "coordinates": [ [ 20.5228078, 54.7102786 ], [ 20.5227362, 54.7107316 ], [ 20.5226787, 54.7112207 ] ] } },
{ "type": "Feature", "properties": { "u": 315, "v": 602, "key": 0, "oneway": "False", "highway": "residential", "name": "улица 1812 года", "maxspeed": "", "lanes": "1", "osmid": [ 143966985, 669755251, 1373833526, 1373833527 ] }, "geometry": { "type": "LineString", "coordinates": [ [ 20.5237027, 54.7097691 ], [ 20.5239793, 54.7097906 ], [ 20.524264, 54.7098127 ], [ 20.5246976, 54.7098468 ], [ 20.5247773, 54.7098531 ], [ 20.5247291, 54.709937 ], [ 20.5243721, 54.7103294 ] ] } },
{ "type": "Feature", "properties": { "u": 316, "v": 601, "key": 0, "oneway": "False", "highway": "residential", "name": "Лазаретная улица", "maxspeed": "", "lanes": "1", "osmid": "1366051270" }, "geometry": { "type": "LineString", "coordinates": [ [ 20.5259179, 54.7105649 ], [ 20.5257765, 54.7107964 ] ] } },
{ "type": "Feature", "properties": { "u": 316, "v": 214, "key": 0, "oneway": "False", "highway": "residential", "name": "улица 1812 года", "maxspeed": "RU:living_street", "lanes": "2", "osmid": [ 143966986, 1232529596 ] }, "geometry": { "type": "LineString", "coordinates": [ [ 20.5259179, 54.7105649 ], [ 20.5273515, 54.7106655 ], [ 20.5274838, 54.7105504 ], [ 20.5275274, 54.7103843 ], [ 20.5276339, 54.7103382 ], [ 20.5279563, 54.7103754 ], [ 20.5290433, 54.7105636 ], [ 20.5303082, 54.7107825 ], [ 20.5311447, 54.7109291 ], [ 20.5311966, 54.7109382 ] ] } },
{ "type": "Feature", "properties": { "u": 316, "v": 602, "key": 0, "oneway": "False", "highway": "residential", "name": "улица 1812 года", "maxspeed": "", "lanes": "1", "osmid": [ 143966984, 144204021 ] }, "geometry": { "type": "LineString", "coordinates": [ [ 20.5259179, 54.7105649 ], [ 20.5259811, 54.7104614 ], [ 20.5245629, 54.7103563 ], [ 20.5243721, 54.7103294 ] ] } },
{ "type": "Feature", "properties": { "u": 317, "v": 319, "key": 0, "oneway": "True", "highway": "residential", "name": "Больничная улица", "maxspeed": "RU:urban", "lanes": "2", "osmid": "238150711" }, "geometry": { "type": "LineString", "coordinates": [ [ 20.5036529, 54.7125107 ], [ 20.5037102, 54.712969 ] ] } },
{ "type": "Feature", "properties": { "u": 317, "v": 318, "key": 0, "oneway": "False", "highway": "living_street", "name": "", "maxspeed": "RU:living_street", "lanes": "", "osmid": "144329649" }, "geometry": { "type": "LineString", "coordinates": [ [ 20.5036529, 54.7125107 ], [ 20.5038562, 54.7125117 ], [ 20.504107, 54.712513 ], [ 20.5041854, 54.7129352 ] ] } },
{ "type": "Feature", "properties": { "u": 318, "v": 319, "key": 0, "oneway": "False", "highway": "living_street", "name": "", "maxspeed": "RU:living_street", "lanes": "", "osmid": "144329644" }, "geometry": { "type": "LineString", "coordinates": [ [ 20.5041854, 54.7129352 ], [ 20.5037102, 54.712969 ] ] } },
{ "type": "Feature", "properties": { "u": 318, "v": 320, "key": 0, "oneway": "False", "highway": "living_street", "name": "", "maxspeed": "RU:living_street", "lanes": "", "osmid": [ 144329644, 144329645 ] }, "geometry": { "type": "LineString", "coordinates": [ [ 20.5041854, 54.7129352 ], [ 20.5042151, 54.7129333 ], [ 20.5042844, 54.7133714 ], [ 20.5037963, 54.7133927 ] ] } },
{ "type": "Feature", "properties": { "u": 318, "v": 317, "key": 0, "oneway": "False", "highway": "living_street", "name": "", "maxspeed": "RU:living_street", "lanes": "", "osmid": "144329649" }, "geometry": { "type": "LineString", "coordinates": [ [ 20.5041854, 54.7129352 ], [ 20.504107, 54.712513 ], [ 20.5038562, 54.7125117 ], [ 20.5036529, 54.7125107 ] ] } },
{ "type": "Feature", "properties": { "u": 319, "v": 318, "key": 0, "oneway": "False", "highway": "living_street", "name": "", "maxspeed": "RU:living_street", "lanes": "", "osmid": "144329644" }, "geometry": { "type": "LineString", "coordinates": [ [ 20.5037102, 54.712969 ], [ 20.5041854, 54.7129352 ] ] } },
{ "type": "Feature", "properties": { "u": 319, "v": 124, "key": 0, "oneway": "True", "highway": "residential", "name": "Больничная улица", "maxspeed": "RU:urban", "lanes": "2", "osmid": "238150711" }, "geometry": { "type": "LineString", "coordinates": [ [ 20.5037102, 54.712969 ], [ 20.5037144, 54.7130028 ] ] } },
{ "type": "Feature", "properties": { "u": 320, "v": 318, "key": 0, "oneway": "False", "highway": "living_street", "name": "", "maxspeed": "RU:living_street", "lanes": "", "osmid": [ 144329644, 144329645 ] }, "geometry": { "type": "LineString", "coordinates": [ [ 20.5037963, 54.7133927 ], [ 20.5042844, 54.7133714 ], [ 20.5042151, 54.7129333 ], [ 20.5041854, 54.7129352 ] ] } },
{ "type": "Feature", "properties": { "u": 320, "v": 82, "key": 0, "oneway": "True", "highway": "residential", "name": "Больничная улица", "maxspeed": "RU:urban", "lanes": "2", "osmid": "238150711" }, "geometry": { "type": "LineString", "coordinates": [ [ 20.5037963, 54.7133927 ], [ 20.5038075, 54.7136355 ], [ 20.5037007, 54.713856 ], [ 20.5035475, 54.714037 ] ] } },
{ "type": "Feature", "properties": { "u": 321, "v": 471, "key": 0, "oneway": "False", "highway": "living_street", "name": "", "maxspeed": "RU:living_street", "lanes": "", "osmid": [ 854656291, 146352815 ] }, "geometry": { "type": "LineString", "coordinates": [ [ 20.5010349, 54.6998094 ], [ 20.5002903, 54.6999348 ], [ 20.5001242, 54.6996219 ], [ 20.4998055, 54.6990215 ] ] } },
{ "type": "Feature", "properties": { "u": 321, "v": 365, "key": 0, "oneway": "False", "highway": "tertiary", "name": "Серпуховская улица", "maxspeed": "RU:urban", "lanes": "2", "osmid": "308244427" }, "geometry": { "type": "LineString", "coordinates": [ [ 20.5010349, 54.6998094 ], [ 20.5006612, 54.6990426 ], [ 20.5005621, 54.6987757 ] ] } },
{ "type": "Feature", "properties": { "u": 321, "v": 209, "key": 0, "oneway": "False", "highway": "tertiary", "name": "Серпуховская улица", "maxspeed": "RU:urban", "lanes": "2", "osmid": "308244427" }, "geometry": { "type": "LineString", "coordinates": [ [ 20.5010349, 54.6998094 ], [ 20.5016552, 54.7009317 ], [ 20.5016793, 54.7009753 ] ] } },
{ "type": "Feature", "properties": { "u": 322, "v": 237, "key": 0, "oneway": "False", "highway": "residential", "name": "улица Юрия Савенко", "maxspeed": "RU:living_street", "lanes": "2", "osmid": [ 1370382528, 390819973, 390819974 ] }, "geometry": { "type": "LineString", "coordinates": [ [ 20.495213, 54.7100386 ], [ 20.495252, 54.7101373 ], [ 20.4952884, 54.7102296 ], [ 20.4953288, 54.7103283 ], [ 20.4953878, 54.7104957 ], [ 20.4954113, 54.7105586 ], [ 20.4954404, 54.7106522 ] ] } },
{ "type": "Feature", "properties": { "u": 322, "v": 238, "key": 0, "oneway": "False", "highway": "residential", "name": "улица Юрия Савенко", "maxspeed": "RU:living_street", "lanes": "2", "osmid": [ 1370382528, 995233926 ] }, "geometry": { "type": "LineString", "coordinates": [ [ 20.495213, 54.7100386 ], [ 20.4951005, 54.7097343 ], [ 20.495053, 54.7096366 ] ] } },
{ "type": "Feature", "properties": { "u": 322, "v": 378, "key": 0, "oneway": "False", "highway": "residential", "name": "Московский проспект", "maxspeed": "RU:living_street", "lanes": "2", "osmid": [ 149703660, 1373833525, 1372756597, 242393721, 149703802, 149703804 ] }, "geometry": { "type": "LineString", "coordinates": [ [ 20.495213, 54.7100386 ], [ 20.4958551, 54.7099745 ], [ 20.4963437, 54.7099257 ], [ 20.4966867, 54.7098894 ], [ 20.4968, 54.7098806 ], [ 20.4971346, 54.7098546 ], [ 20.4973487, 54.7098352 ], [ 20.4974559, 54.7098178 ], [ 20.4975062, 54.7097773 ], [ 20.4974587, 54.7095514 ], [ 20.4974703, 54.7095085 ], [ 20.4975226, 54.7094786 ], [ 20.4979818, 54.7094085 ], [ 20.4982513, 54.7094008 ], [ 20.4986697, 54.7093295 ], [ 20.498946, 54.7093218 ], [ 20.4998696, 54.7091802 ], [ 20.499986, 54.7095292 ] ] } },
{ "type": "Feature", "properties": { "u": 323, "v": 378, "key": 0, "oneway": "False", "highway": "residential", "name": "Мариупольская улица", "maxspeed": "RU:living_street", "lanes": "2", "osmid": [ 59848744, 149701473, 1372756597 ] }, "geometry": { "type": "LineString", "coordinates": [ [ 20.5001352, 54.7099754 ], [ 20.5000981, 54.7098146 ], [ 20.5000836, 54.7097519 ], [ 20.5000462, 54.7096293 ], [ 20.499986, 54.7095292 ] ] } },
{ "type": "Feature", "properties": { "u": 323, "v": 245, "key": 0, "oneway": "False", "highway": "residential", "name": "Мариупольская улица", "maxspeed": "", "lanes": "2", "osmid": "59848744" }, "geometry": { "type": "LineString", "coordinates": [ [ 20.5001352, 54.7099754 ], [ 20.500166, 54.7100909 ], [ 20.5001767, 54.7101268 ], [ 20.5002007, 54.710221 ] ] } },
{ "type": "Feature", "properties": { "u": 323, "v": 460, "key": 0, "oneway": "False", "highway": "residential", "name": "Московский проспект", "maxspeed": "", "lanes": "1", "osmid": "149705036" }, "geometry": { "type": "LineString", "coordinates": [ [ 20.5001352, 54.7099754 ], [ 20.5000779, 54.70998 ], [ 20.4991735, 54.7100563 ], [ 20.4990501, 54.7099038 ], [ 20.497507, 54.7100589 ] ] } },
{ "type": "Feature", "properties": { "u": 324, "v": 527, "key": 0, "oneway": "True", "highway": "primary", "name": "", "maxspeed": "RU:urban", "lanes": "1", "osmid": "152596197" }, "geometry": { "type": "LineString", "coordinates": [ [ 20.5025284, 54.7162124 ], [ 20.5027176, 54.7161742 ], [ 20.50284, 54.7161588 ], [ 20.5029148, 54.7161626 ] ] } },
{ "type": "Feature", "properties": { "u": 324, "v": 516, "key": 0, "oneway": "True", "highway": "primary", "name": "Театральная улица", "maxspeed": "RU:urban", "lanes": "2", "osmid": [ 980859137, 980011197 ] }, "geometry": { "type": "LineString", "coordinates": [ [ 20.5025284, 54.7162124 ], [ 20.5028479, 54.7160843 ], [ 20.5029919, 54.7160307 ] ] } },
{ "type": "Feature", "properties": { "u": 325, "v": 526, "key": 0, "oneway": "True", "highway": "primary", "name": "Театральная улица", "maxspeed": "RU:urban", "lanes": "2", "osmid": "42595707" }, "geometry": { "type": "LineString", "coordinates": [ [ 20.5031115, 54.7161907 ], [ 20.5030007, 54.7162169 ], [ 20.5029607, 54.7162267 ], [ 20.5029328, 54.7162331 ], [ 20.5028588, 54.716252 ] ] } },
{ "type": "Feature", "properties": { "u": 325, "v": 537, "key": 0, "oneway": "True", "highway": "primary", "name": "Ленинский проспект", "maxspeed": "RU:urban", "lanes": "3", "osmid": [ 687439170, 152780106, 983845102, 287010164, 1372756602, 668655485 ] }, "geometry": { "type": "LineString", "coordinates": [ [ 20.5031115, 54.7161907 ], [ 20.5029061, 54.7165322 ], [ 20.5028825, 54.7165671 ], [ 20.5026582, 54.7169803 ], [ 20.5023717, 54.7175083 ], [ 20.5020769, 54.7180571 ], [ 20.5018736, 54.7184701 ], [ 20.5018553, 54.7185073 ], [ 20.5017967, 54.7186762 ], [ 20.5017618, 54.7187542 ] ] } },
{ "type": "Feature", "properties": { "u": 326, "v": 64, "key": 0, "oneway": "True", "highway": "primary", "name": "Театральная улица", "maxspeed": "RU:urban", "lanes": "4", "osmid": [ 295045544, 295045545, 295045543 ] }, "geometry": { "type": "LineString", "coordinates": [ [ 20.5023123, 54.7163977 ], [ 20.5019185, 54.7165532 ], [ 20.5013296, 54.7167777 ], [ 20.5007506, 54.7169982 ], [ 20.5004574, 54.7171054 ], [ 20.500365, 54.717133 ] ] } },
{ "type": "Feature", "properties": { "u": 327, "v": 526, "key": 0, "oneway": "True", "highway": "primary", "name": "Ленинский проспект", "maxspeed": "RU:urban", "lanes": "3", "osmid": "980011193" }, "geometry": { "type": "LineString", "coordinates": [ [ 20.5027426, 54.7164672 ], [ 20.5028588, 54.716252 ] ] } },
{ "type": "Feature", "properties": { "u": 327, "v": 326, "key": 0, "oneway": "True", "highway": "secondary_link", "name": "", "maxspeed": "RU:urban", "lanes": "1", "osmid": "152596198" }, "geometry": { "type": "LineString", "coordinates": [ [ 20.5027426, 54.7164672 ], [ 20.502688, 54.716376 ], [ 20.5026259, 54.7163565 ], [ 20.5025469, 54.7163538 ], [ 20.5023123, 54.7163977 ] ] } },
{ "type": "Feature", "properties": { "u": 328, "v": 329, "key": 0, "oneway": "False", "highway": "living_street", "name": "", "maxspeed": "RU:living_street", "lanes": "", "osmid": "152625420" }, "geometry": { "type": "LineString", "coordinates": [ [ 20.5119881, 54.7116643 ], [ 20.5122588, 54.7121243 ], [ 20.5125261, 54.7120741 ], [ 20.5127354, 54.7120348 ] ] } },
{ "type": "Feature", "properties": { "u": 329, "v": 27, "key": 0, "oneway": "False", "highway": "secondary", "name": "Пролетарская улица", "maxspeed": "RU:urban", "lanes": "4", "osmid": "43569989" }, "geometry": { "type": "LineString", "coordinates": [ [ 20.5127354, 54.7120348 ], [ 20.512336, 54.7113672 ] ] } },
{ "type": "Feature", "properties": { "u": 329, "v": 331, "key": 0, "oneway": "False", "highway": "secondary", "name": "Пролетарская улица", "maxspeed": "RU:urban", "lanes": "4", "osmid": "43569989" }, "geometry": { "type": "LineString", "coordinates": [ [ 20.5127354, 54.7120348 ], [ 20.5127839, 54.7121144 ], [ 20.5129995, 54.7124699 ], [ 20.5131579, 54.7127434 ] ] } },
{ "type": "Feature", "properties": { "u": 329, "v": 328, "key": 0, "oneway": "False", "highway": "living_street", "name": "", "maxspeed": "RU:living_street", "lanes": "", "osmid": "152625420" }, "geometry": { "type": "LineString", "coordinates": [ [ 20.5127354, 54.7120348 ], [ 20.5125261, 54.7120741 ], [ 20.5122588, 54.7121243 ], [ 20.5119881, 54.7116643 ] ] } },
{ "type": "Feature", "properties": { "u": 330, "v": 332, "key": 0, "oneway": "False", "highway": "living_street", "name": "", "maxspeed": "RU:living_street", "lanes": "", "osmid": "152625414" }, "geometry": { "type": "LineString", "coordinates": [ [ 20.5122833, 54.7122168 ], [ 20.512662, 54.7128388 ] ] } },
{ "type": "Feature", "properties": { "u": 331, "v": 10, "key": 0, "oneway": "False", "highway": "secondary", "name": "Пролетарская улица", "maxspeed": "RU:urban", "lanes": "4", "osmid": "43569989" }, "geometry": { "type": "LineString", "coordinates": [ [ 20.5131579, 54.7127434 ], [ 20.5134891, 54.7133385 ], [ 20.5135212, 54.7134721 ], [ 20.5135361, 54.7136224 ], [ 20.5135443, 54.7137009 ], [ 20.513549, 54.7138691 ], [ 20.5135795, 54.7147629 ], [ 20.5135773, 54.7149157 ] ] } },
{ "type": "Feature", "properties": { "u": 331, "v": 329, "key": 0, "oneway": "False", "highway": "secondary", "name": "Пролетарская улица", "maxspeed": "RU:urban", "lanes": "4", "osmid": "43569989" }, "geometry": { "type": "LineString", "coordinates": [ [ 20.5131579, 54.7127434 ], [ 20.5129995, 54.7124699 ], [ 20.5127839, 54.7121144 ], [ 20.5127354, 54.7120348 ] ] } },
{ "type": "Feature", "properties": { "u": 331, "v": 332, "key": 0, "oneway": "False", "highway": "living_street", "name": "", "maxspeed": "RU:living_street", "lanes": "", "osmid": "152625422" }, "geometry": { "type": "LineString", "coordinates": [ [ 20.5131579, 54.7127434 ], [ 20.5129394, 54.7127866 ], [ 20.512662, 54.7128388 ] ] } },
{ "type": "Feature", "properties": { "u": 332, "v": 330, "key": 0, "oneway": "False", "highway": "living_street", "name": "", "maxspeed": "RU:living_street", "lanes": "", "osmid": "152625414" }, "geometry": { "type": "LineString", "coordinates": [ [ 20.512662, 54.7128388 ], [ 20.5122833, 54.7122168 ] ] } },
{ "type": "Feature", "properties": { "u": 332, "v": 333, "key": 0, "oneway": "False", "highway": "living_street", "name": "", "maxspeed": "RU:living_street", "lanes": "", "osmid": "152625422" }, "geometry": { "type": "LineString", "coordinates": [ [ 20.512662, 54.7128388 ], [ 20.5128259, 54.7131237 ] ] } },
{ "type": "Feature", "properties": { "u": 332, "v": 514, "key": 0, "oneway": "False", "highway": "living_street", "name": "", "maxspeed": "RU:living_street", "lanes": "", "osmid": "935142244" }, "geometry": { "type": "LineString", "coordinates": [ [ 20.512662, 54.7128388 ], [ 20.5124384, 54.7128792 ] ] } },
{ "type": "Feature", "properties": { "u": 332, "v": 331, "key": 0, "oneway": "False", "highway": "living_street", "name": "", "maxspeed": "RU:living_street", "lanes": "", "osmid": "152625422" }, "geometry": { "type": "LineString", "coordinates": [ [ 20.512662, 54.7128388 ], [ 20.5129394, 54.7127866 ], [ 20.5131579, 54.7127434 ] ] } },
{ "type": "Feature", "properties": { "u": 333, "v": 332, "key": 0, "oneway": "False", "highway": "living_street", "name": "", "maxspeed": "RU:living_street", "lanes": "", "osmid": "152625422" }, "geometry": { "type": "LineString", "coordinates": [ [ 20.5128259, 54.7131237 ], [ 20.512662, 54.7128388 ] ] } },
{ "type": "Feature", "properties": { "u": 334, "v": 594, "key": 0, "oneway": "True", "highway": "primary", "name": "", "maxspeed": "RU:urban", "lanes": "1", "osmid": "155533863" }, "geometry": { "type": "LineString", "coordinates": [ [ 20.4931331, 54.7193782 ], [ 20.4931241, 54.7193343 ], [ 20.4931177, 54.7193008 ], [ 20.4931089, 54.71926 ], [ 20.493111, 54.7192484 ] ] } },
{ "type": "Feature", "properties": { "u": 334, "v": 5, "key": 0, "oneway": "True", "highway": "primary", "name": "проспект Мира", "maxspeed": "RU:urban", "lanes": "2", "osmid": "735094030" }, "geometry": { "type": "LineString", "coordinates": [ [ 20.4931331, 54.7193782 ], [ 20.4930039, 54.7193036 ], [ 20.4929393, 54.7192692 ], [ 20.4927278, 54.719216 ], [ 20.4926243, 54.7192191 ] ] } },
{ "type": "Feature", "properties": { "u": 335, "v": 541, "key": 0, "oneway": "True", "highway": "primary", "name": "улица Черняховского", "maxspeed": "RU:urban", "lanes": "3", "osmid": "980578973" }, "geometry": { "type": "LineString", "coordinates": [ [ 20.5078603, 54.7199331 ], [ 20.5077401, 54.7199183 ] ] } },
{ "type": "Feature", "properties": { "u": 335, "v": 62, "key": 0, "oneway": "True", "highway": "primary", "name": "улица Горького", "maxspeed": "RU:urban", "lanes": "2", "osmid": [ 156136546, 980510514 ] }, "geometry": { "type": "LineString", "coordinates": [ [ 20.5078603, 54.7199331 ], [ 20.5078135, 54.7200363 ], [ 20.5076224, 54.7205763 ], [ 20.5075279, 54.7208432 ], [ 20.5075005, 54.7209322 ] ] } },
{ "type": "Feature", "properties": { "u": 336, "v": 337, "key": 0, "oneway": "False", "highway": "living_street", "name": "", "maxspeed": "RU:living_street", "lanes": "", "osmid": "166105014" }, "geometry": { "type": "LineString", "coordinates": [ [ 20.5064218, 54.7107295 ], [ 20.5063674, 54.7112535 ], [ 20.5063019, 54.7118896 ] ] } },
{ "type": "Feature", "properties": { "u": 337, "v": 73, "key": 0, "oneway": "False", "highway": "tertiary", "name": "улица Вагнера", "maxspeed": "RU:urban", "lanes": "2", "osmid": "746885544" }, "geometry": { "type": "LineString", "coordinates": [ [ 20.5063019, 54.7118896 ], [ 20.506761, 54.7118554 ] ] } },
{ "type": "Feature", "properties": { "u": 337, "v": 122, "key": 0, "oneway": "False", "highway": "tertiary", "name": "улица Вагнера", "maxspeed": "RU:urban", "lanes": "2", "osmid": "746885544" }, "geometry": { "type": "LineString", "coordinates": [ [ 20.5063019, 54.7118896 ], [ 20.5056018, 54.7119426 ] ] } },
{ "type": "Feature", "properties": { "u": 337, "v": 336, "key": 0, "oneway": "False", "highway": "living_street", "name": "", "maxspeed": "RU:living_street", "lanes": "", "osmid": "166105014" }, "geometry": { "type": "LineString", "coordinates": [ [ 20.5063019, 54.7118896 ], [ 20.5063674, 54.7112535 ], [ 20.5064218, 54.7107295 ] ] } },
{ "type": "Feature", "properties": { "u": 338, "v": 340, "key": 0, "oneway": "False", "highway": "living_street", "name": "", "maxspeed": "RU:living_street", "lanes": "", "osmid": "166105011" }, "geometry": { "type": "LineString", "coordinates": [ [ 20.5062777, 54.7119588 ], [ 20.5063029, 54.7123446 ] ] } },
{ "type": "Feature", "properties": { "u": 339, "v": 1, "key": 0, "oneway": "False", "highway": "living_street", "name": "", "maxspeed": "RU:living_street", "lanes": "", "osmid": "166105016" }, "geometry": { "type": "LineString", "coordinates": [ [ 20.5081001, 54.7121437 ], [ 20.5075578, 54.7121382 ], [ 20.5068788, 54.7121252 ], [ 20.5067379, 54.7121204 ] ] } },
{ "type": "Feature", "properties": { "u": 340, "v": 338, "key": 0, "oneway": "False", "highway": "living_street", "name": "", "maxspeed": "RU:living_street", "lanes": "", "osmid": "166105011" }, "geometry": { "type": "LineString", "coordinates": [ [ 20.5063029, 54.7123446 ], [ 20.5062777, 54.7119588 ] ] } },
{ "type": "Feature", "properties": { "u": 340, "v": 342, "key": 0, "oneway": "False", "highway": "living_street", "name": "", "maxspeed": "RU:living_street", "lanes": "", "osmid": "166105013" }, "geometry": { "type": "LineString", "coordinates": [ [ 20.5063029, 54.7123446 ], [ 20.5062695, 54.7128362 ] ] } },
{ "type": "Feature", "properties": { "u": 340, "v": 341, "key": 0, "oneway": "False", "highway": "living_street", "name": "", "maxspeed": "RU:living_street", "lanes": "", "osmid": "166105013" }, "geometry": { "type": "LineString", "coordinates": [ [ 20.5063029, 54.7123446 ], [ 20.5067078, 54.7123423 ] ] } },
{ "type": "Feature", "properties": { "u": 341, "v": 340, "key": 0, "oneway": "False", "highway": "living_street", "name": "", "maxspeed": "RU:living_street", "lanes": "", "osmid": "166105013" }, "geometry": { "type": "LineString", "coordinates": [ [ 20.5067078, 54.7123423 ], [ 20.5063029, 54.7123446 ] ] } },
{ "type": "Feature", "properties": { "u": 341, "v": 343, "key": 0, "oneway": "False", "highway": "tertiary", "name": "Житомирская улица", "maxspeed": "RU:urban", "lanes": "2", "osmid": "211044265" }, "geometry": { "type": "LineString", "coordinates": [ [ 20.5067078, 54.7123423 ], [ 20.5066369, 54.7128342 ] ] } },
{ "type": "Feature", "properties": { "u": 341, "v": 1, "key": 0, "oneway": "False", "highway": "tertiary", "name": "Житомирская улица", "maxspeed": "RU:urban", "lanes": "2", "osmid": "211044265" }, "geometry": { "type": "LineString", "coordinates": [ [ 20.5067078, 54.7123423 ], [ 20.5067379, 54.7121204 ] ] } },
{ "type": "Feature", "properties": { "u": 342, "v": 340, "key": 0, "oneway": "False", "highway": "living_street", "name": "", "maxspeed": "RU:living_street", "lanes": "", "osmid": "166105013" }, "geometry": { "type": "LineString", "coordinates": [ [ 20.5062695, 54.7128362 ], [ 20.5063029, 54.7123446 ] ] } },
{ "type": "Feature", "properties": { "u": 342, "v": 343, "key": 0, "oneway": "False", "highway": "living_street", "name": "", "maxspeed": "RU:living_street", "lanes": "", "osmid": "166105015" }, "geometry": { "type": "LineString", "coordinates": [ [ 20.5062695, 54.7128362 ], [ 20.5066369, 54.7128342 ] ] } },
{ "type": "Feature", "properties": { "u": 342, "v": 349, "key": 0, "oneway": "False", "highway": "living_street", "name": "", "maxspeed": "RU:living_street", "lanes": "", "osmid": "166105015" }, "geometry": { "type": "LineString", "coordinates": [ [ 20.5062695, 54.7128362 ], [ 20.5061128, 54.712837 ], [ 20.5058844, 54.7128416 ], [ 20.505945, 54.7120266 ] ] } },
{ "type": "Feature", "properties": { "u": 343, "v": 342, "key": 0, "oneway": "False", "highway": "living_street", "name": "", "maxspeed": "RU:living_street", "lanes": "", "osmid": "166105015" }, "geometry": { "type": "LineString", "coordinates": [ [ 20.5066369, 54.7128342 ], [ 20.5062695, 54.7128362 ] ] } },
{ "type": "Feature", "properties": { "u": 343, "v": 341, "key": 0, "oneway": "False", "highway": "tertiary", "name": "Житомирская улица", "maxspeed": "RU:urban", "lanes": "2", "osmid": "211044265" }, "geometry": { "type": "LineString", "coordinates": [ [ 20.5066369, 54.7128342 ], [ 20.5067078, 54.7123423 ] ] } },
{ "type": "Feature", "properties": { "u": 343, "v": 2, "key": 0, "oneway": "False", "highway": "tertiary", "name": "Житомирская улица", "maxspeed": "RU:urban", "lanes": "2", "osmid": "1372756624" }, "geometry": { "type": "LineString", "coordinates": [ [ 20.5066369, 54.7128342 ], [ 20.5066158, 54.7130507 ] ] } },
{ "type": "Feature", "properties": { "u": 344, "v": 539, "key": 0, "oneway": "True", "highway": "primary", "name": "площадь Победы", "maxspeed": "RU:urban", "lanes": "3", "osmid": "166214671" }, "geometry": { "type": "LineString", "coordinates": [ [ 20.4990536, 54.7202358 ], [ 20.4989017, 54.7202375 ], [ 20.4987932, 54.7202337 ], [ 20.4986986, 54.720229 ], [ 20.498531, 54.7202211 ], [ 20.4984665, 54.7202171 ] ] } },
{ "type": "Feature", "properties": { "u": 345, "v": 217, "key": 0, "oneway": "False", "highway": "residential", "name": "Стекольная улица", "maxspeed": "", "lanes": "1", "osmid": [ 1370089168, 54981204, 1370089166, 1370089167 ] }, "geometry": { "type": "LineString", "coordinates": [ [ 20.5342181, 54.7104924 ], [ 20.5348039, 54.7105892 ], [ 20.5352237, 54.7106582 ], [ 20.5355932, 54.7107189 ], [ 20.5358968, 54.7107708 ], [ 20.5363214, 54.7108434 ], [ 20.5365328, 54.7108795 ], [ 20.5373063, 54.7110166 ], [ 20.5374021, 54.7110333 ] ] } },
{ "type": "Feature", "properties": { "u": 346, "v": 415, "key": 0, "oneway": "False", "highway": "residential", "name": "улица Коперника", "maxspeed": "RU:urban", "lanes": "1", "osmid": "177144645" }, "geometry": { "type": "LineString", "coordinates": [ [ 20.504494, 54.7106568 ], [ 20.5042505, 54.7106802 ] ] } },
{ "type": "Feature", "properties": { "u": 346, "v": 348, "key": 0, "oneway": "False", "highway": "living_street", "name": "", "maxspeed": "RU:living_street", "lanes": "", "osmid": "177144582" }, "geometry": { "type": "LineString", "coordinates": [ [ 20.504494, 54.7106568 ], [ 20.5046164, 54.7108974 ], [ 20.5056531, 54.7108496 ] ] } },
{ "type": "Feature", "properties": { "u": 346, "v": 348, "key": 1, "oneway": "False", "highway": "residential", "name": "улица Коперника", "maxspeed": "RU:urban", "lanes": "1", "osmid": [ 1372756619, 177144645, 1366051271 ] }, "geometry": { "type": "LineString", "coordinates": [ [ 20.504494, 54.7106568 ], [ 20.5053416, 54.7105755 ], [ 20.5056457, 54.7105464 ], [ 20.5056531, 54.7108496 ] ] } },
{ "type": "Feature", "properties": { "u": 347, "v": 348, "key": 0, "oneway": "False", "highway": "living_street", "name": "", "maxspeed": "RU:living_street", "lanes": "", "osmid": "177144582" }, "geometry": { "type": "LineString", "coordinates": [ [ 20.5063167, 54.7107438 ], [ 20.5060575, 54.7108352 ], [ 20.5056531, 54.7108496 ] ] } },
{ "type": "Feature", "properties": { "u": 348, "v": 122, "key": 0, "oneway": "False", "highway": "residential", "name": "улица Салтыкова-Щедрина", "maxspeed": "RU:urban", "lanes": "1", "osmid": "43951437" }, "geometry": { "type": "LineString", "coordinates": [ [ 20.5056531, 54.7108496 ], [ 20.5056193, 54.711308 ], [ 20.5056018, 54.7119426 ] ] } },
{ "type": "Feature", "properties": { "u": 348, "v": 347, "key": 0, "oneway": "False", "highway": "living_street", "name": "", "maxspeed": "RU:living_street", "lanes": "", "osmid": "177144582" }, "geometry": { "type": "LineString", "coordinates": [ [ 20.5056531, 54.7108496 ], [ 20.5060575, 54.7108352 ], [ 20.5063167, 54.7107438 ] ] } },
{ "type": "Feature", "properties": { "u": 348, "v": 346, "key": 0, "oneway": "False", "highway": "living_street", "name": "", "maxspeed": "RU:living_street", "lanes": "", "osmid": "177144582" }, "geometry": { "type": "LineString", "coordinates": [ [ 20.5056531, 54.7108496 ], [ 20.5046164, 54.7108974 ], [ 20.504494, 54.7106568 ] ] } },
{ "type": "Feature", "properties": { "u": 348, "v": 346, "key": 1, "oneway": "False", "highway": "residential", "name": "улица Коперника", "maxspeed": "RU:urban", "lanes": "1", "osmid": [ 1372756619, 177144645, 1366051271 ] }, "geometry": { "type": "LineString", "coordinates": [ [ 20.5056531, 54.7108496 ], [ 20.5056457, 54.7105464 ], [ 20.5053416, 54.7105755 ], [ 20.504494, 54.7106568 ] ] } },
{ "type": "Feature", "properties": { "u": 349, "v": 342, "key": 0, "oneway": "False", "highway": "living_street", "name": "", "maxspeed": "RU:living_street", "lanes": "", "osmid": "166105015" }, "geometry": { "type": "LineString", "coordinates": [ [ 20.505945, 54.7120266 ], [ 20.5058844, 54.7128416 ], [ 20.5061128, 54.712837 ], [ 20.5062695, 54.7128362 ] ] } },
{ "type": "Feature", "properties": { "u": 350, "v": 203, "key": 0, "oneway": "False", "highway": "residential", "name": "Мебельная улица", "maxspeed": "RU:urban", "lanes": "2", "osmid": "1053446694" }, "geometry": { "type": "LineString", "coordinates": [ [ 20.5138277, 54.695139 ], [ 20.5138088, 54.6952501 ] ] } },
{ "type": "Feature", "properties": { "u": 350, "v": 125, "key": 0, "oneway": "True", "highway": "primary", "name": "проспект Калинина", "maxspeed": "RU:urban", "lanes": "2", "osmid": [ 981617624, 762327914, 981617623 ] }, "geometry": { "type": "LineString", "coordinates": [ [ 20.5138277, 54.695139 ], [ 20.514165, 54.6951505 ], [ 20.5144007, 54.6951585 ], [ 20.5146479, 54.695167 ], [ 20.516532, 54.6952314 ], [ 20.516751, 54.6952389 ] ] } },
{ "type": "Feature", "properties": { "u": 351, "v": 391, "key": 0, "oneway": "False", "highway": "living_street", "name": "Университетская улица", "maxspeed": "RU:living_street", "lanes": "", "osmid": "270046395" }, "geometry": { "type": "LineString", "coordinates": [ [ 20.5076672, 54.7141806 ], [ 20.5074669, 54.7140734 ], [ 20.5079036, 54.7137713 ], [ 20.5075843, 54.7135592 ] ] } },
{ "type": "Feature", "properties": { "u": 352, "v": 482, "key": 0, "oneway": "False", "highway": "living_street", "name": "улица Профессора Севастьянова", "maxspeed": "RU:living_street", "lanes": "2", "osmid": [ 186561976, 48816485, 186561981 ] }, "geometry": { "type": "LineString", "coordinates": [ [ 20.5059297, 54.7142906 ], [ 20.5060251, 54.7143357 ], [ 20.5062101, 54.7144232 ], [ 20.5062479, 54.7144411 ] ] } },
{ "type": "Feature", "properties": { "u": 353, "v": 304, "key": 0, "oneway": "False", "highway": "tertiary", "name": "улица Маршала Баграмяна", "maxspeed": "40", "lanes": "2", "osmid": [ 995233930, 107444059 ] }, "geometry": { "type": "LineString", "coordinates": [ [ 20.4968238, 54.7071435 ], [ 20.4980712, 54.7070382 ], [ 20.4982843, 54.7070149 ], [ 20.4984327, 54.7069986 ], [ 20.4987075, 54.7069678 ] ] } },
{ "type": "Feature", "properties": { "u": 353, "v": 587, "key": 0, "oneway": "False", "highway": "tertiary", "name": "улица Маршала Баграмяна", "maxspeed": "40", "lanes": "2", "osmid": "107444059" }, "geometry": { "type": "LineString", "coordinates": [ [ 20.4968238, 54.7071435 ], [ 20.4964098, 54.7071773 ], [ 20.4959278, 54.7072011 ] ] } },
{ "type": "Feature", "properties": { "u": 353, "v": 355, "key": 0, "oneway": "False", "highway": "living_street", "name": "", "maxspeed": "RU:living_street", "lanes": "", "osmid": "188173823" }, "geometry": { "type": "LineString", "coordinates": [ [ 20.4968238, 54.7071435 ], [ 20.4968591, 54.707193 ], [ 20.4971493, 54.7076 ] ] } },
{ "type": "Feature", "properties": { "u": 354, "v": 355, "key": 0, "oneway": "False", "highway": "living_street", "name": "", "maxspeed": "RU:living_street", "lanes": "", "osmid": "188173823" }, "geometry": { "type": "LineString", "coordinates": [ [ 20.4987477, 54.7073393 ], [ 20.4983461, 54.7073905 ], [ 20.4971493, 54.7076 ] ] } },
{ "type": "Feature", "properties": { "u": 354, "v": 304, "key": 0, "oneway": "False", "highway": "unclassified", "name": "", "maxspeed": "RU:living_street", "lanes": "2", "osmid": "1370382532" }, "geometry": { "type": "LineString", "coordinates": [ [ 20.4987477, 54.7073393 ], [ 20.4987483, 54.7072091 ], [ 20.4987201, 54.7070263 ], [ 20.4987075, 54.7069678 ] ] } },
{ "type": "Feature", "properties": { "u": 354, "v": 305, "key": 0, "oneway": "False", "highway": "unclassified", "name": "", "maxspeed": "RU:living_street", "lanes": "2", "osmid": "1370382532" }, "geometry": { "type": "LineString", "coordinates": [ [ 20.4987477, 54.7073393 ], [ 20.4987363, 54.707479 ], [ 20.4986302, 54.7077364 ], [ 20.4985235, 54.7079155 ] ] } },
{ "type": "Feature", "properties": { "u": 355, "v": 354, "key": 0, "oneway": "False", "highway": "living_street", "name": "", "maxspeed": "RU:living_street", "lanes": "", "osmid": "188173823" }, "geometry": { "type": "LineString", "coordinates": [ [ 20.4971493, 54.7076 ], [ 20.4983461, 54.7073905 ], [ 20.4987477, 54.7073393 ] ] } },
{ "type": "Feature", "properties": { "u": 355, "v": 353, "key": 0, "oneway": "False", "highway": "living_street", "name": "", "maxspeed": "RU:living_street", "lanes": "", "osmid": "188173823" }, "geometry": { "type": "LineString", "coordinates": [ [ 20.4971493, 54.7076 ], [ 20.4968591, 54.707193 ], [ 20.4968238, 54.7071435 ] ] } },
{ "type": "Feature", "properties": { "u": 355, "v": 591, "key": 0, "oneway": "False", "highway": "residential", "name": "улица Маршала Баграмяна", "maxspeed": "20", "lanes": "", "osmid": [ 188173824, 986605047 ] }, "geometry": { "type": "LineString", "coordinates": [ [ 20.4971493, 54.7076 ], [ 20.4971483, 54.7076487 ], [ 20.4970252, 54.7076905 ], [ 20.4969123, 54.7077166 ], [ 20.497108, 54.708084 ], [ 20.497115, 54.7081741 ], [ 20.4971168, 54.708203 ], [ 20.4970882, 54.7082269 ], [ 20.4971442, 54.7083439 ] ] } },
{ "type": "Feature", "properties": { "u": 356, "v": 357, "key": 0, "oneway": "False", "highway": "living_street", "name": "", "maxspeed": "RU:living_street", "lanes": "", "osmid": "188315981" }, "geometry": { "type": "LineString", "coordinates": [ [ 20.502106, 54.6958089 ], [ 20.5020997, 54.6958679 ], [ 20.5020952, 54.6959103 ], [ 20.5016994, 54.6960322 ] ] } },
{ "type": "Feature", "properties": { "u": 356, "v": 560, "key": 0, "oneway": "True", "highway": "residential", "name": "", "maxspeed": "", "lanes": "1", "osmid": "314321308" }, "geometry": { "type": "LineString", "coordinates": [ [ 20.502106, 54.6958089 ], [ 20.5016795, 54.6953788 ], [ 20.5016141, 54.6953226 ] ] } },
{ "type": "Feature", "properties": { "u": 357, "v": 358, "key": 0, "oneway": "False", "highway": "living_street", "name": "", "maxspeed": "RU:living_street", "lanes": "", "osmid": "188315981" }, "geometry": { "type": "LineString", "coordinates": [ [ 20.5016994, 54.6960322 ], [ 20.5011611, 54.6962138 ] ] } },
{ "type": "Feature", "properties": { "u": 357, "v": 358, "key": 1, "oneway": "False", "highway": "living_street", "name": "", "maxspeed": "RU:living_street", "lanes": "", "osmid": "188315978" }, "geometry": { "type": "LineString", "coordinates": [ [ 20.5016994, 54.6960322 ], [ 20.5014381, 54.6957733 ], [ 20.5009206, 54.6959417 ], [ 20.5011611, 54.6962138 ] ] } },
{ "type": "Feature", "properties": { "u": 357, "v": 356, "key": 0, "oneway": "False", "highway": "living_street", "name": "", "maxspeed": "RU:living_street", "lanes": "", "osmid": "188315981" }, "geometry": { "type": "LineString", "coordinates": [ [ 20.5016994, 54.6960322 ], [ 20.5020952, 54.6959103 ], [ 20.5020997, 54.6958679 ], [ 20.502106, 54.6958089 ] ] } },
{ "type": "Feature", "properties": { "u": 358, "v": 357, "key": 0, "oneway": "False", "highway": "living_street", "name": "", "maxspeed": "RU:living_street", "lanes": "", "osmid": "188315981" }, "geometry": { "type": "LineString", "coordinates": [ [ 20.5011611, 54.6962138 ], [ 20.5016994, 54.6960322 ] ] } },
{ "type": "Feature", "properties": { "u": 358, "v": 357, "key": 1, "oneway": "False", "highway": "living_street", "name": "", "maxspeed": "RU:living_street", "lanes": "", "osmid": "188315978" }, "geometry": { "type": "LineString", "coordinates": [ [ 20.5011611, 54.6962138 ], [ 20.5009206, 54.6959417 ], [ 20.5014381, 54.6957733 ], [ 20.5016994, 54.6960322 ] ] } },
{ "type": "Feature", "properties": { "u": 358, "v": 359, "key": 0, "oneway": "False", "highway": "living_street", "name": "", "maxspeed": "RU:living_street", "lanes": "", "osmid": "188315981" }, "geometry": { "type": "LineString", "coordinates": [ [ 20.5011611, 54.6962138 ], [ 20.5008559, 54.6963112 ], [ 20.5007723, 54.6963425 ] ] } },
{ "type": "Feature", "properties": { "u": 359, "v": 358, "key": 0, "oneway": "False", "highway": "living_street", "name": "", "maxspeed": "RU:living_street", "lanes": "", "osmid": "188315981" }, "geometry": { "type": "LineString", "coordinates": [ [ 20.5007723, 54.6963425 ], [ 20.5008559, 54.6963112 ], [ 20.5011611, 54.6962138 ] ] } },
{ "type": "Feature", "properties": { "u": 359, "v": 559, "key": 0, "oneway": "True", "highway": "primary", "name": "Ленинский проспект", "maxspeed": "RU:urban", "lanes": "2", "osmid": "1252989786" }, "geometry": { "type": "LineString", "coordinates": [ [ 20.5007723, 54.6963425 ], [ 20.5003312, 54.6959183 ], [ 20.5002699, 54.6958605 ], [ 20.5001727, 54.6958245 ] ] } },
{ "type": "Feature", "properties": { "u": 360, "v": 287, "key": 0, "oneway": "False", "highway": "living_street", "name": "", "maxspeed": "RU:living_street", "lanes": "", "osmid": "852163345" }, "geometry": { "type": "LineString", "coordinates": [ [ 20.499213, 54.6969452 ], [ 20.500212, 54.6966105 ], [ 20.5001386, 54.6965358 ] ] } },
{ "type": "Feature", "properties": { "u": 361, "v": 362, "key": 0, "oneway": "False", "highway": "living_street", "name": "", "maxspeed": "RU:living_street", "lanes": "", "osmid": "188315977" }, "geometry": { "type": "LineString", "coordinates": [ [ 20.5009027, 54.697956 ], [ 20.5009297, 54.6980884 ], [ 20.5009916, 54.6982379 ] ] } },
{ "type": "Feature", "properties": { "u": 362, "v": 361, "key": 0, "oneway": "False", "highway": "living_street", "name": "", "maxspeed": "RU:living_street", "lanes": "", "osmid": "188315977" }, "geometry": { "type": "LineString", "coordinates": [ [ 20.5009916, 54.6982379 ], [ 20.5009297, 54.6980884 ], [ 20.5009027, 54.697956 ] ] } },
{ "type": "Feature", "properties": { "u": 362, "v": 363, "key": 0, "oneway": "False", "highway": "living_street", "name": "", "maxspeed": "RU:living_street", "lanes": "", "osmid": "188315979" }, "geometry": { "type": "LineString", "coordinates": [ [ 20.5009916, 54.6982379 ], [ 20.5015845, 54.6983095 ], [ 20.5020993, 54.6984076 ] ] } },
{ "type": "Feature", "properties": { "u": 362, "v": 364, "key": 0, "oneway": "False", "highway": "living_street", "name": "", "maxspeed": "RU:living_street", "lanes": "", "osmid": "188315979" }, "geometry": { "type": "LineString", "coordinates": [ [ 20.5009916, 54.6982379 ], [ 20.500909, 54.6984227 ], [ 20.500881, 54.6984463 ] ] } },
{ "type": "Feature", "properties": { "u": 363, "v": 362, "key": 0, "oneway": "False", "highway": "living_street", "name": "", "maxspeed": "RU:living_street", "lanes": "", "osmid": "188315979" }, "geometry": { "type": "LineString", "coordinates": [ [ 20.5020993, 54.6984076 ], [ 20.5015845, 54.6983095 ], [ 20.5009916, 54.6982379 ] ] } },
{ "type": "Feature", "properties": { "u": 364, "v": 362, "key": 0, "oneway": "False", "highway": "living_street", "name": "", "maxspeed": "RU:living_street", "lanes": "", "osmid": "188315979" }, "geometry": { "type": "LineString", "coordinates": [ [ 20.500881, 54.6984463 ], [ 20.500909, 54.6984227 ], [ 20.5009916, 54.6982379 ] ] } },
{ "type": "Feature", "properties": { "u": 364, "v": 509, "key": 0, "oneway": "True", "highway": "secondary", "name": "улица Багратиона", "maxspeed": "RU:urban", "lanes": "1", "osmid": [ 713320345, 980011171 ] }, "geometry": { "type": "LineString", "coordinates": [ [ 20.500881, 54.6984463 ], [ 20.5010619, 54.6984709 ], [ 20.5023918, 54.698727 ], [ 20.5028182, 54.6988081 ] ] } },
{ "type": "Feature", "properties": { "u": 365, "v": 366, "key": 0, "oneway": "False", "highway": "living_street", "name": "", "maxspeed": "RU:living_street", "lanes": "", "osmid": "188315982" }, "geometry": { "type": "LineString", "coordinates": [ [ 20.5005621, 54.6987757 ], [ 20.5008632, 54.6988337 ], [ 20.500933, 54.6988373 ], [ 20.5015151, 54.6989308 ], [ 20.502011, 54.6990678 ], [ 20.5022158, 54.6991612 ], [ 20.5023909, 54.699428 ] ] } },
{ "type": "Feature", "properties": { "u": 365, "v": 321, "key": 0, "oneway": "False", "highway": "tertiary", "name": "Серпуховская улица", "maxspeed": "RU:urban", "lanes": "2", "osmid": "308244427" }, "geometry": { "type": "LineString", "coordinates": [ [ 20.5005621, 54.6987757 ], [ 20.5006612, 54.6990426 ], [ 20.5010349, 54.6998094 ] ] } },
{ "type": "Feature", "properties": { "u": 365, "v": 563, "key": 0, "oneway": "False", "highway": "tertiary", "name": "Серпуховская улица", "maxspeed": "RU:urban", "lanes": "2", "osmid": [ 713320344, 996149799, 713320343 ] }, "geometry": { "type": "LineString", "coordinates": [ [ 20.5005621, 54.6987757 ], [ 20.5004963, 54.6986224 ], [ 20.5004674, 54.698555 ], [ 20.50045, 54.6984923 ] ] } },
{ "type": "Feature", "properties": { "u": 366, "v": 365, "key": 0, "oneway": "False", "highway": "living_street", "name": "", "maxspeed": "RU:living_street", "lanes": "", "osmid": "188315982" }, "geometry": { "type": "LineString", "coordinates": [ [ 20.5023909, 54.699428 ], [ 20.5022158, 54.6991612 ], [ 20.502011, 54.6990678 ], [ 20.5015151, 54.6989308 ], [ 20.500933, 54.6988373 ], [ 20.5008632, 54.6988337 ], [ 20.5005621, 54.6987757 ] ] } },
{ "type": "Feature", "properties": { "u": 367, "v": 223, "key": 0, "oneway": "True", "highway": "primary", "name": "", "maxspeed": "", "lanes": "1", "osmid": "1362412328" }, "geometry": { "type": "LineString", "coordinates": [ [ 20.489078, 54.7062036 ], [ 20.4891269, 54.7061972 ], [ 20.4892175, 54.7061934 ] ] } },
{ "type": "Feature", "properties": { "u": 368, "v": 369, "key": 0, "oneway": "False", "highway": "residential", "name": "улица Генерал-полковника Людникова", "maxspeed": "", "lanes": "", "osmid": "205893433" }, "geometry": { "type": "LineString", "coordinates": [ [ 20.5074154, 54.7189878 ], [ 20.5076498, 54.7187204 ] ] } },
{ "type": "Feature", "properties": { "u": 368, "v": 162, "key": 0, "oneway": "False", "highway": "residential", "name": "улица Михаила Галковского", "maxspeed": "", "lanes": "", "osmid": "1366051272" }, "geometry": { "type": "LineString", "coordinates": [ [ 20.5074154, 54.7189878 ], [ 20.5078923, 54.7190679 ] ] } },
{ "type": "Feature", "properties": { "u": 368, "v": 161, "key": 0, "oneway": "False", "highway": "residential", "name": "улица Михаила Галковского", "maxspeed": "", "lanes": "", "osmid": "48807219" }, "geometry": { "type": "LineString", "coordinates": [ [ 20.5074154, 54.7189878 ], [ 20.5073254, 54.7189573 ], [ 20.5069158, 54.7188041 ], [ 20.5059265, 54.7184343 ], [ 20.5055572, 54.7182962 ] ] } },
{ "type": "Feature", "properties": { "u": 369, "v": 368, "key": 0, "oneway": "False", "highway": "residential", "name": "улица Генерал-полковника Людникова", "maxspeed": "", "lanes": "", "osmid": "205893433" }, "geometry": { "type": "LineString", "coordinates": [ [ 20.5076498, 54.7187204 ], [ 20.5074154, 54.7189878 ] ] } },
{ "type": "Feature", "properties": { "u": 370, "v": 506, "key": 0, "oneway": "False", "highway": "living_street", "name": "", "maxspeed": "RU:living_street", "lanes": "2", "osmid": "707244378" }, "geometry": { "type": "LineString", "coordinates": [ [ 20.5066903, 54.7174793 ], [ 20.5073815, 54.7176195 ] ] } },
{ "type": "Feature", "properties": { "u": 370, "v": 369, "key": 0, "oneway": "True", "highway": "residential", "name": "улица Генерал-полковника Людникова", "maxspeed": "", "lanes": "", "osmid": "707244379" }, "geometry": { "type": "LineString", "coordinates": [ [ 20.5066903, 54.7174793 ], [ 20.5067364, 54.717539 ], [ 20.5076498, 54.7187204 ] ] } },
{ "type": "Feature", "properties": { "u": 371, "v": 70, "key": 0, "oneway": "False", "highway": "living_street", "name": "Космическая улица", "maxspeed": "RU:living_street", "lanes": "", "osmid": "206266641" }, "geometry": { "type": "LineString", "coordinates": [ [ 20.4982733, 54.7132302 ], [ 20.4981667, 54.7131894 ] ] } },
{ "type": "Feature", "properties": { "u": 371, "v": 372, "key": 0, "oneway": "False", "highway": "living_street", "name": "Космическая улица", "maxspeed": "RU:living_street", "lanes": "", "osmid": "206266641" }, "geometry": { "type": "LineString", "coordinates": [ [ 20.4982733, 54.7132302 ], [ 20.4989177, 54.7132332 ], [ 20.4999521, 54.7143304 ] ] } },
{ "type": "Feature", "properties": { "u": 371, "v": 486, "key": 0, "oneway": "False", "highway": "living_street", "name": "", "maxspeed": "RU:living_street", "lanes": "", "osmid": [ 509001312, 509001311 ] }, "geometry": { "type": "LineString", "coordinates": [ [ 20.4982733, 54.7132302 ], [ 20.4984753, 54.7138227 ], [ 20.4985289, 54.713959 ], [ 20.4980944, 54.7139993 ], [ 20.4978798, 54.713457 ] ] } },
{ "type": "Feature", "properties": { "u": 372, "v": 79, "key": 0, "oneway": "False", "highway": "residential", "name": "улица Диккенса", "maxspeed": "RU:urban", "lanes": "2", "osmid": "42598659" }, "geometry": { "type": "LineString", "coordinates": [ [ 20.4999521, 54.7143304 ], [ 20.4999174, 54.7143389 ] ] } },
{ "type": "Feature", "properties": { "u": 372, "v": 77, "key": 0, "oneway": "False", "highway": "residential", "name": "Космическая улица", "maxspeed": "RU:urban", "lanes": "2", "osmid": [ 42598642, 42598659 ] }, "geometry": { "type": "LineString", "coordinates": [ [ 20.4999521, 54.7143304 ], [ 20.5004194, 54.7142156 ], [ 20.5006261, 54.7144468 ] ] } },
{ "type": "Feature", "properties": { "u": 372, "v": 371, "key": 0, "oneway": "False", "highway": "living_street", "name": "Космическая улица", "maxspeed": "RU:living_street", "lanes": "", "osmid": "206266641" }, "geometry": { "type": "LineString", "coordinates": [ [ 20.4999521, 54.7143304 ], [ 20.4989177, 54.7132332 ], [ 20.4982733, 54.7132302 ] ] } },
{ "type": "Feature", "properties": { "u": 373, "v": 374, "key": 0, "oneway": "False", "highway": "living_street", "name": "", "maxspeed": "RU:living_street", "lanes": "", "osmid": "208276042" }, "geometry": { "type": "LineString", "coordinates": [ [ 20.50271, 54.7082531 ], [ 20.5023943, 54.708307 ] ] } },
{ "type": "Feature", "properties": { "u": 374, "v": 373, "key": 0, "oneway": "False", "highway": "living_street", "name": "", "maxspeed": "RU:living_street", "lanes": "", "osmid": "208276042" }, "geometry": { "type": "LineString", "coordinates": [ [ 20.5023943, 54.708307 ], [ 20.50271, 54.7082531 ] ] } },
{ "type": "Feature", "properties": { "u": 374, "v": 375, "key": 0, "oneway": "False", "highway": "living_street", "name": "", "maxspeed": "RU:living_street", "lanes": "", "osmid": "238150713" }, "geometry": { "type": "LineString", "coordinates": [ [ 20.5023943, 54.708307 ], [ 20.5017357, 54.7084151 ] ] } },
{ "type": "Feature", "properties": { "u": 374, "v": 388, "key": 0, "oneway": "False", "highway": "living_street", "name": "", "maxspeed": "RU:living_street", "lanes": "", "osmid": "238150713" }, "geometry": { "type": "LineString", "coordinates": [ [ 20.5023943, 54.708307 ], [ 20.5028427, 54.7089745 ], [ 20.5021958, 54.7090809 ] ] } },
{ "type": "Feature", "properties": { "u": 375, "v": 374, "key": 0, "oneway": "False", "highway": "living_street", "name": "", "maxspeed": "RU:living_street", "lanes": "", "osmid": "238150713" }, "geometry": { "type": "LineString", "coordinates": [ [ 20.5017357, 54.7084151 ], [ 20.5023943, 54.708307 ] ] } },
{ "type": "Feature", "properties": { "u": 375, "v": 376, "key": 0, "oneway": "False", "highway": "residential", "name": "Красноярская улица", "maxspeed": "RU:living_street", "lanes": "2", "osmid": [ 59848780, 208276047 ] }, "geometry": { "type": "LineString", "coordinates": [ [ 20.5017357, 54.7084151 ], [ 20.5018538, 54.7087001 ], [ 20.5018827, 54.7087778 ] ] } },
{ "type": "Feature", "properties": { "u": 375, "v": 239, "key": 0, "oneway": "False", "highway": "residential", "name": "Красноярская улица", "maxspeed": "RU:living_street", "lanes": "2", "osmid": [ 59848780, 1370382533, 1370382535 ] }, "geometry": { "type": "LineString", "coordinates": [ [ 20.5017357, 54.7084151 ], [ 20.5016784, 54.708277 ], [ 20.5015929, 54.707778 ], [ 20.5015466, 54.7072946 ], [ 20.5014928, 54.7070988 ], [ 20.5014175, 54.7067805 ], [ 20.5014008, 54.7067242 ] ] } },
{ "type": "Feature", "properties": { "u": 376, "v": 388, "key": 0, "oneway": "False", "highway": "living_street", "name": "", "maxspeed": "RU:living_street", "lanes": "", "osmid": "238150712" }, "geometry": { "type": "LineString", "coordinates": [ [ 20.5018827, 54.7087778 ], [ 20.5021958, 54.7090809 ] ] } },
{ "type": "Feature", "properties": { "u": 376, "v": 375, "key": 0, "oneway": "False", "highway": "residential", "name": "Красноярская улица", "maxspeed": "RU:living_street", "lanes": "2", "osmid": [ 59848780, 208276047 ] }, "geometry": { "type": "LineString", "coordinates": [ [ 20.5018827, 54.7087778 ], [ 20.5018538, 54.7087001 ], [ 20.5017357, 54.7084151 ] ] } },
{ "type": "Feature", "properties": { "u": 376, "v": 378, "key": 0, "oneway": "False", "highway": "living_street", "name": "", "maxspeed": "RU:living_street", "lanes": "", "osmid": "208276047" }, "geometry": { "type": "LineString", "coordinates": [ [ 20.5018827, 54.7087778 ], [ 20.5006763, 54.7089998 ], [ 20.5006237, 54.709032 ], [ 20.5006063, 54.7090731 ], [ 20.5006682, 54.7094236 ], [ 20.5006427, 54.7094471 ], [ 20.5006089, 54.7094657 ], [ 20.5001145, 54.7095134 ], [ 20.499986, 54.7095292 ] ] } },
{ "type": "Feature", "properties": { "u": 377, "v": 388, "key": 0, "oneway": "False", "highway": "living_street", "name": "", "maxspeed": "RU:living_street", "lanes": "", "osmid": "238150713" }, "geometry": { "type": "LineString", "coordinates": [ [ 20.5019214, 54.7093859 ], [ 20.501906, 54.7093452 ], [ 20.5018291, 54.7091462 ], [ 20.5021958, 54.7090809 ] ] } },
{ "type": "Feature", "properties": { "u": 378, "v": 376, "key": 0, "oneway": "False", "highway": "living_street", "name": "", "maxspeed": "RU:living_street", "lanes": "", "osmid": "208276047" }, "geometry": { "type": "LineString", "coordinates": [ [ 20.499986, 54.7095292 ], [ 20.5001145, 54.7095134 ], [ 20.5006089, 54.7094657 ], [ 20.5006427, 54.7094471 ], [ 20.5006682, 54.7094236 ], [ 20.5006063, 54.7090731 ], [ 20.5006237, 54.709032 ], [ 20.5006763, 54.7089998 ], [ 20.5018827, 54.7087778 ] ] } },
{ "type": "Feature", "properties": { "u": 378, "v": 323, "key": 0, "oneway": "False", "highway": "residential", "name": "Мариупольская улица", "maxspeed": "RU:living_street", "lanes": "2", "osmid": [ 59848744, 149701473, 1372756597 ] }, "geometry": { "type": "LineString", "coordinates": [ [ 20.499986, 54.7095292 ], [ 20.5000462, 54.7096293 ], [ 20.5000836, 54.7097519 ], [ 20.5000981, 54.7098146 ], [ 20.5001352, 54.7099754 ] ] } },
{ "type": "Feature", "properties": { "u": 378, "v": 322, "key": 0, "oneway": "False", "highway": "residential", "name": "Московский проспект", "maxspeed": "RU:living_street", "lanes": "2", "osmid": [ 149703660, 1372756597, 1373833525, 242393721, 149703802, 149703804 ] }, "geometry": { "type": "LineString", "coordinates": [ [ 20.499986, 54.7095292 ], [ 20.4998696, 54.7091802 ], [ 20.498946, 54.7093218 ], [ 20.4986697, 54.7093295 ], [ 20.4982513, 54.7094008 ], [ 20.4979818, 54.7094085 ], [ 20.4975226, 54.7094786 ], [ 20.4974703, 54.7095085 ], [ 20.4974587, 54.7095514 ], [ 20.4975062, 54.7097773 ], [ 20.4974559, 54.7098178 ], [ 20.4973487, 54.7098352 ], [ 20.4971346, 54.7098546 ], [ 20.4968, 54.7098806 ], [ 20.4966867, 54.7098894 ], [ 20.4963437, 54.7099257 ], [ 20.4958551, 54.7099745 ], [ 20.495213, 54.7100386 ] ] } },
{ "type": "Feature", "properties": { "u": 379, "v": 562, "key": 0, "oneway": "True", "highway": "secondary", "name": "улица Дзержинского", "maxspeed": "RU:urban", "lanes": "1", "osmid": [ 982439544, 982439482, 982439547, 754616637 ] }, "geometry": { "type": "LineString", "coordinates": [ [ 20.5210075, 54.6963131 ], [ 20.5200281, 54.6968513 ], [ 20.518759, 54.6975493 ], [ 20.5183935, 54.697738 ], [ 20.5182661, 54.6978038 ], [ 20.5181773, 54.6978497 ], [ 20.5178499, 54.6980188 ], [ 20.5177739, 54.6980588 ], [ 20.5173634, 54.6982771 ], [ 20.5172739, 54.6983407 ], [ 20.517212, 54.698399 ] ] } },
{ "type": "Feature", "properties": { "u": 380, "v": 381, "key": 0, "oneway": "False", "highway": "living_street", "name": "", "maxspeed": "RU:living_street", "lanes": "", "osmid": "211895080" }, "geometry": { "type": "LineString", "coordinates": [ [ 20.5017774, 54.7119301 ], [ 20.5020122, 54.7119096 ], [ 20.502189, 54.711898 ], [ 20.502372, 54.7119096 ], [ 20.5027041, 54.7119797 ], [ 20.5028265, 54.7120176 ], [ 20.5028656, 54.7120701 ], [ 20.5028752, 54.712108 ], [ 20.5028867, 54.7121538 ] ] } },
{ "type": "Feature", "properties": { "u": 381, "v": 123, "key": 0, "oneway": "False", "highway": "tertiary", "name": "улица Вагнера", "maxspeed": "RU:urban", "lanes": "2", "osmid": "314108348" }, "geometry": { "type": "LineString", "coordinates": [ [ 20.5028867, 54.7121538 ], [ 20.5019264, 54.7122434 ] ] } },
{ "type": "Feature", "properties": { "u": 381, "v": 380, "key": 0, "oneway": "False", "highway": "living_street", "name": "", "maxspeed": "RU:living_street", "lanes": "", "osmid": "211895080" }, "geometry": { "type": "LineString", "coordinates": [ [ 20.5028867, 54.7121538 ], [ 20.5028752, 54.712108 ], [ 20.5028656, 54.7120701 ], [ 20.5028265, 54.7120176 ], [ 20.5027041, 54.7119797 ], [ 20.502372, 54.7119096 ], [ 20.502189, 54.711898 ], [ 20.5020122, 54.7119096 ], [ 20.5017774, 54.7119301 ] ] } },
{ "type": "Feature", "properties": { "u": 381, "v": 83, "key": 0, "oneway": "False", "highway": "tertiary", "name": "улица Вагнера", "maxspeed": "RU:urban", "lanes": "2", "osmid": "314108348" }, "geometry": { "type": "LineString", "coordinates": [ [ 20.5028867, 54.7121538 ], [ 20.5035297, 54.7121 ], [ 20.5036074, 54.7120935 ] ] } },
{ "type": "Feature", "properties": { "u": 382, "v": 383, "key": 0, "oneway": "False", "highway": "living_street", "name": "", "maxspeed": "RU:living_street", "lanes": "", "osmid": "287010181" }, "geometry": { "type": "LineString", "coordinates": [ [ 20.50276, 54.7153269 ], [ 20.5029992, 54.7155239 ], [ 20.5029007, 54.7156478 ], [ 20.5028231, 54.7156947 ] ] } },
{ "type": "Feature", "properties": { "u": 383, "v": 403, "key": 0, "oneway": "False", "highway": "living_street", "name": "", "maxspeed": "RU:living_street", "lanes": "", "osmid": "212303073" }, "geometry": { "type": "LineString", "coordinates": [ [ 20.5028231, 54.7156947 ], [ 20.5031375, 54.7157977 ], [ 20.5031977, 54.7158166 ] ] } },
{ "type": "Feature", "properties": { "u": 383, "v": 382, "key": 0, "oneway": "False", "highway": "living_street", "name": "", "maxspeed": "RU:living_street", "lanes": "", "osmid": "287010181" }, "geometry": { "type": "LineString", "coordinates": [ [ 20.5028231, 54.7156947 ], [ 20.5029007, 54.7156478 ], [ 20.5029992, 54.7155239 ], [ 20.50276, 54.7153269 ] ] } },
{ "type": "Feature", "properties": { "u": 383, "v": 271, "key": 0, "oneway": "False", "highway": "living_street", "name": "", "maxspeed": "RU:living_street", "lanes": "", "osmid": "287010181" }, "geometry": { "type": "LineString", "coordinates": [ [ 20.5028231, 54.7156947 ], [ 20.5026651, 54.71579 ], [ 20.5021869, 54.7159828 ] ] } },
{ "type": "Feature", "properties": { "u": 384, "v": 131, "key": 0, "oneway": "False", "highway": "residential", "name": "Старопрегольская набережная", "maxspeed": "RU:living_street", "lanes": "2", "osmid": "583464743" }, "geometry": { "type": "LineString", "coordinates": [ [ 20.5121919, 54.7044582 ], [ 20.5122255, 54.7046151 ], [ 20.5101853, 54.7047913 ], [ 20.5100751, 54.7048008 ] ] } },
{ "type": "Feature", "properties": { "u": 385, "v": 131, "key": 0, "oneway": "False", "highway": "residential", "name": "улица Новый Вал", "maxspeed": "RU:living_street", "lanes": "2", "osmid": "220229384" }, "geometry": { "type": "LineString", "coordinates": [ [ 20.5100317, 54.7046225 ], [ 20.5100751, 54.7048008 ] ] } },
{ "type": "Feature", "properties": { "u": 386, "v": 429, "key": 0, "oneway": "True", "highway": "tertiary", "name": "", "maxspeed": "", "lanes": "1", "osmid": "312487843" }, "geometry": { "type": "LineString", "coordinates": [ [ 20.5246453, 54.7190459 ], [ 20.5247069, 54.7190352 ], [ 20.5247551, 54.7190294 ], [ 20.5247846, 54.7190259 ], [ 20.5248624, 54.7189913 ], [ 20.5248986, 54.7189521 ] ] } },
{ "type": "Feature", "properties": { "u": 386, "v": 151, "key": 0, "oneway": "True", "highway": "tertiary", "name": "улица Боткина", "maxspeed": "RU:urban", "lanes": "2", "osmid": [ 352319131, 1369736244 ] }, "geometry": { "type": "LineString", "coordinates": [ [ 20.5246453, 54.7190459 ], [ 20.5245019, 54.7187651 ], [ 20.5242645, 54.718115 ], [ 20.524139, 54.7177801 ], [ 20.5238951, 54.7171246 ], [ 20.523833, 54.7169448 ], [ 20.5236331, 54.7163009 ] ] } },
{ "type": "Feature", "properties": { "u": 387, "v": 271, "key": 0, "oneway": "True", "highway": "residential", "name": "Космическая улица", "maxspeed": "RU:urban", "lanes": "2", "osmid": "204024684" }, "geometry": { "type": "LineString", "coordinates": [ [ 20.5023847, 54.7161807 ], [ 20.5021869, 54.7159828 ] ] } },
{ "type": "Feature", "properties": { "u": 387, "v": 78, "key": 0, "oneway": "False", "highway": "residential", "name": "Космическая улица", "maxspeed": "RU:urban", "lanes": "2", "osmid": "980859138" }, "geometry": { "type": "LineString", "coordinates": [ [ 20.5023847, 54.7161807 ], [ 20.5024497, 54.7162457 ] ] } },
{ "type": "Feature", "properties": { "u": 388, "v": 376, "key": 0, "oneway": "False", "highway": "living_street", "name": "", "maxspeed": "RU:living_street", "lanes": "", "osmid": "238150712" }, "geometry": { "type": "LineString", "coordinates": [ [ 20.5021958, 54.7090809 ], [ 20.5018827, 54.7087778 ] ] } },
{ "type": "Feature", "properties": { "u": 388, "v": 374, "key": 0, "oneway": "False", "highway": "living_street", "name": "", "maxspeed": "RU:living_street", "lanes": "", "osmid": "238150713" }, "geometry": { "type": "LineString", "coordinates": [ [ 20.5021958, 54.7090809 ], [ 20.5028427, 54.7089745 ], [ 20.5023943, 54.708307 ] ] } },
{ "type": "Feature", "properties": { "u": 388, "v": 377, "key": 0, "oneway": "False", "highway": "living_street", "name": "", "maxspeed": "RU:living_street", "lanes": "", "osmid": "238150713" }, "geometry": { "type": "LineString", "coordinates": [ [ 20.5021958, 54.7090809 ], [ 20.5018291, 54.7091462 ], [ 20.501906, 54.7093452 ], [ 20.5019214, 54.7093859 ] ] } },
{ "type": "Feature", "properties": { "u": 389, "v": 616, "key": 0, "oneway": "False", "highway": "residential", "name": "Эльблонгская улица", "maxspeed": "RU:living_street", "lanes": "2", "osmid": "1368750756" }, "geometry": { "type": "LineString", "coordinates": [ [ 20.4956407, 54.6996228 ], [ 20.496147, 54.6994239 ], [ 20.4964731, 54.6994796 ], [ 20.4972758, 54.6996716 ], [ 20.4976009, 54.7003177 ], [ 20.4977699, 54.7003386 ], [ 20.4977361, 54.7005568 ] ] } },
{ "type": "Feature", "properties": { "u": 390, "v": 518, "key": 0, "oneway": "True", "highway": "primary", "name": "Ленинский проспект", "maxspeed": "RU:urban", "lanes": "3", "osmid": "983916336" }, "geometry": { "type": "LineString", "coordinates": [ [ 20.508791, 54.7117929 ], [ 20.5089051, 54.7116968 ] ] } },
{ "type": "Feature", "properties": { "u": 390, "v": 515, "key": 0, "oneway": "True", "highway": "tertiary", "name": "улица Вагнера", "maxspeed": "RU:urban", "lanes": "1", "osmid": "42596807" }, "geometry": { "type": "LineString", "coordinates": [ [ 20.508791, 54.7117929 ], [ 20.5088368, 54.7118049 ], [ 20.5088765, 54.7118229 ], [ 20.5088989, 54.7118492 ], [ 20.5089095, 54.7118658 ], [ 20.5089156, 54.7118861 ], [ 20.5089191, 54.7119241 ], [ 20.5089166, 54.7119482 ], [ 20.508907, 54.711982 ] ] } },
{ "type": "Feature", "properties": { "u": 391, "v": 399, "key": 0, "oneway": "False", "highway": "living_street", "name": "", "maxspeed": "RU:living_street", "lanes": "", "osmid": "285081421" }, "geometry": { "type": "LineString", "coordinates": [ [ 20.5075843, 54.7135592 ], [ 20.5075553, 54.7135446 ] ] } },
{ "type": "Feature", "properties": { "u": 391, "v": 351, "key": 0, "oneway": "False", "highway": "living_street", "name": "Университетская улица", "maxspeed": "RU:living_street", "lanes": "", "osmid": "270046395" }, "geometry": { "type": "LineString", "coordinates": [ [ 20.5075843, 54.7135592 ], [ 20.5079036, 54.7137713 ], [ 20.5074669, 54.7140734 ], [ 20.5076672, 54.7141806 ] ] } },
{ "type": "Feature", "properties": { "u": 391, "v": 392, "key": 0, "oneway": "False", "highway": "living_street", "name": "", "maxspeed": "RU:living_street", "lanes": "", "osmid": [ 42597248, 285081420 ] }, "geometry": { "type": "LineString", "coordinates": [ [ 20.5075843, 54.7135592 ], [ 20.507829, 54.7133897 ], [ 20.5080489, 54.7134889 ] ] } },
{ "type": "Feature", "properties": { "u": 392, "v": 391, "key": 0, "oneway": "False", "highway": "living_street", "name": "", "maxspeed": "RU:living_street", "lanes": "", "osmid": [ 42597248, 285081420 ] }, "geometry": { "type": "LineString", "coordinates": [ [ 20.5080489, 54.7134889 ], [ 20.507829, 54.7133897 ], [ 20.5075843, 54.7135592 ] ] } },
{ "type": "Feature", "properties": { "u": 393, "v": 92, "key": 0, "oneway": "False", "highway": "unclassified", "name": "улица Ушинского", "maxspeed": "", "lanes": "2", "osmid": "42740841" }, "geometry": { "type": "LineString", "coordinates": [ [ 20.4948103, 54.7198654 ], [ 20.4948206, 54.7197333 ], [ 20.4948328, 54.7195756 ], [ 20.494834, 54.719559 ], [ 20.4948159, 54.7191843 ], [ 20.4948014, 54.7190185 ], [ 20.4947897, 54.718886 ] ] } },
{ "type": "Feature", "properties": { "u": 394, "v": 79, "key": 0, "oneway": "False", "highway": "living_street", "name": "Космическая улица", "maxspeed": "RU:living_street", "lanes": "", "osmid": [ 206266640, 274851449 ] }, "geometry": { "type": "LineString", "coordinates": [ [ 20.5012547, 54.7151467 ], [ 20.5009643, 54.7152414 ], [ 20.5008122, 54.7152639 ], [ 20.5007843, 54.7152387 ], [ 20.4999174, 54.7143389 ] ] } },
{ "type": "Feature", "properties": { "u": 394, "v": 77, "key": 0, "oneway": "True", "highway": "residential", "name": "Космическая улица", "maxspeed": "RU:urban", "lanes": "2", "osmid": [ 1372756614, 1372756615 ] }, "geometry": { "type": "LineString", "coordinates": [ [ 20.5012547, 54.7151467 ], [ 20.5011245, 54.7150097 ], [ 20.5006261, 54.7144468 ] ] } },
{ "type": "Feature", "properties": { "u": 395, "v": 396, "key": 0, "oneway": "False", "highway": "tertiary", "name": "улица Профессора Баранова", "maxspeed": "RU:urban", "lanes": "3", "osmid": "1364318064" }, "geometry": { "type": "LineString", "coordinates": [ [ 20.5126858, 54.7215993 ], [ 20.5142053, 54.721922 ] ] } },
{ "type": "Feature", "properties": { "u": 396, "v": 395, "key": 0, "oneway": "False", "highway": "tertiary", "name": "улица Профессора Баранова", "maxspeed": "RU:urban", "lanes": "3", "osmid": "1364318064" }, "geometry": { "type": "LineString", "coordinates": [ [ 20.5142053, 54.721922 ], [ 20.5126858, 54.7215993 ] ] } },
{ "type": "Feature", "properties": { "u": 396, "v": 107, "key": 0, "oneway": "True", "highway": "tertiary", "name": "улица Профессора Баранова", "maxspeed": "RU:urban", "lanes": "1", "osmid": "1364318062" }, "geometry": { "type": "LineString", "coordinates": [ [ 20.5142053, 54.721922 ], [ 20.514364, 54.7219427 ], [ 20.5145493, 54.7219582 ], [ 20.5146994, 54.721959 ], [ 20.5147349, 54.7219579 ], [ 20.5147713, 54.7219558 ] ] } },
{ "type": "Feature", "properties": { "u": 396, "v": 615, "key": 0, "oneway": "True", "highway": "tertiary", "name": "улица Профессора Баранова", "maxspeed": "RU:urban", "lanes": "1", "osmid": "1364318063" }, "geometry": { "type": "LineString", "coordinates": [ [ 20.5142053, 54.721922 ], [ 20.514286, 54.721918 ], [ 20.5143781, 54.7219043 ], [ 20.5144358, 54.7218885 ], [ 20.5144928, 54.7218644 ], [ 20.5145357, 54.7218331 ], [ 20.5146217, 54.7217541 ], [ 20.5146483, 54.7217298 ], [ 20.5146613, 54.7217178 ] ] } },
{ "type": "Feature", "properties": { "u": 397, "v": 398, "key": 0, "oneway": "False", "highway": "living_street", "name": "", "maxspeed": "RU:living_street", "lanes": "", "osmid": "285081419" }, "geometry": { "type": "LineString", "coordinates": [ [ 20.507775, 54.7131829 ], [ 20.507375, 54.7134542 ] ] } },
{ "type": "Feature", "properties": { "u": 398, "v": 397, "key": 0, "oneway": "False", "highway": "living_street", "name": "", "maxspeed": "RU:living_street", "lanes": "", "osmid": "285081419" }, "geometry": { "type": "LineString", "coordinates": [ [ 20.507375, 54.7134542 ], [ 20.507775, 54.7131829 ] ] } },
{ "type": "Feature", "properties": { "u": 398, "v": 399, "key": 0, "oneway": "False", "highway": "living_street", "name": "", "maxspeed": "RU:living_street", "lanes": "", "osmid": "285081421" }, "geometry": { "type": "LineString", "coordinates": [ [ 20.507375, 54.7134542 ], [ 20.5075553, 54.7135446 ] ] } },
{ "type": "Feature", "properties": { "u": 398, "v": 3, "key": 0, "oneway": "False", "highway": "living_street", "name": "", "maxspeed": "RU:living_street", "lanes": "", "osmid": [ 1372756600, 285081421 ] }, "geometry": { "type": "LineString", "coordinates": [ [ 20.507375, 54.7134542 ], [ 20.5071511, 54.7133418 ], [ 20.5070211, 54.7132843 ] ] } },
{ "type": "Feature", "properties": { "u": 399, "v": 400, "key": 0, "oneway": "False", "highway": "living_street", "name": "", "maxspeed": "RU:living_street", "lanes": "", "osmid": "285081418" }, "geometry": { "type": "LineString", "coordinates": [ [ 20.5075553, 54.7135446 ], [ 20.506951, 54.7139572 ] ] } },
{ "type": "Feature", "properties": { "u": 399, "v": 398, "key": 0, "oneway": "False", "highway": "living_street", "name": "", "maxspeed": "RU:living_street", "lanes": "", "osmid": "285081421" }, "geometry": { "type": "LineString", "coordinates": [ [ 20.5075553, 54.7135446 ], [ 20.507375, 54.7134542 ] ] } },
{ "type": "Feature", "properties": { "u": 399, "v": 391, "key": 0, "oneway": "False", "highway": "living_street", "name": "", "maxspeed": "RU:living_street", "lanes": "", "osmid": "285081421" }, "geometry": { "type": "LineString", "coordinates": [ [ 20.5075553, 54.7135446 ], [ 20.5075843, 54.7135592 ] ] } },
{ "type": "Feature", "properties": { "u": 400, "v": 399, "key": 0, "oneway": "False", "highway": "living_street", "name": "", "maxspeed": "RU:living_street", "lanes": "", "osmid": "285081418" }, "geometry": { "type": "LineString", "coordinates": [ [ 20.506951, 54.7139572 ], [ 20.5075553, 54.7135446 ] ] } },
{ "type": "Feature", "properties": { "u": 401, "v": 402, "key": 0, "oneway": "False", "highway": "secondary", "name": "Озёрный проезд", "maxspeed": "RU:urban", "lanes": "2", "osmid": "1487710775" }, "geometry": { "type": "LineString", "coordinates": [ [ 20.5152269, 54.7218312 ], [ 20.514894, 54.7219301 ] ] } },
{ "type": "Feature", "properties": { "u": 402, "v": 623, "key": 0, "oneway": "True", "highway": "secondary", "name": "", "maxspeed": "", "lanes": "", "osmid": "1487710774" }, "geometry": { "type": "LineString", "coordinates": [ [ 20.514894, 54.7219301 ], [ 20.5147867, 54.7219908 ] ] } },
{ "type": "Feature", "properties": { "u": 402, "v": 401, "key": 0, "oneway": "False", "highway": "secondary", "name": "Озёрный проезд", "maxspeed": "RU:urban", "lanes": "2", "osmid": "1487710775" }, "geometry": { "type": "LineString", "coordinates": [ [ 20.514894, 54.7219301 ], [ 20.5152269, 54.7218312 ] ] } },
{ "type": "Feature", "properties": { "u": 403, "v": 383, "key": 0, "oneway": "False", "highway": "living_street", "name": "", "maxspeed": "RU:living_street", "lanes": "", "osmid": "212303073" }, "geometry": { "type": "LineString", "coordinates": [ [ 20.5031977, 54.7158166 ], [ 20.5031375, 54.7157977 ], [ 20.5028231, 54.7156947 ] ] } },
{ "type": "Feature", "properties": { "u": 403, "v": 519, "key": 0, "oneway": "True", "highway": "primary", "name": "Ленинский проспект", "maxspeed": "RU:urban", "lanes": "3", "osmid": [ 980011192, 983859260 ] }, "geometry": { "type": "LineString", "coordinates": [ [ 20.5031977, 54.7158166 ], [ 20.5032137, 54.7158027 ], [ 20.5041166, 54.7150673 ] ] } },
{ "type": "Feature", "properties": { "u": 404, "v": 287, "key": 0, "oneway": "False", "highway": "living_street", "name": "", "maxspeed": "RU:living_street", "lanes": "", "osmid": "1020261721" }, "geometry": { "type": "LineString", "coordinates": [ [ 20.5001653, 54.6965266 ], [ 20.5001386, 54.6965358 ] ] } },
{ "type": "Feature", "properties": { "u": 405, "v": 297, "key": 0, "oneway": "False", "highway": "residential", "name": "Серпуховский переулок", "maxspeed": "", "lanes": "", "osmid": "1372496945" }, "geometry": { "type": "LineString", "coordinates": [ [ 20.5004843, 54.696907 ], [ 20.5008039, 54.696822 ], [ 20.5008565, 54.6968113 ], [ 20.500914, 54.6967997 ] ] } },
{ "type": "Feature", "properties": { "u": 406, "v": 44, "key": 0, "oneway": "False", "highway": "secondary", "name": "Портовая улица", "maxspeed": "RU:urban", "lanes": "2", "osmid": "989399948" }, "geometry": { "type": "LineString", "coordinates": [ [ 20.5054075, 54.704225 ], [ 20.5052869, 54.7042404 ] ] } },
{ "type": "Feature", "properties": { "u": 406, "v": 524, "key": 0, "oneway": "True", "highway": "secondary_link", "name": "Портовая улица", "maxspeed": "RU:urban", "lanes": "1", "osmid": "980011182" }, "geometry": { "type": "LineString", "coordinates": [ [ 20.5054075, 54.704225 ], [ 20.5054638, 54.7042009 ], [ 20.5055174, 54.7041536 ], [ 20.5055784, 54.7040734 ] ] } },
{ "type": "Feature", "properties": { "u": 407, "v": 264, "key": 0, "oneway": "True", "highway": "primary", "name": "Второй эстакадный мост", "maxspeed": "RU:urban", "lanes": "3", "osmid": "289093945" }, "geometry": { "type": "LineString", "coordinates": [ [ 20.5221698, 54.7121452 ], [ 20.5221828, 54.7120601 ], [ 20.5221891, 54.7120204 ], [ 20.5221999, 54.7119515 ], [ 20.5222581, 54.7116494 ], [ 20.5222933, 54.7114307 ], [ 20.5223938, 54.7109022 ], [ 20.5224475, 54.7106836 ] ] } },
{ "type": "Feature", "properties": { "u": 407, "v": 479, "key": 0, "oneway": "False", "highway": "secondary", "name": "улица Фрунзе", "maxspeed": "RU:urban", "lanes": "2", "osmid": "289093957" }, "geometry": { "type": "LineString", "coordinates": [ [ 20.5221698, 54.7121452 ], [ 20.5223199, 54.7121614 ], [ 20.5223663, 54.7121664 ], [ 20.522501, 54.712181 ] ] } },
{ "type": "Feature", "properties": { "u": 407, "v": 220, "key": 0, "oneway": "False", "highway": "secondary", "name": "улица Фрунзе", "maxspeed": "RU:urban", "lanes": "3", "osmid": [ 451798530, 669755252, 669755253, 669755254 ] }, "geometry": { "type": "LineString", "coordinates": [ [ 20.5221698, 54.7121452 ], [ 20.522083, 54.7121342 ], [ 20.5219177, 54.7121179 ], [ 20.5218796, 54.7121147 ], [ 20.5217135, 54.7121008 ], [ 20.5213758, 54.7120719 ], [ 20.520998, 54.7120417 ], [ 20.5206462, 54.7119988 ], [ 20.5204948, 54.7119821 ] ] } },
{ "type": "Feature", "properties": { "u": 408, "v": 190, "key": 0, "oneway": "True", "highway": "primary", "name": "Московский проспект", "maxspeed": "RU:urban", "lanes": "4", "osmid": "404700843" }, "geometry": { "type": "LineString", "coordinates": [ [ 20.5032711, 54.7100769 ], [ 20.5016943, 54.710213 ] ] } },
{ "type": "Feature", "properties": { "u": 408, "v": 410, "key": 0, "oneway": "False", "highway": "living_street", "name": "", "maxspeed": "", "lanes": "", "osmid": [ 290833258, 290833916 ] }, "geometry": { "type": "LineString", "coordinates": [ [ 20.5032711, 54.7100769 ], [ 20.5032647, 54.7101918 ], [ 20.5033123, 54.7105634 ], [ 20.5030248, 54.710584 ], [ 20.5025781, 54.710616 ], [ 20.5017191, 54.710699 ], [ 20.5015353, 54.7106453 ] ] } },
{ "type": "Feature", "properties": { "u": 409, "v": 410, "key": 0, "oneway": "False", "highway": "living_street", "name": "", "maxspeed": "", "lanes": "", "osmid": "290833916" }, "geometry": { "type": "LineString", "coordinates": [ [ 20.5014489, 54.7102366 ], [ 20.5014747, 54.7103532 ], [ 20.5015353, 54.7106453 ] ] } },
{ "type": "Feature", "properties": { "u": 409, "v": 412, "key": 0, "oneway": "True", "highway": "primary", "name": "Московский проспект", "maxspeed": "RU:urban", "lanes": "3", "osmid": "1370697577" }, "geometry": { "type": "LineString", "coordinates": [ [ 20.5014489, 54.7102366 ], [ 20.5005108, 54.7103275 ], [ 20.500463, 54.7103317 ] ] } },
{ "type": "Feature", "properties": { "u": 410, "v": 409, "key": 0, "oneway": "False", "highway": "living_street", "name": "", "maxspeed": "", "lanes": "", "osmid": "290833916" }, "geometry": { "type": "LineString", "coordinates": [ [ 20.5015353, 54.7106453 ], [ 20.5014747, 54.7103532 ], [ 20.5014489, 54.7102366 ] ] } },
{ "type": "Feature", "properties": { "u": 410, "v": 408, "key": 0, "oneway": "False", "highway": "living_street", "name": "", "maxspeed": "", "lanes": "", "osmid": [ 290833258, 290833916 ] }, "geometry": { "type": "LineString", "coordinates": [ [ 20.5015353, 54.7106453 ], [ 20.5017191, 54.710699 ], [ 20.5025781, 54.710616 ], [ 20.5030248, 54.710584 ], [ 20.5033123, 54.7105634 ], [ 20.5032647, 54.7101918 ], [ 20.5032711, 54.7100769 ] ] } },
{ "type": "Feature", "properties": { "u": 410, "v": 411, "key": 0, "oneway": "False", "highway": "living_street", "name": "", "maxspeed": "", "lanes": "", "osmid": "290833917" }, "geometry": { "type": "LineString", "coordinates": [ [ 20.5015353, 54.7106453 ], [ 20.5013597, 54.7106904 ], [ 20.5012256, 54.7107772 ], [ 20.5010244, 54.7107896 ] ] } },
{ "type": "Feature", "properties": { "u": 411, "v": 410, "key": 0, "oneway": "False", "highway": "living_street", "name": "", "maxspeed": "", "lanes": "", "osmid": "290833917" }, "geometry": { "type": "LineString", "coordinates": [ [ 20.5010244, 54.7107896 ], [ 20.5012256, 54.7107772 ], [ 20.5013597, 54.7106904 ], [ 20.5015353, 54.7106453 ] ] } },
{ "type": "Feature", "properties": { "u": 412, "v": 413, "key": 0, "oneway": "False", "highway": "living_street", "name": "", "maxspeed": "", "lanes": "", "osmid": "290835250" }, "geometry": { "type": "LineString", "coordinates": [ [ 20.500463, 54.7103317 ], [ 20.5004899, 54.7104433 ], [ 20.500559, 54.7107305 ] ] } },
{ "type": "Feature", "properties": { "u": 412, "v": 55, "key": 0, "oneway": "True", "highway": "primary", "name": "Московский проспект", "maxspeed": "RU:urban", "lanes": "3", "osmid": [ 1370697576, 1370697577, 128167914, 1370697573 ] }, "geometry": { "type": "LineString", "coordinates": [ [ 20.500463, 54.7103317 ], [ 20.4984376, 54.7105052 ], [ 20.4982504, 54.7105206 ], [ 20.4980112, 54.7105402 ], [ 20.4978721, 54.7105516 ], [ 20.497468, 54.7105897 ], [ 20.4969263, 54.7106408 ], [ 20.496465, 54.7106858 ], [ 20.4960368, 54.7107532 ], [ 20.4955128, 54.7108918 ], [ 20.4954093, 54.7109284 ], [ 20.4952848, 54.7109724 ], [ 20.4950822, 54.7110582 ] ] } },
{ "type": "Feature", "properties": { "u": 413, "v": 412, "key": 0, "oneway": "False", "highway": "living_street", "name": "", "maxspeed": "", "lanes": "", "osmid": "290835250" }, "geometry": { "type": "LineString", "coordinates": [ [ 20.500559, 54.7107305 ], [ 20.5004899, 54.7104433 ], [ 20.500463, 54.7103317 ] ] } },
{ "type": "Feature", "properties": { "u": 414, "v": 68, "key": 0, "oneway": "False", "highway": "residential", "name": "улица Коперника", "maxspeed": "RU:urban", "lanes": "1", "osmid": [ 1372756620, 1372756621, 1372756622, 693840853, 693840854, 693840855, 42600189 ] }, "geometry": { "type": "LineString", "coordinates": [ [ 20.5066711, 54.7104629 ], [ 20.5067482, 54.7104752 ], [ 20.5068581, 54.7106318 ], [ 20.5068607, 54.7106992 ], [ 20.5068549, 54.7107766 ], [ 20.5068145, 54.7112406 ], [ 20.5068077, 54.7113183 ], [ 20.5067949, 54.7114655 ], [ 20.5067916, 54.7115035 ], [ 20.5067801, 54.7116359 ], [ 20.5067648, 54.7118116 ] ] } },
{ "type": "Feature", "properties": { "u": 414, "v": 415, "key": 0, "oneway": "False", "highway": "living_street", "name": "", "maxspeed": "RU:living_street", "lanes": "", "osmid": "290901706" }, "geometry": { "type": "LineString", "coordinates": [ [ 20.5066711, 54.7104629 ], [ 20.5064002, 54.7104335 ], [ 20.5059496, 54.7104707 ], [ 20.5056411, 54.7104815 ], [ 20.5054882, 54.7104629 ], [ 20.5052683, 54.710466 ], [ 20.504469, 54.7105489 ], [ 20.5043631, 54.710576 ], [ 20.5042679, 54.7106396 ], [ 20.5042505, 54.7106802 ] ] } },
{ "type": "Feature", "properties": { "u": 415, "v": 346, "key": 0, "oneway": "False", "highway": "residential", "name": "улица Коперника", "maxspeed": "RU:urban", "lanes": "1", "osmid": "177144645" }, "geometry": { "type": "LineString", "coordinates": [ [ 20.5042505, 54.7106802 ], [ 20.504494, 54.7106568 ] ] } },
{ "type": "Feature", "properties": { "u": 415, "v": 84, "key": 0, "oneway": "False", "highway": "residential", "name": "улица Коперника", "maxspeed": "RU:urban", "lanes": "1", "osmid": "177144645" }, "geometry": { "type": "LineString", "coordinates": [ [ 20.5042505, 54.7106802 ], [ 20.5038491, 54.7107187 ], [ 20.5034271, 54.7107845 ] ] } },
{ "type": "Feature", "properties": { "u": 415, "v": 414, "key": 0, "oneway": "False", "highway": "living_street", "name": "", "maxspeed": "RU:living_street", "lanes": "", "osmid": "290901706" }, "geometry": { "type": "LineString", "coordinates": [ [ 20.5042505, 54.7106802 ], [ 20.5042679, 54.7106396 ], [ 20.5043631, 54.710576 ], [ 20.504469, 54.7105489 ], [ 20.5052683, 54.710466 ], [ 20.5054882, 54.7104629 ], [ 20.5056411, 54.7104815 ], [ 20.5059496, 54.7104707 ], [ 20.5064002, 54.7104335 ], [ 20.5066711, 54.7104629 ] ] } },
{ "type": "Feature", "properties": { "u": 416, "v": 418, "key": 0, "oneway": "True", "highway": "tertiary", "name": "улица Дмитрия Донского", "maxspeed": "", "lanes": "1", "osmid": "735094028" }, "geometry": { "type": "LineString", "coordinates": [ [ 20.4927925, 54.7169894 ], [ 20.4928125, 54.7170017 ], [ 20.4928378, 54.7170307 ], [ 20.4928419, 54.7170631 ], [ 20.4928242, 54.717094 ], [ 20.4927874, 54.7171186 ], [ 20.492755, 54.7171287 ] ] } },
{ "type": "Feature", "properties": { "u": 416, "v": 555, "key": 0, "oneway": "False", "highway": "residential", "name": "улица Марата", "maxspeed": "RU:urban", "lanes": "2", "osmid": [ 1374294960, 1374294961, 1374294962, 1374294963, 1374294964, 1374294965, 1374294966, 980859158, 42758430 ] }, "geometry": { "type": "LineString", "coordinates": [ [ 20.4927925, 54.7169894 ], [ 20.4928233, 54.7169752 ], [ 20.4928727, 54.7169524 ], [ 20.4934695, 54.7166903 ], [ 20.4941198, 54.7171967 ], [ 20.494217, 54.7172808 ], [ 20.4943081, 54.7173596 ], [ 20.4945035, 54.7175292 ], [ 20.4945676, 54.7176699 ], [ 20.4945938, 54.7178958 ], [ 20.4946207, 54.718062 ], [ 20.4946381, 54.7181446 ], [ 20.4946641, 54.7182511 ], [ 20.4946723, 54.7182847 ], [ 20.4947019, 54.7184073 ], [ 20.4947656, 54.7185215 ], [ 20.4948016, 54.7185861 ], [ 20.494818, 54.7186125 ] ] } },
{ "type": "Feature", "properties": { "u": 417, "v": 416, "key": 0, "oneway": "True", "highway": "tertiary", "name": "улица Дмитрия Донского", "maxspeed": "", "lanes": "1", "osmid": [ 735094027, 735094029 ] }, "geometry": { "type": "LineString", "coordinates": [ [ 20.4925655, 54.7170228 ], [ 20.4925734, 54.7170118 ], [ 20.4926101, 54.7169872 ], [ 20.4926604, 54.7169726 ], [ 20.4927165, 54.7169702 ], [ 20.4927699, 54.7169804 ], [ 20.4927925, 54.7169894 ] ] } },
{ "type": "Feature", "properties": { "u": 417, "v": 286, "key": 0, "oneway": "False", "highway": "tertiary", "name": "улица Дмитрия Донского", "maxspeed": "RU:urban", "lanes": "2", "osmid": [ 1107464570, 42758531, 1374294958, 1374294959 ] }, "geometry": { "type": "LineString", "coordinates": [ [ 20.4925655, 54.7170228 ], [ 20.4925084, 54.7169923 ], [ 20.492315, 54.7168627 ], [ 20.4918459, 54.7165359 ], [ 20.4915586, 54.7163297 ], [ 20.4912856, 54.7161843 ], [ 20.4909433, 54.7160439 ], [ 20.490663, 54.715984 ], [ 20.4903162, 54.715914 ], [ 20.4895387, 54.715825 ], [ 20.4891993, 54.7158234 ] ] } },
{ "type": "Feature", "properties": { "u": 418, "v": 417, "key": 0, "oneway": "True", "highway": "tertiary", "name": "улица Дмитрия Донского", "maxspeed": "", "lanes": "1", "osmid": "294349049" }, "geometry": { "type": "LineString", "coordinates": [ [ 20.492755, 54.7171287 ], [ 20.4927371, 54.7171332 ], [ 20.492681, 54.7171355 ], [ 20.4926276, 54.7171253 ], [ 20.492585, 54.7171041 ], [ 20.4925598, 54.717075 ], [ 20.4925557, 54.7170426 ], [ 20.4925655, 54.7170228 ] ] } },
{ "type": "Feature", "properties": { "u": 418, "v": 554, "key": 0, "oneway": "False", "highway": "residential", "name": "улица Дмитрия Донского", "maxspeed": "", "lanes": "2", "osmid": [ 155533864, 735094026, 1374294968, 1374294969, 1374294970, 1107464571 ] }, "geometry": { "type": "LineString", "coordinates": [ [ 20.492755, 54.7171287 ], [ 20.4928785, 54.7172618 ], [ 20.4930476, 54.7174698 ], [ 20.4930695, 54.7174968 ], [ 20.4931164, 54.7175878 ], [ 20.4933038, 54.717951 ], [ 20.4934286, 54.7183363 ], [ 20.4934716, 54.7185526 ], [ 20.4934894, 54.7187406 ], [ 20.4934933, 54.7187819 ], [ 20.493499, 54.7188422 ], [ 20.4935036, 54.7188912 ] ] } },
{ "type": "Feature", "properties": { "u": 419, "v": 220, "key": 0, "oneway": "False", "highway": "residential", "name": "улица Сергея Тюленина", "maxspeed": "", "lanes": "2", "osmid": [ 54990296, 669755255 ] }, "geometry": { "type": "LineString", "coordinates": [ [ 20.5209892, 54.7097133 ], [ 20.5209847, 54.7100753 ], [ 20.5208174, 54.7107272 ], [ 20.5207739, 54.7108966 ], [ 20.5205843, 54.7116353 ], [ 20.520523, 54.7118743 ], [ 20.520499, 54.7119662 ], [ 20.5204948, 54.7119821 ] ] } },
{ "type": "Feature", "properties": { "u": 420, "v": 407, "key": 0, "oneway": "True", "highway": "primary", "name": "улица 9-го Апреля", "maxspeed": "RU:urban", "lanes": "5", "osmid": "396754800" }, "geometry": { "type": "LineString", "coordinates": [ [ 20.5221041, 54.7129863 ], [ 20.5221084, 54.7128726 ], [ 20.5221302, 54.712447 ], [ 20.5221585, 54.712207 ], [ 20.5221669, 54.7121702 ], [ 20.5221698, 54.7121452 ] ] } },
{ "type": "Feature", "properties": { "u": 421, "v": 420, "key": 0, "oneway": "True", "highway": "residential", "name": "", "maxspeed": "", "lanes": "1", "osmid": "312487830" }, "geometry": { "type": "LineString", "coordinates": [ [ 20.5219068, 54.7130892 ], [ 20.5219493, 54.713072 ], [ 20.5220702, 54.7130244 ], [ 20.5221041, 54.7129863 ] ] } },
{ "type": "Feature", "properties": { "u": 421, "v": 269, "key": 0, "oneway": "False", "highway": "residential", "name": "", "maxspeed": "", "lanes": "2", "osmid": [ 1372195043, 1372195044, 1372195045, 1372195046, 1372195047, 367861815, 352319127, 669755259 ] }, "geometry": { "type": "LineString", "coordinates": [ [ 20.5219068, 54.7130892 ], [ 20.5217052, 54.7130893 ], [ 20.5212486, 54.7130537 ], [ 20.5211386, 54.7130451 ], [ 20.5209646, 54.7130315 ], [ 20.5207241, 54.7130128 ], [ 20.5199072, 54.7129642 ], [ 20.5194035, 54.7130198 ], [ 20.5192862, 54.7130328 ], [ 20.5190862, 54.713068 ] ] } },
{ "type": "Feature", "properties": { "u": 422, "v": 421, "key": 0, "oneway": "True", "highway": "residential", "name": "", "maxspeed": "", "lanes": "1", "osmid": "312487835" }, "geometry": { "type": "LineString", "coordinates": [ [ 20.5221022, 54.7131877 ], [ 20.522038, 54.7131349 ], [ 20.5219565, 54.7131087 ], [ 20.5219068, 54.7130892 ] ] } },
{ "type": "Feature", "properties": { "u": 422, "v": 420, "key": 0, "oneway": "True", "highway": "primary", "name": "улица 9-го Апреля", "maxspeed": "RU:urban", "lanes": "3", "osmid": "1232531213" }, "geometry": { "type": "LineString", "coordinates": [ [ 20.5221022, 54.7131877 ], [ 20.5220995, 54.713077 ], [ 20.5221041, 54.7129863 ] ] } },
{ "type": "Feature", "properties": { "u": 423, "v": 422, "key": 0, "oneway": "True", "highway": "primary", "name": "улица 9-го Апреля", "maxspeed": "RU:urban", "lanes": "4", "osmid": [ 669755264, 1370089181, 1232531212, 989481647, 669755260, 669755261, 1370089182 ] }, "geometry": { "type": "LineString", "coordinates": [ [ 20.5238938, 54.7160676 ], [ 20.5238619, 54.7160446 ], [ 20.5236431, 54.7158816 ], [ 20.5234579, 54.7157248 ], [ 20.5233643, 54.7156324 ], [ 20.5231623, 54.7154135 ], [ 20.5229246, 54.715142 ], [ 20.5229058, 54.7151169 ], [ 20.5227927, 54.7149614 ], [ 20.5225349, 54.7145607 ], [ 20.522376, 54.7142799 ], [ 20.5222511, 54.7139835 ], [ 20.5221993, 54.7138209 ], [ 20.5221626, 54.7136685 ], [ 20.5221289, 54.7134559 ], [ 20.5221149, 54.713336 ], [ 20.5221032, 54.7132342 ], [ 20.5221022, 54.7131877 ] ] } },
{ "type": "Feature", "properties": { "u": 424, "v": 227, "key": 0, "oneway": "False", "highway": "residential", "name": "Нерчинская улица", "maxspeed": "RU:urban", "lanes": "2", "osmid": "352319122" }, "geometry": { "type": "LineString", "coordinates": [ [ 20.5249064, 54.7162223 ], [ 20.5258647, 54.7161935 ] ] } },
{ "type": "Feature", "properties": { "u": 424, "v": 428, "key": 0, "oneway": "True", "highway": "residential", "name": "Нерчинская улица", "maxspeed": "RU:urban", "lanes": "1", "osmid": "312487841" }, "geometry": { "type": "LineString", "coordinates": [ [ 20.5249064, 54.7162223 ], [ 20.5248408, 54.7162439 ], [ 20.5247852, 54.7162775 ], [ 20.5247448, 54.7163228 ], [ 20.5247257, 54.7163778 ] ] } },
{ "type": "Feature", "properties": { "u": 425, "v": 424, "key": 0, "oneway": "True", "highway": "residential", "name": "Нерчинская улица", "maxspeed": "RU:urban", "lanes": "1", "osmid": "316448547" }, "geometry": { "type": "LineString", "coordinates": [ [ 20.5245411, 54.7162344 ], [ 20.5246026, 54.7162359 ], [ 20.524713, 54.716231 ], [ 20.5249064, 54.7162223 ] ] } },
{ "type": "Feature", "properties": { "u": 425, "v": 428, "key": 0, "oneway": "True", "highway": "primary", "name": "улица 9-го Апреля", "maxspeed": "RU:urban", "lanes": "3", "osmid": "352319125" }, "geometry": { "type": "LineString", "coordinates": [ [ 20.5245411, 54.7162344 ], [ 20.5246046, 54.7162814 ], [ 20.5246957, 54.7163505 ], [ 20.5247257, 54.7163778 ] ] } },
{ "type": "Feature", "properties": { "u": 426, "v": 151, "key": 0, "oneway": "False", "highway": "tertiary", "name": "Нерчинская улица", "maxspeed": "RU:urban", "lanes": "2", "osmid": "106485851" }, "geometry": { "type": "LineString", "coordinates": [ [ 20.5237964, 54.7162859 ], [ 20.5236331, 54.7163009 ] ] } },
{ "type": "Feature", "properties": { "u": 426, "v": 423, "key": 0, "oneway": "True", "highway": "tertiary_link", "name": "Нерчинская улица", "maxspeed": "RU:urban", "lanes": "1", "osmid": "312487842" }, "geometry": { "type": "LineString", "coordinates": [ [ 20.5237964, 54.7162859 ], [ 20.5238289, 54.7162566 ], [ 20.5238719, 54.7162113 ], [ 20.5238777, 54.7161987 ], [ 20.523901, 54.7161478 ], [ 20.5239037, 54.7161134 ], [ 20.5238938, 54.7160676 ] ] } },
{ "type": "Feature", "properties": { "u": 427, "v": 426, "key": 0, "oneway": "True", "highway": "tertiary_link", "name": "Нерчинская улица", "maxspeed": "RU:urban", "lanes": "1", "osmid": "312487840" }, "geometry": { "type": "LineString", "coordinates": [ [ 20.5242896, 54.7163545 ], [ 20.5241259, 54.7163135 ], [ 20.5240153, 54.716295 ], [ 20.5237964, 54.7162859 ] ] } },
{ "type": "Feature", "properties": { "u": 427, "v": 423, "key": 0, "oneway": "True", "highway": "primary", "name": "улица 9-го Апреля", "maxspeed": "RU:urban", "lanes": "3", "osmid": "669755265" }, "geometry": { "type": "LineString", "coordinates": [ [ 20.5242896, 54.7163545 ], [ 20.5242406, 54.7163157 ], [ 20.5240668, 54.7161923 ], [ 20.5239374, 54.7160989 ], [ 20.5238938, 54.7160676 ] ] } },
{ "type": "Feature", "properties": { "u": 428, "v": 431, "key": 0, "oneway": "True", "highway": "primary", "name": "улица 9-го Апреля", "maxspeed": "RU:urban", "lanes": "3", "osmid": "669755270" }, "geometry": { "type": "LineString", "coordinates": [ [ 20.5247257, 54.7163778 ], [ 20.5248092, 54.7164535 ], [ 20.5249138, 54.7165658 ], [ 20.5249934, 54.7166637 ], [ 20.5250759, 54.7167718 ], [ 20.5251181, 54.7168422 ], [ 20.5251835, 54.7169514 ], [ 20.5252321, 54.7170595 ], [ 20.5252704, 54.7171676 ], [ 20.5252999, 54.7172604 ], [ 20.5253205, 54.7173608 ], [ 20.5253323, 54.7174731 ], [ 20.5253397, 54.7175991 ], [ 20.5253382, 54.7177183 ], [ 20.5253293, 54.7178281 ], [ 20.5253118, 54.7179503 ], [ 20.5252235, 54.7185868 ], [ 20.5251965, 54.7187772 ], [ 20.5251799, 54.7189335 ], [ 20.5251658, 54.719095 ], [ 20.5251581, 54.7193143 ], [ 20.5251572, 54.7193677 ] ] } },
{ "type": "Feature", "properties": { "u": 429, "v": 427, "key": 0, "oneway": "True", "highway": "primary", "name": "улица 9-го Апреля", "maxspeed": "RU:urban", "lanes": "3", "osmid": [ 989481649, 371510999 ] }, "geometry": { "type": "LineString", "coordinates": [ [ 20.5248986, 54.7189521 ], [ 20.5249006, 54.7189229 ], [ 20.5249237, 54.718711 ], [ 20.5249493, 54.7185436 ], [ 20.5249728, 54.7183749 ], [ 20.5250083, 54.7181391 ], [ 20.5250317, 54.7179469 ], [ 20.5250468, 54.7178374 ], [ 20.5250562, 54.7177489 ], [ 20.5250614, 54.7176767 ], [ 20.5250624, 54.7176072 ], [ 20.5250593, 54.7175549 ], [ 20.5250531, 54.7174941 ], [ 20.5250442, 54.7174233 ], [ 20.5250275, 54.7173463 ], [ 20.5250083, 54.7172723 ], [ 20.5249791, 54.7171877 ], [ 20.5249463, 54.7171128 ], [ 20.5248968, 54.7170144 ], [ 20.5248448, 54.7169238 ], [ 20.5247829, 54.7168302 ], [ 20.5247004, 54.7167289 ], [ 20.5245984, 54.7166255 ], [ 20.5244938, 54.7165263 ], [ 20.5244096, 54.7164536 ], [ 20.5243523, 54.7164042 ], [ 20.5242896, 54.7163545 ] ] } },
{ "type": "Feature", "properties": { "u": 430, "v": 386, "key": 0, "oneway": "True", "highway": "tertiary", "name": "", "maxspeed": "", "lanes": "1", "osmid": "312487844" }, "geometry": { "type": "LineString", "coordinates": [ [ 20.524886, 54.7191721 ], [ 20.524853, 54.7191455 ], [ 20.5248038, 54.7191174 ], [ 20.524763, 54.7191017 ], [ 20.524752, 54.7190975 ], [ 20.5246964, 54.7190731 ], [ 20.5246453, 54.7190459 ] ] } },
{ "type": "Feature", "properties": { "u": 430, "v": 429, "key": 0, "oneway": "True", "highway": "primary", "name": "улица 9-го Апреля", "maxspeed": "RU:urban", "lanes": "3", "osmid": "371510999" }, "geometry": { "type": "LineString", "coordinates": [ [ 20.524886, 54.7191721 ], [ 20.5248878, 54.7191066 ], [ 20.5248986, 54.7189521 ] ] } },
{ "type": "Feature", "properties": { "u": 431, "v": 432, "key": 0, "oneway": "True", "highway": "residential", "name": "Пионерский переулок", "maxspeed": "", "lanes": "1", "osmid": "312487837" }, "geometry": { "type": "LineString", "coordinates": [ [ 20.5251572, 54.7193677 ], [ 20.5251921, 54.719432 ], [ 20.525287, 54.7194731 ], [ 20.5253033, 54.7194802 ], [ 20.5254457, 54.7195032 ] ] } },
{ "type": "Feature", "properties": { "u": 431, "v": 24, "key": 0, "oneway": "True", "highway": "primary", "name": "улица 9-го Апреля", "maxspeed": "RU:urban", "lanes": "3", "osmid": "372771084" }, "geometry": { "type": "LineString", "coordinates": [ [ 20.5251572, 54.7193677 ], [ 20.5251563, 54.7194761 ], [ 20.5251547, 54.7195778 ] ] } },
{ "type": "Feature", "properties": { "u": 432, "v": 24, "key": 0, "oneway": "True", "highway": "residential", "name": "Пионерский переулок", "maxspeed": "", "lanes": "1", "osmid": [ 352319123, 295143126 ] }, "geometry": { "type": "LineString", "coordinates": [ [ 20.5254457, 54.7195032 ], [ 20.5252833, 54.7195371 ], [ 20.5251547, 54.7195778 ] ] } },
{ "type": "Feature", "properties": { "u": 432, "v": 25, "key": 0, "oneway": "False", "highway": "residential", "name": "Пионерская улица", "maxspeed": "40", "lanes": "2", "osmid": [ 223595851, 334581678, 371510992, 1370089174, 1018535229 ] }, "geometry": { "type": "LineString", "coordinates": [ [ 20.5254457, 54.7195032 ], [ 20.5260818, 54.7194295 ], [ 20.5265273, 54.7193732 ], [ 20.5265349, 54.7190179 ], [ 20.5265182, 54.7185703 ], [ 20.526514, 54.7184563 ], [ 20.5265058, 54.7182371 ], [ 20.5265055, 54.7181923 ], [ 20.5265036, 54.718039 ], [ 20.5265035, 54.717562 ], [ 20.5265436, 54.7174666 ], [ 20.526566, 54.7174116 ], [ 20.5266568, 54.7172489 ], [ 20.5266855, 54.7170201 ], [ 20.526683, 54.7166411 ], [ 20.5266834, 54.7166152 ], [ 20.5267139, 54.7163547 ] ] } },
{ "type": "Feature", "properties": { "u": 433, "v": 436, "key": 0, "oneway": "True", "highway": "primary_link", "name": "площадь Маршала Василевского", "maxspeed": "RU:urban", "lanes": "1", "osmid": "371510990" }, "geometry": { "type": "LineString", "coordinates": [ [ 20.5251937, 54.7208403 ], [ 20.5252518, 54.7208978 ], [ 20.5253306, 54.7209495 ], [ 20.525397, 54.7209844 ], [ 20.5254895, 54.7210196 ], [ 20.5256082, 54.7210584 ], [ 20.5257223, 54.7210897 ], [ 20.5258242, 54.7211033 ], [ 20.5259222, 54.7211102 ], [ 20.5261465, 54.7210904 ] ] } },
{ "type": "Feature", "properties": { "u": 433, "v": 434, "key": 0, "oneway": "True", "highway": "primary", "name": "улица 9-го Апреля", "maxspeed": "RU:urban", "lanes": "2", "osmid": "396754799" }, "geometry": { "type": "LineString", "coordinates": [ [ 20.5251937, 54.7208403 ], [ 20.5252031, 54.7208991 ], [ 20.5252504, 54.7209724 ], [ 20.5253181, 54.72104 ] ] } },
{ "type": "Feature", "properties": { "u": 434, "v": 437, "key": 0, "oneway": "True", "highway": "primary", "name": "площадь Маршала Василевского", "maxspeed": "RU:urban", "lanes": "3", "osmid": "451470436" }, "geometry": { "type": "LineString", "coordinates": [ [ 20.5253181, 54.72104 ], [ 20.5254398, 54.7210669 ], [ 20.5255514, 54.7210966 ], [ 20.5256398, 54.7211344 ] ] } },
{ "type": "Feature", "properties": { "u": 435, "v": 458, "key": 0, "oneway": "True", "highway": "primary", "name": "улица 9-го Апреля", "maxspeed": "RU:urban", "lanes": "2", "osmid": "295143128" }, "geometry": { "type": "LineString", "coordinates": [ [ 20.5248166, 54.7211272 ], [ 20.5248495, 54.7210365 ], [ 20.5248529, 54.7209177 ], [ 20.5248332, 54.7208336 ] ] } },
{ "type": "Feature", "properties": { "u": 435, "v": 434, "key": 0, "oneway": "True", "highway": "primary", "name": "площадь Маршала Василевского", "maxspeed": "RU:urban", "lanes": "2", "osmid": "371510998" }, "geometry": { "type": "LineString", "coordinates": [ [ 20.5248166, 54.7211272 ], [ 20.5249437, 54.7210719 ], [ 20.5250073, 54.7210513 ], [ 20.5250525, 54.721043 ], [ 20.5251875, 54.7210378 ], [ 20.5253181, 54.72104 ] ] } },
{ "type": "Feature", "properties": { "u": 436, "v": 438, "key": 0, "oneway": "True", "highway": "primary", "name": "улица Литовский Вал", "maxspeed": "RU:urban", "lanes": "1", "osmid": "312487832" }, "geometry": { "type": "LineString", "coordinates": [ [ 20.5261465, 54.7210904 ], [ 20.5259773, 54.7211635 ], [ 20.5258705, 54.721229 ], [ 20.5258345, 54.7213288 ] ] } },
{ "type": "Feature", "properties": { "u": 436, "v": 459, "key": 0, "oneway": "True", "highway": "primary_link", "name": "площадь Маршала Василевского", "maxspeed": "RU:urban", "lanes": "1", "osmid": "371510994" }, "geometry": { "type": "LineString", "coordinates": [ [ 20.5261465, 54.7210904 ], [ 20.5260402, 54.721175 ], [ 20.525977, 54.7212488 ], [ 20.5259567, 54.7213145 ], [ 20.5259574, 54.7214144 ], [ 20.52594, 54.7214985 ], [ 20.5258996, 54.7215767 ], [ 20.5258295, 54.7216515 ], [ 20.5257386, 54.7217138 ], [ 20.5255872, 54.7217785 ], [ 20.52555, 54.7218067 ], [ 20.5255113, 54.7218572 ], [ 20.5254935, 54.7218916 ], [ 20.5254648, 54.7220033 ] ] } },
{ "type": "Feature", "properties": { "u": 436, "v": 233, "key": 0, "oneway": "False", "highway": "primary", "name": "улица Литовский Вал", "maxspeed": "RU:urban", "lanes": "3", "osmid": [ 297911973, 669215984, 669215985, 669215986, 733841819, 733841820 ] }, "geometry": { "type": "LineString", "coordinates": [ [ 20.5261465, 54.7210904 ], [ 20.5263218, 54.7209944 ], [ 20.5265893, 54.720848 ], [ 20.5274061, 54.7204009 ], [ 20.5275355, 54.7203301 ], [ 20.527953, 54.7201044 ], [ 20.5283552, 54.7198832 ], [ 20.5286658, 54.7196959 ], [ 20.5297161, 54.719036 ], [ 20.5298285, 54.7189683 ], [ 20.5300491, 54.7188355 ] ] } },
{ "type": "Feature", "properties": { "u": 437, "v": 438, "key": 0, "oneway": "True", "highway": "primary", "name": "площадь Маршала Василевского", "maxspeed": "RU:urban", "lanes": "2", "osmid": "312487829" }, "geometry": { "type": "LineString", "coordinates": [ [ 20.5256398, 54.7211344 ], [ 20.525738, 54.7211989 ], [ 20.5257877, 54.7212492 ], [ 20.5258345, 54.7213288 ] ] } },
{ "type": "Feature", "properties": { "u": 437, "v": 436, "key": 0, "oneway": "True", "highway": "primary", "name": "улица Литовский Вал", "maxspeed": "RU:urban", "lanes": "1", "osmid": "312487831" }, "geometry": { "type": "LineString", "coordinates": [ [ 20.5256398, 54.7211344 ], [ 20.5258228, 54.7211409 ], [ 20.5261465, 54.7210904 ] ] } },
{ "type": "Feature", "properties": { "u": 438, "v": 443, "key": 0, "oneway": "True", "highway": "primary", "name": "площадь Маршала Василевского", "maxspeed": "RU:urban", "lanes": "3", "osmid": "371511000" }, "geometry": { "type": "LineString", "coordinates": [ [ 20.5258345, 54.7213288 ], [ 20.5258406, 54.7213481 ], [ 20.5258478, 54.7214173 ], [ 20.5258383, 54.7214828 ], [ 20.5258006, 54.721555 ], [ 20.5257412, 54.7216194 ], [ 20.5256545, 54.7216747 ], [ 20.5255564, 54.721724 ] ] } },
{ "type": "Feature", "properties": { "u": 439, "v": 435, "key": 0, "oneway": "True", "highway": "primary", "name": "площадь Маршала Василевского", "maxspeed": "RU:urban", "lanes": "3", "osmid": "371510997" }, "geometry": { "type": "LineString", "coordinates": [ [ 20.5245739, 54.7213108 ], [ 20.5246022, 54.7212796 ], [ 20.5246763, 54.721218 ], [ 20.5247555, 54.7211622 ], [ 20.5248166, 54.7211272 ] ] } },
{ "type": "Feature", "properties": { "u": 440, "v": 458, "key": 0, "oneway": "True", "highway": "primary_link", "name": "площадь Маршала Василевского", "maxspeed": "RU:urban", "lanes": "1", "osmid": "371510993" }, "geometry": { "type": "LineString", "coordinates": [ [ 20.5239433, 54.7214391 ], [ 20.5241162, 54.721404 ], [ 20.5242518, 54.7213635 ], [ 20.5243328, 54.7213204 ], [ 20.5244181, 54.7212638 ], [ 20.5245025, 54.7212056 ], [ 20.5245772, 54.7211486 ], [ 20.5246544, 54.7210817 ], [ 20.5247033, 54.7210334 ], [ 20.5247528, 54.7209735 ], [ 20.5247877, 54.7209225 ], [ 20.5248332, 54.7208336 ] ] } },
{ "type": "Feature", "properties": { "u": 440, "v": 439, "key": 0, "oneway": "True", "highway": "primary", "name": "улица Черняховского", "maxspeed": "RU:urban", "lanes": "2", "osmid": "371510995" }, "geometry": { "type": "LineString", "coordinates": [ [ 20.5239433, 54.7214391 ], [ 20.5241291, 54.7214341 ], [ 20.5243049, 54.721411 ], [ 20.5244548, 54.721369 ], [ 20.5245739, 54.7213108 ] ] } },
{ "type": "Feature", "properties": { "u": 441, "v": 148, "key": 0, "oneway": "True", "highway": "primary", "name": "улица Черняховского", "maxspeed": "RU:urban", "lanes": "3", "osmid": [ 423757189, 449776654, 102459887, 980120568, 975128408, 371511005 ] }, "geometry": { "type": "LineString", "coordinates": [ [ 20.5239018, 54.7215831 ], [ 20.5236291, 54.7215958 ], [ 20.5235499, 54.7216027 ], [ 20.5234497, 54.7216142 ], [ 20.5231095, 54.7216539 ], [ 20.5228096, 54.7216845 ], [ 20.5223529, 54.7217166 ], [ 20.5221936, 54.7217278 ], [ 20.5220091, 54.7217233 ], [ 20.5218685, 54.7216957 ], [ 20.521764, 54.7216676 ], [ 20.5216421, 54.7216242 ], [ 20.5214935, 54.7215664 ], [ 20.5198367, 54.7208591 ], [ 20.5196822, 54.720811 ], [ 20.5195642, 54.7207824 ], [ 20.5194614, 54.7207678 ], [ 20.5193214, 54.7207628 ], [ 20.5185941, 54.7207696 ], [ 20.5183718, 54.720774 ] ] } },
{ "type": "Feature", "properties": { "u": 442, "v": 441, "key": 0, "oneway": "True", "highway": "primary", "name": "улица Черняховского", "maxspeed": "RU:urban", "lanes": "2", "osmid": "312487838" }, "geometry": { "type": "LineString", "coordinates": [ [ 20.5246475, 54.7216048 ], [ 20.5245387, 54.7215739 ], [ 20.5243634, 54.7215671 ], [ 20.5241917, 54.72157 ], [ 20.5239018, 54.7215831 ] ] } },
{ "type": "Feature", "properties": { "u": 442, "v": 439, "key": 0, "oneway": "True", "highway": "primary", "name": "площадь Маршала Василевского", "maxspeed": "RU:urban", "lanes": "2", "osmid": "449776653" }, "geometry": { "type": "LineString", "coordinates": [ [ 20.5246475, 54.7216048 ], [ 20.5245869, 54.7215259 ], [ 20.5245718, 54.7214783 ], [ 20.5245683, 54.7214477 ], [ 20.5245647, 54.7213992 ], [ 20.5245739, 54.7213108 ] ] } },
{ "type": "Feature", "properties": { "u": 443, "v": 444, "key": 0, "oneway": "True", "highway": "primary", "name": "площадь Маршала Василевского", "maxspeed": "RU:urban", "lanes": "2", "osmid": "371510996" }, "geometry": { "type": "LineString", "coordinates": [ [ 20.5255564, 54.721724 ], [ 20.5254548, 54.7217516 ], [ 20.525352, 54.7217716 ], [ 20.5253099, 54.7217767 ], [ 20.5252283, 54.721782 ], [ 20.5251765, 54.7217821 ], [ 20.5250788, 54.7217783 ] ] } },
{ "type": "Feature", "properties": { "u": 443, "v": 459, "key": 0, "oneway": "True", "highway": "primary", "name": "улица Александра Невского", "maxspeed": "RU:urban", "lanes": "2", "osmid": "617632224" }, "geometry": { "type": "LineString", "coordinates": [ [ 20.5255564, 54.721724 ], [ 20.5254448, 54.7217912 ], [ 20.5254194, 54.7218404 ], [ 20.5254188, 54.7218864 ], [ 20.5254648, 54.7220033 ] ] } },
{ "type": "Feature", "properties": { "u": 444, "v": 442, "key": 0, "oneway": "True", "highway": "primary", "name": "площадь Маршала Василевского", "maxspeed": "RU:urban", "lanes": "3", "osmid": "371511001" }, "geometry": { "type": "LineString", "coordinates": [ [ 20.5250788, 54.7217783 ], [ 20.5249587, 54.7217553 ], [ 20.524847, 54.7217244 ], [ 20.5247526, 54.7216784 ], [ 20.5246734, 54.7216266 ], [ 20.5246475, 54.7216048 ] ] } },
{ "type": "Feature", "properties": { "u": 445, "v": 444, "key": 0, "oneway": "True", "highway": "primary", "name": "улица Александра Невского", "maxspeed": "RU:urban", "lanes": "2", "osmid": "312487833" }, "geometry": { "type": "LineString", "coordinates": [ [ 20.5253078, 54.7220713 ], [ 20.5252437, 54.7219422 ], [ 20.5251485, 54.7218252 ], [ 20.5250788, 54.7217783 ] ] } },
{ "type": "Feature", "properties": { "u": 445, "v": 441, "key": 0, "oneway": "True", "highway": "primary_link", "name": "площадь Маршала Василевского", "maxspeed": "RU:urban", "lanes": "1", "osmid": "371510991" }, "geometry": { "type": "LineString", "coordinates": [ [ 20.5253078, 54.7220713 ], [ 20.5251845, 54.7219639 ], [ 20.5250958, 54.7218938 ], [ 20.5250129, 54.721843 ], [ 20.5249176, 54.7218019 ], [ 20.5247826, 54.721747 ], [ 20.5246802, 54.7217089 ], [ 20.5245995, 54.7216838 ], [ 20.5245065, 54.7216579 ], [ 20.5244165, 54.7216389 ], [ 20.5241924, 54.7216009 ], [ 20.5239018, 54.7215831 ] ] } },
{ "type": "Feature", "properties": { "u": 446, "v": 457, "key": 0, "oneway": "False", "highway": "residential", "name": "", "maxspeed": "", "lanes": "", "osmid": "367716431" }, "geometry": { "type": "LineString", "coordinates": [ [ 20.5393304, 54.7155584 ], [ 20.5392552, 54.7156068 ], [ 20.5391989, 54.715643 ], [ 20.5389597, 54.7157521 ], [ 20.5377729, 54.7165879 ] ] } },
{ "type": "Feature", "properties": { "u": 446, "v": 110, "key": 0, "oneway": "True", "highway": "primary", "name": "улица Юрия Гагарина", "maxspeed": "RU:urban", "lanes": "3", "osmid": [ 54981249, 54981218, 333135949, 1373833528, 1373833529 ] }, "geometry": { "type": "LineString", "coordinates": [ [ 20.5393304, 54.7155584 ], [ 20.5392322, 54.7155054 ], [ 20.5389139, 54.7153335 ], [ 20.5379537, 54.7148151 ], [ 20.5377856, 54.7147178 ], [ 20.537614, 54.7146117 ], [ 20.5374545, 54.7144998 ], [ 20.537103, 54.714228 ], [ 20.5368891, 54.714081 ], [ 20.5366532, 54.7139719 ], [ 20.5365366, 54.7138915 ], [ 20.5364585, 54.7138175 ], [ 20.5363151, 54.7136356 ], [ 20.5361705, 54.7135436 ], [ 20.535976, 54.7134856 ], [ 20.535955, 54.7134815 ], [ 20.535816, 54.7134513 ] ] } },
{ "type": "Feature", "properties": { "u": 447, "v": 477, "key": 0, "oneway": "True", "highway": "secondary", "name": "Аллея Чемпионов", "maxspeed": "40", "lanes": "2", "osmid": [ 334543657, 444488627, 444488613 ] }, "geometry": { "type": "LineString", "coordinates": [ [ 20.5281069, 54.7044469 ], [ 20.5290119, 54.7043658 ], [ 20.5290895, 54.7043563 ], [ 20.5292377, 54.7043375 ], [ 20.5308859, 54.7041134 ], [ 20.5318307, 54.7039775 ], [ 20.5322981, 54.7039137 ], [ 20.5325101, 54.7038841 ], [ 20.5326857, 54.7038581 ], [ 20.5328838, 54.7038254 ], [ 20.5330674, 54.7037893 ], [ 20.533216, 54.7037569 ], [ 20.5333719, 54.7037206 ], [ 20.5335435, 54.70368 ], [ 20.5337291, 54.703624 ], [ 20.5338954, 54.7035741 ], [ 20.5340143, 54.7035368 ], [ 20.5341256, 54.7035022 ], [ 20.5342583, 54.7034595 ], [ 20.5343531, 54.7034261 ], [ 20.5343856, 54.7034147 ], [ 20.5344838, 54.7033746 ], [ 20.5345524, 54.7033287 ], [ 20.534617, 54.7032702 ], [ 20.534663, 54.7032089 ] ] } },
{ "type": "Feature", "properties": { "u": 448, "v": 449, "key": 0, "oneway": "True", "highway": "residential", "name": "Аллея Чемпионов", "maxspeed": "RU:urban", "lanes": "1", "osmid": "334543662" }, "geometry": { "type": "LineString", "coordinates": [ [ 20.5281922, 54.7045951 ], [ 20.5276138, 54.7046481 ], [ 20.5271442, 54.7046731 ] ] } },
{ "type": "Feature", "properties": { "u": 448, "v": 451, "key": 0, "oneway": "True", "highway": "secondary", "name": "", "maxspeed": "30", "lanes": "1", "osmid": [ 334543664, 334543653 ] }, "geometry": { "type": "LineString", "coordinates": [ [ 20.5281922, 54.7045951 ], [ 20.5278232, 54.704677 ], [ 20.5275779, 54.7047244 ], [ 20.5264035, 54.7048881 ], [ 20.5260521, 54.7049368 ], [ 20.5257885, 54.704985 ], [ 20.5256584, 54.7050136 ], [ 20.5255297, 54.7050459 ], [ 20.5253722, 54.705095 ], [ 20.525222, 54.705148 ], [ 20.5250889, 54.7052048 ], [ 20.5249631, 54.7052648 ], [ 20.5247568, 54.70538 ], [ 20.5245983, 54.7054953 ], [ 20.5244692, 54.7056127 ], [ 20.52432, 54.70578 ], [ 20.5239355, 54.7062318 ], [ 20.5238104, 54.7063826 ], [ 20.5236843, 54.7065394 ] ] } },
{ "type": "Feature", "properties": { "u": 449, "v": 450, "key": 0, "oneway": "False", "highway": "residential", "name": "Аллея Чемпионов", "maxspeed": "RU:urban", "lanes": "2", "osmid": "334543658" }, "geometry": { "type": "LineString", "coordinates": [ [ 20.5271442, 54.7046731 ], [ 20.5261034, 54.704823 ], [ 20.525659, 54.704868 ], [ 20.5252719, 54.7048851 ], [ 20.525113, 54.7048882 ], [ 20.5234828, 54.7048845 ], [ 20.5234001, 54.7048831 ] ] } },
{ "type": "Feature", "properties": { "u": 449, "v": 447, "key": 0, "oneway": "True", "highway": "residential", "name": "Аллея Чемпионов", "maxspeed": "RU:urban", "lanes": "1", "osmid": "334543663" }, "geometry": { "type": "LineString", "coordinates": [ [ 20.5271442, 54.7046731 ], [ 20.5275912, 54.7045633 ], [ 20.5281069, 54.7044469 ] ] } },
{ "type": "Feature", "properties": { "u": 450, "v": 449, "key": 0, "oneway": "False", "highway": "residential", "name": "Аллея Чемпионов", "maxspeed": "RU:urban", "lanes": "2", "osmid": "334543658" }, "geometry": { "type": "LineString", "coordinates": [ [ 20.5234001, 54.7048831 ], [ 20.5234828, 54.7048845 ], [ 20.525113, 54.7048882 ], [ 20.5252719, 54.7048851 ], [ 20.525659, 54.704868 ], [ 20.5261034, 54.704823 ], [ 20.5271442, 54.7046731 ] ] } },
{ "type": "Feature", "properties": { "u": 450, "v": 156, "key": 0, "oneway": "False", "highway": "residential", "name": "улица Генерала Павлова", "maxspeed": "RU:urban", "lanes": "2", "osmid": [ 1370089162, 1370089163, 210487660 ] }, "geometry": { "type": "LineString", "coordinates": [ [ 20.5234001, 54.7048831 ], [ 20.5233799, 54.7052455 ], [ 20.5233713, 54.7053991 ], [ 20.5233603, 54.7054904 ], [ 20.5233442, 54.7056623 ], [ 20.5233216, 54.705848 ], [ 20.5232671, 54.7060477 ], [ 20.5231198, 54.7067748 ], [ 20.5230983, 54.7068267 ] ] } },
{ "type": "Feature", "properties": { "u": 450, "v": 493, "key": 0, "oneway": "False", "highway": "residential", "name": "Солнечный бульвар", "maxspeed": "RU:urban", "lanes": "2", "osmid": [ 627364933, 627364935, 627364936, 1370089164, 1366051279, 1366051280, 1366051281, 1366051282 ] }, "geometry": { "type": "LineString", "coordinates": [ [ 20.5234001, 54.7048831 ], [ 20.5234062, 54.7047711 ], [ 20.5233997, 54.7042691 ], [ 20.5233779, 54.7040901 ], [ 20.523394, 54.7040019 ], [ 20.523437, 54.7039357 ], [ 20.5235475, 54.7038619 ], [ 20.5236893, 54.703811 ], [ 20.5240339, 54.703719 ], [ 20.5247421, 54.7035599 ], [ 20.5250145, 54.7034745 ], [ 20.5251472, 54.7034322 ], [ 20.5284666, 54.7023587 ], [ 20.5303887, 54.701763 ], [ 20.531556, 54.7013904 ], [ 20.5351248, 54.7002555 ], [ 20.5355029, 54.7001322 ] ] } },
{ "type": "Feature", "properties": { "u": 451, "v": 292, "key": 0, "oneway": "True", "highway": "primary", "name": "Второй эстакадный мост", "maxspeed": "60", "lanes": "3", "osmid": "423080014" }, "geometry": { "type": "LineString", "coordinates": [ [ 20.5236843, 54.7065394 ], [ 20.5233626, 54.7078111 ], [ 20.5233374, 54.7079489 ] ] } },
{ "type": "Feature", "properties": { "u": 452, "v": 454, "key": 0, "oneway": "True", "highway": "secondary_link", "name": "", "maxspeed": "RU:urban", "lanes": "1", "osmid": "335613767" }, "geometry": { "type": "LineString", "coordinates": [ [ 20.5213846, 54.6989085 ], [ 20.5211799, 54.6989988 ], [ 20.5210801, 54.6990494 ], [ 20.5210406, 54.6991037 ], [ 20.5210077, 54.6991788 ] ] } },
{ "type": "Feature", "properties": { "u": 452, "v": 453, "key": 0, "oneway": "False", "highway": "secondary", "name": "набережная Ветеранов", "maxspeed": "RU:urban", "lanes": "4", "osmid": "335613771" }, "geometry": { "type": "LineString", "coordinates": [ [ 20.5213846, 54.6989085 ], [ 20.5209756, 54.6990081 ], [ 20.5206566, 54.6990794 ] ] } },
{ "type": "Feature", "properties": { "u": 452, "v": 494, "key": 0, "oneway": "False", "highway": "secondary", "name": "Парадная набережная", "maxspeed": "RU:urban", "lanes": "4", "osmid": "671091231" }, "geometry": { "type": "LineString", "coordinates": [ [ 20.5213846, 54.6989085 ], [ 20.5226612, 54.6986081 ], [ 20.5228606, 54.6985461 ], [ 20.5235705, 54.6983255 ], [ 20.5240074, 54.6981831 ] ] } },
{ "type": "Feature", "properties": { "u": 453, "v": 455, "key": 0, "oneway": "False", "highway": "secondary", "name": "набережная Ветеранов", "maxspeed": "RU:urban", "lanes": "4", "osmid": "428635505" }, "geometry": { "type": "LineString", "coordinates": [ [ 20.5206566, 54.6990794 ], [ 20.5199614, 54.6992794 ] ] } },
{ "type": "Feature", "properties": { "u": 453, "v": 454, "key": 0, "oneway": "True", "highway": "secondary_link", "name": "", "maxspeed": "RU:urban", "lanes": "1", "osmid": "335613768" }, "geometry": { "type": "LineString", "coordinates": [ [ 20.5206566, 54.6990794 ], [ 20.5207666, 54.699087 ], [ 20.5208478, 54.6991 ], [ 20.5209231, 54.699129 ], [ 20.5210077, 54.6991788 ] ] } },
{ "type": "Feature", "properties": { "u": 453, "v": 452, "key": 0, "oneway": "False", "highway": "secondary", "name": "набережная Ветеранов", "maxspeed": "RU:urban", "lanes": "4", "osmid": "335613771" }, "geometry": { "type": "LineString", "coordinates": [ [ 20.5206566, 54.6990794 ], [ 20.5209756, 54.6990081 ], [ 20.5213846, 54.6989085 ] ] } },
{ "type": "Feature", "properties": { "u": 454, "v": 276, "key": 0, "oneway": "True", "highway": "secondary_link", "name": "", "maxspeed": "RU:urban", "lanes": "1", "osmid": [ 335613769, 335613772 ] }, "geometry": { "type": "LineString", "coordinates": [ [ 20.5210077, 54.6991788 ], [ 20.5210328, 54.6992102 ], [ 20.5211113, 54.6993078 ], [ 20.5215771, 54.6998743 ], [ 20.5219662, 54.7003258 ], [ 20.5221997, 54.7006224 ], [ 20.5223595, 54.7008454 ], [ 20.5224506, 54.7009824 ], [ 20.5226701, 54.7013798 ], [ 20.5227477, 54.7015356 ], [ 20.5228827, 54.7018898 ] ] } },
{ "type": "Feature", "properties": { "u": 455, "v": 453, "key": 0, "oneway": "False", "highway": "secondary", "name": "набережная Ветеранов", "maxspeed": "RU:urban", "lanes": "4", "osmid": "428635505" }, "geometry": { "type": "LineString", "coordinates": [ [ 20.5199614, 54.6992794 ], [ 20.5206566, 54.6990794 ] ] } },
{ "type": "Feature", "properties": { "u": 455, "v": 577, "key": 0, "oneway": "False", "highway": "secondary", "name": "набережная Ветеранов", "maxspeed": "RU:urban", "lanes": "4", "osmid": [ 428635507, 1210349534 ] }, "geometry": { "type": "LineString", "coordinates": [ [ 20.5199614, 54.6992794 ], [ 20.5198946, 54.6992986 ], [ 20.5194913, 54.699409 ], [ 20.5190817, 54.6995208 ], [ 20.5185722, 54.6996749 ], [ 20.5184427, 54.6997243 ], [ 20.5183518, 54.6997663 ], [ 20.5181945, 54.6998329 ] ] } },
{ "type": "Feature", "properties": { "u": 456, "v": 455, "key": 0, "oneway": "True", "highway": "secondary_link", "name": "", "maxspeed": "RU:urban", "lanes": "1", "osmid": [ 335613770, 335613765, 335613766 ] }, "geometry": { "type": "LineString", "coordinates": [ [ 20.5226582, 54.7019101 ], [ 20.5220865, 54.7015037 ], [ 20.521985, 54.7014226 ], [ 20.5219262, 54.7013577 ], [ 20.5212402, 54.7005439 ], [ 20.5210349, 54.7003005 ], [ 20.5209499, 54.7002017 ], [ 20.5208866, 54.7001471 ], [ 20.520673, 54.69998 ], [ 20.5205762, 54.6999027 ], [ 20.5203962, 54.6997588 ], [ 20.520322, 54.6996935 ], [ 20.520244, 54.6996169 ], [ 20.5201128, 54.6994656 ], [ 20.5200929, 54.6994427 ], [ 20.5199614, 54.6992794 ] ] } },
{ "type": "Feature", "properties": { "u": 456, "v": 291, "key": 0, "oneway": "True", "highway": "primary", "name": "Второй эстакадный мост", "maxspeed": "RU:urban", "lanes": "3", "osmid": [ 133259320, 428812625, 133259329 ] }, "geometry": { "type": "LineString", "coordinates": [ [ 20.5226582, 54.7019101 ], [ 20.5225413, 54.7017572 ], [ 20.5224203, 54.7016052 ], [ 20.5221098, 54.7012488 ], [ 20.5217925, 54.7008934 ], [ 20.5214409, 54.700504 ], [ 20.5205637, 54.6995296 ], [ 20.5194499, 54.6982346 ], [ 20.5187388, 54.6974825 ], [ 20.518611, 54.6973918 ], [ 20.518456, 54.6973134 ], [ 20.5182859, 54.6972528 ], [ 20.5180852, 54.6972159 ], [ 20.517839, 54.697192 ], [ 20.5177077, 54.69719 ], [ 20.5175632, 54.6971877 ] ] } },
{ "type": "Feature", "properties": { "u": 457, "v": 504, "key": 0, "oneway": "False", "highway": "residential", "name": "улица Фортовая дорога", "maxspeed": "", "lanes": "", "osmid": "63712442" }, "geometry": { "type": "LineString", "coordinates": [ [ 20.5377729, 54.7165879 ], [ 20.5373767, 54.7163825 ], [ 20.5371582, 54.7162748 ], [ 20.5366329, 54.7159864 ], [ 20.5364916, 54.7159062 ], [ 20.5367249, 54.7157528 ] ] } },
{ "type": "Feature", "properties": { "u": 457, "v": 446, "key": 0, "oneway": "False", "highway": "residential", "name": "", "maxspeed": "", "lanes": "", "osmid": "367716431" }, "geometry": { "type": "LineString", "coordinates": [ [ 20.5377729, 54.7165879 ], [ 20.5389597, 54.7157521 ], [ 20.5391989, 54.715643 ], [ 20.5392552, 54.7156068 ], [ 20.5393304, 54.7155584 ] ] } },
{ "type": "Feature", "properties": { "u": 457, "v": 235, "key": 0, "oneway": "False", "highway": "residential", "name": "улица Фортовая дорога", "maxspeed": "", "lanes": "", "osmid": "1371901564" }, "geometry": { "type": "LineString", "coordinates": [ [ 20.5377729, 54.7165879 ], [ 20.5381397, 54.7167465 ], [ 20.5383544, 54.7168393 ], [ 20.5385041, 54.7169233 ], [ 20.5392972, 54.7173052 ] ] } },
{ "type": "Feature", "properties": { "u": 458, "v": 430, "key": 0, "oneway": "True", "highway": "primary", "name": "улица 9-го Апреля", "maxspeed": "RU:urban", "lanes": "3", "osmid": "1369736245" }, "geometry": { "type": "LineString", "coordinates": [ [ 20.5248332, 54.7208336 ], [ 20.524848, 54.7206153 ], [ 20.5248656, 54.720306 ], [ 20.5248671, 54.720157 ], [ 20.5248786, 54.7197156 ], [ 20.5248786, 54.7197112 ], [ 20.5248826, 54.7192947 ], [ 20.524886, 54.7191721 ] ] } },
{ "type": "Feature", "properties": { "u": 460, "v": 323, "key": 0, "oneway": "False", "highway": "residential", "name": "Московский проспект", "maxspeed": "", "lanes": "1", "osmid": "149705036" }, "geometry": { "type": "LineString", "coordinates": [ [ 20.497507, 54.7100589 ], [ 20.4990501, 54.7099038 ], [ 20.4991735, 54.7100563 ], [ 20.5000779, 54.70998 ], [ 20.5001352, 54.7099754 ] ] } },
{ "type": "Feature", "properties": { "u": 461, "v": 70, "key": 0, "oneway": "False", "highway": "tertiary", "name": "улица Бесселя", "maxspeed": "RU:urban", "lanes": "2", "osmid": "42597737" }, "geometry": { "type": "LineString", "coordinates": [ [ 20.4974111, 54.7132145 ], [ 20.4979277, 54.71323 ], [ 20.4980735, 54.7132187 ], [ 20.4981667, 54.7131894 ] ] } },
{ "type": "Feature", "properties": { "u": 461, "v": 69, "key": 0, "oneway": "False", "highway": "tertiary", "name": "улица Бесселя", "maxspeed": "RU:urban", "lanes": "2", "osmid": "42597737" }, "geometry": { "type": "LineString", "coordinates": [ [ 20.4974111, 54.7132145 ], [ 20.4973554, 54.7132128 ], [ 20.49707, 54.7132042 ], [ 20.4956603, 54.7131617 ], [ 20.4955466, 54.7131894 ] ] } },
{ "type": "Feature", "properties": { "u": 461, "v": 462, "key": 0, "oneway": "False", "highway": "living_street", "name": "", "maxspeed": "RU:living_street", "lanes": "", "osmid": "386541582" }, "geometry": { "type": "LineString", "coordinates": [ [ 20.4974111, 54.7132145 ], [ 20.497657, 54.7140564 ], [ 20.4976936, 54.714174 ], [ 20.4972867, 54.7142305 ] ] } },
{ "type": "Feature", "properties": { "u": 462, "v": 461, "key": 0, "oneway": "False", "highway": "living_street", "name": "", "maxspeed": "RU:living_street", "lanes": "", "osmid": "386541582" }, "geometry": { "type": "LineString", "coordinates": [ [ 20.4972867, 54.7142305 ], [ 20.4976936, 54.714174 ], [ 20.497657, 54.7140564 ], [ 20.4974111, 54.7132145 ] ] } },
{ "type": "Feature", "properties": { "u": 462, "v": 69, "key": 0, "oneway": "False", "highway": "tertiary", "name": "улица Генерала Галицкого", "maxspeed": "RU:urban", "lanes": "2", "osmid": "386541583" }, "geometry": { "type": "LineString", "coordinates": [ [ 20.4972867, 54.7142305 ], [ 20.4971333, 54.7141225 ], [ 20.4969622, 54.7140279 ], [ 20.4967539, 54.7139581 ], [ 20.4963179, 54.7138478 ], [ 20.4961616, 54.7137865 ], [ 20.4960252, 54.7137025 ], [ 20.4955466, 54.7131894 ] ] } },
{ "type": "Feature", "properties": { "u": 462, "v": 80, "key": 0, "oneway": "False", "highway": "tertiary", "name": "улица Генерала Галицкого", "maxspeed": "RU:urban", "lanes": "2", "osmid": "386541583" }, "geometry": { "type": "LineString", "coordinates": [ [ 20.4972867, 54.7142305 ], [ 20.4979349, 54.7148149 ], [ 20.4979941, 54.7148683 ] ] } },
{ "type": "Feature", "properties": { "u": 463, "v": 465, "key": 0, "oneway": "False", "highway": "unclassified", "name": "", "maxspeed": "", "lanes": "", "osmid": "422601043" }, "geometry": { "type": "LineString", "coordinates": [ [ 20.4862047, 54.6946182 ], [ 20.4863804, 54.6945498 ] ] } },
{ "type": "Feature", "properties": { "u": 463, "v": 250, "key": 0, "oneway": "False", "highway": "unclassified", "name": "улица Александра Суворова", "maxspeed": "", "lanes": "2", "osmid": "61413347" }, "geometry": { "type": "LineString", "coordinates": [ [ 20.4862047, 54.6946182 ], [ 20.486465, 54.694738 ], [ 20.4866897, 54.6948595 ], [ 20.4868157, 54.6949178 ], [ 20.4869754, 54.6949796 ], [ 20.4872134, 54.6950484 ], [ 20.4873335, 54.6951191 ], [ 20.4876127, 54.6952442 ], [ 20.4877597, 54.6953078 ], [ 20.4881062, 54.695531 ], [ 20.4881305, 54.6955438 ] ] } },
{ "type": "Feature", "properties": { "u": 464, "v": 465, "key": 0, "oneway": "False", "highway": "unclassified", "name": "", "maxspeed": "", "lanes": "", "osmid": "422601043" }, "geometry": { "type": "LineString", "coordinates": [ [ 20.487222, 54.694162 ], [ 20.4866402, 54.6944395 ], [ 20.4863804, 54.6945498 ] ] } },
{ "type": "Feature", "properties": { "u": 465, "v": 463, "key": 0, "oneway": "False", "highway": "unclassified", "name": "", "maxspeed": "", "lanes": "", "osmid": "422601043" }, "geometry": { "type": "LineString", "coordinates": [ [ 20.4863804, 54.6945498 ], [ 20.4862047, 54.6946182 ] ] } },
{ "type": "Feature", "properties": { "u": 465, "v": 466, "key": 0, "oneway": "False", "highway": "unclassified", "name": "", "maxspeed": "", "lanes": "", "osmid": "422601047" }, "geometry": { "type": "LineString", "coordinates": [ [ 20.4863804, 54.6945498 ], [ 20.4866536, 54.6945547 ] ] } },
{ "type": "Feature", "properties": { "u": 465, "v": 464, "key": 0, "oneway": "False", "highway": "unclassified", "name": "", "maxspeed": "", "lanes": "", "osmid": "422601043" }, "geometry": { "type": "LineString", "coordinates": [ [ 20.4863804, 54.6945498 ], [ 20.4866402, 54.6944395 ], [ 20.487222, 54.694162 ] ] } },
{ "type": "Feature", "properties": { "u": 466, "v": 465, "key": 0, "oneway": "False", "highway": "unclassified", "name": "", "maxspeed": "", "lanes": "", "osmid": "422601047" }, "geometry": { "type": "LineString", "coordinates": [ [ 20.4866536, 54.6945547 ], [ 20.4863804, 54.6945498 ] ] } },
{ "type": "Feature", "properties": { "u": 466, "v": 470, "key": 0, "oneway": "False", "highway": "unclassified", "name": "", "maxspeed": "", "lanes": "", "osmid": "422601049" }, "geometry": { "type": "LineString", "coordinates": [ [ 20.4866536, 54.6945547 ], [ 20.4867909, 54.6946069 ] ] } },
{ "type": "Feature", "properties": { "u": 466, "v": 468, "key": 0, "oneway": "False", "highway": "unclassified", "name": "", "maxspeed": "", "lanes": "", "osmid": "422601047" }, "geometry": { "type": "LineString", "coordinates": [ [ 20.4866536, 54.6945547 ], [ 20.4868474, 54.694548 ], [ 20.4870972, 54.6945426 ], [ 20.4873307, 54.6945952 ], [ 20.4876794, 54.6946723 ] ] } },
{ "type": "Feature", "properties": { "u": 467, "v": 468, "key": 0, "oneway": "False", "highway": "unclassified", "name": "", "maxspeed": "", "lanes": "", "osmid": "422601047" }, "geometry": { "type": "LineString", "coordinates": [ [ 20.4879168, 54.6947247 ], [ 20.4876794, 54.6946723 ] ] } },
{ "type": "Feature", "properties": { "u": 468, "v": 467, "key": 0, "oneway": "False", "highway": "unclassified", "name": "", "maxspeed": "", "lanes": "", "osmid": "422601047" }, "geometry": { "type": "LineString", "coordinates": [ [ 20.4876794, 54.6946723 ], [ 20.4879168, 54.6947247 ] ] } },
{ "type": "Feature", "properties": { "u": 468, "v": 469, "key": 0, "oneway": "False", "highway": "unclassified", "name": "", "maxspeed": "", "lanes": "", "osmid": "422601048" }, "geometry": { "type": "LineString", "coordinates": [ [ 20.4876794, 54.6946723 ], [ 20.4877742, 54.6945964 ] ] } },
{ "type": "Feature", "properties": { "u": 468, "v": 466, "key": 0, "oneway": "False", "highway": "unclassified", "name": "", "maxspeed": "", "lanes": "", "osmid": "422601047" }, "geometry": { "type": "LineString", "coordinates": [ [ 20.4876794, 54.6946723 ], [ 20.4873307, 54.6945952 ], [ 20.4870972, 54.6945426 ], [ 20.4868474, 54.694548 ], [ 20.4866536, 54.6945547 ] ] } },
{ "type": "Feature", "properties": { "u": 469, "v": 468, "key": 0, "oneway": "False", "highway": "unclassified", "name": "", "maxspeed": "", "lanes": "", "osmid": "422601048" }, "geometry": { "type": "LineString", "coordinates": [ [ 20.4877742, 54.6945964 ], [ 20.4876794, 54.6946723 ] ] } },
{ "type": "Feature", "properties": { "u": 470, "v": 466, "key": 0, "oneway": "False", "highway": "unclassified", "name": "", "maxspeed": "", "lanes": "", "osmid": "422601049" }, "geometry": { "type": "LineString", "coordinates": [ [ 20.4867909, 54.6946069 ], [ 20.4866536, 54.6945547 ] ] } },
{ "type": "Feature", "properties": { "u": 471, "v": 321, "key": 0, "oneway": "False", "highway": "living_street", "name": "", "maxspeed": "RU:living_street", "lanes": "", "osmid": [ 854656291, 146352815 ] }, "geometry": { "type": "LineString", "coordinates": [ [ 20.4998055, 54.6990215 ], [ 20.5001242, 54.6996219 ], [ 20.5002903, 54.6999348 ], [ 20.5010349, 54.6998094 ] ] } },
{ "type": "Feature", "properties": { "u": 472, "v": 580, "key": 0, "oneway": "False", "highway": "residential", "name": "Октябрьская улица", "maxspeed": "RU:urban", "lanes": "2", "osmid": [ 1210349536, 48765617, 48762218 ] }, "geometry": { "type": "LineString", "coordinates": [ [ 20.5189897, 54.7046024 ], [ 20.5189658, 54.7045596 ], [ 20.5186236, 54.7039775 ], [ 20.5174867, 54.7042094 ], [ 20.5173365, 54.7042327 ], [ 20.5171525, 54.7042529 ], [ 20.5169834, 54.7042695 ], [ 20.5166784, 54.7042923 ], [ 20.5165574, 54.7042993 ], [ 20.5164334, 54.7043042 ], [ 20.516383, 54.7043024 ], [ 20.5163247, 54.7042953 ], [ 20.5162536, 54.7042815 ], [ 20.5161781, 54.7042669 ], [ 20.5161296, 54.7042572 ], [ 20.5160838, 54.704248 ], [ 20.5160363, 54.7042385 ] ] } },
{ "type": "Feature", "properties": { "u": 472, "v": 575, "key": 0, "oneway": "False", "highway": "tertiary", "name": "Солнечный бульвар", "maxspeed": "RU:urban", "lanes": "2", "osmid": [ 405006215, 430217000, 48765938, 1370382518, 1370089148, 442081021, 210932030, 1210349535 ] }, "geometry": { "type": "LineString", "coordinates": [ [ 20.5189897, 54.7046024 ], [ 20.5192452, 54.7045432 ], [ 20.5201127, 54.7043424 ], [ 20.5212632, 54.704076 ], [ 20.5214701, 54.7040281 ], [ 20.5215049, 54.7040199 ], [ 20.521629, 54.7039912 ], [ 20.5216636, 54.7039832 ], [ 20.5217344, 54.7039669 ], [ 20.5217603, 54.7039607 ], [ 20.5218012, 54.703951 ], [ 20.5218254, 54.703945 ], [ 20.5218622, 54.7039356 ], [ 20.5218882, 54.7039287 ], [ 20.5219163, 54.7039212 ], [ 20.521959, 54.7039093 ], [ 20.521985, 54.7039018 ], [ 20.522013, 54.7038934 ], [ 20.5220457, 54.7038835 ], [ 20.5220753, 54.7038741 ], [ 20.522093, 54.7038684 ], [ 20.5221189, 54.7038602 ], [ 20.5221685, 54.7038441 ], [ 20.5228504, 54.7036324 ], [ 20.5230247, 54.7035473 ], [ 20.5230926, 54.7035097 ], [ 20.5231314, 54.7034762 ], [ 20.5231673, 54.7034076 ], [ 20.5231711, 54.7033327 ], [ 20.5230852, 54.7031459 ], [ 20.522418, 54.7022094 ], [ 20.5220481, 54.701741 ], [ 20.5217306, 54.7013546 ], [ 20.5211818, 54.700645 ], [ 20.5208381, 54.7002885 ], [ 20.5207551, 54.7002596 ], [ 20.5206612, 54.7002658 ], [ 20.5201062, 54.7003864 ], [ 20.5182459, 54.7007734 ], [ 20.5180451, 54.700779 ], [ 20.5176666, 54.7006711 ], [ 20.5175444, 54.7006348 ], [ 20.5174943, 54.7006199 ] ] } },
{ "type": "Feature", "properties": { "u": 472, "v": 579, "key": 0, "oneway": "False", "highway": "tertiary", "name": "Солнечный бульвар", "maxspeed": "RU:urban", "lanes": "2", "osmid": "442081026" }, "geometry": { "type": "LineString", "coordinates": [ [ 20.5189897, 54.7046024 ], [ 20.5172704, 54.7050004 ], [ 20.5168816, 54.7050904 ], [ 20.5167115, 54.7051298 ], [ 20.5166123, 54.7051528 ], [ 20.5165859, 54.7051589 ], [ 20.5165528, 54.7051666 ], [ 20.5165284, 54.705172 ], [ 20.5165056, 54.7051765 ], [ 20.5164829, 54.7051808 ], [ 20.5164627, 54.7051842 ], [ 20.5164393, 54.7051879 ], [ 20.5164234, 54.7051901 ], [ 20.5164045, 54.7051927 ], [ 20.5163848, 54.7051951 ], [ 20.5163628, 54.7051975 ], [ 20.5163417, 54.7051994 ], [ 20.5163264, 54.7052006 ], [ 20.516297, 54.7052024 ], [ 20.5162725, 54.7052037 ], [ 20.5162543, 54.7052043 ], [ 20.516242, 54.7052046 ], [ 20.5162208, 54.7052049 ], [ 20.5161975, 54.7052049 ], [ 20.5161751, 54.7052046 ], [ 20.5161508, 54.7052039 ], [ 20.5161293, 54.705203 ], [ 20.5161099, 54.7052019 ], [ 20.5160871, 54.7052004 ], [ 20.5160612, 54.7051982 ], [ 20.516036, 54.7051957 ], [ 20.5160154, 54.7051934 ], [ 20.5159929, 54.7051905 ], [ 20.5159726, 54.7051876 ], [ 20.5159474, 54.7051835 ], [ 20.5159213, 54.7051787 ], [ 20.5158956, 54.7051741 ], [ 20.5158718, 54.7051689 ], [ 20.5158265, 54.7051589 ], [ 20.5157416, 54.7051401 ], [ 20.5155999, 54.7051083 ], [ 20.5154972, 54.7050856 ], [ 20.515477, 54.705081 ], [ 20.5154043, 54.7050654 ], [ 20.5153429, 54.7050523 ] ] } },
{ "type": "Feature", "properties": { "u": 473, "v": 157, "key": 0, "oneway": "True", "highway": "secondary", "name": "Октябрьская улица", "maxspeed": "30", "lanes": "1", "osmid": [ 982459616, 982459617, 982459618, 982459619, 982459622, 982459623, 982459624, 982459625, 982459626, 982459615 ] }, "geometry": { "type": "LineString", "coordinates": [ [ 20.5152134, 54.7050202 ], [ 20.5153208, 54.704913 ], [ 20.5155612, 54.7046438 ], [ 20.5157755, 54.7044039 ], [ 20.5159062, 54.7042126 ], [ 20.5159727, 54.7040629 ], [ 20.5160464, 54.7037042 ], [ 20.5161041, 54.7033167 ], [ 20.5161418, 54.7031051 ], [ 20.5161654, 54.7029731 ], [ 20.5162194, 54.7025619 ], [ 20.516228, 54.7025147 ], [ 20.5163448, 54.7022229 ], [ 20.5163879, 54.7021167 ], [ 20.5166262, 54.7017033 ], [ 20.5167236, 54.7015277 ], [ 20.5168026, 54.7014112 ], [ 20.5168862, 54.701283 ], [ 20.5170389, 54.7010446 ], [ 20.517236, 54.7007556 ], [ 20.5173475, 54.7006169 ], [ 20.5173739, 54.7005841 ] ] } },
{ "type": "Feature", "properties": { "u": 473, "v": 579, "key": 0, "oneway": "False", "highway": "tertiary", "name": "Солнечный бульвар", "maxspeed": "RU:urban", "lanes": "2", "osmid": "1210349537" }, "geometry": { "type": "LineString", "coordinates": [ [ 20.5152134, 54.7050202 ], [ 20.5152798, 54.7050367 ], [ 20.5152958, 54.7050406 ], [ 20.5153429, 54.7050523 ] ] } },
{ "type": "Feature", "properties": { "u": 474, "v": 496, "key": 0, "oneway": "False", "highway": "residential", "name": "", "maxspeed": "", "lanes": "2", "osmid": "627364925" }, "geometry": { "type": "LineString", "coordinates": [ [ 20.5374808, 54.702205 ], [ 20.5374146, 54.7021367 ], [ 20.5373801, 54.7021011 ], [ 20.537159, 54.7018731 ], [ 20.5369403, 54.7016407 ], [ 20.5368703, 54.7015669 ], [ 20.5366435, 54.7013279 ] ] } },
{ "type": "Feature", "properties": { "u": 475, "v": 476, "key": 0, "oneway": "True", "highway": "secondary", "name": "Аллея Чемпионов", "maxspeed": "RU:urban", "lanes": "2", "osmid": "444488619" }, "geometry": { "type": "LineString", "coordinates": [ [ 20.5354273, 54.702911 ], [ 20.5355032, 54.7029466 ], [ 20.5355656, 54.7029902 ], [ 20.5356121, 54.7030399 ], [ 20.5356409, 54.7030939 ] ] } },
{ "type": "Feature", "properties": { "u": 475, "v": 474, "key": 0, "oneway": "True", "highway": "secondary", "name": "Аллея Чемпионов", "maxspeed": "RU:urban", "lanes": "2", "osmid": [ 444488625, 444488617 ] }, "geometry": { "type": "LineString", "coordinates": [ [ 20.5354273, 54.702911 ], [ 20.5355737, 54.7029086 ], [ 20.5356728, 54.7028988 ], [ 20.5357641, 54.7028808 ], [ 20.5359952, 54.7027896 ], [ 20.5364223, 54.7026205 ], [ 20.5369054, 54.7024292 ], [ 20.5374808, 54.702205 ] ] } },
{ "type": "Feature", "properties": { "u": 476, "v": 478, "key": 0, "oneway": "True", "highway": "secondary", "name": "Аллея Чемпионов", "maxspeed": "RU:urban", "lanes": "3", "osmid": "684372175" }, "geometry": { "type": "LineString", "coordinates": [ [ 20.5356409, 54.7030939 ], [ 20.5356509, 54.7031501 ], [ 20.5356417, 54.7032064 ], [ 20.5356138, 54.7032605 ], [ 20.535568, 54.7033105 ], [ 20.5355063, 54.7033544 ], [ 20.535431, 54.7033904 ], [ 20.5353449, 54.7034173 ], [ 20.5352514, 54.7034339 ], [ 20.5351541, 54.7034397 ], [ 20.5350567, 54.7034344 ], [ 20.534963, 54.7034182 ], [ 20.5348765, 54.7033918 ] ] } },
{ "type": "Feature", "properties": { "u": 477, "v": 475, "key": 0, "oneway": "True", "highway": "secondary", "name": "Аллея Чемпионов", "maxspeed": "RU:urban", "lanes": "3", "osmid": "684372177" }, "geometry": { "type": "LineString", "coordinates": [ [ 20.534663, 54.7032089 ], [ 20.534653, 54.7031526 ], [ 20.5346621, 54.7030964 ], [ 20.5346901, 54.7030422 ], [ 20.5347358, 54.7029923 ], [ 20.5347976, 54.7029484 ], [ 20.5348729, 54.7029124 ], [ 20.534959, 54.7028855 ], [ 20.5350524, 54.7028689 ], [ 20.5351497, 54.7028631 ], [ 20.5352471, 54.7028684 ], [ 20.5353409, 54.7028845 ], [ 20.5354273, 54.702911 ] ] } },
{ "type": "Feature", "properties": { "u": 478, "v": 448, "key": 0, "oneway": "True", "highway": "secondary", "name": "Аллея Чемпионов", "maxspeed": "RU:urban", "lanes": "2", "osmid": [ 334543656, 444488611, 444488620 ] }, "geometry": { "type": "LineString", "coordinates": [ [ 20.5348765, 54.7033918 ], [ 20.5347411, 54.7034019 ], [ 20.5346374, 54.7034214 ], [ 20.5345509, 54.7034449 ], [ 20.5344542, 54.7034755 ], [ 20.53442, 54.703488 ], [ 20.5343259, 54.7035223 ], [ 20.5341994, 54.7035692 ], [ 20.5340894, 54.7036071 ], [ 20.5339604, 54.7036476 ], [ 20.5337857, 54.7036989 ], [ 20.5335926, 54.7037523 ], [ 20.533432, 54.7037924 ], [ 20.533269, 54.7038297 ], [ 20.5331184, 54.7038614 ], [ 20.5329116, 54.7039022 ], [ 20.5327273, 54.7039334 ], [ 20.5325496, 54.7039607 ], [ 20.5323324, 54.7039898 ], [ 20.5318606, 54.7040552 ], [ 20.53092, 54.7041895 ], [ 20.5294986, 54.7043851 ], [ 20.5291405, 54.7044395 ], [ 20.5290469, 54.7044537 ], [ 20.5281922, 54.7045951 ] ] } },
{ "type": "Feature", "properties": { "u": 478, "v": 477, "key": 0, "oneway": "True", "highway": "secondary", "name": "Аллея Чемпионов", "maxspeed": "RU:urban", "lanes": "2", "osmid": "684372173" }, "geometry": { "type": "LineString", "coordinates": [ [ 20.5348765, 54.7033918 ], [ 20.5348006, 54.7033561 ], [ 20.5347383, 54.7033126 ], [ 20.5346918, 54.7032629 ], [ 20.534663, 54.7032089 ] ] } },
{ "type": "Feature", "properties": { "u": 479, "v": 407, "key": 0, "oneway": "False", "highway": "secondary", "name": "улица Фрунзе", "maxspeed": "RU:urban", "lanes": "2", "osmid": "289093957" }, "geometry": { "type": "LineString", "coordinates": [ [ 20.522501, 54.712181 ], [ 20.5223663, 54.7121664 ], [ 20.5223199, 54.7121614 ], [ 20.5221698, 54.7121452 ] ] } },
{ "type": "Feature", "properties": { "u": 479, "v": 219, "key": 0, "oneway": "False", "highway": "secondary", "name": "улица Фрунзе", "maxspeed": "RU:urban", "lanes": "3", "osmid": [ 452940844, 289093956 ] }, "geometry": { "type": "LineString", "coordinates": [ [ 20.522501, 54.712181 ], [ 20.5228205, 54.7122307 ], [ 20.5229205, 54.7122478 ] ] } },
{ "type": "Feature", "properties": { "u": 479, "v": 425, "key": 0, "oneway": "True", "highway": "primary", "name": "улица 9-го Апреля", "maxspeed": "RU:urban", "lanes": "3", "osmid": [ 989481648, 452940845, 295143127 ] }, "geometry": { "type": "LineString", "coordinates": [ [ 20.522501, 54.712181 ], [ 20.522478, 54.7124578 ], [ 20.5224631, 54.712953 ], [ 20.5224612, 54.7130154 ], [ 20.5224433, 54.713353 ], [ 20.522463, 54.713574 ], [ 20.5225363, 54.7138775 ], [ 20.5226185, 54.7141367 ], [ 20.5227829, 54.7144898 ], [ 20.5229366, 54.7147417 ], [ 20.5231458, 54.7150308 ], [ 20.5233495, 54.7152714 ], [ 20.5235336, 54.715451 ], [ 20.5237615, 54.715667 ], [ 20.523928, 54.7158015 ], [ 20.5240739, 54.7159104 ], [ 20.524186, 54.715991 ], [ 20.5243568, 54.7161062 ], [ 20.5244968, 54.7162007 ], [ 20.5245411, 54.7162344 ] ] } },
{ "type": "Feature", "properties": { "u": 480, "v": 505, "key": 0, "oneway": "True", "highway": "tertiary", "name": "", "maxspeed": "RU:urban", "lanes": "1", "osmid": "705035290" }, "geometry": { "type": "LineString", "coordinates": [ [ 20.49614, 54.6959653 ], [ 20.4961305, 54.6961219 ], [ 20.4961838, 54.6962156 ], [ 20.4962772, 54.6962819 ] ] } },
{ "type": "Feature", "properties": { "u": 480, "v": 138, "key": 0, "oneway": "False", "highway": "tertiary", "name": "Железнодорожная улица", "maxspeed": "RU:urban", "lanes": "2", "osmid": [ 736296240, 736296241, 107449568 ] }, "geometry": { "type": "LineString", "coordinates": [ [ 20.49614, 54.6959653 ], [ 20.4964877, 54.6958366 ], [ 20.4978063, 54.6953591 ], [ 20.4979734, 54.6955161 ] ] } },
{ "type": "Feature", "properties": { "u": 481, "v": 572, "key": 0, "oneway": "False", "highway": "residential", "name": "Большая Песочная улица", "maxspeed": "RU:urban", "lanes": "2", "osmid": "480035255" }, "geometry": { "type": "LineString", "coordinates": [ [ 20.5130228, 54.6996006 ], [ 20.5130246, 54.6996144 ], [ 20.5130269, 54.6996313 ], [ 20.513029, 54.6996471 ] ] } },
{ "type": "Feature", "properties": { "u": 481, "v": 39, "key": 0, "oneway": "True", "highway": "secondary", "name": "улица Багратиона", "maxspeed": "RU:urban", "lanes": "1", "osmid": [ 713320354, 312850196, 97264559 ] }, "geometry": { "type": "LineString", "coordinates": [ [ 20.5130228, 54.6996006 ], [ 20.5131639, 54.6995948 ], [ 20.5132337, 54.6995978 ], [ 20.5132831, 54.6995995 ], [ 20.5133418, 54.6995999 ], [ 20.5136206, 54.6996014 ], [ 20.5137767, 54.6996023 ], [ 20.513875, 54.6996032 ] ] } },
{ "type": "Feature", "properties": { "u": 481, "v": 171, "key": 0, "oneway": "False", "highway": "residential", "name": "Большая Песочная улица", "maxspeed": "RU:urban", "lanes": "1", "osmid": "996149797" }, "geometry": { "type": "LineString", "coordinates": [ [ 20.5130228, 54.6996006 ], [ 20.5130293, 54.6995515 ], [ 20.5130625, 54.6993637 ], [ 20.5130859, 54.6992389 ], [ 20.5131391, 54.6991521 ], [ 20.5131912, 54.6991051 ], [ 20.5133075, 54.6990377 ], [ 20.5135297, 54.6989215 ], [ 20.5136489, 54.6988782 ], [ 20.5154697, 54.6985509 ] ] } },
{ "type": "Feature", "properties": { "u": 482, "v": 483, "key": 0, "oneway": "False", "highway": "living_street", "name": "", "maxspeed": "RU:living_street", "lanes": "", "osmid": "483378754" }, "geometry": { "type": "LineString", "coordinates": [ [ 20.5062479, 54.7144411 ], [ 20.5067846, 54.714079 ] ] } },
{ "type": "Feature", "properties": { "u": 482, "v": 352, "key": 0, "oneway": "False", "highway": "living_street", "name": "улица Профессора Севастьянова", "maxspeed": "RU:living_street", "lanes": "2", "osmid": [ 186561976, 48816485, 186561981 ] }, "geometry": { "type": "LineString", "coordinates": [ [ 20.5062479, 54.7144411 ], [ 20.5062101, 54.7144232 ], [ 20.5060251, 54.7143357 ], [ 20.5059297, 54.7142906 ] ] } },
{ "type": "Feature", "properties": { "u": 482, "v": 167, "key": 0, "oneway": "False", "highway": "living_street", "name": "улица Профессора Севастьянова", "maxspeed": "RU:living_street", "lanes": "2", "osmid": "48816485" }, "geometry": { "type": "LineString", "coordinates": [ [ 20.5062479, 54.7144411 ], [ 20.506566, 54.7146358 ], [ 20.5066847, 54.7147047 ], [ 20.5067564, 54.7147797 ], [ 20.5068046, 54.7148456 ] ] } },
{ "type": "Feature", "properties": { "u": 483, "v": 482, "key": 0, "oneway": "False", "highway": "living_street", "name": "", "maxspeed": "RU:living_street", "lanes": "", "osmid": "483378754" }, "geometry": { "type": "LineString", "coordinates": [ [ 20.5067846, 54.714079 ], [ 20.5062479, 54.7144411 ] ] } },
{ "type": "Feature", "properties": { "u": 484, "v": 485, "key": 0, "oneway": "False", "highway": "residential", "name": "Портовая улица", "maxspeed": "RU:living_street", "lanes": "", "osmid": "488542313" }, "geometry": { "type": "LineString", "coordinates": [ [ 20.4995526, 54.7049405 ], [ 20.4993067, 54.7044025 ], [ 20.499318, 54.7041614 ], [ 20.4993208, 54.7040999 ], [ 20.4998092, 54.7036172 ] ] } },
{ "type": "Feature", "properties": { "u": 484, "v": 208, "key": 0, "oneway": "False", "highway": "secondary", "name": "Портовая улица", "maxspeed": "RU:urban", "lanes": "2", "osmid": [ 989399938, 989399939 ] }, "geometry": { "type": "LineString", "coordinates": [ [ 20.4995526, 54.7049405 ], [ 20.4987167, 54.7050447 ], [ 20.4985534, 54.7050673 ] ] } },
{ "type": "Feature", "properties": { "u": 484, "v": 211, "key": 0, "oneway": "False", "highway": "secondary", "name": "Портовая улица", "maxspeed": "RU:urban", "lanes": "2", "osmid": [ 989399940, 989399941, 989399942, 989399943, 989399944 ] }, "geometry": { "type": "LineString", "coordinates": [ [ 20.4995526, 54.7049405 ], [ 20.5004082, 54.7048341 ], [ 20.5008895, 54.7047828 ], [ 20.5015581, 54.7047144 ], [ 20.5031787, 54.7045092 ], [ 20.5033743, 54.7044842 ] ] } },
{ "type": "Feature", "properties": { "u": 485, "v": 484, "key": 0, "oneway": "False", "highway": "residential", "name": "Портовая улица", "maxspeed": "RU:living_street", "lanes": "", "osmid": "488542313" }, "geometry": { "type": "LineString", "coordinates": [ [ 20.4998092, 54.7036172 ], [ 20.4993208, 54.7040999 ], [ 20.499318, 54.7041614 ], [ 20.4993067, 54.7044025 ], [ 20.4995526, 54.7049405 ] ] } },
{ "type": "Feature", "properties": { "u": 486, "v": 371, "key": 0, "oneway": "False", "highway": "living_street", "name": "", "maxspeed": "RU:living_street", "lanes": "", "osmid": [ 509001312, 509001311 ] }, "geometry": { "type": "LineString", "coordinates": [ [ 20.4978798, 54.713457 ], [ 20.4980944, 54.7139993 ], [ 20.4985289, 54.713959 ], [ 20.4984753, 54.7138227 ], [ 20.4982733, 54.7132302 ] ] } },
{ "type": "Feature", "properties": { "u": 487, "v": 488, "key": 0, "oneway": "False", "highway": "living_street", "name": "", "maxspeed": "RU:living_street", "lanes": "", "osmid": "509001313" }, "geometry": { "type": "LineString", "coordinates": [ [ 20.4983812, 54.7147522 ], [ 20.4981373, 54.7140582 ] ] } },
{ "type": "Feature", "properties": { "u": 487, "v": 80, "key": 0, "oneway": "False", "highway": "residential", "name": "улица Диккенса", "maxspeed": "RU:urban", "lanes": "2", "osmid": "42598659" }, "geometry": { "type": "LineString", "coordinates": [ [ 20.4983812, 54.7147522 ], [ 20.4981136, 54.7148325 ], [ 20.4979941, 54.7148683 ] ] } },
{ "type": "Feature", "properties": { "u": 487, "v": 489, "key": 0, "oneway": "False", "highway": "residential", "name": "улица Диккенса", "maxspeed": "RU:urban", "lanes": "2", "osmid": "42598659" }, "geometry": { "type": "LineString", "coordinates": [ [ 20.4983812, 54.7147522 ], [ 20.4989116, 54.7145942 ], [ 20.4991511, 54.7145309 ] ] } },
{ "type": "Feature", "properties": { "u": 488, "v": 487, "key": 0, "oneway": "False", "highway": "living_street", "name": "", "maxspeed": "RU:living_street", "lanes": "", "osmid": "509001313" }, "geometry": { "type": "LineString", "coordinates": [ [ 20.4981373, 54.7140582 ], [ 20.4983812, 54.7147522 ] ] } },
{ "type": "Feature", "properties": { "u": 489, "v": 79, "key": 0, "oneway": "False", "highway": "residential", "name": "улица Диккенса", "maxspeed": "RU:urban", "lanes": "2", "osmid": "42598659" }, "geometry": { "type": "LineString", "coordinates": [ [ 20.4991511, 54.7145309 ], [ 20.4999174, 54.7143389 ] ] } },
{ "type": "Feature", "properties": { "u": 489, "v": 490, "key": 0, "oneway": "False", "highway": "living_street", "name": "", "maxspeed": "RU:living_street", "lanes": "", "osmid": "509001314" }, "geometry": { "type": "LineString", "coordinates": [ [ 20.4991511, 54.7145309 ], [ 20.4989044, 54.71377 ] ] } },
{ "type": "Feature", "properties": { "u": 489, "v": 487, "key": 0, "oneway": "False", "highway": "residential", "name": "улица Диккенса", "maxspeed": "RU:urban", "lanes": "2", "osmid": "42598659" }, "geometry": { "type": "LineString", "coordinates": [ [ 20.4991511, 54.7145309 ], [ 20.4989116, 54.7145942 ], [ 20.4983812, 54.7147522 ] ] } },
{ "type": "Feature", "properties": { "u": 490, "v": 489, "key": 0, "oneway": "False", "highway": "living_street", "name": "", "maxspeed": "RU:living_street", "lanes": "", "osmid": "509001314" }, "geometry": { "type": "LineString", "coordinates": [ [ 20.4989044, 54.71377 ], [ 20.4991511, 54.7145309 ] ] } },
{ "type": "Feature", "properties": { "u": 491, "v": 494, "key": 0, "oneway": "False", "highway": "residential", "name": "Триумфальная аллея", "maxspeed": "", "lanes": "4", "osmid": [ 945629506, 627366083, 627363111, 1037488496, 1037488479 ] }, "geometry": { "type": "LineString", "coordinates": [ [ 20.5281955, 54.6969814 ], [ 20.5283751, 54.6971899 ], [ 20.5286174, 54.6974711 ], [ 20.5287473, 54.6976219 ], [ 20.5292484, 54.6982037 ], [ 20.5297354, 54.698769 ], [ 20.5267118, 54.6996531 ], [ 20.5260871, 54.699833 ], [ 20.5255307, 54.6999932 ], [ 20.5248729, 54.6991749 ], [ 20.5240074, 54.6981831 ] ] } },
{ "type": "Feature", "properties": { "u": 491, "v": 494, "key": 1, "oneway": "False", "highway": "secondary", "name": "Парадная набережная", "maxspeed": "RU:urban", "lanes": "4", "osmid": "671091231" }, "geometry": { "type": "LineString", "coordinates": [ [ 20.5281955, 54.6969814 ], [ 20.5271712, 54.6972489 ], [ 20.525597, 54.6977025 ], [ 20.5249595, 54.6978855 ], [ 20.5245495, 54.6980096 ], [ 20.5240074, 54.6981831 ] ] } },
{ "type": "Feature", "properties": { "u": 491, "v": 511, "key": 0, "oneway": "False", "highway": "secondary", "name": "Парадная набережная", "maxspeed": "RU:urban", "lanes": "4", "osmid": [ 1370089149, 671091231 ] }, "geometry": { "type": "LineString", "coordinates": [ [ 20.5281955, 54.6969814 ], [ 20.5285227, 54.6968945 ], [ 20.5293256, 54.6967421 ], [ 20.5305077, 54.6965734 ], [ 20.5312431, 54.6964743 ], [ 20.5318964, 54.6964128 ], [ 20.5335848, 54.6962642 ], [ 20.5342643, 54.6962023 ], [ 20.53516, 54.6961409 ], [ 20.5363671, 54.6960451 ], [ 20.5372052, 54.6959822 ], [ 20.5380576, 54.6958871 ], [ 20.5387968, 54.6957952 ] ] } },
{ "type": "Feature", "properties": { "u": 492, "v": 497, "key": 0, "oneway": "False", "highway": "residential", "name": "", "maxspeed": "RU:urban", "lanes": "2", "osmid": "627364907" }, "geometry": { "type": "LineString", "coordinates": [ [ 20.5378277, 54.6993846 ], [ 20.538024, 54.6995096 ], [ 20.5392719, 54.7003039 ] ] } },
{ "type": "Feature", "properties": { "u": 492, "v": 493, "key": 0, "oneway": "False", "highway": "residential", "name": "Солнечный бульвар", "maxspeed": "RU:urban", "lanes": "2", "osmid": "627364936" }, "geometry": { "type": "LineString", "coordinates": [ [ 20.5378277, 54.6993846 ], [ 20.5356724, 54.7000777 ], [ 20.5355029, 54.7001322 ] ] } },
{ "type": "Feature", "properties": { "u": 493, "v": 496, "key": 0, "oneway": "False", "highway": "residential", "name": "", "maxspeed": "", "lanes": "2", "osmid": "627364925" }, "geometry": { "type": "LineString", "coordinates": [ [ 20.5355029, 54.7001322 ], [ 20.5366435, 54.7013279 ] ] } },
{ "type": "Feature", "properties": { "u": 493, "v": 450, "key": 0, "oneway": "False", "highway": "residential", "name": "Солнечный бульвар", "maxspeed": "RU:urban", "lanes": "2", "osmid": [ 627364933, 627364935, 627364936, 1370089164, 1366051279, 1366051280, 1366051281, 1366051282 ] }, "geometry": { "type": "LineString", "coordinates": [ [ 20.5355029, 54.7001322 ], [ 20.5351248, 54.7002555 ], [ 20.531556, 54.7013904 ], [ 20.5303887, 54.701763 ], [ 20.5284666, 54.7023587 ], [ 20.5251472, 54.7034322 ], [ 20.5250145, 54.7034745 ], [ 20.5247421, 54.7035599 ], [ 20.5240339, 54.703719 ], [ 20.5236893, 54.703811 ], [ 20.5235475, 54.7038619 ], [ 20.523437, 54.7039357 ], [ 20.523394, 54.7040019 ], [ 20.5233779, 54.7040901 ], [ 20.5233997, 54.7042691 ], [ 20.5234062, 54.7047711 ], [ 20.5234001, 54.7048831 ] ] } },
{ "type": "Feature", "properties": { "u": 493, "v": 492, "key": 0, "oneway": "False", "highway": "residential", "name": "Солнечный бульвар", "maxspeed": "RU:urban", "lanes": "2", "osmid": "627364936" }, "geometry": { "type": "LineString", "coordinates": [ [ 20.5355029, 54.7001322 ], [ 20.5356724, 54.7000777 ], [ 20.5378277, 54.6993846 ] ] } },
{ "type": "Feature", "properties": { "u": 494, "v": 491, "key": 0, "oneway": "False", "highway": "residential", "name": "Триумфальная аллея", "maxspeed": "", "lanes": "4", "osmid": [ 945629506, 627366083, 627363111, 1037488496, 1037488479 ] }, "geometry": { "type": "LineString", "coordinates": [ [ 20.5240074, 54.6981831 ], [ 20.5248729, 54.6991749 ], [ 20.5255307, 54.6999932 ], [ 20.5260871, 54.699833 ], [ 20.5267118, 54.6996531 ], [ 20.5297354, 54.698769 ], [ 20.5292484, 54.6982037 ], [ 20.5287473, 54.6976219 ], [ 20.5286174, 54.6974711 ], [ 20.5283751, 54.6971899 ], [ 20.5281955, 54.6969814 ] ] } },
{ "type": "Feature", "properties": { "u": 494, "v": 491, "key": 1, "oneway": "False", "highway": "secondary", "name": "Парадная набережная", "maxspeed": "RU:urban", "lanes": "4", "osmid": "671091231" }, "geometry": { "type": "LineString", "coordinates": [ [ 20.5240074, 54.6981831 ], [ 20.5245495, 54.6980096 ], [ 20.5249595, 54.6978855 ], [ 20.525597, 54.6977025 ], [ 20.5271712, 54.6972489 ], [ 20.5281955, 54.6969814 ] ] } },
{ "type": "Feature", "properties": { "u": 494, "v": 452, "key": 0, "oneway": "False", "highway": "secondary", "name": "Парадная набережная", "maxspeed": "RU:urban", "lanes": "4", "osmid": "671091231" }, "geometry": { "type": "LineString", "coordinates": [ [ 20.5240074, 54.6981831 ], [ 20.5235705, 54.6983255 ], [ 20.5228606, 54.6985461 ], [ 20.5226612, 54.6986081 ], [ 20.5213846, 54.6989085 ] ] } },
{ "type": "Feature", "properties": { "u": 495, "v": 43, "key": 0, "oneway": "True", "highway": "tertiary", "name": "", "maxspeed": "", "lanes": "1", "osmid": "669208273" }, "geometry": { "type": "LineString", "coordinates": [ [ 20.5080533, 54.7047716 ], [ 20.5080709, 54.7047485 ], [ 20.5081008, 54.7047302 ], [ 20.5081395, 54.7047187 ], [ 20.5081827, 54.7047153 ] ] } },
{ "type": "Feature", "properties": { "u": 495, "v": 44, "key": 0, "oneway": "False", "highway": "tertiary", "name": "Старопрегольская набережная", "maxspeed": "RU:urban", "lanes": "2", "osmid": [ 1372756640, 1372756641, 1372756642, 1372756643, 980011180, 211419989, 308211230, 308211231 ] }, "geometry": { "type": "LineString", "coordinates": [ [ 20.5080533, 54.7047716 ], [ 20.5077949, 54.7047956 ], [ 20.5072836, 54.704843 ], [ 20.5071803, 54.7048526 ], [ 20.5071216, 54.704858 ], [ 20.5065443, 54.7049116 ], [ 20.5065019, 54.7049155 ], [ 20.5063671, 54.7049282 ], [ 20.5058366, 54.7049336 ], [ 20.5057308, 54.7048857 ], [ 20.5056742, 54.7047999 ], [ 20.5054218, 54.7044959 ], [ 20.5053466, 54.7043692 ], [ 20.5053082, 54.7042865 ], [ 20.5052869, 54.7042404 ] ] } },
{ "type": "Feature", "properties": { "u": 496, "v": 493, "key": 0, "oneway": "False", "highway": "residential", "name": "", "maxspeed": "", "lanes": "2", "osmid": "627364925" }, "geometry": { "type": "LineString", "coordinates": [ [ 20.5366435, 54.7013279 ], [ 20.5355029, 54.7001322 ] ] } },
{ "type": "Feature", "properties": { "u": 496, "v": 474, "key": 0, "oneway": "False", "highway": "residential", "name": "", "maxspeed": "", "lanes": "2", "osmid": "627364925" }, "geometry": { "type": "LineString", "coordinates": [ [ 20.5366435, 54.7013279 ], [ 20.5368703, 54.7015669 ], [ 20.5369403, 54.7016407 ], [ 20.537159, 54.7018731 ], [ 20.5373801, 54.7021011 ], [ 20.5374146, 54.7021367 ], [ 20.5374808, 54.702205 ] ] } },
{ "type": "Feature", "properties": { "u": 496, "v": 497, "key": 0, "oneway": "False", "highway": "residential", "name": "", "maxspeed": "", "lanes": "2", "osmid": "643094099" }, "geometry": { "type": "LineString", "coordinates": [ [ 20.5366435, 54.7013279 ], [ 20.5367232, 54.7012968 ], [ 20.5391911, 54.7003354 ], [ 20.5392719, 54.7003039 ] ] } },
{ "type": "Feature", "properties": { "u": 497, "v": 492, "key": 0, "oneway": "False", "highway": "residential", "name": "", "maxspeed": "RU:urban", "lanes": "2", "osmid": "627364907" }, "geometry": { "type": "LineString", "coordinates": [ [ 20.5392719, 54.7003039 ], [ 20.538024, 54.6995096 ], [ 20.5378277, 54.6993846 ] ] } },
{ "type": "Feature", "properties": { "u": 497, "v": 496, "key": 0, "oneway": "False", "highway": "residential", "name": "", "maxspeed": "", "lanes": "2", "osmid": "643094099" }, "geometry": { "type": "LineString", "coordinates": [ [ 20.5392719, 54.7003039 ], [ 20.5391911, 54.7003354 ], [ 20.5367232, 54.7012968 ], [ 20.5366435, 54.7013279 ] ] } },
{ "type": "Feature", "properties": { "u": 498, "v": 131, "key": 0, "oneway": "False", "highway": "residential", "name": "Старопрегольская набережная", "maxspeed": "RU:living_street", "lanes": "2", "osmid": "583464743" }, "geometry": { "type": "LineString", "coordinates": [ [ 20.5082956, 54.7048205 ], [ 20.5084638, 54.704871 ], [ 20.5089463, 54.7048645 ], [ 20.5100751, 54.7048008 ] ] } },
{ "type": "Feature", "properties": { "u": 498, "v": 495, "key": 0, "oneway": "True", "highway": "tertiary", "name": "", "maxspeed": "", "lanes": "1", "osmid": [ 669208272, 669208274 ] }, "geometry": { "type": "LineString", "coordinates": [ [ 20.5082956, 54.7048205 ], [ 20.5082729, 54.7048403 ], [ 20.5082404, 54.7048549 ], [ 20.5082017, 54.704863 ], [ 20.5081606, 54.7048635 ], [ 20.5081212, 54.7048565 ], [ 20.508086, 54.7048417 ], [ 20.5080613, 54.704821 ], [ 20.5080499, 54.7047967 ], [ 20.5080533, 54.7047716 ] ] } },
{ "type": "Feature", "properties": { "u": 499, "v": 177, "key": 0, "oneway": "True", "highway": "residential", "name": "улица Младшего лейтенанта Ротко", "maxspeed": "RU:living_street", "lanes": "2", "osmid": "49207349" }, "geometry": { "type": "LineString", "coordinates": [ [ 20.5069196, 54.6988842 ], [ 20.5069223, 54.699175 ], [ 20.5069227, 54.6992241 ] ] } },
{ "type": "Feature", "properties": { "u": 499, "v": 501, "key": 0, "oneway": "False", "highway": "residential", "name": "", "maxspeed": "RU:living_street", "lanes": "", "osmid": "672359405" }, "geometry": { "type": "LineString", "coordinates": [ [ 20.5069196, 54.6988842 ], [ 20.5077178, 54.6989121 ], [ 20.507677, 54.6986361 ] ] } },
{ "type": "Feature", "properties": { "u": 500, "v": 499, "key": 0, "oneway": "True", "highway": "residential", "name": "улица Младшего лейтенанта Ротко", "maxspeed": "RU:living_street", "lanes": "2", "osmid": "49207349" }, "geometry": { "type": "LineString", "coordinates": [ [ 20.5069106, 54.6980627 ], [ 20.5069196, 54.6988842 ] ] } },
{ "type": "Feature", "properties": { "u": 500, "v": 501, "key": 0, "oneway": "False", "highway": "residential", "name": "", "maxspeed": "RU:living_street", "lanes": "", "osmid": "672359405" }, "geometry": { "type": "LineString", "coordinates": [ [ 20.5069106, 54.6980627 ], [ 20.5077124, 54.6980596 ], [ 20.5077124, 54.6982735 ], [ 20.5074925, 54.6983386 ], [ 20.5075086, 54.6985091 ], [ 20.5076642, 54.6985494 ], [ 20.507677, 54.6986361 ] ] } },
{ "type": "Feature", "properties": { "u": 501, "v": 502, "key": 0, "oneway": "False", "highway": "residential", "name": "", "maxspeed": "RU:living_street", "lanes": "", "osmid": "672359406" }, "geometry": { "type": "LineString", "coordinates": [ [ 20.507677, 54.6986361 ], [ 20.5081523, 54.6986393 ] ] } },
{ "type": "Feature", "properties": { "u": 501, "v": 500, "key": 0, "oneway": "False", "highway": "residential", "name": "", "maxspeed": "RU:living_street", "lanes": "", "osmid": "672359405" }, "geometry": { "type": "LineString", "coordinates": [ [ 20.507677, 54.6986361 ], [ 20.5076642, 54.6985494 ], [ 20.5075086, 54.6985091 ], [ 20.5074925, 54.6983386 ], [ 20.5077124, 54.6982735 ], [ 20.5077124, 54.6980596 ], [ 20.5069106, 54.6980627 ] ] } },
{ "type": "Feature", "properties": { "u": 501, "v": 499, "key": 0, "oneway": "False", "highway": "residential", "name": "", "maxspeed": "RU:living_street", "lanes": "", "osmid": "672359405" }, "geometry": { "type": "LineString", "coordinates": [ [ 20.507677, 54.6986361 ], [ 20.5077178, 54.6989121 ], [ 20.5069196, 54.6988842 ] ] } },
{ "type": "Feature", "properties": { "u": 502, "v": 501, "key": 0, "oneway": "False", "highway": "residential", "name": "", "maxspeed": "RU:living_street", "lanes": "", "osmid": "672359406" }, "geometry": { "type": "LineString", "coordinates": [ [ 20.5081523, 54.6986393 ], [ 20.507677, 54.6986361 ] ] } },
{ "type": "Feature", "properties": { "u": 503, "v": 22, "key": 0, "oneway": "False", "highway": "residential", "name": "переулок Грига", "maxspeed": "RU:living_street", "lanes": "2", "osmid": [ 32454158, 1372756583 ] }, "geometry": { "type": "LineString", "coordinates": [ [ 20.5316368, 54.7157171 ], [ 20.5315778, 54.7157652 ], [ 20.5314377, 54.7158808 ], [ 20.531434, 54.7158838 ], [ 20.5311925, 54.7160522 ], [ 20.530935, 54.7161643 ], [ 20.5307941, 54.7162242 ], [ 20.5307051, 54.7162573 ], [ 20.5305903, 54.7162739 ], [ 20.5305852, 54.7162746 ], [ 20.5305008, 54.7162552 ], [ 20.530418, 54.716243 ], [ 20.5302583, 54.7162602 ], [ 20.530122, 54.7162929 ], [ 20.5299903, 54.7163475 ] ] } },
{ "type": "Feature", "properties": { "u": 504, "v": 457, "key": 0, "oneway": "False", "highway": "residential", "name": "улица Фортовая дорога", "maxspeed": "", "lanes": "", "osmid": "63712442" }, "geometry": { "type": "LineString", "coordinates": [ [ 20.5367249, 54.7157528 ], [ 20.5364916, 54.7159062 ], [ 20.5366329, 54.7159864 ], [ 20.5371582, 54.7162748 ], [ 20.5373767, 54.7163825 ], [ 20.5377729, 54.7165879 ] ] } },
{ "type": "Feature", "properties": { "u": 505, "v": 21, "key": 0, "oneway": "True", "highway": "primary", "name": "площадь Калинина", "maxspeed": "RU:urban", "lanes": "2", "osmid": [ 107449569, 981617665 ] }, "geometry": { "type": "LineString", "coordinates": [ [ 20.4962772, 54.6962819 ], [ 20.4977538, 54.6964523 ], [ 20.497894, 54.6964576 ], [ 20.4980305, 54.6964494 ], [ 20.4981538, 54.6964241 ], [ 20.4984732, 54.6963152 ], [ 20.4987084, 54.6962335 ] ] } },
{ "type": "Feature", "properties": { "u": 506, "v": 163, "key": 0, "oneway": "True", "highway": "living_street", "name": "", "maxspeed": "RU:living_street", "lanes": "2", "osmid": "48807218" }, "geometry": { "type": "LineString", "coordinates": [ [ 20.5073815, 54.7176195 ], [ 20.5080174, 54.7177484 ] ] } },
{ "type": "Feature", "properties": { "u": 506, "v": 370, "key": 0, "oneway": "False", "highway": "living_street", "name": "", "maxspeed": "RU:living_street", "lanes": "2", "osmid": "707244378" }, "geometry": { "type": "LineString", "coordinates": [ [ 20.5073815, 54.7176195 ], [ 20.5066903, 54.7174793 ] ] } },
{ "type": "Feature", "properties": { "u": 507, "v": 561, "key": 0, "oneway": "False", "highway": "primary", "name": "улица Александра Суворова", "maxspeed": "", "lanes": "2", "osmid": "983931343" }, "geometry": { "type": "LineString", "coordinates": [ [ 20.4938514, 54.6969347 ], [ 20.4939849, 54.6969922 ] ] } },
{ "type": "Feature", "properties": { "u": 507, "v": 106, "key": 0, "oneway": "False", "highway": "primary", "name": "улица Александра Суворова", "maxspeed": "", "lanes": "3", "osmid": [ 981660657, 172879669, 687435374 ] }, "geometry": { "type": "LineString", "coordinates": [ [ 20.4938514, 54.6969347 ], [ 20.4937136, 54.6968755 ], [ 20.4932925, 54.6966914 ], [ 20.493123, 54.696623 ], [ 20.4925415, 54.6963885 ] ] } },
{ "type": "Feature", "properties": { "u": 507, "v": 20, "key": 0, "oneway": "True", "highway": "primary", "name": "Железнодорожная улица", "maxspeed": "60", "lanes": "2", "osmid": [ 668677459, 45508621, 1108610951 ] }, "geometry": { "type": "LineString", "coordinates": [ [ 20.4938514, 54.6969347 ], [ 20.4939701, 54.6968448 ], [ 20.4943327, 54.6966333 ], [ 20.4947424, 54.6964262 ], [ 20.4950359, 54.6963285 ], [ 20.4954227, 54.6961972 ] ] } },
{ "type": "Feature", "properties": { "u": 508, "v": 207, "key": 0, "oneway": "False", "highway": "residential", "name": "Южный переулок", "maxspeed": "RU:living_street", "lanes": "2", "osmid": [ 1372496931, 1372496932, 1372496933, 1372496934, 251445223, 133597556 ] }, "geometry": { "type": "LineString", "coordinates": [ [ 20.4949161, 54.6974394 ], [ 20.4948106, 54.6975575 ], [ 20.4944703, 54.6978565 ], [ 20.4934602, 54.6984941 ], [ 20.4937989, 54.6986895 ], [ 20.4940242, 54.6988175 ], [ 20.4942901, 54.6989729 ], [ 20.49487, 54.6993074 ], [ 20.4952518, 54.6995276 ], [ 20.4956117, 54.6997259 ] ] } },
{ "type": "Feature", "properties": { "u": 508, "v": 561, "key": 0, "oneway": "True", "highway": "secondary", "name": "улица Багратиона", "maxspeed": "RU:urban", "lanes": "1", "osmid": [ 982439489, 188301805, 31144199 ] }, "geometry": { "type": "LineString", "coordinates": [ [ 20.4949161, 54.6974394 ], [ 20.4948208, 54.6973902 ], [ 20.494745, 54.697347 ], [ 20.494555, 54.6972734 ], [ 20.49443, 54.697225 ], [ 20.4941442, 54.6971189 ], [ 20.4940496, 54.69705 ], [ 20.4939849, 54.6969922 ] ] } },
{ "type": "Feature", "properties": { "u": 509, "v": 510, "key": 0, "oneway": "True", "highway": "primary", "name": "Ленинский проспект", "maxspeed": "RU:urban", "lanes": "4", "osmid": "983991796" }, "geometry": { "type": "LineString", "coordinates": [ [ 20.5028182, 54.6988081 ], [ 20.5028299, 54.6986762 ] ] } },
{ "type": "Feature", "properties": { "u": 509, "v": 19, "key": 0, "oneway": "True", "highway": "secondary", "name": "улица Багратиона", "maxspeed": "RU:urban", "lanes": "1", "osmid": "980011172" }, "geometry": { "type": "LineString", "coordinates": [ [ 20.5028182, 54.6988081 ], [ 20.502924, 54.6988284 ], [ 20.5029747, 54.6988381 ], [ 20.5031459, 54.698871 ] ] } },
{ "type": "Feature", "properties": { "u": 510, "v": 297, "key": 0, "oneway": "True", "highway": "primary", "name": "Ленинский проспект", "maxspeed": "RU:urban", "lanes": "2", "osmid": "45507669" }, "geometry": { "type": "LineString", "coordinates": [ [ 20.5028299, 54.6986762 ], [ 20.5027176, 54.6985338 ], [ 20.5026041, 54.6984154 ], [ 20.502563, 54.6983765 ], [ 20.500914, 54.6967997 ] ] } },
{ "type": "Feature", "properties": { "u": 510, "v": 359, "key": 0, "oneway": "True", "highway": "primary", "name": "Ленинский проспект", "maxspeed": "RU:urban", "lanes": "2", "osmid": "288009608" }, "geometry": { "type": "LineString", "coordinates": [ [ 20.5028299, 54.6986762 ], [ 20.5028848, 54.6984353 ], [ 20.5028708, 54.6983962 ], [ 20.5028473, 54.6983563 ], [ 20.5028046, 54.6983084 ], [ 20.5027283, 54.6982313 ], [ 20.5007723, 54.6963425 ] ] } },
{ "type": "Feature", "properties": { "u": 511, "v": 491, "key": 0, "oneway": "False", "highway": "secondary", "name": "Парадная набережная", "maxspeed": "RU:urban", "lanes": "4", "osmid": [ 1370089149, 671091231 ] }, "geometry": { "type": "LineString", "coordinates": [ [ 20.5387968, 54.6957952 ], [ 20.5380576, 54.6958871 ], [ 20.5372052, 54.6959822 ], [ 20.5363671, 54.6960451 ], [ 20.53516, 54.6961409 ], [ 20.5342643, 54.6962023 ], [ 20.5335848, 54.6962642 ], [ 20.5318964, 54.6964128 ], [ 20.5312431, 54.6964743 ], [ 20.5305077, 54.6965734 ], [ 20.5293256, 54.6967421 ], [ 20.5285227, 54.6968945 ], [ 20.5281955, 54.6969814 ] ] } },
{ "type": "Feature", "properties": { "u": 512, "v": 514, "key": 0, "oneway": "False", "highway": "living_street", "name": "", "maxspeed": "RU:living_street", "lanes": "", "osmid": "935142243" }, "geometry": { "type": "LineString", "coordinates": [ [ 20.5125026, 54.7130013 ], [ 20.5124384, 54.7128792 ] ] } },
{ "type": "Feature", "properties": { "u": 513, "v": 514, "key": 0, "oneway": "False", "highway": "living_street", "name": "", "maxspeed": "RU:living_street", "lanes": "", "osmid": "935142243" }, "geometry": { "type": "LineString", "coordinates": [ [ 20.5123766, 54.7127617 ], [ 20.5124384, 54.7128792 ] ] } },
{ "type": "Feature", "properties": { "u": 514, "v": 513, "key": 0, "oneway": "False", "highway": "living_street", "name": "", "maxspeed": "RU:living_street", "lanes": "", "osmid": "935142243" }, "geometry": { "type": "LineString", "coordinates": [ [ 20.5124384, 54.7128792 ], [ 20.5123766, 54.7127617 ] ] } },
{ "type": "Feature", "properties": { "u": 514, "v": 512, "key": 0, "oneway": "False", "highway": "living_street", "name": "", "maxspeed": "RU:living_street", "lanes": "", "osmid": "935142243" }, "geometry": { "type": "LineString", "coordinates": [ [ 20.5124384, 54.7128792 ], [ 20.5125026, 54.7130013 ] ] } },
{ "type": "Feature", "properties": { "u": 514, "v": 332, "key": 0, "oneway": "False", "highway": "living_street", "name": "", "maxspeed": "RU:living_street", "lanes": "", "osmid": "935142244" }, "geometry": { "type": "LineString", "coordinates": [ [ 20.5124384, 54.7128792 ], [ 20.512662, 54.7128388 ] ] } },
{ "type": "Feature", "properties": { "u": 515, "v": 3, "key": 0, "oneway": "True", "highway": "primary", "name": "Ленинский проспект", "maxspeed": "RU:urban", "lanes": "3", "osmid": [ 980011200, 132322810, 1232532036, 390935380 ] }, "geometry": { "type": "LineString", "coordinates": [ [ 20.508907, 54.711982 ], [ 20.5088164, 54.7120504 ], [ 20.5086275, 54.7121784 ], [ 20.5083456, 54.7123724 ], [ 20.5080502, 54.7125757 ], [ 20.5079742, 54.712628 ], [ 20.5074481, 54.71299 ], [ 20.5070211, 54.7132843 ] ] } },
{ "type": "Feature", "properties": { "u": 516, "v": 403, "key": 0, "oneway": "True", "highway": "primary", "name": "Ленинский проспект", "maxspeed": "RU:urban", "lanes": "3", "osmid": "983859260" }, "geometry": { "type": "LineString", "coordinates": [ [ 20.5029919, 54.7160307 ], [ 20.5031478, 54.7158563 ], [ 20.5031977, 54.7158166 ] ] } },
{ "type": "Feature", "properties": { "u": 517, "v": 568, "key": 0, "oneway": "True", "highway": "primary", "name": "Ленинский проспект", "maxspeed": "RU:urban", "lanes": "4", "osmid": [ 980011173, 980011166 ] }, "geometry": { "type": "LineString", "coordinates": [ [ 20.5037111, 54.7006482 ], [ 20.5034559, 54.7002082 ], [ 20.5033218, 54.6999771 ], [ 20.5031034, 54.6995846 ], [ 20.5030002, 54.6993831 ], [ 20.502913, 54.6991812 ], [ 20.5028913, 54.6991166 ], [ 20.5028508, 54.6989706 ], [ 20.5028364, 54.6989188 ], [ 20.5028308, 54.6988986 ] ] } },
{ "type": "Feature", "properties": { "u": 517, "v": 209, "key": 0, "oneway": "False", "highway": "residential", "name": "Эльблонгская улица", "maxspeed": "RU:living_street", "lanes": "2", "osmid": [ 287846925, 980011167 ] }, "geometry": { "type": "LineString", "coordinates": [ [ 20.5037111, 54.7006482 ], [ 20.5035626, 54.7006808 ], [ 20.5034949, 54.7006921 ], [ 20.5030996, 54.7007586 ], [ 20.5022773, 54.7008968 ], [ 20.5021161, 54.7009093 ], [ 20.5020357, 54.7009156 ], [ 20.5017833, 54.7009579 ], [ 20.5016793, 54.7009753 ] ] } },
{ "type": "Feature", "properties": { "u": 518, "v": 528, "key": 0, "oneway": "True", "highway": "secondary", "name": "улица Шевченко", "maxspeed": "RU:urban", "lanes": "2", "osmid": "980011184" }, "geometry": { "type": "LineString", "coordinates": [ [ 20.5089051, 54.7116968 ], [ 20.5090503, 54.7116186 ] ] } },
{ "type": "Feature", "properties": { "u": 518, "v": 523, "key": 0, "oneway": "True", "highway": "primary", "name": "Ленинский проспект", "maxspeed": "RU:urban", "lanes": "3", "osmid": "985862002" }, "geometry": { "type": "LineString", "coordinates": [ [ 20.5089051, 54.7116968 ], [ 20.5089995, 54.7115357 ] ] } },
{ "type": "Feature", "properties": { "u": 519, "v": 86, "key": 0, "oneway": "False", "highway": "residential", "name": "Барнаульская улица", "maxspeed": "RU:urban", "lanes": "2", "osmid": [ 256125449, 1372756626, 1372756627, 1372756628, 314108346 ] }, "geometry": { "type": "LineString", "coordinates": [ [ 20.5041166, 54.7150673 ], [ 20.503998, 54.715018 ], [ 20.5038575, 54.7149484 ], [ 20.5036468, 54.7148515 ], [ 20.5035522, 54.7147831 ], [ 20.503474, 54.7147161 ], [ 20.5033986, 54.7146515 ] ] } },
{ "type": "Feature", "properties": { "u": 519, "v": 76, "key": 0, "oneway": "True", "highway": "residential", "name": "Барнаульская улица", "maxspeed": "RU:urban", "lanes": "2", "osmid": "980011157" }, "geometry": { "type": "LineString", "coordinates": [ [ 20.5041166, 54.7150673 ], [ 20.5041775, 54.7150956 ], [ 20.5042094, 54.7151104 ], [ 20.5043055, 54.715155 ] ] } },
{ "type": "Feature", "properties": { "u": 519, "v": 525, "key": 0, "oneway": "True", "highway": "primary", "name": "Ленинский проспект", "maxspeed": "RU:urban", "lanes": "3", "osmid": [ 980011160, 980011198 ] }, "geometry": { "type": "LineString", "coordinates": [ [ 20.5041166, 54.7150673 ], [ 20.5041985, 54.71501 ], [ 20.5055325, 54.7140765 ], [ 20.5064246, 54.7134667 ], [ 20.5067252, 54.7132727 ] ] } },
{ "type": "Feature", "properties": { "u": 520, "v": 42, "key": 0, "oneway": "False", "highway": "tertiary", "name": "Полоцкая улица", "maxspeed": "RU:urban", "lanes": "2", "osmid": [ 980011174, 980011175 ] }, "geometry": { "type": "LineString", "coordinates": [ [ 20.5047392, 54.7024289 ], [ 20.504821, 54.7024151 ], [ 20.5048691, 54.7024068 ], [ 20.505005, 54.7023851 ] ] } },
{ "type": "Feature", "properties": { "u": 520, "v": 517, "key": 0, "oneway": "True", "highway": "primary", "name": "Ленинский проспект", "maxspeed": "RU:urban", "lanes": "3", "osmid": [ 1372496923, 980011181, 980011165 ] }, "geometry": { "type": "LineString", "coordinates": [ [ 20.5047392, 54.7024289 ], [ 20.5046802, 54.7023206 ], [ 20.5043164, 54.7016926 ], [ 20.5038566, 54.7008988 ], [ 20.5037111, 54.7006482 ] ] } },
{ "type": "Feature", "properties": { "u": 520, "v": 210, "key": 0, "oneway": "False", "highway": "tertiary", "name": "Полоцкая улица", "maxspeed": "RU:urban", "lanes": "2", "osmid": [ 1372756647, 989399955, 989399956, 989399957, 989399958, 989399959 ] }, "geometry": { "type": "LineString", "coordinates": [ [ 20.5047392, 54.7024289 ], [ 20.5045094, 54.7024639 ], [ 20.504238, 54.7025083 ], [ 20.5036204, 54.7026142 ], [ 20.5032947, 54.7026717 ], [ 20.5031295, 54.7027009 ], [ 20.5027115, 54.7027746 ], [ 20.5026239, 54.70279 ] ] } },
{ "type": "Feature", "properties": { "u": 521, "v": 524, "key": 0, "oneway": "True", "highway": "primary", "name": "Ленинский проспект", "maxspeed": "RU:urban", "lanes": "2", "osmid": "980011183" }, "geometry": { "type": "LineString", "coordinates": [ [ 20.5057378, 54.7043823 ], [ 20.5055784, 54.7040734 ] ] } },
{ "type": "Feature", "properties": { "u": 521, "v": 406, "key": 0, "oneway": "True", "highway": "secondary_link", "name": "Портовая улица", "maxspeed": "RU:urban", "lanes": "1", "osmid": "42991877" }, "geometry": { "type": "LineString", "coordinates": [ [ 20.5057378, 54.7043823 ], [ 20.5056994, 54.7043593 ], [ 20.5056583, 54.7043353 ], [ 20.5055932, 54.7043 ], [ 20.5055143, 54.7042651 ], [ 20.5054075, 54.704225 ] ] } },
{ "type": "Feature", "properties": { "u": 522, "v": 390, "key": 0, "oneway": "True", "highway": "primary", "name": "Ленинский проспект", "maxspeed": "RU:urban", "lanes": "3", "osmid": "1349791664" }, "geometry": { "type": "LineString", "coordinates": [ [ 20.507014, 54.7130682 ], [ 20.5074275, 54.7127741 ], [ 20.5075299, 54.7127049 ], [ 20.5085565, 54.7119728 ], [ 20.5085934, 54.711944 ], [ 20.508791, 54.7117929 ] ] } },
{ "type": "Feature", "properties": { "u": 523, "v": 280, "key": 0, "oneway": "True", "highway": "primary", "name": "Ленинский проспект", "maxspeed": "RU:urban", "lanes": "3", "osmid": "980011161" }, "geometry": { "type": "LineString", "coordinates": [ [ 20.5089995, 54.7115357 ], [ 20.5090155, 54.7114746 ], [ 20.5090405, 54.7112877 ], [ 20.5089633, 54.7109695 ], [ 20.508653, 54.7103231 ], [ 20.5085551, 54.7101149 ] ] } },
{ "type": "Feature", "properties": { "u": 524, "v": 520, "key": 0, "oneway": "True", "highway": "primary", "name": "Ленинский проспект", "maxspeed": "RU:urban", "lanes": "4", "osmid": [ 980011176, 980011177 ] }, "geometry": { "type": "LineString", "coordinates": [ [ 20.5055784, 54.7040734 ], [ 20.5054839, 54.7038901 ], [ 20.5053844, 54.703691 ], [ 20.5050223, 54.7029867 ], [ 20.5047392, 54.7024289 ] ] } },
{ "type": "Feature", "properties": { "u": 525, "v": 522, "key": 0, "oneway": "True", "highway": "primary", "name": "Ленинский проспект", "maxspeed": "RU:urban", "lanes": "3", "osmid": "980011198" }, "geometry": { "type": "LineString", "coordinates": [ [ 20.5067252, 54.7132727 ], [ 20.507014, 54.7130682 ] ] } },
{ "type": "Feature", "properties": { "u": 525, "v": 2, "key": 0, "oneway": "True", "highway": "tertiary", "name": "Житомирская улица", "maxspeed": "RU:urban", "lanes": "1", "osmid": "258616643" }, "geometry": { "type": "LineString", "coordinates": [ [ 20.5067252, 54.7132727 ], [ 20.506723, 54.7131769 ], [ 20.5066947, 54.7131096 ], [ 20.5066158, 54.7130507 ] ] } },
{ "type": "Feature", "properties": { "u": 525, "v": 614, "key": 0, "oneway": "False", "highway": "tertiary", "name": "", "maxspeed": "", "lanes": "", "osmid": "1349791662" }, "geometry": { "type": "LineString", "coordinates": [ [ 20.5067252, 54.7132727 ], [ 20.5068016, 54.7133081 ], [ 20.5068312, 54.7133192 ], [ 20.5069168, 54.7133587 ] ] } },
{ "type": "Feature", "properties": { "u": 526, "v": 527, "key": 0, "oneway": "True", "highway": "primary", "name": "Ленинский проспект", "maxspeed": "RU:urban", "lanes": "3", "osmid": "1232532238" }, "geometry": { "type": "LineString", "coordinates": [ [ 20.5028588, 54.716252 ], [ 20.5029148, 54.7161626 ] ] } },
{ "type": "Feature", "properties": { "u": 526, "v": 326, "key": 0, "oneway": "True", "highway": "primary", "name": "Театральная улица", "maxspeed": "RU:urban", "lanes": "2", "osmid": "1232532237" }, "geometry": { "type": "LineString", "coordinates": [ [ 20.5028588, 54.716252 ], [ 20.5027802, 54.7162523 ], [ 20.5025639, 54.7162956 ], [ 20.5024564, 54.7163319 ], [ 20.5023123, 54.7163977 ] ] } },
{ "type": "Feature", "properties": { "u": 527, "v": 516, "key": 0, "oneway": "True", "highway": "primary", "name": "Ленинский проспект", "maxspeed": "RU:urban", "lanes": "3", "osmid": "1232532236" }, "geometry": { "type": "LineString", "coordinates": [ [ 20.5029148, 54.7161626 ], [ 20.5029919, 54.7160307 ] ] } },
{ "type": "Feature", "properties": { "u": 527, "v": 325, "key": 0, "oneway": "True", "highway": "primary", "name": "", "maxspeed": "RU:urban", "lanes": "1", "osmid": "1232532235" }, "geometry": { "type": "LineString", "coordinates": [ [ 20.5029148, 54.7161626 ], [ 20.5029917, 54.7161702 ], [ 20.5030323, 54.7161751 ], [ 20.5031115, 54.7161907 ] ] } },
{ "type": "Feature", "properties": { "u": 528, "v": 523, "key": 0, "oneway": "True", "highway": "secondary", "name": "улица Шевченко", "maxspeed": "RU:urban", "lanes": "2", "osmid": "1232532035" }, "geometry": { "type": "LineString", "coordinates": [ [ 20.5090503, 54.7116186 ], [ 20.5089995, 54.7115357 ] ] } },
{ "type": "Feature", "properties": { "u": 528, "v": 529, "key": 0, "oneway": "True", "highway": "secondary", "name": "улица Шевченко", "maxspeed": "RU:urban", "lanes": "2", "osmid": "1232532034" }, "geometry": { "type": "LineString", "coordinates": [ [ 20.5090503, 54.7116186 ], [ 20.5090818, 54.7116027 ], [ 20.5091184, 54.7115869 ], [ 20.5092035, 54.7115566 ], [ 20.5092747, 54.7115332 ] ] } },
{ "type": "Feature", "properties": { "u": 529, "v": 0, "key": 0, "oneway": "True", "highway": "primary", "name": "Ленинский проспект", "maxspeed": "RU:urban", "lanes": "3", "osmid": "106485878" }, "geometry": { "type": "LineString", "coordinates": [ [ 20.5092747, 54.7115332 ], [ 20.5092585, 54.7116065 ], [ 20.5092515, 54.711654 ], [ 20.5092469, 54.7116946 ] ] } },
{ "type": "Feature", "properties": { "u": 529, "v": 113, "key": 0, "oneway": "True", "highway": "secondary", "name": "улица Шевченко", "maxspeed": "RU:urban", "lanes": "2", "osmid": [ 1232532034, 980011207 ] }, "geometry": { "type": "LineString", "coordinates": [ [ 20.5092747, 54.7115332 ], [ 20.5093925, 54.7114984 ], [ 20.5094508, 54.711482 ], [ 20.5094981, 54.7114695 ], [ 20.5097738, 54.7114066 ] ] } },
{ "type": "Feature", "properties": { "u": 530, "v": 540, "key": 0, "oneway": "True", "highway": "primary", "name": "улица Черняховского", "maxspeed": "RU:urban", "lanes": "3", "osmid": [ 980510396, 980510397 ] }, "geometry": { "type": "LineString", "coordinates": [ [ 20.5054041, 54.7194638 ], [ 20.5062684, 54.719598 ], [ 20.5074379, 54.7197676 ], [ 20.5077852, 54.719818 ] ] } },
{ "type": "Feature", "properties": { "u": 530, "v": 161, "key": 0, "oneway": "False", "highway": "residential", "name": "улица Подполковника Иванникова", "maxspeed": "RU:urban", "lanes": "2", "osmid": [ 1069222961, 1069222962 ] }, "geometry": { "type": "LineString", "coordinates": [ [ 20.5054041, 54.7194638 ], [ 20.5054197, 54.7194019 ], [ 20.5054446, 54.7193325 ], [ 20.5055082, 54.7188792 ], [ 20.5055572, 54.7182962 ] ] } },
{ "type": "Feature", "properties": { "u": 530, "v": 63, "key": 0, "oneway": "False", "highway": "unclassified", "name": "улица Подполковника Иванникова", "maxspeed": "RU:urban", "lanes": "2", "osmid": "1290030972" }, "geometry": { "type": "LineString", "coordinates": [ [ 20.5054041, 54.7194638 ], [ 20.5053739, 54.7195139 ], [ 20.505367, 54.7195253 ], [ 20.5053452, 54.7195615 ] ] } },
{ "type": "Feature", "properties": { "u": 531, "v": 166, "key": 0, "oneway": "False", "highway": "secondary", "name": "Пролетарская улица", "maxspeed": "RU:urban", "lanes": "3", "osmid": [ 309433011, 1372756572, 711959469, 711959470 ] }, "geometry": { "type": "LineString", "coordinates": [ [ 20.5141376, 54.720391 ], [ 20.5141065, 54.720307 ], [ 20.5138522, 54.719713 ], [ 20.5137902, 54.7195658 ], [ 20.5137205, 54.7194277 ], [ 20.5133498, 54.7186925 ] ] } },
{ "type": "Feature", "properties": { "u": 531, "v": 12, "key": 0, "oneway": "False", "highway": "primary", "name": "Пролетарская улица", "maxspeed": "RU:urban", "lanes": "4", "osmid": "980120521" }, "geometry": { "type": "LineString", "coordinates": [ [ 20.5141376, 54.720391 ], [ 20.5141568, 54.7204431 ], [ 20.5141615, 54.7204557 ], [ 20.5141839, 54.7205165 ] ] } },
{ "type": "Feature", "properties": { "u": 531, "v": 534, "key": 0, "oneway": "True", "highway": "primary", "name": "улица Черняховского", "maxspeed": "RU:urban", "lanes": "2", "osmid": [ 980120517, 980120518, 1372756558, 1372756559 ] }, "geometry": { "type": "LineString", "coordinates": [ [ 20.5141376, 54.720391 ], [ 20.5143924, 54.7204087 ], [ 20.5152579, 54.72049 ], [ 20.5166884, 54.7206559 ], [ 20.516835, 54.7206728 ], [ 20.5170325, 54.7206958 ], [ 20.5171858, 54.7207058 ], [ 20.5174385, 54.7207065 ], [ 20.5181205, 54.7206813 ], [ 20.5183764, 54.7206754 ] ] } },
{ "type": "Feature", "properties": { "u": 532, "v": 611, "key": 0, "oneway": "True", "highway": "primary", "name": "улица Черняховского", "maxspeed": "RU:urban", "lanes": "2", "osmid": [ 980120523, 1011113118 ] }, "geometry": { "type": "LineString", "coordinates": [ [ 20.5079026, 54.719835 ], [ 20.5080065, 54.7198453 ], [ 20.5081302, 54.7198599 ], [ 20.5082253, 54.7198711 ], [ 20.5088824, 54.7199484 ], [ 20.509243, 54.7199908 ], [ 20.5106347, 54.7201559 ], [ 20.5112139, 54.7202257 ], [ 20.5118662, 54.7202936 ], [ 20.5126467, 54.7203231 ], [ 20.5129212, 54.7203353 ] ] } },
{ "type": "Feature", "properties": { "u": 532, "v": 335, "key": 0, "oneway": "True", "highway": "primary", "name": "улица Горького", "maxspeed": "RU:urban", "lanes": "1", "osmid": "980120525" }, "geometry": { "type": "LineString", "coordinates": [ [ 20.5079026, 54.719835 ], [ 20.5078841, 54.7198779 ], [ 20.5078794, 54.7198889 ], [ 20.5078603, 54.7199331 ] ] } },
{ "type": "Feature", "properties": { "u": 533, "v": 150, "key": 0, "oneway": "False", "highway": "residential", "name": "Клиническая улица", "maxspeed": "RU:urban", "lanes": "2", "osmid": [ 134927936, 289390100, 980120511, 134927934, 134927935 ] }, "geometry": { "type": "LineString", "coordinates": [ [ 20.5236246, 54.7214846 ], [ 20.5236068, 54.7214435 ], [ 20.5235881, 54.7214045 ], [ 20.5235108, 54.7212428 ], [ 20.5230771, 54.7203901 ], [ 20.5230587, 54.720354 ], [ 20.5230151, 54.7202682 ], [ 20.5229285, 54.7200979 ], [ 20.5226893, 54.7196276 ], [ 20.5225959, 54.7194442 ], [ 20.5221551, 54.7185774 ], [ 20.5217635, 54.717985 ], [ 20.521676, 54.7178481 ], [ 20.521543, 54.7175883 ], [ 20.5214601, 54.7174118 ], [ 20.5213223, 54.7169367 ], [ 20.5212908, 54.716802 ], [ 20.5212896, 54.7166349 ], [ 20.5212886, 54.716491 ] ] } },
{ "type": "Feature", "properties": { "u": 533, "v": 440, "key": 0, "oneway": "True", "highway": "primary", "name": "улица Черняховского", "maxspeed": "RU:urban", "lanes": "3", "osmid": "980120513" }, "geometry": { "type": "LineString", "coordinates": [ [ 20.5236246, 54.7214846 ], [ 20.5237431, 54.7214695 ], [ 20.5239433, 54.7214391 ] ] } },
{ "type": "Feature", "properties": { "u": 534, "v": 10, "key": 0, "oneway": "False", "highway": "secondary", "name": "улица Сергеева", "maxspeed": "RU:urban", "lanes": "3", "osmid": [ 866432145, 866432146, 298261686, 1372756563, 1372756564, 1372756565, 1372756566, 1372756567, 1372756568, 1372756569, 1372756570, 669215962, 1372756571, 669215975, 992620009, 669215977, 669215978, 669215980, 669215981, 669215982, 669215983, 309434345, 46727156 ] }, "geometry": { "type": "LineString", "coordinates": [ [ 20.5183764, 54.7206754 ], [ 20.5183804, 54.7206142 ], [ 20.5183849, 54.7205677 ], [ 20.51844, 54.7200057 ], [ 20.5184274, 54.7199336 ], [ 20.5183865, 54.7198493 ], [ 20.5182917, 54.7196982 ], [ 20.5182372, 54.7196113 ], [ 20.5181116, 54.7194111 ], [ 20.5180406, 54.7192979 ], [ 20.5180098, 54.7192467 ], [ 20.5177865, 54.7188757 ], [ 20.517535, 54.718458 ], [ 20.5175197, 54.7184327 ], [ 20.5174166, 54.7182614 ], [ 20.5173049, 54.7180757 ], [ 20.517184, 54.7178749 ], [ 20.5170417, 54.7176391 ], [ 20.5170004, 54.7175707 ], [ 20.5167972, 54.7172339 ], [ 20.5164537, 54.7166646 ], [ 20.5163244, 54.7164503 ], [ 20.5158941, 54.7157372 ], [ 20.5158669, 54.71569 ], [ 20.5158109, 54.7155928 ], [ 20.5156606, 54.715441 ], [ 20.5155254, 54.7153504 ], [ 20.5153327, 54.7152878 ], [ 20.5148041, 54.7151689 ], [ 20.5146286, 54.7151312 ], [ 20.5142511, 54.71505 ], [ 20.5138504, 54.7149638 ], [ 20.5137998, 54.7149529 ], [ 20.5136993, 54.7149359 ], [ 20.5135773, 54.7149157 ] ] } },
{ "type": "Feature", "properties": { "u": 534, "v": 533, "key": 0, "oneway": "True", "highway": "primary", "name": "улица Черняховского", "maxspeed": "RU:urban", "lanes": "3", "osmid": [ 1369736248, 980120514, 980120532, 980120512 ] }, "geometry": { "type": "LineString", "coordinates": [ [ 20.5183764, 54.7206754 ], [ 20.5194019, 54.7206662 ], [ 20.5195762, 54.7206801 ], [ 20.5196701, 54.7207042 ], [ 20.5198096, 54.7207568 ], [ 20.5208328, 54.7211872 ], [ 20.5211586, 54.7213243 ], [ 20.5216455, 54.7215291 ], [ 20.5219151, 54.721598 ], [ 20.5220841, 54.7216181 ], [ 20.5222101, 54.7216204 ], [ 20.5224462, 54.7216057 ], [ 20.5228504, 54.7215642 ], [ 20.5230983, 54.7215387 ], [ 20.5236246, 54.7214846 ] ] } },
{ "type": "Feature", "properties": { "u": 534, "v": 148, "key": 0, "oneway": "False", "highway": "primary", "name": "улица Сергеева", "maxspeed": "RU:urban", "lanes": "2", "osmid": "992620008" }, "geometry": { "type": "LineString", "coordinates": [ [ 20.5183764, 54.7206754 ], [ 20.5183745, 54.7207235 ], [ 20.5183739, 54.7207358 ], [ 20.5183718, 54.720774 ] ] } },
{ "type": "Feature", "properties": { "u": 535, "v": 327, "key": 0, "oneway": "True", "highway": "primary", "name": "Ленинский проспект", "maxspeed": "RU:urban", "lanes": "4", "osmid": [ 980011194, 980011195, 980120527 ] }, "geometry": { "type": "LineString", "coordinates": [ [ 20.5015522, 54.7186991 ], [ 20.5016359, 54.718551 ], [ 20.501667, 54.7184802 ], [ 20.5018561, 54.7180789 ], [ 20.5021491, 54.717504 ], [ 20.5023418, 54.7171635 ], [ 20.5027231, 54.7165029 ], [ 20.5027426, 54.7164672 ] ] } },
{ "type": "Feature", "properties": { "u": 535, "v": 537, "key": 0, "oneway": "True", "highway": "primary", "name": "улица Черняховского", "maxspeed": "RU:urban", "lanes": "3", "osmid": "980120564" }, "geometry": { "type": "LineString", "coordinates": [ [ 20.5015522, 54.7186991 ], [ 20.5016256, 54.7187184 ], [ 20.5016372, 54.7187214 ], [ 20.5016576, 54.7187268 ], [ 20.5016807, 54.7187341 ], [ 20.5017618, 54.7187542 ] ] } },
{ "type": "Feature", "properties": { "u": 536, "v": 535, "key": 0, "oneway": "True", "highway": "primary", "name": "площадь Победы", "maxspeed": "RU:urban", "lanes": "4", "osmid": "980578972" }, "geometry": { "type": "LineString", "coordinates": [ [ 20.501476, 54.7188036 ], [ 20.5015149, 54.7187545 ], [ 20.5015522, 54.7186991 ] ] } },
{ "type": "Feature", "properties": { "u": 537, "v": 6, "key": 0, "oneway": "True", "highway": "primary", "name": "Ленинский проспект", "maxspeed": "RU:urban", "lanes": "3", "osmid": "102440277" }, "geometry": { "type": "LineString", "coordinates": [ [ 20.5017618, 54.7187542 ], [ 20.5017361, 54.7187896 ], [ 20.5017268, 54.7188026 ], [ 20.5017205, 54.718809 ], [ 20.5017043, 54.7188262 ], [ 20.5016641, 54.7188692 ] ] } },
{ "type": "Feature", "properties": { "u": 537, "v": 530, "key": 0, "oneway": "True", "highway": "primary", "name": "улица Черняховского", "maxspeed": "RU:urban", "lanes": "3", "osmid": [ 983845101, 980120526, 980120529, 980120530, 980120510 ] }, "geometry": { "type": "LineString", "coordinates": [ [ 20.5017618, 54.7187542 ], [ 20.5019417, 54.7187965 ], [ 20.5023048, 54.7188781 ], [ 20.5028437, 54.7189819 ], [ 20.5030645, 54.7190245 ], [ 20.5031857, 54.7190473 ], [ 20.5050465, 54.7193977 ], [ 20.5052758, 54.7194401 ], [ 20.5054041, 54.7194638 ] ] } },
{ "type": "Feature", "properties": { "u": 538, "v": 7, "key": 0, "oneway": "False", "highway": "primary", "name": "Гвардейский проспект", "maxspeed": "RU:urban", "lanes": "3", "osmid": "102440268" }, "geometry": { "type": "LineString", "coordinates": [ [ 20.5001109, 54.7197921 ], [ 20.5001473, 54.7198189 ], [ 20.5001869, 54.7198481 ], [ 20.5002429, 54.7198893 ] ] } },
{ "type": "Feature", "properties": { "u": 538, "v": 536, "key": 0, "oneway": "True", "highway": "primary", "name": "площадь Победы", "maxspeed": "RU:urban", "lanes": "4", "osmid": [ 1121136457, 980132343 ] }, "geometry": { "type": "LineString", "coordinates": [ [ 20.5001109, 54.7197921 ], [ 20.5002552, 54.7197214 ], [ 20.5003233, 54.719684 ], [ 20.5009322, 54.7193037 ], [ 20.501018, 54.7192464 ], [ 20.5011056, 54.7191787 ], [ 20.5011723, 54.719117 ], [ 20.5013441, 54.7189395 ], [ 20.5013815, 54.7189009 ], [ 20.501476, 54.7188036 ] ] } },
{ "type": "Feature", "properties": { "u": 538, "v": 4, "key": 0, "oneway": "False", "highway": "secondary", "name": "Гвардейский проспект", "maxspeed": "RU:urban", "lanes": "3", "osmid": [ 294998488, 983859427, 210722198 ] }, "geometry": { "type": "LineString", "coordinates": [ [ 20.5001109, 54.7197921 ], [ 20.5000143, 54.719721 ], [ 20.4991729, 54.7192284 ], [ 20.4988392, 54.7190423 ], [ 20.4987734, 54.7190056 ], [ 20.4980088, 54.7185621 ], [ 20.4972624, 54.7181299 ], [ 20.4972002, 54.7180777 ] ] } },
{ "type": "Feature", "properties": { "u": 539, "v": 88, "key": 0, "oneway": "True", "highway": "primary", "name": "проспект Мира", "maxspeed": "RU:urban", "lanes": "2", "osmid": [ 980844272, 39383447 ] }, "geometry": { "type": "LineString", "coordinates": [ [ 20.4984665, 54.7202171 ], [ 20.4982857, 54.7202079 ], [ 20.4979595, 54.7201911 ] ] } },
{ "type": "Feature", "properties": { "u": 539, "v": 584, "key": 0, "oneway": "True", "highway": "primary", "name": "Советский проспект", "maxspeed": "RU:urban", "lanes": "3", "osmid": "983859428" }, "geometry": { "type": "LineString", "coordinates": [ [ 20.4984665, 54.7202171 ], [ 20.4984685, 54.720185 ], [ 20.4984727, 54.7201562 ], [ 20.4984799, 54.7201076 ] ] } },
{ "type": "Feature", "properties": { "u": 540, "v": 532, "key": 0, "oneway": "True", "highway": "primary", "name": "улица Черняховского", "maxspeed": "RU:urban", "lanes": "3", "osmid": "984243074" }, "geometry": { "type": "LineString", "coordinates": [ [ 20.5077852, 54.719818 ], [ 20.5079026, 54.719835 ] ] } },
{ "type": "Feature", "properties": { "u": 541, "v": 63, "key": 0, "oneway": "True", "highway": "primary", "name": "улица Черняховского", "maxspeed": "RU:urban", "lanes": "3", "osmid": [ 1372756596, 106645100, 290023320, 980120567 ] }, "geometry": { "type": "LineString", "coordinates": [ [ 20.5077401, 54.7199183 ], [ 20.5075741, 54.7198981 ], [ 20.5073834, 54.7198726 ], [ 20.506928, 54.7198096 ], [ 20.506374, 54.7197212 ], [ 20.5056092, 54.7196028 ], [ 20.5053452, 54.7195615 ] ] } },
{ "type": "Feature", "properties": { "u": 541, "v": 540, "key": 0, "oneway": "True", "highway": "primary", "name": "улица Горького", "maxspeed": "RU:urban", "lanes": "2", "osmid": "980510398" }, "geometry": { "type": "LineString", "coordinates": [ [ 20.5077401, 54.7199183 ], [ 20.5077609, 54.719872 ], [ 20.5077661, 54.7198604 ], [ 20.5077852, 54.719818 ] ] } },
{ "type": "Feature", "properties": { "u": 542, "v": 62, "key": 0, "oneway": "False", "highway": "residential", "name": "улица Профессора Баранова", "maxspeed": "RU:urban", "lanes": "2", "osmid": "980510401" }, "geometry": { "type": "LineString", "coordinates": [ [ 20.507397, 54.7209207 ], [ 20.5075005, 54.7209322 ] ] } },
{ "type": "Feature", "properties": { "u": 542, "v": 63, "key": 0, "oneway": "False", "highway": "residential", "name": "улица Подполковника Иванникова", "maxspeed": "RU:urban", "lanes": "2", "osmid": [ 42594989, 287689421, 127184123, 1370697596, 1370697597, 980510399 ] }, "geometry": { "type": "LineString", "coordinates": [ [ 20.507397, 54.7209207 ], [ 20.5072861, 54.7209107 ], [ 20.5071817, 54.7208975 ], [ 20.5069479, 54.720868 ], [ 20.5066484, 54.7208302 ], [ 20.5060546, 54.7207486 ], [ 20.5059475, 54.7207291 ], [ 20.5056274, 54.7206658 ], [ 20.5047967, 54.7205015 ], [ 20.5048484, 54.7204124 ], [ 20.5049461, 54.7202443 ], [ 20.5050105, 54.7201304 ], [ 20.5052615, 54.7197012 ], [ 20.5052789, 54.7196713 ], [ 20.5053452, 54.7195615 ] ] } },
{ "type": "Feature", "properties": { "u": 542, "v": 541, "key": 0, "oneway": "True", "highway": "primary", "name": "улица Горького", "maxspeed": "RU:urban", "lanes": "2", "osmid": "980510403" }, "geometry": { "type": "LineString", "coordinates": [ [ 20.507397, 54.7209207 ], [ 20.5074218, 54.7208405 ], [ 20.5075814, 54.7203517 ], [ 20.5076625, 54.7201066 ], [ 20.5076906, 54.7200227 ], [ 20.5077401, 54.7199183 ] ] } },
{ "type": "Feature", "properties": { "u": 543, "v": 548, "key": 0, "oneway": "True", "highway": "primary", "name": "проспект Мира", "maxspeed": "RU:urban", "lanes": "3", "osmid": [ 980844316, 980844317 ] }, "geometry": { "type": "LineString", "coordinates": [ [ 20.4934844, 54.7195245 ], [ 20.493597, 54.7195915 ], [ 20.4938733, 54.7197166 ], [ 20.4940481, 54.7197832 ], [ 20.4942358, 54.7198608 ], [ 20.4943973, 54.7199021 ] ] } },
{ "type": "Feature", "properties": { "u": 544, "v": 88, "key": 0, "oneway": "False", "highway": "primary", "name": "проспект Мира", "maxspeed": "RU:urban", "lanes": "2", "osmid": "42740839" }, "geometry": { "type": "LineString", "coordinates": [ [ 20.4979719, 54.7200756 ], [ 20.4979656, 54.7201293 ], [ 20.4979623, 54.7201624 ], [ 20.4979595, 54.7201911 ] ] } },
{ "type": "Feature", "properties": { "u": 544, "v": 584, "key": 0, "oneway": "True", "highway": "primary", "name": "проспект Мира", "maxspeed": "RU:urban", "lanes": "3", "osmid": "980844277" }, "geometry": { "type": "LineString", "coordinates": [ [ 20.4979719, 54.7200756 ], [ 20.4983004, 54.7200956 ], [ 20.4984799, 54.7201076 ] ] } },
{ "type": "Feature", "properties": { "u": 544, "v": 89, "key": 0, "oneway": "False", "highway": "tertiary", "name": "проспект Мира", "maxspeed": "RU:urban", "lanes": "2", "osmid": [ 299550313, 1232534069 ] }, "geometry": { "type": "LineString", "coordinates": [ [ 20.4979719, 54.7200756 ], [ 20.4979781, 54.7200223 ], [ 20.4979872, 54.7199536 ], [ 20.4979984, 54.7198675 ], [ 20.498016, 54.7197312 ] ] } },
{ "type": "Feature", "properties": { "u": 545, "v": 393, "key": 0, "oneway": "True", "highway": "unclassified", "name": "улица Ушинского", "maxspeed": "", "lanes": "2", "osmid": "42740838" }, "geometry": { "type": "LineString", "coordinates": [ [ 20.4948042, 54.7199443 ], [ 20.4948103, 54.7198654 ] ] } },
{ "type": "Feature", "properties": { "u": 545, "v": 544, "key": 0, "oneway": "True", "highway": "primary", "name": "проспект Мира", "maxspeed": "RU:urban", "lanes": "2", "osmid": [ 980844274, 980844319 ] }, "geometry": { "type": "LineString", "coordinates": [ [ 20.4948042, 54.7199443 ], [ 20.4952855, 54.7199633 ], [ 20.4963335, 54.7200117 ], [ 20.4971731, 54.7200442 ], [ 20.4976035, 54.7200611 ], [ 20.4979719, 54.7200756 ] ] } },
{ "type": "Feature", "properties": { "u": 546, "v": 5, "key": 0, "oneway": "True", "highway": "primary", "name": "Театральная улица", "maxspeed": "RU:urban", "lanes": "2", "osmid": "993096155" }, "geometry": { "type": "LineString", "coordinates": [ [ 20.4928375, 54.7191489 ], [ 20.4927334, 54.7191704 ], [ 20.4927169, 54.7191763 ], [ 20.4926969, 54.7191909 ], [ 20.4926243, 54.7192191 ] ] } },
{ "type": "Feature", "properties": { "u": 546, "v": 594, "key": 0, "oneway": "True", "highway": "primary", "name": "проспект Мира", "maxspeed": "RU:urban", "lanes": "2", "osmid": "993096156" }, "geometry": { "type": "LineString", "coordinates": [ [ 20.4928375, 54.7191489 ], [ 20.4930274, 54.7192127 ], [ 20.493111, 54.7192484 ] ] } },
{ "type": "Feature", "properties": { "u": 547, "v": 98, "key": 0, "oneway": "True", "highway": "secondary", "name": "Свободная улица", "maxspeed": "", "lanes": "2", "osmid": "980844329" }, "geometry": { "type": "LineString", "coordinates": [ [ 20.4866831, 54.7199667 ], [ 20.4866678, 54.7199996 ], [ 20.4866604, 54.7200156 ], [ 20.4866538, 54.7200298 ] ] } },
{ "type": "Feature", "properties": { "u": 547, "v": 550, "key": 0, "oneway": "True", "highway": "primary", "name": "проспект Мира", "maxspeed": "RU:urban", "lanes": "2", "osmid": [ 1232534216, 980844325 ] }, "geometry": { "type": "LineString", "coordinates": [ [ 20.4866831, 54.7199667 ], [ 20.4872656, 54.7200481 ], [ 20.4874433, 54.7200653 ], [ 20.487595, 54.7200809 ] ] } },
{ "type": "Feature", "properties": { "u": 548, "v": 545, "key": 0, "oneway": "True", "highway": "primary", "name": "проспект Мира", "maxspeed": "RU:urban", "lanes": "2", "osmid": "980844279" }, "geometry": { "type": "LineString", "coordinates": [ [ 20.4943973, 54.7199021 ], [ 20.4946055, 54.7199308 ], [ 20.4948042, 54.7199443 ] ] } },
{ "type": "Feature", "properties": { "u": 548, "v": 13, "key": 0, "oneway": "False", "highway": "primary", "name": "улица Брамса", "maxspeed": "RU:urban", "lanes": "2", "osmid": "1232534070" }, "geometry": { "type": "LineString", "coordinates": [ [ 20.4943973, 54.7199021 ], [ 20.4943835, 54.7199305 ], [ 20.4943712, 54.7199549 ], [ 20.4943454, 54.7200063 ] ] } },
{ "type": "Feature", "properties": { "u": 549, "v": 551, "key": 0, "oneway": "True", "highway": "primary", "name": "Театральная улица", "maxspeed": "RU:urban", "lanes": "2", "osmid": "980859166" }, "geometry": { "type": "LineString", "coordinates": [ [ 20.4925852, 54.7191267 ], [ 20.4927275, 54.7190895 ], [ 20.4928641, 54.7190582 ], [ 20.4932324, 54.718962 ] ] } },
{ "type": "Feature", "properties": { "u": 549, "v": 546, "key": 0, "oneway": "True", "highway": "primary", "name": "проспект Мира", "maxspeed": "RU:urban", "lanes": "2", "osmid": "983859264" }, "geometry": { "type": "LineString", "coordinates": [ [ 20.4925852, 54.7191267 ], [ 20.4927324, 54.7191329 ], [ 20.4928375, 54.7191489 ] ] } },
{ "type": "Feature", "properties": { "u": 550, "v": 549, "key": 0, "oneway": "True", "highway": "primary", "name": "проспект Мира", "maxspeed": "RU:urban", "lanes": "2", "osmid": "81527998" }, "geometry": { "type": "LineString", "coordinates": [ [ 20.487595, 54.7200809 ], [ 20.4877932, 54.7200862 ], [ 20.4879434, 54.7200912 ], [ 20.4882395, 54.7200708 ], [ 20.4885535, 54.7200087 ], [ 20.4889199, 54.7199156 ], [ 20.4891031, 54.7198611 ], [ 20.4894751, 54.7197375 ], [ 20.4899559, 54.7196054 ], [ 20.4904977, 54.7194331 ], [ 20.490829, 54.7193293 ], [ 20.4912387, 54.7192483 ], [ 20.4918677, 54.719179 ], [ 20.4924242, 54.7191406 ], [ 20.4925852, 54.7191267 ] ] } },
{ "type": "Feature", "properties": { "u": 550, "v": 95, "key": 0, "oneway": "True", "highway": "tertiary", "name": "Гостиная улица", "maxspeed": "40", "lanes": "2", "osmid": [ 1374294944, 1374294945, 1374294946, 1374294947, 1374294948, 1374294949, 1374294950, 42758154, 1374294942, 1374294943 ] }, "geometry": { "type": "LineString", "coordinates": [ [ 20.487595, 54.7200809 ], [ 20.4876013, 54.7199857 ], [ 20.4876231, 54.7198637 ], [ 20.4876333, 54.7198086 ], [ 20.4876622, 54.7196914 ], [ 20.4876805, 54.7196149 ], [ 20.4877458, 54.7194869 ], [ 20.4879013, 54.7192694 ], [ 20.4879338, 54.7192186 ], [ 20.4879393, 54.7191421 ], [ 20.4879434, 54.719085 ], [ 20.4879484, 54.7190151 ], [ 20.4879557, 54.7189151 ], [ 20.487982, 54.71855 ], [ 20.4880055, 54.7182239 ], [ 20.4880142, 54.7181038 ], [ 20.4880287, 54.7179023 ], [ 20.4880531, 54.7175642 ], [ 20.4880831, 54.7171474 ], [ 20.4881638, 54.7158868 ] ] } },
{ "type": "Feature", "properties": { "u": 551, "v": 554, "key": 0, "oneway": "True", "highway": "primary", "name": "Театральная улица", "maxspeed": "RU:urban", "lanes": "2", "osmid": [ 985126642, 980859165 ] }, "geometry": { "type": "LineString", "coordinates": [ [ 20.4932324, 54.718962 ], [ 20.4932949, 54.7189457 ], [ 20.4935036, 54.7188912 ] ] } },
{ "type": "Feature", "properties": { "u": 552, "v": 4, "key": 0, "oneway": "False", "highway": "secondary", "name": "Гвардейский проспект", "maxspeed": "RU:urban", "lanes": "3", "osmid": "985124220" }, "geometry": { "type": "LineString", "coordinates": [ [ 20.4971534, 54.7180413 ], [ 20.4972002, 54.7180777 ] ] } },
{ "type": "Feature", "properties": { "u": 552, "v": 618, "key": 0, "oneway": "False", "highway": "secondary", "name": "Гвардейский проспект", "maxspeed": "RU:urban", "lanes": "4", "osmid": [ 210722200, 107176996, 1370382549, 210722199 ] }, "geometry": { "type": "LineString", "coordinates": [ [ 20.4971534, 54.7180413 ], [ 20.4970911, 54.7179991 ], [ 20.4967267, 54.7177415 ], [ 20.4965578, 54.7176282 ], [ 20.4952889, 54.716777 ], [ 20.494684, 54.7163484 ], [ 20.494053, 54.7158593 ], [ 20.4934381, 54.7153601 ], [ 20.4929478, 54.7149472 ], [ 20.4924755, 54.7145265 ], [ 20.4922185, 54.7142905 ], [ 20.491969, 54.7140504 ], [ 20.4918558, 54.7139201 ], [ 20.4916969, 54.7137382 ], [ 20.4915831, 54.7135639 ], [ 20.4913649, 54.7132336 ], [ 20.4912273, 54.7129874 ], [ 20.4910398, 54.7126808 ], [ 20.4909277, 54.7124736 ] ] } },
{ "type": "Feature", "properties": { "u": 552, "v": 553, "key": 0, "oneway": "True", "highway": "primary", "name": "Театральная улица", "maxspeed": "RU:urban", "lanes": "2", "osmid": [ 980859145, 980859146, 1372756611, 42595703 ] }, "geometry": { "type": "LineString", "coordinates": [ [ 20.4971534, 54.7180413 ], [ 20.4973108, 54.717979 ], [ 20.4978963, 54.7177753 ], [ 20.4980743, 54.7177156 ], [ 20.4982092, 54.7176844 ], [ 20.4982793, 54.7176657 ], [ 20.5003098, 54.7170764 ] ] } },
{ "type": "Feature", "properties": { "u": 553, "v": 64, "key": 0, "oneway": "True", "highway": "tertiary", "name": "улица Генерала Галицкого", "maxspeed": "RU:urban", "lanes": "2", "osmid": "993097664" }, "geometry": { "type": "LineString", "coordinates": [ [ 20.5003098, 54.7170764 ], [ 20.500365, 54.717133 ] ] } },
{ "type": "Feature", "properties": { "u": 553, "v": 81, "key": 0, "oneway": "True", "highway": "primary", "name": "Театральная улица", "maxspeed": "RU:urban", "lanes": "2", "osmid": [ 993097665, 980859142 ] }, "geometry": { "type": "LineString", "coordinates": [ [ 20.5003098, 54.7170764 ], [ 20.5003981, 54.7170523 ], [ 20.5010812, 54.7167811 ], [ 20.5012903, 54.716699 ] ] } },
{ "type": "Feature", "properties": { "u": 554, "v": 50, "key": 0, "oneway": "False", "highway": "primary", "name": "улица Дмитрия Донского", "maxspeed": "", "lanes": "2", "osmid": "42741469" }, "geometry": { "type": "LineString", "coordinates": [ [ 20.4935036, 54.7188912 ], [ 20.4934884, 54.7189758 ] ] } },
{ "type": "Feature", "properties": { "u": 554, "v": 555, "key": 0, "oneway": "True", "highway": "primary", "name": "Театральная улица", "maxspeed": "RU:urban", "lanes": "2", "osmid": [ 980859160, 980859161 ] }, "geometry": { "type": "LineString", "coordinates": [ [ 20.4935036, 54.7188912 ], [ 20.493556, 54.7188767 ], [ 20.494665, 54.7186445 ], [ 20.494818, 54.7186125 ] ] } },
{ "type": "Feature", "properties": { "u": 554, "v": 418, "key": 0, "oneway": "False", "highway": "residential", "name": "улица Дмитрия Донского", "maxspeed": "", "lanes": "2", "osmid": [ 155533864, 735094026, 1374294968, 1374294969, 1374294970, 1107464571 ] }, "geometry": { "type": "LineString", "coordinates": [ [ 20.4935036, 54.7188912 ], [ 20.493499, 54.7188422 ], [ 20.4934933, 54.7187819 ], [ 20.4934894, 54.7187406 ], [ 20.4934716, 54.7185526 ], [ 20.4934286, 54.7183363 ], [ 20.4933038, 54.717951 ], [ 20.4931164, 54.7175878 ], [ 20.4930695, 54.7174968 ], [ 20.4930476, 54.7174698 ], [ 20.4928785, 54.7172618 ], [ 20.492755, 54.7171287 ] ] } },
{ "type": "Feature", "properties": { "u": 555, "v": 93, "key": 0, "oneway": "False", "highway": "residential", "name": "улица Марата", "maxspeed": "RU:urban", "lanes": "2", "osmid": "980859159" }, "geometry": { "type": "LineString", "coordinates": [ [ 20.494818, 54.7186125 ], [ 20.4948552, 54.7186725 ] ] } },
{ "type": "Feature", "properties": { "u": 555, "v": 552, "key": 0, "oneway": "True", "highway": "primary", "name": "Театральная улица", "maxspeed": "RU:urban", "lanes": "2", "osmid": [ 980859147, 980859155, 980859156, 980859157 ] }, "geometry": { "type": "LineString", "coordinates": [ [ 20.494818, 54.7186125 ], [ 20.49499, 54.7185853 ], [ 20.4954308, 54.7184894 ], [ 20.4961874, 54.7183153 ], [ 20.4967251, 54.718167 ], [ 20.4969955, 54.7180967 ], [ 20.4971534, 54.7180413 ] ] } },
{ "type": "Feature", "properties": { "u": 555, "v": 416, "key": 0, "oneway": "False", "highway": "residential", "name": "улица Марата", "maxspeed": "RU:urban", "lanes": "2", "osmid": [ 1374294960, 1374294961, 1374294962, 1374294963, 1374294964, 1374294965, 980859158, 1374294966, 42758430 ] }, "geometry": { "type": "LineString", "coordinates": [ [ 20.494818, 54.7186125 ], [ 20.4948016, 54.7185861 ], [ 20.4947656, 54.7185215 ], [ 20.4947019, 54.7184073 ], [ 20.4946723, 54.7182847 ], [ 20.4946641, 54.7182511 ], [ 20.4946381, 54.7181446 ], [ 20.4946207, 54.718062 ], [ 20.4945938, 54.7178958 ], [ 20.4945676, 54.7176699 ], [ 20.4945035, 54.7175292 ], [ 20.4943081, 54.7173596 ], [ 20.494217, 54.7172808 ], [ 20.4941198, 54.7171967 ], [ 20.4934695, 54.7166903 ], [ 20.4928727, 54.7169524 ], [ 20.4928233, 54.7169752 ], [ 20.4927925, 54.7169894 ] ] } },
{ "type": "Feature", "properties": { "u": 556, "v": 29, "key": 0, "oneway": "True", "highway": "primary", "name": "улица Дзержинского", "maxspeed": "RU:urban", "lanes": "2", "osmid": "983648482" }, "geometry": { "type": "LineString", "coordinates": [ [ 20.5219864, 54.6957469 ], [ 20.5218892, 54.6958026 ] ] } },
{ "type": "Feature", "properties": { "u": 556, "v": 32, "key": 0, "oneway": "False", "highway": "primary", "name": "улица Дзержинского", "maxspeed": "RU:urban", "lanes": "4", "osmid": [ 91264362, 106618171 ] }, "geometry": { "type": "LineString", "coordinates": [ [ 20.5219864, 54.6957469 ], [ 20.5239337, 54.6945752 ], [ 20.5240693, 54.6945029 ], [ 20.5242181, 54.694419 ] ] } },
{ "type": "Feature", "properties": { "u": 557, "v": 21, "key": 0, "oneway": "False", "highway": "tertiary", "name": "площадь Калинина", "maxspeed": "RU:urban", "lanes": "2", "osmid": "1012838511" }, "geometry": { "type": "LineString", "coordinates": [ [ 20.4987861, 54.6963035 ], [ 20.4987084, 54.6962335 ] ] } },
{ "type": "Feature", "properties": { "u": 557, "v": 287, "key": 0, "oneway": "False", "highway": "living_street", "name": "", "maxspeed": "RU:living_street", "lanes": "", "osmid": "133161934" }, "geometry": { "type": "LineString", "coordinates": [ [ 20.4987861, 54.6963035 ], [ 20.4988327, 54.6963707 ], [ 20.4990588, 54.6965965 ], [ 20.4992225, 54.6965183 ], [ 20.4992276, 54.6964167 ], [ 20.4998262, 54.6962243 ], [ 20.5001386, 54.6965358 ] ] } },
{ "type": "Feature", "properties": { "u": 557, "v": 561, "key": 0, "oneway": "True", "highway": "primary", "name": "площадь Калинина", "maxspeed": "RU:urban", "lanes": "3", "osmid": [ 981617681, 1020261718, 1020261720, 981617657, 981617659, 981617660, 981617661 ] }, "geometry": { "type": "LineString", "coordinates": [ [ 20.4987861, 54.6963035 ], [ 20.4985819, 54.6963749 ], [ 20.4981735, 54.6965036 ], [ 20.4978926, 54.6965276 ], [ 20.4974513, 54.6964873 ], [ 20.4962745, 54.6963459 ], [ 20.4960848, 54.6963232 ], [ 20.4956686, 54.6962739 ], [ 20.4955228, 54.6962699 ], [ 20.4954374, 54.6962796 ], [ 20.4953646, 54.6962993 ], [ 20.4951002, 54.696394 ], [ 20.4948878, 54.6964714 ], [ 20.4947095, 54.6965466 ], [ 20.4944151, 54.6966996 ], [ 20.4941938, 54.6968318 ], [ 20.4940929, 54.6969055 ], [ 20.4939849, 54.6969922 ] ] } },
{ "type": "Feature", "properties": { "u": 558, "v": 560, "key": 0, "oneway": "True", "highway": "primary", "name": "", "maxspeed": "RU:urban", "lanes": "2", "osmid": "981617680" }, "geometry": { "type": "LineString", "coordinates": [ [ 20.5030134, 54.6948886 ], [ 20.5028999, 54.6948944 ], [ 20.502796, 54.6949157 ], [ 20.502678, 54.6949508 ], [ 20.5025468, 54.6949938 ], [ 20.5020546, 54.6951655 ], [ 20.5016141, 54.6953226 ] ] } },
{ "type": "Feature", "properties": { "u": 558, "v": 102, "key": 0, "oneway": "True", "highway": "primary", "name": "Ленинский проспект", "maxspeed": "RU:urban", "lanes": "2", "osmid": [ 42320544, 1252989797, 1252989798 ] }, "geometry": { "type": "LineString", "coordinates": [ [ 20.5030134, 54.6948886 ], [ 20.5030565, 54.6950376 ], [ 20.5031142, 54.6951802 ], [ 20.5031445, 54.6953326 ], [ 20.5031687, 54.6954946 ], [ 20.5032085, 54.6957613 ], [ 20.5032186, 54.6958303 ] ] } },
{ "type": "Feature", "properties": { "u": 559, "v": 609, "key": 0, "oneway": "True", "highway": "primary", "name": "площадь Калинина", "maxspeed": "RU:urban", "lanes": "2", "osmid": "1252989756" }, "geometry": { "type": "LineString", "coordinates": [ [ 20.5001727, 54.6958245 ], [ 20.500033, 54.6958706 ] ] } },
{ "type": "Feature", "properties": { "u": 559, "v": 30, "key": 0, "oneway": "True", "highway": "primary", "name": "Ленинский проспект", "maxspeed": "RU:urban", "lanes": "2", "osmid": "1252989787" }, "geometry": { "type": "LineString", "coordinates": [ [ 20.5001727, 54.6958245 ], [ 20.5000148, 54.6957711 ] ] } },
{ "type": "Feature", "properties": { "u": 560, "v": 559, "key": 0, "oneway": "True", "highway": "primary", "name": "", "maxspeed": "RU:urban", "lanes": "3", "osmid": "981617679" }, "geometry": { "type": "LineString", "coordinates": [ [ 20.5016141, 54.6953226 ], [ 20.5003895, 54.6957514 ], [ 20.5003121, 54.6957785 ], [ 20.5001727, 54.6958245 ] ] } },
{ "type": "Feature", "properties": { "u": 561, "v": 507, "key": 0, "oneway": "False", "highway": "primary", "name": "улица Александра Суворова", "maxspeed": "", "lanes": "2", "osmid": "983931343" }, "geometry": { "type": "LineString", "coordinates": [ [ 20.4939849, 54.6969922 ], [ 20.4938514, 54.6969347 ] ] } },
{ "type": "Feature", "properties": { "u": 561, "v": 265, "key": 0, "oneway": "True", "highway": "secondary", "name": "улица Багратиона", "maxspeed": "40", "lanes": "1", "osmid": [ 982439568, 188301806, 188301807, 188301808, 188301809, 713320338, 982439571, 713320339, 982439570, 713320340, 982439569, 852163343, 982439545 ] }, "geometry": { "type": "LineString", "coordinates": [ [ 20.4939849, 54.6969922 ], [ 20.4941096, 54.6970487 ], [ 20.4946043, 54.6972323 ], [ 20.4947968, 54.6973037 ], [ 20.4949143, 54.6973711 ], [ 20.4949499, 54.6973901 ], [ 20.4950389, 54.6974185 ], [ 20.4951117, 54.6974418 ], [ 20.4958786, 54.6976103 ], [ 20.4960097, 54.6976399 ], [ 20.4961371, 54.6976682 ], [ 20.4980424, 54.6980814 ], [ 20.4982892, 54.69813 ], [ 20.4984137, 54.6981548 ], [ 20.4985812, 54.6981891 ], [ 20.4986447, 54.6982026 ], [ 20.4994029, 54.6983446 ], [ 20.4996078, 54.6983706 ] ] } },
{ "type": "Feature", "properties": { "u": 561, "v": 610, "key": 0, "oneway": "True", "highway": "primary", "name": "Железнодорожная улица", "maxspeed": "RU:urban", "lanes": "2", "osmid": "1264403765" }, "geometry": { "type": "LineString", "coordinates": [ [ 20.4939849, 54.6969922 ], [ 20.4938377, 54.6971167 ], [ 20.4937576, 54.6971564 ], [ 20.4936682, 54.6971883 ] ] } },
{ "type": "Feature", "properties": { "u": 562, "v": 577, "key": 0, "oneway": "True", "highway": "secondary", "name": "Октябрьская улица", "maxspeed": "40", "lanes": "2", "osmid": [ 982459593, 982459610, 982459611, 982459614 ] }, "geometry": { "type": "LineString", "coordinates": [ [ 20.517212, 54.698399 ], [ 20.5173279, 54.6985893 ], [ 20.5174204, 54.6987032 ], [ 20.5176819, 54.6990508 ], [ 20.5181399, 54.69974 ], [ 20.5181945, 54.6998329 ] ] } },
{ "type": "Feature", "properties": { "u": 562, "v": 578, "key": 0, "oneway": "True", "highway": "secondary", "name": "улица Багратиона", "maxspeed": "RU:urban", "lanes": "2", "osmid": "984243073" }, "geometry": { "type": "LineString", "coordinates": [ [ 20.517212, 54.698399 ], [ 20.5171989, 54.6984124 ], [ 20.5171843, 54.6984243 ], [ 20.5171755, 54.698434 ], [ 20.5171629, 54.6984443 ], [ 20.517135, 54.6984678 ] ] } },
{ "type": "Feature", "properties": { "u": 563, "v": 571, "key": 0, "oneway": "True", "highway": "secondary", "name": "улица Багратиона", "maxspeed": "RU:urban", "lanes": "1", "osmid": [ 982439496, 982439494 ] }, "geometry": { "type": "LineString", "coordinates": [ [ 20.50045, 54.6984923 ], [ 20.4997037, 54.6984291 ], [ 20.4995974, 54.6984181 ] ] } },
{ "type": "Feature", "properties": { "u": 563, "v": 365, "key": 0, "oneway": "False", "highway": "tertiary", "name": "Серпуховская улица", "maxspeed": "RU:urban", "lanes": "2", "osmid": [ 713320343, 713320344, 996149799 ] }, "geometry": { "type": "LineString", "coordinates": [ [ 20.50045, 54.6984923 ], [ 20.5004674, 54.698555 ], [ 20.5004963, 54.6986224 ], [ 20.5005621, 54.6987757 ] ] } },
{ "type": "Feature", "properties": { "u": 563, "v": 205, "key": 0, "oneway": "False", "highway": "tertiary", "name": "Серпуховская улица", "maxspeed": "RU:urban", "lanes": "2", "osmid": "996149800" }, "geometry": { "type": "LineString", "coordinates": [ [ 20.50045, 54.6984923 ], [ 20.5004407, 54.6984574 ], [ 20.5004409, 54.6984352 ], [ 20.5004361, 54.6984158 ] ] } },
{ "type": "Feature", "properties": { "u": 564, "v": 39, "key": 0, "oneway": "False", "highway": "secondary", "name": "Эпроновская улица", "maxspeed": "RU:urban", "lanes": "2", "osmid": "989399976" }, "geometry": { "type": "LineString", "coordinates": [ [ 20.5138713, 54.6996475 ], [ 20.513875, 54.6996032 ] ] } },
{ "type": "Feature", "properties": { "u": 564, "v": 572, "key": 0, "oneway": "True", "highway": "secondary", "name": "улица Багратиона", "maxspeed": "RU:urban", "lanes": "1", "osmid": [ 982439532, 982439533, 982439534 ] }, "geometry": { "type": "LineString", "coordinates": [ [ 20.5138713, 54.6996475 ], [ 20.5137739, 54.6996474 ], [ 20.513619, 54.6996469 ], [ 20.5133575, 54.699646 ], [ 20.5131698, 54.6996454 ], [ 20.513029, 54.6996471 ] ] } },
{ "type": "Feature", "properties": { "u": 564, "v": 187, "key": 0, "oneway": "False", "highway": "tertiary", "name": "Эпроновская улица", "maxspeed": "RU:urban", "lanes": "2", "osmid": [ 41911949, 989399974, 989399975 ] }, "geometry": { "type": "LineString", "coordinates": [ [ 20.5138713, 54.6996475 ], [ 20.5138664, 54.6997192 ], [ 20.5138641, 54.6997601 ], [ 20.5138423, 54.7001501 ], [ 20.5138113, 54.7002524 ], [ 20.5137576, 54.7003214 ] ] } },
{ "type": "Feature", "properties": { "u": 565, "v": 146, "key": 0, "oneway": "False", "highway": "living_street", "name": "улица Подполковника Половца", "maxspeed": "RU:living_street", "lanes": "2", "osmid": "46726542" }, "geometry": { "type": "LineString", "coordinates": [ [ 20.5087703, 54.6993866 ], [ 20.5087705, 54.6993678 ], [ 20.5087706, 54.6993523 ], [ 20.5087708, 54.6993248 ] ] } },
{ "type": "Feature", "properties": { "u": 565, "v": 566, "key": 0, "oneway": "True", "highway": "secondary", "name": "улица Багратиона", "maxspeed": "RU:urban", "lanes": "1", "osmid": [ 982439520, 982439521, 982439522 ] }, "geometry": { "type": "LineString", "coordinates": [ [ 20.5087703, 54.6993866 ], [ 20.5074326, 54.6993122 ], [ 20.5071147, 54.6992945 ], [ 20.5069175, 54.6992824 ] ] } },
{ "type": "Feature", "properties": { "u": 566, "v": 573, "key": 0, "oneway": "True", "highway": "secondary", "name": "улица Багратиона", "maxspeed": "RU:urban", "lanes": "1", "osmid": [ 982439518, 982439519 ] }, "geometry": { "type": "LineString", "coordinates": [ [ 20.5069175, 54.6992824 ], [ 20.5060744, 54.6992553 ], [ 20.5059117, 54.6992513 ] ] } },
{ "type": "Feature", "properties": { "u": 567, "v": 129, "key": 0, "oneway": "False", "highway": "residential", "name": "улица Новый Вал", "maxspeed": "RU:living_street", "lanes": "2", "osmid": "44387293" }, "geometry": { "type": "LineString", "coordinates": [ [ 20.5095009, 54.6994258 ], [ 20.5095049, 54.6994046 ], [ 20.5095065, 54.6993958 ], [ 20.509511, 54.6993721 ] ] } },
{ "type": "Feature", "properties": { "u": 567, "v": 565, "key": 0, "oneway": "True", "highway": "secondary", "name": "улица Багратиона", "maxspeed": "RU:urban", "lanes": "1", "osmid": [ 982439523, 982439524 ] }, "geometry": { "type": "LineString", "coordinates": [ [ 20.5095009, 54.6994258 ], [ 20.5090706, 54.6994027 ], [ 20.5087703, 54.6993866 ] ] } },
{ "type": "Feature", "properties": { "u": 567, "v": 182, "key": 0, "oneway": "False", "highway": "residential", "name": "улица Новый Вал", "maxspeed": "RU:living_street", "lanes": "2", "osmid": "996149794" }, "geometry": { "type": "LineString", "coordinates": [ [ 20.5095009, 54.6994258 ], [ 20.509498, 54.6994816 ], [ 20.5094226, 54.7001121 ] ] } },
{ "type": "Feature", "properties": { "u": 568, "v": 563, "key": 0, "oneway": "True", "highway": "secondary", "name": "улица Багратиона", "maxspeed": "RU:urban", "lanes": "2", "osmid": [ 1372496936, 982439497, 982439498, 1372496935 ] }, "geometry": { "type": "LineString", "coordinates": [ [ 20.5028308, 54.6988986 ], [ 20.5027791, 54.6988869 ], [ 20.5026526, 54.6988581 ], [ 20.5023756, 54.6987951 ], [ 20.5017825, 54.6986798 ], [ 20.5010529, 54.6985465 ], [ 20.5008114, 54.6985171 ], [ 20.5006779, 54.6985071 ], [ 20.50045, 54.6984923 ] ] } },
{ "type": "Feature", "properties": { "u": 568, "v": 509, "key": 0, "oneway": "True", "highway": "primary", "name": "Ленинский проспект", "maxspeed": "RU:urban", "lanes": "4", "osmid": "983916337" }, "geometry": { "type": "LineString", "coordinates": [ [ 20.5028308, 54.6988986 ], [ 20.502825, 54.6988572 ], [ 20.5028211, 54.6988293 ], [ 20.5028182, 54.6988081 ] ] } },
{ "type": "Feature", "properties": { "u": 569, "v": 570, "key": 0, "oneway": "True", "highway": "secondary", "name": "улица Багратиона", "maxspeed": "RU:urban", "lanes": "2", "osmid": "982439511" }, "geometry": { "type": "LineString", "coordinates": [ [ 20.503764, 54.699084 ], [ 20.5034837, 54.6990371 ], [ 20.5033639, 54.699017 ], [ 20.5031723, 54.698974 ] ] } },
{ "type": "Feature", "properties": { "u": 569, "v": 298, "key": 0, "oneway": "True", "highway": "secondary_link", "name": "", "maxspeed": "RU:urban", "lanes": "1", "osmid": [ 287846944, 982439513 ] }, "geometry": { "type": "LineString", "coordinates": [ [ 20.503764, 54.699084 ], [ 20.5036372, 54.6990975 ], [ 20.503521, 54.6991163 ], [ 20.5034323, 54.6991522 ], [ 20.5033787, 54.6991801 ], [ 20.503351, 54.6992025 ], [ 20.5033284, 54.6992341 ], [ 20.5032725, 54.6993252 ] ] } },
{ "type": "Feature", "properties": { "u": 570, "v": 568, "key": 0, "oneway": "True", "highway": "secondary", "name": "улица Багратиона", "maxspeed": "RU:urban", "lanes": "2", "osmid": "982439509" }, "geometry": { "type": "LineString", "coordinates": [ [ 20.5031723, 54.698974 ], [ 20.5029949, 54.6989349 ], [ 20.5029414, 54.698923 ], [ 20.5028308, 54.6988986 ] ] } },
{ "type": "Feature", "properties": { "u": 570, "v": 298, "key": 0, "oneway": "True", "highway": "primary", "name": "Ленинский проспект", "maxspeed": "RU:urban", "lanes": "3", "osmid": "1372496947" }, "geometry": { "type": "LineString", "coordinates": [ [ 20.5031723, 54.698974 ], [ 20.5032012, 54.6990948 ], [ 20.5032725, 54.6993252 ] ] } },
{ "type": "Feature", "properties": { "u": 571, "v": 265, "key": 0, "oneway": "False", "highway": "residential", "name": "Серпуховский переулок", "maxspeed": "", "lanes": "", "osmid": "137954647" }, "geometry": { "type": "LineString", "coordinates": [ [ 20.4995974, 54.6984181 ], [ 20.4996001, 54.6984064 ], [ 20.4996041, 54.6983881 ], [ 20.4996078, 54.6983706 ] ] } },
{ "type": "Feature", "properties": { "u": 571, "v": 508, "key": 0, "oneway": "True", "highway": "secondary", "name": "улица Багратиона", "maxspeed": "RU:urban", "lanes": "1", "osmid": [ 982439488, 982439490, 982439491, 982439492, 982439493, 982439546 ] }, "geometry": { "type": "LineString", "coordinates": [ [ 20.4995974, 54.6984181 ], [ 20.4985933, 54.6982462 ], [ 20.4983735, 54.698208 ], [ 20.4981721, 54.6981638 ], [ 20.498085, 54.6981447 ], [ 20.4972361, 54.6979525 ], [ 20.4962155, 54.6977448 ], [ 20.4960923, 54.6977197 ], [ 20.4950934, 54.6975 ], [ 20.4949161, 54.6974394 ] ] } },
{ "type": "Feature", "properties": { "u": 572, "v": 481, "key": 0, "oneway": "False", "highway": "residential", "name": "Большая Песочная улица", "maxspeed": "RU:urban", "lanes": "2", "osmid": "480035255" }, "geometry": { "type": "LineString", "coordinates": [ [ 20.513029, 54.6996471 ], [ 20.5130269, 54.6996313 ], [ 20.5130246, 54.6996144 ], [ 20.5130228, 54.6996006 ] ] } },
{ "type": "Feature", "properties": { "u": 572, "v": 567, "key": 0, "oneway": "True", "highway": "secondary", "name": "улица Багратиона", "maxspeed": "RU:urban", "lanes": "1", "osmid": [ 982439528, 982439530, 982439531, 982439527 ] }, "geometry": { "type": "LineString", "coordinates": [ [ 20.513029, 54.6996471 ], [ 20.5126347, 54.6996373 ], [ 20.5123309, 54.699616 ], [ 20.5116414, 54.6995727 ], [ 20.5114803, 54.6995626 ], [ 20.5110401, 54.699535 ], [ 20.5098517, 54.6994507 ], [ 20.5095009, 54.6994258 ] ] } },
{ "type": "Feature", "properties": { "u": 573, "v": 145, "key": 0, "oneway": "True", "highway": "residential", "name": "Омская улица", "maxspeed": "RU:living_street", "lanes": "1", "osmid": "46726525" }, "geometry": { "type": "LineString", "coordinates": [ [ 20.5059117, 54.6992513 ], [ 20.5059135, 54.6992251 ], [ 20.5059176, 54.6991995 ], [ 20.5059203, 54.6991827 ] ] } },
{ "type": "Feature", "properties": { "u": 573, "v": 569, "key": 0, "oneway": "True", "highway": "secondary", "name": "улица Багратиона", "maxspeed": "RU:urban", "lanes": "1", "osmid": [ 982439514, 982439515, 982439516, 982439517 ] }, "geometry": { "type": "LineString", "coordinates": [ [ 20.5059117, 54.6992513 ], [ 20.5049751, 54.6992061 ], [ 20.5048002, 54.6991991 ], [ 20.5045995, 54.6991836 ], [ 20.5043647, 54.6991607 ], [ 20.504236, 54.699148 ], [ 20.5039574, 54.699108 ], [ 20.503764, 54.699084 ] ] } },
{ "type": "Feature", "properties": { "u": 574, "v": 17, "key": 0, "oneway": "True", "highway": "secondary", "name": "улица Багратиона", "maxspeed": "RU:urban", "lanes": "2", "osmid": "312850197" }, "geometry": { "type": "LineString", "coordinates": [ [ 20.5170481, 54.6983462 ], [ 20.5170827, 54.6983279 ], [ 20.5171105, 54.6983127 ], [ 20.5171454, 54.6982914 ] ] } },
{ "type": "Feature", "properties": { "u": 574, "v": 128, "key": 0, "oneway": "True", "highway": "secondary", "name": "Октябрьская улица", "maxspeed": "RU:urban", "lanes": "2", "osmid": "982459594" }, "geometry": { "type": "LineString", "coordinates": [ [ 20.5170481, 54.6983462 ], [ 20.5170228, 54.6982711 ], [ 20.5170161, 54.6982462 ], [ 20.5170044, 54.6982194 ], [ 20.5169914, 54.6982016 ], [ 20.5169755, 54.6981756 ] ] } },
{ "type": "Feature", "properties": { "u": 575, "v": 157, "key": 0, "oneway": "False", "highway": "tertiary", "name": "", "maxspeed": "RU:urban", "lanes": "2", "osmid": "405006184" }, "geometry": { "type": "LineString", "coordinates": [ [ 20.5174943, 54.7006199 ], [ 20.5174493, 54.7006065 ], [ 20.517432, 54.7006013 ], [ 20.5173739, 54.7005841 ] ] } },
{ "type": "Feature", "properties": { "u": 575, "v": 580, "key": 0, "oneway": "True", "highway": "secondary", "name": "Октябрьская улица", "maxspeed": "30", "lanes": "1", "osmid": [ 982459661, 982459662, 982459664, 982459665, 982459666, 982459667, 982459668, 982459669 ] }, "geometry": { "type": "LineString", "coordinates": [ [ 20.5174943, 54.7006199 ], [ 20.5173564, 54.700804 ], [ 20.5171563, 54.7010669 ], [ 20.5169745, 54.7013321 ], [ 20.5168958, 54.7014616 ], [ 20.5168179, 54.7015898 ], [ 20.51655, 54.7020501 ], [ 20.5165147, 54.7021371 ], [ 20.5164159, 54.7024023 ], [ 20.5163754, 54.7025154 ], [ 20.5163515, 54.7026049 ], [ 20.5163128, 54.7028292 ], [ 20.5162868, 54.7029796 ], [ 20.5162742, 54.7030635 ], [ 20.5161229, 54.7040722 ], [ 20.5160363, 54.7042385 ] ] } },
{ "type": "Feature", "properties": { "u": 575, "v": 472, "key": 0, "oneway": "False", "highway": "tertiary", "name": "Солнечный бульвар", "maxspeed": "RU:urban", "lanes": "2", "osmid": [ 405006215, 430217000, 48765938, 1370382518, 1370089148, 442081021, 210932030, 1210349535 ] }, "geometry": { "type": "LineString", "coordinates": [ [ 20.5174943, 54.7006199 ], [ 20.5175444, 54.7006348 ], [ 20.5176666, 54.7006711 ], [ 20.5180451, 54.700779 ], [ 20.5182459, 54.7007734 ], [ 20.5201062, 54.7003864 ], [ 20.5206612, 54.7002658 ], [ 20.5207551, 54.7002596 ], [ 20.5208381, 54.7002885 ], [ 20.5211818, 54.700645 ], [ 20.5217306, 54.7013546 ], [ 20.5220481, 54.701741 ], [ 20.522418, 54.7022094 ], [ 20.5230852, 54.7031459 ], [ 20.5231711, 54.7033327 ], [ 20.5231673, 54.7034076 ], [ 20.5231314, 54.7034762 ], [ 20.5230926, 54.7035097 ], [ 20.5230247, 54.7035473 ], [ 20.5228504, 54.7036324 ], [ 20.5221685, 54.7038441 ], [ 20.5221189, 54.7038602 ], [ 20.522093, 54.7038684 ], [ 20.5220753, 54.7038741 ], [ 20.5220457, 54.7038835 ], [ 20.522013, 54.7038934 ], [ 20.521985, 54.7039018 ], [ 20.521959, 54.7039093 ], [ 20.5219163, 54.7039212 ], [ 20.5218882, 54.7039287 ], [ 20.5218622, 54.7039356 ], [ 20.5218254, 54.703945 ], [ 20.5218012, 54.703951 ], [ 20.5217603, 54.7039607 ], [ 20.5217344, 54.7039669 ], [ 20.5216636, 54.7039832 ], [ 20.521629, 54.7039912 ], [ 20.5215049, 54.7040199 ], [ 20.5214701, 54.7040281 ], [ 20.5212632, 54.704076 ], [ 20.5201127, 54.7043424 ], [ 20.5192452, 54.7045432 ], [ 20.5189897, 54.7046024 ] ] } },
{ "type": "Feature", "properties": { "u": 576, "v": 583, "key": 0, "oneway": "False", "highway": "tertiary", "name": "набережная Генерала Карбышева", "maxspeed": "RU:urban", "lanes": "2", "osmid": "48754755" }, "geometry": { "type": "LineString", "coordinates": [ [ 20.5145408, 54.7065717 ], [ 20.5145156, 54.7065711 ], [ 20.5144976, 54.7065704 ], [ 20.5144655, 54.706569 ], [ 20.5144305, 54.7065676 ] ] } },
{ "type": "Feature", "properties": { "u": 576, "v": 135, "key": 0, "oneway": "True", "highway": "secondary", "name": "Октябрьская улица", "maxspeed": "RU:urban", "lanes": "1", "osmid": [ 44921241, 1370697581, 982459641, 982459645, 982459646, 982459647 ] }, "geometry": { "type": "LineString", "coordinates": [ [ 20.5145408, 54.7065717 ], [ 20.5145432, 54.7066148 ], [ 20.5145457, 54.7066603 ], [ 20.5145558, 54.7067311 ], [ 20.5145635, 54.7067887 ], [ 20.5145798, 54.7069204 ], [ 20.5146949, 54.7075708 ], [ 20.5147342, 54.7076356 ], [ 20.5148469, 54.7081151 ], [ 20.5149264, 54.7082469 ], [ 20.5151154, 54.7083762 ], [ 20.5152218, 54.7084157 ], [ 20.5153788, 54.708476 ], [ 20.5157312, 54.7085277 ] ] } },
{ "type": "Feature", "properties": { "u": 576, "v": 156, "key": 0, "oneway": "False", "highway": "tertiary", "name": "набережная Генерала Карбышева", "maxspeed": "RU:urban", "lanes": "2", "osmid": "1210349538" }, "geometry": { "type": "LineString", "coordinates": [ [ 20.5145408, 54.7065717 ], [ 20.5145794, 54.7065698 ], [ 20.5146958, 54.7065726 ], [ 20.5147883, 54.7065792 ], [ 20.5159286, 54.7067223 ], [ 20.5160622, 54.7067386 ], [ 20.516176, 54.7067527 ], [ 20.5162663, 54.7067648 ], [ 20.5167689, 54.7068265 ], [ 20.5169817, 54.706845 ], [ 20.5171971, 54.706861 ], [ 20.517419, 54.7068663 ], [ 20.5188916, 54.7068879 ], [ 20.5190715, 54.7068898 ], [ 20.5192863, 54.706892 ], [ 20.5215138, 54.7068926 ], [ 20.5222787, 54.706866 ], [ 20.5223832, 54.7068624 ], [ 20.5229091, 54.7068339 ], [ 20.5230983, 54.7068267 ] ] } },
{ "type": "Feature", "properties": { "u": 577, "v": 581, "key": 0, "oneway": "False", "highway": "secondary", "name": "набережная Ветеранов", "maxspeed": "RU:urban", "lanes": "4", "osmid": "428635503" }, "geometry": { "type": "LineString", "coordinates": [ [ 20.5181945, 54.6998329 ], [ 20.5181577, 54.6998487 ], [ 20.5181281, 54.6998569 ], [ 20.5180709, 54.6998644 ] ] } },
{ "type": "Feature", "properties": { "u": 577, "v": 575, "key": 0, "oneway": "True", "highway": "secondary", "name": "Октябрьская улица", "maxspeed": "30", "lanes": "1", "osmid": [ 982459670, 982459671 ] }, "geometry": { "type": "LineString", "coordinates": [ [ 20.5181945, 54.6998329 ], [ 20.5182094, 54.6998808 ], [ 20.5181992, 54.6999162 ], [ 20.518175, 54.6999604 ], [ 20.5181414, 54.7000036 ], [ 20.5179469, 54.7002003 ], [ 20.5175592, 54.7005566 ], [ 20.5174943, 54.7006199 ] ] } },
{ "type": "Feature", "properties": { "u": 577, "v": 455, "key": 0, "oneway": "False", "highway": "secondary", "name": "набережная Ветеранов", "maxspeed": "RU:urban", "lanes": "4", "osmid": [ 428635507, 1210349534 ] }, "geometry": { "type": "LineString", "coordinates": [ [ 20.5181945, 54.6998329 ], [ 20.5183518, 54.6997663 ], [ 20.5184427, 54.6997243 ], [ 20.5185722, 54.6996749 ], [ 20.5190817, 54.6995208 ], [ 20.5194913, 54.699409 ], [ 20.5198946, 54.6992986 ], [ 20.5199614, 54.6992794 ] ] } },
{ "type": "Feature", "properties": { "u": 578, "v": 574, "key": 0, "oneway": "True", "highway": "secondary", "name": "Октябрьская улица", "maxspeed": "RU:urban", "lanes": "2", "osmid": "982459595" }, "geometry": { "type": "LineString", "coordinates": [ [ 20.517135, 54.6984678 ], [ 20.5170481, 54.6983462 ] ] } },
{ "type": "Feature", "properties": { "u": 578, "v": 564, "key": 0, "oneway": "True", "highway": "secondary", "name": "улица Багратиона", "maxspeed": "RU:urban", "lanes": "2", "osmid": [ 982439540, 982439541, 982439542, 982439543 ] }, "geometry": { "type": "LineString", "coordinates": [ [ 20.517135, 54.6984678 ], [ 20.5169507, 54.6986025 ], [ 20.5166164, 54.698867 ], [ 20.5163652, 54.6990279 ], [ 20.5160464, 54.6991824 ], [ 20.5155878, 54.6993389 ], [ 20.5152292, 54.6994378 ], [ 20.5148918, 54.6995122 ], [ 20.5147315, 54.6995427 ], [ 20.5141675, 54.6996311 ], [ 20.5138713, 54.6996475 ] ] } },
{ "type": "Feature", "properties": { "u": 579, "v": 472, "key": 0, "oneway": "False", "highway": "tertiary", "name": "Солнечный бульвар", "maxspeed": "RU:urban", "lanes": "2", "osmid": "442081026" }, "geometry": { "type": "LineString", "coordinates": [ [ 20.5153429, 54.7050523 ], [ 20.5154043, 54.7050654 ], [ 20.515477, 54.705081 ], [ 20.5154972, 54.7050856 ], [ 20.5155999, 54.7051083 ], [ 20.5157416, 54.7051401 ], [ 20.5158265, 54.7051589 ], [ 20.5158718, 54.7051689 ], [ 20.5158956, 54.7051741 ], [ 20.5159213, 54.7051787 ], [ 20.5159474, 54.7051835 ], [ 20.5159726, 54.7051876 ], [ 20.5159929, 54.7051905 ], [ 20.5160154, 54.7051934 ], [ 20.516036, 54.7051957 ], [ 20.5160612, 54.7051982 ], [ 20.5160871, 54.7052004 ], [ 20.5161099, 54.7052019 ], [ 20.5161293, 54.705203 ], [ 20.5161508, 54.7052039 ], [ 20.5161751, 54.7052046 ], [ 20.5161975, 54.7052049 ], [ 20.5162208, 54.7052049 ], [ 20.516242, 54.7052046 ], [ 20.5162543, 54.7052043 ], [ 20.5162725, 54.7052037 ], [ 20.516297, 54.7052024 ], [ 20.5163264, 54.7052006 ], [ 20.5163417, 54.7051994 ], [ 20.5163628, 54.7051975 ], [ 20.5163848, 54.7051951 ], [ 20.5164045, 54.7051927 ], [ 20.5164234, 54.7051901 ], [ 20.5164393, 54.7051879 ], [ 20.5164627, 54.7051842 ], [ 20.5164829, 54.7051808 ], [ 20.5165056, 54.7051765 ], [ 20.5165284, 54.705172 ], [ 20.5165528, 54.7051666 ], [ 20.5165859, 54.7051589 ], [ 20.5166123, 54.7051528 ], [ 20.5167115, 54.7051298 ], [ 20.5168816, 54.7050904 ], [ 20.5172704, 54.7050004 ], [ 20.5189897, 54.7046024 ] ] } },
{ "type": "Feature", "properties": { "u": 579, "v": 576, "key": 0, "oneway": "True", "highway": "secondary", "name": "Октябрьская улица", "maxspeed": "RU:urban", "lanes": "1", "osmid": [ 982459648, 982459649, 982459650, 982459651, 982459652, 982459654, 982459655 ] }, "geometry": { "type": "LineString", "coordinates": [ [ 20.5153429, 54.7050523 ], [ 20.5149562, 54.7054934 ], [ 20.514836, 54.7056306 ], [ 20.5147996, 54.7056967 ], [ 20.5147416, 54.7058021 ], [ 20.5146962, 54.7059645 ], [ 20.5146557, 54.7060877 ], [ 20.5145457, 54.7064956 ], [ 20.5145408, 54.7065717 ] ] } },
{ "type": "Feature", "properties": { "u": 579, "v": 473, "key": 0, "oneway": "False", "highway": "tertiary", "name": "Солнечный бульвар", "maxspeed": "RU:urban", "lanes": "2", "osmid": "1210349537" }, "geometry": { "type": "LineString", "coordinates": [ [ 20.5153429, 54.7050523 ], [ 20.5152958, 54.7050406 ], [ 20.5152798, 54.7050367 ], [ 20.5152134, 54.7050202 ] ] } },
{ "type": "Feature", "properties": { "u": 580, "v": 472, "key": 0, "oneway": "False", "highway": "residential", "name": "Октябрьская улица", "maxspeed": "RU:urban", "lanes": "2", "osmid": [ 1210349536, 48765617, 48762218 ] }, "geometry": { "type": "LineString", "coordinates": [ [ 20.5160363, 54.7042385 ], [ 20.5160838, 54.704248 ], [ 20.5161296, 54.7042572 ], [ 20.5161781, 54.7042669 ], [ 20.5162536, 54.7042815 ], [ 20.5163247, 54.7042953 ], [ 20.516383, 54.7043024 ], [ 20.5164334, 54.7043042 ], [ 20.5165574, 54.7042993 ], [ 20.5166784, 54.7042923 ], [ 20.5169834, 54.7042695 ], [ 20.5171525, 54.7042529 ], [ 20.5173365, 54.7042327 ], [ 20.5174867, 54.7042094 ], [ 20.5186236, 54.7039775 ], [ 20.5189658, 54.7045596 ], [ 20.5189897, 54.7046024 ] ] } },
{ "type": "Feature", "properties": { "u": 580, "v": 579, "key": 0, "oneway": "True", "highway": "secondary", "name": "Октябрьская улица", "maxspeed": "30", "lanes": "1", "osmid": [ 982459656, 982459658 ] }, "geometry": { "type": "LineString", "coordinates": [ [ 20.5160363, 54.7042385 ], [ 20.5155629, 54.7048045 ], [ 20.515444, 54.7049467 ], [ 20.5153429, 54.7050523 ] ] } },
{ "type": "Feature", "properties": { "u": 581, "v": 577, "key": 0, "oneway": "False", "highway": "secondary", "name": "набережная Ветеранов", "maxspeed": "RU:urban", "lanes": "4", "osmid": "428635503" }, "geometry": { "type": "LineString", "coordinates": [ [ 20.5180709, 54.6998644 ], [ 20.5181281, 54.6998569 ], [ 20.5181577, 54.6998487 ], [ 20.5181945, 54.6998329 ] ] } },
{ "type": "Feature", "properties": { "u": 581, "v": 578, "key": 0, "oneway": "True", "highway": "secondary", "name": "Октябрьская улица", "maxspeed": "RU:urban", "lanes": "2", "osmid": [ 982459612, 982459603, 48754756, 982459596 ] }, "geometry": { "type": "LineString", "coordinates": [ [ 20.5180709, 54.6998644 ], [ 20.518044, 54.6997563 ], [ 20.5179977, 54.6996737 ], [ 20.5178033, 54.6993661 ], [ 20.5175867, 54.6990702 ], [ 20.5174791, 54.6989344 ], [ 20.5172515, 54.6986299 ], [ 20.5171967, 54.6985529 ], [ 20.517135, 54.6984678 ] ] } },
{ "type": "Feature", "properties": { "u": 582, "v": 26, "key": 0, "oneway": "False", "highway": "unclassified", "name": "", "maxspeed": "5", "lanes": "", "osmid": [ 1370382521, 32454235, 736641737 ] }, "geometry": { "type": "LineString", "coordinates": [ [ 20.5145885, 54.7057853 ], [ 20.5145572, 54.7057818 ], [ 20.5145331, 54.7057792 ], [ 20.5145231, 54.7057783 ], [ 20.5144129, 54.7057686 ], [ 20.5143405, 54.7057658 ], [ 20.514177, 54.705758 ] ] } },
{ "type": "Feature", "properties": { "u": 582, "v": 473, "key": 0, "oneway": "True", "highway": "secondary", "name": "Октябрьская улица", "maxspeed": "30", "lanes": "1", "osmid": [ 982459627, 982459628, 982459629, 982459630 ] }, "geometry": { "type": "LineString", "coordinates": [ [ 20.5145885, 54.7057853 ], [ 20.514595, 54.7057725 ], [ 20.5146812, 54.7056028 ], [ 20.5149716, 54.7052836 ], [ 20.5151176, 54.7051227 ], [ 20.5152134, 54.7050202 ] ] } },
{ "type": "Feature", "properties": { "u": 583, "v": 576, "key": 0, "oneway": "False", "highway": "tertiary", "name": "набережная Генерала Карбышева", "maxspeed": "RU:urban", "lanes": "2", "osmid": "48754755" }, "geometry": { "type": "LineString", "coordinates": [ [ 20.5144305, 54.7065676 ], [ 20.5144655, 54.706569 ], [ 20.5144976, 54.7065704 ], [ 20.5145156, 54.7065711 ], [ 20.5145408, 54.7065717 ] ] } },
{ "type": "Feature", "properties": { "u": 583, "v": 582, "key": 0, "oneway": "True", "highway": "secondary", "name": "Октябрьская улица", "maxspeed": "30", "lanes": "1", "osmid": [ 982459632, 982459633, 982459634 ] }, "geometry": { "type": "LineString", "coordinates": [ [ 20.5144305, 54.7065676 ], [ 20.5144359, 54.7065065 ], [ 20.5145122, 54.706066 ], [ 20.5145432, 54.7059393 ], [ 20.5145885, 54.7057853 ] ] } },
{ "type": "Feature", "properties": { "u": 584, "v": 538, "key": 0, "oneway": "True", "highway": "primary", "name": "проспект Мира", "maxspeed": "RU:urban", "lanes": "4", "osmid": [ 980844273, 983859426, 980011196 ] }, "geometry": { "type": "LineString", "coordinates": [ [ 20.4984799, 54.7201076 ], [ 20.4985866, 54.7201147 ], [ 20.4987475, 54.7201178 ], [ 20.4989098, 54.7201147 ], [ 20.4990587, 54.7201023 ], [ 20.4992169, 54.7200775 ], [ 20.499339, 54.7200496 ], [ 20.4995415, 54.7199892 ], [ 20.4997332, 54.7199327 ], [ 20.4999036, 54.7198738 ], [ 20.5001109, 54.7197921 ] ] } },
{ "type": "Feature", "properties": { "u": 585, "v": 192, "key": 0, "oneway": "False", "highway": "residential", "name": "улица Литовский Вал", "maxspeed": "", "lanes": "2", "osmid": [ 25901305, 736346491 ] }, "geometry": { "type": "LineString", "coordinates": [ [ 20.5378214, 54.7096934 ], [ 20.5378401, 54.7096692 ], [ 20.537852, 54.7096467 ], [ 20.5379583, 54.7094577 ], [ 20.5380199, 54.7093048 ], [ 20.537961, 54.7089415 ], [ 20.5380759, 54.7080033 ], [ 20.5379364, 54.7076289 ], [ 20.5377642, 54.707065 ] ] } },
{ "type": "Feature", "properties": { "u": 585, "v": 586, "key": 0, "oneway": "False", "highway": "primary", "name": "улица Литовский Вал", "maxspeed": "RU:urban", "lanes": "3", "osmid": "989481650" }, "geometry": { "type": "LineString", "coordinates": [ [ 20.5378214, 54.7096934 ], [ 20.5377946, 54.7097337 ], [ 20.537773, 54.7097763 ] ] } },
{ "type": "Feature", "properties": { "u": 586, "v": 217, "key": 0, "oneway": "False", "highway": "primary", "name": "улица Литовский Вал", "maxspeed": "RU:urban", "lanes": "3", "osmid": [ 53374883, 205799959 ] }, "geometry": { "type": "LineString", "coordinates": [ [ 20.537773, 54.7097763 ], [ 20.5377571, 54.7098246 ], [ 20.5377443, 54.7098658 ], [ 20.5376668, 54.7101122 ], [ 20.5375373, 54.7106194 ], [ 20.5374021, 54.7110333 ] ] } },
{ "type": "Feature", "properties": { "u": 586, "v": 31, "key": 0, "oneway": "True", "highway": "primary", "name": "Московский проспект", "maxspeed": "RU:urban", "lanes": "3", "osmid": [ 1370089170, 1370089171, 53374885, 989434629 ] }, "geometry": { "type": "LineString", "coordinates": [ [ 20.537773, 54.7097763 ], [ 20.5375198, 54.709776 ], [ 20.5371037, 54.7097976 ], [ 20.5344357, 54.709934 ], [ 20.5340369, 54.7099422 ], [ 20.5331642, 54.7099216 ], [ 20.5324642, 54.7099058 ], [ 20.5319802, 54.7098949 ], [ 20.5316951, 54.7098827 ] ] } },
{ "type": "Feature", "properties": { "u": 586, "v": 585, "key": 0, "oneway": "False", "highway": "primary", "name": "улица Литовский Вал", "maxspeed": "RU:urban", "lanes": "3", "osmid": "989481650" }, "geometry": { "type": "LineString", "coordinates": [ [ 20.537773, 54.7097763 ], [ 20.5377946, 54.7097337 ], [ 20.5378214, 54.7096934 ] ] } },
{ "type": "Feature", "properties": { "u": 587, "v": 353, "key": 0, "oneway": "False", "highway": "tertiary", "name": "улица Маршала Баграмяна", "maxspeed": "40", "lanes": "2", "osmid": "107444059" }, "geometry": { "type": "LineString", "coordinates": [ [ 20.4959278, 54.7072011 ], [ 20.4964098, 54.7071773 ], [ 20.4968238, 54.7071435 ] ] } },
{ "type": "Feature", "properties": { "u": 587, "v": 236, "key": 0, "oneway": "False", "highway": "tertiary", "name": "улица Маршала Баграмяна", "maxspeed": "40", "lanes": "2", "osmid": [ 107444059, 995233925 ] }, "geometry": { "type": "LineString", "coordinates": [ [ 20.4959278, 54.7072011 ], [ 20.4956897, 54.7072129 ], [ 20.495298, 54.7072322 ], [ 20.4949042, 54.7072444 ], [ 20.494743, 54.7072491 ], [ 20.4946466, 54.7072519 ], [ 20.4945043, 54.7072555 ] ] } },
{ "type": "Feature", "properties": { "u": 587, "v": 588, "key": 0, "oneway": "False", "highway": "residential", "name": "улица Маршала Баграмяна", "maxspeed": "20", "lanes": "", "osmid": "986605045" }, "geometry": { "type": "LineString", "coordinates": [ [ 20.4959278, 54.7072011 ], [ 20.4959606, 54.7072587 ], [ 20.495998, 54.7073244 ] ] } },
{ "type": "Feature", "properties": { "u": 588, "v": 590, "key": 0, "oneway": "False", "highway": "residential", "name": "Road with parking", "maxspeed": "20", "lanes": "", "osmid": "986605046" }, "geometry": { "type": "LineString", "coordinates": [ [ 20.495998, 54.7073244 ], [ 20.4961404, 54.7074927 ] ] } },
{ "type": "Feature", "properties": { "u": 588, "v": 589, "key": 0, "oneway": "False", "highway": "residential", "name": "улица Маршала Баграмяна", "maxspeed": "20", "lanes": "", "osmid": "986605045" }, "geometry": { "type": "LineString", "coordinates": [ [ 20.495998, 54.7073244 ], [ 20.4958774, 54.7073749 ], [ 20.4956802, 54.7074674 ] ] } },
{ "type": "Feature", "properties": { "u": 588, "v": 587, "key": 0, "oneway": "False", "highway": "residential", "name": "улица Маршала Баграмяна", "maxspeed": "20", "lanes": "", "osmid": "986605045" }, "geometry": { "type": "LineString", "coordinates": [ [ 20.495998, 54.7073244 ], [ 20.4959606, 54.7072587 ], [ 20.4959278, 54.7072011 ] ] } },
{ "type": "Feature", "properties": { "u": 589, "v": 588, "key": 0, "oneway": "False", "highway": "residential", "name": "улица Маршала Баграмяна", "maxspeed": "20", "lanes": "", "osmid": "986605045" }, "geometry": { "type": "LineString", "coordinates": [ [ 20.4956802, 54.7074674 ], [ 20.4958774, 54.7073749 ], [ 20.495998, 54.7073244 ] ] } },
{ "type": "Feature", "properties": { "u": 590, "v": 588, "key": 0, "oneway": "False", "highway": "residential", "name": "Road with parking", "maxspeed": "20", "lanes": "", "osmid": "986605046" }, "geometry": { "type": "LineString", "coordinates": [ [ 20.4961404, 54.7074927 ], [ 20.495998, 54.7073244 ] ] } },
{ "type": "Feature", "properties": { "u": 591, "v": 305, "key": 0, "oneway": "False", "highway": "residential", "name": "Мариупольская улица", "maxspeed": "20", "lanes": "", "osmid": [ 188173822, 986605047 ] }, "geometry": { "type": "LineString", "coordinates": [ [ 20.4971442, 54.7083439 ], [ 20.4971922, 54.7084486 ], [ 20.4972924, 54.7084341 ], [ 20.4973219, 54.7084299 ], [ 20.4980337, 54.7083275 ], [ 20.4979359, 54.708084 ], [ 20.4985235, 54.7079155 ] ] } },
{ "type": "Feature", "properties": { "u": 591, "v": 355, "key": 0, "oneway": "False", "highway": "residential", "name": "улица Маршала Баграмяна", "maxspeed": "20", "lanes": "", "osmid": [ 188173824, 986605047 ] }, "geometry": { "type": "LineString", "coordinates": [ [ 20.4971442, 54.7083439 ], [ 20.4970882, 54.7082269 ], [ 20.4971168, 54.708203 ], [ 20.497115, 54.7081741 ], [ 20.497108, 54.708084 ], [ 20.4969123, 54.7077166 ], [ 20.4970252, 54.7076905 ], [ 20.4971483, 54.7076487 ], [ 20.4971493, 54.7076 ] ] } },
{ "type": "Feature", "properties": { "u": 591, "v": 592, "key": 0, "oneway": "False", "highway": "residential", "name": "Road with parking", "maxspeed": "", "lanes": "", "osmid": "986605048" }, "geometry": { "type": "LineString", "coordinates": [ [ 20.4971442, 54.7083439 ], [ 20.4969296, 54.7083748 ], [ 20.4969975, 54.7085287 ] ] } },
{ "type": "Feature", "properties": { "u": 592, "v": 591, "key": 0, "oneway": "False", "highway": "residential", "name": "Road with parking", "maxspeed": "", "lanes": "", "osmid": "986605048" }, "geometry": { "type": "LineString", "coordinates": [ [ 20.4969975, 54.7085287 ], [ 20.4969296, 54.7083748 ], [ 20.4971442, 54.7083439 ] ] } },
{ "type": "Feature", "properties": { "u": 593, "v": 306, "key": 0, "oneway": "False", "highway": "residential", "name": "Мариупольская улица", "maxspeed": "", "lanes": "", "osmid": "986652066" }, "geometry": { "type": "LineString", "coordinates": [ [ 20.4995081, 54.7084346 ], [ 20.4993824, 54.7081967 ], [ 20.4992332, 54.7081472 ], [ 20.4990073, 54.7080722 ], [ 20.498975, 54.7080615 ], [ 20.4987421, 54.7080157 ] ] } },
{ "type": "Feature", "properties": { "u": 594, "v": 595, "key": 0, "oneway": "True", "highway": "primary", "name": "", "maxspeed": "RU:urban", "lanes": "1", "osmid": "980844320" }, "geometry": { "type": "LineString", "coordinates": [ [ 20.493111, 54.7192484 ], [ 20.4931213, 54.7191947 ], [ 20.4931523, 54.7191017 ], [ 20.4931761, 54.7190602 ] ] } },
{ "type": "Feature", "properties": { "u": 594, "v": 543, "key": 0, "oneway": "True", "highway": "primary", "name": "проспект Мира", "maxspeed": "RU:urban", "lanes": "2", "osmid": [ 992609876, 980844317 ] }, "geometry": { "type": "LineString", "coordinates": [ [ 20.493111, 54.7192484 ], [ 20.493122, 54.7192531 ], [ 20.4933181, 54.7193742 ], [ 20.4934844, 54.7195245 ] ] } },
{ "type": "Feature", "properties": { "u": 595, "v": 546, "key": 0, "oneway": "True", "highway": "primary", "name": "Театральная улица", "maxspeed": "RU:urban", "lanes": "2", "osmid": "291081349" }, "geometry": { "type": "LineString", "coordinates": [ [ 20.4931761, 54.7190602 ], [ 20.4928375, 54.7191489 ] ] } },
{ "type": "Feature", "properties": { "u": 595, "v": 551, "key": 0, "oneway": "True", "highway": "primary", "name": "", "maxspeed": "RU:urban", "lanes": "1", "osmid": "992612792" }, "geometry": { "type": "LineString", "coordinates": [ [ 20.4931761, 54.7190602 ], [ 20.4932324, 54.718962 ] ] } },
{ "type": "Feature", "properties": { "u": 596, "v": 159, "key": 0, "oneway": "True", "highway": "residential", "name": "улица Профессора Севастьянова", "maxspeed": "40", "lanes": "1", "osmid": [ 48804988, 676395189, 711959463 ] }, "geometry": { "type": "LineString", "coordinates": [ [ 20.5134619, 54.7155609 ], [ 20.5133221, 54.7155462 ], [ 20.5125282, 54.7154773 ], [ 20.5124801, 54.7154729 ], [ 20.5118637, 54.7154206 ], [ 20.5117248, 54.7154091 ], [ 20.5113502, 54.7153794 ], [ 20.5110911, 54.715358 ], [ 20.510686, 54.7153129 ] ] } },
{ "type": "Feature", "properties": { "u": 596, "v": 11, "key": 0, "oneway": "False", "highway": "secondary", "name": "Пролетарская улица", "maxspeed": "RU:urban", "lanes": "3", "osmid": [ 1372756560, 1372756561, 309433010, 1025236666 ] }, "geometry": { "type": "LineString", "coordinates": [ [ 20.5134619, 54.7155609 ], [ 20.5134183, 54.7157146 ], [ 20.5132147, 54.7164321 ], [ 20.5131852, 54.7165359 ], [ 20.5131082, 54.7168074 ], [ 20.513077, 54.716949 ] ] } },
{ "type": "Feature", "properties": { "u": 596, "v": 10, "key": 0, "oneway": "False", "highway": "secondary", "name": "Пролетарская улица", "maxspeed": "RU:urban", "lanes": "3", "osmid": [ 1372756562, 285794709 ] }, "geometry": { "type": "LineString", "coordinates": [ [ 20.5134619, 54.7155609 ], [ 20.5135487, 54.7152397 ], [ 20.5135773, 54.7149157 ] ] } },
{ "type": "Feature", "properties": { "u": 597, "v": 179, "key": 0, "oneway": "False", "highway": "residential", "name": "Ореховая улица", "maxspeed": "RU:urban", "lanes": "1", "osmid": [ 49207533, 49207534 ] }, "geometry": { "type": "LineString", "coordinates": [ [ 20.5038543, 54.6977144 ], [ 20.5038938, 54.6974723 ], [ 20.5039226, 54.6972451 ], [ 20.5039445, 54.6970726 ], [ 20.5039562, 54.6970185 ] ] } },
{ "type": "Feature", "properties": { "u": 598, "v": 265, "key": 0, "oneway": "False", "highway": "residential", "name": "Серпуховский переулок", "maxspeed": "", "lanes": "", "osmid": [ 996149801, 1372496943 ] }, "geometry": { "type": "LineString", "coordinates": [ [ 20.5003944, 54.6969132 ], [ 20.499904, 54.697071 ], [ 20.4996022, 54.6971681 ], [ 20.4996478, 54.6981181 ], [ 20.4996296, 54.698306 ], [ 20.4996078, 54.6983706 ] ] } },
{ "type": "Feature", "properties": { "u": 599, "v": 171, "key": 0, "oneway": "False", "highway": "residential", "name": "Малая Песочная улица", "maxspeed": "RU:urban", "lanes": "1", "osmid": "49205132" }, "geometry": { "type": "LineString", "coordinates": [ [ 20.5151874, 54.6978729 ], [ 20.5151932, 54.6979844 ], [ 20.5152127, 54.698085 ], [ 20.5152282, 54.6981131 ], [ 20.515444, 54.6985043 ], [ 20.5154544, 54.6985232 ], [ 20.5154697, 54.6985509 ] ] } },
{ "type": "Feature", "properties": { "u": 600, "v": 170, "key": 0, "oneway": "False", "highway": "residential", "name": "Малая Песочная улица", "maxspeed": "RU:urban", "lanes": "1", "osmid": "1026591381" }, "geometry": { "type": "LineString", "coordinates": [ [ 20.5151809, 54.697748 ], [ 20.5151685, 54.6975086 ], [ 20.5151685, 54.6973499 ], [ 20.5151739, 54.6972952 ], [ 20.515177, 54.6972645 ] ] } },
{ "type": "Feature", "properties": { "u": 601, "v": 316, "key": 0, "oneway": "False", "highway": "residential", "name": "Лазаретная улица", "maxspeed": "", "lanes": "1", "osmid": "1366051270" }, "geometry": { "type": "LineString", "coordinates": [ [ 20.5257765, 54.7107964 ], [ 20.5259179, 54.7105649 ] ] } },
{ "type": "Feature", "properties": { "u": 602, "v": 316, "key": 0, "oneway": "False", "highway": "residential", "name": "улица 1812 года", "maxspeed": "", "lanes": "1", "osmid": [ 143966984, 144204021 ] }, "geometry": { "type": "LineString", "coordinates": [ [ 20.5243721, 54.7103294 ], [ 20.5245629, 54.7103563 ], [ 20.5259811, 54.7104614 ], [ 20.5259179, 54.7105649 ] ] } },
{ "type": "Feature", "properties": { "u": 602, "v": 315, "key": 0, "oneway": "False", "highway": "residential", "name": "улица 1812 года", "maxspeed": "", "lanes": "1", "osmid": [ 143966985, 669755251, 1373833526, 1373833527 ] }, "geometry": { "type": "LineString", "coordinates": [ [ 20.5243721, 54.7103294 ], [ 20.5247291, 54.709937 ], [ 20.5247773, 54.7098531 ], [ 20.5246976, 54.7098468 ], [ 20.524264, 54.7098127 ], [ 20.5239793, 54.7097906 ], [ 20.5237027, 54.7097691 ] ] } },
{ "type": "Feature", "properties": { "u": 602, "v": 219, "key": 0, "oneway": "False", "highway": "residential", "name": "Кирпичная улица", "maxspeed": "", "lanes": "1", "osmid": [ 669755251, 54989252 ] }, "geometry": { "type": "LineString", "coordinates": [ [ 20.5243721, 54.7103294 ], [ 20.5241934, 54.710552 ], [ 20.5239356, 54.7108666 ], [ 20.5233937, 54.7116036 ], [ 20.5232422, 54.7118086 ], [ 20.5231465, 54.7119355 ], [ 20.5229655, 54.7121828 ], [ 20.5229205, 54.7122478 ] ] } },
{ "type": "Feature", "properties": { "u": 603, "v": 604, "key": 0, "oneway": "False", "highway": "living_street", "name": "", "maxspeed": "", "lanes": "", "osmid": "1153061965" }, "geometry": { "type": "LineString", "coordinates": [ [ 20.4937756, 54.7133563 ], [ 20.4937412, 54.7134644 ] ] } },
{ "type": "Feature", "properties": { "u": 603, "v": 608, "key": 0, "oneway": "False", "highway": "living_street", "name": "улица Бесселя", "maxspeed": "", "lanes": "", "osmid": "55799427" }, "geometry": { "type": "LineString", "coordinates": [ [ 20.4937756, 54.7133563 ], [ 20.4936525, 54.713345 ], [ 20.4932047, 54.713256 ], [ 20.4930599, 54.713249 ] ] } },
{ "type": "Feature", "properties": { "u": 603, "v": 605, "key": 0, "oneway": "False", "highway": "living_street", "name": "улица Бесселя", "maxspeed": "", "lanes": "", "osmid": "55799427" }, "geometry": { "type": "LineString", "coordinates": [ [ 20.4937756, 54.7133563 ], [ 20.4941368, 54.7133915 ], [ 20.4942935, 54.7133828 ] ] } },
{ "type": "Feature", "properties": { "u": 604, "v": 603, "key": 0, "oneway": "False", "highway": "living_street", "name": "", "maxspeed": "", "lanes": "", "osmid": "1153061965" }, "geometry": { "type": "LineString", "coordinates": [ [ 20.4937412, 54.7134644 ], [ 20.4937756, 54.7133563 ] ] } },
{ "type": "Feature", "properties": { "u": 604, "v": 604, "key": 0, "oneway": "False", "highway": "living_street", "name": "", "maxspeed": "", "lanes": "", "osmid": "1153061964" }, "geometry": { "type": "LineString", "coordinates": [ [ 20.4937412, 54.7134644 ], [ 20.4936985, 54.7134649 ], [ 20.493658, 54.7134726 ], [ 20.4936232, 54.7134868 ], [ 20.4935105, 54.7135798 ], [ 20.493481, 54.7136115 ], [ 20.4934684, 54.713645 ], [ 20.4934689, 54.7136767 ], [ 20.493483, 54.7137072 ], [ 20.4935098, 54.7137348 ], [ 20.4935475, 54.7137578 ], [ 20.4935938, 54.7137746 ], [ 20.493646, 54.7137843 ], [ 20.4937032, 54.7137862 ], [ 20.4937593, 54.7137794 ], [ 20.4938104, 54.7137645 ], [ 20.4938532, 54.7137425 ], [ 20.4938847, 54.7137148 ], [ 20.4939027, 54.7136834 ], [ 20.4939061, 54.7136526 ], [ 20.4938418, 54.7135 ], [ 20.4938146, 54.7134827 ], [ 20.4937801, 54.7134705 ], [ 20.4937412, 54.7134644 ] ] } },
{ "type": "Feature", "properties": { "u": 604, "v": 604, "key": 1, "oneway": "False", "highway": "living_street", "name": "", "maxspeed": "", "lanes": "", "osmid": "1153061964" }, "geometry": { "type": "LineString", "coordinates": [ [ 20.4937412, 54.7134644 ], [ 20.4937801, 54.7134705 ], [ 20.4938146, 54.7134827 ], [ 20.4938418, 54.7135 ], [ 20.4939061, 54.7136526 ], [ 20.4939027, 54.7136834 ], [ 20.4938847, 54.7137148 ], [ 20.4938532, 54.7137425 ], [ 20.4938104, 54.7137645 ], [ 20.4937593, 54.7137794 ], [ 20.4937032, 54.7137862 ], [ 20.493646, 54.7137843 ], [ 20.4935938, 54.7137746 ], [ 20.4935475, 54.7137578 ], [ 20.4935098, 54.7137348 ], [ 20.493483, 54.7137072 ], [ 20.4934689, 54.7136767 ], [ 20.4934684, 54.713645 ], [ 20.493481, 54.7136115 ], [ 20.4935105, 54.7135798 ], [ 20.4936232, 54.7134868 ], [ 20.493658, 54.7134726 ], [ 20.4936985, 54.7134649 ], [ 20.4937412, 54.7134644 ] ] } },
{ "type": "Feature", "properties": { "u": 605, "v": 603, "key": 0, "oneway": "False", "highway": "living_street", "name": "улица Бесселя", "maxspeed": "", "lanes": "", "osmid": "55799427" }, "geometry": { "type": "LineString", "coordinates": [ [ 20.4942935, 54.7133828 ], [ 20.4941368, 54.7133915 ], [ 20.4937756, 54.7133563 ] ] } },
{ "type": "Feature", "properties": { "u": 605, "v": 221, "key": 0, "oneway": "False", "highway": "living_street", "name": "улица Бесселя", "maxspeed": "", "lanes": "", "osmid": [ 55799427, 1312019118 ] }, "geometry": { "type": "LineString", "coordinates": [ [ 20.4942935, 54.7133828 ], [ 20.4945284, 54.7133691 ], [ 20.495039, 54.7134232 ], [ 20.4951065, 54.7133133 ], [ 20.4953135, 54.712976 ] ] } },
{ "type": "Feature", "properties": { "u": 605, "v": 606, "key": 0, "oneway": "False", "highway": "living_street", "name": "", "maxspeed": "", "lanes": "", "osmid": "1153590034" }, "geometry": { "type": "LineString", "coordinates": [ [ 20.4942935, 54.7133828 ], [ 20.4943686, 54.7136434 ], [ 20.4943023, 54.7139 ], [ 20.4942181, 54.7141823 ], [ 20.4941408, 54.7142143 ], [ 20.4939343, 54.7142313 ], [ 20.4938262, 54.7142107 ], [ 20.4936374, 54.7141005 ] ] } },
{ "type": "Feature", "properties": { "u": 606, "v": 613, "key": 0, "oneway": "False", "highway": "living_street", "name": "", "maxspeed": "", "lanes": "", "osmid": "1153590033" }, "geometry": { "type": "LineString", "coordinates": [ [ 20.4936374, 54.7141005 ], [ 20.4937903, 54.7140939 ], [ 20.4939464, 54.714064 ], [ 20.4941247, 54.7140059 ] ] } },
{ "type": "Feature", "properties": { "u": 606, "v": 605, "key": 0, "oneway": "False", "highway": "living_street", "name": "", "maxspeed": "", "lanes": "", "osmid": "1153590034" }, "geometry": { "type": "LineString", "coordinates": [ [ 20.4936374, 54.7141005 ], [ 20.4938262, 54.7142107 ], [ 20.4939343, 54.7142313 ], [ 20.4941408, 54.7142143 ], [ 20.4942181, 54.7141823 ], [ 20.4943023, 54.7139 ], [ 20.4943686, 54.7136434 ], [ 20.4942935, 54.7133828 ] ] } },
{ "type": "Feature", "properties": { "u": 606, "v": 608, "key": 0, "oneway": "False", "highway": "living_street", "name": "", "maxspeed": "", "lanes": "", "osmid": "1153590034" }, "geometry": { "type": "LineString", "coordinates": [ [ 20.4936374, 54.7141005 ], [ 20.4934502, 54.7140632 ], [ 20.4932678, 54.7140113 ], [ 20.4931374, 54.7139425 ], [ 20.4930237, 54.7138587 ], [ 20.4929539, 54.7137489 ], [ 20.4929338, 54.7136046 ], [ 20.4929543, 54.7134565 ], [ 20.4929982, 54.7133441 ], [ 20.4930599, 54.713249 ] ] } },
{ "type": "Feature", "properties": { "u": 607, "v": 608, "key": 0, "oneway": "False", "highway": "living_street", "name": "улица Бесселя", "maxspeed": "", "lanes": "", "osmid": [ 55799427, 1312019117 ] }, "geometry": { "type": "LineString", "coordinates": [ [ 20.4925523, 54.7132955 ], [ 20.4927428, 54.7132745 ], [ 20.4929665, 54.71325 ], [ 20.4930599, 54.713249 ] ] } },
{ "type": "Feature", "properties": { "u": 608, "v": 607, "key": 0, "oneway": "False", "highway": "living_street", "name": "улица Бесселя", "maxspeed": "", "lanes": "", "osmid": [ 55799427, 1312019117 ] }, "geometry": { "type": "LineString", "coordinates": [ [ 20.4930599, 54.713249 ], [ 20.4929665, 54.71325 ], [ 20.4927428, 54.7132745 ], [ 20.4925523, 54.7132955 ] ] } },
{ "type": "Feature", "properties": { "u": 608, "v": 603, "key": 0, "oneway": "False", "highway": "living_street", "name": "улица Бесселя", "maxspeed": "", "lanes": "", "osmid": "55799427" }, "geometry": { "type": "LineString", "coordinates": [ [ 20.4930599, 54.713249 ], [ 20.4932047, 54.713256 ], [ 20.4936525, 54.713345 ], [ 20.4937756, 54.7133563 ] ] } },
{ "type": "Feature", "properties": { "u": 608, "v": 606, "key": 0, "oneway": "False", "highway": "living_street", "name": "", "maxspeed": "", "lanes": "", "osmid": "1153590034" }, "geometry": { "type": "LineString", "coordinates": [ [ 20.4930599, 54.713249 ], [ 20.4929982, 54.7133441 ], [ 20.4929543, 54.7134565 ], [ 20.4929338, 54.7136046 ], [ 20.4929539, 54.7137489 ], [ 20.4930237, 54.7138587 ], [ 20.4931374, 54.7139425 ], [ 20.4932678, 54.7140113 ], [ 20.4934502, 54.7140632 ], [ 20.4936374, 54.7141005 ] ] } },
{ "type": "Feature", "properties": { "u": 609, "v": 30, "key": 0, "oneway": "True", "highway": "primary", "name": "Ленинский проспект", "maxspeed": "RU:urban", "lanes": "1", "osmid": "1252989788" }, "geometry": { "type": "LineString", "coordinates": [ [ 20.500033, 54.6958706 ], [ 20.5000148, 54.6957711 ] ] } },
{ "type": "Feature", "properties": { "u": 609, "v": 557, "key": 0, "oneway": "True", "highway": "primary", "name": "площадь Калинина", "maxspeed": "RU:urban", "lanes": "2", "osmid": [ 981617674, 981617675 ] }, "geometry": { "type": "LineString", "coordinates": [ [ 20.500033, 54.6958706 ], [ 20.4998785, 54.6959216 ], [ 20.4992913, 54.6961273 ], [ 20.4990353, 54.6962192 ], [ 20.4987861, 54.6963035 ] ] } },
{ "type": "Feature", "properties": { "u": 610, "v": 16, "key": 0, "oneway": "False", "highway": "primary", "name": "Железнодорожная улица", "maxspeed": "RU:urban", "lanes": "3", "osmid": [ 263192167, 53579149, 53579154, 1210147833, 107422780, 1264379966 ] }, "geometry": { "type": "LineString", "coordinates": [ [ 20.4936682, 54.6971883 ], [ 20.4933068, 54.6975006 ], [ 20.4928825, 54.6979202 ], [ 20.4925466, 54.6984085 ], [ 20.4919372, 54.6992863 ], [ 20.4918391, 54.6994481 ], [ 20.491822, 54.699509 ], [ 20.4917862, 54.699636 ], [ 20.4917593, 54.7001663 ], [ 20.4917299, 54.7004635 ], [ 20.4916725, 54.7007789 ], [ 20.4915764, 54.7009833 ], [ 20.4915662, 54.7012113 ], [ 20.4915467, 54.7024303 ], [ 20.4914813, 54.7026123 ], [ 20.4913186, 54.7029308 ], [ 20.490942, 54.7037615 ], [ 20.4908899, 54.703982 ], [ 20.4909006, 54.7043756 ], [ 20.490887, 54.7045056 ], [ 20.4906475, 54.7047704 ], [ 20.4904467, 54.7049105 ] ] } },
{ "type": "Feature", "properties": { "u": 610, "v": 507, "key": 0, "oneway": "True", "highway": "primary", "name": "Железнодорожная улица", "maxspeed": "RU:urban", "lanes": "2", "osmid": [ 1264403764, 981617654 ] }, "geometry": { "type": "LineString", "coordinates": [ [ 20.4936682, 54.6971883 ], [ 20.4937387, 54.6970752 ], [ 20.4938514, 54.6969347 ] ] } },
{ "type": "Feature", "properties": { "u": 611, "v": 531, "key": 0, "oneway": "True", "highway": "primary", "name": "улица Черняховского", "maxspeed": "RU:urban", "lanes": "3", "osmid": [ 980120522, 1011113118 ] }, "geometry": { "type": "LineString", "coordinates": [ [ 20.5129212, 54.7203353 ], [ 20.5135638, 54.7203621 ], [ 20.5138282, 54.7203734 ], [ 20.5139004, 54.7203769 ], [ 20.5141376, 54.720391 ] ] } },
{ "type": "Feature", "properties": { "u": 611, "v": 612, "key": 0, "oneway": "False", "highway": "primary", "name": "", "maxspeed": "", "lanes": "", "osmid": "1299939626" }, "geometry": { "type": "LineString", "coordinates": [ [ 20.5129212, 54.7203353 ], [ 20.5129185, 54.7203813 ], [ 20.5129178, 54.7203928 ], [ 20.5129083, 54.7204628 ] ] } },
{ "type": "Feature", "properties": { "u": 612, "v": 335, "key": 0, "oneway": "True", "highway": "primary", "name": "улица Черняховского", "maxspeed": "RU:urban", "lanes": "3", "osmid": [ 669215960, 107174499, 313596237 ] }, "geometry": { "type": "LineString", "coordinates": [ [ 20.5129083, 54.7204628 ], [ 20.5121371, 54.7204222 ], [ 20.5116492, 54.7203857 ], [ 20.511171, 54.7203373 ], [ 20.5105963, 54.7202702 ], [ 20.5098759, 54.7201842 ], [ 20.5085599, 54.720017 ], [ 20.5082342, 54.7199796 ], [ 20.5081809, 54.7199737 ], [ 20.5078603, 54.7199331 ] ] } },
{ "type": "Feature", "properties": { "u": 612, "v": 611, "key": 0, "oneway": "False", "highway": "primary", "name": "", "maxspeed": "", "lanes": "", "osmid": "1299939626" }, "geometry": { "type": "LineString", "coordinates": [ [ 20.5129083, 54.7204628 ], [ 20.5129178, 54.7203928 ], [ 20.5129185, 54.7203813 ], [ 20.5129212, 54.7203353 ] ] } },
{ "type": "Feature", "properties": { "u": 613, "v": 606, "key": 0, "oneway": "False", "highway": "living_street", "name": "", "maxspeed": "", "lanes": "", "osmid": "1153590033" }, "geometry": { "type": "LineString", "coordinates": [ [ 20.4941247, 54.7140059 ], [ 20.4939464, 54.714064 ], [ 20.4937903, 54.7140939 ], [ 20.4936374, 54.7141005 ] ] } },
{ "type": "Feature", "properties": { "u": 614, "v": 525, "key": 0, "oneway": "False", "highway": "tertiary", "name": "", "maxspeed": "", "lanes": "", "osmid": "1349791662" }, "geometry": { "type": "LineString", "coordinates": [ [ 20.5069168, 54.7133587 ], [ 20.5068312, 54.7133192 ], [ 20.5068016, 54.7133081 ], [ 20.5067252, 54.7132727 ] ] } },
{ "type": "Feature", "properties": { "u": 614, "v": 76, "key": 0, "oneway": "True", "highway": "primary", "name": "Ленинский проспект", "maxspeed": "RU:urban", "lanes": "4", "osmid": [ 290055920, 980011199, 1349791663 ] }, "geometry": { "type": "LineString", "coordinates": [ [ 20.5069168, 54.7133587 ], [ 20.506391, 54.7137202 ], [ 20.5056924, 54.7141676 ], [ 20.504387, 54.7150957 ], [ 20.5043055, 54.715155 ] ] } },
{ "type": "Feature", "properties": { "u": 615, "v": 12, "key": 0, "oneway": "False", "highway": "secondary", "name": "Пролетарская улица", "maxspeed": "RU:urban", "lanes": "3", "osmid": [ 294211169, 91260942 ] }, "geometry": { "type": "LineString", "coordinates": [ [ 20.5146613, 54.7217178 ], [ 20.5145835, 54.7215239 ], [ 20.514402, 54.7210717 ], [ 20.5143258, 54.720882 ], [ 20.5143174, 54.7208611 ], [ 20.5142394, 54.7206427 ], [ 20.5141839, 54.7205165 ] ] } },
{ "type": "Feature", "properties": { "u": 615, "v": 107, "key": 0, "oneway": "False", "highway": "secondary", "name": "Пролетарская улица", "maxspeed": "RU:urban", "lanes": "2", "osmid": [ 1369736253, 1364318061 ] }, "geometry": { "type": "LineString", "coordinates": [ [ 20.5146613, 54.7217178 ], [ 20.5147193, 54.7218442 ], [ 20.5147713, 54.7219558 ] ] } },
{ "type": "Feature", "properties": { "u": 616, "v": 206, "key": 0, "oneway": "False", "highway": "residential", "name": "Эльблонгская улица", "maxspeed": "RU:living_street", "lanes": "2", "osmid": "1372496930" }, "geometry": { "type": "LineString", "coordinates": [ [ 20.4977361, 54.7005568 ], [ 20.4972652, 54.7005206 ] ] } },
{ "type": "Feature", "properties": { "u": 616, "v": 389, "key": 0, "oneway": "False", "highway": "residential", "name": "Эльблонгская улица", "maxspeed": "RU:living_street", "lanes": "2", "osmid": "1368750756" }, "geometry": { "type": "LineString", "coordinates": [ [ 20.4977361, 54.7005568 ], [ 20.4977699, 54.7003386 ], [ 20.4976009, 54.7003177 ], [ 20.4972758, 54.6996716 ], [ 20.4964731, 54.6994796 ], [ 20.496147, 54.6994239 ], [ 20.4956407, 54.6996228 ] ] } },
{ "type": "Feature", "properties": { "u": 616, "v": 209, "key": 0, "oneway": "False", "highway": "residential", "name": "Эльблонгская улица", "maxspeed": "RU:living_street", "lanes": "2", "osmid": [ 1372496929, 1372496930, 287846925 ] }, "geometry": { "type": "LineString", "coordinates": [ [ 20.4977361, 54.7005568 ], [ 20.4986822, 54.7006221 ], [ 20.4991661, 54.7006935 ], [ 20.4997441, 54.7007583 ], [ 20.5006695, 54.7008621 ], [ 20.5015835, 54.7009646 ], [ 20.5016793, 54.7009753 ] ] } },
{ "type": "Feature", "properties": { "u": 617, "v": 84, "key": 0, "oneway": "False", "highway": "residential", "name": "улица Коперника", "maxspeed": "RU:urban", "lanes": "1", "osmid": "1372756618" }, "geometry": { "type": "LineString", "coordinates": [ [ 20.5020855, 54.7108783 ], [ 20.5026219, 54.7108408 ], [ 20.5030604, 54.7108101 ], [ 20.5034271, 54.7107845 ] ] } },
{ "type": "Feature", "properties": { "u": 618, "v": 619, "key": 0, "oneway": "False", "highway": "secondary", "name": "Гвардейский проспект", "maxspeed": "RU:urban", "lanes": "3", "osmid": "1413235350" }, "geometry": { "type": "LineString", "coordinates": [ [ 20.4909277, 54.7124736 ], [ 20.4908995, 54.7124026 ] ] } },
{ "type": "Feature", "properties": { "u": 618, "v": 552, "key": 0, "oneway": "False", "highway": "secondary", "name": "Гвардейский проспект", "maxspeed": "RU:urban", "lanes": "4", "osmid": [ 210722200, 107176996, 1370382549, 210722199 ] }, "geometry": { "type": "LineString", "coordinates": [ [ 20.4909277, 54.7124736 ], [ 20.4910398, 54.7126808 ], [ 20.4912273, 54.7129874 ], [ 20.4913649, 54.7132336 ], [ 20.4915831, 54.7135639 ], [ 20.4916969, 54.7137382 ], [ 20.4918558, 54.7139201 ], [ 20.491969, 54.7140504 ], [ 20.4922185, 54.7142905 ], [ 20.4924755, 54.7145265 ], [ 20.4929478, 54.7149472 ], [ 20.4934381, 54.7153601 ], [ 20.494053, 54.7158593 ], [ 20.494684, 54.7163484 ], [ 20.4952889, 54.716777 ], [ 20.4965578, 54.7176282 ], [ 20.4967267, 54.7177415 ], [ 20.4970911, 54.7179991 ], [ 20.4971534, 54.7180413 ] ] } },
{ "type": "Feature", "properties": { "u": 619, "v": 618, "key": 0, "oneway": "False", "highway": "secondary", "name": "Гвардейский проспект", "maxspeed": "RU:urban", "lanes": "3", "osmid": "1413235350" }, "geometry": { "type": "LineString", "coordinates": [ [ 20.4908995, 54.7124026 ], [ 20.4909277, 54.7124736 ] ] } },
{ "type": "Feature", "properties": { "u": 619, "v": 257, "key": 0, "oneway": "True", "highway": "primary", "name": "улица Румянцева", "maxspeed": "40", "lanes": "3", "osmid": [ 42452218, 1413235351 ] }, "geometry": { "type": "LineString", "coordinates": [ [ 20.4908995, 54.7124026 ], [ 20.491279, 54.7123222 ], [ 20.4916787, 54.7122476 ], [ 20.492446, 54.7121073 ], [ 20.4926477, 54.7120629 ], [ 20.4928222, 54.7119998 ], [ 20.4931413, 54.711859 ], [ 20.4936897, 54.7115566 ], [ 20.493855, 54.7114294 ], [ 20.4939504, 54.7113169 ] ] } },
{ "type": "Feature", "properties": { "u": 620, "v": 619, "key": 0, "oneway": "True", "highway": "primary", "name": "улица Румянцева", "maxspeed": "RU:urban", "lanes": "2", "osmid": [ 1373328218, 1373328221, 390819957 ] }, "geometry": { "type": "LineString", "coordinates": [ [ 20.4869778, 54.7135646 ], [ 20.488016, 54.7131655 ], [ 20.4885367, 54.7129863 ], [ 20.4890149, 54.7128365 ], [ 20.4894579, 54.7127169 ], [ 20.4899332, 54.7126034 ], [ 20.4907389, 54.7124409 ], [ 20.4908995, 54.7124026 ] ] } },
{ "type": "Feature", "properties": { "u": 621, "v": 90, "key": 0, "oneway": "False", "highway": "residential", "name": "", "maxspeed": "", "lanes": "1", "osmid": "42740843" }, "geometry": { "type": "LineString", "coordinates": [ [ 20.4949449, 54.7190106 ], [ 20.4951065, 54.7190059 ], [ 20.4953194, 54.71901 ], [ 20.4958823, 54.719021 ], [ 20.4965747, 54.7190381 ], [ 20.4971201, 54.7190412 ] ] } },
{ "type": "Feature", "properties": { "u": 622, "v": 81, "key": 0, "oneway": "False", "highway": "residential", "name": "Звёздная улица", "maxspeed": "RU:urban", "lanes": "2", "osmid": "1372756612" }, "geometry": { "type": "LineString", "coordinates": [ [ 20.5012166, 54.7166299 ], [ 20.5012431, 54.716656 ], [ 20.5012903, 54.716699 ] ] } },
{ "type": "Feature", "properties": { "u": 623, "v": 107, "key": 0, "oneway": "False", "highway": "secondary", "name": "Пролетарская улица", "maxspeed": "RU:urban", "lanes": "2", "osmid": "43317275" }, "geometry": { "type": "LineString", "coordinates": [ [ 20.5147867, 54.7219908 ], [ 20.5147713, 54.7219558 ] ] } },
{ "type": "Feature", "properties": { "u": 623, "v": 396, "key": 0, "oneway": "True", "highway": "tertiary", "name": "улица Профессора Баранова", "maxspeed": "RU:urban", "lanes": "1", "osmid": "307324833" }, "geometry": { "type": "LineString", "coordinates": [ [ 20.5147867, 54.7219908 ], [ 20.5147526, 54.7219998 ], [ 20.5147182, 54.7220047 ], [ 20.5146457, 54.7220098 ], [ 20.51455, 54.7220067 ], [ 20.5143453, 54.7219689 ], [ 20.5142053, 54.721922 ] ] } }
]
}
