Seeded run: seed=1
Initializing SACRED Stage-1.5 dynamic assignment (Poisson arrivals, 2 trucks)...
Configuring Protagonist Dispatch Agent...
Configuring Antagonist Congestion Agent...
Initializing ATLA Coevolution Trainer...
Run Name: gen02_dynassign/dynassign_seed1
Starting SACRED ATLA training from scratch for 800 episodes...
Device: Protagonist=cpu, Antagonist=cpu
Alternating every 50 episodes.
Initial Phase: Training PROTAGONIST (Adversary FROZEN)

Ep    1 | Phase: PROTAGO | Ticks: 795 | Protag R: -5055.00 | Antag R: 4684.00 | Delivery:  63.2% | Budget Used: 3720.00/4000.0
Ep    2 | Phase: PROTAGO | Ticks: 795 | Protag R: -9072.00 | Antag R: 8701.00 | Delivery:  46.0% | Budget Used: 3720.00/4000.0
Ep    3 | Phase: PROTAGO | Ticks: 795 | Protag R: -8282.00 | Antag R: 7911.00 | Delivery:  56.5% | Budget Used: 3720.00/4000.0
Ep    4 | Phase: PROTAGO | Ticks: 792 | Protag R: -14334.00 | Antag R: 13963.00 | Delivery:  41.1% | Budget Used: 3720.00/4000.0
Ep    5 | Phase: PROTAGO | Ticks: 798 | Protag R: -3808.00 | Antag R: 3473.00 | Delivery:  63.9% | Budget Used: 3360.00/4000.0
Ep    6 | Phase: PROTAGO | Ticks: 786 | Protag R: -4434.00 | Antag R: 4063.00 | Delivery:  64.9% | Budget Used: 3720.00/4000.0
Ep    7 | Phase: PROTAGO | Ticks: 798 | Protag R: -8139.00 | Antag R: 7768.00 | Delivery:  53.8% | Budget Used: 3720.00/4000.0
Ep    8 | Phase: PROTAGO | Ticks: 787 | Protag R: -7550.00 | Antag R: 7179.00 | Delivery:  59.1% | Budget Used: 3720.00/4000.0
Ep    9 | Phase: PROTAGO | Ticks: 775 | Protag R: -9336.00 | Antag R: 8965.00 | Delivery:  51.0% | Budget Used: 3720.00/4000.0
Ep   10 | Phase: PROTAGO | Ticks: 797 | Protag R: -11965.00 | Antag R: 11594.00 | Delivery:  48.1% | Budget Used: 3720.00/4000.0
Ep   11 | Phase: PROTAGO | Ticks: 798 | Protag R: -9636.00 | Antag R: 9264.00 | Delivery:  47.7% | Budget Used: 3720.00/4000.0
Ep   12 | Phase: PROTAGO | Ticks: 785 | Protag R: -12371.00 | Antag R: 12000.00 | Delivery:  39.0% | Budget Used: 3720.00/4000.0
Ep   13 | Phase: PROTAGO | Ticks: 779 | Protag R: -8767.00 | Antag R: 8419.00 | Delivery:  52.2% | Budget Used: 3480.00/4000.0
Ep   14 | Phase: PROTAGO | Ticks: 796 | Protag R: -6043.00 | Antag R: 5683.00 | Delivery:  57.1% | Budget Used: 3600.00/4000.0
Ep   15 | Phase: PROTAGO | Ticks: 780 | Protag R: -12271.00 | Antag R: 11900.00 | Delivery:  47.5% | Budget Used: 3720.00/4000.0
Ep   16 | Phase: PROTAGO | Ticks: 796 | Protag R: -11957.00 | Antag R: 11586.00 | Delivery:  45.3% | Budget Used: 3720.00/4000.0
Ep   17 | Phase: PROTAGO | Ticks: 798 | Protag R: -4628.00 | Antag R: 4257.00 | Delivery:  68.4% | Budget Used: 3720.00/4000.0
Ep   18 | Phase: PROTAGO | Ticks: 787 | Protag R: -7592.00 | Antag R: 7221.00 | Delivery:  49.0% | Budget Used: 3720.00/4000.0
Ep   19 | Phase: PROTAGO | Ticks: 791 | Protag R: -13433.00 | Antag R: 13061.00 | Delivery:  48.3% | Budget Used: 3720.00/4000.0
Ep   20 | Phase: PROTAGO | Ticks: 798 | Protag R: -12233.00 | Antag R: 11874.00 | Delivery:  48.1% | Budget Used: 3600.00/4000.0
Ep   21 | Phase: PROTAGO | Ticks: 792 | Protag R: -5440.00 | Antag R: 5081.00 | Delivery:  70.7% | Budget Used: 3600.00/4000.0
Ep   22 | Phase: PROTAGO | Ticks: 782 | Protag R: -3737.00 | Antag R: 3366.00 | Delivery:  58.5% | Budget Used: 3720.00/4000.0
Ep   23 | Phase: PROTAGO | Ticks: 795 | Protag R: -8415.00 | Antag R: 8043.00 | Delivery:  54.2% | Budget Used: 3720.00/4000.0
Ep   24 | Phase: PROTAGO | Ticks: 776 | Protag R: -4297.00 | Antag R: 3950.00 | Delivery:  70.3% | Budget Used: 3480.00/4000.0
Ep   25 | Phase: PROTAGO | Ticks: 791 | Protag R: -7117.00 | Antag R: 6746.00 | Delivery:  53.5% | Budget Used: 3720.00/4000.0
Ep   26 | Phase: PROTAGO | Ticks: 787 | Protag R: -6949.00 | Antag R: 6578.00 | Delivery:  71.1% | Budget Used: 3720.00/4000.0
Ep   27 | Phase: PROTAGO | Ticks: 780 | Protag R: -7675.00 | Antag R: 7316.00 | Delivery:  55.1% | Budget Used: 3600.00/4000.0
Ep   28 | Phase: PROTAGO | Ticks: 787 | Protag R: -10633.00 | Antag R: 10274.00 | Delivery:  58.7% | Budget Used: 3600.00/4000.0
Ep   29 | Phase: PROTAGO | Ticks: 780 | Protag R: -10431.00 | Antag R: 10060.00 | Delivery:  40.7% | Budget Used: 3720.00/4000.0
Ep   30 | Phase: PROTAGO | Ticks: 799 | Protag R: -7153.00 | Antag R: 6794.00 | Delivery:  47.7% | Budget Used: 3600.00/4000.0
Ep   31 | Phase: PROTAGO | Ticks: 785 | Protag R: -14982.00 | Antag R: 14611.00 | Delivery:  32.8% | Budget Used: 3720.00/4000.0
Ep   32 | Phase: PROTAGO | Ticks: 779 | Protag R: -9145.00 | Antag R: 8774.00 | Delivery:  54.2% | Budget Used: 3720.00/4000.0
Ep   33 | Phase: PROTAGO | Ticks: 775 | Protag R: -16574.00 | Antag R: 16216.00 | Delivery:  29.8% | Budget Used: 3600.00/4000.0
Ep   34 | Phase: PROTAGO | Ticks: 785 | Protag R: -6830.00 | Antag R: 6459.00 | Delivery:  64.3% | Budget Used: 3720.00/4000.0
Ep   35 | Phase: PROTAGO | Ticks: 788 | Protag R: -6849.00 | Antag R: 6477.00 | Delivery:  52.3% | Budget Used: 3720.00/4000.0
Ep   36 | Phase: PROTAGO | Ticks: 791 | Protag R: -5233.00 | Antag R: 4862.00 | Delivery:  63.4% | Budget Used: 3720.00/4000.0
Ep   37 | Phase: PROTAGO | Ticks: 799 | Protag R: -10475.00 | Antag R: 10104.00 | Delivery:  56.5% | Budget Used: 3720.00/4000.0
Ep   38 | Phase: PROTAGO | Ticks: 777 | Protag R: -8678.00 | Antag R: 8307.00 | Delivery:  53.7% | Budget Used: 3720.00/4000.0
Ep   39 | Phase: PROTAGO | Ticks: 797 | Protag R: -14378.00 | Antag R: 14019.00 | Delivery:  42.9% | Budget Used: 3600.00/4000.0
Ep   40 | Phase: PROTAGO | Ticks: 779 | Protag R: -3842.00 | Antag R: 3471.00 | Delivery:  60.5% | Budget Used: 3720.00/4000.0
Ep   41 | Phase: PROTAGO | Ticks: 790 | Protag R: -12570.00 | Antag R: 12199.00 | Delivery:  53.6% | Budget Used: 3720.00/4000.0
Ep   42 | Phase: PROTAGO | Ticks: 785 | Protag R: -11078.00 | Antag R: 10719.00 | Delivery:  56.6% | Budget Used: 3600.00/4000.0
Ep   43 | Phase: PROTAGO | Ticks: 791 | Protag R: -9936.00 | Antag R: 9565.00 | Delivery:  50.9% | Budget Used: 3720.00/4000.0
Ep   44 | Phase: PROTAGO | Ticks: 785 | Protag R: -8720.00 | Antag R: 8349.00 | Delivery:  60.0% | Budget Used: 3720.00/4000.0
Ep   45 | Phase: PROTAGO | Ticks: 783 | Protag R: -7988.00 | Antag R: 7617.00 | Delivery:  55.1% | Budget Used: 3720.00/4000.0
Ep   46 | Phase: PROTAGO | Ticks: 789 | Protag R: -6481.00 | Antag R: 6122.00 | Delivery:  52.5% | Budget Used: 3600.00/4000.0
Ep   47 | Phase: PROTAGO | Ticks: 785 | Protag R: -9110.00 | Antag R: 8738.00 | Delivery:  59.6% | Budget Used: 3720.00/4000.0
Ep   48 | Phase: PROTAGO | Ticks: 782 | Protag R: -8679.00 | Antag R: 8308.00 | Delivery:  52.1% | Budget Used: 3720.00/4000.0
Ep   49 | Phase: PROTAGO | Ticks: 795 | Protag R: -7574.00 | Antag R: 7203.00 | Delivery:  65.3% | Budget Used: 3720.00/4000.0
Ep   50 | Phase: PROTAGO | Ticks: 787 | Protag R: -5437.00 | Antag R: 5065.00 | Delivery:  58.5% | Budget Used: 3720.00/4000.0
  [EVAL ep 50] greedy_atk=9609 learned_atk=9547 gap=-62 +/-532 (neg = learned beats greedy under attack)
Saving checkpoints for both agents before phase switch...

--- Episode 51: Switching training phase to ANTAGONIST ---
Ep   51 | Phase: ANTAGON | Ticks: 797 | Protag R: -7139.00 | Antag R: 6768.00 | Delivery:  55.1% | Budget Used: 3720.00/4000.0
Ep   52 | Phase: ANTAGON | Ticks: 786 | Protag R: -8357.00 | Antag R: 7986.00 | Delivery:  57.1% | Budget Used: 3720.00/4000.0
Ep   53 | Phase: ANTAGON | Ticks: 775 | Protag R: -11529.00 | Antag R: 11158.00 | Delivery:  43.8% | Budget Used: 3720.00/4000.0
Ep   54 | Phase: ANTAGON | Ticks: 796 | Protag R: -9362.00 | Antag R: 9003.00 | Delivery:  39.6% | Budget Used: 3600.00/4000.0
Ep   55 | Phase: ANTAGON | Ticks: 779 | Protag R: -5376.00 | Antag R: 5005.00 | Delivery:  63.2% | Budget Used: 3720.00/4000.0
Ep   56 | Phase: ANTAGON | Ticks: 791 | Protag R: -6797.00 | Antag R: 6426.00 | Delivery:  56.0% | Budget Used: 3720.00/4000.0
Ep   57 | Phase: ANTAGON | Ticks: 775 | Protag R: -10224.00 | Antag R: 9853.00 | Delivery:  53.3% | Budget Used: 3720.00/4000.0
Ep   58 | Phase: ANTAGON | Ticks: 793 | Protag R: -6817.00 | Antag R: 6445.00 | Delivery:  59.1% | Budget Used: 3720.00/4000.0
Ep   59 | Phase: ANTAGON | Ticks: 793 | Protag R: -9500.00 | Antag R: 9141.00 | Delivery:  52.4% | Budget Used: 3600.00/4000.0
Ep   60 | Phase: ANTAGON | Ticks: 795 | Protag R: -4100.00 | Antag R: 3729.00 | Delivery:  76.2% | Budget Used: 3720.00/4000.0
Ep   61 | Phase: ANTAGON | Ticks: 799 | Protag R: -15716.00 | Antag R: 15345.00 | Delivery:  37.9% | Budget Used: 3720.00/4000.0
Ep   62 | Phase: ANTAGON | Ticks: 799 | Protag R: -5706.00 | Antag R: 5335.00 | Delivery:  64.3% | Budget Used: 3720.00/4000.0
Ep   63 | Phase: ANTAGON | Ticks: 779 | Protag R: -13845.00 | Antag R: 13474.00 | Delivery:  50.9% | Budget Used: 3720.00/4000.0
Ep   64 | Phase: ANTAGON | Ticks: 791 | Protag R: -8959.00 | Antag R: 8588.00 | Delivery:  50.0% | Budget Used: 3720.00/4000.0
Ep   65 | Phase: ANTAGON | Ticks: 797 | Protag R: -10029.00 | Antag R: 9657.00 | Delivery:  50.0% | Budget Used: 3720.00/4000.0
Ep   66 | Phase: ANTAGON | Ticks: 789 | Protag R: -9486.00 | Antag R: 9115.00 | Delivery:  47.1% | Budget Used: 3720.00/4000.0
Ep   67 | Phase: ANTAGON | Ticks: 784 | Protag R: -6824.00 | Antag R: 6453.00 | Delivery:  71.4% | Budget Used: 3720.00/4000.0
Ep   68 | Phase: ANTAGON | Ticks: 799 | Protag R: -12883.00 | Antag R: 12511.00 | Delivery:  42.6% | Budget Used: 3720.00/4000.0
Ep   69 | Phase: ANTAGON | Ticks: 796 | Protag R: -10800.00 | Antag R: 10429.00 | Delivery:  53.1% | Budget Used: 3720.00/4000.0
Ep   70 | Phase: ANTAGON | Ticks: 797 | Protag R: -7381.00 | Antag R: 7010.00 | Delivery:  64.1% | Budget Used: 3720.00/4000.0
Ep   71 | Phase: ANTAGON | Ticks: 779 | Protag R: -2592.00 | Antag R: 2221.00 | Delivery:  80.6% | Budget Used: 3720.00/4000.0
Ep   72 | Phase: ANTAGON | Ticks: 790 | Protag R: -7356.00 | Antag R: 6985.00 | Delivery:  53.1% | Budget Used: 3720.00/4000.0
Ep   73 | Phase: ANTAGON | Ticks: 792 | Protag R: -5854.00 | Antag R: 5482.00 | Delivery:  57.5% | Budget Used: 3720.00/4000.0
Ep   74 | Phase: ANTAGON | Ticks: 790 | Protag R: -5993.00 | Antag R: 5622.00 | Delivery:  62.8% | Budget Used: 3720.00/4000.0
Ep   75 | Phase: ANTAGON | Ticks: 797 | Protag R: -8903.00 | Antag R: 8532.00 | Delivery:  67.4% | Budget Used: 3720.00/4000.0
Ep   76 | Phase: ANTAGON | Ticks: 790 | Protag R: -7039.00 | Antag R: 6668.00 | Delivery:  61.4% | Budget Used: 3720.00/4000.0
Ep   77 | Phase: ANTAGON | Ticks: 794 | Protag R: -8671.00 | Antag R: 8301.00 | Delivery:  57.1% | Budget Used: 3720.00/4000.0
Ep   78 | Phase: ANTAGON | Ticks: 792 | Protag R: -9732.00 | Antag R: 9361.00 | Delivery:  53.8% | Budget Used: 3720.00/4000.0
Ep   79 | Phase: ANTAGON | Ticks: 794 | Protag R: -3065.00 | Antag R: 2694.00 | Delivery:  75.7% | Budget Used: 3720.00/4000.0
Ep   80 | Phase: ANTAGON | Ticks: 793 | Protag R: -10872.00 | Antag R: 10501.00 | Delivery:  56.0% | Budget Used: 3720.00/4000.0
Ep   81 | Phase: ANTAGON | Ticks: 782 | Protag R: -8990.00 | Antag R: 8619.00 | Delivery:  54.0% | Budget Used: 3720.00/4000.0
Ep   82 | Phase: ANTAGON | Ticks: 797 | Protag R: -11431.00 | Antag R: 11060.00 | Delivery:  47.5% | Budget Used: 3720.00/4000.0
Ep   83 | Phase: ANTAGON | Ticks: 793 | Protag R: -8583.00 | Antag R: 8212.00 | Delivery:  61.7% | Budget Used: 3720.00/4000.0
Ep   84 | Phase: ANTAGON | Ticks: 775 | Protag R: -11570.00 | Antag R: 11199.00 | Delivery:  49.1% | Budget Used: 3720.00/4000.0
Ep   85 | Phase: ANTAGON | Ticks: 798 | Protag R: -10782.00 | Antag R: 10411.00 | Delivery:  44.4% | Budget Used: 3720.00/4000.0
Ep   86 | Phase: ANTAGON | Ticks: 790 | Protag R: -13040.00 | Antag R: 12669.00 | Delivery:  47.3% | Budget Used: 3720.00/4000.0
Ep   87 | Phase: ANTAGON | Ticks: 797 | Protag R: -7664.00 | Antag R: 7293.00 | Delivery:  58.8% | Budget Used: 3720.00/4000.0
Ep   88 | Phase: ANTAGON | Ticks: 799 | Protag R: -9115.00 | Antag R: 8744.00 | Delivery:  57.7% | Budget Used: 3720.00/4000.0
Ep   89 | Phase: ANTAGON | Ticks: 788 | Protag R: -10540.00 | Antag R: 10169.00 | Delivery:  50.0% | Budget Used: 3720.00/4000.0
Ep   90 | Phase: ANTAGON | Ticks: 789 | Protag R: -10257.00 | Antag R: 9886.00 | Delivery:  56.9% | Budget Used: 3720.00/4000.0
Ep   91 | Phase: ANTAGON | Ticks: 793 | Protag R: -10191.00 | Antag R: 9820.00 | Delivery:  47.1% | Budget Used: 3720.00/4000.0
Ep   92 | Phase: ANTAGON | Ticks: 777 | Protag R: -6402.00 | Antag R: 6031.00 | Delivery:  70.7% | Budget Used: 3720.00/4000.0
Ep   93 | Phase: ANTAGON | Ticks: 795 | Protag R: -7417.00 | Antag R: 7046.00 | Delivery:  56.0% | Budget Used: 3720.00/4000.0
Ep   94 | Phase: ANTAGON | Ticks: 798 | Protag R: -9603.00 | Antag R: 9232.00 | Delivery:  57.7% | Budget Used: 3720.00/4000.0
Ep   95 | Phase: ANTAGON | Ticks: 786 | Protag R: -6652.00 | Antag R: 6281.00 | Delivery:  65.2% | Budget Used: 3720.00/4000.0
Ep   96 | Phase: ANTAGON | Ticks: 797 | Protag R: -8378.00 | Antag R: 8007.00 | Delivery:  59.1% | Budget Used: 3720.00/4000.0
Ep   97 | Phase: ANTAGON | Ticks: 793 | Protag R: -10330.00 | Antag R: 9959.00 | Delivery:  57.1% | Budget Used: 3720.00/4000.0
Ep   98 | Phase: ANTAGON | Ticks: 778 | Protag R: -11057.00 | Antag R: 10686.00 | Delivery:  56.2% | Budget Used: 3720.00/4000.0
Ep   99 | Phase: ANTAGON | Ticks: 798 | Protag R: -15333.00 | Antag R: 14962.00 | Delivery:  35.7% | Budget Used: 3720.00/4000.0
Ep  100 | Phase: ANTAGON | Ticks: 789 | Protag R: -12828.00 | Antag R: 12457.00 | Delivery:  53.6% | Budget Used: 3720.00/4000.0
  [EVAL ep 100] greedy_atk=8921 learned_atk=9089 gap=+168 +/-474 (neg = learned beats greedy under attack)
Saving checkpoints for both agents before phase switch...

--- Episode 101: Switching training phase to PROTAGONIST ---
Ep  101 | Phase: PROTAGO | Ticks: 798 | Protag R: -6996.00 | Antag R: 6625.00 | Delivery:  64.4% | Budget Used: 3720.00/4000.0
Ep  102 | Phase: PROTAGO | Ticks: 797 | Protag R: -10488.00 | Antag R: 10116.00 | Delivery:  46.9% | Budget Used: 3720.00/4000.0
Ep  103 | Phase: PROTAGO | Ticks: 799 | Protag R: -4741.00 | Antag R: 4370.00 | Delivery:  75.0% | Budget Used: 3720.00/4000.0
Ep  104 | Phase: PROTAGO | Ticks: 799 | Protag R: -7258.00 | Antag R: 6899.00 | Delivery:  55.3% | Budget Used: 3600.00/4000.0
Ep  105 | Phase: PROTAGO | Ticks: 775 | Protag R: -11428.00 | Antag R: 11057.00 | Delivery:  51.8% | Budget Used: 3720.00/4000.0
Ep  106 | Phase: PROTAGO | Ticks: 781 | Protag R: -17429.00 | Antag R: 17059.00 | Delivery:  43.9% | Budget Used: 3720.00/4000.0
Ep  107 | Phase: PROTAGO | Ticks: 793 | Protag R: -9772.00 | Antag R: 9401.00 | Delivery:  43.3% | Budget Used: 3720.00/4000.0
Ep  108 | Phase: PROTAGO | Ticks: 787 | Protag R: -3803.00 | Antag R: 3433.00 | Delivery:  73.0% | Budget Used: 3720.00/4000.0
Ep  109 | Phase: PROTAGO | Ticks: 791 | Protag R: -9046.00 | Antag R: 8675.00 | Delivery:  54.9% | Budget Used: 3720.00/4000.0
Ep  110 | Phase: PROTAGO | Ticks: 791 | Protag R: -5727.00 | Antag R: 5356.00 | Delivery:  56.2% | Budget Used: 3720.00/4000.0
Ep  111 | Phase: PROTAGO | Ticks: 793 | Protag R: -8565.00 | Antag R: 8194.00 | Delivery:  59.6% | Budget Used: 3720.00/4000.0
Ep  112 | Phase: PROTAGO | Ticks: 798 | Protag R: -7036.00 | Antag R: 6665.00 | Delivery:  60.0% | Budget Used: 3720.00/4000.0
Ep  113 | Phase: PROTAGO | Ticks: 788 | Protag R: -8952.00 | Antag R: 8580.00 | Delivery:  51.1% | Budget Used: 3720.00/4000.0
Ep  114 | Phase: PROTAGO | Ticks: 784 | Protag R: -11712.00 | Antag R: 11341.00 | Delivery:  53.8% | Budget Used: 3720.00/4000.0
Ep  115 | Phase: PROTAGO | Ticks: 796 | Protag R: -6673.00 | Antag R: 6302.00 | Delivery:  62.5% | Budget Used: 3720.00/4000.0
Ep  116 | Phase: PROTAGO | Ticks: 791 | Protag R: -11888.00 | Antag R: 11517.00 | Delivery:  37.3% | Budget Used: 3720.00/4000.0
Ep  117 | Phase: PROTAGO | Ticks: 793 | Protag R: -12080.00 | Antag R: 11708.00 | Delivery:  46.0% | Budget Used: 3720.00/4000.0
Ep  118 | Phase: PROTAGO | Ticks: 793 | Protag R: -5310.00 | Antag R: 4939.00 | Delivery:  61.9% | Budget Used: 3720.00/4000.0
Ep  119 | Phase: PROTAGO | Ticks: 796 | Protag R: -8598.00 | Antag R: 8227.00 | Delivery:  60.4% | Budget Used: 3720.00/4000.0
Ep  120 | Phase: PROTAGO | Ticks: 799 | Protag R: -8108.00 | Antag R: 7737.00 | Delivery:  70.5% | Budget Used: 3720.00/4000.0
Ep  121 | Phase: PROTAGO | Ticks: 786 | Protag R: -9792.00 | Antag R: 9421.00 | Delivery:  48.1% | Budget Used: 3720.00/4000.0
Ep  122 | Phase: PROTAGO | Ticks: 795 | Protag R: -11457.00 | Antag R: 11086.00 | Delivery:  50.0% | Budget Used: 3720.00/4000.0
Ep  123 | Phase: PROTAGO | Ticks: 789 | Protag R: -8643.00 | Antag R: 8272.00 | Delivery:  50.0% | Budget Used: 3720.00/4000.0
Ep  124 | Phase: PROTAGO | Ticks: 798 | Protag R: -5332.00 | Antag R: 4960.00 | Delivery:  62.5% | Budget Used: 3720.00/4000.0
Ep  125 | Phase: PROTAGO | Ticks: 792 | Protag R: -4508.00 | Antag R: 4136.00 | Delivery:  66.7% | Budget Used: 3720.00/4000.0
Ep  126 | Phase: PROTAGO | Ticks: 791 | Protag R: -11270.00 | Antag R: 10899.00 | Delivery:  47.2% | Budget Used: 3720.00/4000.0
Ep  127 | Phase: PROTAGO | Ticks: 791 | Protag R: -8620.00 | Antag R: 8249.00 | Delivery:  62.2% | Budget Used: 3720.00/4000.0
Ep  128 | Phase: PROTAGO | Ticks: 778 | Protag R: -11173.00 | Antag R: 10802.00 | Delivery:  50.9% | Budget Used: 3720.00/4000.0
Ep  129 | Phase: PROTAGO | Ticks: 781 | Protag R: -7113.00 | Antag R: 6742.00 | Delivery:  67.5% | Budget Used: 3720.00/4000.0
Ep  130 | Phase: PROTAGO | Ticks: 797 | Protag R: -13849.00 | Antag R: 13478.00 | Delivery:  43.1% | Budget Used: 3720.00/4000.0
Ep  131 | Phase: PROTAGO | Ticks: 791 | Protag R: -15398.00 | Antag R: 15027.00 | Delivery:  43.3% | Budget Used: 3720.00/4000.0
Ep  132 | Phase: PROTAGO | Ticks: 798 | Protag R: -4568.00 | Antag R: 4196.00 | Delivery:  58.5% | Budget Used: 3720.00/4000.0
Ep  133 | Phase: PROTAGO | Ticks: 791 | Protag R: -14593.00 | Antag R: 14222.00 | Delivery:  40.0% | Budget Used: 3720.00/4000.0
Ep  134 | Phase: PROTAGO | Ticks: 797 | Protag R: -4356.00 | Antag R: 3985.00 | Delivery:  63.0% | Budget Used: 3720.00/4000.0
Ep  135 | Phase: PROTAGO | Ticks: 799 | Protag R: -6754.00 | Antag R: 6382.00 | Delivery:  59.2% | Budget Used: 3720.00/4000.0
Ep  136 | Phase: PROTAGO | Ticks: 787 | Protag R: -9848.00 | Antag R: 9477.00 | Delivery:  41.1% | Budget Used: 3720.00/4000.0
Ep  137 | Phase: PROTAGO | Ticks: 793 | Protag R: -12897.00 | Antag R: 12525.00 | Delivery:  46.3% | Budget Used: 3720.00/4000.0
Ep  138 | Phase: PROTAGO | Ticks: 784 | Protag R: -10790.00 | Antag R: 10419.00 | Delivery:  43.1% | Budget Used: 3720.00/4000.0
Ep  139 | Phase: PROTAGO | Ticks: 799 | Protag R: -16510.00 | Antag R: 16139.00 | Delivery:  43.1% | Budget Used: 3720.00/4000.0
Ep  140 | Phase: PROTAGO | Ticks: 790 | Protag R: -6795.00 | Antag R: 6423.00 | Delivery:  55.1% | Budget Used: 3720.00/4000.0
Ep  141 | Phase: PROTAGO | Ticks: 781 | Protag R: -10058.00 | Antag R: 9688.00 | Delivery:  58.3% | Budget Used: 3720.00/4000.0
Ep  142 | Phase: PROTAGO | Ticks: 798 | Protag R: -9466.00 | Antag R: 9095.00 | Delivery:  52.9% | Budget Used: 3720.00/4000.0
Ep  143 | Phase: PROTAGO | Ticks: 798 | Protag R: -7359.00 | Antag R: 6988.00 | Delivery:  63.3% | Budget Used: 3720.00/4000.0
Ep  144 | Phase: PROTAGO | Ticks: 787 | Protag R: -6349.00 | Antag R: 5978.00 | Delivery:  53.7% | Budget Used: 3720.00/4000.0
Ep  145 | Phase: PROTAGO | Ticks: 794 | Protag R: -5817.00 | Antag R: 5446.00 | Delivery:  69.2% | Budget Used: 3720.00/4000.0
Ep  146 | Phase: PROTAGO | Ticks: 795 | Protag R: -6757.00 | Antag R: 6386.00 | Delivery:  53.3% | Budget Used: 3720.00/4000.0
Ep  147 | Phase: PROTAGO | Ticks: 794 | Protag R: -4798.00 | Antag R: 4427.00 | Delivery:  75.0% | Budget Used: 3720.00/4000.0
Ep  148 | Phase: PROTAGO | Ticks: 796 | Protag R: -9948.00 | Antag R: 9577.00 | Delivery:  52.8% | Budget Used: 3720.00/4000.0
Ep  149 | Phase: PROTAGO | Ticks: 799 | Protag R: -7627.00 | Antag R: 7256.00 | Delivery:  66.0% | Budget Used: 3720.00/4000.0
Ep  150 | Phase: PROTAGO | Ticks: 786 | Protag R: -3663.00 | Antag R: 3291.00 | Delivery:  65.9% | Budget Used: 3720.00/4000.0
  [EVAL ep 150] greedy_atk=8921 learned_atk=8727 gap=-194 +/-660 (neg = learned beats greedy under attack)
Saving checkpoints for both agents before phase switch...

--- Episode 151: Switching training phase to ANTAGONIST ---
Ep  151 | Phase: ANTAGON | Ticks: 785 | Protag R: -10832.00 | Antag R: 10461.00 | Delivery:  48.0% | Budget Used: 3720.00/4000.0
Ep  152 | Phase: ANTAGON | Ticks: 783 | Protag R: -5749.00 | Antag R: 5377.00 | Delivery:  60.0% | Budget Used: 3720.00/4000.0
Ep  153 | Phase: ANTAGON | Ticks: 788 | Protag R: -3900.00 | Antag R: 3528.00 | Delivery:  72.2% | Budget Used: 3720.00/4000.0
Ep  154 | Phase: ANTAGON | Ticks: 790 | Protag R: -7476.00 | Antag R: 7105.00 | Delivery:  54.9% | Budget Used: 3720.00/4000.0
Ep  155 | Phase: ANTAGON | Ticks: 793 | Protag R: -2916.00 | Antag R: 2545.00 | Delivery:  71.1% | Budget Used: 3720.00/4000.0
Ep  156 | Phase: ANTAGON | Ticks: 792 | Protag R: -8080.00 | Antag R: 7709.00 | Delivery:  55.8% | Budget Used: 3720.00/4000.0
Ep  157 | Phase: ANTAGON | Ticks: 785 | Protag R: -4434.00 | Antag R: 4062.00 | Delivery:  60.0% | Budget Used: 3720.00/4000.0
Ep  158 | Phase: ANTAGON | Ticks: 793 | Protag R: -12188.00 | Antag R: 11817.00 | Delivery:  43.9% | Budget Used: 3720.00/4000.0
Ep  159 | Phase: ANTAGON | Ticks: 797 | Protag R: -13874.00 | Antag R: 13503.00 | Delivery:  43.6% | Budget Used: 3720.00/4000.0
Ep  160 | Phase: ANTAGON | Ticks: 799 | Protag R: -13162.00 | Antag R: 12790.00 | Delivery:  52.9% | Budget Used: 3720.00/4000.0
Ep  161 | Phase: ANTAGON | Ticks: 789 | Protag R: -5332.00 | Antag R: 4961.00 | Delivery:  58.3% | Budget Used: 3720.00/4000.0
Ep  162 | Phase: ANTAGON | Ticks: 784 | Protag R: -8088.00 | Antag R: 7717.00 | Delivery:  56.0% | Budget Used: 3720.00/4000.0
Ep  163 | Phase: ANTAGON | Ticks: 780 | Protag R: -15705.00 | Antag R: 15334.00 | Delivery:  35.6% | Budget Used: 3720.00/4000.0
Ep  164 | Phase: ANTAGON | Ticks: 790 | Protag R: -5604.00 | Antag R: 5233.00 | Delivery:  61.9% | Budget Used: 3720.00/4000.0
Ep  165 | Phase: ANTAGON | Ticks: 785 | Protag R: -10662.00 | Antag R: 10291.00 | Delivery:  46.6% | Budget Used: 3720.00/4000.0
Ep  166 | Phase: ANTAGON | Ticks: 794 | Protag R: -7210.00 | Antag R: 6839.00 | Delivery:  44.2% | Budget Used: 3720.00/4000.0
Ep  167 | Phase: ANTAGON | Ticks: 795 | Protag R: -9091.00 | Antag R: 8720.00 | Delivery:  65.0% | Budget Used: 3720.00/4000.0
Ep  168 | Phase: ANTAGON | Ticks: 776 | Protag R: -10447.00 | Antag R: 10076.00 | Delivery:  40.0% | Budget Used: 3720.00/4000.0
Ep  169 | Phase: ANTAGON | Ticks: 783 | Protag R: -5346.00 | Antag R: 4975.00 | Delivery:  73.5% | Budget Used: 3720.00/4000.0
Ep  170 | Phase: ANTAGON | Ticks: 786 | Protag R: -7694.00 | Antag R: 7322.00 | Delivery:  53.3% | Budget Used: 3720.00/4000.0
Ep  171 | Phase: ANTAGON | Ticks: 791 | Protag R: -9400.00 | Antag R: 9029.00 | Delivery:  52.0% | Budget Used: 3720.00/4000.0
Ep  172 | Phase: ANTAGON | Ticks: 796 | Protag R: -8749.00 | Antag R: 8378.00 | Delivery:  46.5% | Budget Used: 3720.00/4000.0
Ep  173 | Phase: ANTAGON | Ticks: 782 | Protag R: -4416.00 | Antag R: 4045.00 | Delivery:  76.3% | Budget Used: 3720.00/4000.0
Ep  174 | Phase: ANTAGON | Ticks: 799 | Protag R: -11894.00 | Antag R: 11524.00 | Delivery:  55.4% | Budget Used: 3720.00/4000.0
Ep  175 | Phase: ANTAGON | Ticks: 788 | Protag R: -7676.00 | Antag R: 7305.00 | Delivery:  63.6% | Budget Used: 3720.00/4000.0
Ep  176 | Phase: ANTAGON | Ticks: 789 | Protag R: -11089.00 | Antag R: 10718.00 | Delivery:  41.8% | Budget Used: 3720.00/4000.0
Ep  177 | Phase: ANTAGON | Ticks: 780 | Protag R: -5088.00 | Antag R: 4716.00 | Delivery:  76.5% | Budget Used: 3720.00/4000.0
Ep  178 | Phase: ANTAGON | Ticks: 797 | Protag R: -9194.00 | Antag R: 8823.00 | Delivery:  51.9% | Budget Used: 3720.00/4000.0
Ep  179 | Phase: ANTAGON | Ticks: 792 | Protag R: -9615.00 | Antag R: 9244.00 | Delivery:  50.0% | Budget Used: 3720.00/4000.0
Ep  180 | Phase: ANTAGON | Ticks: 775 | Protag R: -11641.00 | Antag R: 11270.00 | Delivery:  47.2% | Budget Used: 3720.00/4000.0
Ep  181 | Phase: ANTAGON | Ticks: 779 | Protag R: -5208.00 | Antag R: 4836.00 | Delivery:  69.7% | Budget Used: 3720.00/4000.0
Ep  182 | Phase: ANTAGON | Ticks: 785 | Protag R: -9549.00 | Antag R: 9177.00 | Delivery:  52.3% | Budget Used: 3720.00/4000.0
Ep  183 | Phase: ANTAGON | Ticks: 791 | Protag R: -5898.00 | Antag R: 5527.00 | Delivery:  63.4% | Budget Used: 3720.00/4000.0
Ep  184 | Phase: ANTAGON | Ticks: 783 | Protag R: -10407.00 | Antag R: 10037.00 | Delivery:  56.0% | Budget Used: 3720.00/4000.0
Ep  185 | Phase: ANTAGON | Ticks: 796 | Protag R: -9781.00 | Antag R: 9409.00 | Delivery:  51.9% | Budget Used: 3720.00/4000.0
Ep  186 | Phase: ANTAGON | Ticks: 797 | Protag R: -10589.00 | Antag R: 10218.00 | Delivery:  54.7% | Budget Used: 3720.00/4000.0
Ep  187 | Phase: ANTAGON | Ticks: 798 | Protag R: -10083.00 | Antag R: 9712.00 | Delivery:  54.8% | Budget Used: 3720.00/4000.0
Ep  188 | Phase: ANTAGON | Ticks: 790 | Protag R: -7502.00 | Antag R: 7131.00 | Delivery:  61.7% | Budget Used: 3720.00/4000.0
Ep  189 | Phase: ANTAGON | Ticks: 793 | Protag R: -10532.00 | Antag R: 10160.00 | Delivery:  55.8% | Budget Used: 3720.00/4000.0
Ep  190 | Phase: ANTAGON | Ticks: 795 | Protag R: -5839.00 | Antag R: 5468.00 | Delivery:  64.3% | Budget Used: 3720.00/4000.0
Ep  191 | Phase: ANTAGON | Ticks: 789 | Protag R: -5239.00 | Antag R: 4868.00 | Delivery:  63.4% | Budget Used: 3720.00/4000.0
Ep  192 | Phase: ANTAGON | Ticks: 779 | Protag R: -6384.00 | Antag R: 6013.00 | Delivery:  67.4% | Budget Used: 3720.00/4000.0
Ep  193 | Phase: ANTAGON | Ticks: 795 | Protag R: -6049.00 | Antag R: 5678.00 | Delivery:  62.9% | Budget Used: 3720.00/4000.0
Ep  194 | Phase: ANTAGON | Ticks: 790 | Protag R: -12383.00 | Antag R: 12012.00 | Delivery:  47.3% | Budget Used: 3720.00/4000.0
Ep  195 | Phase: ANTAGON | Ticks: 798 | Protag R: -8122.00 | Antag R: 7750.00 | Delivery:  59.6% | Budget Used: 3720.00/4000.0
Ep  196 | Phase: ANTAGON | Ticks: 797 | Protag R: -4185.00 | Antag R: 3814.00 | Delivery:  81.1% | Budget Used: 3720.00/4000.0
Ep  197 | Phase: ANTAGON | Ticks: 794 | Protag R: -6286.00 | Antag R: 5915.00 | Delivery:  63.6% | Budget Used: 3720.00/4000.0
Ep  198 | Phase: ANTAGON | Ticks: 789 | Protag R: -7945.00 | Antag R: 7574.00 | Delivery:  63.0% | Budget Used: 3720.00/4000.0
Ep  199 | Phase: ANTAGON | Ticks: 791 | Protag R: -7272.00 | Antag R: 6900.00 | Delivery:  63.4% | Budget Used: 3720.00/4000.0
Ep  200 | Phase: ANTAGON | Ticks: 799 | Protag R: -11521.00 | Antag R: 11150.00 | Delivery:  59.1% | Budget Used: 3720.00/4000.0
  [EVAL ep 200] greedy_atk=7789 learned_atk=8365 gap=+576 +/-529 (neg = learned beats greedy under attack)
Saving checkpoints for both agents before phase switch...

--- Episode 201: Switching training phase to PROTAGONIST ---
Ep  201 | Phase: PROTAGO | Ticks: 783 | Protag R: -9760.00 | Antag R: 9388.00 | Delivery:  54.2% | Budget Used: 3720.00/4000.0
Ep  202 | Phase: PROTAGO | Ticks: 791 | Protag R: -6080.00 | Antag R: 5709.00 | Delivery:  73.2% | Budget Used: 3720.00/4000.0
Ep  203 | Phase: PROTAGO | Ticks: 792 | Protag R: -5407.00 | Antag R: 5048.00 | Delivery:  61.1% | Budget Used: 3600.00/4000.0
Ep  204 | Phase: PROTAGO | Ticks: 794 | Protag R: -13441.00 | Antag R: 13069.00 | Delivery:  42.4% | Budget Used: 3720.00/4000.0
Ep  205 | Phase: PROTAGO | Ticks: 775 | Protag R: -10281.00 | Antag R: 9909.00 | Delivery:  45.3% | Budget Used: 3720.00/4000.0
Ep  206 | Phase: PROTAGO | Ticks: 793 | Protag R: -10086.00 | Antag R: 9714.00 | Delivery:  43.1% | Budget Used: 3720.00/4000.0
Ep  207 | Phase: PROTAGO | Ticks: 787 | Protag R: -12670.00 | Antag R: 12299.00 | Delivery:  50.9% | Budget Used: 3720.00/4000.0
Ep  208 | Phase: PROTAGO | Ticks: 782 | Protag R: -12221.00 | Antag R: 11850.00 | Delivery:  50.9% | Budget Used: 3720.00/4000.0
Ep  209 | Phase: PROTAGO | Ticks: 781 | Protag R: -10365.00 | Antag R: 9994.00 | Delivery:  52.2% | Budget Used: 3720.00/4000.0
Ep  210 | Phase: PROTAGO | Ticks: 797 | Protag R: -11290.00 | Antag R: 10919.00 | Delivery:  48.1% | Budget Used: 3720.00/4000.0
Ep  211 | Phase: PROTAGO | Ticks: 790 | Protag R: -5863.00 | Antag R: 5492.00 | Delivery:  63.3% | Budget Used: 3720.00/4000.0
Ep  212 | Phase: PROTAGO | Ticks: 788 | Protag R: -7211.00 | Antag R: 6840.00 | Delivery:  54.2% | Budget Used: 3720.00/4000.0
Ep  213 | Phase: PROTAGO | Ticks: 793 | Protag R: -6120.00 | Antag R: 5749.00 | Delivery:  69.8% | Budget Used: 3720.00/4000.0
Ep  214 | Phase: PROTAGO | Ticks: 794 | Protag R: -7056.00 | Antag R: 6685.00 | Delivery:  56.5% | Budget Used: 3720.00/4000.0
Ep  215 | Phase: PROTAGO | Ticks: 792 | Protag R: -5079.00 | Antag R: 4707.00 | Delivery:  60.5% | Budget Used: 3720.00/4000.0
Ep  216 | Phase: PROTAGO | Ticks: 794 | Protag R: -10627.00 | Antag R: 10256.00 | Delivery:  51.9% | Budget Used: 3720.00/4000.0
Ep  217 | Phase: PROTAGO | Ticks: 793 | Protag R: -3447.00 | Antag R: 3076.00 | Delivery:  63.2% | Budget Used: 3720.00/4000.0
Ep  218 | Phase: PROTAGO | Ticks: 781 | Protag R: -13383.00 | Antag R: 13012.00 | Delivery:  53.7% | Budget Used: 3720.00/4000.0
Ep  219 | Phase: PROTAGO | Ticks: 797 | Protag R: -8941.00 | Antag R: 8570.00 | Delivery:  53.8% | Budget Used: 3720.00/4000.0
Ep  220 | Phase: PROTAGO | Ticks: 791 | Protag R: -8405.00 | Antag R: 8035.00 | Delivery:  63.6% | Budget Used: 3720.00/4000.0
Ep  221 | Phase: PROTAGO | Ticks: 787 | Protag R: -9783.00 | Antag R: 9412.00 | Delivery:  54.3% | Budget Used: 3720.00/4000.0
Ep  222 | Phase: PROTAGO | Ticks: 791 | Protag R: -6774.00 | Antag R: 6403.00 | Delivery:  62.2% | Budget Used: 3720.00/4000.0
Ep  223 | Phase: PROTAGO | Ticks: 794 | Protag R: -15625.00 | Antag R: 15266.00 | Delivery:  41.1% | Budget Used: 3600.00/4000.0
Ep  224 | Phase: PROTAGO | Ticks: 789 | Protag R: -8818.00 | Antag R: 8447.00 | Delivery:  52.3% | Budget Used: 3720.00/4000.0
Ep  225 | Phase: PROTAGO | Ticks: 781 | Protag R: -7641.00 | Antag R: 7270.00 | Delivery:  55.8% | Budget Used: 3720.00/4000.0
Ep  226 | Phase: PROTAGO | Ticks: 791 | Protag R: -13174.00 | Antag R: 12804.00 | Delivery:  48.0% | Budget Used: 3720.00/4000.0
Ep  227 | Phase: PROTAGO | Ticks: 787 | Protag R: -7047.00 | Antag R: 6676.00 | Delivery:  59.2% | Budget Used: 3720.00/4000.0
Ep  228 | Phase: PROTAGO | Ticks: 795 | Protag R: -6216.00 | Antag R: 5844.00 | Delivery:  60.4% | Budget Used: 3720.00/4000.0
Ep  229 | Phase: PROTAGO | Ticks: 793 | Protag R: -5395.00 | Antag R: 5023.00 | Delivery:  68.3% | Budget Used: 3720.00/4000.0
Ep  230 | Phase: PROTAGO | Ticks: 791 | Protag R: -5341.00 | Antag R: 4969.00 | Delivery:  59.0% | Budget Used: 3720.00/4000.0
Ep  231 | Phase: PROTAGO | Ticks: 799 | Protag R: -13969.00 | Antag R: 13598.00 | Delivery:  46.3% | Budget Used: 3720.00/4000.0
Ep  232 | Phase: PROTAGO | Ticks: 797 | Protag R: -16407.00 | Antag R: 16036.00 | Delivery:  48.1% | Budget Used: 3720.00/4000.0
Ep  233 | Phase: PROTAGO | Ticks: 792 | Protag R: -7335.00 | Antag R: 6963.00 | Delivery:  63.2% | Budget Used: 3720.00/4000.0
Ep  234 | Phase: PROTAGO | Ticks: 781 | Protag R: -8475.00 | Antag R: 8103.00 | Delivery:  56.5% | Budget Used: 3720.00/4000.0
Ep  235 | Phase: PROTAGO | Ticks: 791 | Protag R: -12217.00 | Antag R: 11846.00 | Delivery:  48.1% | Budget Used: 3720.00/4000.0
Ep  236 | Phase: PROTAGO | Ticks: 793 | Protag R: -9937.00 | Antag R: 9578.00 | Delivery:  48.1% | Budget Used: 3600.00/4000.0
Ep  237 | Phase: PROTAGO | Ticks: 783 | Protag R: -10503.00 | Antag R: 10131.00 | Delivery:  52.1% | Budget Used: 3720.00/4000.0
Ep  238 | Phase: PROTAGO | Ticks: 787 | Protag R: -5667.00 | Antag R: 5296.00 | Delivery:  68.2% | Budget Used: 3720.00/4000.0
Ep  239 | Phase: PROTAGO | Ticks: 790 | Protag R: -15010.00 | Antag R: 14639.00 | Delivery:  42.6% | Budget Used: 3720.00/4000.0
Ep  240 | Phase: PROTAGO | Ticks: 797 | Protag R: -7911.00 | Antag R: 7539.00 | Delivery:  65.9% | Budget Used: 3720.00/4000.0
Ep  241 | Phase: PROTAGO | Ticks: 794 | Protag R: -10038.00 | Antag R: 9666.00 | Delivery:  55.8% | Budget Used: 3720.00/4000.0
Ep  242 | Phase: PROTAGO | Ticks: 796 | Protag R: -7959.00 | Antag R: 7588.00 | Delivery:  56.9% | Budget Used: 3720.00/4000.0
Ep  243 | Phase: PROTAGO | Ticks: 783 | Protag R: -13420.00 | Antag R: 13049.00 | Delivery:  50.9% | Budget Used: 3720.00/4000.0
Ep  244 | Phase: PROTAGO | Ticks: 790 | Protag R: -14035.00 | Antag R: 13664.00 | Delivery:  48.2% | Budget Used: 3720.00/4000.0
Ep  245 | Phase: PROTAGO | Ticks: 792 | Protag R: -7649.00 | Antag R: 7278.00 | Delivery:  63.4% | Budget Used: 3720.00/4000.0
Ep  246 | Phase: PROTAGO | Ticks: 795 | Protag R: -9470.00 | Antag R: 9099.00 | Delivery:  60.0% | Budget Used: 3720.00/4000.0
Ep  247 | Phase: PROTAGO | Ticks: 793 | Protag R: -5601.00 | Antag R: 5230.00 | Delivery:  58.3% | Budget Used: 3720.00/4000.0
Ep  248 | Phase: PROTAGO | Ticks: 799 | Protag R: -9657.00 | Antag R: 9285.00 | Delivery:  55.1% | Budget Used: 3720.00/4000.0
Ep  249 | Phase: PROTAGO | Ticks: 777 | Protag R: -8124.00 | Antag R: 7752.00 | Delivery:  55.3% | Budget Used: 3720.00/4000.0
Ep  250 | Phase: PROTAGO | Ticks: 783 | Protag R: -6763.00 | Antag R: 6392.00 | Delivery:  58.5% | Budget Used: 3720.00/4000.0
  [EVAL ep 250] greedy_atk=7789 learned_atk=8462 gap=+672 +/-278 (neg = learned beats greedy under attack)
Saving checkpoints for both agents before phase switch...

--- Episode 251: Switching training phase to ANTAGONIST ---
Ep  251 | Phase: ANTAGON | Ticks: 797 | Protag R: -12575.00 | Antag R: 12216.00 | Delivery:  39.7% | Budget Used: 3600.00/4000.0
Ep  252 | Phase: ANTAGON | Ticks: 794 | Protag R: -9529.00 | Antag R: 9158.00 | Delivery:  57.1% | Budget Used: 3720.00/4000.0
Ep  253 | Phase: ANTAGON | Ticks: 785 | Protag R: -9375.00 | Antag R: 9005.00 | Delivery:  56.0% | Budget Used: 3720.00/4000.0
Ep  254 | Phase: ANTAGON | Ticks: 780 | Protag R: -10801.00 | Antag R: 10442.00 | Delivery:  58.0% | Budget Used: 3600.00/4000.0
Ep  255 | Phase: ANTAGON | Ticks: 794 | Protag R: -10570.00 | Antag R: 10198.00 | Delivery:  40.7% | Budget Used: 3720.00/4000.0
Ep  256 | Phase: ANTAGON | Ticks: 790 | Protag R: -6165.00 | Antag R: 5806.00 | Delivery:  54.5% | Budget Used: 3600.00/4000.0
Ep  257 | Phase: ANTAGON | Ticks: 775 | Protag R: -7966.00 | Antag R: 7595.00 | Delivery:  58.3% | Budget Used: 3720.00/4000.0
Ep  258 | Phase: ANTAGON | Ticks: 777 | Protag R: -6637.00 | Antag R: 6290.00 | Delivery:  61.0% | Budget Used: 3480.00/4000.0
Ep  259 | Phase: ANTAGON | Ticks: 779 | Protag R: -12033.00 | Antag R: 11662.00 | Delivery:  52.1% | Budget Used: 3720.00/4000.0
Ep  260 | Phase: ANTAGON | Ticks: 791 | Protag R: -12996.00 | Antag R: 12625.00 | Delivery:  46.7% | Budget Used: 3720.00/4000.0
Ep  261 | Phase: ANTAGON | Ticks: 796 | Protag R: -6889.00 | Antag R: 6518.00 | Delivery:  67.4% | Budget Used: 3720.00/4000.0
Ep  262 | Phase: ANTAGON | Ticks: 789 | Protag R: -9287.00 | Antag R: 8916.00 | Delivery:  52.9% | Budget Used: 3720.00/4000.0
Ep  263 | Phase: ANTAGON | Ticks: 775 | Protag R: -5050.00 | Antag R: 4678.00 | Delivery:  71.1% | Budget Used: 3720.00/4000.0
Ep  264 | Phase: ANTAGON | Ticks: 779 | Protag R: -5392.00 | Antag R: 5021.00 | Delivery:  63.4% | Budget Used: 3720.00/4000.0
Ep  265 | Phase: ANTAGON | Ticks: 780 | Protag R: -6599.00 | Antag R: 6227.00 | Delivery:  56.2% | Budget Used: 3720.00/4000.0
Ep  266 | Phase: ANTAGON | Ticks: 793 | Protag R: -14087.00 | Antag R: 13716.00 | Delivery:  43.3% | Budget Used: 3720.00/4000.0
Ep  267 | Phase: ANTAGON | Ticks: 785 | Protag R: -7186.00 | Antag R: 6814.00 | Delivery:  58.0% | Budget Used: 3720.00/4000.0
Ep  268 | Phase: ANTAGON | Ticks: 787 | Protag R: -5756.00 | Antag R: 5385.00 | Delivery:  53.1% | Budget Used: 3720.00/4000.0
Ep  269 | Phase: ANTAGON | Ticks: 795 | Protag R: -5941.00 | Antag R: 5570.00 | Delivery:  53.5% | Budget Used: 3720.00/4000.0
Ep  270 | Phase: ANTAGON | Ticks: 782 | Protag R: -6569.00 | Antag R: 6210.00 | Delivery:  59.2% | Budget Used: 3600.00/4000.0
Ep  271 | Phase: ANTAGON | Ticks: 775 | Protag R: -10158.00 | Antag R: 9787.00 | Delivery:  49.1% | Budget Used: 3720.00/4000.0
Ep  272 | Phase: ANTAGON | Ticks: 789 | Protag R: -10531.00 | Antag R: 10160.00 | Delivery:  67.4% | Budget Used: 3720.00/4000.0
Ep  273 | Phase: ANTAGON | Ticks: 799 | Protag R: -8766.00 | Antag R: 8395.00 | Delivery:  60.0% | Budget Used: 3720.00/4000.0
Ep  274 | Phase: ANTAGON | Ticks: 793 | Protag R: -10299.00 | Antag R: 9927.00 | Delivery:  54.7% | Budget Used: 3720.00/4000.0
Ep  275 | Phase: ANTAGON | Ticks: 797 | Protag R: -11691.00 | Antag R: 11320.00 | Delivery:  52.2% | Budget Used: 3720.00/4000.0
Ep  276 | Phase: ANTAGON | Ticks: 797 | Protag R: -6979.00 | Antag R: 6607.00 | Delivery:  63.8% | Budget Used: 3720.00/4000.0
Ep  277 | Phase: ANTAGON | Ticks: 797 | Protag R: -9629.00 | Antag R: 9259.00 | Delivery:  64.4% | Budget Used: 3720.00/4000.0
Ep  278 | Phase: ANTAGON | Ticks: 799 | Protag R: -7765.00 | Antag R: 7394.00 | Delivery:  54.2% | Budget Used: 3720.00/4000.0
Ep  279 | Phase: ANTAGON | Ticks: 796 | Protag R: -7799.00 | Antag R: 7428.00 | Delivery:  50.0% | Budget Used: 3720.00/4000.0
Ep  280 | Phase: ANTAGON | Ticks: 782 | Protag R: -13320.00 | Antag R: 12949.00 | Delivery:  44.6% | Budget Used: 3720.00/4000.0
Ep  281 | Phase: ANTAGON | Ticks: 798 | Protag R: -9100.00 | Antag R: 8729.00 | Delivery:  60.5% | Budget Used: 3720.00/4000.0
Ep  282 | Phase: ANTAGON | Ticks: 791 | Protag R: -11430.00 | Antag R: 11072.00 | Delivery:  47.8% | Budget Used: 3600.00/4000.0
Ep  283 | Phase: ANTAGON | Ticks: 788 | Protag R: -11794.00 | Antag R: 11422.00 | Delivery:  43.3% | Budget Used: 3720.00/4000.0
Ep  284 | Phase: ANTAGON | Ticks: 784 | Protag R: -8131.00 | Antag R: 7759.00 | Delivery:  51.1% | Budget Used: 3720.00/4000.0
Ep  285 | Phase: ANTAGON | Ticks: 789 | Protag R: -4260.00 | Antag R: 3888.00 | Delivery:  67.6% | Budget Used: 3720.00/4000.0
Ep  286 | Phase: ANTAGON | Ticks: 789 | Protag R: -3819.00 | Antag R: 3447.00 | Delivery:  72.5% | Budget Used: 3720.00/4000.0
Ep  287 | Phase: ANTAGON | Ticks: 791 | Protag R: -4472.00 | Antag R: 4101.00 | Delivery:  71.8% | Budget Used: 3720.00/4000.0
Ep  288 | Phase: ANTAGON | Ticks: 798 | Protag R: -10091.00 | Antag R: 9720.00 | Delivery:  46.7% | Budget Used: 3720.00/4000.0
Ep  289 | Phase: ANTAGON | Ticks: 799 | Protag R: -8736.00 | Antag R: 8365.00 | Delivery:  60.0% | Budget Used: 3720.00/4000.0
Ep  290 | Phase: ANTAGON | Ticks: 792 | Protag R: -10782.00 | Antag R: 10411.00 | Delivery:  58.7% | Budget Used: 3720.00/4000.0
Ep  291 | Phase: ANTAGON | Ticks: 796 | Protag R: -11901.00 | Antag R: 11530.00 | Delivery:  42.4% | Budget Used: 3720.00/4000.0
Ep  292 | Phase: ANTAGON | Ticks: 797 | Protag R: -10394.00 | Antag R: 10035.00 | Delivery:  59.6% | Budget Used: 3600.00/4000.0
Ep  293 | Phase: ANTAGON | Ticks: 789 | Protag R: -11247.00 | Antag R: 10876.00 | Delivery:  54.2% | Budget Used: 3720.00/4000.0
Ep  294 | Phase: ANTAGON | Ticks: 797 | Protag R: -11182.00 | Antag R: 10811.00 | Delivery:  48.4% | Budget Used: 3720.00/4000.0
Ep  295 | Phase: ANTAGON | Ticks: 783 | Protag R: -7618.00 | Antag R: 7247.00 | Delivery:  58.3% | Budget Used: 3720.00/4000.0
Ep  296 | Phase: ANTAGON | Ticks: 797 | Protag R: -9120.00 | Antag R: 8748.00 | Delivery:  45.1% | Budget Used: 3720.00/4000.0
Ep  297 | Phase: ANTAGON | Ticks: 787 | Protag R: -5726.00 | Antag R: 5367.00 | Delivery:  65.0% | Budget Used: 3600.00/4000.0
Ep  298 | Phase: ANTAGON | Ticks: 792 | Protag R: -12696.00 | Antag R: 12325.00 | Delivery:  50.9% | Budget Used: 3720.00/4000.0
Ep  299 | Phase: ANTAGON | Ticks: 780 | Protag R: -11586.00 | Antag R: 11214.00 | Delivery:  50.0% | Budget Used: 3720.00/4000.0
Ep  300 | Phase: ANTAGON | Ticks: 794 | Protag R: -8369.00 | Antag R: 8009.00 | Delivery:  47.9% | Budget Used: 3600.00/4000.0
  [EVAL ep 300] greedy_atk=7814 learned_atk=8094 gap=+280 +/-608 (neg = learned beats greedy under attack)
Saving checkpoints for both agents before phase switch...

--- Episode 301: Switching training phase to PROTAGONIST ---
Ep  301 | Phase: PROTAGO | Ticks: 786 | Protag R: -4128.00 | Antag R: 3757.00 | Delivery:  76.5% | Budget Used: 3720.00/4000.0
Ep  302 | Phase: PROTAGO | Ticks: 798 | Protag R: -6200.00 | Antag R: 5829.00 | Delivery:  61.0% | Budget Used: 3720.00/4000.0
Ep  303 | Phase: PROTAGO | Ticks: 791 | Protag R: -7759.00 | Antag R: 7388.00 | Delivery:  63.6% | Budget Used: 3720.00/4000.0
Ep  304 | Phase: PROTAGO | Ticks: 798 | Protag R: -7456.00 | Antag R: 7085.00 | Delivery:  57.1% | Budget Used: 3720.00/4000.0
Ep  305 | Phase: PROTAGO | Ticks: 781 | Protag R: -5613.00 | Antag R: 5254.00 | Delivery:  69.0% | Budget Used: 3600.00/4000.0
Ep  306 | Phase: PROTAGO | Ticks: 790 | Protag R: -10634.00 | Antag R: 10262.00 | Delivery:  56.2% | Budget Used: 3720.00/4000.0
Ep  307 | Phase: PROTAGO | Ticks: 777 | Protag R: -9268.00 | Antag R: 8897.00 | Delivery:  50.9% | Budget Used: 3720.00/4000.0
Ep  308 | Phase: PROTAGO | Ticks: 788 | Protag R: -11546.00 | Antag R: 11174.00 | Delivery:  60.9% | Budget Used: 3720.00/4000.0
Ep  309 | Phase: PROTAGO | Ticks: 785 | Protag R: -7258.00 | Antag R: 6887.00 | Delivery:  62.0% | Budget Used: 3720.00/4000.0
Ep  310 | Phase: PROTAGO | Ticks: 776 | Protag R: -7099.00 | Antag R: 6729.00 | Delivery:  52.9% | Budget Used: 3720.00/4000.0
Ep  311 | Phase: PROTAGO | Ticks: 779 | Protag R: -9440.00 | Antag R: 9069.00 | Delivery:  57.1% | Budget Used: 3720.00/4000.0
Ep  312 | Phase: PROTAGO | Ticks: 792 | Protag R: -10917.00 | Antag R: 10546.00 | Delivery:  58.1% | Budget Used: 3720.00/4000.0
Ep  313 | Phase: PROTAGO | Ticks: 783 | Protag R: -10215.00 | Antag R: 9843.00 | Delivery:  47.8% | Budget Used: 3720.00/4000.0
Ep  314 | Phase: PROTAGO | Ticks: 789 | Protag R: -5766.00 | Antag R: 5396.00 | Delivery:  60.0% | Budget Used: 3720.00/4000.0
Ep  315 | Phase: PROTAGO | Ticks: 798 | Protag R: -6225.00 | Antag R: 5866.00 | Delivery:  62.2% | Budget Used: 3600.00/4000.0
Ep  316 | Phase: PROTAGO | Ticks: 798 | Protag R: -7830.00 | Antag R: 7459.00 | Delivery:  48.0% | Budget Used: 3720.00/4000.0
Ep  317 | Phase: PROTAGO | Ticks: 795 | Protag R: -16458.00 | Antag R: 16087.00 | Delivery:  36.1% | Budget Used: 3720.00/4000.0
Ep  318 | Phase: PROTAGO | Ticks: 798 | Protag R: -5900.00 | Antag R: 5529.00 | Delivery:  58.1% | Budget Used: 3720.00/4000.0
Ep  319 | Phase: PROTAGO | Ticks: 786 | Protag R: -6723.00 | Antag R: 6352.00 | Delivery:  61.9% | Budget Used: 3720.00/4000.0
Ep  320 | Phase: PROTAGO | Ticks: 794 | Protag R: -3848.00 | Antag R: 3476.00 | Delivery:  72.7% | Budget Used: 3720.00/4000.0
Ep  321 | Phase: PROTAGO | Ticks: 793 | Protag R: -5793.00 | Antag R: 5422.00 | Delivery:  47.9% | Budget Used: 3720.00/4000.0
Ep  322 | Phase: PROTAGO | Ticks: 799 | Protag R: -4962.00 | Antag R: 4591.00 | Delivery:  61.9% | Budget Used: 3720.00/4000.0
Ep  323 | Phase: PROTAGO | Ticks: 794 | Protag R: -8408.00 | Antag R: 8037.00 | Delivery:  53.8% | Budget Used: 3720.00/4000.0
Ep  324 | Phase: PROTAGO | Ticks: 799 | Protag R: -11014.00 | Antag R: 10643.00 | Delivery:  54.5% | Budget Used: 3720.00/4000.0
Ep  325 | Phase: PROTAGO | Ticks: 797 | Protag R: -4225.00 | Antag R: 3854.00 | Delivery:  63.2% | Budget Used: 3720.00/4000.0
Ep  326 | Phase: PROTAGO | Ticks: 798 | Protag R: -3800.00 | Antag R: 3441.00 | Delivery:  77.1% | Budget Used: 3600.00/4000.0
Ep  327 | Phase: PROTAGO | Ticks: 798 | Protag R: -5581.00 | Antag R: 5210.00 | Delivery:  72.5% | Budget Used: 3720.00/4000.0
Ep  328 | Phase: PROTAGO | Ticks: 795 | Protag R: -7972.00 | Antag R: 7600.00 | Delivery:  57.1% | Budget Used: 3720.00/4000.0
Ep  329 | Phase: PROTAGO | Ticks: 784 | Protag R: -14530.00 | Antag R: 14170.00 | Delivery:  41.3% | Budget Used: 3600.00/4000.0
Ep  330 | Phase: PROTAGO | Ticks: 790 | Protag R: -10033.00 | Antag R: 9662.00 | Delivery:  47.4% | Budget Used: 3720.00/4000.0
Ep  331 | Phase: PROTAGO | Ticks: 795 | Protag R: -9101.00 | Antag R: 8730.00 | Delivery:  45.8% | Budget Used: 3720.00/4000.0
Ep  332 | Phase: PROTAGO | Ticks: 787 | Protag R: -4728.00 | Antag R: 4357.00 | Delivery:  62.8% | Budget Used: 3720.00/4000.0
Ep  333 | Phase: PROTAGO | Ticks: 791 | Protag R: -9255.00 | Antag R: 8884.00 | Delivery:  48.9% | Budget Used: 3720.00/4000.0
Ep  334 | Phase: PROTAGO | Ticks: 792 | Protag R: -8635.00 | Antag R: 8264.00 | Delivery:  59.6% | Budget Used: 3720.00/4000.0
Ep  335 | Phase: PROTAGO | Ticks: 778 | Protag R: -8739.00 | Antag R: 8368.00 | Delivery:  60.9% | Budget Used: 3720.00/4000.0
Ep  336 | Phase: PROTAGO | Ticks: 797 | Protag R: -6361.00 | Antag R: 5990.00 | Delivery:  62.8% | Budget Used: 3720.00/4000.0
Ep  337 | Phase: PROTAGO | Ticks: 789 | Protag R: -4990.00 | Antag R: 4619.00 | Delivery:  66.0% | Budget Used: 3720.00/4000.0
Ep  338 | Phase: PROTAGO | Ticks: 789 | Protag R: -11381.00 | Antag R: 11009.00 | Delivery:  51.0% | Budget Used: 3720.00/4000.0
Ep  339 | Phase: PROTAGO | Ticks: 780 | Protag R: -5658.00 | Antag R: 5287.00 | Delivery:  60.5% | Budget Used: 3720.00/4000.0
Ep  340 | Phase: PROTAGO | Ticks: 782 | Protag R: -10123.00 | Antag R: 9752.00 | Delivery:  55.6% | Budget Used: 3720.00/4000.0
Ep  341 | Phase: PROTAGO | Ticks: 781 | Protag R: -11659.00 | Antag R: 11288.00 | Delivery:  52.0% | Budget Used: 3720.00/4000.0
Ep  342 | Phase: PROTAGO | Ticks: 795 | Protag R: -8594.00 | Antag R: 8222.00 | Delivery:  53.2% | Budget Used: 3720.00/4000.0
Ep  343 | Phase: PROTAGO | Ticks: 791 | Protag R: -10809.00 | Antag R: 10438.00 | Delivery:  52.2% | Budget Used: 3720.00/4000.0
Ep  344 | Phase: PROTAGO | Ticks: 790 | Protag R: -7922.00 | Antag R: 7550.00 | Delivery:  57.5% | Budget Used: 3720.00/4000.0
Ep  345 | Phase: PROTAGO | Ticks: 786 | Protag R: -6048.00 | Antag R: 5677.00 | Delivery:  70.7% | Budget Used: 3720.00/4000.0
Ep  346 | Phase: PROTAGO | Ticks: 796 | Protag R: -8549.00 | Antag R: 8178.00 | Delivery:  54.7% | Budget Used: 3720.00/4000.0
Ep  347 | Phase: PROTAGO | Ticks: 786 | Protag R: -7680.00 | Antag R: 7309.00 | Delivery:  60.9% | Budget Used: 3720.00/4000.0
Ep  348 | Phase: PROTAGO | Ticks: 775 | Protag R: -4012.00 | Antag R: 3640.00 | Delivery:  72.7% | Budget Used: 3720.00/4000.0
Ep  349 | Phase: PROTAGO | Ticks: 787 | Protag R: -11371.00 | Antag R: 11000.00 | Delivery:  51.9% | Budget Used: 3720.00/4000.0
Ep  350 | Phase: PROTAGO | Ticks: 786 | Protag R: -9704.00 | Antag R: 9333.00 | Delivery:  53.2% | Budget Used: 3720.00/4000.0
  [EVAL ep 350] greedy_atk=7814 learned_atk=8083 gap=+268 +/-350 (neg = learned beats greedy under attack)
Saving checkpoints for both agents before phase switch...

--- Episode 351: Switching training phase to ANTAGONIST ---
Ep  351 | Phase: ANTAGON | Ticks: 785 | Protag R: -6348.00 | Antag R: 5976.00 | Delivery:  58.5% | Budget Used: 3720.00/4000.0
Ep  352 | Phase: ANTAGON | Ticks: 788 | Protag R: -11232.00 | Antag R: 10861.00 | Delivery:  55.6% | Budget Used: 3720.00/4000.0
Ep  353 | Phase: ANTAGON | Ticks: 795 | Protag R: -6079.00 | Antag R: 5731.00 | Delivery:  55.1% | Budget Used: 3480.00/4000.0
Ep  354 | Phase: ANTAGON | Ticks: 786 | Protag R: -9471.00 | Antag R: 9100.00 | Delivery:  60.9% | Budget Used: 3720.00/4000.0
Ep  355 | Phase: ANTAGON | Ticks: 791 | Protag R: -8374.00 | Antag R: 8003.00 | Delivery:  56.0% | Budget Used: 3720.00/4000.0
Ep  356 | Phase: ANTAGON | Ticks: 797 | Protag R: -10148.00 | Antag R: 9777.00 | Delivery:  54.2% | Budget Used: 3720.00/4000.0
Ep  357 | Phase: ANTAGON | Ticks: 790 | Protag R: -6092.00 | Antag R: 5721.00 | Delivery:  65.1% | Budget Used: 3720.00/4000.0
Ep  358 | Phase: ANTAGON | Ticks: 780 | Protag R: -6119.00 | Antag R: 5747.00 | Delivery:  61.5% | Budget Used: 3720.00/4000.0
Ep  359 | Phase: ANTAGON | Ticks: 790 | Protag R: -8241.00 | Antag R: 7870.00 | Delivery:  63.0% | Budget Used: 3720.00/4000.0
Ep  360 | Phase: ANTAGON | Ticks: 794 | Protag R: -9461.00 | Antag R: 9090.00 | Delivery:  54.3% | Budget Used: 3720.00/4000.0
Ep  361 | Phase: ANTAGON | Ticks: 798 | Protag R: -10708.00 | Antag R: 10337.00 | Delivery:  58.3% | Budget Used: 3720.00/4000.0
Ep  362 | Phase: ANTAGON | Ticks: 793 | Protag R: -11551.00 | Antag R: 11180.00 | Delivery:  49.1% | Budget Used: 3720.00/4000.0
Ep  363 | Phase: ANTAGON | Ticks: 790 | Protag R: -16642.00 | Antag R: 16271.00 | Delivery:  45.8% | Budget Used: 3720.00/4000.0
Ep  364 | Phase: ANTAGON | Ticks: 786 | Protag R: -14522.00 | Antag R: 14150.00 | Delivery:  49.1% | Budget Used: 3720.00/4000.0
Ep  365 | Phase: ANTAGON | Ticks: 793 | Protag R: -7037.00 | Antag R: 6666.00 | Delivery:  67.5% | Budget Used: 3720.00/4000.0
Ep  366 | Phase: ANTAGON | Ticks: 791 | Protag R: -11750.00 | Antag R: 11379.00 | Delivery:  52.7% | Budget Used: 3720.00/4000.0
Ep  367 | Phase: ANTAGON | Ticks: 793 | Protag R: -9224.00 | Antag R: 8852.00 | Delivery:  51.0% | Budget Used: 3720.00/4000.0
Ep  368 | Phase: ANTAGON | Ticks: 790 | Protag R: -8448.00 | Antag R: 8077.00 | Delivery:  62.5% | Budget Used: 3720.00/4000.0
Ep  369 | Phase: ANTAGON | Ticks: 776 | Protag R: -8707.00 | Antag R: 8336.00 | Delivery:  52.9% | Budget Used: 3720.00/4000.0
Ep  370 | Phase: ANTAGON | Ticks: 778 | Protag R: -7951.00 | Antag R: 7580.00 | Delivery:  53.3% | Budget Used: 3720.00/4000.0
Ep  371 | Phase: ANTAGON | Ticks: 798 | Protag R: -12823.00 | Antag R: 12452.00 | Delivery:  58.8% | Budget Used: 3720.00/4000.0
Ep  372 | Phase: ANTAGON | Ticks: 795 | Protag R: -6713.00 | Antag R: 6353.00 | Delivery:  58.5% | Budget Used: 3600.00/4000.0
Ep  373 | Phase: ANTAGON | Ticks: 790 | Protag R: -9849.00 | Antag R: 9477.00 | Delivery:  54.0% | Budget Used: 3720.00/4000.0
Ep  374 | Phase: ANTAGON | Ticks: 788 | Protag R: -6198.00 | Antag R: 5827.00 | Delivery:  55.1% | Budget Used: 3720.00/4000.0
Ep  375 | Phase: ANTAGON | Ticks: 799 | Protag R: -16235.00 | Antag R: 15864.00 | Delivery:  45.1% | Budget Used: 3720.00/4000.0
Ep  376 | Phase: ANTAGON | Ticks: 786 | Protag R: -4302.00 | Antag R: 3931.00 | Delivery:  55.9% | Budget Used: 3720.00/4000.0
Ep  377 | Phase: ANTAGON | Ticks: 782 | Protag R: -6357.00 | Antag R: 5998.00 | Delivery:  66.7% | Budget Used: 3600.00/4000.0
Ep  378 | Phase: ANTAGON | Ticks: 790 | Protag R: -8190.00 | Antag R: 7819.00 | Delivery:  56.8% | Budget Used: 3720.00/4000.0
Ep  379 | Phase: ANTAGON | Ticks: 793 | Protag R: -6985.00 | Antag R: 6685.00 | Delivery:  62.2% | Budget Used: 3000.00/4000.0
Ep  380 | Phase: ANTAGON | Ticks: 799 | Protag R: -6430.00 | Antag R: 6203.00 | Delivery:  72.7% | Budget Used: 2280.00/4000.0
Ep  381 | Phase: ANTAGON | Ticks: 793 | Protag R: -5349.00 | Antag R: 4978.00 | Delivery:  54.5% | Budget Used: 3720.00/4000.0
Ep  382 | Phase: ANTAGON | Ticks: 790 | Protag R: -7504.00 | Antag R: 7145.00 | Delivery:  64.4% | Budget Used: 3600.00/4000.0
Ep  383 | Phase: ANTAGON | Ticks: 799 | Protag R: -9677.00 | Antag R: 9306.00 | Delivery:  50.0% | Budget Used: 3720.00/4000.0
Ep  384 | Phase: ANTAGON | Ticks: 779 | Protag R: -11537.00 | Antag R: 11166.00 | Delivery:  56.6% | Budget Used: 3720.00/4000.0
Ep  385 | Phase: ANTAGON | Ticks: 794 | Protag R: -10726.00 | Antag R: 10355.00 | Delivery:  47.3% | Budget Used: 3720.00/4000.0
Ep  386 | Phase: ANTAGON | Ticks: 796 | Protag R: -10181.00 | Antag R: 9809.00 | Delivery:  40.0% | Budget Used: 3720.00/4000.0
Ep  387 | Phase: ANTAGON | Ticks: 796 | Protag R: -11257.00 | Antag R: 10886.00 | Delivery:  40.4% | Budget Used: 3720.00/4000.0
Ep  388 | Phase: ANTAGON | Ticks: 788 | Protag R: -5263.00 | Antag R: 4904.00 | Delivery:  66.7% | Budget Used: 3600.00/4000.0
Ep  389 | Phase: ANTAGON | Ticks: 789 | Protag R: -4733.00 | Antag R: 4362.00 | Delivery:  60.0% | Budget Used: 3720.00/4000.0
Ep  390 | Phase: ANTAGON | Ticks: 789 | Protag R: -8516.00 | Antag R: 8157.00 | Delivery:  58.7% | Budget Used: 3600.00/4000.0
Ep  391 | Phase: ANTAGON | Ticks: 797 | Protag R: -12476.00 | Antag R: 12104.00 | Delivery:  37.0% | Budget Used: 3720.00/4000.0
Ep  392 | Phase: ANTAGON | Ticks: 788 | Protag R: -13381.00 | Antag R: 13010.00 | Delivery:  48.3% | Budget Used: 3720.00/4000.0
Ep  393 | Phase: ANTAGON | Ticks: 789 | Protag R: -6530.00 | Antag R: 6158.00 | Delivery:  54.8% | Budget Used: 3720.00/4000.0
Ep  394 | Phase: ANTAGON | Ticks: 790 | Protag R: -11782.00 | Antag R: 11410.00 | Delivery:  42.4% | Budget Used: 3720.00/4000.0
Ep  395 | Phase: ANTAGON | Ticks: 794 | Protag R: -9288.00 | Antag R: 8917.00 | Delivery:  48.1% | Budget Used: 3720.00/4000.0
Ep  396 | Phase: ANTAGON | Ticks: 791 | Protag R: -11120.00 | Antag R: 10749.00 | Delivery:  56.6% | Budget Used: 3720.00/4000.0
Ep  397 | Phase: ANTAGON | Ticks: 796 | Protag R: -14746.00 | Antag R: 14375.00 | Delivery:  36.2% | Budget Used: 3720.00/4000.0
Ep  398 | Phase: ANTAGON | Ticks: 793 | Protag R: -8924.00 | Antag R: 8565.00 | Delivery:  45.7% | Budget Used: 3600.00/4000.0
Ep  399 | Phase: ANTAGON | Ticks: 793 | Protag R: -7673.00 | Antag R: 7302.00 | Delivery:  63.0% | Budget Used: 3720.00/4000.0
Ep  400 | Phase: ANTAGON | Ticks: 787 | Protag R: -12036.00 | Antag R: 11665.00 | Delivery:  55.4% | Budget Used: 3720.00/4000.0
  [EVAL ep 400] greedy_atk=7503 learned_atk=7951 gap=+448 +/-760 (neg = learned beats greedy under attack)
Saving checkpoints for both agents before phase switch...

--- Episode 401: Switching training phase to PROTAGONIST ---
Ep  401 | Phase: PROTAGO | Ticks: 798 | Protag R: -6178.00 | Antag R: 5806.00 | Delivery:  68.2% | Budget Used: 3720.00/4000.0
Ep  402 | Phase: PROTAGO | Ticks: 782 | Protag R: -7522.00 | Antag R: 7150.00 | Delivery:  48.8% | Budget Used: 3720.00/4000.0
Ep  403 | Phase: PROTAGO | Ticks: 791 | Protag R: -11420.00 | Antag R: 11049.00 | Delivery:  53.1% | Budget Used: 3720.00/4000.0
Ep  404 | Phase: PROTAGO | Ticks: 798 | Protag R: -2972.00 | Antag R: 2601.00 | Delivery:  73.7% | Budget Used: 3720.00/4000.0
Ep  405 | Phase: PROTAGO | Ticks: 797 | Protag R: -6989.00 | Antag R: 6618.00 | Delivery:  57.8% | Budget Used: 3720.00/4000.0
Ep  406 | Phase: PROTAGO | Ticks: 798 | Protag R: -9555.00 | Antag R: 9184.00 | Delivery:  57.1% | Budget Used: 3720.00/4000.0
Ep  407 | Phase: PROTAGO | Ticks: 783 | Protag R: -9203.00 | Antag R: 8832.00 | Delivery:  57.1% | Budget Used: 3720.00/4000.0
Ep  408 | Phase: PROTAGO | Ticks: 797 | Protag R: -13077.00 | Antag R: 12706.00 | Delivery:  49.1% | Budget Used: 3720.00/4000.0
Ep  409 | Phase: PROTAGO | Ticks: 788 | Protag R: -4861.00 | Antag R: 4502.00 | Delivery:  73.2% | Budget Used: 3600.00/4000.0
Ep  410 | Phase: PROTAGO | Ticks: 798 | Protag R: -4674.00 | Antag R: 4303.00 | Delivery:  61.0% | Budget Used: 3720.00/4000.0
Ep  411 | Phase: PROTAGO | Ticks: 792 | Protag R: -9340.00 | Antag R: 8969.00 | Delivery:  60.0% | Budget Used: 3720.00/4000.0
Ep  412 | Phase: PROTAGO | Ticks: 791 | Protag R: -7174.00 | Antag R: 6803.00 | Delivery:  62.2% | Budget Used: 3720.00/4000.0
Ep  413 | Phase: PROTAGO | Ticks: 796 | Protag R: -11306.00 | Antag R: 10935.00 | Delivery:  47.9% | Budget Used: 3720.00/4000.0
Ep  414 | Phase: PROTAGO | Ticks: 776 | Protag R: -10390.00 | Antag R: 10030.00 | Delivery:  40.0% | Budget Used: 3600.00/4000.0
Ep  415 | Phase: PROTAGO | Ticks: 788 | Protag R: -4048.00 | Antag R: 3676.00 | Delivery:  64.1% | Budget Used: 3720.00/4000.0
Ep  416 | Phase: PROTAGO | Ticks: 794 | Protag R: -14691.00 | Antag R: 14320.00 | Delivery:  46.3% | Budget Used: 3720.00/4000.0
Ep  417 | Phase: PROTAGO | Ticks: 779 | Protag R: -8916.00 | Antag R: 8544.00 | Delivery:  56.8% | Budget Used: 3720.00/4000.0
Ep  418 | Phase: PROTAGO | Ticks: 789 | Protag R: -5156.00 | Antag R: 4784.00 | Delivery:  74.3% | Budget Used: 3720.00/4000.0
Ep  419 | Phase: PROTAGO | Ticks: 782 | Protag R: -7336.00 | Antag R: 6964.00 | Delivery:  54.2% | Budget Used: 3720.00/4000.0
Ep  420 | Phase: PROTAGO | Ticks: 799 | Protag R: -13134.00 | Antag R: 12763.00 | Delivery:  50.0% | Budget Used: 3720.00/4000.0
Ep  421 | Phase: PROTAGO | Ticks: 797 | Protag R: -8462.00 | Antag R: 8091.00 | Delivery:  72.1% | Budget Used: 3720.00/4000.0
Ep  422 | Phase: PROTAGO | Ticks: 791 | Protag R: -8614.00 | Antag R: 8244.00 | Delivery:  51.0% | Budget Used: 3720.00/4000.0
Ep  423 | Phase: PROTAGO | Ticks: 798 | Protag R: -10758.00 | Antag R: 10387.00 | Delivery:  51.7% | Budget Used: 3720.00/4000.0
Ep  424 | Phase: PROTAGO | Ticks: 799 | Protag R: -2589.00 | Antag R: 2217.00 | Delivery:  71.4% | Budget Used: 3720.00/4000.0
Ep  425 | Phase: PROTAGO | Ticks: 794 | Protag R: -14096.00 | Antag R: 13724.00 | Delivery:  41.0% | Budget Used: 3720.00/4000.0
Ep  426 | Phase: PROTAGO | Ticks: 796 | Protag R: -6560.00 | Antag R: 6189.00 | Delivery:  60.0% | Budget Used: 3720.00/4000.0
Ep  427 | Phase: PROTAGO | Ticks: 776 | Protag R: -11849.00 | Antag R: 11477.00 | Delivery:  40.8% | Budget Used: 3720.00/4000.0
Ep  428 | Phase: PROTAGO | Ticks: 775 | Protag R: -8193.00 | Antag R: 7822.00 | Delivery:  44.4% | Budget Used: 3720.00/4000.0
Ep  429 | Phase: PROTAGO | Ticks: 787 | Protag R: -14391.00 | Antag R: 14020.00 | Delivery:  40.0% | Budget Used: 3720.00/4000.0
Ep  430 | Phase: PROTAGO | Ticks: 784 | Protag R: -12040.00 | Antag R: 11669.00 | Delivery:  50.9% | Budget Used: 3720.00/4000.0
Ep  431 | Phase: PROTAGO | Ticks: 799 | Protag R: -7998.00 | Antag R: 7627.00 | Delivery:  52.1% | Budget Used: 3720.00/4000.0
Ep  432 | Phase: PROTAGO | Ticks: 793 | Protag R: -8555.00 | Antag R: 8196.00 | Delivery:  68.2% | Budget Used: 3600.00/4000.0
Ep  433 | Phase: PROTAGO | Ticks: 793 | Protag R: -5264.00 | Antag R: 4893.00 | Delivery:  70.7% | Budget Used: 3720.00/4000.0
Ep  434 | Phase: PROTAGO | Ticks: 799 | Protag R: -9037.00 | Antag R: 8665.00 | Delivery:  56.2% | Budget Used: 3720.00/4000.0
Ep  435 | Phase: PROTAGO | Ticks: 790 | Protag R: -8765.00 | Antag R: 8394.00 | Delivery:  56.6% | Budget Used: 3720.00/4000.0
Ep  436 | Phase: PROTAGO | Ticks: 799 | Protag R: -9553.00 | Antag R: 9182.00 | Delivery:  58.8% | Budget Used: 3720.00/4000.0
Ep  437 | Phase: PROTAGO | Ticks: 788 | Protag R: -11003.00 | Antag R: 10631.00 | Delivery:  55.4% | Budget Used: 3720.00/4000.0
Ep  438 | Phase: PROTAGO | Ticks: 788 | Protag R: -6404.00 | Antag R: 6033.00 | Delivery:  51.2% | Budget Used: 3720.00/4000.0
Ep  439 | Phase: PROTAGO | Ticks: 797 | Protag R: -7151.00 | Antag R: 6792.00 | Delivery:  63.3% | Budget Used: 3600.00/4000.0
Ep  440 | Phase: PROTAGO | Ticks: 792 | Protag R: -4237.00 | Antag R: 3866.00 | Delivery:  66.7% | Budget Used: 3720.00/4000.0
Ep  441 | Phase: PROTAGO | Ticks: 781 | Protag R: -5223.00 | Antag R: 4852.00 | Delivery:  62.2% | Budget Used: 3720.00/4000.0
Ep  442 | Phase: PROTAGO | Ticks: 797 | Protag R: -5955.00 | Antag R: 5584.00 | Delivery:  63.8% | Budget Used: 3720.00/4000.0
Ep  443 | Phase: PROTAGO | Ticks: 792 | Protag R: -9009.00 | Antag R: 8637.00 | Delivery:  52.3% | Budget Used: 3720.00/4000.0
Ep  444 | Phase: PROTAGO | Ticks: 796 | Protag R: -6946.00 | Antag R: 6575.00 | Delivery:  62.5% | Budget Used: 3720.00/4000.0
Ep  445 | Phase: PROTAGO | Ticks: 784 | Protag R: -4757.00 | Antag R: 4410.00 | Delivery:  68.6% | Budget Used: 3480.00/4000.0
Ep  446 | Phase: PROTAGO | Ticks: 794 | Protag R: -11599.00 | Antag R: 11228.00 | Delivery:  47.5% | Budget Used: 3720.00/4000.0
Ep  447 | Phase: PROTAGO | Ticks: 792 | Protag R: -4465.00 | Antag R: 4093.00 | Delivery:  73.5% | Budget Used: 3720.00/4000.0
Ep  448 | Phase: PROTAGO | Ticks: 784 | Protag R: -9252.00 | Antag R: 8880.00 | Delivery:  50.9% | Budget Used: 3720.00/4000.0
Ep  449 | Phase: PROTAGO | Ticks: 790 | Protag R: -10732.00 | Antag R: 10361.00 | Delivery:  51.0% | Budget Used: 3720.00/4000.0
Ep  450 | Phase: PROTAGO | Ticks: 790 | Protag R: -13652.00 | Antag R: 13293.00 | Delivery:  47.5% | Budget Used: 3600.00/4000.0
  [EVAL ep 450] greedy_atk=7503 learned_atk=7616 gap=+113 +/-553 (neg = learned beats greedy under attack)
Saving checkpoints for both agents before phase switch...

--- Episode 451: Switching training phase to ANTAGONIST ---
Ep  451 | Phase: ANTAGON | Ticks: 780 | Protag R: -9304.00 | Antag R: 8933.00 | Delivery:  54.0% | Budget Used: 3720.00/4000.0
Ep  452 | Phase: ANTAGON | Ticks: 786 | Protag R: -10448.00 | Antag R: 10089.00 | Delivery:  53.2% | Budget Used: 3600.00/4000.0
Ep  453 | Phase: ANTAGON | Ticks: 779 | Protag R: -11612.00 | Antag R: 11241.00 | Delivery:  40.4% | Budget Used: 3720.00/4000.0
Ep  454 | Phase: ANTAGON | Ticks: 796 | Protag R: -13027.00 | Antag R: 12668.00 | Delivery:  47.3% | Budget Used: 3600.00/4000.0
Ep  455 | Phase: ANTAGON | Ticks: 798 | Protag R: -11938.00 | Antag R: 11566.00 | Delivery:  43.1% | Budget Used: 3720.00/4000.0
Ep  456 | Phase: ANTAGON | Ticks: 789 | Protag R: -5415.00 | Antag R: 5320.00 | Delivery:  77.5% | Budget Used: 960.00/4000.0
Ep  457 | Phase: ANTAGON | Ticks: 788 | Protag R: -2259.00 | Antag R: 2056.00 | Delivery:  67.7% | Budget Used: 2040.00/4000.0
Ep  458 | Phase: ANTAGON | Ticks: 799 | Protag R: -2190.00 | Antag R: 1830.00 | Delivery:  79.3% | Budget Used: 3600.00/4000.0
Ep  459 | Phase: ANTAGON | Ticks: 797 | Protag R: -10506.00 | Antag R: 10135.00 | Delivery:  49.1% | Budget Used: 3720.00/4000.0
Ep  460 | Phase: ANTAGON | Ticks: 789 | Protag R: -7838.00 | Antag R: 7467.00 | Delivery:  44.7% | Budget Used: 3720.00/4000.0
Ep  461 | Phase: ANTAGON | Ticks: 792 | Protag R: -4872.00 | Antag R: 4525.00 | Delivery:  59.1% | Budget Used: 3480.00/4000.0
Ep  462 | Phase: ANTAGON | Ticks: 793 | Protag R: -9878.00 | Antag R: 9506.00 | Delivery:  51.1% | Budget Used: 3720.00/4000.0
Ep  463 | Phase: ANTAGON | Ticks: 795 | Protag R: -5723.00 | Antag R: 5363.00 | Delivery:  62.5% | Budget Used: 3600.00/4000.0
Ep  464 | Phase: ANTAGON | Ticks: 787 | Protag R: -10460.00 | Antag R: 10089.00 | Delivery:  53.7% | Budget Used: 3720.00/4000.0
Ep  465 | Phase: ANTAGON | Ticks: 785 | Protag R: -10409.00 | Antag R: 10038.00 | Delivery:  37.7% | Budget Used: 3720.00/4000.0
Ep  466 | Phase: ANTAGON | Ticks: 791 | Protag R: -9997.00 | Antag R: 9626.00 | Delivery:  50.0% | Budget Used: 3720.00/4000.0
Ep  467 | Phase: ANTAGON | Ticks: 797 | Protag R: -11480.00 | Antag R: 11110.00 | Delivery:  53.8% | Budget Used: 3720.00/4000.0
Ep  468 | Phase: ANTAGON | Ticks: 781 | Protag R: -8025.00 | Antag R: 7654.00 | Delivery:  48.7% | Budget Used: 3720.00/4000.0
Ep  469 | Phase: ANTAGON | Ticks: 777 | Protag R: -6654.00 | Antag R: 6295.00 | Delivery:  50.0% | Budget Used: 3600.00/4000.0
Ep  470 | Phase: ANTAGON | Ticks: 788 | Protag R: -12348.00 | Antag R: 11977.00 | Delivery:  44.1% | Budget Used: 3720.00/4000.0
Ep  471 | Phase: ANTAGON | Ticks: 795 | Protag R: -6788.00 | Antag R: 6429.00 | Delivery:  52.2% | Budget Used: 3600.00/4000.0
Ep  472 | Phase: ANTAGON | Ticks: 782 | Protag R: -4347.00 | Antag R: 3976.00 | Delivery:  65.0% | Budget Used: 3720.00/4000.0
Ep  473 | Phase: ANTAGON | Ticks: 799 | Protag R: -8931.00 | Antag R: 8571.00 | Delivery:  55.8% | Budget Used: 3600.00/4000.0
Ep  474 | Phase: ANTAGON | Ticks: 796 | Protag R: -4704.00 | Antag R: 4333.00 | Delivery:  76.7% | Budget Used: 3720.00/4000.0
Ep  475 | Phase: ANTAGON | Ticks: 797 | Protag R: -9718.00 | Antag R: 9347.00 | Delivery:  45.3% | Budget Used: 3720.00/4000.0
Ep  476 | Phase: ANTAGON | Ticks: 792 | Protag R: -8203.00 | Antag R: 7832.00 | Delivery:  60.5% | Budget Used: 3720.00/4000.0
Ep  477 | Phase: ANTAGON | Ticks: 796 | Protag R: -10971.00 | Antag R: 10600.00 | Delivery:  54.3% | Budget Used: 3720.00/4000.0
Ep  478 | Phase: ANTAGON | Ticks: 796 | Protag R: -8834.00 | Antag R: 8475.00 | Delivery:  60.4% | Budget Used: 3600.00/4000.0
Ep  479 | Phase: ANTAGON | Ticks: 783 | Protag R: -11985.00 | Antag R: 11638.00 | Delivery:  45.3% | Budget Used: 3480.00/4000.0
Ep  480 | Phase: ANTAGON | Ticks: 787 | Protag R: -7225.00 | Antag R: 6854.00 | Delivery:  61.4% | Budget Used: 3720.00/4000.0
Ep  481 | Phase: ANTAGON | Ticks: 784 | Protag R: -8423.00 | Antag R: 8052.00 | Delivery:  54.2% | Budget Used: 3720.00/4000.0
Ep  482 | Phase: ANTAGON | Ticks: 783 | Protag R: -5516.00 | Antag R: 5156.00 | Delivery:  53.8% | Budget Used: 3600.00/4000.0
Ep  483 | Phase: ANTAGON | Ticks: 787 | Protag R: -7902.00 | Antag R: 7531.00 | Delivery:  52.2% | Budget Used: 3720.00/4000.0
Ep  484 | Phase: ANTAGON | Ticks: 787 | Protag R: -14344.00 | Antag R: 13973.00 | Delivery:  49.2% | Budget Used: 3720.00/4000.0
Ep  485 | Phase: ANTAGON | Ticks: 795 | Protag R: -10809.00 | Antag R: 10438.00 | Delivery:  59.6% | Budget Used: 3720.00/4000.0
Ep  486 | Phase: ANTAGON | Ticks: 793 | Protag R: -12670.00 | Antag R: 12299.00 | Delivery:  39.7% | Budget Used: 3720.00/4000.0
Ep  487 | Phase: ANTAGON | Ticks: 793 | Protag R: -8304.00 | Antag R: 7933.00 | Delivery:  42.6% | Budget Used: 3720.00/4000.0
Ep  488 | Phase: ANTAGON | Ticks: 799 | Protag R: -14484.00 | Antag R: 14113.00 | Delivery:  47.5% | Budget Used: 3720.00/4000.0
Ep  489 | Phase: ANTAGON | Ticks: 797 | Protag R: -7751.00 | Antag R: 7380.00 | Delivery:  64.4% | Budget Used: 3720.00/4000.0
Ep  490 | Phase: ANTAGON | Ticks: 795 | Protag R: -9356.00 | Antag R: 8985.00 | Delivery:  57.8% | Budget Used: 3720.00/4000.0
Ep  491 | Phase: ANTAGON | Ticks: 799 | Protag R: -8451.00 | Antag R: 8080.00 | Delivery:  50.0% | Budget Used: 3720.00/4000.0
Ep  492 | Phase: ANTAGON | Ticks: 781 | Protag R: -11329.00 | Antag R: 10958.00 | Delivery:  51.8% | Budget Used: 3720.00/4000.0
Ep  493 | Phase: ANTAGON | Ticks: 782 | Protag R: -10074.00 | Antag R: 9703.00 | Delivery:  52.7% | Budget Used: 3720.00/4000.0
Ep  494 | Phase: ANTAGON | Ticks: 791 | Protag R: -12412.00 | Antag R: 12053.00 | Delivery:  44.6% | Budget Used: 3600.00/4000.0
Ep  495 | Phase: ANTAGON | Ticks: 798 | Protag R: -11185.00 | Antag R: 10813.00 | Delivery:  54.0% | Budget Used: 3720.00/4000.0
Ep  496 | Phase: ANTAGON | Ticks: 793 | Protag R: -8181.00 | Antag R: 7809.00 | Delivery:  56.5% | Budget Used: 3720.00/4000.0
Ep  497 | Phase: ANTAGON | Ticks: 796 | Protag R: -15215.00 | Antag R: 14844.00 | Delivery:  41.4% | Budget Used: 3720.00/4000.0
Ep  498 | Phase: ANTAGON | Ticks: 790 | Protag R: -8366.00 | Antag R: 8007.00 | Delivery:  61.0% | Budget Used: 3600.00/4000.0
Ep  499 | Phase: ANTAGON | Ticks: 790 | Protag R: -8811.00 | Antag R: 8452.00 | Delivery:  51.0% | Budget Used: 3600.00/4000.0
Ep  500 | Phase: ANTAGON | Ticks: 792 | Protag R: -6872.00 | Antag R: 6500.00 | Delivery:  64.1% | Budget Used: 3720.00/4000.0
  [EVAL ep 500] greedy_atk=9242 learned_atk=8265 gap=-977 +/-592 (neg = learned beats greedy under attack)
Saving checkpoints for both agents before phase switch...

--- Episode 501: Switching training phase to PROTAGONIST ---
Ep  501 | Phase: PROTAGO | Ticks: 785 | Protag R: -8148.00 | Antag R: 7776.00 | Delivery:  52.1% | Budget Used: 3720.00/4000.0
Ep  502 | Phase: PROTAGO | Ticks: 799 | Protag R: -13549.00 | Antag R: 13178.00 | Delivery:  44.6% | Budget Used: 3720.00/4000.0
Ep  503 | Phase: PROTAGO | Ticks: 788 | Protag R: -13291.00 | Antag R: 12920.00 | Delivery:  50.0% | Budget Used: 3720.00/4000.0
Ep  504 | Phase: PROTAGO | Ticks: 792 | Protag R: -16551.00 | Antag R: 16181.00 | Delivery:  39.4% | Budget Used: 3720.00/4000.0
Ep  505 | Phase: PROTAGO | Ticks: 788 | Protag R: -12252.00 | Antag R: 11881.00 | Delivery:  44.0% | Budget Used: 3720.00/4000.0
Ep  506 | Phase: PROTAGO | Ticks: 782 | Protag R: -9264.00 | Antag R: 8893.00 | Delivery:  51.0% | Budget Used: 3720.00/4000.0
Ep  507 | Phase: PROTAGO | Ticks: 796 | Protag R: -10389.00 | Antag R: 10018.00 | Delivery:  50.0% | Budget Used: 3720.00/4000.0
Ep  508 | Phase: PROTAGO | Ticks: 790 | Protag R: -9034.00 | Antag R: 8662.00 | Delivery:  56.2% | Budget Used: 3720.00/4000.0
Ep  509 | Phase: PROTAGO | Ticks: 794 | Protag R: -6358.00 | Antag R: 6010.00 | Delivery:  64.4% | Budget Used: 3480.00/4000.0
Ep  510 | Phase: PROTAGO | Ticks: 798 | Protag R: -5034.00 | Antag R: 4662.00 | Delivery:  63.9% | Budget Used: 3720.00/4000.0
Ep  511 | Phase: PROTAGO | Ticks: 776 | Protag R: -11641.00 | Antag R: 11270.00 | Delivery:  57.1% | Budget Used: 3720.00/4000.0
Ep  512 | Phase: PROTAGO | Ticks: 797 | Protag R: -4435.00 | Antag R: 4064.00 | Delivery:  83.9% | Budget Used: 3720.00/4000.0
Ep  513 | Phase: PROTAGO | Ticks: 795 | Protag R: -9595.00 | Antag R: 9224.00 | Delivery:  55.6% | Budget Used: 3720.00/4000.0
Ep  514 | Phase: PROTAGO | Ticks: 796 | Protag R: -9533.00 | Antag R: 9162.00 | Delivery:  48.1% | Budget Used: 3720.00/4000.0
Ep  515 | Phase: PROTAGO | Ticks: 788 | Protag R: -11359.00 | Antag R: 10988.00 | Delivery:  44.6% | Budget Used: 3720.00/4000.0
Ep  516 | Phase: PROTAGO | Ticks: 783 | Protag R: -11018.00 | Antag R: 10647.00 | Delivery:  50.9% | Budget Used: 3720.00/4000.0
Ep  517 | Phase: PROTAGO | Ticks: 790 | Protag R: -7332.00 | Antag R: 6960.00 | Delivery:  55.3% | Budget Used: 3720.00/4000.0
Ep  518 | Phase: PROTAGO | Ticks: 791 | Protag R: -12246.00 | Antag R: 11874.00 | Delivery:  41.8% | Budget Used: 3720.00/4000.0
Ep  519 | Phase: PROTAGO | Ticks: 782 | Protag R: -17352.00 | Antag R: 16980.00 | Delivery:  41.8% | Budget Used: 3720.00/4000.0
Ep  520 | Phase: PROTAGO | Ticks: 786 | Protag R: -9550.00 | Antag R: 9179.00 | Delivery:  50.0% | Budget Used: 3720.00/4000.0
Ep  521 | Phase: PROTAGO | Ticks: 798 | Protag R: -16760.00 | Antag R: 16389.00 | Delivery:  42.6% | Budget Used: 3720.00/4000.0
Ep  522 | Phase: PROTAGO | Ticks: 796 | Protag R: -11219.00 | Antag R: 10848.00 | Delivery:  53.8% | Budget Used: 3720.00/4000.0
Ep  523 | Phase: PROTAGO | Ticks: 796 | Protag R: -11921.00 | Antag R: 11561.00 | Delivery:  46.3% | Budget Used: 3600.00/4000.0
Ep  524 | Phase: PROTAGO | Ticks: 797 | Protag R: -8523.00 | Antag R: 8152.00 | Delivery:  60.8% | Budget Used: 3720.00/4000.0
Ep  525 | Phase: PROTAGO | Ticks: 797 | Protag R: -8494.00 | Antag R: 8123.00 | Delivery:  50.0% | Budget Used: 3720.00/4000.0
Ep  526 | Phase: PROTAGO | Ticks: 791 | Protag R: -10200.00 | Antag R: 9828.00 | Delivery:  55.6% | Budget Used: 3720.00/4000.0
Ep  527 | Phase: PROTAGO | Ticks: 787 | Protag R: -10313.00 | Antag R: 9942.00 | Delivery:  53.6% | Budget Used: 3720.00/4000.0
Ep  528 | Phase: PROTAGO | Ticks: 792 | Protag R: -7715.00 | Antag R: 7344.00 | Delivery:  66.7% | Budget Used: 3720.00/4000.0
Ep  529 | Phase: PROTAGO | Ticks: 792 | Protag R: -10649.00 | Antag R: 10278.00 | Delivery:  51.3% | Budget Used: 3720.00/4000.0
Ep  530 | Phase: PROTAGO | Ticks: 792 | Protag R: -13968.00 | Antag R: 13597.00 | Delivery:  50.8% | Budget Used: 3720.00/4000.0
Ep  531 | Phase: PROTAGO | Ticks: 797 | Protag R: -13482.00 | Antag R: 13111.00 | Delivery:  53.6% | Budget Used: 3720.00/4000.0
Ep  532 | Phase: PROTAGO | Ticks: 796 | Protag R: -10430.00 | Antag R: 10059.00 | Delivery:  49.1% | Budget Used: 3720.00/4000.0
Ep  533 | Phase: PROTAGO | Ticks: 785 | Protag R: -7645.00 | Antag R: 7273.00 | Delivery:  60.5% | Budget Used: 3720.00/4000.0
Ep  534 | Phase: PROTAGO | Ticks: 777 | Protag R: -8315.00 | Antag R: 7944.00 | Delivery:  54.0% | Budget Used: 3720.00/4000.0
Ep  535 | Phase: PROTAGO | Ticks: 792 | Protag R: -6857.00 | Antag R: 6486.00 | Delivery:  59.0% | Budget Used: 3720.00/4000.0
Ep  536 | Phase: PROTAGO | Ticks: 798 | Protag R: -6735.00 | Antag R: 6364.00 | Delivery:  63.4% | Budget Used: 3720.00/4000.0
Ep  537 | Phase: PROTAGO | Ticks: 799 | Protag R: -9733.00 | Antag R: 9362.00 | Delivery:  45.1% | Budget Used: 3720.00/4000.0
Ep  538 | Phase: PROTAGO | Ticks: 793 | Protag R: -5276.00 | Antag R: 4905.00 | Delivery:  67.6% | Budget Used: 3720.00/4000.0
Ep  539 | Phase: PROTAGO | Ticks: 792 | Protag R: -9851.00 | Antag R: 9480.00 | Delivery:  54.2% | Budget Used: 3720.00/4000.0
Ep  540 | Phase: PROTAGO | Ticks: 794 | Protag R: -10900.00 | Antag R: 10529.00 | Delivery:  50.9% | Budget Used: 3720.00/4000.0
Ep  541 | Phase: PROTAGO | Ticks: 796 | Protag R: -7034.00 | Antag R: 6663.00 | Delivery:  66.0% | Budget Used: 3720.00/4000.0
Ep  542 | Phase: PROTAGO | Ticks: 798 | Protag R: -11090.00 | Antag R: 10718.00 | Delivery:  44.6% | Budget Used: 3720.00/4000.0
Ep  543 | Phase: PROTAGO | Ticks: 798 | Protag R: -9471.00 | Antag R: 9100.00 | Delivery:  57.1% | Budget Used: 3720.00/4000.0
Ep  544 | Phase: PROTAGO | Ticks: 785 | Protag R: -6867.00 | Antag R: 6496.00 | Delivery:  70.3% | Budget Used: 3720.00/4000.0
Ep  545 | Phase: PROTAGO | Ticks: 780 | Protag R: -11869.00 | Antag R: 11498.00 | Delivery:  55.6% | Budget Used: 3720.00/4000.0
Ep  546 | Phase: PROTAGO | Ticks: 799 | Protag R: -1970.00 | Antag R: 1599.00 | Delivery:  74.2% | Budget Used: 3720.00/4000.0
Ep  547 | Phase: PROTAGO | Ticks: 789 | Protag R: -11311.00 | Antag R: 10940.00 | Delivery:  43.4% | Budget Used: 3720.00/4000.0
Ep  548 | Phase: PROTAGO | Ticks: 783 | Protag R: -8810.00 | Antag R: 8439.00 | Delivery:  48.9% | Budget Used: 3720.00/4000.0
Ep  549 | Phase: PROTAGO | Ticks: 788 | Protag R: -11688.00 | Antag R: 11316.00 | Delivery:  50.0% | Budget Used: 3720.00/4000.0
Ep  550 | Phase: PROTAGO | Ticks: 775 | Protag R: -6510.00 | Antag R: 6150.00 | Delivery:  50.0% | Budget Used: 3600.00/4000.0
  [EVAL ep 550] greedy_atk=9242 learned_atk=7973 gap=-1269 +/-1407 (neg = learned beats greedy under attack)
Saving checkpoints for both agents before phase switch...

--- Episode 551: Switching training phase to ANTAGONIST ---
Ep  551 | Phase: ANTAGON | Ticks: 797 | Protag R: -2866.00 | Antag R: 2507.00 | Delivery:  73.7% | Budget Used: 3600.00/4000.0
Ep  552 | Phase: ANTAGON | Ticks: 798 | Protag R: -5516.00 | Antag R: 5145.00 | Delivery:  64.9% | Budget Used: 3720.00/4000.0
Ep  553 | Phase: ANTAGON | Ticks: 784 | Protag R: -7403.00 | Antag R: 7032.00 | Delivery:  60.9% | Budget Used: 3720.00/4000.0
Ep  554 | Phase: ANTAGON | Ticks: 794 | Protag R: -2489.00 | Antag R: 2118.00 | Delivery:  83.3% | Budget Used: 3720.00/4000.0
Ep  555 | Phase: ANTAGON | Ticks: 795 | Protag R: -3860.00 | Antag R: 3489.00 | Delivery:  80.0% | Budget Used: 3720.00/4000.0
Ep  556 | Phase: ANTAGON | Ticks: 791 | Protag R: -13395.00 | Antag R: 13024.00 | Delivery:  46.3% | Budget Used: 3720.00/4000.0
Ep  557 | Phase: ANTAGON | Ticks: 791 | Protag R: -10271.00 | Antag R: 9899.00 | Delivery:  59.2% | Budget Used: 3720.00/4000.0
Ep  558 | Phase: ANTAGON | Ticks: 792 | Protag R: -12989.00 | Antag R: 12617.00 | Delivery:  42.9% | Budget Used: 3720.00/4000.0
Ep  559 | Phase: ANTAGON | Ticks: 793 | Protag R: -7677.00 | Antag R: 7306.00 | Delivery:  75.6% | Budget Used: 3720.00/4000.0
Ep  560 | Phase: ANTAGON | Ticks: 796 | Protag R: -4977.00 | Antag R: 4605.00 | Delivery:  60.5% | Budget Used: 3720.00/4000.0
Ep  561 | Phase: ANTAGON | Ticks: 790 | Protag R: -9220.00 | Antag R: 8848.00 | Delivery:  57.1% | Budget Used: 3720.00/4000.0
Ep  562 | Phase: ANTAGON | Ticks: 775 | Protag R: -7518.00 | Antag R: 7147.00 | Delivery:  45.7% | Budget Used: 3720.00/4000.0
Ep  563 | Phase: ANTAGON | Ticks: 788 | Protag R: -3749.00 | Antag R: 3390.00 | Delivery:  56.8% | Budget Used: 3600.00/4000.0
Ep  564 | Phase: ANTAGON | Ticks: 799 | Protag R: -11979.00 | Antag R: 11608.00 | Delivery:  54.7% | Budget Used: 3720.00/4000.0
Ep  565 | Phase: ANTAGON | Ticks: 794 | Protag R: -14698.00 | Antag R: 14327.00 | Delivery:  41.8% | Budget Used: 3720.00/4000.0
Ep  566 | Phase: ANTAGON | Ticks: 795 | Protag R: -12525.00 | Antag R: 12178.00 | Delivery:  49.0% | Budget Used: 3480.00/4000.0
Ep  567 | Phase: ANTAGON | Ticks: 797 | Protag R: -10271.00 | Antag R: 9900.00 | Delivery:  49.0% | Budget Used: 3720.00/4000.0
Ep  568 | Phase: ANTAGON | Ticks: 790 | Protag R: -11893.00 | Antag R: 11522.00 | Delivery:  51.0% | Budget Used: 3720.00/4000.0
Ep  569 | Phase: ANTAGON | Ticks: 794 | Protag R: -9766.00 | Antag R: 9396.00 | Delivery:  52.0% | Budget Used: 3720.00/4000.0
Ep  570 | Phase: ANTAGON | Ticks: 798 | Protag R: -7152.00 | Antag R: 6781.00 | Delivery:  66.7% | Budget Used: 3720.00/4000.0
Ep  571 | Phase: ANTAGON | Ticks: 794 | Protag R: -7348.00 | Antag R: 6977.00 | Delivery:  52.1% | Budget Used: 3720.00/4000.0
Ep  572 | Phase: ANTAGON | Ticks: 786 | Protag R: -6095.00 | Antag R: 5724.00 | Delivery:  67.6% | Budget Used: 3720.00/4000.0
Ep  573 | Phase: ANTAGON | Ticks: 797 | Protag R: -11055.00 | Antag R: 10684.00 | Delivery:  54.7% | Budget Used: 3720.00/4000.0
Ep  574 | Phase: ANTAGON | Ticks: 798 | Protag R: -10184.00 | Antag R: 9814.00 | Delivery:  57.4% | Budget Used: 3720.00/4000.0
Ep  575 | Phase: ANTAGON | Ticks: 795 | Protag R: -6271.00 | Antag R: 5900.00 | Delivery:  65.0% | Budget Used: 3720.00/4000.0
Ep  576 | Phase: ANTAGON | Ticks: 795 | Protag R: -9171.00 | Antag R: 8799.00 | Delivery:  63.0% | Budget Used: 3720.00/4000.0
Ep  577 | Phase: ANTAGON | Ticks: 786 | Protag R: -6913.00 | Antag R: 6542.00 | Delivery:  66.0% | Budget Used: 3720.00/4000.0
Ep  578 | Phase: ANTAGON | Ticks: 781 | Protag R: -12305.00 | Antag R: 11934.00 | Delivery:  39.3% | Budget Used: 3720.00/4000.0
Ep  579 | Phase: ANTAGON | Ticks: 794 | Protag R: -12483.00 | Antag R: 12112.00 | Delivery:  46.6% | Budget Used: 3720.00/4000.0
Ep  580 | Phase: ANTAGON | Ticks: 793 | Protag R: -13427.00 | Antag R: 13056.00 | Delivery:  45.2% | Budget Used: 3720.00/4000.0
Ep  581 | Phase: ANTAGON | Ticks: 780 | Protag R: -7705.00 | Antag R: 7334.00 | Delivery:  73.2% | Budget Used: 3720.00/4000.0
Ep  582 | Phase: ANTAGON | Ticks: 796 | Protag R: -6676.00 | Antag R: 6305.00 | Delivery:  62.2% | Budget Used: 3720.00/4000.0
Ep  583 | Phase: ANTAGON | Ticks: 791 | Protag R: -8532.00 | Antag R: 8173.00 | Delivery:  40.4% | Budget Used: 3600.00/4000.0
Ep  584 | Phase: ANTAGON | Ticks: 788 | Protag R: -10589.00 | Antag R: 10217.00 | Delivery:  51.1% | Budget Used: 3720.00/4000.0
Ep  585 | Phase: ANTAGON | Ticks: 788 | Protag R: -8146.00 | Antag R: 7775.00 | Delivery:  50.0% | Budget Used: 3720.00/4000.0
Ep  586 | Phase: ANTAGON | Ticks: 796 | Protag R: -10500.00 | Antag R: 10129.00 | Delivery:  49.1% | Budget Used: 3720.00/4000.0
Ep  587 | Phase: ANTAGON | Ticks: 778 | Protag R: -9206.00 | Antag R: 8835.00 | Delivery:  55.8% | Budget Used: 3720.00/4000.0
Ep  588 | Phase: ANTAGON | Ticks: 786 | Protag R: -12024.00 | Antag R: 11653.00 | Delivery:  51.9% | Budget Used: 3720.00/4000.0
Ep  589 | Phase: ANTAGON | Ticks: 779 | Protag R: -4803.00 | Antag R: 4432.00 | Delivery:  53.7% | Budget Used: 3720.00/4000.0
Ep  590 | Phase: ANTAGON | Ticks: 791 | Protag R: -5111.00 | Antag R: 4739.00 | Delivery:  57.9% | Budget Used: 3720.00/4000.0
Ep  591 | Phase: ANTAGON | Ticks: 797 | Protag R: -13332.00 | Antag R: 12961.00 | Delivery:  48.2% | Budget Used: 3720.00/4000.0
Ep  592 | Phase: ANTAGON | Ticks: 789 | Protag R: -3913.00 | Antag R: 3541.00 | Delivery:  67.6% | Budget Used: 3720.00/4000.0
Ep  593 | Phase: ANTAGON | Ticks: 780 | Protag R: -9223.00 | Antag R: 8852.00 | Delivery:  57.7% | Budget Used: 3720.00/4000.0
Ep  594 | Phase: ANTAGON | Ticks: 781 | Protag R: -7331.00 | Antag R: 6960.00 | Delivery:  51.0% | Budget Used: 3720.00/4000.0
Ep  595 | Phase: ANTAGON | Ticks: 785 | Protag R: -4199.00 | Antag R: 3828.00 | Delivery:  66.7% | Budget Used: 3720.00/4000.0
Ep  596 | Phase: ANTAGON | Ticks: 785 | Protag R: -6965.00 | Antag R: 6593.00 | Delivery:  56.8% | Budget Used: 3720.00/4000.0
Ep  597 | Phase: ANTAGON | Ticks: 796 | Protag R: -13292.00 | Antag R: 12921.00 | Delivery:  44.2% | Budget Used: 3720.00/4000.0
Ep  598 | Phase: ANTAGON | Ticks: 798 | Protag R: -7877.00 | Antag R: 7505.00 | Delivery:  52.3% | Budget Used: 3720.00/4000.0
Ep  599 | Phase: ANTAGON | Ticks: 779 | Protag R: -16288.00 | Antag R: 15917.00 | Delivery:  46.0% | Budget Used: 3720.00/4000.0
Ep  600 | Phase: ANTAGON | Ticks: 787 | Protag R: -11177.00 | Antag R: 10806.00 | Delivery:  58.0% | Budget Used: 3720.00/4000.0
  [EVAL ep 600] greedy_atk=7422 learned_atk=7465 gap=+43 +/-369 (neg = learned beats greedy under attack)
Saving checkpoints for both agents before phase switch...

--- Episode 601: Switching training phase to PROTAGONIST ---
Ep  601 | Phase: PROTAGO | Ticks: 782 | Protag R: -5508.00 | Antag R: 5137.00 | Delivery:  51.2% | Budget Used: 3720.00/4000.0
Ep  602 | Phase: PROTAGO | Ticks: 799 | Protag R: -9974.00 | Antag R: 9603.00 | Delivery:  52.3% | Budget Used: 3720.00/4000.0
Ep  603 | Phase: PROTAGO | Ticks: 789 | Protag R: -5083.00 | Antag R: 4712.00 | Delivery:  58.7% | Budget Used: 3720.00/4000.0
Ep  604 | Phase: PROTAGO | Ticks: 793 | Protag R: -8895.00 | Antag R: 8523.00 | Delivery:  64.6% | Budget Used: 3720.00/4000.0
Ep  605 | Phase: PROTAGO | Ticks: 780 | Protag R: -5628.00 | Antag R: 5257.00 | Delivery:  73.7% | Budget Used: 3720.00/4000.0
Ep  606 | Phase: PROTAGO | Ticks: 793 | Protag R: -8481.00 | Antag R: 8121.00 | Delivery:  56.5% | Budget Used: 3600.00/4000.0
Ep  607 | Phase: PROTAGO | Ticks: 778 | Protag R: -3422.00 | Antag R: 3051.00 | Delivery:  65.9% | Budget Used: 3720.00/4000.0
Ep  608 | Phase: PROTAGO | Ticks: 795 | Protag R: -4836.00 | Antag R: 4477.00 | Delivery:  67.4% | Budget Used: 3600.00/4000.0
Ep  609 | Phase: PROTAGO | Ticks: 793 | Protag R: -12210.00 | Antag R: 11839.00 | Delivery:  48.0% | Budget Used: 3720.00/4000.0
Ep  610 | Phase: PROTAGO | Ticks: 780 | Protag R: -9064.00 | Antag R: 8693.00 | Delivery:  57.1% | Budget Used: 3720.00/4000.0
Ep  611 | Phase: PROTAGO | Ticks: 779 | Protag R: -9743.00 | Antag R: 9372.00 | Delivery:  55.8% | Budget Used: 3720.00/4000.0
Ep  612 | Phase: PROTAGO | Ticks: 794 | Protag R: -9683.00 | Antag R: 9312.00 | Delivery:  52.9% | Budget Used: 3720.00/4000.0
Ep  613 | Phase: PROTAGO | Ticks: 789 | Protag R: -16115.00 | Antag R: 15743.00 | Delivery:  39.3% | Budget Used: 3720.00/4000.0
Ep  614 | Phase: PROTAGO | Ticks: 797 | Protag R: -8020.00 | Antag R: 7649.00 | Delivery:  64.3% | Budget Used: 3720.00/4000.0
Ep  615 | Phase: PROTAGO | Ticks: 782 | Protag R: -15424.00 | Antag R: 15053.00 | Delivery:  45.0% | Budget Used: 3720.00/4000.0
Ep  616 | Phase: PROTAGO | Ticks: 793 | Protag R: -7521.00 | Antag R: 7150.00 | Delivery:  59.2% | Budget Used: 3720.00/4000.0
Ep  617 | Phase: PROTAGO | Ticks: 798 | Protag R: -5377.00 | Antag R: 5006.00 | Delivery:  77.8% | Budget Used: 3720.00/4000.0
Ep  618 | Phase: PROTAGO | Ticks: 799 | Protag R: -6168.00 | Antag R: 5796.00 | Delivery:  61.9% | Budget Used: 3720.00/4000.0
Ep  619 | Phase: PROTAGO | Ticks: 776 | Protag R: -7178.00 | Antag R: 6807.00 | Delivery:  62.8% | Budget Used: 3720.00/4000.0
Ep  620 | Phase: PROTAGO | Ticks: 778 | Protag R: -5240.00 | Antag R: 4868.00 | Delivery:  72.5% | Budget Used: 3720.00/4000.0
Ep  621 | Phase: PROTAGO | Ticks: 781 | Protag R: -11268.00 | Antag R: 10896.00 | Delivery:  47.9% | Budget Used: 3720.00/4000.0
Ep  622 | Phase: PROTAGO | Ticks: 779 | Protag R: -10285.00 | Antag R: 9914.00 | Delivery:  59.6% | Budget Used: 3720.00/4000.0
Ep  623 | Phase: PROTAGO | Ticks: 787 | Protag R: -10697.00 | Antag R: 10325.00 | Delivery:  43.1% | Budget Used: 3720.00/4000.0
Ep  624 | Phase: PROTAGO | Ticks: 797 | Protag R: -8537.00 | Antag R: 8166.00 | Delivery:  55.1% | Budget Used: 3720.00/4000.0
Ep  625 | Phase: PROTAGO | Ticks: 780 | Protag R: -8963.00 | Antag R: 8592.00 | Delivery:  55.8% | Budget Used: 3720.00/4000.0
Ep  626 | Phase: PROTAGO | Ticks: 788 | Protag R: -11072.00 | Antag R: 10701.00 | Delivery:  50.9% | Budget Used: 3720.00/4000.0
Ep  627 | Phase: PROTAGO | Ticks: 796 | Protag R: -7923.00 | Antag R: 7552.00 | Delivery:  63.0% | Budget Used: 3720.00/4000.0
Ep  628 | Phase: PROTAGO | Ticks: 788 | Protag R: -5496.00 | Antag R: 5125.00 | Delivery:  55.3% | Budget Used: 3720.00/4000.0
Ep  629 | Phase: PROTAGO | Ticks: 780 | Protag R: -8571.00 | Antag R: 8212.00 | Delivery:  59.6% | Budget Used: 3600.00/4000.0
Ep  630 | Phase: PROTAGO | Ticks: 791 | Protag R: -11087.00 | Antag R: 10716.00 | Delivery:  42.6% | Budget Used: 3720.00/4000.0
Ep  631 | Phase: PROTAGO | Ticks: 786 | Protag R: -12382.00 | Antag R: 12010.00 | Delivery:  49.1% | Budget Used: 3720.00/4000.0
Ep  632 | Phase: PROTAGO | Ticks: 783 | Protag R: -4905.00 | Antag R: 4533.00 | Delivery:  65.8% | Budget Used: 3720.00/4000.0
Ep  633 | Phase: PROTAGO | Ticks: 784 | Protag R: -5516.00 | Antag R: 5157.00 | Delivery:  67.4% | Budget Used: 3600.00/4000.0
Ep  634 | Phase: PROTAGO | Ticks: 796 | Protag R: -7235.00 | Antag R: 6876.00 | Delivery:  58.1% | Budget Used: 3600.00/4000.0
Ep  635 | Phase: PROTAGO | Ticks: 789 | Protag R: -14464.00 | Antag R: 14093.00 | Delivery:  42.1% | Budget Used: 3720.00/4000.0
Ep  636 | Phase: PROTAGO | Ticks: 794 | Protag R: -11582.00 | Antag R: 11211.00 | Delivery:  43.1% | Budget Used: 3720.00/4000.0
Ep  637 | Phase: PROTAGO | Ticks: 795 | Protag R: -6043.00 | Antag R: 5672.00 | Delivery:  60.5% | Budget Used: 3720.00/4000.0
Ep  638 | Phase: PROTAGO | Ticks: 788 | Protag R: -13378.00 | Antag R: 13007.00 | Delivery:  34.7% | Budget Used: 3720.00/4000.0
Ep  639 | Phase: PROTAGO | Ticks: 794 | Protag R: -7603.00 | Antag R: 7232.00 | Delivery:  65.9% | Budget Used: 3720.00/4000.0
Ep  640 | Phase: PROTAGO | Ticks: 796 | Protag R: -11366.00 | Antag R: 10995.00 | Delivery:  54.3% | Budget Used: 3720.00/4000.0
Ep  641 | Phase: PROTAGO | Ticks: 799 | Protag R: -7878.00 | Antag R: 7506.00 | Delivery:  48.0% | Budget Used: 3720.00/4000.0
Ep  642 | Phase: PROTAGO | Ticks: 799 | Protag R: -8643.00 | Antag R: 8272.00 | Delivery:  63.8% | Budget Used: 3720.00/4000.0
Ep  643 | Phase: PROTAGO | Ticks: 780 | Protag R: -9080.00 | Antag R: 8709.00 | Delivery:  60.8% | Budget Used: 3720.00/4000.0
Ep  644 | Phase: PROTAGO | Ticks: 798 | Protag R: -13333.00 | Antag R: 12962.00 | Delivery:  45.8% | Budget Used: 3720.00/4000.0
Ep  645 | Phase: PROTAGO | Ticks: 791 | Protag R: -8792.00 | Antag R: 8421.00 | Delivery:  50.0% | Budget Used: 3720.00/4000.0
Ep  646 | Phase: PROTAGO | Ticks: 795 | Protag R: -5009.00 | Antag R: 4638.00 | Delivery:  65.8% | Budget Used: 3720.00/4000.0
Ep  647 | Phase: PROTAGO | Ticks: 797 | Protag R: -9139.00 | Antag R: 8780.00 | Delivery:  58.3% | Budget Used: 3600.00/4000.0
Ep  648 | Phase: PROTAGO | Ticks: 795 | Protag R: -12170.00 | Antag R: 11811.00 | Delivery:  50.9% | Budget Used: 3600.00/4000.0
Ep  649 | Phase: PROTAGO | Ticks: 783 | Protag R: -10789.00 | Antag R: 10418.00 | Delivery:  50.9% | Budget Used: 3720.00/4000.0
Ep  650 | Phase: PROTAGO | Ticks: 790 | Protag R: -11904.00 | Antag R: 11533.00 | Delivery:  45.5% | Budget Used: 3720.00/4000.0
  [EVAL ep 650] greedy_atk=7422 learned_atk=7806 gap=+383 +/-107 (neg = learned beats greedy under attack)
Saving checkpoints for both agents before phase switch...

--- Episode 651: Switching training phase to ANTAGONIST ---
Ep  651 | Phase: ANTAGON | Ticks: 782 | Protag R: -9418.00 | Antag R: 9058.00 | Delivery:  44.9% | Budget Used: 3600.00/4000.0
Ep  652 | Phase: ANTAGON | Ticks: 792 | Protag R: -7129.00 | Antag R: 6758.00 | Delivery:  44.2% | Budget Used: 3720.00/4000.0
Ep  653 | Phase: ANTAGON | Ticks: 789 | Protag R: -13856.00 | Antag R: 13485.00 | Delivery:  46.0% | Budget Used: 3720.00/4000.0
Ep  654 | Phase: ANTAGON | Ticks: 793 | Protag R: -12463.00 | Antag R: 12091.00 | Delivery:  50.0% | Budget Used: 3720.00/4000.0
Ep  655 | Phase: ANTAGON | Ticks: 782 | Protag R: -9470.00 | Antag R: 9098.00 | Delivery:  52.8% | Budget Used: 3720.00/4000.0
Ep  656 | Phase: ANTAGON | Ticks: 792 | Protag R: -5905.00 | Antag R: 5534.00 | Delivery:  61.4% | Budget Used: 3720.00/4000.0
Ep  657 | Phase: ANTAGON | Ticks: 789 | Protag R: -10649.00 | Antag R: 10278.00 | Delivery:  58.3% | Budget Used: 3720.00/4000.0
Ep  658 | Phase: ANTAGON | Ticks: 791 | Protag R: -3525.00 | Antag R: 3154.00 | Delivery:  63.4% | Budget Used: 3720.00/4000.0
Ep  659 | Phase: ANTAGON | Ticks: 787 | Protag R: -8242.00 | Antag R: 7871.00 | Delivery:  60.0% | Budget Used: 3720.00/4000.0
Ep  660 | Phase: ANTAGON | Ticks: 792 | Protag R: -5404.00 | Antag R: 5032.00 | Delivery:  52.4% | Budget Used: 3720.00/4000.0
Ep  661 | Phase: ANTAGON | Ticks: 795 | Protag R: -8556.00 | Antag R: 8185.00 | Delivery:  64.4% | Budget Used: 3720.00/4000.0
Ep  662 | Phase: ANTAGON | Ticks: 797 | Protag R: -8159.00 | Antag R: 7788.00 | Delivery:  60.9% | Budget Used: 3720.00/4000.0
Ep  663 | Phase: ANTAGON | Ticks: 798 | Protag R: -7251.00 | Antag R: 6880.00 | Delivery:  58.2% | Budget Used: 3720.00/4000.0
Ep  664 | Phase: ANTAGON | Ticks: 791 | Protag R: -9911.00 | Antag R: 9540.00 | Delivery:  67.4% | Budget Used: 3720.00/4000.0
Ep  665 | Phase: ANTAGON | Ticks: 782 | Protag R: -8090.00 | Antag R: 7718.00 | Delivery:  57.5% | Budget Used: 3720.00/4000.0
Ep  666 | Phase: ANTAGON | Ticks: 782 | Protag R: -8059.00 | Antag R: 7687.00 | Delivery:  50.0% | Budget Used: 3720.00/4000.0
Ep  667 | Phase: ANTAGON | Ticks: 794 | Protag R: -11657.00 | Antag R: 11286.00 | Delivery:  51.0% | Budget Used: 3720.00/4000.0
Ep  668 | Phase: ANTAGON | Ticks: 799 | Protag R: -17650.00 | Antag R: 17279.00 | Delivery:  38.7% | Budget Used: 3720.00/4000.0
Ep  669 | Phase: ANTAGON | Ticks: 791 | Protag R: -5480.00 | Antag R: 5109.00 | Delivery:  65.1% | Budget Used: 3720.00/4000.0
Ep  670 | Phase: ANTAGON | Ticks: 799 | Protag R: -7214.00 | Antag R: 6843.00 | Delivery:  53.7% | Budget Used: 3720.00/4000.0
Ep  671 | Phase: ANTAGON | Ticks: 781 | Protag R: -8710.00 | Antag R: 8339.00 | Delivery:  60.9% | Budget Used: 3720.00/4000.0
Ep  672 | Phase: ANTAGON | Ticks: 785 | Protag R: -7525.00 | Antag R: 7153.00 | Delivery:  58.5% | Budget Used: 3720.00/4000.0
Ep  673 | Phase: ANTAGON | Ticks: 794 | Protag R: -7039.00 | Antag R: 6668.00 | Delivery:  58.1% | Budget Used: 3720.00/4000.0
Ep  674 | Phase: ANTAGON | Ticks: 781 | Protag R: -14732.00 | Antag R: 14361.00 | Delivery:  45.9% | Budget Used: 3720.00/4000.0
Ep  675 | Phase: ANTAGON | Ticks: 787 | Protag R: -11671.00 | Antag R: 11300.00 | Delivery:  45.5% | Budget Used: 3720.00/4000.0
Ep  676 | Phase: ANTAGON | Ticks: 796 | Protag R: -11587.00 | Antag R: 11216.00 | Delivery:  51.8% | Budget Used: 3720.00/4000.0
Ep  677 | Phase: ANTAGON | Ticks: 792 | Protag R: -8653.00 | Antag R: 8282.00 | Delivery:  66.7% | Budget Used: 3720.00/4000.0
Ep  678 | Phase: ANTAGON | Ticks: 787 | Protag R: -4311.00 | Antag R: 3939.00 | Delivery:  66.7% | Budget Used: 3720.00/4000.0
Ep  679 | Phase: ANTAGON | Ticks: 797 | Protag R: -7699.00 | Antag R: 7328.00 | Delivery:  48.9% | Budget Used: 3720.00/4000.0
Ep  680 | Phase: ANTAGON | Ticks: 790 | Protag R: -11151.00 | Antag R: 10780.00 | Delivery:  43.8% | Budget Used: 3720.00/4000.0
Ep  681 | Phase: ANTAGON | Ticks: 787 | Protag R: -9577.00 | Antag R: 9206.00 | Delivery:  55.8% | Budget Used: 3720.00/4000.0
Ep  682 | Phase: ANTAGON | Ticks: 798 | Protag R: -10133.00 | Antag R: 9762.00 | Delivery:  56.9% | Budget Used: 3720.00/4000.0
Ep  683 | Phase: ANTAGON | Ticks: 794 | Protag R: -6813.00 | Antag R: 6442.00 | Delivery:  55.6% | Budget Used: 3720.00/4000.0
Ep  684 | Phase: ANTAGON | Ticks: 794 | Protag R: -8392.00 | Antag R: 8021.00 | Delivery:  54.8% | Budget Used: 3720.00/4000.0
Ep  685 | Phase: ANTAGON | Ticks: 788 | Protag R: -8042.00 | Antag R: 7670.00 | Delivery:  53.1% | Budget Used: 3720.00/4000.0
Ep  686 | Phase: ANTAGON | Ticks: 798 | Protag R: -7650.00 | Antag R: 7279.00 | Delivery:  58.3% | Budget Used: 3720.00/4000.0
Ep  687 | Phase: ANTAGON | Ticks: 791 | Protag R: -3150.00 | Antag R: 2778.00 | Delivery:  69.4% | Budget Used: 3720.00/4000.0
Ep  688 | Phase: ANTAGON | Ticks: 789 | Protag R: -8906.00 | Antag R: 8547.00 | Delivery:  41.2% | Budget Used: 3600.00/4000.0
Ep  689 | Phase: ANTAGON | Ticks: 775 | Protag R: -9958.00 | Antag R: 9587.00 | Delivery:  56.2% | Budget Used: 3720.00/4000.0
Ep  690 | Phase: ANTAGON | Ticks: 793 | Protag R: -10528.00 | Antag R: 10156.00 | Delivery:  44.7% | Budget Used: 3720.00/4000.0
Ep  691 | Phase: ANTAGON | Ticks: 791 | Protag R: -7395.00 | Antag R: 7024.00 | Delivery:  52.1% | Budget Used: 3720.00/4000.0
Ep  692 | Phase: ANTAGON | Ticks: 794 | Protag R: -13541.00 | Antag R: 13170.00 | Delivery:  46.4% | Budget Used: 3720.00/4000.0
Ep  693 | Phase: ANTAGON | Ticks: 792 | Protag R: -4739.00 | Antag R: 4368.00 | Delivery:  63.0% | Budget Used: 3720.00/4000.0
Ep  694 | Phase: ANTAGON | Ticks: 775 | Protag R: -9525.00 | Antag R: 9166.00 | Delivery:  49.0% | Budget Used: 3600.00/4000.0
Ep  695 | Phase: ANTAGON | Ticks: 789 | Protag R: -5807.00 | Antag R: 5448.00 | Delivery:  65.2% | Budget Used: 3600.00/4000.0
Ep  696 | Phase: ANTAGON | Ticks: 780 | Protag R: -6495.00 | Antag R: 6123.00 | Delivery:  54.5% | Budget Used: 3720.00/4000.0
Ep  697 | Phase: ANTAGON | Ticks: 793 | Protag R: -7980.00 | Antag R: 7609.00 | Delivery:  62.2% | Budget Used: 3720.00/4000.0
Ep  698 | Phase: ANTAGON | Ticks: 782 | Protag R: -4502.00 | Antag R: 4131.00 | Delivery:  73.0% | Budget Used: 3720.00/4000.0
Ep  699 | Phase: ANTAGON | Ticks: 798 | Protag R: -11486.00 | Antag R: 11115.00 | Delivery:  50.0% | Budget Used: 3720.00/4000.0
Ep  700 | Phase: ANTAGON | Ticks: 786 | Protag R: -5678.00 | Antag R: 5307.00 | Delivery:  59.1% | Budget Used: 3720.00/4000.0
  [EVAL ep 700] greedy_atk=7931 learned_atk=7875 gap=-56 +/-576 (neg = learned beats greedy under attack)
Saving checkpoints for both agents before phase switch...

--- Episode 701: Switching training phase to PROTAGONIST ---
Ep  701 | Phase: PROTAGO | Ticks: 791 | Protag R: -9121.00 | Antag R: 8750.00 | Delivery:  62.2% | Budget Used: 3720.00/4000.0
Ep  702 | Phase: PROTAGO | Ticks: 798 | Protag R: -17021.00 | Antag R: 16650.00 | Delivery:  36.5% | Budget Used: 3720.00/4000.0
Ep  703 | Phase: PROTAGO | Ticks: 795 | Protag R: -11762.00 | Antag R: 11391.00 | Delivery:  47.2% | Budget Used: 3720.00/4000.0
Ep  704 | Phase: PROTAGO | Ticks: 795 | Protag R: -2832.00 | Antag R: 2461.00 | Delivery:  82.9% | Budget Used: 3720.00/4000.0
Ep  705 | Phase: PROTAGO | Ticks: 791 | Protag R: -7598.00 | Antag R: 7227.00 | Delivery:  46.8% | Budget Used: 3720.00/4000.0
Ep  706 | Phase: PROTAGO | Ticks: 787 | Protag R: -9588.00 | Antag R: 9217.00 | Delivery:  54.5% | Budget Used: 3720.00/4000.0
Ep  707 | Phase: PROTAGO | Ticks: 787 | Protag R: -7102.00 | Antag R: 6731.00 | Delivery:  55.8% | Budget Used: 3720.00/4000.0
Ep  708 | Phase: PROTAGO | Ticks: 783 | Protag R: -6540.00 | Antag R: 6169.00 | Delivery:  56.1% | Budget Used: 3720.00/4000.0
Ep  709 | Phase: PROTAGO | Ticks: 798 | Protag R: -13072.00 | Antag R: 12701.00 | Delivery:  55.4% | Budget Used: 3720.00/4000.0
Ep  710 | Phase: PROTAGO | Ticks: 785 | Protag R: -9872.00 | Antag R: 9501.00 | Delivery:  53.2% | Budget Used: 3720.00/4000.0
Ep  711 | Phase: PROTAGO | Ticks: 776 | Protag R: -8999.00 | Antag R: 8627.00 | Delivery:  53.2% | Budget Used: 3720.00/4000.0
Ep  712 | Phase: PROTAGO | Ticks: 794 | Protag R: -5327.00 | Antag R: 4956.00 | Delivery:  62.5% | Budget Used: 3720.00/4000.0
Ep  713 | Phase: PROTAGO | Ticks: 790 | Protag R: -6030.00 | Antag R: 5659.00 | Delivery:  63.6% | Budget Used: 3720.00/4000.0
Ep  714 | Phase: PROTAGO | Ticks: 793 | Protag R: -8193.00 | Antag R: 7822.00 | Delivery:  54.2% | Budget Used: 3720.00/4000.0
Ep  715 | Phase: PROTAGO | Ticks: 798 | Protag R: -11359.00 | Antag R: 10988.00 | Delivery:  54.9% | Budget Used: 3720.00/4000.0
Ep  716 | Phase: PROTAGO | Ticks: 798 | Protag R: -14522.00 | Antag R: 14151.00 | Delivery:  47.2% | Budget Used: 3720.00/4000.0
Ep  717 | Phase: PROTAGO | Ticks: 786 | Protag R: -9175.00 | Antag R: 8804.00 | Delivery:  52.9% | Budget Used: 3720.00/4000.0
Ep  718 | Phase: PROTAGO | Ticks: 794 | Protag R: -9732.00 | Antag R: 9361.00 | Delivery:  56.0% | Budget Used: 3720.00/4000.0
Ep  719 | Phase: PROTAGO | Ticks: 798 | Protag R: -8365.00 | Antag R: 7994.00 | Delivery:  51.9% | Budget Used: 3720.00/4000.0
Ep  720 | Phase: PROTAGO | Ticks: 793 | Protag R: -8224.00 | Antag R: 7853.00 | Delivery:  60.0% | Budget Used: 3720.00/4000.0
Ep  721 | Phase: PROTAGO | Ticks: 799 | Protag R: -6492.00 | Antag R: 6133.00 | Delivery:  66.7% | Budget Used: 3600.00/4000.0
Ep  722 | Phase: PROTAGO | Ticks: 798 | Protag R: -13210.00 | Antag R: 12839.00 | Delivery:  44.9% | Budget Used: 3720.00/4000.0
Ep  723 | Phase: PROTAGO | Ticks: 792 | Protag R: -9743.00 | Antag R: 9372.00 | Delivery:  50.0% | Budget Used: 3720.00/4000.0
Ep  724 | Phase: PROTAGO | Ticks: 791 | Protag R: -4274.00 | Antag R: 3903.00 | Delivery:  75.0% | Budget Used: 3720.00/4000.0
Ep  725 | Phase: PROTAGO | Ticks: 798 | Protag R: -5115.00 | Antag R: 4743.00 | Delivery:  64.4% | Budget Used: 3720.00/4000.0
Ep  726 | Phase: PROTAGO | Ticks: 797 | Protag R: -7285.00 | Antag R: 6914.00 | Delivery:  60.0% | Budget Used: 3720.00/4000.0
Ep  727 | Phase: PROTAGO | Ticks: 784 | Protag R: -13979.00 | Antag R: 13608.00 | Delivery:  45.6% | Budget Used: 3720.00/4000.0
Ep  728 | Phase: PROTAGO | Ticks: 796 | Protag R: -9215.00 | Antag R: 8844.00 | Delivery:  52.9% | Budget Used: 3720.00/4000.0
Ep  729 | Phase: PROTAGO | Ticks: 783 | Protag R: -7756.00 | Antag R: 7385.00 | Delivery:  65.9% | Budget Used: 3720.00/4000.0
Ep  730 | Phase: PROTAGO | Ticks: 780 | Protag R: -10838.00 | Antag R: 10467.00 | Delivery:  52.7% | Budget Used: 3720.00/4000.0
Ep  731 | Phase: PROTAGO | Ticks: 789 | Protag R: -7858.00 | Antag R: 7487.00 | Delivery:  60.4% | Budget Used: 3720.00/4000.0
Ep  732 | Phase: PROTAGO | Ticks: 794 | Protag R: -9635.00 | Antag R: 9264.00 | Delivery:  55.1% | Budget Used: 3720.00/4000.0
Ep  733 | Phase: PROTAGO | Ticks: 799 | Protag R: -4325.00 | Antag R: 3954.00 | Delivery:  70.0% | Budget Used: 3720.00/4000.0
Ep  734 | Phase: PROTAGO | Ticks: 786 | Protag R: -10393.00 | Antag R: 10021.00 | Delivery:  52.8% | Budget Used: 3720.00/4000.0
Ep  735 | Phase: PROTAGO | Ticks: 799 | Protag R: -5851.00 | Antag R: 5480.00 | Delivery:  62.5% | Budget Used: 3720.00/4000.0
Ep  736 | Phase: PROTAGO | Ticks: 789 | Protag R: -9282.00 | Antag R: 8911.00 | Delivery:  52.7% | Budget Used: 3720.00/4000.0
Ep  737 | Phase: PROTAGO | Ticks: 782 | Protag R: -8456.00 | Antag R: 8085.00 | Delivery:  58.8% | Budget Used: 3720.00/4000.0
Ep  738 | Phase: PROTAGO | Ticks: 786 | Protag R: -5906.00 | Antag R: 5535.00 | Delivery:  62.2% | Budget Used: 3720.00/4000.0
Ep  739 | Phase: PROTAGO | Ticks: 798 | Protag R: -4266.00 | Antag R: 3895.00 | Delivery:  70.0% | Budget Used: 3720.00/4000.0
Ep  740 | Phase: PROTAGO | Ticks: 790 | Protag R: -8366.00 | Antag R: 7994.00 | Delivery:  63.4% | Budget Used: 3720.00/4000.0
Ep  741 | Phase: PROTAGO | Ticks: 797 | Protag R: -5607.00 | Antag R: 5236.00 | Delivery:  62.2% | Budget Used: 3720.00/4000.0
Ep  742 | Phase: PROTAGO | Ticks: 797 | Protag R: -3809.00 | Antag R: 3438.00 | Delivery:  61.1% | Budget Used: 3720.00/4000.0
Ep  743 | Phase: PROTAGO | Ticks: 775 | Protag R: -7396.00 | Antag R: 7025.00 | Delivery:  64.1% | Budget Used: 3720.00/4000.0
Ep  744 | Phase: PROTAGO | Ticks: 797 | Protag R: -13970.00 | Antag R: 13599.00 | Delivery:  49.1% | Budget Used: 3720.00/4000.0
Ep  745 | Phase: PROTAGO | Ticks: 797 | Protag R: -9824.00 | Antag R: 9453.00 | Delivery:  54.5% | Budget Used: 3720.00/4000.0
Ep  746 | Phase: PROTAGO | Ticks: 776 | Protag R: -7702.00 | Antag R: 7331.00 | Delivery:  59.6% | Budget Used: 3720.00/4000.0
Ep  747 | Phase: PROTAGO | Ticks: 796 | Protag R: -3804.00 | Antag R: 3432.00 | Delivery:  66.7% | Budget Used: 3720.00/4000.0
Ep  748 | Phase: PROTAGO | Ticks: 797 | Protag R: -7817.00 | Antag R: 7446.00 | Delivery:  55.4% | Budget Used: 3720.00/4000.0
Ep  749 | Phase: PROTAGO | Ticks: 794 | Protag R: -8203.00 | Antag R: 7831.00 | Delivery:  63.6% | Budget Used: 3720.00/4000.0
Ep  750 | Phase: PROTAGO | Ticks: 792 | Protag R: -14572.00 | Antag R: 14201.00 | Delivery:  41.1% | Budget Used: 3720.00/4000.0
  [EVAL ep 750] greedy_atk=7931 learned_atk=7459 gap=-472 +/-454 (neg = learned beats greedy under attack)
Saving checkpoints for both agents before phase switch...

--- Episode 751: Switching training phase to ANTAGONIST ---
Ep  751 | Phase: ANTAGON | Ticks: 788 | Protag R: -8307.00 | Antag R: 7935.00 | Delivery:  54.8% | Budget Used: 3720.00/4000.0
Ep  752 | Phase: ANTAGON | Ticks: 798 | Protag R: -8616.00 | Antag R: 8244.00 | Delivery:  57.1% | Budget Used: 3720.00/4000.0
Ep  753 | Phase: ANTAGON | Ticks: 798 | Protag R: -11499.00 | Antag R: 11128.00 | Delivery:  51.9% | Budget Used: 3720.00/4000.0
Ep  754 | Phase: ANTAGON | Ticks: 795 | Protag R: -8964.00 | Antag R: 8593.00 | Delivery:  54.0% | Budget Used: 3720.00/4000.0
Ep  755 | Phase: ANTAGON | Ticks: 785 | Protag R: -5341.00 | Antag R: 4970.00 | Delivery:  65.2% | Budget Used: 3720.00/4000.0
Ep  756 | Phase: ANTAGON | Ticks: 788 | Protag R: -10839.00 | Antag R: 10468.00 | Delivery:  52.6% | Budget Used: 3720.00/4000.0
Ep  757 | Phase: ANTAGON | Ticks: 782 | Protag R: -3356.00 | Antag R: 2996.00 | Delivery:  72.5% | Budget Used: 3600.00/4000.0
Ep  758 | Phase: ANTAGON | Ticks: 799 | Protag R: -8120.00 | Antag R: 7749.00 | Delivery:  70.0% | Budget Used: 3720.00/4000.0
Ep  759 | Phase: ANTAGON | Ticks: 792 | Protag R: -7169.00 | Antag R: 6810.00 | Delivery:  57.8% | Budget Used: 3600.00/4000.0
Ep  760 | Phase: ANTAGON | Ticks: 783 | Protag R: -8832.00 | Antag R: 8461.00 | Delivery:  51.1% | Budget Used: 3720.00/4000.0
Ep  761 | Phase: ANTAGON | Ticks: 796 | Protag R: -6660.00 | Antag R: 6288.00 | Delivery:  56.8% | Budget Used: 3720.00/4000.0
Ep  762 | Phase: ANTAGON | Ticks: 787 | Protag R: -7098.00 | Antag R: 6752.00 | Delivery:  62.7% | Budget Used: 3480.00/4000.0
Ep  763 | Phase: ANTAGON | Ticks: 789 | Protag R: -7132.00 | Antag R: 6760.00 | Delivery:  64.1% | Budget Used: 3720.00/4000.0
Ep  764 | Phase: ANTAGON | Ticks: 791 | Protag R: -7301.00 | Antag R: 6930.00 | Delivery:  65.8% | Budget Used: 3720.00/4000.0
Ep  765 | Phase: ANTAGON | Ticks: 775 | Protag R: -11347.00 | Antag R: 10975.00 | Delivery:  38.8% | Budget Used: 3720.00/4000.0
Ep  766 | Phase: ANTAGON | Ticks: 794 | Protag R: -6556.00 | Antag R: 6196.00 | Delivery:  63.8% | Budget Used: 3600.00/4000.0
Ep  767 | Phase: ANTAGON | Ticks: 799 | Protag R: -8412.00 | Antag R: 8041.00 | Delivery:  53.1% | Budget Used: 3720.00/4000.0
Ep  768 | Phase: ANTAGON | Ticks: 775 | Protag R: -13303.00 | Antag R: 12932.00 | Delivery:  40.7% | Budget Used: 3720.00/4000.0
Ep  769 | Phase: ANTAGON | Ticks: 795 | Protag R: -12177.00 | Antag R: 11806.00 | Delivery:  49.1% | Budget Used: 3720.00/4000.0
Ep  770 | Phase: ANTAGON | Ticks: 794 | Protag R: -6681.00 | Antag R: 6310.00 | Delivery:  64.1% | Budget Used: 3720.00/4000.0
Ep  771 | Phase: ANTAGON | Ticks: 784 | Protag R: -12951.00 | Antag R: 12579.00 | Delivery:  49.1% | Budget Used: 3720.00/4000.0
Ep  772 | Phase: ANTAGON | Ticks: 780 | Protag R: -8745.00 | Antag R: 8374.00 | Delivery:  56.5% | Budget Used: 3720.00/4000.0
Ep  773 | Phase: ANTAGON | Ticks: 798 | Protag R: -11071.00 | Antag R: 10701.00 | Delivery:  44.0% | Budget Used: 3720.00/4000.0
Ep  774 | Phase: ANTAGON | Ticks: 794 | Protag R: -11257.00 | Antag R: 10885.00 | Delivery:  48.1% | Budget Used: 3720.00/4000.0
Ep  775 | Phase: ANTAGON | Ticks: 788 | Protag R: -11162.00 | Antag R: 10791.00 | Delivery:  48.1% | Budget Used: 3720.00/4000.0
Ep  776 | Phase: ANTAGON | Ticks: 786 | Protag R: -8241.00 | Antag R: 7869.00 | Delivery:  54.5% | Budget Used: 3720.00/4000.0
Ep  777 | Phase: ANTAGON | Ticks: 798 | Protag R: -10422.00 | Antag R: 10062.00 | Delivery:  53.8% | Budget Used: 3600.00/4000.0
Ep  778 | Phase: ANTAGON | Ticks: 787 | Protag R: -9691.00 | Antag R: 9320.00 | Delivery:  46.2% | Budget Used: 3720.00/4000.0
Ep  779 | Phase: ANTAGON | Ticks: 786 | Protag R: -6252.00 | Antag R: 5881.00 | Delivery:  68.4% | Budget Used: 3720.00/4000.0
Ep  780 | Phase: ANTAGON | Ticks: 797 | Protag R: -9952.00 | Antag R: 9580.00 | Delivery:  53.1% | Budget Used: 3720.00/4000.0
Ep  781 | Phase: ANTAGON | Ticks: 794 | Protag R: -8714.00 | Antag R: 8343.00 | Delivery:  52.9% | Budget Used: 3720.00/4000.0
Ep  782 | Phase: ANTAGON | Ticks: 789 | Protag R: -7369.00 | Antag R: 6997.00 | Delivery:  63.0% | Budget Used: 3720.00/4000.0
Ep  783 | Phase: ANTAGON | Ticks: 777 | Protag R: -9163.00 | Antag R: 8792.00 | Delivery:  56.4% | Budget Used: 3720.00/4000.0
Ep  784 | Phase: ANTAGON | Ticks: 785 | Protag R: -14562.00 | Antag R: 14191.00 | Delivery:  50.0% | Budget Used: 3720.00/4000.0
Ep  785 | Phase: ANTAGON | Ticks: 799 | Protag R: -8239.00 | Antag R: 7868.00 | Delivery:  59.2% | Budget Used: 3720.00/4000.0
Ep  786 | Phase: ANTAGON | Ticks: 792 | Protag R: -6853.00 | Antag R: 6493.00 | Delivery:  63.6% | Budget Used: 3600.00/4000.0
Ep  787 | Phase: ANTAGON | Ticks: 775 | Protag R: -14675.00 | Antag R: 14304.00 | Delivery:  47.3% | Budget Used: 3720.00/4000.0
Ep  788 | Phase: ANTAGON | Ticks: 795 | Protag R: -12360.00 | Antag R: 11989.00 | Delivery:  46.2% | Budget Used: 3720.00/4000.0
Ep  789 | Phase: ANTAGON | Ticks: 785 | Protag R: -21033.00 | Antag R: 20673.00 | Delivery:  32.4% | Budget Used: 3600.00/4000.0
Ep  790 | Phase: ANTAGON | Ticks: 797 | Protag R: -8282.00 | Antag R: 7911.00 | Delivery:  50.0% | Budget Used: 3720.00/4000.0
Ep  791 | Phase: ANTAGON | Ticks: 797 | Protag R: -10134.00 | Antag R: 9763.00 | Delivery:  60.4% | Budget Used: 3720.00/4000.0
Ep  792 | Phase: ANTAGON | Ticks: 797 | Protag R: -6655.00 | Antag R: 6284.00 | Delivery:  51.3% | Budget Used: 3720.00/4000.0
Ep  793 | Phase: ANTAGON | Ticks: 796 | Protag R: -10809.00 | Antag R: 10437.00 | Delivery:  52.1% | Budget Used: 3720.00/4000.0
Ep  794 | Phase: ANTAGON | Ticks: 796 | Protag R: -9282.00 | Antag R: 8911.00 | Delivery:  52.2% | Budget Used: 3720.00/4000.0
Ep  795 | Phase: ANTAGON | Ticks: 798 | Protag R: -4999.00 | Antag R: 4628.00 | Delivery:  78.8% | Budget Used: 3720.00/4000.0
Ep  796 | Phase: ANTAGON | Ticks: 777 | Protag R: -7496.00 | Antag R: 7125.00 | Delivery:  59.1% | Budget Used: 3720.00/4000.0
Ep  797 | Phase: ANTAGON | Ticks: 794 | Protag R: -15038.00 | Antag R: 14667.00 | Delivery:  44.8% | Budget Used: 3720.00/4000.0
Ep  798 | Phase: ANTAGON | Ticks: 784 | Protag R: -6632.00 | Antag R: 6261.00 | Delivery:  62.2% | Budget Used: 3720.00/4000.0
Ep  799 | Phase: ANTAGON | Ticks: 779 | Protag R: -5940.00 | Antag R: 5569.00 | Delivery:  62.2% | Budget Used: 3720.00/4000.0
Ep  800 | Phase: ANTAGON | Ticks: 793 | Protag R: -14733.00 | Antag R: 14362.00 | Delivery:  43.3% | Budget Used: 3720.00/4000.0
  [EVAL ep 800] greedy_atk=8450 learned_atk=8535 gap=+85 +/-771 (neg = learned beats greedy under attack)
Saved coevolved protagonist actor to models/runs/gen02_dynassign/dynassign_seed1/protagonist/actor.pt
Saved coevolved antagonist actor to models/runs/gen02_dynassign/dynassign_seed1/antagonist/actor.pt
Saved copy of protagonist actor as latest to models/protagonist/actor.pt
Saved copy of antagonist actor as latest to models/antagonist/actor.pt

SACRED ATLA Training completed successfully! Logs saved to TensorBoard.
