Seeded run: seed=0
Initializing SACRED Stage-1.5 dynamic assignment (Poisson arrivals, 2 trucks)...
Configuring Protagonist Dispatch Agent...
Configuring Antagonist Congestion Agent...
Initializing ATLA Coevolution Trainer...
Run Name: gen02_dynassign/dynassign_seed0
Starting SACRED ATLA training from scratch for 800 episodes...
Device: Protagonist=cpu, Antagonist=cpu
Alternating every 50 episodes.
Initial Phase: Training PROTAGONIST (Adversary FROZEN)

Ep    1 | Phase: PROTAGO | Ticks: 780 | Protag R: -8732.00 | Antag R: 8373.00 | Delivery:  51.1% | Budget Used: 3600.00/4000.0
Ep    2 | Phase: PROTAGO | Ticks: 797 | Protag R: -9651.00 | Antag R: 9292.00 | Delivery:  55.3% | Budget Used: 3600.00/4000.0
Ep    3 | Phase: PROTAGO | Ticks: 794 | Protag R: -8880.00 | Antag R: 8509.00 | Delivery:  63.0% | Budget Used: 3720.00/4000.0
Ep    4 | Phase: PROTAGO | Ticks: 791 | Protag R: -8410.00 | Antag R: 8039.00 | Delivery:  55.8% | Budget Used: 3720.00/4000.0
Ep    5 | Phase: PROTAGO | Ticks: 785 | Protag R: -8495.00 | Antag R: 8123.00 | Delivery:  45.8% | Budget Used: 3720.00/4000.0
Ep    6 | Phase: PROTAGO | Ticks: 786 | Protag R: -9254.00 | Antag R: 8895.00 | Delivery:  54.0% | Budget Used: 3600.00/4000.0
Ep    7 | Phase: PROTAGO | Ticks: 775 | Protag R: -10292.00 | Antag R: 9921.00 | Delivery:  41.7% | Budget Used: 3720.00/4000.0
Ep    8 | Phase: PROTAGO | Ticks: 790 | Protag R: -9546.00 | Antag R: 9175.00 | Delivery:  53.2% | Budget Used: 3720.00/4000.0
Ep    9 | Phase: PROTAGO | Ticks: 779 | Protag R: -10448.00 | Antag R: 10076.00 | Delivery:  40.8% | Budget Used: 3720.00/4000.0
Ep   10 | Phase: PROTAGO | Ticks: 791 | Protag R: -9876.00 | Antag R: 9504.00 | Delivery:  44.0% | Budget Used: 3720.00/4000.0
Ep   11 | Phase: PROTAGO | Ticks: 799 | Protag R: -9230.00 | Antag R: 8859.00 | Delivery:  58.7% | Budget Used: 3720.00/4000.0
Ep   12 | Phase: PROTAGO | Ticks: 775 | Protag R: -8685.00 | Antag R: 8326.00 | Delivery:  52.2% | Budget Used: 3600.00/4000.0
Ep   13 | Phase: PROTAGO | Ticks: 785 | Protag R: -3559.00 | Antag R: 3212.00 | Delivery:  71.1% | Budget Used: 3480.00/4000.0
Ep   14 | Phase: PROTAGO | Ticks: 796 | Protag R: -13697.00 | Antag R: 13325.00 | Delivery:  44.4% | Budget Used: 3720.00/4000.0
Ep   15 | Phase: PROTAGO | Ticks: 793 | Protag R: -9652.00 | Antag R: 9293.00 | Delivery:  50.0% | Budget Used: 3600.00/4000.0
Ep   16 | Phase: PROTAGO | Ticks: 784 | Protag R: -6040.00 | Antag R: 5669.00 | Delivery:  56.1% | Budget Used: 3720.00/4000.0
Ep   17 | Phase: PROTAGO | Ticks: 775 | Protag R: -6942.00 | Antag R: 6570.00 | Delivery:  54.2% | Budget Used: 3720.00/4000.0
Ep   18 | Phase: PROTAGO | Ticks: 796 | Protag R: -7912.00 | Antag R: 7541.00 | Delivery:  65.9% | Budget Used: 3720.00/4000.0
Ep   19 | Phase: PROTAGO | Ticks: 793 | Protag R: -3486.00 | Antag R: 3114.00 | Delivery:  84.4% | Budget Used: 3720.00/4000.0
Ep   20 | Phase: PROTAGO | Ticks: 783 | Protag R: -6375.00 | Antag R: 6016.00 | Delivery:  60.5% | Budget Used: 3600.00/4000.0
Ep   21 | Phase: PROTAGO | Ticks: 796 | Protag R: -11090.00 | Antag R: 10719.00 | Delivery:  47.1% | Budget Used: 3720.00/4000.0
Ep   22 | Phase: PROTAGO | Ticks: 790 | Protag R: -12702.00 | Antag R: 12355.00 | Delivery:  48.4% | Budget Used: 3480.00/4000.0
Ep   23 | Phase: PROTAGO | Ticks: 781 | Protag R: -8286.00 | Antag R: 7927.00 | Delivery:  61.9% | Budget Used: 3600.00/4000.0
Ep   24 | Phase: PROTAGO | Ticks: 786 | Protag R: -8504.00 | Antag R: 8133.00 | Delivery:  52.8% | Budget Used: 3720.00/4000.0
Ep   25 | Phase: PROTAGO | Ticks: 787 | Protag R: -5972.00 | Antag R: 5601.00 | Delivery:  81.2% | Budget Used: 3720.00/4000.0
Ep   26 | Phase: PROTAGO | Ticks: 785 | Protag R: -15356.00 | Antag R: 14985.00 | Delivery:  44.3% | Budget Used: 3720.00/4000.0
Ep   27 | Phase: PROTAGO | Ticks: 775 | Protag R: -3328.00 | Antag R: 2957.00 | Delivery:  65.6% | Budget Used: 3720.00/4000.0
Ep   28 | Phase: PROTAGO | Ticks: 775 | Protag R: -5521.00 | Antag R: 5150.00 | Delivery:  65.0% | Budget Used: 3720.00/4000.0
Ep   29 | Phase: PROTAGO | Ticks: 782 | Protag R: -10559.00 | Antag R: 10200.00 | Delivery:  46.2% | Budget Used: 3600.00/4000.0
Ep   30 | Phase: PROTAGO | Ticks: 789 | Protag R: -9541.00 | Antag R: 9170.00 | Delivery:  57.8% | Budget Used: 3720.00/4000.0
Ep   31 | Phase: PROTAGO | Ticks: 787 | Protag R: -13676.00 | Antag R: 13305.00 | Delivery:  46.6% | Budget Used: 3720.00/4000.0
Ep   32 | Phase: PROTAGO | Ticks: 783 | Protag R: -13253.00 | Antag R: 12881.00 | Delivery:  41.4% | Budget Used: 3720.00/4000.0
Ep   33 | Phase: PROTAGO | Ticks: 785 | Protag R: -13230.00 | Antag R: 12859.00 | Delivery:  43.1% | Budget Used: 3720.00/4000.0
Ep   34 | Phase: PROTAGO | Ticks: 781 | Protag R: -10881.00 | Antag R: 10510.00 | Delivery:  44.6% | Budget Used: 3720.00/4000.0
Ep   35 | Phase: PROTAGO | Ticks: 782 | Protag R: -10929.00 | Antag R: 10558.00 | Delivery:  52.0% | Budget Used: 3720.00/4000.0
Ep   36 | Phase: PROTAGO | Ticks: 797 | Protag R: -14056.00 | Antag R: 13685.00 | Delivery:  41.1% | Budget Used: 3720.00/4000.0
Ep   37 | Phase: PROTAGO | Ticks: 790 | Protag R: -9575.00 | Antag R: 9203.00 | Delivery:  54.3% | Budget Used: 3720.00/4000.0
Ep   38 | Phase: PROTAGO | Ticks: 788 | Protag R: -15994.00 | Antag R: 15635.00 | Delivery:  30.0% | Budget Used: 3600.00/4000.0
Ep   39 | Phase: PROTAGO | Ticks: 797 | Protag R: -14438.00 | Antag R: 14067.00 | Delivery:  38.3% | Budget Used: 3720.00/4000.0
Ep   40 | Phase: PROTAGO | Ticks: 783 | Protag R: -6839.00 | Antag R: 6480.00 | Delivery:  57.4% | Budget Used: 3600.00/4000.0
Ep   41 | Phase: PROTAGO | Ticks: 789 | Protag R: -5054.00 | Antag R: 4695.00 | Delivery:  62.8% | Budget Used: 3600.00/4000.0
Ep   42 | Phase: PROTAGO | Ticks: 789 | Protag R: -10856.00 | Antag R: 10485.00 | Delivery:  51.0% | Budget Used: 3720.00/4000.0
Ep   43 | Phase: PROTAGO | Ticks: 776 | Protag R: -3683.00 | Antag R: 3312.00 | Delivery:  74.3% | Budget Used: 3720.00/4000.0
Ep   44 | Phase: PROTAGO | Ticks: 784 | Protag R: -9619.00 | Antag R: 9248.00 | Delivery:  58.3% | Budget Used: 3720.00/4000.0
Ep   45 | Phase: PROTAGO | Ticks: 777 | Protag R: -8416.00 | Antag R: 8045.00 | Delivery:  57.8% | Budget Used: 3720.00/4000.0
Ep   46 | Phase: PROTAGO | Ticks: 790 | Protag R: -9800.00 | Antag R: 9442.00 | Delivery:  50.0% | Budget Used: 3600.00/4000.0
Ep   47 | Phase: PROTAGO | Ticks: 789 | Protag R: -6990.00 | Antag R: 6619.00 | Delivery:  63.6% | Budget Used: 3720.00/4000.0
Ep   48 | Phase: PROTAGO | Ticks: 780 | Protag R: -11671.00 | Antag R: 11312.00 | Delivery:  50.0% | Budget Used: 3600.00/4000.0
Ep   49 | Phase: PROTAGO | Ticks: 786 | Protag R: -9972.00 | Antag R: 9601.00 | Delivery:  51.0% | Budget Used: 3720.00/4000.0
Ep   50 | Phase: PROTAGO | Ticks: 791 | Protag R: -11223.00 | Antag R: 10864.00 | Delivery:  43.9% | Budget Used: 3600.00/4000.0
  [EVAL ep 50] greedy_atk=7994 learned_atk=7646 gap=-348 +/-1067 (neg = learned beats greedy under attack)
Saving checkpoints for both agents before phase switch...

--- Episode 51: Switching training phase to ANTAGONIST ---
Ep   51 | Phase: ANTAGON | Ticks: 797 | Protag R: -11823.00 | Antag R: 11452.00 | Delivery:  51.0% | Budget Used: 3720.00/4000.0
Ep   52 | Phase: ANTAGON | Ticks: 782 | Protag R: -15691.00 | Antag R: 15332.00 | Delivery:  39.7% | Budget Used: 3600.00/4000.0
Ep   53 | Phase: ANTAGON | Ticks: 795 | Protag R: -9764.00 | Antag R: 9393.00 | Delivery:  56.6% | Budget Used: 3720.00/4000.0
Ep   54 | Phase: ANTAGON | Ticks: 798 | Protag R: -13203.00 | Antag R: 12832.00 | Delivery:  47.4% | Budget Used: 3720.00/4000.0
Ep   55 | Phase: ANTAGON | Ticks: 788 | Protag R: -7497.00 | Antag R: 7125.00 | Delivery:  52.1% | Budget Used: 3720.00/4000.0
Ep   56 | Phase: ANTAGON | Ticks: 784 | Protag R: -8992.00 | Antag R: 8621.00 | Delivery:  54.3% | Budget Used: 3720.00/4000.0
Ep   57 | Phase: ANTAGON | Ticks: 781 | Protag R: -7744.00 | Antag R: 7385.00 | Delivery:  48.9% | Budget Used: 3600.00/4000.0
Ep   58 | Phase: ANTAGON | Ticks: 792 | Protag R: -8017.00 | Antag R: 7645.00 | Delivery:  63.8% | Budget Used: 3720.00/4000.0
Ep   59 | Phase: ANTAGON | Ticks: 797 | Protag R: -5104.00 | Antag R: 4745.00 | Delivery:  68.3% | Budget Used: 3600.00/4000.0
Ep   60 | Phase: ANTAGON | Ticks: 797 | Protag R: -8298.00 | Antag R: 7926.00 | Delivery:  61.9% | Budget Used: 3720.00/4000.0
Ep   61 | Phase: ANTAGON | Ticks: 784 | Protag R: -9898.00 | Antag R: 9527.00 | Delivery:  44.1% | Budget Used: 3720.00/4000.0
Ep   62 | Phase: ANTAGON | Ticks: 794 | Protag R: -8229.00 | Antag R: 7870.00 | Delivery:  66.7% | Budget Used: 3600.00/4000.0
Ep   63 | Phase: ANTAGON | Ticks: 786 | Protag R: -10306.00 | Antag R: 9934.00 | Delivery:  51.9% | Budget Used: 3720.00/4000.0
Ep   64 | Phase: ANTAGON | Ticks: 793 | Protag R: -7803.00 | Antag R: 7432.00 | Delivery:  50.0% | Budget Used: 3720.00/4000.0
Ep   65 | Phase: ANTAGON | Ticks: 775 | Protag R: -8172.00 | Antag R: 7813.00 | Delivery:  46.7% | Budget Used: 3600.00/4000.0
Ep   66 | Phase: ANTAGON | Ticks: 798 | Protag R: -8368.00 | Antag R: 8009.00 | Delivery:  58.3% | Budget Used: 3600.00/4000.0
Ep   67 | Phase: ANTAGON | Ticks: 798 | Protag R: -7168.00 | Antag R: 6796.00 | Delivery:  61.1% | Budget Used: 3720.00/4000.0
Ep   68 | Phase: ANTAGON | Ticks: 787 | Protag R: -1457.00 | Antag R: 1098.00 | Delivery:  89.3% | Budget Used: 3600.00/4000.0
Ep   69 | Phase: ANTAGON | Ticks: 780 | Protag R: -12641.00 | Antag R: 12269.00 | Delivery:  48.2% | Budget Used: 3720.00/4000.0
Ep   70 | Phase: ANTAGON | Ticks: 787 | Protag R: -9426.00 | Antag R: 9054.00 | Delivery:  51.0% | Budget Used: 3720.00/4000.0
Ep   71 | Phase: ANTAGON | Ticks: 793 | Protag R: -9844.00 | Antag R: 9473.00 | Delivery:  57.1% | Budget Used: 3720.00/4000.0
Ep   72 | Phase: ANTAGON | Ticks: 799 | Protag R: -8645.00 | Antag R: 8273.00 | Delivery:  51.1% | Budget Used: 3720.00/4000.0
Ep   73 | Phase: ANTAGON | Ticks: 784 | Protag R: -11992.00 | Antag R: 11621.00 | Delivery:  53.7% | Budget Used: 3720.00/4000.0
Ep   74 | Phase: ANTAGON | Ticks: 775 | Protag R: -6739.00 | Antag R: 6368.00 | Delivery:  55.8% | Budget Used: 3720.00/4000.0
Ep   75 | Phase: ANTAGON | Ticks: 785 | Protag R: -10178.00 | Antag R: 9807.00 | Delivery:  50.0% | Budget Used: 3720.00/4000.0
Ep   76 | Phase: ANTAGON | Ticks: 797 | Protag R: -12774.00 | Antag R: 12403.00 | Delivery:  47.5% | Budget Used: 3720.00/4000.0
Ep   77 | Phase: ANTAGON | Ticks: 781 | Protag R: -7338.00 | Antag R: 6967.00 | Delivery:  70.7% | Budget Used: 3720.00/4000.0
Ep   78 | Phase: ANTAGON | Ticks: 796 | Protag R: -15516.00 | Antag R: 15146.00 | Delivery:  37.3% | Budget Used: 3720.00/4000.0
Ep   79 | Phase: ANTAGON | Ticks: 798 | Protag R: -7031.00 | Antag R: 6660.00 | Delivery:  65.2% | Budget Used: 3720.00/4000.0
Ep   80 | Phase: ANTAGON | Ticks: 792 | Protag R: -9863.00 | Antag R: 9505.00 | Delivery:  50.0% | Budget Used: 3600.00/4000.0
Ep   81 | Phase: ANTAGON | Ticks: 790 | Protag R: -17723.00 | Antag R: 17352.00 | Delivery:  41.9% | Budget Used: 3720.00/4000.0
Ep   82 | Phase: ANTAGON | Ticks: 777 | Protag R: -5963.00 | Antag R: 5592.00 | Delivery:  63.6% | Budget Used: 3720.00/4000.0
Ep   83 | Phase: ANTAGON | Ticks: 792 | Protag R: -13529.00 | Antag R: 13158.00 | Delivery:  47.6% | Budget Used: 3720.00/4000.0
Ep   84 | Phase: ANTAGON | Ticks: 797 | Protag R: -7891.00 | Antag R: 7520.00 | Delivery:  58.3% | Budget Used: 3720.00/4000.0
Ep   85 | Phase: ANTAGON | Ticks: 792 | Protag R: -5655.00 | Antag R: 5284.00 | Delivery:  68.3% | Budget Used: 3720.00/4000.0
Ep   86 | Phase: ANTAGON | Ticks: 786 | Protag R: -7976.00 | Antag R: 7604.00 | Delivery:  52.6% | Budget Used: 3720.00/4000.0
Ep   87 | Phase: ANTAGON | Ticks: 795 | Protag R: -12653.00 | Antag R: 12281.00 | Delivery:  50.0% | Budget Used: 3720.00/4000.0
Ep   88 | Phase: ANTAGON | Ticks: 798 | Protag R: -7034.00 | Antag R: 6663.00 | Delivery:  60.5% | Budget Used: 3720.00/4000.0
Ep   89 | Phase: ANTAGON | Ticks: 790 | Protag R: -11923.00 | Antag R: 11552.00 | Delivery:  50.0% | Budget Used: 3720.00/4000.0
Ep   90 | Phase: ANTAGON | Ticks: 796 | Protag R: -10391.00 | Antag R: 10020.00 | Delivery:  52.9% | Budget Used: 3720.00/4000.0
Ep   91 | Phase: ANTAGON | Ticks: 793 | Protag R: -7713.00 | Antag R: 7342.00 | Delivery:  61.4% | Budget Used: 3720.00/4000.0
Ep   92 | Phase: ANTAGON | Ticks: 789 | Protag R: -9081.00 | Antag R: 8710.00 | Delivery:  57.1% | Budget Used: 3720.00/4000.0
Ep   93 | Phase: ANTAGON | Ticks: 795 | Protag R: -4148.00 | Antag R: 3789.00 | Delivery:  73.5% | Budget Used: 3600.00/4000.0
Ep   94 | Phase: ANTAGON | Ticks: 794 | Protag R: -8879.00 | Antag R: 8508.00 | Delivery:  54.5% | Budget Used: 3720.00/4000.0
Ep   95 | Phase: ANTAGON | Ticks: 781 | Protag R: -8354.00 | Antag R: 7983.00 | Delivery:  60.9% | Budget Used: 3720.00/4000.0
Ep   96 | Phase: ANTAGON | Ticks: 794 | Protag R: -2885.00 | Antag R: 2514.00 | Delivery:  71.1% | Budget Used: 3720.00/4000.0
Ep   97 | Phase: ANTAGON | Ticks: 798 | Protag R: -7201.00 | Antag R: 6830.00 | Delivery:  56.8% | Budget Used: 3720.00/4000.0
Ep   98 | Phase: ANTAGON | Ticks: 775 | Protag R: -8378.00 | Antag R: 8007.00 | Delivery:  46.4% | Budget Used: 3720.00/4000.0
Ep   99 | Phase: ANTAGON | Ticks: 782 | Protag R: -10566.00 | Antag R: 10195.00 | Delivery:  45.8% | Budget Used: 3720.00/4000.0
Ep  100 | Phase: ANTAGON | Ticks: 789 | Protag R: -6684.00 | Antag R: 6312.00 | Delivery:  52.3% | Budget Used: 3720.00/4000.0
  [EVAL ep 100] greedy_atk=7138 learned_atk=8102 gap=+964 +/-813 (neg = learned beats greedy under attack)
Saving checkpoints for both agents before phase switch...

--- Episode 101: Switching training phase to PROTAGONIST ---
Ep  101 | Phase: PROTAGO | Ticks: 790 | Protag R: -6450.00 | Antag R: 6079.00 | Delivery:  69.0% | Budget Used: 3720.00/4000.0
Ep  102 | Phase: PROTAGO | Ticks: 798 | Protag R: -8512.00 | Antag R: 8141.00 | Delivery:  49.1% | Budget Used: 3720.00/4000.0
Ep  103 | Phase: PROTAGO | Ticks: 795 | Protag R: -5302.00 | Antag R: 4930.00 | Delivery:  59.5% | Budget Used: 3720.00/4000.0
Ep  104 | Phase: PROTAGO | Ticks: 799 | Protag R: -9785.00 | Antag R: 9414.00 | Delivery:  62.5% | Budget Used: 3720.00/4000.0
Ep  105 | Phase: PROTAGO | Ticks: 796 | Protag R: -13070.00 | Antag R: 12699.00 | Delivery:  46.2% | Budget Used: 3720.00/4000.0
Ep  106 | Phase: PROTAGO | Ticks: 793 | Protag R: -9127.00 | Antag R: 8756.00 | Delivery:  52.1% | Budget Used: 3720.00/4000.0
Ep  107 | Phase: PROTAGO | Ticks: 797 | Protag R: -11743.00 | Antag R: 11384.00 | Delivery:  55.8% | Budget Used: 3600.00/4000.0
Ep  108 | Phase: PROTAGO | Ticks: 794 | Protag R: -7507.00 | Antag R: 7136.00 | Delivery:  63.0% | Budget Used: 3720.00/4000.0
Ep  109 | Phase: PROTAGO | Ticks: 792 | Protag R: -6274.00 | Antag R: 5903.00 | Delivery:  62.5% | Budget Used: 3720.00/4000.0
Ep  110 | Phase: PROTAGO | Ticks: 789 | Protag R: -8206.00 | Antag R: 7834.00 | Delivery:  55.3% | Budget Used: 3720.00/4000.0
Ep  111 | Phase: PROTAGO | Ticks: 796 | Protag R: -7360.00 | Antag R: 6989.00 | Delivery:  61.7% | Budget Used: 3720.00/4000.0
Ep  112 | Phase: PROTAGO | Ticks: 775 | Protag R: -7680.00 | Antag R: 7308.00 | Delivery:  55.6% | Budget Used: 3720.00/4000.0
Ep  113 | Phase: PROTAGO | Ticks: 796 | Protag R: -5907.00 | Antag R: 5536.00 | Delivery:  72.5% | Budget Used: 3720.00/4000.0
Ep  114 | Phase: PROTAGO | Ticks: 798 | Protag R: -7035.00 | Antag R: 6664.00 | Delivery:  57.8% | Budget Used: 3720.00/4000.0
Ep  115 | Phase: PROTAGO | Ticks: 787 | Protag R: -11098.00 | Antag R: 10726.00 | Delivery:  44.2% | Budget Used: 3720.00/4000.0
Ep  116 | Phase: PROTAGO | Ticks: 795 | Protag R: -5682.00 | Antag R: 5311.00 | Delivery:  73.2% | Budget Used: 3720.00/4000.0
Ep  117 | Phase: PROTAGO | Ticks: 777 | Protag R: -5507.00 | Antag R: 5136.00 | Delivery:  67.4% | Budget Used: 3720.00/4000.0
Ep  118 | Phase: PROTAGO | Ticks: 794 | Protag R: -8560.00 | Antag R: 8189.00 | Delivery:  61.1% | Budget Used: 3720.00/4000.0
Ep  119 | Phase: PROTAGO | Ticks: 776 | Protag R: -12314.00 | Antag R: 11943.00 | Delivery:  49.1% | Budget Used: 3720.00/4000.0
Ep  120 | Phase: PROTAGO | Ticks: 798 | Protag R: -10113.00 | Antag R: 9742.00 | Delivery:  55.6% | Budget Used: 3720.00/4000.0
Ep  121 | Phase: PROTAGO | Ticks: 797 | Protag R: -13925.00 | Antag R: 13554.00 | Delivery:  50.9% | Budget Used: 3720.00/4000.0
Ep  122 | Phase: PROTAGO | Ticks: 785 | Protag R: -9359.00 | Antag R: 8988.00 | Delivery:  59.2% | Budget Used: 3720.00/4000.0
Ep  123 | Phase: PROTAGO | Ticks: 777 | Protag R: -10819.00 | Antag R: 10447.00 | Delivery:  50.9% | Budget Used: 3720.00/4000.0
Ep  124 | Phase: PROTAGO | Ticks: 796 | Protag R: -8823.00 | Antag R: 8452.00 | Delivery:  54.0% | Budget Used: 3720.00/4000.0
Ep  125 | Phase: PROTAGO | Ticks: 799 | Protag R: -10801.00 | Antag R: 10429.00 | Delivery:  51.1% | Budget Used: 3720.00/4000.0
Ep  126 | Phase: PROTAGO | Ticks: 797 | Protag R: -6869.00 | Antag R: 6498.00 | Delivery:  73.2% | Budget Used: 3720.00/4000.0
Ep  127 | Phase: PROTAGO | Ticks: 798 | Protag R: -7006.00 | Antag R: 6635.00 | Delivery:  57.1% | Budget Used: 3720.00/4000.0
Ep  128 | Phase: PROTAGO | Ticks: 793 | Protag R: -13830.00 | Antag R: 13459.00 | Delivery:  45.6% | Budget Used: 3720.00/4000.0
Ep  129 | Phase: PROTAGO | Ticks: 785 | Protag R: -8274.00 | Antag R: 7903.00 | Delivery:  64.4% | Budget Used: 3720.00/4000.0
Ep  130 | Phase: PROTAGO | Ticks: 787 | Protag R: -11689.00 | Antag R: 11318.00 | Delivery:  49.0% | Budget Used: 3720.00/4000.0
Ep  131 | Phase: PROTAGO | Ticks: 776 | Protag R: -2677.00 | Antag R: 2305.00 | Delivery:  79.3% | Budget Used: 3720.00/4000.0
Ep  132 | Phase: PROTAGO | Ticks: 782 | Protag R: -6749.00 | Antag R: 6378.00 | Delivery:  57.1% | Budget Used: 3720.00/4000.0
Ep  133 | Phase: PROTAGO | Ticks: 788 | Protag R: -6905.00 | Antag R: 6534.00 | Delivery:  63.6% | Budget Used: 3720.00/4000.0
Ep  134 | Phase: PROTAGO | Ticks: 793 | Protag R: -10378.00 | Antag R: 10007.00 | Delivery:  44.0% | Budget Used: 3720.00/4000.0
Ep  135 | Phase: PROTAGO | Ticks: 797 | Protag R: -5370.00 | Antag R: 4998.00 | Delivery:  55.6% | Budget Used: 3720.00/4000.0
Ep  136 | Phase: PROTAGO | Ticks: 798 | Protag R: -10490.00 | Antag R: 10119.00 | Delivery:  49.1% | Budget Used: 3720.00/4000.0
Ep  137 | Phase: PROTAGO | Ticks: 794 | Protag R: -9662.00 | Antag R: 9291.00 | Delivery:  59.1% | Budget Used: 3720.00/4000.0
Ep  138 | Phase: PROTAGO | Ticks: 791 | Protag R: -6969.00 | Antag R: 6597.00 | Delivery:  61.9% | Budget Used: 3720.00/4000.0
Ep  139 | Phase: PROTAGO | Ticks: 797 | Protag R: -11833.00 | Antag R: 11463.00 | Delivery:  43.1% | Budget Used: 3720.00/4000.0
Ep  140 | Phase: PROTAGO | Ticks: 788 | Protag R: -6695.00 | Antag R: 6323.00 | Delivery:  60.5% | Budget Used: 3720.00/4000.0
Ep  141 | Phase: PROTAGO | Ticks: 786 | Protag R: -10504.00 | Antag R: 10133.00 | Delivery:  51.0% | Budget Used: 3720.00/4000.0
Ep  142 | Phase: PROTAGO | Ticks: 796 | Protag R: -10381.00 | Antag R: 10010.00 | Delivery:  56.9% | Budget Used: 3720.00/4000.0
Ep  143 | Phase: PROTAGO | Ticks: 792 | Protag R: -9588.00 | Antag R: 9217.00 | Delivery:  57.1% | Budget Used: 3720.00/4000.0
Ep  144 | Phase: PROTAGO | Ticks: 788 | Protag R: -7101.00 | Antag R: 6730.00 | Delivery:  61.9% | Budget Used: 3720.00/4000.0
Ep  145 | Phase: PROTAGO | Ticks: 794 | Protag R: -9421.00 | Antag R: 9050.00 | Delivery:  48.1% | Budget Used: 3720.00/4000.0
Ep  146 | Phase: PROTAGO | Ticks: 797 | Protag R: -5848.00 | Antag R: 5477.00 | Delivery:  63.0% | Budget Used: 3720.00/4000.0
Ep  147 | Phase: PROTAGO | Ticks: 779 | Protag R: -7079.00 | Antag R: 6708.00 | Delivery:  57.4% | Budget Used: 3720.00/4000.0
Ep  148 | Phase: PROTAGO | Ticks: 794 | Protag R: -8757.00 | Antag R: 8385.00 | Delivery:  63.6% | Budget Used: 3720.00/4000.0
Ep  149 | Phase: PROTAGO | Ticks: 798 | Protag R: -12030.00 | Antag R: 11658.00 | Delivery:  51.0% | Budget Used: 3720.00/4000.0
Ep  150 | Phase: PROTAGO | Ticks: 785 | Protag R: -4419.00 | Antag R: 4059.00 | Delivery:  57.1% | Budget Used: 3600.00/4000.0
  [EVAL ep 150] greedy_atk=7138 learned_atk=8812 gap=+1675 +/-324 (neg = learned beats greedy under attack)
Saving checkpoints for both agents before phase switch...

--- Episode 151: Switching training phase to ANTAGONIST ---
Ep  151 | Phase: ANTAGON | Ticks: 787 | Protag R: -12340.00 | Antag R: 11969.00 | Delivery:  44.9% | Budget Used: 3720.00/4000.0
Ep  152 | Phase: ANTAGON | Ticks: 796 | Protag R: -7860.00 | Antag R: 7489.00 | Delivery:  63.3% | Budget Used: 3720.00/4000.0
Ep  153 | Phase: ANTAGON | Ticks: 792 | Protag R: -7052.00 | Antag R: 6681.00 | Delivery:  59.2% | Budget Used: 3720.00/4000.0
Ep  154 | Phase: ANTAGON | Ticks: 789 | Protag R: -12611.00 | Antag R: 12239.00 | Delivery:  38.2% | Budget Used: 3720.00/4000.0
Ep  155 | Phase: ANTAGON | Ticks: 788 | Protag R: -8297.00 | Antag R: 7925.00 | Delivery:  60.9% | Budget Used: 3720.00/4000.0
Ep  156 | Phase: ANTAGON | Ticks: 798 | Protag R: -8786.00 | Antag R: 8414.00 | Delivery:  47.1% | Budget Used: 3720.00/4000.0
Ep  157 | Phase: ANTAGON | Ticks: 795 | Protag R: -7237.00 | Antag R: 6866.00 | Delivery:  68.4% | Budget Used: 3720.00/4000.0
Ep  158 | Phase: ANTAGON | Ticks: 794 | Protag R: -11765.00 | Antag R: 11394.00 | Delivery:  49.1% | Budget Used: 3720.00/4000.0
Ep  159 | Phase: ANTAGON | Ticks: 794 | Protag R: -6618.00 | Antag R: 6247.00 | Delivery:  51.2% | Budget Used: 3720.00/4000.0
Ep  160 | Phase: ANTAGON | Ticks: 797 | Protag R: -8046.00 | Antag R: 7675.00 | Delivery:  50.0% | Budget Used: 3720.00/4000.0
Ep  161 | Phase: ANTAGON | Ticks: 780 | Protag R: -13374.00 | Antag R: 13004.00 | Delivery:  44.2% | Budget Used: 3720.00/4000.0
Ep  162 | Phase: ANTAGON | Ticks: 799 | Protag R: -8140.00 | Antag R: 7769.00 | Delivery:  63.8% | Budget Used: 3720.00/4000.0
Ep  163 | Phase: ANTAGON | Ticks: 788 | Protag R: -12222.00 | Antag R: 11851.00 | Delivery:  45.8% | Budget Used: 3720.00/4000.0
Ep  164 | Phase: ANTAGON | Ticks: 787 | Protag R: -8611.00 | Antag R: 8240.00 | Delivery:  51.0% | Budget Used: 3720.00/4000.0
Ep  165 | Phase: ANTAGON | Ticks: 786 | Protag R: -9720.00 | Antag R: 9348.00 | Delivery:  52.1% | Budget Used: 3720.00/4000.0
Ep  166 | Phase: ANTAGON | Ticks: 791 | Protag R: -18839.00 | Antag R: 18469.00 | Delivery:  36.4% | Budget Used: 3720.00/4000.0
Ep  167 | Phase: ANTAGON | Ticks: 798 | Protag R: -12834.00 | Antag R: 12462.00 | Delivery:  41.2% | Budget Used: 3720.00/4000.0
Ep  168 | Phase: ANTAGON | Ticks: 798 | Protag R: -7647.00 | Antag R: 7276.00 | Delivery:  64.4% | Budget Used: 3720.00/4000.0
Ep  169 | Phase: ANTAGON | Ticks: 792 | Protag R: -17300.00 | Antag R: 16929.00 | Delivery:  37.5% | Budget Used: 3720.00/4000.0
Ep  170 | Phase: ANTAGON | Ticks: 797 | Protag R: -8494.00 | Antag R: 8123.00 | Delivery:  51.1% | Budget Used: 3720.00/4000.0
Ep  171 | Phase: ANTAGON | Ticks: 789 | Protag R: -14085.00 | Antag R: 13714.00 | Delivery:  44.1% | Budget Used: 3720.00/4000.0
Ep  172 | Phase: ANTAGON | Ticks: 786 | Protag R: -9185.00 | Antag R: 8826.00 | Delivery:  52.9% | Budget Used: 3600.00/4000.0
Ep  173 | Phase: ANTAGON | Ticks: 796 | Protag R: -9365.00 | Antag R: 8994.00 | Delivery:  64.6% | Budget Used: 3720.00/4000.0
Ep  174 | Phase: ANTAGON | Ticks: 791 | Protag R: -11875.00 | Antag R: 11504.00 | Delivery:  50.9% | Budget Used: 3720.00/4000.0
Ep  175 | Phase: ANTAGON | Ticks: 775 | Protag R: -5459.00 | Antag R: 5087.00 | Delivery:  61.9% | Budget Used: 3720.00/4000.0
Ep  176 | Phase: ANTAGON | Ticks: 796 | Protag R: -6466.00 | Antag R: 6095.00 | Delivery:  61.0% | Budget Used: 3720.00/4000.0
Ep  177 | Phase: ANTAGON | Ticks: 796 | Protag R: -7853.00 | Antag R: 7482.00 | Delivery:  51.2% | Budget Used: 3720.00/4000.0
Ep  178 | Phase: ANTAGON | Ticks: 784 | Protag R: -9305.00 | Antag R: 8934.00 | Delivery:  55.6% | Budget Used: 3720.00/4000.0
Ep  179 | Phase: ANTAGON | Ticks: 797 | Protag R: -7049.00 | Antag R: 6678.00 | Delivery:  67.4% | Budget Used: 3720.00/4000.0
Ep  180 | Phase: ANTAGON | Ticks: 785 | Protag R: -6518.00 | Antag R: 6147.00 | Delivery:  63.4% | Budget Used: 3720.00/4000.0
Ep  181 | Phase: ANTAGON | Ticks: 785 | Protag R: -3814.00 | Antag R: 3443.00 | Delivery:  68.4% | Budget Used: 3720.00/4000.0
Ep  182 | Phase: ANTAGON | Ticks: 799 | Protag R: -6955.00 | Antag R: 6584.00 | Delivery:  64.6% | Budget Used: 3720.00/4000.0
Ep  183 | Phase: ANTAGON | Ticks: 793 | Protag R: -6327.00 | Antag R: 5956.00 | Delivery:  56.5% | Budget Used: 3720.00/4000.0
Ep  184 | Phase: ANTAGON | Ticks: 775 | Protag R: -7278.00 | Antag R: 6907.00 | Delivery:  54.2% | Budget Used: 3720.00/4000.0
Ep  185 | Phase: ANTAGON | Ticks: 781 | Protag R: -6931.00 | Antag R: 6560.00 | Delivery:  60.5% | Budget Used: 3720.00/4000.0
Ep  186 | Phase: ANTAGON | Ticks: 798 | Protag R: -12738.00 | Antag R: 12367.00 | Delivery:  50.0% | Budget Used: 3720.00/4000.0
Ep  187 | Phase: ANTAGON | Ticks: 792 | Protag R: -12438.00 | Antag R: 12067.00 | Delivery:  48.2% | Budget Used: 3720.00/4000.0
Ep  188 | Phase: ANTAGON | Ticks: 786 | Protag R: -9667.00 | Antag R: 9296.00 | Delivery:  50.9% | Budget Used: 3720.00/4000.0
Ep  189 | Phase: ANTAGON | Ticks: 786 | Protag R: -10099.00 | Antag R: 9728.00 | Delivery:  63.3% | Budget Used: 3720.00/4000.0
Ep  190 | Phase: ANTAGON | Ticks: 780 | Protag R: -4177.00 | Antag R: 3806.00 | Delivery:  62.2% | Budget Used: 3720.00/4000.0
Ep  191 | Phase: ANTAGON | Ticks: 798 | Protag R: -2523.00 | Antag R: 2152.00 | Delivery:  84.4% | Budget Used: 3720.00/4000.0
Ep  192 | Phase: ANTAGON | Ticks: 790 | Protag R: -8934.00 | Antag R: 8563.00 | Delivery:  55.6% | Budget Used: 3720.00/4000.0
Ep  193 | Phase: ANTAGON | Ticks: 779 | Protag R: -9819.00 | Antag R: 9447.00 | Delivery:  56.2% | Budget Used: 3720.00/4000.0
Ep  194 | Phase: ANTAGON | Ticks: 799 | Protag R: -5757.00 | Antag R: 5386.00 | Delivery:  60.9% | Budget Used: 3720.00/4000.0
Ep  195 | Phase: ANTAGON | Ticks: 798 | Protag R: -6980.00 | Antag R: 6621.00 | Delivery:  58.0% | Budget Used: 3600.00/4000.0
Ep  196 | Phase: ANTAGON | Ticks: 795 | Protag R: -7128.00 | Antag R: 6757.00 | Delivery:  56.6% | Budget Used: 3720.00/4000.0
Ep  197 | Phase: ANTAGON | Ticks: 799 | Protag R: -9860.00 | Antag R: 9489.00 | Delivery:  62.8% | Budget Used: 3720.00/4000.0
Ep  198 | Phase: ANTAGON | Ticks: 790 | Protag R: -14192.00 | Antag R: 13821.00 | Delivery:  50.8% | Budget Used: 3720.00/4000.0
Ep  199 | Phase: ANTAGON | Ticks: 776 | Protag R: -6652.00 | Antag R: 6281.00 | Delivery:  64.1% | Budget Used: 3720.00/4000.0
Ep  200 | Phase: ANTAGON | Ticks: 783 | Protag R: -4028.00 | Antag R: 3656.00 | Delivery:  68.4% | Budget Used: 3720.00/4000.0
  [EVAL ep 200] greedy_atk=8885 learned_atk=8733 gap=-152 +/-1287 (neg = learned beats greedy under attack)
Saving checkpoints for both agents before phase switch...

--- Episode 201: Switching training phase to PROTAGONIST ---
Ep  201 | Phase: PROTAGO | Ticks: 786 | Protag R: -15295.00 | Antag R: 14924.00 | Delivery:  44.3% | Budget Used: 3720.00/4000.0
Ep  202 | Phase: PROTAGO | Ticks: 799 | Protag R: -6926.00 | Antag R: 6555.00 | Delivery:  58.8% | Budget Used: 3720.00/4000.0
Ep  203 | Phase: PROTAGO | Ticks: 776 | Protag R: -10676.00 | Antag R: 10305.00 | Delivery:  47.2% | Budget Used: 3720.00/4000.0
Ep  204 | Phase: PROTAGO | Ticks: 783 | Protag R: -7321.00 | Antag R: 6962.00 | Delivery:  56.2% | Budget Used: 3600.00/4000.0
Ep  205 | Phase: PROTAGO | Ticks: 792 | Protag R: -13739.00 | Antag R: 13368.00 | Delivery:  41.0% | Budget Used: 3720.00/4000.0
Ep  206 | Phase: PROTAGO | Ticks: 791 | Protag R: -12002.00 | Antag R: 11631.00 | Delivery:  50.0% | Budget Used: 3720.00/4000.0
Ep  207 | Phase: PROTAGO | Ticks: 795 | Protag R: -7129.00 | Antag R: 6758.00 | Delivery:  60.5% | Budget Used: 3720.00/4000.0
Ep  208 | Phase: PROTAGO | Ticks: 792 | Protag R: -5531.00 | Antag R: 5160.00 | Delivery:  53.5% | Budget Used: 3720.00/4000.0
Ep  209 | Phase: PROTAGO | Ticks: 795 | Protag R: -12143.00 | Antag R: 11772.00 | Delivery:  46.0% | Budget Used: 3720.00/4000.0
Ep  210 | Phase: PROTAGO | Ticks: 798 | Protag R: -4321.00 | Antag R: 3950.00 | Delivery:  63.4% | Budget Used: 3720.00/4000.0
Ep  211 | Phase: PROTAGO | Ticks: 796 | Protag R: -11790.00 | Antag R: 11419.00 | Delivery:  47.5% | Budget Used: 3720.00/4000.0
Ep  212 | Phase: PROTAGO | Ticks: 783 | Protag R: -7709.00 | Antag R: 7338.00 | Delivery:  70.0% | Budget Used: 3720.00/4000.0
Ep  213 | Phase: PROTAGO | Ticks: 777 | Protag R: -6981.00 | Antag R: 6610.00 | Delivery:  68.2% | Budget Used: 3720.00/4000.0
Ep  214 | Phase: PROTAGO | Ticks: 797 | Protag R: -10417.00 | Antag R: 10046.00 | Delivery:  54.5% | Budget Used: 3720.00/4000.0
Ep  215 | Phase: PROTAGO | Ticks: 784 | Protag R: -9922.00 | Antag R: 9550.00 | Delivery:  50.0% | Budget Used: 3720.00/4000.0
Ep  216 | Phase: PROTAGO | Ticks: 792 | Protag R: -15130.00 | Antag R: 14759.00 | Delivery:  44.6% | Budget Used: 3720.00/4000.0
Ep  217 | Phase: PROTAGO | Ticks: 778 | Protag R: -9965.00 | Antag R: 9594.00 | Delivery:  55.1% | Budget Used: 3720.00/4000.0
Ep  218 | Phase: PROTAGO | Ticks: 779 | Protag R: -8238.00 | Antag R: 7867.00 | Delivery:  44.4% | Budget Used: 3720.00/4000.0
Ep  219 | Phase: PROTAGO | Ticks: 789 | Protag R: -9854.00 | Antag R: 9482.00 | Delivery:  56.0% | Budget Used: 3720.00/4000.0
Ep  220 | Phase: PROTAGO | Ticks: 790 | Protag R: -6028.00 | Antag R: 5657.00 | Delivery:  71.1% | Budget Used: 3720.00/4000.0
Ep  221 | Phase: PROTAGO | Ticks: 796 | Protag R: -4323.00 | Antag R: 3952.00 | Delivery:  65.8% | Budget Used: 3720.00/4000.0
Ep  222 | Phase: PROTAGO | Ticks: 787 | Protag R: -7748.00 | Antag R: 7377.00 | Delivery:  47.7% | Budget Used: 3720.00/4000.0
Ep  223 | Phase: PROTAGO | Ticks: 780 | Protag R: -9242.00 | Antag R: 8871.00 | Delivery:  50.0% | Budget Used: 3720.00/4000.0
Ep  224 | Phase: PROTAGO | Ticks: 786 | Protag R: -9180.00 | Antag R: 8808.00 | Delivery:  50.0% | Budget Used: 3720.00/4000.0
Ep  225 | Phase: PROTAGO | Ticks: 797 | Protag R: -11962.00 | Antag R: 11591.00 | Delivery:  50.0% | Budget Used: 3720.00/4000.0
Ep  226 | Phase: PROTAGO | Ticks: 777 | Protag R: -7566.00 | Antag R: 7195.00 | Delivery:  66.7% | Budget Used: 3720.00/4000.0
Ep  227 | Phase: PROTAGO | Ticks: 781 | Protag R: -9796.00 | Antag R: 9425.00 | Delivery:  56.5% | Budget Used: 3720.00/4000.0
Ep  228 | Phase: PROTAGO | Ticks: 798 | Protag R: -1767.00 | Antag R: 1396.00 | Delivery:  84.4% | Budget Used: 3720.00/4000.0
Ep  229 | Phase: PROTAGO | Ticks: 796 | Protag R: -7478.00 | Antag R: 7107.00 | Delivery:  60.4% | Budget Used: 3720.00/4000.0
Ep  230 | Phase: PROTAGO | Ticks: 796 | Protag R: -10249.00 | Antag R: 9878.00 | Delivery:  57.7% | Budget Used: 3720.00/4000.0
Ep  231 | Phase: PROTAGO | Ticks: 777 | Protag R: -10949.00 | Antag R: 10578.00 | Delivery:  49.1% | Budget Used: 3720.00/4000.0
Ep  232 | Phase: PROTAGO | Ticks: 794 | Protag R: -12227.00 | Antag R: 11856.00 | Delivery:  58.3% | Budget Used: 3720.00/4000.0
Ep  233 | Phase: PROTAGO | Ticks: 791 | Protag R: -7704.00 | Antag R: 7333.00 | Delivery:  69.0% | Budget Used: 3720.00/4000.0
Ep  234 | Phase: PROTAGO | Ticks: 796 | Protag R: -7891.00 | Antag R: 7520.00 | Delivery:  54.7% | Budget Used: 3720.00/4000.0
Ep  235 | Phase: PROTAGO | Ticks: 795 | Protag R: -7985.00 | Antag R: 7614.00 | Delivery:  60.0% | Budget Used: 3720.00/4000.0
Ep  236 | Phase: PROTAGO | Ticks: 789 | Protag R: -10466.00 | Antag R: 10095.00 | Delivery:  50.9% | Budget Used: 3720.00/4000.0
Ep  237 | Phase: PROTAGO | Ticks: 788 | Protag R: -11103.00 | Antag R: 10731.00 | Delivery:  50.0% | Budget Used: 3720.00/4000.0
Ep  238 | Phase: PROTAGO | Ticks: 796 | Protag R: -9131.00 | Antag R: 8760.00 | Delivery:  43.9% | Budget Used: 3720.00/4000.0
Ep  239 | Phase: PROTAGO | Ticks: 784 | Protag R: -8912.00 | Antag R: 8541.00 | Delivery:  60.0% | Budget Used: 3720.00/4000.0
Ep  240 | Phase: PROTAGO | Ticks: 799 | Protag R: -13646.00 | Antag R: 13275.00 | Delivery:  48.2% | Budget Used: 3720.00/4000.0
Ep  241 | Phase: PROTAGO | Ticks: 796 | Protag R: -11362.00 | Antag R: 10990.00 | Delivery:  47.4% | Budget Used: 3720.00/4000.0
Ep  242 | Phase: PROTAGO | Ticks: 789 | Protag R: -11306.00 | Antag R: 10935.00 | Delivery:  56.8% | Budget Used: 3720.00/4000.0
Ep  243 | Phase: PROTAGO | Ticks: 796 | Protag R: -13126.00 | Antag R: 12754.00 | Delivery:  44.4% | Budget Used: 3720.00/4000.0
Ep  244 | Phase: PROTAGO | Ticks: 779 | Protag R: -6180.00 | Antag R: 5809.00 | Delivery:  66.7% | Budget Used: 3720.00/4000.0
Ep  245 | Phase: PROTAGO | Ticks: 779 | Protag R: -3395.00 | Antag R: 3024.00 | Delivery:  71.4% | Budget Used: 3720.00/4000.0
Ep  246 | Phase: PROTAGO | Ticks: 795 | Protag R: -6642.00 | Antag R: 6270.00 | Delivery:  61.1% | Budget Used: 3720.00/4000.0
Ep  247 | Phase: PROTAGO | Ticks: 787 | Protag R: -7468.00 | Antag R: 7097.00 | Delivery:  52.1% | Budget Used: 3720.00/4000.0
Ep  248 | Phase: PROTAGO | Ticks: 790 | Protag R: -6905.00 | Antag R: 6534.00 | Delivery:  52.7% | Budget Used: 3720.00/4000.0
Ep  249 | Phase: PROTAGO | Ticks: 784 | Protag R: -11199.00 | Antag R: 10828.00 | Delivery:  55.6% | Budget Used: 3720.00/4000.0
Ep  250 | Phase: PROTAGO | Ticks: 788 | Protag R: -7006.00 | Antag R: 6635.00 | Delivery:  54.5% | Budget Used: 3720.00/4000.0
  [EVAL ep 250] greedy_atk=8885 learned_atk=8238 gap=-647 +/-148 (neg = learned beats greedy under attack)
Saving checkpoints for both agents before phase switch...

--- Episode 251: Switching training phase to ANTAGONIST ---
Ep  251 | Phase: ANTAGON | Ticks: 793 | Protag R: -9690.00 | Antag R: 9319.00 | Delivery:  53.8% | Budget Used: 3720.00/4000.0
Ep  252 | Phase: ANTAGON | Ticks: 799 | Protag R: -8732.00 | Antag R: 8361.00 | Delivery:  59.1% | Budget Used: 3720.00/4000.0
Ep  253 | Phase: ANTAGON | Ticks: 780 | Protag R: -9343.00 | Antag R: 8972.00 | Delivery:  57.8% | Budget Used: 3720.00/4000.0
Ep  254 | Phase: ANTAGON | Ticks: 793 | Protag R: -6086.00 | Antag R: 5714.00 | Delivery:  68.3% | Budget Used: 3720.00/4000.0
Ep  255 | Phase: ANTAGON | Ticks: 791 | Protag R: -11311.00 | Antag R: 10939.00 | Delivery:  52.9% | Budget Used: 3720.00/4000.0
Ep  256 | Phase: ANTAGON | Ticks: 790 | Protag R: -7733.00 | Antag R: 7362.00 | Delivery:  65.0% | Budget Used: 3720.00/4000.0
Ep  257 | Phase: ANTAGON | Ticks: 789 | Protag R: -16126.00 | Antag R: 15755.00 | Delivery:  41.9% | Budget Used: 3720.00/4000.0
Ep  258 | Phase: ANTAGON | Ticks: 798 | Protag R: -9737.00 | Antag R: 9366.00 | Delivery:  54.9% | Budget Used: 3720.00/4000.0
Ep  259 | Phase: ANTAGON | Ticks: 799 | Protag R: -6730.00 | Antag R: 6358.00 | Delivery:  58.1% | Budget Used: 3720.00/4000.0
Ep  260 | Phase: ANTAGON | Ticks: 797 | Protag R: -10671.00 | Antag R: 10300.00 | Delivery:  59.1% | Budget Used: 3720.00/4000.0
Ep  261 | Phase: ANTAGON | Ticks: 797 | Protag R: -8028.00 | Antag R: 7657.00 | Delivery:  57.4% | Budget Used: 3720.00/4000.0
Ep  262 | Phase: ANTAGON | Ticks: 776 | Protag R: -8814.00 | Antag R: 8443.00 | Delivery:  46.9% | Budget Used: 3720.00/4000.0
Ep  263 | Phase: ANTAGON | Ticks: 776 | Protag R: -8032.00 | Antag R: 7661.00 | Delivery:  58.7% | Budget Used: 3720.00/4000.0
Ep  264 | Phase: ANTAGON | Ticks: 780 | Protag R: -6788.00 | Antag R: 6416.00 | Delivery:  57.4% | Budget Used: 3720.00/4000.0
Ep  265 | Phase: ANTAGON | Ticks: 780 | Protag R: -1919.00 | Antag R: 1560.00 | Delivery:  80.6% | Budget Used: 3600.00/4000.0
Ep  266 | Phase: ANTAGON | Ticks: 796 | Protag R: -9137.00 | Antag R: 8766.00 | Delivery:  54.9% | Budget Used: 3720.00/4000.0
Ep  267 | Phase: ANTAGON | Ticks: 786 | Protag R: -17630.00 | Antag R: 17259.00 | Delivery:  40.6% | Budget Used: 3720.00/4000.0
Ep  268 | Phase: ANTAGON | Ticks: 783 | Protag R: -6351.00 | Antag R: 5979.00 | Delivery:  56.4% | Budget Used: 3720.00/4000.0
Ep  269 | Phase: ANTAGON | Ticks: 797 | Protag R: -5620.00 | Antag R: 5249.00 | Delivery:  56.1% | Budget Used: 3720.00/4000.0
Ep  270 | Phase: ANTAGON | Ticks: 785 | Protag R: -12257.00 | Antag R: 11886.00 | Delivery:  48.0% | Budget Used: 3720.00/4000.0
Ep  271 | Phase: ANTAGON | Ticks: 799 | Protag R: -8194.00 | Antag R: 7823.00 | Delivery:  52.1% | Budget Used: 3720.00/4000.0
Ep  272 | Phase: ANTAGON | Ticks: 775 | Protag R: -7536.00 | Antag R: 7165.00 | Delivery:  48.9% | Budget Used: 3720.00/4000.0
Ep  273 | Phase: ANTAGON | Ticks: 796 | Protag R: -9546.00 | Antag R: 9175.00 | Delivery:  52.1% | Budget Used: 3720.00/4000.0
Ep  274 | Phase: ANTAGON | Ticks: 788 | Protag R: -10539.00 | Antag R: 10168.00 | Delivery:  50.9% | Budget Used: 3720.00/4000.0
Ep  275 | Phase: ANTAGON | Ticks: 793 | Protag R: -11386.00 | Antag R: 11027.00 | Delivery:  48.3% | Budget Used: 3600.00/4000.0
Ep  276 | Phase: ANTAGON | Ticks: 778 | Protag R: -12454.00 | Antag R: 12082.00 | Delivery:  45.3% | Budget Used: 3720.00/4000.0
Ep  277 | Phase: ANTAGON | Ticks: 784 | Protag R: -9452.00 | Antag R: 9093.00 | Delivery:  46.4% | Budget Used: 3600.00/4000.0
Ep  278 | Phase: ANTAGON | Ticks: 782 | Protag R: -5043.00 | Antag R: 4672.00 | Delivery:  64.3% | Budget Used: 3720.00/4000.0
Ep  279 | Phase: ANTAGON | Ticks: 795 | Protag R: -6044.00 | Antag R: 5673.00 | Delivery:  63.2% | Budget Used: 3720.00/4000.0
Ep  280 | Phase: ANTAGON | Ticks: 782 | Protag R: -10246.00 | Antag R: 9875.00 | Delivery:  55.1% | Budget Used: 3720.00/4000.0
Ep  281 | Phase: ANTAGON | Ticks: 799 | Protag R: -12425.00 | Antag R: 12054.00 | Delivery:  50.9% | Budget Used: 3720.00/4000.0
Ep  282 | Phase: ANTAGON | Ticks: 792 | Protag R: -3626.00 | Antag R: 3255.00 | Delivery:  78.4% | Budget Used: 3720.00/4000.0
Ep  283 | Phase: ANTAGON | Ticks: 786 | Protag R: -9085.00 | Antag R: 8714.00 | Delivery:  54.9% | Budget Used: 3720.00/4000.0
Ep  284 | Phase: ANTAGON | Ticks: 796 | Protag R: -4946.00 | Antag R: 4574.00 | Delivery:  78.9% | Budget Used: 3720.00/4000.0
Ep  285 | Phase: ANTAGON | Ticks: 796 | Protag R: -7248.00 | Antag R: 6877.00 | Delivery:  56.2% | Budget Used: 3720.00/4000.0
Ep  286 | Phase: ANTAGON | Ticks: 793 | Protag R: -10500.00 | Antag R: 10128.00 | Delivery:  47.9% | Budget Used: 3720.00/4000.0
Ep  287 | Phase: ANTAGON | Ticks: 799 | Protag R: -7185.00 | Antag R: 6814.00 | Delivery:  63.6% | Budget Used: 3720.00/4000.0
Ep  288 | Phase: ANTAGON | Ticks: 795 | Protag R: -10587.00 | Antag R: 10215.00 | Delivery:  47.2% | Budget Used: 3720.00/4000.0
Ep  289 | Phase: ANTAGON | Ticks: 794 | Protag R: -10056.00 | Antag R: 9685.00 | Delivery:  50.9% | Budget Used: 3720.00/4000.0
Ep  290 | Phase: ANTAGON | Ticks: 790 | Protag R: -6289.00 | Antag R: 5918.00 | Delivery:  67.6% | Budget Used: 3720.00/4000.0
Ep  291 | Phase: ANTAGON | Ticks: 795 | Protag R: -9111.00 | Antag R: 8739.00 | Delivery:  53.1% | Budget Used: 3720.00/4000.0
Ep  292 | Phase: ANTAGON | Ticks: 787 | Protag R: -14082.00 | Antag R: 13711.00 | Delivery:  45.2% | Budget Used: 3720.00/4000.0
Ep  293 | Phase: ANTAGON | Ticks: 785 | Protag R: -7620.00 | Antag R: 7249.00 | Delivery:  52.4% | Budget Used: 3720.00/4000.0
Ep  294 | Phase: ANTAGON | Ticks: 798 | Protag R: -7787.00 | Antag R: 7416.00 | Delivery:  50.0% | Budget Used: 3720.00/4000.0
Ep  295 | Phase: ANTAGON | Ticks: 796 | Protag R: -8792.00 | Antag R: 8421.00 | Delivery:  58.2% | Budget Used: 3720.00/4000.0
Ep  296 | Phase: ANTAGON | Ticks: 787 | Protag R: -9131.00 | Antag R: 8760.00 | Delivery:  52.9% | Budget Used: 3720.00/4000.0
Ep  297 | Phase: ANTAGON | Ticks: 783 | Protag R: -10255.00 | Antag R: 9895.00 | Delivery:  49.0% | Budget Used: 3600.00/4000.0
Ep  298 | Phase: ANTAGON | Ticks: 784 | Protag R: -3705.00 | Antag R: 3333.00 | Delivery:  73.0% | Budget Used: 3720.00/4000.0
Ep  299 | Phase: ANTAGON | Ticks: 783 | Protag R: -8158.00 | Antag R: 7786.00 | Delivery:  55.6% | Budget Used: 3720.00/4000.0
Ep  300 | Phase: ANTAGON | Ticks: 790 | Protag R: -14233.00 | Antag R: 13861.00 | Delivery:  41.5% | Budget Used: 3720.00/4000.0
  [EVAL ep 300] greedy_atk=7469 learned_atk=8340 gap=+871 +/-730 (neg = learned beats greedy under attack)
Saving checkpoints for both agents before phase switch...

--- Episode 301: Switching training phase to PROTAGONIST ---
Ep  301 | Phase: PROTAGO | Ticks: 788 | Protag R: -4571.00 | Antag R: 4200.00 | Delivery:  73.2% | Budget Used: 3720.00/4000.0
Ep  302 | Phase: PROTAGO | Ticks: 782 | Protag R: -11631.00 | Antag R: 11260.00 | Delivery:  51.9% | Budget Used: 3720.00/4000.0
Ep  303 | Phase: PROTAGO | Ticks: 789 | Protag R: -11082.00 | Antag R: 10711.00 | Delivery:  48.9% | Budget Used: 3720.00/4000.0
Ep  304 | Phase: PROTAGO | Ticks: 785 | Protag R: -10782.00 | Antag R: 10411.00 | Delivery:  43.1% | Budget Used: 3720.00/4000.0
Ep  305 | Phase: PROTAGO | Ticks: 782 | Protag R: -6828.00 | Antag R: 6457.00 | Delivery:  58.1% | Budget Used: 3720.00/4000.0
Ep  306 | Phase: PROTAGO | Ticks: 794 | Protag R: -4590.00 | Antag R: 4219.00 | Delivery:  75.0% | Budget Used: 3720.00/4000.0
Ep  307 | Phase: PROTAGO | Ticks: 797 | Protag R: -11147.00 | Antag R: 10776.00 | Delivery:  54.0% | Budget Used: 3720.00/4000.0
Ep  308 | Phase: PROTAGO | Ticks: 786 | Protag R: -10775.00 | Antag R: 10404.00 | Delivery:  46.2% | Budget Used: 3720.00/4000.0
Ep  309 | Phase: PROTAGO | Ticks: 784 | Protag R: -10917.00 | Antag R: 10546.00 | Delivery:  50.0% | Budget Used: 3720.00/4000.0
Ep  310 | Phase: PROTAGO | Ticks: 788 | Protag R: -8481.00 | Antag R: 8121.00 | Delivery:  58.1% | Budget Used: 3600.00/4000.0
Ep  311 | Phase: PROTAGO | Ticks: 790 | Protag R: -8303.00 | Antag R: 7932.00 | Delivery:  60.9% | Budget Used: 3720.00/4000.0
Ep  312 | Phase: PROTAGO | Ticks: 796 | Protag R: -5706.00 | Antag R: 5334.00 | Delivery:  55.3% | Budget Used: 3720.00/4000.0
Ep  313 | Phase: PROTAGO | Ticks: 791 | Protag R: -8637.00 | Antag R: 8266.00 | Delivery:  55.3% | Budget Used: 3720.00/4000.0
Ep  314 | Phase: PROTAGO | Ticks: 797 | Protag R: -11667.00 | Antag R: 11296.00 | Delivery:  52.6% | Budget Used: 3720.00/4000.0
Ep  315 | Phase: PROTAGO | Ticks: 790 | Protag R: -12700.00 | Antag R: 12329.00 | Delivery:  48.1% | Budget Used: 3720.00/4000.0
Ep  316 | Phase: PROTAGO | Ticks: 779 | Protag R: -13589.00 | Antag R: 13218.00 | Delivery:  50.0% | Budget Used: 3720.00/4000.0
Ep  317 | Phase: PROTAGO | Ticks: 794 | Protag R: -6523.00 | Antag R: 6152.00 | Delivery:  66.7% | Budget Used: 3720.00/4000.0
Ep  318 | Phase: PROTAGO | Ticks: 798 | Protag R: -9996.00 | Antag R: 9625.00 | Delivery:  49.2% | Budget Used: 3720.00/4000.0
Ep  319 | Phase: PROTAGO | Ticks: 799 | Protag R: -9825.00 | Antag R: 9454.00 | Delivery:  55.3% | Budget Used: 3720.00/4000.0
Ep  320 | Phase: PROTAGO | Ticks: 792 | Protag R: -6146.00 | Antag R: 5775.00 | Delivery:  66.7% | Budget Used: 3720.00/4000.0
Ep  321 | Phase: PROTAGO | Ticks: 778 | Protag R: -7754.00 | Antag R: 7383.00 | Delivery:  60.0% | Budget Used: 3720.00/4000.0
Ep  322 | Phase: PROTAGO | Ticks: 796 | Protag R: -3972.00 | Antag R: 3613.00 | Delivery:  75.8% | Budget Used: 3600.00/4000.0
Ep  323 | Phase: PROTAGO | Ticks: 788 | Protag R: -13750.00 | Antag R: 13379.00 | Delivery:  50.8% | Budget Used: 3720.00/4000.0
Ep  324 | Phase: PROTAGO | Ticks: 793 | Protag R: -7846.00 | Antag R: 7475.00 | Delivery:  75.7% | Budget Used: 3720.00/4000.0
Ep  325 | Phase: PROTAGO | Ticks: 799 | Protag R: -7239.00 | Antag R: 6868.00 | Delivery:  62.5% | Budget Used: 3720.00/4000.0
Ep  326 | Phase: PROTAGO | Ticks: 795 | Protag R: -13572.00 | Antag R: 13201.00 | Delivery:  58.0% | Budget Used: 3720.00/4000.0
Ep  327 | Phase: PROTAGO | Ticks: 783 | Protag R: -7083.00 | Antag R: 6712.00 | Delivery:  50.0% | Budget Used: 3720.00/4000.0
Ep  328 | Phase: PROTAGO | Ticks: 789 | Protag R: -8534.00 | Antag R: 8163.00 | Delivery:  54.2% | Budget Used: 3720.00/4000.0
Ep  329 | Phase: PROTAGO | Ticks: 789 | Protag R: -4249.00 | Antag R: 3889.00 | Delivery:  75.0% | Budget Used: 3600.00/4000.0
Ep  330 | Phase: PROTAGO | Ticks: 793 | Protag R: -7272.00 | Antag R: 6901.00 | Delivery:  55.3% | Budget Used: 3720.00/4000.0
Ep  331 | Phase: PROTAGO | Ticks: 786 | Protag R: -9057.00 | Antag R: 8698.00 | Delivery:  45.1% | Budget Used: 3600.00/4000.0
Ep  332 | Phase: PROTAGO | Ticks: 786 | Protag R: -8278.00 | Antag R: 7906.00 | Delivery:  56.0% | Budget Used: 3720.00/4000.0
Ep  333 | Phase: PROTAGO | Ticks: 795 | Protag R: -5156.00 | Antag R: 4784.00 | Delivery:  73.5% | Budget Used: 3720.00/4000.0
Ep  334 | Phase: PROTAGO | Ticks: 780 | Protag R: -2442.00 | Antag R: 2071.00 | Delivery:  89.7% | Budget Used: 3720.00/4000.0
Ep  335 | Phase: PROTAGO | Ticks: 797 | Protag R: -11719.00 | Antag R: 11360.00 | Delivery:  48.3% | Budget Used: 3600.00/4000.0
Ep  336 | Phase: PROTAGO | Ticks: 777 | Protag R: -5166.00 | Antag R: 4795.00 | Delivery:  70.6% | Budget Used: 3720.00/4000.0
Ep  337 | Phase: PROTAGO | Ticks: 788 | Protag R: -6081.00 | Antag R: 5710.00 | Delivery:  67.6% | Budget Used: 3720.00/4000.0
Ep  338 | Phase: PROTAGO | Ticks: 785 | Protag R: -14678.00 | Antag R: 14307.00 | Delivery:  37.1% | Budget Used: 3720.00/4000.0
Ep  339 | Phase: PROTAGO | Ticks: 795 | Protag R: -13164.00 | Antag R: 12793.00 | Delivery:  50.9% | Budget Used: 3720.00/4000.0
Ep  340 | Phase: PROTAGO | Ticks: 778 | Protag R: -6991.00 | Antag R: 6620.00 | Delivery:  61.7% | Budget Used: 3720.00/4000.0
Ep  341 | Phase: PROTAGO | Ticks: 796 | Protag R: -12570.00 | Antag R: 12198.00 | Delivery:  46.4% | Budget Used: 3720.00/4000.0
Ep  342 | Phase: PROTAGO | Ticks: 799 | Protag R: -13185.00 | Antag R: 12813.00 | Delivery:  41.2% | Budget Used: 3720.00/4000.0
Ep  343 | Phase: PROTAGO | Ticks: 791 | Protag R: -14311.00 | Antag R: 13940.00 | Delivery:  45.8% | Budget Used: 3720.00/4000.0
Ep  344 | Phase: PROTAGO | Ticks: 779 | Protag R: -16420.00 | Antag R: 16049.00 | Delivery:  43.5% | Budget Used: 3720.00/4000.0
Ep  345 | Phase: PROTAGO | Ticks: 779 | Protag R: -5990.00 | Antag R: 5618.00 | Delivery:  60.0% | Budget Used: 3720.00/4000.0
Ep  346 | Phase: PROTAGO | Ticks: 792 | Protag R: -11803.00 | Antag R: 11432.00 | Delivery:  51.0% | Budget Used: 3720.00/4000.0
Ep  347 | Phase: PROTAGO | Ticks: 796 | Protag R: -6732.00 | Antag R: 6361.00 | Delivery:  69.0% | Budget Used: 3720.00/4000.0
Ep  348 | Phase: PROTAGO | Ticks: 790 | Protag R: -8323.00 | Antag R: 7952.00 | Delivery:  61.9% | Budget Used: 3720.00/4000.0
Ep  349 | Phase: PROTAGO | Ticks: 786 | Protag R: -5021.00 | Antag R: 4650.00 | Delivery:  57.9% | Budget Used: 3720.00/4000.0
Ep  350 | Phase: PROTAGO | Ticks: 777 | Protag R: -7239.00 | Antag R: 6881.00 | Delivery:  64.3% | Budget Used: 3600.00/4000.0
  [EVAL ep 350] greedy_atk=7469 learned_atk=8008 gap=+540 +/-1373 (neg = learned beats greedy under attack)
Saving checkpoints for both agents before phase switch...

--- Episode 351: Switching training phase to ANTAGONIST ---
Ep  351 | Phase: ANTAGON | Ticks: 795 | Protag R: -14254.00 | Antag R: 13883.00 | Delivery:  50.0% | Budget Used: 3720.00/4000.0
Ep  352 | Phase: ANTAGON | Ticks: 798 | Protag R: -9682.00 | Antag R: 9311.00 | Delivery:  58.5% | Budget Used: 3720.00/4000.0
Ep  353 | Phase: ANTAGON | Ticks: 796 | Protag R: -4480.00 | Antag R: 4109.00 | Delivery:  67.4% | Budget Used: 3720.00/4000.0
Ep  354 | Phase: ANTAGON | Ticks: 798 | Protag R: -8918.00 | Antag R: 8547.00 | Delivery:  60.8% | Budget Used: 3720.00/4000.0
Ep  355 | Phase: ANTAGON | Ticks: 797 | Protag R: -14212.00 | Antag R: 13841.00 | Delivery:  51.9% | Budget Used: 3720.00/4000.0
Ep  356 | Phase: ANTAGON | Ticks: 795 | Protag R: -6042.00 | Antag R: 5671.00 | Delivery:  65.8% | Budget Used: 3720.00/4000.0
Ep  357 | Phase: ANTAGON | Ticks: 792 | Protag R: -9041.00 | Antag R: 8670.00 | Delivery:  52.4% | Budget Used: 3720.00/4000.0
Ep  358 | Phase: ANTAGON | Ticks: 781 | Protag R: -6719.00 | Antag R: 6348.00 | Delivery:  66.7% | Budget Used: 3720.00/4000.0
Ep  359 | Phase: ANTAGON | Ticks: 779 | Protag R: -8074.00 | Antag R: 7702.00 | Delivery:  55.6% | Budget Used: 3720.00/4000.0
Ep  360 | Phase: ANTAGON | Ticks: 797 | Protag R: -11605.00 | Antag R: 11233.00 | Delivery:  49.1% | Budget Used: 3720.00/4000.0
Ep  361 | Phase: ANTAGON | Ticks: 798 | Protag R: -13850.00 | Antag R: 13480.00 | Delivery:  46.6% | Budget Used: 3720.00/4000.0
Ep  362 | Phase: ANTAGON | Ticks: 797 | Protag R: -6529.00 | Antag R: 6158.00 | Delivery:  62.8% | Budget Used: 3720.00/4000.0
Ep  363 | Phase: ANTAGON | Ticks: 789 | Protag R: -8003.00 | Antag R: 7632.00 | Delivery:  59.1% | Budget Used: 3720.00/4000.0
Ep  364 | Phase: ANTAGON | Ticks: 777 | Protag R: -7483.00 | Antag R: 7111.00 | Delivery:  54.2% | Budget Used: 3720.00/4000.0
Ep  365 | Phase: ANTAGON | Ticks: 798 | Protag R: -9817.00 | Antag R: 9446.00 | Delivery:  47.2% | Budget Used: 3720.00/4000.0
Ep  366 | Phase: ANTAGON | Ticks: 799 | Protag R: -10797.00 | Antag R: 10426.00 | Delivery:  52.8% | Budget Used: 3720.00/4000.0
Ep  367 | Phase: ANTAGON | Ticks: 793 | Protag R: -8615.00 | Antag R: 8244.00 | Delivery:  42.9% | Budget Used: 3720.00/4000.0
Ep  368 | Phase: ANTAGON | Ticks: 787 | Protag R: -11450.00 | Antag R: 11079.00 | Delivery:  42.6% | Budget Used: 3720.00/4000.0
Ep  369 | Phase: ANTAGON | Ticks: 789 | Protag R: -8841.00 | Antag R: 8470.00 | Delivery:  56.0% | Budget Used: 3720.00/4000.0
Ep  370 | Phase: ANTAGON | Ticks: 779 | Protag R: -13871.00 | Antag R: 13500.00 | Delivery:  50.0% | Budget Used: 3720.00/4000.0
Ep  371 | Phase: ANTAGON | Ticks: 775 | Protag R: -8519.00 | Antag R: 8148.00 | Delivery:  44.7% | Budget Used: 3720.00/4000.0
Ep  372 | Phase: ANTAGON | Ticks: 775 | Protag R: -9705.00 | Antag R: 9334.00 | Delivery:  54.3% | Budget Used: 3720.00/4000.0
Ep  373 | Phase: ANTAGON | Ticks: 791 | Protag R: -7069.00 | Antag R: 6697.00 | Delivery:  60.5% | Budget Used: 3720.00/4000.0
Ep  374 | Phase: ANTAGON | Ticks: 777 | Protag R: -13041.00 | Antag R: 12670.00 | Delivery:  50.0% | Budget Used: 3720.00/4000.0
Ep  375 | Phase: ANTAGON | Ticks: 779 | Protag R: -6049.00 | Antag R: 5690.00 | Delivery:  64.3% | Budget Used: 3600.00/4000.0
Ep  376 | Phase: ANTAGON | Ticks: 781 | Protag R: -10621.00 | Antag R: 10250.00 | Delivery:  59.2% | Budget Used: 3720.00/4000.0
Ep  377 | Phase: ANTAGON | Ticks: 777 | Protag R: -11135.00 | Antag R: 10764.00 | Delivery:  50.9% | Budget Used: 3720.00/4000.0
Ep  378 | Phase: ANTAGON | Ticks: 799 | Protag R: -4152.00 | Antag R: 3781.00 | Delivery:  64.7% | Budget Used: 3720.00/4000.0
Ep  379 | Phase: ANTAGON | Ticks: 798 | Protag R: -8325.00 | Antag R: 7953.00 | Delivery:  57.7% | Budget Used: 3720.00/4000.0
Ep  380 | Phase: ANTAGON | Ticks: 788 | Protag R: -12377.00 | Antag R: 12005.00 | Delivery:  49.2% | Budget Used: 3720.00/4000.0
Ep  381 | Phase: ANTAGON | Ticks: 799 | Protag R: -7574.00 | Antag R: 7203.00 | Delivery:  58.1% | Budget Used: 3720.00/4000.0
Ep  382 | Phase: ANTAGON | Ticks: 796 | Protag R: -6613.00 | Antag R: 6242.00 | Delivery:  68.9% | Budget Used: 3720.00/4000.0
Ep  383 | Phase: ANTAGON | Ticks: 794 | Protag R: -6500.00 | Antag R: 6129.00 | Delivery:  65.9% | Budget Used: 3720.00/4000.0
Ep  384 | Phase: ANTAGON | Ticks: 792 | Protag R: -10967.00 | Antag R: 10596.00 | Delivery:  52.6% | Budget Used: 3720.00/4000.0
Ep  385 | Phase: ANTAGON | Ticks: 798 | Protag R: -14127.00 | Antag R: 13756.00 | Delivery:  48.0% | Budget Used: 3720.00/4000.0
Ep  386 | Phase: ANTAGON | Ticks: 776 | Protag R: -11778.00 | Antag R: 11407.00 | Delivery:  56.6% | Budget Used: 3720.00/4000.0
Ep  387 | Phase: ANTAGON | Ticks: 797 | Protag R: -16486.00 | Antag R: 16115.00 | Delivery:  44.8% | Budget Used: 3720.00/4000.0
Ep  388 | Phase: ANTAGON | Ticks: 786 | Protag R: -10553.00 | Antag R: 10182.00 | Delivery:  46.4% | Budget Used: 3720.00/4000.0
Ep  389 | Phase: ANTAGON | Ticks: 792 | Protag R: -11426.00 | Antag R: 11054.00 | Delivery:  45.5% | Budget Used: 3720.00/4000.0
Ep  390 | Phase: ANTAGON | Ticks: 793 | Protag R: -7480.00 | Antag R: 7108.00 | Delivery:  60.0% | Budget Used: 3720.00/4000.0
Ep  391 | Phase: ANTAGON | Ticks: 784 | Protag R: -6027.00 | Antag R: 5656.00 | Delivery:  65.8% | Budget Used: 3720.00/4000.0
Ep  392 | Phase: ANTAGON | Ticks: 794 | Protag R: -8606.00 | Antag R: 8235.00 | Delivery:  58.5% | Budget Used: 3720.00/4000.0
Ep  393 | Phase: ANTAGON | Ticks: 797 | Protag R: -11518.00 | Antag R: 11146.00 | Delivery:  50.9% | Budget Used: 3720.00/4000.0
Ep  394 | Phase: ANTAGON | Ticks: 796 | Protag R: -7604.00 | Antag R: 7233.00 | Delivery:  57.4% | Budget Used: 3720.00/4000.0
Ep  395 | Phase: ANTAGON | Ticks: 793 | Protag R: -5924.00 | Antag R: 5553.00 | Delivery:  58.7% | Budget Used: 3720.00/4000.0
Ep  396 | Phase: ANTAGON | Ticks: 799 | Protag R: -5785.00 | Antag R: 5413.00 | Delivery:  58.1% | Budget Used: 3720.00/4000.0
Ep  397 | Phase: ANTAGON | Ticks: 799 | Protag R: -15163.00 | Antag R: 14792.00 | Delivery:  46.7% | Budget Used: 3720.00/4000.0
Ep  398 | Phase: ANTAGON | Ticks: 786 | Protag R: -8501.00 | Antag R: 8130.00 | Delivery:  59.6% | Budget Used: 3720.00/4000.0
Ep  399 | Phase: ANTAGON | Ticks: 796 | Protag R: -4873.00 | Antag R: 4502.00 | Delivery:  65.9% | Budget Used: 3720.00/4000.0
Ep  400 | Phase: ANTAGON | Ticks: 797 | Protag R: -10427.00 | Antag R: 10056.00 | Delivery:  46.3% | Budget Used: 3720.00/4000.0
  [EVAL ep 400] greedy_atk=7090 learned_atk=7992 gap=+903 +/-465 (neg = learned beats greedy under attack)
Saving checkpoints for both agents before phase switch...

--- Episode 401: Switching training phase to PROTAGONIST ---
Ep  401 | Phase: PROTAGO | Ticks: 793 | Protag R: -10562.00 | Antag R: 10190.00 | Delivery:  47.1% | Budget Used: 3720.00/4000.0
Ep  402 | Phase: PROTAGO | Ticks: 776 | Protag R: -4415.00 | Antag R: 4044.00 | Delivery:  71.1% | Budget Used: 3720.00/4000.0
Ep  403 | Phase: PROTAGO | Ticks: 786 | Protag R: -11733.00 | Antag R: 11361.00 | Delivery:  46.7% | Budget Used: 3720.00/4000.0
Ep  404 | Phase: PROTAGO | Ticks: 790 | Protag R: -12398.00 | Antag R: 12027.00 | Delivery:  47.3% | Budget Used: 3720.00/4000.0
Ep  405 | Phase: PROTAGO | Ticks: 796 | Protag R: -9253.00 | Antag R: 8882.00 | Delivery:  57.4% | Budget Used: 3720.00/4000.0
Ep  406 | Phase: PROTAGO | Ticks: 778 | Protag R: -5327.00 | Antag R: 4956.00 | Delivery:  64.3% | Budget Used: 3720.00/4000.0
Ep  407 | Phase: PROTAGO | Ticks: 796 | Protag R: -8662.00 | Antag R: 8303.00 | Delivery:  59.6% | Budget Used: 3600.00/4000.0
Ep  408 | Phase: PROTAGO | Ticks: 799 | Protag R: -14599.00 | Antag R: 14228.00 | Delivery:  47.3% | Budget Used: 3720.00/4000.0
Ep  409 | Phase: PROTAGO | Ticks: 795 | Protag R: -2453.00 | Antag R: 2081.00 | Delivery:  84.4% | Budget Used: 3720.00/4000.0
Ep  410 | Phase: PROTAGO | Ticks: 796 | Protag R: -7649.00 | Antag R: 7277.00 | Delivery:  59.1% | Budget Used: 3720.00/4000.0
Ep  411 | Phase: PROTAGO | Ticks: 794 | Protag R: -5494.00 | Antag R: 5123.00 | Delivery:  62.2% | Budget Used: 3720.00/4000.0
Ep  412 | Phase: PROTAGO | Ticks: 789 | Protag R: -7829.00 | Antag R: 7470.00 | Delivery:  52.2% | Budget Used: 3600.00/4000.0
Ep  413 | Phase: PROTAGO | Ticks: 789 | Protag R: -8815.00 | Antag R: 8443.00 | Delivery:  54.2% | Budget Used: 3720.00/4000.0
Ep  414 | Phase: PROTAGO | Ticks: 796 | Protag R: -8810.00 | Antag R: 8439.00 | Delivery:  58.7% | Budget Used: 3720.00/4000.0
Ep  415 | Phase: PROTAGO | Ticks: 796 | Protag R: -9082.00 | Antag R: 8711.00 | Delivery:  52.4% | Budget Used: 3720.00/4000.0
Ep  416 | Phase: PROTAGO | Ticks: 793 | Protag R: -5542.00 | Antag R: 5171.00 | Delivery:  57.9% | Budget Used: 3720.00/4000.0
Ep  417 | Phase: PROTAGO | Ticks: 799 | Protag R: -6744.00 | Antag R: 6373.00 | Delivery:  47.1% | Budget Used: 3720.00/4000.0
Ep  418 | Phase: PROTAGO | Ticks: 791 | Protag R: -12203.00 | Antag R: 11832.00 | Delivery:  49.0% | Budget Used: 3720.00/4000.0
Ep  419 | Phase: PROTAGO | Ticks: 775 | Protag R: -5295.00 | Antag R: 4924.00 | Delivery:  63.6% | Budget Used: 3720.00/4000.0
Ep  420 | Phase: PROTAGO | Ticks: 792 | Protag R: -10187.00 | Antag R: 9815.00 | Delivery:  56.6% | Budget Used: 3720.00/4000.0
Ep  421 | Phase: PROTAGO | Ticks: 796 | Protag R: -10201.00 | Antag R: 9830.00 | Delivery:  48.9% | Budget Used: 3720.00/4000.0
Ep  422 | Phase: PROTAGO | Ticks: 799 | Protag R: -8754.00 | Antag R: 8383.00 | Delivery:  60.0% | Budget Used: 3720.00/4000.0
Ep  423 | Phase: PROTAGO | Ticks: 777 | Protag R: -8334.00 | Antag R: 7963.00 | Delivery:  65.2% | Budget Used: 3720.00/4000.0
Ep  424 | Phase: PROTAGO | Ticks: 799 | Protag R: -9071.00 | Antag R: 8700.00 | Delivery:  58.1% | Budget Used: 3720.00/4000.0
Ep  425 | Phase: PROTAGO | Ticks: 795 | Protag R: -9465.00 | Antag R: 9094.00 | Delivery:  55.8% | Budget Used: 3720.00/4000.0
Ep  426 | Phase: PROTAGO | Ticks: 791 | Protag R: -8733.00 | Antag R: 8362.00 | Delivery:  59.2% | Budget Used: 3720.00/4000.0
Ep  427 | Phase: PROTAGO | Ticks: 792 | Protag R: -11889.00 | Antag R: 11518.00 | Delivery:  50.9% | Budget Used: 3720.00/4000.0
Ep  428 | Phase: PROTAGO | Ticks: 786 | Protag R: -7580.00 | Antag R: 7221.00 | Delivery:  55.0% | Budget Used: 3600.00/4000.0
Ep  429 | Phase: PROTAGO | Ticks: 794 | Protag R: -9665.00 | Antag R: 9294.00 | Delivery:  49.1% | Budget Used: 3720.00/4000.0
Ep  430 | Phase: PROTAGO | Ticks: 788 | Protag R: -4006.00 | Antag R: 3635.00 | Delivery:  65.8% | Budget Used: 3720.00/4000.0
Ep  431 | Phase: PROTAGO | Ticks: 795 | Protag R: -8333.00 | Antag R: 7961.00 | Delivery:  52.1% | Budget Used: 3720.00/4000.0
Ep  432 | Phase: PROTAGO | Ticks: 785 | Protag R: -7165.00 | Antag R: 6793.00 | Delivery:  58.1% | Budget Used: 3720.00/4000.0
Ep  433 | Phase: PROTAGO | Ticks: 794 | Protag R: -11795.00 | Antag R: 11425.00 | Delivery:  52.2% | Budget Used: 3720.00/4000.0
Ep  434 | Phase: PROTAGO | Ticks: 795 | Protag R: -3661.00 | Antag R: 3290.00 | Delivery:  66.7% | Budget Used: 3720.00/4000.0
Ep  435 | Phase: PROTAGO | Ticks: 795 | Protag R: -8124.00 | Antag R: 7753.00 | Delivery:  47.2% | Budget Used: 3720.00/4000.0
Ep  436 | Phase: PROTAGO | Ticks: 795 | Protag R: -6043.00 | Antag R: 5672.00 | Delivery:  71.4% | Budget Used: 3720.00/4000.0
Ep  437 | Phase: PROTAGO | Ticks: 798 | Protag R: -5590.00 | Antag R: 5218.00 | Delivery:  61.1% | Budget Used: 3720.00/4000.0
Ep  438 | Phase: PROTAGO | Ticks: 794 | Protag R: -7842.00 | Antag R: 7482.00 | Delivery:  63.8% | Budget Used: 3600.00/4000.0
Ep  439 | Phase: PROTAGO | Ticks: 784 | Protag R: -11455.00 | Antag R: 11084.00 | Delivery:  56.6% | Budget Used: 3720.00/4000.0
Ep  440 | Phase: PROTAGO | Ticks: 797 | Protag R: -7581.00 | Antag R: 7210.00 | Delivery:  56.0% | Budget Used: 3720.00/4000.0
Ep  441 | Phase: PROTAGO | Ticks: 791 | Protag R: -6981.00 | Antag R: 6609.00 | Delivery:  56.8% | Budget Used: 3720.00/4000.0
Ep  442 | Phase: PROTAGO | Ticks: 796 | Protag R: -8277.00 | Antag R: 7906.00 | Delivery:  63.3% | Budget Used: 3720.00/4000.0
Ep  443 | Phase: PROTAGO | Ticks: 796 | Protag R: -7238.00 | Antag R: 6867.00 | Delivery:  65.1% | Budget Used: 3720.00/4000.0
Ep  444 | Phase: PROTAGO | Ticks: 798 | Protag R: -13963.00 | Antag R: 13592.00 | Delivery:  52.5% | Budget Used: 3720.00/4000.0
Ep  445 | Phase: PROTAGO | Ticks: 782 | Protag R: -10268.00 | Antag R: 9897.00 | Delivery:  52.9% | Budget Used: 3720.00/4000.0
Ep  446 | Phase: PROTAGO | Ticks: 783 | Protag R: -11955.00 | Antag R: 11584.00 | Delivery:  50.0% | Budget Used: 3720.00/4000.0
Ep  447 | Phase: PROTAGO | Ticks: 776 | Protag R: -16749.00 | Antag R: 16378.00 | Delivery:  41.2% | Budget Used: 3720.00/4000.0
Ep  448 | Phase: PROTAGO | Ticks: 792 | Protag R: -6262.00 | Antag R: 5890.00 | Delivery:  53.7% | Budget Used: 3720.00/4000.0
Ep  449 | Phase: PROTAGO | Ticks: 792 | Protag R: -8314.00 | Antag R: 7943.00 | Delivery:  51.2% | Budget Used: 3720.00/4000.0
Ep  450 | Phase: PROTAGO | Ticks: 780 | Protag R: -10647.00 | Antag R: 10275.00 | Delivery:  50.0% | Budget Used: 3720.00/4000.0
  [EVAL ep 450] greedy_atk=7090 learned_atk=7778 gap=+688 +/-1075 (neg = learned beats greedy under attack)
Saving checkpoints for both agents before phase switch...

--- Episode 451: Switching training phase to ANTAGONIST ---
Ep  451 | Phase: ANTAGON | Ticks: 793 | Protag R: -12128.00 | Antag R: 11757.00 | Delivery:  49.1% | Budget Used: 3720.00/4000.0
Ep  452 | Phase: ANTAGON | Ticks: 790 | Protag R: -7023.00 | Antag R: 6652.00 | Delivery:  57.4% | Budget Used: 3720.00/4000.0
Ep  453 | Phase: ANTAGON | Ticks: 791 | Protag R: -10326.00 | Antag R: 9955.00 | Delivery:  58.0% | Budget Used: 3720.00/4000.0
Ep  454 | Phase: ANTAGON | Ticks: 797 | Protag R: -7153.00 | Antag R: 6793.00 | Delivery:  46.7% | Budget Used: 3600.00/4000.0
Ep  455 | Phase: ANTAGON | Ticks: 790 | Protag R: -6863.00 | Antag R: 6491.00 | Delivery:  60.0% | Budget Used: 3720.00/4000.0
Ep  456 | Phase: ANTAGON | Ticks: 798 | Protag R: -12860.00 | Antag R: 12489.00 | Delivery:  46.6% | Budget Used: 3720.00/4000.0
Ep  457 | Phase: ANTAGON | Ticks: 792 | Protag R: -6920.00 | Antag R: 6549.00 | Delivery:  58.5% | Budget Used: 3720.00/4000.0
Ep  458 | Phase: ANTAGON | Ticks: 782 | Protag R: -9238.00 | Antag R: 8867.00 | Delivery:  53.7% | Budget Used: 3720.00/4000.0
Ep  459 | Phase: ANTAGON | Ticks: 783 | Protag R: -8671.00 | Antag R: 8300.00 | Delivery:  51.1% | Budget Used: 3720.00/4000.0
Ep  460 | Phase: ANTAGON | Ticks: 791 | Protag R: -8560.00 | Antag R: 8188.00 | Delivery:  57.1% | Budget Used: 3720.00/4000.0
Ep  461 | Phase: ANTAGON | Ticks: 797 | Protag R: -10706.00 | Antag R: 10334.00 | Delivery:  52.0% | Budget Used: 3720.00/4000.0
Ep  462 | Phase: ANTAGON | Ticks: 795 | Protag R: -14774.00 | Antag R: 14402.00 | Delivery:  36.8% | Budget Used: 3720.00/4000.0
Ep  463 | Phase: ANTAGON | Ticks: 791 | Protag R: -13272.00 | Antag R: 12900.00 | Delivery:  47.2% | Budget Used: 3720.00/4000.0
Ep  464 | Phase: ANTAGON | Ticks: 789 | Protag R: -6486.00 | Antag R: 6115.00 | Delivery:  60.5% | Budget Used: 3720.00/4000.0
Ep  465 | Phase: ANTAGON | Ticks: 791 | Protag R: -9551.00 | Antag R: 9179.00 | Delivery:  48.3% | Budget Used: 3720.00/4000.0
Ep  466 | Phase: ANTAGON | Ticks: 793 | Protag R: -11470.00 | Antag R: 11098.00 | Delivery:  39.7% | Budget Used: 3720.00/4000.0
Ep  467 | Phase: ANTAGON | Ticks: 799 | Protag R: -8824.00 | Antag R: 8453.00 | Delivery:  56.8% | Budget Used: 3720.00/4000.0
Ep  468 | Phase: ANTAGON | Ticks: 789 | Protag R: -9905.00 | Antag R: 9547.00 | Delivery:  55.6% | Budget Used: 3600.00/4000.0
Ep  469 | Phase: ANTAGON | Ticks: 797 | Protag R: -10332.00 | Antag R: 9961.00 | Delivery:  55.3% | Budget Used: 3720.00/4000.0
Ep  470 | Phase: ANTAGON | Ticks: 787 | Protag R: -9466.00 | Antag R: 9094.00 | Delivery:  50.9% | Budget Used: 3720.00/4000.0
Ep  471 | Phase: ANTAGON | Ticks: 797 | Protag R: -7521.00 | Antag R: 7150.00 | Delivery:  59.2% | Budget Used: 3720.00/4000.0
Ep  472 | Phase: ANTAGON | Ticks: 794 | Protag R: -11992.00 | Antag R: 11621.00 | Delivery:  55.8% | Budget Used: 3720.00/4000.0
Ep  473 | Phase: ANTAGON | Ticks: 790 | Protag R: -9177.00 | Antag R: 8806.00 | Delivery:  54.9% | Budget Used: 3720.00/4000.0
Ep  474 | Phase: ANTAGON | Ticks: 790 | Protag R: -8729.00 | Antag R: 8357.00 | Delivery:  52.3% | Budget Used: 3720.00/4000.0
Ep  475 | Phase: ANTAGON | Ticks: 783 | Protag R: -10827.00 | Antag R: 10456.00 | Delivery:  53.1% | Budget Used: 3720.00/4000.0
Ep  476 | Phase: ANTAGON | Ticks: 775 | Protag R: -3470.00 | Antag R: 3099.00 | Delivery:  60.0% | Budget Used: 3720.00/4000.0
Ep  477 | Phase: ANTAGON | Ticks: 783 | Protag R: -13017.00 | Antag R: 12646.00 | Delivery:  46.7% | Budget Used: 3720.00/4000.0
Ep  478 | Phase: ANTAGON | Ticks: 785 | Protag R: -10505.00 | Antag R: 10134.00 | Delivery:  42.6% | Budget Used: 3720.00/4000.0
Ep  479 | Phase: ANTAGON | Ticks: 793 | Protag R: -10046.00 | Antag R: 9686.00 | Delivery:  44.4% | Budget Used: 3600.00/4000.0
Ep  480 | Phase: ANTAGON | Ticks: 780 | Protag R: -9851.00 | Antag R: 9479.00 | Delivery:  56.9% | Budget Used: 3720.00/4000.0
Ep  481 | Phase: ANTAGON | Ticks: 794 | Protag R: -7640.00 | Antag R: 7268.00 | Delivery:  70.3% | Budget Used: 3720.00/4000.0
Ep  482 | Phase: ANTAGON | Ticks: 791 | Protag R: -7246.00 | Antag R: 6874.00 | Delivery:  59.1% | Budget Used: 3720.00/4000.0
Ep  483 | Phase: ANTAGON | Ticks: 775 | Protag R: -1375.00 | Antag R: 1004.00 | Delivery:  69.6% | Budget Used: 3720.00/4000.0
Ep  484 | Phase: ANTAGON | Ticks: 796 | Protag R: -11275.00 | Antag R: 10904.00 | Delivery:  50.0% | Budget Used: 3720.00/4000.0
Ep  485 | Phase: ANTAGON | Ticks: 779 | Protag R: -12148.00 | Antag R: 11776.00 | Delivery:  46.3% | Budget Used: 3720.00/4000.0
Ep  486 | Phase: ANTAGON | Ticks: 777 | Protag R: -11321.00 | Antag R: 10950.00 | Delivery:  37.7% | Budget Used: 3720.00/4000.0
Ep  487 | Phase: ANTAGON | Ticks: 781 | Protag R: -7173.00 | Antag R: 6802.00 | Delivery:  59.2% | Budget Used: 3720.00/4000.0
Ep  488 | Phase: ANTAGON | Ticks: 798 | Protag R: -8720.00 | Antag R: 8349.00 | Delivery:  53.2% | Budget Used: 3720.00/4000.0
Ep  489 | Phase: ANTAGON | Ticks: 793 | Protag R: -8246.00 | Antag R: 7875.00 | Delivery:  63.6% | Budget Used: 3720.00/4000.0
Ep  490 | Phase: ANTAGON | Ticks: 794 | Protag R: -14436.00 | Antag R: 14065.00 | Delivery:  48.3% | Budget Used: 3720.00/4000.0
Ep  491 | Phase: ANTAGON | Ticks: 791 | Protag R: -5384.00 | Antag R: 5013.00 | Delivery:  74.4% | Budget Used: 3720.00/4000.0
Ep  492 | Phase: ANTAGON | Ticks: 778 | Protag R: -7141.00 | Antag R: 6771.00 | Delivery:  62.8% | Budget Used: 3720.00/4000.0
Ep  493 | Phase: ANTAGON | Ticks: 782 | Protag R: -7536.00 | Antag R: 7176.00 | Delivery:  48.0% | Budget Used: 3600.00/4000.0
Ep  494 | Phase: ANTAGON | Ticks: 797 | Protag R: -7324.00 | Antag R: 6953.00 | Delivery:  66.0% | Budget Used: 3720.00/4000.0
Ep  495 | Phase: ANTAGON | Ticks: 798 | Protag R: -7411.00 | Antag R: 7040.00 | Delivery:  56.2% | Budget Used: 3720.00/4000.0
Ep  496 | Phase: ANTAGON | Ticks: 775 | Protag R: -5395.00 | Antag R: 5024.00 | Delivery:  53.8% | Budget Used: 3720.00/4000.0
Ep  497 | Phase: ANTAGON | Ticks: 780 | Protag R: -7013.00 | Antag R: 6642.00 | Delivery:  63.6% | Budget Used: 3720.00/4000.0
Ep  498 | Phase: ANTAGON | Ticks: 795 | Protag R: -7582.00 | Antag R: 7211.00 | Delivery:  50.0% | Budget Used: 3720.00/4000.0
Ep  499 | Phase: ANTAGON | Ticks: 780 | Protag R: -6850.00 | Antag R: 6491.00 | Delivery:  51.2% | Budget Used: 3600.00/4000.0
Ep  500 | Phase: ANTAGON | Ticks: 798 | Protag R: -7557.00 | Antag R: 7186.00 | Delivery:  63.4% | Budget Used: 3720.00/4000.0
  [EVAL ep 500] greedy_atk=7896 learned_atk=8008 gap=+112 +/-434 (neg = learned beats greedy under attack)
Saving checkpoints for both agents before phase switch...

--- Episode 501: Switching training phase to PROTAGONIST ---
Ep  501 | Phase: PROTAGO | Ticks: 795 | Protag R: -10304.00 | Antag R: 9933.00 | Delivery:  57.1% | Budget Used: 3720.00/4000.0
Ep  502 | Phase: PROTAGO | Ticks: 794 | Protag R: -5163.00 | Antag R: 4792.00 | Delivery:  68.2% | Budget Used: 3720.00/4000.0
Ep  503 | Phase: PROTAGO | Ticks: 779 | Protag R: -8314.00 | Antag R: 7942.00 | Delivery:  50.0% | Budget Used: 3720.00/4000.0
Ep  504 | Phase: PROTAGO | Ticks: 790 | Protag R: -10992.00 | Antag R: 10622.00 | Delivery:  45.5% | Budget Used: 3720.00/4000.0
Ep  505 | Phase: PROTAGO | Ticks: 783 | Protag R: -11960.00 | Antag R: 11590.00 | Delivery:  45.8% | Budget Used: 3720.00/4000.0
Ep  506 | Phase: PROTAGO | Ticks: 796 | Protag R: -9420.00 | Antag R: 9049.00 | Delivery:  53.1% | Budget Used: 3720.00/4000.0
Ep  507 | Phase: PROTAGO | Ticks: 788 | Protag R: -8191.00 | Antag R: 7820.00 | Delivery:  58.5% | Budget Used: 3720.00/4000.0
Ep  508 | Phase: PROTAGO | Ticks: 775 | Protag R: -7273.00 | Antag R: 6902.00 | Delivery:  58.7% | Budget Used: 3720.00/4000.0
Ep  509 | Phase: PROTAGO | Ticks: 799 | Protag R: -14698.00 | Antag R: 14327.00 | Delivery:  47.5% | Budget Used: 3720.00/4000.0
Ep  510 | Phase: PROTAGO | Ticks: 782 | Protag R: -8081.00 | Antag R: 7709.00 | Delivery:  60.0% | Budget Used: 3720.00/4000.0
Ep  511 | Phase: PROTAGO | Ticks: 777 | Protag R: -4713.00 | Antag R: 4342.00 | Delivery:  59.5% | Budget Used: 3720.00/4000.0
Ep  512 | Phase: PROTAGO | Ticks: 786 | Protag R: -10839.00 | Antag R: 10468.00 | Delivery:  55.6% | Budget Used: 3720.00/4000.0
Ep  513 | Phase: PROTAGO | Ticks: 798 | Protag R: -4489.00 | Antag R: 4118.00 | Delivery:  63.2% | Budget Used: 3720.00/4000.0
Ep  514 | Phase: PROTAGO | Ticks: 791 | Protag R: -12102.00 | Antag R: 11731.00 | Delivery:  55.1% | Budget Used: 3720.00/4000.0
Ep  515 | Phase: PROTAGO | Ticks: 798 | Protag R: -7194.00 | Antag R: 6835.00 | Delivery:  68.3% | Budget Used: 3600.00/4000.0
Ep  516 | Phase: PROTAGO | Ticks: 793 | Protag R: -8237.00 | Antag R: 7866.00 | Delivery:  59.6% | Budget Used: 3720.00/4000.0
Ep  517 | Phase: PROTAGO | Ticks: 790 | Protag R: -6120.00 | Antag R: 5748.00 | Delivery:  77.8% | Budget Used: 3720.00/4000.0
Ep  518 | Phase: PROTAGO | Ticks: 788 | Protag R: -9699.00 | Antag R: 9352.00 | Delivery:  58.5% | Budget Used: 3480.00/4000.0
Ep  519 | Phase: PROTAGO | Ticks: 788 | Protag R: -10359.00 | Antag R: 9999.00 | Delivery:  48.1% | Budget Used: 3600.00/4000.0
Ep  520 | Phase: PROTAGO | Ticks: 794 | Protag R: -8340.00 | Antag R: 7968.00 | Delivery:  53.2% | Budget Used: 3720.00/4000.0
Ep  521 | Phase: PROTAGO | Ticks: 797 | Protag R: -13130.00 | Antag R: 12771.00 | Delivery:  37.5% | Budget Used: 3600.00/4000.0
Ep  522 | Phase: PROTAGO | Ticks: 799 | Protag R: -6959.00 | Antag R: 6588.00 | Delivery:  53.2% | Budget Used: 3720.00/4000.0
Ep  523 | Phase: PROTAGO | Ticks: 792 | Protag R: -5891.00 | Antag R: 5520.00 | Delivery:  67.6% | Budget Used: 3720.00/4000.0
Ep  524 | Phase: PROTAGO | Ticks: 785 | Protag R: -9585.00 | Antag R: 9213.00 | Delivery:  58.0% | Budget Used: 3720.00/4000.0
Ep  525 | Phase: PROTAGO | Ticks: 792 | Protag R: -3308.00 | Antag R: 2936.00 | Delivery:  74.2% | Budget Used: 3720.00/4000.0
Ep  526 | Phase: PROTAGO | Ticks: 788 | Protag R: -7386.00 | Antag R: 7015.00 | Delivery:  57.1% | Budget Used: 3720.00/4000.0
Ep  527 | Phase: PROTAGO | Ticks: 781 | Protag R: -10840.00 | Antag R: 10469.00 | Delivery:  49.0% | Budget Used: 3720.00/4000.0
Ep  528 | Phase: PROTAGO | Ticks: 788 | Protag R: -7184.00 | Antag R: 6813.00 | Delivery:  61.4% | Budget Used: 3720.00/4000.0
Ep  529 | Phase: PROTAGO | Ticks: 787 | Protag R: -7734.00 | Antag R: 7363.00 | Delivery:  54.8% | Budget Used: 3720.00/4000.0
Ep  530 | Phase: PROTAGO | Ticks: 792 | Protag R: -6360.00 | Antag R: 6001.00 | Delivery:  61.0% | Budget Used: 3600.00/4000.0
Ep  531 | Phase: PROTAGO | Ticks: 787 | Protag R: -9694.00 | Antag R: 9323.00 | Delivery:  54.0% | Budget Used: 3720.00/4000.0
Ep  532 | Phase: PROTAGO | Ticks: 797 | Protag R: -10407.00 | Antag R: 10047.00 | Delivery:  55.3% | Budget Used: 3600.00/4000.0
Ep  533 | Phase: PROTAGO | Ticks: 790 | Protag R: -11651.00 | Antag R: 11280.00 | Delivery:  51.1% | Budget Used: 3720.00/4000.0
Ep  534 | Phase: PROTAGO | Ticks: 795 | Protag R: -7964.00 | Antag R: 7592.00 | Delivery:  41.3% | Budget Used: 3720.00/4000.0
Ep  535 | Phase: PROTAGO | Ticks: 789 | Protag R: -9479.00 | Antag R: 9108.00 | Delivery:  47.1% | Budget Used: 3720.00/4000.0
Ep  536 | Phase: PROTAGO | Ticks: 796 | Protag R: -8100.00 | Antag R: 7729.00 | Delivery:  50.0% | Budget Used: 3720.00/4000.0
Ep  537 | Phase: PROTAGO | Ticks: 783 | Protag R: -8781.00 | Antag R: 8409.00 | Delivery:  59.1% | Budget Used: 3720.00/4000.0
Ep  538 | Phase: PROTAGO | Ticks: 780 | Protag R: -5468.00 | Antag R: 5097.00 | Delivery:  52.5% | Budget Used: 3720.00/4000.0
Ep  539 | Phase: PROTAGO | Ticks: 798 | Protag R: -12174.00 | Antag R: 11803.00 | Delivery:  60.4% | Budget Used: 3720.00/4000.0
Ep  540 | Phase: PROTAGO | Ticks: 791 | Protag R: -4999.00 | Antag R: 4628.00 | Delivery:  62.5% | Budget Used: 3720.00/4000.0
Ep  541 | Phase: PROTAGO | Ticks: 796 | Protag R: -10016.00 | Antag R: 9645.00 | Delivery:  51.9% | Budget Used: 3720.00/4000.0
Ep  542 | Phase: PROTAGO | Ticks: 785 | Protag R: -11300.00 | Antag R: 10928.00 | Delivery:  52.1% | Budget Used: 3720.00/4000.0
Ep  543 | Phase: PROTAGO | Ticks: 795 | Protag R: -13674.00 | Antag R: 13315.00 | Delivery:  50.0% | Budget Used: 3600.00/4000.0
Ep  544 | Phase: PROTAGO | Ticks: 794 | Protag R: -7525.00 | Antag R: 7153.00 | Delivery:  50.0% | Budget Used: 3720.00/4000.0
Ep  545 | Phase: PROTAGO | Ticks: 782 | Protag R: -11378.00 | Antag R: 11006.00 | Delivery:  48.0% | Budget Used: 3720.00/4000.0
Ep  546 | Phase: PROTAGO | Ticks: 781 | Protag R: -4001.00 | Antag R: 3642.00 | Delivery:  75.9% | Budget Used: 3600.00/4000.0
Ep  547 | Phase: PROTAGO | Ticks: 796 | Protag R: -12478.00 | Antag R: 12107.00 | Delivery:  50.0% | Budget Used: 3720.00/4000.0
Ep  548 | Phase: PROTAGO | Ticks: 799 | Protag R: -12736.00 | Antag R: 12364.00 | Delivery:  43.6% | Budget Used: 3720.00/4000.0
Ep  549 | Phase: PROTAGO | Ticks: 792 | Protag R: -8489.00 | Antag R: 8118.00 | Delivery:  55.8% | Budget Used: 3720.00/4000.0
Ep  550 | Phase: PROTAGO | Ticks: 795 | Protag R: -12102.00 | Antag R: 11731.00 | Delivery:  49.1% | Budget Used: 3720.00/4000.0
  [EVAL ep 550] greedy_atk=7896 learned_atk=7993 gap=+97 +/-737 (neg = learned beats greedy under attack)
Saving checkpoints for both agents before phase switch...

--- Episode 551: Switching training phase to ANTAGONIST ---
Ep  551 | Phase: ANTAGON | Ticks: 796 | Protag R: -8028.00 | Antag R: 7657.00 | Delivery:  57.8% | Budget Used: 3720.00/4000.0
Ep  552 | Phase: ANTAGON | Ticks: 778 | Protag R: -8790.00 | Antag R: 8419.00 | Delivery:  52.4% | Budget Used: 3720.00/4000.0
Ep  553 | Phase: ANTAGON | Ticks: 779 | Protag R: -5873.00 | Antag R: 5514.00 | Delivery:  71.4% | Budget Used: 3600.00/4000.0
Ep  554 | Phase: ANTAGON | Ticks: 791 | Protag R: -6015.00 | Antag R: 5644.00 | Delivery:  65.1% | Budget Used: 3720.00/4000.0
Ep  555 | Phase: ANTAGON | Ticks: 785 | Protag R: -2667.00 | Antag R: 2296.00 | Delivery:  66.7% | Budget Used: 3720.00/4000.0
Ep  556 | Phase: ANTAGON | Ticks: 796 | Protag R: -6555.00 | Antag R: 6184.00 | Delivery:  52.9% | Budget Used: 3720.00/4000.0
Ep  557 | Phase: ANTAGON | Ticks: 799 | Protag R: -5648.00 | Antag R: 5277.00 | Delivery:  68.3% | Budget Used: 3720.00/4000.0
Ep  558 | Phase: ANTAGON | Ticks: 793 | Protag R: -6785.00 | Antag R: 6426.00 | Delivery:  54.2% | Budget Used: 3600.00/4000.0
Ep  559 | Phase: ANTAGON | Ticks: 797 | Protag R: -11105.00 | Antag R: 10734.00 | Delivery:  48.1% | Budget Used: 3720.00/4000.0
Ep  560 | Phase: ANTAGON | Ticks: 779 | Protag R: -7472.00 | Antag R: 7100.00 | Delivery:  55.0% | Budget Used: 3720.00/4000.0
Ep  561 | Phase: ANTAGON | Ticks: 783 | Protag R: -7894.00 | Antag R: 7751.00 | Delivery:  57.4% | Budget Used: 1440.00/4000.0
Ep  562 | Phase: ANTAGON | Ticks: 788 | Protag R: -9653.00 | Antag R: 9570.00 | Delivery:  56.9% | Budget Used: 840.00/4000.0
Ep  563 | Phase: ANTAGON | Ticks: 776 | Protag R: -9955.00 | Antag R: 9788.00 | Delivery:  50.0% | Budget Used: 1680.00/4000.0
Ep  564 | Phase: ANTAGON | Ticks: 796 | Protag R: -7116.00 | Antag R: 6817.00 | Delivery:  60.0% | Budget Used: 3000.00/4000.0
Ep  565 | Phase: ANTAGON | Ticks: 775 | Protag R: -6636.00 | Antag R: 6276.00 | Delivery:  53.5% | Budget Used: 3600.00/4000.0
Ep  566 | Phase: ANTAGON | Ticks: 794 | Protag R: -8454.00 | Antag R: 8083.00 | Delivery:  65.0% | Budget Used: 3720.00/4000.0
Ep  567 | Phase: ANTAGON | Ticks: 790 | Protag R: -14098.00 | Antag R: 13726.00 | Delivery:  46.3% | Budget Used: 3720.00/4000.0
Ep  568 | Phase: ANTAGON | Ticks: 792 | Protag R: -9221.00 | Antag R: 8862.00 | Delivery:  54.5% | Budget Used: 3600.00/4000.0
Ep  569 | Phase: ANTAGON | Ticks: 792 | Protag R: -4383.00 | Antag R: 4012.00 | Delivery:  73.2% | Budget Used: 3720.00/4000.0
Ep  570 | Phase: ANTAGON | Ticks: 783 | Protag R: -6754.00 | Antag R: 6394.00 | Delivery:  56.0% | Budget Used: 3600.00/4000.0
Ep  571 | Phase: ANTAGON | Ticks: 798 | Protag R: -9697.00 | Antag R: 9326.00 | Delivery:  56.2% | Budget Used: 3720.00/4000.0
Ep  572 | Phase: ANTAGON | Ticks: 786 | Protag R: -10129.00 | Antag R: 9770.00 | Delivery:  42.4% | Budget Used: 3600.00/4000.0
Ep  573 | Phase: ANTAGON | Ticks: 795 | Protag R: -3369.00 | Antag R: 3022.00 | Delivery:  71.1% | Budget Used: 3480.00/4000.0
Ep  574 | Phase: ANTAGON | Ticks: 777 | Protag R: -10783.00 | Antag R: 10435.00 | Delivery:  51.0% | Budget Used: 3480.00/4000.0
Ep  575 | Phase: ANTAGON | Ticks: 791 | Protag R: -12179.00 | Antag R: 11807.00 | Delivery:  55.8% | Budget Used: 3720.00/4000.0
Ep  576 | Phase: ANTAGON | Ticks: 790 | Protag R: -6652.00 | Antag R: 6281.00 | Delivery:  65.0% | Budget Used: 3720.00/4000.0
Ep  577 | Phase: ANTAGON | Ticks: 795 | Protag R: -6005.00 | Antag R: 5658.00 | Delivery:  63.0% | Budget Used: 3480.00/4000.0
Ep  578 | Phase: ANTAGON | Ticks: 789 | Protag R: -12428.00 | Antag R: 12081.00 | Delivery:  43.1% | Budget Used: 3480.00/4000.0
Ep  579 | Phase: ANTAGON | Ticks: 776 | Protag R: -3734.00 | Antag R: 3363.00 | Delivery:  76.5% | Budget Used: 3720.00/4000.0
Ep  580 | Phase: ANTAGON | Ticks: 796 | Protag R: -16322.00 | Antag R: 15951.00 | Delivery:  41.4% | Budget Used: 3720.00/4000.0
Ep  581 | Phase: ANTAGON | Ticks: 786 | Protag R: -5387.00 | Antag R: 5016.00 | Delivery:  68.3% | Budget Used: 3720.00/4000.0
Ep  582 | Phase: ANTAGON | Ticks: 793 | Protag R: -12964.00 | Antag R: 12605.00 | Delivery:  51.7% | Budget Used: 3600.00/4000.0
Ep  583 | Phase: ANTAGON | Ticks: 782 | Protag R: -9591.00 | Antag R: 9219.00 | Delivery:  59.5% | Budget Used: 3720.00/4000.0
Ep  584 | Phase: ANTAGON | Ticks: 785 | Protag R: -8212.00 | Antag R: 7865.00 | Delivery:  48.9% | Budget Used: 3480.00/4000.0
Ep  585 | Phase: ANTAGON | Ticks: 799 | Protag R: -7268.00 | Antag R: 6920.00 | Delivery:  59.5% | Budget Used: 3480.00/4000.0
Ep  586 | Phase: ANTAGON | Ticks: 791 | Protag R: -8436.00 | Antag R: 8064.00 | Delivery:  63.0% | Budget Used: 3720.00/4000.0
Ep  587 | Phase: ANTAGON | Ticks: 789 | Protag R: -13546.00 | Antag R: 13175.00 | Delivery:  42.2% | Budget Used: 3720.00/4000.0
Ep  588 | Phase: ANTAGON | Ticks: 798 | Protag R: -4676.00 | Antag R: 4389.00 | Delivery:  69.6% | Budget Used: 2880.00/4000.0
Ep  589 | Phase: ANTAGON | Ticks: 793 | Protag R: -5810.00 | Antag R: 5439.00 | Delivery:  61.4% | Budget Used: 3720.00/4000.0
Ep  590 | Phase: ANTAGON | Ticks: 778 | Protag R: -6764.00 | Antag R: 6393.00 | Delivery:  47.7% | Budget Used: 3720.00/4000.0
Ep  591 | Phase: ANTAGON | Ticks: 793 | Protag R: -11372.00 | Antag R: 11001.00 | Delivery:  44.9% | Budget Used: 3720.00/4000.0
Ep  592 | Phase: ANTAGON | Ticks: 784 | Protag R: -13328.00 | Antag R: 12957.00 | Delivery:  52.7% | Budget Used: 3720.00/4000.0
Ep  593 | Phase: ANTAGON | Ticks: 791 | Protag R: -11338.00 | Antag R: 10979.00 | Delivery:  50.9% | Budget Used: 3600.00/4000.0
Ep  594 | Phase: ANTAGON | Ticks: 783 | Protag R: -3842.00 | Antag R: 3471.00 | Delivery:  74.2% | Budget Used: 3720.00/4000.0
Ep  595 | Phase: ANTAGON | Ticks: 795 | Protag R: -14506.00 | Antag R: 14135.00 | Delivery:  38.3% | Budget Used: 3720.00/4000.0
Ep  596 | Phase: ANTAGON | Ticks: 798 | Protag R: -4998.00 | Antag R: 4626.00 | Delivery:  63.9% | Budget Used: 3720.00/4000.0
Ep  597 | Phase: ANTAGON | Ticks: 796 | Protag R: -8402.00 | Antag R: 8031.00 | Delivery:  51.9% | Budget Used: 3720.00/4000.0
Ep  598 | Phase: ANTAGON | Ticks: 795 | Protag R: -10781.00 | Antag R: 10422.00 | Delivery:  42.6% | Budget Used: 3600.00/4000.0
Ep  599 | Phase: ANTAGON | Ticks: 798 | Protag R: -8991.00 | Antag R: 8620.00 | Delivery:  52.9% | Budget Used: 3720.00/4000.0
Ep  600 | Phase: ANTAGON | Ticks: 789 | Protag R: -12602.00 | Antag R: 12231.00 | Delivery:  50.0% | Budget Used: 3720.00/4000.0
  [EVAL ep 600] greedy_atk=7474 learned_atk=7506 gap=+33 +/-528 (neg = learned beats greedy under attack)
Saving checkpoints for both agents before phase switch...

--- Episode 601: Switching training phase to PROTAGONIST ---
Ep  601 | Phase: PROTAGO | Ticks: 786 | Protag R: -5928.00 | Antag R: 5557.00 | Delivery:  59.6% | Budget Used: 3720.00/4000.0
Ep  602 | Phase: PROTAGO | Ticks: 799 | Protag R: -9443.00 | Antag R: 9072.00 | Delivery:  57.7% | Budget Used: 3720.00/4000.0
Ep  603 | Phase: PROTAGO | Ticks: 795 | Protag R: -4206.00 | Antag R: 3835.00 | Delivery:  67.5% | Budget Used: 3720.00/4000.0
Ep  604 | Phase: PROTAGO | Ticks: 782 | Protag R: -4190.00 | Antag R: 3819.00 | Delivery:  64.9% | Budget Used: 3720.00/4000.0
Ep  605 | Phase: PROTAGO | Ticks: 792 | Protag R: -10791.00 | Antag R: 10420.00 | Delivery:  60.0% | Budget Used: 3720.00/4000.0
Ep  606 | Phase: PROTAGO | Ticks: 776 | Protag R: -9755.00 | Antag R: 9383.00 | Delivery:  35.6% | Budget Used: 3720.00/4000.0
Ep  607 | Phase: PROTAGO | Ticks: 777 | Protag R: -7199.00 | Antag R: 6828.00 | Delivery:  62.8% | Budget Used: 3720.00/4000.0
Ep  608 | Phase: PROTAGO | Ticks: 783 | Protag R: -6795.00 | Antag R: 6423.00 | Delivery:  71.4% | Budget Used: 3720.00/4000.0
Ep  609 | Phase: PROTAGO | Ticks: 799 | Protag R: -5861.00 | Antag R: 5490.00 | Delivery:  54.3% | Budget Used: 3720.00/4000.0
Ep  610 | Phase: PROTAGO | Ticks: 793 | Protag R: -10341.00 | Antag R: 9970.00 | Delivery:  58.5% | Budget Used: 3720.00/4000.0
Ep  611 | Phase: PROTAGO | Ticks: 786 | Protag R: -9303.00 | Antag R: 8944.00 | Delivery:  49.1% | Budget Used: 3600.00/4000.0
Ep  612 | Phase: PROTAGO | Ticks: 794 | Protag R: -2438.00 | Antag R: 2066.00 | Delivery:  70.3% | Budget Used: 3720.00/4000.0
Ep  613 | Phase: PROTAGO | Ticks: 789 | Protag R: -2265.00 | Antag R: 1906.00 | Delivery:  90.6% | Budget Used: 3600.00/4000.0
Ep  614 | Phase: PROTAGO | Ticks: 789 | Protag R: -10826.00 | Antag R: 10467.00 | Delivery:  45.0% | Budget Used: 3600.00/4000.0
Ep  615 | Phase: PROTAGO | Ticks: 779 | Protag R: -6625.00 | Antag R: 6253.00 | Delivery:  56.1% | Budget Used: 3720.00/4000.0
Ep  616 | Phase: PROTAGO | Ticks: 777 | Protag R: -9872.00 | Antag R: 9501.00 | Delivery:  56.2% | Budget Used: 3720.00/4000.0
Ep  617 | Phase: PROTAGO | Ticks: 781 | Protag R: -5550.00 | Antag R: 5178.00 | Delivery:  57.8% | Budget Used: 3720.00/4000.0
Ep  618 | Phase: PROTAGO | Ticks: 788 | Protag R: -10186.00 | Antag R: 9815.00 | Delivery:  62.0% | Budget Used: 3720.00/4000.0
Ep  619 | Phase: PROTAGO | Ticks: 782 | Protag R: -6821.00 | Antag R: 6450.00 | Delivery:  57.4% | Budget Used: 3720.00/4000.0
Ep  620 | Phase: PROTAGO | Ticks: 782 | Protag R: -8073.00 | Antag R: 7714.00 | Delivery:  42.6% | Budget Used: 3600.00/4000.0
Ep  621 | Phase: PROTAGO | Ticks: 775 | Protag R: -9198.00 | Antag R: 8827.00 | Delivery:  50.0% | Budget Used: 3720.00/4000.0
Ep  622 | Phase: PROTAGO | Ticks: 780 | Protag R: -7285.00 | Antag R: 6913.00 | Delivery:  53.1% | Budget Used: 3720.00/4000.0
Ep  623 | Phase: PROTAGO | Ticks: 794 | Protag R: -10414.00 | Antag R: 10043.00 | Delivery:  57.4% | Budget Used: 3720.00/4000.0
Ep  624 | Phase: PROTAGO | Ticks: 792 | Protag R: -12004.00 | Antag R: 11633.00 | Delivery:  56.0% | Budget Used: 3720.00/4000.0
Ep  625 | Phase: PROTAGO | Ticks: 790 | Protag R: -8402.00 | Antag R: 8031.00 | Delivery:  55.6% | Budget Used: 3720.00/4000.0
Ep  626 | Phase: PROTAGO | Ticks: 788 | Protag R: -3699.00 | Antag R: 3340.00 | Delivery:  57.8% | Budget Used: 3600.00/4000.0
Ep  627 | Phase: PROTAGO | Ticks: 787 | Protag R: -7377.00 | Antag R: 7005.00 | Delivery:  53.3% | Budget Used: 3720.00/4000.0
Ep  628 | Phase: PROTAGO | Ticks: 797 | Protag R: -8144.00 | Antag R: 7773.00 | Delivery:  56.9% | Budget Used: 3720.00/4000.0
Ep  629 | Phase: PROTAGO | Ticks: 789 | Protag R: -9154.00 | Antag R: 8783.00 | Delivery:  62.8% | Budget Used: 3720.00/4000.0
Ep  630 | Phase: PROTAGO | Ticks: 795 | Protag R: -9479.00 | Antag R: 9108.00 | Delivery:  58.7% | Budget Used: 3720.00/4000.0
Ep  631 | Phase: PROTAGO | Ticks: 789 | Protag R: -13516.00 | Antag R: 13145.00 | Delivery:  51.8% | Budget Used: 3720.00/4000.0
Ep  632 | Phase: PROTAGO | Ticks: 785 | Protag R: -21693.00 | Antag R: 21322.00 | Delivery:  34.2% | Budget Used: 3720.00/4000.0
Ep  633 | Phase: PROTAGO | Ticks: 787 | Protag R: -7653.00 | Antag R: 7282.00 | Delivery:  53.1% | Budget Used: 3720.00/4000.0
Ep  634 | Phase: PROTAGO | Ticks: 789 | Protag R: -14112.00 | Antag R: 13742.00 | Delivery:  49.1% | Budget Used: 3720.00/4000.0
Ep  635 | Phase: PROTAGO | Ticks: 788 | Protag R: -6273.00 | Antag R: 5914.00 | Delivery:  67.4% | Budget Used: 3600.00/4000.0
Ep  636 | Phase: PROTAGO | Ticks: 795 | Protag R: -11560.00 | Antag R: 11189.00 | Delivery:  40.7% | Budget Used: 3720.00/4000.0
Ep  637 | Phase: PROTAGO | Ticks: 794 | Protag R: -5933.00 | Antag R: 5561.00 | Delivery:  61.4% | Budget Used: 3720.00/4000.0
Ep  638 | Phase: PROTAGO | Ticks: 797 | Protag R: -6447.00 | Antag R: 6076.00 | Delivery:  59.6% | Budget Used: 3720.00/4000.0
Ep  639 | Phase: PROTAGO | Ticks: 783 | Protag R: -11657.00 | Antag R: 11298.00 | Delivery:  46.0% | Budget Used: 3600.00/4000.0
Ep  640 | Phase: PROTAGO | Ticks: 797 | Protag R: -6514.00 | Antag R: 6143.00 | Delivery:  62.0% | Budget Used: 3720.00/4000.0
Ep  641 | Phase: PROTAGO | Ticks: 786 | Protag R: -3381.00 | Antag R: 3010.00 | Delivery:  77.8% | Budget Used: 3720.00/4000.0
Ep  642 | Phase: PROTAGO | Ticks: 798 | Protag R: -7385.00 | Antag R: 7014.00 | Delivery:  56.6% | Budget Used: 3720.00/4000.0
Ep  643 | Phase: PROTAGO | Ticks: 793 | Protag R: -7289.00 | Antag R: 6930.00 | Delivery:  60.0% | Budget Used: 3600.00/4000.0
Ep  644 | Phase: PROTAGO | Ticks: 797 | Protag R: -9772.00 | Antag R: 9401.00 | Delivery:  45.6% | Budget Used: 3720.00/4000.0
Ep  645 | Phase: PROTAGO | Ticks: 783 | Protag R: -6294.00 | Antag R: 5923.00 | Delivery:  59.1% | Budget Used: 3720.00/4000.0
Ep  646 | Phase: PROTAGO | Ticks: 781 | Protag R: -9028.00 | Antag R: 8657.00 | Delivery:  54.9% | Budget Used: 3720.00/4000.0
Ep  647 | Phase: PROTAGO | Ticks: 789 | Protag R: -6869.00 | Antag R: 6497.00 | Delivery:  52.2% | Budget Used: 3720.00/4000.0
Ep  648 | Phase: PROTAGO | Ticks: 790 | Protag R: -5151.00 | Antag R: 4781.00 | Delivery:  86.1% | Budget Used: 3720.00/4000.0
Ep  649 | Phase: PROTAGO | Ticks: 781 | Protag R: -4687.00 | Antag R: 4340.00 | Delivery:  58.7% | Budget Used: 3480.00/4000.0
Ep  650 | Phase: PROTAGO | Ticks: 789 | Protag R: -9794.00 | Antag R: 9423.00 | Delivery:  57.1% | Budget Used: 3720.00/4000.0
  [EVAL ep 650] greedy_atk=7474 learned_atk=7552 gap=+78 +/-471 (neg = learned beats greedy under attack)
Saving checkpoints for both agents before phase switch...

--- Episode 651: Switching training phase to ANTAGONIST ---
Ep  651 | Phase: ANTAGON | Ticks: 783 | Protag R: -8013.00 | Antag R: 7642.00 | Delivery:  54.9% | Budget Used: 3720.00/4000.0
Ep  652 | Phase: ANTAGON | Ticks: 792 | Protag R: -5311.00 | Antag R: 4952.00 | Delivery:  60.4% | Budget Used: 3600.00/4000.0
Ep  653 | Phase: ANTAGON | Ticks: 791 | Protag R: -9935.00 | Antag R: 9564.00 | Delivery:  61.5% | Budget Used: 3720.00/4000.0
Ep  654 | Phase: ANTAGON | Ticks: 792 | Protag R: -5455.00 | Antag R: 5084.00 | Delivery:  70.5% | Budget Used: 3720.00/4000.0
Ep  655 | Phase: ANTAGON | Ticks: 792 | Protag R: -7369.00 | Antag R: 6998.00 | Delivery:  52.2% | Budget Used: 3720.00/4000.0
Ep  656 | Phase: ANTAGON | Ticks: 792 | Protag R: -11562.00 | Antag R: 11191.00 | Delivery:  42.6% | Budget Used: 3720.00/4000.0
Ep  657 | Phase: ANTAGON | Ticks: 784 | Protag R: -7104.00 | Antag R: 6733.00 | Delivery:  68.9% | Budget Used: 3720.00/4000.0
Ep  658 | Phase: ANTAGON | Ticks: 786 | Protag R: -9559.00 | Antag R: 9200.00 | Delivery:  50.9% | Budget Used: 3600.00/4000.0
Ep  659 | Phase: ANTAGON | Ticks: 796 | Protag R: -6924.00 | Antag R: 6577.00 | Delivery:  58.1% | Budget Used: 3480.00/4000.0
Ep  660 | Phase: ANTAGON | Ticks: 784 | Protag R: -5231.00 | Antag R: 4884.00 | Delivery:  70.3% | Budget Used: 3480.00/4000.0
Ep  661 | Phase: ANTAGON | Ticks: 788 | Protag R: -13724.00 | Antag R: 13449.00 | Delivery:  48.1% | Budget Used: 2760.00/4000.0
Ep  662 | Phase: ANTAGON | Ticks: 796 | Protag R: -13397.00 | Antag R: 13193.00 | Delivery:  54.7% | Budget Used: 2040.00/4000.0
Ep  663 | Phase: ANTAGON | Ticks: 788 | Protag R: -4068.00 | Antag R: 3805.00 | Delivery:  67.5% | Budget Used: 2640.00/4000.0
Ep  664 | Phase: ANTAGON | Ticks: 798 | Protag R: -17166.00 | Antag R: 16795.00 | Delivery:  42.4% | Budget Used: 3720.00/4000.0
Ep  665 | Phase: ANTAGON | Ticks: 786 | Protag R: -10120.00 | Antag R: 9749.00 | Delivery:  57.1% | Budget Used: 3720.00/4000.0
Ep  666 | Phase: ANTAGON | Ticks: 792 | Protag R: -7869.00 | Antag R: 7498.00 | Delivery:  60.0% | Budget Used: 3720.00/4000.0
Ep  667 | Phase: ANTAGON | Ticks: 776 | Protag R: -8453.00 | Antag R: 8106.00 | Delivery:  57.8% | Budget Used: 3480.00/4000.0
Ep  668 | Phase: ANTAGON | Ticks: 793 | Protag R: -6094.00 | Antag R: 5747.00 | Delivery:  65.1% | Budget Used: 3480.00/4000.0
Ep  669 | Phase: ANTAGON | Ticks: 784 | Protag R: -13151.00 | Antag R: 12780.00 | Delivery:  42.0% | Budget Used: 3720.00/4000.0
Ep  670 | Phase: ANTAGON | Ticks: 799 | Protag R: -12212.00 | Antag R: 11841.00 | Delivery:  53.1% | Budget Used: 3720.00/4000.0
Ep  671 | Phase: ANTAGON | Ticks: 797 | Protag R: -12030.00 | Antag R: 11683.00 | Delivery:  52.7% | Budget Used: 3480.00/4000.0
Ep  672 | Phase: ANTAGON | Ticks: 799 | Protag R: -8162.00 | Antag R: 7791.00 | Delivery:  53.8% | Budget Used: 3720.00/4000.0
Ep  673 | Phase: ANTAGON | Ticks: 782 | Protag R: -9863.00 | Antag R: 9503.00 | Delivery:  46.8% | Budget Used: 3600.00/4000.0
Ep  674 | Phase: ANTAGON | Ticks: 793 | Protag R: -7816.00 | Antag R: 7445.00 | Delivery:  60.5% | Budget Used: 3720.00/4000.0
Ep  675 | Phase: ANTAGON | Ticks: 798 | Protag R: -7577.00 | Antag R: 7241.00 | Delivery:  61.9% | Budget Used: 3360.00/4000.0
Ep  676 | Phase: ANTAGON | Ticks: 788 | Protag R: -8015.00 | Antag R: 7643.00 | Delivery:  60.9% | Budget Used: 3720.00/4000.0
Ep  677 | Phase: ANTAGON | Ticks: 792 | Protag R: -3281.00 | Antag R: 3198.00 | Delivery:  78.4% | Budget Used: 840.00/4000.0
Ep  678 | Phase: ANTAGON | Ticks: 799 | Protag R: -10089.00 | Antag R: 9777.00 | Delivery:  47.2% | Budget Used: 3120.00/4000.0
Ep  679 | Phase: ANTAGON | Ticks: 799 | Protag R: -7443.00 | Antag R: 7096.00 | Delivery:  52.0% | Budget Used: 3480.00/4000.0
Ep  680 | Phase: ANTAGON | Ticks: 793 | Protag R: -3763.00 | Antag R: 3392.00 | Delivery:  81.2% | Budget Used: 3720.00/4000.0
Ep  681 | Phase: ANTAGON | Ticks: 798 | Protag R: -13063.00 | Antag R: 12716.00 | Delivery:  46.2% | Budget Used: 3480.00/4000.0
Ep  682 | Phase: ANTAGON | Ticks: 791 | Protag R: -5479.00 | Antag R: 5167.00 | Delivery:  72.5% | Budget Used: 3120.00/4000.0
Ep  683 | Phase: ANTAGON | Ticks: 796 | Protag R: -8977.00 | Antag R: 8605.00 | Delivery:  52.7% | Budget Used: 3720.00/4000.0
Ep  684 | Phase: ANTAGON | Ticks: 792 | Protag R: -5042.00 | Antag R: 4671.00 | Delivery:  65.9% | Budget Used: 3720.00/4000.0
Ep  685 | Phase: ANTAGON | Ticks: 795 | Protag R: -5487.00 | Antag R: 5116.00 | Delivery:  76.3% | Budget Used: 3720.00/4000.0
Ep  686 | Phase: ANTAGON | Ticks: 777 | Protag R: -6394.00 | Antag R: 6022.00 | Delivery:  67.6% | Budget Used: 3720.00/4000.0
Ep  687 | Phase: ANTAGON | Ticks: 780 | Protag R: -9097.00 | Antag R: 8762.00 | Delivery:  66.7% | Budget Used: 3360.00/4000.0
Ep  688 | Phase: ANTAGON | Ticks: 791 | Protag R: -6966.00 | Antag R: 6691.00 | Delivery:  61.7% | Budget Used: 2760.00/4000.0
Ep  689 | Phase: ANTAGON | Ticks: 799 | Protag R: -4042.00 | Antag R: 3803.00 | Delivery:  72.2% | Budget Used: 2400.00/4000.0
Ep  690 | Phase: ANTAGON | Ticks: 794 | Protag R: -8660.00 | Antag R: 8301.00 | Delivery:  55.6% | Budget Used: 3600.00/4000.0
Ep  691 | Phase: ANTAGON | Ticks: 797 | Protag R: -7927.00 | Antag R: 7556.00 | Delivery:  53.1% | Budget Used: 3720.00/4000.0
Ep  692 | Phase: ANTAGON | Ticks: 799 | Protag R: -7123.00 | Antag R: 6752.00 | Delivery:  56.9% | Budget Used: 3720.00/4000.0
Ep  693 | Phase: ANTAGON | Ticks: 799 | Protag R: -8861.00 | Antag R: 8490.00 | Delivery:  52.2% | Budget Used: 3720.00/4000.0
Ep  694 | Phase: ANTAGON | Ticks: 792 | Protag R: -9864.00 | Antag R: 9493.00 | Delivery:  55.8% | Budget Used: 3720.00/4000.0
Ep  695 | Phase: ANTAGON | Ticks: 777 | Protag R: -9762.00 | Antag R: 9402.00 | Delivery:  50.9% | Budget Used: 3600.00/4000.0
Ep  696 | Phase: ANTAGON | Ticks: 794 | Protag R: -13606.00 | Antag R: 13235.00 | Delivery:  36.5% | Budget Used: 3720.00/4000.0
Ep  697 | Phase: ANTAGON | Ticks: 794 | Protag R: -11643.00 | Antag R: 11272.00 | Delivery:  44.6% | Budget Used: 3720.00/4000.0
Ep  698 | Phase: ANTAGON | Ticks: 796 | Protag R: -5158.00 | Antag R: 4799.00 | Delivery:  56.5% | Budget Used: 3600.00/4000.0
Ep  699 | Phase: ANTAGON | Ticks: 790 | Protag R: -12372.00 | Antag R: 12000.00 | Delivery:  38.6% | Budget Used: 3720.00/4000.0
Ep  700 | Phase: ANTAGON | Ticks: 796 | Protag R: -8878.00 | Antag R: 8519.00 | Delivery:  51.1% | Budget Used: 3600.00/4000.0
  [EVAL ep 700] greedy_atk=8160 learned_atk=8001 gap=-159 +/-974 (neg = learned beats greedy under attack)
Saving checkpoints for both agents before phase switch...

--- Episode 701: Switching training phase to PROTAGONIST ---
Ep  701 | Phase: PROTAGO | Ticks: 795 | Protag R: -14742.00 | Antag R: 14371.00 | Delivery:  51.9% | Budget Used: 3720.00/4000.0
Ep  702 | Phase: PROTAGO | Ticks: 792 | Protag R: -10759.00 | Antag R: 10388.00 | Delivery:  56.9% | Budget Used: 3720.00/4000.0
Ep  703 | Phase: PROTAGO | Ticks: 794 | Protag R: -12258.00 | Antag R: 11886.00 | Delivery:  48.1% | Budget Used: 3720.00/4000.0
Ep  704 | Phase: PROTAGO | Ticks: 795 | Protag R: -14705.00 | Antag R: 14334.00 | Delivery:  59.6% | Budget Used: 3720.00/4000.0
Ep  705 | Phase: PROTAGO | Ticks: 798 | Protag R: -10240.00 | Antag R: 9868.00 | Delivery:  49.0% | Budget Used: 3720.00/4000.0
Ep  706 | Phase: PROTAGO | Ticks: 798 | Protag R: -10558.00 | Antag R: 10188.00 | Delivery:  54.9% | Budget Used: 3720.00/4000.0
Ep  707 | Phase: PROTAGO | Ticks: 777 | Protag R: -7129.00 | Antag R: 6770.00 | Delivery:  55.1% | Budget Used: 3600.00/4000.0
Ep  708 | Phase: PROTAGO | Ticks: 795 | Protag R: -9525.00 | Antag R: 9166.00 | Delivery:  53.5% | Budget Used: 3600.00/4000.0
Ep  709 | Phase: PROTAGO | Ticks: 783 | Protag R: -13230.00 | Antag R: 12858.00 | Delivery:  45.3% | Budget Used: 3720.00/4000.0
Ep  710 | Phase: PROTAGO | Ticks: 799 | Protag R: -12359.00 | Antag R: 11988.00 | Delivery:  43.4% | Budget Used: 3720.00/4000.0
Ep  711 | Phase: PROTAGO | Ticks: 793 | Protag R: -11027.00 | Antag R: 10656.00 | Delivery:  51.0% | Budget Used: 3720.00/4000.0
Ep  712 | Phase: PROTAGO | Ticks: 798 | Protag R: -8887.00 | Antag R: 8516.00 | Delivery:  57.4% | Budget Used: 3720.00/4000.0
Ep  713 | Phase: PROTAGO | Ticks: 786 | Protag R: -11075.00 | Antag R: 10715.00 | Delivery:  50.0% | Budget Used: 3600.00/4000.0
Ep  714 | Phase: PROTAGO | Ticks: 786 | Protag R: -15853.00 | Antag R: 15482.00 | Delivery:  46.6% | Budget Used: 3720.00/4000.0
Ep  715 | Phase: PROTAGO | Ticks: 787 | Protag R: -15699.00 | Antag R: 15328.00 | Delivery:  41.4% | Budget Used: 3720.00/4000.0
Ep  716 | Phase: PROTAGO | Ticks: 798 | Protag R: -9048.00 | Antag R: 8688.00 | Delivery:  45.7% | Budget Used: 3600.00/4000.0
Ep  717 | Phase: PROTAGO | Ticks: 789 | Protag R: -11950.00 | Antag R: 11579.00 | Delivery:  50.0% | Budget Used: 3720.00/4000.0
Ep  718 | Phase: PROTAGO | Ticks: 784 | Protag R: -10228.00 | Antag R: 9857.00 | Delivery:  51.1% | Budget Used: 3720.00/4000.0
Ep  719 | Phase: PROTAGO | Ticks: 792 | Protag R: -9944.00 | Antag R: 9572.00 | Delivery:  60.0% | Budget Used: 3720.00/4000.0
Ep  720 | Phase: PROTAGO | Ticks: 778 | Protag R: -12035.00 | Antag R: 11664.00 | Delivery:  49.2% | Budget Used: 3720.00/4000.0
Ep  721 | Phase: PROTAGO | Ticks: 784 | Protag R: -8888.00 | Antag R: 8528.00 | Delivery:  53.2% | Budget Used: 3600.00/4000.0
Ep  722 | Phase: PROTAGO | Ticks: 792 | Protag R: -8674.00 | Antag R: 8303.00 | Delivery:  48.1% | Budget Used: 3720.00/4000.0
Ep  723 | Phase: PROTAGO | Ticks: 790 | Protag R: -12346.00 | Antag R: 11999.00 | Delivery:  50.0% | Budget Used: 3480.00/4000.0
Ep  724 | Phase: PROTAGO | Ticks: 778 | Protag R: -12025.00 | Antag R: 11654.00 | Delivery:  46.0% | Budget Used: 3720.00/4000.0
Ep  725 | Phase: PROTAGO | Ticks: 793 | Protag R: -12321.00 | Antag R: 11950.00 | Delivery:  41.1% | Budget Used: 3720.00/4000.0
Ep  726 | Phase: PROTAGO | Ticks: 799 | Protag R: -6939.00 | Antag R: 6568.00 | Delivery:  50.0% | Budget Used: 3720.00/4000.0
Ep  727 | Phase: PROTAGO | Ticks: 794 | Protag R: -9210.00 | Antag R: 8839.00 | Delivery:  51.7% | Budget Used: 3720.00/4000.0
Ep  728 | Phase: PROTAGO | Ticks: 798 | Protag R: -9041.00 | Antag R: 8670.00 | Delivery:  56.2% | Budget Used: 3720.00/4000.0
Ep  729 | Phase: PROTAGO | Ticks: 797 | Protag R: -7432.00 | Antag R: 7061.00 | Delivery:  55.6% | Budget Used: 3720.00/4000.0
Ep  730 | Phase: PROTAGO | Ticks: 793 | Protag R: -6996.00 | Antag R: 6625.00 | Delivery:  65.1% | Budget Used: 3720.00/4000.0
Ep  731 | Phase: PROTAGO | Ticks: 797 | Protag R: -8957.00 | Antag R: 8598.00 | Delivery:  47.8% | Budget Used: 3600.00/4000.0
Ep  732 | Phase: PROTAGO | Ticks: 796 | Protag R: -9339.00 | Antag R: 8968.00 | Delivery:  56.0% | Budget Used: 3720.00/4000.0
Ep  733 | Phase: PROTAGO | Ticks: 791 | Protag R: -8475.00 | Antag R: 8104.00 | Delivery:  48.9% | Budget Used: 3720.00/4000.0
Ep  734 | Phase: PROTAGO | Ticks: 790 | Protag R: -11955.00 | Antag R: 11584.00 | Delivery:  45.1% | Budget Used: 3720.00/4000.0
Ep  735 | Phase: PROTAGO | Ticks: 778 | Protag R: -5520.00 | Antag R: 5160.00 | Delivery:  57.9% | Budget Used: 3600.00/4000.0
Ep  736 | Phase: PROTAGO | Ticks: 799 | Protag R: -9078.00 | Antag R: 8719.00 | Delivery:  53.5% | Budget Used: 3600.00/4000.0
Ep  737 | Phase: PROTAGO | Ticks: 786 | Protag R: -13237.00 | Antag R: 12865.00 | Delivery:  51.9% | Budget Used: 3720.00/4000.0
Ep  738 | Phase: PROTAGO | Ticks: 798 | Protag R: -10919.00 | Antag R: 10547.00 | Delivery:  45.3% | Budget Used: 3720.00/4000.0
Ep  739 | Phase: PROTAGO | Ticks: 792 | Protag R: -8197.00 | Antag R: 7825.00 | Delivery:  66.7% | Budget Used: 3720.00/4000.0
Ep  740 | Phase: PROTAGO | Ticks: 789 | Protag R: -5931.00 | Antag R: 5560.00 | Delivery:  62.5% | Budget Used: 3720.00/4000.0
Ep  741 | Phase: PROTAGO | Ticks: 798 | Protag R: -4016.00 | Antag R: 3657.00 | Delivery:  67.5% | Budget Used: 3600.00/4000.0
Ep  742 | Phase: PROTAGO | Ticks: 786 | Protag R: -7274.00 | Antag R: 6903.00 | Delivery:  64.6% | Budget Used: 3720.00/4000.0
Ep  743 | Phase: PROTAGO | Ticks: 783 | Protag R: -4659.00 | Antag R: 4288.00 | Delivery:  71.9% | Budget Used: 3720.00/4000.0
Ep  744 | Phase: PROTAGO | Ticks: 789 | Protag R: -4991.00 | Antag R: 4632.00 | Delivery:  67.5% | Budget Used: 3600.00/4000.0
Ep  745 | Phase: PROTAGO | Ticks: 796 | Protag R: -12687.00 | Antag R: 12316.00 | Delivery:  50.9% | Budget Used: 3720.00/4000.0
Ep  746 | Phase: PROTAGO | Ticks: 793 | Protag R: -826.00 | Antag R:  467.00 | Delivery:  92.0% | Budget Used: 3600.00/4000.0
Ep  747 | Phase: PROTAGO | Ticks: 798 | Protag R: -14409.00 | Antag R: 14038.00 | Delivery:  50.0% | Budget Used: 3720.00/4000.0
Ep  748 | Phase: PROTAGO | Ticks: 784 | Protag R: -7738.00 | Antag R: 7367.00 | Delivery:  66.7% | Budget Used: 3720.00/4000.0
Ep  749 | Phase: PROTAGO | Ticks: 797 | Protag R: -8541.00 | Antag R: 8170.00 | Delivery:  52.2% | Budget Used: 3720.00/4000.0
Ep  750 | Phase: PROTAGO | Ticks: 790 | Protag R: -7212.00 | Antag R: 6853.00 | Delivery:  61.9% | Budget Used: 3600.00/4000.0
  [EVAL ep 750] greedy_atk=8160 learned_atk=8024 gap=-136 +/-899 (neg = learned beats greedy under attack)
Saving checkpoints for both agents before phase switch...

--- Episode 751: Switching training phase to ANTAGONIST ---
Ep  751 | Phase: ANTAGON | Ticks: 796 | Protag R: -10192.00 | Antag R: 9832.00 | Delivery:  56.6% | Budget Used: 3600.00/4000.0
Ep  752 | Phase: ANTAGON | Ticks: 796 | Protag R: -5984.00 | Antag R: 5612.00 | Delivery:  67.6% | Budget Used: 3720.00/4000.0
Ep  753 | Phase: ANTAGON | Ticks: 779 | Protag R: -6539.00 | Antag R: 6168.00 | Delivery:  63.6% | Budget Used: 3720.00/4000.0
Ep  754 | Phase: ANTAGON | Ticks: 798 | Protag R: -5241.00 | Antag R: 4870.00 | Delivery:  73.7% | Budget Used: 3720.00/4000.0
Ep  755 | Phase: ANTAGON | Ticks: 796 | Protag R: -9253.00 | Antag R: 8882.00 | Delivery:  47.3% | Budget Used: 3720.00/4000.0
Ep  756 | Phase: ANTAGON | Ticks: 779 | Protag R: -13677.00 | Antag R: 13318.00 | Delivery:  48.2% | Budget Used: 3600.00/4000.0
Ep  757 | Phase: ANTAGON | Ticks: 791 | Protag R: -6815.00 | Antag R: 6468.00 | Delivery:  63.0% | Budget Used: 3480.00/4000.0
Ep  758 | Phase: ANTAGON | Ticks: 791 | Protag R: -13786.00 | Antag R: 13451.00 | Delivery:  42.6% | Budget Used: 3360.00/4000.0
Ep  759 | Phase: ANTAGON | Ticks: 777 | Protag R: -9321.00 | Antag R: 8949.00 | Delivery:  52.1% | Budget Used: 3720.00/4000.0
Ep  760 | Phase: ANTAGON | Ticks: 790 | Protag R: -9119.00 | Antag R: 8748.00 | Delivery:  53.7% | Budget Used: 3720.00/4000.0
Ep  761 | Phase: ANTAGON | Ticks: 792 | Protag R: -13804.00 | Antag R: 13433.00 | Delivery:  46.8% | Budget Used: 3720.00/4000.0
Ep  762 | Phase: ANTAGON | Ticks: 775 | Protag R: -8420.00 | Antag R: 8061.00 | Delivery:  50.0% | Budget Used: 3600.00/4000.0
Ep  763 | Phase: ANTAGON | Ticks: 793 | Protag R: -11616.00 | Antag R: 11244.00 | Delivery:  31.4% | Budget Used: 3720.00/4000.0
Ep  764 | Phase: ANTAGON | Ticks: 798 | Protag R: -12994.00 | Antag R: 12623.00 | Delivery:  47.2% | Budget Used: 3720.00/4000.0
Ep  765 | Phase: ANTAGON | Ticks: 784 | Protag R: -12269.00 | Antag R: 11898.00 | Delivery:  53.8% | Budget Used: 3720.00/4000.0
Ep  766 | Phase: ANTAGON | Ticks: 799 | Protag R: -9283.00 | Antag R: 8911.00 | Delivery:  50.0% | Budget Used: 3720.00/4000.0
Ep  767 | Phase: ANTAGON | Ticks: 787 | Protag R: -14135.00 | Antag R: 13764.00 | Delivery:  46.3% | Budget Used: 3720.00/4000.0
Ep  768 | Phase: ANTAGON | Ticks: 797 | Protag R: -12395.00 | Antag R: 12036.00 | Delivery:  52.8% | Budget Used: 3600.00/4000.0
Ep  769 | Phase: ANTAGON | Ticks: 786 | Protag R: -9261.00 | Antag R: 8890.00 | Delivery:  48.1% | Budget Used: 3720.00/4000.0
Ep  770 | Phase: ANTAGON | Ticks: 775 | Protag R: -6949.00 | Antag R: 6578.00 | Delivery:  61.9% | Budget Used: 3720.00/4000.0
Ep  771 | Phase: ANTAGON | Ticks: 798 | Protag R: -10764.00 | Antag R: 10393.00 | Delivery:  56.5% | Budget Used: 3720.00/4000.0
Ep  772 | Phase: ANTAGON | Ticks: 787 | Protag R: -7030.00 | Antag R: 6659.00 | Delivery:  61.4% | Budget Used: 3720.00/4000.0
Ep  773 | Phase: ANTAGON | Ticks: 788 | Protag R: -10339.00 | Antag R: 9980.00 | Delivery:  52.8% | Budget Used: 3600.00/4000.0
Ep  774 | Phase: ANTAGON | Ticks: 788 | Protag R: -7683.00 | Antag R: 7311.00 | Delivery:  55.8% | Budget Used: 3720.00/4000.0
Ep  775 | Phase: ANTAGON | Ticks: 794 | Protag R: -7789.00 | Antag R: 7417.00 | Delivery:  52.2% | Budget Used: 3720.00/4000.0
Ep  776 | Phase: ANTAGON | Ticks: 789 | Protag R: -11011.00 | Antag R: 10640.00 | Delivery:  43.9% | Budget Used: 3720.00/4000.0
Ep  777 | Phase: ANTAGON | Ticks: 790 | Protag R: -8772.00 | Antag R: 8401.00 | Delivery:  54.2% | Budget Used: 3720.00/4000.0
Ep  778 | Phase: ANTAGON | Ticks: 785 | Protag R: -12416.00 | Antag R: 12045.00 | Delivery:  45.1% | Budget Used: 3720.00/4000.0
Ep  779 | Phase: ANTAGON | Ticks: 793 | Protag R: -6208.00 | Antag R: 5849.00 | Delivery:  67.4% | Budget Used: 3600.00/4000.0
Ep  780 | Phase: ANTAGON | Ticks: 790 | Protag R: -17024.00 | Antag R: 16665.00 | Delivery:  35.8% | Budget Used: 3600.00/4000.0
Ep  781 | Phase: ANTAGON | Ticks: 789 | Protag R: -2935.00 | Antag R: 2587.00 | Delivery:  78.8% | Budget Used: 3480.00/4000.0
Ep  782 | Phase: ANTAGON | Ticks: 796 | Protag R: -10687.00 | Antag R: 10316.00 | Delivery:  44.2% | Budget Used: 3720.00/4000.0
Ep  783 | Phase: ANTAGON | Ticks: 799 | Protag R: -6320.00 | Antag R: 5973.00 | Delivery:  65.1% | Budget Used: 3480.00/4000.0
Ep  784 | Phase: ANTAGON | Ticks: 776 | Protag R: -9458.00 | Antag R: 9087.00 | Delivery:  52.3% | Budget Used: 3720.00/4000.0
Ep  785 | Phase: ANTAGON | Ticks: 785 | Protag R: -14005.00 | Antag R: 13635.00 | Delivery:  39.6% | Budget Used: 3720.00/4000.0
Ep  786 | Phase: ANTAGON | Ticks: 796 | Protag R: -9176.00 | Antag R: 8817.00 | Delivery:  50.0% | Budget Used: 3600.00/4000.0
Ep  787 | Phase: ANTAGON | Ticks: 791 | Protag R: -12729.00 | Antag R: 12358.00 | Delivery:  44.2% | Budget Used: 3720.00/4000.0
Ep  788 | Phase: ANTAGON | Ticks: 786 | Protag R: -11468.00 | Antag R: 11097.00 | Delivery:  50.9% | Budget Used: 3720.00/4000.0
Ep  789 | Phase: ANTAGON | Ticks: 785 | Protag R: -5831.00 | Antag R: 5460.00 | Delivery:  58.1% | Budget Used: 3720.00/4000.0
Ep  790 | Phase: ANTAGON | Ticks: 783 | Protag R: -8743.00 | Antag R: 8371.00 | Delivery:  56.8% | Budget Used: 3720.00/4000.0
Ep  791 | Phase: ANTAGON | Ticks: 798 | Protag R: -8800.00 | Antag R: 8429.00 | Delivery:  50.0% | Budget Used: 3720.00/4000.0
Ep  792 | Phase: ANTAGON | Ticks: 795 | Protag R: -4866.00 | Antag R: 4494.00 | Delivery:  61.5% | Budget Used: 3720.00/4000.0
Ep  793 | Phase: ANTAGON | Ticks: 798 | Protag R: -11920.00 | Antag R: 11549.00 | Delivery:  45.0% | Budget Used: 3720.00/4000.0
Ep  794 | Phase: ANTAGON | Ticks: 790 | Protag R: -10807.00 | Antag R: 10436.00 | Delivery:  45.1% | Budget Used: 3720.00/4000.0
Ep  795 | Phase: ANTAGON | Ticks: 797 | Protag R: -10410.00 | Antag R: 10039.00 | Delivery:  53.1% | Budget Used: 3720.00/4000.0
Ep  796 | Phase: ANTAGON | Ticks: 777 | Protag R: -10493.00 | Antag R: 10121.00 | Delivery:  51.8% | Budget Used: 3720.00/4000.0
Ep  797 | Phase: ANTAGON | Ticks: 790 | Protag R: -9337.00 | Antag R: 8966.00 | Delivery:  57.1% | Budget Used: 3720.00/4000.0
Ep  798 | Phase: ANTAGON | Ticks: 798 | Protag R: -5960.00 | Antag R: 5589.00 | Delivery:  66.7% | Budget Used: 3720.00/4000.0
Ep  799 | Phase: ANTAGON | Ticks: 782 | Protag R: -5137.00 | Antag R: 4766.00 | Delivery:  75.6% | Budget Used: 3720.00/4000.0
Ep  800 | Phase: ANTAGON | Ticks: 785 | Protag R: -17165.00 | Antag R: 16794.00 | Delivery:  38.9% | Budget Used: 3720.00/4000.0
  [EVAL ep 800] greedy_atk=7922 learned_atk=7827 gap=-95 +/-1291 (neg = learned beats greedy under attack)
Saved coevolved protagonist actor to models/runs/gen02_dynassign/dynassign_seed0/protagonist/actor.pt
Saved coevolved antagonist actor to models/runs/gen02_dynassign/dynassign_seed0/antagonist/actor.pt
Saved copy of protagonist actor as latest to models/protagonist/actor.pt
Saved copy of antagonist actor as latest to models/antagonist/actor.pt

SACRED ATLA Training completed successfully! Logs saved to TensorBoard.
