{
"type": "FeatureCollection",
"name": "kaliningrad_edges",
"crs": { "type": "name", "properties": { "name": "urn:ogc:def:crs:OGC:1.3:CRS84" } },
"features": [
{ "type": "Feature", "properties": { "u": 0, "v": 515, "key": 0, "oneway": "True", "highway": "primary", "name": "Ленинский проспект", "maxspeed": "RU:urban", "lanes": "3", "osmid": [ 287846920, 286877295 ] }, "geometry": { "type": "LineString", "coordinates": [ [ 20.5092469, 54.7116946 ], [ 20.508907, 54.711982 ] ] } },
{ "type": "Feature", "properties": { "u": 0, "v": 528, "key": 0, "oneway": "True", "highway": "secondary", "name": "улица Шевченко", "maxspeed": "RU:urban", "lanes": "2", "osmid": "980011185" }, "geometry": { "type": "LineString", "coordinates": [ [ 20.5092469, 54.7116946 ], [ 20.5090503, 54.7116186 ] ] } },
{ "type": "Feature", "properties": { "u": 1, "v": 341, "key": 0, "oneway": "False", "highway": "tertiary", "name": "Житомирская улица", "maxspeed": "RU:urban", "lanes": "2", "osmid": "211044265" }, "geometry": { "type": "LineString", "coordinates": [ [ 20.5067379, 54.7121204 ], [ 20.5067078, 54.7123423 ] ] } },
{ "type": "Feature", "properties": { "u": 1, "v": 339, "key": 0, "oneway": "False", "highway": "living_street", "name": "", "maxspeed": "RU:living_street", "lanes": "", "osmid": "166105016" }, "geometry": { "type": "LineString", "coordinates": [ [ 20.5067379, 54.7121204 ], [ 20.5081001, 54.7121437 ] ] } },
{ "type": "Feature", "properties": { "u": 1, "v": 73, "key": 0, "oneway": "False", "highway": "tertiary", "name": "Житомирская улица", "maxspeed": "RU:urban", "lanes": "2", "osmid": [ 211044265, 1372756625, 1372756623 ] }, "geometry": { "type": "LineString", "coordinates": [ [ 20.5067379, 54.7121204 ], [ 20.506761, 54.7118554 ] ] } },
{ "type": "Feature", "properties": { "u": 2, "v": 343, "key": 0, "oneway": "False", "highway": "tertiary", "name": "Житомирская улица", "maxspeed": "RU:urban", "lanes": "2", "osmid": "1372756624" }, "geometry": { "type": "LineString", "coordinates": [ [ 20.5066158, 54.7130507 ], [ 20.5066369, 54.7128342 ] ] } },
{ "type": "Feature", "properties": { "u": 2, "v": 522, "key": 0, "oneway": "True", "highway": "tertiary", "name": "Житомирская улица", "maxspeed": "RU:urban", "lanes": "1", "osmid": "42597246" }, "geometry": { "type": "LineString", "coordinates": [ [ 20.5066158, 54.7130507 ], [ 20.507014, 54.7130682 ] ] } },
{ "type": "Feature", "properties": { "u": 3, "v": 614, "key": 0, "oneway": "True", "highway": "primary", "name": "Ленинский проспект", "maxspeed": "RU:urban", "lanes": "3", "osmid": "687439169" }, "geometry": { "type": "LineString", "coordinates": [ [ 20.5070211, 54.7132843 ], [ 20.5069168, 54.7133587 ] ] } },
{ "type": "Feature", "properties": { "u": 3, "v": 398, "key": 0, "oneway": "False", "highway": "living_street", "name": "", "maxspeed": "RU:living_street", "lanes": "", "osmid": [ 1372756600, 285081421 ] }, "geometry": { "type": "LineString", "coordinates": [ [ 20.5070211, 54.7132843 ], [ 20.507375, 54.7134542 ] ] } },
{ "type": "Feature", "properties": { "u": 4, "v": 552, "key": 0, "oneway": "False", "highway": "secondary", "name": "Гвардейский проспект", "maxspeed": "RU:urban", "lanes": "3", "osmid": "985124220" }, "geometry": { "type": "LineString", "coordinates": [ [ 20.4972002, 54.7180777 ], [ 20.4971534, 54.7180413 ] ] } },
{ "type": "Feature", "properties": { "u": 4, "v": 91, "key": 0, "oneway": "True", "highway": "primary", "name": "Театральная улица", "maxspeed": "RU:urban", "lanes": "2", "osmid": [ 335233178, 107176997, 25901294 ] }, "geometry": { "type": "LineString", "coordinates": [ [ 20.4972002, 54.7180777 ], [ 20.4961715, 54.7183702 ] ] } },
{ "type": "Feature", "properties": { "u": 4, "v": 538, "key": 0, "oneway": "False", "highway": "secondary", "name": "Гвардейский проспект", "maxspeed": "RU:urban", "lanes": "3", "osmid": [ 294998488, 983859427, 210722198 ] }, "geometry": { "type": "LineString", "coordinates": [ [ 20.4972002, 54.7180777 ], [ 20.5001109, 54.7197921 ] ] } },
{ "type": "Feature", "properties": { "u": 5, "v": 54, "key": 0, "oneway": "True", "highway": "primary", "name": "проспект Мира", "maxspeed": "RU:urban", "lanes": "2", "osmid": [ 980844492, 980844493 ] }, "geometry": { "type": "LineString", "coordinates": [ [ 20.4926243, 54.7192191 ], [ 20.4917324, 54.7192882 ] ] } },
{ "type": "Feature", "properties": { "u": 6, "v": 7, "key": 0, "oneway": "True", "highway": "primary", "name": "площадь Победы", "maxspeed": "RU:urban", "lanes": "4", "osmid": [ 41377805, 102523053 ] }, "geometry": { "type": "LineString", "coordinates": [ [ 20.5016641, 54.7188692 ], [ 20.5002429, 54.7198893 ] ] } },
{ "type": "Feature", "properties": { "u": 6, "v": 536, "key": 0, "oneway": "True", "highway": "primary", "name": "улица Черняховского", "maxspeed": "RU:urban", "lanes": "2", "osmid": "980120528" }, "geometry": { "type": "LineString", "coordinates": [ [ 20.5016641, 54.7188692 ], [ 20.501476, 54.7188036 ] ] } },
{ "type": "Feature", "properties": { "u": 7, "v": 538, "key": 0, "oneway": "False", "highway": "primary", "name": "Гвардейский проспект", "maxspeed": "RU:urban", "lanes": "3", "osmid": "102440268" }, "geometry": { "type": "LineString", "coordinates": [ [ 20.5002429, 54.7198893 ], [ 20.5001109, 54.7197921 ] ] } },
{ "type": "Feature", "properties": { "u": 7, "v": 344, "key": 0, "oneway": "True", "highway": "primary", "name": "площадь Победы", "maxspeed": "RU:urban", "lanes": "4", "osmid": "102440289" }, "geometry": { "type": "LineString", "coordinates": [ [ 20.5002429, 54.7198893 ], [ 20.4990536, 54.7202358 ] ] } },
{ "type": "Feature", "properties": { "u": 8, "v": 214, "key": 0, "oneway": "False", "highway": "tertiary", "name": "улица Грига", "maxspeed": "RU:urban", "lanes": "2", "osmid": [ 1232529602, 333164682, 1232529597, 1232529598, 1232529599 ] }, "geometry": { "type": "LineString", "coordinates": [ [ 20.5305434, 54.7131347 ], [ 20.5311966, 54.7109382 ] ] } },
{ "type": "Feature", "properties": { "u": 8, "v": 228, "key": 0, "oneway": "False", "highway": "secondary", "name": "улица Фрунзе", "maxspeed": "RU:urban", "lanes": "3", "osmid": "333164687" }, "geometry": { "type": "LineString", "coordinates": [ [ 20.5305434, 54.7131347 ], [ 20.5315501, 54.7132469 ] ] } },
{ "type": "Feature", "properties": { "u": 8, "v": 230, "key": 0, "oneway": "False", "highway": "secondary", "name": "улица Фрунзе", "maxspeed": "", "lanes": "3", "osmid": [ 669755241, 333164686, 669755238 ] }, "geometry": { "type": "LineString", "coordinates": [ [ 20.5305434, 54.7131347 ], [ 20.5289905, 54.7129816 ] ] } },
{ "type": "Feature", "properties": { "u": 8, "v": 231, "key": 0, "oneway": "False", "highway": "tertiary", "name": "улица Грига", "maxspeed": "RU:urban", "lanes": "2", "osmid": [ 733841320, 1370089172, 1370089173 ] }, "geometry": { "type": "LineString", "coordinates": [ [ 20.5305434, 54.7131347 ], [ 20.5300312, 54.7144472 ] ] } },
{ "type": "Feature", "properties": { "u": 9, "v": 109, "key": 0, "oneway": "True", "highway": "secondary", "name": "улица Фрунзе", "maxspeed": "RU:urban", "lanes": "2", "osmid": "41754241" }, "geometry": { "type": "LineString", "coordinates": [ [ 20.5344732, 54.7135513 ], [ 20.5359282, 54.7133342 ] ] } },
{ "type": "Feature", "properties": { "u": 9, "v": 228, "key": 0, "oneway": "False", "highway": "secondary", "name": "улица Фрунзе", "maxspeed": "RU:urban", "lanes": "2", "osmid": [ 669755226, 669755230 ] }, "geometry": { "type": "LineString", "coordinates": [ [ 20.5344732, 54.7135513 ], [ 20.5315501, 54.7132469 ] ] } },
{ "type": "Feature", "properties": { "u": 10, "v": 331, "key": 0, "oneway": "False", "highway": "secondary", "name": "Пролетарская улица", "maxspeed": "RU:urban", "lanes": "4", "osmid": "43569989" }, "geometry": { "type": "LineString", "coordinates": [ [ 20.5135773, 54.7149157 ], [ 20.5131579, 54.7127434 ] ] } },
{ "type": "Feature", "properties": { "u": 10, "v": 534, "key": 0, "oneway": "False", "highway": "secondary", "name": "улица Сергеева", "maxspeed": "RU:urban", "lanes": "3", "osmid": [ 866432145, 866432146, 298261686, 1372756563, 1372756564, 1372756565, 1372756566, 1372756567, 1372756568, 1372756569, 1372756570, 1372756571, 669215962, 669215975, 309434345, 669215978, 669215977, 669215980, 669215981, 669215982, 669215983, 992620009, 46727156 ] }, "geometry": { "type": "LineString", "coordinates": [ [ 20.5135773, 54.7149157 ], [ 20.5183764, 54.7206754 ] ] } },
{ "type": "Feature", "properties": { "u": 10, "v": 596, "key": 0, "oneway": "False", "highway": "secondary", "name": "Пролетарская улица", "maxspeed": "RU:urban", "lanes": "3", "osmid": [ 1372756562, 285794709 ] }, "geometry": { "type": "LineString", "coordinates": [ [ 20.5135773, 54.7149157 ], [ 20.5134619, 54.7155609 ] ] } },
{ "type": "Feature", "properties": { "u": 11, "v": 166, "key": 0, "oneway": "False", "highway": "secondary", "name": "Пролетарская улица", "maxspeed": "RU:urban", "lanes": "2", "osmid": [ 996602369, 711959467, 711959468, 309433013, 1372756573 ] }, "geometry": { "type": "LineString", "coordinates": [ [ 20.513077, 54.716949 ], [ 20.5133498, 54.7186925 ] ] } },
{ "type": "Feature", "properties": { "u": 11, "v": 596, "key": 0, "oneway": "False", "highway": "secondary", "name": "Пролетарская улица", "maxspeed": "RU:urban", "lanes": "3", "osmid": [ 1372756560, 1372756561, 1025236666, 309433010 ] }, "geometry": { "type": "LineString", "coordinates": [ [ 20.513077, 54.716949 ], [ 20.5134619, 54.7155609 ] ] } },
{ "type": "Feature", "properties": { "u": 11, "v": 160, "key": 0, "oneway": "False", "highway": "residential", "name": "улица Генерала Соммера", "maxspeed": "RU:urban", "lanes": "2", "osmid": [ 48804991, 1370697619, 1370697620, 1040432381, 1040432382, 1040432383 ] }, "geometry": { "type": "LineString", "coordinates": [ [ 20.513077, 54.716949 ], [ 20.5101576, 54.7164764 ] ] } },
{ "type": "Feature", "properties": { "u": 12, "v": 615, "key": 0, "oneway": "False", "highway": "secondary", "name": "Пролетарская улица", "maxspeed": "RU:urban", "lanes": "3", "osmid": [ 294211169, 91260942 ] }, "geometry": { "type": "LineString", "coordinates": [ [ 20.5141839, 54.7205165 ], [ 20.5146613, 54.7217178 ] ] } },
{ "type": "Feature", "properties": { "u": 12, "v": 612, "key": 0, "oneway": "True", "highway": "primary", "name": "улица Черняховского", "maxspeed": "RU:urban", "lanes": "2", "osmid": "107174499" }, "geometry": { "type": "LineString", "coordinates": [ [ 20.5141839, 54.7205165 ], [ 20.5129083, 54.7204628 ] ] } },
{ "type": "Feature", "properties": { "u": 12, "v": 531, "key": 0, "oneway": "False", "highway": "primary", "name": "Пролетарская улица", "maxspeed": "RU:urban", "lanes": "4", "osmid": "980120521" }, "geometry": { "type": "LineString", "coordinates": [ [ 20.5141839, 54.7205165 ], [ 20.5141376, 54.720391 ] ] } },
{ "type": "Feature", "properties": { "u": 13, "v": 36, "key": 0, "oneway": "False", "highway": "tertiary", "name": "улица Брамса", "maxspeed": "RU:urban", "lanes": "2", "osmid": "294349048" }, "geometry": { "type": "LineString", "coordinates": [ [ 20.4943454, 54.7200063 ], [ 20.4943124, 54.7204708 ] ] } },
{ "type": "Feature", "properties": { "u": 13, "v": 334, "key": 0, "oneway": "True", "highway": "primary", "name": "проспект Мира", "maxspeed": "RU:urban", "lanes": "3", "osmid": [ 307253402, 291081350 ] }, "geometry": { "type": "LineString", "coordinates": [ [ 20.4943454, 54.7200063 ], [ 20.4931331, 54.7193782 ] ] } },
{ "type": "Feature", "properties": { "u": 13, "v": 548, "key": 0, "oneway": "False", "highway": "primary", "name": "улица Брамса", "maxspeed": "RU:urban", "lanes": "2", "osmid": "1232534070" }, "geometry": { "type": "LineString", "coordinates": [ [ 20.4943454, 54.7200063 ], [ 20.4943973, 54.7199021 ] ] } },
{ "type": "Feature", "properties": { "u": 14, "v": 222, "key": 0, "oneway": "False", "highway": "primary", "name": "", "maxspeed": "RU:urban", "lanes": "3", "osmid": "42990363" }, "geometry": { "type": "LineString", "coordinates": [ [ 20.4889774, 54.7063397 ], [ 20.4893877, 54.7064857 ] ] } },
{ "type": "Feature", "properties": { "u": 14, "v": 255, "key": 0, "oneway": "False", "highway": "secondary", "name": "Правая набережная", "maxspeed": "RU:urban", "lanes": "3", "osmid": [ 1362412330, 37418853 ] }, "geometry": { "type": "LineString", "coordinates": [ [ 20.4889774, 54.7063397 ], [ 20.4885573, 54.7061824 ] ] } },
{ "type": "Feature", "properties": { "u": 14, "v": 367, "key": 0, "oneway": "True", "highway": "primary", "name": "", "maxspeed": "", "lanes": "1", "osmid": "56300964" }, "geometry": { "type": "LineString", "coordinates": [ [ 20.4889774, 54.7063397 ], [ 20.489078, 54.7062036 ] ] } },
{ "type": "Feature", "properties": { "u": 15, "v": 104, "key": 0, "oneway": "True", "highway": "primary", "name": "Железнодорожная улица", "maxspeed": "", "lanes": "1", "osmid": "42991668" }, "geometry": { "type": "LineString", "coordinates": [ [ 20.4898268, 54.7051845 ], [ 20.4897386, 54.7050201 ] ] } },
{ "type": "Feature", "properties": { "u": 15, "v": 223, "key": 0, "oneway": "False", "highway": "primary", "name": "Железнодорожная улица", "maxspeed": "", "lanes": "2", "osmid": [ 335233177, 997577004, 997577005, 56300959 ] }, "geometry": { "type": "LineString", "coordinates": [ [ 20.4898268, 54.7051845 ], [ 20.4892175, 54.7061934 ] ] } },
{ "type": "Feature", "properties": { "u": 16, "v": 15, "key": 0, "oneway": "True", "highway": "primary", "name": "Железнодорожная улица", "maxspeed": "", "lanes": "1", "osmid": "25901283" }, "geometry": { "type": "LineString", "coordinates": [ [ 20.4904467, 54.7049105 ], [ 20.4898268, 54.7051845 ] ] } },
{ "type": "Feature", "properties": { "u": 16, "v": 213, "key": 0, "oneway": "False", "highway": "primary", "name": "Портовая улица", "maxspeed": "", "lanes": "3", "osmid": [ 190450458, 1178588347 ] }, "geometry": { "type": "LineString", "coordinates": [ [ 20.4904467, 54.7049105 ], [ 20.4899408, 54.7048365 ] ] } },
{ "type": "Feature", "properties": { "u": 16, "v": 610, "key": 0, "oneway": "False", "highway": "primary", "name": "Железнодорожная улица", "maxspeed": "RU:urban", "lanes": "3", "osmid": [ 263192167, 53579149, 53579154, 1210147833, 107422780, 1264379966 ] }, "geometry": { "type": "LineString", "coordinates": [ [ 20.4904467, 54.7049105 ], [ 20.4936682, 54.6971883 ] ] } },
{ "type": "Feature", "properties": { "u": 17, "v": 562, "key": 0, "oneway": "True", "highway": "secondary", "name": "Октябрьская улица", "maxspeed": "RU:urban", "lanes": "2", "osmid": "172879463" }, "geometry": { "type": "LineString", "coordinates": [ [ 20.5171454, 54.6982914 ], [ 20.517212, 54.698399 ] ] } },
{ "type": "Feature", "properties": { "u": 17, "v": 379, "key": 0, "oneway": "True", "highway": "secondary", "name": "улица Дзержинского", "maxspeed": "RU:urban", "lanes": "1", "osmid": [ 982439480, 982439481 ] }, "geometry": { "type": "LineString", "coordinates": [ [ 20.5171454, 54.6982914 ], [ 20.5210075, 54.6963131 ] ] } },
{ "type": "Feature", "properties": { "u": 18, "v": 113, "key": 0, "oneway": "True", "highway": "secondary", "name": "улица Шевченко", "maxspeed": "RU:urban", "lanes": "2", "osmid": "43570453" }, "geometry": { "type": "LineString", "coordinates": [ [ 20.5091923, 54.7109784 ], [ 20.5097738, 54.7114066 ] ] } },
{ "type": "Feature", "properties": { "u": 18, "v": 529, "key": 0, "oneway": "True", "highway": "primary", "name": "Ленинский проспект", "maxspeed": "RU:urban", "lanes": "3", "osmid": [ 668655483, 106485878 ] }, "geometry": { "type": "LineString", "coordinates": [ [ 20.5091923, 54.7109784 ], [ 20.5092747, 54.7115332 ] ] } },
{ "type": "Feature", "properties": { "u": 19, "v": 570, "key": 0, "oneway": "True", "highway": "primary", "name": "Ленинский проспект", "maxspeed": "RU:urban", "lanes": "2", "osmid": "202374199" }, "geometry": { "type": "LineString", "coordinates": [ [ 20.5031459, 54.698871 ], [ 20.5031723, 54.698974 ] ] } },
{ "type": "Feature", "properties": { "u": 19, "v": 180, "key": 0, "oneway": "True", "highway": "secondary", "name": "улица Багратиона", "maxspeed": "RU:urban", "lanes": "1", "osmid": "287846979" }, "geometry": { "type": "LineString", "coordinates": [ [ 20.5031459, 54.698871 ], [ 20.5036685, 54.698969 ] ] } },
{ "type": "Feature", "properties": { "u": 20, "v": 480, "key": 0, "oneway": "True", "highway": "tertiary", "name": "Железнодорожная улица", "maxspeed": "RU:urban", "lanes": "2", "osmid": [ 668677458, 42321805 ] }, "geometry": { "type": "LineString", "coordinates": [ [ 20.4954227, 54.6961972 ], [ 20.49614, 54.6959653 ] ] } },
{ "type": "Feature", "properties": { "u": 20, "v": 505, "key": 0, "oneway": "True", "highway": "primary", "name": "площадь Калинина", "maxspeed": "RU:urban", "lanes": "2", "osmid": [ 705035291, 456949731, 456950118 ] }, "geometry": { "type": "LineString", "coordinates": [ [ 20.4954227, 54.6961972 ], [ 20.4962772, 54.6962819 ] ] } },
{ "type": "Feature", "properties": { "u": 21, "v": 557, "key": 0, "oneway": "False", "highway": "tertiary", "name": "площадь Калинина", "maxspeed": "RU:urban", "lanes": "2", "osmid": "1012838511" }, "geometry": { "type": "LineString", "coordinates": [ [ 20.4987084, 54.6962335 ], [ 20.4987861, 54.6963035 ] ] } },
{ "type": "Feature", "properties": { "u": 21, "v": 138, "key": 0, "oneway": "False", "highway": "tertiary", "name": "площадь Калинина", "maxspeed": "RU:urban", "lanes": "2", "osmid": "45508625" }, "geometry": { "type": "LineString", "coordinates": [ [ 20.4987084, 54.6962335 ], [ 20.4979734, 54.6955161 ] ] } },
{ "type": "Feature", "properties": { "u": 21, "v": 30, "key": 0, "oneway": "True", "highway": "primary", "name": "площадь Калинина", "maxspeed": "RU:urban", "lanes": "2", "osmid": [ 981617676, 107429725 ] }, "geometry": { "type": "LineString", "coordinates": [ [ 20.4987084, 54.6962335 ], [ 20.5000148, 54.6957711 ] ] } },
{ "type": "Feature", "properties": { "u": 22, "v": 233, "key": 0, "oneway": "False", "highway": "tertiary", "name": "переулок Грига", "maxspeed": "RU:urban", "lanes": "2", "osmid": [ 1372756584, 424031116, 424031115, 301668156 ] }, "geometry": { "type": "LineString", "coordinates": [ [ 20.5299903, 54.7163475 ], [ 20.5300491, 54.7188355 ] ] } },
{ "type": "Feature", "properties": { "u": 22, "v": 23, "key": 0, "oneway": "False", "highway": "tertiary", "name": "переулок Грига", "maxspeed": "RU:urban", "lanes": "2", "osmid": [ 301668156, 77049599 ] }, "geometry": { "type": "LineString", "coordinates": [ [ 20.5299903, 54.7163475 ], [ 20.5285876, 54.7157602 ] ] } },
{ "type": "Feature", "properties": { "u": 22, "v": 503, "key": 0, "oneway": "False", "highway": "residential", "name": "переулок Грига", "maxspeed": "RU:living_street", "lanes": "2", "osmid": [ 32454158, 1372756583 ] }, "geometry": { "type": "LineString", "coordinates": [ [ 20.5299903, 54.7163475 ], [ 20.5316368, 54.7157171 ] ] } },
{ "type": "Feature", "properties": { "u": 23, "v": 22, "key": 0, "oneway": "False", "highway": "tertiary", "name": "переулок Грига", "maxspeed": "RU:urban", "lanes": "2", "osmid": [ 301668156, 77049599 ] }, "geometry": { "type": "LineString", "coordinates": [ [ 20.5285876, 54.7157602 ], [ 20.5299903, 54.7163475 ] ] } },
{ "type": "Feature", "properties": { "u": 23, "v": 231, "key": 0, "oneway": "False", "highway": "tertiary", "name": "улица Грига", "maxspeed": "RU:urban", "lanes": "2", "osmid": "733841320" }, "geometry": { "type": "LineString", "coordinates": [ [ 20.5285876, 54.7157602 ], [ 20.5300312, 54.7144472 ] ] } },
{ "type": "Feature", "properties": { "u": 24, "v": 433, "key": 0, "oneway": "True", "highway": "primary", "name": "улица 9-го Апреля", "maxspeed": "RU:urban", "lanes": "3", "osmid": "352319128" }, "geometry": { "type": "LineString", "coordinates": [ [ 20.5251547, 54.7195778 ], [ 20.5251937, 54.7208403 ] ] } },
{ "type": "Feature", "properties": { "u": 25, "v": 23, "key": 0, "oneway": "True", "highway": "residential", "name": "переулок Грига", "maxspeed": "40", "lanes": "1", "osmid": [ 59380883, 59379079 ] }, "geometry": { "type": "LineString", "coordinates": [ [ 20.5267139, 54.7163547 ], [ 20.5285876, 54.7157602 ] ] } },
{ "type": "Feature", "properties": { "u": 25, "v": 432, "key": 0, "oneway": "False", "highway": "residential", "name": "Пионерская улица", "maxspeed": "40", "lanes": "2", "osmid": [ 223595851, 334581678, 371510992, 1370089174, 1018535229 ] }, "geometry": { "type": "LineString", "coordinates": [ [ 20.5267139, 54.7163547 ], [ 20.5254457, 54.7195032 ] ] } },
{ "type": "Feature", "properties": { "u": 25, "v": 227, "key": 0, "oneway": "False", "highway": "residential", "name": "Нерчинская улица", "maxspeed": "RU:urban", "lanes": "2", "osmid": [ 352562183, 669755271 ] }, "geometry": { "type": "LineString", "coordinates": [ [ 20.5267139, 54.7163547 ], [ 20.5258647, 54.7161935 ] ] } },
{ "type": "Feature", "properties": { "u": 26, "v": 582, "key": 0, "oneway": "False", "highway": "unclassified", "name": "", "maxspeed": "5", "lanes": "", "osmid": [ 736641737, 32454235, 1370382521 ] }, "geometry": { "type": "LineString", "coordinates": [ [ 20.514177, 54.705758 ], [ 20.5145885, 54.7057853 ] ] } },
{ "type": "Feature", "properties": { "u": 27, "v": 329, "key": 0, "oneway": "False", "highway": "secondary", "name": "Пролетарская улица", "maxspeed": "RU:urban", "lanes": "4", "osmid": "43569989" }, "geometry": { "type": "LineString", "coordinates": [ [ 20.512336, 54.7113672 ], [ 20.5127354, 54.7120348 ] ] } },
{ "type": "Feature", "properties": { "u": 27, "v": 117, "key": 0, "oneway": "True", "highway": "secondary", "name": "Пролетарская улица", "maxspeed": "RU:urban", "lanes": "2", "osmid": "43570916" }, "geometry": { "type": "LineString", "coordinates": [ [ 20.512336, 54.7113672 ], [ 20.511984, 54.7112254 ] ] } },
{ "type": "Feature", "properties": { "u": 28, "v": 242, "key": 0, "oneway": "True", "highway": "primary", "name": "Московский проспект", "maxspeed": "RU:urban", "lanes": "3", "osmid": "106764629" }, "geometry": { "type": "LineString", "coordinates": [ [ 20.5098464, 54.7091848 ], [ 20.507242, 54.7096162 ] ] } },
{ "type": "Feature", "properties": { "u": 29, "v": 288, "key": 0, "oneway": "True", "highway": "primary", "name": "улица Дзержинского", "maxspeed": "RU:urban", "lanes": "2", "osmid": "142675435" }, "geometry": { "type": "LineString", "coordinates": [ [ 20.5218892, 54.6958026 ], [ 20.5216729, 54.6959169 ] ] } },
{ "type": "Feature", "properties": { "u": 29, "v": 307, "key": 0, "oneway": "True", "highway": "primary", "name": "проспект Калинина", "maxspeed": "RU:urban", "lanes": "2", "osmid": "71425400" }, "geometry": { "type": "LineString", "coordinates": [ [ 20.5218892, 54.6958026 ], [ 20.5210804, 54.6955383 ] ] } },
{ "type": "Feature", "properties": { "u": 30, "v": 45, "key": 0, "oneway": "True", "highway": "primary", "name": "площадь Калинина", "maxspeed": "RU:urban", "lanes": "2", "osmid": [ 1252912248, 1252912247, 93950879 ] }, "geometry": { "type": "LineString", "coordinates": [ [ 20.5000148, 54.6957711 ], [ 20.5014846, 54.695245 ] ] } },
{ "type": "Feature", "properties": { "u": 30, "v": 139, "key": 0, "oneway": "True", "highway": "secondary", "name": "Ленинский проспект", "maxspeed": "RU:urban", "lanes": "3", "osmid": "981527182" }, "geometry": { "type": "LineString", "coordinates": [ [ 20.5000148, 54.6957711 ], [ 20.499268, 54.695077 ] ] } },
{ "type": "Feature", "properties": { "u": 31, "v": 215, "key": 0, "oneway": "False", "highway": "tertiary", "name": "улица Грига", "maxspeed": "RU:urban", "lanes": "2", "osmid": "53374882" }, "geometry": { "type": "LineString", "coordinates": [ [ 20.5316951, 54.7098827 ], [ 20.5315878, 54.7101099 ] ] } },
{ "type": "Feature", "properties": { "u": 31, "v": 140, "key": 0, "oneway": "True", "highway": "primary", "name": "Московский проспект", "maxspeed": "40", "lanes": "3", "osmid": [ 53374884, 53374886, 1370697590, 1370697591, 301127227 ] }, "geometry": { "type": "LineString", "coordinates": [ [ 20.5316951, 54.7098827 ], [ 20.5264372, 54.7094511 ] ] } },
{ "type": "Feature", "properties": { "u": 32, "v": 254, "key": 0, "oneway": "False", "highway": "residential", "name": "Водная улица", "maxspeed": "", "lanes": "2", "osmid": "71424058" }, "geometry": { "type": "LineString", "coordinates": [ [ 20.5242181, 54.694419 ], [ 20.5256957, 54.6953018 ] ] } },
{ "type": "Feature", "properties": { "u": 32, "v": 556, "key": 0, "oneway": "False", "highway": "primary", "name": "улица Дзержинского", "maxspeed": "RU:urban", "lanes": "4", "osmid": [ 91264362, 106618171 ] }, "geometry": { "type": "LineString", "coordinates": [ [ 20.5242181, 54.694419 ], [ 20.5219864, 54.6957469 ] ] } },
{ "type": "Feature", "properties": { "u": 33, "v": 34, "key": 0, "oneway": "False", "highway": "residential", "name": "улица Генделя", "maxspeed": "", "lanes": "2", "osmid": [ 1372756585, 294785383 ] }, "geometry": { "type": "LineString", "coordinates": [ [ 20.4972801, 54.7215035 ], [ 20.4957729, 54.7221934 ] ] } },
{ "type": "Feature", "properties": { "u": 34, "v": 35, "key": 0, "oneway": "True", "highway": "residential", "name": "улица Ушакова", "maxspeed": "", "lanes": "1", "osmid": [ 41768437, 41768439 ] }, "geometry": { "type": "LineString", "coordinates": [ [ 20.4957729, 54.7221934 ], [ 20.4978524, 54.7201854 ] ] } },
{ "type": "Feature", "properties": { "u": 34, "v": 33, "key": 0, "oneway": "False", "highway": "residential", "name": "улица Генделя", "maxspeed": "", "lanes": "2", "osmid": [ 1372756585, 294785383 ] }, "geometry": { "type": "LineString", "coordinates": [ [ 20.4957729, 54.7221934 ], [ 20.4972801, 54.7215035 ] ] } },
{ "type": "Feature", "properties": { "u": 35, "v": 87, "key": 0, "oneway": "True", "highway": "primary", "name": "проспект Мира", "maxspeed": "RU:urban", "lanes": "2", "osmid": [ 294349900, 980844494 ] }, "geometry": { "type": "LineString", "coordinates": [ [ 20.4978524, 54.7201854 ], [ 20.4947917, 54.7200424 ] ] } },
{ "type": "Feature", "properties": { "u": 36, "v": 51, "key": 0, "oneway": "True", "highway": "tertiary", "name": "улица Грекова", "maxspeed": "RU:urban", "lanes": "2", "osmid": "77021573" }, "geometry": { "type": "LineString", "coordinates": [ [ 20.4943124, 54.7204708 ], [ 20.493147, 54.7204479 ] ] } },
{ "type": "Feature", "properties": { "u": 36, "v": 13, "key": 0, "oneway": "False", "highway": "tertiary", "name": "улица Брамса", "maxspeed": "RU:urban", "lanes": "2", "osmid": "294349048" }, "geometry": { "type": "LineString", "coordinates": [ [ 20.4943124, 54.7204708 ], [ 20.4943454, 54.7200063 ] ] } },
{ "type": "Feature", "properties": { "u": 37, "v": 38, "key": 0, "oneway": "False", "highway": "residential", "name": "улица Носова", "maxspeed": "", "lanes": "1", "osmid": [ 1374294978, 1374294979, 1374294980, 1374294981, 1374294982, 1374294983, 1374294984, 1374294985, 41768680, 1374294986, 42376985 ] }, "geometry": { "type": "LineString", "coordinates": [ [ 20.4912409, 54.7203732 ], [ 20.4929292, 54.7224668 ] ] } },
{ "type": "Feature", "properties": { "u": 37, "v": 256, "key": 0, "oneway": "True", "highway": "tertiary", "name": "улица Грекова", "maxspeed": "RU:urban", "lanes": "2", "osmid": [ 1374294975, 301935981, 77021583 ] }, "geometry": { "type": "LineString", "coordinates": [ [ 20.4912409, 54.7203732 ], [ 20.4880908, 54.7201652 ] ] } },
{ "type": "Feature", "properties": { "u": 38, "v": 51, "key": 0, "oneway": "False", "highway": "residential", "name": "Кронштадтская улица", "maxspeed": "", "lanes": "1", "osmid": [ 42323104, 42323075 ] }, "geometry": { "type": "LineString", "coordinates": [ [ 20.4929292, 54.7224668 ], [ 20.493147, 54.7204479 ] ] } },
{ "type": "Feature", "properties": { "u": 38, "v": 37, "key": 0, "oneway": "False", "highway": "residential", "name": "улица Носова", "maxspeed": "", "lanes": "1", "osmid": [ 1374294978, 1374294979, 1374294980, 1374294981, 1374294982, 1374294983, 41768680, 1374294984, 1374294986, 1374294985, 42376985 ] }, "geometry": { "type": "LineString", "coordinates": [ [ 20.4929292, 54.7224668 ], [ 20.4912409, 54.7203732 ] ] } },
{ "type": "Feature", "properties": { "u": 39, "v": 564, "key": 0, "oneway": "False", "highway": "secondary", "name": "Эпроновская улица", "maxspeed": "RU:urban", "lanes": "2", "osmid": "989399976" }, "geometry": { "type": "LineString", "coordinates": [ [ 20.513875, 54.6996032 ], [ 20.5138713, 54.6996475 ] ] } },
{ "type": "Feature", "properties": { "u": 39, "v": 574, "key": 0, "oneway": "True", "highway": "secondary", "name": "улица Багратиона", "maxspeed": "RU:urban", "lanes": "1", "osmid": [ 713320355, 713320356, 312850197, 312850198, 982439549, 982439550 ] }, "geometry": { "type": "LineString", "coordinates": [ [ 20.513875, 54.6996032 ], [ 20.5170481, 54.6983462 ] ] } },
{ "type": "Feature", "properties": { "u": 40, "v": 188, "key": 0, "oneway": "False", "highway": "tertiary", "name": "Краснооктябрьская улица", "maxspeed": "RU:urban", "lanes": "2", "osmid": [ 989399970, 989399971, 989399972 ] }, "geometry": { "type": "LineString", "coordinates": [ [ 20.5131627, 54.7009742 ], [ 20.5115441, 54.7013209 ] ] } },
{ "type": "Feature", "properties": { "u": 40, "v": 187, "key": 0, "oneway": "False", "highway": "tertiary", "name": "Эпроновская улица", "maxspeed": "RU:urban", "lanes": "2", "osmid": [ 989399973, 293321998 ] }, "geometry": { "type": "LineString", "coordinates": [ [ 20.5131627, 54.7009742 ], [ 20.5137576, 54.7003214 ] ] } },
{ "type": "Feature", "properties": { "u": 40, "v": 134, "key": 0, "oneway": "False", "highway": "residential", "name": "Эпроновская улица", "maxspeed": "RU:urban", "lanes": "2", "osmid": [ 1372756634, 44794756 ] }, "geometry": { "type": "LineString", "coordinates": [ [ 20.5131627, 54.7009742 ], [ 20.5134788, 54.7023804 ] ] } },
{ "type": "Feature", "properties": { "u": 41, "v": 130, "key": 0, "oneway": "False", "highway": "tertiary", "name": "Краснооктябрьская улица", "maxspeed": "RU:urban", "lanes": "2", "osmid": [ 989399966, 146462894 ] }, "geometry": { "type": "LineString", "coordinates": [ [ 20.5080886, 54.7019481 ], [ 20.5095622, 54.701715 ] ] } },
{ "type": "Feature", "properties": { "u": 41, "v": 133, "key": 0, "oneway": "False", "highway": "residential", "name": "Парусная улица", "maxspeed": "RU:living_street", "lanes": "2", "osmid": [ 308211226, 315981237, 1372756645 ] }, "geometry": { "type": "LineString", "coordinates": [ [ 20.5080886, 54.7019481 ], [ 20.5078995, 54.7038844 ] ] } },
{ "type": "Feature", "properties": { "u": 41, "v": 184, "key": 0, "oneway": "False", "highway": "tertiary", "name": "Краснооктябрьская улица", "maxspeed": "40", "lanes": "2", "osmid": [ 989399963, 989399965, 1372756646 ] }, "geometry": { "type": "LineString", "coordinates": [ [ 20.5080886, 54.7019481 ], [ 20.5069878, 54.7021052 ] ] } },
{ "type": "Feature", "properties": { "u": 42, "v": 49, "key": 0, "oneway": "True", "highway": "primary", "name": "Ленинский проспект", "maxspeed": "RU:urban", "lanes": "3", "osmid": "101365833" }, "geometry": { "type": "LineString", "coordinates": [ [ 20.505005, 54.7023851 ], [ 20.505739, 54.7039774 ] ] } },
{ "type": "Feature", "properties": { "u": 42, "v": 184, "key": 0, "oneway": "False", "highway": "tertiary", "name": "Краснооктябрьская улица", "maxspeed": "40", "lanes": "2", "osmid": [ 989399960, 308211224, 308211225, 989399961, 989399962 ] }, "geometry": { "type": "LineString", "coordinates": [ [ 20.505005, 54.7023851 ], [ 20.5069878, 54.7021052 ] ] } },
{ "type": "Feature", "properties": { "u": 42, "v": 520, "key": 0, "oneway": "False", "highway": "tertiary", "name": "Полоцкая улица", "maxspeed": "RU:urban", "lanes": "2", "osmid": [ 980011174, 980011175 ] }, "geometry": { "type": "LineString", "coordinates": [ [ 20.505005, 54.7023851 ], [ 20.5047392, 54.7024289 ] ] } },
{ "type": "Feature", "properties": { "u": 43, "v": 133, "key": 0, "oneway": "False", "highway": "tertiary", "name": "", "maxspeed": "RU:urban", "lanes": "2", "osmid": [ 44795256, 1372756637, 1372756638, 1372756639 ] }, "geometry": { "type": "LineString", "coordinates": [ [ 20.5081827, 54.7047153 ], [ 20.5078995, 54.7038844 ] ] } },
{ "type": "Feature", "properties": { "u": 43, "v": 498, "key": 0, "oneway": "True", "highway": "tertiary", "name": "", "maxspeed": "", "lanes": "1", "osmid": "669208270" }, "geometry": { "type": "LineString", "coordinates": [ [ 20.5081827, 54.7047153 ], [ 20.5082956, 54.7048205 ] ] } },
{ "type": "Feature", "properties": { "u": 44, "v": 406, "key": 0, "oneway": "False", "highway": "secondary", "name": "Портовая улица", "maxspeed": "RU:urban", "lanes": "2", "osmid": "989399948" }, "geometry": { "type": "LineString", "coordinates": [ [ 20.5052869, 54.7042404 ], [ 20.5054075, 54.704225 ] ] } },
{ "type": "Feature", "properties": { "u": 44, "v": 211, "key": 0, "oneway": "False", "highway": "secondary", "name": "Портовая улица", "maxspeed": "RU:urban", "lanes": "2", "osmid": [ 989399945, 989399946, 989399947, 668678780, 1212485023 ] }, "geometry": { "type": "LineString", "coordinates": [ [ 20.5052869, 54.7042404 ], [ 20.5033743, 54.7044842 ] ] } },
{ "type": "Feature", "properties": { "u": 44, "v": 495, "key": 0, "oneway": "False", "highway": "tertiary", "name": "Старопрегольская набережная", "maxspeed": "RU:urban", "lanes": "2", "osmid": [ 1372756640, 1372756641, 1372756642, 1372756643, 980011180, 211419989, 308211230, 308211231 ] }, "geometry": { "type": "LineString", "coordinates": [ [ 20.5052869, 54.7042404 ], [ 20.5080533, 54.7047716 ] ] } },
{ "type": "Feature", "properties": { "u": 45, "v": 127, "key": 0, "oneway": "True", "highway": "primary", "name": "площадь Калинина", "maxspeed": "RU:urban", "lanes": "3", "osmid": "981617650" }, "geometry": { "type": "LineString", "coordinates": [ [ 20.5014846, 54.695245 ], [ 20.5030131, 54.6947828 ] ] } },
{ "type": "Feature", "properties": { "u": 46, "v": 45, "key": 0, "oneway": "True", "highway": "residential", "name": "", "maxspeed": "RU:urban", "lanes": "2", "osmid": "42321802" }, "geometry": { "type": "LineString", "coordinates": [ [ 20.5007979, 54.6945926 ], [ 20.5014846, 54.695245 ] ] } },
{ "type": "Feature", "properties": { "u": 47, "v": 133, "key": 0, "oneway": "False", "highway": "tertiary", "name": "Парусная улица", "maxspeed": "RU:urban", "lanes": "2", "osmid": [ 42322347, 1372756644 ] }, "geometry": { "type": "LineString", "coordinates": [ [ 20.5062356, 54.7040997 ], [ 20.5078995, 54.7038844 ] ] } },
{ "type": "Feature", "properties": { "u": 47, "v": 48, "key": 0, "oneway": "True", "highway": "tertiary_link", "name": "Парусная улица", "maxspeed": "", "lanes": "1", "osmid": "42322349" }, "geometry": { "type": "LineString", "coordinates": [ [ 20.5062356, 54.7040997 ], [ 20.5059385, 54.7043351 ] ] } },
{ "type": "Feature", "properties": { "u": 48, "v": 284, "key": 0, "oneway": "True", "highway": "primary", "name": "Ленинский проспект", "maxspeed": "RU:urban", "lanes": "2", "osmid": "44022248" }, "geometry": { "type": "LineString", "coordinates": [ [ 20.5059385, 54.7043351 ], [ 20.5084991, 54.7095829 ] ] } },
{ "type": "Feature", "properties": { "u": 49, "v": 47, "key": 0, "oneway": "True", "highway": "tertiary_link", "name": "Парусная улица", "maxspeed": "", "lanes": "1", "osmid": "42322348" }, "geometry": { "type": "LineString", "coordinates": [ [ 20.505739, 54.7039774 ], [ 20.5062356, 54.7040997 ] ] } },
{ "type": "Feature", "properties": { "u": 49, "v": 48, "key": 0, "oneway": "True", "highway": "primary", "name": "Ленинский проспект", "maxspeed": "RU:urban", "lanes": "2", "osmid": [ 101322252, 41911957 ] }, "geometry": { "type": "LineString", "coordinates": [ [ 20.505739, 54.7039774 ], [ 20.5059385, 54.7043351 ] ] } },
{ "type": "Feature", "properties": { "u": 50, "v": 554, "key": 0, "oneway": "False", "highway": "primary", "name": "улица Дмитрия Донского", "maxspeed": "", "lanes": "2", "osmid": "42741469" }, "geometry": { "type": "LineString", "coordinates": [ [ 20.4934884, 54.7189758 ], [ 20.4935036, 54.7188912 ] ] } },
{ "type": "Feature", "properties": { "u": 50, "v": 595, "key": 0, "oneway": "True", "highway": "primary", "name": "Театральная улица", "maxspeed": "RU:urban", "lanes": "2", "osmid": "992612791" }, "geometry": { "type": "LineString", "coordinates": [ [ 20.4934884, 54.7189758 ], [ 20.4931761, 54.7190602 ] ] } },
{ "type": "Feature", "properties": { "u": 50, "v": 543, "key": 0, "oneway": "True", "highway": "primary", "name": "улица Дмитрия Донского", "maxspeed": "RU:urban", "lanes": "1", "osmid": "42323073" }, "geometry": { "type": "LineString", "coordinates": [ [ 20.4934884, 54.7189758 ], [ 20.4934844, 54.7195245 ] ] } },
{ "type": "Feature", "properties": { "u": 51, "v": 52, "key": 0, "oneway": "False", "highway": "residential", "name": "Кронштадтская улица", "maxspeed": "", "lanes": "1", "osmid": "42323079" }, "geometry": { "type": "LineString", "coordinates": [ [ 20.493147, 54.7204479 ], [ 20.4931973, 54.7198193 ] ] } },
{ "type": "Feature", "properties": { "u": 51, "v": 38, "key": 0, "oneway": "False", "highway": "residential", "name": "Кронштадтская улица", "maxspeed": "", "lanes": "1", "osmid": [ 42323104, 42323075 ] }, "geometry": { "type": "LineString", "coordinates": [ [ 20.493147, 54.7204479 ], [ 20.4929292, 54.7224668 ] ] } },
{ "type": "Feature", "properties": { "u": 51, "v": 53, "key": 0, "oneway": "True", "highway": "tertiary", "name": "улица Грекова", "maxspeed": "RU:urban", "lanes": "2", "osmid": "1374294977" }, "geometry": { "type": "LineString", "coordinates": [ [ 20.493147, 54.7204479 ], [ 20.4916639, 54.7203806 ] ] } },
{ "type": "Feature", "properties": { "u": 52, "v": 51, "key": 0, "oneway": "False", "highway": "residential", "name": "Кронштадтская улица", "maxspeed": "", "lanes": "1", "osmid": "42323079" }, "geometry": { "type": "LineString", "coordinates": [ [ 20.4931973, 54.7198193 ], [ 20.493147, 54.7204479 ] ] } },
{ "type": "Feature", "properties": { "u": 53, "v": 37, "key": 0, "oneway": "True", "highway": "tertiary", "name": "улица Грекова", "maxspeed": "RU:urban", "lanes": "2", "osmid": "1374294976" }, "geometry": { "type": "LineString", "coordinates": [ [ 20.4916639, 54.7203806 ], [ 20.4912409, 54.7203732 ] ] } },
{ "type": "Feature", "properties": { "u": 53, "v": 54, "key": 0, "oneway": "False", "highway": "residential", "name": "Театральный переулок", "maxspeed": "", "lanes": "2", "osmid": "42323259" }, "geometry": { "type": "LineString", "coordinates": [ [ 20.4916639, 54.7203806 ], [ 20.4917324, 54.7192882 ] ] } },
{ "type": "Feature", "properties": { "u": 54, "v": 53, "key": 0, "oneway": "False", "highway": "residential", "name": "Театральный переулок", "maxspeed": "", "lanes": "2", "osmid": "42323259" }, "geometry": { "type": "LineString", "coordinates": [ [ 20.4917324, 54.7192882 ], [ 20.4916639, 54.7203806 ] ] } },
{ "type": "Feature", "properties": { "u": 54, "v": 256, "key": 0, "oneway": "True", "highway": "primary", "name": "проспект Мира", "maxspeed": "RU:urban", "lanes": "2", "osmid": [ 77021580, 106630643, 992609877, 1374294971, 1374294972, 980844318 ] }, "geometry": { "type": "LineString", "coordinates": [ [ 20.4917324, 54.7192882 ], [ 20.4880908, 54.7201652 ] ] } },
{ "type": "Feature", "properties": { "u": 55, "v": 56, "key": 0, "oneway": "True", "highway": "primary", "name": "Московский проспект", "maxspeed": "RU:urban", "lanes": "3", "osmid": "42449783" }, "geometry": { "type": "LineString", "coordinates": [ [ 20.4950822, 54.7110582 ], [ 20.4948326, 54.7111848 ] ] } },
{ "type": "Feature", "properties": { "u": 56, "v": 57, "key": 0, "oneway": "True", "highway": "primary", "name": "Московский проспект", "maxspeed": "RU:urban", "lanes": "2", "osmid": "107299015" }, "geometry": { "type": "LineString", "coordinates": [ [ 20.4948326, 54.7111848 ], [ 20.4940509, 54.7110862 ] ] } },
{ "type": "Feature", "properties": { "u": 56, "v": 66, "key": 0, "oneway": "True", "highway": "primary", "name": "улица Румянцева", "maxspeed": "RU:urban", "lanes": "3", "osmid": "404700834" }, "geometry": { "type": "LineString", "coordinates": [ [ 20.4948326, 54.7111848 ], [ 20.4938845, 54.7116332 ] ] } },
{ "type": "Feature", "properties": { "u": 57, "v": 58, "key": 0, "oneway": "True", "highway": "primary", "name": "Московский проспект", "maxspeed": "RU:urban", "lanes": "3", "osmid": "107299012" }, "geometry": { "type": "LineString", "coordinates": [ [ 20.4940509, 54.7110862 ], [ 20.4940126, 54.7109238 ] ] } },
{ "type": "Feature", "properties": { "u": 58, "v": 260, "key": 0, "oneway": "True", "highway": "primary", "name": "улица Генерала Буткова", "maxspeed": "RU:urban", "lanes": "3", "osmid": "42990364" }, "geometry": { "type": "LineString", "coordinates": [ [ 20.4940126, 54.7109238 ], [ 20.4929074, 54.7101266 ] ] } },
{ "type": "Feature", "properties": { "u": 58, "v": 59, "key": 0, "oneway": "True", "highway": "primary", "name": "Московский проспект", "maxspeed": "RU:urban", "lanes": "2", "osmid": "107300745" }, "geometry": { "type": "LineString", "coordinates": [ [ 20.4940126, 54.7109238 ], [ 20.4945006, 54.710622 ] ] } },
{ "type": "Feature", "properties": { "u": 59, "v": 60, "key": 0, "oneway": "True", "highway": "primary", "name": "Московский проспект", "maxspeed": "RU:urban", "lanes": "3", "osmid": "107300740" }, "geometry": { "type": "LineString", "coordinates": [ [ 20.4945006, 54.710622 ], [ 20.4948852, 54.7106992 ] ] } },
{ "type": "Feature", "properties": { "u": 60, "v": 237, "key": 0, "oneway": "True", "highway": "primary", "name": "Московский проспект", "maxspeed": "RU:urban", "lanes": "3", "osmid": "42449785" }, "geometry": { "type": "LineString", "coordinates": [ [ 20.4948852, 54.7106992 ], [ 20.4954404, 54.7106522 ] ] } },
{ "type": "Feature", "properties": { "u": 60, "v": 55, "key": 0, "oneway": "True", "highway": "primary", "name": "Московский проспект", "maxspeed": "RU:urban", "lanes": "2", "osmid": "106748628" }, "geometry": { "type": "LineString", "coordinates": [ [ 20.4948852, 54.7106992 ], [ 20.4950822, 54.7110582 ] ] } },
{ "type": "Feature", "properties": { "u": 61, "v": 31, "key": 0, "oneway": "True", "highway": "tertiary", "name": "", "maxspeed": "RU:urban", "lanes": "1", "osmid": "53374887" }, "geometry": { "type": "LineString", "coordinates": [ [ 20.5317105, 54.7097665 ], [ 20.5316951, 54.7098827 ] ] } },
{ "type": "Feature", "properties": { "u": 61, "v": 193, "key": 0, "oneway": "True", "highway": "primary", "name": "Московский проспект", "maxspeed": "RU:urban", "lanes": "3", "osmid": "231200845" }, "geometry": { "type": "LineString", "coordinates": [ [ 20.5317105, 54.7097665 ], [ 20.5362899, 54.7097415 ] ] } },
{ "type": "Feature", "properties": { "u": 62, "v": 542, "key": 0, "oneway": "False", "highway": "residential", "name": "улица Профессора Баранова", "maxspeed": "RU:urban", "lanes": "2", "osmid": "980510401" }, "geometry": { "type": "LineString", "coordinates": [ [ 20.5075005, 54.7209322 ], [ 20.507397, 54.7209207 ] ] } },
{ "type": "Feature", "properties": { "u": 63, "v": 6, "key": 0, "oneway": "True", "highway": "primary", "name": "улица Черняховского", "maxspeed": "RU:urban", "lanes": "4", "osmid": [ 134496181, 287846982 ] }, "geometry": { "type": "LineString", "coordinates": [ [ 20.5053452, 54.7195615 ], [ 20.5016641, 54.7188692 ] ] } },
{ "type": "Feature", "properties": { "u": 63, "v": 542, "key": 0, "oneway": "False", "highway": "residential", "name": "улица Подполковника Иванникова", "maxspeed": "RU:urban", "lanes": "2", "osmid": [ 287689421, 42594989, 127184123, 1370697596, 1370697597, 980510399 ] }, "geometry": { "type": "LineString", "coordinates": [ [ 20.5053452, 54.7195615 ], [ 20.507397, 54.7209207 ] ] } },
{ "type": "Feature", "properties": { "u": 63, "v": 530, "key": 0, "oneway": "False", "highway": "unclassified", "name": "улица Подполковника Иванникова", "maxspeed": "RU:urban", "lanes": "2", "osmid": "1290030972" }, "geometry": { "type": "LineString", "coordinates": [ [ 20.5053452, 54.7195615 ], [ 20.5054041, 54.7194638 ] ] } },
{ "type": "Feature", "properties": { "u": 64, "v": 4, "key": 0, "oneway": "True", "highway": "primary", "name": "Театральная улица", "maxspeed": "RU:urban", "lanes": "3", "osmid": [ 287310150, 287310151, 980859272, 217613104, 42595697, 980859189 ] }, "geometry": { "type": "LineString", "coordinates": [ [ 20.500365, 54.717133 ], [ 20.4972002, 54.7180777 ] ] } },
{ "type": "Feature", "properties": { "u": 65, "v": 67, "key": 0, "oneway": "False", "highway": "residential", "name": "Ботаническая улица", "maxspeed": "", "lanes": "1", "osmid": "42596792" }, "geometry": { "type": "LineString", "coordinates": [ [ 20.4943596, 54.7116994 ], [ 20.4958827, 54.7116539 ] ] } },
{ "type": "Feature", "properties": { "u": 65, "v": 221, "key": 0, "oneway": "False", "highway": "tertiary", "name": "улица Генерала Галицкого", "maxspeed": "RU:urban", "lanes": "2", "osmid": [ 1370697568, 204024687 ] }, "geometry": { "type": "LineString", "coordinates": [ [ 20.4943596, 54.7116994 ], [ 20.4953135, 54.712976 ] ] } },
{ "type": "Feature", "properties": { "u": 65, "v": 66, "key": 0, "oneway": "False", "highway": "tertiary", "name": "улица Генерала Галицкого", "maxspeed": "RU:urban", "lanes": "2", "osmid": "1370697569" }, "geometry": { "type": "LineString", "coordinates": [ [ 20.4943596, 54.7116994 ], [ 20.4938845, 54.7116332 ] ] } },
{ "type": "Feature", "properties": { "u": 66, "v": 618, "key": 0, "oneway": "True", "highway": "primary", "name": "улица Румянцева", "maxspeed": "RU:urban", "lanes": "3", "osmid": "42452217" }, "geometry": { "type": "LineString", "coordinates": [ [ 20.4938845, 54.7116332 ], [ 20.4909277, 54.7124736 ] ] } },
{ "type": "Feature", "properties": { "u": 66, "v": 65, "key": 0, "oneway": "False", "highway": "tertiary", "name": "улица Генерала Галицкого", "maxspeed": "RU:urban", "lanes": "2", "osmid": "1370697569" }, "geometry": { "type": "LineString", "coordinates": [ [ 20.4938845, 54.7116332 ], [ 20.4943596, 54.7116994 ] ] } },
{ "type": "Feature", "properties": { "u": 67, "v": 65, "key": 0, "oneway": "False", "highway": "residential", "name": "Ботаническая улица", "maxspeed": "", "lanes": "1", "osmid": "42596792" }, "geometry": { "type": "LineString", "coordinates": [ [ 20.4958827, 54.7116539 ], [ 20.4943596, 54.7116994 ] ] } },
{ "type": "Feature", "properties": { "u": 68, "v": 73, "key": 0, "oneway": "False", "highway": "tertiary", "name": "Житомирская улица", "maxspeed": "RU:urban", "lanes": "2", "osmid": "1372756625" }, "geometry": { "type": "LineString", "coordinates": [ [ 20.5067648, 54.7118116 ], [ 20.506761, 54.7118554 ] ] } },
{ "type": "Feature", "properties": { "u": 68, "v": 390, "key": 0, "oneway": "True", "highway": "tertiary", "name": "улица Вагнера", "maxspeed": "RU:urban", "lanes": "1", "osmid": [ 980011190, 980011191 ] }, "geometry": { "type": "LineString", "coordinates": [ [ 20.5067648, 54.7118116 ], [ 20.508791, 54.7117929 ] ] } },
{ "type": "Feature", "properties": { "u": 68, "v": 414, "key": 0, "oneway": "False", "highway": "residential", "name": "улица Коперника", "maxspeed": "RU:urban", "lanes": "1", "osmid": [ 1372756620, 1372756621, 1372756622, 693840853, 693840854, 693840855, 42600189 ] }, "geometry": { "type": "LineString", "coordinates": [ [ 20.5067648, 54.7118116 ], [ 20.5066711, 54.7104629 ] ] } },
{ "type": "Feature", "properties": { "u": 69, "v": 221, "key": 0, "oneway": "False", "highway": "tertiary", "name": "улица Генерала Галицкого", "maxspeed": "RU:urban", "lanes": "2", "osmid": "204024687" }, "geometry": { "type": "LineString", "coordinates": [ [ 20.4955466, 54.7131894 ], [ 20.4953135, 54.712976 ] ] } },
{ "type": "Feature", "properties": { "u": 69, "v": 461, "key": 0, "oneway": "False", "highway": "tertiary", "name": "улица Бесселя", "maxspeed": "RU:urban", "lanes": "2", "osmid": "42597737" }, "geometry": { "type": "LineString", "coordinates": [ [ 20.4955466, 54.7131894 ], [ 20.4974111, 54.7132145 ] ] } },
{ "type": "Feature", "properties": { "u": 69, "v": 462, "key": 0, "oneway": "False", "highway": "tertiary", "name": "улица Генерала Галицкого", "maxspeed": "RU:urban", "lanes": "2", "osmid": "386541583" }, "geometry": { "type": "LineString", "coordinates": [ [ 20.4955466, 54.7131894 ], [ 20.4972867, 54.7142305 ] ] } },
{ "type": "Feature", "properties": { "u": 70, "v": 371, "key": 0, "oneway": "False", "highway": "living_street", "name": "Космическая улица", "maxspeed": "RU:living_street", "lanes": "", "osmid": "206266641" }, "geometry": { "type": "LineString", "coordinates": [ [ 20.4981667, 54.7131894 ], [ 20.4982733, 54.7132302 ] ] } },
{ "type": "Feature", "properties": { "u": 70, "v": 71, "key": 0, "oneway": "False", "highway": "tertiary", "name": "улица Бесселя", "maxspeed": "RU:urban", "lanes": "2", "osmid": "42597737" }, "geometry": { "type": "LineString", "coordinates": [ [ 20.4981667, 54.7131894 ], [ 20.49883, 54.7123664 ] ] } },
{ "type": "Feature", "properties": { "u": 70, "v": 461, "key": 0, "oneway": "False", "highway": "tertiary", "name": "улица Бесселя", "maxspeed": "RU:urban", "lanes": "2", "osmid": "42597737" }, "geometry": { "type": "LineString", "coordinates": [ [ 20.4981667, 54.7131894 ], [ 20.4974111, 54.7132145 ] ] } },
{ "type": "Feature", "properties": { "u": 71, "v": 70, "key": 0, "oneway": "False", "highway": "tertiary", "name": "улица Бесселя", "maxspeed": "RU:urban", "lanes": "2", "osmid": "42597737" }, "geometry": { "type": "LineString", "coordinates": [ [ 20.49883, 54.7123664 ], [ 20.4981667, 54.7131894 ] ] } },
{ "type": "Feature", "properties": { "u": 71, "v": 72, "key": 0, "oneway": "False", "highway": "tertiary", "name": "улица Вагнера", "maxspeed": "RU:urban", "lanes": "2", "osmid": "42597785" }, "geometry": { "type": "LineString", "coordinates": [ [ 20.49883, 54.7123664 ], [ 20.500938, 54.7123253 ] ] } },
{ "type": "Feature", "properties": { "u": 71, "v": 121, "key": 0, "oneway": "False", "highway": "residential", "name": "Загорская улица", "maxspeed": "", "lanes": "2", "osmid": "43950569" }, "geometry": { "type": "LineString", "coordinates": [ [ 20.49883, 54.7123664 ], [ 20.4982115, 54.7117098 ] ] } },
{ "type": "Feature", "properties": { "u": 72, "v": 71, "key": 0, "oneway": "False", "highway": "tertiary", "name": "улица Вагнера", "maxspeed": "RU:urban", "lanes": "2", "osmid": "42597785" }, "geometry": { "type": "LineString", "coordinates": [ [ 20.500938, 54.7123253 ], [ 20.49883, 54.7123664 ] ] } },
{ "type": "Feature", "properties": { "u": 72, "v": 123, "key": 0, "oneway": "False", "highway": "tertiary", "name": "улица Вагнера", "maxspeed": "RU:urban", "lanes": "2", "osmid": "314108348" }, "geometry": { "type": "LineString", "coordinates": [ [ 20.500938, 54.7123253 ], [ 20.5019264, 54.7122434 ] ] } },
{ "type": "Feature", "properties": { "u": 73, "v": 337, "key": 0, "oneway": "False", "highway": "tertiary", "name": "улица Вагнера", "maxspeed": "RU:urban", "lanes": "2", "osmid": "746885544" }, "geometry": { "type": "LineString", "coordinates": [ [ 20.506761, 54.7118554 ], [ 20.5063019, 54.7118896 ] ] } },
{ "type": "Feature", "properties": { "u": 73, "v": 68, "key": 0, "oneway": "False", "highway": "tertiary", "name": "Житомирская улица", "maxspeed": "RU:urban", "lanes": "2", "osmid": "1372756625" }, "geometry": { "type": "LineString", "coordinates": [ [ 20.506761, 54.7118554 ], [ 20.5067648, 54.7118116 ] ] } },
{ "type": "Feature", "properties": { "u": 73, "v": 1, "key": 0, "oneway": "False", "highway": "tertiary", "name": "Житомирская улица", "maxspeed": "RU:urban", "lanes": "2", "osmid": [ 1372756625, 211044265, 1372756623 ] }, "geometry": { "type": "LineString", "coordinates": [ [ 20.506761, 54.7118554 ], [ 20.5067379, 54.7121204 ] ] } },
{ "type": "Feature", "properties": { "u": 74, "v": 77, "key": 0, "oneway": "False", "highway": "residential", "name": "Геологическая улица", "maxspeed": "RU:urban", "lanes": "2", "osmid": [ 1372756616, 42598219 ] }, "geometry": { "type": "LineString", "coordinates": [ [ 20.5025801, 54.7140269 ], [ 20.5006261, 54.7144468 ] ] } },
{ "type": "Feature", "properties": { "u": 74, "v": 72, "key": 0, "oneway": "True", "highway": "residential", "name": "Барнаульская улица", "maxspeed": "RU:urban", "lanes": "2", "osmid": [ 1372756617, 43951262 ] }, "geometry": { "type": "LineString", "coordinates": [ [ 20.5025801, 54.7140269 ], [ 20.500938, 54.7123253 ] ] } },
{ "type": "Feature", "properties": { "u": 75, "v": 74, "key": 0, "oneway": "True", "highway": "residential", "name": "Барнаульская улица", "maxspeed": "RU:urban", "lanes": "2", "osmid": "42598221" }, "geometry": { "type": "LineString", "coordinates": [ [ 20.5028494, 54.7141762 ], [ 20.5025801, 54.7140269 ] ] } },
{ "type": "Feature", "properties": { "u": 75, "v": 82, "key": 0, "oneway": "True", "highway": "residential", "name": "Больничная улица", "maxspeed": "RU:urban", "lanes": "1", "osmid": "42599289" }, "geometry": { "type": "LineString", "coordinates": [ [ 20.5028494, 54.7141762 ], [ 20.5035475, 54.714037 ] ] } },
{ "type": "Feature", "properties": { "u": 76, "v": 325, "key": 0, "oneway": "True", "highway": "primary", "name": "Ленинский проспект", "maxspeed": "RU:urban", "lanes": "3", "osmid": [ 25901297, 668655484, 1372756606 ] }, "geometry": { "type": "LineString", "coordinates": [ [ 20.5043055, 54.715155 ], [ 20.5031115, 54.7161907 ] ] } },
{ "type": "Feature", "properties": { "u": 77, "v": 372, "key": 0, "oneway": "False", "highway": "residential", "name": "Космическая улица", "maxspeed": "RU:urban", "lanes": "2", "osmid": [ 42598642, 42598659 ] }, "geometry": { "type": "LineString", "coordinates": [ [ 20.5006261, 54.7144468 ], [ 20.4999521, 54.7143304 ] ] } },
{ "type": "Feature", "properties": { "u": 77, "v": 74, "key": 0, "oneway": "False", "highway": "residential", "name": "Геологическая улица", "maxspeed": "RU:urban", "lanes": "2", "osmid": [ 1372756616, 42598219 ] }, "geometry": { "type": "LineString", "coordinates": [ [ 20.5006261, 54.7144468 ], [ 20.5025801, 54.7140269 ] ] } },
{ "type": "Feature", "properties": { "u": 78, "v": 387, "key": 0, "oneway": "False", "highway": "residential", "name": "Космическая улица", "maxspeed": "RU:urban", "lanes": "2", "osmid": "980859138" }, "geometry": { "type": "LineString", "coordinates": [ [ 20.5024497, 54.7162457 ], [ 20.5023847, 54.7161807 ] ] } },
{ "type": "Feature", "properties": { "u": 78, "v": 324, "key": 0, "oneway": "True", "highway": "primary", "name": "Театральная улица", "maxspeed": "RU:urban", "lanes": "2", "osmid": "980859143" }, "geometry": { "type": "LineString", "coordinates": [ [ 20.5024497, 54.7162457 ], [ 20.5025284, 54.7162124 ] ] } },
{ "type": "Feature", "properties": { "u": 79, "v": 489, "key": 0, "oneway": "False", "highway": "residential", "name": "улица Диккенса", "maxspeed": "RU:urban", "lanes": "2", "osmid": "42598659" }, "geometry": { "type": "LineString", "coordinates": [ [ 20.4999174, 54.7143389 ], [ 20.4991511, 54.7145309 ] ] } },
{ "type": "Feature", "properties": { "u": 79, "v": 372, "key": 0, "oneway": "False", "highway": "residential", "name": "улица Диккенса", "maxspeed": "RU:urban", "lanes": "2", "osmid": "42598659" }, "geometry": { "type": "LineString", "coordinates": [ [ 20.4999174, 54.7143389 ], [ 20.4999521, 54.7143304 ] ] } },
{ "type": "Feature", "properties": { "u": 79, "v": 394, "key": 0, "oneway": "False", "highway": "living_street", "name": "Космическая улица", "maxspeed": "RU:living_street", "lanes": "", "osmid": [ 206266640, 274851449 ] }, "geometry": { "type": "LineString", "coordinates": [ [ 20.4999174, 54.7143389 ], [ 20.5012547, 54.7151467 ] ] } },
{ "type": "Feature", "properties": { "u": 80, "v": 487, "key": 0, "oneway": "False", "highway": "residential", "name": "улица Диккенса", "maxspeed": "RU:urban", "lanes": "2", "osmid": "42598659" }, "geometry": { "type": "LineString", "coordinates": [ [ 20.4979941, 54.7148683 ], [ 20.4983812, 54.7147522 ] ] } },
{ "type": "Feature", "properties": { "u": 80, "v": 462, "key": 0, "oneway": "False", "highway": "tertiary", "name": "улица Генерала Галицкого", "maxspeed": "RU:urban", "lanes": "2", "osmid": "386541583" }, "geometry": { "type": "LineString", "coordinates": [ [ 20.4979941, 54.7148683 ], [ 20.4972867, 54.7142305 ] ] } },
{ "type": "Feature", "properties": { "u": 80, "v": 553, "key": 0, "oneway": "True", "highway": "tertiary", "name": "улица Генерала Галицкого", "maxspeed": "RU:urban", "lanes": "2", "osmid": [ 1372756608, 386664478 ] }, "geometry": { "type": "LineString", "coordinates": [ [ 20.4979941, 54.7148683 ], [ 20.5003098, 54.7170764 ] ] } },
{ "type": "Feature", "properties": { "u": 81, "v": 78, "key": 0, "oneway": "True", "highway": "primary", "name": "Театральная улица", "maxspeed": "RU:urban", "lanes": "2", "osmid": [ 980859139, 980859140 ] }, "geometry": { "type": "LineString", "coordinates": [ [ 20.5012903, 54.716699 ], [ 20.5024497, 54.7162457 ] ] } },
{ "type": "Feature", "properties": { "u": 81, "v": 622, "key": 0, "oneway": "False", "highway": "residential", "name": "Звёздная улица", "maxspeed": "RU:urban", "lanes": "2", "osmid": "1372756612" }, "geometry": { "type": "LineString", "coordinates": [ [ 20.5012903, 54.716699 ], [ 20.5012166, 54.7166299 ] ] } },
{ "type": "Feature", "properties": { "u": 82, "v": 86, "key": 0, "oneway": "True", "highway": "residential", "name": "Больничная улица", "maxspeed": "RU:urban", "lanes": "1", "osmid": "42600407" }, "geometry": { "type": "LineString", "coordinates": [ [ 20.5035475, 54.714037 ], [ 20.5033986, 54.7146515 ] ] } },
{ "type": "Feature", "properties": { "u": 83, "v": 317, "key": 0, "oneway": "True", "highway": "residential", "name": "Больничная улица", "maxspeed": "RU:urban", "lanes": "2", "osmid": "238150711" }, "geometry": { "type": "LineString", "coordinates": [ [ 20.5036074, 54.7120935 ], [ 20.5036529, 54.7125107 ] ] } },
{ "type": "Feature", "properties": { "u": 83, "v": 84, "key": 0, "oneway": "False", "highway": "residential", "name": "Больничная улица", "maxspeed": "RU:urban", "lanes": "2", "osmid": "238150710" }, "geometry": { "type": "LineString", "coordinates": [ [ 20.5036074, 54.7120935 ], [ 20.5034271, 54.7107845 ] ] } },
{ "type": "Feature", "properties": { "u": 83, "v": 122, "key": 0, "oneway": "False", "highway": "tertiary", "name": "улица Вагнера", "maxspeed": "RU:urban", "lanes": "2", "osmid": "314108347" }, "geometry": { "type": "LineString", "coordinates": [ [ 20.5036074, 54.7120935 ], [ 20.5056018, 54.7119426 ] ] } },
{ "type": "Feature", "properties": { "u": 83, "v": 381, "key": 0, "oneway": "False", "highway": "tertiary", "name": "улица Вагнера", "maxspeed": "RU:urban", "lanes": "2", "osmid": "314108348" }, "geometry": { "type": "LineString", "coordinates": [ [ 20.5036074, 54.7120935 ], [ 20.5028867, 54.7121538 ] ] } },
{ "type": "Feature", "properties": { "u": 84, "v": 415, "key": 0, "oneway": "False", "highway": "residential", "name": "улица Коперника", "maxspeed": "RU:urban", "lanes": "1", "osmid": "177144645" }, "geometry": { "type": "LineString", "coordinates": [ [ 20.5034271, 54.7107845 ], [ 20.5042505, 54.7106802 ] ] } },
{ "type": "Feature", "properties": { "u": 84, "v": 83, "key": 0, "oneway": "False", "highway": "residential", "name": "Больничная улица", "maxspeed": "RU:urban", "lanes": "2", "osmid": "238150710" }, "geometry": { "type": "LineString", "coordinates": [ [ 20.5034271, 54.7107845 ], [ 20.5036074, 54.7120935 ] ] } },
{ "type": "Feature", "properties": { "u": 84, "v": 617, "key": 0, "oneway": "False", "highway": "residential", "name": "улица Коперника", "maxspeed": "RU:urban", "lanes": "1", "osmid": "1372756618" }, "geometry": { "type": "LineString", "coordinates": [ [ 20.5034271, 54.7107845 ], [ 20.5020855, 54.7108783 ] ] } },
{ "type": "Feature", "properties": { "u": 85, "v": 414, "key": 0, "oneway": "True", "highway": "residential", "name": "улица Коперника", "maxspeed": "", "lanes": "1", "osmid": "693840856" }, "geometry": { "type": "LineString", "coordinates": [ [ 20.5064545, 54.7104678 ], [ 20.5066711, 54.7104629 ] ] } },
{ "type": "Feature", "properties": { "u": 86, "v": 75, "key": 0, "oneway": "True", "highway": "residential", "name": "Барнаульская улица", "maxspeed": "RU:urban", "lanes": "2", "osmid": "256125448" }, "geometry": { "type": "LineString", "coordinates": [ [ 20.5033986, 54.7146515 ], [ 20.5028494, 54.7141762 ] ] } },
{ "type": "Feature", "properties": { "u": 86, "v": 519, "key": 0, "oneway": "False", "highway": "residential", "name": "Барнаульская улица", "maxspeed": "RU:urban", "lanes": "2", "osmid": [ 256125449, 1372756626, 1372756627, 1372756628, 314108346 ] }, "geometry": { "type": "LineString", "coordinates": [ [ 20.5033986, 54.7146515 ], [ 20.5041166, 54.7150673 ] ] } },
{ "type": "Feature", "properties": { "u": 87, "v": 13, "key": 0, "oneway": "True", "highway": "primary", "name": "проспект Мира", "maxspeed": "RU:urban", "lanes": "2", "osmid": [ 980844498, 980844500 ] }, "geometry": { "type": "LineString", "coordinates": [ [ 20.4947917, 54.7200424 ], [ 20.4943454, 54.7200063 ] ] } },
{ "type": "Feature", "properties": { "u": 87, "v": 545, "key": 0, "oneway": "True", "highway": "primary", "name": "улица Ушинского", "maxspeed": "", "lanes": "2", "osmid": "1290031670" }, "geometry": { "type": "LineString", "coordinates": [ [ 20.4947917, 54.7200424 ], [ 20.4948042, 54.7199443 ] ] } },
{ "type": "Feature", "properties": { "u": 88, "v": 35, "key": 0, "oneway": "True", "highway": "primary", "name": "проспект Мира", "maxspeed": "RU:urban", "lanes": "2", "osmid": "294349902" }, "geometry": { "type": "LineString", "coordinates": [ [ 20.4979595, 54.7201911 ], [ 20.4978524, 54.7201854 ] ] } },
{ "type": "Feature", "properties": { "u": 88, "v": 544, "key": 0, "oneway": "False", "highway": "primary", "name": "проспект Мира", "maxspeed": "RU:urban", "lanes": "2", "osmid": "42740839" }, "geometry": { "type": "LineString", "coordinates": [ [ 20.4979595, 54.7201911 ], [ 20.4979719, 54.7200756 ] ] } },
{ "type": "Feature", "properties": { "u": 89, "v": 90, "key": 0, "oneway": "True", "highway": "tertiary", "name": "проспект Мира", "maxspeed": "RU:urban", "lanes": "2", "osmid": "133251309" }, "geometry": { "type": "LineString", "coordinates": [ [ 20.498016, 54.7197312 ], [ 20.4971201, 54.7190412 ] ] } },
{ "type": "Feature", "properties": { "u": 89, "v": 544, "key": 0, "oneway": "False", "highway": "tertiary", "name": "проспект Мира", "maxspeed": "RU:urban", "lanes": "2", "osmid": [ 299550313, 1232534069 ] }, "geometry": { "type": "LineString", "coordinates": [ [ 20.498016, 54.7197312 ], [ 20.4979719, 54.7200756 ] ] } },
{ "type": "Feature", "properties": { "u": 90, "v": 621, "key": 0, "oneway": "False", "highway": "residential", "name": "", "maxspeed": "", "lanes": "1", "osmid": "42740843" }, "geometry": { "type": "LineString", "coordinates": [ [ 20.4971201, 54.7190412 ], [ 20.4949449, 54.7190106 ] ] } },
{ "type": "Feature", "properties": { "u": 90, "v": 91, "key": 0, "oneway": "True", "highway": "tertiary", "name": "проспект Мира", "maxspeed": "RU:urban", "lanes": "2", "osmid": [ 299550315, 299550310 ] }, "geometry": { "type": "LineString", "coordinates": [ [ 20.4971201, 54.7190412 ], [ 20.4961715, 54.7183702 ] ] } },
{ "type": "Feature", "properties": { "u": 91, "v": 93, "key": 0, "oneway": "True", "highway": "primary", "name": "Театральная улица", "maxspeed": "RU:urban", "lanes": "2", "osmid": [ 232419185, 980859188, 1374294967 ] }, "geometry": { "type": "LineString", "coordinates": [ [ 20.4961715, 54.7183702 ], [ 20.4948552, 54.7186725 ] ] } },
{ "type": "Feature", "properties": { "u": 92, "v": 393, "key": 0, "oneway": "False", "highway": "unclassified", "name": "улица Ушинского", "maxspeed": "", "lanes": "2", "osmid": "42740841" }, "geometry": { "type": "LineString", "coordinates": [ [ 20.4947897, 54.718886 ], [ 20.4948103, 54.7198654 ] ] } },
{ "type": "Feature", "properties": { "u": 93, "v": 555, "key": 0, "oneway": "False", "highway": "residential", "name": "улица Марата", "maxspeed": "RU:urban", "lanes": "2", "osmid": "980859159" }, "geometry": { "type": "LineString", "coordinates": [ [ 20.4948552, 54.7186725 ], [ 20.494818, 54.7186125 ] ] } },
{ "type": "Feature", "properties": { "u": 93, "v": 50, "key": 0, "oneway": "True", "highway": "primary", "name": "Театральная улица", "maxspeed": "RU:urban", "lanes": "2", "osmid": [ 980859185, 735094031 ] }, "geometry": { "type": "LineString", "coordinates": [ [ 20.4948552, 54.7186725 ], [ 20.4934884, 54.7189758 ] ] } },
{ "type": "Feature", "properties": { "u": 94, "v": 98, "key": 0, "oneway": "True", "highway": "primary", "name": "проспект Мира", "maxspeed": "RU:urban", "lanes": "2", "osmid": "77021571" }, "geometry": { "type": "LineString", "coordinates": [ [ 20.4875892, 54.7201671 ], [ 20.4866538, 54.7200298 ] ] } },
{ "type": "Feature", "properties": { "u": 94, "v": 550, "key": 0, "oneway": "True", "highway": "tertiary", "name": "Гостиная улица", "maxspeed": "RU:urban", "lanes": "2", "osmid": "1374294950" }, "geometry": { "type": "LineString", "coordinates": [ [ 20.4875892, 54.7201671 ], [ 20.487595, 54.7200809 ] ] } },
{ "type": "Feature", "properties": { "u": 95, "v": 97, "key": 0, "oneway": "False", "highway": "tertiary", "name": "улица Дмитрия Донского", "maxspeed": "RU:urban", "lanes": "2", "osmid": [ 1107464568, 1374294956 ] }, "geometry": { "type": "LineString", "coordinates": [ [ 20.4881638, 54.7158868 ], [ 20.4871111, 54.7157322 ] ] } },
{ "type": "Feature", "properties": { "u": 95, "v": 286, "key": 0, "oneway": "False", "highway": "tertiary", "name": "улица Дмитрия Донского", "maxspeed": "RU:urban", "lanes": "2", "osmid": "1107464569" }, "geometry": { "type": "LineString", "coordinates": [ [ 20.4881638, 54.7158868 ], [ 20.4891993, 54.7158234 ] ] } },
{ "type": "Feature", "properties": { "u": 96, "v": 547, "key": 0, "oneway": "True", "highway": "secondary", "name": "Свободная улица", "maxspeed": "40", "lanes": "3", "osmid": [ 980844328, 1374294941, 42758174 ] }, "geometry": { "type": "LineString", "coordinates": [ [ 20.48696, 54.7179704 ], [ 20.4866831, 54.7199667 ] ] } },
{ "type": "Feature", "properties": { "u": 97, "v": 96, "key": 0, "oneway": "True", "highway": "secondary", "name": "Свободная улица", "maxspeed": "40", "lanes": "2", "osmid": "42758174" }, "geometry": { "type": "LineString", "coordinates": [ [ 20.4871111, 54.7157322 ], [ 20.48696, 54.7179704 ] ] } },
{ "type": "Feature", "properties": { "u": 97, "v": 95, "key": 0, "oneway": "False", "highway": "tertiary", "name": "улица Дмитрия Донского", "maxspeed": "RU:urban", "lanes": "2", "osmid": [ 1107464568, 1374294956 ] }, "geometry": { "type": "LineString", "coordinates": [ [ 20.4871111, 54.7157322 ], [ 20.4881638, 54.7158868 ] ] } },
{ "type": "Feature", "properties": { "u": 99, "v": 283, "key": 0, "oneway": "False", "highway": "primary", "name": "Гвардейский проспект", "maxspeed": "RU:urban", "lanes": "3", "osmid": [ 210189712, 1012813127 ] }, "geometry": { "type": "LineString", "coordinates": [ [ 20.4898713, 54.706835 ], [ 20.4899832, 54.7080715 ] ] } },
{ "type": "Feature", "properties": { "u": 99, "v": 222, "key": 0, "oneway": "False", "highway": "primary", "name": "", "maxspeed": "RU:urban", "lanes": "3", "osmid": "1260616396" }, "geometry": { "type": "LineString", "coordinates": [ [ 20.4898713, 54.706835 ], [ 20.4893877, 54.7064857 ] ] } },
{ "type": "Feature", "properties": { "u": 100, "v": 170, "key": 0, "oneway": "False", "highway": "tertiary", "name": "улица Богдана Хмельницкого", "maxspeed": "RU:urban", "lanes": "2", "osmid": [ 121516045, 713320358, 713320359 ] }, "geometry": { "type": "LineString", "coordinates": [ [ 20.5165384, 54.6972822 ], [ 20.515177, 54.6972645 ] ] } },
{ "type": "Feature", "properties": { "u": 100, "v": 290, "key": 0, "oneway": "True", "highway": "secondary", "name": "Октябрьская улица", "maxspeed": "RU:urban", "lanes": "2", "osmid": "142675430" }, "geometry": { "type": "LineString", "coordinates": [ [ 20.5165384, 54.6972822 ], [ 20.5166015, 54.6966762 ] ] } },
{ "type": "Feature", "properties": { "u": 101, "v": 19, "key": 0, "oneway": "True", "highway": "primary", "name": "Ленинский проспект", "maxspeed": "RU:urban", "lanes": "3", "osmid": [ 1372496938, 641649492, 980011158 ] }, "geometry": { "type": "LineString", "coordinates": [ [ 20.5030627, 54.6969515 ], [ 20.5031459, 54.698871 ] ] } },
{ "type": "Feature", "properties": { "u": 101, "v": 179, "key": 0, "oneway": "False", "highway": "tertiary", "name": "улица Богдана Хмельницкого", "maxspeed": "RU:urban", "lanes": "2", "osmid": "989399988" }, "geometry": { "type": "LineString", "coordinates": [ [ 20.5030627, 54.6969515 ], [ 20.5039562, 54.6970185 ] ] } },
{ "type": "Feature", "properties": { "u": 102, "v": 356, "key": 0, "oneway": "True", "highway": "residential", "name": "", "maxspeed": "", "lanes": "1", "osmid": [ 314321308, 42990924, 1372496941, 1372496942 ] }, "geometry": { "type": "LineString", "coordinates": [ [ 20.5032186, 54.6958303 ], [ 20.502106, 54.6958089 ] ] } },
{ "type": "Feature", "properties": { "u": 102, "v": 153, "key": 0, "oneway": "True", "highway": "residential", "name": "Ольштынская улица", "maxspeed": "40", "lanes": "1", "osmid": [ 314321298, 45508628 ] }, "geometry": { "type": "LineString", "coordinates": [ [ 20.5032186, 54.6958303 ], [ 20.5064974, 54.6958898 ] ] } },
{ "type": "Feature", "properties": { "u": 102, "v": 101, "key": 0, "oneway": "True", "highway": "primary", "name": "Ленинский проспект", "maxspeed": "RU:urban", "lanes": "2", "osmid": [ 772939733, 1372496948, 1372496949 ] }, "geometry": { "type": "LineString", "coordinates": [ [ 20.5032186, 54.6958303 ], [ 20.5030627, 54.6969515 ] ] } },
{ "type": "Feature", "properties": { "u": 103, "v": 126, "key": 0, "oneway": "True", "highway": "primary", "name": "Октябрьская улица", "maxspeed": "RU:urban", "lanes": "4", "osmid": [ 1370089161, 107419291 ] }, "geometry": { "type": "LineString", "coordinates": [ [ 20.5166158, 54.6965384 ], [ 20.5167398, 54.6953469 ] ] } },
{ "type": "Feature", "properties": { "u": 104, "v": 213, "key": 0, "oneway": "True", "highway": "primary", "name": "Железнодорожная улица", "maxspeed": "", "lanes": "1", "osmid": "53576613" }, "geometry": { "type": "LineString", "coordinates": [ [ 20.4897386, 54.7050201 ], [ 20.4899408, 54.7048365 ] ] } },
{ "type": "Feature", "properties": { "u": 104, "v": 212, "key": 0, "oneway": "True", "highway": "secondary", "name": "Железнодорожная улица", "maxspeed": "", "lanes": "1", "osmid": "294670053" }, "geometry": { "type": "LineString", "coordinates": [ [ 20.4897386, 54.7050201 ], [ 20.4895985, 54.7047315 ] ] } },
{ "type": "Feature", "properties": { "u": 105, "v": 106, "key": 0, "oneway": "False", "highway": "unclassified", "name": "Южная улица", "maxspeed": "", "lanes": "2", "osmid": "664710849" }, "geometry": { "type": "LineString", "coordinates": [ [ 20.4925711, 54.6963421 ], [ 20.4925415, 54.6963885 ] ] } },
{ "type": "Feature", "properties": { "u": 106, "v": 251, "key": 0, "oneway": "False", "highway": "residential", "name": "Южная улица", "maxspeed": "RU:urban", "lanes": "2", "osmid": "130867095" }, "geometry": { "type": "LineString", "coordinates": [ [ 20.4925415, 54.6963885 ], [ 20.4917183, 54.6969857 ] ] } },
{ "type": "Feature", "properties": { "u": 106, "v": 507, "key": 0, "oneway": "False", "highway": "primary", "name": "улица Александра Суворова", "maxspeed": "", "lanes": "3", "osmid": [ 981660657, 172879669, 687435374 ] }, "geometry": { "type": "LineString", "coordinates": [ [ 20.4925415, 54.6963885 ], [ 20.4938514, 54.6969347 ] ] } },
{ "type": "Feature", "properties": { "u": 106, "v": 105, "key": 0, "oneway": "False", "highway": "unclassified", "name": "Южная улица", "maxspeed": "", "lanes": "2", "osmid": "664710849" }, "geometry": { "type": "LineString", "coordinates": [ [ 20.4925415, 54.6963885 ], [ 20.4925711, 54.6963421 ] ] } },
{ "type": "Feature", "properties": { "u": 106, "v": 250, "key": 0, "oneway": "False", "highway": "primary", "name": "улица Александра Суворова", "maxspeed": "RU:urban", "lanes": "4", "osmid": [ 130867096, 43073288, 981660658, 43073286 ] }, "geometry": { "type": "LineString", "coordinates": [ [ 20.4925415, 54.6963885 ], [ 20.4881305, 54.6955438 ] ] } },
{ "type": "Feature", "properties": { "u": 107, "v": 623, "key": 0, "oneway": "False", "highway": "secondary", "name": "Пролетарская улица", "maxspeed": "RU:urban", "lanes": "2", "osmid": "43317275" }, "geometry": { "type": "LineString", "coordinates": [ [ 20.5147713, 54.7219558 ], [ 20.5147867, 54.7219908 ] ] } },
{ "type": "Feature", "properties": { "u": 107, "v": 402, "key": 0, "oneway": "True", "highway": "secondary", "name": "Озёрный проезд", "maxspeed": "RU:urban", "lanes": "2", "osmid": "295023373" }, "geometry": { "type": "LineString", "coordinates": [ [ 20.5147713, 54.7219558 ], [ 20.514894, 54.7219301 ] ] } },
{ "type": "Feature", "properties": { "u": 107, "v": 615, "key": 0, "oneway": "False", "highway": "secondary", "name": "Пролетарская улица", "maxspeed": "RU:urban", "lanes": "2", "osmid": [ 1369736253, 1364318061 ] }, "geometry": { "type": "LineString", "coordinates": [ [ 20.5147713, 54.7219558 ], [ 20.5146613, 54.7217178 ] ] } },
{ "type": "Feature", "properties": { "u": 108, "v": 401, "key": 0, "oneway": "True", "highway": "secondary", "name": "Озёрный проезд", "maxspeed": "RU:urban", "lanes": "2", "osmid": [ 43120085, 295023375 ] }, "geometry": { "type": "LineString", "coordinates": [ [ 20.5172289, 54.7208069 ], [ 20.5152269, 54.7218312 ] ] } },
{ "type": "Feature", "properties": { "u": 108, "v": 12, "key": 0, "oneway": "True", "highway": "primary", "name": "улица Черняховского", "maxspeed": "RU:urban", "lanes": "2", "osmid": [ 669215961, 295045379, 980120565 ] }, "geometry": { "type": "LineString", "coordinates": [ [ 20.5172289, 54.7208069 ], [ 20.5141839, 54.7205165 ] ] } },
{ "type": "Feature", "properties": { "u": 109, "v": 110, "key": 0, "oneway": "False", "highway": "primary", "name": "улица Литовский Вал", "maxspeed": "RU:urban", "lanes": "5", "osmid": "106764632" }, "geometry": { "type": "LineString", "coordinates": [ [ 20.5359282, 54.7133342 ], [ 20.535816, 54.7134513 ] ] } },
{ "type": "Feature", "properties": { "u": 109, "v": 218, "key": 0, "oneway": "False", "highway": "primary", "name": "улица Литовский Вал", "maxspeed": "RU:urban", "lanes": "3", "osmid": [ 669215989, 297911972, 669215988, 489543277 ] }, "geometry": { "type": "LineString", "coordinates": [ [ 20.5359282, 54.7133342 ], [ 20.5371341, 54.7118277 ] ] } },
{ "type": "Feature", "properties": { "u": 110, "v": 9, "key": 0, "oneway": "True", "highway": "secondary", "name": "улица Фрунзе", "maxspeed": "RU:urban", "lanes": "2", "osmid": [ 435475477, 43125589 ] }, "geometry": { "type": "LineString", "coordinates": [ [ 20.535816, 54.7134513 ], [ 20.5344732, 54.7135513 ] ] } },
{ "type": "Feature", "properties": { "u": 110, "v": 109, "key": 0, "oneway": "False", "highway": "primary", "name": "улица Литовский Вал", "maxspeed": "RU:urban", "lanes": "5", "osmid": "106764632" }, "geometry": { "type": "LineString", "coordinates": [ [ 20.535816, 54.7134513 ], [ 20.5359282, 54.7133342 ] ] } },
{ "type": "Feature", "properties": { "u": 110, "v": 233, "key": 0, "oneway": "False", "highway": "primary", "name": "улица Литовский Вал", "maxspeed": "RU:urban", "lanes": "3", "osmid": [ 297911971, 733841817, 669215987, 733841815, 733841816, 106764633, 733841818, 733841819 ] }, "geometry": { "type": "LineString", "coordinates": [ [ 20.535816, 54.7134513 ], [ 20.5300491, 54.7188355 ] ] } },
{ "type": "Feature", "properties": { "u": 111, "v": 115, "key": 0, "oneway": "True", "highway": "secondary", "name": "улица Шевченко", "maxspeed": "RU:urban", "lanes": "2", "osmid": "107421771" }, "geometry": { "type": "LineString", "coordinates": [ [ 20.5178919, 54.7120248 ], [ 20.517784, 54.7119476 ] ] } },
{ "type": "Feature", "properties": { "u": 112, "v": 119, "key": 0, "oneway": "True", "highway": "secondary", "name": "улица Шевченко", "maxspeed": "", "lanes": "1", "osmid": "43570096" }, "geometry": { "type": "LineString", "coordinates": [ [ 20.5182976, 54.7116628 ], [ 20.5184418, 54.7119663 ] ] } },
{ "type": "Feature", "properties": { "u": 112, "v": 118, "key": 0, "oneway": "True", "highway": "secondary", "name": "улица Фрунзе", "maxspeed": "", "lanes": "1", "osmid": [ 669755256, 43571122 ] }, "geometry": { "type": "LineString", "coordinates": [ [ 20.5182976, 54.7116628 ], [ 20.5189821, 54.7118108 ] ] } },
{ "type": "Feature", "properties": { "u": 113, "v": 270, "key": 0, "oneway": "True", "highway": "secondary", "name": "улица Шевченко", "maxspeed": "RU:urban", "lanes": "3", "osmid": "43570908" }, "geometry": { "type": "LineString", "coordinates": [ [ 20.5097738, 54.7114066 ], [ 20.5108595, 54.7112358 ] ] } },
{ "type": "Feature", "properties": { "u": 114, "v": 112, "key": 0, "oneway": "True", "highway": "secondary", "name": "улица Шевченко", "maxspeed": "", "lanes": "3", "osmid": "106485853" }, "geometry": { "type": "LineString", "coordinates": [ [ 20.5181301, 54.7116375 ], [ 20.5182976, 54.7116628 ] ] } },
{ "type": "Feature", "properties": { "u": 115, "v": 267, "key": 0, "oneway": "True", "highway": "secondary", "name": "улица Шевченко", "maxspeed": "40", "lanes": "3", "osmid": [ 301573661, 43570902, 301573662 ] }, "geometry": { "type": "LineString", "coordinates": [ [ 20.517784, 54.7119476 ], [ 20.5136366, 54.7109573 ] ] } },
{ "type": "Feature", "properties": { "u": 115, "v": 114, "key": 0, "oneway": "True", "highway": "secondary", "name": "улица Шевченко", "maxspeed": "", "lanes": "2", "osmid": "106485869" }, "geometry": { "type": "LineString", "coordinates": [ [ 20.517784, 54.7119476 ], [ 20.5181301, 54.7116375 ] ] } },
{ "type": "Feature", "properties": { "u": 116, "v": 117, "key": 0, "oneway": "True", "highway": "secondary", "name": "улица Шевченко", "maxspeed": "RU:urban", "lanes": "2", "osmid": "107174507" }, "geometry": { "type": "LineString", "coordinates": [ [ 20.5125603, 54.7111295 ], [ 20.511984, 54.7112254 ] ] } },
{ "type": "Feature", "properties": { "u": 116, "v": 27, "key": 0, "oneway": "True", "highway": "secondary", "name": "Пролетарская улица", "maxspeed": "RU:urban", "lanes": "2", "osmid": "43570911" }, "geometry": { "type": "LineString", "coordinates": [ [ 20.5125603, 54.7111295 ], [ 20.512336, 54.7113672 ] ] } },
{ "type": "Feature", "properties": { "u": 117, "v": 268, "key": 0, "oneway": "True", "highway": "secondary", "name": "улица Шевченко", "maxspeed": "RU:urban", "lanes": "3", "osmid": [ 107174498, 1370697571 ] }, "geometry": { "type": "LineString", "coordinates": [ [ 20.511984, 54.7112254 ], [ 20.5109344, 54.7113935 ] ] } },
{ "type": "Feature", "properties": { "u": 118, "v": 220, "key": 0, "oneway": "False", "highway": "secondary", "name": "улица Фрунзе", "maxspeed": "RU:urban", "lanes": "2", "osmid": "43571117" }, "geometry": { "type": "LineString", "coordinates": [ [ 20.5189821, 54.7118108 ], [ 20.5204948, 54.7119821 ] ] } },
{ "type": "Feature", "properties": { "u": 118, "v": 119, "key": 0, "oneway": "True", "highway": "secondary", "name": "улица Фрунзе", "maxspeed": "RU:urban", "lanes": "1", "osmid": "43571120" }, "geometry": { "type": "LineString", "coordinates": [ [ 20.5189821, 54.7118108 ], [ 20.5184418, 54.7119663 ] ] } },
{ "type": "Feature", "properties": { "u": 119, "v": 249, "key": 0, "oneway": "True", "highway": "secondary", "name": "улица Шевченко", "maxspeed": "RU:urban", "lanes": "2", "osmid": "106485862" }, "geometry": { "type": "LineString", "coordinates": [ [ 20.5184418, 54.7119663 ], [ 20.5184074, 54.7119939 ] ] } },
{ "type": "Feature", "properties": { "u": 120, "v": 269, "key": 0, "oneway": "False", "highway": "residential", "name": "Клиническая улица", "maxspeed": "", "lanes": "2", "osmid": "106485873" }, "geometry": { "type": "LineString", "coordinates": [ [ 20.5196258, 54.7135466 ], [ 20.5190862, 54.713068 ] ] } },
{ "type": "Feature", "properties": { "u": 121, "v": 71, "key": 0, "oneway": "False", "highway": "residential", "name": "Загорская улица", "maxspeed": "", "lanes": "2", "osmid": "43950569" }, "geometry": { "type": "LineString", "coordinates": [ [ 20.4982115, 54.7117098 ], [ 20.49883, 54.7123664 ] ] } },
{ "type": "Feature", "properties": { "u": 122, "v": 337, "key": 0, "oneway": "False", "highway": "tertiary", "name": "улица Вагнера", "maxspeed": "RU:urban", "lanes": "2", "osmid": "746885544" }, "geometry": { "type": "LineString", "coordinates": [ [ 20.5056018, 54.7119426 ], [ 20.5063019, 54.7118896 ] ] } },
{ "type": "Feature", "properties": { "u": 122, "v": 348, "key": 0, "oneway": "False", "highway": "residential", "name": "улица Салтыкова-Щедрина", "maxspeed": "RU:urban", "lanes": "1", "osmid": "43951437" }, "geometry": { "type": "LineString", "coordinates": [ [ 20.5056018, 54.7119426 ], [ 20.5056531, 54.7108496 ] ] } },
{ "type": "Feature", "properties": { "u": 122, "v": 83, "key": 0, "oneway": "False", "highway": "tertiary", "name": "улица Вагнера", "maxspeed": "RU:urban", "lanes": "2", "osmid": "314108347" }, "geometry": { "type": "LineString", "coordinates": [ [ 20.5056018, 54.7119426 ], [ 20.5036074, 54.7120935 ] ] } },
{ "type": "Feature", "properties": { "u": 123, "v": 381, "key": 0, "oneway": "False", "highway": "tertiary", "name": "улица Вагнера", "maxspeed": "RU:urban", "lanes": "2", "osmid": "314108348" }, "geometry": { "type": "LineString", "coordinates": [ [ 20.5019264, 54.7122434 ], [ 20.5028867, 54.7121538 ] ] } },
{ "type": "Feature", "properties": { "u": 123, "v": 124, "key": 0, "oneway": "False", "highway": "residential", "name": "Сибирская улица", "maxspeed": "RU:urban", "lanes": "2", "osmid": [ 43951856, 144329647 ] }, "geometry": { "type": "LineString", "coordinates": [ [ 20.5019264, 54.7122434 ], [ 20.5037144, 54.7130028 ] ] } },
{ "type": "Feature", "properties": { "u": 123, "v": 72, "key": 0, "oneway": "False", "highway": "tertiary", "name": "улица Вагнера", "maxspeed": "RU:urban", "lanes": "2", "osmid": "314108348" }, "geometry": { "type": "LineString", "coordinates": [ [ 20.5019264, 54.7122434 ], [ 20.500938, 54.7123253 ] ] } },
{ "type": "Feature", "properties": { "u": 124, "v": 320, "key": 0, "oneway": "True", "highway": "residential", "name": "Больничная улица", "maxspeed": "RU:urban", "lanes": "2", "osmid": "238150711" }, "geometry": { "type": "LineString", "coordinates": [ [ 20.5037144, 54.7130028 ], [ 20.5037963, 54.7133927 ] ] } },
{ "type": "Feature", "properties": { "u": 124, "v": 123, "key": 0, "oneway": "False", "highway": "residential", "name": "Сибирская улица", "maxspeed": "RU:urban", "lanes": "2", "osmid": [ 43951856, 144329647 ] }, "geometry": { "type": "LineString", "coordinates": [ [ 20.5037144, 54.7130028 ], [ 20.5019264, 54.7122434 ] ] } },
{ "type": "Feature", "properties": { "u": 125, "v": 275, "key": 0, "oneway": "True", "highway": "primary", "name": "проспект Калинина", "maxspeed": "RU:urban", "lanes": "3", "osmid": [ 687297278, 107419290, 687297277, 288009629, 687297279 ] }, "geometry": { "type": "LineString", "coordinates": [ [ 20.516751, 54.6952389 ], [ 20.5208397, 54.6953997 ] ] } },
{ "type": "Feature", "properties": { "u": 126, "v": 125, "key": 0, "oneway": "True", "highway": "primary", "name": "Октябрьская улица", "maxspeed": "RU:urban", "lanes": "2", "osmid": "46732157" }, "geometry": { "type": "LineString", "coordinates": [ [ 20.5167398, 54.6953469 ], [ 20.516751, 54.6952389 ] ] } },
{ "type": "Feature", "properties": { "u": 126, "v": 203, "key": 0, "oneway": "True", "highway": "primary", "name": "проспект Калинина", "maxspeed": "RU:urban", "lanes": "2", "osmid": [ 981617625, 981617626, 1053446695 ] }, "geometry": { "type": "LineString", "coordinates": [ [ 20.5167398, 54.6953469 ], [ 20.5138088, 54.6952501 ] ] } },
{ "type": "Feature", "properties": { "u": 127, "v": 558, "key": 0, "oneway": "True", "highway": "primary", "name": "Ленинский проспект", "maxspeed": "RU:urban", "lanes": "3", "osmid": "984243072" }, "geometry": { "type": "LineString", "coordinates": [ [ 20.5030131, 54.6947828 ], [ 20.5030134, 54.6948886 ] ] } },
{ "type": "Feature", "properties": { "u": 127, "v": 195, "key": 0, "oneway": "True", "highway": "primary", "name": "проспект Калинина", "maxspeed": "RU:urban", "lanes": "2", "osmid": [ 981617643, 44732748, 981617645, 981617646, 981617644, 1252989754, 1252989755 ] }, "geometry": { "type": "LineString", "coordinates": [ [ 20.5030131, 54.6947828 ], [ 20.5065313, 54.6948864 ] ] } },
{ "type": "Feature", "properties": { "u": 128, "v": 171, "key": 0, "oneway": "False", "highway": "residential", "name": "Большая Песочная улица", "maxspeed": "RU:urban", "lanes": "1", "osmid": [ 996149797, 713320357 ] }, "geometry": { "type": "LineString", "coordinates": [ [ 20.5169755, 54.6981756 ], [ 20.5154697, 54.6985509 ] ] } },
{ "type": "Feature", "properties": { "u": 128, "v": 100, "key": 0, "oneway": "True", "highway": "secondary", "name": "Октябрьская улица", "maxspeed": "RU:urban", "lanes": "2", "osmid": [ 210176827, 982459597, 982459517 ] }, "geometry": { "type": "LineString", "coordinates": [ [ 20.5169755, 54.6981756 ], [ 20.5165384, 54.6972822 ] ] } },
{ "type": "Feature", "properties": { "u": 129, "v": 567, "key": 0, "oneway": "False", "highway": "residential", "name": "улица Новый Вал", "maxspeed": "RU:living_street", "lanes": "2", "osmid": "44387293" }, "geometry": { "type": "LineString", "coordinates": [ [ 20.509511, 54.6993721 ], [ 20.5095009, 54.6994258 ] ] } },
{ "type": "Feature", "properties": { "u": 129, "v": 174, "key": 0, "oneway": "True", "highway": "secondary", "name": "улица Багратиона", "maxspeed": "RU:urban", "lanes": "1", "osmid": [ 982439553, 713320349 ] }, "geometry": { "type": "LineString", "coordinates": [ [ 20.509511, 54.6993721 ], [ 20.5103957, 54.6994309 ] ] } },
{ "type": "Feature", "properties": { "u": 130, "v": 132, "key": 0, "oneway": "False", "highway": "residential", "name": "улица Новый Вал", "maxspeed": "RU:living_street", "lanes": "2", "osmid": "44794758" }, "geometry": { "type": "LineString", "coordinates": [ [ 20.5095622, 54.701715 ], [ 20.5096415, 54.7022746 ] ] } },
{ "type": "Feature", "properties": { "u": 130, "v": 41, "key": 0, "oneway": "False", "highway": "tertiary", "name": "Краснооктябрьская улица", "maxspeed": "RU:urban", "lanes": "2", "osmid": [ 146462894, 989399966 ] }, "geometry": { "type": "LineString", "coordinates": [ [ 20.5095622, 54.701715 ], [ 20.5080886, 54.7019481 ] ] } },
{ "type": "Feature", "properties": { "u": 130, "v": 188, "key": 0, "oneway": "False", "highway": "tertiary", "name": "Краснооктябрьская улица", "maxspeed": "RU:urban", "lanes": "2", "osmid": [ 989399968, 989399969, 989399967 ] }, "geometry": { "type": "LineString", "coordinates": [ [ 20.5095622, 54.701715 ], [ 20.5115441, 54.7013209 ] ] } },
{ "type": "Feature", "properties": { "u": 130, "v": 185, "key": 0, "oneway": "False", "highway": "residential", "name": "улица Новый Вал", "maxspeed": "RU:living_street", "lanes": "2", "osmid": "996149794" }, "geometry": { "type": "LineString", "coordinates": [ [ 20.5095622, 54.701715 ], [ 20.5094215, 54.7002242 ] ] } },
{ "type": "Feature", "properties": { "u": 131, "v": 385, "key": 0, "oneway": "False", "highway": "residential", "name": "улица Новый Вал", "maxspeed": "RU:living_street", "lanes": "2", "osmid": "220229384" }, "geometry": { "type": "LineString", "coordinates": [ [ 20.5100751, 54.7048008 ], [ 20.5100317, 54.7046225 ] ] } },
{ "type": "Feature", "properties": { "u": 131, "v": 384, "key": 0, "oneway": "False", "highway": "residential", "name": "Старопрегольская набережная", "maxspeed": "RU:living_street", "lanes": "2", "osmid": "583464743" }, "geometry": { "type": "LineString", "coordinates": [ [ 20.5100751, 54.7048008 ], [ 20.5121919, 54.7044582 ] ] } },
{ "type": "Feature", "properties": { "u": 131, "v": 498, "key": 0, "oneway": "False", "highway": "residential", "name": "Старопрегольская набережная", "maxspeed": "RU:living_street", "lanes": "2", "osmid": "583464743" }, "geometry": { "type": "LineString", "coordinates": [ [ 20.5100751, 54.7048008 ], [ 20.5082956, 54.7048205 ] ] } },
{ "type": "Feature", "properties": { "u": 132, "v": 134, "key": 0, "oneway": "False", "highway": "residential", "name": "Эпроновская улица", "maxspeed": "RU:urban", "lanes": "2", "osmid": [ 44794756, 44794758, 1372756635, 1372756636, 146462909 ] }, "geometry": { "type": "LineString", "coordinates": [ [ 20.5096415, 54.7022746 ], [ 20.5134788, 54.7023804 ] ] } },
{ "type": "Feature", "properties": { "u": 132, "v": 130, "key": 0, "oneway": "False", "highway": "residential", "name": "улица Новый Вал", "maxspeed": "RU:living_street", "lanes": "2", "osmid": "44794758" }, "geometry": { "type": "LineString", "coordinates": [ [ 20.5096415, 54.7022746 ], [ 20.5095622, 54.701715 ] ] } },
{ "type": "Feature", "properties": { "u": 132, "v": 189, "key": 0, "oneway": "False", "highway": "residential", "name": "Малый переулок", "maxspeed": "RU:living_street", "lanes": "2", "osmid": "1372496918" }, "geometry": { "type": "LineString", "coordinates": [ [ 20.5096415, 54.7022746 ], [ 20.5114616, 54.7023189 ] ] } },
{ "type": "Feature", "properties": { "u": 133, "v": 43, "key": 0, "oneway": "False", "highway": "tertiary", "name": "", "maxspeed": "RU:urban", "lanes": "2", "osmid": [ 44795256, 1372756637, 1372756638, 1372756639 ] }, "geometry": { "type": "LineString", "coordinates": [ [ 20.5078995, 54.7038844 ], [ 20.5081827, 54.7047153 ] ] } },
{ "type": "Feature", "properties": { "u": 133, "v": 47, "key": 0, "oneway": "False", "highway": "tertiary", "name": "Парусная улица", "maxspeed": "RU:urban", "lanes": "2", "osmid": [ 42322347, 1372756644 ] }, "geometry": { "type": "LineString", "coordinates": [ [ 20.5078995, 54.7038844 ], [ 20.5062356, 54.7040997 ] ] } },
{ "type": "Feature", "properties": { "u": 133, "v": 41, "key": 0, "oneway": "False", "highway": "residential", "name": "Парусная улица", "maxspeed": "RU:living_street", "lanes": "2", "osmid": [ 308211226, 1372756645, 315981237 ] }, "geometry": { "type": "LineString", "coordinates": [ [ 20.5078995, 54.7038844 ], [ 20.5080886, 54.7019481 ] ] } },
{ "type": "Feature", "properties": { "u": 134, "v": 132, "key": 0, "oneway": "False", "highway": "residential", "name": "Эпроновская улица", "maxspeed": "RU:urban", "lanes": "2", "osmid": [ 44794756, 44794758, 1372756635, 1372756636, 146462909 ] }, "geometry": { "type": "LineString", "coordinates": [ [ 20.5134788, 54.7023804 ], [ 20.5096415, 54.7022746 ] ] } },
{ "type": "Feature", "properties": { "u": 134, "v": 40, "key": 0, "oneway": "False", "highway": "residential", "name": "Эпроновская улица", "maxspeed": "RU:urban", "lanes": "2", "osmid": [ 1372756634, 44794756 ] }, "geometry": { "type": "LineString", "coordinates": [ [ 20.5134788, 54.7023804 ], [ 20.5131627, 54.7009742 ] ] } },
{ "type": "Feature", "properties": { "u": 134, "v": 189, "key": 0, "oneway": "False", "highway": "residential", "name": "Малый переулок", "maxspeed": "RU:living_street", "lanes": "2", "osmid": "44795254" }, "geometry": { "type": "LineString", "coordinates": [ [ 20.5134788, 54.7023804 ], [ 20.5114616, 54.7023189 ] ] } },
{ "type": "Feature", "properties": { "u": 135, "v": 136, "key": 0, "oneway": "True", "highway": "primary", "name": "Московский проспект", "maxspeed": "RU:urban", "lanes": "4", "osmid": [ 1370382577, 1370697579, 1370382573, 106748631 ] }, "geometry": { "type": "LineString", "coordinates": [ [ 20.5157312, 54.7085277 ], [ 20.5203426, 54.708828 ] ] } },
{ "type": "Feature", "properties": { "u": 136, "v": 137, "key": 0, "oneway": "False", "highway": "primary_link", "name": "", "maxspeed": "", "lanes": "1", "osmid": "44921271" }, "geometry": { "type": "LineString", "coordinates": [ [ 20.5203426, 54.708828 ], [ 20.5202993, 54.7090255 ] ] } },
{ "type": "Feature", "properties": { "u": 136, "v": 310, "key": 0, "oneway": "True", "highway": "primary", "name": "Московский проспект", "maxspeed": "RU:urban", "lanes": "4", "osmid": [ 135731531, 107299013 ] }, "geometry": { "type": "LineString", "coordinates": [ [ 20.5203426, 54.708828 ], [ 20.5216815, 54.7089191 ] ] } },
{ "type": "Feature", "properties": { "u": 137, "v": 136, "key": 0, "oneway": "False", "highway": "primary_link", "name": "", "maxspeed": "", "lanes": "1", "osmid": "44921271" }, "geometry": { "type": "LineString", "coordinates": [ [ 20.5202993, 54.7090255 ], [ 20.5203426, 54.708828 ] ] } },
{ "type": "Feature", "properties": { "u": 137, "v": 253, "key": 0, "oneway": "True", "highway": "primary", "name": "Московский проспект", "maxspeed": "RU:urban", "lanes": "4", "osmid": [ 323342458, 323342460, 107299014, 323342462 ] }, "geometry": { "type": "LineString", "coordinates": [ [ 20.5202993, 54.7090255 ], [ 20.5140062, 54.7087065 ] ] } },
{ "type": "Feature", "properties": { "u": 138, "v": 21, "key": 0, "oneway": "False", "highway": "tertiary", "name": "площадь Калинина", "maxspeed": "RU:urban", "lanes": "2", "osmid": "45508625" }, "geometry": { "type": "LineString", "coordinates": [ [ 20.4979734, 54.6955161 ], [ 20.4987084, 54.6962335 ] ] } },
{ "type": "Feature", "properties": { "u": 138, "v": 480, "key": 0, "oneway": "False", "highway": "tertiary", "name": "Железнодорожная улица", "maxspeed": "RU:urban", "lanes": "2", "osmid": [ 107449568, 736296241, 736296240 ] }, "geometry": { "type": "LineString", "coordinates": [ [ 20.4979734, 54.6955161 ], [ 20.49614, 54.6959653 ] ] } },
{ "type": "Feature", "properties": { "u": 138, "v": 139, "key": 0, "oneway": "False", "highway": "tertiary", "name": "Железнодорожная улица", "maxspeed": "RU:urban", "lanes": "2", "osmid": [ 107449570, 188566100, 668677461, 668677462 ] }, "geometry": { "type": "LineString", "coordinates": [ [ 20.4979734, 54.6955161 ], [ 20.499268, 54.695077 ] ] } },
{ "type": "Feature", "properties": { "u": 139, "v": 46, "key": 0, "oneway": "True", "highway": "secondary", "name": "Железнодорожная улица", "maxspeed": "RU:urban", "lanes": "3", "osmid": [ 1110288579, 45508622, 155163959 ] }, "geometry": { "type": "LineString", "coordinates": [ [ 20.499268, 54.695077 ], [ 20.5007979, 54.6945926 ] ] } },
{ "type": "Feature", "properties": { "u": 139, "v": 138, "key": 0, "oneway": "False", "highway": "tertiary", "name": "Железнодорожная улица", "maxspeed": "RU:urban", "lanes": "2", "osmid": [ 107449570, 188566100, 668677461, 668677462 ] }, "geometry": { "type": "LineString", "coordinates": [ [ 20.499268, 54.695077 ], [ 20.4979734, 54.6955161 ] ] } },
{ "type": "Feature", "properties": { "u": 140, "v": 261, "key": 0, "oneway": "True", "highway": "primary", "name": "Московский проспект", "maxspeed": "RU:urban", "lanes": "4", "osmid": [ 301398594, 231200844, 1370089165 ] }, "geometry": { "type": "LineString", "coordinates": [ [ 20.5264372, 54.7094511 ], [ 20.5240694, 54.7092715 ] ] } },
{ "type": "Feature", "properties": { "u": 141, "v": 140, "key": 0, "oneway": "True", "highway": "primary_link", "name": "", "maxspeed": "RU:urban", "lanes": "", "osmid": "46461003" }, "geometry": { "type": "LineString", "coordinates": [ [ 20.5264636, 54.7093273 ], [ 20.5264372, 54.7094511 ] ] } },
{ "type": "Feature", "properties": { "u": 141, "v": 142, "key": 0, "oneway": "True", "highway": "primary", "name": "Московский проспект", "maxspeed": "40", "lanes": "3", "osmid": [ 391908808, 301398593 ] }, "geometry": { "type": "LineString", "coordinates": [ [ 20.5264636, 54.7093273 ], [ 20.5310645, 54.7097352 ] ] } },
{ "type": "Feature", "properties": { "u": 142, "v": 61, "key": 0, "oneway": "True", "highway": "primary", "name": "Московский проспект", "maxspeed": "RU:urban", "lanes": "3", "osmid": "391908808" }, "geometry": { "type": "LineString", "coordinates": [ [ 20.5310645, 54.7097352 ], [ 20.5317105, 54.7097665 ] ] } },
{ "type": "Feature", "properties": { "u": 142, "v": 143, "key": 0, "oneway": "False", "highway": "residential", "name": "улица Грига", "maxspeed": "", "lanes": "2", "osmid": [ 46461009, 1366051275, 455393668 ] }, "geometry": { "type": "LineString", "coordinates": [ [ 20.5310645, 54.7097352 ], [ 20.5309552, 54.7073588 ] ] } },
{ "type": "Feature", "properties": { "u": 143, "v": 142, "key": 0, "oneway": "False", "highway": "residential", "name": "улица Грига", "maxspeed": "", "lanes": "2", "osmid": [ 46461009, 1366051275, 455393668 ] }, "geometry": { "type": "LineString", "coordinates": [ [ 20.5309552, 54.7073588 ], [ 20.5310645, 54.7097352 ] ] } },
{ "type": "Feature", "properties": { "u": 144, "v": 176, "key": 0, "oneway": "False", "highway": "tertiary", "name": "улица Богдана Хмельницкого", "maxspeed": "RU:urban", "lanes": "2", "osmid": [ 989399982, 713320367 ] }, "geometry": { "type": "LineString", "coordinates": [ [ 20.5060686, 54.6970991 ], [ 20.5069001, 54.6971005 ] ] } },
{ "type": "Feature", "properties": { "u": 144, "v": 200, "key": 0, "oneway": "False", "highway": "tertiary", "name": "улица Богдана Хмельницкого", "maxspeed": "RU:urban", "lanes": "2", "osmid": "989399988" }, "geometry": { "type": "LineString", "coordinates": [ [ 20.5060686, 54.6970991 ], [ 20.5046664, 54.6970648 ] ] } },
{ "type": "Feature", "properties": { "u": 145, "v": 302, "key": 0, "oneway": "True", "highway": "residential", "name": "Омская улица", "maxspeed": "RU:living_street", "lanes": "1", "osmid": "46726525" }, "geometry": { "type": "LineString", "coordinates": [ [ 20.5059203, 54.6991827 ], [ 20.5060098, 54.6980586 ] ] } },
{ "type": "Feature", "properties": { "u": 145, "v": 177, "key": 0, "oneway": "True", "highway": "secondary", "name": "улица Багратиона", "maxspeed": "RU:urban", "lanes": "1", "osmid": [ 982439561, 982439562 ] }, "geometry": { "type": "LineString", "coordinates": [ [ 20.5059203, 54.6991827 ], [ 20.5069227, 54.6992241 ] ] } },
{ "type": "Feature", "properties": { "u": 146, "v": 565, "key": 0, "oneway": "False", "highway": "living_street", "name": "улица Подполковника Половца", "maxspeed": "RU:living_street", "lanes": "2", "osmid": "46726542" }, "geometry": { "type": "LineString", "coordinates": [ [ 20.5087708, 54.6993248 ], [ 20.5087703, 54.6993866 ] ] } },
{ "type": "Feature", "properties": { "u": 146, "v": 129, "key": 0, "oneway": "True", "highway": "secondary", "name": "улица Багратиона", "maxspeed": "RU:urban", "lanes": "1", "osmid": [ 982439554, 982439555 ] }, "geometry": { "type": "LineString", "coordinates": [ [ 20.5087708, 54.6993248 ], [ 20.509511, 54.6993721 ] ] } },
{ "type": "Feature", "properties": { "u": 146, "v": 147, "key": 0, "oneway": "False", "highway": "living_street", "name": "улица Подполковника Половца", "maxspeed": "RU:living_street", "lanes": "2", "osmid": [ 996149792, 996149793 ] }, "geometry": { "type": "LineString", "coordinates": [ [ 20.5087708, 54.6993248 ], [ 20.5087539, 54.6971395 ] ] } },
{ "type": "Feature", "properties": { "u": 147, "v": 301, "key": 0, "oneway": "False", "highway": "tertiary", "name": "улица Богдана Хмельницкого", "maxspeed": "RU:urban", "lanes": "2", "osmid": "368032600" }, "geometry": { "type": "LineString", "coordinates": [ [ 20.5087539, 54.6971395 ], [ 20.5082349, 54.6971274 ] ] } },
{ "type": "Feature", "properties": { "u": 147, "v": 301, "key": 1, "oneway": "False", "highway": "living_street", "name": "", "maxspeed": "RU:living_street", "lanes": "", "osmid": "140385130" }, "geometry": { "type": "LineString", "coordinates": [ [ 20.5087539, 54.6971395 ], [ 20.5082349, 54.6971274 ] ] } },
{ "type": "Feature", "properties": { "u": 147, "v": 172, "key": 0, "oneway": "False", "highway": "tertiary", "name": "улица Богдана Хмельницкого", "maxspeed": "RU:urban", "lanes": "2", "osmid": [ 989399979, 989399980, 713320365 ] }, "geometry": { "type": "LineString", "coordinates": [ [ 20.5087539, 54.6971395 ], [ 20.5103324, 54.6971753 ] ] } },
{ "type": "Feature", "properties": { "u": 147, "v": 146, "key": 0, "oneway": "False", "highway": "living_street", "name": "улица Подполковника Половца", "maxspeed": "RU:living_street", "lanes": "2", "osmid": [ 996149792, 996149793 ] }, "geometry": { "type": "LineString", "coordinates": [ [ 20.5087539, 54.6971395 ], [ 20.5087708, 54.6993248 ] ] } },
{ "type": "Feature", "properties": { "u": 148, "v": 108, "key": 0, "oneway": "True", "highway": "primary", "name": "улица Черняховского", "maxspeed": "RU:urban", "lanes": "2", "osmid": "333543558" }, "geometry": { "type": "LineString", "coordinates": [ [ 20.5183718, 54.720774 ], [ 20.5172289, 54.7208069 ] ] } },
{ "type": "Feature", "properties": { "u": 148, "v": 534, "key": 0, "oneway": "False", "highway": "primary", "name": "улица Сергеева", "maxspeed": "RU:urban", "lanes": "2", "osmid": "992620008" }, "geometry": { "type": "LineString", "coordinates": [ [ 20.5183718, 54.720774 ], [ 20.5183764, 54.7206754 ] ] } },
{ "type": "Feature", "properties": { "u": 149, "v": 150, "key": 0, "oneway": "False", "highway": "residential", "name": "Клиническая улица", "maxspeed": "", "lanes": "2", "osmid": "46728421" }, "geometry": { "type": "LineString", "coordinates": [ [ 20.5197756, 54.7136957 ], [ 20.5212886, 54.716491 ] ] } },
{ "type": "Feature", "properties": { "u": 150, "v": 151, "key": 0, "oneway": "False", "highway": "residential", "name": "Нерчинская улица", "maxspeed": "RU:urban", "lanes": "2", "osmid": [ 46728416, 669755266 ] }, "geometry": { "type": "LineString", "coordinates": [ [ 20.5212886, 54.716491 ], [ 20.5236331, 54.7163009 ] ] } },
{ "type": "Feature", "properties": { "u": 150, "v": 149, "key": 0, "oneway": "False", "highway": "residential", "name": "Клиническая улица", "maxspeed": "", "lanes": "2", "osmid": "46728421" }, "geometry": { "type": "LineString", "coordinates": [ [ 20.5212886, 54.716491 ], [ 20.5197756, 54.7136957 ] ] } },
{ "type": "Feature", "properties": { "u": 150, "v": 533, "key": 0, "oneway": "False", "highway": "residential", "name": "Клиническая улица", "maxspeed": "RU:urban", "lanes": "2", "osmid": [ 134927936, 134927935, 289390100, 134927934, 980120511 ] }, "geometry": { "type": "LineString", "coordinates": [ [ 20.5212886, 54.716491 ], [ 20.5236246, 54.7214846 ] ] } },
{ "type": "Feature", "properties": { "u": 151, "v": 426, "key": 0, "oneway": "False", "highway": "tertiary", "name": "Нерчинская улица", "maxspeed": "RU:urban", "lanes": "2", "osmid": "106485851" }, "geometry": { "type": "LineString", "coordinates": [ [ 20.5236331, 54.7163009 ], [ 20.5237964, 54.7162859 ] ] } },
{ "type": "Feature", "properties": { "u": 151, "v": 150, "key": 0, "oneway": "False", "highway": "residential", "name": "Нерчинская улица", "maxspeed": "RU:urban", "lanes": "2", "osmid": [ 46728416, 669755266 ] }, "geometry": { "type": "LineString", "coordinates": [ [ 20.5236331, 54.7163009 ], [ 20.5212886, 54.716491 ] ] } },
{ "type": "Feature", "properties": { "u": 152, "v": 195, "key": 0, "oneway": "False", "highway": "residential", "name": "переулок Калинина", "maxspeed": "RU:urban", "lanes": "2", "osmid": "1053446697" }, "geometry": { "type": "LineString", "coordinates": [ [ 20.5065222, 54.6949921 ], [ 20.5065313, 54.6948864 ] ] } },
{ "type": "Feature", "properties": { "u": 152, "v": 153, "key": 0, "oneway": "False", "highway": "residential", "name": "переулок Калинина", "maxspeed": "RU:urban", "lanes": "2", "osmid": [ 323517203, 47184196 ] }, "geometry": { "type": "LineString", "coordinates": [ [ 20.5065222, 54.6949921 ], [ 20.5064974, 54.6958898 ] ] } },
{ "type": "Feature", "properties": { "u": 152, "v": 558, "key": 0, "oneway": "True", "highway": "primary", "name": "проспект Калинина", "maxspeed": "RU:urban", "lanes": "3", "osmid": [ 210722416, 478508495 ] }, "geometry": { "type": "LineString", "coordinates": [ [ 20.5065222, 54.6949921 ], [ 20.5030134, 54.6948886 ] ] } },
{ "type": "Feature", "properties": { "u": 153, "v": 152, "key": 0, "oneway": "False", "highway": "residential", "name": "переулок Калинина", "maxspeed": "RU:urban", "lanes": "2", "osmid": [ 323517203, 47184196 ] }, "geometry": { "type": "LineString", "coordinates": [ [ 20.5064974, 54.6958898 ], [ 20.5065222, 54.6949921 ] ] } },
{ "type": "Feature", "properties": { "u": 153, "v": 201, "key": 0, "oneway": "True", "highway": "residential", "name": "Ольштынская улица", "maxspeed": "40", "lanes": "1", "osmid": "314321298" }, "geometry": { "type": "LineString", "coordinates": [ [ 20.5064974, 54.6958898 ], [ 20.5092681, 54.6959449 ] ] } },
{ "type": "Feature", "properties": { "u": 154, "v": 253, "key": 0, "oneway": "True", "highway": "primary_link", "name": "", "maxspeed": "RU:urban", "lanes": "1", "osmid": "64310805" }, "geometry": { "type": "LineString", "coordinates": [ [ 20.5140085, 54.7085161 ], [ 20.5140062, 54.7087065 ] ] } },
{ "type": "Feature", "properties": { "u": 154, "v": 135, "key": 0, "oneway": "True", "highway": "primary", "name": "Московский проспект", "maxspeed": "RU:urban", "lanes": "3", "osmid": "106748633" }, "geometry": { "type": "LineString", "coordinates": [ [ 20.5140085, 54.7085161 ], [ 20.5157312, 54.7085277 ] ] } },
{ "type": "Feature", "properties": { "u": 154, "v": 583, "key": 0, "oneway": "True", "highway": "secondary", "name": "Октябрьская улица", "maxspeed": "40", "lanes": "1", "osmid": [ 1370697580, 982459635, 982459636, 982459637, 982459638, 982459640 ] }, "geometry": { "type": "LineString", "coordinates": [ [ 20.5140085, 54.7085161 ], [ 20.5144305, 54.7065676 ] ] } },
{ "type": "Feature", "properties": { "u": 155, "v": 156, "key": 0, "oneway": "False", "highway": "tertiary", "name": "набережная Генерала Карбышева", "maxspeed": "RU:urban", "lanes": "2", "osmid": [ 1370089152, 1370089153, 427568481, 1210349538, 405006212, 427568479 ] }, "geometry": { "type": "LineString", "coordinates": [ [ 20.5379476, 54.7039152 ], [ 20.5230983, 54.7068267 ] ] } },
{ "type": "Feature", "properties": { "u": 156, "v": 450, "key": 0, "oneway": "False", "highway": "residential", "name": "улица Генерала Павлова", "maxspeed": "RU:urban", "lanes": "2", "osmid": [ 1370089162, 1370089163, 210487660 ] }, "geometry": { "type": "LineString", "coordinates": [ [ 20.5230983, 54.7068267 ], [ 20.5234001, 54.7048831 ] ] } },
{ "type": "Feature", "properties": { "u": 156, "v": 155, "key": 0, "oneway": "False", "highway": "tertiary", "name": "набережная Генерала Карбышева", "maxspeed": "RU:urban", "lanes": "2", "osmid": [ 1370089152, 427568481, 1210349538, 1370089153, 405006212, 427568479 ] }, "geometry": { "type": "LineString", "coordinates": [ [ 20.5230983, 54.7068267 ], [ 20.5379476, 54.7039152 ] ] } },
{ "type": "Feature", "properties": { "u": 156, "v": 576, "key": 0, "oneway": "False", "highway": "tertiary", "name": "набережная Генерала Карбышева", "maxspeed": "RU:urban", "lanes": "2", "osmid": "1210349538" }, "geometry": { "type": "LineString", "coordinates": [ [ 20.5230983, 54.7068267 ], [ 20.5145408, 54.7065717 ] ] } },
{ "type": "Feature", "properties": { "u": 157, "v": 575, "key": 0, "oneway": "False", "highway": "tertiary", "name": "", "maxspeed": "RU:urban", "lanes": "2", "osmid": "405006184" }, "geometry": { "type": "LineString", "coordinates": [ [ 20.5173739, 54.7005841 ], [ 20.5174943, 54.7006199 ] ] } },
{ "type": "Feature", "properties": { "u": 157, "v": 581, "key": 0, "oneway": "True", "highway": "secondary", "name": "Октябрьская улица", "maxspeed": "30", "lanes": "1", "osmid": [ 982459602, 1374295010, 982459613 ] }, "geometry": { "type": "LineString", "coordinates": [ [ 20.5173739, 54.7005841 ], [ 20.5180709, 54.6998644 ] ] } },
{ "type": "Feature", "properties": { "u": 158, "v": 370, "key": 0, "oneway": "True", "highway": "living_street", "name": "улица Генерал-полковника Людникова", "maxspeed": "RU:living_street", "lanes": "2", "osmid": "223248715" }, "geometry": { "type": "LineString", "coordinates": [ [ 20.5056793, 54.7172793 ], [ 20.5066903, 54.7174793 ] ] } },
{ "type": "Feature", "properties": { "u": 158, "v": 167, "key": 0, "oneway": "False", "highway": "residential", "name": "улица Подполковника Иванникова", "maxspeed": "RU:urban", "lanes": "2", "osmid": [ 1069222953, 1069222955, 1069222956, 1069222957, 1069222958, 48804986 ] }, "geometry": { "type": "LineString", "coordinates": [ [ 20.5056793, 54.7172793 ], [ 20.5068046, 54.7148456 ] ] } },
{ "type": "Feature", "properties": { "u": 158, "v": 161, "key": 0, "oneway": "False", "highway": "residential", "name": "улица Подполковника Иванникова", "maxspeed": "RU:urban", "lanes": "2", "osmid": [ 1069222960, 1069222959 ] }, "geometry": { "type": "LineString", "coordinates": [ [ 20.5056793, 54.7172793 ], [ 20.5055572, 54.7182962 ] ] } },
{ "type": "Feature", "properties": { "u": 159, "v": 160, "key": 0, "oneway": "False", "highway": "residential", "name": "улица Маршала Рокоссовского", "maxspeed": "RU:urban", "lanes": "2", "osmid": [ 1370697605, 1370697606, 1370697607, 711959464, 1370697608, 1069222952, 48804990 ] }, "geometry": { "type": "LineString", "coordinates": [ [ 20.510686, 54.7153129 ], [ 20.5101576, 54.7164764 ] ] } },
{ "type": "Feature", "properties": { "u": 159, "v": 168, "key": 0, "oneway": "False", "highway": "residential", "name": "улица Профессора Севастьянова", "maxspeed": "40", "lanes": "2", "osmid": [ 396981042, 1370697614, 1370697615 ] }, "geometry": { "type": "LineString", "coordinates": [ [ 20.510686, 54.7153129 ], [ 20.5099761, 54.7151415 ] ] } },
{ "type": "Feature", "properties": { "u": 160, "v": 11, "key": 0, "oneway": "False", "highway": "residential", "name": "улица Генерала Соммера", "maxspeed": "RU:urban", "lanes": "2", "osmid": [ 1040432383, 1370697619, 1370697620, 1040432381, 1040432382, 48804991 ] }, "geometry": { "type": "LineString", "coordinates": [ [ 20.5101576, 54.7164764 ], [ 20.513077, 54.716949 ] ] } },
{ "type": "Feature", "properties": { "u": 160, "v": 164, "key": 0, "oneway": "False", "highway": "residential", "name": "улица Генерала Соммера", "maxspeed": "RU:living_street", "lanes": "2", "osmid": [ 1370697612, 1370697613, 48810935, 48810937, 48810943 ] }, "geometry": { "type": "LineString", "coordinates": [ [ 20.5101576, 54.7164764 ], [ 20.5098983, 54.7177329 ] ] } },
{ "type": "Feature", "properties": { "u": 160, "v": 159, "key": 0, "oneway": "False", "highway": "residential", "name": "улица Маршала Рокоссовского", "maxspeed": "RU:urban", "lanes": "2", "osmid": [ 1370697605, 1370697606, 1370697607, 1069222952, 1370697608, 711959464, 48804990 ] }, "geometry": { "type": "LineString", "coordinates": [ [ 20.5101576, 54.7164764 ], [ 20.510686, 54.7153129 ] ] } },
{ "type": "Feature", "properties": { "u": 161, "v": 368, "key": 0, "oneway": "False", "highway": "residential", "name": "улица Михаила Галковского", "maxspeed": "", "lanes": "", "osmid": "48807219" }, "geometry": { "type": "LineString", "coordinates": [ [ 20.5055572, 54.7182962 ], [ 20.5074154, 54.7189878 ] ] } },
{ "type": "Feature", "properties": { "u": 161, "v": 158, "key": 0, "oneway": "False", "highway": "residential", "name": "улица Подполковника Иванникова", "maxspeed": "RU:urban", "lanes": "2", "osmid": [ 1069222960, 1069222959 ] }, "geometry": { "type": "LineString", "coordinates": [ [ 20.5055572, 54.7182962 ], [ 20.5056793, 54.7172793 ] ] } },
{ "type": "Feature", "properties": { "u": 161, "v": 530, "key": 0, "oneway": "False", "highway": "residential", "name": "улица Подполковника Иванникова", "maxspeed": "RU:urban", "lanes": "2", "osmid": [ 1069222961, 1069222962 ] }, "geometry": { "type": "LineString", "coordinates": [ [ 20.5055572, 54.7182962 ], [ 20.5054041, 54.7194638 ] ] } },
{ "type": "Feature", "properties": { "u": 162, "v": 368, "key": 0, "oneway": "False", "highway": "residential", "name": "улица Михаила Галковского", "maxspeed": "", "lanes": "", "osmid": "1366051272" }, "geometry": { "type": "LineString", "coordinates": [ [ 20.5078923, 54.7190679 ], [ 20.5074154, 54.7189878 ] ] } },
{ "type": "Feature", "properties": { "u": 164, "v": 160, "key": 0, "oneway": "False", "highway": "residential", "name": "улица Генерала Соммера", "maxspeed": "RU:living_street", "lanes": "2", "osmid": [ 1370697612, 1370697613, 48810935, 48810937, 48810943 ] }, "geometry": { "type": "LineString", "coordinates": [ [ 20.5098983, 54.7177329 ], [ 20.5101576, 54.7164764 ] ] } },
{ "type": "Feature", "properties": { "u": 165, "v": 166, "key": 0, "oneway": "False", "highway": "residential", "name": "Минская улица", "maxspeed": "RU:living_street", "lanes": "2", "osmid": [ 1388040537, 309433009 ] }, "geometry": { "type": "LineString", "coordinates": [ [ 20.5111824, 54.7190946 ], [ 20.5133498, 54.7186925 ] ] } },
{ "type": "Feature", "properties": { "u": 166, "v": 165, "key": 0, "oneway": "False", "highway": "residential", "name": "Минская улица", "maxspeed": "RU:living_street", "lanes": "2", "osmid": [ 1388040537, 309433009 ] }, "geometry": { "type": "LineString", "coordinates": [ [ 20.5133498, 54.7186925 ], [ 20.5111824, 54.7190946 ] ] } },
{ "type": "Feature", "properties": { "u": 166, "v": 531, "key": 0, "oneway": "False", "highway": "secondary", "name": "Пролетарская улица", "maxspeed": "RU:urban", "lanes": "3", "osmid": [ 309433011, 1372756572, 711959469, 711959470 ] }, "geometry": { "type": "LineString", "coordinates": [ [ 20.5133498, 54.7186925 ], [ 20.5141376, 54.720391 ] ] } },
{ "type": "Feature", "properties": { "u": 166, "v": 11, "key": 0, "oneway": "False", "highway": "secondary", "name": "Пролетарская улица", "maxspeed": "RU:urban", "lanes": "2", "osmid": [ 996602369, 711959467, 711959468, 309433013, 1372756573 ] }, "geometry": { "type": "LineString", "coordinates": [ [ 20.5133498, 54.7186925 ], [ 20.513077, 54.716949 ] ] } },
{ "type": "Feature", "properties": { "u": 167, "v": 158, "key": 0, "oneway": "False", "highway": "residential", "name": "улица Подполковника Иванникова", "maxspeed": "RU:urban", "lanes": "2", "osmid": [ 1069222953, 1069222955, 1069222956, 1069222957, 1069222958, 48804986 ] }, "geometry": { "type": "LineString", "coordinates": [ [ 20.5068046, 54.7148456 ], [ 20.5056793, 54.7172793 ] ] } },
{ "type": "Feature", "properties": { "u": 167, "v": 482, "key": 0, "oneway": "False", "highway": "living_street", "name": "улица Профессора Севастьянова", "maxspeed": "RU:living_street", "lanes": "2", "osmid": "48816485" }, "geometry": { "type": "LineString", "coordinates": [ [ 20.5068046, 54.7148456 ], [ 20.5062479, 54.7144411 ] ] } },
{ "type": "Feature", "properties": { "u": 167, "v": 168, "key": 0, "oneway": "False", "highway": "residential", "name": "улица Профессора Севастьянова", "maxspeed": "40", "lanes": "2", "osmid": [ 1370697616, 1370697617, 1370697618, 396981043, 48804989 ] }, "geometry": { "type": "LineString", "coordinates": [ [ 20.5068046, 54.7148456 ], [ 20.5099761, 54.7151415 ] ] } },
{ "type": "Feature", "properties": { "u": 168, "v": 169, "key": 0, "oneway": "False", "highway": "residential", "name": "Университетская улица", "maxspeed": "RU:living_street", "lanes": "", "osmid": "48817197" }, "geometry": { "type": "LineString", "coordinates": [ [ 20.5099761, 54.7151415 ], [ 20.5101177, 54.7148364 ] ] } },
{ "type": "Feature", "properties": { "u": 168, "v": 167, "key": 0, "oneway": "False", "highway": "residential", "name": "улица Профессора Севастьянова", "maxspeed": "40", "lanes": "2", "osmid": [ 1370697616, 1370697617, 1370697618, 396981043, 48804989 ] }, "geometry": { "type": "LineString", "coordinates": [ [ 20.5099761, 54.7151415 ], [ 20.5068046, 54.7148456 ] ] } },
{ "type": "Feature", "properties": { "u": 168, "v": 159, "key": 0, "oneway": "False", "highway": "residential", "name": "улица Профессора Севастьянова", "maxspeed": "40", "lanes": "2", "osmid": [ 396981042, 1370697614, 1370697615 ] }, "geometry": { "type": "LineString", "coordinates": [ [ 20.5099761, 54.7151415 ], [ 20.510686, 54.7153129 ] ] } },
{ "type": "Feature", "properties": { "u": 169, "v": 168, "key": 0, "oneway": "False", "highway": "residential", "name": "Университетская улица", "maxspeed": "RU:living_street", "lanes": "", "osmid": "48817197" }, "geometry": { "type": "LineString", "coordinates": [ [ 20.5101177, 54.7148364 ], [ 20.5099761, 54.7151415 ] ] } },
{ "type": "Feature", "properties": { "u": 170, "v": 100, "key": 0, "oneway": "False", "highway": "tertiary", "name": "улица Богдана Хмельницкого", "maxspeed": "RU:urban", "lanes": "2", "osmid": [ 121516045, 713320358, 713320359 ] }, "geometry": { "type": "LineString", "coordinates": [ [ 20.515177, 54.6972645 ], [ 20.5165384, 54.6972822 ] ] } },
{ "type": "Feature", "properties": { "u": 170, "v": 172, "key": 0, "oneway": "False", "highway": "tertiary", "name": "улица Богдана Хмельницкого", "maxspeed": "RU:urban", "lanes": "2", "osmid": [ 713320360, 989399977, 989399978, 713320361, 713320362, 713320363, 713320364 ] }, "geometry": { "type": "LineString", "coordinates": [ [ 20.515177, 54.6972645 ], [ 20.5103324, 54.6971753 ] ] } },
{ "type": "Feature", "properties": { "u": 170, "v": 600, "key": 0, "oneway": "False", "highway": "residential", "name": "Малая Песочная улица", "maxspeed": "RU:urban", "lanes": "1", "osmid": "1026591381" }, "geometry": { "type": "LineString", "coordinates": [ [ 20.515177, 54.6972645 ], [ 20.5151809, 54.697748 ] ] } },
{ "type": "Feature", "properties": { "u": 171, "v": 599, "key": 0, "oneway": "False", "highway": "residential", "name": "Малая Песочная улица", "maxspeed": "RU:urban", "lanes": "1", "osmid": "49205132" }, "geometry": { "type": "LineString", "coordinates": [ [ 20.5154697, 54.6985509 ], [ 20.5151874, 54.6978729 ] ] } },
{ "type": "Feature", "properties": { "u": 171, "v": 128, "key": 0, "oneway": "False", "highway": "residential", "name": "Большая Песочная улица", "maxspeed": "RU:urban", "lanes": "1", "osmid": [ 996149797, 713320357 ] }, "geometry": { "type": "LineString", "coordinates": [ [ 20.5154697, 54.6985509 ], [ 20.5169755, 54.6981756 ] ] } },
{ "type": "Feature", "properties": { "u": 171, "v": 481, "key": 0, "oneway": "False", "highway": "residential", "name": "Большая Песочная улица", "maxspeed": "RU:urban", "lanes": "1", "osmid": "996149797" }, "geometry": { "type": "LineString", "coordinates": [ [ 20.5154697, 54.6985509 ], [ 20.5130228, 54.6996006 ] ] } },
{ "type": "Feature", "properties": { "u": 172, "v": 173, "key": 0, "oneway": "False", "highway": "residential", "name": "Красноармейская улица", "maxspeed": "", "lanes": "1", "osmid": "141192929" }, "geometry": { "type": "LineString", "coordinates": [ [ 20.5103324, 54.6971753 ], [ 20.5103403, 54.6973561 ] ] } },
{ "type": "Feature", "properties": { "u": 172, "v": 170, "key": 0, "oneway": "False", "highway": "tertiary", "name": "улица Богдана Хмельницкого", "maxspeed": "RU:urban", "lanes": "2", "osmid": [ 713320360, 713320361, 989399978, 713320362, 713320363, 713320364, 989399977 ] }, "geometry": { "type": "LineString", "coordinates": [ [ 20.5103324, 54.6971753 ], [ 20.515177, 54.6972645 ] ] } },
{ "type": "Feature", "properties": { "u": 172, "v": 147, "key": 0, "oneway": "False", "highway": "tertiary", "name": "улица Богдана Хмельницкого", "maxspeed": "RU:urban", "lanes": "2", "osmid": [ 989399979, 989399980, 713320365 ] }, "geometry": { "type": "LineString", "coordinates": [ [ 20.5103324, 54.6971753 ], [ 20.5087539, 54.6971395 ] ] } },
{ "type": "Feature", "properties": { "u": 173, "v": 172, "key": 0, "oneway": "False", "highway": "residential", "name": "Красноармейская улица", "maxspeed": "", "lanes": "1", "osmid": "141192929" }, "geometry": { "type": "LineString", "coordinates": [ [ 20.5103403, 54.6973561 ], [ 20.5103324, 54.6971753 ] ] } },
{ "type": "Feature", "properties": { "u": 174, "v": 175, "key": 0, "oneway": "False", "highway": "residential", "name": "Красноармейская улица", "maxspeed": "", "lanes": "1", "osmid": [ 713320352, 49207231 ] }, "geometry": { "type": "LineString", "coordinates": [ [ 20.5103957, 54.6994309 ], [ 20.5103729, 54.6984785 ] ] } },
{ "type": "Feature", "properties": { "u": 174, "v": 481, "key": 0, "oneway": "True", "highway": "secondary", "name": "улица Багратиона", "maxspeed": "40", "lanes": "1", "osmid": [ 982439552, 713320353, 44387207, 982439551, 1372496950, 713320351 ] }, "geometry": { "type": "LineString", "coordinates": [ [ 20.5103957, 54.6994309 ], [ 20.5130228, 54.6996006 ] ] } },
{ "type": "Feature", "properties": { "u": 175, "v": 174, "key": 0, "oneway": "False", "highway": "residential", "name": "Красноармейская улица", "maxspeed": "", "lanes": "1", "osmid": [ 713320352, 49207231 ] }, "geometry": { "type": "LineString", "coordinates": [ [ 20.5103729, 54.6984785 ], [ 20.5103957, 54.6994309 ] ] } },
{ "type": "Feature", "properties": { "u": 176, "v": 300, "key": 0, "oneway": "False", "highway": "tertiary", "name": "улица Богдана Хмельницкого", "maxspeed": "RU:urban", "lanes": "2", "osmid": "989399981" }, "geometry": { "type": "LineString", "coordinates": [ [ 20.5069001, 54.6971005 ], [ 20.5075874, 54.6971124 ] ] } },
{ "type": "Feature", "properties": { "u": 176, "v": 500, "key": 0, "oneway": "True", "highway": "residential", "name": "улица Младшего лейтенанта Ротко", "maxspeed": "RU:living_street", "lanes": "2", "osmid": "49207349" }, "geometry": { "type": "LineString", "coordinates": [ [ 20.5069001, 54.6971005 ], [ 20.5069106, 54.6980627 ] ] } },
{ "type": "Feature", "properties": { "u": 176, "v": 144, "key": 0, "oneway": "False", "highway": "tertiary", "name": "улица Богдана Хмельницкого", "maxspeed": "RU:urban", "lanes": "2", "osmid": [ 989399982, 713320367 ] }, "geometry": { "type": "LineString", "coordinates": [ [ 20.5069001, 54.6971005 ], [ 20.5060686, 54.6970991 ] ] } },
{ "type": "Feature", "properties": { "u": 177, "v": 146, "key": 0, "oneway": "True", "highway": "secondary", "name": "улица Багратиона", "maxspeed": "RU:urban", "lanes": "1", "osmid": [ 982439558, 982439556, 713320350 ] }, "geometry": { "type": "LineString", "coordinates": [ [ 20.5069227, 54.6992241 ], [ 20.5087708, 54.6993248 ] ] } },
{ "type": "Feature", "properties": { "u": 177, "v": 566, "key": 0, "oneway": "True", "highway": "residential", "name": "улица Младшего лейтенанта Ротко", "maxspeed": "RU:living_street", "lanes": "2", "osmid": "996149791" }, "geometry": { "type": "LineString", "coordinates": [ [ 20.5069227, 54.6992241 ], [ 20.5069175, 54.6992824 ] ] } },
{ "type": "Feature", "properties": { "u": 178, "v": 180, "key": 0, "oneway": "False", "highway": "residential", "name": "Ореховая улица", "maxspeed": "RU:urban", "lanes": "2", "osmid": [ 1372496946, 49207532 ] }, "geometry": { "type": "LineString", "coordinates": [ [ 20.5038544, 54.6978522 ], [ 20.5036685, 54.698969 ] ] } },
{ "type": "Feature", "properties": { "u": 179, "v": 597, "key": 0, "oneway": "False", "highway": "residential", "name": "Ореховая улица", "maxspeed": "RU:urban", "lanes": "1", "osmid": [ 49207533, 49207534 ] }, "geometry": { "type": "LineString", "coordinates": [ [ 20.5039562, 54.6970185 ], [ 20.5038543, 54.6977144 ] ] } },
{ "type": "Feature", "properties": { "u": 179, "v": 101, "key": 0, "oneway": "False", "highway": "tertiary", "name": "улица Богдана Хмельницкого", "maxspeed": "RU:urban", "lanes": "2", "osmid": "989399988" }, "geometry": { "type": "LineString", "coordinates": [ [ 20.5039562, 54.6970185 ], [ 20.5030627, 54.6969515 ] ] } },
{ "type": "Feature", "properties": { "u": 179, "v": 200, "key": 0, "oneway": "False", "highway": "tertiary", "name": "улица Богдана Хмельницкого", "maxspeed": "RU:urban", "lanes": "2", "osmid": "989399988" }, "geometry": { "type": "LineString", "coordinates": [ [ 20.5039562, 54.6970185 ], [ 20.5046664, 54.6970648 ] ] } },
{ "type": "Feature", "properties": { "u": 180, "v": 178, "key": 0, "oneway": "False", "highway": "residential", "name": "Ореховая улица", "maxspeed": "RU:urban", "lanes": "2", "osmid": [ 1372496946, 49207532 ] }, "geometry": { "type": "LineString", "coordinates": [ [ 20.5036685, 54.698969 ], [ 20.5038544, 54.6978522 ] ] } },
{ "type": "Feature", "properties": { "u": 180, "v": 145, "key": 0, "oneway": "True", "highway": "secondary", "name": "улица Багратиона", "maxspeed": "RU:urban", "lanes": "1", "osmid": [ 713320348, 669208275, 982439563, 982439565 ] }, "geometry": { "type": "LineString", "coordinates": [ [ 20.5036685, 54.698969 ], [ 20.5059203, 54.6991827 ] ] } },
{ "type": "Feature", "properties": { "u": 181, "v": 182, "key": 0, "oneway": "False", "highway": "residential", "name": "Казанская улица", "maxspeed": "RU:living_street", "lanes": "2", "osmid": "49211509" }, "geometry": { "type": "LineString", "coordinates": [ [ 20.5043951, 54.7002519 ], [ 20.5094226, 54.7001121 ] ] } },
{ "type": "Feature", "properties": { "u": 182, "v": 185, "key": 0, "oneway": "False", "highway": "residential", "name": "улица Новый Вал", "maxspeed": "RU:living_street", "lanes": "2", "osmid": "996149794" }, "geometry": { "type": "LineString", "coordinates": [ [ 20.5094226, 54.7001121 ], [ 20.5094215, 54.7002242 ] ] } },
{ "type": "Feature", "properties": { "u": 182, "v": 181, "key": 0, "oneway": "False", "highway": "residential", "name": "Казанская улица", "maxspeed": "RU:living_street", "lanes": "2", "osmid": "49211509" }, "geometry": { "type": "LineString", "coordinates": [ [ 20.5094226, 54.7001121 ], [ 20.5043951, 54.7002519 ] ] } },
{ "type": "Feature", "properties": { "u": 182, "v": 567, "key": 0, "oneway": "False", "highway": "residential", "name": "улица Новый Вал", "maxspeed": "RU:living_street", "lanes": "2", "osmid": "996149794" }, "geometry": { "type": "LineString", "coordinates": [ [ 20.5094226, 54.7001121 ], [ 20.5095009, 54.6994258 ] ] } },
{ "type": "Feature", "properties": { "u": 183, "v": 184, "key": 0, "oneway": "False", "highway": "unclassified", "name": "Мореходная улица", "maxspeed": "", "lanes": "", "osmid": "49211522" }, "geometry": { "type": "LineString", "coordinates": [ [ 20.5067122, 54.7015255 ], [ 20.5069878, 54.7021052 ] ] } },
{ "type": "Feature", "properties": { "u": 184, "v": 183, "key": 0, "oneway": "False", "highway": "unclassified", "name": "Мореходная улица", "maxspeed": "", "lanes": "", "osmid": "49211522" }, "geometry": { "type": "LineString", "coordinates": [ [ 20.5069878, 54.7021052 ], [ 20.5067122, 54.7015255 ] ] } },
{ "type": "Feature", "properties": { "u": 184, "v": 42, "key": 0, "oneway": "False", "highway": "tertiary", "name": "Краснооктябрьская улица", "maxspeed": "40", "lanes": "2", "osmid": [ 308211224, 308211225, 989399960, 989399961, 989399962 ] }, "geometry": { "type": "LineString", "coordinates": [ [ 20.5069878, 54.7021052 ], [ 20.505005, 54.7023851 ] ] } },
{ "type": "Feature", "properties": { "u": 184, "v": 41, "key": 0, "oneway": "False", "highway": "tertiary", "name": "Краснооктябрьская улица", "maxspeed": "40", "lanes": "2", "osmid": [ 989399963, 989399965, 1372756646 ] }, "geometry": { "type": "LineString", "coordinates": [ [ 20.5069878, 54.7021052 ], [ 20.5080886, 54.7019481 ] ] } },
{ "type": "Feature", "properties": { "u": 185, "v": 182, "key": 0, "oneway": "False", "highway": "residential", "name": "улица Новый Вал", "maxspeed": "RU:living_street", "lanes": "2", "osmid": "996149794" }, "geometry": { "type": "LineString", "coordinates": [ [ 20.5094215, 54.7002242 ], [ 20.5094226, 54.7001121 ] ] } },
{ "type": "Feature", "properties": { "u": 185, "v": 130, "key": 0, "oneway": "False", "highway": "residential", "name": "улица Новый Вал", "maxspeed": "RU:living_street", "lanes": "2", "osmid": "996149794" }, "geometry": { "type": "LineString", "coordinates": [ [ 20.5094215, 54.7002242 ], [ 20.5095622, 54.701715 ] ] } },
{ "type": "Feature", "properties": { "u": 185, "v": 186, "key": 0, "oneway": "False", "highway": "residential", "name": "улица Профессора Морозова", "maxspeed": "RU:living_street", "lanes": "2", "osmid": [ 49212396, 1372756629, 1372756630 ] }, "geometry": { "type": "LineString", "coordinates": [ [ 20.5094215, 54.7002242 ], [ 20.5115277, 54.7002658 ] ] } },
{ "type": "Feature", "properties": { "u": 186, "v": 187, "key": 0, "oneway": "False", "highway": "residential", "name": "улица Профессора Морозова", "maxspeed": "RU:living_street", "lanes": "2", "osmid": "49212396" }, "geometry": { "type": "LineString", "coordinates": [ [ 20.5115277, 54.7002658 ], [ 20.5137576, 54.7003214 ] ] } },
{ "type": "Feature", "properties": { "u": 186, "v": 185, "key": 0, "oneway": "False", "highway": "residential", "name": "улица Профессора Морозова", "maxspeed": "RU:living_street", "lanes": "2", "osmid": [ 49212396, 1372756629, 1372756630 ] }, "geometry": { "type": "LineString", "coordinates": [ [ 20.5115277, 54.7002658 ], [ 20.5094215, 54.7002242 ] ] } },
{ "type": "Feature", "properties": { "u": 186, "v": 188, "key": 0, "oneway": "False", "highway": "residential", "name": "Малый переулок", "maxspeed": "RU:living_street", "lanes": "2", "osmid": [ 1372756632, 49212395, 1372756631 ] }, "geometry": { "type": "LineString", "coordinates": [ [ 20.5115277, 54.7002658 ], [ 20.5115441, 54.7013209 ] ] } },
{ "type": "Feature", "properties": { "u": 187, "v": 186, "key": 0, "oneway": "False", "highway": "residential", "name": "улица Профессора Морозова", "maxspeed": "RU:living_street", "lanes": "2", "osmid": "49212396" }, "geometry": { "type": "LineString", "coordinates": [ [ 20.5137576, 54.7003214 ], [ 20.5115277, 54.7002658 ] ] } },
{ "type": "Feature", "properties": { "u": 187, "v": 40, "key": 0, "oneway": "False", "highway": "tertiary", "name": "Эпроновская улица", "maxspeed": "RU:urban", "lanes": "2", "osmid": [ 989399973, 293321998 ] }, "geometry": { "type": "LineString", "coordinates": [ [ 20.5137576, 54.7003214 ], [ 20.5131627, 54.7009742 ] ] } },
{ "type": "Feature", "properties": { "u": 187, "v": 564, "key": 0, "oneway": "False", "highway": "tertiary", "name": "Эпроновская улица", "maxspeed": "RU:urban", "lanes": "2", "osmid": [ 41911949, 989399974, 989399975 ] }, "geometry": { "type": "LineString", "coordinates": [ [ 20.5137576, 54.7003214 ], [ 20.5138713, 54.6996475 ] ] } },
{ "type": "Feature", "properties": { "u": 188, "v": 189, "key": 0, "oneway": "False", "highway": "residential", "name": "Малый переулок", "maxspeed": "RU:living_street", "lanes": "2", "osmid": [ 1372756633, 49212395 ] }, "geometry": { "type": "LineString", "coordinates": [ [ 20.5115441, 54.7013209 ], [ 20.5114616, 54.7023189 ] ] } },
{ "type": "Feature", "properties": { "u": 188, "v": 186, "key": 0, "oneway": "False", "highway": "residential", "name": "Малый переулок", "maxspeed": "RU:living_street", "lanes": "2", "osmid": [ 1372756632, 49212395, 1372756631 ] }, "geometry": { "type": "LineString", "coordinates": [ [ 20.5115441, 54.7013209 ], [ 20.5115277, 54.7002658 ] ] } },
{ "type": "Feature", "properties": { "u": 188, "v": 130, "key": 0, "oneway": "False", "highway": "tertiary", "name": "Краснооктябрьская улица", "maxspeed": "RU:urban", "lanes": "2", "osmid": [ 989399968, 989399969, 989399967 ] }, "geometry": { "type": "LineString", "coordinates": [ [ 20.5115441, 54.7013209 ], [ 20.5095622, 54.701715 ] ] } },
{ "type": "Feature", "properties": { "u": 188, "v": 40, "key": 0, "oneway": "False", "highway": "tertiary", "name": "Краснооктябрьская улица", "maxspeed": "RU:urban", "lanes": "2", "osmid": [ 989399970, 989399971, 989399972 ] }, "geometry": { "type": "LineString", "coordinates": [ [ 20.5115441, 54.7013209 ], [ 20.5131627, 54.7009742 ] ] } },
{ "type": "Feature", "properties": { "u": 189, "v": 134, "key": 0, "oneway": "False", "highway": "residential", "name": "Малый переулок", "maxspeed": "RU:living_street", "lanes": "2", "osmid": "44795254" }, "geometry": { "type": "LineString", "coordinates": [ [ 20.5114616, 54.7023189 ], [ 20.5134788, 54.7023804 ] ] } },
{ "type": "Feature", "properties": { "u": 189, "v": 132, "key": 0, "oneway": "False", "highway": "residential", "name": "Малый переулок", "maxspeed": "RU:living_street", "lanes": "2", "osmid": "1372496918" }, "geometry": { "type": "LineString", "coordinates": [ [ 20.5114616, 54.7023189 ], [ 20.5096415, 54.7022746 ] ] } },
{ "type": "Feature", "properties": { "u": 189, "v": 188, "key": 0, "oneway": "False", "highway": "residential", "name": "Малый переулок", "maxspeed": "RU:living_street", "lanes": "2", "osmid": [ 1372756633, 49212395 ] }, "geometry": { "type": "LineString", "coordinates": [ [ 20.5114616, 54.7023189 ], [ 20.5115441, 54.7013209 ] ] } },
{ "type": "Feature", "properties": { "u": 190, "v": 409, "key": 0, "oneway": "True", "highway": "primary", "name": "Московский проспект", "maxspeed": "RU:urban", "lanes": "3", "osmid": "1370697577" }, "geometry": { "type": "LineString", "coordinates": [ [ 20.5016943, 54.710213 ], [ 20.5014489, 54.7102366 ] ] } },
{ "type": "Feature", "properties": { "u": 190, "v": 191, "key": 0, "oneway": "True", "highway": "primary_link", "name": "Московский проспект", "maxspeed": "", "lanes": "1", "osmid": "52985292" }, "geometry": { "type": "LineString", "coordinates": [ [ 20.5016943, 54.710213 ], [ 20.501644, 54.7100807 ] ] } },
{ "type": "Feature", "properties": { "u": 191, "v": 246, "key": 0, "oneway": "True", "highway": "primary", "name": "Московский проспект", "maxspeed": "RU:urban", "lanes": "4", "osmid": [ 989434929, 989434932, 424028543 ] }, "geometry": { "type": "LineString", "coordinates": [ [ 20.501644, 54.7100807 ], [ 20.5058194, 54.7096277 ] ] } },
{ "type": "Feature", "properties": { "u": 192, "v": 585, "key": 0, "oneway": "False", "highway": "residential", "name": "улица Литовский Вал", "maxspeed": "", "lanes": "2", "osmid": [ 25901305, 736346491 ] }, "geometry": { "type": "LineString", "coordinates": [ [ 20.5377642, 54.707065 ], [ 20.5378214, 54.7096934 ] ] } },
{ "type": "Feature", "properties": { "u": 192, "v": 193, "key": 0, "oneway": "False", "highway": "residential", "name": "Черепичная улица", "maxspeed": "", "lanes": "2", "osmid": [ 1366051278, 645790070, 25901305, 53357468, 53357469, 53357470 ] }, "geometry": { "type": "LineString", "coordinates": [ [ 20.5377642, 54.707065 ], [ 20.5362899, 54.7097415 ] ] } },
{ "type": "Feature", "properties": { "u": 192, "v": 194, "key": 0, "oneway": "False", "highway": "residential", "name": "улица Литовский Вал", "maxspeed": "", "lanes": "2", "osmid": [ 53357473, 53357474, 53357475 ] }, "geometry": { "type": "LineString", "coordinates": [ [ 20.5377642, 54.707065 ], [ 20.5398867, 54.7067981 ] ] } },
{ "type": "Feature", "properties": { "u": 193, "v": 192, "key": 0, "oneway": "False", "highway": "residential", "name": "Черепичная улица", "maxspeed": "", "lanes": "2", "osmid": [ 1366051278, 645790070, 25901305, 53357468, 53357469, 53357470 ] }, "geometry": { "type": "LineString", "coordinates": [ [ 20.5362899, 54.7097415 ], [ 20.5377642, 54.707065 ] ] } },
{ "type": "Feature", "properties": { "u": 193, "v": 585, "key": 0, "oneway": "True", "highway": "primary", "name": "Московский проспект", "maxspeed": "RU:urban", "lanes": "3", "osmid": "1110426735" }, "geometry": { "type": "LineString", "coordinates": [ [ 20.5362899, 54.7097415 ], [ 20.5378214, 54.7096934 ] ] } },
{ "type": "Feature", "properties": { "u": 194, "v": 192, "key": 0, "oneway": "False", "highway": "residential", "name": "улица Литовский Вал", "maxspeed": "", "lanes": "2", "osmid": [ 53357473, 53357474, 53357475 ] }, "geometry": { "type": "LineString", "coordinates": [ [ 20.5398867, 54.7067981 ], [ 20.5377642, 54.707065 ] ] } },
{ "type": "Feature", "properties": { "u": 195, "v": 152, "key": 0, "oneway": "False", "highway": "residential", "name": "переулок Калинина", "maxspeed": "RU:urban", "lanes": "2", "osmid": "1053446697" }, "geometry": { "type": "LineString", "coordinates": [ [ 20.5065313, 54.6948864 ], [ 20.5065222, 54.6949921 ] ] } },
{ "type": "Feature", "properties": { "u": 195, "v": 198, "key": 0, "oneway": "True", "highway": "primary", "name": "проспект Калинина", "maxspeed": "RU:urban", "lanes": "2", "osmid": [ 981617638, 981617639 ] }, "geometry": { "type": "LineString", "coordinates": [ [ 20.5065313, 54.6948864 ], [ 20.510262, 54.6950171 ] ] } },
{ "type": "Feature", "properties": { "u": 196, "v": 201, "key": 0, "oneway": "False", "highway": "residential", "name": "Ольштынский переулок", "maxspeed": "RU:urban", "lanes": "2", "osmid": "53573661" }, "geometry": { "type": "LineString", "coordinates": [ [ 20.5093314, 54.6950943 ], [ 20.5092681, 54.6959449 ] ] } },
{ "type": "Feature", "properties": { "u": 196, "v": 152, "key": 0, "oneway": "True", "highway": "primary", "name": "проспект Калинина", "maxspeed": "RU:urban", "lanes": "2", "osmid": [ 981617641, 981617642 ] }, "geometry": { "type": "LineString", "coordinates": [ [ 20.5093314, 54.6950943 ], [ 20.5065222, 54.6949921 ] ] } },
{ "type": "Feature", "properties": { "u": 197, "v": 198, "key": 0, "oneway": "False", "highway": "residential", "name": "Ольштынский переулок", "maxspeed": "RU:urban", "lanes": "2", "osmid": "1053446696" }, "geometry": { "type": "LineString", "coordinates": [ [ 20.5102485, 54.6951257 ], [ 20.510262, 54.6950171 ] ] } },
{ "type": "Feature", "properties": { "u": 197, "v": 202, "key": 0, "oneway": "False", "highway": "residential", "name": "Ольштынский переулок", "maxspeed": "RU:urban", "lanes": "2", "osmid": [ 323517196, 53573663 ] }, "geometry": { "type": "LineString", "coordinates": [ [ 20.5102485, 54.6951257 ], [ 20.5101559, 54.6959697 ] ] } },
{ "type": "Feature", "properties": { "u": 197, "v": 196, "key": 0, "oneway": "True", "highway": "primary", "name": "проспект Калинина", "maxspeed": "RU:urban", "lanes": "2", "osmid": [ 981617640, 981617637 ] }, "geometry": { "type": "LineString", "coordinates": [ [ 20.5102485, 54.6951257 ], [ 20.5093314, 54.6950943 ] ] } },
{ "type": "Feature", "properties": { "u": 198, "v": 197, "key": 0, "oneway": "False", "highway": "residential", "name": "Ольштынский переулок", "maxspeed": "RU:urban", "lanes": "2", "osmid": "1053446696" }, "geometry": { "type": "LineString", "coordinates": [ [ 20.510262, 54.6950171 ], [ 20.5102485, 54.6951257 ] ] } },
{ "type": "Feature", "properties": { "u": 198, "v": 350, "key": 0, "oneway": "True", "highway": "primary", "name": "проспект Калинина", "maxspeed": "RU:urban", "lanes": "2", "osmid": [ 981617627, 981617628 ] }, "geometry": { "type": "LineString", "coordinates": [ [ 20.510262, 54.6950171 ], [ 20.5138277, 54.695139 ] ] } },
{ "type": "Feature", "properties": { "u": 199, "v": 200, "key": 0, "oneway": "False", "highway": "residential", "name": "Большевистский переулок", "maxspeed": "RU:urban", "lanes": "2", "osmid": "53573670" }, "geometry": { "type": "LineString", "coordinates": [ [ 20.5046915, 54.6960906 ], [ 20.5046664, 54.6970648 ] ] } },
{ "type": "Feature", "properties": { "u": 200, "v": 199, "key": 0, "oneway": "False", "highway": "residential", "name": "Большевистский переулок", "maxspeed": "RU:urban", "lanes": "2", "osmid": "53573670" }, "geometry": { "type": "LineString", "coordinates": [ [ 20.5046664, 54.6970648 ], [ 20.5046915, 54.6960906 ] ] } },
{ "type": "Feature", "properties": { "u": 200, "v": 179, "key": 0, "oneway": "False", "highway": "tertiary", "name": "улица Богдана Хмельницкого", "maxspeed": "RU:urban", "lanes": "2", "osmid": "989399988" }, "geometry": { "type": "LineString", "coordinates": [ [ 20.5046664, 54.6970648 ], [ 20.5039562, 54.6970185 ] ] } },
{ "type": "Feature", "properties": { "u": 200, "v": 144, "key": 0, "oneway": "False", "highway": "tertiary", "name": "улица Богдана Хмельницкого", "maxspeed": "RU:urban", "lanes": "2", "osmid": "989399988" }, "geometry": { "type": "LineString", "coordinates": [ [ 20.5046664, 54.6970648 ], [ 20.5060686, 54.6970991 ] ] } },
{ "type": "Feature", "properties": { "u": 201, "v": 196, "key": 0, "oneway": "False", "highway": "residential", "name": "Ольштынский переулок", "maxspeed": "RU:urban", "lanes": "2", "osmid": "53573661" }, "geometry": { "type": "LineString", "coordinates": [ [ 20.5092681, 54.6959449 ], [ 20.5093314, 54.6950943 ] ] } },
{ "type": "Feature", "properties": { "u": 201, "v": 202, "key": 0, "oneway": "True", "highway": "residential", "name": "Ольштынская улица", "maxspeed": "40", "lanes": "1", "osmid": "314321298" }, "geometry": { "type": "LineString", "coordinates": [ [ 20.5092681, 54.6959449 ], [ 20.5101559, 54.6959697 ] ] } },
{ "type": "Feature", "properties": { "u": 202, "v": 197, "key": 0, "oneway": "False", "highway": "residential", "name": "Ольштынский переулок", "maxspeed": "RU:urban", "lanes": "2", "osmid": [ 323517196, 53573663 ] }, "geometry": { "type": "LineString", "coordinates": [ [ 20.5101559, 54.6959697 ], [ 20.5102485, 54.6951257 ] ] } },
{ "type": "Feature", "properties": { "u": 202, "v": 204, "key": 0, "oneway": "True", "highway": "residential", "name": "Ольштынская улица", "maxspeed": "40", "lanes": "1", "osmid": "314321298" }, "geometry": { "type": "LineString", "coordinates": [ [ 20.5101559, 54.6959697 ], [ 20.513688, 54.6964035 ] ] } },
{ "type": "Feature", "properties": { "u": 203, "v": 350, "key": 0, "oneway": "False", "highway": "residential", "name": "Мебельная улица", "maxspeed": "RU:urban", "lanes": "2", "osmid": "1053446694" }, "geometry": { "type": "LineString", "coordinates": [ [ 20.5138088, 54.6952501 ], [ 20.5138277, 54.695139 ] ] } },
{ "type": "Feature", "properties": { "u": 203, "v": 197, "key": 0, "oneway": "True", "highway": "primary", "name": "проспект Калинина", "maxspeed": "RU:urban", "lanes": "2", "osmid": [ 107419292, 1370089157, 981617636 ] }, "geometry": { "type": "LineString", "coordinates": [ [ 20.5138088, 54.6952501 ], [ 20.5102485, 54.6951257 ] ] } },
{ "type": "Feature", "properties": { "u": 203, "v": 204, "key": 0, "oneway": "False", "highway": "residential", "name": "Мебельная улица", "maxspeed": "RU:urban", "lanes": "2", "osmid": [ 323517192, 53573669 ] }, "geometry": { "type": "LineString", "coordinates": [ [ 20.5138088, 54.6952501 ], [ 20.513688, 54.6964035 ] ] } },
{ "type": "Feature", "properties": { "u": 204, "v": 203, "key": 0, "oneway": "False", "highway": "residential", "name": "Мебельная улица", "maxspeed": "RU:urban", "lanes": "2", "osmid": [ 323517192, 53573669 ] }, "geometry": { "type": "LineString", "coordinates": [ [ 20.513688, 54.6964035 ], [ 20.5138088, 54.6952501 ] ] } },
{ "type": "Feature", "properties": { "u": 204, "v": 103, "key": 0, "oneway": "True", "highway": "residential", "name": "Ольштынская улица", "maxspeed": "RU:urban", "lanes": "1", "osmid": "1370089147" }, "geometry": { "type": "LineString", "coordinates": [ [ 20.513688, 54.6964035 ], [ 20.5166158, 54.6965384 ] ] } },
{ "type": "Feature", "properties": { "u": 205, "v": 364, "key": 0, "oneway": "True", "highway": "secondary", "name": "улица Багратиона", "maxspeed": "RU:urban", "lanes": "1", "osmid": [ 982439566, 713320342 ] }, "geometry": { "type": "LineString", "coordinates": [ [ 20.5004361, 54.6984158 ], [ 20.500881, 54.6984463 ] ] } },
{ "type": "Feature", "properties": { "u": 205, "v": 563, "key": 0, "oneway": "False", "highway": "tertiary", "name": "Серпуховская улица", "maxspeed": "RU:urban", "lanes": "2", "osmid": "996149800" }, "geometry": { "type": "LineString", "coordinates": [ [ 20.5004361, 54.6984158 ], [ 20.50045, 54.6984923 ] ] } },
{ "type": "Feature", "properties": { "u": 206, "v": 616, "key": 0, "oneway": "False", "highway": "residential", "name": "Эльблонгская улица", "maxspeed": "RU:living_street", "lanes": "2", "osmid": "1372496930" }, "geometry": { "type": "LineString", "coordinates": [ [ 20.4972652, 54.7005206 ], [ 20.4977361, 54.7005568 ] ] } },
{ "type": "Feature", "properties": { "u": 207, "v": 508, "key": 0, "oneway": "False", "highway": "residential", "name": "Южный переулок", "maxspeed": "RU:living_street", "lanes": "2", "osmid": [ 1372496931, 1372496932, 1372496933, 1372496934, 251445223, 133597556 ] }, "geometry": { "type": "LineString", "coordinates": [ [ 20.4956117, 54.6997259 ], [ 20.4949161, 54.6974394 ] ] } },
{ "type": "Feature", "properties": { "u": 208, "v": 16, "key": 0, "oneway": "True", "highway": "secondary", "name": "Портовая улица", "maxspeed": "RU:urban", "lanes": "2", "osmid": [ 989399936, 989399937, 1372756649, 668678782, 989399930, 989399931, 989399932, 989399933, 989399934, 989399935 ] }, "geometry": { "type": "LineString", "coordinates": [ [ 20.4985534, 54.7050673 ], [ 20.4904467, 54.7049105 ] ] } },
{ "type": "Feature", "properties": { "u": 208, "v": 484, "key": 0, "oneway": "False", "highway": "secondary", "name": "Портовая улица", "maxspeed": "RU:urban", "lanes": "2", "osmid": [ 989399938, 989399939 ] }, "geometry": { "type": "LineString", "coordinates": [ [ 20.4985534, 54.7050673 ], [ 20.4995526, 54.7049405 ] ] } },
{ "type": "Feature", "properties": { "u": 208, "v": 210, "key": 0, "oneway": "False", "highway": "tertiary", "name": "Полоцкая улица", "maxspeed": "40", "lanes": "2", "osmid": [ 53574852, 1372756648, 989399949, 989399950, 989399951, 989399952, 989399953, 989399954 ] }, "geometry": { "type": "LineString", "coordinates": [ [ 20.4985534, 54.7050673 ], [ 20.5026239, 54.70279 ] ] } },
{ "type": "Feature", "properties": { "u": 209, "v": 616, "key": 0, "oneway": "False", "highway": "residential", "name": "Эльблонгская улица", "maxspeed": "RU:living_street", "lanes": "2", "osmid": [ 1372496929, 1372496930, 287846925 ] }, "geometry": { "type": "LineString", "coordinates": [ [ 20.5016793, 54.7009753 ], [ 20.4977361, 54.7005568 ] ] } },
{ "type": "Feature", "properties": { "u": 209, "v": 517, "key": 0, "oneway": "False", "highway": "residential", "name": "Эльблонгская улица", "maxspeed": "RU:living_street", "lanes": "2", "osmid": [ 287846925, 980011167 ] }, "geometry": { "type": "LineString", "coordinates": [ [ 20.5016793, 54.7009753 ], [ 20.5037111, 54.7006482 ] ] } },
{ "type": "Feature", "properties": { "u": 209, "v": 321, "key": 0, "oneway": "False", "highway": "tertiary", "name": "Серпуховская улица", "maxspeed": "RU:urban", "lanes": "2", "osmid": "308244427" }, "geometry": { "type": "LineString", "coordinates": [ [ 20.5016793, 54.7009753 ], [ 20.5010349, 54.6998094 ] ] } },
{ "type": "Feature", "properties": { "u": 209, "v": 210, "key": 0, "oneway": "False", "highway": "tertiary", "name": "Серпуховская улица", "maxspeed": "RU:urban", "lanes": "2", "osmid": "308244427" }, "geometry": { "type": "LineString", "coordinates": [ [ 20.5016793, 54.7009753 ], [ 20.5026239, 54.70279 ] ] } },
{ "type": "Feature", "properties": { "u": 210, "v": 209, "key": 0, "oneway": "False", "highway": "tertiary", "name": "Серпуховская улица", "maxspeed": "RU:urban", "lanes": "2", "osmid": "308244427" }, "geometry": { "type": "LineString", "coordinates": [ [ 20.5026239, 54.70279 ], [ 20.5016793, 54.7009753 ] ] } },
{ "type": "Feature", "properties": { "u": 210, "v": 208, "key": 0, "oneway": "False", "highway": "tertiary", "name": "Полоцкая улица", "maxspeed": "40", "lanes": "2", "osmid": [ 53574852, 1372756648, 989399949, 989399950, 989399951, 989399952, 989399953, 989399954 ] }, "geometry": { "type": "LineString", "coordinates": [ [ 20.5026239, 54.70279 ], [ 20.4985534, 54.7050673 ] ] } },
{ "type": "Feature", "properties": { "u": 210, "v": 520, "key": 0, "oneway": "False", "highway": "tertiary", "name": "Полоцкая улица", "maxspeed": "RU:urban", "lanes": "2", "osmid": [ 1372756647, 989399955, 989399956, 989399957, 989399958, 989399959 ] }, "geometry": { "type": "LineString", "coordinates": [ [ 20.5026239, 54.70279 ], [ 20.5047392, 54.7024289 ] ] } },
{ "type": "Feature", "properties": { "u": 210, "v": 211, "key": 0, "oneway": "False", "highway": "tertiary", "name": "Серпуховская улица", "maxspeed": "RU:urban", "lanes": "2", "osmid": [ 53574851, 995044374 ] }, "geometry": { "type": "LineString", "coordinates": [ [ 20.5026239, 54.70279 ], [ 20.5033743, 54.7044842 ] ] } },
{ "type": "Feature", "properties": { "u": 211, "v": 210, "key": 0, "oneway": "False", "highway": "tertiary", "name": "Серпуховская улица", "maxspeed": "RU:urban", "lanes": "2", "osmid": [ 53574851, 995044374 ] }, "geometry": { "type": "LineString", "coordinates": [ [ 20.5033743, 54.7044842 ], [ 20.5026239, 54.70279 ] ] } },
{ "type": "Feature", "properties": { "u": 211, "v": 484, "key": 0, "oneway": "False", "highway": "secondary", "name": "Портовая улица", "maxspeed": "RU:urban", "lanes": "2", "osmid": [ 989399940, 989399941, 989399942, 989399943, 989399944 ] }, "geometry": { "type": "LineString", "coordinates": [ [ 20.5033743, 54.7044842 ], [ 20.4995526, 54.7049405 ] ] } },
{ "type": "Feature", "properties": { "u": 211, "v": 44, "key": 0, "oneway": "False", "highway": "secondary", "name": "Портовая улица", "maxspeed": "RU:urban", "lanes": "2", "osmid": [ 989399945, 989399946, 989399947, 668678780, 1212485023 ] }, "geometry": { "type": "LineString", "coordinates": [ [ 20.5033743, 54.7044842 ], [ 20.5052869, 54.7042404 ] ] } },
{ "type": "Feature", "properties": { "u": 212, "v": 213, "key": 0, "oneway": "False", "highway": "secondary", "name": "Портовая улица", "maxspeed": "RU:urban", "lanes": "3", "osmid": "190450459" }, "geometry": { "type": "LineString", "coordinates": [ [ 20.4895985, 54.7047315 ], [ 20.4899408, 54.7048365 ] ] } },
{ "type": "Feature", "properties": { "u": 212, "v": 224, "key": 0, "oneway": "False", "highway": "secondary", "name": "Портовая улица", "maxspeed": "RU:urban", "lanes": "2", "osmid": [ 989399922, 989399923, 989399924, 989399925, 989399926, 989399927, 989399928, 989399929, 391922266 ] }, "geometry": { "type": "LineString", "coordinates": [ [ 20.4895985, 54.7047315 ], [ 20.4883929, 54.7019781 ] ] } },
{ "type": "Feature", "properties": { "u": 213, "v": 212, "key": 0, "oneway": "False", "highway": "secondary", "name": "Портовая улица", "maxspeed": "RU:urban", "lanes": "3", "osmid": "190450459" }, "geometry": { "type": "LineString", "coordinates": [ [ 20.4899408, 54.7048365 ], [ 20.4895985, 54.7047315 ] ] } },
{ "type": "Feature", "properties": { "u": 213, "v": 16, "key": 0, "oneway": "False", "highway": "primary", "name": "Портовая улица", "maxspeed": "", "lanes": "3", "osmid": [ 190450458, 1178588347 ] }, "geometry": { "type": "LineString", "coordinates": [ [ 20.4899408, 54.7048365 ], [ 20.4904467, 54.7049105 ] ] } },
{ "type": "Feature", "properties": { "u": 214, "v": 218, "key": 0, "oneway": "False", "highway": "residential", "name": "улица 1812 года", "maxspeed": "RU:living_street", "lanes": "2", "osmid": "54981200" }, "geometry": { "type": "LineString", "coordinates": [ [ 20.5311966, 54.7109382 ], [ 20.5371341, 54.7118277 ] ] } },
{ "type": "Feature", "properties": { "u": 214, "v": 215, "key": 0, "oneway": "False", "highway": "tertiary", "name": "улица Грига", "maxspeed": "RU:urban", "lanes": "2", "osmid": "1232529595" }, "geometry": { "type": "LineString", "coordinates": [ [ 20.5311966, 54.7109382 ], [ 20.5315878, 54.7101099 ] ] } },
{ "type": "Feature", "properties": { "u": 214, "v": 316, "key": 0, "oneway": "False", "highway": "residential", "name": "улица 1812 года", "maxspeed": "RU:living_street", "lanes": "2", "osmid": [ 143966986, 1232529596 ] }, "geometry": { "type": "LineString", "coordinates": [ [ 20.5311966, 54.7109382 ], [ 20.5259179, 54.7105649 ] ] } },
{ "type": "Feature", "properties": { "u": 214, "v": 8, "key": 0, "oneway": "False", "highway": "tertiary", "name": "улица Грига", "maxspeed": "RU:urban", "lanes": "2", "osmid": [ 1232529602, 333164682, 1232529597, 1232529598, 1232529599 ] }, "geometry": { "type": "LineString", "coordinates": [ [ 20.5311966, 54.7109382 ], [ 20.5305434, 54.7131347 ] ] } },
{ "type": "Feature", "properties": { "u": 215, "v": 31, "key": 0, "oneway": "False", "highway": "tertiary", "name": "улица Грига", "maxspeed": "RU:urban", "lanes": "2", "osmid": "53374882" }, "geometry": { "type": "LineString", "coordinates": [ [ 20.5315878, 54.7101099 ], [ 20.5316951, 54.7098827 ] ] } },
{ "type": "Feature", "properties": { "u": 215, "v": 216, "key": 0, "oneway": "False", "highway": "residential", "name": "Стекольная улица", "maxspeed": "RU:living_street", "lanes": "1", "osmid": [ 1370089169, 54981203 ] }, "geometry": { "type": "LineString", "coordinates": [ [ 20.5315878, 54.7101099 ], [ 20.5339366, 54.7104538 ] ] } },
{ "type": "Feature", "properties": { "u": 215, "v": 214, "key": 0, "oneway": "False", "highway": "tertiary", "name": "улица Грига", "maxspeed": "RU:urban", "lanes": "2", "osmid": "1232529595" }, "geometry": { "type": "LineString", "coordinates": [ [ 20.5315878, 54.7101099 ], [ 20.5311966, 54.7109382 ] ] } },
{ "type": "Feature", "properties": { "u": 216, "v": 215, "key": 0, "oneway": "False", "highway": "residential", "name": "Стекольная улица", "maxspeed": "RU:living_street", "lanes": "1", "osmid": [ 1370089169, 54981203 ] }, "geometry": { "type": "LineString", "coordinates": [ [ 20.5339366, 54.7104538 ], [ 20.5315878, 54.7101099 ] ] } },
{ "type": "Feature", "properties": { "u": 217, "v": 586, "key": 0, "oneway": "False", "highway": "primary", "name": "улица Литовский Вал", "maxspeed": "RU:urban", "lanes": "3", "osmid": [ 53374883, 205799959 ] }, "geometry": { "type": "LineString", "coordinates": [ [ 20.5374021, 54.7110333 ], [ 20.537773, 54.7097763 ] ] } },
{ "type": "Feature", "properties": { "u": 217, "v": 218, "key": 0, "oneway": "False", "highway": "primary", "name": "улица Литовский Вал", "maxspeed": "RU:urban", "lanes": "3", "osmid": "297911974" }, "geometry": { "type": "LineString", "coordinates": [ [ 20.5374021, 54.7110333 ], [ 20.5371341, 54.7118277 ] ] } },
{ "type": "Feature", "properties": { "u": 217, "v": 345, "key": 0, "oneway": "False", "highway": "residential", "name": "Стекольная улица", "maxspeed": "", "lanes": "1", "osmid": [ 1370089168, 54981204, 1370089166, 1370089167 ] }, "geometry": { "type": "LineString", "coordinates": [ [ 20.5374021, 54.7110333 ], [ 20.5342181, 54.7104924 ] ] } },
{ "type": "Feature", "properties": { "u": 218, "v": 214, "key": 0, "oneway": "False", "highway": "residential", "name": "улица 1812 года", "maxspeed": "RU:living_street", "lanes": "2", "osmid": "54981200" }, "geometry": { "type": "LineString", "coordinates": [ [ 20.5371341, 54.7118277 ], [ 20.5311966, 54.7109382 ] ] } },
{ "type": "Feature", "properties": { "u": 218, "v": 217, "key": 0, "oneway": "False", "highway": "primary", "name": "улица Литовский Вал", "maxspeed": "RU:urban", "lanes": "3", "osmid": "297911974" }, "geometry": { "type": "LineString", "coordinates": [ [ 20.5371341, 54.7118277 ], [ 20.5374021, 54.7110333 ] ] } },
{ "type": "Feature", "properties": { "u": 218, "v": 109, "key": 0, "oneway": "False", "highway": "primary", "name": "улица Литовский Вал", "maxspeed": "RU:urban", "lanes": "3", "osmid": [ 669215988, 297911972, 669215989, 489543277 ] }, "geometry": { "type": "LineString", "coordinates": [ [ 20.5371341, 54.7118277 ], [ 20.5359282, 54.7133342 ] ] } },
{ "type": "Feature", "properties": { "u": 219, "v": 602, "key": 0, "oneway": "False", "highway": "residential", "name": "Кирпичная улица", "maxspeed": "", "lanes": "1", "osmid": [ 669755251, 54989252 ] }, "geometry": { "type": "LineString", "coordinates": [ [ 20.5229205, 54.7122478 ], [ 20.5243721, 54.7103294 ] ] } },
{ "type": "Feature", "properties": { "u": 219, "v": 479, "key": 0, "oneway": "False", "highway": "secondary", "name": "улица Фрунзе", "maxspeed": "RU:urban", "lanes": "3", "osmid": [ 289093956, 452940844 ] }, "geometry": { "type": "LineString", "coordinates": [ [ 20.5229205, 54.7122478 ], [ 20.522501, 54.712181 ] ] } },
{ "type": "Feature", "properties": { "u": 219, "v": 226, "key": 0, "oneway": "False", "highway": "secondary", "name": "улица Фрунзе", "maxspeed": "RU:urban", "lanes": "3", "osmid": [ 382208896, 1232531211, 333164685, 669755247, 669755250 ] }, "geometry": { "type": "LineString", "coordinates": [ [ 20.5229205, 54.7122478 ], [ 20.5244695, 54.7124573 ] ] } },
{ "type": "Feature", "properties": { "u": 220, "v": 118, "key": 0, "oneway": "False", "highway": "secondary", "name": "улица Фрунзе", "maxspeed": "RU:urban", "lanes": "2", "osmid": "43571117" }, "geometry": { "type": "LineString", "coordinates": [ [ 20.5204948, 54.7119821 ], [ 20.5189821, 54.7118108 ] ] } },
{ "type": "Feature", "properties": { "u": 220, "v": 419, "key": 0, "oneway": "False", "highway": "residential", "name": "улица Сергея Тюленина", "maxspeed": "", "lanes": "2", "osmid": [ 54990296, 669755255 ] }, "geometry": { "type": "LineString", "coordinates": [ [ 20.5204948, 54.7119821 ], [ 20.5209892, 54.7097133 ] ] } },
{ "type": "Feature", "properties": { "u": 220, "v": 407, "key": 0, "oneway": "False", "highway": "secondary", "name": "улица Фрунзе", "maxspeed": "RU:urban", "lanes": "3", "osmid": [ 451798530, 669755252, 669755253, 669755254 ] }, "geometry": { "type": "LineString", "coordinates": [ [ 20.5204948, 54.7119821 ], [ 20.5221698, 54.7121452 ] ] } },
{ "type": "Feature", "properties": { "u": 221, "v": 69, "key": 0, "oneway": "False", "highway": "tertiary", "name": "улица Генерала Галицкого", "maxspeed": "RU:urban", "lanes": "2", "osmid": "204024687" }, "geometry": { "type": "LineString", "coordinates": [ [ 20.4953135, 54.712976 ], [ 20.4955466, 54.7131894 ] ] } },
{ "type": "Feature", "properties": { "u": 221, "v": 65, "key": 0, "oneway": "False", "highway": "tertiary", "name": "улица Генерала Галицкого", "maxspeed": "RU:urban", "lanes": "2", "osmid": [ 1370697568, 204024687 ] }, "geometry": { "type": "LineString", "coordinates": [ [ 20.4953135, 54.712976 ], [ 20.4943596, 54.7116994 ] ] } },
{ "type": "Feature", "properties": { "u": 221, "v": 605, "key": 0, "oneway": "False", "highway": "living_street", "name": "улица Бесселя", "maxspeed": "", "lanes": "", "osmid": [ 55799427, 1312019118 ] }, "geometry": { "type": "LineString", "coordinates": [ [ 20.4953135, 54.712976 ], [ 20.4942935, 54.7133828 ] ] } },
{ "type": "Feature", "properties": { "u": 222, "v": 14, "key": 0, "oneway": "False", "highway": "primary", "name": "", "maxspeed": "RU:urban", "lanes": "3", "osmid": "42990363" }, "geometry": { "type": "LineString", "coordinates": [ [ 20.4893877, 54.7064857 ], [ 20.4889774, 54.7063397 ] ] } },
{ "type": "Feature", "properties": { "u": 222, "v": 99, "key": 0, "oneway": "False", "highway": "primary", "name": "", "maxspeed": "RU:urban", "lanes": "3", "osmid": "1260616396" }, "geometry": { "type": "LineString", "coordinates": [ [ 20.4893877, 54.7064857 ], [ 20.4898713, 54.706835 ] ] } },
{ "type": "Feature", "properties": { "u": 223, "v": 15, "key": 0, "oneway": "False", "highway": "primary", "name": "Железнодорожная улица", "maxspeed": "", "lanes": "2", "osmid": [ 335233177, 997577004, 997577005, 56300959 ] }, "geometry": { "type": "LineString", "coordinates": [ [ 20.4892175, 54.7061934 ], [ 20.4898268, 54.7051845 ] ] } },
{ "type": "Feature", "properties": { "u": 223, "v": 222, "key": 0, "oneway": "True", "highway": "primary", "name": "", "maxspeed": "", "lanes": "1", "osmid": "56300967" }, "geometry": { "type": "LineString", "coordinates": [ [ 20.4892175, 54.7061934 ], [ 20.4893877, 54.7064857 ] ] } },
{ "type": "Feature", "properties": { "u": 224, "v": 225, "key": 0, "oneway": "False", "highway": "unclassified", "name": "Крановая улица", "maxspeed": "", "lanes": "2", "osmid": [ 56302400, 56302399 ] }, "geometry": { "type": "LineString", "coordinates": [ [ 20.4883929, 54.7019781 ], [ 20.4872655, 54.7036652 ] ] } },
{ "type": "Feature", "properties": { "u": 224, "v": 212, "key": 0, "oneway": "False", "highway": "secondary", "name": "Портовая улица", "maxspeed": "RU:urban", "lanes": "2", "osmid": [ 989399922, 989399923, 989399924, 989399925, 989399926, 989399927, 989399928, 989399929, 391922266 ] }, "geometry": { "type": "LineString", "coordinates": [ [ 20.4883929, 54.7019781 ], [ 20.4895985, 54.7047315 ] ] } },
{ "type": "Feature", "properties": { "u": 225, "v": 224, "key": 0, "oneway": "False", "highway": "unclassified", "name": "Крановая улица", "maxspeed": "", "lanes": "2", "osmid": [ 56302400, 56302399 ] }, "geometry": { "type": "LineString", "coordinates": [ [ 20.4872655, 54.7036652 ], [ 20.4883929, 54.7019781 ] ] } },
{ "type": "Feature", "properties": { "u": 226, "v": 227, "key": 0, "oneway": "False", "highway": "residential", "name": "Ярославская улица", "maxspeed": "40", "lanes": "1", "osmid": [ 59379083, 292074494, 251450279 ] }, "geometry": { "type": "LineString", "coordinates": [ [ 20.5244695, 54.7124573 ], [ 20.5258647, 54.7161935 ] ] } },
{ "type": "Feature", "properties": { "u": 226, "v": 219, "key": 0, "oneway": "False", "highway": "secondary", "name": "улица Фрунзе", "maxspeed": "RU:urban", "lanes": "3", "osmid": [ 382208896, 1232531211, 333164685, 669755247, 669755250 ] }, "geometry": { "type": "LineString", "coordinates": [ [ 20.5244695, 54.7124573 ], [ 20.5229205, 54.7122478 ] ] } },
{ "type": "Feature", "properties": { "u": 226, "v": 229, "key": 0, "oneway": "False", "highway": "secondary", "name": "улица Фрунзе", "maxspeed": "RU:urban", "lanes": "2", "osmid": "669755248" }, "geometry": { "type": "LineString", "coordinates": [ [ 20.5244695, 54.7124573 ], [ 20.5260915, 54.71265 ] ] } },
{ "type": "Feature", "properties": { "u": 227, "v": 424, "key": 0, "oneway": "False", "highway": "residential", "name": "Нерчинская улица", "maxspeed": "RU:urban", "lanes": "2", "osmid": "352319122" }, "geometry": { "type": "LineString", "coordinates": [ [ 20.5258647, 54.7161935 ], [ 20.5249064, 54.7162223 ] ] } },
{ "type": "Feature", "properties": { "u": 227, "v": 226, "key": 0, "oneway": "False", "highway": "residential", "name": "Ярославская улица", "maxspeed": "40", "lanes": "1", "osmid": [ 59379083, 292074494, 251450279 ] }, "geometry": { "type": "LineString", "coordinates": [ [ 20.5258647, 54.7161935 ], [ 20.5244695, 54.7124573 ] ] } },
{ "type": "Feature", "properties": { "u": 227, "v": 25, "key": 0, "oneway": "False", "highway": "residential", "name": "Нерчинская улица", "maxspeed": "RU:urban", "lanes": "2", "osmid": [ 669755271, 352562183 ] }, "geometry": { "type": "LineString", "coordinates": [ [ 20.5258647, 54.7161935 ], [ 20.5267139, 54.7163547 ] ] } },
{ "type": "Feature", "properties": { "u": 228, "v": 8, "key": 0, "oneway": "False", "highway": "secondary", "name": "улица Фрунзе", "maxspeed": "RU:urban", "lanes": "3", "osmid": "333164687" }, "geometry": { "type": "LineString", "coordinates": [ [ 20.5315501, 54.7132469 ], [ 20.5305434, 54.7131347 ] ] } },
{ "type": "Feature", "properties": { "u": 228, "v": 9, "key": 0, "oneway": "False", "highway": "secondary", "name": "улица Фрунзе", "maxspeed": "RU:urban", "lanes": "2", "osmid": [ 669755226, 669755230 ] }, "geometry": { "type": "LineString", "coordinates": [ [ 20.5315501, 54.7132469 ], [ 20.5344732, 54.7135513 ] ] } },
{ "type": "Feature", "properties": { "u": 228, "v": 231, "key": 0, "oneway": "False", "highway": "residential", "name": "улица Генерал-майора Яновского", "maxspeed": "RU:living_street", "lanes": "1", "osmid": [ 669755233, 1366051274, 1366051273 ] }, "geometry": { "type": "LineString", "coordinates": [ [ 20.5315501, 54.7132469 ], [ 20.5300312, 54.7144472 ] ] } },
{ "type": "Feature", "properties": { "u": 229, "v": 232, "key": 0, "oneway": "False", "highway": "residential", "name": "Гражданская улица", "maxspeed": "RU:living_street", "lanes": "2", "osmid": [ 1372195041, 59379082, 1372195042, 59379078 ] }, "geometry": { "type": "LineString", "coordinates": [ [ 20.5260915, 54.71265 ], [ 20.5285187, 54.7142896 ] ] } },
{ "type": "Feature", "properties": { "u": 229, "v": 226, "key": 0, "oneway": "False", "highway": "secondary", "name": "улица Фрунзе", "maxspeed": "RU:urban", "lanes": "2", "osmid": "669755248" }, "geometry": { "type": "LineString", "coordinates": [ [ 20.5260915, 54.71265 ], [ 20.5244695, 54.7124573 ] ] } },
{ "type": "Feature", "properties": { "u": 229, "v": 230, "key": 0, "oneway": "False", "highway": "secondary", "name": "улица Фрунзе", "maxspeed": "RU:urban", "lanes": "2", "osmid": [ 1232531209, 1232531210, 669755245, 669755246 ] }, "geometry": { "type": "LineString", "coordinates": [ [ 20.5260915, 54.71265 ], [ 20.5289905, 54.7129816 ] ] } },
{ "type": "Feature", "properties": { "u": 230, "v": 232, "key": 0, "oneway": "False", "highway": "residential", "name": "Пионерская улица", "maxspeed": "RU:living_street", "lanes": "2", "osmid": [ 59379080, 669755243 ] }, "geometry": { "type": "LineString", "coordinates": [ [ 20.5289905, 54.7129816 ], [ 20.5285187, 54.7142896 ] ] } },
{ "type": "Feature", "properties": { "u": 230, "v": 8, "key": 0, "oneway": "False", "highway": "secondary", "name": "улица Фрунзе", "maxspeed": "", "lanes": "3", "osmid": [ 669755241, 669755238, 333164686 ] }, "geometry": { "type": "LineString", "coordinates": [ [ 20.5289905, 54.7129816 ], [ 20.5305434, 54.7131347 ] ] } },
{ "type": "Feature", "properties": { "u": 230, "v": 229, "key": 0, "oneway": "False", "highway": "secondary", "name": "улица Фрунзе", "maxspeed": "RU:urban", "lanes": "2", "osmid": [ 1232531209, 1232531210, 669755245, 669755246 ] }, "geometry": { "type": "LineString", "coordinates": [ [ 20.5289905, 54.7129816 ], [ 20.5260915, 54.71265 ] ] } },
{ "type": "Feature", "properties": { "u": 231, "v": 232, "key": 0, "oneway": "False", "highway": "residential", "name": "Томская улица", "maxspeed": "RU:living_street", "lanes": "2", "osmid": "1366051274" }, "geometry": { "type": "LineString", "coordinates": [ [ 20.5300312, 54.7144472 ], [ 20.5285187, 54.7142896 ] ] } },
{ "type": "Feature", "properties": { "u": 231, "v": 23, "key": 0, "oneway": "False", "highway": "tertiary", "name": "улица Грига", "maxspeed": "RU:urban", "lanes": "2", "osmid": "733841320" }, "geometry": { "type": "LineString", "coordinates": [ [ 20.5300312, 54.7144472 ], [ 20.5285876, 54.7157602 ] ] } },
{ "type": "Feature", "properties": { "u": 231, "v": 8, "key": 0, "oneway": "False", "highway": "tertiary", "name": "улица Грига", "maxspeed": "RU:urban", "lanes": "2", "osmid": [ 733841320, 1370089172, 1370089173 ] }, "geometry": { "type": "LineString", "coordinates": [ [ 20.5300312, 54.7144472 ], [ 20.5305434, 54.7131347 ] ] } },
{ "type": "Feature", "properties": { "u": 231, "v": 228, "key": 0, "oneway": "False", "highway": "residential", "name": "улица Генерал-майора Яновского", "maxspeed": "RU:living_street", "lanes": "1", "osmid": [ 1366051273, 1366051274, 669755233 ] }, "geometry": { "type": "LineString", "coordinates": [ [ 20.5300312, 54.7144472 ], [ 20.5315501, 54.7132469 ] ] } },
{ "type": "Feature", "properties": { "u": 232, "v": 231, "key": 0, "oneway": "False", "highway": "residential", "name": "Томская улица", "maxspeed": "RU:living_street", "lanes": "2", "osmid": "1366051274" }, "geometry": { "type": "LineString", "coordinates": [ [ 20.5285187, 54.7142896 ], [ 20.5300312, 54.7144472 ] ] } },
{ "type": "Feature", "properties": { "u": 232, "v": 229, "key": 0, "oneway": "False", "highway": "residential", "name": "Гражданская улица", "maxspeed": "RU:living_street", "lanes": "2", "osmid": [ 1372195041, 1372195042, 59379078, 59379082 ] }, "geometry": { "type": "LineString", "coordinates": [ [ 20.5285187, 54.7142896 ], [ 20.5260915, 54.71265 ] ] } },
{ "type": "Feature", "properties": { "u": 232, "v": 230, "key": 0, "oneway": "False", "highway": "residential", "name": "Пионерская улица", "maxspeed": "RU:living_street", "lanes": "2", "osmid": [ 59379080, 669755243 ] }, "geometry": { "type": "LineString", "coordinates": [ [ 20.5285187, 54.7142896 ], [ 20.5289905, 54.7129816 ] ] } },
{ "type": "Feature", "properties": { "u": 233, "v": 22, "key": 0, "oneway": "False", "highway": "tertiary", "name": "переулок Грига", "maxspeed": "RU:urban", "lanes": "2", "osmid": [ 1372756584, 424031115, 424031116, 301668156 ] }, "geometry": { "type": "LineString", "coordinates": [ [ 20.5300491, 54.7188355 ], [ 20.5299903, 54.7163475 ] ] } },
{ "type": "Feature", "properties": { "u": 233, "v": 436, "key": 0, "oneway": "False", "highway": "primary", "name": "улица Литовский Вал", "maxspeed": "RU:urban", "lanes": "3", "osmid": [ 297911973, 669215984, 669215985, 669215986, 733841819, 733841820 ] }, "geometry": { "type": "LineString", "coordinates": [ [ 20.5300491, 54.7188355 ], [ 20.5261465, 54.7210904 ] ] } },
{ "type": "Feature", "properties": { "u": 233, "v": 110, "key": 0, "oneway": "False", "highway": "primary", "name": "улица Литовский Вал", "maxspeed": "RU:urban", "lanes": "3", "osmid": [ 297911971, 106764633, 669215987, 733841815, 733841816, 733841817, 733841818, 733841819 ] }, "geometry": { "type": "LineString", "coordinates": [ [ 20.5300491, 54.7188355 ], [ 20.535816, 54.7134513 ] ] } },
{ "type": "Feature", "properties": { "u": 234, "v": 235, "key": 0, "oneway": "False", "highway": "residential", "name": "Юбилейная улица", "maxspeed": "", "lanes": "2", "osmid": "191701140" }, "geometry": { "type": "LineString", "coordinates": [ [ 20.5384493, 54.7180791 ], [ 20.5392972, 54.7173052 ] ] } },
{ "type": "Feature", "properties": { "u": 235, "v": 234, "key": 0, "oneway": "False", "highway": "residential", "name": "Юбилейная улица", "maxspeed": "", "lanes": "2", "osmid": "191701140" }, "geometry": { "type": "LineString", "coordinates": [ [ 20.5392972, 54.7173052 ], [ 20.5384493, 54.7180791 ] ] } },
{ "type": "Feature", "properties": { "u": 235, "v": 457, "key": 0, "oneway": "False", "highway": "residential", "name": "улица Фортовая дорога", "maxspeed": "", "lanes": "", "osmid": "1371901564" }, "geometry": { "type": "LineString", "coordinates": [ [ 20.5392972, 54.7173052 ], [ 20.5377729, 54.7165879 ] ] } },
{ "type": "Feature", "properties": { "u": 236, "v": 238, "key": 0, "oneway": "False", "highway": "residential", "name": "улица Юрия Савенко", "maxspeed": "RU:living_street", "lanes": "2", "osmid": [ 59848201, 1370382530, 1370382529 ] }, "geometry": { "type": "LineString", "coordinates": [ [ 20.4945043, 54.7072555 ], [ 20.495053, 54.7096366 ] ] } },
{ "type": "Feature", "properties": { "u": 236, "v": 99, "key": 0, "oneway": "True", "highway": "tertiary", "name": "улица Маршала Баграмяна", "maxspeed": "RU:urban", "lanes": "1", "osmid": [ 107300746, 420908019, 391922277, 59848155 ] }, "geometry": { "type": "LineString", "coordinates": [ [ 20.4945043, 54.7072555 ], [ 20.4898713, 54.706835 ] ] } },
{ "type": "Feature", "properties": { "u": 236, "v": 587, "key": 0, "oneway": "False", "highway": "tertiary", "name": "улица Маршала Баграмяна", "maxspeed": "40", "lanes": "2", "osmid": [ 107444059, 995233925 ] }, "geometry": { "type": "LineString", "coordinates": [ [ 20.4945043, 54.7072555 ], [ 20.4959278, 54.7072011 ] ] } },
{ "type": "Feature", "properties": { "u": 237, "v": 245, "key": 0, "oneway": "True", "highway": "primary", "name": "Московский проспект", "maxspeed": "RU:urban", "lanes": "3", "osmid": [ 107444056, 989434781 ] }, "geometry": { "type": "LineString", "coordinates": [ [ 20.4954404, 54.7106522 ], [ 20.5002007, 54.710221 ] ] } },
{ "type": "Feature", "properties": { "u": 237, "v": 322, "key": 0, "oneway": "False", "highway": "residential", "name": "улица Юрия Савенко", "maxspeed": "RU:living_street", "lanes": "2", "osmid": [ 1370382528, 390819973, 390819974 ] }, "geometry": { "type": "LineString", "coordinates": [ [ 20.4954404, 54.7106522 ], [ 20.495213, 54.7100386 ] ] } },
{ "type": "Feature", "properties": { "u": 238, "v": 322, "key": 0, "oneway": "False", "highway": "residential", "name": "улица Юрия Савенко", "maxspeed": "RU:living_street", "lanes": "2", "osmid": [ 1370382528, 995233926 ] }, "geometry": { "type": "LineString", "coordinates": [ [ 20.495053, 54.7096366 ], [ 20.495213, 54.7100386 ] ] } },
{ "type": "Feature", "properties": { "u": 238, "v": 306, "key": 0, "oneway": "False", "highway": "unclassified", "name": "", "maxspeed": "RU:living_street", "lanes": "2", "osmid": [ 995233928, 1370382531, 141913197 ] }, "geometry": { "type": "LineString", "coordinates": [ [ 20.495053, 54.7096366 ], [ 20.4987421, 54.7080157 ] ] } },
{ "type": "Feature", "properties": { "u": 238, "v": 236, "key": 0, "oneway": "False", "highway": "residential", "name": "улица Юрия Савенко", "maxspeed": "RU:living_street", "lanes": "2", "osmid": [ 1370382529, 1370382530, 59848201 ] }, "geometry": { "type": "LineString", "coordinates": [ [ 20.495053, 54.7096366 ], [ 20.4945043, 54.7072555 ] ] } },
{ "type": "Feature", "properties": { "u": 239, "v": 241, "key": 0, "oneway": "False", "highway": "tertiary", "name": "улица Виктора Гюго", "maxspeed": "40", "lanes": "2", "osmid": [ 435401088, 59848742, 1370382555, 1370382544, 1370382545, 1370382546, 1370382547, 1370382548, 107444057, 1370382523 ] }, "geometry": { "type": "LineString", "coordinates": [ [ 20.5014008, 54.7067242 ], [ 20.5060085, 54.709343 ] ] } },
{ "type": "Feature", "properties": { "u": 239, "v": 240, "key": 0, "oneway": "False", "highway": "tertiary", "name": "улица Маршала Баграмяна", "maxspeed": "40", "lanes": "2", "osmid": [ 107444057, 1370382542, 1370382543 ] }, "geometry": { "type": "LineString", "coordinates": [ [ 20.5014008, 54.7067242 ], [ 20.4995355, 54.7068943 ] ] } },
{ "type": "Feature", "properties": { "u": 239, "v": 375, "key": 0, "oneway": "False", "highway": "residential", "name": "Красноярская улица", "maxspeed": "RU:living_street", "lanes": "2", "osmid": [ 59848780, 1370382533, 1370382535 ] }, "geometry": { "type": "LineString", "coordinates": [ [ 20.5014008, 54.7067242 ], [ 20.5017357, 54.7084151 ] ] } },
{ "type": "Feature", "properties": { "u": 240, "v": 244, "key": 0, "oneway": "False", "highway": "residential", "name": "Мариупольская улица", "maxspeed": "RU:living_street", "lanes": "2", "osmid": "59848741" }, "geometry": { "type": "LineString", "coordinates": [ [ 20.4995355, 54.7068943 ], [ 20.4997859, 54.707965 ] ] } },
{ "type": "Feature", "properties": { "u": 240, "v": 304, "key": 0, "oneway": "False", "highway": "tertiary", "name": "улица Маршала Баграмяна", "maxspeed": "40", "lanes": "2", "osmid": [ 995233929, 995233931 ] }, "geometry": { "type": "LineString", "coordinates": [ [ 20.4995355, 54.7068943 ], [ 20.4987075, 54.7069678 ] ] } },
{ "type": "Feature", "properties": { "u": 240, "v": 239, "key": 0, "oneway": "False", "highway": "tertiary", "name": "улица Маршала Баграмяна", "maxspeed": "40", "lanes": "2", "osmid": [ 107444057, 1370382542, 1370382543 ] }, "geometry": { "type": "LineString", "coordinates": [ [ 20.4995355, 54.7068943 ], [ 20.5014008, 54.7067242 ] ] } },
{ "type": "Feature", "properties": { "u": 241, "v": 243, "key": 0, "oneway": "True", "highway": "tertiary", "name": "улица Виктора Гюго", "maxspeed": "RU:urban", "lanes": "1", "osmid": [ 390819971, 59848743 ] }, "geometry": { "type": "LineString", "coordinates": [ [ 20.5060085, 54.709343 ], [ 20.5065065, 54.7095316 ] ] } },
{ "type": "Feature", "properties": { "u": 241, "v": 239, "key": 0, "oneway": "False", "highway": "tertiary", "name": "улица Виктора Гюго", "maxspeed": "40", "lanes": "2", "osmid": [ 435401088, 59848742, 1370382523, 1370382544, 1370382545, 1370382546, 1370382547, 1370382548, 107444057, 1370382555 ] }, "geometry": { "type": "LineString", "coordinates": [ [ 20.5060085, 54.709343 ], [ 20.5014008, 54.7067242 ] ] } },
{ "type": "Feature", "properties": { "u": 242, "v": 281, "key": 0, "oneway": "True", "highway": "primary", "name": "Московский проспект", "maxspeed": "RU:urban", "lanes": "3", "osmid": "106764631" }, "geometry": { "type": "LineString", "coordinates": [ [ 20.507242, 54.7096162 ], [ 20.5046324, 54.7099545 ] ] } },
{ "type": "Feature", "properties": { "u": 242, "v": 282, "key": 0, "oneway": "True", "highway": "primary_link", "name": "", "maxspeed": "40", "lanes": "1", "osmid": "128052452" }, "geometry": { "type": "LineString", "coordinates": [ [ 20.507242, 54.7096162 ], [ 20.5083606, 54.7096703 ] ] } },
{ "type": "Feature", "properties": { "u": 243, "v": 247, "key": 0, "oneway": "True", "highway": "primary", "name": "Московский проспект", "maxspeed": "RU:urban", "lanes": "4", "osmid": [ 131390536, 107444062 ] }, "geometry": { "type": "LineString", "coordinates": [ [ 20.5065065, 54.7095316 ], [ 20.5107883, 54.7088205 ] ] } },
{ "type": "Feature", "properties": { "u": 244, "v": 240, "key": 0, "oneway": "False", "highway": "residential", "name": "Мариупольская улица", "maxspeed": "RU:living_street", "lanes": "2", "osmid": "59848741" }, "geometry": { "type": "LineString", "coordinates": [ [ 20.4997859, 54.707965 ], [ 20.4995355, 54.7068943 ] ] } },
{ "type": "Feature", "properties": { "u": 245, "v": 323, "key": 0, "oneway": "False", "highway": "residential", "name": "Мариупольская улица", "maxspeed": "", "lanes": "2", "osmid": "59848744" }, "geometry": { "type": "LineString", "coordinates": [ [ 20.5002007, 54.710221 ], [ 20.5001352, 54.7099754 ] ] } },
{ "type": "Feature", "properties": { "u": 245, "v": 191, "key": 0, "oneway": "True", "highway": "primary", "name": "Московский проспект", "maxspeed": "RU:urban", "lanes": "4", "osmid": [ 989434928, 989434929 ] }, "geometry": { "type": "LineString", "coordinates": [ [ 20.5002007, 54.710221 ], [ 20.501644, 54.7100807 ] ] } },
{ "type": "Feature", "properties": { "u": 246, "v": 243, "key": 0, "oneway": "True", "highway": "primary", "name": "Московский проспект", "maxspeed": "RU:urban", "lanes": "3", "osmid": "424028541" }, "geometry": { "type": "LineString", "coordinates": [ [ 20.5058194, 54.7096277 ], [ 20.5065065, 54.7095316 ] ] } },
{ "type": "Feature", "properties": { "u": 246, "v": 241, "key": 0, "oneway": "True", "highway": "tertiary", "name": "улица Виктора Гюго", "maxspeed": "RU:urban", "lanes": "1", "osmid": [ 390819972, 59848740 ] }, "geometry": { "type": "LineString", "coordinates": [ [ 20.5058194, 54.7096277 ], [ 20.5060085, 54.709343 ] ] } },
{ "type": "Feature", "properties": { "u": 247, "v": 154, "key": 0, "oneway": "True", "highway": "primary", "name": "Московский проспект", "maxspeed": "RU:urban", "lanes": "4", "osmid": [ 155154862, 390819958 ] }, "geometry": { "type": "LineString", "coordinates": [ [ 20.5107883, 54.7088205 ], [ 20.5140085, 54.7085161 ] ] } },
{ "type": "Feature", "properties": { "u": 248, "v": 269, "key": 0, "oneway": "False", "highway": "residential", "name": "Клиническая улица", "maxspeed": "", "lanes": "2", "osmid": "60733981" }, "geometry": { "type": "LineString", "coordinates": [ [ 20.5185437, 54.712499 ], [ 20.5190862, 54.713068 ] ] } },
{ "type": "Feature", "properties": { "u": 248, "v": 111, "key": 0, "oneway": "True", "highway": "residential", "name": "Клиническая улица", "maxspeed": "", "lanes": "1", "osmid": "60733992" }, "geometry": { "type": "LineString", "coordinates": [ [ 20.5185437, 54.712499 ], [ 20.5178919, 54.7120248 ] ] } },
{ "type": "Feature", "properties": { "u": 249, "v": 248, "key": 0, "oneway": "True", "highway": "residential", "name": "Клиническая улица", "maxspeed": "", "lanes": "1", "osmid": "60733982" }, "geometry": { "type": "LineString", "coordinates": [ [ 20.5184074, 54.7119939 ], [ 20.5185437, 54.712499 ] ] } },
{ "type": "Feature", "properties": { "u": 249, "v": 111, "key": 0, "oneway": "True", "highway": "secondary", "name": "улица Шевченко", "maxspeed": "RU:urban", "lanes": "2", "osmid": "669755258" }, "geometry": { "type": "LineString", "coordinates": [ [ 20.5184074, 54.7119939 ], [ 20.5178919, 54.7120248 ] ] } },
{ "type": "Feature", "properties": { "u": 250, "v": 106, "key": 0, "oneway": "False", "highway": "primary", "name": "улица Александра Суворова", "maxspeed": "RU:urban", "lanes": "4", "osmid": [ 43073288, 981660658, 130867096, 43073286 ] }, "geometry": { "type": "LineString", "coordinates": [ [ 20.4881305, 54.6955438 ], [ 20.4925415, 54.6963885 ] ] } },
{ "type": "Feature", "properties": { "u": 250, "v": 463, "key": 0, "oneway": "False", "highway": "unclassified", "name": "улица Александра Суворова", "maxspeed": "", "lanes": "2", "osmid": "61413347" }, "geometry": { "type": "LineString", "coordinates": [ [ 20.4881305, 54.6955438 ], [ 20.4862047, 54.6946182 ] ] } },
{ "type": "Feature", "properties": { "u": 251, "v": 106, "key": 0, "oneway": "False", "highway": "residential", "name": "Южная улица", "maxspeed": "RU:urban", "lanes": "2", "osmid": "130867095" }, "geometry": { "type": "LineString", "coordinates": [ [ 20.4917183, 54.6969857 ], [ 20.4925415, 54.6963885 ] ] } },
{ "type": "Feature", "properties": { "u": 252, "v": 28, "key": 0, "oneway": "True", "highway": "primary", "name": "Московский проспект", "maxspeed": "RU:urban", "lanes": "3", "osmid": "155154858" }, "geometry": { "type": "LineString", "coordinates": [ [ 20.5108975, 54.7089954 ], [ 20.5098464, 54.7091848 ] ] } },
{ "type": "Feature", "properties": { "u": 252, "v": 247, "key": 0, "oneway": "True", "highway": "primary_link", "name": "", "maxspeed": "", "lanes": "1", "osmid": "64310804" }, "geometry": { "type": "LineString", "coordinates": [ [ 20.5108975, 54.7089954 ], [ 20.5107883, 54.7088205 ] ] } },
{ "type": "Feature", "properties": { "u": 253, "v": 278, "key": 0, "oneway": "True", "highway": "primary", "name": "Московский проспект", "maxspeed": "RU:urban", "lanes": "3", "osmid": [ 107444058, 323342461 ] }, "geometry": { "type": "LineString", "coordinates": [ [ 20.5140062, 54.7087065 ], [ 20.5118355, 54.7088731 ] ] } },
{ "type": "Feature", "properties": { "u": 254, "v": 32, "key": 0, "oneway": "False", "highway": "residential", "name": "Водная улица", "maxspeed": "", "lanes": "2", "osmid": "71424058" }, "geometry": { "type": "LineString", "coordinates": [ [ 20.5256957, 54.6953018 ], [ 20.5242181, 54.694419 ] ] } },
{ "type": "Feature", "properties": { "u": 255, "v": 367, "key": 0, "oneway": "True", "highway": "secondary", "name": "", "maxspeed": "", "lanes": "", "osmid": "1362412327" }, "geometry": { "type": "LineString", "coordinates": [ [ 20.4885573, 54.7061824 ], [ 20.489078, 54.7062036 ] ] } },
{ "type": "Feature", "properties": { "u": 255, "v": 14, "key": 0, "oneway": "False", "highway": "secondary", "name": "Правая набережная", "maxspeed": "RU:urban", "lanes": "3", "osmid": [ 1362412330, 37418853 ] }, "geometry": { "type": "LineString", "coordinates": [ [ 20.4885573, 54.7061824 ], [ 20.4889774, 54.7063397 ] ] } },
{ "type": "Feature", "properties": { "u": 256, "v": 94, "key": 0, "oneway": "True", "highway": "primary", "name": "проспект Мира", "maxspeed": "RU:urban", "lanes": "2", "osmid": [ 980844490, 980844491 ] }, "geometry": { "type": "LineString", "coordinates": [ [ 20.4880908, 54.7201652 ], [ 20.4875892, 54.7201671 ] ] } },
{ "type": "Feature", "properties": { "u": 257, "v": 57, "key": 0, "oneway": "True", "highway": "primary", "name": "улица Румянцева", "maxspeed": "40", "lanes": "3", "osmid": "42452218" }, "geometry": { "type": "LineString", "coordinates": [ [ 20.4939504, 54.7113169 ], [ 20.4940509, 54.7110862 ] ] } },
{ "type": "Feature", "properties": { "u": 257, "v": 258, "key": 0, "oneway": "False", "highway": "residential", "name": "улица Генерала Галицкого", "maxspeed": "", "lanes": "2", "osmid": "78049369" }, "geometry": { "type": "LineString", "coordinates": [ [ 20.4939504, 54.7113169 ], [ 20.4926183, 54.7101337 ] ] } },
{ "type": "Feature", "properties": { "u": 258, "v": 260, "key": 0, "oneway": "False", "highway": "residential", "name": "", "maxspeed": "", "lanes": "", "osmid": "391912641" }, "geometry": { "type": "LineString", "coordinates": [ [ 20.4926183, 54.7101337 ], [ 20.4929074, 54.7101266 ] ] } },
{ "type": "Feature", "properties": { "u": 258, "v": 259, "key": 0, "oneway": "False", "highway": "residential", "name": "улица Генерала Галицкого", "maxspeed": "", "lanes": "2", "osmid": "78049369" }, "geometry": { "type": "LineString", "coordinates": [ [ 20.4926183, 54.7101337 ], [ 20.4925497, 54.7099233 ] ] } },
{ "type": "Feature", "properties": { "u": 258, "v": 257, "key": 0, "oneway": "False", "highway": "residential", "name": "улица Генерала Галицкого", "maxspeed": "", "lanes": "2", "osmid": "78049369" }, "geometry": { "type": "LineString", "coordinates": [ [ 20.4926183, 54.7101337 ], [ 20.4939504, 54.7113169 ] ] } },
{ "type": "Feature", "properties": { "u": 259, "v": 283, "key": 0, "oneway": "True", "highway": "primary", "name": "улица Генерала Буткова", "maxspeed": "RU:urban", "lanes": "3", "osmid": "42990364" }, "geometry": { "type": "LineString", "coordinates": [ [ 20.4925497, 54.7099233 ], [ 20.4899832, 54.7080715 ] ] } },
{ "type": "Feature", "properties": { "u": 259, "v": 258, "key": 0, "oneway": "False", "highway": "residential", "name": "улица Генерала Галицкого", "maxspeed": "", "lanes": "2", "osmid": "78049369" }, "geometry": { "type": "LineString", "coordinates": [ [ 20.4925497, 54.7099233 ], [ 20.4926183, 54.7101337 ] ] } },
{ "type": "Feature", "properties": { "u": 260, "v": 259, "key": 0, "oneway": "True", "highway": "primary", "name": "улица Генерала Буткова", "maxspeed": "RU:urban", "lanes": "3", "osmid": "42990364" }, "geometry": { "type": "LineString", "coordinates": [ [ 20.4929074, 54.7101266 ], [ 20.4925497, 54.7099233 ] ] } },
{ "type": "Feature", "properties": { "u": 260, "v": 258, "key": 0, "oneway": "False", "highway": "residential", "name": "", "maxspeed": "", "lanes": "", "osmid": "391912641" }, "geometry": { "type": "LineString", "coordinates": [ [ 20.4929074, 54.7101266 ], [ 20.4926183, 54.7101337 ] ] } },
{ "type": "Feature", "properties": { "u": 261, "v": 312, "key": 0, "oneway": "True", "highway": "primary", "name": "Московский проспект", "maxspeed": "RU:urban", "lanes": "3", "osmid": "301398595" }, "geometry": { "type": "LineString", "coordinates": [ [ 20.5240694, 54.7092715 ], [ 20.5232373, 54.7092189 ] ] } },
{ "type": "Feature", "properties": { "u": 261, "v": 262, "key": 0, "oneway": "True", "highway": "primary_link", "name": "Строительная улица", "maxspeed": "RU:urban", "lanes": "1", "osmid": [ 169718678, 96246462 ] }, "geometry": { "type": "LineString", "coordinates": [ [ 20.5240694, 54.7092715 ], [ 20.5226787, 54.7112207 ] ] } },
{ "type": "Feature", "properties": { "u": 262, "v": 479, "key": 0, "oneway": "True", "highway": "primary", "name": "Второй эстакадный мост", "maxspeed": "60", "lanes": "4", "osmid": [ 1370382568, 143207757 ] }, "geometry": { "type": "LineString", "coordinates": [ [ 20.5226787, 54.7112207 ], [ 20.522501, 54.712181 ] ] } },
{ "type": "Feature", "properties": { "u": 263, "v": 137, "key": 0, "oneway": "True", "highway": "primary", "name": "Московский проспект", "maxspeed": "RU:urban", "lanes": "4", "osmid": [ 323342457, 155154859 ] }, "geometry": { "type": "LineString", "coordinates": [ [ 20.5218878, 54.7091334 ], [ 20.5202993, 54.7090255 ] ] } },
{ "type": "Feature", "properties": { "u": 264, "v": 313, "key": 0, "oneway": "True", "highway": "primary", "name": "Второй эстакадный мост", "maxspeed": "RU:urban", "lanes": "2", "osmid": "142675429" }, "geometry": { "type": "LineString", "coordinates": [ [ 20.5224475, 54.7106836 ], [ 20.5226148, 54.7100649 ] ] } },
{ "type": "Feature", "properties": { "u": 264, "v": 263, "key": 0, "oneway": "True", "highway": "primary_link", "name": "Строительная улица", "maxspeed": "40", "lanes": "1", "osmid": [ 1370697584, 144864633, 169718677 ] }, "geometry": { "type": "LineString", "coordinates": [ [ 20.5224475, 54.7106836 ], [ 20.5218878, 54.7091334 ] ] } },
{ "type": "Feature", "properties": { "u": 265, "v": 571, "key": 0, "oneway": "False", "highway": "residential", "name": "Серпуховский переулок", "maxspeed": "", "lanes": "", "osmid": "137954647" }, "geometry": { "type": "LineString", "coordinates": [ [ 20.4996078, 54.6983706 ], [ 20.4995974, 54.6984181 ] ] } },
{ "type": "Feature", "properties": { "u": 265, "v": 205, "key": 0, "oneway": "True", "highway": "secondary", "name": "улица Багратиона", "maxspeed": "RU:urban", "lanes": "1", "osmid": [ 713320341, 982439567 ] }, "geometry": { "type": "LineString", "coordinates": [ [ 20.4996078, 54.6983706 ], [ 20.5004361, 54.6984158 ] ] } },
{ "type": "Feature", "properties": { "u": 265, "v": 598, "key": 0, "oneway": "False", "highway": "residential", "name": "Серпуховский переулок", "maxspeed": "", "lanes": "", "osmid": [ 996149801, 1372496943 ] }, "geometry": { "type": "LineString", "coordinates": [ [ 20.4996078, 54.6983706 ], [ 20.5003944, 54.6969132 ] ] } },
{ "type": "Feature", "properties": { "u": 266, "v": 267, "key": 0, "oneway": "True", "highway": "secondary_link", "name": "", "maxspeed": "", "lanes": "1", "osmid": "99757353" }, "geometry": { "type": "LineString", "coordinates": [ [ 20.5135546, 54.710786 ], [ 20.5136366, 54.7109573 ] ] } },
{ "type": "Feature", "properties": { "u": 266, "v": 114, "key": 0, "oneway": "True", "highway": "secondary", "name": "улица Шевченко", "maxspeed": "40", "lanes": "3", "osmid": [ 309433016, 107174505, 311079025, 311079030 ] }, "geometry": { "type": "LineString", "coordinates": [ [ 20.5135546, 54.710786 ], [ 20.5181301, 54.7116375 ] ] } },
{ "type": "Feature", "properties": { "u": 267, "v": 116, "key": 0, "oneway": "True", "highway": "secondary", "name": "улица Шевченко", "maxspeed": "RU:urban", "lanes": "3", "osmid": "107174502" }, "geometry": { "type": "LineString", "coordinates": [ [ 20.5136366, 54.7109573 ], [ 20.5125603, 54.7111295 ] ] } },
{ "type": "Feature", "properties": { "u": 268, "v": 270, "key": 0, "oneway": "True", "highway": "secondary_link", "name": "", "maxspeed": "", "lanes": "1", "osmid": "102438756" }, "geometry": { "type": "LineString", "coordinates": [ [ 20.5109344, 54.7113935 ], [ 20.5108595, 54.7112358 ] ] } },
{ "type": "Feature", "properties": { "u": 268, "v": 0, "key": 0, "oneway": "True", "highway": "secondary", "name": "улица Шевченко", "maxspeed": "RU:urban", "lanes": "4", "osmid": [ 43570906, 107174500 ] }, "geometry": { "type": "LineString", "coordinates": [ [ 20.5109344, 54.7113935 ], [ 20.5092469, 54.7116946 ] ] } },
{ "type": "Feature", "properties": { "u": 269, "v": 248, "key": 0, "oneway": "False", "highway": "residential", "name": "Клиническая улица", "maxspeed": "", "lanes": "2", "osmid": "60733981" }, "geometry": { "type": "LineString", "coordinates": [ [ 20.5190862, 54.713068 ], [ 20.5185437, 54.712499 ] ] } },
{ "type": "Feature", "properties": { "u": 269, "v": 120, "key": 0, "oneway": "False", "highway": "residential", "name": "Клиническая улица", "maxspeed": "", "lanes": "2", "osmid": "106485873" }, "geometry": { "type": "LineString", "coordinates": [ [ 20.5190862, 54.713068 ], [ 20.5196258, 54.7135466 ] ] } },
{ "type": "Feature", "properties": { "u": 269, "v": 421, "key": 0, "oneway": "False", "highway": "residential", "name": "", "maxspeed": "", "lanes": "2", "osmid": [ 1372195043, 1372195044, 1372195045, 1372195046, 1372195047, 352319127, 367861815, 669755259 ] }, "geometry": { "type": "LineString", "coordinates": [ [ 20.5190862, 54.713068 ], [ 20.5219068, 54.7130892 ] ] } },
{ "type": "Feature", "properties": { "u": 270, "v": 266, "key": 0, "oneway": "True", "highway": "secondary", "name": "улица Шевченко", "maxspeed": "RU:urban", "lanes": "4", "osmid": [ 214752255, 107174503 ] }, "geometry": { "type": "LineString", "coordinates": [ [ 20.5108595, 54.7112358 ], [ 20.5135546, 54.710786 ] ] } },
{ "type": "Feature", "properties": { "u": 271, "v": 272, "key": 0, "oneway": "False", "highway": "living_street", "name": "", "maxspeed": "RU:living_street", "lanes": "", "osmid": "102953156" }, "geometry": { "type": "LineString", "coordinates": [ [ 20.5021869, 54.7159828 ], [ 20.5018127, 54.7161238 ] ] } },
{ "type": "Feature", "properties": { "u": 271, "v": 394, "key": 0, "oneway": "True", "highway": "residential", "name": "Космическая улица", "maxspeed": "RU:urban", "lanes": "2", "osmid": [ 204024684, 1372756614 ] }, "geometry": { "type": "LineString", "coordinates": [ [ 20.5021869, 54.7159828 ], [ 20.5012547, 54.7151467 ] ] } },
{ "type": "Feature", "properties": { "u": 271, "v": 383, "key": 0, "oneway": "False", "highway": "living_street", "name": "", "maxspeed": "RU:living_street", "lanes": "", "osmid": "287010181" }, "geometry": { "type": "LineString", "coordinates": [ [ 20.5021869, 54.7159828 ], [ 20.5028231, 54.7156947 ] ] } },
{ "type": "Feature", "properties": { "u": 272, "v": 271, "key": 0, "oneway": "False", "highway": "living_street", "name": "", "maxspeed": "RU:living_street", "lanes": "", "osmid": "102953156" }, "geometry": { "type": "LineString", "coordinates": [ [ 20.5018127, 54.7161238 ], [ 20.5021869, 54.7159828 ] ] } },
{ "type": "Feature", "properties": { "u": 272, "v": 273, "key": 0, "oneway": "False", "highway": "living_street", "name": "", "maxspeed": "RU:living_street", "lanes": "", "osmid": "102953156" }, "geometry": { "type": "LineString", "coordinates": [ [ 20.5018127, 54.7161238 ], [ 20.5014149, 54.7162737 ] ] } },
{ "type": "Feature", "properties": { "u": 272, "v": 273, "key": 1, "oneway": "False", "highway": "living_street", "name": "", "maxspeed": "RU:living_street", "lanes": "", "osmid": "102953158" }, "geometry": { "type": "LineString", "coordinates": [ [ 20.5018127, 54.7161238 ], [ 20.5014149, 54.7162737 ] ] } },
{ "type": "Feature", "properties": { "u": 273, "v": 272, "key": 0, "oneway": "False", "highway": "living_street", "name": "", "maxspeed": "RU:living_street", "lanes": "", "osmid": "102953156" }, "geometry": { "type": "LineString", "coordinates": [ [ 20.5014149, 54.7162737 ], [ 20.5018127, 54.7161238 ] ] } },
{ "type": "Feature", "properties": { "u": 273, "v": 272, "key": 1, "oneway": "False", "highway": "living_street", "name": "", "maxspeed": "RU:living_street", "lanes": "", "osmid": "102953158" }, "geometry": { "type": "LineString", "coordinates": [ [ 20.5014149, 54.7162737 ], [ 20.5018127, 54.7161238 ] ] } },
{ "type": "Feature", "properties": { "u": 273, "v": 274, "key": 0, "oneway": "False", "highway": "living_street", "name": "", "maxspeed": "RU:living_street", "lanes": "", "osmid": "102953156" }, "geometry": { "type": "LineString", "coordinates": [ [ 20.5014149, 54.7162737 ], [ 20.5009807, 54.716438 ] ] } },
{ "type": "Feature", "properties": { "u": 274, "v": 273, "key": 0, "oneway": "False", "highway": "living_street", "name": "", "maxspeed": "RU:living_street", "lanes": "", "osmid": "102953156" }, "geometry": { "type": "LineString", "coordinates": [ [ 20.5009807, 54.716438 ], [ 20.5014149, 54.7162737 ] ] } },
{ "type": "Feature", "properties": { "u": 275, "v": 307, "key": 0, "oneway": "True", "highway": "primary_link", "name": "Второй эстакадный мост", "maxspeed": "RU:urban", "lanes": "2", "osmid": "133259327" }, "geometry": { "type": "LineString", "coordinates": [ [ 20.5208397, 54.6953997 ], [ 20.5210804, 54.6955383 ] ] } },
{ "type": "Feature", "properties": { "u": 275, "v": 556, "key": 0, "oneway": "True", "highway": "primary", "name": "проспект Калинина", "maxspeed": "RU:urban", "lanes": "3", "osmid": [ 981301874, 981301875 ] }, "geometry": { "type": "LineString", "coordinates": [ [ 20.5208397, 54.6953997 ], [ 20.5219864, 54.6957469 ] ] } },
{ "type": "Feature", "properties": { "u": 276, "v": 277, "key": 0, "oneway": "True", "highway": "primary", "name": "Второй эстакадный мост", "maxspeed": "RU:urban", "lanes": "3", "osmid": "423080016" }, "geometry": { "type": "LineString", "coordinates": [ [ 20.5228827, 54.7018898 ], [ 20.5237522, 54.7036016 ] ] } },
{ "type": "Feature", "properties": { "u": 277, "v": 451, "key": 0, "oneway": "True", "highway": "primary", "name": "Второй эстакадный мост", "maxspeed": "RU:urban", "lanes": "2", "osmid": "148444170" }, "geometry": { "type": "LineString", "coordinates": [ [ 20.5237522, 54.7036016 ], [ 20.5236843, 54.7065394 ] ] } },
{ "type": "Feature", "properties": { "u": 277, "v": 447, "key": 0, "oneway": "True", "highway": "secondary", "name": "", "maxspeed": "30", "lanes": "1", "osmid": [ 334543660, 334543654 ] }, "geometry": { "type": "LineString", "coordinates": [ [ 20.5237522, 54.7036016 ], [ 20.5281069, 54.7044469 ] ] } },
{ "type": "Feature", "properties": { "u": 278, "v": 279, "key": 0, "oneway": "True", "highway": "primary_link", "name": "", "maxspeed": "RU:urban", "lanes": "1", "osmid": "128052451" }, "geometry": { "type": "LineString", "coordinates": [ [ 20.5118355, 54.7088731 ], [ 20.5088109, 54.7102455 ] ] } },
{ "type": "Feature", "properties": { "u": 278, "v": 252, "key": 0, "oneway": "True", "highway": "primary", "name": "Московский проспект", "maxspeed": "RU:urban", "lanes": "4", "osmid": "128167913" }, "geometry": { "type": "LineString", "coordinates": [ [ 20.5118355, 54.7088731 ], [ 20.5108975, 54.7089954 ] ] } },
{ "type": "Feature", "properties": { "u": 279, "v": 18, "key": 0, "oneway": "True", "highway": "primary", "name": "Ленинский проспект", "maxspeed": "RU:urban", "lanes": "3", "osmid": [ 101331081, 106609551 ] }, "geometry": { "type": "LineString", "coordinates": [ [ 20.5088109, 54.7102455 ], [ 20.5091923, 54.7109784 ] ] } },
{ "type": "Feature", "properties": { "u": 280, "v": 282, "key": 0, "oneway": "True", "highway": "primary", "name": "Ленинский проспект", "maxspeed": "RU:urban", "lanes": "2", "osmid": "980011163" }, "geometry": { "type": "LineString", "coordinates": [ [ 20.5085551, 54.7101149 ], [ 20.5083606, 54.7096703 ] ] } },
{ "type": "Feature", "properties": { "u": 280, "v": 281, "key": 0, "oneway": "True", "highway": "primary_link", "name": "", "maxspeed": "40", "lanes": "1", "osmid": [ 1370697572, 128167916 ] }, "geometry": { "type": "LineString", "coordinates": [ [ 20.5085551, 54.7101149 ], [ 20.5046324, 54.7099545 ] ] } },
{ "type": "Feature", "properties": { "u": 281, "v": 408, "key": 0, "oneway": "True", "highway": "primary", "name": "Московский проспект", "maxspeed": "RU:urban", "lanes": "3", "osmid": "404700844" }, "geometry": { "type": "LineString", "coordinates": [ [ 20.5046324, 54.7099545 ], [ 20.5032711, 54.7100769 ] ] } },
{ "type": "Feature", "properties": { "u": 282, "v": 521, "key": 0, "oneway": "True", "highway": "primary", "name": "Ленинский проспект", "maxspeed": "RU:urban", "lanes": "2", "osmid": [ 980011164, 980406604 ] }, "geometry": { "type": "LineString", "coordinates": [ [ 20.5083606, 54.7096703 ], [ 20.5057378, 54.7043823 ] ] } },
{ "type": "Feature", "properties": { "u": 283, "v": 59, "key": 0, "oneway": "True", "highway": "primary", "name": "улица Генерала Буткова", "maxspeed": "RU:urban", "lanes": "4", "osmid": [ 1370382539, 1370382540, 1370382541, 59848199 ] }, "geometry": { "type": "LineString", "coordinates": [ [ 20.4899832, 54.7080715 ], [ 20.4945006, 54.710622 ] ] } },
{ "type": "Feature", "properties": { "u": 283, "v": 99, "key": 0, "oneway": "False", "highway": "primary", "name": "Гвардейский проспект", "maxspeed": "RU:urban", "lanes": "3", "osmid": [ 210189712, 1012813127 ] }, "geometry": { "type": "LineString", "coordinates": [ [ 20.4899832, 54.7080715 ], [ 20.4898713, 54.706835 ] ] } },
{ "type": "Feature", "properties": { "u": 284, "v": 279, "key": 0, "oneway": "True", "highway": "primary", "name": "Ленинский проспект", "maxspeed": "RU:urban", "lanes": "2", "osmid": [ 101331082, 128167915 ] }, "geometry": { "type": "LineString", "coordinates": [ [ 20.5084991, 54.7095829 ], [ 20.5088109, 54.7102455 ] ] } },
{ "type": "Feature", "properties": { "u": 284, "v": 28, "key": 0, "oneway": "True", "highway": "primary_link", "name": "", "maxspeed": "40", "lanes": "1", "osmid": [ 323342465, 128052453, 323342463 ] }, "geometry": { "type": "LineString", "coordinates": [ [ 20.5084991, 54.7095829 ], [ 20.5098464, 54.7091848 ] ] } },
{ "type": "Feature", "properties": { "u": 285, "v": 286, "key": 0, "oneway": "False", "highway": "residential", "name": "улица Дмитрия Донского", "maxspeed": "", "lanes": "2", "osmid": [ 132936459, 1374294957 ] }, "geometry": { "type": "LineString", "coordinates": [ [ 20.4896339, 54.7147415 ], [ 20.4891993, 54.7158234 ] ] } },
{ "type": "Feature", "properties": { "u": 286, "v": 285, "key": 0, "oneway": "False", "highway": "residential", "name": "улица Дмитрия Донского", "maxspeed": "", "lanes": "2", "osmid": [ 132936459, 1374294957 ] }, "geometry": { "type": "LineString", "coordinates": [ [ 20.4891993, 54.7158234 ], [ 20.4896339, 54.7147415 ] ] } },
{ "type": "Feature", "properties": { "u": 286, "v": 95, "key": 0, "oneway": "False", "highway": "tertiary", "name": "улица Дмитрия Донского", "maxspeed": "RU:urban", "lanes": "2", "osmid": "1107464569" }, "geometry": { "type": "LineString", "coordinates": [ [ 20.4891993, 54.7158234 ], [ 20.4881638, 54.7158868 ] ] } },
{ "type": "Feature", "properties": { "u": 286, "v": 417, "key": 0, "oneway": "False", "highway": "tertiary", "name": "улица Дмитрия Донского", "maxspeed": "RU:urban", "lanes": "2", "osmid": [ 1107464570, 42758531, 1374294958, 1374294959 ] }, "geometry": { "type": "LineString", "coordinates": [ [ 20.4891993, 54.7158234 ], [ 20.4925655, 54.7170228 ] ] } },
{ "type": "Feature", "properties": { "u": 287, "v": 404, "key": 0, "oneway": "False", "highway": "living_street", "name": "", "maxspeed": "RU:living_street", "lanes": "", "osmid": "1020261721" }, "geometry": { "type": "LineString", "coordinates": [ [ 20.5001386, 54.6965358 ], [ 20.5001653, 54.6965266 ] ] } },
{ "type": "Feature", "properties": { "u": 287, "v": 557, "key": 0, "oneway": "False", "highway": "living_street", "name": "", "maxspeed": "RU:living_street", "lanes": "", "osmid": "133161934" }, "geometry": { "type": "LineString", "coordinates": [ [ 20.5001386, 54.6965358 ], [ 20.4987861, 54.6963035 ] ] } },
{ "type": "Feature", "properties": { "u": 287, "v": 360, "key": 0, "oneway": "False", "highway": "living_street", "name": "", "maxspeed": "RU:living_street", "lanes": "", "osmid": "852163345" }, "geometry": { "type": "LineString", "coordinates": [ [ 20.5001386, 54.6965358 ], [ 20.499213, 54.6969452 ] ] } },
{ "type": "Feature", "properties": { "u": 288, "v": 289, "key": 0, "oneway": "True", "highway": "primary_link", "name": "Второй эстакадный мост", "maxspeed": "60", "lanes": "2", "osmid": "133259317" }, "geometry": { "type": "LineString", "coordinates": [ [ 20.5216729, 54.6959169 ], [ 20.5209495, 54.6961163 ] ] } },
{ "type": "Feature", "properties": { "u": 288, "v": 379, "key": 0, "oneway": "True", "highway": "secondary", "name": "улица Дзержинского", "maxspeed": "RU:urban", "lanes": "1", "osmid": [ 982439548, 216368630 ] }, "geometry": { "type": "LineString", "coordinates": [ [ 20.5216729, 54.6959169 ], [ 20.5210075, 54.6963131 ] ] } },
{ "type": "Feature", "properties": { "u": 289, "v": 276, "key": 0, "oneway": "True", "highway": "primary", "name": "Второй эстакадный мост", "maxspeed": "RU:urban", "lanes": "3", "osmid": [ 423080017, 423080013, 133259326, 423080015 ] }, "geometry": { "type": "LineString", "coordinates": [ [ 20.5209495, 54.6961163 ], [ 20.5228827, 54.7018898 ] ] } },
{ "type": "Feature", "properties": { "u": 290, "v": 103, "key": 0, "oneway": "True", "highway": "primary", "name": "Октябрьская улица", "maxspeed": "RU:urban", "lanes": "4", "osmid": "135731532" }, "geometry": { "type": "LineString", "coordinates": [ [ 20.5166015, 54.6966762 ], [ 20.5166158, 54.6965384 ] ] } },
{ "type": "Feature", "properties": { "u": 291, "v": 290, "key": 0, "oneway": "True", "highway": "primary", "name": "Второй эстакадный мост", "maxspeed": "RU:urban", "lanes": "2", "osmid": "142675431" }, "geometry": { "type": "LineString", "coordinates": [ [ 20.5175632, 54.6971877 ], [ 20.5166015, 54.6966762 ] ] } },
{ "type": "Feature", "properties": { "u": 291, "v": 17, "key": 0, "oneway": "True", "highway": "secondary", "name": "Второй эстакадный мост", "maxspeed": "RU:urban", "lanes": "2", "osmid": [ 1370089160, 982459601, 133259309 ] }, "geometry": { "type": "LineString", "coordinates": [ [ 20.5175632, 54.6971877 ], [ 20.5171454, 54.6982914 ] ] } },
{ "type": "Feature", "properties": { "u": 292, "v": 309, "key": 0, "oneway": "True", "highway": "primary", "name": "Второй эстакадный мост", "maxspeed": "60", "lanes": "2", "osmid": "203480701" }, "geometry": { "type": "LineString", "coordinates": [ [ 20.5233374, 54.7079489 ], [ 20.5232326, 54.7084439 ] ] } },
{ "type": "Feature", "properties": { "u": 292, "v": 294, "key": 0, "oneway": "True", "highway": "primary_link", "name": "", "maxspeed": "40", "lanes": "1", "osmid": [ 169718675, 133259310 ] }, "geometry": { "type": "LineString", "coordinates": [ [ 20.5233374, 54.7079489 ], [ 20.5242902, 54.7091084 ] ] } },
{ "type": "Feature", "properties": { "u": 293, "v": 308, "key": 0, "oneway": "True", "highway": "primary", "name": "Второй эстакадный мост", "maxspeed": "RU:urban", "lanes": "2", "osmid": "214749188" }, "geometry": { "type": "LineString", "coordinates": [ [ 20.5230223, 54.7084559 ], [ 20.5231244, 54.7078922 ] ] } },
{ "type": "Feature", "properties": { "u": 293, "v": 295, "key": 0, "oneway": "True", "highway": "primary_link", "name": "", "maxspeed": "40", "lanes": "1", "osmid": [ 169718681, 308387923 ] }, "geometry": { "type": "LineString", "coordinates": [ [ 20.5230223, 54.7084559 ], [ 20.5226703, 54.7089876 ] ] } },
{ "type": "Feature", "properties": { "u": 294, "v": 141, "key": 0, "oneway": "True", "highway": "primary", "name": "Московский проспект", "maxspeed": "40", "lanes": "4", "osmid": [ 231200840, 135731530, 231200843 ] }, "geometry": { "type": "LineString", "coordinates": [ [ 20.5242902, 54.7091084 ], [ 20.5264636, 54.7093273 ] ] } },
{ "type": "Feature", "properties": { "u": 295, "v": 311, "key": 0, "oneway": "True", "highway": "primary", "name": "Московский проспект", "maxspeed": "RU:urban", "lanes": "4", "osmid": "308387914" }, "geometry": { "type": "LineString", "coordinates": [ [ 20.5226703, 54.7089876 ], [ 20.5232338, 54.7090317 ] ] } },
{ "type": "Feature", "properties": { "u": 296, "v": 263, "key": 0, "oneway": "True", "highway": "primary", "name": "Московский проспект", "maxspeed": "RU:urban", "lanes": "4", "osmid": "148444180" }, "geometry": { "type": "LineString", "coordinates": [ [ 20.5226373, 54.7091865 ], [ 20.5218878, 54.7091334 ] ] } },
{ "type": "Feature", "properties": { "u": 296, "v": 313, "key": 0, "oneway": "True", "highway": "primary_link", "name": "", "maxspeed": "40", "lanes": "1", "osmid": [ 169718676, 135625557 ] }, "geometry": { "type": "LineString", "coordinates": [ [ 20.5226373, 54.7091865 ], [ 20.5226148, 54.7100649 ] ] } },
{ "type": "Feature", "properties": { "u": 297, "v": 609, "key": 0, "oneway": "True", "highway": "primary", "name": "Ленинский проспект", "maxspeed": "RU:urban", "lanes": "2", "osmid": [ 1020261722, 45507669 ] }, "geometry": { "type": "LineString", "coordinates": [ [ 20.500914, 54.6967997 ], [ 20.500033, 54.6958706 ] ] } },
{ "type": "Feature", "properties": { "u": 297, "v": 405, "key": 0, "oneway": "False", "highway": "residential", "name": "Серпуховский переулок", "maxspeed": "", "lanes": "", "osmid": "1372496945" }, "geometry": { "type": "LineString", "coordinates": [ [ 20.500914, 54.6967997 ], [ 20.5004843, 54.696907 ] ] } },
{ "type": "Feature", "properties": { "u": 298, "v": 42, "key": 0, "oneway": "True", "highway": "primary", "name": "Ленинский проспект", "maxspeed": "40", "lanes": "4", "osmid": [ 132322809, 641649491, 996149788, 360956814 ] }, "geometry": { "type": "LineString", "coordinates": [ [ 20.5032725, 54.6993252 ], [ 20.505005, 54.7023851 ] ] } },
{ "type": "Feature", "properties": { "u": 299, "v": 300, "key": 0, "oneway": "False", "highway": "residential", "name": "", "maxspeed": "", "lanes": "", "osmid": "140385132" }, "geometry": { "type": "LineString", "coordinates": [ [ 20.5064102, 54.6961159 ], [ 20.5075874, 54.6971124 ] ] } },
{ "type": "Feature", "properties": { "u": 300, "v": 301, "key": 0, "oneway": "False", "highway": "tertiary", "name": "улица Богдана Хмельницкого", "maxspeed": "RU:urban", "lanes": "2", "osmid": "713320366" }, "geometry": { "type": "LineString", "coordinates": [ [ 20.5075874, 54.6971124 ], [ 20.5082349, 54.6971274 ] ] } },
{ "type": "Feature", "properties": { "u": 300, "v": 176, "key": 0, "oneway": "False", "highway": "tertiary", "name": "улица Богдана Хмельницкого", "maxspeed": "RU:urban", "lanes": "2", "osmid": "989399981" }, "geometry": { "type": "LineString", "coordinates": [ [ 20.5075874, 54.6971124 ], [ 20.5069001, 54.6971005 ] ] } },
{ "type": "Feature", "properties": { "u": 300, "v": 299, "key": 0, "oneway": "False", "highway": "residential", "name": "", "maxspeed": "", "lanes": "", "osmid": "140385132" }, "geometry": { "type": "LineString", "coordinates": [ [ 20.5075874, 54.6971124 ], [ 20.5064102, 54.6961159 ] ] } },
{ "type": "Feature", "properties": { "u": 301, "v": 147, "key": 0, "oneway": "False", "highway": "tertiary", "name": "улица Богдана Хмельницкого", "maxspeed": "RU:urban", "lanes": "2", "osmid": "368032600" }, "geometry": { "type": "LineString", "coordinates": [ [ 20.5082349, 54.6971274 ], [ 20.5087539, 54.6971395 ] ] } },
{ "type": "Feature", "properties": { "u": 301, "v": 147, "key": 1, "oneway": "False", "highway": "living_street", "name": "", "maxspeed": "RU:living_street", "lanes": "", "osmid": "140385130" }, "geometry": { "type": "LineString", "coordinates": [ [ 20.5082349, 54.6971274 ], [ 20.5087539, 54.6971395 ] ] } },
{ "type": "Feature", "properties": { "u": 301, "v": 300, "key": 0, "oneway": "False", "highway": "tertiary", "name": "улица Богдана Хмельницкого", "maxspeed": "RU:urban", "lanes": "2", "osmid": "713320366" }, "geometry": { "type": "LineString", "coordinates": [ [ 20.5082349, 54.6971274 ], [ 20.5075874, 54.6971124 ] ] } },
{ "type": "Feature", "properties": { "u": 302, "v": 144, "key": 0, "oneway": "True", "highway": "residential", "name": "Омская улица", "maxspeed": "RU:living_street", "lanes": "1", "osmid": [ 995233922, 46726525 ] }, "geometry": { "type": "LineString", "coordinates": [ [ 20.5060098, 54.6980586 ], [ 20.5060686, 54.6970991 ] ] } },
{ "type": "Feature", "properties": { "u": 302, "v": 303, "key": 0, "oneway": "False", "highway": "living_street", "name": "", "maxspeed": "RU:living_street", "lanes": "", "osmid": "141192931" }, "geometry": { "type": "LineString", "coordinates": [ [ 20.5060098, 54.6980586 ], [ 20.5054591, 54.6986753 ] ] } },
{ "type": "Feature", "properties": { "u": 303, "v": 302, "key": 0, "oneway": "False", "highway": "living_street", "name": "", "maxspeed": "RU:living_street", "lanes": "", "osmid": "141192931" }, "geometry": { "type": "LineString", "coordinates": [ [ 20.5054591, 54.6986753 ], [ 20.5060098, 54.6980586 ] ] } },
{ "type": "Feature", "properties": { "u": 304, "v": 353, "key": 0, "oneway": "False", "highway": "tertiary", "name": "улица Маршала Баграмяна", "maxspeed": "40", "lanes": "2", "osmid": [ 995233930, 107444059 ] }, "geometry": { "type": "LineString", "coordinates": [ [ 20.4987075, 54.7069678 ], [ 20.4968238, 54.7071435 ] ] } },
{ "type": "Feature", "properties": { "u": 304, "v": 240, "key": 0, "oneway": "False", "highway": "tertiary", "name": "улица Маршала Баграмяна", "maxspeed": "40", "lanes": "2", "osmid": [ 995233929, 995233931 ] }, "geometry": { "type": "LineString", "coordinates": [ [ 20.4987075, 54.7069678 ], [ 20.4995355, 54.7068943 ] ] } },
{ "type": "Feature", "properties": { "u": 304, "v": 354, "key": 0, "oneway": "False", "highway": "unclassified", "name": "", "maxspeed": "RU:living_street", "lanes": "2", "osmid": "1370382532" }, "geometry": { "type": "LineString", "coordinates": [ [ 20.4987075, 54.7069678 ], [ 20.4987477, 54.7073393 ] ] } },
{ "type": "Feature", "properties": { "u": 305, "v": 591, "key": 0, "oneway": "False", "highway": "residential", "name": "Мариупольская улица", "maxspeed": "20", "lanes": "", "osmid": [ 188173822, 986605047 ] }, "geometry": { "type": "LineString", "coordinates": [ [ 20.4985235, 54.7079155 ], [ 20.4971442, 54.7083439 ] ] } },
{ "type": "Feature", "properties": { "u": 305, "v": 354, "key": 0, "oneway": "False", "highway": "unclassified", "name": "", "maxspeed": "RU:living_street", "lanes": "2", "osmid": "1370382532" }, "geometry": { "type": "LineString", "coordinates": [ [ 20.4985235, 54.7079155 ], [ 20.4987477, 54.7073393 ] ] } },
{ "type": "Feature", "properties": { "u": 305, "v": 306, "key": 0, "oneway": "False", "highway": "unclassified", "name": "", "maxspeed": "RU:living_street", "lanes": "2", "osmid": "1370382532" }, "geometry": { "type": "LineString", "coordinates": [ [ 20.4985235, 54.7079155 ], [ 20.4987421, 54.7080157 ] ] } },
{ "type": "Feature", "properties": { "u": 306, "v": 593, "key": 0, "oneway": "False", "highway": "residential", "name": "Мариупольская улица", "maxspeed": "", "lanes": "", "osmid": "986652066" }, "geometry": { "type": "LineString", "coordinates": [ [ 20.4987421, 54.7080157 ], [ 20.4995081, 54.7084346 ] ] } },
{ "type": "Feature", "properties": { "u": 306, "v": 238, "key": 0, "oneway": "False", "highway": "unclassified", "name": "", "maxspeed": "RU:living_street", "lanes": "2", "osmid": [ 995233928, 1370382531, 141913197 ] }, "geometry": { "type": "LineString", "coordinates": [ [ 20.4987421, 54.7080157 ], [ 20.495053, 54.7096366 ] ] } },
{ "type": "Feature", "properties": { "u": 306, "v": 305, "key": 0, "oneway": "False", "highway": "unclassified", "name": "", "maxspeed": "RU:living_street", "lanes": "2", "osmid": "1370382532" }, "geometry": { "type": "LineString", "coordinates": [ [ 20.4987421, 54.7080157 ], [ 20.4985235, 54.7079155 ] ] } },
{ "type": "Feature", "properties": { "u": 307, "v": 289, "key": 0, "oneway": "True", "highway": "primary_link", "name": "Второй эстакадный мост", "maxspeed": "RU:urban", "lanes": "2", "osmid": "713320368" }, "geometry": { "type": "LineString", "coordinates": [ [ 20.5210804, 54.6955383 ], [ 20.5209495, 54.6961163 ] ] } },
{ "type": "Feature", "properties": { "u": 307, "v": 126, "key": 0, "oneway": "True", "highway": "primary", "name": "проспект Калинина", "maxspeed": "RU:urban", "lanes": "2", "osmid": [ 713320369, 981617621, 981617622, 316311453, 316311454 ] }, "geometry": { "type": "LineString", "coordinates": [ [ 20.5210804, 54.6955383 ], [ 20.5167398, 54.6953469 ] ] } },
{ "type": "Feature", "properties": { "u": 308, "v": 456, "key": 0, "oneway": "True", "highway": "primary", "name": "Второй эстакадный мост", "maxspeed": "RU:urban", "lanes": "3", "osmid": [ 333338256, 428812624 ] }, "geometry": { "type": "LineString", "coordinates": [ [ 20.5231244, 54.7078922 ], [ 20.5226582, 54.7019101 ] ] } },
{ "type": "Feature", "properties": { "u": 309, "v": 314, "key": 0, "oneway": "True", "highway": "primary", "name": "Второй эстакадный мост", "maxspeed": "60", "lanes": "3", "osmid": [ 289093944, 288737311 ] }, "geometry": { "type": "LineString", "coordinates": [ [ 20.5232326, 54.7084439 ], [ 20.5228078, 54.7102786 ] ] } },
{ "type": "Feature", "properties": { "u": 310, "v": 295, "key": 0, "oneway": "True", "highway": "primary", "name": "Московский проспект", "maxspeed": "RU:urban", "lanes": "3", "osmid": "308387915" }, "geometry": { "type": "LineString", "coordinates": [ [ 20.5216815, 54.7089191 ], [ 20.5226703, 54.7089876 ] ] } },
{ "type": "Feature", "properties": { "u": 310, "v": 308, "key": 0, "oneway": "True", "highway": "primary_link", "name": "", "maxspeed": "40", "lanes": "1", "osmid": [ 169718682, 308387925 ] }, "geometry": { "type": "LineString", "coordinates": [ [ 20.5216815, 54.7089191 ], [ 20.5231244, 54.7078922 ] ] } },
{ "type": "Feature", "properties": { "u": 311, "v": 294, "key": 0, "oneway": "True", "highway": "primary", "name": "Московский проспект", "maxspeed": "RU:urban", "lanes": "3", "osmid": "155154855" }, "geometry": { "type": "LineString", "coordinates": [ [ 20.5232338, 54.7090317 ], [ 20.5242902, 54.7091084 ] ] } },
{ "type": "Feature", "properties": { "u": 311, "v": 309, "key": 0, "oneway": "True", "highway": "primary_link", "name": "", "maxspeed": "40", "lanes": "1", "osmid": [ 142675432, 169718680 ] }, "geometry": { "type": "LineString", "coordinates": [ [ 20.5232338, 54.7090317 ], [ 20.5232326, 54.7084439 ] ] } },
{ "type": "Feature", "properties": { "u": 312, "v": 296, "key": 0, "oneway": "True", "highway": "primary", "name": "Московский проспект", "maxspeed": "RU:urban", "lanes": "4", "osmid": "323342459" }, "geometry": { "type": "LineString", "coordinates": [ [ 20.5232373, 54.7092189 ], [ 20.5226373, 54.7091865 ] ] } },
{ "type": "Feature", "properties": { "u": 313, "v": 293, "key": 0, "oneway": "True", "highway": "primary", "name": "Второй эстакадный мост", "maxspeed": "RU:urban", "lanes": "3", "osmid": "148444187" }, "geometry": { "type": "LineString", "coordinates": [ [ 20.5226148, 54.7100649 ], [ 20.5230223, 54.7084559 ] ] } },
{ "type": "Feature", "properties": { "u": 314, "v": 312, "key": 0, "oneway": "True", "highway": "primary_link", "name": "Строительная улица", "maxspeed": "40", "lanes": "1", "osmid": [ 142675433, 1370697587, 169718679 ] }, "geometry": { "type": "LineString", "coordinates": [ [ 20.5228078, 54.7102786 ], [ 20.5232373, 54.7092189 ] ] } },
{ "type": "Feature", "properties": { "u": 314, "v": 262, "key": 0, "oneway": "True", "highway": "primary", "name": "Второй эстакадный мост", "maxspeed": "60", "lanes": "3", "osmid": "214749187" }, "geometry": { "type": "LineString", "coordinates": [ [ 20.5228078, 54.7102786 ], [ 20.5226787, 54.7112207 ] ] } },
{ "type": "Feature", "properties": { "u": 315, "v": 602, "key": 0, "oneway": "False", "highway": "residential", "name": "улица 1812 года", "maxspeed": "", "lanes": "1", "osmid": [ 143966985, 669755251, 1373833526, 1373833527 ] }, "geometry": { "type": "LineString", "coordinates": [ [ 20.5237027, 54.7097691 ], [ 20.5243721, 54.7103294 ] ] } },
{ "type": "Feature", "properties": { "u": 316, "v": 601, "key": 0, "oneway": "False", "highway": "residential", "name": "Лазаретная улица", "maxspeed": "", "lanes": "1", "osmid": "1366051270" }, "geometry": { "type": "LineString", "coordinates": [ [ 20.5259179, 54.7105649 ], [ 20.5257765, 54.7107964 ] ] } },
{ "type": "Feature", "properties": { "u": 316, "v": 214, "key": 0, "oneway": "False", "highway": "residential", "name": "улица 1812 года", "maxspeed": "RU:living_street", "lanes": "2", "osmid": [ 143966986, 1232529596 ] }, "geometry": { "type": "LineString", "coordinates": [ [ 20.5259179, 54.7105649 ], [ 20.5311966, 54.7109382 ] ] } },
{ "type": "Feature", "properties": { "u": 316, "v": 602, "key": 0, "oneway": "False", "highway": "residential", "name": "улица 1812 года", "maxspeed": "", "lanes": "1", "osmid": [ 143966984, 144204021 ] }, "geometry": { "type": "LineString", "coordinates": [ [ 20.5259179, 54.7105649 ], [ 20.5243721, 54.7103294 ] ] } },
{ "type": "Feature", "properties": { "u": 317, "v": 319, "key": 0, "oneway": "True", "highway": "residential", "name": "Больничная улица", "maxspeed": "RU:urban", "lanes": "2", "osmid": "238150711" }, "geometry": { "type": "LineString", "coordinates": [ [ 20.5036529, 54.7125107 ], [ 20.5037102, 54.712969 ] ] } },
{ "type": "Feature", "properties": { "u": 317, "v": 318, "key": 0, "oneway": "False", "highway": "living_street", "name": "", "maxspeed": "RU:living_street", "lanes": "", "osmid": "144329649" }, "geometry": { "type": "LineString", "coordinates": [ [ 20.5036529, 54.7125107 ], [ 20.5041854, 54.7129352 ] ] } },
{ "type": "Feature", "properties": { "u": 318, "v": 319, "key": 0, "oneway": "False", "highway": "living_street", "name": "", "maxspeed": "RU:living_street", "lanes": "", "osmid": "144329644" }, "geometry": { "type": "LineString", "coordinates": [ [ 20.5041854, 54.7129352 ], [ 20.5037102, 54.712969 ] ] } },
{ "type": "Feature", "properties": { "u": 318, "v": 320, "key": 0, "oneway": "False", "highway": "living_street", "name": "", "maxspeed": "RU:living_street", "lanes": "", "osmid": [ 144329644, 144329645 ] }, "geometry": { "type": "LineString", "coordinates": [ [ 20.5041854, 54.7129352 ], [ 20.5037963, 54.7133927 ] ] } },
{ "type": "Feature", "properties": { "u": 318, "v": 317, "key": 0, "oneway": "False", "highway": "living_street", "name": "", "maxspeed": "RU:living_street", "lanes": "", "osmid": "144329649" }, "geometry": { "type": "LineString", "coordinates": [ [ 20.5041854, 54.7129352 ], [ 20.5036529, 54.7125107 ] ] } },
{ "type": "Feature", "properties": { "u": 319, "v": 318, "key": 0, "oneway": "False", "highway": "living_street", "name": "", "maxspeed": "RU:living_street", "lanes": "", "osmid": "144329644" }, "geometry": { "type": "LineString", "coordinates": [ [ 20.5037102, 54.712969 ], [ 20.5041854, 54.7129352 ] ] } },
{ "type": "Feature", "properties": { "u": 319, "v": 124, "key": 0, "oneway": "True", "highway": "residential", "name": "Больничная улица", "maxspeed": "RU:urban", "lanes": "2", "osmid": "238150711" }, "geometry": { "type": "LineString", "coordinates": [ [ 20.5037102, 54.712969 ], [ 20.5037144, 54.7130028 ] ] } },
{ "type": "Feature", "properties": { "u": 320, "v": 318, "key": 0, "oneway": "False", "highway": "living_street", "name": "", "maxspeed": "RU:living_street", "lanes": "", "osmid": [ 144329644, 144329645 ] }, "geometry": { "type": "LineString", "coordinates": [ [ 20.5037963, 54.7133927 ], [ 20.5041854, 54.7129352 ] ] } },
{ "type": "Feature", "properties": { "u": 320, "v": 82, "key": 0, "oneway": "True", "highway": "residential", "name": "Больничная улица", "maxspeed": "RU:urban", "lanes": "2", "osmid": "238150711" }, "geometry": { "type": "LineString", "coordinates": [ [ 20.5037963, 54.7133927 ], [ 20.5035475, 54.714037 ] ] } },
{ "type": "Feature", "properties": { "u": 321, "v": 471, "key": 0, "oneway": "False", "highway": "living_street", "name": "", "maxspeed": "RU:living_street", "lanes": "", "osmid": [ 854656291, 146352815 ] }, "geometry": { "type": "LineString", "coordinates": [ [ 20.5010349, 54.6998094 ], [ 20.4998055, 54.6990215 ] ] } },
{ "type": "Feature", "properties": { "u": 321, "v": 365, "key": 0, "oneway": "False", "highway": "tertiary", "name": "Серпуховская улица", "maxspeed": "RU:urban", "lanes": "2", "osmid": "308244427" }, "geometry": { "type": "LineString", "coordinates": [ [ 20.5010349, 54.6998094 ], [ 20.5005621, 54.6987757 ] ] } },
{ "type": "Feature", "properties": { "u": 321, "v": 209, "key": 0, "oneway": "False", "highway": "tertiary", "name": "Серпуховская улица", "maxspeed": "RU:urban", "lanes": "2", "osmid": "308244427" }, "geometry": { "type": "LineString", "coordinates": [ [ 20.5010349, 54.6998094 ], [ 20.5016793, 54.7009753 ] ] } },
{ "type": "Feature", "properties": { "u": 322, "v": 237, "key": 0, "oneway": "False", "highway": "residential", "name": "улица Юрия Савенко", "maxspeed": "RU:living_street", "lanes": "2", "osmid": [ 1370382528, 390819973, 390819974 ] }, "geometry": { "type": "LineString", "coordinates": [ [ 20.495213, 54.7100386 ], [ 20.4954404, 54.7106522 ] ] } },
{ "type": "Feature", "properties": { "u": 322, "v": 238, "key": 0, "oneway": "False", "highway": "residential", "name": "улица Юрия Савенко", "maxspeed": "RU:living_street", "lanes": "2", "osmid": [ 1370382528, 995233926 ] }, "geometry": { "type": "LineString", "coordinates": [ [ 20.495213, 54.7100386 ], [ 20.495053, 54.7096366 ] ] } },
{ "type": "Feature", "properties": { "u": 322, "v": 378, "key": 0, "oneway": "False", "highway": "residential", "name": "Московский проспект", "maxspeed": "RU:living_street", "lanes": "2", "osmid": [ 149703660, 1373833525, 1372756597, 242393721, 149703802, 149703804 ] }, "geometry": { "type": "LineString", "coordinates": [ [ 20.495213, 54.7100386 ], [ 20.499986, 54.7095292 ] ] } },
{ "type": "Feature", "properties": { "u": 323, "v": 378, "key": 0, "oneway": "False", "highway": "residential", "name": "Мариупольская улица", "maxspeed": "RU:living_street", "lanes": "2", "osmid": [ 59848744, 149701473, 1372756597 ] }, "geometry": { "type": "LineString", "coordinates": [ [ 20.5001352, 54.7099754 ], [ 20.499986, 54.7095292 ] ] } },
{ "type": "Feature", "properties": { "u": 323, "v": 245, "key": 0, "oneway": "False", "highway": "residential", "name": "Мариупольская улица", "maxspeed": "", "lanes": "2", "osmid": "59848744" }, "geometry": { "type": "LineString", "coordinates": [ [ 20.5001352, 54.7099754 ], [ 20.5002007, 54.710221 ] ] } },
{ "type": "Feature", "properties": { "u": 323, "v": 460, "key": 0, "oneway": "False", "highway": "residential", "name": "Московский проспект", "maxspeed": "", "lanes": "1", "osmid": "149705036" }, "geometry": { "type": "LineString", "coordinates": [ [ 20.5001352, 54.7099754 ], [ 20.497507, 54.7100589 ] ] } },
{ "type": "Feature", "properties": { "u": 324, "v": 527, "key": 0, "oneway": "True", "highway": "primary", "name": "", "maxspeed": "RU:urban", "lanes": "1", "osmid": "152596197" }, "geometry": { "type": "LineString", "coordinates": [ [ 20.5025284, 54.7162124 ], [ 20.5029148, 54.7161626 ] ] } },
{ "type": "Feature", "properties": { "u": 324, "v": 516, "key": 0, "oneway": "True", "highway": "primary", "name": "Театральная улица", "maxspeed": "RU:urban", "lanes": "2", "osmid": [ 980859137, 980011197 ] }, "geometry": { "type": "LineString", "coordinates": [ [ 20.5025284, 54.7162124 ], [ 20.5029919, 54.7160307 ] ] } },
{ "type": "Feature", "properties": { "u": 325, "v": 526, "key": 0, "oneway": "True", "highway": "primary", "name": "Театральная улица", "maxspeed": "RU:urban", "lanes": "2", "osmid": "42595707" }, "geometry": { "type": "LineString", "coordinates": [ [ 20.5031115, 54.7161907 ], [ 20.5028588, 54.716252 ] ] } },
{ "type": "Feature", "properties": { "u": 325, "v": 537, "key": 0, "oneway": "True", "highway": "primary", "name": "Ленинский проспект", "maxspeed": "RU:urban", "lanes": "3", "osmid": [ 687439170, 152780106, 983845102, 287010164, 1372756602, 668655485 ] }, "geometry": { "type": "LineString", "coordinates": [ [ 20.5031115, 54.7161907 ], [ 20.5017618, 54.7187542 ] ] } },
{ "type": "Feature", "properties": { "u": 326, "v": 64, "key": 0, "oneway": "True", "highway": "primary", "name": "Театральная улица", "maxspeed": "RU:urban", "lanes": "4", "osmid": [ 295045544, 295045545, 295045543 ] }, "geometry": { "type": "LineString", "coordinates": [ [ 20.5023123, 54.7163977 ], [ 20.500365, 54.717133 ] ] } },
{ "type": "Feature", "properties": { "u": 327, "v": 526, "key": 0, "oneway": "True", "highway": "primary", "name": "Ленинский проспект", "maxspeed": "RU:urban", "lanes": "3", "osmid": "980011193" }, "geometry": { "type": "LineString", "coordinates": [ [ 20.5027426, 54.7164672 ], [ 20.5028588, 54.716252 ] ] } },
{ "type": "Feature", "properties": { "u": 327, "v": 326, "key": 0, "oneway": "True", "highway": "secondary_link", "name": "", "maxspeed": "RU:urban", "lanes": "1", "osmid": "152596198" }, "geometry": { "type": "LineString", "coordinates": [ [ 20.5027426, 54.7164672 ], [ 20.5023123, 54.7163977 ] ] } },
{ "type": "Feature", "properties": { "u": 328, "v": 329, "key": 0, "oneway": "False", "highway": "living_street", "name": "", "maxspeed": "RU:living_street", "lanes": "", "osmid": "152625420" }, "geometry": { "type": "LineString", "coordinates": [ [ 20.5119881, 54.7116643 ], [ 20.5127354, 54.7120348 ] ] } },
{ "type": "Feature", "properties": { "u": 329, "v": 27, "key": 0, "oneway": "False", "highway": "secondary", "name": "Пролетарская улица", "maxspeed": "RU:urban", "lanes": "4", "osmid": "43569989" }, "geometry": { "type": "LineString", "coordinates": [ [ 20.5127354, 54.7120348 ], [ 20.512336, 54.7113672 ] ] } },
{ "type": "Feature", "properties": { "u": 329, "v": 331, "key": 0, "oneway": "False", "highway": "secondary", "name": "Пролетарская улица", "maxspeed": "RU:urban", "lanes": "4", "osmid": "43569989" }, "geometry": { "type": "LineString", "coordinates": [ [ 20.5127354, 54.7120348 ], [ 20.5131579, 54.7127434 ] ] } },
{ "type": "Feature", "properties": { "u": 329, "v": 328, "key": 0, "oneway": "False", "highway": "living_street", "name": "", "maxspeed": "RU:living_street", "lanes": "", "osmid": "152625420" }, "geometry": { "type": "LineString", "coordinates": [ [ 20.5127354, 54.7120348 ], [ 20.5119881, 54.7116643 ] ] } },
{ "type": "Feature", "properties": { "u": 330, "v": 332, "key": 0, "oneway": "False", "highway": "living_street", "name": "", "maxspeed": "RU:living_street", "lanes": "", "osmid": "152625414" }, "geometry": { "type": "LineString", "coordinates": [ [ 20.5122833, 54.7122168 ], [ 20.512662, 54.7128388 ] ] } },
{ "type": "Feature", "properties": { "u": 331, "v": 10, "key": 0, "oneway": "False", "highway": "secondary", "name": "Пролетарская улица", "maxspeed": "RU:urban", "lanes": "4", "osmid": "43569989" }, "geometry": { "type": "LineString", "coordinates": [ [ 20.5131579, 54.7127434 ], [ 20.5135773, 54.7149157 ] ] } },
{ "type": "Feature", "properties": { "u": 331, "v": 329, "key": 0, "oneway": "False", "highway": "secondary", "name": "Пролетарская улица", "maxspeed": "RU:urban", "lanes": "4", "osmid": "43569989" }, "geometry": { "type": "LineString", "coordinates": [ [ 20.5131579, 54.7127434 ], [ 20.5127354, 54.7120348 ] ] } },
{ "type": "Feature", "properties": { "u": 331, "v": 332, "key": 0, "oneway": "False", "highway": "living_street", "name": "", "maxspeed": "RU:living_street", "lanes": "", "osmid": "152625422" }, "geometry": { "type": "LineString", "coordinates": [ [ 20.5131579, 54.7127434 ], [ 20.512662, 54.7128388 ] ] } },
{ "type": "Feature", "properties": { "u": 332, "v": 330, "key": 0, "oneway": "False", "highway": "living_street", "name": "", "maxspeed": "RU:living_street", "lanes": "", "osmid": "152625414" }, "geometry": { "type": "LineString", "coordinates": [ [ 20.512662, 54.7128388 ], [ 20.5122833, 54.7122168 ] ] } },
{ "type": "Feature", "properties": { "u": 332, "v": 333, "key": 0, "oneway": "False", "highway": "living_street", "name": "", "maxspeed": "RU:living_street", "lanes": "", "osmid": "152625422" }, "geometry": { "type": "LineString", "coordinates": [ [ 20.512662, 54.7128388 ], [ 20.5128259, 54.7131237 ] ] } },
{ "type": "Feature", "properties": { "u": 332, "v": 514, "key": 0, "oneway": "False", "highway": "living_street", "name": "", "maxspeed": "RU:living_street", "lanes": "", "osmid": "935142244" }, "geometry": { "type": "LineString", "coordinates": [ [ 20.512662, 54.7128388 ], [ 20.5124384, 54.7128792 ] ] } },
{ "type": "Feature", "properties": { "u": 332, "v": 331, "key": 0, "oneway": "False", "highway": "living_street", "name": "", "maxspeed": "RU:living_street", "lanes": "", "osmid": "152625422" }, "geometry": { "type": "LineString", "coordinates": [ [ 20.512662, 54.7128388 ], [ 20.5131579, 54.7127434 ] ] } },
{ "type": "Feature", "properties": { "u": 333, "v": 332, "key": 0, "oneway": "False", "highway": "living_street", "name": "", "maxspeed": "RU:living_street", "lanes": "", "osmid": "152625422" }, "geometry": { "type": "LineString", "coordinates": [ [ 20.5128259, 54.7131237 ], [ 20.512662, 54.7128388 ] ] } },
{ "type": "Feature", "properties": { "u": 334, "v": 594, "key": 0, "oneway": "True", "highway": "primary", "name": "", "maxspeed": "RU:urban", "lanes": "1", "osmid": "155533863" }, "geometry": { "type": "LineString", "coordinates": [ [ 20.4931331, 54.7193782 ], [ 20.493111, 54.7192484 ] ] } },
{ "type": "Feature", "properties": { "u": 334, "v": 5, "key": 0, "oneway": "True", "highway": "primary", "name": "проспект Мира", "maxspeed": "RU:urban", "lanes": "2", "osmid": "735094030" }, "geometry": { "type": "LineString", "coordinates": [ [ 20.4931331, 54.7193782 ], [ 20.4926243, 54.7192191 ] ] } },
{ "type": "Feature", "properties": { "u": 335, "v": 541, "key": 0, "oneway": "True", "highway": "primary", "name": "улица Черняховского", "maxspeed": "RU:urban", "lanes": "3", "osmid": "980578973" }, "geometry": { "type": "LineString", "coordinates": [ [ 20.5078603, 54.7199331 ], [ 20.5077401, 54.7199183 ] ] } },
{ "type": "Feature", "properties": { "u": 335, "v": 62, "key": 0, "oneway": "True", "highway": "primary", "name": "улица Горького", "maxspeed": "RU:urban", "lanes": "2", "osmid": [ 156136546, 980510514 ] }, "geometry": { "type": "LineString", "coordinates": [ [ 20.5078603, 54.7199331 ], [ 20.5075005, 54.7209322 ] ] } },
{ "type": "Feature", "properties": { "u": 336, "v": 337, "key": 0, "oneway": "False", "highway": "living_street", "name": "", "maxspeed": "RU:living_street", "lanes": "", "osmid": "166105014" }, "geometry": { "type": "LineString", "coordinates": [ [ 20.5064218, 54.7107295 ], [ 20.5063019, 54.7118896 ] ] } },
{ "type": "Feature", "properties": { "u": 337, "v": 73, "key": 0, "oneway": "False", "highway": "tertiary", "name": "улица Вагнера", "maxspeed": "RU:urban", "lanes": "2", "osmid": "746885544" }, "geometry": { "type": "LineString", "coordinates": [ [ 20.5063019, 54.7118896 ], [ 20.506761, 54.7118554 ] ] } },
{ "type": "Feature", "properties": { "u": 337, "v": 122, "key": 0, "oneway": "False", "highway": "tertiary", "name": "улица Вагнера", "maxspeed": "RU:urban", "lanes": "2", "osmid": "746885544" }, "geometry": { "type": "LineString", "coordinates": [ [ 20.5063019, 54.7118896 ], [ 20.5056018, 54.7119426 ] ] } },
{ "type": "Feature", "properties": { "u": 337, "v": 336, "key": 0, "oneway": "False", "highway": "living_street", "name": "", "maxspeed": "RU:living_street", "lanes": "", "osmid": "166105014" }, "geometry": { "type": "LineString", "coordinates": [ [ 20.5063019, 54.7118896 ], [ 20.5064218, 54.7107295 ] ] } },
{ "type": "Feature", "properties": { "u": 338, "v": 340, "key": 0, "oneway": "False", "highway": "living_street", "name": "", "maxspeed": "RU:living_street", "lanes": "", "osmid": "166105011" }, "geometry": { "type": "LineString", "coordinates": [ [ 20.5062777, 54.7119588 ], [ 20.5063029, 54.7123446 ] ] } },
{ "type": "Feature", "properties": { "u": 339, "v": 1, "key": 0, "oneway": "False", "highway": "living_street", "name": "", "maxspeed": "RU:living_street", "lanes": "", "osmid": "166105016" }, "geometry": { "type": "LineString", "coordinates": [ [ 20.5081001, 54.7121437 ], [ 20.5067379, 54.7121204 ] ] } },
{ "type": "Feature", "properties": { "u": 340, "v": 338, "key": 0, "oneway": "False", "highway": "living_street", "name": "", "maxspeed": "RU:living_street", "lanes": "", "osmid": "166105011" }, "geometry": { "type": "LineString", "coordinates": [ [ 20.5063029, 54.7123446 ], [ 20.5062777, 54.7119588 ] ] } },
{ "type": "Feature", "properties": { "u": 340, "v": 342, "key": 0, "oneway": "False", "highway": "living_street", "name": "", "maxspeed": "RU:living_street", "lanes": "", "osmid": "166105013" }, "geometry": { "type": "LineString", "coordinates": [ [ 20.5063029, 54.7123446 ], [ 20.5062695, 54.7128362 ] ] } },
{ "type": "Feature", "properties": { "u": 340, "v": 341, "key": 0, "oneway": "False", "highway": "living_street", "name": "", "maxspeed": "RU:living_street", "lanes": "", "osmid": "166105013" }, "geometry": { "type": "LineString", "coordinates": [ [ 20.5063029, 54.7123446 ], [ 20.5067078, 54.7123423 ] ] } },
{ "type": "Feature", "properties": { "u": 341, "v": 340, "key": 0, "oneway": "False", "highway": "living_street", "name": "", "maxspeed": "RU:living_street", "lanes": "", "osmid": "166105013" }, "geometry": { "type": "LineString", "coordinates": [ [ 20.5067078, 54.7123423 ], [ 20.5063029, 54.7123446 ] ] } },
{ "type": "Feature", "properties": { "u": 341, "v": 343, "key": 0, "oneway": "False", "highway": "tertiary", "name": "Житомирская улица", "maxspeed": "RU:urban", "lanes": "2", "osmid": "211044265" }, "geometry": { "type": "LineString", "coordinates": [ [ 20.5067078, 54.7123423 ], [ 20.5066369, 54.7128342 ] ] } },
{ "type": "Feature", "properties": { "u": 341, "v": 1, "key": 0, "oneway": "False", "highway": "tertiary", "name": "Житомирская улица", "maxspeed": "RU:urban", "lanes": "2", "osmid": "211044265" }, "geometry": { "type": "LineString", "coordinates": [ [ 20.5067078, 54.7123423 ], [ 20.5067379, 54.7121204 ] ] } },
{ "type": "Feature", "properties": { "u": 342, "v": 340, "key": 0, "oneway": "False", "highway": "living_street", "name": "", "maxspeed": "RU:living_street", "lanes": "", "osmid": "166105013" }, "geometry": { "type": "LineString", "coordinates": [ [ 20.5062695, 54.7128362 ], [ 20.5063029, 54.7123446 ] ] } },
{ "type": "Feature", "properties": { "u": 342, "v": 343, "key": 0, "oneway": "False", "highway": "living_street", "name": "", "maxspeed": "RU:living_street", "lanes": "", "osmid": "166105015" }, "geometry": { "type": "LineString", "coordinates": [ [ 20.5062695, 54.7128362 ], [ 20.5066369, 54.7128342 ] ] } },
{ "type": "Feature", "properties": { "u": 342, "v": 349, "key": 0, "oneway": "False", "highway": "living_street", "name": "", "maxspeed": "RU:living_street", "lanes": "", "osmid": "166105015" }, "geometry": { "type": "LineString", "coordinates": [ [ 20.5062695, 54.7128362 ], [ 20.505945, 54.7120266 ] ] } },
{ "type": "Feature", "properties": { "u": 343, "v": 342, "key": 0, "oneway": "False", "highway": "living_street", "name": "", "maxspeed": "RU:living_street", "lanes": "", "osmid": "166105015" }, "geometry": { "type": "LineString", "coordinates": [ [ 20.5066369, 54.7128342 ], [ 20.5062695, 54.7128362 ] ] } },
{ "type": "Feature", "properties": { "u": 343, "v": 341, "key": 0, "oneway": "False", "highway": "tertiary", "name": "Житомирская улица", "maxspeed": "RU:urban", "lanes": "2", "osmid": "211044265" }, "geometry": { "type": "LineString", "coordinates": [ [ 20.5066369, 54.7128342 ], [ 20.5067078, 54.7123423 ] ] } },
{ "type": "Feature", "properties": { "u": 343, "v": 2, "key": 0, "oneway": "False", "highway": "tertiary", "name": "Житомирская улица", "maxspeed": "RU:urban", "lanes": "2", "osmid": "1372756624" }, "geometry": { "type": "LineString", "coordinates": [ [ 20.5066369, 54.7128342 ], [ 20.5066158, 54.7130507 ] ] } },
{ "type": "Feature", "properties": { "u": 344, "v": 539, "key": 0, "oneway": "True", "highway": "primary", "name": "площадь Победы", "maxspeed": "RU:urban", "lanes": "3", "osmid": "166214671" }, "geometry": { "type": "LineString", "coordinates": [ [ 20.4990536, 54.7202358 ], [ 20.4984665, 54.7202171 ] ] } },
{ "type": "Feature", "properties": { "u": 345, "v": 217, "key": 0, "oneway": "False", "highway": "residential", "name": "Стекольная улица", "maxspeed": "", "lanes": "1", "osmid": [ 1370089168, 54981204, 1370089166, 1370089167 ] }, "geometry": { "type": "LineString", "coordinates": [ [ 20.5342181, 54.7104924 ], [ 20.5374021, 54.7110333 ] ] } },
{ "type": "Feature", "properties": { "u": 346, "v": 415, "key": 0, "oneway": "False", "highway": "residential", "name": "улица Коперника", "maxspeed": "RU:urban", "lanes": "1", "osmid": "177144645" }, "geometry": { "type": "LineString", "coordinates": [ [ 20.504494, 54.7106568 ], [ 20.5042505, 54.7106802 ] ] } },
{ "type": "Feature", "properties": { "u": 346, "v": 348, "key": 0, "oneway": "False", "highway": "living_street", "name": "", "maxspeed": "RU:living_street", "lanes": "", "osmid": "177144582" }, "geometry": { "type": "LineString", "coordinates": [ [ 20.504494, 54.7106568 ], [ 20.5056531, 54.7108496 ] ] } },
{ "type": "Feature", "properties": { "u": 346, "v": 348, "key": 1, "oneway": "False", "highway": "residential", "name": "улица Коперника", "maxspeed": "RU:urban", "lanes": "1", "osmid": [ 1372756619, 177144645, 1366051271 ] }, "geometry": { "type": "LineString", "coordinates": [ [ 20.504494, 54.7106568 ], [ 20.5056531, 54.7108496 ] ] } },
{ "type": "Feature", "properties": { "u": 347, "v": 348, "key": 0, "oneway": "False", "highway": "living_street", "name": "", "maxspeed": "RU:living_street", "lanes": "", "osmid": "177144582" }, "geometry": { "type": "LineString", "coordinates": [ [ 20.5063167, 54.7107438 ], [ 20.5056531, 54.7108496 ] ] } },
{ "type": "Feature", "properties": { "u": 348, "v": 122, "key": 0, "oneway": "False", "highway": "residential", "name": "улица Салтыкова-Щедрина", "maxspeed": "RU:urban", "lanes": "1", "osmid": "43951437" }, "geometry": { "type": "LineString", "coordinates": [ [ 20.5056531, 54.7108496 ], [ 20.5056018, 54.7119426 ] ] } },
{ "type": "Feature", "properties": { "u": 348, "v": 347, "key": 0, "oneway": "False", "highway": "living_street", "name": "", "maxspeed": "RU:living_street", "lanes": "", "osmid": "177144582" }, "geometry": { "type": "LineString", "coordinates": [ [ 20.5056531, 54.7108496 ], [ 20.5063167, 54.7107438 ] ] } },
{ "type": "Feature", "properties": { "u": 348, "v": 346, "key": 0, "oneway": "False", "highway": "living_street", "name": "", "maxspeed": "RU:living_street", "lanes": "", "osmid": "177144582" }, "geometry": { "type": "LineString", "coordinates": [ [ 20.5056531, 54.7108496 ], [ 20.504494, 54.7106568 ] ] } },
{ "type": "Feature", "properties": { "u": 348, "v": 346, "key": 1, "oneway": "False", "highway": "residential", "name": "улица Коперника", "maxspeed": "RU:urban", "lanes": "1", "osmid": [ 1372756619, 177144645, 1366051271 ] }, "geometry": { "type": "LineString", "coordinates": [ [ 20.5056531, 54.7108496 ], [ 20.504494, 54.7106568 ] ] } },
{ "type": "Feature", "properties": { "u": 349, "v": 342, "key": 0, "oneway": "False", "highway": "living_street", "name": "", "maxspeed": "RU:living_street", "lanes": "", "osmid": "166105015" }, "geometry": { "type": "LineString", "coordinates": [ [ 20.505945, 54.7120266 ], [ 20.5062695, 54.7128362 ] ] } },
{ "type": "Feature", "properties": { "u": 350, "v": 203, "key": 0, "oneway": "False", "highway": "residential", "name": "Мебельная улица", "maxspeed": "RU:urban", "lanes": "2", "osmid": "1053446694" }, "geometry": { "type": "LineString", "coordinates": [ [ 20.5138277, 54.695139 ], [ 20.5138088, 54.6952501 ] ] } },
{ "type": "Feature", "properties": { "u": 350, "v": 125, "key": 0, "oneway": "True", "highway": "primary", "name": "проспект Калинина", "maxspeed": "RU:urban", "lanes": "2", "osmid": [ 981617624, 762327914, 981617623 ] }, "geometry": { "type": "LineString", "coordinates": [ [ 20.5138277, 54.695139 ], [ 20.516751, 54.6952389 ] ] } },
{ "type": "Feature", "properties": { "u": 351, "v": 391, "key": 0, "oneway": "False", "highway": "living_street", "name": "Университетская улица", "maxspeed": "RU:living_street", "lanes": "", "osmid": "270046395" }, "geometry": { "type": "LineString", "coordinates": [ [ 20.5076672, 54.7141806 ], [ 20.5075843, 54.7135592 ] ] } },
{ "type": "Feature", "properties": { "u": 352, "v": 482, "key": 0, "oneway": "False", "highway": "living_street", "name": "улица Профессора Севастьянова", "maxspeed": "RU:living_street", "lanes": "2", "osmid": [ 186561976, 48816485, 186561981 ] }, "geometry": { "type": "LineString", "coordinates": [ [ 20.5059297, 54.7142906 ], [ 20.5062479, 54.7144411 ] ] } },
{ "type": "Feature", "properties": { "u": 353, "v": 304, "key": 0, "oneway": "False", "highway": "tertiary", "name": "улица Маршала Баграмяна", "maxspeed": "40", "lanes": "2", "osmid": [ 995233930, 107444059 ] }, "geometry": { "type": "LineString", "coordinates": [ [ 20.4968238, 54.7071435 ], [ 20.4987075, 54.7069678 ] ] } },
{ "type": "Feature", "properties": { "u": 353, "v": 587, "key": 0, "oneway": "False", "highway": "tertiary", "name": "улица Маршала Баграмяна", "maxspeed": "40", "lanes": "2", "osmid": "107444059" }, "geometry": { "type": "LineString", "coordinates": [ [ 20.4968238, 54.7071435 ], [ 20.4959278, 54.7072011 ] ] } },
{ "type": "Feature", "properties": { "u": 353, "v": 355, "key": 0, "oneway": "False", "highway": "living_street", "name": "", "maxspeed": "RU:living_street", "lanes": "", "osmid": "188173823" }, "geometry": { "type": "LineString", "coordinates": [ [ 20.4968238, 54.7071435 ], [ 20.4971493, 54.7076 ] ] } },
{ "type": "Feature", "properties": { "u": 354, "v": 355, "key": 0, "oneway": "False", "highway": "living_street", "name": "", "maxspeed": "RU:living_street", "lanes": "", "osmid": "188173823" }, "geometry": { "type": "LineString", "coordinates": [ [ 20.4987477, 54.7073393 ], [ 20.4971493, 54.7076 ] ] } },
{ "type": "Feature", "properties": { "u": 354, "v": 304, "key": 0, "oneway": "False", "highway": "unclassified", "name": "", "maxspeed": "RU:living_street", "lanes": "2", "osmid": "1370382532" }, "geometry": { "type": "LineString", "coordinates": [ [ 20.4987477, 54.7073393 ], [ 20.4987075, 54.7069678 ] ] } },
{ "type": "Feature", "properties": { "u": 354, "v": 305, "key": 0, "oneway": "False", "highway": "unclassified", "name": "", "maxspeed": "RU:living_street", "lanes": "2", "osmid": "1370382532" }, "geometry": { "type": "LineString", "coordinates": [ [ 20.4987477, 54.7073393 ], [ 20.4985235, 54.7079155 ] ] } },
{ "type": "Feature", "properties": { "u": 355, "v": 354, "key": 0, "oneway": "False", "highway": "living_street", "name": "", "maxspeed": "RU:living_street", "lanes": "", "osmid": "188173823" }, "geometry": { "type": "LineString", "coordinates": [ [ 20.4971493, 54.7076 ], [ 20.4987477, 54.7073393 ] ] } },
{ "type": "Feature", "properties": { "u": 355, "v": 353, "key": 0, "oneway": "False", "highway": "living_street", "name": "", "maxspeed": "RU:living_street", "lanes": "", "osmid": "188173823" }, "geometry": { "type": "LineString", "coordinates": [ [ 20.4971493, 54.7076 ], [ 20.4968238, 54.7071435 ] ] } },
{ "type": "Feature", "properties": { "u": 355, "v": 591, "key": 0, "oneway": "False", "highway": "residential", "name": "улица Маршала Баграмяна", "maxspeed": "20", "lanes": "", "osmid": [ 188173824, 986605047 ] }, "geometry": { "type": "LineString", "coordinates": [ [ 20.4971493, 54.7076 ], [ 20.4971442, 54.7083439 ] ] } },
{ "type": "Feature", "properties": { "u": 356, "v": 357, "key": 0, "oneway": "False", "highway": "living_street", "name": "", "maxspeed": "RU:living_street", "lanes": "", "osmid": "188315981" }, "geometry": { "type": "LineString", "coordinates": [ [ 20.502106, 54.6958089 ], [ 20.5016994, 54.6960322 ] ] } },
{ "type": "Feature", "properties": { "u": 356, "v": 560, "key": 0, "oneway": "True", "highway": "residential", "name": "", "maxspeed": "", "lanes": "1", "osmid": "314321308" }, "geometry": { "type": "LineString", "coordinates": [ [ 20.502106, 54.6958089 ], [ 20.5016141, 54.6953226 ] ] } },
{ "type": "Feature", "properties": { "u": 357, "v": 358, "key": 0, "oneway": "False", "highway": "living_street", "name": "", "maxspeed": "RU:living_street", "lanes": "", "osmid": "188315981" }, "geometry": { "type": "LineString", "coordinates": [ [ 20.5016994, 54.6960322 ], [ 20.5011611, 54.6962138 ] ] } },
{ "type": "Feature", "properties": { "u": 357, "v": 358, "key": 1, "oneway": "False", "highway": "living_street", "name": "", "maxspeed": "RU:living_street", "lanes": "", "osmid": "188315978" }, "geometry": { "type": "LineString", "coordinates": [ [ 20.5016994, 54.6960322 ], [ 20.5011611, 54.6962138 ] ] } },
{ "type": "Feature", "properties": { "u": 357, "v": 356, "key": 0, "oneway": "False", "highway": "living_street", "name": "", "maxspeed": "RU:living_street", "lanes": "", "osmid": "188315981" }, "geometry": { "type": "LineString", "coordinates": [ [ 20.5016994, 54.6960322 ], [ 20.502106, 54.6958089 ] ] } },
{ "type": "Feature", "properties": { "u": 358, "v": 357, "key": 0, "oneway": "False", "highway": "living_street", "name": "", "maxspeed": "RU:living_street", "lanes": "", "osmid": "188315981" }, "geometry": { "type": "LineString", "coordinates": [ [ 20.5011611, 54.6962138 ], [ 20.5016994, 54.6960322 ] ] } },
{ "type": "Feature", "properties": { "u": 358, "v": 357, "key": 1, "oneway": "False", "highway": "living_street", "name": "", "maxspeed": "RU:living_street", "lanes": "", "osmid": "188315978" }, "geometry": { "type": "LineString", "coordinates": [ [ 20.5011611, 54.6962138 ], [ 20.5016994, 54.6960322 ] ] } },
{ "type": "Feature", "properties": { "u": 358, "v": 359, "key": 0, "oneway": "False", "highway": "living_street", "name": "", "maxspeed": "RU:living_street", "lanes": "", "osmid": "188315981" }, "geometry": { "type": "LineString", "coordinates": [ [ 20.5011611, 54.6962138 ], [ 20.5007723, 54.6963425 ] ] } },
{ "type": "Feature", "properties": { "u": 359, "v": 358, "key": 0, "oneway": "False", "highway": "living_street", "name": "", "maxspeed": "RU:living_street", "lanes": "", "osmid": "188315981" }, "geometry": { "type": "LineString", "coordinates": [ [ 20.5007723, 54.6963425 ], [ 20.5011611, 54.6962138 ] ] } },
{ "type": "Feature", "properties": { "u": 359, "v": 559, "key": 0, "oneway": "True", "highway": "primary", "name": "Ленинский проспект", "maxspeed": "RU:urban", "lanes": "2", "osmid": "1252989786" }, "geometry": { "type": "LineString", "coordinates": [ [ 20.5007723, 54.6963425 ], [ 20.5001727, 54.6958245 ] ] } },
{ "type": "Feature", "properties": { "u": 360, "v": 287, "key": 0, "oneway": "False", "highway": "living_street", "name": "", "maxspeed": "RU:living_street", "lanes": "", "osmid": "852163345" }, "geometry": { "type": "LineString", "coordinates": [ [ 20.499213, 54.6969452 ], [ 20.5001386, 54.6965358 ] ] } },
{ "type": "Feature", "properties": { "u": 361, "v": 362, "key": 0, "oneway": "False", "highway": "living_street", "name": "", "maxspeed": "RU:living_street", "lanes": "", "osmid": "188315977" }, "geometry": { "type": "LineString", "coordinates": [ [ 20.5009027, 54.697956 ], [ 20.5009916, 54.6982379 ] ] } },
{ "type": "Feature", "properties": { "u": 362, "v": 361, "key": 0, "oneway": "False", "highway": "living_street", "name": "", "maxspeed": "RU:living_street", "lanes": "", "osmid": "188315977" }, "geometry": { "type": "LineString", "coordinates": [ [ 20.5009916, 54.6982379 ], [ 20.5009027, 54.697956 ] ] } },
{ "type": "Feature", "properties": { "u": 362, "v": 363, "key": 0, "oneway": "False", "highway": "living_street", "name": "", "maxspeed": "RU:living_street", "lanes": "", "osmid": "188315979" }, "geometry": { "type": "LineString", "coordinates": [ [ 20.5009916, 54.6982379 ], [ 20.5020993, 54.6984076 ] ] } },
{ "type": "Feature", "properties": { "u": 362, "v": 364, "key": 0, "oneway": "False", "highway": "living_street", "name": "", "maxspeed": "RU:living_street", "lanes": "", "osmid": "188315979" }, "geometry": { "type": "LineString", "coordinates": [ [ 20.5009916, 54.6982379 ], [ 20.500881, 54.6984463 ] ] } },
{ "type": "Feature", "properties": { "u": 363, "v": 362, "key": 0, "oneway": "False", "highway": "living_street", "name": "", "maxspeed": "RU:living_street", "lanes": "", "osmid": "188315979" }, "geometry": { "type": "LineString", "coordinates": [ [ 20.5020993, 54.6984076 ], [ 20.5009916, 54.6982379 ] ] } },
{ "type": "Feature", "properties": { "u": 364, "v": 362, "key": 0, "oneway": "False", "highway": "living_street", "name": "", "maxspeed": "RU:living_street", "lanes": "", "osmid": "188315979" }, "geometry": { "type": "LineString", "coordinates": [ [ 20.500881, 54.6984463 ], [ 20.5009916, 54.6982379 ] ] } },
{ "type": "Feature", "properties": { "u": 364, "v": 509, "key": 0, "oneway": "True", "highway": "secondary", "name": "улица Багратиона", "maxspeed": "RU:urban", "lanes": "1", "osmid": [ 713320345, 980011171 ] }, "geometry": { "type": "LineString", "coordinates": [ [ 20.500881, 54.6984463 ], [ 20.5028182, 54.6988081 ] ] } },
{ "type": "Feature", "properties": { "u": 365, "v": 366, "key": 0, "oneway": "False", "highway": "living_street", "name": "", "maxspeed": "RU:living_street", "lanes": "", "osmid": "188315982" }, "geometry": { "type": "LineString", "coordinates": [ [ 20.5005621, 54.6987757 ], [ 20.5023909, 54.699428 ] ] } },
{ "type": "Feature", "properties": { "u": 365, "v": 321, "key": 0, "oneway": "False", "highway": "tertiary", "name": "Серпуховская улица", "maxspeed": "RU:urban", "lanes": "2", "osmid": "308244427" }, "geometry": { "type": "LineString", "coordinates": [ [ 20.5005621, 54.6987757 ], [ 20.5010349, 54.6998094 ] ] } },
{ "type": "Feature", "properties": { "u": 365, "v": 563, "key": 0, "oneway": "False", "highway": "tertiary", "name": "Серпуховская улица", "maxspeed": "RU:urban", "lanes": "2", "osmid": [ 713320344, 996149799, 713320343 ] }, "geometry": { "type": "LineString", "coordinates": [ [ 20.5005621, 54.6987757 ], [ 20.50045, 54.6984923 ] ] } },
{ "type": "Feature", "properties": { "u": 366, "v": 365, "key": 0, "oneway": "False", "highway": "living_street", "name": "", "maxspeed": "RU:living_street", "lanes": "", "osmid": "188315982" }, "geometry": { "type": "LineString", "coordinates": [ [ 20.5023909, 54.699428 ], [ 20.5005621, 54.6987757 ] ] } },
{ "type": "Feature", "properties": { "u": 367, "v": 223, "key": 0, "oneway": "True", "highway": "primary", "name": "", "maxspeed": "", "lanes": "1", "osmid": "1362412328" }, "geometry": { "type": "LineString", "coordinates": [ [ 20.489078, 54.7062036 ], [ 20.4892175, 54.7061934 ] ] } },
{ "type": "Feature", "properties": { "u": 368, "v": 369, "key": 0, "oneway": "False", "highway": "residential", "name": "улица Генерал-полковника Людникова", "maxspeed": "", "lanes": "", "osmid": "205893433" }, "geometry": { "type": "LineString", "coordinates": [ [ 20.5074154, 54.7189878 ], [ 20.5076498, 54.7187204 ] ] } },
{ "type": "Feature", "properties": { "u": 368, "v": 162, "key": 0, "oneway": "False", "highway": "residential", "name": "улица Михаила Галковского", "maxspeed": "", "lanes": "", "osmid": "1366051272" }, "geometry": { "type": "LineString", "coordinates": [ [ 20.5074154, 54.7189878 ], [ 20.5078923, 54.7190679 ] ] } },
{ "type": "Feature", "properties": { "u": 368, "v": 161, "key": 0, "oneway": "False", "highway": "residential", "name": "улица Михаила Галковского", "maxspeed": "", "lanes": "", "osmid": "48807219" }, "geometry": { "type": "LineString", "coordinates": [ [ 20.5074154, 54.7189878 ], [ 20.5055572, 54.7182962 ] ] } },
{ "type": "Feature", "properties": { "u": 369, "v": 368, "key": 0, "oneway": "False", "highway": "residential", "name": "улица Генерал-полковника Людникова", "maxspeed": "", "lanes": "", "osmid": "205893433" }, "geometry": { "type": "LineString", "coordinates": [ [ 20.5076498, 54.7187204 ], [ 20.5074154, 54.7189878 ] ] } },
{ "type": "Feature", "properties": { "u": 370, "v": 506, "key": 0, "oneway": "False", "highway": "living_street", "name": "", "maxspeed": "RU:living_street", "lanes": "2", "osmid": "707244378" }, "geometry": { "type": "LineString", "coordinates": [ [ 20.5066903, 54.7174793 ], [ 20.5073815, 54.7176195 ] ] } },
{ "type": "Feature", "properties": { "u": 370, "v": 369, "key": 0, "oneway": "True", "highway": "residential", "name": "улица Генерал-полковника Людникова", "maxspeed": "", "lanes": "", "osmid": "707244379" }, "geometry": { "type": "LineString", "coordinates": [ [ 20.5066903, 54.7174793 ], [ 20.5076498, 54.7187204 ] ] } },
{ "type": "Feature", "properties": { "u": 371, "v": 70, "key": 0, "oneway": "False", "highway": "living_street", "name": "Космическая улица", "maxspeed": "RU:living_street", "lanes": "", "osmid": "206266641" }, "geometry": { "type": "LineString", "coordinates": [ [ 20.4982733, 54.7132302 ], [ 20.4981667, 54.7131894 ] ] } },
{ "type": "Feature", "properties": { "u": 371, "v": 372, "key": 0, "oneway": "False", "highway": "living_street", "name": "Космическая улица", "maxspeed": "RU:living_street", "lanes": "", "osmid": "206266641" }, "geometry": { "type": "LineString", "coordinates": [ [ 20.4982733, 54.7132302 ], [ 20.4999521, 54.7143304 ] ] } },
{ "type": "Feature", "properties": { "u": 371, "v": 486, "key": 0, "oneway": "False", "highway": "living_street", "name": "", "maxspeed": "RU:living_street", "lanes": "", "osmid": [ 509001312, 509001311 ] }, "geometry": { "type": "LineString", "coordinates": [ [ 20.4982733, 54.7132302 ], [ 20.4978798, 54.713457 ] ] } },
{ "type": "Feature", "properties": { "u": 372, "v": 79, "key": 0, "oneway": "False", "highway": "residential", "name": "улица Диккенса", "maxspeed": "RU:urban", "lanes": "2", "osmid": "42598659" }, "geometry": { "type": "LineString", "coordinates": [ [ 20.4999521, 54.7143304 ], [ 20.4999174, 54.7143389 ] ] } },
{ "type": "Feature", "properties": { "u": 372, "v": 77, "key": 0, "oneway": "False", "highway": "residential", "name": "Космическая улица", "maxspeed": "RU:urban", "lanes": "2", "osmid": [ 42598642, 42598659 ] }, "geometry": { "type": "LineString", "coordinates": [ [ 20.4999521, 54.7143304 ], [ 20.5006261, 54.7144468 ] ] } },
{ "type": "Feature", "properties": { "u": 372, "v": 371, "key": 0, "oneway": "False", "highway": "living_street", "name": "Космическая улица", "maxspeed": "RU:living_street", "lanes": "", "osmid": "206266641" }, "geometry": { "type": "LineString", "coordinates": [ [ 20.4999521, 54.7143304 ], [ 20.4982733, 54.7132302 ] ] } },
{ "type": "Feature", "properties": { "u": 373, "v": 374, "key": 0, "oneway": "False", "highway": "living_street", "name": "", "maxspeed": "RU:living_street", "lanes": "", "osmid": "208276042" }, "geometry": { "type": "LineString", "coordinates": [ [ 20.50271, 54.7082531 ], [ 20.5023943, 54.708307 ] ] } },
{ "type": "Feature", "properties": { "u": 374, "v": 373, "key": 0, "oneway": "False", "highway": "living_street", "name": "", "maxspeed": "RU:living_street", "lanes": "", "osmid": "208276042" }, "geometry": { "type": "LineString", "coordinates": [ [ 20.5023943, 54.708307 ], [ 20.50271, 54.7082531 ] ] } },
{ "type": "Feature", "properties": { "u": 374, "v": 375, "key": 0, "oneway": "False", "highway": "living_street", "name": "", "maxspeed": "RU:living_street", "lanes": "", "osmid": "238150713" }, "geometry": { "type": "LineString", "coordinates": [ [ 20.5023943, 54.708307 ], [ 20.5017357, 54.7084151 ] ] } },
{ "type": "Feature", "properties": { "u": 374, "v": 388, "key": 0, "oneway": "False", "highway": "living_street", "name": "", "maxspeed": "RU:living_street", "lanes": "", "osmid": "238150713" }, "geometry": { "type": "LineString", "coordinates": [ [ 20.5023943, 54.708307 ], [ 20.5021958, 54.7090809 ] ] } },
{ "type": "Feature", "properties": { "u": 375, "v": 374, "key": 0, "oneway": "False", "highway": "living_street", "name": "", "maxspeed": "RU:living_street", "lanes": "", "osmid": "238150713" }, "geometry": { "type": "LineString", "coordinates": [ [ 20.5017357, 54.7084151 ], [ 20.5023943, 54.708307 ] ] } },
{ "type": "Feature", "properties": { "u": 375, "v": 376, "key": 0, "oneway": "False", "highway": "residential", "name": "Красноярская улица", "maxspeed": "RU:living_street", "lanes": "2", "osmid": [ 59848780, 208276047 ] }, "geometry": { "type": "LineString", "coordinates": [ [ 20.5017357, 54.7084151 ], [ 20.5018827, 54.7087778 ] ] } },
{ "type": "Feature", "properties": { "u": 375, "v": 239, "key": 0, "oneway": "False", "highway": "residential", "name": "Красноярская улица", "maxspeed": "RU:living_street", "lanes": "2", "osmid": [ 59848780, 1370382533, 1370382535 ] }, "geometry": { "type": "LineString", "coordinates": [ [ 20.5017357, 54.7084151 ], [ 20.5014008, 54.7067242 ] ] } },
{ "type": "Feature", "properties": { "u": 376, "v": 388, "key": 0, "oneway": "False", "highway": "living_street", "name": "", "maxspeed": "RU:living_street", "lanes": "", "osmid": "238150712" }, "geometry": { "type": "LineString", "coordinates": [ [ 20.5018827, 54.7087778 ], [ 20.5021958, 54.7090809 ] ] } },
{ "type": "Feature", "properties": { "u": 376, "v": 375, "key": 0, "oneway": "False", "highway": "residential", "name": "Красноярская улица", "maxspeed": "RU:living_street", "lanes": "2", "osmid": [ 59848780, 208276047 ] }, "geometry": { "type": "LineString", "coordinates": [ [ 20.5018827, 54.7087778 ], [ 20.5017357, 54.7084151 ] ] } },
{ "type": "Feature", "properties": { "u": 376, "v": 378, "key": 0, "oneway": "False", "highway": "living_street", "name": "", "maxspeed": "RU:living_street", "lanes": "", "osmid": "208276047" }, "geometry": { "type": "LineString", "coordinates": [ [ 20.5018827, 54.7087778 ], [ 20.499986, 54.7095292 ] ] } },
{ "type": "Feature", "properties": { "u": 377, "v": 388, "key": 0, "oneway": "False", "highway": "living_street", "name": "", "maxspeed": "RU:living_street", "lanes": "", "osmid": "238150713" }, "geometry": { "type": "LineString", "coordinates": [ [ 20.5019214, 54.7093859 ], [ 20.5021958, 54.7090809 ] ] } },
{ "type": "Feature", "properties": { "u": 378, "v": 376, "key": 0, "oneway": "False", "highway": "living_street", "name": "", "maxspeed": "RU:living_street", "lanes": "", "osmid": "208276047" }, "geometry": { "type": "LineString", "coordinates": [ [ 20.499986, 54.7095292 ], [ 20.5018827, 54.7087778 ] ] } },
{ "type": "Feature", "properties": { "u": 378, "v": 323, "key": 0, "oneway": "False", "highway": "residential", "name": "Мариупольская улица", "maxspeed": "RU:living_street", "lanes": "2", "osmid": [ 59848744, 149701473, 1372756597 ] }, "geometry": { "type": "LineString", "coordinates": [ [ 20.499986, 54.7095292 ], [ 20.5001352, 54.7099754 ] ] } },
{ "type": "Feature", "properties": { "u": 378, "v": 322, "key": 0, "oneway": "False", "highway": "residential", "name": "Московский проспект", "maxspeed": "RU:living_street", "lanes": "2", "osmid": [ 149703660, 1372756597, 1373833525, 242393721, 149703802, 149703804 ] }, "geometry": { "type": "LineString", "coordinates": [ [ 20.499986, 54.7095292 ], [ 20.495213, 54.7100386 ] ] } },
{ "type": "Feature", "properties": { "u": 379, "v": 562, "key": 0, "oneway": "True", "highway": "secondary", "name": "улица Дзержинского", "maxspeed": "RU:urban", "lanes": "1", "osmid": [ 982439544, 982439482, 982439547, 754616637 ] }, "geometry": { "type": "LineString", "coordinates": [ [ 20.5210075, 54.6963131 ], [ 20.517212, 54.698399 ] ] } },
{ "type": "Feature", "properties": { "u": 380, "v": 381, "key": 0, "oneway": "False", "highway": "living_street", "name": "", "maxspeed": "RU:living_street", "lanes": "", "osmid": "211895080" }, "geometry": { "type": "LineString", "coordinates": [ [ 20.5017774, 54.7119301 ], [ 20.5028867, 54.7121538 ] ] } },
{ "type": "Feature", "properties": { "u": 381, "v": 123, "key": 0, "oneway": "False", "highway": "tertiary", "name": "улица Вагнера", "maxspeed": "RU:urban", "lanes": "2", "osmid": "314108348" }, "geometry": { "type": "LineString", "coordinates": [ [ 20.5028867, 54.7121538 ], [ 20.5019264, 54.7122434 ] ] } },
{ "type": "Feature", "properties": { "u": 381, "v": 380, "key": 0, "oneway": "False", "highway": "living_street", "name": "", "maxspeed": "RU:living_street", "lanes": "", "osmid": "211895080" }, "geometry": { "type": "LineString", "coordinates": [ [ 20.5028867, 54.7121538 ], [ 20.5017774, 54.7119301 ] ] } },
{ "type": "Feature", "properties": { "u": 381, "v": 83, "key": 0, "oneway": "False", "highway": "tertiary", "name": "улица Вагнера", "maxspeed": "RU:urban", "lanes": "2", "osmid": "314108348" }, "geometry": { "type": "LineString", "coordinates": [ [ 20.5028867, 54.7121538 ], [ 20.5036074, 54.7120935 ] ] } },
{ "type": "Feature", "properties": { "u": 382, "v": 383, "key": 0, "oneway": "False", "highway": "living_street", "name": "", "maxspeed": "RU:living_street", "lanes": "", "osmid": "287010181" }, "geometry": { "type": "LineString", "coordinates": [ [ 20.50276, 54.7153269 ], [ 20.5028231, 54.7156947 ] ] } },
{ "type": "Feature", "properties": { "u": 383, "v": 403, "key": 0, "oneway": "False", "highway": "living_street", "name": "", "maxspeed": "RU:living_street", "lanes": "", "osmid": "212303073" }, "geometry": { "type": "LineString", "coordinates": [ [ 20.5028231, 54.7156947 ], [ 20.5031977, 54.7158166 ] ] } },
{ "type": "Feature", "properties": { "u": 383, "v": 382, "key": 0, "oneway": "False", "highway": "living_street", "name": "", "maxspeed": "RU:living_street", "lanes": "", "osmid": "287010181" }, "geometry": { "type": "LineString", "coordinates": [ [ 20.5028231, 54.7156947 ], [ 20.50276, 54.7153269 ] ] } },
{ "type": "Feature", "properties": { "u": 383, "v": 271, "key": 0, "oneway": "False", "highway": "living_street", "name": "", "maxspeed": "RU:living_street", "lanes": "", "osmid": "287010181" }, "geometry": { "type": "LineString", "coordinates": [ [ 20.5028231, 54.7156947 ], [ 20.5021869, 54.7159828 ] ] } },
{ "type": "Feature", "properties": { "u": 384, "v": 131, "key": 0, "oneway": "False", "highway": "residential", "name": "Старопрегольская набережная", "maxspeed": "RU:living_street", "lanes": "2", "osmid": "583464743" }, "geometry": { "type": "LineString", "coordinates": [ [ 20.5121919, 54.7044582 ], [ 20.5100751, 54.7048008 ] ] } },
{ "type": "Feature", "properties": { "u": 385, "v": 131, "key": 0, "oneway": "False", "highway": "residential", "name": "улица Новый Вал", "maxspeed": "RU:living_street", "lanes": "2", "osmid": "220229384" }, "geometry": { "type": "LineString", "coordinates": [ [ 20.5100317, 54.7046225 ], [ 20.5100751, 54.7048008 ] ] } },
{ "type": "Feature", "properties": { "u": 386, "v": 429, "key": 0, "oneway": "True", "highway": "tertiary", "name": "", "maxspeed": "", "lanes": "1", "osmid": "312487843" }, "geometry": { "type": "LineString", "coordinates": [ [ 20.5246453, 54.7190459 ], [ 20.5248986, 54.7189521 ] ] } },
{ "type": "Feature", "properties": { "u": 386, "v": 151, "key": 0, "oneway": "True", "highway": "tertiary", "name": "улица Боткина", "maxspeed": "RU:urban", "lanes": "2", "osmid": [ 352319131, 1369736244 ] }, "geometry": { "type": "LineString", "coordinates": [ [ 20.5246453, 54.7190459 ], [ 20.5236331, 54.7163009 ] ] } },
{ "type": "Feature", "properties": { "u": 387, "v": 271, "key": 0, "oneway": "True", "highway": "residential", "name": "Космическая улица", "maxspeed": "RU:urban", "lanes": "2", "osmid": "204024684" }, "geometry": { "type": "LineString", "coordinates": [ [ 20.5023847, 54.7161807 ], [ 20.5021869, 54.7159828 ] ] } },
{ "type": "Feature", "properties": { "u": 387, "v": 78, "key": 0, "oneway": "False", "highway": "residential", "name": "Космическая улица", "maxspeed": "RU:urban", "lanes": "2", "osmid": "980859138" }, "geometry": { "type": "LineString", "coordinates": [ [ 20.5023847, 54.7161807 ], [ 20.5024497, 54.7162457 ] ] } },
{ "type": "Feature", "properties": { "u": 388, "v": 376, "key": 0, "oneway": "False", "highway": "living_street", "name": "", "maxspeed": "RU:living_street", "lanes": "", "osmid": "238150712" }, "geometry": { "type": "LineString", "coordinates": [ [ 20.5021958, 54.7090809 ], [ 20.5018827, 54.7087778 ] ] } },
{ "type": "Feature", "properties": { "u": 388, "v": 374, "key": 0, "oneway": "False", "highway": "living_street", "name": "", "maxspeed": "RU:living_street", "lanes": "", "osmid": "238150713" }, "geometry": { "type": "LineString", "coordinates": [ [ 20.5021958, 54.7090809 ], [ 20.5023943, 54.708307 ] ] } },
{ "type": "Feature", "properties": { "u": 388, "v": 377, "key": 0, "oneway": "False", "highway": "living_street", "name": "", "maxspeed": "RU:living_street", "lanes": "", "osmid": "238150713" }, "geometry": { "type": "LineString", "coordinates": [ [ 20.5021958, 54.7090809 ], [ 20.5019214, 54.7093859 ] ] } },
{ "type": "Feature", "properties": { "u": 389, "v": 616, "key": 0, "oneway": "False", "highway": "residential", "name": "Эльблонгская улица", "maxspeed": "RU:living_street", "lanes": "2", "osmid": "1368750756" }, "geometry": { "type": "LineString", "coordinates": [ [ 20.4956407, 54.6996228 ], [ 20.4977361, 54.7005568 ] ] } },
{ "type": "Feature", "properties": { "u": 390, "v": 518, "key": 0, "oneway": "True", "highway": "primary", "name": "Ленинский проспект", "maxspeed": "RU:urban", "lanes": "3", "osmid": "983916336" }, "geometry": { "type": "LineString", "coordinates": [ [ 20.508791, 54.7117929 ], [ 20.5089051, 54.7116968 ] ] } },
{ "type": "Feature", "properties": { "u": 390, "v": 515, "key": 0, "oneway": "True", "highway": "tertiary", "name": "улица Вагнера", "maxspeed": "RU:urban", "lanes": "1", "osmid": "42596807" }, "geometry": { "type": "LineString", "coordinates": [ [ 20.508791, 54.7117929 ], [ 20.508907, 54.711982 ] ] } },
{ "type": "Feature", "properties": { "u": 391, "v": 399, "key": 0, "oneway": "False", "highway": "living_street", "name": "", "maxspeed": "RU:living_street", "lanes": "", "osmid": "285081421" }, "geometry": { "type": "LineString", "coordinates": [ [ 20.5075843, 54.7135592 ], [ 20.5075553, 54.7135446 ] ] } },
{ "type": "Feature", "properties": { "u": 391, "v": 351, "key": 0, "oneway": "False", "highway": "living_street", "name": "Университетская улица", "maxspeed": "RU:living_street", "lanes": "", "osmid": "270046395" }, "geometry": { "type": "LineString", "coordinates": [ [ 20.5075843, 54.7135592 ], [ 20.5076672, 54.7141806 ] ] } },
{ "type": "Feature", "properties": { "u": 391, "v": 392, "key": 0, "oneway": "False", "highway": "living_street", "name": "", "maxspeed": "RU:living_street", "lanes": "", "osmid": [ 42597248, 285081420 ] }, "geometry": { "type": "LineString", "coordinates": [ [ 20.5075843, 54.7135592 ], [ 20.5080489, 54.7134889 ] ] } },
{ "type": "Feature", "properties": { "u": 392, "v": 391, "key": 0, "oneway": "False", "highway": "living_street", "name": "", "maxspeed": "RU:living_street", "lanes": "", "osmid": [ 42597248, 285081420 ] }, "geometry": { "type": "LineString", "coordinates": [ [ 20.5080489, 54.7134889 ], [ 20.5075843, 54.7135592 ] ] } },
{ "type": "Feature", "properties": { "u": 393, "v": 92, "key": 0, "oneway": "False", "highway": "unclassified", "name": "улица Ушинского", "maxspeed": "", "lanes": "2", "osmid": "42740841" }, "geometry": { "type": "LineString", "coordinates": [ [ 20.4948103, 54.7198654 ], [ 20.4947897, 54.718886 ] ] } },
{ "type": "Feature", "properties": { "u": 394, "v": 79, "key": 0, "oneway": "False", "highway": "living_street", "name": "Космическая улица", "maxspeed": "RU:living_street", "lanes": "", "osmid": [ 206266640, 274851449 ] }, "geometry": { "type": "LineString", "coordinates": [ [ 20.5012547, 54.7151467 ], [ 20.4999174, 54.7143389 ] ] } },
{ "type": "Feature", "properties": { "u": 394, "v": 77, "key": 0, "oneway": "True", "highway": "residential", "name": "Космическая улица", "maxspeed": "RU:urban", "lanes": "2", "osmid": [ 1372756614, 1372756615 ] }, "geometry": { "type": "LineString", "coordinates": [ [ 20.5012547, 54.7151467 ], [ 20.5006261, 54.7144468 ] ] } },
{ "type": "Feature", "properties": { "u": 395, "v": 396, "key": 0, "oneway": "False", "highway": "tertiary", "name": "улица Профессора Баранова", "maxspeed": "RU:urban", "lanes": "3", "osmid": "1364318064" }, "geometry": { "type": "LineString", "coordinates": [ [ 20.5126858, 54.7215993 ], [ 20.5142053, 54.721922 ] ] } },
{ "type": "Feature", "properties": { "u": 396, "v": 395, "key": 0, "oneway": "False", "highway": "tertiary", "name": "улица Профессора Баранова", "maxspeed": "RU:urban", "lanes": "3", "osmid": "1364318064" }, "geometry": { "type": "LineString", "coordinates": [ [ 20.5142053, 54.721922 ], [ 20.5126858, 54.7215993 ] ] } },
{ "type": "Feature", "properties": { "u": 396, "v": 107, "key": 0, "oneway": "True", "highway": "tertiary", "name": "улица Профессора Баранова", "maxspeed": "RU:urban", "lanes": "1", "osmid": "1364318062" }, "geometry": { "type": "LineString", "coordinates": [ [ 20.5142053, 54.721922 ], [ 20.5147713, 54.7219558 ] ] } },
{ "type": "Feature", "properties": { "u": 396, "v": 615, "key": 0, "oneway": "True", "highway": "tertiary", "name": "улица Профессора Баранова", "maxspeed": "RU:urban", "lanes": "1", "osmid": "1364318063" }, "geometry": { "type": "LineString", "coordinates": [ [ 20.5142053, 54.721922 ], [ 20.5146613, 54.7217178 ] ] } },
{ "type": "Feature", "properties": { "u": 397, "v": 398, "key": 0, "oneway": "False", "highway": "living_street", "name": "", "maxspeed": "RU:living_street", "lanes": "", "osmid": "285081419" }, "geometry": { "type": "LineString", "coordinates": [ [ 20.507775, 54.7131829 ], [ 20.507375, 54.7134542 ] ] } },
{ "type": "Feature", "properties": { "u": 398, "v": 397, "key": 0, "oneway": "False", "highway": "living_street", "name": "", "maxspeed": "RU:living_street", "lanes": "", "osmid": "285081419" }, "geometry": { "type": "LineString", "coordinates": [ [ 20.507375, 54.7134542 ], [ 20.507775, 54.7131829 ] ] } },
{ "type": "Feature", "properties": { "u": 398, "v": 399, "key": 0, "oneway": "False", "highway": "living_street", "name": "", "maxspeed": "RU:living_street", "lanes": "", "osmid": "285081421" }, "geometry": { "type": "LineString", "coordinates": [ [ 20.507375, 54.7134542 ], [ 20.5075553, 54.7135446 ] ] } },
{ "type": "Feature", "properties": { "u": 398, "v": 3, "key": 0, "oneway": "False", "highway": "living_street", "name": "", "maxspeed": "RU:living_street", "lanes": "", "osmid": [ 1372756600, 285081421 ] }, "geometry": { "type": "LineString", "coordinates": [ [ 20.507375, 54.7134542 ], [ 20.5070211, 54.7132843 ] ] } },
{ "type": "Feature", "properties": { "u": 399, "v": 400, "key": 0, "oneway": "False", "highway": "living_street", "name": "", "maxspeed": "RU:living_street", "lanes": "", "osmid": "285081418" }, "geometry": { "type": "LineString", "coordinates": [ [ 20.5075553, 54.7135446 ], [ 20.506951, 54.7139572 ] ] } },
{ "type": "Feature", "properties": { "u": 399, "v": 398, "key": 0, "oneway": "False", "highway": "living_street", "name": "", "maxspeed": "RU:living_street", "lanes": "", "osmid": "285081421" }, "geometry": { "type": "LineString", "coordinates": [ [ 20.5075553, 54.7135446 ], [ 20.507375, 54.7134542 ] ] } },
{ "type": "Feature", "properties": { "u": 399, "v": 391, "key": 0, "oneway": "False", "highway": "living_street", "name": "", "maxspeed": "RU:living_street", "lanes": "", "osmid": "285081421" }, "geometry": { "type": "LineString", "coordinates": [ [ 20.5075553, 54.7135446 ], [ 20.5075843, 54.7135592 ] ] } },
{ "type": "Feature", "properties": { "u": 400, "v": 399, "key": 0, "oneway": "False", "highway": "living_street", "name": "", "maxspeed": "RU:living_street", "lanes": "", "osmid": "285081418" }, "geometry": { "type": "LineString", "coordinates": [ [ 20.506951, 54.7139572 ], [ 20.5075553, 54.7135446 ] ] } },
{ "type": "Feature", "properties": { "u": 401, "v": 402, "key": 0, "oneway": "False", "highway": "secondary", "name": "Озёрный проезд", "maxspeed": "RU:urban", "lanes": "2", "osmid": "1487710775" }, "geometry": { "type": "LineString", "coordinates": [ [ 20.5152269, 54.7218312 ], [ 20.514894, 54.7219301 ] ] } },
{ "type": "Feature", "properties": { "u": 402, "v": 623, "key": 0, "oneway": "True", "highway": "secondary", "name": "", "maxspeed": "", "lanes": "", "osmid": "1487710774" }, "geometry": { "type": "LineString", "coordinates": [ [ 20.514894, 54.7219301 ], [ 20.5147867, 54.7219908 ] ] } },
{ "type": "Feature", "properties": { "u": 402, "v": 401, "key": 0, "oneway": "False", "highway": "secondary", "name": "Озёрный проезд", "maxspeed": "RU:urban", "lanes": "2", "osmid": "1487710775" }, "geometry": { "type": "LineString", "coordinates": [ [ 20.514894, 54.7219301 ], [ 20.5152269, 54.7218312 ] ] } },
{ "type": "Feature", "properties": { "u": 403, "v": 383, "key": 0, "oneway": "False", "highway": "living_street", "name": "", "maxspeed": "RU:living_street", "lanes": "", "osmid": "212303073" }, "geometry": { "type": "LineString", "coordinates": [ [ 20.5031977, 54.7158166 ], [ 20.5028231, 54.7156947 ] ] } },
{ "type": "Feature", "properties": { "u": 403, "v": 519, "key": 0, "oneway": "True", "highway": "primary", "name": "Ленинский проспект", "maxspeed": "RU:urban", "lanes": "3", "osmid": [ 980011192, 983859260 ] }, "geometry": { "type": "LineString", "coordinates": [ [ 20.5031977, 54.7158166 ], [ 20.5041166, 54.7150673 ] ] } },
{ "type": "Feature", "properties": { "u": 404, "v": 287, "key": 0, "oneway": "False", "highway": "living_street", "name": "", "maxspeed": "RU:living_street", "lanes": "", "osmid": "1020261721" }, "geometry": { "type": "LineString", "coordinates": [ [ 20.5001653, 54.6965266 ], [ 20.5001386, 54.6965358 ] ] } },
{ "type": "Feature", "properties": { "u": 405, "v": 297, "key": 0, "oneway": "False", "highway": "residential", "name": "Серпуховский переулок", "maxspeed": "", "lanes": "", "osmid": "1372496945" }, "geometry": { "type": "LineString", "coordinates": [ [ 20.5004843, 54.696907 ], [ 20.500914, 54.6967997 ] ] } },
{ "type": "Feature", "properties": { "u": 406, "v": 44, "key": 0, "oneway": "False", "highway": "secondary", "name": "Портовая улица", "maxspeed": "RU:urban", "lanes": "2", "osmid": "989399948" }, "geometry": { "type": "LineString", "coordinates": [ [ 20.5054075, 54.704225 ], [ 20.5052869, 54.7042404 ] ] } },
{ "type": "Feature", "properties": { "u": 406, "v": 524, "key": 0, "oneway": "True", "highway": "secondary_link", "name": "Портовая улица", "maxspeed": "RU:urban", "lanes": "1", "osmid": "980011182" }, "geometry": { "type": "LineString", "coordinates": [ [ 20.5054075, 54.704225 ], [ 20.5055784, 54.7040734 ] ] } },
{ "type": "Feature", "properties": { "u": 407, "v": 264, "key": 0, "oneway": "True", "highway": "primary", "name": "Второй эстакадный мост", "maxspeed": "RU:urban", "lanes": "3", "osmid": "289093945" }, "geometry": { "type": "LineString", "coordinates": [ [ 20.5221698, 54.7121452 ], [ 20.5224475, 54.7106836 ] ] } },
{ "type": "Feature", "properties": { "u": 407, "v": 479, "key": 0, "oneway": "False", "highway": "secondary", "name": "улица Фрунзе", "maxspeed": "RU:urban", "lanes": "2", "osmid": "289093957" }, "geometry": { "type": "LineString", "coordinates": [ [ 20.5221698, 54.7121452 ], [ 20.522501, 54.712181 ] ] } },
{ "type": "Feature", "properties": { "u": 407, "v": 220, "key": 0, "oneway": "False", "highway": "secondary", "name": "улица Фрунзе", "maxspeed": "RU:urban", "lanes": "3", "osmid": [ 451798530, 669755252, 669755253, 669755254 ] }, "geometry": { "type": "LineString", "coordinates": [ [ 20.5221698, 54.7121452 ], [ 20.5204948, 54.7119821 ] ] } },
{ "type": "Feature", "properties": { "u": 408, "v": 190, "key": 0, "oneway": "True", "highway": "primary", "name": "Московский проспект", "maxspeed": "RU:urban", "lanes": "4", "osmid": "404700843" }, "geometry": { "type": "LineString", "coordinates": [ [ 20.5032711, 54.7100769 ], [ 20.5016943, 54.710213 ] ] } },
{ "type": "Feature", "properties": { "u": 408, "v": 410, "key": 0, "oneway": "False", "highway": "living_street", "name": "", "maxspeed": "", "lanes": "", "osmid": [ 290833258, 290833916 ] }, "geometry": { "type": "LineString", "coordinates": [ [ 20.5032711, 54.7100769 ], [ 20.5015353, 54.7106453 ] ] } },
{ "type": "Feature", "properties": { "u": 409, "v": 410, "key": 0, "oneway": "False", "highway": "living_street", "name": "", "maxspeed": "", "lanes": "", "osmid": "290833916" }, "geometry": { "type": "LineString", "coordinates": [ [ 20.5014489, 54.7102366 ], [ 20.5015353, 54.7106453 ] ] } },
{ "type": "Feature", "properties": { "u": 409, "v": 412, "key": 0, "oneway": "True", "highway": "primary", "name": "Московский проспект", "maxspeed": "RU:urban", "lanes": "3", "osmid": "1370697577" }, "geometry": { "type": "LineString", "coordinates": [ [ 20.5014489, 54.7102366 ], [ 20.500463, 54.7103317 ] ] } },
{ "type": "Feature", "properties": { "u": 410, "v": 409, "key": 0, "oneway": "False", "highway": "living_street", "name": "", "maxspeed": "", "lanes": "", "osmid": "290833916" }, "geometry": { "type": "LineString", "coordinates": [ [ 20.5015353, 54.7106453 ], [ 20.5014489, 54.7102366 ] ] } },
{ "type": "Feature", "properties": { "u": 410, "v": 408, "key": 0, "oneway": "False", "highway": "living_street", "name": "", "maxspeed": "", "lanes": "", "osmid": [ 290833258, 290833916 ] }, "geometry": { "type": "LineString", "coordinates": [ [ 20.5015353, 54.7106453 ], [ 20.5032711, 54.7100769 ] ] } },
{ "type": "Feature", "properties": { "u": 410, "v": 411, "key": 0, "oneway": "False", "highway": "living_street", "name": "", "maxspeed": "", "lanes": "", "osmid": "290833917" }, "geometry": { "type": "LineString", "coordinates": [ [ 20.5015353, 54.7106453 ], [ 20.5010244, 54.7107896 ] ] } },
{ "type": "Feature", "properties": { "u": 411, "v": 410, "key": 0, "oneway": "False", "highway": "living_street", "name": "", "maxspeed": "", "lanes": "", "osmid": "290833917" }, "geometry": { "type": "LineString", "coordinates": [ [ 20.5010244, 54.7107896 ], [ 20.5015353, 54.7106453 ] ] } },
{ "type": "Feature", "properties": { "u": 412, "v": 413, "key": 0, "oneway": "False", "highway": "living_street", "name": "", "maxspeed": "", "lanes": "", "osmid": "290835250" }, "geometry": { "type": "LineString", "coordinates": [ [ 20.500463, 54.7103317 ], [ 20.500559, 54.7107305 ] ] } },
{ "type": "Feature", "properties": { "u": 412, "v": 55, "key": 0, "oneway": "True", "highway": "primary", "name": "Московский проспект", "maxspeed": "RU:urban", "lanes": "3", "osmid": [ 1370697576, 1370697577, 128167914, 1370697573 ] }, "geometry": { "type": "LineString", "coordinates": [ [ 20.500463, 54.7103317 ], [ 20.4950822, 54.7110582 ] ] } },
{ "type": "Feature", "properties": { "u": 413, "v": 412, "key": 0, "oneway": "False", "highway": "living_street", "name": "", "maxspeed": "", "lanes": "", "osmid": "290835250" }, "geometry": { "type": "LineString", "coordinates": [ [ 20.500559, 54.7107305 ], [ 20.500463, 54.7103317 ] ] } },
{ "type": "Feature", "properties": { "u": 414, "v": 68, "key": 0, "oneway": "False", "highway": "residential", "name": "улица Коперника", "maxspeed": "RU:urban", "lanes": "1", "osmid": [ 1372756620, 1372756621, 1372756622, 693840853, 693840854, 693840855, 42600189 ] }, "geometry": { "type": "LineString", "coordinates": [ [ 20.5066711, 54.7104629 ], [ 20.5067648, 54.7118116 ] ] } },
{ "type": "Feature", "properties": { "u": 414, "v": 415, "key": 0, "oneway": "False", "highway": "living_street", "name": "", "maxspeed": "RU:living_street", "lanes": "", "osmid": "290901706" }, "geometry": { "type": "LineString", "coordinates": [ [ 20.5066711, 54.7104629 ], [ 20.5042505, 54.7106802 ] ] } },
{ "type": "Feature", "properties": { "u": 415, "v": 346, "key": 0, "oneway": "False", "highway": "residential", "name": "улица Коперника", "maxspeed": "RU:urban", "lanes": "1", "osmid": "177144645" }, "geometry": { "type": "LineString", "coordinates": [ [ 20.5042505, 54.7106802 ], [ 20.504494, 54.7106568 ] ] } },
{ "type": "Feature", "properties": { "u": 415, "v": 84, "key": 0, "oneway": "False", "highway": "residential", "name": "улица Коперника", "maxspeed": "RU:urban", "lanes": "1", "osmid": "177144645" }, "geometry": { "type": "LineString", "coordinates": [ [ 20.5042505, 54.7106802 ], [ 20.5034271, 54.7107845 ] ] } },
{ "type": "Feature", "properties": { "u": 415, "v": 414, "key": 0, "oneway": "False", "highway": "living_street", "name": "", "maxspeed": "RU:living_street", "lanes": "", "osmid": "290901706" }, "geometry": { "type": "LineString", "coordinates": [ [ 20.5042505, 54.7106802 ], [ 20.5066711, 54.7104629 ] ] } },
{ "type": "Feature", "properties": { "u": 416, "v": 418, "key": 0, "oneway": "True", "highway": "tertiary", "name": "улица Дмитрия Донского", "maxspeed": "", "lanes": "1", "osmid": "735094028" }, "geometry": { "type": "LineString", "coordinates": [ [ 20.4927925, 54.7169894 ], [ 20.492755, 54.7171287 ] ] } },
{ "type": "Feature", "properties": { "u": 416, "v": 555, "key": 0, "oneway": "False", "highway": "residential", "name": "улица Марата", "maxspeed": "RU:urban", "lanes": "2", "osmid": [ 1374294960, 1374294961, 1374294962, 1374294963, 1374294964, 1374294965, 1374294966, 980859158, 42758430 ] }, "geometry": { "type": "LineString", "coordinates": [ [ 20.4927925, 54.7169894 ], [ 20.494818, 54.7186125 ] ] } },
{ "type": "Feature", "properties": { "u": 417, "v": 416, "key": 0, "oneway": "True", "highway": "tertiary", "name": "улица Дмитрия Донского", "maxspeed": "", "lanes": "1", "osmid": [ 735094027, 735094029 ] }, "geometry": { "type": "LineString", "coordinates": [ [ 20.4925655, 54.7170228 ], [ 20.4927925, 54.7169894 ] ] } },
{ "type": "Feature", "properties": { "u": 417, "v": 286, "key": 0, "oneway": "False", "highway": "tertiary", "name": "улица Дмитрия Донского", "maxspeed": "RU:urban", "lanes": "2", "osmid": [ 1107464570, 42758531, 1374294958, 1374294959 ] }, "geometry": { "type": "LineString", "coordinates": [ [ 20.4925655, 54.7170228 ], [ 20.4891993, 54.7158234 ] ] } },
{ "type": "Feature", "properties": { "u": 418, "v": 417, "key": 0, "oneway": "True", "highway": "tertiary", "name": "улица Дмитрия Донского", "maxspeed": "", "lanes": "1", "osmid": "294349049" }, "geometry": { "type": "LineString", "coordinates": [ [ 20.492755, 54.7171287 ], [ 20.4925655, 54.7170228 ] ] } },
{ "type": "Feature", "properties": { "u": 418, "v": 554, "key": 0, "oneway": "False", "highway": "residential", "name": "улица Дмитрия Донского", "maxspeed": "", "lanes": "2", "osmid": [ 155533864, 735094026, 1374294968, 1374294969, 1374294970, 1107464571 ] }, "geometry": { "type": "LineString", "coordinates": [ [ 20.492755, 54.7171287 ], [ 20.4935036, 54.7188912 ] ] } },
{ "type": "Feature", "properties": { "u": 419, "v": 220, "key": 0, "oneway": "False", "highway": "residential", "name": "улица Сергея Тюленина", "maxspeed": "", "lanes": "2", "osmid": [ 54990296, 669755255 ] }, "geometry": { "type": "LineString", "coordinates": [ [ 20.5209892, 54.7097133 ], [ 20.5204948, 54.7119821 ] ] } },
{ "type": "Feature", "properties": { "u": 420, "v": 407, "key": 0, "oneway": "True", "highway": "primary", "name": "улица 9-го Апреля", "maxspeed": "RU:urban", "lanes": "5", "osmid": "396754800" }, "geometry": { "type": "LineString", "coordinates": [ [ 20.5221041, 54.7129863 ], [ 20.5221698, 54.7121452 ] ] } },
{ "type": "Feature", "properties": { "u": 421, "v": 420, "key": 0, "oneway": "True", "highway": "residential", "name": "", "maxspeed": "", "lanes": "1", "osmid": "312487830" }, "geometry": { "type": "LineString", "coordinates": [ [ 20.5219068, 54.7130892 ], [ 20.5221041, 54.7129863 ] ] } },
{ "type": "Feature", "properties": { "u": 421, "v": 269, "key": 0, "oneway": "False", "highway": "residential", "name": "", "maxspeed": "", "lanes": "2", "osmid": [ 1372195043, 1372195044, 1372195045, 1372195046, 1372195047, 367861815, 352319127, 669755259 ] }, "geometry": { "type": "LineString", "coordinates": [ [ 20.5219068, 54.7130892 ], [ 20.5190862, 54.713068 ] ] } },
{ "type": "Feature", "properties": { "u": 422, "v": 421, "key": 0, "oneway": "True", "highway": "residential", "name": "", "maxspeed": "", "lanes": "1", "osmid": "312487835" }, "geometry": { "type": "LineString", "coordinates": [ [ 20.5221022, 54.7131877 ], [ 20.5219068, 54.7130892 ] ] } },
{ "type": "Feature", "properties": { "u": 422, "v": 420, "key": 0, "oneway": "True", "highway": "primary", "name": "улица 9-го Апреля", "maxspeed": "RU:urban", "lanes": "3", "osmid": "1232531213" }, "geometry": { "type": "LineString", "coordinates": [ [ 20.5221022, 54.7131877 ], [ 20.5221041, 54.7129863 ] ] } },
{ "type": "Feature", "properties": { "u": 423, "v": 422, "key": 0, "oneway": "True", "highway": "primary", "name": "улица 9-го Апреля", "maxspeed": "RU:urban", "lanes": "4", "osmid": [ 669755264, 1370089181, 1232531212, 989481647, 669755260, 669755261, 1370089182 ] }, "geometry": { "type": "LineString", "coordinates": [ [ 20.5238938, 54.7160676 ], [ 20.5221022, 54.7131877 ] ] } },
{ "type": "Feature", "properties": { "u": 424, "v": 227, "key": 0, "oneway": "False", "highway": "residential", "name": "Нерчинская улица", "maxspeed": "RU:urban", "lanes": "2", "osmid": "352319122" }, "geometry": { "type": "LineString", "coordinates": [ [ 20.5249064, 54.7162223 ], [ 20.5258647, 54.7161935 ] ] } },
{ "type": "Feature", "properties": { "u": 424, "v": 428, "key": 0, "oneway": "True", "highway": "residential", "name": "Нерчинская улица", "maxspeed": "RU:urban", "lanes": "1", "osmid": "312487841" }, "geometry": { "type": "LineString", "coordinates": [ [ 20.5249064, 54.7162223 ], [ 20.5247257, 54.7163778 ] ] } },
{ "type": "Feature", "properties": { "u": 425, "v": 424, "key": 0, "oneway": "True", "highway": "residential", "name": "Нерчинская улица", "maxspeed": "RU:urban", "lanes": "1", "osmid": "316448547" }, "geometry": { "type": "LineString", "coordinates": [ [ 20.5245411, 54.7162344 ], [ 20.5249064, 54.7162223 ] ] } },
{ "type": "Feature", "properties": { "u": 425, "v": 428, "key": 0, "oneway": "True", "highway": "primary", "name": "улица 9-го Апреля", "maxspeed": "RU:urban", "lanes": "3", "osmid": "352319125" }, "geometry": { "type": "LineString", "coordinates": [ [ 20.5245411, 54.7162344 ], [ 20.5247257, 54.7163778 ] ] } },
{ "type": "Feature", "properties": { "u": 426, "v": 151, "key": 0, "oneway": "False", "highway": "tertiary", "name": "Нерчинская улица", "maxspeed": "RU:urban", "lanes": "2", "osmid": "106485851" }, "geometry": { "type": "LineString", "coordinates": [ [ 20.5237964, 54.7162859 ], [ 20.5236331, 54.7163009 ] ] } },
{ "type": "Feature", "properties": { "u": 426, "v": 423, "key": 0, "oneway": "True", "highway": "tertiary_link", "name": "Нерчинская улица", "maxspeed": "RU:urban", "lanes": "1", "osmid": "312487842" }, "geometry": { "type": "LineString", "coordinates": [ [ 20.5237964, 54.7162859 ], [ 20.5238938, 54.7160676 ] ] } },
{ "type": "Feature", "properties": { "u": 427, "v": 426, "key": 0, "oneway": "True", "highway": "tertiary_link", "name": "Нерчинская улица", "maxspeed": "RU:urban", "lanes": "1", "osmid": "312487840" }, "geometry": { "type": "LineString", "coordinates": [ [ 20.5242896, 54.7163545 ], [ 20.5237964, 54.7162859 ] ] } },
{ "type": "Feature", "properties": { "u": 427, "v": 423, "key": 0, "oneway": "True", "highway": "primary", "name": "улица 9-го Апреля", "maxspeed": "RU:urban", "lanes": "3", "osmid": "669755265" }, "geometry": { "type": "LineString", "coordinates": [ [ 20.5242896, 54.7163545 ], [ 20.5238938, 54.7160676 ] ] } },
{ "type": "Feature", "properties": { "u": 428, "v": 431, "key": 0, "oneway": "True", "highway": "primary", "name": "улица 9-го Апреля", "maxspeed": "RU:urban", "lanes": "3", "osmid": "669755270" }, "geometry": { "type": "LineString", "coordinates": [ [ 20.5247257, 54.7163778 ], [ 20.5251572, 54.7193677 ] ] } },
{ "type": "Feature", "properties": { "u": 429, "v": 427, "key": 0, "oneway": "True", "highway": "primary", "name": "улица 9-го Апреля", "maxspeed": "RU:urban", "lanes": "3", "osmid": [ 989481649, 371510999 ] }, "geometry": { "type": "LineString", "coordinates": [ [ 20.5248986, 54.7189521 ], [ 20.5242896, 54.7163545 ] ] } },
{ "type": "Feature", "properties": { "u": 430, "v": 386, "key": 0, "oneway": "True", "highway": "tertiary", "name": "", "maxspeed": "", "lanes": "1", "osmid": "312487844" }, "geometry": { "type": "LineString", "coordinates": [ [ 20.524886, 54.7191721 ], [ 20.5246453, 54.7190459 ] ] } },
{ "type": "Feature", "properties": { "u": 430, "v": 429, "key": 0, "oneway": "True", "highway": "primary", "name": "улица 9-го Апреля", "maxspeed": "RU:urban", "lanes": "3", "osmid": "371510999" }, "geometry": { "type": "LineString", "coordinates": [ [ 20.524886, 54.7191721 ], [ 20.5248986, 54.7189521 ] ] } },
{ "type": "Feature", "properties": { "u": 431, "v": 432, "key": 0, "oneway": "True", "highway": "residential", "name": "Пионерский переулок", "maxspeed": "", "lanes": "1", "osmid": "312487837" }, "geometry": { "type": "LineString", "coordinates": [ [ 20.5251572, 54.7193677 ], [ 20.5254457, 54.7195032 ] ] } },
{ "type": "Feature", "properties": { "u": 431, "v": 24, "key": 0, "oneway": "True", "highway": "primary", "name": "улица 9-го Апреля", "maxspeed": "RU:urban", "lanes": "3", "osmid": "372771084" }, "geometry": { "type": "LineString", "coordinates": [ [ 20.5251572, 54.7193677 ], [ 20.5251547, 54.7195778 ] ] } },
{ "type": "Feature", "properties": { "u": 432, "v": 24, "key": 0, "oneway": "True", "highway": "residential", "name": "Пионерский переулок", "maxspeed": "", "lanes": "1", "osmid": [ 352319123, 295143126 ] }, "geometry": { "type": "LineString", "coordinates": [ [ 20.5254457, 54.7195032 ], [ 20.5251547, 54.7195778 ] ] } },
{ "type": "Feature", "properties": { "u": 432, "v": 25, "key": 0, "oneway": "False", "highway": "residential", "name": "Пионерская улица", "maxspeed": "40", "lanes": "2", "osmid": [ 223595851, 334581678, 371510992, 1370089174, 1018535229 ] }, "geometry": { "type": "LineString", "coordinates": [ [ 20.5254457, 54.7195032 ], [ 20.5267139, 54.7163547 ] ] } },
{ "type": "Feature", "properties": { "u": 433, "v": 436, "key": 0, "oneway": "True", "highway": "primary_link", "name": "площадь Маршала Василевского", "maxspeed": "RU:urban", "lanes": "1", "osmid": "371510990" }, "geometry": { "type": "LineString", "coordinates": [ [ 20.5251937, 54.7208403 ], [ 20.5261465, 54.7210904 ] ] } },
{ "type": "Feature", "properties": { "u": 433, "v": 434, "key": 0, "oneway": "True", "highway": "primary", "name": "улица 9-го Апреля", "maxspeed": "RU:urban", "lanes": "2", "osmid": "396754799" }, "geometry": { "type": "LineString", "coordinates": [ [ 20.5251937, 54.7208403 ], [ 20.5253181, 54.72104 ] ] } },
{ "type": "Feature", "properties": { "u": 434, "v": 437, "key": 0, "oneway": "True", "highway": "primary", "name": "площадь Маршала Василевского", "maxspeed": "RU:urban", "lanes": "3", "osmid": "451470436" }, "geometry": { "type": "LineString", "coordinates": [ [ 20.5253181, 54.72104 ], [ 20.5256398, 54.7211344 ] ] } },
{ "type": "Feature", "properties": { "u": 435, "v": 458, "key": 0, "oneway": "True", "highway": "primary", "name": "улица 9-го Апреля", "maxspeed": "RU:urban", "lanes": "2", "osmid": "295143128" }, "geometry": { "type": "LineString", "coordinates": [ [ 20.5248166, 54.7211272 ], [ 20.5248332, 54.7208336 ] ] } },
{ "type": "Feature", "properties": { "u": 435, "v": 434, "key": 0, "oneway": "True", "highway": "primary", "name": "площадь Маршала Василевского", "maxspeed": "RU:urban", "lanes": "2", "osmid": "371510998" }, "geometry": { "type": "LineString", "coordinates": [ [ 20.5248166, 54.7211272 ], [ 20.5253181, 54.72104 ] ] } },
{ "type": "Feature", "properties": { "u": 436, "v": 438, "key": 0, "oneway": "True", "highway": "primary", "name": "улица Литовский Вал", "maxspeed": "RU:urban", "lanes": "1", "osmid": "312487832" }, "geometry": { "type": "LineString", "coordinates": [ [ 20.5261465, 54.7210904 ], [ 20.5258345, 54.7213288 ] ] } },
{ "type": "Feature", "properties": { "u": 436, "v": 459, "key": 0, "oneway": "True", "highway": "primary_link", "name": "площадь Маршала Василевского", "maxspeed": "RU:urban", "lanes": "1", "osmid": "371510994" }, "geometry": { "type": "LineString", "coordinates": [ [ 20.5261465, 54.7210904 ], [ 20.5254648, 54.7220033 ] ] } },
{ "type": "Feature", "properties": { "u": 436, "v": 233, "key": 0, "oneway": "False", "highway": "primary", "name": "улица Литовский Вал", "maxspeed": "RU:urban", "lanes": "3", "osmid": [ 297911973, 669215984, 669215985, 669215986, 733841819, 733841820 ] }, "geometry": { "type": "LineString", "coordinates": [ [ 20.5261465, 54.7210904 ], [ 20.5300491, 54.7188355 ] ] } },
{ "type": "Feature", "properties": { "u": 437, "v": 438, "key": 0, "oneway": "True", "highway": "primary", "name": "площадь Маршала Василевского", "maxspeed": "RU:urban", "lanes": "2", "osmid": "312487829" }, "geometry": { "type": "LineString", "coordinates": [ [ 20.5256398, 54.7211344 ], [ 20.5258345, 54.7213288 ] ] } },
{ "type": "Feature", "properties": { "u": 437, "v": 436, "key": 0, "oneway": "True", "highway": "primary", "name": "улица Литовский Вал", "maxspeed": "RU:urban", "lanes": "1", "osmid": "312487831" }, "geometry": { "type": "LineString", "coordinates": [ [ 20.5256398, 54.7211344 ], [ 20.5261465, 54.7210904 ] ] } },
{ "type": "Feature", "properties": { "u": 438, "v": 443, "key": 0, "oneway": "True", "highway": "primary", "name": "площадь Маршала Василевского", "maxspeed": "RU:urban", "lanes": "3", "osmid": "371511000" }, "geometry": { "type": "LineString", "coordinates": [ [ 20.5258345, 54.7213288 ], [ 20.5255564, 54.721724 ] ] } },
{ "type": "Feature", "properties": { "u": 439, "v": 435, "key": 0, "oneway": "True", "highway": "primary", "name": "площадь Маршала Василевского", "maxspeed": "RU:urban", "lanes": "3", "osmid": "371510997" }, "geometry": { "type": "LineString", "coordinates": [ [ 20.5245739, 54.7213108 ], [ 20.5248166, 54.7211272 ] ] } },
{ "type": "Feature", "properties": { "u": 440, "v": 458, "key": 0, "oneway": "True", "highway": "primary_link", "name": "площадь Маршала Василевского", "maxspeed": "RU:urban", "lanes": "1", "osmid": "371510993" }, "geometry": { "type": "LineString", "coordinates": [ [ 20.5239433, 54.7214391 ], [ 20.5248332, 54.7208336 ] ] } },
{ "type": "Feature", "properties": { "u": 440, "v": 439, "key": 0, "oneway": "True", "highway": "primary", "name": "улица Черняховского", "maxspeed": "RU:urban", "lanes": "2", "osmid": "371510995" }, "geometry": { "type": "LineString", "coordinates": [ [ 20.5239433, 54.7214391 ], [ 20.5245739, 54.7213108 ] ] } },
{ "type": "Feature", "properties": { "u": 441, "v": 148, "key": 0, "oneway": "True", "highway": "primary", "name": "улица Черняховского", "maxspeed": "RU:urban", "lanes": "3", "osmid": [ 423757189, 449776654, 102459887, 980120568, 975128408, 371511005 ] }, "geometry": { "type": "LineString", "coordinates": [ [ 20.5239018, 54.7215831 ], [ 20.5183718, 54.720774 ] ] } },
{ "type": "Feature", "properties": { "u": 442, "v": 441, "key": 0, "oneway": "True", "highway": "primary", "name": "улица Черняховского", "maxspeed": "RU:urban", "lanes": "2", "osmid": "312487838" }, "geometry": { "type": "LineString", "coordinates": [ [ 20.5246475, 54.7216048 ], [ 20.5239018, 54.7215831 ] ] } },
{ "type": "Feature", "properties": { "u": 442, "v": 439, "key": 0, "oneway": "True", "highway": "primary", "name": "площадь Маршала Василевского", "maxspeed": "RU:urban", "lanes": "2", "osmid": "449776653" }, "geometry": { "type": "LineString", "coordinates": [ [ 20.5246475, 54.7216048 ], [ 20.5245739, 54.7213108 ] ] } },
{ "type": "Feature", "properties": { "u": 443, "v": 444, "key": 0, "oneway": "True", "highway": "primary", "name": "площадь Маршала Василевского", "maxspeed": "RU:urban", "lanes": "2", "osmid": "371510996" }, "geometry": { "type": "LineString", "coordinates": [ [ 20.5255564, 54.721724 ], [ 20.5250788, 54.7217783 ] ] } },
{ "type": "Feature", "properties": { "u": 443, "v": 459, "key": 0, "oneway": "True", "highway": "primary", "name": "улица Александра Невского", "maxspeed": "RU:urban", "lanes": "2", "osmid": "617632224" }, "geometry": { "type": "LineString", "coordinates": [ [ 20.5255564, 54.721724 ], [ 20.5254648, 54.7220033 ] ] } },
{ "type": "Feature", "properties": { "u": 444, "v": 442, "key": 0, "oneway": "True", "highway": "primary", "name": "площадь Маршала Василевского", "maxspeed": "RU:urban", "lanes": "3", "osmid": "371511001" }, "geometry": { "type": "LineString", "coordinates": [ [ 20.5250788, 54.7217783 ], [ 20.5246475, 54.7216048 ] ] } },
{ "type": "Feature", "properties": { "u": 445, "v": 444, "key": 0, "oneway": "True", "highway": "primary", "name": "улица Александра Невского", "maxspeed": "RU:urban", "lanes": "2", "osmid": "312487833" }, "geometry": { "type": "LineString", "coordinates": [ [ 20.5253078, 54.7220713 ], [ 20.5250788, 54.7217783 ] ] } },
{ "type": "Feature", "properties": { "u": 445, "v": 441, "key": 0, "oneway": "True", "highway": "primary_link", "name": "площадь Маршала Василевского", "maxspeed": "RU:urban", "lanes": "1", "osmid": "371510991" }, "geometry": { "type": "LineString", "coordinates": [ [ 20.5253078, 54.7220713 ], [ 20.5239018, 54.7215831 ] ] } },
{ "type": "Feature", "properties": { "u": 446, "v": 457, "key": 0, "oneway": "False", "highway": "residential", "name": "", "maxspeed": "", "lanes": "", "osmid": "367716431" }, "geometry": { "type": "LineString", "coordinates": [ [ 20.5393304, 54.7155584 ], [ 20.5377729, 54.7165879 ] ] } },
{ "type": "Feature", "properties": { "u": 446, "v": 110, "key": 0, "oneway": "True", "highway": "primary", "name": "улица Юрия Гагарина", "maxspeed": "RU:urban", "lanes": "3", "osmid": [ 54981249, 54981218, 333135949, 1373833528, 1373833529 ] }, "geometry": { "type": "LineString", "coordinates": [ [ 20.5393304, 54.7155584 ], [ 20.535816, 54.7134513 ] ] } },
{ "type": "Feature", "properties": { "u": 447, "v": 477, "key": 0, "oneway": "True", "highway": "secondary", "name": "Аллея Чемпионов", "maxspeed": "40", "lanes": "2", "osmid": [ 334543657, 444488627, 444488613 ] }, "geometry": { "type": "LineString", "coordinates": [ [ 20.5281069, 54.7044469 ], [ 20.534663, 54.7032089 ] ] } },
{ "type": "Feature", "properties": { "u": 448, "v": 449, "key": 0, "oneway": "True", "highway": "residential", "name": "Аллея Чемпионов", "maxspeed": "RU:urban", "lanes": "1", "osmid": "334543662" }, "geometry": { "type": "LineString", "coordinates": [ [ 20.5281922, 54.7045951 ], [ 20.5271442, 54.7046731 ] ] } },
{ "type": "Feature", "properties": { "u": 448, "v": 451, "key": 0, "oneway": "True", "highway": "secondary", "name": "", "maxspeed": "30", "lanes": "1", "osmid": [ 334543664, 334543653 ] }, "geometry": { "type": "LineString", "coordinates": [ [ 20.5281922, 54.7045951 ], [ 20.5236843, 54.7065394 ] ] } },
{ "type": "Feature", "properties": { "u": 449, "v": 450, "key": 0, "oneway": "False", "highway": "residential", "name": "Аллея Чемпионов", "maxspeed": "RU:urban", "lanes": "2", "osmid": "334543658" }, "geometry": { "type": "LineString", "coordinates": [ [ 20.5271442, 54.7046731 ], [ 20.5234001, 54.7048831 ] ] } },
{ "type": "Feature", "properties": { "u": 449, "v": 447, "key": 0, "oneway": "True", "highway": "residential", "name": "Аллея Чемпионов", "maxspeed": "RU:urban", "lanes": "1", "osmid": "334543663" }, "geometry": { "type": "LineString", "coordinates": [ [ 20.5271442, 54.7046731 ], [ 20.5281069, 54.7044469 ] ] } },
{ "type": "Feature", "properties": { "u": 450, "v": 449, "key": 0, "oneway": "False", "highway": "residential", "name": "Аллея Чемпионов", "maxspeed": "RU:urban", "lanes": "2", "osmid": "334543658" }, "geometry": { "type": "LineString", "coordinates": [ [ 20.5234001, 54.7048831 ], [ 20.5271442, 54.7046731 ] ] } },
{ "type": "Feature", "properties": { "u": 450, "v": 156, "key": 0, "oneway": "False", "highway": "residential", "name": "улица Генерала Павлова", "maxspeed": "RU:urban", "lanes": "2", "osmid": [ 1370089162, 1370089163, 210487660 ] }, "geometry": { "type": "LineString", "coordinates": [ [ 20.5234001, 54.7048831 ], [ 20.5230983, 54.7068267 ] ] } },
{ "type": "Feature", "properties": { "u": 450, "v": 493, "key": 0, "oneway": "False", "highway": "residential", "name": "Солнечный бульвар", "maxspeed": "RU:urban", "lanes": "2", "osmid": [ 627364933, 627364935, 627364936, 1370089164, 1366051279, 1366051280, 1366051281, 1366051282 ] }, "geometry": { "type": "LineString", "coordinates": [ [ 20.5234001, 54.7048831 ], [ 20.5355029, 54.7001322 ] ] } },
{ "type": "Feature", "properties": { "u": 451, "v": 292, "key": 0, "oneway": "True", "highway": "primary", "name": "Второй эстакадный мост", "maxspeed": "60", "lanes": "3", "osmid": "423080014" }, "geometry": { "type": "LineString", "coordinates": [ [ 20.5236843, 54.7065394 ], [ 20.5233374, 54.7079489 ] ] } },
{ "type": "Feature", "properties": { "u": 452, "v": 454, "key": 0, "oneway": "True", "highway": "secondary_link", "name": "", "maxspeed": "RU:urban", "lanes": "1", "osmid": "335613767" }, "geometry": { "type": "LineString", "coordinates": [ [ 20.5213846, 54.6989085 ], [ 20.5210077, 54.6991788 ] ] } },
{ "type": "Feature", "properties": { "u": 452, "v": 453, "key": 0, "oneway": "False", "highway": "secondary", "name": "набережная Ветеранов", "maxspeed": "RU:urban", "lanes": "4", "osmid": "335613771" }, "geometry": { "type": "LineString", "coordinates": [ [ 20.5213846, 54.6989085 ], [ 20.5206566, 54.6990794 ] ] } },
{ "type": "Feature", "properties": { "u": 452, "v": 494, "key": 0, "oneway": "False", "highway": "secondary", "name": "Парадная набережная", "maxspeed": "RU:urban", "lanes": "4", "osmid": "671091231" }, "geometry": { "type": "LineString", "coordinates": [ [ 20.5213846, 54.6989085 ], [ 20.5240074, 54.6981831 ] ] } },
{ "type": "Feature", "properties": { "u": 453, "v": 455, "key": 0, "oneway": "False", "highway": "secondary", "name": "набережная Ветеранов", "maxspeed": "RU:urban", "lanes": "4", "osmid": "428635505" }, "geometry": { "type": "LineString", "coordinates": [ [ 20.5206566, 54.6990794 ], [ 20.5199614, 54.6992794 ] ] } },
{ "type": "Feature", "properties": { "u": 453, "v": 454, "key": 0, "oneway": "True", "highway": "secondary_link", "name": "", "maxspeed": "RU:urban", "lanes": "1", "osmid": "335613768" }, "geometry": { "type": "LineString", "coordinates": [ [ 20.5206566, 54.6990794 ], [ 20.5210077, 54.6991788 ] ] } },
{ "type": "Feature", "properties": { "u": 453, "v": 452, "key": 0, "oneway": "False", "highway": "secondary", "name": "набережная Ветеранов", "maxspeed": "RU:urban", "lanes": "4", "osmid": "335613771" }, "geometry": { "type": "LineString", "coordinates": [ [ 20.5206566, 54.6990794 ], [ 20.5213846, 54.6989085 ] ] } },
{ "type": "Feature", "properties": { "u": 454, "v": 276, "key": 0, "oneway": "True", "highway": "secondary_link", "name": "", "maxspeed": "RU:urban", "lanes": "1", "osmid": [ 335613769, 335613772 ] }, "geometry": { "type": "LineString", "coordinates": [ [ 20.5210077, 54.6991788 ], [ 20.5228827, 54.7018898 ] ] } },
{ "type": "Feature", "properties": { "u": 455, "v": 453, "key": 0, "oneway": "False", "highway": "secondary", "name": "набережная Ветеранов", "maxspeed": "RU:urban", "lanes": "4", "osmid": "428635505" }, "geometry": { "type": "LineString", "coordinates": [ [ 20.5199614, 54.6992794 ], [ 20.5206566, 54.6990794 ] ] } },
{ "type": "Feature", "properties": { "u": 455, "v": 577, "key": 0, "oneway": "False", "highway": "secondary", "name": "набережная Ветеранов", "maxspeed": "RU:urban", "lanes": "4", "osmid": [ 428635507, 1210349534 ] }, "geometry": { "type": "LineString", "coordinates": [ [ 20.5199614, 54.6992794 ], [ 20.5181945, 54.6998329 ] ] } },
{ "type": "Feature", "properties": { "u": 456, "v": 455, "key": 0, "oneway": "True", "highway": "secondary_link", "name": "", "maxspeed": "RU:urban", "lanes": "1", "osmid": [ 335613770, 335613765, 335613766 ] }, "geometry": { "type": "LineString", "coordinates": [ [ 20.5226582, 54.7019101 ], [ 20.5199614, 54.6992794 ] ] } },
{ "type": "Feature", "properties": { "u": 456, "v": 291, "key": 0, "oneway": "True", "highway": "primary", "name": "Второй эстакадный мост", "maxspeed": "RU:urban", "lanes": "3", "osmid": [ 133259320, 428812625, 133259329 ] }, "geometry": { "type": "LineString", "coordinates": [ [ 20.5226582, 54.7019101 ], [ 20.5175632, 54.6971877 ] ] } },
{ "type": "Feature", "properties": { "u": 457, "v": 504, "key": 0, "oneway": "False", "highway": "residential", "name": "улица Фортовая дорога", "maxspeed": "", "lanes": "", "osmid": "63712442" }, "geometry": { "type": "LineString", "coordinates": [ [ 20.5377729, 54.7165879 ], [ 20.5367249, 54.7157528 ] ] } },
{ "type": "Feature", "properties": { "u": 457, "v": 446, "key": 0, "oneway": "False", "highway": "residential", "name": "", "maxspeed": "", "lanes": "", "osmid": "367716431" }, "geometry": { "type": "LineString", "coordinates": [ [ 20.5377729, 54.7165879 ], [ 20.5393304, 54.7155584 ] ] } },
{ "type": "Feature", "properties": { "u": 457, "v": 235, "key": 0, "oneway": "False", "highway": "residential", "name": "улица Фортовая дорога", "maxspeed": "", "lanes": "", "osmid": "1371901564" }, "geometry": { "type": "LineString", "coordinates": [ [ 20.5377729, 54.7165879 ], [ 20.5392972, 54.7173052 ] ] } },
{ "type": "Feature", "properties": { "u": 458, "v": 430, "key": 0, "oneway": "True", "highway": "primary", "name": "улица 9-го Апреля", "maxspeed": "RU:urban", "lanes": "3", "osmid": "1369736245" }, "geometry": { "type": "LineString", "coordinates": [ [ 20.5248332, 54.7208336 ], [ 20.524886, 54.7191721 ] ] } },
{ "type": "Feature", "properties": { "u": 460, "v": 323, "key": 0, "oneway": "False", "highway": "residential", "name": "Московский проспект", "maxspeed": "", "lanes": "1", "osmid": "149705036" }, "geometry": { "type": "LineString", "coordinates": [ [ 20.497507, 54.7100589 ], [ 20.5001352, 54.7099754 ] ] } },
{ "type": "Feature", "properties": { "u": 461, "v": 70, "key": 0, "oneway": "False", "highway": "tertiary", "name": "улица Бесселя", "maxspeed": "RU:urban", "lanes": "2", "osmid": "42597737" }, "geometry": { "type": "LineString", "coordinates": [ [ 20.4974111, 54.7132145 ], [ 20.4981667, 54.7131894 ] ] } },
{ "type": "Feature", "properties": { "u": 461, "v": 69, "key": 0, "oneway": "False", "highway": "tertiary", "name": "улица Бесселя", "maxspeed": "RU:urban", "lanes": "2", "osmid": "42597737" }, "geometry": { "type": "LineString", "coordinates": [ [ 20.4974111, 54.7132145 ], [ 20.4955466, 54.7131894 ] ] } },
{ "type": "Feature", "properties": { "u": 461, "v": 462, "key": 0, "oneway": "False", "highway": "living_street", "name": "", "maxspeed": "RU:living_street", "lanes": "", "osmid": "386541582" }, "geometry": { "type": "LineString", "coordinates": [ [ 20.4974111, 54.7132145 ], [ 20.4972867, 54.7142305 ] ] } },
{ "type": "Feature", "properties": { "u": 462, "v": 461, "key": 0, "oneway": "False", "highway": "living_street", "name": "", "maxspeed": "RU:living_street", "lanes": "", "osmid": "386541582" }, "geometry": { "type": "LineString", "coordinates": [ [ 20.4972867, 54.7142305 ], [ 20.4974111, 54.7132145 ] ] } },
{ "type": "Feature", "properties": { "u": 462, "v": 69, "key": 0, "oneway": "False", "highway": "tertiary", "name": "улица Генерала Галицкого", "maxspeed": "RU:urban", "lanes": "2", "osmid": "386541583" }, "geometry": { "type": "LineString", "coordinates": [ [ 20.4972867, 54.7142305 ], [ 20.4955466, 54.7131894 ] ] } },
{ "type": "Feature", "properties": { "u": 462, "v": 80, "key": 0, "oneway": "False", "highway": "tertiary", "name": "улица Генерала Галицкого", "maxspeed": "RU:urban", "lanes": "2", "osmid": "386541583" }, "geometry": { "type": "LineString", "coordinates": [ [ 20.4972867, 54.7142305 ], [ 20.4979941, 54.7148683 ] ] } },
{ "type": "Feature", "properties": { "u": 463, "v": 465, "key": 0, "oneway": "False", "highway": "unclassified", "name": "", "maxspeed": "", "lanes": "", "osmid": "422601043" }, "geometry": { "type": "LineString", "coordinates": [ [ 20.4862047, 54.6946182 ], [ 20.4863804, 54.6945498 ] ] } },
{ "type": "Feature", "properties": { "u": 463, "v": 250, "key": 0, "oneway": "False", "highway": "unclassified", "name": "улица Александра Суворова", "maxspeed": "", "lanes": "2", "osmid": "61413347" }, "geometry": { "type": "LineString", "coordinates": [ [ 20.4862047, 54.6946182 ], [ 20.4881305, 54.6955438 ] ] } },
{ "type": "Feature", "properties": { "u": 464, "v": 465, "key": 0, "oneway": "False", "highway": "unclassified", "name": "", "maxspeed": "", "lanes": "", "osmid": "422601043" }, "geometry": { "type": "LineString", "coordinates": [ [ 20.487222, 54.694162 ], [ 20.4863804, 54.6945498 ] ] } },
{ "type": "Feature", "properties": { "u": 465, "v": 463, "key": 0, "oneway": "False", "highway": "unclassified", "name": "", "maxspeed": "", "lanes": "", "osmid": "422601043" }, "geometry": { "type": "LineString", "coordinates": [ [ 20.4863804, 54.6945498 ], [ 20.4862047, 54.6946182 ] ] } },
{ "type": "Feature", "properties": { "u": 465, "v": 466, "key": 0, "oneway": "False", "highway": "unclassified", "name": "", "maxspeed": "", "lanes": "", "osmid": "422601047" }, "geometry": { "type": "LineString", "coordinates": [ [ 20.4863804, 54.6945498 ], [ 20.4866536, 54.6945547 ] ] } },
{ "type": "Feature", "properties": { "u": 465, "v": 464, "key": 0, "oneway": "False", "highway": "unclassified", "name": "", "maxspeed": "", "lanes": "", "osmid": "422601043" }, "geometry": { "type": "LineString", "coordinates": [ [ 20.4863804, 54.6945498 ], [ 20.487222, 54.694162 ] ] } },
{ "type": "Feature", "properties": { "u": 466, "v": 465, "key": 0, "oneway": "False", "highway": "unclassified", "name": "", "maxspeed": "", "lanes": "", "osmid": "422601047" }, "geometry": { "type": "LineString", "coordinates": [ [ 20.4866536, 54.6945547 ], [ 20.4863804, 54.6945498 ] ] } },
{ "type": "Feature", "properties": { "u": 466, "v": 470, "key": 0, "oneway": "False", "highway": "unclassified", "name": "", "maxspeed": "", "lanes": "", "osmid": "422601049" }, "geometry": { "type": "LineString", "coordinates": [ [ 20.4866536, 54.6945547 ], [ 20.4867909, 54.6946069 ] ] } },
{ "type": "Feature", "properties": { "u": 466, "v": 468, "key": 0, "oneway": "False", "highway": "unclassified", "name": "", "maxspeed": "", "lanes": "", "osmid": "422601047" }, "geometry": { "type": "LineString", "coordinates": [ [ 20.4866536, 54.6945547 ], [ 20.4876794, 54.6946723 ] ] } },
{ "type": "Feature", "properties": { "u": 467, "v": 468, "key": 0, "oneway": "False", "highway": "unclassified", "name": "", "maxspeed": "", "lanes": "", "osmid": "422601047" }, "geometry": { "type": "LineString", "coordinates": [ [ 20.4879168, 54.6947247 ], [ 20.4876794, 54.6946723 ] ] } },
{ "type": "Feature", "properties": { "u": 468, "v": 467, "key": 0, "oneway": "False", "highway": "unclassified", "name": "", "maxspeed": "", "lanes": "", "osmid": "422601047" }, "geometry": { "type": "LineString", "coordinates": [ [ 20.4876794, 54.6946723 ], [ 20.4879168, 54.6947247 ] ] } },
{ "type": "Feature", "properties": { "u": 468, "v": 469, "key": 0, "oneway": "False", "highway": "unclassified", "name": "", "maxspeed": "", "lanes": "", "osmid": "422601048" }, "geometry": { "type": "LineString", "coordinates": [ [ 20.4876794, 54.6946723 ], [ 20.4877742, 54.6945964 ] ] } },
{ "type": "Feature", "properties": { "u": 468, "v": 466, "key": 0, "oneway": "False", "highway": "unclassified", "name": "", "maxspeed": "", "lanes": "", "osmid": "422601047" }, "geometry": { "type": "LineString", "coordinates": [ [ 20.4876794, 54.6946723 ], [ 20.4866536, 54.6945547 ] ] } },
{ "type": "Feature", "properties": { "u": 469, "v": 468, "key": 0, "oneway": "False", "highway": "unclassified", "name": "", "maxspeed": "", "lanes": "", "osmid": "422601048" }, "geometry": { "type": "LineString", "coordinates": [ [ 20.4877742, 54.6945964 ], [ 20.4876794, 54.6946723 ] ] } },
{ "type": "Feature", "properties": { "u": 470, "v": 466, "key": 0, "oneway": "False", "highway": "unclassified", "name": "", "maxspeed": "", "lanes": "", "osmid": "422601049" }, "geometry": { "type": "LineString", "coordinates": [ [ 20.4867909, 54.6946069 ], [ 20.4866536, 54.6945547 ] ] } },
{ "type": "Feature", "properties": { "u": 471, "v": 321, "key": 0, "oneway": "False", "highway": "living_street", "name": "", "maxspeed": "RU:living_street", "lanes": "", "osmid": [ 854656291, 146352815 ] }, "geometry": { "type": "LineString", "coordinates": [ [ 20.4998055, 54.6990215 ], [ 20.5010349, 54.6998094 ] ] } },
{ "type": "Feature", "properties": { "u": 472, "v": 580, "key": 0, "oneway": "False", "highway": "residential", "name": "Октябрьская улица", "maxspeed": "RU:urban", "lanes": "2", "osmid": [ 1210349536, 48765617, 48762218 ] }, "geometry": { "type": "LineString", "coordinates": [ [ 20.5189897, 54.7046024 ], [ 20.5160363, 54.7042385 ] ] } },
{ "type": "Feature", "properties": { "u": 472, "v": 575, "key": 0, "oneway": "False", "highway": "tertiary", "name": "Солнечный бульвар", "maxspeed": "RU:urban", "lanes": "2", "osmid": [ 405006215, 430217000, 48765938, 1370382518, 1370089148, 442081021, 210932030, 1210349535 ] }, "geometry": { "type": "LineString", "coordinates": [ [ 20.5189897, 54.7046024 ], [ 20.5174943, 54.7006199 ] ] } },
{ "type": "Feature", "properties": { "u": 472, "v": 579, "key": 0, "oneway": "False", "highway": "tertiary", "name": "Солнечный бульвар", "maxspeed": "RU:urban", "lanes": "2", "osmid": "442081026" }, "geometry": { "type": "LineString", "coordinates": [ [ 20.5189897, 54.7046024 ], [ 20.5153429, 54.7050523 ] ] } },
{ "type": "Feature", "properties": { "u": 473, "v": 157, "key": 0, "oneway": "True", "highway": "secondary", "name": "Октябрьская улица", "maxspeed": "30", "lanes": "1", "osmid": [ 982459616, 982459617, 982459618, 982459619, 982459622, 982459623, 982459624, 982459625, 982459626, 982459615 ] }, "geometry": { "type": "LineString", "coordinates": [ [ 20.5152134, 54.7050202 ], [ 20.5173739, 54.7005841 ] ] } },
{ "type": "Feature", "properties": { "u": 473, "v": 579, "key": 0, "oneway": "False", "highway": "tertiary", "name": "Солнечный бульвар", "maxspeed": "RU:urban", "lanes": "2", "osmid": "1210349537" }, "geometry": { "type": "LineString", "coordinates": [ [ 20.5152134, 54.7050202 ], [ 20.5153429, 54.7050523 ] ] } },
{ "type": "Feature", "properties": { "u": 474, "v": 496, "key": 0, "oneway": "False", "highway": "residential", "name": "", "maxspeed": "", "lanes": "2", "osmid": "627364925" }, "geometry": { "type": "LineString", "coordinates": [ [ 20.5374808, 54.702205 ], [ 20.5366435, 54.7013279 ] ] } },
{ "type": "Feature", "properties": { "u": 475, "v": 476, "key": 0, "oneway": "True", "highway": "secondary", "name": "Аллея Чемпионов", "maxspeed": "RU:urban", "lanes": "2", "osmid": "444488619" }, "geometry": { "type": "LineString", "coordinates": [ [ 20.5354273, 54.702911 ], [ 20.5356409, 54.7030939 ] ] } },
{ "type": "Feature", "properties": { "u": 475, "v": 474, "key": 0, "oneway": "True", "highway": "secondary", "name": "Аллея Чемпионов", "maxspeed": "RU:urban", "lanes": "2", "osmid": [ 444488625, 444488617 ] }, "geometry": { "type": "LineString", "coordinates": [ [ 20.5354273, 54.702911 ], [ 20.5374808, 54.702205 ] ] } },
{ "type": "Feature", "properties": { "u": 476, "v": 478, "key": 0, "oneway": "True", "highway": "secondary", "name": "Аллея Чемпионов", "maxspeed": "RU:urban", "lanes": "3", "osmid": "684372175" }, "geometry": { "type": "LineString", "coordinates": [ [ 20.5356409, 54.7030939 ], [ 20.5348765, 54.7033918 ] ] } },
{ "type": "Feature", "properties": { "u": 477, "v": 475, "key": 0, "oneway": "True", "highway": "secondary", "name": "Аллея Чемпионов", "maxspeed": "RU:urban", "lanes": "3", "osmid": "684372177" }, "geometry": { "type": "LineString", "coordinates": [ [ 20.534663, 54.7032089 ], [ 20.5354273, 54.702911 ] ] } },
{ "type": "Feature", "properties": { "u": 478, "v": 448, "key": 0, "oneway": "True", "highway": "secondary", "name": "Аллея Чемпионов", "maxspeed": "RU:urban", "lanes": "2", "osmid": [ 334543656, 444488611, 444488620 ] }, "geometry": { "type": "LineString", "coordinates": [ [ 20.5348765, 54.7033918 ], [ 20.5281922, 54.7045951 ] ] } },
{ "type": "Feature", "properties": { "u": 478, "v": 477, "key": 0, "oneway": "True", "highway": "secondary", "name": "Аллея Чемпионов", "maxspeed": "RU:urban", "lanes": "2", "osmid": "684372173" }, "geometry": { "type": "LineString", "coordinates": [ [ 20.5348765, 54.7033918 ], [ 20.534663, 54.7032089 ] ] } },
{ "type": "Feature", "properties": { "u": 479, "v": 407, "key": 0, "oneway": "False", "highway": "secondary", "name": "улица Фрунзе", "maxspeed": "RU:urban", "lanes": "2", "osmid": "289093957" }, "geometry": { "type": "LineString", "coordinates": [ [ 20.522501, 54.712181 ], [ 20.5221698, 54.7121452 ] ] } },
{ "type": "Feature", "properties": { "u": 479, "v": 219, "key": 0, "oneway": "False", "highway": "secondary", "name": "улица Фрунзе", "maxspeed": "RU:urban", "lanes": "3", "osmid": [ 452940844, 289093956 ] }, "geometry": { "type": "LineString", "coordinates": [ [ 20.522501, 54.712181 ], [ 20.5229205, 54.7122478 ] ] } },
{ "type": "Feature", "properties": { "u": 479, "v": 425, "key": 0, "oneway": "True", "highway": "primary", "name": "улица 9-го Апреля", "maxspeed": "RU:urban", "lanes": "3", "osmid": [ 989481648, 452940845, 295143127 ] }, "geometry": { "type": "LineString", "coordinates": [ [ 20.522501, 54.712181 ], [ 20.5245411, 54.7162344 ] ] } },
{ "type": "Feature", "properties": { "u": 480, "v": 505, "key": 0, "oneway": "True", "highway": "tertiary", "name": "", "maxspeed": "RU:urban", "lanes": "1", "osmid": "705035290" }, "geometry": { "type": "LineString", "coordinates": [ [ 20.49614, 54.6959653 ], [ 20.4962772, 54.6962819 ] ] } },
{ "type": "Feature", "properties": { "u": 480, "v": 138, "key": 0, "oneway": "False", "highway": "tertiary", "name": "Железнодорожная улица", "maxspeed": "RU:urban", "lanes": "2", "osmid": [ 736296240, 736296241, 107449568 ] }, "geometry": { "type": "LineString", "coordinates": [ [ 20.49614, 54.6959653 ], [ 20.4979734, 54.6955161 ] ] } },
{ "type": "Feature", "properties": { "u": 481, "v": 572, "key": 0, "oneway": "False", "highway": "residential", "name": "Большая Песочная улица", "maxspeed": "RU:urban", "lanes": "2", "osmid": "480035255" }, "geometry": { "type": "LineString", "coordinates": [ [ 20.5130228, 54.6996006 ], [ 20.513029, 54.6996471 ] ] } },
{ "type": "Feature", "properties": { "u": 481, "v": 39, "key": 0, "oneway": "True", "highway": "secondary", "name": "улица Багратиона", "maxspeed": "RU:urban", "lanes": "1", "osmid": [ 713320354, 312850196, 97264559 ] }, "geometry": { "type": "LineString", "coordinates": [ [ 20.5130228, 54.6996006 ], [ 20.513875, 54.6996032 ] ] } },
{ "type": "Feature", "properties": { "u": 481, "v": 171, "key": 0, "oneway": "False", "highway": "residential", "name": "Большая Песочная улица", "maxspeed": "RU:urban", "lanes": "1", "osmid": "996149797" }, "geometry": { "type": "LineString", "coordinates": [ [ 20.5130228, 54.6996006 ], [ 20.5154697, 54.6985509 ] ] } },
{ "type": "Feature", "properties": { "u": 482, "v": 483, "key": 0, "oneway": "False", "highway": "living_street", "name": "", "maxspeed": "RU:living_street", "lanes": "", "osmid": "483378754" }, "geometry": { "type": "LineString", "coordinates": [ [ 20.5062479, 54.7144411 ], [ 20.5067846, 54.714079 ] ] } },
{ "type": "Feature", "properties": { "u": 482, "v": 352, "key": 0, "oneway": "False", "highway": "living_street", "name": "улица Профессора Севастьянова", "maxspeed": "RU:living_street", "lanes": "2", "osmid": [ 186561976, 48816485, 186561981 ] }, "geometry": { "type": "LineString", "coordinates": [ [ 20.5062479, 54.7144411 ], [ 20.5059297, 54.7142906 ] ] } },
{ "type": "Feature", "properties": { "u": 482, "v": 167, "key": 0, "oneway": "False", "highway": "living_street", "name": "улица Профессора Севастьянова", "maxspeed": "RU:living_street", "lanes": "2", "osmid": "48816485" }, "geometry": { "type": "LineString", "coordinates": [ [ 20.5062479, 54.7144411 ], [ 20.5068046, 54.7148456 ] ] } },
{ "type": "Feature", "properties": { "u": 483, "v": 482, "key": 0, "oneway": "False", "highway": "living_street", "name": "", "maxspeed": "RU:living_street", "lanes": "", "osmid": "483378754" }, "geometry": { "type": "LineString", "coordinates": [ [ 20.5067846, 54.714079 ], [ 20.5062479, 54.7144411 ] ] } },
{ "type": "Feature", "properties": { "u": 484, "v": 485, "key": 0, "oneway": "False", "highway": "residential", "name": "Портовая улица", "maxspeed": "RU:living_street", "lanes": "", "osmid": "488542313" }, "geometry": { "type": "LineString", "coordinates": [ [ 20.4995526, 54.7049405 ], [ 20.4998092, 54.7036172 ] ] } },
{ "type": "Feature", "properties": { "u": 484, "v": 208, "key": 0, "oneway": "False", "highway": "secondary", "name": "Портовая улица", "maxspeed": "RU:urban", "lanes": "2", "osmid": [ 989399938, 989399939 ] }, "geometry": { "type": "LineString", "coordinates": [ [ 20.4995526, 54.7049405 ], [ 20.4985534, 54.7050673 ] ] } },
{ "type": "Feature", "properties": { "u": 484, "v": 211, "key": 0, "oneway": "False", "highway": "secondary", "name": "Портовая улица", "maxspeed": "RU:urban", "lanes": "2", "osmid": [ 989399940, 989399941, 989399942, 989399943, 989399944 ] }, "geometry": { "type": "LineString", "coordinates": [ [ 20.4995526, 54.7049405 ], [ 20.5033743, 54.7044842 ] ] } },
{ "type": "Feature", "properties": { "u": 485, "v": 484, "key": 0, "oneway": "False", "highway": "residential", "name": "Портовая улица", "maxspeed": "RU:living_street", "lanes": "", "osmid": "488542313" }, "geometry": { "type": "LineString", "coordinates": [ [ 20.4998092, 54.7036172 ], [ 20.4995526, 54.7049405 ] ] } },
{ "type": "Feature", "properties": { "u": 486, "v": 371, "key": 0, "oneway": "False", "highway": "living_street", "name": "", "maxspeed": "RU:living_street", "lanes": "", "osmid": [ 509001312, 509001311 ] }, "geometry": { "type": "LineString", "coordinates": [ [ 20.4978798, 54.713457 ], [ 20.4982733, 54.7132302 ] ] } },
{ "type": "Feature", "properties": { "u": 487, "v": 488, "key": 0, "oneway": "False", "highway": "living_street", "name": "", "maxspeed": "RU:living_street", "lanes": "", "osmid": "509001313" }, "geometry": { "type": "LineString", "coordinates": [ [ 20.4983812, 54.7147522 ], [ 20.4981373, 54.7140582 ] ] } },
{ "type": "Feature", "properties": { "u": 487, "v": 80, "key": 0, "oneway": "False", "highway": "residential", "name": "улица Диккенса", "maxspeed": "RU:urban", "lanes": "2", "osmid": "42598659" }, "geometry": { "type": "LineString", "coordinates": [ [ 20.4983812, 54.7147522 ], [ 20.4979941, 54.7148683 ] ] } },
{ "type": "Feature", "properties": { "u": 487, "v": 489, "key": 0, "oneway": "False", "highway": "residential", "name": "улица Диккенса", "maxspeed": "RU:urban", "lanes": "2", "osmid": "42598659" }, "geometry": { "type": "LineString", "coordinates": [ [ 20.4983812, 54.7147522 ], [ 20.4991511, 54.7145309 ] ] } },
{ "type": "Feature", "properties": { "u": 488, "v": 487, "key": 0, "oneway": "False", "highway": "living_street", "name": "", "maxspeed": "RU:living_street", "lanes": "", "osmid": "509001313" }, "geometry": { "type": "LineString", "coordinates": [ [ 20.4981373, 54.7140582 ], [ 20.4983812, 54.7147522 ] ] } },
{ "type": "Feature", "properties": { "u": 489, "v": 79, "key": 0, "oneway": "False", "highway": "residential", "name": "улица Диккенса", "maxspeed": "RU:urban", "lanes": "2", "osmid": "42598659" }, "geometry": { "type": "LineString", "coordinates": [ [ 20.4991511, 54.7145309 ], [ 20.4999174, 54.7143389 ] ] } },
{ "type": "Feature", "properties": { "u": 489, "v": 490, "key": 0, "oneway": "False", "highway": "living_street", "name": "", "maxspeed": "RU:living_street", "lanes": "", "osmid": "509001314" }, "geometry": { "type": "LineString", "coordinates": [ [ 20.4991511, 54.7145309 ], [ 20.4989044, 54.71377 ] ] } },
{ "type": "Feature", "properties": { "u": 489, "v": 487, "key": 0, "oneway": "False", "highway": "residential", "name": "улица Диккенса", "maxspeed": "RU:urban", "lanes": "2", "osmid": "42598659" }, "geometry": { "type": "LineString", "coordinates": [ [ 20.4991511, 54.7145309 ], [ 20.4983812, 54.7147522 ] ] } },
{ "type": "Feature", "properties": { "u": 490, "v": 489, "key": 0, "oneway": "False", "highway": "living_street", "name": "", "maxspeed": "RU:living_street", "lanes": "", "osmid": "509001314" }, "geometry": { "type": "LineString", "coordinates": [ [ 20.4989044, 54.71377 ], [ 20.4991511, 54.7145309 ] ] } },
{ "type": "Feature", "properties": { "u": 491, "v": 494, "key": 0, "oneway": "False", "highway": "residential", "name": "Триумфальная аллея", "maxspeed": "", "lanes": "4", "osmid": [ 945629506, 627366083, 627363111, 1037488496, 1037488479 ] }, "geometry": { "type": "LineString", "coordinates": [ [ 20.5281955, 54.6969814 ], [ 20.5240074, 54.6981831 ] ] } },
{ "type": "Feature", "properties": { "u": 491, "v": 494, "key": 1, "oneway": "False", "highway": "secondary", "name": "Парадная набережная", "maxspeed": "RU:urban", "lanes": "4", "osmid": "671091231" }, "geometry": { "type": "LineString", "coordinates": [ [ 20.5281955, 54.6969814 ], [ 20.5240074, 54.6981831 ] ] } },
{ "type": "Feature", "properties": { "u": 491, "v": 511, "key": 0, "oneway": "False", "highway": "secondary", "name": "Парадная набережная", "maxspeed": "RU:urban", "lanes": "4", "osmid": [ 1370089149, 671091231 ] }, "geometry": { "type": "LineString", "coordinates": [ [ 20.5281955, 54.6969814 ], [ 20.5387968, 54.6957952 ] ] } },
{ "type": "Feature", "properties": { "u": 492, "v": 497, "key": 0, "oneway": "False", "highway": "residential", "name": "", "maxspeed": "RU:urban", "lanes": "2", "osmid": "627364907" }, "geometry": { "type": "LineString", "coordinates": [ [ 20.5378277, 54.6993846 ], [ 20.5392719, 54.7003039 ] ] } },
{ "type": "Feature", "properties": { "u": 492, "v": 493, "key": 0, "oneway": "False", "highway": "residential", "name": "Солнечный бульвар", "maxspeed": "RU:urban", "lanes": "2", "osmid": "627364936" }, "geometry": { "type": "LineString", "coordinates": [ [ 20.5378277, 54.6993846 ], [ 20.5355029, 54.7001322 ] ] } },
{ "type": "Feature", "properties": { "u": 493, "v": 496, "key": 0, "oneway": "False", "highway": "residential", "name": "", "maxspeed": "", "lanes": "2", "osmid": "627364925" }, "geometry": { "type": "LineString", "coordinates": [ [ 20.5355029, 54.7001322 ], [ 20.5366435, 54.7013279 ] ] } },
{ "type": "Feature", "properties": { "u": 493, "v": 450, "key": 0, "oneway": "False", "highway": "residential", "name": "Солнечный бульвар", "maxspeed": "RU:urban", "lanes": "2", "osmid": [ 627364933, 627364935, 627364936, 1370089164, 1366051279, 1366051280, 1366051281, 1366051282 ] }, "geometry": { "type": "LineString", "coordinates": [ [ 20.5355029, 54.7001322 ], [ 20.5234001, 54.7048831 ] ] } },
{ "type": "Feature", "properties": { "u": 493, "v": 492, "key": 0, "oneway": "False", "highway": "residential", "name": "Солнечный бульвар", "maxspeed": "RU:urban", "lanes": "2", "osmid": "627364936" }, "geometry": { "type": "LineString", "coordinates": [ [ 20.5355029, 54.7001322 ], [ 20.5378277, 54.6993846 ] ] } },
{ "type": "Feature", "properties": { "u": 494, "v": 491, "key": 0, "oneway": "False", "highway": "residential", "name": "Триумфальная аллея", "maxspeed": "", "lanes": "4", "osmid": [ 945629506, 627366083, 627363111, 1037488496, 1037488479 ] }, "geometry": { "type": "LineString", "coordinates": [ [ 20.5240074, 54.6981831 ], [ 20.5281955, 54.6969814 ] ] } },
{ "type": "Feature", "properties": { "u": 494, "v": 491, "key": 1, "oneway": "False", "highway": "secondary", "name": "Парадная набережная", "maxspeed": "RU:urban", "lanes": "4", "osmid": "671091231" }, "geometry": { "type": "LineString", "coordinates": [ [ 20.5240074, 54.6981831 ], [ 20.5281955, 54.6969814 ] ] } },
{ "type": "Feature", "properties": { "u": 494, "v": 452, "key": 0, "oneway": "False", "highway": "secondary", "name": "Парадная набережная", "maxspeed": "RU:urban", "lanes": "4", "osmid": "671091231" }, "geometry": { "type": "LineString", "coordinates": [ [ 20.5240074, 54.6981831 ], [ 20.5213846, 54.6989085 ] ] } },
{ "type": "Feature", "properties": { "u": 495, "v": 43, "key": 0, "oneway": "True", "highway": "tertiary", "name": "", "maxspeed": "", "lanes": "1", "osmid": "669208273" }, "geometry": { "type": "LineString", "coordinates": [ [ 20.5080533, 54.7047716 ], [ 20.5081827, 54.7047153 ] ] } },
{ "type": "Feature", "properties": { "u": 495, "v": 44, "key": 0, "oneway": "False", "highway": "tertiary", "name": "Старопрегольская набережная", "maxspeed": "RU:urban", "lanes": "2", "osmid": [ 1372756640, 1372756641, 1372756642, 1372756643, 980011180, 211419989, 308211230, 308211231 ] }, "geometry": { "type": "LineString", "coordinates": [ [ 20.5080533, 54.7047716 ], [ 20.5052869, 54.7042404 ] ] } },
{ "type": "Feature", "properties": { "u": 496, "v": 493, "key": 0, "oneway": "False", "highway": "residential", "name": "", "maxspeed": "", "lanes": "2", "osmid": "627364925" }, "geometry": { "type": "LineString", "coordinates": [ [ 20.5366435, 54.7013279 ], [ 20.5355029, 54.7001322 ] ] } },
{ "type": "Feature", "properties": { "u": 496, "v": 474, "key": 0, "oneway": "False", "highway": "residential", "name": "", "maxspeed": "", "lanes": "2", "osmid": "627364925" }, "geometry": { "type": "LineString", "coordinates": [ [ 20.5366435, 54.7013279 ], [ 20.5374808, 54.702205 ] ] } },
{ "type": "Feature", "properties": { "u": 496, "v": 497, "key": 0, "oneway": "False", "highway": "residential", "name": "", "maxspeed": "", "lanes": "2", "osmid": "643094099" }, "geometry": { "type": "LineString", "coordinates": [ [ 20.5366435, 54.7013279 ], [ 20.5392719, 54.7003039 ] ] } },
{ "type": "Feature", "properties": { "u": 497, "v": 492, "key": 0, "oneway": "False", "highway": "residential", "name": "", "maxspeed": "RU:urban", "lanes": "2", "osmid": "627364907" }, "geometry": { "type": "LineString", "coordinates": [ [ 20.5392719, 54.7003039 ], [ 20.5378277, 54.6993846 ] ] } },
{ "type": "Feature", "properties": { "u": 497, "v": 496, "key": 0, "oneway": "False", "highway": "residential", "name": "", "maxspeed": "", "lanes": "2", "osmid": "643094099" }, "geometry": { "type": "LineString", "coordinates": [ [ 20.5392719, 54.7003039 ], [ 20.5366435, 54.7013279 ] ] } },
{ "type": "Feature", "properties": { "u": 498, "v": 131, "key": 0, "oneway": "False", "highway": "residential", "name": "Старопрегольская набережная", "maxspeed": "RU:living_street", "lanes": "2", "osmid": "583464743" }, "geometry": { "type": "LineString", "coordinates": [ [ 20.5082956, 54.7048205 ], [ 20.5100751, 54.7048008 ] ] } },
{ "type": "Feature", "properties": { "u": 498, "v": 495, "key": 0, "oneway": "True", "highway": "tertiary", "name": "", "maxspeed": "", "lanes": "1", "osmid": [ 669208272, 669208274 ] }, "geometry": { "type": "LineString", "coordinates": [ [ 20.5082956, 54.7048205 ], [ 20.5080533, 54.7047716 ] ] } },
{ "type": "Feature", "properties": { "u": 499, "v": 177, "key": 0, "oneway": "True", "highway": "residential", "name": "улица Младшего лейтенанта Ротко", "maxspeed": "RU:living_street", "lanes": "2", "osmid": "49207349" }, "geometry": { "type": "LineString", "coordinates": [ [ 20.5069196, 54.6988842 ], [ 20.5069227, 54.6992241 ] ] } },
{ "type": "Feature", "properties": { "u": 499, "v": 501, "key": 0, "oneway": "False", "highway": "residential", "name": "", "maxspeed": "RU:living_street", "lanes": "", "osmid": "672359405" }, "geometry": { "type": "LineString", "coordinates": [ [ 20.5069196, 54.6988842 ], [ 20.507677, 54.6986361 ] ] } },
{ "type": "Feature", "properties": { "u": 500, "v": 499, "key": 0, "oneway": "True", "highway": "residential", "name": "улица Младшего лейтенанта Ротко", "maxspeed": "RU:living_street", "lanes": "2", "osmid": "49207349" }, "geometry": { "type": "LineString", "coordinates": [ [ 20.5069106, 54.6980627 ], [ 20.5069196, 54.6988842 ] ] } },
{ "type": "Feature", "properties": { "u": 500, "v": 501, "key": 0, "oneway": "False", "highway": "residential", "name": "", "maxspeed": "RU:living_street", "lanes": "", "osmid": "672359405" }, "geometry": { "type": "LineString", "coordinates": [ [ 20.5069106, 54.6980627 ], [ 20.507677, 54.6986361 ] ] } },
{ "type": "Feature", "properties": { "u": 501, "v": 502, "key": 0, "oneway": "False", "highway": "residential", "name": "", "maxspeed": "RU:living_street", "lanes": "", "osmid": "672359406" }, "geometry": { "type": "LineString", "coordinates": [ [ 20.507677, 54.6986361 ], [ 20.5081523, 54.6986393 ] ] } },
{ "type": "Feature", "properties": { "u": 501, "v": 500, "key": 0, "oneway": "False", "highway": "residential", "name": "", "maxspeed": "RU:living_street", "lanes": "", "osmid": "672359405" }, "geometry": { "type": "LineString", "coordinates": [ [ 20.507677, 54.6986361 ], [ 20.5069106, 54.6980627 ] ] } },
{ "type": "Feature", "properties": { "u": 501, "v": 499, "key": 0, "oneway": "False", "highway": "residential", "name": "", "maxspeed": "RU:living_street", "lanes": "", "osmid": "672359405" }, "geometry": { "type": "LineString", "coordinates": [ [ 20.507677, 54.6986361 ], [ 20.5069196, 54.6988842 ] ] } },
{ "type": "Feature", "properties": { "u": 502, "v": 501, "key": 0, "oneway": "False", "highway": "residential", "name": "", "maxspeed": "RU:living_street", "lanes": "", "osmid": "672359406" }, "geometry": { "type": "LineString", "coordinates": [ [ 20.5081523, 54.6986393 ], [ 20.507677, 54.6986361 ] ] } },
{ "type": "Feature", "properties": { "u": 503, "v": 22, "key": 0, "oneway": "False", "highway": "residential", "name": "переулок Грига", "maxspeed": "RU:living_street", "lanes": "2", "osmid": [ 32454158, 1372756583 ] }, "geometry": { "type": "LineString", "coordinates": [ [ 20.5316368, 54.7157171 ], [ 20.5299903, 54.7163475 ] ] } },
{ "type": "Feature", "properties": { "u": 504, "v": 457, "key": 0, "oneway": "False", "highway": "residential", "name": "улица Фортовая дорога", "maxspeed": "", "lanes": "", "osmid": "63712442" }, "geometry": { "type": "LineString", "coordinates": [ [ 20.5367249, 54.7157528 ], [ 20.5377729, 54.7165879 ] ] } },
{ "type": "Feature", "properties": { "u": 505, "v": 21, "key": 0, "oneway": "True", "highway": "primary", "name": "площадь Калинина", "maxspeed": "RU:urban", "lanes": "2", "osmid": [ 107449569, 981617665 ] }, "geometry": { "type": "LineString", "coordinates": [ [ 20.4962772, 54.6962819 ], [ 20.4987084, 54.6962335 ] ] } },
{ "type": "Feature", "properties": { "u": 506, "v": 163, "key": 0, "oneway": "True", "highway": "living_street", "name": "", "maxspeed": "RU:living_street", "lanes": "2", "osmid": "48807218" }, "geometry": { "type": "LineString", "coordinates": [ [ 20.5073815, 54.7176195 ], [ 20.5080174, 54.7177484 ] ] } },
{ "type": "Feature", "properties": { "u": 506, "v": 370, "key": 0, "oneway": "False", "highway": "living_street", "name": "", "maxspeed": "RU:living_street", "lanes": "2", "osmid": "707244378" }, "geometry": { "type": "LineString", "coordinates": [ [ 20.5073815, 54.7176195 ], [ 20.5066903, 54.7174793 ] ] } },
{ "type": "Feature", "properties": { "u": 507, "v": 561, "key": 0, "oneway": "False", "highway": "primary", "name": "улица Александра Суворова", "maxspeed": "", "lanes": "2", "osmid": "983931343" }, "geometry": { "type": "LineString", "coordinates": [ [ 20.4938514, 54.6969347 ], [ 20.4939849, 54.6969922 ] ] } },
{ "type": "Feature", "properties": { "u": 507, "v": 106, "key": 0, "oneway": "False", "highway": "primary", "name": "улица Александра Суворова", "maxspeed": "", "lanes": "3", "osmid": [ 981660657, 172879669, 687435374 ] }, "geometry": { "type": "LineString", "coordinates": [ [ 20.4938514, 54.6969347 ], [ 20.4925415, 54.6963885 ] ] } },
{ "type": "Feature", "properties": { "u": 507, "v": 20, "key": 0, "oneway": "True", "highway": "primary", "name": "Железнодорожная улица", "maxspeed": "60", "lanes": "2", "osmid": [ 668677459, 45508621, 1108610951 ] }, "geometry": { "type": "LineString", "coordinates": [ [ 20.4938514, 54.6969347 ], [ 20.4954227, 54.6961972 ] ] } },
{ "type": "Feature", "properties": { "u": 508, "v": 207, "key": 0, "oneway": "False", "highway": "residential", "name": "Южный переулок", "maxspeed": "RU:living_street", "lanes": "2", "osmid": [ 1372496931, 1372496932, 1372496933, 1372496934, 251445223, 133597556 ] }, "geometry": { "type": "LineString", "coordinates": [ [ 20.4949161, 54.6974394 ], [ 20.4956117, 54.6997259 ] ] } },
{ "type": "Feature", "properties": { "u": 508, "v": 561, "key": 0, "oneway": "True", "highway": "secondary", "name": "улица Багратиона", "maxspeed": "RU:urban", "lanes": "1", "osmid": [ 982439489, 188301805, 31144199 ] }, "geometry": { "type": "LineString", "coordinates": [ [ 20.4949161, 54.6974394 ], [ 20.4939849, 54.6969922 ] ] } },
{ "type": "Feature", "properties": { "u": 509, "v": 510, "key": 0, "oneway": "True", "highway": "primary", "name": "Ленинский проспект", "maxspeed": "RU:urban", "lanes": "4", "osmid": "983991796" }, "geometry": { "type": "LineString", "coordinates": [ [ 20.5028182, 54.6988081 ], [ 20.5028299, 54.6986762 ] ] } },
{ "type": "Feature", "properties": { "u": 509, "v": 19, "key": 0, "oneway": "True", "highway": "secondary", "name": "улица Багратиона", "maxspeed": "RU:urban", "lanes": "1", "osmid": "980011172" }, "geometry": { "type": "LineString", "coordinates": [ [ 20.5028182, 54.6988081 ], [ 20.5031459, 54.698871 ] ] } },
{ "type": "Feature", "properties": { "u": 510, "v": 297, "key": 0, "oneway": "True", "highway": "primary", "name": "Ленинский проспект", "maxspeed": "RU:urban", "lanes": "2", "osmid": "45507669" }, "geometry": { "type": "LineString", "coordinates": [ [ 20.5028299, 54.6986762 ], [ 20.500914, 54.6967997 ] ] } },
{ "type": "Feature", "properties": { "u": 510, "v": 359, "key": 0, "oneway": "True", "highway": "primary", "name": "Ленинский проспект", "maxspeed": "RU:urban", "lanes": "2", "osmid": "288009608" }, "geometry": { "type": "LineString", "coordinates": [ [ 20.5028299, 54.6986762 ], [ 20.5007723, 54.6963425 ] ] } },
{ "type": "Feature", "properties": { "u": 511, "v": 491, "key": 0, "oneway": "False", "highway": "secondary", "name": "Парадная набережная", "maxspeed": "RU:urban", "lanes": "4", "osmid": [ 1370089149, 671091231 ] }, "geometry": { "type": "LineString", "coordinates": [ [ 20.5387968, 54.6957952 ], [ 20.5281955, 54.6969814 ] ] } },
{ "type": "Feature", "properties": { "u": 512, "v": 514, "key": 0, "oneway": "False", "highway": "living_street", "name": "", "maxspeed": "RU:living_street", "lanes": "", "osmid": "935142243" }, "geometry": { "type": "LineString", "coordinates": [ [ 20.5125026, 54.7130013 ], [ 20.5124384, 54.7128792 ] ] } },
{ "type": "Feature", "properties": { "u": 513, "v": 514, "key": 0, "oneway": "False", "highway": "living_street", "name": "", "maxspeed": "RU:living_street", "lanes": "", "osmid": "935142243" }, "geometry": { "type": "LineString", "coordinates": [ [ 20.5123766, 54.7127617 ], [ 20.5124384, 54.7128792 ] ] } },
{ "type": "Feature", "properties": { "u": 514, "v": 513, "key": 0, "oneway": "False", "highway": "living_street", "name": "", "maxspeed": "RU:living_street", "lanes": "", "osmid": "935142243" }, "geometry": { "type": "LineString", "coordinates": [ [ 20.5124384, 54.7128792 ], [ 20.5123766, 54.7127617 ] ] } },
{ "type": "Feature", "properties": { "u": 514, "v": 512, "key": 0, "oneway": "False", "highway": "living_street", "name": "", "maxspeed": "RU:living_street", "lanes": "", "osmid": "935142243" }, "geometry": { "type": "LineString", "coordinates": [ [ 20.5124384, 54.7128792 ], [ 20.5125026, 54.7130013 ] ] } },
{ "type": "Feature", "properties": { "u": 514, "v": 332, "key": 0, "oneway": "False", "highway": "living_street", "name": "", "maxspeed": "RU:living_street", "lanes": "", "osmid": "935142244" }, "geometry": { "type": "LineString", "coordinates": [ [ 20.5124384, 54.7128792 ], [ 20.512662, 54.7128388 ] ] } },
{ "type": "Feature", "properties": { "u": 515, "v": 3, "key": 0, "oneway": "True", "highway": "primary", "name": "Ленинский проспект", "maxspeed": "RU:urban", "lanes": "3", "osmid": [ 980011200, 132322810, 1232532036, 390935380 ] }, "geometry": { "type": "LineString", "coordinates": [ [ 20.508907, 54.711982 ], [ 20.5070211, 54.7132843 ] ] } },
{ "type": "Feature", "properties": { "u": 516, "v": 403, "key": 0, "oneway": "True", "highway": "primary", "name": "Ленинский проспект", "maxspeed": "RU:urban", "lanes": "3", "osmid": "983859260" }, "geometry": { "type": "LineString", "coordinates": [ [ 20.5029919, 54.7160307 ], [ 20.5031977, 54.7158166 ] ] } },
{ "type": "Feature", "properties": { "u": 517, "v": 568, "key": 0, "oneway": "True", "highway": "primary", "name": "Ленинский проспект", "maxspeed": "RU:urban", "lanes": "4", "osmid": [ 980011173, 980011166 ] }, "geometry": { "type": "LineString", "coordinates": [ [ 20.5037111, 54.7006482 ], [ 20.5028308, 54.6988986 ] ] } },
{ "type": "Feature", "properties": { "u": 517, "v": 209, "key": 0, "oneway": "False", "highway": "residential", "name": "Эльблонгская улица", "maxspeed": "RU:living_street", "lanes": "2", "osmid": [ 287846925, 980011167 ] }, "geometry": { "type": "LineString", "coordinates": [ [ 20.5037111, 54.7006482 ], [ 20.5016793, 54.7009753 ] ] } },
{ "type": "Feature", "properties": { "u": 518, "v": 528, "key": 0, "oneway": "True", "highway": "secondary", "name": "улица Шевченко", "maxspeed": "RU:urban", "lanes": "2", "osmid": "980011184" }, "geometry": { "type": "LineString", "coordinates": [ [ 20.5089051, 54.7116968 ], [ 20.5090503, 54.7116186 ] ] } },
{ "type": "Feature", "properties": { "u": 518, "v": 523, "key": 0, "oneway": "True", "highway": "primary", "name": "Ленинский проспект", "maxspeed": "RU:urban", "lanes": "3", "osmid": "985862002" }, "geometry": { "type": "LineString", "coordinates": [ [ 20.5089051, 54.7116968 ], [ 20.5089995, 54.7115357 ] ] } },
{ "type": "Feature", "properties": { "u": 519, "v": 86, "key": 0, "oneway": "False", "highway": "residential", "name": "Барнаульская улица", "maxspeed": "RU:urban", "lanes": "2", "osmid": [ 256125449, 1372756626, 1372756627, 1372756628, 314108346 ] }, "geometry": { "type": "LineString", "coordinates": [ [ 20.5041166, 54.7150673 ], [ 20.5033986, 54.7146515 ] ] } },
{ "type": "Feature", "properties": { "u": 519, "v": 76, "key": 0, "oneway": "True", "highway": "residential", "name": "Барнаульская улица", "maxspeed": "RU:urban", "lanes": "2", "osmid": "980011157" }, "geometry": { "type": "LineString", "coordinates": [ [ 20.5041166, 54.7150673 ], [ 20.5043055, 54.715155 ] ] } },
{ "type": "Feature", "properties": { "u": 519, "v": 525, "key": 0, "oneway": "True", "highway": "primary", "name": "Ленинский проспект", "maxspeed": "RU:urban", "lanes": "3", "osmid": [ 980011160, 980011198 ] }, "geometry": { "type": "LineString", "coordinates": [ [ 20.5041166, 54.7150673 ], [ 20.5067252, 54.7132727 ] ] } },
{ "type": "Feature", "properties": { "u": 520, "v": 42, "key": 0, "oneway": "False", "highway": "tertiary", "name": "Полоцкая улица", "maxspeed": "RU:urban", "lanes": "2", "osmid": [ 980011174, 980011175 ] }, "geometry": { "type": "LineString", "coordinates": [ [ 20.5047392, 54.7024289 ], [ 20.505005, 54.7023851 ] ] } },
{ "type": "Feature", "properties": { "u": 520, "v": 517, "key": 0, "oneway": "True", "highway": "primary", "name": "Ленинский проспект", "maxspeed": "RU:urban", "lanes": "3", "osmid": [ 1372496923, 980011181, 980011165 ] }, "geometry": { "type": "LineString", "coordinates": [ [ 20.5047392, 54.7024289 ], [ 20.5037111, 54.7006482 ] ] } },
{ "type": "Feature", "properties": { "u": 520, "v": 210, "key": 0, "oneway": "False", "highway": "tertiary", "name": "Полоцкая улица", "maxspeed": "RU:urban", "lanes": "2", "osmid": [ 1372756647, 989399955, 989399956, 989399957, 989399958, 989399959 ] }, "geometry": { "type": "LineString", "coordinates": [ [ 20.5047392, 54.7024289 ], [ 20.5026239, 54.70279 ] ] } },
{ "type": "Feature", "properties": { "u": 521, "v": 524, "key": 0, "oneway": "True", "highway": "primary", "name": "Ленинский проспект", "maxspeed": "RU:urban", "lanes": "2", "osmid": "980011183" }, "geometry": { "type": "LineString", "coordinates": [ [ 20.5057378, 54.7043823 ], [ 20.5055784, 54.7040734 ] ] } },
{ "type": "Feature", "properties": { "u": 521, "v": 406, "key": 0, "oneway": "True", "highway": "secondary_link", "name": "Портовая улица", "maxspeed": "RU:urban", "lanes": "1", "osmid": "42991877" }, "geometry": { "type": "LineString", "coordinates": [ [ 20.5057378, 54.7043823 ], [ 20.5054075, 54.704225 ] ] } },
{ "type": "Feature", "properties": { "u": 522, "v": 390, "key": 0, "oneway": "True", "highway": "primary", "name": "Ленинский проспект", "maxspeed": "RU:urban", "lanes": "3", "osmid": "1349791664" }, "geometry": { "type": "LineString", "coordinates": [ [ 20.507014, 54.7130682 ], [ 20.508791, 54.7117929 ] ] } },
{ "type": "Feature", "properties": { "u": 523, "v": 280, "key": 0, "oneway": "True", "highway": "primary", "name": "Ленинский проспект", "maxspeed": "RU:urban", "lanes": "3", "osmid": "980011161" }, "geometry": { "type": "LineString", "coordinates": [ [ 20.5089995, 54.7115357 ], [ 20.5085551, 54.7101149 ] ] } },
{ "type": "Feature", "properties": { "u": 524, "v": 520, "key": 0, "oneway": "True", "highway": "primary", "name": "Ленинский проспект", "maxspeed": "RU:urban", "lanes": "4", "osmid": [ 980011176, 980011177 ] }, "geometry": { "type": "LineString", "coordinates": [ [ 20.5055784, 54.7040734 ], [ 20.5047392, 54.7024289 ] ] } },
{ "type": "Feature", "properties": { "u": 525, "v": 522, "key": 0, "oneway": "True", "highway": "primary", "name": "Ленинский проспект", "maxspeed": "RU:urban", "lanes": "3", "osmid": "980011198" }, "geometry": { "type": "LineString", "coordinates": [ [ 20.5067252, 54.7132727 ], [ 20.507014, 54.7130682 ] ] } },
{ "type": "Feature", "properties": { "u": 525, "v": 2, "key": 0, "oneway": "True", "highway": "tertiary", "name": "Житомирская улица", "maxspeed": "RU:urban", "lanes": "1", "osmid": "258616643" }, "geometry": { "type": "LineString", "coordinates": [ [ 20.5067252, 54.7132727 ], [ 20.5066158, 54.7130507 ] ] } },
{ "type": "Feature", "properties": { "u": 525, "v": 614, "key": 0, "oneway": "False", "highway": "tertiary", "name": "", "maxspeed": "", "lanes": "", "osmid": "1349791662" }, "geometry": { "type": "LineString", "coordinates": [ [ 20.5067252, 54.7132727 ], [ 20.5069168, 54.7133587 ] ] } },
{ "type": "Feature", "properties": { "u": 526, "v": 527, "key": 0, "oneway": "True", "highway": "primary", "name": "Ленинский проспект", "maxspeed": "RU:urban", "lanes": "3", "osmid": "1232532238" }, "geometry": { "type": "LineString", "coordinates": [ [ 20.5028588, 54.716252 ], [ 20.5029148, 54.7161626 ] ] } },
{ "type": "Feature", "properties": { "u": 526, "v": 326, "key": 0, "oneway": "True", "highway": "primary", "name": "Театральная улица", "maxspeed": "RU:urban", "lanes": "2", "osmid": "1232532237" }, "geometry": { "type": "LineString", "coordinates": [ [ 20.5028588, 54.716252 ], [ 20.5023123, 54.7163977 ] ] } },
{ "type": "Feature", "properties": { "u": 527, "v": 516, "key": 0, "oneway": "True", "highway": "primary", "name": "Ленинский проспект", "maxspeed": "RU:urban", "lanes": "3", "osmid": "1232532236" }, "geometry": { "type": "LineString", "coordinates": [ [ 20.5029148, 54.7161626 ], [ 20.5029919, 54.7160307 ] ] } },
{ "type": "Feature", "properties": { "u": 527, "v": 325, "key": 0, "oneway": "True", "highway": "primary", "name": "", "maxspeed": "RU:urban", "lanes": "1", "osmid": "1232532235" }, "geometry": { "type": "LineString", "coordinates": [ [ 20.5029148, 54.7161626 ], [ 20.5031115, 54.7161907 ] ] } },
{ "type": "Feature", "properties": { "u": 528, "v": 523, "key": 0, "oneway": "True", "highway": "secondary", "name": "улица Шевченко", "maxspeed": "RU:urban", "lanes": "2", "osmid": "1232532035" }, "geometry": { "type": "LineString", "coordinates": [ [ 20.5090503, 54.7116186 ], [ 20.5089995, 54.7115357 ] ] } },
{ "type": "Feature", "properties": { "u": 528, "v": 529, "key": 0, "oneway": "True", "highway": "secondary", "name": "улица Шевченко", "maxspeed": "RU:urban", "lanes": "2", "osmid": "1232532034" }, "geometry": { "type": "LineString", "coordinates": [ [ 20.5090503, 54.7116186 ], [ 20.5092747, 54.7115332 ] ] } },
{ "type": "Feature", "properties": { "u": 529, "v": 0, "key": 0, "oneway": "True", "highway": "primary", "name": "Ленинский проспект", "maxspeed": "RU:urban", "lanes": "3", "osmid": "106485878" }, "geometry": { "type": "LineString", "coordinates": [ [ 20.5092747, 54.7115332 ], [ 20.5092469, 54.7116946 ] ] } },
{ "type": "Feature", "properties": { "u": 529, "v": 113, "key": 0, "oneway": "True", "highway": "secondary", "name": "улица Шевченко", "maxspeed": "RU:urban", "lanes": "2", "osmid": [ 1232532034, 980011207 ] }, "geometry": { "type": "LineString", "coordinates": [ [ 20.5092747, 54.7115332 ], [ 20.5097738, 54.7114066 ] ] } },
{ "type": "Feature", "properties": { "u": 530, "v": 540, "key": 0, "oneway": "True", "highway": "primary", "name": "улица Черняховского", "maxspeed": "RU:urban", "lanes": "3", "osmid": [ 980510396, 980510397 ] }, "geometry": { "type": "LineString", "coordinates": [ [ 20.5054041, 54.7194638 ], [ 20.5077852, 54.719818 ] ] } },
{ "type": "Feature", "properties": { "u": 530, "v": 161, "key": 0, "oneway": "False", "highway": "residential", "name": "улица Подполковника Иванникова", "maxspeed": "RU:urban", "lanes": "2", "osmid": [ 1069222961, 1069222962 ] }, "geometry": { "type": "LineString", "coordinates": [ [ 20.5054041, 54.7194638 ], [ 20.5055572, 54.7182962 ] ] } },
{ "type": "Feature", "properties": { "u": 530, "v": 63, "key": 0, "oneway": "False", "highway": "unclassified", "name": "улица Подполковника Иванникова", "maxspeed": "RU:urban", "lanes": "2", "osmid": "1290030972" }, "geometry": { "type": "LineString", "coordinates": [ [ 20.5054041, 54.7194638 ], [ 20.5053452, 54.7195615 ] ] } },
{ "type": "Feature", "properties": { "u": 531, "v": 166, "key": 0, "oneway": "False", "highway": "secondary", "name": "Пролетарская улица", "maxspeed": "RU:urban", "lanes": "3", "osmid": [ 309433011, 1372756572, 711959469, 711959470 ] }, "geometry": { "type": "LineString", "coordinates": [ [ 20.5141376, 54.720391 ], [ 20.5133498, 54.7186925 ] ] } },
{ "type": "Feature", "properties": { "u": 531, "v": 12, "key": 0, "oneway": "False", "highway": "primary", "name": "Пролетарская улица", "maxspeed": "RU:urban", "lanes": "4", "osmid": "980120521" }, "geometry": { "type": "LineString", "coordinates": [ [ 20.5141376, 54.720391 ], [ 20.5141839, 54.7205165 ] ] } },
{ "type": "Feature", "properties": { "u": 531, "v": 534, "key": 0, "oneway": "True", "highway": "primary", "name": "улица Черняховского", "maxspeed": "RU:urban", "lanes": "2", "osmid": [ 980120517, 980120518, 1372756558, 1372756559 ] }, "geometry": { "type": "LineString", "coordinates": [ [ 20.5141376, 54.720391 ], [ 20.5183764, 54.7206754 ] ] } },
{ "type": "Feature", "properties": { "u": 532, "v": 611, "key": 0, "oneway": "True", "highway": "primary", "name": "улица Черняховского", "maxspeed": "RU:urban", "lanes": "2", "osmid": [ 980120523, 1011113118 ] }, "geometry": { "type": "LineString", "coordinates": [ [ 20.5079026, 54.719835 ], [ 20.5129212, 54.7203353 ] ] } },
{ "type": "Feature", "properties": { "u": 532, "v": 335, "key": 0, "oneway": "True", "highway": "primary", "name": "улица Горького", "maxspeed": "RU:urban", "lanes": "1", "osmid": "980120525" }, "geometry": { "type": "LineString", "coordinates": [ [ 20.5079026, 54.719835 ], [ 20.5078603, 54.7199331 ] ] } },
{ "type": "Feature", "properties": { "u": 533, "v": 150, "key": 0, "oneway": "False", "highway": "residential", "name": "Клиническая улица", "maxspeed": "RU:urban", "lanes": "2", "osmid": [ 134927936, 289390100, 980120511, 134927934, 134927935 ] }, "geometry": { "type": "LineString", "coordinates": [ [ 20.5236246, 54.7214846 ], [ 20.5212886, 54.716491 ] ] } },
{ "type": "Feature", "properties": { "u": 533, "v": 440, "key": 0, "oneway": "True", "highway": "primary", "name": "улица Черняховского", "maxspeed": "RU:urban", "lanes": "3", "osmid": "980120513" }, "geometry": { "type": "LineString", "coordinates": [ [ 20.5236246, 54.7214846 ], [ 20.5239433, 54.7214391 ] ] } },
{ "type": "Feature", "properties": { "u": 534, "v": 10, "key": 0, "oneway": "False", "highway": "secondary", "name": "улица Сергеева", "maxspeed": "RU:urban", "lanes": "3", "osmid": [ 866432145, 866432146, 298261686, 1372756563, 1372756564, 1372756565, 1372756566, 1372756567, 1372756568, 1372756569, 1372756570, 669215962, 1372756571, 669215975, 992620009, 669215977, 669215978, 669215980, 669215981, 669215982, 669215983, 309434345, 46727156 ] }, "geometry": { "type": "LineString", "coordinates": [ [ 20.5183764, 54.7206754 ], [ 20.5135773, 54.7149157 ] ] } },
{ "type": "Feature", "properties": { "u": 534, "v": 533, "key": 0, "oneway": "True", "highway": "primary", "name": "улица Черняховского", "maxspeed": "RU:urban", "lanes": "3", "osmid": [ 1369736248, 980120514, 980120532, 980120512 ] }, "geometry": { "type": "LineString", "coordinates": [ [ 20.5183764, 54.7206754 ], [ 20.5236246, 54.7214846 ] ] } },
{ "type": "Feature", "properties": { "u": 534, "v": 148, "key": 0, "oneway": "False", "highway": "primary", "name": "улица Сергеева", "maxspeed": "RU:urban", "lanes": "2", "osmid": "992620008" }, "geometry": { "type": "LineString", "coordinates": [ [ 20.5183764, 54.7206754 ], [ 20.5183718, 54.720774 ] ] } },
{ "type": "Feature", "properties": { "u": 535, "v": 327, "key": 0, "oneway": "True", "highway": "primary", "name": "Ленинский проспект", "maxspeed": "RU:urban", "lanes": "4", "osmid": [ 980011194, 980011195, 980120527 ] }, "geometry": { "type": "LineString", "coordinates": [ [ 20.5015522, 54.7186991 ], [ 20.5027426, 54.7164672 ] ] } },
{ "type": "Feature", "properties": { "u": 535, "v": 537, "key": 0, "oneway": "True", "highway": "primary", "name": "улица Черняховского", "maxspeed": "RU:urban", "lanes": "3", "osmid": "980120564" }, "geometry": { "type": "LineString", "coordinates": [ [ 20.5015522, 54.7186991 ], [ 20.5017618, 54.7187542 ] ] } },
{ "type": "Feature", "properties": { "u": 536, "v": 535, "key": 0, "oneway": "True", "highway": "primary", "name": "площадь Победы", "maxspeed": "RU:urban", "lanes": "4", "osmid": "980578972" }, "geometry": { "type": "LineString", "coordinates": [ [ 20.501476, 54.7188036 ], [ 20.5015522, 54.7186991 ] ] } },
{ "type": "Feature", "properties": { "u": 537, "v": 6, "key": 0, "oneway": "True", "highway": "primary", "name": "Ленинский проспект", "maxspeed": "RU:urban", "lanes": "3", "osmid": "102440277" }, "geometry": { "type": "LineString", "coordinates": [ [ 20.5017618, 54.7187542 ], [ 20.5016641, 54.7188692 ] ] } },
{ "type": "Feature", "properties": { "u": 537, "v": 530, "key": 0, "oneway": "True", "highway": "primary", "name": "улица Черняховского", "maxspeed": "RU:urban", "lanes": "3", "osmid": [ 983845101, 980120526, 980120529, 980120530, 980120510 ] }, "geometry": { "type": "LineString", "coordinates": [ [ 20.5017618, 54.7187542 ], [ 20.5054041, 54.7194638 ] ] } },
{ "type": "Feature", "properties": { "u": 538, "v": 7, "key": 0, "oneway": "False", "highway": "primary", "name": "Гвардейский проспект", "maxspeed": "RU:urban", "lanes": "3", "osmid": "102440268" }, "geometry": { "type": "LineString", "coordinates": [ [ 20.5001109, 54.7197921 ], [ 20.5002429, 54.7198893 ] ] } },
{ "type": "Feature", "properties": { "u": 538, "v": 536, "key": 0, "oneway": "True", "highway": "primary", "name": "площадь Победы", "maxspeed": "RU:urban", "lanes": "4", "osmid": [ 1121136457, 980132343 ] }, "geometry": { "type": "LineString", "coordinates": [ [ 20.5001109, 54.7197921 ], [ 20.501476, 54.7188036 ] ] } },
{ "type": "Feature", "properties": { "u": 538, "v": 4, "key": 0, "oneway": "False", "highway": "secondary", "name": "Гвардейский проспект", "maxspeed": "RU:urban", "lanes": "3", "osmid": [ 294998488, 983859427, 210722198 ] }, "geometry": { "type": "LineString", "coordinates": [ [ 20.5001109, 54.7197921 ], [ 20.4972002, 54.7180777 ] ] } },
{ "type": "Feature", "properties": { "u": 539, "v": 88, "key": 0, "oneway": "True", "highway": "primary", "name": "проспект Мира", "maxspeed": "RU:urban", "lanes": "2", "osmid": [ 980844272, 39383447 ] }, "geometry": { "type": "LineString", "coordinates": [ [ 20.4984665, 54.7202171 ], [ 20.4979595, 54.7201911 ] ] } },
{ "type": "Feature", "properties": { "u": 539, "v": 584, "key": 0, "oneway": "True", "highway": "primary", "name": "Советский проспект", "maxspeed": "RU:urban", "lanes": "3", "osmid": "983859428" }, "geometry": { "type": "LineString", "coordinates": [ [ 20.4984665, 54.7202171 ], [ 20.4984799, 54.7201076 ] ] } },
{ "type": "Feature", "properties": { "u": 540, "v": 532, "key": 0, "oneway": "True", "highway": "primary", "name": "улица Черняховского", "maxspeed": "RU:urban", "lanes": "3", "osmid": "984243074" }, "geometry": { "type": "LineString", "coordinates": [ [ 20.5077852, 54.719818 ], [ 20.5079026, 54.719835 ] ] } },
{ "type": "Feature", "properties": { "u": 541, "v": 63, "key": 0, "oneway": "True", "highway": "primary", "name": "улица Черняховского", "maxspeed": "RU:urban", "lanes": "3", "osmid": [ 1372756596, 106645100, 290023320, 980120567 ] }, "geometry": { "type": "LineString", "coordinates": [ [ 20.5077401, 54.7199183 ], [ 20.5053452, 54.7195615 ] ] } },
{ "type": "Feature", "properties": { "u": 541, "v": 540, "key": 0, "oneway": "True", "highway": "primary", "name": "улица Горького", "maxspeed": "RU:urban", "lanes": "2", "osmid": "980510398" }, "geometry": { "type": "LineString", "coordinates": [ [ 20.5077401, 54.7199183 ], [ 20.5077852, 54.719818 ] ] } },
{ "type": "Feature", "properties": { "u": 542, "v": 62, "key": 0, "oneway": "False", "highway": "residential", "name": "улица Профессора Баранова", "maxspeed": "RU:urban", "lanes": "2", "osmid": "980510401" }, "geometry": { "type": "LineString", "coordinates": [ [ 20.507397, 54.7209207 ], [ 20.5075005, 54.7209322 ] ] } },
{ "type": "Feature", "properties": { "u": 542, "v": 63, "key": 0, "oneway": "False", "highway": "residential", "name": "улица Подполковника Иванникова", "maxspeed": "RU:urban", "lanes": "2", "osmid": [ 42594989, 287689421, 127184123, 1370697596, 1370697597, 980510399 ] }, "geometry": { "type": "LineString", "coordinates": [ [ 20.507397, 54.7209207 ], [ 20.5053452, 54.7195615 ] ] } },
{ "type": "Feature", "properties": { "u": 542, "v": 541, "key": 0, "oneway": "True", "highway": "primary", "name": "улица Горького", "maxspeed": "RU:urban", "lanes": "2", "osmid": "980510403" }, "geometry": { "type": "LineString", "coordinates": [ [ 20.507397, 54.7209207 ], [ 20.5077401, 54.7199183 ] ] } },
{ "type": "Feature", "properties": { "u": 543, "v": 548, "key": 0, "oneway": "True", "highway": "primary", "name": "проспект Мира", "maxspeed": "RU:urban", "lanes": "3", "osmid": [ 980844316, 980844317 ] }, "geometry": { "type": "LineString", "coordinates": [ [ 20.4934844, 54.7195245 ], [ 20.4943973, 54.7199021 ] ] } },
{ "type": "Feature", "properties": { "u": 544, "v": 88, "key": 0, "oneway": "False", "highway": "primary", "name": "проспект Мира", "maxspeed": "RU:urban", "lanes": "2", "osmid": "42740839" }, "geometry": { "type": "LineString", "coordinates": [ [ 20.4979719, 54.7200756 ], [ 20.4979595, 54.7201911 ] ] } },
{ "type": "Feature", "properties": { "u": 544, "v": 584, "key": 0, "oneway": "True", "highway": "primary", "name": "проспект Мира", "maxspeed": "RU:urban", "lanes": "3", "osmid": "980844277" }, "geometry": { "type": "LineString", "coordinates": [ [ 20.4979719, 54.7200756 ], [ 20.4984799, 54.7201076 ] ] } },
{ "type": "Feature", "properties": { "u": 544, "v": 89, "key": 0, "oneway": "False", "highway": "tertiary", "name": "проспект Мира", "maxspeed": "RU:urban", "lanes": "2", "osmid": [ 299550313, 1232534069 ] }, "geometry": { "type": "LineString", "coordinates": [ [ 20.4979719, 54.7200756 ], [ 20.498016, 54.7197312 ] ] } },
{ "type": "Feature", "properties": { "u": 545, "v": 393, "key": 0, "oneway": "True", "highway": "unclassified", "name": "улица Ушинского", "maxspeed": "", "lanes": "2", "osmid": "42740838" }, "geometry": { "type": "LineString", "coordinates": [ [ 20.4948042, 54.7199443 ], [ 20.4948103, 54.7198654 ] ] } },
{ "type": "Feature", "properties": { "u": 545, "v": 544, "key": 0, "oneway": "True", "highway": "primary", "name": "проспект Мира", "maxspeed": "RU:urban", "lanes": "2", "osmid": [ 980844274, 980844319 ] }, "geometry": { "type": "LineString", "coordinates": [ [ 20.4948042, 54.7199443 ], [ 20.4979719, 54.7200756 ] ] } },
{ "type": "Feature", "properties": { "u": 546, "v": 5, "key": 0, "oneway": "True", "highway": "primary", "name": "Театральная улица", "maxspeed": "RU:urban", "lanes": "2", "osmid": "993096155" }, "geometry": { "type": "LineString", "coordinates": [ [ 20.4928375, 54.7191489 ], [ 20.4926243, 54.7192191 ] ] } },
{ "type": "Feature", "properties": { "u": 546, "v": 594, "key": 0, "oneway": "True", "highway": "primary", "name": "проспект Мира", "maxspeed": "RU:urban", "lanes": "2", "osmid": "993096156" }, "geometry": { "type": "LineString", "coordinates": [ [ 20.4928375, 54.7191489 ], [ 20.493111, 54.7192484 ] ] } },
{ "type": "Feature", "properties": { "u": 547, "v": 98, "key": 0, "oneway": "True", "highway": "secondary", "name": "Свободная улица", "maxspeed": "", "lanes": "2", "osmid": "980844329" }, "geometry": { "type": "LineString", "coordinates": [ [ 20.4866831, 54.7199667 ], [ 20.4866538, 54.7200298 ] ] } },
{ "type": "Feature", "properties": { "u": 547, "v": 550, "key": 0, "oneway": "True", "highway": "primary", "name": "проспект Мира", "maxspeed": "RU:urban", "lanes": "2", "osmid": [ 1232534216, 980844325 ] }, "geometry": { "type": "LineString", "coordinates": [ [ 20.4866831, 54.7199667 ], [ 20.487595, 54.7200809 ] ] } },
{ "type": "Feature", "properties": { "u": 548, "v": 545, "key": 0, "oneway": "True", "highway": "primary", "name": "проспект Мира", "maxspeed": "RU:urban", "lanes": "2", "osmid": "980844279" }, "geometry": { "type": "LineString", "coordinates": [ [ 20.4943973, 54.7199021 ], [ 20.4948042, 54.7199443 ] ] } },
{ "type": "Feature", "properties": { "u": 548, "v": 13, "key": 0, "oneway": "False", "highway": "primary", "name": "улица Брамса", "maxspeed": "RU:urban", "lanes": "2", "osmid": "1232534070" }, "geometry": { "type": "LineString", "coordinates": [ [ 20.4943973, 54.7199021 ], [ 20.4943454, 54.7200063 ] ] } },
{ "type": "Feature", "properties": { "u": 549, "v": 551, "key": 0, "oneway": "True", "highway": "primary", "name": "Театральная улица", "maxspeed": "RU:urban", "lanes": "2", "osmid": "980859166" }, "geometry": { "type": "LineString", "coordinates": [ [ 20.4925852, 54.7191267 ], [ 20.4932324, 54.718962 ] ] } },
{ "type": "Feature", "properties": { "u": 549, "v": 546, "key": 0, "oneway": "True", "highway": "primary", "name": "проспект Мира", "maxspeed": "RU:urban", "lanes": "2", "osmid": "983859264" }, "geometry": { "type": "LineString", "coordinates": [ [ 20.4925852, 54.7191267 ], [ 20.4928375, 54.7191489 ] ] } },
{ "type": "Feature", "properties": { "u": 550, "v": 549, "key": 0, "oneway": "True", "highway": "primary", "name": "проспект Мира", "maxspeed": "RU:urban", "lanes": "2", "osmid": "81527998" }, "geometry": { "type": "LineString", "coordinates": [ [ 20.487595, 54.7200809 ], [ 20.4925852, 54.7191267 ] ] } },
{ "type": "Feature", "properties": { "u": 550, "v": 95, "key": 0, "oneway": "True", "highway": "tertiary", "name": "Гостиная улица", "maxspeed": "40", "lanes": "2", "osmid": [ 1374294944, 1374294945, 1374294946, 1374294947, 1374294948, 1374294949, 1374294950, 42758154, 1374294942, 1374294943 ] }, "geometry": { "type": "LineString", "coordinates": [ [ 20.487595, 54.7200809 ], [ 20.4881638, 54.7158868 ] ] } },
{ "type": "Feature", "properties": { "u": 551, "v": 554, "key": 0, "oneway": "True", "highway": "primary", "name": "Театральная улица", "maxspeed": "RU:urban", "lanes": "2", "osmid": [ 985126642, 980859165 ] }, "geometry": { "type": "LineString", "coordinates": [ [ 20.4932324, 54.718962 ], [ 20.4935036, 54.7188912 ] ] } },
{ "type": "Feature", "properties": { "u": 552, "v": 4, "key": 0, "oneway": "False", "highway": "secondary", "name": "Гвардейский проспект", "maxspeed": "RU:urban", "lanes": "3", "osmid": "985124220" }, "geometry": { "type": "LineString", "coordinates": [ [ 20.4971534, 54.7180413 ], [ 20.4972002, 54.7180777 ] ] } },
{ "type": "Feature", "properties": { "u": 552, "v": 618, "key": 0, "oneway": "False", "highway": "secondary", "name": "Гвардейский проспект", "maxspeed": "RU:urban", "lanes": "4", "osmid": [ 210722200, 107176996, 1370382549, 210722199 ] }, "geometry": { "type": "LineString", "coordinates": [ [ 20.4971534, 54.7180413 ], [ 20.4909277, 54.7124736 ] ] } },
{ "type": "Feature", "properties": { "u": 552, "v": 553, "key": 0, "oneway": "True", "highway": "primary", "name": "Театральная улица", "maxspeed": "RU:urban", "lanes": "2", "osmid": [ 980859145, 980859146, 1372756611, 42595703 ] }, "geometry": { "type": "LineString", "coordinates": [ [ 20.4971534, 54.7180413 ], [ 20.5003098, 54.7170764 ] ] } },
{ "type": "Feature", "properties": { "u": 553, "v": 64, "key": 0, "oneway": "True", "highway": "tertiary", "name": "улица Генерала Галицкого", "maxspeed": "RU:urban", "lanes": "2", "osmid": "993097664" }, "geometry": { "type": "LineString", "coordinates": [ [ 20.5003098, 54.7170764 ], [ 20.500365, 54.717133 ] ] } },
{ "type": "Feature", "properties": { "u": 553, "v": 81, "key": 0, "oneway": "True", "highway": "primary", "name": "Театральная улица", "maxspeed": "RU:urban", "lanes": "2", "osmid": [ 993097665, 980859142 ] }, "geometry": { "type": "LineString", "coordinates": [ [ 20.5003098, 54.7170764 ], [ 20.5012903, 54.716699 ] ] } },
{ "type": "Feature", "properties": { "u": 554, "v": 50, "key": 0, "oneway": "False", "highway": "primary", "name": "улица Дмитрия Донского", "maxspeed": "", "lanes": "2", "osmid": "42741469" }, "geometry": { "type": "LineString", "coordinates": [ [ 20.4935036, 54.7188912 ], [ 20.4934884, 54.7189758 ] ] } },
{ "type": "Feature", "properties": { "u": 554, "v": 555, "key": 0, "oneway": "True", "highway": "primary", "name": "Театральная улица", "maxspeed": "RU:urban", "lanes": "2", "osmid": [ 980859160, 980859161 ] }, "geometry": { "type": "LineString", "coordinates": [ [ 20.4935036, 54.7188912 ], [ 20.494818, 54.7186125 ] ] } },
{ "type": "Feature", "properties": { "u": 554, "v": 418, "key": 0, "oneway": "False", "highway": "residential", "name": "улица Дмитрия Донского", "maxspeed": "", "lanes": "2", "osmid": [ 155533864, 735094026, 1374294968, 1374294969, 1374294970, 1107464571 ] }, "geometry": { "type": "LineString", "coordinates": [ [ 20.4935036, 54.7188912 ], [ 20.492755, 54.7171287 ] ] } },
{ "type": "Feature", "properties": { "u": 555, "v": 93, "key": 0, "oneway": "False", "highway": "residential", "name": "улица Марата", "maxspeed": "RU:urban", "lanes": "2", "osmid": "980859159" }, "geometry": { "type": "LineString", "coordinates": [ [ 20.494818, 54.7186125 ], [ 20.4948552, 54.7186725 ] ] } },
{ "type": "Feature", "properties": { "u": 555, "v": 552, "key": 0, "oneway": "True", "highway": "primary", "name": "Театральная улица", "maxspeed": "RU:urban", "lanes": "2", "osmid": [ 980859147, 980859155, 980859156, 980859157 ] }, "geometry": { "type": "LineString", "coordinates": [ [ 20.494818, 54.7186125 ], [ 20.4971534, 54.7180413 ] ] } },
{ "type": "Feature", "properties": { "u": 555, "v": 416, "key": 0, "oneway": "False", "highway": "residential", "name": "улица Марата", "maxspeed": "RU:urban", "lanes": "2", "osmid": [ 1374294960, 1374294961, 1374294962, 1374294963, 1374294964, 1374294965, 980859158, 1374294966, 42758430 ] }, "geometry": { "type": "LineString", "coordinates": [ [ 20.494818, 54.7186125 ], [ 20.4927925, 54.7169894 ] ] } },
{ "type": "Feature", "properties": { "u": 556, "v": 29, "key": 0, "oneway": "True", "highway": "primary", "name": "улица Дзержинского", "maxspeed": "RU:urban", "lanes": "2", "osmid": "983648482" }, "geometry": { "type": "LineString", "coordinates": [ [ 20.5219864, 54.6957469 ], [ 20.5218892, 54.6958026 ] ] } },
{ "type": "Feature", "properties": { "u": 556, "v": 32, "key": 0, "oneway": "False", "highway": "primary", "name": "улица Дзержинского", "maxspeed": "RU:urban", "lanes": "4", "osmid": [ 91264362, 106618171 ] }, "geometry": { "type": "LineString", "coordinates": [ [ 20.5219864, 54.6957469 ], [ 20.5242181, 54.694419 ] ] } },
{ "type": "Feature", "properties": { "u": 557, "v": 21, "key": 0, "oneway": "False", "highway": "tertiary", "name": "площадь Калинина", "maxspeed": "RU:urban", "lanes": "2", "osmid": "1012838511" }, "geometry": { "type": "LineString", "coordinates": [ [ 20.4987861, 54.6963035 ], [ 20.4987084, 54.6962335 ] ] } },
{ "type": "Feature", "properties": { "u": 557, "v": 287, "key": 0, "oneway": "False", "highway": "living_street", "name": "", "maxspeed": "RU:living_street", "lanes": "", "osmid": "133161934" }, "geometry": { "type": "LineString", "coordinates": [ [ 20.4987861, 54.6963035 ], [ 20.5001386, 54.6965358 ] ] } },
{ "type": "Feature", "properties": { "u": 557, "v": 561, "key": 0, "oneway": "True", "highway": "primary", "name": "площадь Калинина", "maxspeed": "RU:urban", "lanes": "3", "osmid": [ 981617681, 1020261718, 1020261720, 981617657, 981617659, 981617660, 981617661 ] }, "geometry": { "type": "LineString", "coordinates": [ [ 20.4987861, 54.6963035 ], [ 20.4939849, 54.6969922 ] ] } },
{ "type": "Feature", "properties": { "u": 558, "v": 560, "key": 0, "oneway": "True", "highway": "primary", "name": "", "maxspeed": "RU:urban", "lanes": "2", "osmid": "981617680" }, "geometry": { "type": "LineString", "coordinates": [ [ 20.5030134, 54.6948886 ], [ 20.5016141, 54.6953226 ] ] } },
{ "type": "Feature", "properties": { "u": 558, "v": 102, "key": 0, "oneway": "True", "highway": "primary", "name": "Ленинский проспект", "maxspeed": "RU:urban", "lanes": "2", "osmid": [ 42320544, 1252989797, 1252989798 ] }, "geometry": { "type": "LineString", "coordinates": [ [ 20.5030134, 54.6948886 ], [ 20.5032186, 54.6958303 ] ] } },
{ "type": "Feature", "properties": { "u": 559, "v": 609, "key": 0, "oneway": "True", "highway": "primary", "name": "площадь Калинина", "maxspeed": "RU:urban", "lanes": "2", "osmid": "1252989756" }, "geometry": { "type": "LineString", "coordinates": [ [ 20.5001727, 54.6958245 ], [ 20.500033, 54.6958706 ] ] } },
{ "type": "Feature", "properties": { "u": 559, "v": 30, "key": 0, "oneway": "True", "highway": "primary", "name": "Ленинский проспект", "maxspeed": "RU:urban", "lanes": "2", "osmid": "1252989787" }, "geometry": { "type": "LineString", "coordinates": [ [ 20.5001727, 54.6958245 ], [ 20.5000148, 54.6957711 ] ] } },
{ "type": "Feature", "properties": { "u": 560, "v": 559, "key": 0, "oneway": "True", "highway": "primary", "name": "", "maxspeed": "RU:urban", "lanes": "3", "osmid": "981617679" }, "geometry": { "type": "LineString", "coordinates": [ [ 20.5016141, 54.6953226 ], [ 20.5001727, 54.6958245 ] ] } },
{ "type": "Feature", "properties": { "u": 561, "v": 507, "key": 0, "oneway": "False", "highway": "primary", "name": "улица Александра Суворова", "maxspeed": "", "lanes": "2", "osmid": "983931343" }, "geometry": { "type": "LineString", "coordinates": [ [ 20.4939849, 54.6969922 ], [ 20.4938514, 54.6969347 ] ] } },
{ "type": "Feature", "properties": { "u": 561, "v": 265, "key": 0, "oneway": "True", "highway": "secondary", "name": "улица Багратиона", "maxspeed": "40", "lanes": "1", "osmid": [ 982439568, 188301806, 188301807, 188301808, 188301809, 713320338, 982439571, 713320339, 982439570, 713320340, 982439569, 852163343, 982439545 ] }, "geometry": { "type": "LineString", "coordinates": [ [ 20.4939849, 54.6969922 ], [ 20.4996078, 54.6983706 ] ] } },
{ "type": "Feature", "properties": { "u": 561, "v": 610, "key": 0, "oneway": "True", "highway": "primary", "name": "Железнодорожная улица", "maxspeed": "RU:urban", "lanes": "2", "osmid": "1264403765" }, "geometry": { "type": "LineString", "coordinates": [ [ 20.4939849, 54.6969922 ], [ 20.4936682, 54.6971883 ] ] } },
{ "type": "Feature", "properties": { "u": 562, "v": 577, "key": 0, "oneway": "True", "highway": "secondary", "name": "Октябрьская улица", "maxspeed": "40", "lanes": "2", "osmid": [ 982459593, 982459610, 982459611, 982459614 ] }, "geometry": { "type": "LineString", "coordinates": [ [ 20.517212, 54.698399 ], [ 20.5181945, 54.6998329 ] ] } },
{ "type": "Feature", "properties": { "u": 562, "v": 578, "key": 0, "oneway": "True", "highway": "secondary", "name": "улица Багратиона", "maxspeed": "RU:urban", "lanes": "2", "osmid": "984243073" }, "geometry": { "type": "LineString", "coordinates": [ [ 20.517212, 54.698399 ], [ 20.517135, 54.6984678 ] ] } },
{ "type": "Feature", "properties": { "u": 563, "v": 571, "key": 0, "oneway": "True", "highway": "secondary", "name": "улица Багратиона", "maxspeed": "RU:urban", "lanes": "1", "osmid": [ 982439496, 982439494 ] }, "geometry": { "type": "LineString", "coordinates": [ [ 20.50045, 54.6984923 ], [ 20.4995974, 54.6984181 ] ] } },
{ "type": "Feature", "properties": { "u": 563, "v": 365, "key": 0, "oneway": "False", "highway": "tertiary", "name": "Серпуховская улица", "maxspeed": "RU:urban", "lanes": "2", "osmid": [ 713320343, 713320344, 996149799 ] }, "geometry": { "type": "LineString", "coordinates": [ [ 20.50045, 54.6984923 ], [ 20.5005621, 54.6987757 ] ] } },
{ "type": "Feature", "properties": { "u": 563, "v": 205, "key": 0, "oneway": "False", "highway": "tertiary", "name": "Серпуховская улица", "maxspeed": "RU:urban", "lanes": "2", "osmid": "996149800" }, "geometry": { "type": "LineString", "coordinates": [ [ 20.50045, 54.6984923 ], [ 20.5004361, 54.6984158 ] ] } },
{ "type": "Feature", "properties": { "u": 564, "v": 39, "key": 0, "oneway": "False", "highway": "secondary", "name": "Эпроновская улица", "maxspeed": "RU:urban", "lanes": "2", "osmid": "989399976" }, "geometry": { "type": "LineString", "coordinates": [ [ 20.5138713, 54.6996475 ], [ 20.513875, 54.6996032 ] ] } },
{ "type": "Feature", "properties": { "u": 564, "v": 572, "key": 0, "oneway": "True", "highway": "secondary", "name": "улица Багратиона", "maxspeed": "RU:urban", "lanes": "1", "osmid": [ 982439532, 982439533, 982439534 ] }, "geometry": { "type": "LineString", "coordinates": [ [ 20.5138713, 54.6996475 ], [ 20.513029, 54.6996471 ] ] } },
{ "type": "Feature", "properties": { "u": 564, "v": 187, "key": 0, "oneway": "False", "highway": "tertiary", "name": "Эпроновская улица", "maxspeed": "RU:urban", "lanes": "2", "osmid": [ 41911949, 989399974, 989399975 ] }, "geometry": { "type": "LineString", "coordinates": [ [ 20.5138713, 54.6996475 ], [ 20.5137576, 54.7003214 ] ] } },
{ "type": "Feature", "properties": { "u": 565, "v": 146, "key": 0, "oneway": "False", "highway": "living_street", "name": "улица Подполковника Половца", "maxspeed": "RU:living_street", "lanes": "2", "osmid": "46726542" }, "geometry": { "type": "LineString", "coordinates": [ [ 20.5087703, 54.6993866 ], [ 20.5087708, 54.6993248 ] ] } },
{ "type": "Feature", "properties": { "u": 565, "v": 566, "key": 0, "oneway": "True", "highway": "secondary", "name": "улица Багратиона", "maxspeed": "RU:urban", "lanes": "1", "osmid": [ 982439520, 982439521, 982439522 ] }, "geometry": { "type": "LineString", "coordinates": [ [ 20.5087703, 54.6993866 ], [ 20.5069175, 54.6992824 ] ] } },
{ "type": "Feature", "properties": { "u": 566, "v": 573, "key": 0, "oneway": "True", "highway": "secondary", "name": "улица Багратиона", "maxspeed": "RU:urban", "lanes": "1", "osmid": [ 982439518, 982439519 ] }, "geometry": { "type": "LineString", "coordinates": [ [ 20.5069175, 54.6992824 ], [ 20.5059117, 54.6992513 ] ] } },
{ "type": "Feature", "properties": { "u": 567, "v": 129, "key": 0, "oneway": "False", "highway": "residential", "name": "улица Новый Вал", "maxspeed": "RU:living_street", "lanes": "2", "osmid": "44387293" }, "geometry": { "type": "LineString", "coordinates": [ [ 20.5095009, 54.6994258 ], [ 20.509511, 54.6993721 ] ] } },
{ "type": "Feature", "properties": { "u": 567, "v": 565, "key": 0, "oneway": "True", "highway": "secondary", "name": "улица Багратиона", "maxspeed": "RU:urban", "lanes": "1", "osmid": [ 982439523, 982439524 ] }, "geometry": { "type": "LineString", "coordinates": [ [ 20.5095009, 54.6994258 ], [ 20.5087703, 54.6993866 ] ] } },
{ "type": "Feature", "properties": { "u": 567, "v": 182, "key": 0, "oneway": "False", "highway": "residential", "name": "улица Новый Вал", "maxspeed": "RU:living_street", "lanes": "2", "osmid": "996149794" }, "geometry": { "type": "LineString", "coordinates": [ [ 20.5095009, 54.6994258 ], [ 20.5094226, 54.7001121 ] ] } },
{ "type": "Feature", "properties": { "u": 568, "v": 563, "key": 0, "oneway": "True", "highway": "secondary", "name": "улица Багратиона", "maxspeed": "RU:urban", "lanes": "2", "osmid": [ 1372496936, 982439497, 982439498, 1372496935 ] }, "geometry": { "type": "LineString", "coordinates": [ [ 20.5028308, 54.6988986 ], [ 20.50045, 54.6984923 ] ] } },
{ "type": "Feature", "properties": { "u": 568, "v": 509, "key": 0, "oneway": "True", "highway": "primary", "name": "Ленинский проспект", "maxspeed": "RU:urban", "lanes": "4", "osmid": "983916337" }, "geometry": { "type": "LineString", "coordinates": [ [ 20.5028308, 54.6988986 ], [ 20.5028182, 54.6988081 ] ] } },
{ "type": "Feature", "properties": { "u": 569, "v": 570, "key": 0, "oneway": "True", "highway": "secondary", "name": "улица Багратиона", "maxspeed": "RU:urban", "lanes": "2", "osmid": "982439511" }, "geometry": { "type": "LineString", "coordinates": [ [ 20.503764, 54.699084 ], [ 20.5031723, 54.698974 ] ] } },
{ "type": "Feature", "properties": { "u": 569, "v": 298, "key": 0, "oneway": "True", "highway": "secondary_link", "name": "", "maxspeed": "RU:urban", "lanes": "1", "osmid": [ 287846944, 982439513 ] }, "geometry": { "type": "LineString", "coordinates": [ [ 20.503764, 54.699084 ], [ 20.5032725, 54.6993252 ] ] } },
{ "type": "Feature", "properties": { "u": 570, "v": 568, "key": 0, "oneway": "True", "highway": "secondary", "name": "улица Багратиона", "maxspeed": "RU:urban", "lanes": "2", "osmid": "982439509" }, "geometry": { "type": "LineString", "coordinates": [ [ 20.5031723, 54.698974 ], [ 20.5028308, 54.6988986 ] ] } },
{ "type": "Feature", "properties": { "u": 570, "v": 298, "key": 0, "oneway": "True", "highway": "primary", "name": "Ленинский проспект", "maxspeed": "RU:urban", "lanes": "3", "osmid": "1372496947" }, "geometry": { "type": "LineString", "coordinates": [ [ 20.5031723, 54.698974 ], [ 20.5032725, 54.6993252 ] ] } },
{ "type": "Feature", "properties": { "u": 571, "v": 265, "key": 0, "oneway": "False", "highway": "residential", "name": "Серпуховский переулок", "maxspeed": "", "lanes": "", "osmid": "137954647" }, "geometry": { "type": "LineString", "coordinates": [ [ 20.4995974, 54.6984181 ], [ 20.4996078, 54.6983706 ] ] } },
{ "type": "Feature", "properties": { "u": 571, "v": 508, "key": 0, "oneway": "True", "highway": "secondary", "name": "улица Багратиона", "maxspeed": "RU:urban", "lanes": "1", "osmid": [ 982439488, 982439490, 982439491, 982439492, 982439493, 982439546 ] }, "geometry": { "type": "LineString", "coordinates": [ [ 20.4995974, 54.6984181 ], [ 20.4949161, 54.6974394 ] ] } },
{ "type": "Feature", "properties": { "u": 572, "v": 481, "key": 0, "oneway": "False", "highway": "residential", "name": "Большая Песочная улица", "maxspeed": "RU:urban", "lanes": "2", "osmid": "480035255" }, "geometry": { "type": "LineString", "coordinates": [ [ 20.513029, 54.6996471 ], [ 20.5130228, 54.6996006 ] ] } },
{ "type": "Feature", "properties": { "u": 572, "v": 567, "key": 0, "oneway": "True", "highway": "secondary", "name": "улица Багратиона", "maxspeed": "RU:urban", "lanes": "1", "osmid": [ 982439528, 982439530, 982439531, 982439527 ] }, "geometry": { "type": "LineString", "coordinates": [ [ 20.513029, 54.6996471 ], [ 20.5095009, 54.6994258 ] ] } },
{ "type": "Feature", "properties": { "u": 573, "v": 145, "key": 0, "oneway": "True", "highway": "residential", "name": "Омская улица", "maxspeed": "RU:living_street", "lanes": "1", "osmid": "46726525" }, "geometry": { "type": "LineString", "coordinates": [ [ 20.5059117, 54.6992513 ], [ 20.5059203, 54.6991827 ] ] } },
{ "type": "Feature", "properties": { "u": 573, "v": 569, "key": 0, "oneway": "True", "highway": "secondary", "name": "улица Багратиона", "maxspeed": "RU:urban", "lanes": "1", "osmid": [ 982439514, 982439515, 982439516, 982439517 ] }, "geometry": { "type": "LineString", "coordinates": [ [ 20.5059117, 54.6992513 ], [ 20.503764, 54.699084 ] ] } },
{ "type": "Feature", "properties": { "u": 574, "v": 17, "key": 0, "oneway": "True", "highway": "secondary", "name": "улица Багратиона", "maxspeed": "RU:urban", "lanes": "2", "osmid": "312850197" }, "geometry": { "type": "LineString", "coordinates": [ [ 20.5170481, 54.6983462 ], [ 20.5171454, 54.6982914 ] ] } },
{ "type": "Feature", "properties": { "u": 574, "v": 128, "key": 0, "oneway": "True", "highway": "secondary", "name": "Октябрьская улица", "maxspeed": "RU:urban", "lanes": "2", "osmid": "982459594" }, "geometry": { "type": "LineString", "coordinates": [ [ 20.5170481, 54.6983462 ], [ 20.5169755, 54.6981756 ] ] } },
{ "type": "Feature", "properties": { "u": 575, "v": 157, "key": 0, "oneway": "False", "highway": "tertiary", "name": "", "maxspeed": "RU:urban", "lanes": "2", "osmid": "405006184" }, "geometry": { "type": "LineString", "coordinates": [ [ 20.5174943, 54.7006199 ], [ 20.5173739, 54.7005841 ] ] } },
{ "type": "Feature", "properties": { "u": 575, "v": 580, "key": 0, "oneway": "True", "highway": "secondary", "name": "Октябрьская улица", "maxspeed": "30", "lanes": "1", "osmid": [ 982459661, 982459662, 982459664, 982459665, 982459666, 982459667, 982459668, 982459669 ] }, "geometry": { "type": "LineString", "coordinates": [ [ 20.5174943, 54.7006199 ], [ 20.5160363, 54.7042385 ] ] } },
{ "type": "Feature", "properties": { "u": 575, "v": 472, "key": 0, "oneway": "False", "highway": "tertiary", "name": "Солнечный бульвар", "maxspeed": "RU:urban", "lanes": "2", "osmid": [ 405006215, 430217000, 48765938, 1370382518, 1370089148, 442081021, 210932030, 1210349535 ] }, "geometry": { "type": "LineString", "coordinates": [ [ 20.5174943, 54.7006199 ], [ 20.5189897, 54.7046024 ] ] } },
{ "type": "Feature", "properties": { "u": 576, "v": 583, "key": 0, "oneway": "False", "highway": "tertiary", "name": "набережная Генерала Карбышева", "maxspeed": "RU:urban", "lanes": "2", "osmid": "48754755" }, "geometry": { "type": "LineString", "coordinates": [ [ 20.5145408, 54.7065717 ], [ 20.5144305, 54.7065676 ] ] } },
{ "type": "Feature", "properties": { "u": 576, "v": 135, "key": 0, "oneway": "True", "highway": "secondary", "name": "Октябрьская улица", "maxspeed": "RU:urban", "lanes": "1", "osmid": [ 44921241, 1370697581, 982459641, 982459645, 982459646, 982459647 ] }, "geometry": { "type": "LineString", "coordinates": [ [ 20.5145408, 54.7065717 ], [ 20.5157312, 54.7085277 ] ] } },
{ "type": "Feature", "properties": { "u": 576, "v": 156, "key": 0, "oneway": "False", "highway": "tertiary", "name": "набережная Генерала Карбышева", "maxspeed": "RU:urban", "lanes": "2", "osmid": "1210349538" }, "geometry": { "type": "LineString", "coordinates": [ [ 20.5145408, 54.7065717 ], [ 20.5230983, 54.7068267 ] ] } },
{ "type": "Feature", "properties": { "u": 577, "v": 581, "key": 0, "oneway": "False", "highway": "secondary", "name": "набережная Ветеранов", "maxspeed": "RU:urban", "lanes": "4", "osmid": "428635503" }, "geometry": { "type": "LineString", "coordinates": [ [ 20.5181945, 54.6998329 ], [ 20.5180709, 54.6998644 ] ] } },
{ "type": "Feature", "properties": { "u": 577, "v": 575, "key": 0, "oneway": "True", "highway": "secondary", "name": "Октябрьская улица", "maxspeed": "30", "lanes": "1", "osmid": [ 982459670, 982459671 ] }, "geometry": { "type": "LineString", "coordinates": [ [ 20.5181945, 54.6998329 ], [ 20.5174943, 54.7006199 ] ] } },
{ "type": "Feature", "properties": { "u": 577, "v": 455, "key": 0, "oneway": "False", "highway": "secondary", "name": "набережная Ветеранов", "maxspeed": "RU:urban", "lanes": "4", "osmid": [ 428635507, 1210349534 ] }, "geometry": { "type": "LineString", "coordinates": [ [ 20.5181945, 54.6998329 ], [ 20.5199614, 54.6992794 ] ] } },
{ "type": "Feature", "properties": { "u": 578, "v": 574, "key": 0, "oneway": "True", "highway": "secondary", "name": "Октябрьская улица", "maxspeed": "RU:urban", "lanes": "2", "osmid": "982459595" }, "geometry": { "type": "LineString", "coordinates": [ [ 20.517135, 54.6984678 ], [ 20.5170481, 54.6983462 ] ] } },
{ "type": "Feature", "properties": { "u": 578, "v": 564, "key": 0, "oneway": "True", "highway": "secondary", "name": "улица Багратиона", "maxspeed": "RU:urban", "lanes": "2", "osmid": [ 982439540, 982439541, 982439542, 982439543 ] }, "geometry": { "type": "LineString", "coordinates": [ [ 20.517135, 54.6984678 ], [ 20.5138713, 54.6996475 ] ] } },
{ "type": "Feature", "properties": { "u": 579, "v": 472, "key": 0, "oneway": "False", "highway": "tertiary", "name": "Солнечный бульвар", "maxspeed": "RU:urban", "lanes": "2", "osmid": "442081026" }, "geometry": { "type": "LineString", "coordinates": [ [ 20.5153429, 54.7050523 ], [ 20.5189897, 54.7046024 ] ] } },
{ "type": "Feature", "properties": { "u": 579, "v": 576, "key": 0, "oneway": "True", "highway": "secondary", "name": "Октябрьская улица", "maxspeed": "RU:urban", "lanes": "1", "osmid": [ 982459648, 982459649, 982459650, 982459651, 982459652, 982459654, 982459655 ] }, "geometry": { "type": "LineString", "coordinates": [ [ 20.5153429, 54.7050523 ], [ 20.5145408, 54.7065717 ] ] } },
{ "type": "Feature", "properties": { "u": 579, "v": 473, "key": 0, "oneway": "False", "highway": "tertiary", "name": "Солнечный бульвар", "maxspeed": "RU:urban", "lanes": "2", "osmid": "1210349537" }, "geometry": { "type": "LineString", "coordinates": [ [ 20.5153429, 54.7050523 ], [ 20.5152134, 54.7050202 ] ] } },
{ "type": "Feature", "properties": { "u": 580, "v": 472, "key": 0, "oneway": "False", "highway": "residential", "name": "Октябрьская улица", "maxspeed": "RU:urban", "lanes": "2", "osmid": [ 1210349536, 48765617, 48762218 ] }, "geometry": { "type": "LineString", "coordinates": [ [ 20.5160363, 54.7042385 ], [ 20.5189897, 54.7046024 ] ] } },
{ "type": "Feature", "properties": { "u": 580, "v": 579, "key": 0, "oneway": "True", "highway": "secondary", "name": "Октябрьская улица", "maxspeed": "30", "lanes": "1", "osmid": [ 982459656, 982459658 ] }, "geometry": { "type": "LineString", "coordinates": [ [ 20.5160363, 54.7042385 ], [ 20.5153429, 54.7050523 ] ] } },
{ "type": "Feature", "properties": { "u": 581, "v": 577, "key": 0, "oneway": "False", "highway": "secondary", "name": "набережная Ветеранов", "maxspeed": "RU:urban", "lanes": "4", "osmid": "428635503" }, "geometry": { "type": "LineString", "coordinates": [ [ 20.5180709, 54.6998644 ], [ 20.5181945, 54.6998329 ] ] } },
{ "type": "Feature", "properties": { "u": 581, "v": 578, "key": 0, "oneway": "True", "highway": "secondary", "name": "Октябрьская улица", "maxspeed": "RU:urban", "lanes": "2", "osmid": [ 982459612, 982459603, 48754756, 982459596 ] }, "geometry": { "type": "LineString", "coordinates": [ [ 20.5180709, 54.6998644 ], [ 20.517135, 54.6984678 ] ] } },
{ "type": "Feature", "properties": { "u": 582, "v": 26, "key": 0, "oneway": "False", "highway": "unclassified", "name": "", "maxspeed": "5", "lanes": "", "osmid": [ 1370382521, 32454235, 736641737 ] }, "geometry": { "type": "LineString", "coordinates": [ [ 20.5145885, 54.7057853 ], [ 20.514177, 54.705758 ] ] } },
{ "type": "Feature", "properties": { "u": 582, "v": 473, "key": 0, "oneway": "True", "highway": "secondary", "name": "Октябрьская улица", "maxspeed": "30", "lanes": "1", "osmid": [ 982459627, 982459628, 982459629, 982459630 ] }, "geometry": { "type": "LineString", "coordinates": [ [ 20.5145885, 54.7057853 ], [ 20.5152134, 54.7050202 ] ] } },
{ "type": "Feature", "properties": { "u": 583, "v": 576, "key": 0, "oneway": "False", "highway": "tertiary", "name": "набережная Генерала Карбышева", "maxspeed": "RU:urban", "lanes": "2", "osmid": "48754755" }, "geometry": { "type": "LineString", "coordinates": [ [ 20.5144305, 54.7065676 ], [ 20.5145408, 54.7065717 ] ] } },
{ "type": "Feature", "properties": { "u": 583, "v": 582, "key": 0, "oneway": "True", "highway": "secondary", "name": "Октябрьская улица", "maxspeed": "30", "lanes": "1", "osmid": [ 982459632, 982459633, 982459634 ] }, "geometry": { "type": "LineString", "coordinates": [ [ 20.5144305, 54.7065676 ], [ 20.5145885, 54.7057853 ] ] } },
{ "type": "Feature", "properties": { "u": 584, "v": 538, "key": 0, "oneway": "True", "highway": "primary", "name": "проспект Мира", "maxspeed": "RU:urban", "lanes": "4", "osmid": [ 980844273, 983859426, 980011196 ] }, "geometry": { "type": "LineString", "coordinates": [ [ 20.4984799, 54.7201076 ], [ 20.5001109, 54.7197921 ] ] } },
{ "type": "Feature", "properties": { "u": 585, "v": 192, "key": 0, "oneway": "False", "highway": "residential", "name": "улица Литовский Вал", "maxspeed": "", "lanes": "2", "osmid": [ 25901305, 736346491 ] }, "geometry": { "type": "LineString", "coordinates": [ [ 20.5378214, 54.7096934 ], [ 20.5377642, 54.707065 ] ] } },
{ "type": "Feature", "properties": { "u": 585, "v": 586, "key": 0, "oneway": "False", "highway": "primary", "name": "улица Литовский Вал", "maxspeed": "RU:urban", "lanes": "3", "osmid": "989481650" }, "geometry": { "type": "LineString", "coordinates": [ [ 20.5378214, 54.7096934 ], [ 20.537773, 54.7097763 ] ] } },
{ "type": "Feature", "properties": { "u": 586, "v": 217, "key": 0, "oneway": "False", "highway": "primary", "name": "улица Литовский Вал", "maxspeed": "RU:urban", "lanes": "3", "osmid": [ 53374883, 205799959 ] }, "geometry": { "type": "LineString", "coordinates": [ [ 20.537773, 54.7097763 ], [ 20.5374021, 54.7110333 ] ] } },
{ "type": "Feature", "properties": { "u": 586, "v": 31, "key": 0, "oneway": "True", "highway": "primary", "name": "Московский проспект", "maxspeed": "RU:urban", "lanes": "3", "osmid": [ 1370089170, 1370089171, 53374885, 989434629 ] }, "geometry": { "type": "LineString", "coordinates": [ [ 20.537773, 54.7097763 ], [ 20.5316951, 54.7098827 ] ] } },
{ "type": "Feature", "properties": { "u": 586, "v": 585, "key": 0, "oneway": "False", "highway": "primary", "name": "улица Литовский Вал", "maxspeed": "RU:urban", "lanes": "3", "osmid": "989481650" }, "geometry": { "type": "LineString", "coordinates": [ [ 20.537773, 54.7097763 ], [ 20.5378214, 54.7096934 ] ] } },
{ "type": "Feature", "properties": { "u": 587, "v": 353, "key": 0, "oneway": "False", "highway": "tertiary", "name": "улица Маршала Баграмяна", "maxspeed": "40", "lanes": "2", "osmid": "107444059" }, "geometry": { "type": "LineString", "coordinates": [ [ 20.4959278, 54.7072011 ], [ 20.4968238, 54.7071435 ] ] } },
{ "type": "Feature", "properties": { "u": 587, "v": 236, "key": 0, "oneway": "False", "highway": "tertiary", "name": "улица Маршала Баграмяна", "maxspeed": "40", "lanes": "2", "osmid": [ 107444059, 995233925 ] }, "geometry": { "type": "LineString", "coordinates": [ [ 20.4959278, 54.7072011 ], [ 20.4945043, 54.7072555 ] ] } },
{ "type": "Feature", "properties": { "u": 587, "v": 588, "key": 0, "oneway": "False", "highway": "residential", "name": "улица Маршала Баграмяна", "maxspeed": "20", "lanes": "", "osmid": "986605045" }, "geometry": { "type": "LineString", "coordinates": [ [ 20.4959278, 54.7072011 ], [ 20.495998, 54.7073244 ] ] } },
{ "type": "Feature", "properties": { "u": 588, "v": 590, "key": 0, "oneway": "False", "highway": "residential", "name": "Road with parking", "maxspeed": "20", "lanes": "", "osmid": "986605046" }, "geometry": { "type": "LineString", "coordinates": [ [ 20.495998, 54.7073244 ], [ 20.4961404, 54.7074927 ] ] } },
{ "type": "Feature", "properties": { "u": 588, "v": 589, "key": 0, "oneway": "False", "highway": "residential", "name": "улица Маршала Баграмяна", "maxspeed": "20", "lanes": "", "osmid": "986605045" }, "geometry": { "type": "LineString", "coordinates": [ [ 20.495998, 54.7073244 ], [ 20.4956802, 54.7074674 ] ] } },
{ "type": "Feature", "properties": { "u": 588, "v": 587, "key": 0, "oneway": "False", "highway": "residential", "name": "улица Маршала Баграмяна", "maxspeed": "20", "lanes": "", "osmid": "986605045" }, "geometry": { "type": "LineString", "coordinates": [ [ 20.495998, 54.7073244 ], [ 20.4959278, 54.7072011 ] ] } },
{ "type": "Feature", "properties": { "u": 589, "v": 588, "key": 0, "oneway": "False", "highway": "residential", "name": "улица Маршала Баграмяна", "maxspeed": "20", "lanes": "", "osmid": "986605045" }, "geometry": { "type": "LineString", "coordinates": [ [ 20.4956802, 54.7074674 ], [ 20.495998, 54.7073244 ] ] } },
{ "type": "Feature", "properties": { "u": 590, "v": 588, "key": 0, "oneway": "False", "highway": "residential", "name": "Road with parking", "maxspeed": "20", "lanes": "", "osmid": "986605046" }, "geometry": { "type": "LineString", "coordinates": [ [ 20.4961404, 54.7074927 ], [ 20.495998, 54.7073244 ] ] } },
{ "type": "Feature", "properties": { "u": 591, "v": 305, "key": 0, "oneway": "False", "highway": "residential", "name": "Мариупольская улица", "maxspeed": "20", "lanes": "", "osmid": [ 188173822, 986605047 ] }, "geometry": { "type": "LineString", "coordinates": [ [ 20.4971442, 54.7083439 ], [ 20.4985235, 54.7079155 ] ] } },
{ "type": "Feature", "properties": { "u": 591, "v": 355, "key": 0, "oneway": "False", "highway": "residential", "name": "улица Маршала Баграмяна", "maxspeed": "20", "lanes": "", "osmid": [ 188173824, 986605047 ] }, "geometry": { "type": "LineString", "coordinates": [ [ 20.4971442, 54.7083439 ], [ 20.4971493, 54.7076 ] ] } },
{ "type": "Feature", "properties": { "u": 591, "v": 592, "key": 0, "oneway": "False", "highway": "residential", "name": "Road with parking", "maxspeed": "", "lanes": "", "osmid": "986605048" }, "geometry": { "type": "LineString", "coordinates": [ [ 20.4971442, 54.7083439 ], [ 20.4969975, 54.7085287 ] ] } },
{ "type": "Feature", "properties": { "u": 592, "v": 591, "key": 0, "oneway": "False", "highway": "residential", "name": "Road with parking", "maxspeed": "", "lanes": "", "osmid": "986605048" }, "geometry": { "type": "LineString", "coordinates": [ [ 20.4969975, 54.7085287 ], [ 20.4971442, 54.7083439 ] ] } },
{ "type": "Feature", "properties": { "u": 593, "v": 306, "key": 0, "oneway": "False", "highway": "residential", "name": "Мариупольская улица", "maxspeed": "", "lanes": "", "osmid": "986652066" }, "geometry": { "type": "LineString", "coordinates": [ [ 20.4995081, 54.7084346 ], [ 20.4987421, 54.7080157 ] ] } },
{ "type": "Feature", "properties": { "u": 594, "v": 595, "key": 0, "oneway": "True", "highway": "primary", "name": "", "maxspeed": "RU:urban", "lanes": "1", "osmid": "980844320" }, "geometry": { "type": "LineString", "coordinates": [ [ 20.493111, 54.7192484 ], [ 20.4931761, 54.7190602 ] ] } },
{ "type": "Feature", "properties": { "u": 594, "v": 543, "key": 0, "oneway": "True", "highway": "primary", "name": "проспект Мира", "maxspeed": "RU:urban", "lanes": "2", "osmid": [ 992609876, 980844317 ] }, "geometry": { "type": "LineString", "coordinates": [ [ 20.493111, 54.7192484 ], [ 20.4934844, 54.7195245 ] ] } },
{ "type": "Feature", "properties": { "u": 595, "v": 546, "key": 0, "oneway": "True", "highway": "primary", "name": "Театральная улица", "maxspeed": "RU:urban", "lanes": "2", "osmid": "291081349" }, "geometry": { "type": "LineString", "coordinates": [ [ 20.4931761, 54.7190602 ], [ 20.4928375, 54.7191489 ] ] } },
{ "type": "Feature", "properties": { "u": 595, "v": 551, "key": 0, "oneway": "True", "highway": "primary", "name": "", "maxspeed": "RU:urban", "lanes": "1", "osmid": "992612792" }, "geometry": { "type": "LineString", "coordinates": [ [ 20.4931761, 54.7190602 ], [ 20.4932324, 54.718962 ] ] } },
{ "type": "Feature", "properties": { "u": 596, "v": 159, "key": 0, "oneway": "True", "highway": "residential", "name": "улица Профессора Севастьянова", "maxspeed": "40", "lanes": "1", "osmid": [ 48804988, 676395189, 711959463 ] }, "geometry": { "type": "LineString", "coordinates": [ [ 20.5134619, 54.7155609 ], [ 20.510686, 54.7153129 ] ] } },
{ "type": "Feature", "properties": { "u": 596, "v": 11, "key": 0, "oneway": "False", "highway": "secondary", "name": "Пролетарская улица", "maxspeed": "RU:urban", "lanes": "3", "osmid": [ 1372756560, 1372756561, 309433010, 1025236666 ] }, "geometry": { "type": "LineString", "coordinates": [ [ 20.5134619, 54.7155609 ], [ 20.513077, 54.716949 ] ] } },
{ "type": "Feature", "properties": { "u": 596, "v": 10, "key": 0, "oneway": "False", "highway": "secondary", "name": "Пролетарская улица", "maxspeed": "RU:urban", "lanes": "3", "osmid": [ 1372756562, 285794709 ] }, "geometry": { "type": "LineString", "coordinates": [ [ 20.5134619, 54.7155609 ], [ 20.5135773, 54.7149157 ] ] } },
{ "type": "Feature", "properties": { "u": 597, "v": 179, "key": 0, "oneway": "False", "highway": "residential", "name": "Ореховая улица", "maxspeed": "RU:urban", "lanes": "1", "osmid": [ 49207533, 49207534 ] }, "geometry": { "type": "LineString", "coordinates": [ [ 20.5038543, 54.6977144 ], [ 20.5039562, 54.6970185 ] ] } },
{ "type": "Feature", "properties": { "u": 598, "v": 265, "key": 0, "oneway": "False", "highway": "residential", "name": "Серпуховский переулок", "maxspeed": "", "lanes": "", "osmid": [ 996149801, 1372496943 ] }, "geometry": { "type": "LineString", "coordinates": [ [ 20.5003944, 54.6969132 ], [ 20.4996078, 54.6983706 ] ] } },
{ "type": "Feature", "properties": { "u": 599, "v": 171, "key": 0, "oneway": "False", "highway": "residential", "name": "Малая Песочная улица", "maxspeed": "RU:urban", "lanes": "1", "osmid": "49205132" }, "geometry": { "type": "LineString", "coordinates": [ [ 20.5151874, 54.6978729 ], [ 20.5154697, 54.6985509 ] ] } },
{ "type": "Feature", "properties": { "u": 600, "v": 170, "key": 0, "oneway": "False", "highway": "residential", "name": "Малая Песочная улица", "maxspeed": "RU:urban", "lanes": "1", "osmid": "1026591381" }, "geometry": { "type": "LineString", "coordinates": [ [ 20.5151809, 54.697748 ], [ 20.515177, 54.6972645 ] ] } },
{ "type": "Feature", "properties": { "u": 601, "v": 316, "key": 0, "oneway": "False", "highway": "residential", "name": "Лазаретная улица", "maxspeed": "", "lanes": "1", "osmid": "1366051270" }, "geometry": { "type": "LineString", "coordinates": [ [ 20.5257765, 54.7107964 ], [ 20.5259179, 54.7105649 ] ] } },
{ "type": "Feature", "properties": { "u": 602, "v": 316, "key": 0, "oneway": "False", "highway": "residential", "name": "улица 1812 года", "maxspeed": "", "lanes": "1", "osmid": [ 143966984, 144204021 ] }, "geometry": { "type": "LineString", "coordinates": [ [ 20.5243721, 54.7103294 ], [ 20.5259179, 54.7105649 ] ] } },
{ "type": "Feature", "properties": { "u": 602, "v": 315, "key": 0, "oneway": "False", "highway": "residential", "name": "улица 1812 года", "maxspeed": "", "lanes": "1", "osmid": [ 143966985, 669755251, 1373833526, 1373833527 ] }, "geometry": { "type": "LineString", "coordinates": [ [ 20.5243721, 54.7103294 ], [ 20.5237027, 54.7097691 ] ] } },
{ "type": "Feature", "properties": { "u": 602, "v": 219, "key": 0, "oneway": "False", "highway": "residential", "name": "Кирпичная улица", "maxspeed": "", "lanes": "1", "osmid": [ 669755251, 54989252 ] }, "geometry": { "type": "LineString", "coordinates": [ [ 20.5243721, 54.7103294 ], [ 20.5229205, 54.7122478 ] ] } },
{ "type": "Feature", "properties": { "u": 603, "v": 604, "key": 0, "oneway": "False", "highway": "living_street", "name": "", "maxspeed": "", "lanes": "", "osmid": "1153061965" }, "geometry": { "type": "LineString", "coordinates": [ [ 20.4937756, 54.7133563 ], [ 20.4937412, 54.7134644 ] ] } },
{ "type": "Feature", "properties": { "u": 603, "v": 608, "key": 0, "oneway": "False", "highway": "living_street", "name": "улица Бесселя", "maxspeed": "", "lanes": "", "osmid": "55799427" }, "geometry": { "type": "LineString", "coordinates": [ [ 20.4937756, 54.7133563 ], [ 20.4930599, 54.713249 ] ] } },
{ "type": "Feature", "properties": { "u": 603, "v": 605, "key": 0, "oneway": "False", "highway": "living_street", "name": "улица Бесселя", "maxspeed": "", "lanes": "", "osmid": "55799427" }, "geometry": { "type": "LineString", "coordinates": [ [ 20.4937756, 54.7133563 ], [ 20.4942935, 54.7133828 ] ] } },
{ "type": "Feature", "properties": { "u": 604, "v": 603, "key": 0, "oneway": "False", "highway": "living_street", "name": "", "maxspeed": "", "lanes": "", "osmid": "1153061965" }, "geometry": { "type": "LineString", "coordinates": [ [ 20.4937412, 54.7134644 ], [ 20.4937756, 54.7133563 ] ] } },
{ "type": "Feature", "properties": { "u": 604, "v": 604, "key": 0, "oneway": "False", "highway": "living_street", "name": "", "maxspeed": "", "lanes": "", "osmid": "1153061964" }, "geometry": { "type": "LineString", "coordinates": [ [ 20.4937412, 54.7134644 ], [ 20.4937412, 54.7134644 ] ] } },
{ "type": "Feature", "properties": { "u": 604, "v": 604, "key": 1, "oneway": "False", "highway": "living_street", "name": "", "maxspeed": "", "lanes": "", "osmid": "1153061964" }, "geometry": { "type": "LineString", "coordinates": [ [ 20.4937412, 54.7134644 ], [ 20.4937412, 54.7134644 ] ] } },
{ "type": "Feature", "properties": { "u": 605, "v": 603, "key": 0, "oneway": "False", "highway": "living_street", "name": "улица Бесселя", "maxspeed": "", "lanes": "", "osmid": "55799427" }, "geometry": { "type": "LineString", "coordinates": [ [ 20.4942935, 54.7133828 ], [ 20.4937756, 54.7133563 ] ] } },
{ "type": "Feature", "properties": { "u": 605, "v": 221, "key": 0, "oneway": "False", "highway": "living_street", "name": "улица Бесселя", "maxspeed": "", "lanes": "", "osmid": [ 55799427, 1312019118 ] }, "geometry": { "type": "LineString", "coordinates": [ [ 20.4942935, 54.7133828 ], [ 20.4953135, 54.712976 ] ] } },
{ "type": "Feature", "properties": { "u": 605, "v": 606, "key": 0, "oneway": "False", "highway": "living_street", "name": "", "maxspeed": "", "lanes": "", "osmid": "1153590034" }, "geometry": { "type": "LineString", "coordinates": [ [ 20.4942935, 54.7133828 ], [ 20.4936374, 54.7141005 ] ] } },
{ "type": "Feature", "properties": { "u": 606, "v": 613, "key": 0, "oneway": "False", "highway": "living_street", "name": "", "maxspeed": "", "lanes": "", "osmid": "1153590033" }, "geometry": { "type": "LineString", "coordinates": [ [ 20.4936374, 54.7141005 ], [ 20.4941247, 54.7140059 ] ] } },
{ "type": "Feature", "properties": { "u": 606, "v": 605, "key": 0, "oneway": "False", "highway": "living_street", "name": "", "maxspeed": "", "lanes": "", "osmid": "1153590034" }, "geometry": { "type": "LineString", "coordinates": [ [ 20.4936374, 54.7141005 ], [ 20.4942935, 54.7133828 ] ] } },
{ "type": "Feature", "properties": { "u": 606, "v": 608, "key": 0, "oneway": "False", "highway": "living_street", "name": "", "maxspeed": "", "lanes": "", "osmid": "1153590034" }, "geometry": { "type": "LineString", "coordinates": [ [ 20.4936374, 54.7141005 ], [ 20.4930599, 54.713249 ] ] } },
{ "type": "Feature", "properties": { "u": 607, "v": 608, "key": 0, "oneway": "False", "highway": "living_street", "name": "улица Бесселя", "maxspeed": "", "lanes": "", "osmid": [ 55799427, 1312019117 ] }, "geometry": { "type": "LineString", "coordinates": [ [ 20.4925523, 54.7132955 ], [ 20.4930599, 54.713249 ] ] } },
{ "type": "Feature", "properties": { "u": 608, "v": 607, "key": 0, "oneway": "False", "highway": "living_street", "name": "улица Бесселя", "maxspeed": "", "lanes": "", "osmid": [ 55799427, 1312019117 ] }, "geometry": { "type": "LineString", "coordinates": [ [ 20.4930599, 54.713249 ], [ 20.4925523, 54.7132955 ] ] } },
{ "type": "Feature", "properties": { "u": 608, "v": 603, "key": 0, "oneway": "False", "highway": "living_street", "name": "улица Бесселя", "maxspeed": "", "lanes": "", "osmid": "55799427" }, "geometry": { "type": "LineString", "coordinates": [ [ 20.4930599, 54.713249 ], [ 20.4937756, 54.7133563 ] ] } },
{ "type": "Feature", "properties": { "u": 608, "v": 606, "key": 0, "oneway": "False", "highway": "living_street", "name": "", "maxspeed": "", "lanes": "", "osmid": "1153590034" }, "geometry": { "type": "LineString", "coordinates": [ [ 20.4930599, 54.713249 ], [ 20.4936374, 54.7141005 ] ] } },
{ "type": "Feature", "properties": { "u": 609, "v": 30, "key": 0, "oneway": "True", "highway": "primary", "name": "Ленинский проспект", "maxspeed": "RU:urban", "lanes": "1", "osmid": "1252989788" }, "geometry": { "type": "LineString", "coordinates": [ [ 20.500033, 54.6958706 ], [ 20.5000148, 54.6957711 ] ] } },
{ "type": "Feature", "properties": { "u": 609, "v": 557, "key": 0, "oneway": "True", "highway": "primary", "name": "площадь Калинина", "maxspeed": "RU:urban", "lanes": "2", "osmid": [ 981617674, 981617675 ] }, "geometry": { "type": "LineString", "coordinates": [ [ 20.500033, 54.6958706 ], [ 20.4987861, 54.6963035 ] ] } },
{ "type": "Feature", "properties": { "u": 610, "v": 16, "key": 0, "oneway": "False", "highway": "primary", "name": "Железнодорожная улица", "maxspeed": "RU:urban", "lanes": "3", "osmid": [ 263192167, 53579149, 53579154, 1210147833, 107422780, 1264379966 ] }, "geometry": { "type": "LineString", "coordinates": [ [ 20.4936682, 54.6971883 ], [ 20.4904467, 54.7049105 ] ] } },
{ "type": "Feature", "properties": { "u": 610, "v": 507, "key": 0, "oneway": "True", "highway": "primary", "name": "Железнодорожная улица", "maxspeed": "RU:urban", "lanes": "2", "osmid": [ 1264403764, 981617654 ] }, "geometry": { "type": "LineString", "coordinates": [ [ 20.4936682, 54.6971883 ], [ 20.4938514, 54.6969347 ] ] } },
{ "type": "Feature", "properties": { "u": 611, "v": 531, "key": 0, "oneway": "True", "highway": "primary", "name": "улица Черняховского", "maxspeed": "RU:urban", "lanes": "3", "osmid": [ 980120522, 1011113118 ] }, "geometry": { "type": "LineString", "coordinates": [ [ 20.5129212, 54.7203353 ], [ 20.5141376, 54.720391 ] ] } },
{ "type": "Feature", "properties": { "u": 611, "v": 612, "key": 0, "oneway": "False", "highway": "primary", "name": "", "maxspeed": "", "lanes": "", "osmid": "1299939626" }, "geometry": { "type": "LineString", "coordinates": [ [ 20.5129212, 54.7203353 ], [ 20.5129083, 54.7204628 ] ] } },
{ "type": "Feature", "properties": { "u": 612, "v": 335, "key": 0, "oneway": "True", "highway": "primary", "name": "улица Черняховского", "maxspeed": "RU:urban", "lanes": "3", "osmid": [ 669215960, 107174499, 313596237 ] }, "geometry": { "type": "LineString", "coordinates": [ [ 20.5129083, 54.7204628 ], [ 20.5078603, 54.7199331 ] ] } },
{ "type": "Feature", "properties": { "u": 612, "v": 611, "key": 0, "oneway": "False", "highway": "primary", "name": "", "maxspeed": "", "lanes": "", "osmid": "1299939626" }, "geometry": { "type": "LineString", "coordinates": [ [ 20.5129083, 54.7204628 ], [ 20.5129212, 54.7203353 ] ] } },
{ "type": "Feature", "properties": { "u": 613, "v": 606, "key": 0, "oneway": "False", "highway": "living_street", "name": "", "maxspeed": "", "lanes": "", "osmid": "1153590033" }, "geometry": { "type": "LineString", "coordinates": [ [ 20.4941247, 54.7140059 ], [ 20.4936374, 54.7141005 ] ] } },
{ "type": "Feature", "properties": { "u": 614, "v": 525, "key": 0, "oneway": "False", "highway": "tertiary", "name": "", "maxspeed": "", "lanes": "", "osmid": "1349791662" }, "geometry": { "type": "LineString", "coordinates": [ [ 20.5069168, 54.7133587 ], [ 20.5067252, 54.7132727 ] ] } },
{ "type": "Feature", "properties": { "u": 614, "v": 76, "key": 0, "oneway": "True", "highway": "primary", "name": "Ленинский проспект", "maxspeed": "RU:urban", "lanes": "4", "osmid": [ 290055920, 980011199, 1349791663 ] }, "geometry": { "type": "LineString", "coordinates": [ [ 20.5069168, 54.7133587 ], [ 20.5043055, 54.715155 ] ] } },
{ "type": "Feature", "properties": { "u": 615, "v": 12, "key": 0, "oneway": "False", "highway": "secondary", "name": "Пролетарская улица", "maxspeed": "RU:urban", "lanes": "3", "osmid": [ 294211169, 91260942 ] }, "geometry": { "type": "LineString", "coordinates": [ [ 20.5146613, 54.7217178 ], [ 20.5141839, 54.7205165 ] ] } },
{ "type": "Feature", "properties": { "u": 615, "v": 107, "key": 0, "oneway": "False", "highway": "secondary", "name": "Пролетарская улица", "maxspeed": "RU:urban", "lanes": "2", "osmid": [ 1369736253, 1364318061 ] }, "geometry": { "type": "LineString", "coordinates": [ [ 20.5146613, 54.7217178 ], [ 20.5147713, 54.7219558 ] ] } },
{ "type": "Feature", "properties": { "u": 616, "v": 206, "key": 0, "oneway": "False", "highway": "residential", "name": "Эльблонгская улица", "maxspeed": "RU:living_street", "lanes": "2", "osmid": "1372496930" }, "geometry": { "type": "LineString", "coordinates": [ [ 20.4977361, 54.7005568 ], [ 20.4972652, 54.7005206 ] ] } },
{ "type": "Feature", "properties": { "u": 616, "v": 389, "key": 0, "oneway": "False", "highway": "residential", "name": "Эльблонгская улица", "maxspeed": "RU:living_street", "lanes": "2", "osmid": "1368750756" }, "geometry": { "type": "LineString", "coordinates": [ [ 20.4977361, 54.7005568 ], [ 20.4956407, 54.6996228 ] ] } },
{ "type": "Feature", "properties": { "u": 616, "v": 209, "key": 0, "oneway": "False", "highway": "residential", "name": "Эльблонгская улица", "maxspeed": "RU:living_street", "lanes": "2", "osmid": [ 1372496929, 1372496930, 287846925 ] }, "geometry": { "type": "LineString", "coordinates": [ [ 20.4977361, 54.7005568 ], [ 20.5016793, 54.7009753 ] ] } },
{ "type": "Feature", "properties": { "u": 617, "v": 84, "key": 0, "oneway": "False", "highway": "residential", "name": "улица Коперника", "maxspeed": "RU:urban", "lanes": "1", "osmid": "1372756618" }, "geometry": { "type": "LineString", "coordinates": [ [ 20.5020855, 54.7108783 ], [ 20.5034271, 54.7107845 ] ] } },
{ "type": "Feature", "properties": { "u": 618, "v": 619, "key": 0, "oneway": "False", "highway": "secondary", "name": "Гвардейский проспект", "maxspeed": "RU:urban", "lanes": "3", "osmid": "1413235350" }, "geometry": { "type": "LineString", "coordinates": [ [ 20.4909277, 54.7124736 ], [ 20.4908995, 54.7124026 ] ] } },
{ "type": "Feature", "properties": { "u": 618, "v": 552, "key": 0, "oneway": "False", "highway": "secondary", "name": "Гвардейский проспект", "maxspeed": "RU:urban", "lanes": "4", "osmid": [ 210722200, 107176996, 1370382549, 210722199 ] }, "geometry": { "type": "LineString", "coordinates": [ [ 20.4909277, 54.7124736 ], [ 20.4971534, 54.7180413 ] ] } },
{ "type": "Feature", "properties": { "u": 619, "v": 618, "key": 0, "oneway": "False", "highway": "secondary", "name": "Гвардейский проспект", "maxspeed": "RU:urban", "lanes": "3", "osmid": "1413235350" }, "geometry": { "type": "LineString", "coordinates": [ [ 20.4908995, 54.7124026 ], [ 20.4909277, 54.7124736 ] ] } },
{ "type": "Feature", "properties": { "u": 619, "v": 257, "key": 0, "oneway": "True", "highway": "primary", "name": "улица Румянцева", "maxspeed": "40", "lanes": "3", "osmid": [ 42452218, 1413235351 ] }, "geometry": { "type": "LineString", "coordinates": [ [ 20.4908995, 54.7124026 ], [ 20.4939504, 54.7113169 ] ] } },
{ "type": "Feature", "properties": { "u": 620, "v": 619, "key": 0, "oneway": "True", "highway": "primary", "name": "улица Румянцева", "maxspeed": "RU:urban", "lanes": "2", "osmid": [ 1373328218, 1373328221, 390819957 ] }, "geometry": { "type": "LineString", "coordinates": [ [ 20.4869778, 54.7135646 ], [ 20.4908995, 54.7124026 ] ] } },
{ "type": "Feature", "properties": { "u": 621, "v": 90, "key": 0, "oneway": "False", "highway": "residential", "name": "", "maxspeed": "", "lanes": "1", "osmid": "42740843" }, "geometry": { "type": "LineString", "coordinates": [ [ 20.4949449, 54.7190106 ], [ 20.4971201, 54.7190412 ] ] } },
{ "type": "Feature", "properties": { "u": 622, "v": 81, "key": 0, "oneway": "False", "highway": "residential", "name": "Звёздная улица", "maxspeed": "RU:urban", "lanes": "2", "osmid": "1372756612" }, "geometry": { "type": "LineString", "coordinates": [ [ 20.5012166, 54.7166299 ], [ 20.5012903, 54.716699 ] ] } },
{ "type": "Feature", "properties": { "u": 623, "v": 107, "key": 0, "oneway": "False", "highway": "secondary", "name": "Пролетарская улица", "maxspeed": "RU:urban", "lanes": "2", "osmid": "43317275" }, "geometry": { "type": "LineString", "coordinates": [ [ 20.5147867, 54.7219908 ], [ 20.5147713, 54.7219558 ] ] } },
{ "type": "Feature", "properties": { "u": 623, "v": 396, "key": 0, "oneway": "True", "highway": "tertiary", "name": "улица Профессора Баранова", "maxspeed": "RU:urban", "lanes": "1", "osmid": "307324833" }, "geometry": { "type": "LineString", "coordinates": [ [ 20.5147867, 54.7219908 ], [ 20.5142053, 54.721922 ] ] } }
]
}
