{"type": "FeatureCollection", "features": [{"type": "Feature", "properties": {"osmid": 0}, "geometry": {"type": "Point", "coordinates": [30.4934432, 50.5807507]}}, {"type": "Feature", "properties": {"osmid": 1}, "geometry": {"type": "Point", "coordinates": [30.7672317, 50.4984245]}}, {"type": "Feature", "properties": {"osmid": 2}, "geometry": {"type": "Point", "coordinates": [30.4457206, 50.4794965]}}, {"type": "Feature", "properties": {"osmid": 3}, "geometry": {"type": "Point", "coordinates": [30.4943737, 50.5806744]}}, {"type": "Feature", "properties": {"osmid": 4}, "geometry": {"type": "Point", "coordinates": [30.6496283, 50.4004298]}}, {"type": "Feature", "properties": {"osmid": 5}, "geometry": {"type": "Point", "coordinates": [30.4906883, 50.440382]}}, {"type": "Feature", "properties": {"osmid": 6}, "geometry": {"type": "Point", "coordinates": [30.7933581, 50.4821455]}}, {"type": "Feature", "properties": {"osmid": 7}, "geometry": {"type": "Point", "coordinates": [30.2720208, 50.5626434]}}, {"type": "Feature", "properties": {"osmid": 8}, "geometry": {"type": "Point", "coordinates": [30.5235156, 50.4910756]}}, {"type": "Feature", "properties": {"osmid": 9}, "geometry": {"type": "Point", "coordinates": [30.6357598, 50.4162192]}}, {"type": "Feature", "properties": {"osmid": 10}, "geometry": {"type": "Point", "coordinates": [30.6502283, 50.4001902]}}, {"type": "Feature", "properties": {"osmid": 11}, "geometry": {"type": "Point", "coordinates": [30.4900649, 50.5709728]}}, {"type": "Feature", "properties": {"osmid": 12}, "geometry": {"type": "Point", "coordinates": [30.8659041, 50.5326161]}}, {"type": "Feature", "properties": {"osmid": 13}, "geometry": {"type": "Point", "coordinates": [30.8664476, 50.5325729]}}, {"type": "Feature", "properties": {"osmid": 14}, "geometry": {"type": "Point", "coordinates": [30.5293716, 50.4507359]}}, {"type": "Feature", "properties": {"osmid": 15}, "geometry": {"type": "Point", "coordinates": [30.5269087, 50.4884256]}}, {"type": "Feature", "properties": {"osmid": 16}, "geometry": {"type": "Point", "coordinates": [30.8660032, 50.5328153]}}, {"type": "Feature", "properties": {"osmid": 17}, "geometry": {"type": "Point", "coordinates": [30.5924166, 50.4218964]}}, {"type": "Feature", "properties": {"osmid": 18}, "geometry": {"type": "Point", "coordinates": [30.5945519, 50.4552216]}}, {"type": "Feature", "properties": {"osmid": 19}, "geometry": {"type": "Point", "coordinates": [30.3871534, 50.4297277]}}, {"type": "Feature", "properties": {"osmid": 20}, "geometry": {"type": "Point", "coordinates": [30.4579265, 50.3780812]}}, {"type": "Feature", "properties": {"osmid": 21}, "geometry": {"type": "Point", "coordinates": [30.2712244, 50.554758]}}, {"type": "Feature", "properties": {"osmid": 22}, "geometry": {"type": "Point", "coordinates": [30.7981114, 50.48227]}}, {"type": "Feature", "properties": {"osmid": 23}, "geometry": {"type": "Point", "coordinates": [30.4828764, 50.5292068]}}, {"type": "Feature", "properties": {"osmid": 24}, "geometry": {"type": "Point", "coordinates": [30.3592367, 50.4762083]}}, {"type": "Feature", "properties": {"osmid": 25}, "geometry": {"type": "Point", "coordinates": [30.5965982, 50.4541799]}}, {"type": "Feature", "properties": {"osmid": 26}, "geometry": {"type": "Point", "coordinates": [30.418702, 50.5152235]}}, {"type": "Feature", "properties": {"osmid": 27}, "geometry": {"type": "Point", "coordinates": [30.4199023, 50.5154598]}}, {"type": "Feature", "properties": {"osmid": 28}, "geometry": {"type": "Point", "coordinates": [30.5971863, 50.4533606]}}, {"type": "Feature", "properties": {"osmid": 29}, "geometry": {"type": "Point", "coordinates": [30.4195153, 50.5157566]}}, {"type": "Feature", "properties": {"osmid": 30}, "geometry": {"type": "Point", "coordinates": [30.2749754, 50.556296]}}, {"type": "Feature", "properties": {"osmid": 31}, "geometry": {"type": "Point", "coordinates": [30.5345603, 50.3456296]}}, {"type": "Feature", "properties": {"osmid": 32}, "geometry": {"type": "Point", "coordinates": [30.603816, 50.386425]}}, {"type": "Feature", "properties": {"osmid": 33}, "geometry": {"type": "Point", "coordinates": [30.5500545, 50.3715401]}}, {"type": "Feature", "properties": {"osmid": 34}, "geometry": {"type": "Point", "coordinates": [30.5925845, 50.4218977]}}, {"type": "Feature", "properties": {"osmid": 35}, "geometry": {"type": "Point", "coordinates": [30.457351, 50.3788591]}}, {"type": "Feature", "properties": {"osmid": 36}, "geometry": {"type": "Point", "coordinates": [30.4528494, 50.3821581]}}, {"type": "Feature", "properties": {"osmid": 37}, "geometry": {"type": "Point", "coordinates": [30.4965418, 50.4772866]}}, {"type": "Feature", "properties": {"osmid": 38}, "geometry": {"type": "Point", "coordinates": [30.6688009, 50.4146358]}}, {"type": "Feature", "properties": {"osmid": 39}, "geometry": {"type": "Point", "coordinates": [30.5923698, 50.4276564]}}, {"type": "Feature", "properties": {"osmid": 40}, "geometry": {"type": "Point", "coordinates": [30.4212462, 50.3463665]}}, {"type": "Feature", "properties": {"osmid": 41}, "geometry": {"type": "Point", "coordinates": [30.4096486, 50.5096862]}}, {"type": "Feature", "properties": {"osmid": 42}, "geometry": {"type": "Point", "coordinates": [30.4890913, 50.4811266]}}, {"type": "Feature", "properties": {"osmid": 43}, "geometry": {"type": "Point", "coordinates": [30.5495519, 50.3616971]}}, {"type": "Feature", "properties": {"osmid": 44}, "geometry": {"type": "Point", "coordinates": [30.3824132, 50.3869745]}}, {"type": "Feature", "properties": {"osmid": 45}, "geometry": {"type": "Point", "coordinates": [30.3959262, 50.4711428]}}, {"type": "Feature", "properties": {"osmid": 46}, "geometry": {"type": "Point", "coordinates": [30.7892751, 50.5218456]}}, {"type": "Feature", "properties": {"osmid": 47}, "geometry": {"type": "Point", "coordinates": [30.3959435, 50.4701969]}}, {"type": "Feature", "properties": {"osmid": 48}, "geometry": {"type": "Point", "coordinates": [30.4888914, 50.4811143]}}, {"type": "Feature", "properties": {"osmid": 49}, "geometry": {"type": "Point", "coordinates": [30.4951924, 50.4772446]}}, {"type": "Feature", "properties": {"osmid": 50}, "geometry": {"type": "Point", "coordinates": [30.5012705, 50.3987031]}}, {"type": "Feature", "properties": {"osmid": 51}, "geometry": {"type": "Point", "coordinates": [30.4529888, 50.3836829]}}, {"type": "Feature", "properties": {"osmid": 52}, "geometry": {"type": "Point", "coordinates": [30.6185993, 50.4949745]}}, {"type": "Feature", "properties": {"osmid": 53}, "geometry": {"type": "Point", "coordinates": [30.6076562, 50.4951781]}}, {"type": "Feature", "properties": {"osmid": 54}, "geometry": {"type": "Point", "coordinates": [30.4964644, 50.4771622]}}, {"type": "Feature", "properties": {"osmid": 55}, "geometry": {"type": "Point", "coordinates": [30.4975355, 50.4774377]}}, {"type": "Feature", "properties": {"osmid": 56}, "geometry": {"type": "Point", "coordinates": [30.4983214, 50.4773606]}}, {"type": "Feature", "properties": {"osmid": 57}, "geometry": {"type": "Point", "coordinates": [30.4934845, 50.5123894]}}, {"type": "Feature", "properties": {"osmid": 58}, "geometry": {"type": "Point", "coordinates": [30.5021169, 50.4751804]}}, {"type": "Feature", "properties": {"osmid": 59}, "geometry": {"type": "Point", "coordinates": [30.6129345, 50.3521829]}}, {"type": "Feature", "properties": {"osmid": 60}, "geometry": {"type": "Point", "coordinates": [30.508511, 50.4752461]}}, {"type": "Feature", "properties": {"osmid": 61}, "geometry": {"type": "Point", "coordinates": [30.5104768, 50.4752318]}}, {"type": "Feature", "properties": {"osmid": 62}, "geometry": {"type": "Point", "coordinates": [30.6020532, 50.4481541]}}, {"type": "Feature", "properties": {"osmid": 63}, "geometry": {"type": "Point", "coordinates": [30.3920598, 50.3992495]}}, {"type": "Feature", "properties": {"osmid": 64}, "geometry": {"type": "Point", "coordinates": [30.5172651, 50.4734831]}}, {"type": "Feature", "properties": {"osmid": 65}, "geometry": {"type": "Point", "coordinates": [30.5188284, 50.4725041]}}, {"type": "Feature", "properties": {"osmid": 66}, "geometry": {"type": "Point", "coordinates": [30.3667849, 50.4008178]}}, {"type": "Feature", "properties": {"osmid": 67}, "geometry": {"type": "Point", "coordinates": [30.6604618, 50.4198653]}}, {"type": "Feature", "properties": {"osmid": 68}, "geometry": {"type": "Point", "coordinates": [30.8302269, 50.4760659]}}, {"type": "Feature", "properties": {"osmid": 69}, "geometry": {"type": "Point", "coordinates": [30.6605845, 50.4199378]}}, {"type": "Feature", "properties": {"osmid": 70}, "geometry": {"type": "Point", "coordinates": [30.5234458, 50.4697511]}}, {"type": "Feature", "properties": {"osmid": 71}, "geometry": {"type": "Point", "coordinates": [30.8304032, 50.4760581]}}, {"type": "Feature", "properties": {"osmid": 72}, "geometry": {"type": "Point", "coordinates": [30.2399786, 50.4181596]}}, {"type": "Feature", "properties": {"osmid": 73}, "geometry": {"type": "Point", "coordinates": [30.5165521, 50.4739312]}}, {"type": "Feature", "properties": {"osmid": 74}, "geometry": {"type": "Point", "coordinates": [30.3924222, 50.4005029]}}, {"type": "Feature", "properties": {"osmid": 75}, "geometry": {"type": "Point", "coordinates": [30.5203465, 50.4716765]}}, {"type": "Feature", "properties": {"osmid": 76}, "geometry": {"type": "Point", "coordinates": [30.5202424, 50.4716069]}}, {"type": "Feature", "properties": {"osmid": 77}, "geometry": {"type": "Point", "coordinates": [30.5207188, 50.4714439]}}, {"type": "Feature", "properties": {"osmid": 78}, "geometry": {"type": "Point", "coordinates": [30.5206141, 50.4713759]}}, {"type": "Feature", "properties": {"osmid": 79}, "geometry": {"type": "Point", "coordinates": [30.4529339, 50.5663249]}}, {"type": "Feature", "properties": {"osmid": 80}, "geometry": {"type": "Point", "coordinates": [30.8475275, 50.5968734]}}, {"type": "Feature", "properties": {"osmid": 81}, "geometry": {"type": "Point", "coordinates": [30.5219182, 50.4705568]}}, {"type": "Feature", "properties": {"osmid": 82}, "geometry": {"type": "Point", "coordinates": [30.5220282, 50.4706294]}}, {"type": "Feature", "properties": {"osmid": 83}, "geometry": {"type": "Point", "coordinates": [30.4651691, 50.3789549]}}, {"type": "Feature", "properties": {"osmid": 84}, "geometry": {"type": "Point", "coordinates": [30.8468647, 50.5960201]}}, {"type": "Feature", "properties": {"osmid": 85}, "geometry": {"type": "Point", "coordinates": [30.3150713, 50.5564436]}}, {"type": "Feature", "properties": {"osmid": 86}, "geometry": {"type": "Point", "coordinates": [30.3119225, 50.555526]}}, {"type": "Feature", "properties": {"osmid": 87}, "geometry": {"type": "Point", "coordinates": [30.7001376, 50.5495478]}}, {"type": "Feature", "properties": {"osmid": 88}, "geometry": {"type": "Point", "coordinates": [30.3247637, 50.5540837]}}, {"type": "Feature", "properties": {"osmid": 89}, "geometry": {"type": "Point", "coordinates": [30.3085128, 50.5549842]}}, {"type": "Feature", "properties": {"osmid": 90}, "geometry": {"type": "Point", "coordinates": [30.4755035, 50.4377526]}}, {"type": "Feature", "properties": {"osmid": 91}, "geometry": {"type": "Point", "coordinates": [30.3065768, 50.5546996]}}, {"type": "Feature", "properties": {"osmid": 92}, "geometry": {"type": "Point", "coordinates": [30.6248535, 50.3904834]}}, {"type": "Feature", "properties": {"osmid": 93}, "geometry": {"type": "Point", "coordinates": [30.6082414, 50.3705649]}}, {"type": "Feature", "properties": {"osmid": 94}, "geometry": {"type": "Point", "coordinates": [30.5100149, 50.3973728]}}, {"type": "Feature", "properties": {"osmid": 95}, "geometry": {"type": "Point", "coordinates": [30.2534977, 50.524765]}}, {"type": "Feature", "properties": {"osmid": 96}, "geometry": {"type": "Point", "coordinates": [30.6034834, 50.3876591]}}, {"type": "Feature", "properties": {"osmid": 97}, "geometry": {"type": "Point", "coordinates": [30.3105144, 50.5552242]}}, {"type": "Feature", "properties": {"osmid": 98}, "geometry": {"type": "Point", "coordinates": [30.5447707, 50.4419037]}}, {"type": "Feature", "properties": {"osmid": 99}, "geometry": {"type": "Point", "coordinates": [30.4520292, 50.3831587]}}, {"type": "Feature", "properties": {"osmid": 100}, "geometry": {"type": "Point", "coordinates": [30.438049, 50.356744]}}, {"type": "Feature", "properties": {"osmid": 101}, "geometry": {"type": "Point", "coordinates": [30.4338171, 50.3539039]}}, {"type": "Feature", "properties": {"osmid": 102}, "geometry": {"type": "Point", "coordinates": [30.409779, 50.4908798]}}, {"type": "Feature", "properties": {"osmid": 103}, "geometry": {"type": "Point", "coordinates": [30.3789426, 50.4151869]}}, {"type": "Feature", "properties": {"osmid": 104}, "geometry": {"type": "Point", "coordinates": [30.4058692, 50.4953403]}}, {"type": "Feature", "properties": {"osmid": 105}, "geometry": {"type": "Point", "coordinates": [30.4520107, 50.3827809]}}, {"type": "Feature", "properties": {"osmid": 106}, "geometry": {"type": "Point", "coordinates": [30.3924216, 50.4577053]}}, {"type": "Feature", "properties": {"osmid": 107}, "geometry": {"type": "Point", "coordinates": [30.377133, 50.4058067]}}, {"type": "Feature", "properties": {"osmid": 108}, "geometry": {"type": "Point", "coordinates": [30.6121367, 50.3527291]}}, {"type": "Feature", "properties": {"osmid": 109}, "geometry": {"type": "Point", "coordinates": [30.3932011, 50.402963]}}, {"type": "Feature", "properties": {"osmid": 110}, "geometry": {"type": "Point", "coordinates": [30.5548576, 50.4335156]}}, {"type": "Feature", "properties": {"osmid": 111}, "geometry": {"type": "Point", "coordinates": [30.4525521, 50.3829681]}}, {"type": "Feature", "properties": {"osmid": 112}, "geometry": {"type": "Point", "coordinates": [30.516687, 50.4393704]}}, {"type": "Feature", "properties": {"osmid": 113}, "geometry": {"type": "Point", "coordinates": [30.7950269, 50.4822743]}}, {"type": "Feature", "properties": {"osmid": 114}, "geometry": {"type": "Point", "coordinates": [30.6092027, 50.3688766]}}, {"type": "Feature", "properties": {"osmid": 115}, "geometry": {"type": "Point", "coordinates": [30.7954898, 50.4821435]}}, {"type": "Feature", "properties": {"osmid": 116}, "geometry": {"type": "Point", "coordinates": [30.375142, 50.404116]}}, {"type": "Feature", "properties": {"osmid": 117}, "geometry": {"type": "Point", "coordinates": [30.3858255, 50.4020332]}}, {"type": "Feature", "properties": {"osmid": 118}, "geometry": {"type": "Point", "coordinates": [30.4748098, 50.4372037]}}, {"type": "Feature", "properties": {"osmid": 119}, "geometry": {"type": "Point", "coordinates": [30.5318261, 50.3836632]}}, {"type": "Feature", "properties": {"osmid": 120}, "geometry": {"type": "Point", "coordinates": [30.369149, 50.4125237]}}, {"type": "Feature", "properties": {"osmid": 121}, "geometry": {"type": "Point", "coordinates": [30.3291882, 50.5560394]}}, {"type": "Feature", "properties": {"osmid": 122}, "geometry": {"type": "Point", "coordinates": [30.3788218, 50.4072882]}}, {"type": "Feature", "properties": {"osmid": 123}, "geometry": {"type": "Point", "coordinates": [30.8023545, 50.5058435]}}, {"type": "Feature", "properties": {"osmid": 124}, "geometry": {"type": "Point", "coordinates": [30.8786128, 50.5923002]}}, {"type": "Feature", "properties": {"osmid": 125}, "geometry": {"type": "Point", "coordinates": [30.3793321, 50.4077402]}}, {"type": "Feature", "properties": {"osmid": 126}, "geometry": {"type": "Point", "coordinates": [30.8017067, 50.505695]}}, {"type": "Feature", "properties": {"osmid": 127}, "geometry": {"type": "Point", "coordinates": [30.4646432, 50.5668669]}}, {"type": "Feature", "properties": {"osmid": 128}, "geometry": {"type": "Point", "coordinates": [30.4259735, 50.4219133]}}, {"type": "Feature", "properties": {"osmid": 129}, "geometry": {"type": "Point", "coordinates": [30.3732022, 50.4155012]}}, {"type": "Feature", "properties": {"osmid": 130}, "geometry": {"type": "Point", "coordinates": [30.3699248, 50.3996019]}}, {"type": "Feature", "properties": {"osmid": 131}, "geometry": {"type": "Point", "coordinates": [30.611769, 50.3529785]}}, {"type": "Feature", "properties": {"osmid": 132}, "geometry": {"type": "Point", "coordinates": [30.3368292, 50.4087099]}}, {"type": "Feature", "properties": {"osmid": 133}, "geometry": {"type": "Point", "coordinates": [30.4223552, 50.4587417]}}, {"type": "Feature", "properties": {"osmid": 134}, "geometry": {"type": "Point", "coordinates": [30.388108, 50.4094001]}}, {"type": "Feature", "properties": {"osmid": 135}, "geometry": {"type": "Point", "coordinates": [30.4792262, 50.3820806]}}, {"type": "Feature", "properties": {"osmid": 136}, "geometry": {"type": "Point", "coordinates": [30.341967, 50.4066253]}}, {"type": "Feature", "properties": {"osmid": 137}, "geometry": {"type": "Point", "coordinates": [30.4405444, 50.3942649]}}, {"type": "Feature", "properties": {"osmid": 138}, "geometry": {"type": "Point", "coordinates": [30.3751502, 50.3854777]}}, {"type": "Feature", "properties": {"osmid": 139}, "geometry": {"type": "Point", "coordinates": [30.6722599, 50.4724649]}}, {"type": "Feature", "properties": {"osmid": 140}, "geometry": {"type": "Point", "coordinates": [30.263568, 50.5548062]}}, {"type": "Feature", "properties": {"osmid": 141}, "geometry": {"type": "Point", "coordinates": [30.4572533, 50.3776993]}}, {"type": "Feature", "properties": {"osmid": 142}, "geometry": {"type": "Point", "coordinates": [30.3583313, 50.4739134]}}, {"type": "Feature", "properties": {"osmid": 143}, "geometry": {"type": "Point", "coordinates": [30.4826048, 50.4413022]}}, {"type": "Feature", "properties": {"osmid": 144}, "geometry": {"type": "Point", "coordinates": [30.3814467, 50.3795091]}}, {"type": "Feature", "properties": {"osmid": 145}, "geometry": {"type": "Point", "coordinates": [30.2618435, 50.5396444]}}, {"type": "Feature", "properties": {"osmid": 146}, "geometry": {"type": "Point", "coordinates": [30.4917166, 50.4091109]}}, {"type": "Feature", "properties": {"osmid": 147}, "geometry": {"type": "Point", "coordinates": [30.4551177, 50.3804976]}}, {"type": "Feature", "properties": {"osmid": 148}, "geometry": {"type": "Point", "coordinates": [30.3642361, 50.4559249]}}, {"type": "Feature", "properties": {"osmid": 149}, "geometry": {"type": "Point", "coordinates": [30.4917722, 50.4168571]}}, {"type": "Feature", "properties": {"osmid": 150}, "geometry": {"type": "Point", "coordinates": [30.4800836, 50.4419644]}}, {"type": "Feature", "properties": {"osmid": 151}, "geometry": {"type": "Point", "coordinates": [30.5700606, 50.4163878]}}, {"type": "Feature", "properties": {"osmid": 152}, "geometry": {"type": "Point", "coordinates": [30.366739, 50.3825185]}}, {"type": "Feature", "properties": {"osmid": 153}, "geometry": {"type": "Point", "coordinates": [30.3651005, 50.3770442]}}, {"type": "Feature", "properties": {"osmid": 154}, "geometry": {"type": "Point", "coordinates": [30.6156522, 50.4387862]}}, {"type": "Feature", "properties": {"osmid": 155}, "geometry": {"type": "Point", "coordinates": [30.4817141, 50.4160777]}}, {"type": "Feature", "properties": {"osmid": 156}, "geometry": {"type": "Point", "coordinates": [30.7883859, 50.5027877]}}, {"type": "Feature", "properties": {"osmid": 157}, "geometry": {"type": "Point", "coordinates": [30.6067809, 50.3654002]}}, {"type": "Feature", "properties": {"osmid": 158}, "geometry": {"type": "Point", "coordinates": [30.4711422, 50.4901585]}}, {"type": "Feature", "properties": {"osmid": 159}, "geometry": {"type": "Point", "coordinates": [30.4413887, 50.4553443]}}, {"type": "Feature", "properties": {"osmid": 160}, "geometry": {"type": "Point", "coordinates": [30.5505165, 50.440102]}}, {"type": "Feature", "properties": {"osmid": 161}, "geometry": {"type": "Point", "coordinates": [30.8313062, 50.5124993]}}, {"type": "Feature", "properties": {"osmid": 162}, "geometry": {"type": "Point", "coordinates": [30.3576482, 50.4740156]}}, {"type": "Feature", "properties": {"osmid": 163}, "geometry": {"type": "Point", "coordinates": [30.6071966, 50.3660146]}}, {"type": "Feature", "properties": {"osmid": 164}, "geometry": {"type": "Point", "coordinates": [30.2825889, 50.5531536]}}, {"type": "Feature", "properties": {"osmid": 165}, "geometry": {"type": "Point", "coordinates": [30.3872532, 50.4581367]}}, {"type": "Feature", "properties": {"osmid": 166}, "geometry": {"type": "Point", "coordinates": [30.5218367, 50.4707464]}}, {"type": "Feature", "properties": {"osmid": 167}, "geometry": {"type": "Point", "coordinates": [30.4400763, 50.3940892]}}, {"type": "Feature", "properties": {"osmid": 168}, "geometry": {"type": "Point", "coordinates": [30.4924302, 50.4789294]}}, {"type": "Feature", "properties": {"osmid": 169}, "geometry": {"type": "Point", "coordinates": [30.6043633, 50.3845129]}}, {"type": "Feature", "properties": {"osmid": 170}, "geometry": {"type": "Point", "coordinates": [30.7841758, 50.4951571]}}, {"type": "Feature", "properties": {"osmid": 171}, "geometry": {"type": "Point", "coordinates": [30.4925377, 50.4789979]}}, {"type": "Feature", "properties": {"osmid": 172}, "geometry": {"type": "Point", "coordinates": [30.4891995, 50.4809243]}}, {"type": "Feature", "properties": {"osmid": 173}, "geometry": {"type": "Point", "coordinates": [30.490806, 50.4800683]}}, {"type": "Feature", "properties": {"osmid": 174}, "geometry": {"type": "Point", "coordinates": [30.3815942, 50.3796223]}}, {"type": "Feature", "properties": {"osmid": 175}, "geometry": {"type": "Point", "coordinates": [30.3816996, 50.3797033]}}, {"type": "Feature", "properties": {"osmid": 176}, "geometry": {"type": "Point", "coordinates": [30.484791, 50.4846168]}}, {"type": "Feature", "properties": {"osmid": 177}, "geometry": {"type": "Point", "coordinates": [30.3812452, 50.3797297]}}, {"type": "Feature", "properties": {"osmid": 178}, "geometry": {"type": "Point", "coordinates": [30.2387402, 50.5025523]}}, {"type": "Feature", "properties": {"osmid": 179}, "geometry": {"type": "Point", "coordinates": [30.607568, 50.3666153]}}, {"type": "Feature", "properties": {"osmid": 180}, "geometry": {"type": "Point", "coordinates": [30.3813775, 50.3798073]}}, {"type": "Feature", "properties": {"osmid": 181}, "geometry": {"type": "Point", "coordinates": [30.7865647, 50.3592404]}}, {"type": "Feature", "properties": {"osmid": 182}, "geometry": {"type": "Point", "coordinates": [30.3820443, 50.379968]}}, {"type": "Feature", "properties": {"osmid": 183}, "geometry": {"type": "Point", "coordinates": [30.5018847, 50.4753405]}}, {"type": "Feature", "properties": {"osmid": 184}, "geometry": {"type": "Point", "coordinates": [30.6425688, 50.5551226]}}, {"type": "Feature", "properties": {"osmid": 185}, "geometry": {"type": "Point", "coordinates": [30.3939998, 50.4055706]}}, {"type": "Feature", "properties": {"osmid": 186}, "geometry": {"type": "Point", "coordinates": [30.3077958, 50.559954]}}, {"type": "Feature", "properties": {"osmid": 187}, "geometry": {"type": "Point", "coordinates": [30.4983515, 50.4774801]}}, {"type": "Feature", "properties": {"osmid": 188}, "geometry": {"type": "Point", "coordinates": [30.4979821, 50.4775699]}}, {"type": "Feature", "properties": {"osmid": 189}, "geometry": {"type": "Point", "coordinates": [30.6643491, 50.4422144]}}, {"type": "Feature", "properties": {"osmid": 190}, "geometry": {"type": "Point", "coordinates": [30.6097634, 50.3696674]}}, {"type": "Feature", "properties": {"osmid": 191}, "geometry": {"type": "Point", "coordinates": [30.4785275, 50.4175454]}}, {"type": "Feature", "properties": {"osmid": 192}, "geometry": {"type": "Point", "coordinates": [30.6590261, 50.5561399]}}, {"type": "Feature", "properties": {"osmid": 193}, "geometry": {"type": "Point", "coordinates": [30.5908586, 50.446994]}}, {"type": "Feature", "properties": {"osmid": 194}, "geometry": {"type": "Point", "coordinates": [30.2629432, 50.5813868]}}, {"type": "Feature", "properties": {"osmid": 195}, "geometry": {"type": "Point", "coordinates": [30.3565988, 50.4770751]}}, {"type": "Feature", "properties": {"osmid": 196}, "geometry": {"type": "Point", "coordinates": [30.6354576, 50.3956906]}}, {"type": "Feature", "properties": {"osmid": 197}, "geometry": {"type": "Point", "coordinates": [30.4433822, 50.4484732]}}, {"type": "Feature", "properties": {"osmid": 198}, "geometry": {"type": "Point", "coordinates": [30.7381882, 50.4905983]}}, {"type": "Feature", "properties": {"osmid": 199}, "geometry": {"type": "Point", "coordinates": [30.7379835, 50.4905406]}}, {"type": "Feature", "properties": {"osmid": 200}, "geometry": {"type": "Point", "coordinates": [30.4058565, 50.4908788]}}, {"type": "Feature", "properties": {"osmid": 201}, "geometry": {"type": "Point", "coordinates": [30.465414, 50.4463339]}}, {"type": "Feature", "properties": {"osmid": 202}, "geometry": {"type": "Point", "coordinates": [30.6083326, 50.3679017]}}, {"type": "Feature", "properties": {"osmid": 203}, "geometry": {"type": "Point", "coordinates": [30.4267109, 50.3939599]}}, {"type": "Feature", "properties": {"osmid": 204}, "geometry": {"type": "Point", "coordinates": [30.4339073, 50.4499863]}}, {"type": "Feature", "properties": {"osmid": 205}, "geometry": {"type": "Point", "coordinates": [30.4977425, 50.5012129]}}, {"type": "Feature", "properties": {"osmid": 206}, "geometry": {"type": "Point", "coordinates": [30.5136011, 50.4399504]}}, {"type": "Feature", "properties": {"osmid": 207}, "geometry": {"type": "Point", "coordinates": [30.3674578, 50.4368887]}}, {"type": "Feature", "properties": {"osmid": 208}, "geometry": {"type": "Point", "coordinates": [30.5255719, 50.4384523]}}, {"type": "Feature", "properties": {"osmid": 209}, "geometry": {"type": "Point", "coordinates": [30.6080201, 50.3577041]}}, {"type": "Feature", "properties": {"osmid": 210}, "geometry": {"type": "Point", "coordinates": [30.6059082, 50.3628362]}}, {"type": "Feature", "properties": {"osmid": 211}, "geometry": {"type": "Point", "coordinates": [30.6189052, 50.395628]}}, {"type": "Feature", "properties": {"osmid": 212}, "geometry": {"type": "Point", "coordinates": [30.7171945, 50.5899404]}}, {"type": "Feature", "properties": {"osmid": 213}, "geometry": {"type": "Point", "coordinates": [30.7181013, 50.5910015]}}, {"type": "Feature", "properties": {"osmid": 214}, "geometry": {"type": "Point", "coordinates": [30.3954164, 50.4057634]}}, {"type": "Feature", "properties": {"osmid": 215}, "geometry": {"type": "Point", "coordinates": [30.4896571, 50.3960712]}}, {"type": "Feature", "properties": {"osmid": 216}, "geometry": {"type": "Point", "coordinates": [30.48468, 50.4845734]}}, {"type": "Feature", "properties": {"osmid": 217}, "geometry": {"type": "Point", "coordinates": [30.7156559, 50.5918819]}}, {"type": "Feature", "properties": {"osmid": 218}, "geometry": {"type": "Point", "coordinates": [30.4557324, 50.385199]}}, {"type": "Feature", "properties": {"osmid": 219}, "geometry": {"type": "Point", "coordinates": [30.2419175, 50.421322]}}, {"type": "Feature", "properties": {"osmid": 220}, "geometry": {"type": "Point", "coordinates": [30.2630869, 50.5402994]}}, {"type": "Feature", "properties": {"osmid": 221}, "geometry": {"type": "Point", "coordinates": [30.4590642, 50.3827709]}}, {"type": "Feature", "properties": {"osmid": 222}, "geometry": {"type": "Point", "coordinates": [30.4977951, 50.4775726]}}, {"type": "Feature", "properties": {"osmid": 223}, "geometry": {"type": "Point", "coordinates": [30.4539417, 50.3842121]}}, {"type": "Feature", "properties": {"osmid": 224}, "geometry": {"type": "Point", "coordinates": [30.3655614, 50.4365775]}}, {"type": "Feature", "properties": {"osmid": 225}, "geometry": {"type": "Point", "coordinates": [30.4978454, 50.4776584]}}, {"type": "Feature", "properties": {"osmid": 226}, "geometry": {"type": "Point", "coordinates": [30.3665043, 50.4367282]}}, {"type": "Feature", "properties": {"osmid": 227}, "geometry": {"type": "Point", "coordinates": [30.4876612, 50.395773]}}, {"type": "Feature", "properties": {"osmid": 228}, "geometry": {"type": "Point", "coordinates": [30.6312903, 50.426136]}}, {"type": "Feature", "properties": {"osmid": 229}, "geometry": {"type": "Point", "coordinates": [30.4488769, 50.4475839]}}, {"type": "Feature", "properties": {"osmid": 230}, "geometry": {"type": "Point", "coordinates": [30.3410003, 50.4666508]}}, {"type": "Feature", "properties": {"osmid": 231}, "geometry": {"type": "Point", "coordinates": [30.637851, 50.4278255]}}, {"type": "Feature", "properties": {"osmid": 232}, "geometry": {"type": "Point", "coordinates": [30.6065095, 50.3648163]}}, {"type": "Feature", "properties": {"osmid": 233}, "geometry": {"type": "Point", "coordinates": [30.4735319, 50.4589134]}}, {"type": "Feature", "properties": {"osmid": 234}, "geometry": {"type": "Point", "coordinates": [30.4499357, 50.3861902]}}, {"type": "Feature", "properties": {"osmid": 235}, "geometry": {"type": "Point", "coordinates": [30.6377082, 50.4279249]}}, {"type": "Feature", "properties": {"osmid": 236}, "geometry": {"type": "Point", "coordinates": [30.3414866, 50.4644301]}}, {"type": "Feature", "properties": {"osmid": 237}, "geometry": {"type": "Point", "coordinates": [30.4612735, 50.4836908]}}, {"type": "Feature", "properties": {"osmid": 238}, "geometry": {"type": "Point", "coordinates": [30.2430054, 50.4220048]}}, {"type": "Feature", "properties": {"osmid": 239}, "geometry": {"type": "Point", "coordinates": [30.4873846, 50.3960357]}}, {"type": "Feature", "properties": {"osmid": 240}, "geometry": {"type": "Point", "coordinates": [30.4552715, 50.4830846]}}, {"type": "Feature", "properties": {"osmid": 241}, "geometry": {"type": "Point", "coordinates": [30.4829012, 50.4172751]}}, {"type": "Feature", "properties": {"osmid": 242}, "geometry": {"type": "Point", "coordinates": [30.4677009, 50.4855594]}}, {"type": "Feature", "properties": {"osmid": 243}, "geometry": {"type": "Point", "coordinates": [30.4796193, 50.4186097]}}, {"type": "Feature", "properties": {"osmid": 244}, "geometry": {"type": "Point", "coordinates": [30.3368781, 50.4684924]}}, {"type": "Feature", "properties": {"osmid": 245}, "geometry": {"type": "Point", "coordinates": [30.4421538, 50.3824996]}}, {"type": "Feature", "properties": {"osmid": 246}, "geometry": {"type": "Point", "coordinates": [30.3760244, 50.4170431]}}, {"type": "Feature", "properties": {"osmid": 247}, "geometry": {"type": "Point", "coordinates": [30.5327755, 50.3817516]}}, {"type": "Feature", "properties": {"osmid": 248}, "geometry": {"type": "Point", "coordinates": [30.4194375, 50.3970636]}}, {"type": "Feature", "properties": {"osmid": 249}, "geometry": {"type": "Point", "coordinates": [30.5925978, 50.4318464]}}, {"type": "Feature", "properties": {"osmid": 250}, "geometry": {"type": "Point", "coordinates": [30.592588, 50.4319071]}}, {"type": "Feature", "properties": {"osmid": 251}, "geometry": {"type": "Point", "coordinates": [30.5140376, 50.407124]}}, {"type": "Feature", "properties": {"osmid": 252}, "geometry": {"type": "Point", "coordinates": [30.2892253, 50.5536997]}}, {"type": "Feature", "properties": {"osmid": 253}, "geometry": {"type": "Point", "coordinates": [30.5135035, 50.407164]}}, {"type": "Feature", "properties": {"osmid": 254}, "geometry": {"type": "Point", "coordinates": [30.8642995, 50.3777632]}}, {"type": "Feature", "properties": {"osmid": 255}, "geometry": {"type": "Point", "coordinates": [30.4233726, 50.3960132]}}, {"type": "Feature", "properties": {"osmid": 256}, "geometry": {"type": "Point", "coordinates": [30.8608063, 50.3784334]}}, {"type": "Feature", "properties": {"osmid": 257}, "geometry": {"type": "Point", "coordinates": [30.6561109, 50.4233092]}}, {"type": "Feature", "properties": {"osmid": 258}, "geometry": {"type": "Point", "coordinates": [30.4191376, 50.3983153]}}, {"type": "Feature", "properties": {"osmid": 259}, "geometry": {"type": "Point", "coordinates": [30.788194, 50.3680945]}}, {"type": "Feature", "properties": {"osmid": 260}, "geometry": {"type": "Point", "coordinates": [30.44825, 50.5057799]}}, {"type": "Feature", "properties": {"osmid": 261}, "geometry": {"type": "Point", "coordinates": [30.2435987, 50.4223837]}}, {"type": "Feature", "properties": {"osmid": 262}, "geometry": {"type": "Point", "coordinates": [30.3415703, 50.4640381]}}, {"type": "Feature", "properties": {"osmid": 263}, "geometry": {"type": "Point", "coordinates": [30.332806, 50.4252891]}}, {"type": "Feature", "properties": {"osmid": 264}, "geometry": {"type": "Point", "coordinates": [30.4440033, 50.38289]}}, {"type": "Feature", "properties": {"osmid": 265}, "geometry": {"type": "Point", "coordinates": [30.420904, 50.3975303]}}, {"type": "Feature", "properties": {"osmid": 266}, "geometry": {"type": "Point", "coordinates": [30.5393311, 50.4152703]}}, {"type": "Feature", "properties": {"osmid": 267}, "geometry": {"type": "Point", "coordinates": [30.4058234, 50.4808723]}}, {"type": "Feature", "properties": {"osmid": 268}, "geometry": {"type": "Point", "coordinates": [30.4062674, 50.4809846]}}, {"type": "Feature", "properties": {"osmid": 269}, "geometry": {"type": "Point", "coordinates": [30.2463309, 50.578497]}}, {"type": "Feature", "properties": {"osmid": 270}, "geometry": {"type": "Point", "coordinates": [30.6064663, 50.4802363]}}, {"type": "Feature", "properties": {"osmid": 271}, "geometry": {"type": "Point", "coordinates": [30.6355431, 50.3935457]}}, {"type": "Feature", "properties": {"osmid": 272}, "geometry": {"type": "Point", "coordinates": [30.6360131, 50.3936447]}}, {"type": "Feature", "properties": {"osmid": 273}, "geometry": {"type": "Point", "coordinates": [30.3376506, 50.4681421]}}, {"type": "Feature", "properties": {"osmid": 274}, "geometry": {"type": "Point", "coordinates": [30.3249239, 50.4422414]}}, {"type": "Feature", "properties": {"osmid": 275}, "geometry": {"type": "Point", "coordinates": [30.3249379, 50.4422865]}}, {"type": "Feature", "properties": {"osmid": 276}, "geometry": {"type": "Point", "coordinates": [30.4223471, 50.3980647]}}, {"type": "Feature", "properties": {"osmid": 277}, "geometry": {"type": "Point", "coordinates": [30.3247368, 50.4424121]}}, {"type": "Feature", "properties": {"osmid": 278}, "geometry": {"type": "Point", "coordinates": [30.4809205, 50.4198588]}}, {"type": "Feature", "properties": {"osmid": 279}, "geometry": {"type": "Point", "coordinates": [30.3245696, 50.4422298]}}, {"type": "Feature", "properties": {"osmid": 280}, "geometry": {"type": "Point", "coordinates": [30.3495439, 50.5442134]}}, {"type": "Feature", "properties": {"osmid": 281}, "geometry": {"type": "Point", "coordinates": [30.4429366, 50.3819251]}}, {"type": "Feature", "properties": {"osmid": 282}, "geometry": {"type": "Point", "coordinates": [30.2376939, 50.5236568]}}, {"type": "Feature", "properties": {"osmid": 283}, "geometry": {"type": "Point", "coordinates": [30.3369919, 50.55365]}}, {"type": "Feature", "properties": {"osmid": 284}, "geometry": {"type": "Point", "coordinates": [30.3414487, 50.4656907]}}, {"type": "Feature", "properties": {"osmid": 285}, "geometry": {"type": "Point", "coordinates": [30.3487645, 50.3426155]}}, {"type": "Feature", "properties": {"osmid": 286}, "geometry": {"type": "Point", "coordinates": [30.2444037, 50.4228614]}}, {"type": "Feature", "properties": {"osmid": 287}, "geometry": {"type": "Point", "coordinates": [30.3351862, 50.5527179]}}, {"type": "Feature", "properties": {"osmid": 288}, "geometry": {"type": "Point", "coordinates": [30.3333507, 50.5517504]}}, {"type": "Feature", "properties": {"osmid": 289}, "geometry": {"type": "Point", "coordinates": [30.3310191, 50.5504334]}}, {"type": "Feature", "properties": {"osmid": 290}, "geometry": {"type": "Point", "coordinates": [30.6298769, 50.4379428]}}, {"type": "Feature", "properties": {"osmid": 291}, "geometry": {"type": "Point", "coordinates": [30.631569, 50.4351116]}}, {"type": "Feature", "properties": {"osmid": 292}, "geometry": {"type": "Point", "coordinates": [30.6688103, 50.4147019]}}, {"type": "Feature", "properties": {"osmid": 293}, "geometry": {"type": "Point", "coordinates": [30.4833329, 50.4482049]}}, {"type": "Feature", "properties": {"osmid": 294}, "geometry": {"type": "Point", "coordinates": [30.4480739, 50.3634702]}}, {"type": "Feature", "properties": {"osmid": 295}, "geometry": {"type": "Point", "coordinates": [30.4549989, 50.3680609]}}, {"type": "Feature", "properties": {"osmid": 296}, "geometry": {"type": "Point", "coordinates": [30.3287839, 50.3769973]}}, {"type": "Feature", "properties": {"osmid": 297}, "geometry": {"type": "Point", "coordinates": [30.3293347, 50.3764483]}}, {"type": "Feature", "properties": {"osmid": 298}, "geometry": {"type": "Point", "coordinates": [30.4327782, 50.4638794]}}, {"type": "Feature", "properties": {"osmid": 299}, "geometry": {"type": "Point", "coordinates": [30.6045109, 50.3839065]}}, {"type": "Feature", "properties": {"osmid": 300}, "geometry": {"type": "Point", "coordinates": [30.820584, 50.5101274]}}, {"type": "Feature", "properties": {"osmid": 301}, "geometry": {"type": "Point", "coordinates": [30.6421034, 50.4709759]}}, {"type": "Feature", "properties": {"osmid": 302}, "geometry": {"type": "Point", "coordinates": [30.3022158, 50.3928809]}}, {"type": "Feature", "properties": {"osmid": 303}, "geometry": {"type": "Point", "coordinates": [30.4531369, 50.5273906]}}, {"type": "Feature", "properties": {"osmid": 304}, "geometry": {"type": "Point", "coordinates": [30.8613212, 50.532923]}}, {"type": "Feature", "properties": {"osmid": 305}, "geometry": {"type": "Point", "coordinates": [30.4814603, 50.4203874]}}, {"type": "Feature", "properties": {"osmid": 306}, "geometry": {"type": "Point", "coordinates": [30.390689, 50.4088329]}}, {"type": "Feature", "properties": {"osmid": 307}, "geometry": {"type": "Point", "coordinates": [30.4396101, 50.5045705]}}, {"type": "Feature", "properties": {"osmid": 308}, "geometry": {"type": "Point", "coordinates": [30.4102026, 50.4123519]}}, {"type": "Feature", "properties": {"osmid": 309}, "geometry": {"type": "Point", "coordinates": [30.8322174, 50.5119915]}}, {"type": "Feature", "properties": {"osmid": 310}, "geometry": {"type": "Point", "coordinates": [30.3959982, 50.4267682]}}, {"type": "Feature", "properties": {"osmid": 311}, "geometry": {"type": "Point", "coordinates": [30.5417122, 50.444289]}}, {"type": "Feature", "properties": {"osmid": 312}, "geometry": {"type": "Point", "coordinates": [30.5484166, 50.3419905]}}, {"type": "Feature", "properties": {"osmid": 313}, "geometry": {"type": "Point", "coordinates": [30.4085506, 50.4133749]}}, {"type": "Feature", "properties": {"osmid": 314}, "geometry": {"type": "Point", "coordinates": [30.5472749, 50.3428876]}}, {"type": "Feature", "properties": {"osmid": 315}, "geometry": {"type": "Point", "coordinates": [30.6060439, 50.3626751]}}, {"type": "Feature", "properties": {"osmid": 316}, "geometry": {"type": "Point", "coordinates": [30.3304483, 50.5545243]}}, {"type": "Feature", "properties": {"osmid": 317}, "geometry": {"type": "Point", "coordinates": [30.4481041, 50.4262111]}}, {"type": "Feature", "properties": {"osmid": 318}, "geometry": {"type": "Point", "coordinates": [30.5426639, 50.4476284]}}, {"type": "Feature", "properties": {"osmid": 319}, "geometry": {"type": "Point", "coordinates": [30.3278422, 50.5599807]}}, {"type": "Feature", "properties": {"osmid": 320}, "geometry": {"type": "Point", "coordinates": [30.4233846, 50.5129029]}}, {"type": "Feature", "properties": {"osmid": 321}, "geometry": {"type": "Point", "coordinates": [30.6111635, 50.487782]}}, {"type": "Feature", "properties": {"osmid": 322}, "geometry": {"type": "Point", "coordinates": [30.3575155, 50.4736964]}}, {"type": "Feature", "properties": {"osmid": 323}, "geometry": {"type": "Point", "coordinates": [30.3684793, 50.3981564]}}, {"type": "Feature", "properties": {"osmid": 324}, "geometry": {"type": "Point", "coordinates": [30.3564327, 50.4709842]}}, {"type": "Feature", "properties": {"osmid": 325}, "geometry": {"type": "Point", "coordinates": [30.4758908, 50.487604]}}, {"type": "Feature", "properties": {"osmid": 326}, "geometry": {"type": "Point", "coordinates": [30.4742562, 50.517534]}}, {"type": "Feature", "properties": {"osmid": 327}, "geometry": {"type": "Point", "coordinates": [30.3466975, 50.4549753]}}, {"type": "Feature", "properties": {"osmid": 328}, "geometry": {"type": "Point", "coordinates": [30.3554697, 50.4651009]}}, {"type": "Feature", "properties": {"osmid": 329}, "geometry": {"type": "Point", "coordinates": [30.6034949, 50.3876154]}}, {"type": "Feature", "properties": {"osmid": 330}, "geometry": {"type": "Point", "coordinates": [30.355583, 50.463817]}}, {"type": "Feature", "properties": {"osmid": 331}, "geometry": {"type": "Point", "coordinates": [30.3554907, 50.4647787]}}, {"type": "Feature", "properties": {"osmid": 332}, "geometry": {"type": "Point", "coordinates": [30.6083236, 50.3592818]}}, {"type": "Feature", "properties": {"osmid": 333}, "geometry": {"type": "Point", "coordinates": [30.3190387, 50.5662358]}}, {"type": "Feature", "properties": {"osmid": 334}, "geometry": {"type": "Point", "coordinates": [30.3602909, 50.4794015]}}, {"type": "Feature", "properties": {"osmid": 335}, "geometry": {"type": "Point", "coordinates": [30.2627073, 50.4888115]}}, {"type": "Feature", "properties": {"osmid": 336}, "geometry": {"type": "Point", "coordinates": [30.5704679, 50.4444296]}}, {"type": "Feature", "properties": {"osmid": 337}, "geometry": {"type": "Point", "coordinates": [30.3556956, 50.4651176]}}, {"type": "Feature", "properties": {"osmid": 338}, "geometry": {"type": "Point", "coordinates": [30.4983602, 50.522405]}}, {"type": "Feature", "properties": {"osmid": 339}, "geometry": {"type": "Point", "coordinates": [30.5704422, 50.4442898]}}, {"type": "Feature", "properties": {"osmid": 340}, "geometry": {"type": "Point", "coordinates": [30.569224, 50.4440684]}}, {"type": "Feature", "properties": {"osmid": 341}, "geometry": {"type": "Point", "coordinates": [30.5688239, 50.4217981]}}, {"type": "Feature", "properties": {"osmid": 342}, "geometry": {"type": "Point", "coordinates": [30.4994742, 50.5228822]}}, {"type": "Feature", "properties": {"osmid": 343}, "geometry": {"type": "Point", "coordinates": [30.5632904, 50.4245116]}}, {"type": "Feature", "properties": {"osmid": 344}, "geometry": {"type": "Point", "coordinates": [30.5689962, 50.4218149]}}, {"type": "Feature", "properties": {"osmid": 345}, "geometry": {"type": "Point", "coordinates": [30.4993766, 50.5224144]}}, {"type": "Feature", "properties": {"osmid": 346}, "geometry": {"type": "Point", "coordinates": [30.7409287, 50.4913756]}}, {"type": "Feature", "properties": {"osmid": 347}, "geometry": {"type": "Point", "coordinates": [30.439379, 50.5040154]}}, {"type": "Feature", "properties": {"osmid": 348}, "geometry": {"type": "Point", "coordinates": [30.6452309, 50.4126645]}}, {"type": "Feature", "properties": {"osmid": 349}, "geometry": {"type": "Point", "coordinates": [30.6055793, 50.4207963]}}, {"type": "Feature", "properties": {"osmid": 350}, "geometry": {"type": "Point", "coordinates": [30.3091661, 50.5683472]}}, {"type": "Feature", "properties": {"osmid": 351}, "geometry": {"type": "Point", "coordinates": [30.3839962, 50.4343811]}}, {"type": "Feature", "properties": {"osmid": 352}, "geometry": {"type": "Point", "coordinates": [30.5686134, 50.4094513]}}, {"type": "Feature", "properties": {"osmid": 353}, "geometry": {"type": "Point", "coordinates": [30.3842558, 50.4344693]}}, {"type": "Feature", "properties": {"osmid": 354}, "geometry": {"type": "Point", "coordinates": [30.5581174, 50.4424631]}}, {"type": "Feature", "properties": {"osmid": 355}, "geometry": {"type": "Point", "coordinates": [30.3837955, 50.4347019]}}, {"type": "Feature", "properties": {"osmid": 356}, "geometry": {"type": "Point", "coordinates": [30.6067065, 50.5074283]}}, {"type": "Feature", "properties": {"osmid": 357}, "geometry": {"type": "Point", "coordinates": [30.3474215, 50.5458203]}}, {"type": "Feature", "properties": {"osmid": 358}, "geometry": {"type": "Point", "coordinates": [30.2889603, 50.4507195]}}, {"type": "Feature", "properties": {"osmid": 359}, "geometry": {"type": "Point", "coordinates": [30.3684912, 50.5300283]}}, {"type": "Feature", "properties": {"osmid": 360}, "geometry": {"type": "Point", "coordinates": [30.5702349, 50.4165826]}}, {"type": "Feature", "properties": {"osmid": 361}, "geometry": {"type": "Point", "coordinates": [30.3584646, 50.4087403]}}, {"type": "Feature", "properties": {"osmid": 362}, "geometry": {"type": "Point", "coordinates": [30.5001761, 50.5226631]}}, {"type": "Feature", "properties": {"osmid": 363}, "geometry": {"type": "Point", "coordinates": [30.3362311, 50.409252]}}, {"type": "Feature", "properties": {"osmid": 364}, "geometry": {"type": "Point", "coordinates": [30.7892088, 50.3713942]}}, {"type": "Feature", "properties": {"osmid": 365}, "geometry": {"type": "Point", "coordinates": [30.4382848, 50.5048509]}}, {"type": "Feature", "properties": {"osmid": 366}, "geometry": {"type": "Point", "coordinates": [30.8325751, 50.5170441]}}, {"type": "Feature", "properties": {"osmid": 367}, "geometry": {"type": "Point", "coordinates": [30.4984001, 50.5217242]}}, {"type": "Feature", "properties": {"osmid": 368}, "geometry": {"type": "Point", "coordinates": [30.3432279, 50.5489628]}}, {"type": "Feature", "properties": {"osmid": 369}, "geometry": {"type": "Point", "coordinates": [30.4851035, 50.4195885]}}, {"type": "Feature", "properties": {"osmid": 370}, "geometry": {"type": "Point", "coordinates": [30.4819991, 50.4209086]}}, {"type": "Feature", "properties": {"osmid": 371}, "geometry": {"type": "Point", "coordinates": [30.4380444, 50.5042522]}}, {"type": "Feature", "properties": {"osmid": 372}, "geometry": {"type": "Point", "coordinates": [30.565855, 50.4318989]}}, {"type": "Feature", "properties": {"osmid": 373}, "geometry": {"type": "Point", "coordinates": [30.4985976, 50.5279436]}}, {"type": "Feature", "properties": {"osmid": 374}, "geometry": {"type": "Point", "coordinates": [30.4985902, 50.5263746]}}, {"type": "Feature", "properties": {"osmid": 375}, "geometry": {"type": "Point", "coordinates": [30.3832737, 50.3809121]}}, {"type": "Feature", "properties": {"osmid": 376}, "geometry": {"type": "Point", "coordinates": [30.4900596, 50.5183662]}}, {"type": "Feature", "properties": {"osmid": 377}, "geometry": {"type": "Point", "coordinates": [30.55791, 50.4424257]}}, {"type": "Feature", "properties": {"osmid": 378}, "geometry": {"type": "Point", "coordinates": [30.4519689, 50.5056027]}}, {"type": "Feature", "properties": {"osmid": 379}, "geometry": {"type": "Point", "coordinates": [30.6150404, 50.3507755]}}, {"type": "Feature", "properties": {"osmid": 380}, "geometry": {"type": "Point", "coordinates": [30.4529246, 50.3739655]}}, {"type": "Feature", "properties": {"osmid": 381}, "geometry": {"type": "Point", "coordinates": [30.4450137, 50.3614225]}}, {"type": "Feature", "properties": {"osmid": 382}, "geometry": {"type": "Point", "coordinates": [30.2521376, 50.4947515]}}, {"type": "Feature", "properties": {"osmid": 383}, "geometry": {"type": "Point", "coordinates": [30.8257956, 50.538045]}}, {"type": "Feature", "properties": {"osmid": 384}, "geometry": {"type": "Point", "coordinates": [30.856413, 50.3650682]}}, {"type": "Feature", "properties": {"osmid": 385}, "geometry": {"type": "Point", "coordinates": [30.2478024, 50.4247062]}}, {"type": "Feature", "properties": {"osmid": 386}, "geometry": {"type": "Point", "coordinates": [30.6189167, 50.4245831]}}, {"type": "Feature", "properties": {"osmid": 387}, "geometry": {"type": "Point", "coordinates": [30.341061, 50.5506127]}}, {"type": "Feature", "properties": {"osmid": 388}, "geometry": {"type": "Point", "coordinates": [30.5292787, 50.3998069]}}, {"type": "Feature", "properties": {"osmid": 389}, "geometry": {"type": "Point", "coordinates": [30.4298214, 50.4075595]}}, {"type": "Feature", "properties": {"osmid": 390}, "geometry": {"type": "Point", "coordinates": [30.4211963, 50.5150717]}}, {"type": "Feature", "properties": {"osmid": 391}, "geometry": {"type": "Point", "coordinates": [30.4531744, 50.4467143]}}, {"type": "Feature", "properties": {"osmid": 392}, "geometry": {"type": "Point", "coordinates": [30.4050934, 50.4029814]}}, {"type": "Feature", "properties": {"osmid": 393}, "geometry": {"type": "Point", "coordinates": [30.7145086, 50.3361711]}}, {"type": "Feature", "properties": {"osmid": 394}, "geometry": {"type": "Point", "coordinates": [30.3642564, 50.5331798]}}, {"type": "Feature", "properties": {"osmid": 395}, "geometry": {"type": "Point", "coordinates": [30.4088736, 50.40579]}}, {"type": "Feature", "properties": {"osmid": 396}, "geometry": {"type": "Point", "coordinates": [30.4097632, 50.4076464]}}, {"type": "Feature", "properties": {"osmid": 397}, "geometry": {"type": "Point", "coordinates": [30.5960897, 50.4520596]}}, {"type": "Feature", "properties": {"osmid": 398}, "geometry": {"type": "Point", "coordinates": [30.5994421, 50.4529917]}}, {"type": "Feature", "properties": {"osmid": 399}, "geometry": {"type": "Point", "coordinates": [30.600099, 50.4531247]}}, {"type": "Feature", "properties": {"osmid": 400}, "geometry": {"type": "Point", "coordinates": [30.5973092, 50.453462]}}, {"type": "Feature", "properties": {"osmid": 401}, "geometry": {"type": "Point", "coordinates": [30.3621555, 50.5347453]}}, {"type": "Feature", "properties": {"osmid": 402}, "geometry": {"type": "Point", "coordinates": [30.4096243, 50.4068344]}}, {"type": "Feature", "properties": {"osmid": 403}, "geometry": {"type": "Point", "coordinates": [30.4474786, 50.4149795]}}, {"type": "Feature", "properties": {"osmid": 404}, "geometry": {"type": "Point", "coordinates": [30.4073262, 50.4809044]}}, {"type": "Feature", "properties": {"osmid": 405}, "geometry": {"type": "Point", "coordinates": [30.4999712, 50.5902726]}}, {"type": "Feature", "properties": {"osmid": 406}, "geometry": {"type": "Point", "coordinates": [30.4419752, 50.4145276]}}, {"type": "Feature", "properties": {"osmid": 407}, "geometry": {"type": "Point", "coordinates": [30.4860133, 50.3845275]}}, {"type": "Feature", "properties": {"osmid": 408}, "geometry": {"type": "Point", "coordinates": [30.6447208, 50.5531812]}}, {"type": "Feature", "properties": {"osmid": 409}, "geometry": {"type": "Point", "coordinates": [30.4778363, 50.4953903]}}, {"type": "Feature", "properties": {"osmid": 410}, "geometry": {"type": "Point", "coordinates": [30.494153, 50.5119425]}}, {"type": "Feature", "properties": {"osmid": 411}, "geometry": {"type": "Point", "coordinates": [30.3180983, 50.3311884]}}, {"type": "Feature", "properties": {"osmid": 412}, "geometry": {"type": "Point", "coordinates": [30.443353, 50.4141165]}}, {"type": "Feature", "properties": {"osmid": 413}, "geometry": {"type": "Point", "coordinates": [30.3713433, 50.3313262]}}, {"type": "Feature", "properties": {"osmid": 414}, "geometry": {"type": "Point", "coordinates": [30.4777495, 50.4954]}}, {"type": "Feature", "properties": {"osmid": 415}, "geometry": {"type": "Point", "coordinates": [30.4778616, 50.4954557]}}, {"type": "Feature", "properties": {"osmid": 416}, "geometry": {"type": "Point", "coordinates": [30.4442293, 50.4138382]}}, {"type": "Feature", "properties": {"osmid": 417}, "geometry": {"type": "Point", "coordinates": [30.257277, 50.5383459]}}, {"type": "Feature", "properties": {"osmid": 418}, "geometry": {"type": "Point", "coordinates": [30.3690153, 50.4124249]}}, {"type": "Feature", "properties": {"osmid": 419}, "geometry": {"type": "Point", "coordinates": [30.4460932, 50.4140512]}}, {"type": "Feature", "properties": {"osmid": 420}, "geometry": {"type": "Point", "coordinates": [30.5534398, 50.4190566]}}, {"type": "Feature", "properties": {"osmid": 421}, "geometry": {"type": "Point", "coordinates": [30.3807187, 50.4140384]}}, {"type": "Feature", "properties": {"osmid": 422}, "geometry": {"type": "Point", "coordinates": [30.498171, 50.4900055]}}, {"type": "Feature", "properties": {"osmid": 423}, "geometry": {"type": "Point", "coordinates": [30.3187361, 50.3322094]}}, {"type": "Feature", "properties": {"osmid": 424}, "geometry": {"type": "Point", "coordinates": [30.5688726, 50.4224354]}}, {"type": "Feature", "properties": {"osmid": 425}, "geometry": {"type": "Point", "coordinates": [30.3390155, 50.5521283]}}, {"type": "Feature", "properties": {"osmid": 426}, "geometry": {"type": "Point", "coordinates": [30.6126895, 50.4470096]}}, {"type": "Feature", "properties": {"osmid": 427}, "geometry": {"type": "Point", "coordinates": [30.4950471, 50.4428743]}}, {"type": "Feature", "properties": {"osmid": 428}, "geometry": {"type": "Point", "coordinates": [30.3804647, 50.3866624]}}, {"type": "Feature", "properties": {"osmid": 429}, "geometry": {"type": "Point", "coordinates": [30.547656, 50.5751516]}}, {"type": "Feature", "properties": {"osmid": 430}, "geometry": {"type": "Point", "coordinates": [30.6078498, 50.3568188]}}, {"type": "Feature", "properties": {"osmid": 431}, "geometry": {"type": "Point", "coordinates": [30.4836883, 50.448426]}}, {"type": "Feature", "properties": {"osmid": 432}, "geometry": {"type": "Point", "coordinates": [30.5592141, 50.4287098]}}, {"type": "Feature", "properties": {"osmid": 433}, "geometry": {"type": "Point", "coordinates": [30.4589256, 50.3705746]}}, {"type": "Feature", "properties": {"osmid": 434}, "geometry": {"type": "Point", "coordinates": [30.4045237, 50.458415]}}, {"type": "Feature", "properties": {"osmid": 435}, "geometry": {"type": "Point", "coordinates": [30.2962833, 50.5525497]}}, {"type": "Feature", "properties": {"osmid": 436}, "geometry": {"type": "Point", "coordinates": [30.4640108, 50.4274037]}}, {"type": "Feature", "properties": {"osmid": 437}, "geometry": {"type": "Point", "coordinates": [30.4064439, 50.4073569]}}, {"type": "Feature", "properties": {"osmid": 438}, "geometry": {"type": "Point", "coordinates": [30.2392417, 50.5537231]}}, {"type": "Feature", "properties": {"osmid": 439}, "geometry": {"type": "Point", "coordinates": [30.7968452, 50.50654]}}, {"type": "Feature", "properties": {"osmid": 440}, "geometry": {"type": "Point", "coordinates": [30.2392396, 50.5532477]}}, {"type": "Feature", "properties": {"osmid": 441}, "geometry": {"type": "Point", "coordinates": [30.2641726, 50.5434196]}}, {"type": "Feature", "properties": {"osmid": 442}, "geometry": {"type": "Point", "coordinates": [30.6135117, 50.4500745]}}, {"type": "Feature", "properties": {"osmid": 443}, "geometry": {"type": "Point", "coordinates": [30.3324263, 50.4247632]}}, {"type": "Feature", "properties": {"osmid": 444}, "geometry": {"type": "Point", "coordinates": [30.3320668, 50.4247711]}}, {"type": "Feature", "properties": {"osmid": 445}, "geometry": {"type": "Point", "coordinates": [30.5009273, 50.4078251]}}, {"type": "Feature", "properties": {"osmid": 446}, "geometry": {"type": "Point", "coordinates": [30.3321895, 50.4246907]}}, {"type": "Feature", "properties": {"osmid": 447}, "geometry": {"type": "Point", "coordinates": [30.2497945, 50.4257619]}}, {"type": "Feature", "properties": {"osmid": 448}, "geometry": {"type": "Point", "coordinates": [30.3322881, 50.4249237]}}, {"type": "Feature", "properties": {"osmid": 449}, "geometry": {"type": "Point", "coordinates": [30.3320747, 50.4248536]}}, {"type": "Feature", "properties": {"osmid": 450}, "geometry": {"type": "Point", "coordinates": [30.4904359, 50.3829761]}}, {"type": "Feature", "properties": {"osmid": 451}, "geometry": {"type": "Point", "coordinates": [30.3322222, 50.4249252]}}, {"type": "Feature", "properties": {"osmid": 452}, "geometry": {"type": "Point", "coordinates": [30.6062996, 50.480173]}}, {"type": "Feature", "properties": {"osmid": 453}, "geometry": {"type": "Point", "coordinates": [30.4682935, 50.3765069]}}, {"type": "Feature", "properties": {"osmid": 454}, "geometry": {"type": "Point", "coordinates": [30.595153, 50.4785842]}}, {"type": "Feature", "properties": {"osmid": 455}, "geometry": {"type": "Point", "coordinates": [30.4524564, 50.5271913]}}, {"type": "Feature", "properties": {"osmid": 456}, "geometry": {"type": "Point", "coordinates": [30.5972373, 50.4730877]}}, {"type": "Feature", "properties": {"osmid": 457}, "geometry": {"type": "Point", "coordinates": [30.4559021, 50.3717702]}}, {"type": "Feature", "properties": {"osmid": 458}, "geometry": {"type": "Point", "coordinates": [30.5517512, 50.3505737]}}, {"type": "Feature", "properties": {"osmid": 459}, "geometry": {"type": "Point", "coordinates": [30.6048938, 50.3915301]}}, {"type": "Feature", "properties": {"osmid": 460}, "geometry": {"type": "Point", "coordinates": [30.6053168, 50.3918856]}}, {"type": "Feature", "properties": {"osmid": 461}, "geometry": {"type": "Point", "coordinates": [30.4541964, 50.373106]}}, {"type": "Feature", "properties": {"osmid": 462}, "geometry": {"type": "Point", "coordinates": [30.6055747, 50.3923008]}}, {"type": "Feature", "properties": {"osmid": 463}, "geometry": {"type": "Point", "coordinates": [30.6380121, 50.428017]}}, {"type": "Feature", "properties": {"osmid": 464}, "geometry": {"type": "Point", "coordinates": [30.6056665, 50.3938733]}}, {"type": "Feature", "properties": {"osmid": 465}, "geometry": {"type": "Point", "coordinates": [30.500376, 50.3834946]}}, {"type": "Feature", "properties": {"osmid": 466}, "geometry": {"type": "Point", "coordinates": [30.8530307, 50.3948006]}}, {"type": "Feature", "properties": {"osmid": 467}, "geometry": {"type": "Point", "coordinates": [30.5043767, 50.3835833]}}, {"type": "Feature", "properties": {"osmid": 468}, "geometry": {"type": "Point", "coordinates": [30.3214701, 50.6001368]}}, {"type": "Feature", "properties": {"osmid": 469}, "geometry": {"type": "Point", "coordinates": [30.5598546, 50.3998475]}}, {"type": "Feature", "properties": {"osmid": 470}, "geometry": {"type": "Point", "coordinates": [30.3745243, 50.4255521]}}, {"type": "Feature", "properties": {"osmid": 471}, "geometry": {"type": "Point", "coordinates": [30.3890312, 50.4347388]}}, {"type": "Feature", "properties": {"osmid": 472}, "geometry": {"type": "Point", "coordinates": [30.3751762, 50.4266499]}}, {"type": "Feature", "properties": {"osmid": 473}, "geometry": {"type": "Point", "coordinates": [30.6121946, 50.4520322]}}, {"type": "Feature", "properties": {"osmid": 474}, "geometry": {"type": "Point", "coordinates": [30.3812154, 50.4281693]}}, {"type": "Feature", "properties": {"osmid": 475}, "geometry": {"type": "Point", "coordinates": [30.5650943, 50.4041299]}}, {"type": "Feature", "properties": {"osmid": 476}, "geometry": {"type": "Point", "coordinates": [30.3886129, 50.4357323]}}, {"type": "Feature", "properties": {"osmid": 477}, "geometry": {"type": "Point", "coordinates": [30.3883587, 50.4356652]}}, {"type": "Feature", "properties": {"osmid": 478}, "geometry": {"type": "Point", "coordinates": [30.5209724, 50.4606835]}}, {"type": "Feature", "properties": {"osmid": 479}, "geometry": {"type": "Point", "coordinates": [30.5812106, 50.5972688]}}, {"type": "Feature", "properties": {"osmid": 480}, "geometry": {"type": "Point", "coordinates": [30.568884, 50.5887746]}}, {"type": "Feature", "properties": {"osmid": 481}, "geometry": {"type": "Point", "coordinates": [30.4081114, 50.3360925]}}, {"type": "Feature", "properties": {"osmid": 482}, "geometry": {"type": "Point", "coordinates": [30.4477592, 50.5054992]}}, {"type": "Feature", "properties": {"osmid": 483}, "geometry": {"type": "Point", "coordinates": [30.5921124, 50.4384801]}}, {"type": "Feature", "properties": {"osmid": 484}, "geometry": {"type": "Point", "coordinates": [30.6066446, 50.362144]}}, {"type": "Feature", "properties": {"osmid": 485}, "geometry": {"type": "Point", "coordinates": [30.2914126, 50.5538178]}}, {"type": "Feature", "properties": {"osmid": 486}, "geometry": {"type": "Point", "coordinates": [30.4477189, 50.4629932]}}, {"type": "Feature", "properties": {"osmid": 487}, "geometry": {"type": "Point", "coordinates": [30.4478133, 50.5057251]}}, {"type": "Feature", "properties": {"osmid": 488}, "geometry": {"type": "Point", "coordinates": [30.4464749, 50.4627985]}}, {"type": "Feature", "properties": {"osmid": 489}, "geometry": {"type": "Point", "coordinates": [30.4475835, 50.5055059]}}, {"type": "Feature", "properties": {"osmid": 490}, "geometry": {"type": "Point", "coordinates": [30.4475059, 50.5056917]}}, {"type": "Feature", "properties": {"osmid": 491}, "geometry": {"type": "Point", "coordinates": [30.4734526, 50.419558]}}, {"type": "Feature", "properties": {"osmid": 492}, "geometry": {"type": "Point", "coordinates": [30.2924001, 50.3522155]}}, {"type": "Feature", "properties": {"osmid": 493}, "geometry": {"type": "Point", "coordinates": [30.5599592, 50.4242996]}}, {"type": "Feature", "properties": {"osmid": 494}, "geometry": {"type": "Point", "coordinates": [30.5384448, 50.341993]}}, {"type": "Feature", "properties": {"osmid": 495}, "geometry": {"type": "Point", "coordinates": [30.5490859, 50.4204536]}}, {"type": "Feature", "properties": {"osmid": 496}, "geometry": {"type": "Point", "coordinates": [30.542422, 50.4168052]}}, {"type": "Feature", "properties": {"osmid": 497}, "geometry": {"type": "Point", "coordinates": [30.4015641, 50.4183875]}}, {"type": "Feature", "properties": {"osmid": 498}, "geometry": {"type": "Point", "coordinates": [30.4906845, 50.4460862]}}, {"type": "Feature", "properties": {"osmid": 499}, "geometry": {"type": "Point", "coordinates": [30.5716921, 50.4242753]}}, {"type": "Feature", "properties": {"osmid": 500}, "geometry": {"type": "Point", "coordinates": [30.518866, 50.4160648]}}, {"type": "Feature", "properties": {"osmid": 501}, "geometry": {"type": "Point", "coordinates": [30.5258678, 50.3908565]}}, {"type": "Feature", "properties": {"osmid": 502}, "geometry": {"type": "Point", "coordinates": [30.5269783, 50.3901512]}}, {"type": "Feature", "properties": {"osmid": 503}, "geometry": {"type": "Point", "coordinates": [30.5192551, 50.4158733]}}, {"type": "Feature", "properties": {"osmid": 504}, "geometry": {"type": "Point", "coordinates": [30.5459205, 50.572204]}}, {"type": "Feature", "properties": {"osmid": 505}, "geometry": {"type": "Point", "coordinates": [30.6030773, 50.3894292]}}, {"type": "Feature", "properties": {"osmid": 506}, "geometry": {"type": "Point", "coordinates": [30.6319227, 50.4573774]}}, {"type": "Feature", "properties": {"osmid": 507}, "geometry": {"type": "Point", "coordinates": [30.4001263, 50.4643841]}}, {"type": "Feature", "properties": {"osmid": 508}, "geometry": {"type": "Point", "coordinates": [30.401476, 50.4584954]}}, {"type": "Feature", "properties": {"osmid": 509}, "geometry": {"type": "Point", "coordinates": [30.4019021, 50.4643349]}}, {"type": "Feature", "properties": {"osmid": 510}, "geometry": {"type": "Point", "coordinates": [30.403465, 50.4642916]}}, {"type": "Feature", "properties": {"osmid": 511}, "geometry": {"type": "Point", "coordinates": [30.5258191, 50.4103267]}}, {"type": "Feature", "properties": {"osmid": 512}, "geometry": {"type": "Point", "coordinates": [30.647529, 50.4097188]}}, {"type": "Feature", "properties": {"osmid": 513}, "geometry": {"type": "Point", "coordinates": [30.6513076, 50.4030733]}}, {"type": "Feature", "properties": {"osmid": 514}, "geometry": {"type": "Point", "coordinates": [30.6516476, 50.4028227]}}, {"type": "Feature", "properties": {"osmid": 515}, "geometry": {"type": "Point", "coordinates": [30.6819978, 50.3727468]}}, {"type": "Feature", "properties": {"osmid": 516}, "geometry": {"type": "Point", "coordinates": [30.5083331, 50.4408341]}}, {"type": "Feature", "properties": {"osmid": 517}, "geometry": {"type": "Point", "coordinates": [30.3943261, 50.4266694]}}, {"type": "Feature", "properties": {"osmid": 518}, "geometry": {"type": "Point", "coordinates": [30.4862893, 50.4208616]}}, {"type": "Feature", "properties": {"osmid": 519}, "geometry": {"type": "Point", "coordinates": [30.5236702, 50.4036285]}}, {"type": "Feature", "properties": {"osmid": 520}, "geometry": {"type": "Point", "coordinates": [30.3459204, 50.4547733]}}, {"type": "Feature", "properties": {"osmid": 521}, "geometry": {"type": "Point", "coordinates": [30.5246357, 50.4038866]}}, {"type": "Feature", "properties": {"osmid": 522}, "geometry": {"type": "Point", "coordinates": [30.3634402, 50.3687776]}}, {"type": "Feature", "properties": {"osmid": 523}, "geometry": {"type": "Point", "coordinates": [30.4909289, 50.4472471]}}, {"type": "Feature", "properties": {"osmid": 524}, "geometry": {"type": "Point", "coordinates": [30.5702727, 50.5961382]}}, {"type": "Feature", "properties": {"osmid": 525}, "geometry": {"type": "Point", "coordinates": [30.6406681, 50.4209786]}}, {"type": "Feature", "properties": {"osmid": 526}, "geometry": {"type": "Point", "coordinates": [30.5462113, 50.4433466]}}, {"type": "Feature", "properties": {"osmid": 527}, "geometry": {"type": "Point", "coordinates": [30.6460369, 50.4417419]}}, {"type": "Feature", "properties": {"osmid": 528}, "geometry": {"type": "Point", "coordinates": [30.5858267, 50.4926174]}}, {"type": "Feature", "properties": {"osmid": 529}, "geometry": {"type": "Point", "coordinates": [30.6585638, 50.4211953]}}, {"type": "Feature", "properties": {"osmid": 530}, "geometry": {"type": "Point", "coordinates": [30.5967483, 50.5318688]}}, {"type": "Feature", "properties": {"osmid": 531}, "geometry": {"type": "Point", "coordinates": [30.4911464, 50.4477606]}}, {"type": "Feature", "properties": {"osmid": 532}, "geometry": {"type": "Point", "coordinates": [30.5922125, 50.5304061]}}, {"type": "Feature", "properties": {"osmid": 533}, "geometry": {"type": "Point", "coordinates": [30.5658532, 50.5979054]}}, {"type": "Feature", "properties": {"osmid": 534}, "geometry": {"type": "Point", "coordinates": [30.4861053, 50.4574612]}}, {"type": "Feature", "properties": {"osmid": 535}, "geometry": {"type": "Point", "coordinates": [30.4909306, 50.4458997]}}, {"type": "Feature", "properties": {"osmid": 536}, "geometry": {"type": "Point", "coordinates": [30.3123673, 50.562886]}}, {"type": "Feature", "properties": {"osmid": 537}, "geometry": {"type": "Point", "coordinates": [30.4155703, 50.4287636]}}, {"type": "Feature", "properties": {"osmid": 538}, "geometry": {"type": "Point", "coordinates": [30.4473908, 50.4252386]}}, {"type": "Feature", "properties": {"osmid": 539}, "geometry": {"type": "Point", "coordinates": [30.3331345, 50.4666356]}}, {"type": "Feature", "properties": {"osmid": 540}, "geometry": {"type": "Point", "coordinates": [30.5526954, 50.4002193]}}, {"type": "Feature", "properties": {"osmid": 541}, "geometry": {"type": "Point", "coordinates": [30.3329086, 50.4668612]}}, {"type": "Feature", "properties": {"osmid": 542}, "geometry": {"type": "Point", "coordinates": [30.3017859, 50.5572415]}}, {"type": "Feature", "properties": {"osmid": 543}, "geometry": {"type": "Point", "coordinates": [30.2977727, 50.5550886]}}, {"type": "Feature", "properties": {"osmid": 544}, "geometry": {"type": "Point", "coordinates": [30.2969334, 50.5542478]}}, {"type": "Feature", "properties": {"osmid": 545}, "geometry": {"type": "Point", "coordinates": [30.5547263, 50.4011848]}}, {"type": "Feature", "properties": {"osmid": 546}, "geometry": {"type": "Point", "coordinates": [30.2545677, 50.5356246]}}, {"type": "Feature", "properties": {"osmid": 547}, "geometry": {"type": "Point", "coordinates": [30.4849274, 50.5441292]}}, {"type": "Feature", "properties": {"osmid": 548}, "geometry": {"type": "Point", "coordinates": [30.4003415, 50.4192887]}}, {"type": "Feature", "properties": {"osmid": 549}, "geometry": {"type": "Point", "coordinates": [30.8471515, 50.3965687]}}, {"type": "Feature", "properties": {"osmid": 550}, "geometry": {"type": "Point", "coordinates": [30.2470349, 50.5276559]}}, {"type": "Feature", "properties": {"osmid": 551}, "geometry": {"type": "Point", "coordinates": [30.3785839, 50.4049074]}}, {"type": "Feature", "properties": {"osmid": 552}, "geometry": {"type": "Point", "coordinates": [30.2463693, 50.5278692]}}, {"type": "Feature", "properties": {"osmid": 553}, "geometry": {"type": "Point", "coordinates": [30.5989422, 50.5253771]}}, {"type": "Feature", "properties": {"osmid": 554}, "geometry": {"type": "Point", "coordinates": [30.5524772, 50.4003884]}}, {"type": "Feature", "properties": {"osmid": 555}, "geometry": {"type": "Point", "coordinates": [30.591697, 50.474433]}}, {"type": "Feature", "properties": {"osmid": 556}, "geometry": {"type": "Point", "coordinates": [30.614091, 50.3965105]}}, {"type": "Feature", "properties": {"osmid": 557}, "geometry": {"type": "Point", "coordinates": [30.3994546, 50.419996]}}, {"type": "Feature", "properties": {"osmid": 558}, "geometry": {"type": "Point", "coordinates": [30.3471607, 50.4746434]}}, {"type": "Feature", "properties": {"osmid": 559}, "geometry": {"type": "Point", "coordinates": [30.3990031, 50.4197781]}}, {"type": "Feature", "properties": {"osmid": 560}, "geometry": {"type": "Point", "coordinates": [30.2447551, 50.5283892]}}, {"type": "Feature", "properties": {"osmid": 561}, "geometry": {"type": "Point", "coordinates": [30.5551302, 50.3370681]}}, {"type": "Feature", "properties": {"osmid": 562}, "geometry": {"type": "Point", "coordinates": [30.3953671, 50.4255367]}}, {"type": "Feature", "properties": {"osmid": 563}, "geometry": {"type": "Point", "coordinates": [30.5551009, 50.3373195]}}, {"type": "Feature", "properties": {"osmid": 564}, "geometry": {"type": "Point", "coordinates": [30.3898544, 50.4193559]}}, {"type": "Feature", "properties": {"osmid": 565}, "geometry": {"type": "Point", "coordinates": [30.356872, 50.4754718]}}, {"type": "Feature", "properties": {"osmid": 566}, "geometry": {"type": "Point", "coordinates": [30.5291599, 50.4859357]}}, {"type": "Feature", "properties": {"osmid": 567}, "geometry": {"type": "Point", "coordinates": [30.3848948, 50.4289217]}}, {"type": "Feature", "properties": {"osmid": 568}, "geometry": {"type": "Point", "coordinates": [30.3848203, 50.428946]}}, {"type": "Feature", "properties": {"osmid": 569}, "geometry": {"type": "Point", "coordinates": [30.6108588, 50.4463752]}}, {"type": "Feature", "properties": {"osmid": 570}, "geometry": {"type": "Point", "coordinates": [30.3162918, 50.5576405]}}, {"type": "Feature", "properties": {"osmid": 571}, "geometry": {"type": "Point", "coordinates": [30.263053, 50.5398878]}}, {"type": "Feature", "properties": {"osmid": 572}, "geometry": {"type": "Point", "coordinates": [30.3143956, 50.5575867]}}, {"type": "Feature", "properties": {"osmid": 573}, "geometry": {"type": "Point", "coordinates": [30.486047, 50.4591173]}}, {"type": "Feature", "properties": {"osmid": 574}, "geometry": {"type": "Point", "coordinates": [30.4418937, 50.456609]}}, {"type": "Feature", "properties": {"osmid": 575}, "geometry": {"type": "Point", "coordinates": [30.2991901, 50.5501332]}}, {"type": "Feature", "properties": {"osmid": 576}, "geometry": {"type": "Point", "coordinates": [30.3143122, 50.5592839]}}, {"type": "Feature", "properties": {"osmid": 577}, "geometry": {"type": "Point", "coordinates": [30.3003814, 50.5492667]}}, {"type": "Feature", "properties": {"osmid": 578}, "geometry": {"type": "Point", "coordinates": [30.8472865, 50.4111397]}}, {"type": "Feature", "properties": {"osmid": 579}, "geometry": {"type": "Point", "coordinates": [30.3129973, 50.5592662]}}, {"type": "Feature", "properties": {"osmid": 580}, "geometry": {"type": "Point", "coordinates": [30.5063027, 50.4104773]}}, {"type": "Feature", "properties": {"osmid": 581}, "geometry": {"type": "Point", "coordinates": [30.5182221, 50.4958449]}}, {"type": "Feature", "properties": {"osmid": 582}, "geometry": {"type": "Point", "coordinates": [30.517722, 50.4963913]}}, {"type": "Feature", "properties": {"osmid": 583}, "geometry": {"type": "Point", "coordinates": [30.3099546, 50.5609812]}}, {"type": "Feature", "properties": {"osmid": 584}, "geometry": {"type": "Point", "coordinates": [30.3266776, 50.5607518]}}, {"type": "Feature", "properties": {"osmid": 585}, "geometry": {"type": "Point", "coordinates": [30.3183611, 50.5575457]}}, {"type": "Feature", "properties": {"osmid": 586}, "geometry": {"type": "Point", "coordinates": [30.3172622, 50.5575639]}}, {"type": "Feature", "properties": {"osmid": 587}, "geometry": {"type": "Point", "coordinates": [30.3142353, 50.5562172]}}, {"type": "Feature", "properties": {"osmid": 588}, "geometry": {"type": "Point", "coordinates": [30.6152306, 50.3506397]}}, {"type": "Feature", "properties": {"osmid": 589}, "geometry": {"type": "Point", "coordinates": [30.5081551, 50.4108927]}}, {"type": "Feature", "properties": {"osmid": 590}, "geometry": {"type": "Point", "coordinates": [30.5180559, 50.4140462]}}, {"type": "Feature", "properties": {"osmid": 591}, "geometry": {"type": "Point", "coordinates": [30.614983, 50.3508169]}}, {"type": "Feature", "properties": {"osmid": 592}, "geometry": {"type": "Point", "coordinates": [30.3978322, 50.4324762]}}, {"type": "Feature", "properties": {"osmid": 593}, "geometry": {"type": "Point", "coordinates": [30.6089886, 50.3548518]}}, {"type": "Feature", "properties": {"osmid": 594}, "geometry": {"type": "Point", "coordinates": [30.3453239, 50.547378]}}, {"type": "Feature", "properties": {"osmid": 595}, "geometry": {"type": "Point", "coordinates": [30.3984347, 50.4323201]}}, {"type": "Feature", "properties": {"osmid": 596}, "geometry": {"type": "Point", "coordinates": [30.3464481, 50.4746013]}}, {"type": "Feature", "properties": {"osmid": 597}, "geometry": {"type": "Point", "coordinates": [30.3537564, 50.5410741]}}, {"type": "Feature", "properties": {"osmid": 598}, "geometry": {"type": "Point", "coordinates": [30.6094872, 50.3544963]}}, {"type": "Feature", "properties": {"osmid": 599}, "geometry": {"type": "Point", "coordinates": [30.7711111, 50.4989514]}}, {"type": "Feature", "properties": {"osmid": 600}, "geometry": {"type": "Point", "coordinates": [30.7804824, 50.5006643]}}, {"type": "Feature", "properties": {"osmid": 601}, "geometry": {"type": "Point", "coordinates": [30.7651658, 50.4980142]}}, {"type": "Feature", "properties": {"osmid": 602}, "geometry": {"type": "Point", "coordinates": [30.4096693, 50.4074531]}}, {"type": "Feature", "properties": {"osmid": 603}, "geometry": {"type": "Point", "coordinates": [30.7809741, 50.4990302]}}, {"type": "Feature", "properties": {"osmid": 604}, "geometry": {"type": "Point", "coordinates": [30.3374078, 50.4046662]}}, {"type": "Feature", "properties": {"osmid": 605}, "geometry": {"type": "Point", "coordinates": [30.3727978, 50.4957826]}}, {"type": "Feature", "properties": {"osmid": 606}, "geometry": {"type": "Point", "coordinates": [30.626532, 50.5073853]}}, {"type": "Feature", "properties": {"osmid": 607}, "geometry": {"type": "Point", "coordinates": [30.4500576, 50.593571]}}, {"type": "Feature", "properties": {"osmid": 608}, "geometry": {"type": "Point", "coordinates": [30.8439021, 50.3851089]}}, {"type": "Feature", "properties": {"osmid": 609}, "geometry": {"type": "Point", "coordinates": [30.4493266, 50.5932794]}}, {"type": "Feature", "properties": {"osmid": 610}, "geometry": {"type": "Point", "coordinates": [30.4501649, 50.5933165]}}, {"type": "Feature", "properties": {"osmid": 611}, "geometry": {"type": "Point", "coordinates": [30.4541006, 50.4263075]}}, {"type": "Feature", "properties": {"osmid": 612}, "geometry": {"type": "Point", "coordinates": [30.4493379, 50.593362]}}, {"type": "Feature", "properties": {"osmid": 613}, "geometry": {"type": "Point", "coordinates": [30.44964, 50.5930396]}}, {"type": "Feature", "properties": {"osmid": 614}, "geometry": {"type": "Point", "coordinates": [30.7748399, 50.4989206]}}, {"type": "Feature", "properties": {"osmid": 615}, "geometry": {"type": "Point", "coordinates": [30.4895533, 50.5070911]}}, {"type": "Feature", "properties": {"osmid": 616}, "geometry": {"type": "Point", "coordinates": [30.8471751, 50.3834502]}}, {"type": "Feature", "properties": {"osmid": 617}, "geometry": {"type": "Point", "coordinates": [30.5630858, 50.4360357]}}, {"type": "Feature", "properties": {"osmid": 618}, "geometry": {"type": "Point", "coordinates": [30.3847558, 50.4255687]}}, {"type": "Feature", "properties": {"osmid": 619}, "geometry": {"type": "Point", "coordinates": [30.5048596, 50.4888399]}}, {"type": "Feature", "properties": {"osmid": 620}, "geometry": {"type": "Point", "coordinates": [30.6927288, 50.4241743]}}, {"type": "Feature", "properties": {"osmid": 621}, "geometry": {"type": "Point", "coordinates": [30.3899986, 50.3697166]}}, {"type": "Feature", "properties": {"osmid": 622}, "geometry": {"type": "Point", "coordinates": [30.3905718, 50.3695697]}}, {"type": "Feature", "properties": {"osmid": 623}, "geometry": {"type": "Point", "coordinates": [30.3910047, 50.369349]}}, {"type": "Feature", "properties": {"osmid": 624}, "geometry": {"type": "Point", "coordinates": [30.3902789, 50.3696528]}}, {"type": "Feature", "properties": {"osmid": 625}, "geometry": {"type": "Point", "coordinates": [30.5918287, 50.4503412]}}, {"type": "Feature", "properties": {"osmid": 626}, "geometry": {"type": "Point", "coordinates": [30.390771, 50.3696831]}}, {"type": "Feature", "properties": {"osmid": 627}, "geometry": {"type": "Point", "coordinates": [30.5527304, 50.4038675]}}, {"type": "Feature", "properties": {"osmid": 628}, "geometry": {"type": "Point", "coordinates": [30.3906034, 50.3696873]}}, {"type": "Feature", "properties": {"osmid": 629}, "geometry": {"type": "Point", "coordinates": [30.5222462, 50.4057187]}}, {"type": "Feature", "properties": {"osmid": 630}, "geometry": {"type": "Point", "coordinates": [30.3119012, 50.4519909]}}, {"type": "Feature", "properties": {"osmid": 631}, "geometry": {"type": "Point", "coordinates": [30.4642269, 50.378916]}}, {"type": "Feature", "properties": {"osmid": 632}, "geometry": {"type": "Point", "coordinates": [30.3910888, 50.3694744]}}, {"type": "Feature", "properties": {"osmid": 633}, "geometry": {"type": "Point", "coordinates": [30.5374885, 50.3771424]}}, {"type": "Feature", "properties": {"osmid": 634}, "geometry": {"type": "Point", "coordinates": [30.3115507, 50.4523453]}}, {"type": "Feature", "properties": {"osmid": 635}, "geometry": {"type": "Point", "coordinates": [30.4637763, 50.3798195]}}, {"type": "Feature", "properties": {"osmid": 636}, "geometry": {"type": "Point", "coordinates": [30.4942296, 50.5126679]}}, {"type": "Feature", "properties": {"osmid": 637}, "geometry": {"type": "Point", "coordinates": [30.8538795, 50.3812925]}}, {"type": "Feature", "properties": {"osmid": 638}, "geometry": {"type": "Point", "coordinates": [30.5532205, 50.4039062]}}, {"type": "Feature", "properties": {"osmid": 639}, "geometry": {"type": "Point", "coordinates": [30.5150354, 50.4218595]}}, {"type": "Feature", "properties": {"osmid": 640}, "geometry": {"type": "Point", "coordinates": [30.4196042, 50.3389184]}}, {"type": "Feature", "properties": {"osmid": 641}, "geometry": {"type": "Point", "coordinates": [30.3665399, 50.4263266]}}, {"type": "Feature", "properties": {"osmid": 642}, "geometry": {"type": "Point", "coordinates": [30.4433739, 50.4750681]}}, {"type": "Feature", "properties": {"osmid": 643}, "geometry": {"type": "Point", "coordinates": [30.3987415, 50.4326934]}}, {"type": "Feature", "properties": {"osmid": 644}, "geometry": {"type": "Point", "coordinates": [30.3640717, 50.4296019]}}, {"type": "Feature", "properties": {"osmid": 645}, "geometry": {"type": "Point", "coordinates": [30.4453751, 50.4224576]}}, {"type": "Feature", "properties": {"osmid": 646}, "geometry": {"type": "Point", "coordinates": [30.6251637, 50.4801148]}}, {"type": "Feature", "properties": {"osmid": 647}, "geometry": {"type": "Point", "coordinates": [30.2439315, 50.422579]}}, {"type": "Feature", "properties": {"osmid": 648}, "geometry": {"type": "Point", "coordinates": [30.6258801, 50.4803356]}}, {"type": "Feature", "properties": {"osmid": 649}, "geometry": {"type": "Point", "coordinates": [30.8457695, 50.3840526]}}, {"type": "Feature", "properties": {"osmid": 650}, "geometry": {"type": "Point", "coordinates": [30.6256658, 50.4806602]}}, {"type": "Feature", "properties": {"osmid": 651}, "geometry": {"type": "Point", "coordinates": [30.3962061, 50.4320731]}}, {"type": "Feature", "properties": {"osmid": 652}, "geometry": {"type": "Point", "coordinates": [30.6255226, 50.4807029]}}, {"type": "Feature", "properties": {"osmid": 653}, "geometry": {"type": "Point", "coordinates": [30.459847, 50.4835457]}}, {"type": "Feature", "properties": {"osmid": 654}, "geometry": {"type": "Point", "coordinates": [30.4502944, 50.4291871]}}, {"type": "Feature", "properties": {"osmid": 655}, "geometry": {"type": "Point", "coordinates": [30.5403908, 50.4023954]}}, {"type": "Feature", "properties": {"osmid": 656}, "geometry": {"type": "Point", "coordinates": [30.458405, 50.4832928]}}, {"type": "Feature", "properties": {"osmid": 657}, "geometry": {"type": "Point", "coordinates": [30.4539152, 50.434228]}}, {"type": "Feature", "properties": {"osmid": 658}, "geometry": {"type": "Point", "coordinates": [30.6257953, 50.4798097]}}, {"type": "Feature", "properties": {"osmid": 659}, "geometry": {"type": "Point", "coordinates": [30.4524767, 50.4373211]}}, {"type": "Feature", "properties": {"osmid": 660}, "geometry": {"type": "Point", "coordinates": [30.624984, 50.4805774]}}, {"type": "Feature", "properties": {"osmid": 661}, "geometry": {"type": "Point", "coordinates": [30.6330279, 50.4824924]}}, {"type": "Feature", "properties": {"osmid": 662}, "geometry": {"type": "Point", "coordinates": [30.504006, 50.4263025]}}, {"type": "Feature", "properties": {"osmid": 663}, "geometry": {"type": "Point", "coordinates": [30.633614, 50.48287]}}, {"type": "Feature", "properties": {"osmid": 664}, "geometry": {"type": "Point", "coordinates": [30.6341819, 50.4830888]}}, {"type": "Feature", "properties": {"osmid": 665}, "geometry": {"type": "Point", "coordinates": [30.634301, 50.4830617]}}, {"type": "Feature", "properties": {"osmid": 666}, "geometry": {"type": "Point", "coordinates": [30.6339252, 50.4824949]}}, {"type": "Feature", "properties": {"osmid": 667}, "geometry": {"type": "Point", "coordinates": [30.6338551, 50.4825133]}}, {"type": "Feature", "properties": {"osmid": 668}, "geometry": {"type": "Point", "coordinates": [30.3971982, 50.4323305]}}, {"type": "Feature", "properties": {"osmid": 669}, "geometry": {"type": "Point", "coordinates": [30.4407224, 50.4744245]}}, {"type": "Feature", "properties": {"osmid": 670}, "geometry": {"type": "Point", "coordinates": [30.4407681, 50.4745236]}}, {"type": "Feature", "properties": {"osmid": 671}, "geometry": {"type": "Point", "coordinates": [30.8760146, 50.387779]}}, {"type": "Feature", "properties": {"osmid": 672}, "geometry": {"type": "Point", "coordinates": [30.6350393, 50.4830395]}}, {"type": "Feature", "properties": {"osmid": 673}, "geometry": {"type": "Point", "coordinates": [30.5219963, 50.4057465]}}, {"type": "Feature", "properties": {"osmid": 674}, "geometry": {"type": "Point", "coordinates": [30.4437051, 50.475961]}}, {"type": "Feature", "properties": {"osmid": 675}, "geometry": {"type": "Point", "coordinates": [30.6336793, 50.4833712]}}, {"type": "Feature", "properties": {"osmid": 676}, "geometry": {"type": "Point", "coordinates": [30.6345103, 50.4821539]}}, {"type": "Feature", "properties": {"osmid": 677}, "geometry": {"type": "Point", "coordinates": [30.6252131, 50.4801023]}}, {"type": "Feature", "properties": {"osmid": 678}, "geometry": {"type": "Point", "coordinates": [30.625854, 50.4802826]}}, {"type": "Feature", "properties": {"osmid": 679}, "geometry": {"type": "Point", "coordinates": [30.7023922, 50.367737]}}, {"type": "Feature", "properties": {"osmid": 680}, "geometry": {"type": "Point", "coordinates": [30.5626576, 50.4358275]}}, {"type": "Feature", "properties": {"osmid": 681}, "geometry": {"type": "Point", "coordinates": [30.6442423, 50.4864151]}}, {"type": "Feature", "properties": {"osmid": 682}, "geometry": {"type": "Point", "coordinates": [30.6249371, 50.4805242]}}, {"type": "Feature", "properties": {"osmid": 683}, "geometry": {"type": "Point", "coordinates": [30.7968751, 50.5062181]}}, {"type": "Feature", "properties": {"osmid": 684}, "geometry": {"type": "Point", "coordinates": [30.6302396, 50.4888246]}}, {"type": "Feature", "properties": {"osmid": 685}, "geometry": {"type": "Point", "coordinates": [30.6570109, 50.407987]}}, {"type": "Feature", "properties": {"osmid": 686}, "geometry": {"type": "Point", "coordinates": [30.6307332, 50.4877333]}}, {"type": "Feature", "properties": {"osmid": 687}, "geometry": {"type": "Point", "coordinates": [30.5408299, 50.4021743]}}, {"type": "Feature", "properties": {"osmid": 688}, "geometry": {"type": "Point", "coordinates": [30.656332, 50.4081774]}}, {"type": "Feature", "properties": {"osmid": 689}, "geometry": {"type": "Point", "coordinates": [30.4528429, 50.5268701]}}, {"type": "Feature", "properties": {"osmid": 690}, "geometry": {"type": "Point", "coordinates": [30.5606346, 50.4395619]}}, {"type": "Feature", "properties": {"osmid": 691}, "geometry": {"type": "Point", "coordinates": [30.5183834, 50.4054255]}}, {"type": "Feature", "properties": {"osmid": 692}, "geometry": {"type": "Point", "coordinates": [30.4195668, 50.3974467]}}, {"type": "Feature", "properties": {"osmid": 693}, "geometry": {"type": "Point", "coordinates": [30.709788, 50.418325]}}, {"type": "Feature", "properties": {"osmid": 694}, "geometry": {"type": "Point", "coordinates": [30.7077611, 50.4196983]}}, {"type": "Feature", "properties": {"osmid": 695}, "geometry": {"type": "Point", "coordinates": [30.4540963, 50.5290085]}}, {"type": "Feature", "properties": {"osmid": 696}, "geometry": {"type": "Point", "coordinates": [30.511981, 50.4073723]}}, {"type": "Feature", "properties": {"osmid": 697}, "geometry": {"type": "Point", "coordinates": [30.5609043, 50.4047784]}}, {"type": "Feature", "properties": {"osmid": 698}, "geometry": {"type": "Point", "coordinates": [30.4940322, 50.5806482]}}, {"type": "Feature", "properties": {"osmid": 699}, "geometry": {"type": "Point", "coordinates": [30.4940838, 50.5807749]}}, {"type": "Feature", "properties": {"osmid": 700}, "geometry": {"type": "Point", "coordinates": [30.3782124, 50.4587101]}}, {"type": "Feature", "properties": {"osmid": 701}, "geometry": {"type": "Point", "coordinates": [30.4909531, 50.4088809]}}, {"type": "Feature", "properties": {"osmid": 702}, "geometry": {"type": "Point", "coordinates": [30.6312334, 50.3311972]}}, {"type": "Feature", "properties": {"osmid": 703}, "geometry": {"type": "Point", "coordinates": [30.6570003, 50.4085235]}}, {"type": "Feature", "properties": {"osmid": 704}, "geometry": {"type": "Point", "coordinates": [30.4919058, 50.4084582]}}, {"type": "Feature", "properties": {"osmid": 705}, "geometry": {"type": "Point", "coordinates": [30.5900901, 50.4831427]}}, {"type": "Feature", "properties": {"osmid": 706}, "geometry": {"type": "Point", "coordinates": [30.6237009, 50.3395054]}}, {"type": "Feature", "properties": {"osmid": 707}, "geometry": {"type": "Point", "coordinates": [30.4035576, 50.4026309]}}, {"type": "Feature", "properties": {"osmid": 708}, "geometry": {"type": "Point", "coordinates": [30.497202, 50.3498187]}}, {"type": "Feature", "properties": {"osmid": 709}, "geometry": {"type": "Point", "coordinates": [30.5830804, 50.5975458]}}, {"type": "Feature", "properties": {"osmid": 710}, "geometry": {"type": "Point", "coordinates": [30.7048218, 50.6003614]}}, {"type": "Feature", "properties": {"osmid": 711}, "geometry": {"type": "Point", "coordinates": [30.621404, 50.4304679]}}, {"type": "Feature", "properties": {"osmid": 712}, "geometry": {"type": "Point", "coordinates": [30.5179138, 50.4052766]}}, {"type": "Feature", "properties": {"osmid": 713}, "geometry": {"type": "Point", "coordinates": [30.5162931, 50.4031754]}}, {"type": "Feature", "properties": {"osmid": 714}, "geometry": {"type": "Point", "coordinates": [30.8114951, 50.51411]}}, {"type": "Feature", "properties": {"osmid": 715}, "geometry": {"type": "Point", "coordinates": [30.8462382, 50.5952314]}}, {"type": "Feature", "properties": {"osmid": 716}, "geometry": {"type": "Point", "coordinates": [30.8340541, 50.5179001]}}, {"type": "Feature", "properties": {"osmid": 717}, "geometry": {"type": "Point", "coordinates": [30.4464306, 50.4142434]}}, {"type": "Feature", "properties": {"osmid": 718}, "geometry": {"type": "Point", "coordinates": [30.4971068, 50.3889102]}}, {"type": "Feature", "properties": {"osmid": 719}, "geometry": {"type": "Point", "coordinates": [30.7993947, 50.506411]}}, {"type": "Feature", "properties": {"osmid": 720}, "geometry": {"type": "Point", "coordinates": [30.5377355, 50.3994418]}}, {"type": "Feature", "properties": {"osmid": 721}, "geometry": {"type": "Point", "coordinates": [30.8033208, 50.5145648]}}, {"type": "Feature", "properties": {"osmid": 722}, "geometry": {"type": "Point", "coordinates": [30.8460939, 50.5953299]}}, {"type": "Feature", "properties": {"osmid": 723}, "geometry": {"type": "Point", "coordinates": [30.841301, 50.3805415]}}, {"type": "Feature", "properties": {"osmid": 724}, "geometry": {"type": "Point", "coordinates": [30.8467304, 50.5958495]}}, {"type": "Feature", "properties": {"osmid": 725}, "geometry": {"type": "Point", "coordinates": [30.8476116, 50.5963447]}}, {"type": "Feature", "properties": {"osmid": 726}, "geometry": {"type": "Point", "coordinates": [30.2633229, 50.5798612]}}, {"type": "Feature", "properties": {"osmid": 727}, "geometry": {"type": "Point", "coordinates": [30.6287393, 50.4619718]}}, {"type": "Feature", "properties": {"osmid": 728}, "geometry": {"type": "Point", "coordinates": [30.6949451, 50.3645524]}}, {"type": "Feature", "properties": {"osmid": 729}, "geometry": {"type": "Point", "coordinates": [30.5320408, 50.4737282]}}, {"type": "Feature", "properties": {"osmid": 730}, "geometry": {"type": "Point", "coordinates": [30.5033482, 50.5014686]}}, {"type": "Feature", "properties": {"osmid": 731}, "geometry": {"type": "Point", "coordinates": [30.655191, 50.4661757]}}, {"type": "Feature", "properties": {"osmid": 732}, "geometry": {"type": "Point", "coordinates": [30.6529179, 50.4687772]}}, {"type": "Feature", "properties": {"osmid": 733}, "geometry": {"type": "Point", "coordinates": [30.6128275, 50.4390882]}}, {"type": "Feature", "properties": {"osmid": 734}, "geometry": {"type": "Point", "coordinates": [30.453927, 50.434596]}}, {"type": "Feature", "properties": {"osmid": 735}, "geometry": {"type": "Point", "coordinates": [30.4565565, 50.4397247]}}, {"type": "Feature", "properties": {"osmid": 736}, "geometry": {"type": "Point", "coordinates": [30.5125183, 50.4665199]}}, {"type": "Feature", "properties": {"osmid": 737}, "geometry": {"type": "Point", "coordinates": [30.3874658, 50.455299]}}, {"type": "Feature", "properties": {"osmid": 738}, "geometry": {"type": "Point", "coordinates": [30.5318045, 50.4493926]}}, {"type": "Feature", "properties": {"osmid": 739}, "geometry": {"type": "Point", "coordinates": [30.2524106, 50.4482505]}}, {"type": "Feature", "properties": {"osmid": 740}, "geometry": {"type": "Point", "coordinates": [30.4828908, 50.3900838]}}, {"type": "Feature", "properties": {"osmid": 741}, "geometry": {"type": "Point", "coordinates": [30.3944889, 50.4062505]}}, {"type": "Feature", "properties": {"osmid": 742}, "geometry": {"type": "Point", "coordinates": [30.3939635, 50.4063472]}}, {"type": "Feature", "properties": {"osmid": 743}, "geometry": {"type": "Point", "coordinates": [30.3874266, 50.455413]}}, {"type": "Feature", "properties": {"osmid": 744}, "geometry": {"type": "Point", "coordinates": [30.3995442, 50.4583108]}}, {"type": "Feature", "properties": {"osmid": 745}, "geometry": {"type": "Point", "coordinates": [30.3840196, 50.4422565]}}, {"type": "Feature", "properties": {"osmid": 746}, "geometry": {"type": "Point", "coordinates": [30.5698395, 50.4192398]}}, {"type": "Feature", "properties": {"osmid": 747}, "geometry": {"type": "Point", "coordinates": [30.3637194, 50.4362736]}}, {"type": "Feature", "properties": {"osmid": 748}, "geometry": {"type": "Point", "coordinates": [30.3914742, 50.431073]}}, {"type": "Feature", "properties": {"osmid": 749}, "geometry": {"type": "Point", "coordinates": [30.3713651, 50.4377485]}}, {"type": "Feature", "properties": {"osmid": 750}, "geometry": {"type": "Point", "coordinates": [30.680228, 50.3749256]}}, {"type": "Feature", "properties": {"osmid": 751}, "geometry": {"type": "Point", "coordinates": [30.3576967, 50.4517735]}}, {"type": "Feature", "properties": {"osmid": 752}, "geometry": {"type": "Point", "coordinates": [30.388741, 50.4489494]}}, {"type": "Feature", "properties": {"osmid": 753}, "geometry": {"type": "Point", "coordinates": [30.4136526, 50.432031]}}, {"type": "Feature", "properties": {"osmid": 754}, "geometry": {"type": "Point", "coordinates": [30.4430661, 50.4741746]}}, {"type": "Feature", "properties": {"osmid": 755}, "geometry": {"type": "Point", "coordinates": [30.4977524, 50.5004648]}}, {"type": "Feature", "properties": {"osmid": 756}, "geometry": {"type": "Point", "coordinates": [30.5492818, 50.3712079]}}, {"type": "Feature", "properties": {"osmid": 757}, "geometry": {"type": "Point", "coordinates": [30.5498118, 50.3738651]}}, {"type": "Feature", "properties": {"osmid": 758}, "geometry": {"type": "Point", "coordinates": [30.5568191, 50.4139558]}}, {"type": "Feature", "properties": {"osmid": 759}, "geometry": {"type": "Point", "coordinates": [30.5973233, 50.4728595]}}, {"type": "Feature", "properties": {"osmid": 760}, "geometry": {"type": "Point", "coordinates": [30.5500049, 50.373856]}}, {"type": "Feature", "properties": {"osmid": 761}, "geometry": {"type": "Point", "coordinates": [30.5498679, 50.3660562]}}, {"type": "Feature", "properties": {"osmid": 762}, "geometry": {"type": "Point", "coordinates": [30.5494416, 50.3682098]}}, {"type": "Feature", "properties": {"osmid": 763}, "geometry": {"type": "Point", "coordinates": [30.3438377, 50.4641744]}}, {"type": "Feature", "properties": {"osmid": 764}, "geometry": {"type": "Point", "coordinates": [30.7649369, 50.4625805]}}, {"type": "Feature", "properties": {"osmid": 765}, "geometry": {"type": "Point", "coordinates": [30.5221869, 50.4407657]}}, {"type": "Feature", "properties": {"osmid": 766}, "geometry": {"type": "Point", "coordinates": [30.4977751, 50.5021373]}}, {"type": "Feature", "properties": {"osmid": 767}, "geometry": {"type": "Point", "coordinates": [30.443515, 50.4145552]}}, {"type": "Feature", "properties": {"osmid": 768}, "geometry": {"type": "Point", "coordinates": [30.5492594, 50.4190896]}}, {"type": "Feature", "properties": {"osmid": 769}, "geometry": {"type": "Point", "coordinates": [30.3379214, 50.4638436]}}, {"type": "Feature", "properties": {"osmid": 770}, "geometry": {"type": "Point", "coordinates": [30.3376976, 50.463742]}}, {"type": "Feature", "properties": {"osmid": 771}, "geometry": {"type": "Point", "coordinates": [30.3376939, 50.4626634]}}, {"type": "Feature", "properties": {"osmid": 772}, "geometry": {"type": "Point", "coordinates": [30.4460161, 50.4145862]}}, {"type": "Feature", "properties": {"osmid": 773}, "geometry": {"type": "Point", "coordinates": [30.8632683, 50.3800953]}}, {"type": "Feature", "properties": {"osmid": 774}, "geometry": {"type": "Point", "coordinates": [30.863241, 50.3798194]}}, {"type": "Feature", "properties": {"osmid": 775}, "geometry": {"type": "Point", "coordinates": [30.8627749, 50.3800104]}}, {"type": "Feature", "properties": {"osmid": 776}, "geometry": {"type": "Point", "coordinates": [30.3381261, 50.4599703]}}, {"type": "Feature", "properties": {"osmid": 777}, "geometry": {"type": "Point", "coordinates": [30.8354201, 50.5186962]}}, {"type": "Feature", "properties": {"osmid": 778}, "geometry": {"type": "Point", "coordinates": [30.4679058, 50.4419006]}}, {"type": "Feature", "properties": {"osmid": 779}, "geometry": {"type": "Point", "coordinates": [30.3463026, 50.4643687]}}, {"type": "Feature", "properties": {"osmid": 780}, "geometry": {"type": "Point", "coordinates": [30.597856, 50.4708962]}}, {"type": "Feature", "properties": {"osmid": 781}, "geometry": {"type": "Point", "coordinates": [30.352358, 50.4647638]}}, {"type": "Feature", "properties": {"osmid": 782}, "geometry": {"type": "Point", "coordinates": [30.4722594, 50.4348191]}}, {"type": "Feature", "properties": {"osmid": 783}, "geometry": {"type": "Point", "coordinates": [30.6072893, 50.4547353]}}, {"type": "Feature", "properties": {"osmid": 784}, "geometry": {"type": "Point", "coordinates": [30.7646652, 50.4635648]}}, {"type": "Feature", "properties": {"osmid": 785}, "geometry": {"type": "Point", "coordinates": [30.3545734, 50.4650106]}}, {"type": "Feature", "properties": {"osmid": 786}, "geometry": {"type": "Point", "coordinates": [30.5037794, 50.5010754]}}, {"type": "Feature", "properties": {"osmid": 787}, "geometry": {"type": "Point", "coordinates": [30.6068142, 50.4556307]}}, {"type": "Feature", "properties": {"osmid": 788}, "geometry": {"type": "Point", "coordinates": [30.6131094, 50.4379688]}}, {"type": "Feature", "properties": {"osmid": 789}, "geometry": {"type": "Point", "coordinates": [30.6527587, 50.468296]}}, {"type": "Feature", "properties": {"osmid": 790}, "geometry": {"type": "Point", "coordinates": [30.6545072, 50.468847]}}, {"type": "Feature", "properties": {"osmid": 791}, "geometry": {"type": "Point", "coordinates": [30.4710449, 50.3920209]}}, {"type": "Feature", "properties": {"osmid": 792}, "geometry": {"type": "Point", "coordinates": [30.5183626, 50.395675]}}, {"type": "Feature", "properties": {"osmid": 793}, "geometry": {"type": "Point", "coordinates": [30.4828006, 50.3899517]}}, {"type": "Feature", "properties": {"osmid": 794}, "geometry": {"type": "Point", "coordinates": [30.4228462, 50.4144956]}}, {"type": "Feature", "properties": {"osmid": 795}, "geometry": {"type": "Point", "coordinates": [30.3912324, 50.418423]}}, {"type": "Feature", "properties": {"osmid": 796}, "geometry": {"type": "Point", "coordinates": [30.3895614, 50.4188507]}}, {"type": "Feature", "properties": {"osmid": 797}, "geometry": {"type": "Point", "coordinates": [30.8502785, 50.6007591]}}, {"type": "Feature", "properties": {"osmid": 798}, "geometry": {"type": "Point", "coordinates": [30.3669564, 50.465845]}}, {"type": "Feature", "properties": {"osmid": 799}, "geometry": {"type": "Point", "coordinates": [30.6544696, 50.4690648]}}, {"type": "Feature", "properties": {"osmid": 800}, "geometry": {"type": "Point", "coordinates": [30.8498881, 50.6002075]}}, {"type": "Feature", "properties": {"osmid": 801}, "geometry": {"type": "Point", "coordinates": [30.6542675, 50.469012]}}, {"type": "Feature", "properties": {"osmid": 802}, "geometry": {"type": "Point", "coordinates": [30.6542134, 50.4690375]}}, {"type": "Feature", "properties": {"osmid": 803}, "geometry": {"type": "Point", "coordinates": [30.6542069, 50.4691582]}}, {"type": "Feature", "properties": {"osmid": 804}, "geometry": {"type": "Point", "coordinates": [30.6543245, 50.469197]}}, {"type": "Feature", "properties": {"osmid": 805}, "geometry": {"type": "Point", "coordinates": [30.6544803, 50.4690985]}}, {"type": "Feature", "properties": {"osmid": 806}, "geometry": {"type": "Point", "coordinates": [30.4058405, 50.471936]}}, {"type": "Feature", "properties": {"osmid": 807}, "geometry": {"type": "Point", "coordinates": [30.3959117, 50.4719406]}}, {"type": "Feature", "properties": {"osmid": 808}, "geometry": {"type": "Point", "coordinates": [30.7649677, 50.4628316]}}, {"type": "Feature", "properties": {"osmid": 809}, "geometry": {"type": "Point", "coordinates": [30.5180796, 50.399565]}}, {"type": "Feature", "properties": {"osmid": 810}, "geometry": {"type": "Point", "coordinates": [30.5595895, 50.4281303]}}, {"type": "Feature", "properties": {"osmid": 811}, "geometry": {"type": "Point", "coordinates": [30.596224, 50.4553979]}}, {"type": "Feature", "properties": {"osmid": 812}, "geometry": {"type": "Point", "coordinates": [30.7650341, 50.4624631]}}, {"type": "Feature", "properties": {"osmid": 813}, "geometry": {"type": "Point", "coordinates": [30.3524144, 50.4712083]}}, {"type": "Feature", "properties": {"osmid": 814}, "geometry": {"type": "Point", "coordinates": [30.3552118, 50.4710637]}}, {"type": "Feature", "properties": {"osmid": 815}, "geometry": {"type": "Point", "coordinates": [30.7952754, 50.5085189]}}, {"type": "Feature", "properties": {"osmid": 816}, "geometry": {"type": "Point", "coordinates": [30.5921617, 50.4381509]}}, {"type": "Feature", "properties": {"osmid": 817}, "geometry": {"type": "Point", "coordinates": [30.8039688, 50.5141537]}}, {"type": "Feature", "properties": {"osmid": 818}, "geometry": {"type": "Point", "coordinates": [30.4469689, 50.4246754]}}, {"type": "Feature", "properties": {"osmid": 819}, "geometry": {"type": "Point", "coordinates": [30.4934926, 50.409597]}}, {"type": "Feature", "properties": {"osmid": 820}, "geometry": {"type": "Point", "coordinates": [30.4534616, 50.5201917]}}, {"type": "Feature", "properties": {"osmid": 821}, "geometry": {"type": "Point", "coordinates": [30.8477036, 50.4197876]}}, {"type": "Feature", "properties": {"osmid": 822}, "geometry": {"type": "Point", "coordinates": [30.4853766, 50.4198603]}}, {"type": "Feature", "properties": {"osmid": 823}, "geometry": {"type": "Point", "coordinates": [30.761494, 50.4725327]}}, {"type": "Feature", "properties": {"osmid": 824}, "geometry": {"type": "Point", "coordinates": [30.3699491, 50.3883239]}}, {"type": "Feature", "properties": {"osmid": 825}, "geometry": {"type": "Point", "coordinates": [30.4812324, 50.4288544]}}, {"type": "Feature", "properties": {"osmid": 826}, "geometry": {"type": "Point", "coordinates": [30.7671043, 50.4823457]}}, {"type": "Feature", "properties": {"osmid": 827}, "geometry": {"type": "Point", "coordinates": [30.4083475, 50.4799272]}}, {"type": "Feature", "properties": {"osmid": 828}, "geometry": {"type": "Point", "coordinates": [30.3877943, 50.3699725]}}, {"type": "Feature", "properties": {"osmid": 829}, "geometry": {"type": "Point", "coordinates": [30.7749596, 50.4823229]}}, {"type": "Feature", "properties": {"osmid": 830}, "geometry": {"type": "Point", "coordinates": [30.6315864, 50.4719754]}}, {"type": "Feature", "properties": {"osmid": 831}, "geometry": {"type": "Point", "coordinates": [30.2481046, 50.5167566]}}, {"type": "Feature", "properties": {"osmid": 832}, "geometry": {"type": "Point", "coordinates": [30.7651492, 50.4625399]}}, {"type": "Feature", "properties": {"osmid": 833}, "geometry": {"type": "Point", "coordinates": [30.2478666, 50.5167989]}}, {"type": "Feature", "properties": {"osmid": 834}, "geometry": {"type": "Point", "coordinates": [30.2481536, 50.5167836]}}, {"type": "Feature", "properties": {"osmid": 835}, "geometry": {"type": "Point", "coordinates": [30.406757, 50.4807249]}}, {"type": "Feature", "properties": {"osmid": 836}, "geometry": {"type": "Point", "coordinates": [30.5659658, 50.4056066]}}, {"type": "Feature", "properties": {"osmid": 837}, "geometry": {"type": "Point", "coordinates": [30.6812654, 50.5628607]}}, {"type": "Feature", "properties": {"osmid": 838}, "geometry": {"type": "Point", "coordinates": [30.4135526, 50.4774338]}}, {"type": "Feature", "properties": {"osmid": 839}, "geometry": {"type": "Point", "coordinates": [30.4137036, 50.4774175]}}, {"type": "Feature", "properties": {"osmid": 840}, "geometry": {"type": "Point", "coordinates": [30.5864568, 50.4622652]}}, {"type": "Feature", "properties": {"osmid": 841}, "geometry": {"type": "Point", "coordinates": [30.4058375, 50.4817865]}}, {"type": "Feature", "properties": {"osmid": 842}, "geometry": {"type": "Point", "coordinates": [30.4971208, 50.5015]}}, {"type": "Feature", "properties": {"osmid": 843}, "geometry": {"type": "Point", "coordinates": [30.4987245, 50.5014788]}}, {"type": "Feature", "properties": {"osmid": 844}, "geometry": {"type": "Point", "coordinates": [30.7651349, 50.4625733]}}, {"type": "Feature", "properties": {"osmid": 845}, "geometry": {"type": "Point", "coordinates": [30.4823958, 50.5177398]}}, {"type": "Feature", "properties": {"osmid": 846}, "geometry": {"type": "Point", "coordinates": [30.4533625, 50.5200119]}}, {"type": "Feature", "properties": {"osmid": 847}, "geometry": {"type": "Point", "coordinates": [30.3646711, 50.3359545]}}, {"type": "Feature", "properties": {"osmid": 848}, "geometry": {"type": "Point", "coordinates": [30.4551288, 50.4318774]}}, {"type": "Feature", "properties": {"osmid": 849}, "geometry": {"type": "Point", "coordinates": [30.547462, 50.5757744]}}, {"type": "Feature", "properties": {"osmid": 850}, "geometry": {"type": "Point", "coordinates": [30.3624782, 50.3368743]}}, {"type": "Feature", "properties": {"osmid": 851}, "geometry": {"type": "Point", "coordinates": [30.3565873, 50.4772397]}}, {"type": "Feature", "properties": {"osmid": 852}, "geometry": {"type": "Point", "coordinates": [30.4909545, 50.4160318]}}, {"type": "Feature", "properties": {"osmid": 853}, "geometry": {"type": "Point", "coordinates": [30.3566021, 50.4773196]}}, {"type": "Feature", "properties": {"osmid": 854}, "geometry": {"type": "Point", "coordinates": [30.4526856, 50.437155]}}, {"type": "Feature", "properties": {"osmid": 855}, "geometry": {"type": "Point", "coordinates": [30.2840274, 50.4505274]}}, {"type": "Feature", "properties": {"osmid": 856}, "geometry": {"type": "Point", "coordinates": [30.871425, 50.389209]}}, {"type": "Feature", "properties": {"osmid": 857}, "geometry": {"type": "Point", "coordinates": [30.6362938, 50.3917821]}}, {"type": "Feature", "properties": {"osmid": 858}, "geometry": {"type": "Point", "coordinates": [30.4987273, 50.5015639]}}, {"type": "Feature", "properties": {"osmid": 859}, "geometry": {"type": "Point", "coordinates": [30.5448847, 50.3727092]}}, {"type": "Feature", "properties": {"osmid": 860}, "geometry": {"type": "Point", "coordinates": [30.8373332, 50.3324308]}}, {"type": "Feature", "properties": {"osmid": 861}, "geometry": {"type": "Point", "coordinates": [30.8327869, 50.3321506]}}, {"type": "Feature", "properties": {"osmid": 862}, "geometry": {"type": "Point", "coordinates": [30.541714, 50.3747616]}}, {"type": "Feature", "properties": {"osmid": 863}, "geometry": {"type": "Point", "coordinates": [30.8304495, 50.3320107]}}, {"type": "Feature", "properties": {"osmid": 864}, "geometry": {"type": "Point", "coordinates": [30.8637987, 50.3916056]}}, {"type": "Feature", "properties": {"osmid": 865}, "geometry": {"type": "Point", "coordinates": [30.3675573, 50.3339851]}}, {"type": "Feature", "properties": {"osmid": 866}, "geometry": {"type": "Point", "coordinates": [30.3933153, 50.3886417]}}, {"type": "Feature", "properties": {"osmid": 867}, "geometry": {"type": "Point", "coordinates": [30.8046285, 50.5137352]}}, {"type": "Feature", "properties": {"osmid": 868}, "geometry": {"type": "Point", "coordinates": [30.608344, 50.4641541]}}, {"type": "Feature", "properties": {"osmid": 869}, "geometry": {"type": "Point", "coordinates": [30.6086984, 50.4646031]}}, {"type": "Feature", "properties": {"osmid": 870}, "geometry": {"type": "Point", "coordinates": [30.3660023, 50.3351676]}}, {"type": "Feature", "properties": {"osmid": 871}, "geometry": {"type": "Point", "coordinates": [30.6023311, 50.4880982]}}, {"type": "Feature", "properties": {"osmid": 872}, "geometry": {"type": "Point", "coordinates": [30.6028622, 50.4865452]}}, {"type": "Feature", "properties": {"osmid": 873}, "geometry": {"type": "Point", "coordinates": [30.5040823, 50.5123613]}}, {"type": "Feature", "properties": {"osmid": 874}, "geometry": {"type": "Point", "coordinates": [30.7839572, 50.5150319]}}, {"type": "Feature", "properties": {"osmid": 875}, "geometry": {"type": "Point", "coordinates": [30.4036003, 50.4824132]}}, {"type": "Feature", "properties": {"osmid": 876}, "geometry": {"type": "Point", "coordinates": [30.5134275, 50.406704]}}, {"type": "Feature", "properties": {"osmid": 877}, "geometry": {"type": "Point", "coordinates": [30.6011585, 50.4912616]}}, {"type": "Feature", "properties": {"osmid": 878}, "geometry": {"type": "Point", "coordinates": [30.7612136, 50.4692734]}}, {"type": "Feature", "properties": {"osmid": 879}, "geometry": {"type": "Point", "coordinates": [30.4044834, 50.48195]}}, {"type": "Feature", "properties": {"osmid": 880}, "geometry": {"type": "Point", "coordinates": [30.4410316, 50.4713271]}}, {"type": "Feature", "properties": {"osmid": 881}, "geometry": {"type": "Point", "coordinates": [30.4395491, 50.4723835]}}, {"type": "Feature", "properties": {"osmid": 882}, "geometry": {"type": "Point", "coordinates": [30.6048377, 50.3826263]}}, {"type": "Feature", "properties": {"osmid": 883}, "geometry": {"type": "Point", "coordinates": [30.4381931, 50.4728409]}}, {"type": "Feature", "properties": {"osmid": 884}, "geometry": {"type": "Point", "coordinates": [30.5136151, 50.4280266]}}, {"type": "Feature", "properties": {"osmid": 885}, "geometry": {"type": "Point", "coordinates": [30.6139416, 50.4328446]}}, {"type": "Feature", "properties": {"osmid": 886}, "geometry": {"type": "Point", "coordinates": [30.5161125, 50.4280657]}}, {"type": "Feature", "properties": {"osmid": 887}, "geometry": {"type": "Point", "coordinates": [30.6146111, 50.4323483]}}, {"type": "Feature", "properties": {"osmid": 888}, "geometry": {"type": "Point", "coordinates": [30.4872011, 50.4579413]}}, {"type": "Feature", "properties": {"osmid": 889}, "geometry": {"type": "Point", "coordinates": [30.6732161, 50.4276323]}}, {"type": "Feature", "properties": {"osmid": 890}, "geometry": {"type": "Point", "coordinates": [30.4300353, 50.4572087]}}, {"type": "Feature", "properties": {"osmid": 891}, "geometry": {"type": "Point", "coordinates": [30.4427876, 50.4442164]}}, {"type": "Feature", "properties": {"osmid": 892}, "geometry": {"type": "Point", "coordinates": [30.4154555, 50.3380183]}}, {"type": "Feature", "properties": {"osmid": 893}, "geometry": {"type": "Point", "coordinates": [30.6046343, 50.4207015]}}, {"type": "Feature", "properties": {"osmid": 894}, "geometry": {"type": "Point", "coordinates": [30.7686372, 50.4822129]}}, {"type": "Feature", "properties": {"osmid": 895}, "geometry": {"type": "Point", "coordinates": [30.4783984, 50.5181315]}}, {"type": "Feature", "properties": {"osmid": 896}, "geometry": {"type": "Point", "coordinates": [30.7650633, 50.4624658]}}, {"type": "Feature", "properties": {"osmid": 897}, "geometry": {"type": "Point", "coordinates": [30.4747271, 50.3364331]}}, {"type": "Feature", "properties": {"osmid": 898}, "geometry": {"type": "Point", "coordinates": [30.2523173, 50.4481006]}}, {"type": "Feature", "properties": {"osmid": 899}, "geometry": {"type": "Point", "coordinates": [30.7651109, 50.464107]}}, {"type": "Feature", "properties": {"osmid": 900}, "geometry": {"type": "Point", "coordinates": [30.2709413, 50.5652552]}}, {"type": "Feature", "properties": {"osmid": 901}, "geometry": {"type": "Point", "coordinates": [30.4899219, 50.4207447]}}, {"type": "Feature", "properties": {"osmid": 902}, "geometry": {"type": "Point", "coordinates": [30.2707681, 50.5656786]}}, {"type": "Feature", "properties": {"osmid": 903}, "geometry": {"type": "Point", "coordinates": [30.5040635, 50.5119548]}}, {"type": "Feature", "properties": {"osmid": 904}, "geometry": {"type": "Point", "coordinates": [30.5456062, 50.4019355]}}, {"type": "Feature", "properties": {"osmid": 905}, "geometry": {"type": "Point", "coordinates": [30.4568198, 50.534066]}}, {"type": "Feature", "properties": {"osmid": 906}, "geometry": {"type": "Point", "coordinates": [30.5490158, 50.40149]}}, {"type": "Feature", "properties": {"osmid": 907}, "geometry": {"type": "Point", "coordinates": [30.6218333, 50.4071052]}}, {"type": "Feature", "properties": {"osmid": 908}, "geometry": {"type": "Point", "coordinates": [30.6135765, 50.4050106]}}, {"type": "Feature", "properties": {"osmid": 909}, "geometry": {"type": "Point", "coordinates": [30.5545597, 50.4008511]}}, {"type": "Feature", "properties": {"osmid": 910}, "geometry": {"type": "Point", "coordinates": [30.6281189, 50.4417636]}}, {"type": "Feature", "properties": {"osmid": 911}, "geometry": {"type": "Point", "coordinates": [30.6378303, 50.5097168]}}, {"type": "Feature", "properties": {"osmid": 912}, "geometry": {"type": "Point", "coordinates": [30.5130062, 50.5227348]}}, {"type": "Feature", "properties": {"osmid": 913}, "geometry": {"type": "Point", "coordinates": [30.4536162, 50.5969863]}}, {"type": "Feature", "properties": {"osmid": 914}, "geometry": {"type": "Point", "coordinates": [30.4760377, 50.4727554]}}, {"type": "Feature", "properties": {"osmid": 915}, "geometry": {"type": "Point", "coordinates": [30.5513079, 50.4013682]}}, {"type": "Feature", "properties": {"osmid": 916}, "geometry": {"type": "Point", "coordinates": [30.3726834, 50.4259903]}}, {"type": "Feature", "properties": {"osmid": 917}, "geometry": {"type": "Point", "coordinates": [30.4747383, 50.4665097]}}, {"type": "Feature", "properties": {"osmid": 918}, "geometry": {"type": "Point", "coordinates": [30.5465881, 50.4019705]}}, {"type": "Feature", "properties": {"osmid": 919}, "geometry": {"type": "Point", "coordinates": [30.473723, 50.4321151]}}, {"type": "Feature", "properties": {"osmid": 920}, "geometry": {"type": "Point", "coordinates": [30.3686924, 50.4249775]}}, {"type": "Feature", "properties": {"osmid": 921}, "geometry": {"type": "Point", "coordinates": [30.38339, 50.4572124]}}, {"type": "Feature", "properties": {"osmid": 922}, "geometry": {"type": "Point", "coordinates": [30.4744801, 50.4663713]}}, {"type": "Feature", "properties": {"osmid": 923}, "geometry": {"type": "Point", "coordinates": [30.3684449, 50.4244921]}}, {"type": "Feature", "properties": {"osmid": 924}, "geometry": {"type": "Point", "coordinates": [30.6732875, 50.4277761]}}, {"type": "Feature", "properties": {"osmid": 925}, "geometry": {"type": "Point", "coordinates": [30.5072939, 50.4952988]}}, {"type": "Feature", "properties": {"osmid": 926}, "geometry": {"type": "Point", "coordinates": [30.4780115, 50.5177902]}}, {"type": "Feature", "properties": {"osmid": 927}, "geometry": {"type": "Point", "coordinates": [30.4787502, 50.517779]}}, {"type": "Feature", "properties": {"osmid": 928}, "geometry": {"type": "Point", "coordinates": [30.8651844, 50.3911873]}}, {"type": "Feature", "properties": {"osmid": 929}, "geometry": {"type": "Point", "coordinates": [30.4556182, 50.3494231]}}, {"type": "Feature", "properties": {"osmid": 930}, "geometry": {"type": "Point", "coordinates": [30.5080503, 50.4962962]}}, {"type": "Feature", "properties": {"osmid": 931}, "geometry": {"type": "Point", "coordinates": [30.6550494, 50.4019647]}}, {"type": "Feature", "properties": {"osmid": 932}, "geometry": {"type": "Point", "coordinates": [30.4197678, 50.5154632]}}, {"type": "Feature", "properties": {"osmid": 933}, "geometry": {"type": "Point", "coordinates": [30.7615108, 50.4720842]}}, {"type": "Feature", "properties": {"osmid": 934}, "geometry": {"type": "Point", "coordinates": [30.4372536, 50.4750577]}}, {"type": "Feature", "properties": {"osmid": 935}, "geometry": {"type": "Point", "coordinates": [30.4552434, 50.4316458]}}, {"type": "Feature", "properties": {"osmid": 936}, "geometry": {"type": "Point", "coordinates": [30.8497665, 50.3829394]}}, {"type": "Feature", "properties": {"osmid": 937}, "geometry": {"type": "Point", "coordinates": [30.4259838, 50.4910803]}}, {"type": "Feature", "properties": {"osmid": 938}, "geometry": {"type": "Point", "coordinates": [30.8429814, 50.3854286]}}, {"type": "Feature", "properties": {"osmid": 939}, "geometry": {"type": "Point", "coordinates": [30.6016955, 50.5051259]}}, {"type": "Feature", "properties": {"osmid": 940}, "geometry": {"type": "Point", "coordinates": [30.6012272, 50.5055865]}}, {"type": "Feature", "properties": {"osmid": 941}, "geometry": {"type": "Point", "coordinates": [30.6005353, 50.5052831]}}, {"type": "Feature", "properties": {"osmid": 942}, "geometry": {"type": "Point", "coordinates": [30.7560079, 50.4826979]}}, {"type": "Feature", "properties": {"osmid": 943}, "geometry": {"type": "Point", "coordinates": [30.5086747, 50.4319913]}}, {"type": "Feature", "properties": {"osmid": 944}, "geometry": {"type": "Point", "coordinates": [30.6010532, 50.5048449]}}, {"type": "Feature", "properties": {"osmid": 945}, "geometry": {"type": "Point", "coordinates": [30.5962294, 50.5109809]}}, {"type": "Feature", "properties": {"osmid": 946}, "geometry": {"type": "Point", "coordinates": [30.5963765, 50.5110292]}}, {"type": "Feature", "properties": {"osmid": 947}, "geometry": {"type": "Point", "coordinates": [30.5930597, 50.5098993]}}, {"type": "Feature", "properties": {"osmid": 948}, "geometry": {"type": "Point", "coordinates": [30.799123, 50.5060362]}}, {"type": "Feature", "properties": {"osmid": 949}, "geometry": {"type": "Point", "coordinates": [30.3619637, 50.5153417]}}, {"type": "Feature", "properties": {"osmid": 950}, "geometry": {"type": "Point", "coordinates": [30.7989382, 50.5056396]}}, {"type": "Feature", "properties": {"osmid": 951}, "geometry": {"type": "Point", "coordinates": [30.364847, 50.500173]}}, {"type": "Feature", "properties": {"osmid": 952}, "geometry": {"type": "Point", "coordinates": [30.4102343, 50.4442417]}}, {"type": "Feature", "properties": {"osmid": 953}, "geometry": {"type": "Point", "coordinates": [30.3650449, 50.4983292]}}, {"type": "Feature", "properties": {"osmid": 954}, "geometry": {"type": "Point", "coordinates": [30.3652182, 50.4969436]}}, {"type": "Feature", "properties": {"osmid": 955}, "geometry": {"type": "Point", "coordinates": [30.6066051, 50.5075215]}}, {"type": "Feature", "properties": {"osmid": 956}, "geometry": {"type": "Point", "coordinates": [30.351633, 50.4647137]}}, {"type": "Feature", "properties": {"osmid": 957}, "geometry": {"type": "Point", "coordinates": [30.3653723, 50.4919259]}}, {"type": "Feature", "properties": {"osmid": 958}, "geometry": {"type": "Point", "coordinates": [30.4768568, 50.3500855]}}, {"type": "Feature", "properties": {"osmid": 959}, "geometry": {"type": "Point", "coordinates": [30.3651696, 50.4911682]}}, {"type": "Feature", "properties": {"osmid": 960}, "geometry": {"type": "Point", "coordinates": [30.3642349, 50.4890337]}}, {"type": "Feature", "properties": {"osmid": 961}, "geometry": {"type": "Point", "coordinates": [30.3655277, 50.4963454]}}, {"type": "Feature", "properties": {"osmid": 962}, "geometry": {"type": "Point", "coordinates": [30.3654506, 50.4969572]}}, {"type": "Feature", "properties": {"osmid": 963}, "geometry": {"type": "Point", "coordinates": [30.8260539, 50.5132862]}}, {"type": "Feature", "properties": {"osmid": 964}, "geometry": {"type": "Point", "coordinates": [30.6524203, 50.5873505]}}, {"type": "Feature", "properties": {"osmid": 965}, "geometry": {"type": "Point", "coordinates": [30.7971177, 50.504957]}}, {"type": "Feature", "properties": {"osmid": 966}, "geometry": {"type": "Point", "coordinates": [30.3653039, 50.4983374]}}, {"type": "Feature", "properties": {"osmid": 967}, "geometry": {"type": "Point", "coordinates": [30.5177256, 50.4070102]}}, {"type": "Feature", "properties": {"osmid": 968}, "geometry": {"type": "Point", "coordinates": [30.7970655, 50.506081]}}, {"type": "Feature", "properties": {"osmid": 969}, "geometry": {"type": "Point", "coordinates": [30.365121, 50.4999364]}}, {"type": "Feature", "properties": {"osmid": 970}, "geometry": {"type": "Point", "coordinates": [30.3650897, 50.5002095]}}, {"type": "Feature", "properties": {"osmid": 971}, "geometry": {"type": "Point", "coordinates": [30.5862161, 50.5222961]}}, {"type": "Feature", "properties": {"osmid": 972}, "geometry": {"type": "Point", "coordinates": [30.7971946, 50.5062846]}}, {"type": "Feature", "properties": {"osmid": 973}, "geometry": {"type": "Point", "coordinates": [30.5849741, 50.5248784]}}, {"type": "Feature", "properties": {"osmid": 974}, "geometry": {"type": "Point", "coordinates": [30.362185, 50.5152273]}}, {"type": "Feature", "properties": {"osmid": 975}, "geometry": {"type": "Point", "coordinates": [30.4960118, 50.4766921]}}, {"type": "Feature", "properties": {"osmid": 976}, "geometry": {"type": "Point", "coordinates": [30.3644955, 50.4889989]}}, {"type": "Feature", "properties": {"osmid": 977}, "geometry": {"type": "Point", "coordinates": [30.3657603, 50.4928556]}}, {"type": "Feature", "properties": {"osmid": 978}, "geometry": {"type": "Point", "coordinates": [30.3658414, 50.4940834]}}, {"type": "Feature", "properties": {"osmid": 979}, "geometry": {"type": "Point", "coordinates": [30.365792, 50.4949105]}}, {"type": "Feature", "properties": {"osmid": 980}, "geometry": {"type": "Point", "coordinates": [30.8065641, 50.4718678]}}, {"type": "Feature", "properties": {"osmid": 981}, "geometry": {"type": "Point", "coordinates": [30.4974243, 50.4781935]}}, {"type": "Feature", "properties": {"osmid": 982}, "geometry": {"type": "Point", "coordinates": [30.4977708, 50.4785961]}}, {"type": "Feature", "properties": {"osmid": 983}, "geometry": {"type": "Point", "coordinates": [30.4420976, 50.478171]}}, {"type": "Feature", "properties": {"osmid": 984}, "geometry": {"type": "Point", "coordinates": [30.5998758, 50.6015866]}}, {"type": "Feature", "properties": {"osmid": 985}, "geometry": {"type": "Point", "coordinates": [30.6000756, 50.5124514]}}, {"type": "Feature", "properties": {"osmid": 986}, "geometry": {"type": "Point", "coordinates": [30.6038545, 50.5167587]}}, {"type": "Feature", "properties": {"osmid": 987}, "geometry": {"type": "Point", "coordinates": [30.603953, 50.5168443]}}, {"type": "Feature", "properties": {"osmid": 988}, "geometry": {"type": "Point", "coordinates": [30.5960045, 50.5200722]}}, {"type": "Feature", "properties": {"osmid": 989}, "geometry": {"type": "Point", "coordinates": [30.5960918, 50.5201571]}}, {"type": "Feature", "properties": {"osmid": 990}, "geometry": {"type": "Point", "coordinates": [30.5954591, 50.5118774]}}, {"type": "Feature", "properties": {"osmid": 991}, "geometry": {"type": "Point", "coordinates": [30.595605, 50.5119313]}}, {"type": "Feature", "properties": {"osmid": 992}, "geometry": {"type": "Point", "coordinates": [30.3064311, 50.4520903]}}, {"type": "Feature", "properties": {"osmid": 993}, "geometry": {"type": "Point", "coordinates": [30.7740414, 50.5022628]}}, {"type": "Feature", "properties": {"osmid": 994}, "geometry": {"type": "Point", "coordinates": [30.4269633, 50.4913503]}}, {"type": "Feature", "properties": {"osmid": 995}, "geometry": {"type": "Point", "coordinates": [30.602363, 50.5153362]}}, {"type": "Feature", "properties": {"osmid": 996}, "geometry": {"type": "Point", "coordinates": [30.4688609, 50.3306831]}}, {"type": "Feature", "properties": {"osmid": 997}, "geometry": {"type": "Point", "coordinates": [30.4633757, 50.4976292]}}, {"type": "Feature", "properties": {"osmid": 998}, "geometry": {"type": "Point", "coordinates": [30.3642921, 50.4735182]}}, {"type": "Feature", "properties": {"osmid": 999}, "geometry": {"type": "Point", "coordinates": [30.5945801, 50.5186652]}}, {"type": "Feature", "properties": {"osmid": 1000}, "geometry": {"type": "Point", "coordinates": [30.5953749, 50.5120795]}}, {"type": "Feature", "properties": {"osmid": 1001}, "geometry": {"type": "Point", "coordinates": [30.4258246, 50.4219523]}}, {"type": "Feature", "properties": {"osmid": 1002}, "geometry": {"type": "Point", "coordinates": [30.539598, 50.3416932]}}, {"type": "Feature", "properties": {"osmid": 1003}, "geometry": {"type": "Point", "coordinates": [30.4214003, 50.5051939]}}, {"type": "Feature", "properties": {"osmid": 1004}, "geometry": {"type": "Point", "coordinates": [30.5522592, 50.4006039]}}, {"type": "Feature", "properties": {"osmid": 1005}, "geometry": {"type": "Point", "coordinates": [30.3644286, 50.4737253]}}, {"type": "Feature", "properties": {"osmid": 1006}, "geometry": {"type": "Point", "coordinates": [30.6078913, 50.523477]}}, {"type": "Feature", "properties": {"osmid": 1007}, "geometry": {"type": "Point", "coordinates": [30.6514022, 50.4311309]}}, {"type": "Feature", "properties": {"osmid": 1008}, "geometry": {"type": "Point", "coordinates": [30.7632389, 50.48204]}}, {"type": "Feature", "properties": {"osmid": 1009}, "geometry": {"type": "Point", "coordinates": [30.3587966, 50.444449]}}, {"type": "Feature", "properties": {"osmid": 1010}, "geometry": {"type": "Point", "coordinates": [30.436283, 50.4560254]}}, {"type": "Feature", "properties": {"osmid": 1011}, "geometry": {"type": "Point", "coordinates": [30.6078965, 50.5235958]}}, {"type": "Feature", "properties": {"osmid": 1012}, "geometry": {"type": "Point", "coordinates": [30.4472028, 50.4620446]}}, {"type": "Feature", "properties": {"osmid": 1013}, "geometry": {"type": "Point", "coordinates": [30.4470703, 50.4619839]}}, {"type": "Feature", "properties": {"osmid": 1014}, "geometry": {"type": "Point", "coordinates": [30.3582332, 50.4443979]}}, {"type": "Feature", "properties": {"osmid": 1015}, "geometry": {"type": "Point", "coordinates": [30.3945562, 50.4057039]}}, {"type": "Feature", "properties": {"osmid": 1016}, "geometry": {"type": "Point", "coordinates": [30.4470538, 50.4626585]}}, {"type": "Feature", "properties": {"osmid": 1017}, "geometry": {"type": "Point", "coordinates": [30.7964493, 50.5057079]}}, {"type": "Feature", "properties": {"osmid": 1018}, "geometry": {"type": "Point", "coordinates": [30.6095211, 50.5234376]}}, {"type": "Feature", "properties": {"osmid": 1019}, "geometry": {"type": "Point", "coordinates": [30.6517845, 50.4314466]}}, {"type": "Feature", "properties": {"osmid": 1020}, "geometry": {"type": "Point", "coordinates": [30.4449801, 50.462736]}}, {"type": "Feature", "properties": {"osmid": 1021}, "geometry": {"type": "Point", "coordinates": [30.3929552, 50.4577414]}}, {"type": "Feature", "properties": {"osmid": 1022}, "geometry": {"type": "Point", "coordinates": [30.4477525, 50.4628337]}}, {"type": "Feature", "properties": {"osmid": 1023}, "geometry": {"type": "Point", "coordinates": [30.4493298, 50.4628935]}}, {"type": "Feature", "properties": {"osmid": 1024}, "geometry": {"type": "Point", "coordinates": [30.6311017, 50.3977077]}}, {"type": "Feature", "properties": {"osmid": 1025}, "geometry": {"type": "Point", "coordinates": [30.4466933, 50.4629636]}}, {"type": "Feature", "properties": {"osmid": 1026}, "geometry": {"type": "Point", "coordinates": [30.4493776, 50.463039]}}, {"type": "Feature", "properties": {"osmid": 1027}, "geometry": {"type": "Point", "coordinates": [30.4503985, 50.4630244]}}, {"type": "Feature", "properties": {"osmid": 1028}, "geometry": {"type": "Point", "coordinates": [30.6323734, 50.3983444]}}, {"type": "Feature", "properties": {"osmid": 1029}, "geometry": {"type": "Point", "coordinates": [30.5339505, 50.3995097]}}, {"type": "Feature", "properties": {"osmid": 1030}, "geometry": {"type": "Point", "coordinates": [30.6374689, 50.3986998]}}, {"type": "Feature", "properties": {"osmid": 1031}, "geometry": {"type": "Point", "coordinates": [30.609529, 50.5235344]}}, {"type": "Feature", "properties": {"osmid": 1032}, "geometry": {"type": "Point", "coordinates": [30.5501094, 50.4188219]}}, {"type": "Feature", "properties": {"osmid": 1033}, "geometry": {"type": "Point", "coordinates": [30.764917, 50.4625253]}}, {"type": "Feature", "properties": {"osmid": 1034}, "geometry": {"type": "Point", "coordinates": [30.4470364, 50.4631365]}}, {"type": "Feature", "properties": {"osmid": 1035}, "geometry": {"type": "Point", "coordinates": [30.4471619, 50.4631428]}}, {"type": "Feature", "properties": {"osmid": 1036}, "geometry": {"type": "Point", "coordinates": [30.5409746, 50.4000963]}}, {"type": "Feature", "properties": {"osmid": 1037}, "geometry": {"type": "Point", "coordinates": [30.7988189, 50.5059421]}}, {"type": "Feature", "properties": {"osmid": 1038}, "geometry": {"type": "Point", "coordinates": [30.4494034, 50.5764066]}}, {"type": "Feature", "properties": {"osmid": 1039}, "geometry": {"type": "Point", "coordinates": [30.6511538, 50.4316651]}}, {"type": "Feature", "properties": {"osmid": 1040}, "geometry": {"type": "Point", "coordinates": [30.4470143, 50.4638064]}}, {"type": "Feature", "properties": {"osmid": 1041}, "geometry": {"type": "Point", "coordinates": [30.447139, 50.463815]}}, {"type": "Feature", "properties": {"osmid": 1042}, "geometry": {"type": "Point", "coordinates": [30.5074522, 50.4627671]}}, {"type": "Feature", "properties": {"osmid": 1043}, "geometry": {"type": "Point", "coordinates": [30.8589636, 50.3688124]}}, {"type": "Feature", "properties": {"osmid": 1044}, "geometry": {"type": "Point", "coordinates": [30.4939222, 50.447194]}}, {"type": "Feature", "properties": {"osmid": 1045}, "geometry": {"type": "Point", "coordinates": [30.4222587, 50.5050225]}}, {"type": "Feature", "properties": {"osmid": 1046}, "geometry": {"type": "Point", "coordinates": [30.3960476, 50.4644971]}}, {"type": "Feature", "properties": {"osmid": 1047}, "geometry": {"type": "Point", "coordinates": [30.3640633, 50.3920938]}}, {"type": "Feature", "properties": {"osmid": 1048}, "geometry": {"type": "Point", "coordinates": [30.4814775, 50.4492241]}}, {"type": "Feature", "properties": {"osmid": 1049}, "geometry": {"type": "Point", "coordinates": [30.8036996, 50.5060904]}}, {"type": "Feature", "properties": {"osmid": 1050}, "geometry": {"type": "Point", "coordinates": [30.4577247, 50.4699217]}}, {"type": "Feature", "properties": {"osmid": 1051}, "geometry": {"type": "Point", "coordinates": [30.4383321, 50.3855594]}}, {"type": "Feature", "properties": {"osmid": 1052}, "geometry": {"type": "Point", "coordinates": [30.6400954, 50.4386003]}}, {"type": "Feature", "properties": {"osmid": 1053}, "geometry": {"type": "Point", "coordinates": [30.6062734, 50.3642188]}}, {"type": "Feature", "properties": {"osmid": 1054}, "geometry": {"type": "Point", "coordinates": [30.4839501, 50.461084]}}, {"type": "Feature", "properties": {"osmid": 1055}, "geometry": {"type": "Point", "coordinates": [30.6089662, 50.5211176]}}, {"type": "Feature", "properties": {"osmid": 1056}, "geometry": {"type": "Point", "coordinates": [30.6450956, 50.4127022]}}, {"type": "Feature", "properties": {"osmid": 1057}, "geometry": {"type": "Point", "coordinates": [30.5954822, 50.4550503]}}, {"type": "Feature", "properties": {"osmid": 1058}, "geometry": {"type": "Point", "coordinates": [30.5956099, 50.454986]}}, {"type": "Feature", "properties": {"osmid": 1059}, "geometry": {"type": "Point", "coordinates": [30.8314434, 50.5163855]}}, {"type": "Feature", "properties": {"osmid": 1060}, "geometry": {"type": "Point", "coordinates": [30.2391006, 50.525108]}}, {"type": "Feature", "properties": {"osmid": 1061}, "geometry": {"type": "Point", "coordinates": [30.4640003, 50.3560514]}}, {"type": "Feature", "properties": {"osmid": 1062}, "geometry": {"type": "Point", "coordinates": [30.3737618, 50.3850861]}}, {"type": "Feature", "properties": {"osmid": 1063}, "geometry": {"type": "Point", "coordinates": [30.4675882, 50.4418474]}}, {"type": "Feature", "properties": {"osmid": 1064}, "geometry": {"type": "Point", "coordinates": [30.8172237, 50.5581488]}}, {"type": "Feature", "properties": {"osmid": 1065}, "geometry": {"type": "Point", "coordinates": [30.6457778, 50.4134864]}}, {"type": "Feature", "properties": {"osmid": 1066}, "geometry": {"type": "Point", "coordinates": [30.8295097, 50.5152745]}}, {"type": "Feature", "properties": {"osmid": 1067}, "geometry": {"type": "Point", "coordinates": [30.4671758, 50.4417634]}}, {"type": "Feature", "properties": {"osmid": 1068}, "geometry": {"type": "Point", "coordinates": [30.8242876, 50.5122652]}}, {"type": "Feature", "properties": {"osmid": 1069}, "geometry": {"type": "Point", "coordinates": [30.4981687, 50.4486364]}}, {"type": "Feature", "properties": {"osmid": 1070}, "geometry": {"type": "Point", "coordinates": [30.6818502, 50.5582119]}}, {"type": "Feature", "properties": {"osmid": 1071}, "geometry": {"type": "Point", "coordinates": [30.2455714, 50.5252913]}}, {"type": "Feature", "properties": {"osmid": 1072}, "geometry": {"type": "Point", "coordinates": [30.607798, 50.5228678]}}, {"type": "Feature", "properties": {"osmid": 1073}, "geometry": {"type": "Point", "coordinates": [30.6458485, 50.4355182]}}, {"type": "Feature", "properties": {"osmid": 1074}, "geometry": {"type": "Point", "coordinates": [30.6200495, 50.4235278]}}, {"type": "Feature", "properties": {"osmid": 1075}, "geometry": {"type": "Point", "coordinates": [30.4050493, 50.4584368]}}, {"type": "Feature", "properties": {"osmid": 1076}, "geometry": {"type": "Point", "coordinates": [30.6676808, 50.4138356]}}, {"type": "Feature", "properties": {"osmid": 1077}, "geometry": {"type": "Point", "coordinates": [30.4065625, 50.5037688]}}, {"type": "Feature", "properties": {"osmid": 1078}, "geometry": {"type": "Point", "coordinates": [30.3863295, 50.410499]}}, {"type": "Feature", "properties": {"osmid": 1079}, "geometry": {"type": "Point", "coordinates": [30.3859132, 50.4107508]}}, {"type": "Feature", "properties": {"osmid": 1080}, "geometry": {"type": "Point", "coordinates": [30.54261, 50.4220091]}}, {"type": "Feature", "properties": {"osmid": 1081}, "geometry": {"type": "Point", "coordinates": [30.4656503, 50.3573668]}}, {"type": "Feature", "properties": {"osmid": 1082}, "geometry": {"type": "Point", "coordinates": [30.6053132, 50.5163004]}}, {"type": "Feature", "properties": {"osmid": 1083}, "geometry": {"type": "Point", "coordinates": [30.6052384, 50.5162193]}}, {"type": "Feature", "properties": {"osmid": 1084}, "geometry": {"type": "Point", "coordinates": [30.501227, 50.4564685]}}, {"type": "Feature", "properties": {"osmid": 1085}, "geometry": {"type": "Point", "coordinates": [30.6136191, 50.4342616]}}, {"type": "Feature", "properties": {"osmid": 1086}, "geometry": {"type": "Point", "coordinates": [30.4663542, 50.3579498]}}, {"type": "Feature", "properties": {"osmid": 1087}, "geometry": {"type": "Point", "coordinates": [30.3965221, 50.5189696]}}, {"type": "Feature", "properties": {"osmid": 1088}, "geometry": {"type": "Point", "coordinates": [30.8141233, 50.3310428]}}, {"type": "Feature", "properties": {"osmid": 1089}, "geometry": {"type": "Point", "coordinates": [30.6005283, 50.5244812]}}, {"type": "Feature", "properties": {"osmid": 1090}, "geometry": {"type": "Point", "coordinates": [30.6006058, 50.5245634]}}, {"type": "Feature", "properties": {"osmid": 1091}, "geometry": {"type": "Point", "coordinates": [30.5534088, 50.418193]}}, {"type": "Feature", "properties": {"osmid": 1092}, "geometry": {"type": "Point", "coordinates": [30.6010412, 50.5287308]}}, {"type": "Feature", "properties": {"osmid": 1093}, "geometry": {"type": "Point", "coordinates": [30.6084433, 50.5290486]}}, {"type": "Feature", "properties": {"osmid": 1094}, "geometry": {"type": "Point", "coordinates": [30.5990659, 50.5312499]}}, {"type": "Feature", "properties": {"osmid": 1095}, "geometry": {"type": "Point", "coordinates": [30.5994372, 50.5327684]}}, {"type": "Feature", "properties": {"osmid": 1096}, "geometry": {"type": "Point", "coordinates": [30.239736, 50.5908839]}}, {"type": "Feature", "properties": {"osmid": 1097}, "geometry": {"type": "Point", "coordinates": [30.2590844, 50.586234]}}, {"type": "Feature", "properties": {"osmid": 1098}, "geometry": {"type": "Point", "coordinates": [30.2392808, 50.5913098]}}, {"type": "Feature", "properties": {"osmid": 1099}, "geometry": {"type": "Point", "coordinates": [30.3773657, 50.4608883]}}, {"type": "Feature", "properties": {"osmid": 1100}, "geometry": {"type": "Point", "coordinates": [30.3645469, 50.4240635]}}, {"type": "Feature", "properties": {"osmid": 1101}, "geometry": {"type": "Point", "coordinates": [30.2528357, 50.5891467]}}, {"type": "Feature", "properties": {"osmid": 1102}, "geometry": {"type": "Point", "coordinates": [30.812871, 50.5149343]}}, {"type": "Feature", "properties": {"osmid": 1103}, "geometry": {"type": "Point", "coordinates": [30.8048366, 50.520149]}}, {"type": "Feature", "properties": {"osmid": 1104}, "geometry": {"type": "Point", "coordinates": [30.3627602, 50.5155691]}}, {"type": "Feature", "properties": {"osmid": 1105}, "geometry": {"type": "Point", "coordinates": [30.3966932, 50.5096226]}}, {"type": "Feature", "properties": {"osmid": 1106}, "geometry": {"type": "Point", "coordinates": [30.4070596, 50.5075892]}}, {"type": "Feature", "properties": {"osmid": 1107}, "geometry": {"type": "Point", "coordinates": [30.4182628, 50.3484307]}}, {"type": "Feature", "properties": {"osmid": 1108}, "geometry": {"type": "Point", "coordinates": [30.5444581, 50.3397557]}}, {"type": "Feature", "properties": {"osmid": 1109}, "geometry": {"type": "Point", "coordinates": [30.4079991, 50.5077597]}}, {"type": "Feature", "properties": {"osmid": 1110}, "geometry": {"type": "Point", "coordinates": [30.6089023, 50.532958]}}, {"type": "Feature", "properties": {"osmid": 1111}, "geometry": {"type": "Point", "coordinates": [30.6105581, 50.5328835]}}, {"type": "Feature", "properties": {"osmid": 1112}, "geometry": {"type": "Point", "coordinates": [30.3325892, 50.4249887]}}, {"type": "Feature", "properties": {"osmid": 1113}, "geometry": {"type": "Point", "coordinates": [30.3196703, 50.4921591]}}, {"type": "Feature", "properties": {"osmid": 1114}, "geometry": {"type": "Point", "coordinates": [30.3251179, 50.4925873]}}, {"type": "Feature", "properties": {"osmid": 1115}, "geometry": {"type": "Point", "coordinates": [30.464851, 50.4960769]}}, {"type": "Feature", "properties": {"osmid": 1116}, "geometry": {"type": "Point", "coordinates": [30.4089175, 50.5075652]}}, {"type": "Feature", "properties": {"osmid": 1117}, "geometry": {"type": "Point", "coordinates": [30.2491859, 50.3576115]}}, {"type": "Feature", "properties": {"osmid": 1118}, "geometry": {"type": "Point", "coordinates": [30.3324176, 50.4242653]}}, {"type": "Feature", "properties": {"osmid": 1119}, "geometry": {"type": "Point", "coordinates": [30.5249245, 50.4386302]}}, {"type": "Feature", "properties": {"osmid": 1120}, "geometry": {"type": "Point", "coordinates": [30.4711977, 50.5671385]}}, {"type": "Feature", "properties": {"osmid": 1121}, "geometry": {"type": "Point", "coordinates": [30.4075972, 50.5071981]}}, {"type": "Feature", "properties": {"osmid": 1122}, "geometry": {"type": "Point", "coordinates": [30.4087144, 50.5069631]}}, {"type": "Feature", "properties": {"osmid": 1123}, "geometry": {"type": "Point", "coordinates": [30.4058281, 50.4830426]}}, {"type": "Feature", "properties": {"osmid": 1124}, "geometry": {"type": "Point", "coordinates": [30.3795828, 50.4569586]}}, {"type": "Feature", "properties": {"osmid": 1125}, "geometry": {"type": "Point", "coordinates": [30.4729703, 50.5672169]}}, {"type": "Feature", "properties": {"osmid": 1126}, "geometry": {"type": "Point", "coordinates": [30.4722476, 50.5671861]}}, {"type": "Feature", "properties": {"osmid": 1127}, "geometry": {"type": "Point", "coordinates": [30.4097086, 50.5103702]}}, {"type": "Feature", "properties": {"osmid": 1128}, "geometry": {"type": "Point", "coordinates": [30.460145, 50.4255493]}}, {"type": "Feature", "properties": {"osmid": 1129}, "geometry": {"type": "Point", "coordinates": [30.4599048, 50.4257533]}}, {"type": "Feature", "properties": {"osmid": 1130}, "geometry": {"type": "Point", "coordinates": [30.5481456, 50.4194488]}}, {"type": "Feature", "properties": {"osmid": 1131}, "geometry": {"type": "Point", "coordinates": [30.4685203, 50.5670124]}}, {"type": "Feature", "properties": {"osmid": 1132}, "geometry": {"type": "Point", "coordinates": [30.5453283, 50.579718]}}, {"type": "Feature", "properties": {"osmid": 1133}, "geometry": {"type": "Point", "coordinates": [30.5066297, 50.410511]}}, {"type": "Feature", "properties": {"osmid": 1134}, "geometry": {"type": "Point", "coordinates": [30.4469745, 50.4646049]}}, {"type": "Feature", "properties": {"osmid": 1135}, "geometry": {"type": "Point", "coordinates": [30.4878376, 50.4369215]}}, {"type": "Feature", "properties": {"osmid": 1136}, "geometry": {"type": "Point", "coordinates": [30.4497596, 50.5173318]}}, {"type": "Feature", "properties": {"osmid": 1137}, "geometry": {"type": "Point", "coordinates": [30.4494979, 50.5195275]}}, {"type": "Feature", "properties": {"osmid": 1138}, "geometry": {"type": "Point", "coordinates": [30.4880317, 50.4368347]}}, {"type": "Feature", "properties": {"osmid": 1139}, "geometry": {"type": "Point", "coordinates": [30.6942545, 50.4088437]}}, {"type": "Feature", "properties": {"osmid": 1140}, "geometry": {"type": "Point", "coordinates": [30.4503196, 50.4699018]}}, {"type": "Feature", "properties": {"osmid": 1141}, "geometry": {"type": "Point", "coordinates": [30.4518775, 50.4728674]}}, {"type": "Feature", "properties": {"osmid": 1142}, "geometry": {"type": "Point", "coordinates": [30.6105608, 50.4378038]}}, {"type": "Feature", "properties": {"osmid": 1143}, "geometry": {"type": "Point", "coordinates": [30.5160519, 50.4339459]}}, {"type": "Feature", "properties": {"osmid": 1144}, "geometry": {"type": "Point", "coordinates": [30.4427865, 50.4453763]}}, {"type": "Feature", "properties": {"osmid": 1145}, "geometry": {"type": "Point", "coordinates": [30.3659042, 50.4242886]}}, {"type": "Feature", "properties": {"osmid": 1146}, "geometry": {"type": "Point", "coordinates": [30.5160628, 50.4299194]}}, {"type": "Feature", "properties": {"osmid": 1147}, "geometry": {"type": "Point", "coordinates": [30.5093674, 50.4359968]}}, {"type": "Feature", "properties": {"osmid": 1148}, "geometry": {"type": "Point", "coordinates": [30.8039761, 50.5061647]}}, {"type": "Feature", "properties": {"osmid": 1149}, "geometry": {"type": "Point", "coordinates": [30.5159059, 50.439529]}}, {"type": "Feature", "properties": {"osmid": 1150}, "geometry": {"type": "Point", "coordinates": [30.5160244, 50.4359495]}}, {"type": "Feature", "properties": {"osmid": 1151}, "geometry": {"type": "Point", "coordinates": [30.4609099, 50.4836555]}}, {"type": "Feature", "properties": {"osmid": 1152}, "geometry": {"type": "Point", "coordinates": [30.3930333, 50.4068146]}}, {"type": "Feature", "properties": {"osmid": 1153}, "geometry": {"type": "Point", "coordinates": [30.508649, 50.4468065]}}, {"type": "Feature", "properties": {"osmid": 1154}, "geometry": {"type": "Point", "coordinates": [30.5133982, 50.4460369]}}, {"type": "Feature", "properties": {"osmid": 1155}, "geometry": {"type": "Point", "coordinates": [30.5159172, 50.4456267]}}, {"type": "Feature", "properties": {"osmid": 1156}, "geometry": {"type": "Point", "coordinates": [30.5181913, 50.4452609]}}, {"type": "Feature", "properties": {"osmid": 1157}, "geometry": {"type": "Point", "coordinates": [30.6330805, 50.4553721]}}, {"type": "Feature", "properties": {"osmid": 1158}, "geometry": {"type": "Point", "coordinates": [30.5155156, 50.451292]}}, {"type": "Feature", "properties": {"osmid": 1159}, "geometry": {"type": "Point", "coordinates": [30.5145758, 50.4489393]}}, {"type": "Feature", "properties": {"osmid": 1160}, "geometry": {"type": "Point", "coordinates": [30.3737502, 50.4158544]}}, {"type": "Feature", "properties": {"osmid": 1161}, "geometry": {"type": "Point", "coordinates": [30.6484011, 50.4659009]}}, {"type": "Feature", "properties": {"osmid": 1162}, "geometry": {"type": "Point", "coordinates": [30.5170542, 50.4537328]}}, {"type": "Feature", "properties": {"osmid": 1163}, "geometry": {"type": "Point", "coordinates": [30.6474479, 50.4672911]}}, {"type": "Feature", "properties": {"osmid": 1164}, "geometry": {"type": "Point", "coordinates": [30.5166829, 50.4541044]}}, {"type": "Feature", "properties": {"osmid": 1165}, "geometry": {"type": "Point", "coordinates": [30.4038491, 50.4029266]}}, {"type": "Feature", "properties": {"osmid": 1166}, "geometry": {"type": "Point", "coordinates": [30.5171211, 50.4554032]}}, {"type": "Feature", "properties": {"osmid": 1167}, "geometry": {"type": "Point", "coordinates": [30.6238707, 50.4698131]}}, {"type": "Feature", "properties": {"osmid": 1168}, "geometry": {"type": "Point", "coordinates": [30.6234974, 50.4696601]}}, {"type": "Feature", "properties": {"osmid": 1169}, "geometry": {"type": "Point", "coordinates": [30.6885683, 50.4057166]}}, {"type": "Feature", "properties": {"osmid": 1170}, "geometry": {"type": "Point", "coordinates": [30.6884033, 50.4057946]}}, {"type": "Feature", "properties": {"osmid": 1171}, "geometry": {"type": "Point", "coordinates": [30.3408726, 50.4562378]}}, {"type": "Feature", "properties": {"osmid": 1172}, "geometry": {"type": "Point", "coordinates": [30.7277938, 50.5908738]}}, {"type": "Feature", "properties": {"osmid": 1173}, "geometry": {"type": "Point", "coordinates": [30.5178925, 50.4251802]}}, {"type": "Feature", "properties": {"osmid": 1174}, "geometry": {"type": "Point", "coordinates": [30.5515328, 50.3505509]}}, {"type": "Feature", "properties": {"osmid": 1175}, "geometry": {"type": "Point", "coordinates": [30.5191955, 50.4230967]}}, {"type": "Feature", "properties": {"osmid": 1176}, "geometry": {"type": "Point", "coordinates": [30.5214705, 50.4237373]}}, {"type": "Feature", "properties": {"osmid": 1177}, "geometry": {"type": "Point", "coordinates": [30.4934928, 50.5808671]}}, {"type": "Feature", "properties": {"osmid": 1178}, "geometry": {"type": "Point", "coordinates": [30.3753472, 50.4618563]}}, {"type": "Feature", "properties": {"osmid": 1179}, "geometry": {"type": "Point", "coordinates": [30.5217134, 50.4191437]}}, {"type": "Feature", "properties": {"osmid": 1180}, "geometry": {"type": "Point", "coordinates": [30.5027481, 50.4260271]}}, {"type": "Feature", "properties": {"osmid": 1181}, "geometry": {"type": "Point", "coordinates": [30.494666, 50.4933203]}}, {"type": "Feature", "properties": {"osmid": 1182}, "geometry": {"type": "Point", "coordinates": [30.4872649, 50.4891647]}}, {"type": "Feature", "properties": {"osmid": 1183}, "geometry": {"type": "Point", "coordinates": [30.620209, 50.5285515]}}, {"type": "Feature", "properties": {"osmid": 1184}, "geometry": {"type": "Point", "coordinates": [30.5248717, 50.4140873]}}, {"type": "Feature", "properties": {"osmid": 1185}, "geometry": {"type": "Point", "coordinates": [30.620349, 50.5285455]}}, {"type": "Feature", "properties": {"osmid": 1186}, "geometry": {"type": "Point", "coordinates": [30.3769847, 50.4605247]}}, {"type": "Feature", "properties": {"osmid": 1187}, "geometry": {"type": "Point", "coordinates": [30.523154, 50.4133527]}}, {"type": "Feature", "properties": {"osmid": 1188}, "geometry": {"type": "Point", "coordinates": [30.4203537, 50.5099158]}}, {"type": "Feature", "properties": {"osmid": 1189}, "geometry": {"type": "Point", "coordinates": [30.5237102, 50.4129194]}}, {"type": "Feature", "properties": {"osmid": 1190}, "geometry": {"type": "Point", "coordinates": [30.3749225, 50.4614979]}}, {"type": "Feature", "properties": {"osmid": 1191}, "geometry": {"type": "Point", "coordinates": [30.5873719, 50.4952357]}}, {"type": "Feature", "properties": {"osmid": 1192}, "geometry": {"type": "Point", "coordinates": [30.3288529, 50.4338905]}}, {"type": "Feature", "properties": {"osmid": 1193}, "geometry": {"type": "Point", "coordinates": [30.5258777, 50.4111499]}}, {"type": "Feature", "properties": {"osmid": 1194}, "geometry": {"type": "Point", "coordinates": [30.5265068, 50.4114441]}}, {"type": "Feature", "properties": {"osmid": 1195}, "geometry": {"type": "Point", "coordinates": [30.3288199, 50.4339012]}}, {"type": "Feature", "properties": {"osmid": 1196}, "geometry": {"type": "Point", "coordinates": [30.5049735, 50.4347316]}}, {"type": "Feature", "properties": {"osmid": 1197}, "geometry": {"type": "Point", "coordinates": [30.5058143, 50.434553]}}, {"type": "Feature", "properties": {"osmid": 1198}, "geometry": {"type": "Point", "coordinates": [30.4580019, 50.3700054]}}, {"type": "Feature", "properties": {"osmid": 1199}, "geometry": {"type": "Point", "coordinates": [30.5184269, 50.4359458]}}, {"type": "Feature", "properties": {"osmid": 1200}, "geometry": {"type": "Point", "coordinates": [30.7988575, 50.3776048]}}, {"type": "Feature", "properties": {"osmid": 1201}, "geometry": {"type": "Point", "coordinates": [30.80019, 50.3843621]}}, {"type": "Feature", "properties": {"osmid": 1202}, "geometry": {"type": "Point", "coordinates": [30.7897783, 50.5216737]}}, {"type": "Feature", "properties": {"osmid": 1203}, "geometry": {"type": "Point", "coordinates": [30.4591872, 50.4240457]}}, {"type": "Feature", "properties": {"osmid": 1204}, "geometry": {"type": "Point", "coordinates": [30.8043764, 50.3839329]}}, {"type": "Feature", "properties": {"osmid": 1205}, "geometry": {"type": "Point", "coordinates": [30.6192533, 50.5227329]}}, {"type": "Feature", "properties": {"osmid": 1206}, "geometry": {"type": "Point", "coordinates": [30.619875, 50.5226682]}}, {"type": "Feature", "properties": {"osmid": 1207}, "geometry": {"type": "Point", "coordinates": [30.619996, 50.5232671]}}, {"type": "Feature", "properties": {"osmid": 1208}, "geometry": {"type": "Point", "coordinates": [30.6193073, 50.5232914]}}, {"type": "Feature", "properties": {"osmid": 1209}, "geometry": {"type": "Point", "coordinates": [30.4560684, 50.3685873]}}, {"type": "Feature", "properties": {"osmid": 1210}, "geometry": {"type": "Point", "coordinates": [30.6274704, 50.5198272]}}, {"type": "Feature", "properties": {"osmid": 1211}, "geometry": {"type": "Point", "coordinates": [30.4831439, 50.5062301]}}, {"type": "Feature", "properties": {"osmid": 1212}, "geometry": {"type": "Point", "coordinates": [30.2483896, 50.5167225]}}, {"type": "Feature", "properties": {"osmid": 1213}, "geometry": {"type": "Point", "coordinates": [30.5096288, 50.3968336]}}, {"type": "Feature", "properties": {"osmid": 1214}, "geometry": {"type": "Point", "coordinates": [30.6279623, 50.5227046]}}, {"type": "Feature", "properties": {"osmid": 1215}, "geometry": {"type": "Point", "coordinates": [30.6279508, 50.5225831]}}, {"type": "Feature", "properties": {"osmid": 1216}, "geometry": {"type": "Point", "coordinates": [30.5398227, 50.4453079]}}, {"type": "Feature", "properties": {"osmid": 1217}, "geometry": {"type": "Point", "coordinates": [30.545427, 50.4437681]}}, {"type": "Feature", "properties": {"osmid": 1218}, "geometry": {"type": "Point", "coordinates": [30.6191603, 50.5208028]}}, {"type": "Feature", "properties": {"osmid": 1219}, "geometry": {"type": "Point", "coordinates": [30.4158616, 50.4288882]}}, {"type": "Feature", "properties": {"osmid": 1220}, "geometry": {"type": "Point", "coordinates": [30.550185, 50.4405107]}}, {"type": "Feature", "properties": {"osmid": 1221}, "geometry": {"type": "Point", "coordinates": [30.6193126, 50.520791]}}, {"type": "Feature", "properties": {"osmid": 1222}, "geometry": {"type": "Point", "coordinates": [30.5870603, 50.4917784]}}, {"type": "Feature", "properties": {"osmid": 1223}, "geometry": {"type": "Point", "coordinates": [30.5026036, 50.3911093]}}, {"type": "Feature", "properties": {"osmid": 1224}, "geometry": {"type": "Point", "coordinates": [30.4574005, 50.4284176]}}, {"type": "Feature", "properties": {"osmid": 1225}, "geometry": {"type": "Point", "coordinates": [30.5151346, 50.4217047]}}, {"type": "Feature", "properties": {"osmid": 1226}, "geometry": {"type": "Point", "coordinates": [30.5099182, 50.4298785]}}, {"type": "Feature", "properties": {"osmid": 1227}, "geometry": {"type": "Point", "coordinates": [30.4685894, 50.3293297]}}, {"type": "Feature", "properties": {"osmid": 1228}, "geometry": {"type": "Point", "coordinates": [30.7965939, 50.4628579]}}, {"type": "Feature", "properties": {"osmid": 1229}, "geometry": {"type": "Point", "coordinates": [30.5141109, 50.4013399]}}, {"type": "Feature", "properties": {"osmid": 1230}, "geometry": {"type": "Point", "coordinates": [30.6112222, 50.4560976]}}, {"type": "Feature", "properties": {"osmid": 1231}, "geometry": {"type": "Point", "coordinates": [30.7755506, 50.5042077]}}, {"type": "Feature", "properties": {"osmid": 1232}, "geometry": {"type": "Point", "coordinates": [30.7809269, 50.4615905]}}, {"type": "Feature", "properties": {"osmid": 1233}, "geometry": {"type": "Point", "coordinates": [30.3830185, 50.4590173]}}, {"type": "Feature", "properties": {"osmid": 1234}, "geometry": {"type": "Point", "coordinates": [30.484658, 50.4186127]}}, {"type": "Feature", "properties": {"osmid": 1235}, "geometry": {"type": "Point", "coordinates": [30.3789986, 50.4587487]}}, {"type": "Feature", "properties": {"osmid": 1236}, "geometry": {"type": "Point", "coordinates": [30.5065772, 50.4364592]}}, {"type": "Feature", "properties": {"osmid": 1237}, "geometry": {"type": "Point", "coordinates": [30.5211646, 50.4384265]}}, {"type": "Feature", "properties": {"osmid": 1238}, "geometry": {"type": "Point", "coordinates": [30.3207032, 50.3415238]}}, {"type": "Feature", "properties": {"osmid": 1239}, "geometry": {"type": "Point", "coordinates": [30.7662327, 50.4611163]}}, {"type": "Feature", "properties": {"osmid": 1240}, "geometry": {"type": "Point", "coordinates": [30.636046, 50.4601541]}}, {"type": "Feature", "properties": {"osmid": 1241}, "geometry": {"type": "Point", "coordinates": [30.3639167, 50.4577613]}}, {"type": "Feature", "properties": {"osmid": 1242}, "geometry": {"type": "Point", "coordinates": [30.4810873, 50.4230465]}}, {"type": "Feature", "properties": {"osmid": 1243}, "geometry": {"type": "Point", "coordinates": [30.362706, 50.4652105]}}, {"type": "Feature", "properties": {"osmid": 1244}, "geometry": {"type": "Point", "coordinates": [30.6310633, 50.4258908]}}, {"type": "Feature", "properties": {"osmid": 1245}, "geometry": {"type": "Point", "coordinates": [30.5170969, 50.4054463]}}, {"type": "Feature", "properties": {"osmid": 1246}, "geometry": {"type": "Point", "coordinates": [30.6236069, 50.5124209]}}, {"type": "Feature", "properties": {"osmid": 1247}, "geometry": {"type": "Point", "coordinates": [30.6266155, 50.5172915]}}, {"type": "Feature", "properties": {"osmid": 1248}, "geometry": {"type": "Point", "coordinates": [30.5124764, 50.4437076]}}, {"type": "Feature", "properties": {"osmid": 1249}, "geometry": {"type": "Point", "coordinates": [30.4877229, 50.5900111]}}, {"type": "Feature", "properties": {"osmid": 1250}, "geometry": {"type": "Point", "coordinates": [30.5161042, 50.4526843]}}, {"type": "Feature", "properties": {"osmid": 1251}, "geometry": {"type": "Point", "coordinates": [30.7742127, 50.4612302]}}, {"type": "Feature", "properties": {"osmid": 1252}, "geometry": {"type": "Point", "coordinates": [30.6145024, 50.512783]}}, {"type": "Feature", "properties": {"osmid": 1253}, "geometry": {"type": "Point", "coordinates": [30.6137687, 50.5129924]}}, {"type": "Feature", "properties": {"osmid": 1254}, "geometry": {"type": "Point", "coordinates": [30.4945616, 50.5877643]}}, {"type": "Feature", "properties": {"osmid": 1255}, "geometry": {"type": "Point", "coordinates": [30.7720514, 50.4608339]}}, {"type": "Feature", "properties": {"osmid": 1256}, "geometry": {"type": "Point", "coordinates": [30.5199672, 50.455261]}}, {"type": "Feature", "properties": {"osmid": 1257}, "geometry": {"type": "Point", "coordinates": [30.2807761, 50.4501477]}}, {"type": "Feature", "properties": {"osmid": 1258}, "geometry": {"type": "Point", "coordinates": [30.4052469, 50.4078709]}}, {"type": "Feature", "properties": {"osmid": 1259}, "geometry": {"type": "Point", "coordinates": [30.7997856, 50.5168536]}}, {"type": "Feature", "properties": {"osmid": 1260}, "geometry": {"type": "Point", "coordinates": [30.4066218, 50.4078102]}}, {"type": "Feature", "properties": {"osmid": 1261}, "geometry": {"type": "Point", "coordinates": [30.7342405, 50.5907915]}}, {"type": "Feature", "properties": {"osmid": 1262}, "geometry": {"type": "Point", "coordinates": [30.3813242, 50.4924382]}}, {"type": "Feature", "properties": {"osmid": 1263}, "geometry": {"type": "Point", "coordinates": [30.4088227, 50.4079493]}}, {"type": "Feature", "properties": {"osmid": 1264}, "geometry": {"type": "Point", "coordinates": [30.5244022, 50.4593468]}}, {"type": "Feature", "properties": {"osmid": 1265}, "geometry": {"type": "Point", "coordinates": [30.3653713, 50.4911227]}}, {"type": "Feature", "properties": {"osmid": 1266}, "geometry": {"type": "Point", "coordinates": [30.4104076, 50.4083324]}}, {"type": "Feature", "properties": {"osmid": 1267}, "geometry": {"type": "Point", "coordinates": [30.4137488, 50.4100056]}}, {"type": "Feature", "properties": {"osmid": 1268}, "geometry": {"type": "Point", "coordinates": [30.4497028, 50.4699461]}}, {"type": "Feature", "properties": {"osmid": 1269}, "geometry": {"type": "Point", "coordinates": [30.6160707, 50.439038]}}, {"type": "Feature", "properties": {"osmid": 1270}, "geometry": {"type": "Point", "coordinates": [30.5128839, 50.4663101]}}, {"type": "Feature", "properties": {"osmid": 1271}, "geometry": {"type": "Point", "coordinates": [30.2941096, 50.439779]}}, {"type": "Feature", "properties": {"osmid": 1272}, "geometry": {"type": "Point", "coordinates": [30.5142349, 50.4676355]}}, {"type": "Feature", "properties": {"osmid": 1273}, "geometry": {"type": "Point", "coordinates": [30.5145539, 50.467443]}}, {"type": "Feature", "properties": {"osmid": 1274}, "geometry": {"type": "Point", "coordinates": [30.6141359, 50.5123085]}}, {"type": "Feature", "properties": {"osmid": 1275}, "geometry": {"type": "Point", "coordinates": [30.387632, 50.4563836]}}, {"type": "Feature", "properties": {"osmid": 1276}, "geometry": {"type": "Point", "coordinates": [30.4737296, 50.4361392]}}, {"type": "Feature", "properties": {"osmid": 1277}, "geometry": {"type": "Point", "coordinates": [30.530176, 50.4046891]}}, {"type": "Feature", "properties": {"osmid": 1278}, "geometry": {"type": "Point", "coordinates": [30.5859597, 50.5214599]}}, {"type": "Feature", "properties": {"osmid": 1279}, "geometry": {"type": "Point", "coordinates": [30.505357, 50.4731292]}}, {"type": "Feature", "properties": {"osmid": 1280}, "geometry": {"type": "Point", "coordinates": [30.5068206, 50.4722347]}}, {"type": "Feature", "properties": {"osmid": 1281}, "geometry": {"type": "Point", "coordinates": [30.6009058, 50.5048731]}}, {"type": "Feature", "properties": {"osmid": 1282}, "geometry": {"type": "Point", "coordinates": [30.6134271, 50.512536]}}, {"type": "Feature", "properties": {"osmid": 1283}, "geometry": {"type": "Point", "coordinates": [30.4360759, 50.3437293]}}, {"type": "Feature", "properties": {"osmid": 1284}, "geometry": {"type": "Point", "coordinates": [30.4561595, 50.4969482]}}, {"type": "Feature", "properties": {"osmid": 1285}, "geometry": {"type": "Point", "coordinates": [30.4285112, 50.341253]}}, {"type": "Feature", "properties": {"osmid": 1286}, "geometry": {"type": "Point", "coordinates": [30.3127207, 50.3956534]}}, {"type": "Feature", "properties": {"osmid": 1287}, "geometry": {"type": "Point", "coordinates": [30.4432889, 50.3312472]}}, {"type": "Feature", "properties": {"osmid": 1288}, "geometry": {"type": "Point", "coordinates": [30.5349305, 50.3461207]}}, {"type": "Feature", "properties": {"osmid": 1289}, "geometry": {"type": "Point", "coordinates": [30.5087013, 50.397522]}}, {"type": "Feature", "properties": {"osmid": 1290}, "geometry": {"type": "Point", "coordinates": [30.4486302, 50.3312677]}}, {"type": "Feature", "properties": {"osmid": 1291}, "geometry": {"type": "Point", "coordinates": [30.3718797, 50.4635534]}}, {"type": "Feature", "properties": {"osmid": 1292}, "geometry": {"type": "Point", "coordinates": [30.3714586, 50.4632026]}}, {"type": "Feature", "properties": {"osmid": 1293}, "geometry": {"type": "Point", "coordinates": [30.6508895, 50.4022036]}}, {"type": "Feature", "properties": {"osmid": 1294}, "geometry": {"type": "Point", "coordinates": [30.5436149, 50.3579796]}}, {"type": "Feature", "properties": {"osmid": 1295}, "geometry": {"type": "Point", "coordinates": [30.5054964, 50.4266737]}}, {"type": "Feature", "properties": {"osmid": 1296}, "geometry": {"type": "Point", "coordinates": [30.3539911, 50.341642]}}, {"type": "Feature", "properties": {"osmid": 1297}, "geometry": {"type": "Point", "coordinates": [30.5479433, 50.3717194]}}, {"type": "Feature", "properties": {"osmid": 1298}, "geometry": {"type": "Point", "coordinates": [30.6778026, 50.4268329]}}, {"type": "Feature", "properties": {"osmid": 1299}, "geometry": {"type": "Point", "coordinates": [30.7988258, 50.3301168]}}, {"type": "Feature", "properties": {"osmid": 1300}, "geometry": {"type": "Point", "coordinates": [30.785901, 50.4935364]}}, {"type": "Feature", "properties": {"osmid": 1301}, "geometry": {"type": "Point", "coordinates": [30.797023, 50.3300098]}}, {"type": "Feature", "properties": {"osmid": 1302}, "geometry": {"type": "Point", "coordinates": [30.3739263, 50.4953355]}}, {"type": "Feature", "properties": {"osmid": 1303}, "geometry": {"type": "Point", "coordinates": [30.5320118, 50.4820281]}}, {"type": "Feature", "properties": {"osmid": 1304}, "geometry": {"type": "Point", "coordinates": [30.809155, 50.5125521]}}, {"type": "Feature", "properties": {"osmid": 1305}, "geometry": {"type": "Point", "coordinates": [30.6263555, 50.4806373]}}, {"type": "Feature", "properties": {"osmid": 1306}, "geometry": {"type": "Point", "coordinates": [30.616713, 50.3932275]}}, {"type": "Feature", "properties": {"osmid": 1307}, "geometry": {"type": "Point", "coordinates": [30.3128014, 50.4425413]}}, {"type": "Feature", "properties": {"osmid": 1308}, "geometry": {"type": "Point", "coordinates": [30.3126804, 50.4423676]}}, {"type": "Feature", "properties": {"osmid": 1309}, "geometry": {"type": "Point", "coordinates": [30.8740168, 50.5310547]}}, {"type": "Feature", "properties": {"osmid": 1310}, "geometry": {"type": "Point", "coordinates": [30.4791617, 50.3820192]}}, {"type": "Feature", "properties": {"osmid": 1311}, "geometry": {"type": "Point", "coordinates": [30.5967231, 50.4543034]}}, {"type": "Feature", "properties": {"osmid": 1312}, "geometry": {"type": "Point", "coordinates": [30.5300816, 50.4888869]}}, {"type": "Feature", "properties": {"osmid": 1313}, "geometry": {"type": "Point", "coordinates": [30.5300274, 50.4890097]}}, {"type": "Feature", "properties": {"osmid": 1314}, "geometry": {"type": "Point", "coordinates": [30.6778503, 50.4269455]}}, {"type": "Feature", "properties": {"osmid": 1315}, "geometry": {"type": "Point", "coordinates": [30.8675153, 50.5294247]}}, {"type": "Feature", "properties": {"osmid": 1316}, "geometry": {"type": "Point", "coordinates": [30.478708, 50.5176829]}}, {"type": "Feature", "properties": {"osmid": 1317}, "geometry": {"type": "Point", "coordinates": [30.2627121, 50.5400039]}}, {"type": "Feature", "properties": {"osmid": 1318}, "geometry": {"type": "Point", "coordinates": [30.2597514, 50.5342578]}}, {"type": "Feature", "properties": {"osmid": 1319}, "geometry": {"type": "Point", "coordinates": [30.543273, 50.4928497]}}, {"type": "Feature", "properties": {"osmid": 1320}, "geometry": {"type": "Point", "coordinates": [30.5450625, 50.4933041]}}, {"type": "Feature", "properties": {"osmid": 1321}, "geometry": {"type": "Point", "coordinates": [30.5450082, 50.4934507]}}, {"type": "Feature", "properties": {"osmid": 1322}, "geometry": {"type": "Point", "coordinates": [30.5432516, 50.4929947]}}, {"type": "Feature", "properties": {"osmid": 1323}, "geometry": {"type": "Point", "coordinates": [30.4834971, 50.5168867]}}, {"type": "Feature", "properties": {"osmid": 1324}, "geometry": {"type": "Point", "coordinates": [30.2505373, 50.4479702]}}, {"type": "Feature", "properties": {"osmid": 1325}, "geometry": {"type": "Point", "coordinates": [30.6313809, 50.4526273]}}, {"type": "Feature", "properties": {"osmid": 1326}, "geometry": {"type": "Point", "coordinates": [30.4825512, 50.517641]}}, {"type": "Feature", "properties": {"osmid": 1327}, "geometry": {"type": "Point", "coordinates": [30.4252429, 50.459831]}}, {"type": "Feature", "properties": {"osmid": 1328}, "geometry": {"type": "Point", "coordinates": [30.5700354, 50.4955787]}}, {"type": "Feature", "properties": {"osmid": 1329}, "geometry": {"type": "Point", "coordinates": [30.6337414, 50.4549237]}}, {"type": "Feature", "properties": {"osmid": 1330}, "geometry": {"type": "Point", "coordinates": [30.4235684, 50.4593419]}}, {"type": "Feature", "properties": {"osmid": 1331}, "geometry": {"type": "Point", "coordinates": [30.5780325, 50.4955332]}}, {"type": "Feature", "properties": {"osmid": 1332}, "geometry": {"type": "Point", "coordinates": [30.4903795, 50.3542122]}}, {"type": "Feature", "properties": {"osmid": 1333}, "geometry": {"type": "Point", "coordinates": [30.5684333, 50.4228607]}}, {"type": "Feature", "properties": {"osmid": 1334}, "geometry": {"type": "Point", "coordinates": [30.585983, 50.4952432]}}, {"type": "Feature", "properties": {"osmid": 1335}, "geometry": {"type": "Point", "coordinates": [30.3845736, 50.4975796]}}, {"type": "Feature", "properties": {"osmid": 1336}, "geometry": {"type": "Point", "coordinates": [30.3457467, 50.4262391]}}, {"type": "Feature", "properties": {"osmid": 1337}, "geometry": {"type": "Point", "coordinates": [30.5687744, 50.4245855]}}, {"type": "Feature", "properties": {"osmid": 1338}, "geometry": {"type": "Point", "coordinates": [30.6328966, 50.4550611]}}, {"type": "Feature", "properties": {"osmid": 1339}, "geometry": {"type": "Point", "coordinates": [30.5893476, 50.4967525]}}, {"type": "Feature", "properties": {"osmid": 1340}, "geometry": {"type": "Point", "coordinates": [30.5911082, 50.4955382]}}, {"type": "Feature", "properties": {"osmid": 1341}, "geometry": {"type": "Point", "coordinates": [30.5895452, 50.4967257]}}, {"type": "Feature", "properties": {"osmid": 1342}, "geometry": {"type": "Point", "coordinates": [30.5898996, 50.4939899]}}, {"type": "Feature", "properties": {"osmid": 1343}, "geometry": {"type": "Point", "coordinates": [30.6448045, 50.4132792]}}, {"type": "Feature", "properties": {"osmid": 1344}, "geometry": {"type": "Point", "coordinates": [30.6461441, 50.4131343]}}, {"type": "Feature", "properties": {"osmid": 1345}, "geometry": {"type": "Point", "coordinates": [30.6460873, 50.4129108]}}, {"type": "Feature", "properties": {"osmid": 1346}, "geometry": {"type": "Point", "coordinates": [30.6049667, 50.4954112]}}, {"type": "Feature", "properties": {"osmid": 1347}, "geometry": {"type": "Point", "coordinates": [30.6761838, 50.4494469]}}, {"type": "Feature", "properties": {"osmid": 1348}, "geometry": {"type": "Point", "coordinates": [30.3897827, 50.3859189]}}, {"type": "Feature", "properties": {"osmid": 1349}, "geometry": {"type": "Point", "coordinates": [30.4828037, 50.4863097]}}, {"type": "Feature", "properties": {"osmid": 1350}, "geometry": {"type": "Point", "coordinates": [30.3330402, 50.4229424]}}, {"type": "Feature", "properties": {"osmid": 1351}, "geometry": {"type": "Point", "coordinates": [30.8695129, 50.4898778]}}, {"type": "Feature", "properties": {"osmid": 1352}, "geometry": {"type": "Point", "coordinates": [30.7809361, 50.3878318]}}, {"type": "Feature", "properties": {"osmid": 1353}, "geometry": {"type": "Point", "coordinates": [30.3907881, 50.4081958]}}, {"type": "Feature", "properties": {"osmid": 1354}, "geometry": {"type": "Point", "coordinates": [30.3313985, 50.4171581]}}, {"type": "Feature", "properties": {"osmid": 1355}, "geometry": {"type": "Point", "coordinates": [30.3347217, 50.4195272]}}, {"type": "Feature", "properties": {"osmid": 1356}, "geometry": {"type": "Point", "coordinates": [30.3590834, 50.4738448]}}, {"type": "Feature", "properties": {"osmid": 1357}, "geometry": {"type": "Point", "coordinates": [30.36087, 50.4754461]}}, {"type": "Feature", "properties": {"osmid": 1358}, "geometry": {"type": "Point", "coordinates": [30.3614298, 50.4737072]}}, {"type": "Feature", "properties": {"osmid": 1359}, "geometry": {"type": "Point", "coordinates": [30.8118663, 50.5255462]}}, {"type": "Feature", "properties": {"osmid": 1360}, "geometry": {"type": "Point", "coordinates": [30.5247126, 50.4121058]}}, {"type": "Feature", "properties": {"osmid": 1361}, "geometry": {"type": "Point", "coordinates": [30.4669873, 50.4512718]}}, {"type": "Feature", "properties": {"osmid": 1362}, "geometry": {"type": "Point", "coordinates": [30.3586236, 50.4752726]}}, {"type": "Feature", "properties": {"osmid": 1363}, "geometry": {"type": "Point", "coordinates": [30.4667768, 50.4513019]}}, {"type": "Feature", "properties": {"osmid": 1364}, "geometry": {"type": "Point", "coordinates": [30.5912899, 50.4952227]}}, {"type": "Feature", "properties": {"osmid": 1365}, "geometry": {"type": "Point", "coordinates": [30.3944623, 50.4153764]}}, {"type": "Feature", "properties": {"osmid": 1366}, "geometry": {"type": "Point", "coordinates": [30.3941814, 50.4268268]}}, {"type": "Feature", "properties": {"osmid": 1367}, "geometry": {"type": "Point", "coordinates": [30.5250382, 50.4390718]}}, {"type": "Feature", "properties": {"osmid": 1368}, "geometry": {"type": "Point", "coordinates": [30.8257916, 50.4044542]}}, {"type": "Feature", "properties": {"osmid": 1369}, "geometry": {"type": "Point", "coordinates": [30.3939518, 50.4264936]}}, {"type": "Feature", "properties": {"osmid": 1370}, "geometry": {"type": "Point", "coordinates": [30.5222423, 50.4424562]}}, {"type": "Feature", "properties": {"osmid": 1371}, "geometry": {"type": "Point", "coordinates": [30.3297997, 50.4154813]}}, {"type": "Feature", "properties": {"osmid": 1372}, "geometry": {"type": "Point", "coordinates": [30.3927036, 50.4242841]}}, {"type": "Feature", "properties": {"osmid": 1373}, "geometry": {"type": "Point", "coordinates": [30.3304581, 50.4148391]}}, {"type": "Feature", "properties": {"osmid": 1374}, "geometry": {"type": "Point", "coordinates": [30.5852512, 50.4915817]}}, {"type": "Feature", "properties": {"osmid": 1375}, "geometry": {"type": "Point", "coordinates": [30.6753705, 50.5556287]}}, {"type": "Feature", "properties": {"osmid": 1376}, "geometry": {"type": "Point", "coordinates": [30.8371406, 50.3989047]}}, {"type": "Feature", "properties": {"osmid": 1377}, "geometry": {"type": "Point", "coordinates": [30.4691549, 50.5279923]}}, {"type": "Feature", "properties": {"osmid": 1378}, "geometry": {"type": "Point", "coordinates": [30.7913979, 50.3793334]}}, {"type": "Feature", "properties": {"osmid": 1379}, "geometry": {"type": "Point", "coordinates": [30.791673, 50.3803384]}}, {"type": "Feature", "properties": {"osmid": 1380}, "geometry": {"type": "Point", "coordinates": [30.8314148, 50.387662]}}, {"type": "Feature", "properties": {"osmid": 1381}, "geometry": {"type": "Point", "coordinates": [30.384871, 50.4257821]}}, {"type": "Feature", "properties": {"osmid": 1382}, "geometry": {"type": "Point", "coordinates": [30.5897061, 50.4952032]}}, {"type": "Feature", "properties": {"osmid": 1383}, "geometry": {"type": "Point", "coordinates": [30.8428277, 50.407574]}}, {"type": "Feature", "properties": {"osmid": 1384}, "geometry": {"type": "Point", "coordinates": [30.5851289, 50.4924224]}}, {"type": "Feature", "properties": {"osmid": 1385}, "geometry": {"type": "Point", "coordinates": [30.3902668, 50.416791]}}, {"type": "Feature", "properties": {"osmid": 1386}, "geometry": {"type": "Point", "coordinates": [30.3905542, 50.417269]}}, {"type": "Feature", "properties": {"osmid": 1387}, "geometry": {"type": "Point", "coordinates": [30.7836866, 50.3835838]}}, {"type": "Feature", "properties": {"osmid": 1388}, "geometry": {"type": "Point", "coordinates": [30.388921, 50.4176901]}}, {"type": "Feature", "properties": {"osmid": 1389}, "geometry": {"type": "Point", "coordinates": [30.484386, 50.4530289]}}, {"type": "Feature", "properties": {"osmid": 1390}, "geometry": {"type": "Point", "coordinates": [30.5073332, 50.5136199]}}, {"type": "Feature", "properties": {"osmid": 1391}, "geometry": {"type": "Point", "coordinates": [30.6114364, 50.4461932]}}, {"type": "Feature", "properties": {"osmid": 1392}, "geometry": {"type": "Point", "coordinates": [30.6153361, 50.4474267]}}, {"type": "Feature", "properties": {"osmid": 1393}, "geometry": {"type": "Point", "coordinates": [30.7593264, 50.5839304]}}, {"type": "Feature", "properties": {"osmid": 1394}, "geometry": {"type": "Point", "coordinates": [30.6151422, 50.4477166]}}, {"type": "Feature", "properties": {"osmid": 1395}, "geometry": {"type": "Point", "coordinates": [30.6155945, 50.4469866]}}, {"type": "Feature", "properties": {"osmid": 1396}, "geometry": {"type": "Point", "coordinates": [30.6144829, 50.4453656]}}, {"type": "Feature", "properties": {"osmid": 1397}, "geometry": {"type": "Point", "coordinates": [30.3354477, 50.4100114]}}, {"type": "Feature", "properties": {"osmid": 1398}, "geometry": {"type": "Point", "coordinates": [30.7874492, 50.3900889]}}, {"type": "Feature", "properties": {"osmid": 1399}, "geometry": {"type": "Point", "coordinates": [30.7877344, 50.389692]}}, {"type": "Feature", "properties": {"osmid": 1400}, "geometry": {"type": "Point", "coordinates": [30.619916, 50.4487144]}}, {"type": "Feature", "properties": {"osmid": 1401}, "geometry": {"type": "Point", "coordinates": [30.5086159, 50.4521177]}}, {"type": "Feature", "properties": {"osmid": 1402}, "geometry": {"type": "Point", "coordinates": [30.525936, 50.4123829]}}, {"type": "Feature", "properties": {"osmid": 1403}, "geometry": {"type": "Point", "coordinates": [30.316679, 50.5649047]}}, {"type": "Feature", "properties": {"osmid": 1404}, "geometry": {"type": "Point", "coordinates": [30.430394, 50.408867]}}, {"type": "Feature", "properties": {"osmid": 1405}, "geometry": {"type": "Point", "coordinates": [30.5103141, 50.4507733]}}, {"type": "Feature", "properties": {"osmid": 1406}, "geometry": {"type": "Point", "coordinates": [30.8252815, 50.512848]}}, {"type": "Feature", "properties": {"osmid": 1407}, "geometry": {"type": "Point", "coordinates": [30.5059144, 50.4543626]}}, {"type": "Feature", "properties": {"osmid": 1408}, "geometry": {"type": "Point", "coordinates": [30.5934617, 50.495228]}}, {"type": "Feature", "properties": {"osmid": 1409}, "geometry": {"type": "Point", "coordinates": [30.5934997, 50.495521]}}, {"type": "Feature", "properties": {"osmid": 1410}, "geometry": {"type": "Point", "coordinates": [30.5010296, 50.4523261]}}, {"type": "Feature", "properties": {"osmid": 1411}, "geometry": {"type": "Point", "coordinates": [30.5905711, 50.5000385]}}, {"type": "Feature", "properties": {"osmid": 1412}, "geometry": {"type": "Point", "coordinates": [30.5906995, 50.4999961]}}, {"type": "Feature", "properties": {"osmid": 1413}, "geometry": {"type": "Point", "coordinates": [30.3589826, 50.4397093]}}, {"type": "Feature", "properties": {"osmid": 1414}, "geometry": {"type": "Point", "coordinates": [30.5895254, 50.4974591]}}, {"type": "Feature", "properties": {"osmid": 1415}, "geometry": {"type": "Point", "coordinates": [30.6400573, 50.4219925]}}, {"type": "Feature", "properties": {"osmid": 1416}, "geometry": {"type": "Point", "coordinates": [30.7881571, 50.3891887]}}, {"type": "Feature", "properties": {"osmid": 1417}, "geometry": {"type": "Point", "coordinates": [30.6880874, 50.5586108]}}, {"type": "Feature", "properties": {"osmid": 1418}, "geometry": {"type": "Point", "coordinates": [30.5116468, 50.4553343]}}, {"type": "Feature", "properties": {"osmid": 1419}, "geometry": {"type": "Point", "coordinates": [30.6079965, 50.4942841]}}, {"type": "Feature", "properties": {"osmid": 1420}, "geometry": {"type": "Point", "coordinates": [30.4559246, 50.3853051]}}, {"type": "Feature", "properties": {"osmid": 1421}, "geometry": {"type": "Point", "coordinates": [30.6049783, 50.4952783]}}, {"type": "Feature", "properties": {"osmid": 1422}, "geometry": {"type": "Point", "coordinates": [30.6080757, 50.4952193]}}, {"type": "Feature", "properties": {"osmid": 1423}, "geometry": {"type": "Point", "coordinates": [30.7129779, 50.3342518]}}, {"type": "Feature", "properties": {"osmid": 1424}, "geometry": {"type": "Point", "coordinates": [30.4186765, 50.4382366]}}, {"type": "Feature", "properties": {"osmid": 1425}, "geometry": {"type": "Point", "coordinates": [30.5134348, 50.4491266]}}, {"type": "Feature", "properties": {"osmid": 1426}, "geometry": {"type": "Point", "coordinates": [30.4560955, 50.4257049]}}, {"type": "Feature", "properties": {"osmid": 1427}, "geometry": {"type": "Point", "coordinates": [30.509615, 50.4834329]}}, {"type": "Feature", "properties": {"osmid": 1428}, "geometry": {"type": "Point", "coordinates": [30.6437584, 50.4158438]}}, {"type": "Feature", "properties": {"osmid": 1429}, "geometry": {"type": "Point", "coordinates": [30.5906342, 50.4627364]}}, {"type": "Feature", "properties": {"osmid": 1430}, "geometry": {"type": "Point", "coordinates": [30.6565818, 50.4223054]}}, {"type": "Feature", "properties": {"osmid": 1431}, "geometry": {"type": "Point", "coordinates": [30.6567178, 50.422368]}}, {"type": "Feature", "properties": {"osmid": 1432}, "geometry": {"type": "Point", "coordinates": [30.4521958, 50.5973696]}}, {"type": "Feature", "properties": {"osmid": 1433}, "geometry": {"type": "Point", "coordinates": [30.4653737, 50.3904893]}}, {"type": "Feature", "properties": {"osmid": 1434}, "geometry": {"type": "Point", "coordinates": [30.4722793, 50.4851201]}}, {"type": "Feature", "properties": {"osmid": 1435}, "geometry": {"type": "Point", "coordinates": [30.5261347, 50.4597822]}}, {"type": "Feature", "properties": {"osmid": 1436}, "geometry": {"type": "Point", "coordinates": [30.5831132, 50.4953001]}}, {"type": "Feature", "properties": {"osmid": 1437}, "geometry": {"type": "Point", "coordinates": [30.5070478, 50.4470694]}}, {"type": "Feature", "properties": {"osmid": 1438}, "geometry": {"type": "Point", "coordinates": [30.503875, 50.4475984]}}, {"type": "Feature", "properties": {"osmid": 1439}, "geometry": {"type": "Point", "coordinates": [30.4982988, 50.5224557]}}, {"type": "Feature", "properties": {"osmid": 1440}, "geometry": {"type": "Point", "coordinates": [30.6201224, 50.4201275]}}, {"type": "Feature", "properties": {"osmid": 1441}, "geometry": {"type": "Point", "coordinates": [30.5221961, 50.4087212]}}, {"type": "Feature", "properties": {"osmid": 1442}, "geometry": {"type": "Point", "coordinates": [30.6066806, 50.3753506]}}, {"type": "Feature", "properties": {"osmid": 1443}, "geometry": {"type": "Point", "coordinates": [30.5186253, 50.4073039]}}, {"type": "Feature", "properties": {"osmid": 1444}, "geometry": {"type": "Point", "coordinates": [30.6060493, 50.37777]}}, {"type": "Feature", "properties": {"osmid": 1445}, "geometry": {"type": "Point", "coordinates": [30.5859403, 50.4955866]}}, {"type": "Feature", "properties": {"osmid": 1446}, "geometry": {"type": "Point", "coordinates": [30.5895343, 50.4952032]}}, {"type": "Feature", "properties": {"osmid": 1447}, "geometry": {"type": "Point", "coordinates": [30.5894714, 50.4955592]}}, {"type": "Feature", "properties": {"osmid": 1448}, "geometry": {"type": "Point", "coordinates": [30.6495976, 50.4154094]}}, {"type": "Feature", "properties": {"osmid": 1449}, "geometry": {"type": "Point", "coordinates": [30.4277228, 50.4601857]}}, {"type": "Feature", "properties": {"osmid": 1450}, "geometry": {"type": "Point", "coordinates": [30.6059004, 50.3783844]}}, {"type": "Feature", "properties": {"osmid": 1451}, "geometry": {"type": "Point", "coordinates": [30.6052911, 50.3807706]}}, {"type": "Feature", "properties": {"osmid": 1452}, "geometry": {"type": "Point", "coordinates": [30.5029541, 50.4501624]}}, {"type": "Feature", "properties": {"osmid": 1453}, "geometry": {"type": "Point", "coordinates": [30.5007903, 50.4522237]}}, {"type": "Feature", "properties": {"osmid": 1454}, "geometry": {"type": "Point", "coordinates": [30.5500352, 50.3710577]}}, {"type": "Feature", "properties": {"osmid": 1455}, "geometry": {"type": "Point", "coordinates": [30.6068354, 50.3747538]}}, {"type": "Feature", "properties": {"osmid": 1456}, "geometry": {"type": "Point", "coordinates": [30.4964458, 50.4503694]}}, {"type": "Feature", "properties": {"osmid": 1457}, "geometry": {"type": "Point", "coordinates": [30.5528404, 50.4216664]}}, {"type": "Feature", "properties": {"osmid": 1458}, "geometry": {"type": "Point", "coordinates": [30.4119078, 50.4363122]}}, {"type": "Feature", "properties": {"osmid": 1459}, "geometry": {"type": "Point", "coordinates": [30.5523711, 50.4219362]}}, {"type": "Feature", "properties": {"osmid": 1460}, "geometry": {"type": "Point", "coordinates": [30.4102121, 50.4376717]}}, {"type": "Feature", "properties": {"osmid": 1461}, "geometry": {"type": "Point", "coordinates": [30.6065237, 50.3759449]}}, {"type": "Feature", "properties": {"osmid": 1462}, "geometry": {"type": "Point", "coordinates": [30.6057699, 50.3788951]}}, {"type": "Feature", "properties": {"osmid": 1463}, "geometry": {"type": "Point", "coordinates": [30.4103871, 50.4440795]}}, {"type": "Feature", "properties": {"osmid": 1464}, "geometry": {"type": "Point", "coordinates": [30.3783398, 50.4568716]}}, {"type": "Feature", "properties": {"osmid": 1465}, "geometry": {"type": "Point", "coordinates": [30.5098785, 50.4511171]}}, {"type": "Feature", "properties": {"osmid": 1466}, "geometry": {"type": "Point", "coordinates": [30.4583585, 50.4236056]}}, {"type": "Feature", "properties": {"osmid": 1467}, "geometry": {"type": "Point", "coordinates": [30.2800376, 50.3440206]}}, {"type": "Feature", "properties": {"osmid": 1468}, "geometry": {"type": "Point", "coordinates": [30.2801756, 50.3440595]}}, {"type": "Feature", "properties": {"osmid": 1469}, "geometry": {"type": "Point", "coordinates": [30.8112681, 50.516155]}}, {"type": "Feature", "properties": {"osmid": 1470}, "geometry": {"type": "Point", "coordinates": [30.3429591, 50.4070553]}}, {"type": "Feature", "properties": {"osmid": 1471}, "geometry": {"type": "Point", "coordinates": [30.6051167, 50.3813795]}}, {"type": "Feature", "properties": {"osmid": 1472}, "geometry": {"type": "Point", "coordinates": [30.8309849, 50.4888285]}}, {"type": "Feature", "properties": {"osmid": 1473}, "geometry": {"type": "Point", "coordinates": [30.6063928, 50.376541]}}, {"type": "Feature", "properties": {"osmid": 1474}, "geometry": {"type": "Point", "coordinates": [30.4772121, 50.3891784]}}, {"type": "Feature", "properties": {"osmid": 1475}, "geometry": {"type": "Point", "coordinates": [30.6884842, 50.561123]}}, {"type": "Feature", "properties": {"osmid": 1476}, "geometry": {"type": "Point", "coordinates": [30.484908, 50.4602014]}}, {"type": "Feature", "properties": {"osmid": 1477}, "geometry": {"type": "Point", "coordinates": [30.546709, 50.5771682]}}, {"type": "Feature", "properties": {"osmid": 1478}, "geometry": {"type": "Point", "coordinates": [30.4867232, 50.4608572]}}, {"type": "Feature", "properties": {"osmid": 1479}, "geometry": {"type": "Point", "coordinates": [30.4886387, 50.4608518]}}, {"type": "Feature", "properties": {"osmid": 1480}, "geometry": {"type": "Point", "coordinates": [30.5090848, 50.5057982]}}, {"type": "Feature", "properties": {"osmid": 1481}, "geometry": {"type": "Point", "coordinates": [30.5095201, 50.5063204]}}, {"type": "Feature", "properties": {"osmid": 1482}, "geometry": {"type": "Point", "coordinates": [30.355558, 50.4602678]}}, {"type": "Feature", "properties": {"osmid": 1483}, "geometry": {"type": "Point", "coordinates": [30.5176351, 50.4962938]}}, {"type": "Feature", "properties": {"osmid": 1484}, "geometry": {"type": "Point", "coordinates": [30.6092737, 50.354642]}}, {"type": "Feature", "properties": {"osmid": 1485}, "geometry": {"type": "Point", "coordinates": [30.5180337, 50.4958452]}}, {"type": "Feature", "properties": {"osmid": 1486}, "geometry": {"type": "Point", "coordinates": [30.7878898, 50.5128052]}}, {"type": "Feature", "properties": {"osmid": 1487}, "geometry": {"type": "Point", "coordinates": [30.5081971, 50.4962344]}}, {"type": "Feature", "properties": {"osmid": 1488}, "geometry": {"type": "Point", "coordinates": [30.4494509, 50.5210519]}}, {"type": "Feature", "properties": {"osmid": 1489}, "geometry": {"type": "Point", "coordinates": [30.7770111, 50.5060731]}}, {"type": "Feature", "properties": {"osmid": 1490}, "geometry": {"type": "Point", "coordinates": [30.6174798, 50.347664]}}, {"type": "Feature", "properties": {"osmid": 1491}, "geometry": {"type": "Point", "coordinates": [30.5073472, 50.4959973]}}, {"type": "Feature", "properties": {"osmid": 1492}, "geometry": {"type": "Point", "coordinates": [30.5081058, 50.4957265]}}, {"type": "Feature", "properties": {"osmid": 1493}, "geometry": {"type": "Point", "coordinates": [30.5247687, 50.4748167]}}, {"type": "Feature", "properties": {"osmid": 1494}, "geometry": {"type": "Point", "coordinates": [30.524702, 50.4746748]}}, {"type": "Feature", "properties": {"osmid": 1495}, "geometry": {"type": "Point", "coordinates": [30.4313062, 50.4430864]}}, {"type": "Feature", "properties": {"osmid": 1496}, "geometry": {"type": "Point", "coordinates": [30.6054439, 50.3801668]}}, {"type": "Feature", "properties": {"osmid": 1497}, "geometry": {"type": "Point", "coordinates": [30.7706179, 50.5088074]}}, {"type": "Feature", "properties": {"osmid": 1498}, "geometry": {"type": "Point", "coordinates": [30.4716087, 50.4677204]}}, {"type": "Feature", "properties": {"osmid": 1499}, "geometry": {"type": "Point", "coordinates": [30.6079677, 50.3555531]}}, {"type": "Feature", "properties": {"osmid": 1500}, "geometry": {"type": "Point", "coordinates": [30.7663773, 50.509278]}}, {"type": "Feature", "properties": {"osmid": 1501}, "geometry": {"type": "Point", "coordinates": [30.5175174, 50.4179888]}}, {"type": "Feature", "properties": {"osmid": 1502}, "geometry": {"type": "Point", "coordinates": [30.7627683, 50.5113153]}}, {"type": "Feature", "properties": {"osmid": 1503}, "geometry": {"type": "Point", "coordinates": [30.712008, 50.3333779]}}, {"type": "Feature", "properties": {"osmid": 1504}, "geometry": {"type": "Point", "coordinates": [30.7978218, 50.5060653]}}, {"type": "Feature", "properties": {"osmid": 1505}, "geometry": {"type": "Point", "coordinates": [30.6093711, 50.3946667]}}, {"type": "Feature", "properties": {"osmid": 1506}, "geometry": {"type": "Point", "coordinates": [30.5461635, 50.4020192]}}, {"type": "Feature", "properties": {"osmid": 1507}, "geometry": {"type": "Point", "coordinates": [30.7719616, 50.5108641]}}, {"type": "Feature", "properties": {"osmid": 1508}, "geometry": {"type": "Point", "coordinates": [30.3803797, 50.4212115]}}, {"type": "Feature", "properties": {"osmid": 1509}, "geometry": {"type": "Point", "coordinates": [30.7983332, 50.5060431]}}, {"type": "Feature", "properties": {"osmid": 1510}, "geometry": {"type": "Point", "coordinates": [30.6055955, 50.3795724]}}, {"type": "Feature", "properties": {"osmid": 1511}, "geometry": {"type": "Point", "coordinates": [30.773577, 50.5131833]}}, {"type": "Feature", "properties": {"osmid": 1512}, "geometry": {"type": "Point", "coordinates": [30.6079197, 50.3672476]}}, {"type": "Feature", "properties": {"osmid": 1513}, "geometry": {"type": "Point", "coordinates": [30.6585869, 50.5794023]}}, {"type": "Feature", "properties": {"osmid": 1514}, "geometry": {"type": "Point", "coordinates": [30.2647102, 50.5496354]}}, {"type": "Feature", "properties": {"osmid": 1515}, "geometry": {"type": "Point", "coordinates": [30.5357078, 50.4035566]}}, {"type": "Feature", "properties": {"osmid": 1516}, "geometry": {"type": "Point", "coordinates": [30.4836317, 50.4180432]}}, {"type": "Feature", "properties": {"osmid": 1517}, "geometry": {"type": "Point", "coordinates": [30.7621093, 50.4971997]}}, {"type": "Feature", "properties": {"osmid": 1518}, "geometry": {"type": "Point", "coordinates": [30.2916353, 50.4390365]}}, {"type": "Feature", "properties": {"osmid": 1519}, "geometry": {"type": "Point", "coordinates": [30.289334, 50.4373916]}}, {"type": "Feature", "properties": {"osmid": 1520}, "geometry": {"type": "Point", "coordinates": [30.5518902, 50.3491072]}}, {"type": "Feature", "properties": {"osmid": 1521}, "geometry": {"type": "Point", "coordinates": [30.8168923, 50.5287055]}}, {"type": "Feature", "properties": {"osmid": 1522}, "geometry": {"type": "Point", "coordinates": [30.4489209, 50.4757802]}}, {"type": "Feature", "properties": {"osmid": 1523}, "geometry": {"type": "Point", "coordinates": [30.7839978, 50.3835014]}}, {"type": "Feature", "properties": {"osmid": 1524}, "geometry": {"type": "Point", "coordinates": [30.5362453, 50.4449963]}}, {"type": "Feature", "properties": {"osmid": 1525}, "geometry": {"type": "Point", "coordinates": [30.4936326, 50.4891173]}}, {"type": "Feature", "properties": {"osmid": 1526}, "geometry": {"type": "Point", "coordinates": [30.4587923, 50.4718576]}}, {"type": "Feature", "properties": {"osmid": 1527}, "geometry": {"type": "Point", "coordinates": [30.4498624, 50.5208483]}}, {"type": "Feature", "properties": {"osmid": 1528}, "geometry": {"type": "Point", "coordinates": [30.6238847, 50.4418697]}}, {"type": "Feature", "properties": {"osmid": 1529}, "geometry": {"type": "Point", "coordinates": [30.5271219, 50.389984]}}, {"type": "Feature", "properties": {"osmid": 1530}, "geometry": {"type": "Point", "coordinates": [30.3949892, 50.4248771]}}, {"type": "Feature", "properties": {"osmid": 1531}, "geometry": {"type": "Point", "coordinates": [30.6251776, 50.4419762]}}, {"type": "Feature", "properties": {"osmid": 1532}, "geometry": {"type": "Point", "coordinates": [30.783837, 50.3834347]}}, {"type": "Feature", "properties": {"osmid": 1533}, "geometry": {"type": "Point", "coordinates": [30.5014998, 50.4419303]}}, {"type": "Feature", "properties": {"osmid": 1534}, "geometry": {"type": "Point", "coordinates": [30.4508474, 50.4629051]}}, {"type": "Feature", "properties": {"osmid": 1535}, "geometry": {"type": "Point", "coordinates": [30.4475199, 50.4387205]}}, {"type": "Feature", "properties": {"osmid": 1536}, "geometry": {"type": "Point", "coordinates": [30.3324383, 50.4248044]}}, {"type": "Feature", "properties": {"osmid": 1537}, "geometry": {"type": "Point", "coordinates": [30.4916564, 50.4090955]}}, {"type": "Feature", "properties": {"osmid": 1538}, "geometry": {"type": "Point", "coordinates": [30.3326308, 50.4250176]}}, {"type": "Feature", "properties": {"osmid": 1539}, "geometry": {"type": "Point", "coordinates": [30.581812, 50.5127764]}}, {"type": "Feature", "properties": {"osmid": 1540}, "geometry": {"type": "Point", "coordinates": [30.5818862, 50.512706]}}, {"type": "Feature", "properties": {"osmid": 1541}, "geometry": {"type": "Point", "coordinates": [30.5818898, 50.5127666]}}, {"type": "Feature", "properties": {"osmid": 1542}, "geometry": {"type": "Point", "coordinates": [30.4491908, 50.3864605]}}, {"type": "Feature", "properties": {"osmid": 1543}, "geometry": {"type": "Point", "coordinates": [30.5818006, 50.5127027]}}, {"type": "Feature", "properties": {"osmid": 1544}, "geometry": {"type": "Point", "coordinates": [30.4928881, 50.4094421]}}, {"type": "Feature", "properties": {"osmid": 1545}, "geometry": {"type": "Point", "coordinates": [30.3879957, 50.3879031]}}, {"type": "Feature", "properties": {"osmid": 1546}, "geometry": {"type": "Point", "coordinates": [30.7971626, 50.5054449]}}, {"type": "Feature", "properties": {"osmid": 1547}, "geometry": {"type": "Point", "coordinates": [30.3869867, 50.4200768]}}, {"type": "Feature", "properties": {"osmid": 1548}, "geometry": {"type": "Point", "coordinates": [30.3871324, 50.4200353]}}, {"type": "Feature", "properties": {"osmid": 1549}, "geometry": {"type": "Point", "coordinates": [30.4378683, 50.3564413]}}, {"type": "Feature", "properties": {"osmid": 1550}, "geometry": {"type": "Point", "coordinates": [30.4915817, 50.4133621]}}, {"type": "Feature", "properties": {"osmid": 1551}, "geometry": {"type": "Point", "coordinates": [30.3391651, 50.3558871]}}, {"type": "Feature", "properties": {"osmid": 1552}, "geometry": {"type": "Point", "coordinates": [30.5575252, 50.3947619]}}, {"type": "Feature", "properties": {"osmid": 1553}, "geometry": {"type": "Point", "coordinates": [30.2489713, 50.5303274]}}, {"type": "Feature", "properties": {"osmid": 1554}, "geometry": {"type": "Point", "coordinates": [30.707029, 50.3837881]}}, {"type": "Feature", "properties": {"osmid": 1555}, "geometry": {"type": "Point", "coordinates": [30.4220497, 50.3458093]}}, {"type": "Feature", "properties": {"osmid": 1556}, "geometry": {"type": "Point", "coordinates": [30.6132257, 50.4328312]}}, {"type": "Feature", "properties": {"osmid": 1557}, "geometry": {"type": "Point", "coordinates": [30.3938316, 50.36813]}}, {"type": "Feature", "properties": {"osmid": 1558}, "geometry": {"type": "Point", "coordinates": [30.476222, 50.4184387]}}, {"type": "Feature", "properties": {"osmid": 1559}, "geometry": {"type": "Point", "coordinates": [30.6270389, 50.4320663]}}, {"type": "Feature", "properties": {"osmid": 1560}, "geometry": {"type": "Point", "coordinates": [30.5891427, 50.4530207]}}, {"type": "Feature", "properties": {"osmid": 1561}, "geometry": {"type": "Point", "coordinates": [30.4551785, 50.5150083]}}, {"type": "Feature", "properties": {"osmid": 1562}, "geometry": {"type": "Point", "coordinates": [30.7874466, 50.3294404]}}, {"type": "Feature", "properties": {"osmid": 1563}, "geometry": {"type": "Point", "coordinates": [30.5879591, 50.4525014]}}, {"type": "Feature", "properties": {"osmid": 1564}, "geometry": {"type": "Point", "coordinates": [30.3649871, 50.427555]}}, {"type": "Feature", "properties": {"osmid": 1565}, "geometry": {"type": "Point", "coordinates": [30.4496803, 50.5169362]}}, {"type": "Feature", "properties": {"osmid": 1566}, "geometry": {"type": "Point", "coordinates": [30.4202439, 50.398427]}}, {"type": "Feature", "properties": {"osmid": 1567}, "geometry": {"type": "Point", "coordinates": [30.4496829, 50.5206443]}}, {"type": "Feature", "properties": {"osmid": 1568}, "geometry": {"type": "Point", "coordinates": [30.5055719, 50.4339943]}}, {"type": "Feature", "properties": {"osmid": 1569}, "geometry": {"type": "Point", "coordinates": [30.4323417, 50.3379245]}}, {"type": "Feature", "properties": {"osmid": 1570}, "geometry": {"type": "Point", "coordinates": [30.372471, 50.3809736]}}, {"type": "Feature", "properties": {"osmid": 1571}, "geometry": {"type": "Point", "coordinates": [30.5886163, 50.4524575]}}, {"type": "Feature", "properties": {"osmid": 1572}, "geometry": {"type": "Point", "coordinates": [30.625072, 50.4132592]}}, {"type": "Feature", "properties": {"osmid": 1573}, "geometry": {"type": "Point", "coordinates": [30.5631451, 50.4001633]}}, {"type": "Feature", "properties": {"osmid": 1574}, "geometry": {"type": "Point", "coordinates": [30.4587264, 50.4249457]}}, {"type": "Feature", "properties": {"osmid": 1575}, "geometry": {"type": "Point", "coordinates": [30.3197872, 50.3445496]}}, {"type": "Feature", "properties": {"osmid": 1576}, "geometry": {"type": "Point", "coordinates": [30.4745979, 50.336003]}}, {"type": "Feature", "properties": {"osmid": 1577}, "geometry": {"type": "Point", "coordinates": [30.4252958, 50.348184]}}, {"type": "Feature", "properties": {"osmid": 1578}, "geometry": {"type": "Point", "coordinates": [30.5884654, 50.4528962]}}, {"type": "Feature", "properties": {"osmid": 1579}, "geometry": {"type": "Point", "coordinates": [30.588199, 50.4528328]}}, {"type": "Feature", "properties": {"osmid": 1580}, "geometry": {"type": "Point", "coordinates": [30.5111764, 50.4279438]}}, {"type": "Feature", "properties": {"osmid": 1581}, "geometry": {"type": "Point", "coordinates": [30.2539923, 50.5255248]}}, {"type": "Feature", "properties": {"osmid": 1582}, "geometry": {"type": "Point", "coordinates": [30.8200385, 50.5098162]}}, {"type": "Feature", "properties": {"osmid": 1583}, "geometry": {"type": "Point", "coordinates": [30.4918945, 50.4415487]}}, {"type": "Feature", "properties": {"osmid": 1584}, "geometry": {"type": "Point", "coordinates": [30.4746885, 50.3362758]}}, {"type": "Feature", "properties": {"osmid": 1585}, "geometry": {"type": "Point", "coordinates": [30.6299936, 50.4887872]}}, {"type": "Feature", "properties": {"osmid": 1586}, "geometry": {"type": "Point", "coordinates": [30.4590179, 50.4238093]}}, {"type": "Feature", "properties": {"osmid": 1587}, "geometry": {"type": "Point", "coordinates": [30.629836, 50.48831]}}, {"type": "Feature", "properties": {"osmid": 1588}, "geometry": {"type": "Point", "coordinates": [30.6299902, 50.488226]}}, {"type": "Feature", "properties": {"osmid": 1589}, "geometry": {"type": "Point", "coordinates": [30.4319512, 50.3424361]}}, {"type": "Feature", "properties": {"osmid": 1590}, "geometry": {"type": "Point", "coordinates": [30.5730634, 50.4790938]}}, {"type": "Feature", "properties": {"osmid": 1591}, "geometry": {"type": "Point", "coordinates": [30.6847314, 50.401673]}}, {"type": "Feature", "properties": {"osmid": 1592}, "geometry": {"type": "Point", "coordinates": [30.5733153, 50.4794445]}}, {"type": "Feature", "properties": {"osmid": 1593}, "geometry": {"type": "Point", "coordinates": [30.6306649, 50.4883551]}}, {"type": "Feature", "properties": {"osmid": 1594}, "geometry": {"type": "Point", "coordinates": [30.630721, 50.488484]}}, {"type": "Feature", "properties": {"osmid": 1595}, "geometry": {"type": "Point", "coordinates": [30.6838059, 50.4008133]}}, {"type": "Feature", "properties": {"osmid": 1596}, "geometry": {"type": "Point", "coordinates": [30.6841679, 50.4013065]}}, {"type": "Feature", "properties": {"osmid": 1597}, "geometry": {"type": "Point", "coordinates": [30.6316276, 50.4890172]}}, {"type": "Feature", "properties": {"osmid": 1598}, "geometry": {"type": "Point", "coordinates": [30.6831005, 50.4011418]}}, {"type": "Feature", "properties": {"osmid": 1599}, "geometry": {"type": "Point", "coordinates": [30.6986657, 50.554169]}}, {"type": "Feature", "properties": {"osmid": 1600}, "geometry": {"type": "Point", "coordinates": [30.7817154, 50.5121534]}}, {"type": "Feature", "properties": {"osmid": 1601}, "geometry": {"type": "Point", "coordinates": [30.2559479, 50.5284573]}}, {"type": "Feature", "properties": {"osmid": 1602}, "geometry": {"type": "Point", "coordinates": [30.6118728, 50.4371824]}}, {"type": "Feature", "properties": {"osmid": 1603}, "geometry": {"type": "Point", "coordinates": [30.8165936, 50.52828]}}, {"type": "Feature", "properties": {"osmid": 1604}, "geometry": {"type": "Point", "coordinates": [30.6015163, 50.4274653]}}, {"type": "Feature", "properties": {"osmid": 1605}, "geometry": {"type": "Point", "coordinates": [30.4321611, 50.4918136]}}, {"type": "Feature", "properties": {"osmid": 1606}, "geometry": {"type": "Point", "coordinates": [30.2909942, 50.4384013]}}, {"type": "Feature", "properties": {"osmid": 1607}, "geometry": {"type": "Point", "coordinates": [30.8163743, 50.5283918]}}, {"type": "Feature", "properties": {"osmid": 1608}, "geometry": {"type": "Point", "coordinates": [30.368764, 50.4249953]}}, {"type": "Feature", "properties": {"osmid": 1609}, "geometry": {"type": "Point", "coordinates": [30.589967, 50.4750301]}}, {"type": "Feature", "properties": {"osmid": 1610}, "geometry": {"type": "Point", "coordinates": [30.4752434, 50.3569588]}}, {"type": "Feature", "properties": {"osmid": 1611}, "geometry": {"type": "Point", "coordinates": [30.8781579, 50.3772131]}}, {"type": "Feature", "properties": {"osmid": 1612}, "geometry": {"type": "Point", "coordinates": [30.5970401, 50.4731163]}}, {"type": "Feature", "properties": {"osmid": 1613}, "geometry": {"type": "Point", "coordinates": [30.4602087, 50.3876593]}}, {"type": "Feature", "properties": {"osmid": 1614}, "geometry": {"type": "Point", "coordinates": [30.8636788, 50.3793791]}}, {"type": "Feature", "properties": {"osmid": 1615}, "geometry": {"type": "Point", "coordinates": [30.2602709, 50.4901224]}}, {"type": "Feature", "properties": {"osmid": 1616}, "geometry": {"type": "Point", "coordinates": [30.8650971, 50.3795711]}}, {"type": "Feature", "properties": {"osmid": 1617}, "geometry": {"type": "Point", "coordinates": [30.5515883, 50.4155717]}}, {"type": "Feature", "properties": {"osmid": 1618}, "geometry": {"type": "Point", "coordinates": [30.5490219, 50.4155866]}}, {"type": "Feature", "properties": {"osmid": 1619}, "geometry": {"type": "Point", "coordinates": [30.4428285, 50.3814241]}}, {"type": "Feature", "properties": {"osmid": 1620}, "geometry": {"type": "Point", "coordinates": [30.8646022, 50.3798313]}}, {"type": "Feature", "properties": {"osmid": 1621}, "geometry": {"type": "Point", "coordinates": [30.5484104, 50.4419307]}}, {"type": "Feature", "properties": {"osmid": 1622}, "geometry": {"type": "Point", "coordinates": [30.6136162, 50.4328861]}}, {"type": "Feature", "properties": {"osmid": 1623}, "geometry": {"type": "Point", "coordinates": [30.6181313, 50.5177091]}}, {"type": "Feature", "properties": {"osmid": 1624}, "geometry": {"type": "Point", "coordinates": [30.4474081, 50.5056777]}}, {"type": "Feature", "properties": {"osmid": 1625}, "geometry": {"type": "Point", "coordinates": [30.5239436, 50.40943]}}, {"type": "Feature", "properties": {"osmid": 1626}, "geometry": {"type": "Point", "coordinates": [30.6134554, 50.433173]}}, {"type": "Feature", "properties": {"osmid": 1627}, "geometry": {"type": "Point", "coordinates": [30.4404497, 50.5047047]}}, {"type": "Feature", "properties": {"osmid": 1628}, "geometry": {"type": "Point", "coordinates": [30.2803002, 50.344492]}}, {"type": "Feature", "properties": {"osmid": 1629}, "geometry": {"type": "Point", "coordinates": [30.4309966, 50.4916967]}}, {"type": "Feature", "properties": {"osmid": 1630}, "geometry": {"type": "Point", "coordinates": [30.459073, 50.425442]}}, {"type": "Feature", "properties": {"osmid": 1631}, "geometry": {"type": "Point", "coordinates": [30.5490253, 50.4166792]}}, {"type": "Feature", "properties": {"osmid": 1632}, "geometry": {"type": "Point", "coordinates": [30.4675459, 50.441677]}}, {"type": "Feature", "properties": {"osmid": 1633}, "geometry": {"type": "Point", "coordinates": [30.4677522, 50.4417706]}}, {"type": "Feature", "properties": {"osmid": 1634}, "geometry": {"type": "Point", "coordinates": [30.3964999, 50.5190829]}}, {"type": "Feature", "properties": {"osmid": 1635}, "geometry": {"type": "Point", "coordinates": [30.8494825, 50.4128234]}}, {"type": "Feature", "properties": {"osmid": 1636}, "geometry": {"type": "Point", "coordinates": [30.5668293, 50.4069641]}}, {"type": "Feature", "properties": {"osmid": 1637}, "geometry": {"type": "Point", "coordinates": [30.5890635, 50.4600913]}}, {"type": "Feature", "properties": {"osmid": 1638}, "geometry": {"type": "Point", "coordinates": [30.3201762, 50.4910551]}}, {"type": "Feature", "properties": {"osmid": 1639}, "geometry": {"type": "Point", "coordinates": [30.620226, 50.421022]}}, {"type": "Feature", "properties": {"osmid": 1640}, "geometry": {"type": "Point", "coordinates": [30.4908709, 50.4172596]}}, {"type": "Feature", "properties": {"osmid": 1641}, "geometry": {"type": "Point", "coordinates": [30.5218968, 50.3933232]}}, {"type": "Feature", "properties": {"osmid": 1642}, "geometry": {"type": "Point", "coordinates": [30.6950272, 50.408977]}}, {"type": "Feature", "properties": {"osmid": 1643}, "geometry": {"type": "Point", "coordinates": [30.6985884, 50.4102987]}}, {"type": "Feature", "properties": {"osmid": 1644}, "geometry": {"type": "Point", "coordinates": [30.772614, 50.5117751]}}, {"type": "Feature", "properties": {"osmid": 1645}, "geometry": {"type": "Point", "coordinates": [30.3294574, 50.4163399]}}, {"type": "Feature", "properties": {"osmid": 1646}, "geometry": {"type": "Point", "coordinates": [30.4921514, 50.409237]}}, {"type": "Feature", "properties": {"osmid": 1647}, "geometry": {"type": "Point", "coordinates": [30.6798995, 50.426598]}}, {"type": "Feature", "properties": {"osmid": 1648}, "geometry": {"type": "Point", "coordinates": [30.6070181, 50.4951487]}}, {"type": "Feature", "properties": {"osmid": 1649}, "geometry": {"type": "Point", "coordinates": [30.776605, 50.51719]}}, {"type": "Feature", "properties": {"osmid": 1650}, "geometry": {"type": "Point", "coordinates": [30.710744, 50.3737223]}}, {"type": "Feature", "properties": {"osmid": 1651}, "geometry": {"type": "Point", "coordinates": [30.4910593, 50.413436]}}, {"type": "Feature", "properties": {"osmid": 1652}, "geometry": {"type": "Point", "coordinates": [30.3667351, 50.4654668]}}, {"type": "Feature", "properties": {"osmid": 1653}, "geometry": {"type": "Point", "coordinates": [30.4663369, 50.4288731]}}, {"type": "Feature", "properties": {"osmid": 1654}, "geometry": {"type": "Point", "coordinates": [30.4973973, 50.4126187]}}, {"type": "Feature", "properties": {"osmid": 1655}, "geometry": {"type": "Point", "coordinates": [30.5063777, 50.4106783]}}, {"type": "Feature", "properties": {"osmid": 1656}, "geometry": {"type": "Point", "coordinates": [30.2538731, 50.3871649]}}, {"type": "Feature", "properties": {"osmid": 1657}, "geometry": {"type": "Point", "coordinates": [30.4621024, 50.3887003]}}, {"type": "Feature", "properties": {"osmid": 1658}, "geometry": {"type": "Point", "coordinates": [30.8608519, 50.5182457]}}, {"type": "Feature", "properties": {"osmid": 1659}, "geometry": {"type": "Point", "coordinates": [30.6196348, 50.3452628]}}, {"type": "Feature", "properties": {"osmid": 1660}, "geometry": {"type": "Point", "coordinates": [30.6189059, 50.3459131]}}, {"type": "Feature", "properties": {"osmid": 1661}, "geometry": {"type": "Point", "coordinates": [30.6357233, 50.3949458]}}, {"type": "Feature", "properties": {"osmid": 1662}, "geometry": {"type": "Point", "coordinates": [30.2586382, 50.5325485]}}, {"type": "Feature", "properties": {"osmid": 1663}, "geometry": {"type": "Point", "coordinates": [30.4469362, 50.3783572]}}, {"type": "Feature", "properties": {"osmid": 1664}, "geometry": {"type": "Point", "coordinates": [30.774003, 50.5022125]}}, {"type": "Feature", "properties": {"osmid": 1665}, "geometry": {"type": "Point", "coordinates": [30.2637417, 50.3507722]}}, {"type": "Feature", "properties": {"osmid": 1666}, "geometry": {"type": "Point", "coordinates": [30.8363101, 50.5097269]}}, {"type": "Feature", "properties": {"osmid": 1667}, "geometry": {"type": "Point", "coordinates": [30.4533096, 50.3737023]}}, {"type": "Feature", "properties": {"osmid": 1668}, "geometry": {"type": "Point", "coordinates": [30.5887169, 50.4526787]}}, {"type": "Feature", "properties": {"osmid": 1669}, "geometry": {"type": "Point", "coordinates": [30.4367661, 50.5039644]}}, {"type": "Feature", "properties": {"osmid": 1670}, "geometry": {"type": "Point", "coordinates": [30.2500715, 50.5149446]}}, {"type": "Feature", "properties": {"osmid": 1671}, "geometry": {"type": "Point", "coordinates": [30.6677398, 50.4440171]}}, {"type": "Feature", "properties": {"osmid": 1672}, "geometry": {"type": "Point", "coordinates": [30.6663658, 50.4432903]}}, {"type": "Feature", "properties": {"osmid": 1673}, "geometry": {"type": "Point", "coordinates": [30.5141582, 50.3984947]}}, {"type": "Feature", "properties": {"osmid": 1674}, "geometry": {"type": "Point", "coordinates": [30.5768573, 50.446169]}}, {"type": "Feature", "properties": {"osmid": 1675}, "geometry": {"type": "Point", "coordinates": [30.6333594, 50.4007501]}}, {"type": "Feature", "properties": {"osmid": 1676}, "geometry": {"type": "Point", "coordinates": [30.5169545, 50.3969711]}}, {"type": "Feature", "properties": {"osmid": 1677}, "geometry": {"type": "Point", "coordinates": [30.6539534, 50.4690658]}}, {"type": "Feature", "properties": {"osmid": 1678}, "geometry": {"type": "Point", "coordinates": [30.6340207, 50.3991102]}}, {"type": "Feature", "properties": {"osmid": 1679}, "geometry": {"type": "Point", "coordinates": [30.8085135, 50.5071961]}}, {"type": "Feature", "properties": {"osmid": 1680}, "geometry": {"type": "Point", "coordinates": [30.8296898, 50.4016667]}}, {"type": "Feature", "properties": {"osmid": 1681}, "geometry": {"type": "Point", "coordinates": [30.2462488, 50.5284929]}}, {"type": "Feature", "properties": {"osmid": 1682}, "geometry": {"type": "Point", "coordinates": [30.4318254, 50.3901229]}}, {"type": "Feature", "properties": {"osmid": 1683}, "geometry": {"type": "Point", "coordinates": [30.4784326, 50.4174219]}}, {"type": "Feature", "properties": {"osmid": 1684}, "geometry": {"type": "Point", "coordinates": [30.8292072, 50.4019078]}}, {"type": "Feature", "properties": {"osmid": 1685}, "geometry": {"type": "Point", "coordinates": [30.4915252, 50.4165882]}}, {"type": "Feature", "properties": {"osmid": 1686}, "geometry": {"type": "Point", "coordinates": [30.5170098, 50.4224984]}}, {"type": "Feature", "properties": {"osmid": 1687}, "geometry": {"type": "Point", "coordinates": [30.5170512, 50.4224363]}}, {"type": "Feature", "properties": {"osmid": 1688}, "geometry": {"type": "Point", "coordinates": [30.7730156, 50.5078527]}}, {"type": "Feature", "properties": {"osmid": 1689}, "geometry": {"type": "Point", "coordinates": [30.4053545, 50.4820652]}}, {"type": "Feature", "properties": {"osmid": 1690}, "geometry": {"type": "Point", "coordinates": [30.4047108, 50.4822996]}}, {"type": "Feature", "properties": {"osmid": 1691}, "geometry": {"type": "Point", "coordinates": [30.3685643, 50.4235239]}}, {"type": "Feature", "properties": {"osmid": 1692}, "geometry": {"type": "Point", "coordinates": [30.3544971, 50.4647658]}}, {"type": "Feature", "properties": {"osmid": 1693}, "geometry": {"type": "Point", "coordinates": [30.3687044, 50.4236056]}}, {"type": "Feature", "properties": {"osmid": 1694}, "geometry": {"type": "Point", "coordinates": [30.5001597, 50.4622667]}}, {"type": "Feature", "properties": {"osmid": 1695}, "geometry": {"type": "Point", "coordinates": [30.3685678, 50.4236114]}}, {"type": "Feature", "properties": {"osmid": 1696}, "geometry": {"type": "Point", "coordinates": [30.7169898, 50.3670664]}}, {"type": "Feature", "properties": {"osmid": 1697}, "geometry": {"type": "Point", "coordinates": [30.5313951, 50.3945284]}}, {"type": "Feature", "properties": {"osmid": 1698}, "geometry": {"type": "Point", "coordinates": [30.4951448, 50.4624072]}}, {"type": "Feature", "properties": {"osmid": 1699}, "geometry": {"type": "Point", "coordinates": [30.4924166, 50.4624546]}}, {"type": "Feature", "properties": {"osmid": 1700}, "geometry": {"type": "Point", "coordinates": [30.3444648, 50.4224922]}}, {"type": "Feature", "properties": {"osmid": 1701}, "geometry": {"type": "Point", "coordinates": [30.4735762, 50.4264617]}}, {"type": "Feature", "properties": {"osmid": 1702}, "geometry": {"type": "Point", "coordinates": [30.4771859, 50.4253053]}}, {"type": "Feature", "properties": {"osmid": 1703}, "geometry": {"type": "Point", "coordinates": [30.3684805, 50.4234585]}}, {"type": "Feature", "properties": {"osmid": 1704}, "geometry": {"type": "Point", "coordinates": [30.8749661, 50.4889693]}}, {"type": "Feature", "properties": {"osmid": 1705}, "geometry": {"type": "Point", "coordinates": [30.4289647, 50.4266741]}}, {"type": "Feature", "properties": {"osmid": 1706}, "geometry": {"type": "Point", "coordinates": [30.5783636, 50.4948949]}}, {"type": "Feature", "properties": {"osmid": 1707}, "geometry": {"type": "Point", "coordinates": [30.4783869, 50.3831177]}}, {"type": "Feature", "properties": {"osmid": 1708}, "geometry": {"type": "Point", "coordinates": [30.5785273, 50.4951]}}, {"type": "Feature", "properties": {"osmid": 1709}, "geometry": {"type": "Point", "coordinates": [30.43304, 50.3892216]}}, {"type": "Feature", "properties": {"osmid": 1710}, "geometry": {"type": "Point", "coordinates": [30.588407, 50.4523849]}}, {"type": "Feature", "properties": {"osmid": 1711}, "geometry": {"type": "Point", "coordinates": [30.4644203, 50.4153682]}}, {"type": "Feature", "properties": {"osmid": 1712}, "geometry": {"type": "Point", "coordinates": [30.298026, 50.5544188]}}, {"type": "Feature", "properties": {"osmid": 1713}, "geometry": {"type": "Point", "coordinates": [30.4919989, 50.4747557]}}, {"type": "Feature", "properties": {"osmid": 1714}, "geometry": {"type": "Point", "coordinates": [30.6279227, 50.4638728]}}, {"type": "Feature", "properties": {"osmid": 1715}, "geometry": {"type": "Point", "coordinates": [30.6279589, 50.4638851]}}, {"type": "Feature", "properties": {"osmid": 1716}, "geometry": {"type": "Point", "coordinates": [30.8732894, 50.4892562]}}, {"type": "Feature", "properties": {"osmid": 1717}, "geometry": {"type": "Point", "coordinates": [30.6230396, 50.4702506]}}, {"type": "Feature", "properties": {"osmid": 1718}, "geometry": {"type": "Point", "coordinates": [30.8304141, 50.4762403]}}, {"type": "Feature", "properties": {"osmid": 1719}, "geometry": {"type": "Point", "coordinates": [30.8302356, 50.4762461]}}, {"type": "Feature", "properties": {"osmid": 1720}, "geometry": {"type": "Point", "coordinates": [30.5842106, 50.5055538]}}, {"type": "Feature", "properties": {"osmid": 1721}, "geometry": {"type": "Point", "coordinates": [30.8341535, 50.3929861]}}, {"type": "Feature", "properties": {"osmid": 1722}, "geometry": {"type": "Point", "coordinates": [30.621743, 50.3934058]}}, {"type": "Feature", "properties": {"osmid": 1723}, "geometry": {"type": "Point", "coordinates": [30.6508081, 50.5552515]}}, {"type": "Feature", "properties": {"osmid": 1724}, "geometry": {"type": "Point", "coordinates": [30.3866477, 50.3701064]}}, {"type": "Feature", "properties": {"osmid": 1725}, "geometry": {"type": "Point", "coordinates": [30.3692677, 50.3708505]}}, {"type": "Feature", "properties": {"osmid": 1726}, "geometry": {"type": "Point", "coordinates": [30.6234147, 50.4703904]}}, {"type": "Feature", "properties": {"osmid": 1727}, "geometry": {"type": "Point", "coordinates": [30.683955, 50.4257275]}}, {"type": "Feature", "properties": {"osmid": 1728}, "geometry": {"type": "Point", "coordinates": [30.6840374, 50.4258648]}}, {"type": "Feature", "properties": {"osmid": 1729}, "geometry": {"type": "Point", "coordinates": [30.6252256, 50.4130102]}}, {"type": "Feature", "properties": {"osmid": 1730}, "geometry": {"type": "Point", "coordinates": [30.3602472, 50.3721735]}}, {"type": "Feature", "properties": {"osmid": 1731}, "geometry": {"type": "Point", "coordinates": [30.4045501, 50.4819149]}}, {"type": "Feature", "properties": {"osmid": 1732}, "geometry": {"type": "Point", "coordinates": [30.3606145, 50.3723213]}}, {"type": "Feature", "properties": {"osmid": 1733}, "geometry": {"type": "Point", "coordinates": [30.4560318, 50.4257234]}}, {"type": "Feature", "properties": {"osmid": 1734}, "geometry": {"type": "Point", "coordinates": [30.2501985, 50.5196911]}}, {"type": "Feature", "properties": {"osmid": 1735}, "geometry": {"type": "Point", "coordinates": [30.395811, 50.4798033]}}, {"type": "Feature", "properties": {"osmid": 1736}, "geometry": {"type": "Point", "coordinates": [30.387975, 50.4537946]}}, {"type": "Feature", "properties": {"osmid": 1737}, "geometry": {"type": "Point", "coordinates": [30.5199091, 50.4410196]}}, {"type": "Feature", "properties": {"osmid": 1738}, "geometry": {"type": "Point", "coordinates": [30.8605064, 50.3715044]}}, {"type": "Feature", "properties": {"osmid": 1739}, "geometry": {"type": "Point", "coordinates": [30.2521171, 50.522619]}}, {"type": "Feature", "properties": {"osmid": 1740}, "geometry": {"type": "Point", "coordinates": [30.6218449, 50.4174399]}}, {"type": "Feature", "properties": {"osmid": 1741}, "geometry": {"type": "Point", "coordinates": [30.445813, 50.3791818]}}, {"type": "Feature", "properties": {"osmid": 1742}, "geometry": {"type": "Point", "coordinates": [30.486683, 50.4184476]}}, {"type": "Feature", "properties": {"osmid": 1743}, "geometry": {"type": "Point", "coordinates": [30.4903322, 50.4154288]}}, {"type": "Feature", "properties": {"osmid": 1744}, "geometry": {"type": "Point", "coordinates": [30.6335676, 50.4315498]}}, {"type": "Feature", "properties": {"osmid": 1745}, "geometry": {"type": "Point", "coordinates": [30.6338401, 50.43111]}}, {"type": "Feature", "properties": {"osmid": 1746}, "geometry": {"type": "Point", "coordinates": [30.5694387, 50.4439552]}}, {"type": "Feature", "properties": {"osmid": 1747}, "geometry": {"type": "Point", "coordinates": [30.4832391, 50.422125]}}, {"type": "Feature", "properties": {"osmid": 1748}, "geometry": {"type": "Point", "coordinates": [30.50712, 50.4629764]}}, {"type": "Feature", "properties": {"osmid": 1749}, "geometry": {"type": "Point", "coordinates": [30.3674012, 50.4260025]}}, {"type": "Feature", "properties": {"osmid": 1750}, "geometry": {"type": "Point", "coordinates": [30.5094255, 50.3977857]}}, {"type": "Feature", "properties": {"osmid": 1751}, "geometry": {"type": "Point", "coordinates": [30.4145657, 50.3963758]}}, {"type": "Feature", "properties": {"osmid": 1752}, "geometry": {"type": "Point", "coordinates": [30.5094695, 50.3975273]}}, {"type": "Feature", "properties": {"osmid": 1753}, "geometry": {"type": "Point", "coordinates": [30.40587, 50.4612009]}}, {"type": "Feature", "properties": {"osmid": 1754}, "geometry": {"type": "Point", "coordinates": [30.4946091, 50.429284]}}, {"type": "Feature", "properties": {"osmid": 1755}, "geometry": {"type": "Point", "coordinates": [30.5228449, 50.413591]}}, {"type": "Feature", "properties": {"osmid": 1756}, "geometry": {"type": "Point", "coordinates": [30.4891019, 50.5178979]}}, {"type": "Feature", "properties": {"osmid": 1757}, "geometry": {"type": "Point", "coordinates": [30.4890601, 50.5173124]}}, {"type": "Feature", "properties": {"osmid": 1758}, "geometry": {"type": "Point", "coordinates": [30.4898634, 50.5175246]}}, {"type": "Feature", "properties": {"osmid": 1759}, "geometry": {"type": "Point", "coordinates": [30.6941208, 50.3848254]}}, {"type": "Feature", "properties": {"osmid": 1760}, "geometry": {"type": "Point", "coordinates": [30.6076174, 50.4195849]}}, {"type": "Feature", "properties": {"osmid": 1761}, "geometry": {"type": "Point", "coordinates": [30.3674062, 50.4246299]}}, {"type": "Feature", "properties": {"osmid": 1762}, "geometry": {"type": "Point", "coordinates": [30.6955501, 50.3838727]}}, {"type": "Feature", "properties": {"osmid": 1763}, "geometry": {"type": "Point", "coordinates": [30.5926539, 50.4308849]}}, {"type": "Feature", "properties": {"osmid": 1764}, "geometry": {"type": "Point", "coordinates": [30.3557101, 50.4647861]}}, {"type": "Feature", "properties": {"osmid": 1765}, "geometry": {"type": "Point", "coordinates": [30.5155438, 50.4027077]}}, {"type": "Feature", "properties": {"osmid": 1766}, "geometry": {"type": "Point", "coordinates": [30.5113596, 50.3990479]}}, {"type": "Feature", "properties": {"osmid": 1767}, "geometry": {"type": "Point", "coordinates": [30.3681521, 50.4227623]}}, {"type": "Feature", "properties": {"osmid": 1768}, "geometry": {"type": "Point", "coordinates": [30.6963387, 50.3833633]}}, {"type": "Feature", "properties": {"osmid": 1769}, "geometry": {"type": "Point", "coordinates": [30.6241384, 50.4419556]}}, {"type": "Feature", "properties": {"osmid": 1770}, "geometry": {"type": "Point", "coordinates": [30.4826923, 50.4215791]}}, {"type": "Feature", "properties": {"osmid": 1771}, "geometry": {"type": "Point", "coordinates": [30.4857858, 50.4202592]}}, {"type": "Feature", "properties": {"osmid": 1772}, "geometry": {"type": "Point", "coordinates": [30.3696086, 50.4212241]}}, {"type": "Feature", "properties": {"osmid": 1773}, "geometry": {"type": "Point", "coordinates": [30.6798373, 50.5664522]}}, {"type": "Feature", "properties": {"osmid": 1774}, "geometry": {"type": "Point", "coordinates": [30.368356, 50.4229831]}}, {"type": "Feature", "properties": {"osmid": 1775}, "geometry": {"type": "Point", "coordinates": [30.4763178, 50.4877125]}}, {"type": "Feature", "properties": {"osmid": 1776}, "geometry": {"type": "Point", "coordinates": [30.3685418, 50.4235862]}}, {"type": "Feature", "properties": {"osmid": 1777}, "geometry": {"type": "Point", "coordinates": [30.4817365, 50.4465742]}}, {"type": "Feature", "properties": {"osmid": 1778}, "geometry": {"type": "Point", "coordinates": [30.4845819, 50.4190496]}}, {"type": "Feature", "properties": {"osmid": 1779}, "geometry": {"type": "Point", "coordinates": [30.7246461, 50.48685]}}, {"type": "Feature", "properties": {"osmid": 1780}, "geometry": {"type": "Point", "coordinates": [30.485614, 50.4840443]}}, {"type": "Feature", "properties": {"osmid": 1781}, "geometry": {"type": "Point", "coordinates": [30.724723, 50.4867284]}}, {"type": "Feature", "properties": {"osmid": 1782}, "geometry": {"type": "Point", "coordinates": [30.4106747, 50.3943138]}}, {"type": "Feature", "properties": {"osmid": 1783}, "geometry": {"type": "Point", "coordinates": [30.4804518, 50.4193818]}}, {"type": "Feature", "properties": {"osmid": 1784}, "geometry": {"type": "Point", "coordinates": [30.5206054, 50.4066641]}}, {"type": "Feature", "properties": {"osmid": 1785}, "geometry": {"type": "Point", "coordinates": [30.3696751, 50.4216225]}}, {"type": "Feature", "properties": {"osmid": 1786}, "geometry": {"type": "Point", "coordinates": [30.6215175, 50.4177848]}}, {"type": "Feature", "properties": {"osmid": 1787}, "geometry": {"type": "Point", "coordinates": [30.4838793, 50.3836821]}}, {"type": "Feature", "properties": {"osmid": 1788}, "geometry": {"type": "Point", "coordinates": [30.5839594, 50.4952639]}}, {"type": "Feature", "properties": {"osmid": 1789}, "geometry": {"type": "Point", "coordinates": [30.4640648, 50.4411077]}}, {"type": "Feature", "properties": {"osmid": 1790}, "geometry": {"type": "Point", "coordinates": [30.4534657, 50.4391485]}}, {"type": "Feature", "properties": {"osmid": 1791}, "geometry": {"type": "Point", "coordinates": [30.4428297, 50.5002907]}}, {"type": "Feature", "properties": {"osmid": 1792}, "geometry": {"type": "Point", "coordinates": [30.7894944, 50.4909314]}}, {"type": "Feature", "properties": {"osmid": 1793}, "geometry": {"type": "Point", "coordinates": [30.6341374, 50.4542713]}}, {"type": "Feature", "properties": {"osmid": 1794}, "geometry": {"type": "Point", "coordinates": [30.6350208, 50.4560412]}}, {"type": "Feature", "properties": {"osmid": 1795}, "geometry": {"type": "Point", "coordinates": [30.5531189, 50.4035342]}}, {"type": "Feature", "properties": {"osmid": 1796}, "geometry": {"type": "Point", "coordinates": [30.3968485, 50.4166648]}}, {"type": "Feature", "properties": {"osmid": 1797}, "geometry": {"type": "Point", "coordinates": [30.391609, 50.4191202]}}, {"type": "Feature", "properties": {"osmid": 1798}, "geometry": {"type": "Point", "coordinates": [30.8608589, 50.3725074]}}, {"type": "Feature", "properties": {"osmid": 1799}, "geometry": {"type": "Point", "coordinates": [30.3641146, 50.3883445]}}, {"type": "Feature", "properties": {"osmid": 1800}, "geometry": {"type": "Point", "coordinates": [30.3644556, 50.3360696]}}, {"type": "Feature", "properties": {"osmid": 1801}, "geometry": {"type": "Point", "coordinates": [30.5401673, 50.4264445]}}, {"type": "Feature", "properties": {"osmid": 1802}, "geometry": {"type": "Point", "coordinates": [30.6108441, 50.4140466]}}, {"type": "Feature", "properties": {"osmid": 1803}, "geometry": {"type": "Point", "coordinates": [30.8612517, 50.3736892]}}, {"type": "Feature", "properties": {"osmid": 1804}, "geometry": {"type": "Point", "coordinates": [30.6677712, 50.4139002]}}, {"type": "Feature", "properties": {"osmid": 1805}, "geometry": {"type": "Point", "coordinates": [30.5055251, 50.5118348]}}, {"type": "Feature", "properties": {"osmid": 1806}, "geometry": {"type": "Point", "coordinates": [30.8618697, 50.3753418]}}, {"type": "Feature", "properties": {"osmid": 1807}, "geometry": {"type": "Point", "coordinates": [30.5254894, 50.4680234]}}, {"type": "Feature", "properties": {"osmid": 1808}, "geometry": {"type": "Point", "coordinates": [30.5654543, 50.4059361]}}, {"type": "Feature", "properties": {"osmid": 1809}, "geometry": {"type": "Point", "coordinates": [30.6536554, 50.555678]}}, {"type": "Feature", "properties": {"osmid": 1810}, "geometry": {"type": "Point", "coordinates": [30.4808021, 50.4882356]}}, {"type": "Feature", "properties": {"osmid": 1811}, "geometry": {"type": "Point", "coordinates": [30.4046276, 50.4026702]}}, {"type": "Feature", "properties": {"osmid": 1812}, "geometry": {"type": "Point", "coordinates": [30.4050204, 50.4029129]}}, {"type": "Feature", "properties": {"osmid": 1813}, "geometry": {"type": "Point", "coordinates": [30.5525337, 50.443115]}}, {"type": "Feature", "properties": {"osmid": 1814}, "geometry": {"type": "Point", "coordinates": [30.5306498, 50.3926206]}}, {"type": "Feature", "properties": {"osmid": 1815}, "geometry": {"type": "Point", "coordinates": [30.4519472, 50.3831169]}}, {"type": "Feature", "properties": {"osmid": 1816}, "geometry": {"type": "Point", "coordinates": [30.3447974, 50.4363831]}}, {"type": "Feature", "properties": {"osmid": 1817}, "geometry": {"type": "Point", "coordinates": [30.5256657, 50.4633504]}}, {"type": "Feature", "properties": {"osmid": 1818}, "geometry": {"type": "Point", "coordinates": [30.3290104, 50.4929168]}}, {"type": "Feature", "properties": {"osmid": 1819}, "geometry": {"type": "Point", "coordinates": [30.8478782, 50.4115777]}}, {"type": "Feature", "properties": {"osmid": 1820}, "geometry": {"type": "Point", "coordinates": [30.7015993, 50.3798228]}}, {"type": "Feature", "properties": {"osmid": 1821}, "geometry": {"type": "Point", "coordinates": [30.4764256, 50.4827979]}}, {"type": "Feature", "properties": {"osmid": 1822}, "geometry": {"type": "Point", "coordinates": [30.451914, 50.3828422]}}, {"type": "Feature", "properties": {"osmid": 1823}, "geometry": {"type": "Point", "coordinates": [30.5303823, 50.450059]}}, {"type": "Feature", "properties": {"osmid": 1824}, "geometry": {"type": "Point", "coordinates": [30.3940345, 50.4266136]}}, {"type": "Feature", "properties": {"osmid": 1825}, "geometry": {"type": "Point", "coordinates": [30.3156785, 50.4526349]}}, {"type": "Feature", "properties": {"osmid": 1826}, "geometry": {"type": "Point", "coordinates": [30.5206024, 50.4429803]}}, {"type": "Feature", "properties": {"osmid": 1827}, "geometry": {"type": "Point", "coordinates": [30.5297363, 50.4503521]}}, {"type": "Feature", "properties": {"osmid": 1828}, "geometry": {"type": "Point", "coordinates": [30.6198256, 50.4248088]}}, {"type": "Feature", "properties": {"osmid": 1829}, "geometry": {"type": "Point", "coordinates": [30.4138417, 50.3994081]}}, {"type": "Feature", "properties": {"osmid": 1830}, "geometry": {"type": "Point", "coordinates": [30.5221798, 50.447734]}}, {"type": "Feature", "properties": {"osmid": 1831}, "geometry": {"type": "Point", "coordinates": [30.8385065, 50.5016158]}}, {"type": "Feature", "properties": {"osmid": 1832}, "geometry": {"type": "Point", "coordinates": [30.3129303, 50.4424116]}}, {"type": "Feature", "properties": {"osmid": 1833}, "geometry": {"type": "Point", "coordinates": [30.3126706, 50.4423586]}}, {"type": "Feature", "properties": {"osmid": 1834}, "geometry": {"type": "Point", "coordinates": [30.3126355, 50.4425998]}}, {"type": "Feature", "properties": {"osmid": 1835}, "geometry": {"type": "Point", "coordinates": [30.312491, 50.442401]}}, {"type": "Feature", "properties": {"osmid": 1836}, "geometry": {"type": "Point", "coordinates": [30.6358489, 50.4288247]}}, {"type": "Feature", "properties": {"osmid": 1837}, "geometry": {"type": "Point", "coordinates": [30.2806362, 50.5533015]}}, {"type": "Feature", "properties": {"osmid": 1838}, "geometry": {"type": "Point", "coordinates": [30.5749541, 50.4897524]}}, {"type": "Feature", "properties": {"osmid": 1839}, "geometry": {"type": "Point", "coordinates": [30.6989501, 50.5538943]}}, {"type": "Feature", "properties": {"osmid": 1840}, "geometry": {"type": "Point", "coordinates": [30.630401, 50.4262643]}}, {"type": "Feature", "properties": {"osmid": 1841}, "geometry": {"type": "Point", "coordinates": [30.3644635, 50.4040707]}}, {"type": "Feature", "properties": {"osmid": 1842}, "geometry": {"type": "Point", "coordinates": [30.2931485, 50.5537246]}}, {"type": "Feature", "properties": {"osmid": 1843}, "geometry": {"type": "Point", "coordinates": [30.3064104, 50.5457831]}}, {"type": "Feature", "properties": {"osmid": 1844}, "geometry": {"type": "Point", "coordinates": [30.5327808, 50.4203335]}}, {"type": "Feature", "properties": {"osmid": 1845}, "geometry": {"type": "Point", "coordinates": [30.7924151, 50.5259155]}}, {"type": "Feature", "properties": {"osmid": 1846}, "geometry": {"type": "Point", "coordinates": [30.4530268, 50.4501053]}}, {"type": "Feature", "properties": {"osmid": 1847}, "geometry": {"type": "Point", "coordinates": [30.3422436, 50.4545353]}}, {"type": "Feature", "properties": {"osmid": 1848}, "geometry": {"type": "Point", "coordinates": [30.3652165, 50.407418]}}, {"type": "Feature", "properties": {"osmid": 1849}, "geometry": {"type": "Point", "coordinates": [30.6851945, 50.5595971]}}, {"type": "Feature", "properties": {"osmid": 1850}, "geometry": {"type": "Point", "coordinates": [30.5760834, 50.4955601]}}, {"type": "Feature", "properties": {"osmid": 1851}, "geometry": {"type": "Point", "coordinates": [30.550026, 50.3708292]}}, {"type": "Feature", "properties": {"osmid": 1852}, "geometry": {"type": "Point", "coordinates": [30.7702951, 50.5860868]}}, {"type": "Feature", "properties": {"osmid": 1853}, "geometry": {"type": "Point", "coordinates": [30.3426016, 50.4549656]}}, {"type": "Feature", "properties": {"osmid": 1854}, "geometry": {"type": "Point", "coordinates": [30.3429677, 50.4548081]}}, {"type": "Feature", "properties": {"osmid": 1855}, "geometry": {"type": "Point", "coordinates": [30.5759592, 50.4964144]}}, {"type": "Feature", "properties": {"osmid": 1856}, "geometry": {"type": "Point", "coordinates": [30.5245753, 50.4592325]}}, {"type": "Feature", "properties": {"osmid": 1857}, "geometry": {"type": "Point", "coordinates": [30.5645324, 50.3995438]}}, {"type": "Feature", "properties": {"osmid": 1858}, "geometry": {"type": "Point", "coordinates": [30.7705456, 50.5854777]}}, {"type": "Feature", "properties": {"osmid": 1859}, "geometry": {"type": "Point", "coordinates": [30.5247159, 50.459546]}}, {"type": "Feature", "properties": {"osmid": 1860}, "geometry": {"type": "Point", "coordinates": [30.5642294, 50.3994532]}}, {"type": "Feature", "properties": {"osmid": 1861}, "geometry": {"type": "Point", "coordinates": [30.7672937, 50.5840967]}}, {"type": "Feature", "properties": {"osmid": 1862}, "geometry": {"type": "Point", "coordinates": [30.773757, 50.5844308]}}, {"type": "Feature", "properties": {"osmid": 1863}, "geometry": {"type": "Point", "coordinates": [30.7750188, 50.5844386]}}, {"type": "Feature", "properties": {"osmid": 1864}, "geometry": {"type": "Point", "coordinates": [30.7764721, 50.5844476]}}, {"type": "Feature", "properties": {"osmid": 1865}, "geometry": {"type": "Point", "coordinates": [30.8416032, 50.4064269]}}, {"type": "Feature", "properties": {"osmid": 1866}, "geometry": {"type": "Point", "coordinates": [30.5182687, 50.4651214]}}, {"type": "Feature", "properties": {"osmid": 1867}, "geometry": {"type": "Point", "coordinates": [30.8445029, 50.4089532]}}, {"type": "Feature", "properties": {"osmid": 1868}, "geometry": {"type": "Point", "coordinates": [30.4480399, 50.3300665]}}, {"type": "Feature", "properties": {"osmid": 1869}, "geometry": {"type": "Point", "coordinates": [30.8484629, 50.4120106]}}, {"type": "Feature", "properties": {"osmid": 1870}, "geometry": {"type": "Point", "coordinates": [30.8499042, 50.4131595]}}, {"type": "Feature", "properties": {"osmid": 1871}, "geometry": {"type": "Point", "coordinates": [30.520524, 50.4550842]}}, {"type": "Feature", "properties": {"osmid": 1872}, "geometry": {"type": "Point", "coordinates": [30.4983564, 50.5229589]}}, {"type": "Feature", "properties": {"osmid": 1873}, "geometry": {"type": "Point", "coordinates": [30.3657674, 50.3883386]}}, {"type": "Feature", "properties": {"osmid": 1874}, "geometry": {"type": "Point", "coordinates": [30.6807954, 50.4517859]}}, {"type": "Feature", "properties": {"osmid": 1875}, "geometry": {"type": "Point", "coordinates": [30.4333295, 50.4418257]}}, {"type": "Feature", "properties": {"osmid": 1876}, "geometry": {"type": "Point", "coordinates": [30.8551306, 50.41736]}}, {"type": "Feature", "properties": {"osmid": 1877}, "geometry": {"type": "Point", "coordinates": [30.4455285, 50.4287627]}}, {"type": "Feature", "properties": {"osmid": 1878}, "geometry": {"type": "Point", "coordinates": [30.4849727, 50.5417209]}}, {"type": "Feature", "properties": {"osmid": 1879}, "geometry": {"type": "Point", "coordinates": [30.597873, 50.5041645]}}, {"type": "Feature", "properties": {"osmid": 1880}, "geometry": {"type": "Point", "coordinates": [30.4620472, 50.499029]}}, {"type": "Feature", "properties": {"osmid": 1881}, "geometry": {"type": "Point", "coordinates": [30.485204, 50.5417275]}}, {"type": "Feature", "properties": {"osmid": 1882}, "geometry": {"type": "Point", "coordinates": [30.5979555, 50.5040742]}}, {"type": "Feature", "properties": {"osmid": 1883}, "geometry": {"type": "Point", "coordinates": [30.8400453, 50.4049125]}}, {"type": "Feature", "properties": {"osmid": 1884}, "geometry": {"type": "Point", "coordinates": [30.5611367, 50.439733]}}, {"type": "Feature", "properties": {"osmid": 1885}, "geometry": {"type": "Point", "coordinates": [30.6541064, 50.4662978]}}, {"type": "Feature", "properties": {"osmid": 1886}, "geometry": {"type": "Point", "coordinates": [30.5272535, 50.4522655]}}, {"type": "Feature", "properties": {"osmid": 1887}, "geometry": {"type": "Point", "coordinates": [30.8349844, 50.3322837]}}, {"type": "Feature", "properties": {"osmid": 1888}, "geometry": {"type": "Point", "coordinates": [30.7709804, 50.5843846]}}, {"type": "Feature", "properties": {"osmid": 1889}, "geometry": {"type": "Point", "coordinates": [30.5279623, 50.4527853]}}, {"type": "Feature", "properties": {"osmid": 1890}, "geometry": {"type": "Point", "coordinates": [30.6093737, 50.3700248]}}, {"type": "Feature", "properties": {"osmid": 1891}, "geometry": {"type": "Point", "coordinates": [30.3893514, 50.4086143]}}, {"type": "Feature", "properties": {"osmid": 1892}, "geometry": {"type": "Point", "coordinates": [30.6535307, 50.4673374]}}, {"type": "Feature", "properties": {"osmid": 1893}, "geometry": {"type": "Point", "coordinates": [30.4942898, 50.4738549]}}, {"type": "Feature", "properties": {"osmid": 1894}, "geometry": {"type": "Point", "coordinates": [30.4936591, 50.4741013]}}, {"type": "Feature", "properties": {"osmid": 1895}, "geometry": {"type": "Point", "coordinates": [30.3650214, 50.4064669]}}, {"type": "Feature", "properties": {"osmid": 1896}, "geometry": {"type": "Point", "coordinates": [30.8250978, 50.3294102]}}, {"type": "Feature", "properties": {"osmid": 1897}, "geometry": {"type": "Point", "coordinates": [30.7608673, 50.4750338]}}, {"type": "Feature", "properties": {"osmid": 1898}, "geometry": {"type": "Point", "coordinates": [30.7602221, 50.4766185]}}, {"type": "Feature", "properties": {"osmid": 1899}, "geometry": {"type": "Point", "coordinates": [30.7306226, 50.5909796]}}, {"type": "Feature", "properties": {"osmid": 1900}, "geometry": {"type": "Point", "coordinates": [30.5896327, 50.4955587]}}, {"type": "Feature", "properties": {"osmid": 1901}, "geometry": {"type": "Point", "coordinates": [30.4545191, 50.3845217]}}, {"type": "Feature", "properties": {"osmid": 1902}, "geometry": {"type": "Point", "coordinates": [30.611051, 50.4463248]}}, {"type": "Feature", "properties": {"osmid": 1903}, "geometry": {"type": "Point", "coordinates": [30.4519569, 50.5058741]}}, {"type": "Feature", "properties": {"osmid": 1904}, "geometry": {"type": "Point", "coordinates": [30.7266133, 50.590826]}}, {"type": "Feature", "properties": {"osmid": 1905}, "geometry": {"type": "Point", "coordinates": [30.4908477, 50.4406653]}}, {"type": "Feature", "properties": {"osmid": 1906}, "geometry": {"type": "Point", "coordinates": [30.4789317, 50.4878344]}}, {"type": "Feature", "properties": {"osmid": 1907}, "geometry": {"type": "Point", "coordinates": [30.8569429, 50.3669981]}}, {"type": "Feature", "properties": {"osmid": 1908}, "geometry": {"type": "Point", "coordinates": [30.5518137, 50.4024]}}, {"type": "Feature", "properties": {"osmid": 1909}, "geometry": {"type": "Point", "coordinates": [30.5830414, 50.4955675]}}, {"type": "Feature", "properties": {"osmid": 1910}, "geometry": {"type": "Point", "coordinates": [30.7596477, 50.4780292]}}, {"type": "Feature", "properties": {"osmid": 1911}, "geometry": {"type": "Point", "coordinates": [30.5523114, 50.4054801]}}, {"type": "Feature", "properties": {"osmid": 1912}, "geometry": {"type": "Point", "coordinates": [30.5239601, 50.4396567]}}, {"type": "Feature", "properties": {"osmid": 1913}, "geometry": {"type": "Point", "coordinates": [30.7609123, 50.4749232]}}, {"type": "Feature", "properties": {"osmid": 1914}, "geometry": {"type": "Point", "coordinates": [30.7650507, 50.4819171]}}, {"type": "Feature", "properties": {"osmid": 1915}, "geometry": {"type": "Point", "coordinates": [30.5885557, 50.5311992]}}, {"type": "Feature", "properties": {"osmid": 1916}, "geometry": {"type": "Point", "coordinates": [30.6147421, 50.3968176]}}, {"type": "Feature", "properties": {"osmid": 1917}, "geometry": {"type": "Point", "coordinates": [30.546342, 50.415587]}}, {"type": "Feature", "properties": {"osmid": 1918}, "geometry": {"type": "Point", "coordinates": [30.5454022, 50.5718256]}}, {"type": "Feature", "properties": {"osmid": 1919}, "geometry": {"type": "Point", "coordinates": [30.4566273, 50.5379571]}}, {"type": "Feature", "properties": {"osmid": 1920}, "geometry": {"type": "Point", "coordinates": [30.5400253, 50.3418464]}}, {"type": "Feature", "properties": {"osmid": 1921}, "geometry": {"type": "Point", "coordinates": [30.3795742, 50.4277626]}}, {"type": "Feature", "properties": {"osmid": 1922}, "geometry": {"type": "Point", "coordinates": [30.362612, 50.3883522]}}, {"type": "Feature", "properties": {"osmid": 1923}, "geometry": {"type": "Point", "coordinates": [30.4577454, 50.3919241]}}, {"type": "Feature", "properties": {"osmid": 1924}, "geometry": {"type": "Point", "coordinates": [30.6191074, 50.4403263]}}, {"type": "Feature", "properties": {"osmid": 1925}, "geometry": {"type": "Point", "coordinates": [30.3807032, 50.4280441]}}, {"type": "Feature", "properties": {"osmid": 1926}, "geometry": {"type": "Point", "coordinates": [30.8601361, 50.3703197]}}, {"type": "Feature", "properties": {"osmid": 1927}, "geometry": {"type": "Point", "coordinates": [30.4555861, 50.3922844]}}, {"type": "Feature", "properties": {"osmid": 1928}, "geometry": {"type": "Point", "coordinates": [30.3579215, 50.5379182]}}, {"type": "Feature", "properties": {"osmid": 1929}, "geometry": {"type": "Point", "coordinates": [30.7828249, 50.5012709]}}, {"type": "Feature", "properties": {"osmid": 1930}, "geometry": {"type": "Point", "coordinates": [30.5699405, 50.412833]}}, {"type": "Feature", "properties": {"osmid": 1931}, "geometry": {"type": "Point", "coordinates": [30.5683538, 50.5925817]}}, {"type": "Feature", "properties": {"osmid": 1932}, "geometry": {"type": "Point", "coordinates": [30.5516646, 50.4024467]}}, {"type": "Feature", "properties": {"osmid": 1933}, "geometry": {"type": "Point", "coordinates": [30.2498792, 50.4951735]}}, {"type": "Feature", "properties": {"osmid": 1934}, "geometry": {"type": "Point", "coordinates": [30.2506073, 50.4951485]}}, {"type": "Feature", "properties": {"osmid": 1935}, "geometry": {"type": "Point", "coordinates": [30.5283426, 50.4411583]}}, {"type": "Feature", "properties": {"osmid": 1936}, "geometry": {"type": "Point", "coordinates": [30.435722, 50.4921875]}}, {"type": "Feature", "properties": {"osmid": 1937}, "geometry": {"type": "Point", "coordinates": [30.249998, 50.495191]}}, {"type": "Feature", "properties": {"osmid": 1938}, "geometry": {"type": "Point", "coordinates": [30.7699196, 50.5869999]}}, {"type": "Feature", "properties": {"osmid": 1939}, "geometry": {"type": "Point", "coordinates": [30.6263365, 50.5074478]}}, {"type": "Feature", "properties": {"osmid": 1940}, "geometry": {"type": "Point", "coordinates": [30.3593547, 50.4739777]}}, {"type": "Feature", "properties": {"osmid": 1941}, "geometry": {"type": "Point", "coordinates": [30.5314819, 50.3957252]}}, {"type": "Feature", "properties": {"osmid": 1942}, "geometry": {"type": "Point", "coordinates": [30.359364, 50.4738224]}}, {"type": "Feature", "properties": {"osmid": 1943}, "geometry": {"type": "Point", "coordinates": [30.3594118, 50.4738198]}}, {"type": "Feature", "properties": {"osmid": 1944}, "geometry": {"type": "Point", "coordinates": [30.3592794, 50.4739309]}}, {"type": "Feature", "properties": {"osmid": 1945}, "geometry": {"type": "Point", "coordinates": [30.6326435, 50.39795]}}, {"type": "Feature", "properties": {"osmid": 1946}, "geometry": {"type": "Point", "coordinates": [30.4133641, 50.4642989]}}, {"type": "Feature", "properties": {"osmid": 1947}, "geometry": {"type": "Point", "coordinates": [30.3595245, 50.473917]}}, {"type": "Feature", "properties": {"osmid": 1948}, "geometry": {"type": "Point", "coordinates": [30.3595128, 50.4739383]}}, {"type": "Feature", "properties": {"osmid": 1949}, "geometry": {"type": "Point", "coordinates": [30.3789435, 50.4567816]}}, {"type": "Feature", "properties": {"osmid": 1950}, "geometry": {"type": "Point", "coordinates": [30.3597935, 50.4738004]}}, {"type": "Feature", "properties": {"osmid": 1951}, "geometry": {"type": "Point", "coordinates": [30.7874928, 50.3651558]}}, {"type": "Feature", "properties": {"osmid": 1952}, "geometry": {"type": "Point", "coordinates": [30.2502167, 50.4953419]}}, {"type": "Feature", "properties": {"osmid": 1953}, "geometry": {"type": "Point", "coordinates": [30.7875076, 50.3652228]}}, {"type": "Feature", "properties": {"osmid": 1954}, "geometry": {"type": "Point", "coordinates": [30.5715604, 50.5870364]}}, {"type": "Feature", "properties": {"osmid": 1955}, "geometry": {"type": "Point", "coordinates": [30.4273527, 50.3932992]}}, {"type": "Feature", "properties": {"osmid": 1956}, "geometry": {"type": "Point", "coordinates": [30.3684831, 50.3962253]}}, {"type": "Feature", "properties": {"osmid": 1957}, "geometry": {"type": "Point", "coordinates": [30.3567598, 50.4771902]}}, {"type": "Feature", "properties": {"osmid": 1958}, "geometry": {"type": "Point", "coordinates": [30.5222686, 50.4422859]}}, {"type": "Feature", "properties": {"osmid": 1959}, "geometry": {"type": "Point", "coordinates": [30.3568052, 50.4772079]}}, {"type": "Feature", "properties": {"osmid": 1960}, "geometry": {"type": "Point", "coordinates": [30.8418094, 50.3979146]}}, {"type": "Feature", "properties": {"osmid": 1961}, "geometry": {"type": "Point", "coordinates": [30.3565118, 50.4774757]}}, {"type": "Feature", "properties": {"osmid": 1962}, "geometry": {"type": "Point", "coordinates": [30.5286247, 50.4047994]}}, {"type": "Feature", "properties": {"osmid": 1963}, "geometry": {"type": "Point", "coordinates": [30.4839932, 50.4184285]}}, {"type": "Feature", "properties": {"osmid": 1964}, "geometry": {"type": "Point", "coordinates": [30.7877361, 50.3662595]}}, {"type": "Feature", "properties": {"osmid": 1965}, "geometry": {"type": "Point", "coordinates": [30.5315629, 50.4047606]}}, {"type": "Feature", "properties": {"osmid": 1966}, "geometry": {"type": "Point", "coordinates": [30.3567674, 50.4773495]}}, {"type": "Feature", "properties": {"osmid": 1967}, "geometry": {"type": "Point", "coordinates": [30.5684881, 50.5891835]}}, {"type": "Feature", "properties": {"osmid": 1968}, "geometry": {"type": "Point", "coordinates": [30.5543388, 50.3395541]}}, {"type": "Feature", "properties": {"osmid": 1969}, "geometry": {"type": "Point", "coordinates": [30.250482, 50.495685]}}, {"type": "Feature", "properties": {"osmid": 1970}, "geometry": {"type": "Point", "coordinates": [30.6316988, 50.4261479]}}, {"type": "Feature", "properties": {"osmid": 1971}, "geometry": {"type": "Point", "coordinates": [30.6705567, 50.4455463]}}, {"type": "Feature", "properties": {"osmid": 1972}, "geometry": {"type": "Point", "coordinates": [30.5315024, 50.4045151]}}, {"type": "Feature", "properties": {"osmid": 1973}, "geometry": {"type": "Point", "coordinates": [30.249789, 50.4957108]}}, {"type": "Feature", "properties": {"osmid": 1974}, "geometry": {"type": "Point", "coordinates": [30.7879981, 50.3673026]}}, {"type": "Feature", "properties": {"osmid": 1975}, "geometry": {"type": "Point", "coordinates": [30.5900073, 50.4940861]}}, {"type": "Feature", "properties": {"osmid": 1976}, "geometry": {"type": "Point", "coordinates": [30.7880985, 50.3677038]}}, {"type": "Feature", "properties": {"osmid": 1977}, "geometry": {"type": "Point", "coordinates": [30.6411543, 50.3993751]}}, {"type": "Feature", "properties": {"osmid": 1978}, "geometry": {"type": "Point", "coordinates": [30.7842432, 50.3772227]}}, {"type": "Feature", "properties": {"osmid": 1979}, "geometry": {"type": "Point", "coordinates": [30.4808664, 50.4374079]}}, {"type": "Feature", "properties": {"osmid": 1980}, "geometry": {"type": "Point", "coordinates": [30.2505345, 50.4960816]}}, {"type": "Feature", "properties": {"osmid": 1981}, "geometry": {"type": "Point", "coordinates": [30.4323652, 50.4459253]}}, {"type": "Feature", "properties": {"osmid": 1982}, "geometry": {"type": "Point", "coordinates": [30.432435, 50.4460942]}}, {"type": "Feature", "properties": {"osmid": 1983}, "geometry": {"type": "Point", "coordinates": [30.6124104, 50.472485]}}, {"type": "Feature", "properties": {"osmid": 1984}, "geometry": {"type": "Point", "coordinates": [30.7912706, 50.3793474]}}, {"type": "Feature", "properties": {"osmid": 1985}, "geometry": {"type": "Point", "coordinates": [30.508538, 50.4110271]}}, {"type": "Feature", "properties": {"osmid": 1986}, "geometry": {"type": "Point", "coordinates": [30.6040348, 50.4225463]}}, {"type": "Feature", "properties": {"osmid": 1987}, "geometry": {"type": "Point", "coordinates": [30.5877438, 50.5301908]}}, {"type": "Feature", "properties": {"osmid": 1988}, "geometry": {"type": "Point", "coordinates": [30.5588674, 50.4412036]}}, {"type": "Feature", "properties": {"osmid": 1989}, "geometry": {"type": "Point", "coordinates": [30.6228092, 50.4169641]}}, {"type": "Feature", "properties": {"osmid": 1990}, "geometry": {"type": "Point", "coordinates": [30.4291899, 50.5102187]}}, {"type": "Feature", "properties": {"osmid": 1991}, "geometry": {"type": "Point", "coordinates": [30.6277066, 50.4603257]}}, {"type": "Feature", "properties": {"osmid": 1992}, "geometry": {"type": "Point", "coordinates": [30.6035424, 50.4850443]}}, {"type": "Feature", "properties": {"osmid": 1993}, "geometry": {"type": "Point", "coordinates": [30.7998924, 50.380979]}}, {"type": "Feature", "properties": {"osmid": 1994}, "geometry": {"type": "Point", "coordinates": [30.6024816, 50.48812]}}, {"type": "Feature", "properties": {"osmid": 1995}, "geometry": {"type": "Point", "coordinates": [30.3313539, 50.406141]}}, {"type": "Feature", "properties": {"osmid": 1996}, "geometry": {"type": "Point", "coordinates": [30.2722909, 50.5619847]}}, {"type": "Feature", "properties": {"osmid": 1997}, "geometry": {"type": "Point", "coordinates": [30.3346236, 50.3773133]}}, {"type": "Feature", "properties": {"osmid": 1998}, "geometry": {"type": "Point", "coordinates": [30.6013428, 50.4913107]}}, {"type": "Feature", "properties": {"osmid": 1999}, "geometry": {"type": "Point", "coordinates": [30.7835267, 50.381947]}}, {"type": "Feature", "properties": {"osmid": 2000}, "geometry": {"type": "Point", "coordinates": [30.6190588, 50.4231789]}}, {"type": "Feature", "properties": {"osmid": 2001}, "geometry": {"type": "Point", "coordinates": [30.8004634, 50.3827236]}}, {"type": "Feature", "properties": {"osmid": 2002}, "geometry": {"type": "Point", "coordinates": [30.6219072, 50.3426547]}}, {"type": "Feature", "properties": {"osmid": 2003}, "geometry": {"type": "Point", "coordinates": [30.7855608, 50.3831246]}}, {"type": "Feature", "properties": {"osmid": 2004}, "geometry": {"type": "Point", "coordinates": [30.6212769, 50.3437838]}}, {"type": "Feature", "properties": {"osmid": 2005}, "geometry": {"type": "Point", "coordinates": [30.8007097, 50.383512]}}, {"type": "Feature", "properties": {"osmid": 2006}, "geometry": {"type": "Point", "coordinates": [30.2454622, 50.4944388]}}, {"type": "Feature", "properties": {"osmid": 2007}, "geometry": {"type": "Point", "coordinates": [30.623844, 50.4172271]}}, {"type": "Feature", "properties": {"osmid": 2008}, "geometry": {"type": "Point", "coordinates": [30.3343235, 50.4033275]}}, {"type": "Feature", "properties": {"osmid": 2009}, "geometry": {"type": "Point", "coordinates": [30.331524, 50.4059769]}}, {"type": "Feature", "properties": {"osmid": 2010}, "geometry": {"type": "Point", "coordinates": [30.4763473, 50.4882739]}}, {"type": "Feature", "properties": {"osmid": 2011}, "geometry": {"type": "Point", "coordinates": [30.8010034, 50.3840936]}}, {"type": "Feature", "properties": {"osmid": 2012}, "geometry": {"type": "Point", "coordinates": [30.5457524, 50.3393654]}}, {"type": "Feature", "properties": {"osmid": 2013}, "geometry": {"type": "Point", "coordinates": [30.5438088, 50.340262]}}, {"type": "Feature", "properties": {"osmid": 2014}, "geometry": {"type": "Point", "coordinates": [30.4444932, 50.3312332]}}, {"type": "Feature", "properties": {"osmid": 2015}, "geometry": {"type": "Point", "coordinates": [30.5494915, 50.3419516]}}, {"type": "Feature", "properties": {"osmid": 2016}, "geometry": {"type": "Point", "coordinates": [30.4575671, 50.5193014]}}, {"type": "Feature", "properties": {"osmid": 2017}, "geometry": {"type": "Point", "coordinates": [30.4573265, 50.5193569]}}, {"type": "Feature", "properties": {"osmid": 2018}, "geometry": {"type": "Point", "coordinates": [30.7807491, 50.5108895]}}, {"type": "Feature", "properties": {"osmid": 2019}, "geometry": {"type": "Point", "coordinates": [30.5145521, 50.4177571]}}, {"type": "Feature", "properties": {"osmid": 2020}, "geometry": {"type": "Point", "coordinates": [30.6510382, 50.401916]}}, {"type": "Feature", "properties": {"osmid": 2021}, "geometry": {"type": "Point", "coordinates": [30.653258, 50.5554635]}}, {"type": "Feature", "properties": {"osmid": 2022}, "geometry": {"type": "Point", "coordinates": [30.655921, 50.5570014]}}, {"type": "Feature", "properties": {"osmid": 2023}, "geometry": {"type": "Point", "coordinates": [30.5240917, 50.4396375]}}, {"type": "Feature", "properties": {"osmid": 2024}, "geometry": {"type": "Point", "coordinates": [30.5235599, 50.4395478]}}, {"type": "Feature", "properties": {"osmid": 2025}, "geometry": {"type": "Point", "coordinates": [30.7051692, 50.3774238]}}, {"type": "Feature", "properties": {"osmid": 2026}, "geometry": {"type": "Point", "coordinates": [30.4683302, 50.3601242]}}, {"type": "Feature", "properties": {"osmid": 2027}, "geometry": {"type": "Point", "coordinates": [30.3122675, 50.4523943]}}, {"type": "Feature", "properties": {"osmid": 2028}, "geometry": {"type": "Point", "coordinates": [30.6277662, 50.4602303]}}, {"type": "Feature", "properties": {"osmid": 2029}, "geometry": {"type": "Point", "coordinates": [30.5226322, 50.4407684]}}, {"type": "Feature", "properties": {"osmid": 2030}, "geometry": {"type": "Point", "coordinates": [30.8242956, 50.5078081]}}, {"type": "Feature", "properties": {"osmid": 2031}, "geometry": {"type": "Point", "coordinates": [30.5247731, 50.4386855]}}, {"type": "Feature", "properties": {"osmid": 2032}, "geometry": {"type": "Point", "coordinates": [30.522815, 50.4401535]}}, {"type": "Feature", "properties": {"osmid": 2033}, "geometry": {"type": "Point", "coordinates": [30.5250487, 50.4384739]}}, {"type": "Feature", "properties": {"osmid": 2034}, "geometry": {"type": "Point", "coordinates": [30.6659263, 50.552583]}}, {"type": "Feature", "properties": {"osmid": 2035}, "geometry": {"type": "Point", "coordinates": [30.6984825, 50.4104231]}}, {"type": "Feature", "properties": {"osmid": 2036}, "geometry": {"type": "Point", "coordinates": [30.6277017, 50.4083554]}}, {"type": "Feature", "properties": {"osmid": 2037}, "geometry": {"type": "Point", "coordinates": [30.4790606, 50.4881591]}}, {"type": "Feature", "properties": {"osmid": 2038}, "geometry": {"type": "Point", "coordinates": [30.472361, 50.5668989]}}, {"type": "Feature", "properties": {"osmid": 2039}, "geometry": {"type": "Point", "coordinates": [30.4459183, 50.4794139]}}, {"type": "Feature", "properties": {"osmid": 2040}, "geometry": {"type": "Point", "coordinates": [30.4772918, 50.4876926]}}, {"type": "Feature", "properties": {"osmid": 2041}, "geometry": {"type": "Point", "coordinates": [30.4345679, 50.492068]}}, {"type": "Feature", "properties": {"osmid": 2042}, "geometry": {"type": "Point", "coordinates": [30.4443766, 50.4778665]}}, {"type": "Feature", "properties": {"osmid": 2043}, "geometry": {"type": "Point", "coordinates": [30.5740341, 50.4896395]}}, {"type": "Feature", "properties": {"osmid": 2044}, "geometry": {"type": "Point", "coordinates": [30.4017009, 50.3322931]}}, {"type": "Feature", "properties": {"osmid": 2045}, "geometry": {"type": "Point", "coordinates": [30.403056, 50.3332131]}}, {"type": "Feature", "properties": {"osmid": 2046}, "geometry": {"type": "Point", "coordinates": [30.4578601, 50.3705445]}}, {"type": "Feature", "properties": {"osmid": 2047}, "geometry": {"type": "Point", "coordinates": [30.5473191, 50.5760427]}}, {"type": "Feature", "properties": {"osmid": 2048}, "geometry": {"type": "Point", "coordinates": [30.7042628, 50.5662119]}}, {"type": "Feature", "properties": {"osmid": 2049}, "geometry": {"type": "Point", "coordinates": [30.6296653, 50.4623543]}}, {"type": "Feature", "properties": {"osmid": 2050}, "geometry": {"type": "Point", "coordinates": [30.4694892, 50.3623759]}}, {"type": "Feature", "properties": {"osmid": 2051}, "geometry": {"type": "Point", "coordinates": [30.4693997, 50.3621713]}}, {"type": "Feature", "properties": {"osmid": 2052}, "geometry": {"type": "Point", "coordinates": [30.4589975, 50.3697195]}}, {"type": "Feature", "properties": {"osmid": 2053}, "geometry": {"type": "Point", "coordinates": [30.6515062, 50.4025667]}}, {"type": "Feature", "properties": {"osmid": 2054}, "geometry": {"type": "Point", "coordinates": [30.457965, 50.3697446]}}, {"type": "Feature", "properties": {"osmid": 2055}, "geometry": {"type": "Point", "coordinates": [30.4590989, 50.3704466]}}, {"type": "Feature", "properties": {"osmid": 2056}, "geometry": {"type": "Point", "coordinates": [30.76853, 50.593578]}}, {"type": "Feature", "properties": {"osmid": 2057}, "geometry": {"type": "Point", "coordinates": [30.6017418, 50.4279908]}}, {"type": "Feature", "properties": {"osmid": 2058}, "geometry": {"type": "Point", "coordinates": [30.4591088, 50.369828]}}, {"type": "Feature", "properties": {"osmid": 2059}, "geometry": {"type": "Point", "coordinates": [30.7875687, 50.3880637]}}, {"type": "Feature", "properties": {"osmid": 2060}, "geometry": {"type": "Point", "coordinates": [30.5066015, 50.51224]}}, {"type": "Feature", "properties": {"osmid": 2061}, "geometry": {"type": "Point", "coordinates": [30.5065985, 50.5120945]}}, {"type": "Feature", "properties": {"osmid": 2062}, "geometry": {"type": "Point", "coordinates": [30.3666451, 50.4970319]}}, {"type": "Feature", "properties": {"osmid": 2063}, "geometry": {"type": "Point", "coordinates": [30.620255, 50.5277036]}}, {"type": "Feature", "properties": {"osmid": 2064}, "geometry": {"type": "Point", "coordinates": [30.370219, 50.4967428]}}, {"type": "Feature", "properties": {"osmid": 2065}, "geometry": {"type": "Point", "coordinates": [30.5680287, 50.4266658]}}, {"type": "Feature", "properties": {"osmid": 2066}, "geometry": {"type": "Point", "coordinates": [30.5056301, 50.5117899]}}, {"type": "Feature", "properties": {"osmid": 2067}, "geometry": {"type": "Point", "coordinates": [30.4786989, 50.4872917]}}, {"type": "Feature", "properties": {"osmid": 2068}, "geometry": {"type": "Point", "coordinates": [30.8471261, 50.5571657]}}, {"type": "Feature", "properties": {"osmid": 2069}, "geometry": {"type": "Point", "coordinates": [30.5054904, 50.5124823]}}, {"type": "Feature", "properties": {"osmid": 2070}, "geometry": {"type": "Point", "coordinates": [30.6203139, 50.5282682]}}, {"type": "Feature", "properties": {"osmid": 2071}, "geometry": {"type": "Point", "coordinates": [30.6201692, 50.5282777]}}, {"type": "Feature", "properties": {"osmid": 2072}, "geometry": {"type": "Point", "coordinates": [30.8475616, 50.5569051]}}, {"type": "Feature", "properties": {"osmid": 2073}, "geometry": {"type": "Point", "coordinates": [30.3761169, 50.3714032]}}, {"type": "Feature", "properties": {"osmid": 2074}, "geometry": {"type": "Point", "coordinates": [30.7225885, 50.3423041]}}, {"type": "Feature", "properties": {"osmid": 2075}, "geometry": {"type": "Point", "coordinates": [30.8472923, 50.5568801]}}, {"type": "Feature", "properties": {"osmid": 2076}, "geometry": {"type": "Point", "coordinates": [30.789175, 50.3899709]}}, {"type": "Feature", "properties": {"osmid": 2077}, "geometry": {"type": "Point", "coordinates": [30.5979808, 50.5318265]}}, {"type": "Feature", "properties": {"osmid": 2078}, "geometry": {"type": "Point", "coordinates": [30.8525928, 50.5538878]}}, {"type": "Feature", "properties": {"osmid": 2079}, "geometry": {"type": "Point", "coordinates": [30.4229723, 50.3394702]}}, {"type": "Feature", "properties": {"osmid": 2080}, "geometry": {"type": "Point", "coordinates": [30.5055707, 50.5125173]}}, {"type": "Feature", "properties": {"osmid": 2081}, "geometry": {"type": "Point", "coordinates": [30.4077351, 50.3361857]}}, {"type": "Feature", "properties": {"osmid": 2082}, "geometry": {"type": "Point", "coordinates": [30.598886, 50.5321127]}}, {"type": "Feature", "properties": {"osmid": 2083}, "geometry": {"type": "Point", "coordinates": [30.8533026, 50.553461]}}, {"type": "Feature", "properties": {"osmid": 2084}, "geometry": {"type": "Point", "coordinates": [30.6303924, 50.4600957]}}, {"type": "Feature", "properties": {"osmid": 2085}, "geometry": {"type": "Point", "coordinates": [30.4546069, 50.4724663]}}, {"type": "Feature", "properties": {"osmid": 2086}, "geometry": {"type": "Point", "coordinates": [30.4256804, 50.3484304]}}, {"type": "Feature", "properties": {"osmid": 2087}, "geometry": {"type": "Point", "coordinates": [30.4666879, 50.3582144]}}, {"type": "Feature", "properties": {"osmid": 2088}, "geometry": {"type": "Point", "coordinates": [30.465077, 50.3788761]}}, {"type": "Feature", "properties": {"osmid": 2089}, "geometry": {"type": "Point", "coordinates": [30.7832838, 50.3869194]}}, {"type": "Feature", "properties": {"osmid": 2090}, "geometry": {"type": "Point", "coordinates": [30.6041071, 50.4225073]}}, {"type": "Feature", "properties": {"osmid": 2091}, "geometry": {"type": "Point", "coordinates": [30.7824386, 50.386751]}}, {"type": "Feature", "properties": {"osmid": 2092}, "geometry": {"type": "Point", "coordinates": [30.53614, 50.445051]}}, {"type": "Feature", "properties": {"osmid": 2093}, "geometry": {"type": "Point", "coordinates": [30.5363266, 50.4449555]}}, {"type": "Feature", "properties": {"osmid": 2094}, "geometry": {"type": "Point", "coordinates": [30.5149357, 50.4430548]}}, {"type": "Feature", "properties": {"osmid": 2095}, "geometry": {"type": "Point", "coordinates": [30.5230304, 50.4602387]}}, {"type": "Feature", "properties": {"osmid": 2096}, "geometry": {"type": "Point", "coordinates": [30.4826767, 50.4862636]}}, {"type": "Feature", "properties": {"osmid": 2097}, "geometry": {"type": "Point", "coordinates": [30.8573181, 50.367751]}}, {"type": "Feature", "properties": {"osmid": 2098}, "geometry": {"type": "Point", "coordinates": [30.7861228, 50.3871006]}}, {"type": "Feature", "properties": {"osmid": 2099}, "geometry": {"type": "Point", "coordinates": [30.86205, 50.3758399]}}, {"type": "Feature", "properties": {"osmid": 2100}, "geometry": {"type": "Point", "coordinates": [30.5295781, 50.4118317]}}, {"type": "Feature", "properties": {"osmid": 2101}, "geometry": {"type": "Point", "coordinates": [30.452547, 50.3829282]}}, {"type": "Feature", "properties": {"osmid": 2102}, "geometry": {"type": "Point", "coordinates": [30.6548564, 50.4016278]}}, {"type": "Feature", "properties": {"osmid": 2103}, "geometry": {"type": "Point", "coordinates": [30.3854259, 50.4110602]}}, {"type": "Feature", "properties": {"osmid": 2104}, "geometry": {"type": "Point", "coordinates": [30.8064319, 50.5191316]}}, {"type": "Feature", "properties": {"osmid": 2105}, "geometry": {"type": "Point", "coordinates": [30.2604625, 50.5843258]}}, {"type": "Feature", "properties": {"osmid": 2106}, "geometry": {"type": "Point", "coordinates": [30.2957875, 50.5529243]}}, {"type": "Feature", "properties": {"osmid": 2107}, "geometry": {"type": "Point", "coordinates": [30.365142, 50.5254411]}}, {"type": "Feature", "properties": {"osmid": 2108}, "geometry": {"type": "Point", "coordinates": [30.3687993, 50.527393]}}, {"type": "Feature", "properties": {"osmid": 2109}, "geometry": {"type": "Point", "coordinates": [30.4286682, 50.5104761]}}, {"type": "Feature", "properties": {"osmid": 2110}, "geometry": {"type": "Point", "coordinates": [30.4285676, 50.5105309]}}, {"type": "Feature", "properties": {"osmid": 2111}, "geometry": {"type": "Point", "coordinates": [30.4994373, 50.5224699]}}, {"type": "Feature", "properties": {"osmid": 2112}, "geometry": {"type": "Point", "coordinates": [30.3706521, 50.5284046]}}, {"type": "Feature", "properties": {"osmid": 2113}, "geometry": {"type": "Point", "coordinates": [30.4287847, 50.5108738]}}, {"type": "Feature", "properties": {"osmid": 2114}, "geometry": {"type": "Point", "coordinates": [30.6231697, 50.4071865]}}, {"type": "Feature", "properties": {"osmid": 2115}, "geometry": {"type": "Point", "coordinates": [30.3668744, 50.526387]}}, {"type": "Feature", "properties": {"osmid": 2116}, "geometry": {"type": "Point", "coordinates": [30.423868, 50.5126281]}}, {"type": "Feature", "properties": {"osmid": 2117}, "geometry": {"type": "Point", "coordinates": [30.503894, 50.441512]}}, {"type": "Feature", "properties": {"osmid": 2118}, "geometry": {"type": "Point", "coordinates": [30.3670981, 50.5265069]}}, {"type": "Feature", "properties": {"osmid": 2119}, "geometry": {"type": "Point", "coordinates": [30.4994203, 50.5229389]}}, {"type": "Feature", "properties": {"osmid": 2120}, "geometry": {"type": "Point", "coordinates": [30.5065693, 50.4410717]}}, {"type": "Feature", "properties": {"osmid": 2121}, "geometry": {"type": "Point", "coordinates": [30.5524538, 50.4045715]}}, {"type": "Feature", "properties": {"osmid": 2122}, "geometry": {"type": "Point", "coordinates": [30.3663424, 50.5316253]}}, {"type": "Feature", "properties": {"osmid": 2123}, "geometry": {"type": "Point", "coordinates": [30.4241433, 50.5130579]}}, {"type": "Feature", "properties": {"osmid": 2124}, "geometry": {"type": "Point", "coordinates": [30.4367158, 50.4383574]}}, {"type": "Feature", "properties": {"osmid": 2125}, "geometry": {"type": "Point", "coordinates": [30.4343786, 50.4418796]}}, {"type": "Feature", "properties": {"osmid": 2126}, "geometry": {"type": "Point", "coordinates": [30.6358714, 50.4600487]}}, {"type": "Feature", "properties": {"osmid": 2127}, "geometry": {"type": "Point", "coordinates": [30.4150792, 50.4655976]}}, {"type": "Feature", "properties": {"osmid": 2128}, "geometry": {"type": "Point", "coordinates": [30.3797322, 50.39164]}}, {"type": "Feature", "properties": {"osmid": 2129}, "geometry": {"type": "Point", "coordinates": [30.5254648, 50.463195]}}, {"type": "Feature", "properties": {"osmid": 2130}, "geometry": {"type": "Point", "coordinates": [30.4430539, 50.4740696]}}, {"type": "Feature", "properties": {"osmid": 2131}, "geometry": {"type": "Point", "coordinates": [30.7920229, 50.3816054]}}, {"type": "Feature", "properties": {"osmid": 2132}, "geometry": {"type": "Point", "coordinates": [30.6365147, 50.4605774]}}, {"type": "Feature", "properties": {"osmid": 2133}, "geometry": {"type": "Point", "coordinates": [30.5258475, 50.4614202]}}, {"type": "Feature", "properties": {"osmid": 2134}, "geometry": {"type": "Point", "coordinates": [30.2726385, 50.5547422]}}, {"type": "Feature", "properties": {"osmid": 2135}, "geometry": {"type": "Point", "coordinates": [30.5196496, 50.4405763]}}, {"type": "Feature", "properties": {"osmid": 2136}, "geometry": {"type": "Point", "coordinates": [30.5086564, 50.4551606]}}, {"type": "Feature", "properties": {"osmid": 2137}, "geometry": {"type": "Point", "coordinates": [30.4208414, 50.5106607]}}, {"type": "Feature", "properties": {"osmid": 2138}, "geometry": {"type": "Point", "coordinates": [30.4220618, 50.5046214]}}, {"type": "Feature", "properties": {"osmid": 2139}, "geometry": {"type": "Point", "coordinates": [30.4959755, 50.4477605]}}, {"type": "Feature", "properties": {"osmid": 2140}, "geometry": {"type": "Point", "coordinates": [30.6004659, 50.4526569]}}, {"type": "Feature", "properties": {"osmid": 2141}, "geometry": {"type": "Point", "coordinates": [30.5171995, 50.4631283]}}, {"type": "Feature", "properties": {"osmid": 2142}, "geometry": {"type": "Point", "coordinates": [30.5021515, 50.4564385]}}, {"type": "Feature", "properties": {"osmid": 2143}, "geometry": {"type": "Point", "coordinates": [30.5018422, 50.4564871]}}, {"type": "Feature", "properties": {"osmid": 2144}, "geometry": {"type": "Point", "coordinates": [30.4974649, 50.4563463]}}, {"type": "Feature", "properties": {"osmid": 2145}, "geometry": {"type": "Point", "coordinates": [30.4229508, 50.5122852]}}, {"type": "Feature", "properties": {"osmid": 2146}, "geometry": {"type": "Point", "coordinates": [30.5047804, 50.4557232]}}, {"type": "Feature", "properties": {"osmid": 2147}, "geometry": {"type": "Point", "coordinates": [30.4705748, 50.4892446]}}, {"type": "Feature", "properties": {"osmid": 2148}, "geometry": {"type": "Point", "coordinates": [30.6673322, 50.4034353]}}, {"type": "Feature", "properties": {"osmid": 2149}, "geometry": {"type": "Point", "coordinates": [30.4448666, 50.4798562]}}, {"type": "Feature", "properties": {"osmid": 2150}, "geometry": {"type": "Point", "coordinates": [30.4463671, 50.4800028]}}, {"type": "Feature", "properties": {"osmid": 2151}, "geometry": {"type": "Point", "coordinates": [30.5073728, 50.4552438]}}, {"type": "Feature", "properties": {"osmid": 2152}, "geometry": {"type": "Point", "coordinates": [30.5575148, 50.4117171]}}, {"type": "Feature", "properties": {"osmid": 2153}, "geometry": {"type": "Point", "coordinates": [30.3591957, 50.3393691]}}, {"type": "Feature", "properties": {"osmid": 2154}, "geometry": {"type": "Point", "coordinates": [30.4981404, 50.5138625]}}, {"type": "Feature", "properties": {"osmid": 2155}, "geometry": {"type": "Point", "coordinates": [30.4981387, 50.5136712]}}, {"type": "Feature", "properties": {"osmid": 2156}, "geometry": {"type": "Point", "coordinates": [30.4927216, 50.5138469]}}, {"type": "Feature", "properties": {"osmid": 2157}, "geometry": {"type": "Point", "coordinates": [30.6804161, 50.4745653]}}, {"type": "Feature", "properties": {"osmid": 2158}, "geometry": {"type": "Point", "coordinates": [30.6151914, 50.4391092]}}, {"type": "Feature", "properties": {"osmid": 2159}, "geometry": {"type": "Point", "coordinates": [30.5463686, 50.4185351]}}, {"type": "Feature", "properties": {"osmid": 2160}, "geometry": {"type": "Point", "coordinates": [30.697714, 50.3936065]}}, {"type": "Feature", "properties": {"osmid": 2161}, "geometry": {"type": "Point", "coordinates": [30.3524164, 50.363619]}}, {"type": "Feature", "properties": {"osmid": 2162}, "geometry": {"type": "Point", "coordinates": [30.5462159, 50.418803]}}, {"type": "Feature", "properties": {"osmid": 2163}, "geometry": {"type": "Point", "coordinates": [30.6803276, 50.474697]}}, {"type": "Feature", "properties": {"osmid": 2164}, "geometry": {"type": "Point", "coordinates": [30.5681725, 50.4245682]}}, {"type": "Feature", "properties": {"osmid": 2165}, "geometry": {"type": "Point", "coordinates": [30.6787774, 50.3629584]}}, {"type": "Feature", "properties": {"osmid": 2166}, "geometry": {"type": "Point", "coordinates": [30.5356937, 50.4196125]}}, {"type": "Feature", "properties": {"osmid": 2167}, "geometry": {"type": "Point", "coordinates": [30.4497583, 50.5209904]}}, {"type": "Feature", "properties": {"osmid": 2168}, "geometry": {"type": "Point", "coordinates": [30.8347603, 50.3942043]}}, {"type": "Feature", "properties": {"osmid": 2169}, "geometry": {"type": "Point", "coordinates": [30.6822067, 50.4750624]}}, {"type": "Feature", "properties": {"osmid": 2170}, "geometry": {"type": "Point", "coordinates": [30.5719015, 50.4954419]}}, {"type": "Feature", "properties": {"osmid": 2171}, "geometry": {"type": "Point", "coordinates": [30.682124, 50.4751896]}}, {"type": "Feature", "properties": {"osmid": 2172}, "geometry": {"type": "Point", "coordinates": [30.3682514, 50.3334054]}}, {"type": "Feature", "properties": {"osmid": 2173}, "geometry": {"type": "Point", "coordinates": [30.6461664, 50.435608]}}, {"type": "Feature", "properties": {"osmid": 2174}, "geometry": {"type": "Point", "coordinates": [30.8111528, 50.525544]}}, {"type": "Feature", "properties": {"osmid": 2175}, "geometry": {"type": "Point", "coordinates": [30.6531756, 50.4013774]}}, {"type": "Feature", "properties": {"osmid": 2176}, "geometry": {"type": "Point", "coordinates": [30.7956102, 50.5296053]}}, {"type": "Feature", "properties": {"osmid": 2177}, "geometry": {"type": "Point", "coordinates": [30.4874639, 50.489041]}}, {"type": "Feature", "properties": {"osmid": 2178}, "geometry": {"type": "Point", "coordinates": [30.4353883, 50.4365274]}}, {"type": "Feature", "properties": {"osmid": 2179}, "geometry": {"type": "Point", "coordinates": [30.8025771, 50.5308588]}}, {"type": "Feature", "properties": {"osmid": 2180}, "geometry": {"type": "Point", "coordinates": [30.6509222, 50.4379215]}}, {"type": "Feature", "properties": {"osmid": 2181}, "geometry": {"type": "Point", "coordinates": [30.6508161, 50.43801]}}, {"type": "Feature", "properties": {"osmid": 2182}, "geometry": {"type": "Point", "coordinates": [30.5182862, 50.4649994]}}, {"type": "Feature", "properties": {"osmid": 2183}, "geometry": {"type": "Point", "coordinates": [30.2770656, 50.5529435]}}, {"type": "Feature", "properties": {"osmid": 2184}, "geometry": {"type": "Point", "coordinates": [30.5187931, 50.3997873]}}, {"type": "Feature", "properties": {"osmid": 2185}, "geometry": {"type": "Point", "coordinates": [30.5266918, 50.4518606]}}, {"type": "Feature", "properties": {"osmid": 2186}, "geometry": {"type": "Point", "coordinates": [30.6377693, 50.4396413]}}, {"type": "Feature", "properties": {"osmid": 2187}, "geometry": {"type": "Point", "coordinates": [30.6378239, 50.4397469]}}, {"type": "Feature", "properties": {"osmid": 2188}, "geometry": {"type": "Point", "coordinates": [30.3523897, 50.3422286]}}, {"type": "Feature", "properties": {"osmid": 2189}, "geometry": {"type": "Point", "coordinates": [30.5752577, 50.4969741]}}, {"type": "Feature", "properties": {"osmid": 2190}, "geometry": {"type": "Point", "coordinates": [30.6264137, 50.4418565]}}, {"type": "Feature", "properties": {"osmid": 2191}, "geometry": {"type": "Point", "coordinates": [30.6075164, 50.4552701]}}, {"type": "Feature", "properties": {"osmid": 2192}, "geometry": {"type": "Point", "coordinates": [30.2807647, 50.5532714]}}, {"type": "Feature", "properties": {"osmid": 2193}, "geometry": {"type": "Point", "coordinates": [30.6750322, 50.4482928]}}, {"type": "Feature", "properties": {"osmid": 2194}, "geometry": {"type": "Point", "coordinates": [30.2681471, 50.5504461]}}, {"type": "Feature", "properties": {"osmid": 2195}, "geometry": {"type": "Point", "coordinates": [30.6082617, 50.4549993]}}, {"type": "Feature", "properties": {"osmid": 2196}, "geometry": {"type": "Point", "coordinates": [30.5081263, 50.4468929]}}, {"type": "Feature", "properties": {"osmid": 2197}, "geometry": {"type": "Point", "coordinates": [30.2393242, 50.5569036]}}, {"type": "Feature", "properties": {"osmid": 2198}, "geometry": {"type": "Point", "coordinates": [30.6326052, 50.4408141]}}, {"type": "Feature", "properties": {"osmid": 2199}, "geometry": {"type": "Point", "coordinates": [30.6071201, 50.456974]}}, {"type": "Feature", "properties": {"osmid": 2200}, "geometry": {"type": "Point", "coordinates": [30.5498079, 50.420828]}}, {"type": "Feature", "properties": {"osmid": 2201}, "geometry": {"type": "Point", "coordinates": [30.6957752, 50.4017775]}}, {"type": "Feature", "properties": {"osmid": 2202}, "geometry": {"type": "Point", "coordinates": [30.6476842, 50.440624]}}, {"type": "Feature", "properties": {"osmid": 2203}, "geometry": {"type": "Point", "coordinates": [30.6941938, 50.4018926]}}, {"type": "Feature", "properties": {"osmid": 2204}, "geometry": {"type": "Point", "coordinates": [30.6221643, 50.5517947]}}, {"type": "Feature", "properties": {"osmid": 2205}, "geometry": {"type": "Point", "coordinates": [30.6977568, 50.3939476]}}, {"type": "Feature", "properties": {"osmid": 2206}, "geometry": {"type": "Point", "coordinates": [30.6487969, 50.4396908]}}, {"type": "Feature", "properties": {"osmid": 2207}, "geometry": {"type": "Point", "coordinates": [30.6481294, 50.4402434]}}, {"type": "Feature", "properties": {"osmid": 2208}, "geometry": {"type": "Point", "coordinates": [30.5789479, 50.495078]}}, {"type": "Feature", "properties": {"osmid": 2209}, "geometry": {"type": "Point", "coordinates": [30.5781477, 50.4954062]}}, {"type": "Feature", "properties": {"osmid": 2210}, "geometry": {"type": "Point", "coordinates": [30.2400905, 50.5779488]}}, {"type": "Feature", "properties": {"osmid": 2211}, "geometry": {"type": "Point", "coordinates": [30.4781481, 50.4877749]}}, {"type": "Feature", "properties": {"osmid": 2212}, "geometry": {"type": "Point", "coordinates": [30.5789454, 50.4954043]}}, {"type": "Feature", "properties": {"osmid": 2213}, "geometry": {"type": "Point", "coordinates": [30.5750148, 50.496183]}}, {"type": "Feature", "properties": {"osmid": 2214}, "geometry": {"type": "Point", "coordinates": [30.5755305, 50.4976393]}}, {"type": "Feature", "properties": {"osmid": 2215}, "geometry": {"type": "Point", "coordinates": [30.5381654, 50.4820896]}}, {"type": "Feature", "properties": {"osmid": 2216}, "geometry": {"type": "Point", "coordinates": [30.548956, 50.4209284]}}, {"type": "Feature", "properties": {"osmid": 2217}, "geometry": {"type": "Point", "coordinates": [30.4144043, 50.4451215]}}, {"type": "Feature", "properties": {"osmid": 2218}, "geometry": {"type": "Point", "coordinates": [30.4143117, 50.4452873]}}, {"type": "Feature", "properties": {"osmid": 2219}, "geometry": {"type": "Point", "coordinates": [30.5310404, 50.3933666]}}, {"type": "Feature", "properties": {"osmid": 2220}, "geometry": {"type": "Point", "coordinates": [30.4766628, 50.4476174]}}, {"type": "Feature", "properties": {"osmid": 2221}, "geometry": {"type": "Point", "coordinates": [30.3570456, 50.4772227]}}, {"type": "Feature", "properties": {"osmid": 2222}, "geometry": {"type": "Point", "coordinates": [30.4580257, 50.3706157]}}, {"type": "Feature", "properties": {"osmid": 2223}, "geometry": {"type": "Point", "coordinates": [30.5109153, 50.3982836]}}, {"type": "Feature", "properties": {"osmid": 2224}, "geometry": {"type": "Point", "coordinates": [30.2548271, 50.5808272]}}, {"type": "Feature", "properties": {"osmid": 2225}, "geometry": {"type": "Point", "coordinates": [30.4939369, 50.4097211]}}, {"type": "Feature", "properties": {"osmid": 2226}, "geometry": {"type": "Point", "coordinates": [30.5873452, 50.4955723]}}, {"type": "Feature", "properties": {"osmid": 2227}, "geometry": {"type": "Point", "coordinates": [30.4279754, 50.4914461]}}, {"type": "Feature", "properties": {"osmid": 2228}, "geometry": {"type": "Point", "coordinates": [30.6334859, 50.4561103]}}, {"type": "Feature", "properties": {"osmid": 2229}, "geometry": {"type": "Point", "coordinates": [30.6283333, 50.4101218]}}, {"type": "Feature", "properties": {"osmid": 2230}, "geometry": {"type": "Point", "coordinates": [30.5154613, 50.4129562]}}, {"type": "Feature", "properties": {"osmid": 2231}, "geometry": {"type": "Point", "coordinates": [30.6329729, 50.4561368]}}, {"type": "Feature", "properties": {"osmid": 2232}, "geometry": {"type": "Point", "coordinates": [30.7179264, 50.5910289]}}, {"type": "Feature", "properties": {"osmid": 2233}, "geometry": {"type": "Point", "coordinates": [30.7179243, 50.5908982]}}, {"type": "Feature", "properties": {"osmid": 2234}, "geometry": {"type": "Point", "coordinates": [30.5027793, 50.5010574]}}, {"type": "Feature", "properties": {"osmid": 2235}, "geometry": {"type": "Point", "coordinates": [30.6007642, 50.3935439]}}, {"type": "Feature", "properties": {"osmid": 2236}, "geometry": {"type": "Point", "coordinates": [30.6014943, 50.4279033]}}, {"type": "Feature", "properties": {"osmid": 2237}, "geometry": {"type": "Point", "coordinates": [30.6028352, 50.4284509]}}, {"type": "Feature", "properties": {"osmid": 2238}, "geometry": {"type": "Point", "coordinates": [30.6021697, 50.4269959]}}, {"type": "Feature", "properties": {"osmid": 2239}, "geometry": {"type": "Point", "coordinates": [30.6035165, 50.4231412]}}, {"type": "Feature", "properties": {"osmid": 2240}, "geometry": {"type": "Point", "coordinates": [30.5786618, 50.4951228]}}, {"type": "Feature", "properties": {"osmid": 2241}, "geometry": {"type": "Point", "coordinates": [30.3544522, 50.3646468]}}, {"type": "Feature", "properties": {"osmid": 2242}, "geometry": {"type": "Point", "coordinates": [30.4723918, 50.4347674]}}, {"type": "Feature", "properties": {"osmid": 2243}, "geometry": {"type": "Point", "coordinates": [30.4687897, 50.4532922]}}, {"type": "Feature", "properties": {"osmid": 2244}, "geometry": {"type": "Point", "coordinates": [30.6324584, 50.4336072]}}, {"type": "Feature", "properties": {"osmid": 2245}, "geometry": {"type": "Point", "coordinates": [30.4810353, 50.4156933]}}, {"type": "Feature", "properties": {"osmid": 2246}, "geometry": {"type": "Point", "coordinates": [30.3953681, 50.4864166]}}, {"type": "Feature", "properties": {"osmid": 2247}, "geometry": {"type": "Point", "coordinates": [30.6684019, 50.4085518]}}, {"type": "Feature", "properties": {"osmid": 2248}, "geometry": {"type": "Point", "coordinates": [30.5450522, 50.4350014]}}, {"type": "Feature", "properties": {"osmid": 2249}, "geometry": {"type": "Point", "coordinates": [30.4545267, 50.5297837]}}, {"type": "Feature", "properties": {"osmid": 2250}, "geometry": {"type": "Point", "coordinates": [30.6812087, 50.4036298]}}, {"type": "Feature", "properties": {"osmid": 2251}, "geometry": {"type": "Point", "coordinates": [30.5935896, 50.4174234]}}, {"type": "Feature", "properties": {"osmid": 2252}, "geometry": {"type": "Point", "coordinates": [30.4196793, 50.5158724]}}, {"type": "Feature", "properties": {"osmid": 2253}, "geometry": {"type": "Point", "coordinates": [30.4731999, 50.4557236]}}, {"type": "Feature", "properties": {"osmid": 2254}, "geometry": {"type": "Point", "coordinates": [30.6555318, 50.5274799]}}, {"type": "Feature", "properties": {"osmid": 2255}, "geometry": {"type": "Point", "coordinates": [30.6253071, 50.441883]}}, {"type": "Feature", "properties": {"osmid": 2256}, "geometry": {"type": "Point", "coordinates": [30.6544148, 50.4658906]}}, {"type": "Feature", "properties": {"osmid": 2257}, "geometry": {"type": "Point", "coordinates": [30.5857626, 50.5210215]}}, {"type": "Feature", "properties": {"osmid": 2258}, "geometry": {"type": "Point", "coordinates": [30.4362509, 50.4753472]}}, {"type": "Feature", "properties": {"osmid": 2259}, "geometry": {"type": "Point", "coordinates": [30.4580731, 50.3865059]}}, {"type": "Feature", "properties": {"osmid": 2260}, "geometry": {"type": "Point", "coordinates": [30.3954346, 50.4863]}}, {"type": "Feature", "properties": {"osmid": 2261}, "geometry": {"type": "Point", "coordinates": [30.5950498, 50.5191204]}}, {"type": "Feature", "properties": {"osmid": 2262}, "geometry": {"type": "Point", "coordinates": [30.4588365, 50.386919]}}, {"type": "Feature", "properties": {"osmid": 2263}, "geometry": {"type": "Point", "coordinates": [30.6925183, 50.562723]}}, {"type": "Feature", "properties": {"osmid": 2264}, "geometry": {"type": "Point", "coordinates": [30.3959491, 50.4861835]}}, {"type": "Feature", "properties": {"osmid": 2265}, "geometry": {"type": "Point", "coordinates": [30.3960903, 50.48624]}}, {"type": "Feature", "properties": {"osmid": 2266}, "geometry": {"type": "Point", "coordinates": [30.474146, 50.484943]}}, {"type": "Feature", "properties": {"osmid": 2267}, "geometry": {"type": "Point", "coordinates": [30.5884614, 50.4625454]}}, {"type": "Feature", "properties": {"osmid": 2268}, "geometry": {"type": "Point", "coordinates": [30.554558, 50.3386216]}}, {"type": "Feature", "properties": {"osmid": 2269}, "geometry": {"type": "Point", "coordinates": [30.6796821, 50.3775771]}}, {"type": "Feature", "properties": {"osmid": 2270}, "geometry": {"type": "Point", "coordinates": [30.5893748, 50.4974569]}}, {"type": "Feature", "properties": {"osmid": 2271}, "geometry": {"type": "Point", "coordinates": [30.4475977, 50.4255252]}}, {"type": "Feature", "properties": {"osmid": 2272}, "geometry": {"type": "Point", "coordinates": [30.6269915, 50.409829]}}, {"type": "Feature", "properties": {"osmid": 2273}, "geometry": {"type": "Point", "coordinates": [30.3961679, 50.486565]}}, {"type": "Feature", "properties": {"osmid": 2274}, "geometry": {"type": "Point", "coordinates": [30.3959173, 50.4866921]}}, {"type": "Feature", "properties": {"osmid": 2275}, "geometry": {"type": "Point", "coordinates": [30.8303499, 50.4787171]}}, {"type": "Feature", "properties": {"osmid": 2276}, "geometry": {"type": "Point", "coordinates": [30.6142077, 50.4332462]}}, {"type": "Feature", "properties": {"osmid": 2277}, "geometry": {"type": "Point", "coordinates": [30.4813056, 50.5177487]}}, {"type": "Feature", "properties": {"osmid": 2278}, "geometry": {"type": "Point", "coordinates": [30.6449642, 50.4299536]}}, {"type": "Feature", "properties": {"osmid": 2279}, "geometry": {"type": "Point", "coordinates": [30.6142537, 50.4331507]}}, {"type": "Feature", "properties": {"osmid": 2280}, "geometry": {"type": "Point", "coordinates": [30.6006504, 50.393709]}}, {"type": "Feature", "properties": {"osmid": 2281}, "geometry": {"type": "Point", "coordinates": [30.8299822, 50.4714557]}}, {"type": "Feature", "properties": {"osmid": 2282}, "geometry": {"type": "Point", "coordinates": [30.5914472, 50.4616297]}}, {"type": "Feature", "properties": {"osmid": 2283}, "geometry": {"type": "Point", "coordinates": [30.4848373, 50.4462936]}}, {"type": "Feature", "properties": {"osmid": 2284}, "geometry": {"type": "Point", "coordinates": [30.8041258, 50.5062139]}}, {"type": "Feature", "properties": {"osmid": 2285}, "geometry": {"type": "Point", "coordinates": [30.6370956, 50.3990475]}}, {"type": "Feature", "properties": {"osmid": 2286}, "geometry": {"type": "Point", "coordinates": [30.4908408, 50.4401124]}}, {"type": "Feature", "properties": {"osmid": 2287}, "geometry": {"type": "Point", "coordinates": [30.6448745, 50.4300902]}}, {"type": "Feature", "properties": {"osmid": 2288}, "geometry": {"type": "Point", "coordinates": [30.4908932, 50.4402265]}}, {"type": "Feature", "properties": {"osmid": 2289}, "geometry": {"type": "Point", "coordinates": [30.4861972, 50.4461078]}}, {"type": "Feature", "properties": {"osmid": 2290}, "geometry": {"type": "Point", "coordinates": [30.386194, 50.4574042]}}, {"type": "Feature", "properties": {"osmid": 2291}, "geometry": {"type": "Point", "coordinates": [30.6280868, 50.5529161]}}, {"type": "Feature", "properties": {"osmid": 2292}, "geometry": {"type": "Point", "coordinates": [30.6247782, 50.5522771]}}, {"type": "Feature", "properties": {"osmid": 2293}, "geometry": {"type": "Point", "coordinates": [30.3868539, 50.4563158]}}, {"type": "Feature", "properties": {"osmid": 2294}, "geometry": {"type": "Point", "coordinates": [30.7820509, 50.512584]}}, {"type": "Feature", "properties": {"osmid": 2295}, "geometry": {"type": "Point", "coordinates": [30.567594, 50.4272558]}}, {"type": "Feature", "properties": {"osmid": 2296}, "geometry": {"type": "Point", "coordinates": [30.3893649, 50.457488]}}, {"type": "Feature", "properties": {"osmid": 2297}, "geometry": {"type": "Point", "coordinates": [30.7802598, 50.5161843]}}, {"type": "Feature", "properties": {"osmid": 2298}, "geometry": {"type": "Point", "coordinates": [30.460653, 50.3913998]}}, {"type": "Feature", "properties": {"osmid": 2299}, "geometry": {"type": "Point", "coordinates": [30.606416, 50.4299577]}}, {"type": "Feature", "properties": {"osmid": 2300}, "geometry": {"type": "Point", "coordinates": [30.4816248, 50.4462914]}}, {"type": "Feature", "properties": {"osmid": 2301}, "geometry": {"type": "Point", "coordinates": [30.3846503, 50.4309612]}}, {"type": "Feature", "properties": {"osmid": 2302}, "geometry": {"type": "Point", "coordinates": [30.384149, 50.4341757]}}, {"type": "Feature", "properties": {"osmid": 2303}, "geometry": {"type": "Point", "coordinates": [30.3859597, 50.4393155]}}, {"type": "Feature", "properties": {"osmid": 2304}, "geometry": {"type": "Point", "coordinates": [30.386468, 50.4379625]}}, {"type": "Feature", "properties": {"osmid": 2305}, "geometry": {"type": "Point", "coordinates": [30.3872248, 50.43685]}}, {"type": "Feature", "properties": {"osmid": 2306}, "geometry": {"type": "Point", "coordinates": [30.3752981, 50.3749045]}}, {"type": "Feature", "properties": {"osmid": 2307}, "geometry": {"type": "Point", "coordinates": [30.4660519, 50.4490678]}}, {"type": "Feature", "properties": {"osmid": 2308}, "geometry": {"type": "Point", "coordinates": [30.7423932, 50.3974009]}}, {"type": "Feature", "properties": {"osmid": 2309}, "geometry": {"type": "Point", "coordinates": [30.7413198, 50.3971464]}}, {"type": "Feature", "properties": {"osmid": 2310}, "geometry": {"type": "Point", "coordinates": [30.4489579, 50.4758188]}}, {"type": "Feature", "properties": {"osmid": 2311}, "geometry": {"type": "Point", "coordinates": [30.7423661, 50.3972248]}}, {"type": "Feature", "properties": {"osmid": 2312}, "geometry": {"type": "Point", "coordinates": [30.3212961, 50.3427921]}}, {"type": "Feature", "properties": {"osmid": 2313}, "geometry": {"type": "Point", "coordinates": [30.5380747, 50.4440007]}}, {"type": "Feature", "properties": {"osmid": 2314}, "geometry": {"type": "Point", "coordinates": [30.5700605, 50.4163416]}}, {"type": "Feature", "properties": {"osmid": 2315}, "geometry": {"type": "Point", "coordinates": [30.8554556, 50.3615756]}}, {"type": "Feature", "properties": {"osmid": 2316}, "geometry": {"type": "Point", "coordinates": [30.4270699, 50.4237578]}}, {"type": "Feature", "properties": {"osmid": 2317}, "geometry": {"type": "Point", "coordinates": [30.855688, 50.362405]}}, {"type": "Feature", "properties": {"osmid": 2318}, "geometry": {"type": "Point", "coordinates": [30.4449589, 50.4628965]}}, {"type": "Feature", "properties": {"osmid": 2319}, "geometry": {"type": "Point", "coordinates": [30.4146097, 50.4096755]}}, {"type": "Feature", "properties": {"osmid": 2320}, "geometry": {"type": "Point", "coordinates": [30.5662277, 50.4237485]}}, {"type": "Feature", "properties": {"osmid": 2321}, "geometry": {"type": "Point", "coordinates": [30.5065778, 50.4702192]}}, {"type": "Feature", "properties": {"osmid": 2322}, "geometry": {"type": "Point", "coordinates": [30.4141706, 50.4091098]}}, {"type": "Feature", "properties": {"osmid": 2323}, "geometry": {"type": "Point", "coordinates": [30.4153031, 50.4102887]}}, {"type": "Feature", "properties": {"osmid": 2324}, "geometry": {"type": "Point", "coordinates": [30.6509889, 50.4314849]}}, {"type": "Feature", "properties": {"osmid": 2325}, "geometry": {"type": "Point", "coordinates": [30.8424234, 50.4223627]}}, {"type": "Feature", "properties": {"osmid": 2326}, "geometry": {"type": "Point", "coordinates": [30.856156, 50.3640988]}}, {"type": "Feature", "properties": {"osmid": 2327}, "geometry": {"type": "Point", "coordinates": [30.5707909, 50.4240164]}}, {"type": "Feature", "properties": {"osmid": 2328}, "geometry": {"type": "Point", "coordinates": [30.4171891, 50.4123803]}}, {"type": "Feature", "properties": {"osmid": 2329}, "geometry": {"type": "Point", "coordinates": [30.8559156, 50.3632752]}}, {"type": "Feature", "properties": {"osmid": 2330}, "geometry": {"type": "Point", "coordinates": [30.5260667, 50.4031725]}}, {"type": "Feature", "properties": {"osmid": 2331}, "geometry": {"type": "Point", "coordinates": [30.3718442, 50.4562961]}}, {"type": "Feature", "properties": {"osmid": 2332}, "geometry": {"type": "Point", "coordinates": [30.630231, 50.5535732]}}, {"type": "Feature", "properties": {"osmid": 2333}, "geometry": {"type": "Point", "coordinates": [30.4250339, 50.4198814]}}, {"type": "Feature", "properties": {"osmid": 2334}, "geometry": {"type": "Point", "coordinates": [30.3862616, 50.4572765]}}, {"type": "Feature", "properties": {"osmid": 2335}, "geometry": {"type": "Point", "coordinates": [30.3854834, 50.457356]}}, {"type": "Feature", "properties": {"osmid": 2336}, "geometry": {"type": "Point", "coordinates": [30.4531619, 50.4468903]}}, {"type": "Feature", "properties": {"osmid": 2337}, "geometry": {"type": "Point", "coordinates": [30.4435129, 50.4484535]}}, {"type": "Feature", "properties": {"osmid": 2338}, "geometry": {"type": "Point", "coordinates": [30.416065, 50.4109085]}}, {"type": "Feature", "properties": {"osmid": 2339}, "geometry": {"type": "Point", "coordinates": [30.5137898, 50.4398715]}}, {"type": "Feature", "properties": {"osmid": 2340}, "geometry": {"type": "Point", "coordinates": [30.5137946, 50.4399501]}}, {"type": "Feature", "properties": {"osmid": 2341}, "geometry": {"type": "Point", "coordinates": [30.6447865, 50.5531369]}}, {"type": "Feature", "properties": {"osmid": 2342}, "geometry": {"type": "Point", "coordinates": [30.4991227, 50.4892127]}}, {"type": "Feature", "properties": {"osmid": 2343}, "geometry": {"type": "Point", "coordinates": [30.6553929, 50.424176]}}, {"type": "Feature", "properties": {"osmid": 2344}, "geometry": {"type": "Point", "coordinates": [30.6555636, 50.4242165]}}, {"type": "Feature", "properties": {"osmid": 2345}, "geometry": {"type": "Point", "coordinates": [30.5349376, 50.4417366]}}, {"type": "Feature", "properties": {"osmid": 2346}, "geometry": {"type": "Point", "coordinates": [30.6034479, 50.4224723]}}, {"type": "Feature", "properties": {"osmid": 2347}, "geometry": {"type": "Point", "coordinates": [30.6492478, 50.5509928]}}, {"type": "Feature", "properties": {"osmid": 2348}, "geometry": {"type": "Point", "coordinates": [30.6544291, 50.4257684]}}, {"type": "Feature", "properties": {"osmid": 2349}, "geometry": {"type": "Point", "coordinates": [30.6468034, 50.5517017]}}, {"type": "Feature", "properties": {"osmid": 2350}, "geometry": {"type": "Point", "coordinates": [30.5924887, 50.4317594]}}, {"type": "Feature", "properties": {"osmid": 2351}, "geometry": {"type": "Point", "coordinates": [30.6546062, 50.4258116]}}, {"type": "Feature", "properties": {"osmid": 2352}, "geometry": {"type": "Point", "coordinates": [30.6419085, 50.5550148]}}, {"type": "Feature", "properties": {"osmid": 2353}, "geometry": {"type": "Point", "coordinates": [30.6452026, 50.5554426]}}, {"type": "Feature", "properties": {"osmid": 2354}, "geometry": {"type": "Point", "coordinates": [30.7531461, 50.3333551]}}, {"type": "Feature", "properties": {"osmid": 2355}, "geometry": {"type": "Point", "coordinates": [30.6534712, 50.427361]}}, {"type": "Feature", "properties": {"osmid": 2356}, "geometry": {"type": "Point", "coordinates": [30.6524876, 50.4289834]}}, {"type": "Feature", "properties": {"osmid": 2357}, "geometry": {"type": "Point", "coordinates": [30.6526715, 50.4290301]}}, {"type": "Feature", "properties": {"osmid": 2358}, "geometry": {"type": "Point", "coordinates": [30.6494623, 50.5555366]}}, {"type": "Feature", "properties": {"osmid": 2359}, "geometry": {"type": "Point", "coordinates": [30.836541, 50.4011196]}}, {"type": "Feature", "properties": {"osmid": 2360}, "geometry": {"type": "Point", "coordinates": [30.6515501, 50.4305606]}}, {"type": "Feature", "properties": {"osmid": 2361}, "geometry": {"type": "Point", "coordinates": [30.49145, 50.5735438]}}, {"type": "Feature", "properties": {"osmid": 2362}, "geometry": {"type": "Point", "coordinates": [30.6517282, 50.4306037]}}, {"type": "Feature", "properties": {"osmid": 2363}, "geometry": {"type": "Point", "coordinates": [30.6479764, 50.4307309]}}, {"type": "Feature", "properties": {"osmid": 2364}, "geometry": {"type": "Point", "coordinates": [30.6538723, 50.53933]}}, {"type": "Feature", "properties": {"osmid": 2365}, "geometry": {"type": "Point", "coordinates": [30.3730826, 50.3829661]}}, {"type": "Feature", "properties": {"osmid": 2366}, "geometry": {"type": "Point", "coordinates": [30.6479021, 50.4308498]}}, {"type": "Feature", "properties": {"osmid": 2367}, "geometry": {"type": "Point", "coordinates": [30.7825966, 50.3880879]}}, {"type": "Feature", "properties": {"osmid": 2368}, "geometry": {"type": "Point", "coordinates": [30.4968582, 50.4894307]}}, {"type": "Feature", "properties": {"osmid": 2369}, "geometry": {"type": "Point", "coordinates": [30.3158332, 50.452767]}}, {"type": "Feature", "properties": {"osmid": 2370}, "geometry": {"type": "Point", "coordinates": [30.631036, 50.3981222]}}, {"type": "Feature", "properties": {"osmid": 2371}, "geometry": {"type": "Point", "coordinates": [30.3881513, 50.4528638]}}, {"type": "Feature", "properties": {"osmid": 2372}, "geometry": {"type": "Point", "coordinates": [30.6579466, 50.4303539]}}, {"type": "Feature", "properties": {"osmid": 2373}, "geometry": {"type": "Point", "coordinates": [30.5842946, 50.4661532]}}, {"type": "Feature", "properties": {"osmid": 2374}, "geometry": {"type": "Point", "coordinates": [30.6622297, 50.4295876]}}, {"type": "Feature", "properties": {"osmid": 2375}, "geometry": {"type": "Point", "coordinates": [30.5299813, 50.3913439]}}, {"type": "Feature", "properties": {"osmid": 2376}, "geometry": {"type": "Point", "coordinates": [30.5282529, 50.4864116]}}, {"type": "Feature", "properties": {"osmid": 2377}, "geometry": {"type": "Point", "coordinates": [30.6622964, 50.4297237]}}, {"type": "Feature", "properties": {"osmid": 2378}, "geometry": {"type": "Point", "coordinates": [30.3960646, 50.3666329]}}, {"type": "Feature", "properties": {"osmid": 2379}, "geometry": {"type": "Point", "coordinates": [30.6580091, 50.4304755]}}, {"type": "Feature", "properties": {"osmid": 2380}, "geometry": {"type": "Point", "coordinates": [30.4943296, 50.4288808]}}, {"type": "Feature", "properties": {"osmid": 2381}, "geometry": {"type": "Point", "coordinates": [30.799224, 50.482137]}}, {"type": "Feature", "properties": {"osmid": 2382}, "geometry": {"type": "Point", "coordinates": [30.6522443, 50.5436215]}}, {"type": "Feature", "properties": {"osmid": 2383}, "geometry": {"type": "Point", "coordinates": [30.8007878, 50.5226668]}}, {"type": "Feature", "properties": {"osmid": 2384}, "geometry": {"type": "Point", "coordinates": [30.5205199, 50.4210336]}}, {"type": "Feature", "properties": {"osmid": 2385}, "geometry": {"type": "Point", "coordinates": [30.5052976, 50.4266255]}}, {"type": "Feature", "properties": {"osmid": 2386}, "geometry": {"type": "Point", "coordinates": [30.650712, 50.4314184]}}, {"type": "Feature", "properties": {"osmid": 2387}, "geometry": {"type": "Point", "coordinates": [30.6509006, 50.4316176]}}, {"type": "Feature", "properties": {"osmid": 2388}, "geometry": {"type": "Point", "coordinates": [30.3968047, 50.3651028]}}, {"type": "Feature", "properties": {"osmid": 2389}, "geometry": {"type": "Point", "coordinates": [30.5082012, 50.4675589]}}, {"type": "Feature", "properties": {"osmid": 2390}, "geometry": {"type": "Point", "coordinates": [30.6533684, 50.5509711]}}, {"type": "Feature", "properties": {"osmid": 2391}, "geometry": {"type": "Point", "coordinates": [30.6618801, 50.5544644]}}, {"type": "Feature", "properties": {"osmid": 2392}, "geometry": {"type": "Point", "coordinates": [30.5370504, 50.4166333]}}, {"type": "Feature", "properties": {"osmid": 2393}, "geometry": {"type": "Point", "coordinates": [30.4842941, 50.5177275]}}, {"type": "Feature", "properties": {"osmid": 2394}, "geometry": {"type": "Point", "coordinates": [30.6458517, 50.4590487]}}, {"type": "Feature", "properties": {"osmid": 2395}, "geometry": {"type": "Point", "coordinates": [30.7875458, 50.3902012]}}, {"type": "Feature", "properties": {"osmid": 2396}, "geometry": {"type": "Point", "coordinates": [30.5848793, 50.5063506]}}, {"type": "Feature", "properties": {"osmid": 2397}, "geometry": {"type": "Point", "coordinates": [30.5216228, 50.45372]}}, {"type": "Feature", "properties": {"osmid": 2398}, "geometry": {"type": "Point", "coordinates": [30.6728169, 50.5736524]}}, {"type": "Feature", "properties": {"osmid": 2399}, "geometry": {"type": "Point", "coordinates": [30.5378388, 50.4835303]}}, {"type": "Feature", "properties": {"osmid": 2400}, "geometry": {"type": "Point", "coordinates": [30.7890599, 50.3904641]}}, {"type": "Feature", "properties": {"osmid": 2401}, "geometry": {"type": "Point", "coordinates": [30.5697179, 50.482867]}}, {"type": "Feature", "properties": {"osmid": 2402}, "geometry": {"type": "Point", "coordinates": [30.5383582, 50.4277686]}}, {"type": "Feature", "properties": {"osmid": 2403}, "geometry": {"type": "Point", "coordinates": [30.5061563, 50.4553808]}}, {"type": "Feature", "properties": {"osmid": 2404}, "geometry": {"type": "Point", "coordinates": [30.5060338, 50.4542448]}}, {"type": "Feature", "properties": {"osmid": 2405}, "geometry": {"type": "Point", "coordinates": [30.608165, 50.3584571]}}, {"type": "Feature", "properties": {"osmid": 2406}, "geometry": {"type": "Point", "coordinates": [30.5837841, 50.4667601]}}, {"type": "Feature", "properties": {"osmid": 2407}, "geometry": {"type": "Point", "coordinates": [30.7905736, 50.3903996]}}, {"type": "Feature", "properties": {"osmid": 2408}, "geometry": {"type": "Point", "coordinates": [30.5443325, 50.4178086]}}, {"type": "Feature", "properties": {"osmid": 2409}, "geometry": {"type": "Point", "coordinates": [30.402917, 50.4583424]}}, {"type": "Feature", "properties": {"osmid": 2410}, "geometry": {"type": "Point", "coordinates": [30.5271703, 50.4022818]}}, {"type": "Feature", "properties": {"osmid": 2411}, "geometry": {"type": "Point", "coordinates": [30.41132, 50.4115278]}}, {"type": "Feature", "properties": {"osmid": 2412}, "geometry": {"type": "Point", "coordinates": [30.3838472, 50.4139981]}}, {"type": "Feature", "properties": {"osmid": 2413}, "geometry": {"type": "Point", "coordinates": [30.4097896, 50.4122489]}}, {"type": "Feature", "properties": {"osmid": 2414}, "geometry": {"type": "Point", "coordinates": [30.4908261, 50.4204902]}}, {"type": "Feature", "properties": {"osmid": 2415}, "geometry": {"type": "Point", "coordinates": [30.7969554, 50.390539]}}, {"type": "Feature", "properties": {"osmid": 2416}, "geometry": {"type": "Point", "coordinates": [30.3289194, 50.4337623]}}, {"type": "Feature", "properties": {"osmid": 2417}, "geometry": {"type": "Point", "coordinates": [30.3211991, 50.5992269]}}, {"type": "Feature", "properties": {"osmid": 2418}, "geometry": {"type": "Point", "coordinates": [30.401154, 50.4181849]}}, {"type": "Feature", "properties": {"osmid": 2419}, "geometry": {"type": "Point", "coordinates": [30.7588908, 50.5840235]}}, {"type": "Feature", "properties": {"osmid": 2420}, "geometry": {"type": "Point", "coordinates": [30.4005102, 50.4186702]}}, {"type": "Feature", "properties": {"osmid": 2421}, "geometry": {"type": "Point", "coordinates": [30.4603197, 50.4522008]}}, {"type": "Feature", "properties": {"osmid": 2422}, "geometry": {"type": "Point", "coordinates": [30.7985175, 50.3911191]}}, {"type": "Feature", "properties": {"osmid": 2423}, "geometry": {"type": "Point", "coordinates": [30.5149993, 50.4500127]}}, {"type": "Feature", "properties": {"osmid": 2424}, "geometry": {"type": "Point", "coordinates": [30.3700143, 50.4334612]}}, {"type": "Feature", "properties": {"osmid": 2425}, "geometry": {"type": "Point", "coordinates": [30.3697568, 50.4335021]}}, {"type": "Feature", "properties": {"osmid": 2426}, "geometry": {"type": "Point", "coordinates": [30.3688441, 50.433881]}}, {"type": "Feature", "properties": {"osmid": 2427}, "geometry": {"type": "Point", "coordinates": [30.4097157, 50.4081031]}}, {"type": "Feature", "properties": {"osmid": 2428}, "geometry": {"type": "Point", "coordinates": [30.7918914, 50.3816257]}}, {"type": "Feature", "properties": {"osmid": 2429}, "geometry": {"type": "Point", "coordinates": [30.369712, 50.4323445]}}, {"type": "Feature", "properties": {"osmid": 2430}, "geometry": {"type": "Point", "coordinates": [30.3736186, 50.4341776]}}, {"type": "Feature", "properties": {"osmid": 2431}, "geometry": {"type": "Point", "coordinates": [30.5701928, 50.4823822]}}, {"type": "Feature", "properties": {"osmid": 2432}, "geometry": {"type": "Point", "coordinates": [30.3800488, 50.4358329]}}, {"type": "Feature", "properties": {"osmid": 2433}, "geometry": {"type": "Point", "coordinates": [30.3776836, 50.4395597]}}, {"type": "Feature", "properties": {"osmid": 2434}, "geometry": {"type": "Point", "coordinates": [30.4132009, 50.4081948]}}, {"type": "Feature", "properties": {"osmid": 2435}, "geometry": {"type": "Point", "coordinates": [30.6086385, 50.3550799]}}, {"type": "Feature", "properties": {"osmid": 2436}, "geometry": {"type": "Point", "coordinates": [30.5706758, 50.4818491]}}, {"type": "Feature", "properties": {"osmid": 2437}, "geometry": {"type": "Point", "coordinates": [30.2632899, 50.5802024]}}, {"type": "Feature", "properties": {"osmid": 2438}, "geometry": {"type": "Point", "coordinates": [30.4171885, 50.396358]}}, {"type": "Feature", "properties": {"osmid": 2439}, "geometry": {"type": "Point", "coordinates": [30.3288943, 50.4337335]}}, {"type": "Feature", "properties": {"osmid": 2440}, "geometry": {"type": "Point", "coordinates": [30.6300682, 50.451822]}}, {"type": "Feature", "properties": {"osmid": 2441}, "geometry": {"type": "Point", "coordinates": [30.6249509, 50.450426]}}, {"type": "Feature", "properties": {"osmid": 2442}, "geometry": {"type": "Point", "coordinates": [30.6197358, 50.4489812]}}, {"type": "Feature", "properties": {"osmid": 2443}, "geometry": {"type": "Point", "coordinates": [30.4372039, 50.4749637]}}, {"type": "Feature", "properties": {"osmid": 2444}, "geometry": {"type": "Point", "coordinates": [30.7323734, 50.590887]}}, {"type": "Feature", "properties": {"osmid": 2445}, "geometry": {"type": "Point", "coordinates": [30.436864, 50.4741074]}}, {"type": "Feature", "properties": {"osmid": 2446}, "geometry": {"type": "Point", "coordinates": [30.422944, 50.3960801]}}, {"type": "Feature", "properties": {"osmid": 2447}, "geometry": {"type": "Point", "coordinates": [30.6157336, 50.4389533]}}, {"type": "Feature", "properties": {"osmid": 2448}, "geometry": {"type": "Point", "coordinates": [30.2618362, 50.5827529]}}, {"type": "Feature", "properties": {"osmid": 2449}, "geometry": {"type": "Point", "coordinates": [30.8271337, 50.4035584]}}, {"type": "Feature", "properties": {"osmid": 2450}, "geometry": {"type": "Point", "coordinates": [30.4848539, 50.5450488]}}, {"type": "Feature", "properties": {"osmid": 2451}, "geometry": {"type": "Point", "coordinates": [30.8287091, 50.4022273]}}, {"type": "Feature", "properties": {"osmid": 2452}, "geometry": {"type": "Point", "coordinates": [30.5984621, 50.5256311]}}, {"type": "Feature", "properties": {"osmid": 2453}, "geometry": {"type": "Point", "coordinates": [30.7675998, 50.5942174]}}, {"type": "Feature", "properties": {"osmid": 2454}, "geometry": {"type": "Point", "coordinates": [30.3379708, 50.4201125]}}, {"type": "Feature", "properties": {"osmid": 2455}, "geometry": {"type": "Point", "coordinates": [30.8355772, 50.3992942]}}, {"type": "Feature", "properties": {"osmid": 2456}, "geometry": {"type": "Point", "coordinates": [30.3621336, 50.4236766]}}, {"type": "Feature", "properties": {"osmid": 2457}, "geometry": {"type": "Point", "coordinates": [30.835959, 50.4995369]}}, {"type": "Feature", "properties": {"osmid": 2458}, "geometry": {"type": "Point", "coordinates": [30.4008043, 50.4582525]}}, {"type": "Feature", "properties": {"osmid": 2459}, "geometry": {"type": "Point", "coordinates": [30.4044594, 50.4584123]}}, {"type": "Feature", "properties": {"osmid": 2460}, "geometry": {"type": "Point", "coordinates": [30.4935721, 50.4383004]}}, {"type": "Feature", "properties": {"osmid": 2461}, "geometry": {"type": "Point", "coordinates": [30.5868907, 50.5291603]}}, {"type": "Feature", "properties": {"osmid": 2462}, "geometry": {"type": "Point", "coordinates": [30.8376223, 50.5006456]}}, {"type": "Feature", "properties": {"osmid": 2463}, "geometry": {"type": "Point", "coordinates": [30.4111257, 50.4589179]}}, {"type": "Feature", "properties": {"osmid": 2464}, "geometry": {"type": "Point", "coordinates": [30.4051397, 50.4587908]}}, {"type": "Feature", "properties": {"osmid": 2465}, "geometry": {"type": "Point", "coordinates": [30.8377297, 50.5013762]}}, {"type": "Feature", "properties": {"osmid": 2466}, "geometry": {"type": "Point", "coordinates": [30.5436721, 50.3401431]}}, {"type": "Feature", "properties": {"osmid": 2467}, "geometry": {"type": "Point", "coordinates": [30.607726, 50.3561633]}}, {"type": "Feature", "properties": {"osmid": 2468}, "geometry": {"type": "Point", "coordinates": [30.4537942, 50.527458]}}, {"type": "Feature", "properties": {"osmid": 2469}, "geometry": {"type": "Point", "coordinates": [30.6553592, 50.5822224]}}, {"type": "Feature", "properties": {"osmid": 2470}, "geometry": {"type": "Point", "coordinates": [30.4064995, 50.4589039]}}, {"type": "Feature", "properties": {"osmid": 2471}, "geometry": {"type": "Point", "coordinates": [30.6302433, 50.4515502]}}, {"type": "Feature", "properties": {"osmid": 2472}, "geometry": {"type": "Point", "coordinates": [30.6303987, 50.4513056]}}, {"type": "Feature", "properties": {"osmid": 2473}, "geometry": {"type": "Point", "coordinates": [30.3675217, 50.370046]}}, {"type": "Feature", "properties": {"osmid": 2474}, "geometry": {"type": "Point", "coordinates": [30.3337668, 50.421514]}}, {"type": "Feature", "properties": {"osmid": 2475}, "geometry": {"type": "Point", "coordinates": [30.7631567, 50.5973487]}}, {"type": "Feature", "properties": {"osmid": 2476}, "geometry": {"type": "Point", "coordinates": [30.4764961, 50.3398624]}}, {"type": "Feature", "properties": {"osmid": 2477}, "geometry": {"type": "Point", "coordinates": [30.4490974, 50.5927189]}}, {"type": "Feature", "properties": {"osmid": 2478}, "geometry": {"type": "Point", "coordinates": [30.406282, 50.4585104]}}, {"type": "Feature", "properties": {"osmid": 2479}, "geometry": {"type": "Point", "coordinates": [30.5186097, 50.4963185]}}, {"type": "Feature", "properties": {"osmid": 2480}, "geometry": {"type": "Point", "coordinates": [30.4499735, 50.5950801]}}, {"type": "Feature", "properties": {"osmid": 2481}, "geometry": {"type": "Point", "coordinates": [30.8306562, 50.4810935]}}, {"type": "Feature", "properties": {"osmid": 2482}, "geometry": {"type": "Point", "coordinates": [30.4005521, 50.4583622]}}, {"type": "Feature", "properties": {"osmid": 2483}, "geometry": {"type": "Point", "coordinates": [30.7726516, 50.5118267]}}, {"type": "Feature", "properties": {"osmid": 2484}, "geometry": {"type": "Point", "coordinates": [30.4497362, 50.5930311]}}, {"type": "Feature", "properties": {"osmid": 2485}, "geometry": {"type": "Point", "coordinates": [30.4043848, 50.4587142]}}, {"type": "Feature", "properties": {"osmid": 2486}, "geometry": {"type": "Point", "coordinates": [30.6285333, 50.4402581]}}, {"type": "Feature", "properties": {"osmid": 2487}, "geometry": {"type": "Point", "coordinates": [30.4509209, 50.5976726]}}, {"type": "Feature", "properties": {"osmid": 2488}, "geometry": {"type": "Point", "coordinates": [30.7741425, 50.5139976]}}, {"type": "Feature", "properties": {"osmid": 2489}, "geometry": {"type": "Point", "coordinates": [30.5447213, 50.4392187]}}, {"type": "Feature", "properties": {"osmid": 2490}, "geometry": {"type": "Point", "coordinates": [30.7547339, 50.6011538]}}, {"type": "Feature", "properties": {"osmid": 2491}, "geometry": {"type": "Point", "coordinates": [30.7743669, 50.5143127]}}, {"type": "Feature", "properties": {"osmid": 2492}, "geometry": {"type": "Point", "coordinates": [30.5475946, 50.4383427]}}, {"type": "Feature", "properties": {"osmid": 2493}, "geometry": {"type": "Point", "coordinates": [30.5927454, 50.4301025]}}, {"type": "Feature", "properties": {"osmid": 2494}, "geometry": {"type": "Point", "coordinates": [30.5447437, 50.4385071]}}, {"type": "Feature", "properties": {"osmid": 2495}, "geometry": {"type": "Point", "coordinates": [30.5927328, 50.429232]}}, {"type": "Feature", "properties": {"osmid": 2496}, "geometry": {"type": "Point", "coordinates": [30.7753022, 50.5154881]}}, {"type": "Feature", "properties": {"osmid": 2497}, "geometry": {"type": "Point", "coordinates": [30.5670954, 50.6010099]}}, {"type": "Feature", "properties": {"osmid": 2498}, "geometry": {"type": "Point", "coordinates": [30.4072492, 50.4588749]}}, {"type": "Feature", "properties": {"osmid": 2499}, "geometry": {"type": "Point", "coordinates": [30.7868194, 50.3600056]}}, {"type": "Feature", "properties": {"osmid": 2500}, "geometry": {"type": "Point", "coordinates": [30.4141225, 50.4648799]}}, {"type": "Feature", "properties": {"osmid": 2501}, "geometry": {"type": "Point", "coordinates": [30.7760016, 50.516397]}}, {"type": "Feature", "properties": {"osmid": 2502}, "geometry": {"type": "Point", "coordinates": [30.5465287, 50.4372433]}}, {"type": "Feature", "properties": {"osmid": 2503}, "geometry": {"type": "Point", "coordinates": [30.4991904, 50.5217024]}}, {"type": "Feature", "properties": {"osmid": 2504}, "geometry": {"type": "Point", "coordinates": [30.3619443, 50.4236514]}}, {"type": "Feature", "properties": {"osmid": 2505}, "geometry": {"type": "Point", "coordinates": [30.4237946, 50.5043214]}}, {"type": "Feature", "properties": {"osmid": 2506}, "geometry": {"type": "Point", "coordinates": [30.4201838, 50.5161864]}}, {"type": "Feature", "properties": {"osmid": 2507}, "geometry": {"type": "Point", "coordinates": [30.5920857, 50.4302621]}}, {"type": "Feature", "properties": {"osmid": 2508}, "geometry": {"type": "Point", "coordinates": [30.5921181, 50.4301929]}}, {"type": "Feature", "properties": {"osmid": 2509}, "geometry": {"type": "Point", "coordinates": [30.4497512, 50.520677]}}, {"type": "Feature", "properties": {"osmid": 2510}, "geometry": {"type": "Point", "coordinates": [30.4198457, 50.509787]}}, {"type": "Feature", "properties": {"osmid": 2511}, "geometry": {"type": "Point", "coordinates": [30.7745021, 50.517964]}}, {"type": "Feature", "properties": {"osmid": 2512}, "geometry": {"type": "Point", "coordinates": [30.4536367, 50.5193533]}}, {"type": "Feature", "properties": {"osmid": 2513}, "geometry": {"type": "Point", "coordinates": [30.6103635, 50.3946072]}}, {"type": "Feature", "properties": {"osmid": 2514}, "geometry": {"type": "Point", "coordinates": [30.7550515, 50.4952773]}}, {"type": "Feature", "properties": {"osmid": 2515}, "geometry": {"type": "Point", "coordinates": [30.4184344, 50.4501752]}}, {"type": "Feature", "properties": {"osmid": 2516}, "geometry": {"type": "Point", "coordinates": [30.4177925, 50.4698758]}}, {"type": "Feature", "properties": {"osmid": 2517}, "geometry": {"type": "Point", "coordinates": [30.7790864, 50.5200535]}}, {"type": "Feature", "properties": {"osmid": 2518}, "geometry": {"type": "Point", "coordinates": [30.6021543, 50.4219846]}}, {"type": "Feature", "properties": {"osmid": 2519}, "geometry": {"type": "Point", "coordinates": [30.7618076, 50.5981321]}}, {"type": "Feature", "properties": {"osmid": 2520}, "geometry": {"type": "Point", "coordinates": [30.7607945, 50.5986144]}}, {"type": "Feature", "properties": {"osmid": 2521}, "geometry": {"type": "Point", "coordinates": [30.3351377, 50.4187053]}}, {"type": "Feature", "properties": {"osmid": 2522}, "geometry": {"type": "Point", "coordinates": [30.3658417, 50.3794094]}}, {"type": "Feature", "properties": {"osmid": 2523}, "geometry": {"type": "Point", "coordinates": [30.4674577, 50.3588402]}}, {"type": "Feature", "properties": {"osmid": 2524}, "geometry": {"type": "Point", "coordinates": [30.5685992, 50.5913186]}}, {"type": "Feature", "properties": {"osmid": 2525}, "geometry": {"type": "Point", "coordinates": [30.5323994, 50.4819968]}}, {"type": "Feature", "properties": {"osmid": 2526}, "geometry": {"type": "Point", "coordinates": [30.8664927, 50.4904129]}}, {"type": "Feature", "properties": {"osmid": 2527}, "geometry": {"type": "Point", "coordinates": [30.6139621, 50.5122891]}}, {"type": "Feature", "properties": {"osmid": 2528}, "geometry": {"type": "Point", "coordinates": [30.6139563, 50.5130148]}}, {"type": "Feature", "properties": {"osmid": 2529}, "geometry": {"type": "Point", "coordinates": [30.4222882, 50.5049923]}}, {"type": "Feature", "properties": {"osmid": 2530}, "geometry": {"type": "Point", "coordinates": [30.6133978, 50.5126481]}}, {"type": "Feature", "properties": {"osmid": 2531}, "geometry": {"type": "Point", "coordinates": [30.6145279, 50.5126835]}}, {"type": "Feature", "properties": {"osmid": 2532}, "geometry": {"type": "Point", "coordinates": [30.3630715, 50.3912454]}}, {"type": "Feature", "properties": {"osmid": 2533}, "geometry": {"type": "Point", "coordinates": [30.3430453, 50.4224926]}}, {"type": "Feature", "properties": {"osmid": 2534}, "geometry": {"type": "Point", "coordinates": [30.429128, 50.5105493]}}, {"type": "Feature", "properties": {"osmid": 2535}, "geometry": {"type": "Point", "coordinates": [30.69049, 50.3626135]}}, {"type": "Feature", "properties": {"osmid": 2536}, "geometry": {"type": "Point", "coordinates": [30.2641897, 50.5437565]}}, {"type": "Feature", "properties": {"osmid": 2537}, "geometry": {"type": "Point", "coordinates": [30.3859512, 50.4292268]}}, {"type": "Feature", "properties": {"osmid": 2538}, "geometry": {"type": "Point", "coordinates": [30.545869, 50.4155852]}}, {"type": "Feature", "properties": {"osmid": 2539}, "geometry": {"type": "Point", "coordinates": [30.3127658, 50.4426782]}}, {"type": "Feature", "properties": {"osmid": 2540}, "geometry": {"type": "Point", "coordinates": [30.6201066, 50.5277065]}}, {"type": "Feature", "properties": {"osmid": 2541}, "geometry": {"type": "Point", "coordinates": [30.4525538, 50.37423]}}, {"type": "Feature", "properties": {"osmid": 2542}, "geometry": {"type": "Point", "coordinates": [30.8249512, 50.5376905]}}, {"type": "Feature", "properties": {"osmid": 2543}, "geometry": {"type": "Point", "coordinates": [30.8270956, 50.5385909]}}, {"type": "Feature", "properties": {"osmid": 2544}, "geometry": {"type": "Point", "coordinates": [30.3286612, 50.4337117]}}, {"type": "Feature", "properties": {"osmid": 2545}, "geometry": {"type": "Point", "coordinates": [30.2640738, 50.5453174]}}, {"type": "Feature", "properties": {"osmid": 2546}, "geometry": {"type": "Point", "coordinates": [30.8580339, 50.3807263]}}, {"type": "Feature", "properties": {"osmid": 2547}, "geometry": {"type": "Point", "coordinates": [30.3855304, 50.4298231]}}, {"type": "Feature", "properties": {"osmid": 2548}, "geometry": {"type": "Point", "coordinates": [30.4941295, 50.4464185]}}, {"type": "Feature", "properties": {"osmid": 2549}, "geometry": {"type": "Point", "coordinates": [30.3845303, 50.4296105]}}, {"type": "Feature", "properties": {"osmid": 2550}, "geometry": {"type": "Point", "coordinates": [30.8597361, 50.3805366]}}, {"type": "Feature", "properties": {"osmid": 2551}, "geometry": {"type": "Point", "coordinates": [30.4939479, 50.4472671]}}, {"type": "Feature", "properties": {"osmid": 2552}, "geometry": {"type": "Point", "coordinates": [30.8411767, 50.5220303]}}, {"type": "Feature", "properties": {"osmid": 2553}, "geometry": {"type": "Point", "coordinates": [30.4940507, 50.4467355]}}, {"type": "Feature", "properties": {"osmid": 2554}, "geometry": {"type": "Point", "coordinates": [30.4946321, 50.4459628]}}, {"type": "Feature", "properties": {"osmid": 2555}, "geometry": {"type": "Point", "coordinates": [30.4939243, 50.4457906]}}, {"type": "Feature", "properties": {"osmid": 2556}, "geometry": {"type": "Point", "coordinates": [30.3608452, 50.337333]}}, {"type": "Feature", "properties": {"osmid": 2557}, "geometry": {"type": "Point", "coordinates": [30.8283303, 50.5726619]}}, {"type": "Feature", "properties": {"osmid": 2558}, "geometry": {"type": "Point", "coordinates": [30.8386601, 50.5008587]}}, {"type": "Feature", "properties": {"osmid": 2559}, "geometry": {"type": "Point", "coordinates": [30.4970439, 50.4437214]}}, {"type": "Feature", "properties": {"osmid": 2560}, "geometry": {"type": "Point", "coordinates": [30.7796361, 50.5163769]}}, {"type": "Feature", "properties": {"osmid": 2561}, "geometry": {"type": "Point", "coordinates": [30.5733357, 50.478748]}}, {"type": "Feature", "properties": {"osmid": 2562}, "geometry": {"type": "Point", "coordinates": [30.2638998, 50.5447236]}}, {"type": "Feature", "properties": {"osmid": 2563}, "geometry": {"type": "Point", "coordinates": [30.6820593, 50.3726749]}}, {"type": "Feature", "properties": {"osmid": 2564}, "geometry": {"type": "Point", "coordinates": [30.4997485, 50.4411651]}}, {"type": "Feature", "properties": {"osmid": 2565}, "geometry": {"type": "Point", "coordinates": [30.4819433, 50.4474929]}}, {"type": "Feature", "properties": {"osmid": 2566}, "geometry": {"type": "Point", "coordinates": [30.526412, 50.3898048]}}, {"type": "Feature", "properties": {"osmid": 2567}, "geometry": {"type": "Point", "coordinates": [30.4828978, 50.4498515]}}, {"type": "Feature", "properties": {"osmid": 2568}, "geometry": {"type": "Point", "coordinates": [30.3440185, 50.4229575]}}, {"type": "Feature", "properties": {"osmid": 2569}, "geometry": {"type": "Point", "coordinates": [30.7608268, 50.4681644]}}, {"type": "Feature", "properties": {"osmid": 2570}, "geometry": {"type": "Point", "coordinates": [30.4830473, 50.4498443]}}, {"type": "Feature", "properties": {"osmid": 2571}, "geometry": {"type": "Point", "coordinates": [30.4763449, 50.449482]}}, {"type": "Feature", "properties": {"osmid": 2572}, "geometry": {"type": "Point", "coordinates": [30.5679254, 50.5938034]}}, {"type": "Feature", "properties": {"osmid": 2573}, "geometry": {"type": "Point", "coordinates": [30.4820057, 50.4476721]}}, {"type": "Feature", "properties": {"osmid": 2574}, "geometry": {"type": "Point", "coordinates": [30.8563723, 50.5307164]}}, {"type": "Feature", "properties": {"osmid": 2575}, "geometry": {"type": "Point", "coordinates": [30.5742447, 50.477705]}}, {"type": "Feature", "properties": {"osmid": 2576}, "geometry": {"type": "Point", "coordinates": [30.4819627, 50.4471922]}}, {"type": "Feature", "properties": {"osmid": 2577}, "geometry": {"type": "Point", "coordinates": [30.4764092, 50.4495804]}}, {"type": "Feature", "properties": {"osmid": 2578}, "geometry": {"type": "Point", "coordinates": [30.4826112, 50.4483223]}}, {"type": "Feature", "properties": {"osmid": 2579}, "geometry": {"type": "Point", "coordinates": [30.3396013, 50.4211417]}}, {"type": "Feature", "properties": {"osmid": 2580}, "geometry": {"type": "Point", "coordinates": [30.8541488, 50.5295137]}}, {"type": "Feature", "properties": {"osmid": 2581}, "geometry": {"type": "Point", "coordinates": [30.5241527, 50.3918907]}}, {"type": "Feature", "properties": {"osmid": 2582}, "geometry": {"type": "Point", "coordinates": [30.4821261, 50.4476475]}}, {"type": "Feature", "properties": {"osmid": 2583}, "geometry": {"type": "Point", "coordinates": [30.3369801, 50.4194923]}}, {"type": "Feature", "properties": {"osmid": 2584}, "geometry": {"type": "Point", "coordinates": [30.3840464, 50.4139574]}}, {"type": "Feature", "properties": {"osmid": 2585}, "geometry": {"type": "Point", "coordinates": [30.5228616, 50.3927364]}}, {"type": "Feature", "properties": {"osmid": 2586}, "geometry": {"type": "Point", "coordinates": [30.4755182, 50.4478452]}}, {"type": "Feature", "properties": {"osmid": 2587}, "geometry": {"type": "Point", "coordinates": [30.4761921, 50.4478347]}}, {"type": "Feature", "properties": {"osmid": 2588}, "geometry": {"type": "Point", "coordinates": [30.4804048, 50.4489159]}}, {"type": "Feature", "properties": {"osmid": 2589}, "geometry": {"type": "Point", "coordinates": [30.4818218, 50.4487302]}}, {"type": "Feature", "properties": {"osmid": 2590}, "geometry": {"type": "Point", "coordinates": [30.5746975, 50.4771867]}}, {"type": "Feature", "properties": {"osmid": 2591}, "geometry": {"type": "Point", "coordinates": [30.4825521, 50.4490378]}}, {"type": "Feature", "properties": {"osmid": 2592}, "geometry": {"type": "Point", "coordinates": [30.4828235, 50.4493323]}}, {"type": "Feature", "properties": {"osmid": 2593}, "geometry": {"type": "Point", "coordinates": [30.3727883, 50.4020758]}}, {"type": "Feature", "properties": {"osmid": 2594}, "geometry": {"type": "Point", "coordinates": [30.4667523, 50.4510492]}}, {"type": "Feature", "properties": {"osmid": 2595}, "geometry": {"type": "Point", "coordinates": [30.4666873, 50.451179]}}, {"type": "Feature", "properties": {"osmid": 2596}, "geometry": {"type": "Point", "coordinates": [30.4669693, 50.4511327]}}, {"type": "Feature", "properties": {"osmid": 2597}, "geometry": {"type": "Point", "coordinates": [30.4829402, 50.5153283]}}, {"type": "Feature", "properties": {"osmid": 2598}, "geometry": {"type": "Point", "coordinates": [30.8521944, 50.5283387]}}, {"type": "Feature", "properties": {"osmid": 2599}, "geometry": {"type": "Point", "coordinates": [30.7720466, 50.4989884]}}, {"type": "Feature", "properties": {"osmid": 2600}, "geometry": {"type": "Point", "coordinates": [30.5079397, 50.4956873]}}, {"type": "Feature", "properties": {"osmid": 2601}, "geometry": {"type": "Point", "coordinates": [30.4141725, 50.399501]}}, {"type": "Feature", "properties": {"osmid": 2602}, "geometry": {"type": "Point", "coordinates": [30.5727216, 50.5960241]}}, {"type": "Feature", "properties": {"osmid": 2603}, "geometry": {"type": "Point", "coordinates": [30.4900184, 50.4176403]}}, {"type": "Feature", "properties": {"osmid": 2604}, "geometry": {"type": "Point", "coordinates": [30.5273099, 50.4020665]}}, {"type": "Feature", "properties": {"osmid": 2605}, "geometry": {"type": "Point", "coordinates": [30.4892328, 50.4179911]}}, {"type": "Feature", "properties": {"osmid": 2606}, "geometry": {"type": "Point", "coordinates": [30.5081116, 50.4551653]}}, {"type": "Feature", "properties": {"osmid": 2607}, "geometry": {"type": "Point", "coordinates": [30.5072797, 50.4550933]}}, {"type": "Feature", "properties": {"osmid": 2608}, "geometry": {"type": "Point", "coordinates": [30.4152927, 50.3957505]}}, {"type": "Feature", "properties": {"osmid": 2609}, "geometry": {"type": "Point", "coordinates": [30.3842428, 50.4913037]}}, {"type": "Feature", "properties": {"osmid": 2610}, "geometry": {"type": "Point", "coordinates": [30.3837031, 50.4915144]}}, {"type": "Feature", "properties": {"osmid": 2611}, "geometry": {"type": "Point", "coordinates": [30.7613152, 50.5121815]}}, {"type": "Feature", "properties": {"osmid": 2612}, "geometry": {"type": "Point", "coordinates": [30.6603123, 50.4691558]}}, {"type": "Feature", "properties": {"osmid": 2613}, "geometry": {"type": "Point", "coordinates": [30.4720143, 50.4890443]}}, {"type": "Feature", "properties": {"osmid": 2614}, "geometry": {"type": "Point", "coordinates": [30.3172223, 50.3297381]}}, {"type": "Feature", "properties": {"osmid": 2615}, "geometry": {"type": "Point", "coordinates": [30.4721838, 50.4892568]}}, {"type": "Feature", "properties": {"osmid": 2616}, "geometry": {"type": "Point", "coordinates": [30.4305387, 50.4609949]}}, {"type": "Feature", "properties": {"osmid": 2617}, "geometry": {"type": "Point", "coordinates": [30.3829249, 50.491818]}}, {"type": "Feature", "properties": {"osmid": 2618}, "geometry": {"type": "Point", "coordinates": [30.382068, 50.4921503]}}, {"type": "Feature", "properties": {"osmid": 2619}, "geometry": {"type": "Point", "coordinates": [30.3943848, 50.4873334]}}, {"type": "Feature", "properties": {"osmid": 2620}, "geometry": {"type": "Point", "coordinates": [30.4409061, 50.4926966]}}, {"type": "Feature", "properties": {"osmid": 2621}, "geometry": {"type": "Point", "coordinates": [30.8287339, 50.4064027]}}, {"type": "Feature", "properties": {"osmid": 2622}, "geometry": {"type": "Point", "coordinates": [30.497657, 50.4898944]}}, {"type": "Feature", "properties": {"osmid": 2623}, "geometry": {"type": "Point", "coordinates": [30.5236381, 50.4243435]}}, {"type": "Feature", "properties": {"osmid": 2624}, "geometry": {"type": "Point", "coordinates": [30.5242451, 50.4594409]}}, {"type": "Feature", "properties": {"osmid": 2625}, "geometry": {"type": "Point", "coordinates": [30.380424, 50.4927889]}}, {"type": "Feature", "properties": {"osmid": 2626}, "geometry": {"type": "Point", "coordinates": [30.7863071, 50.3585033]}}, {"type": "Feature", "properties": {"osmid": 2627}, "geometry": {"type": "Point", "coordinates": [30.3796606, 50.4930919]}}, {"type": "Feature", "properties": {"osmid": 2628}, "geometry": {"type": "Point", "coordinates": [30.378781, 50.4934317]}}, {"type": "Feature", "properties": {"osmid": 2629}, "geometry": {"type": "Point", "coordinates": [30.4958606, 50.5842443]}}, {"type": "Feature", "properties": {"osmid": 2630}, "geometry": {"type": "Point", "coordinates": [30.6830605, 50.3634347]}}, {"type": "Feature", "properties": {"osmid": 2631}, "geometry": {"type": "Point", "coordinates": [30.3783229, 50.4224524]}}, {"type": "Feature", "properties": {"osmid": 2632}, "geometry": {"type": "Point", "coordinates": [30.3742712, 50.4185782]}}, {"type": "Feature", "properties": {"osmid": 2633}, "geometry": {"type": "Point", "coordinates": [30.3738524, 50.4183796]}}, {"type": "Feature", "properties": {"osmid": 2634}, "geometry": {"type": "Point", "coordinates": [30.5267995, 50.4255576]}}, {"type": "Feature", "properties": {"osmid": 2635}, "geometry": {"type": "Point", "coordinates": [30.4485496, 50.5005202]}}, {"type": "Feature", "properties": {"osmid": 2636}, "geometry": {"type": "Point", "coordinates": [30.5150377, 50.4179536]}}, {"type": "Feature", "properties": {"osmid": 2637}, "geometry": {"type": "Point", "coordinates": [30.7843778, 50.3834121]}}, {"type": "Feature", "properties": {"osmid": 2638}, "geometry": {"type": "Point", "coordinates": [30.500174, 50.4621685]}}, {"type": "Feature", "properties": {"osmid": 2639}, "geometry": {"type": "Point", "coordinates": [30.4541479, 50.5200868]}}, {"type": "Feature", "properties": {"osmid": 2640}, "geometry": {"type": "Point", "coordinates": [30.6326772, 50.3294925]}}, {"type": "Feature", "properties": {"osmid": 2641}, "geometry": {"type": "Point", "coordinates": [30.7847485, 50.3833169]}}, {"type": "Feature", "properties": {"osmid": 2642}, "geometry": {"type": "Point", "coordinates": [30.4946954, 50.4936202]}}, {"type": "Feature", "properties": {"osmid": 2643}, "geometry": {"type": "Point", "coordinates": [30.6373233, 50.3299111]}}, {"type": "Feature", "properties": {"osmid": 2644}, "geometry": {"type": "Point", "coordinates": [30.5996688, 50.465719]}}, {"type": "Feature", "properties": {"osmid": 2645}, "geometry": {"type": "Point", "coordinates": [30.8382308, 50.5086584]}}, {"type": "Feature", "properties": {"osmid": 2646}, "geometry": {"type": "Point", "coordinates": [30.5730567, 50.4798691]}}, {"type": "Feature", "properties": {"osmid": 2647}, "geometry": {"type": "Point", "coordinates": [30.5066321, 50.4626811]}}, {"type": "Feature", "properties": {"osmid": 2648}, "geometry": {"type": "Point", "coordinates": [30.8374575, 50.5091018]}}, {"type": "Feature", "properties": {"osmid": 2649}, "geometry": {"type": "Point", "coordinates": [30.4960052, 50.4620931]}}, {"type": "Feature", "properties": {"osmid": 2650}, "geometry": {"type": "Point", "coordinates": [30.6071164, 50.5458292]}}, {"type": "Feature", "properties": {"osmid": 2651}, "geometry": {"type": "Point", "coordinates": [30.3272589, 50.4100068]}}, {"type": "Feature", "properties": {"osmid": 2652}, "geometry": {"type": "Point", "coordinates": [30.4632871, 50.5179886]}}, {"type": "Feature", "properties": {"osmid": 2653}, "geometry": {"type": "Point", "coordinates": [30.4633395, 50.5180877]}}, {"type": "Feature", "properties": {"osmid": 2654}, "geometry": {"type": "Point", "coordinates": [30.3711713, 50.4963875]}}, {"type": "Feature", "properties": {"osmid": 2655}, "geometry": {"type": "Point", "coordinates": [30.4688435, 50.5177968]}}, {"type": "Feature", "properties": {"osmid": 2656}, "geometry": {"type": "Point", "coordinates": [30.4688371, 50.5178983]}}, {"type": "Feature", "properties": {"osmid": 2657}, "geometry": {"type": "Point", "coordinates": [30.8020223, 50.4693107]}}, {"type": "Feature", "properties": {"osmid": 2658}, "geometry": {"type": "Point", "coordinates": [30.6176532, 50.4782249]}}, {"type": "Feature", "properties": {"osmid": 2659}, "geometry": {"type": "Point", "coordinates": [30.7917755, 50.4822788]}}, {"type": "Feature", "properties": {"osmid": 2660}, "geometry": {"type": "Point", "coordinates": [30.7917052, 50.4821471]}}, {"type": "Feature", "properties": {"osmid": 2661}, "geometry": {"type": "Point", "coordinates": [30.7000191, 50.3687023]}}, {"type": "Feature", "properties": {"osmid": 2662}, "geometry": {"type": "Point", "coordinates": [30.4775196, 50.5177976]}}, {"type": "Feature", "properties": {"osmid": 2663}, "geometry": {"type": "Point", "coordinates": [30.2392899, 50.4171944]}}, {"type": "Feature", "properties": {"osmid": 2664}, "geometry": {"type": "Point", "coordinates": [30.6378835, 50.4406658]}}, {"type": "Feature", "properties": {"osmid": 2665}, "geometry": {"type": "Point", "coordinates": [30.4048865, 50.4587631]}}, {"type": "Feature", "properties": {"osmid": 2666}, "geometry": {"type": "Point", "coordinates": [30.4070785, 50.4585646]}}, {"type": "Feature", "properties": {"osmid": 2667}, "geometry": {"type": "Point", "coordinates": [30.4573816, 50.5194526]}}, {"type": "Feature", "properties": {"osmid": 2668}, "geometry": {"type": "Point", "coordinates": [30.5292691, 50.4506994]}}, {"type": "Feature", "properties": {"osmid": 2669}, "geometry": {"type": "Point", "coordinates": [30.4576218, 50.5193976]}}, {"type": "Feature", "properties": {"osmid": 2670}, "geometry": {"type": "Point", "coordinates": [30.6041272, 50.4221513]}}, {"type": "Feature", "properties": {"osmid": 2671}, "geometry": {"type": "Point", "coordinates": [30.5530965, 50.4047733]}}, {"type": "Feature", "properties": {"osmid": 2672}, "geometry": {"type": "Point", "coordinates": [30.6037623, 50.4220534]}}, {"type": "Feature", "properties": {"osmid": 2673}, "geometry": {"type": "Point", "coordinates": [30.4190949, 50.413307]}}, {"type": "Feature", "properties": {"osmid": 2674}, "geometry": {"type": "Point", "coordinates": [30.4749011, 50.5545332]}}, {"type": "Feature", "properties": {"osmid": 2675}, "geometry": {"type": "Point", "coordinates": [30.3337386, 50.4030731]}}, {"type": "Feature", "properties": {"osmid": 2676}, "geometry": {"type": "Point", "coordinates": [30.4809556, 50.401472]}}, {"type": "Feature", "properties": {"osmid": 2677}, "geometry": {"type": "Point", "coordinates": [30.3670845, 50.3343285]}}, {"type": "Feature", "properties": {"osmid": 2678}, "geometry": {"type": "Point", "coordinates": [30.4580418, 50.5077979]}}, {"type": "Feature", "properties": {"osmid": 2679}, "geometry": {"type": "Point", "coordinates": [30.4664924, 50.4288209]}}, {"type": "Feature", "properties": {"osmid": 2680}, "geometry": {"type": "Point", "coordinates": [30.6905746, 50.3626657]}}, {"type": "Feature", "properties": {"osmid": 2681}, "geometry": {"type": "Point", "coordinates": [30.5272046, 50.4524013]}}, {"type": "Feature", "properties": {"osmid": 2682}, "geometry": {"type": "Point", "coordinates": [30.4837431, 50.4334187]}}, {"type": "Feature", "properties": {"osmid": 2683}, "geometry": {"type": "Point", "coordinates": [30.4982942, 50.522903]}}, {"type": "Feature", "properties": {"osmid": 2684}, "geometry": {"type": "Point", "coordinates": [30.7784171, 50.5001628]}}, {"type": "Feature", "properties": {"osmid": 2685}, "geometry": {"type": "Point", "coordinates": [30.6261256, 50.4441378]}}, {"type": "Feature", "properties": {"osmid": 2686}, "geometry": {"type": "Point", "coordinates": [30.4439375, 50.4765708]}}, {"type": "Feature", "properties": {"osmid": 2687}, "geometry": {"type": "Point", "coordinates": [30.3635662, 50.4598876]}}, {"type": "Feature", "properties": {"osmid": 2688}, "geometry": {"type": "Point", "coordinates": [30.3569732, 50.4594786]}}, {"type": "Feature", "properties": {"osmid": 2689}, "geometry": {"type": "Point", "coordinates": [30.370277, 50.4967195]}}, {"type": "Feature", "properties": {"osmid": 2690}, "geometry": {"type": "Point", "coordinates": [30.6770886, 50.4738103]}}, {"type": "Feature", "properties": {"osmid": 2691}, "geometry": {"type": "Point", "coordinates": [30.8601106, 50.3782673]}}, {"type": "Feature", "properties": {"osmid": 2692}, "geometry": {"type": "Point", "coordinates": [30.5696297, 50.4829494]}}, {"type": "Feature", "properties": {"osmid": 2693}, "geometry": {"type": "Point", "coordinates": [30.3558247, 50.4636451]}}, {"type": "Feature", "properties": {"osmid": 2694}, "geometry": {"type": "Point", "coordinates": [30.3124963, 50.4422836]}}, {"type": "Feature", "properties": {"osmid": 2695}, "geometry": {"type": "Point", "coordinates": [30.8215124, 50.5636436]}}, {"type": "Feature", "properties": {"osmid": 2696}, "geometry": {"type": "Point", "coordinates": [30.3631913, 50.4623552]}}, {"type": "Feature", "properties": {"osmid": 2697}, "geometry": {"type": "Point", "coordinates": [30.6111581, 50.4390937]}}, {"type": "Feature", "properties": {"osmid": 2698}, "geometry": {"type": "Point", "coordinates": [30.6110756, 50.4387288]}}, {"type": "Feature", "properties": {"osmid": 2699}, "geometry": {"type": "Point", "coordinates": [30.6107827, 50.4388945]}}, {"type": "Feature", "properties": {"osmid": 2700}, "geometry": {"type": "Point", "coordinates": [30.496598, 50.5872368]}}, {"type": "Feature", "properties": {"osmid": 2701}, "geometry": {"type": "Point", "coordinates": [30.5873574, 50.4624303]}}, {"type": "Feature", "properties": {"osmid": 2702}, "geometry": {"type": "Point", "coordinates": [30.8215966, 50.56362]}}, {"type": "Feature", "properties": {"osmid": 2703}, "geometry": {"type": "Point", "coordinates": [30.5314122, 50.3963128]}}, {"type": "Feature", "properties": {"osmid": 2704}, "geometry": {"type": "Point", "coordinates": [30.5850125, 50.4637592]}}, {"type": "Feature", "properties": {"osmid": 2705}, "geometry": {"type": "Point", "coordinates": [30.44264, 50.4584724]}}, {"type": "Feature", "properties": {"osmid": 2706}, "geometry": {"type": "Point", "coordinates": [30.5847143, 50.4643035]}}, {"type": "Feature", "properties": {"osmid": 2707}, "geometry": {"type": "Point", "coordinates": [30.2631261, 50.539539]}}, {"type": "Feature", "properties": {"osmid": 2708}, "geometry": {"type": "Point", "coordinates": [30.5806167, 50.5051661]}}, {"type": "Feature", "properties": {"osmid": 2709}, "geometry": {"type": "Point", "coordinates": [30.5845481, 50.4649283]}}, {"type": "Feature", "properties": {"osmid": 2710}, "geometry": {"type": "Point", "coordinates": [30.5844438, 50.4655627]}}, {"type": "Feature", "properties": {"osmid": 2711}, "geometry": {"type": "Point", "coordinates": [30.608787, 50.5467647]}}, {"type": "Feature", "properties": {"osmid": 2712}, "geometry": {"type": "Point", "coordinates": [30.6203405, 50.4437975]}}, {"type": "Feature", "properties": {"osmid": 2713}, "geometry": {"type": "Point", "coordinates": [30.7991167, 50.5060188]}}, {"type": "Feature", "properties": {"osmid": 2714}, "geometry": {"type": "Point", "coordinates": [30.6213788, 50.4454296]}}, {"type": "Feature", "properties": {"osmid": 2715}, "geometry": {"type": "Point", "coordinates": [30.7971134, 50.5060857]}}, {"type": "Feature", "properties": {"osmid": 2716}, "geometry": {"type": "Point", "coordinates": [30.2432799, 50.550025]}}, {"type": "Feature", "properties": {"osmid": 2717}, "geometry": {"type": "Point", "coordinates": [30.7987874, 50.5061583]}}, {"type": "Feature", "properties": {"osmid": 2718}, "geometry": {"type": "Point", "coordinates": [30.3287597, 50.4334455]}}, {"type": "Feature", "properties": {"osmid": 2719}, "geometry": {"type": "Point", "coordinates": [30.7988653, 50.5061839]}}, {"type": "Feature", "properties": {"osmid": 2720}, "geometry": {"type": "Point", "coordinates": [30.7968881, 50.5062474]}}, {"type": "Feature", "properties": {"osmid": 2721}, "geometry": {"type": "Point", "coordinates": [30.6005559, 50.5053408]}}, {"type": "Feature", "properties": {"osmid": 2722}, "geometry": {"type": "Point", "coordinates": [30.5400746, 50.3758256]}}, {"type": "Feature", "properties": {"osmid": 2723}, "geometry": {"type": "Point", "coordinates": [30.797156, 50.5063037]}}, {"type": "Feature", "properties": {"osmid": 2724}, "geometry": {"type": "Point", "coordinates": [30.4334454, 50.4566472]}}, {"type": "Feature", "properties": {"osmid": 2725}, "geometry": {"type": "Point", "coordinates": [30.4609984, 50.3680146]}}, {"type": "Feature", "properties": {"osmid": 2726}, "geometry": {"type": "Point", "coordinates": [30.3158296, 50.3893625]}}, {"type": "Feature", "properties": {"osmid": 2727}, "geometry": {"type": "Point", "coordinates": [30.7189129, 50.5909087]}}, {"type": "Feature", "properties": {"osmid": 2728}, "geometry": {"type": "Point", "coordinates": [30.5357823, 50.378249]}}, {"type": "Feature", "properties": {"osmid": 2729}, "geometry": {"type": "Point", "coordinates": [30.2372801, 50.5248577]}}, {"type": "Feature", "properties": {"osmid": 2730}, "geometry": {"type": "Point", "coordinates": [30.4908969, 50.4206774]}}, {"type": "Feature", "properties": {"osmid": 2731}, "geometry": {"type": "Point", "coordinates": [30.5346301, 50.3792347]}}, {"type": "Feature", "properties": {"osmid": 2732}, "geometry": {"type": "Point", "coordinates": [30.3688611, 50.3836916]}}, {"type": "Feature", "properties": {"osmid": 2733}, "geometry": {"type": "Point", "coordinates": [30.3668661, 50.3829536]}}, {"type": "Feature", "properties": {"osmid": 2734}, "geometry": {"type": "Point", "coordinates": [30.6023904, 50.3946853]}}, {"type": "Feature", "properties": {"osmid": 2735}, "geometry": {"type": "Point", "coordinates": [30.6424069, 50.442177]}}, {"type": "Feature", "properties": {"osmid": 2736}, "geometry": {"type": "Point", "coordinates": [30.3118971, 50.3954341]}}, {"type": "Feature", "properties": {"osmid": 2737}, "geometry": {"type": "Point", "coordinates": [30.6851855, 50.3803924]}}, {"type": "Feature", "properties": {"osmid": 2738}, "geometry": {"type": "Point", "coordinates": [30.4325667, 50.4121129]}}, {"type": "Feature", "properties": {"osmid": 2739}, "geometry": {"type": "Point", "coordinates": [30.419539, 50.4589175]}}, {"type": "Feature", "properties": {"osmid": 2740}, "geometry": {"type": "Point", "coordinates": [30.4256794, 50.4599631]}}, {"type": "Feature", "properties": {"osmid": 2741}, "geometry": {"type": "Point", "coordinates": [30.7043456, 50.3779798]}}, {"type": "Feature", "properties": {"osmid": 2742}, "geometry": {"type": "Point", "coordinates": [30.4904139, 50.5885432]}}, {"type": "Feature", "properties": {"osmid": 2743}, "geometry": {"type": "Point", "coordinates": [30.4907112, 50.5884741]}}, {"type": "Feature", "properties": {"osmid": 2744}, "geometry": {"type": "Point", "coordinates": [30.4628044, 50.3672206]}}, {"type": "Feature", "properties": {"osmid": 2745}, "geometry": {"type": "Point", "coordinates": [30.4232523, 50.4589073]}}, {"type": "Feature", "properties": {"osmid": 2746}, "geometry": {"type": "Point", "coordinates": [30.6841126, 50.3797361]}}, {"type": "Feature", "properties": {"osmid": 2747}, "geometry": {"type": "Point", "coordinates": [30.4254883, 50.4595087]}}, {"type": "Feature", "properties": {"osmid": 2748}, "geometry": {"type": "Point", "coordinates": [30.6154016, 50.5501758]}}, {"type": "Feature", "properties": {"osmid": 2749}, "geometry": {"type": "Point", "coordinates": [30.5876252, 50.4915612]}}, {"type": "Feature", "properties": {"osmid": 2750}, "geometry": {"type": "Point", "coordinates": [30.4330087, 50.4616229]}}, {"type": "Feature", "properties": {"osmid": 2751}, "geometry": {"type": "Point", "coordinates": [30.3980873, 50.4327698]}}, {"type": "Feature", "properties": {"osmid": 2752}, "geometry": {"type": "Point", "coordinates": [30.3248102, 50.3807937]}}, {"type": "Feature", "properties": {"osmid": 2753}, "geometry": {"type": "Point", "coordinates": [30.5716312, 50.4951491]}}, {"type": "Feature", "properties": {"osmid": 2754}, "geometry": {"type": "Point", "coordinates": [30.4924199, 50.4270126]}}, {"type": "Feature", "properties": {"osmid": 2755}, "geometry": {"type": "Point", "coordinates": [30.5707662, 50.4954477]}}, {"type": "Feature", "properties": {"osmid": 2756}, "geometry": {"type": "Point", "coordinates": [30.4058301, 50.4812271]}}, {"type": "Feature", "properties": {"osmid": 2757}, "geometry": {"type": "Point", "coordinates": [30.4058656, 50.4597922]}}, {"type": "Feature", "properties": {"osmid": 2758}, "geometry": {"type": "Point", "coordinates": [30.4827509, 50.3898766]}}, {"type": "Feature", "properties": {"osmid": 2759}, "geometry": {"type": "Point", "coordinates": [30.4058605, 50.4642252]}}, {"type": "Feature", "properties": {"osmid": 2760}, "geometry": {"type": "Point", "coordinates": [30.4347915, 50.5035652]}}, {"type": "Feature", "properties": {"osmid": 2761}, "geometry": {"type": "Point", "coordinates": [30.4081165, 50.4642318]}}, {"type": "Feature", "properties": {"osmid": 2762}, "geometry": {"type": "Point", "coordinates": [30.4204132, 50.4468576]}}, {"type": "Feature", "properties": {"osmid": 2763}, "geometry": {"type": "Point", "coordinates": [30.4204671, 50.4466937]}}, {"type": "Feature", "properties": {"osmid": 2764}, "geometry": {"type": "Point", "coordinates": [30.3134293, 50.395842]}}, {"type": "Feature", "properties": {"osmid": 2765}, "geometry": {"type": "Point", "coordinates": [30.4517271, 50.5918816]}}, {"type": "Feature", "properties": {"osmid": 2766}, "geometry": {"type": "Point", "coordinates": [30.4797947, 50.4474507]}}, {"type": "Feature", "properties": {"osmid": 2767}, "geometry": {"type": "Point", "coordinates": [30.4078849, 50.4422895]}}, {"type": "Feature", "properties": {"osmid": 2768}, "geometry": {"type": "Point", "coordinates": [30.4213488, 50.4340261]}}, {"type": "Feature", "properties": {"osmid": 2769}, "geometry": {"type": "Point", "coordinates": [30.4095814, 50.4379524]}}, {"type": "Feature", "properties": {"osmid": 2770}, "geometry": {"type": "Point", "coordinates": [30.6654463, 50.577659]}}, {"type": "Feature", "properties": {"osmid": 2771}, "geometry": {"type": "Point", "coordinates": [30.7648236, 50.5962007]}}, {"type": "Feature", "properties": {"osmid": 2772}, "geometry": {"type": "Point", "coordinates": [30.7579913, 50.6000077]}}, {"type": "Feature", "properties": {"osmid": 2773}, "geometry": {"type": "Point", "coordinates": [30.516714, 50.4270755]}}, {"type": "Feature", "properties": {"osmid": 2774}, "geometry": {"type": "Point", "coordinates": [30.592535, 50.4276562]}}, {"type": "Feature", "properties": {"osmid": 2775}, "geometry": {"type": "Point", "coordinates": [30.7710831, 50.509525]}}, {"type": "Feature", "properties": {"osmid": 2776}, "geometry": {"type": "Point", "coordinates": [30.3327114, 50.3760696]}}, {"type": "Feature", "properties": {"osmid": 2777}, "geometry": {"type": "Point", "coordinates": [30.409852, 50.435812]}}, {"type": "Feature", "properties": {"osmid": 2778}, "geometry": {"type": "Point", "coordinates": [30.4145278, 50.4301311]}}, {"type": "Feature", "properties": {"osmid": 2779}, "geometry": {"type": "Point", "coordinates": [30.4497495, 50.3644095]}}, {"type": "Feature", "properties": {"osmid": 2780}, "geometry": {"type": "Point", "coordinates": [30.3696522, 50.4252133]}}, {"type": "Feature", "properties": {"osmid": 2781}, "geometry": {"type": "Point", "coordinates": [30.5259678, 50.4386129]}}, {"type": "Feature", "properties": {"osmid": 2782}, "geometry": {"type": "Point", "coordinates": [30.4100794, 50.4356144]}}, {"type": "Feature", "properties": {"osmid": 2783}, "geometry": {"type": "Point", "coordinates": [30.411914, 50.4342011]}}, {"type": "Feature", "properties": {"osmid": 2784}, "geometry": {"type": "Point", "coordinates": [30.5257082, 50.4386131]}}, {"type": "Feature", "properties": {"osmid": 2785}, "geometry": {"type": "Point", "coordinates": [30.4125028, 50.434008]}}, {"type": "Feature", "properties": {"osmid": 2786}, "geometry": {"type": "Point", "coordinates": [30.5257901, 50.4387329]}}, {"type": "Feature", "properties": {"osmid": 2787}, "geometry": {"type": "Point", "coordinates": [30.4185325, 50.4380237]}}, {"type": "Feature", "properties": {"osmid": 2788}, "geometry": {"type": "Point", "coordinates": [30.418706, 50.437847]}}, {"type": "Feature", "properties": {"osmid": 2789}, "geometry": {"type": "Point", "coordinates": [30.4120749, 50.4360985]}}, {"type": "Feature", "properties": {"osmid": 2790}, "geometry": {"type": "Point", "coordinates": [30.256206, 50.562114]}}, {"type": "Feature", "properties": {"osmid": 2791}, "geometry": {"type": "Point", "coordinates": [30.2450685, 50.5621376]}}, {"type": "Feature", "properties": {"osmid": 2792}, "geometry": {"type": "Point", "coordinates": [30.2578541, 50.5313652]}}, {"type": "Feature", "properties": {"osmid": 2793}, "geometry": {"type": "Point", "coordinates": [30.4231507, 50.4246004]}}, {"type": "Feature", "properties": {"osmid": 2794}, "geometry": {"type": "Point", "coordinates": [30.426975, 50.4236001]}}, {"type": "Feature", "properties": {"osmid": 2795}, "geometry": {"type": "Point", "coordinates": [30.4249436, 50.4575551]}}, {"type": "Feature", "properties": {"osmid": 2796}, "geometry": {"type": "Point", "coordinates": [30.5244303, 50.4041749]}}, {"type": "Feature", "properties": {"osmid": 2797}, "geometry": {"type": "Point", "coordinates": [30.5888051, 50.460698]}}, {"type": "Feature", "properties": {"osmid": 2798}, "geometry": {"type": "Point", "coordinates": [30.8566977, 50.3660738]}}, {"type": "Feature", "properties": {"osmid": 2799}, "geometry": {"type": "Point", "coordinates": [30.8721084, 50.5931382]}}, {"type": "Feature", "properties": {"osmid": 2800}, "geometry": {"type": "Point", "coordinates": [30.8743387, 50.5928246]}}, {"type": "Feature", "properties": {"osmid": 2801}, "geometry": {"type": "Point", "coordinates": [30.6097686, 50.4068858]}}, {"type": "Feature", "properties": {"osmid": 2802}, "geometry": {"type": "Point", "coordinates": [30.4148155, 50.4301988]}}, {"type": "Feature", "properties": {"osmid": 2803}, "geometry": {"type": "Point", "coordinates": [30.4636197, 50.5075969]}}, {"type": "Feature", "properties": {"osmid": 2804}, "geometry": {"type": "Point", "coordinates": [30.5180407, 50.4701446]}}, {"type": "Feature", "properties": {"osmid": 2805}, "geometry": {"type": "Point", "coordinates": [30.3689182, 50.3986569]}}, {"type": "Feature", "properties": {"osmid": 2806}, "geometry": {"type": "Point", "coordinates": [30.4645692, 50.5059552]}}, {"type": "Feature", "properties": {"osmid": 2807}, "geometry": {"type": "Point", "coordinates": [30.6894595, 50.3627975]}}, {"type": "Feature", "properties": {"osmid": 2808}, "geometry": {"type": "Point", "coordinates": [30.4864034, 50.5839052]}}, {"type": "Feature", "properties": {"osmid": 2809}, "geometry": {"type": "Point", "coordinates": [30.4213071, 50.4340139]}}, {"type": "Feature", "properties": {"osmid": 2810}, "geometry": {"type": "Point", "coordinates": [30.6850251, 50.3627557]}}, {"type": "Feature", "properties": {"osmid": 2811}, "geometry": {"type": "Point", "coordinates": [30.6330248, 50.4557295]}}, {"type": "Feature", "properties": {"osmid": 2812}, "geometry": {"type": "Point", "coordinates": [30.5221261, 50.4881529]}}, {"type": "Feature", "properties": {"osmid": 2813}, "geometry": {"type": "Point", "coordinates": [30.6537228, 50.4657708]}}, {"type": "Feature", "properties": {"osmid": 2814}, "geometry": {"type": "Point", "coordinates": [30.441965, 50.4401747]}}, {"type": "Feature", "properties": {"osmid": 2815}, "geometry": {"type": "Point", "coordinates": [30.8431341, 50.5593963]}}, {"type": "Feature", "properties": {"osmid": 2816}, "geometry": {"type": "Point", "coordinates": [30.4470607, 50.5858586]}}, {"type": "Feature", "properties": {"osmid": 2817}, "geometry": {"type": "Point", "coordinates": [30.5835315, 50.4949547]}}, {"type": "Feature", "properties": {"osmid": 2818}, "geometry": {"type": "Point", "coordinates": [30.5991494, 50.4108278]}}, {"type": "Feature", "properties": {"osmid": 2819}, "geometry": {"type": "Point", "coordinates": [30.5992574, 50.410907]}}, {"type": "Feature", "properties": {"osmid": 2820}, "geometry": {"type": "Point", "coordinates": [30.4436857, 50.4439739]}}, {"type": "Feature", "properties": {"osmid": 2821}, "geometry": {"type": "Point", "coordinates": [30.549354, 50.4399096]}}, {"type": "Feature", "properties": {"osmid": 2822}, "geometry": {"type": "Point", "coordinates": [30.5829258, 50.505265]}}, {"type": "Feature", "properties": {"osmid": 2823}, "geometry": {"type": "Point", "coordinates": [30.4487007, 50.4332572]}}, {"type": "Feature", "properties": {"osmid": 2824}, "geometry": {"type": "Point", "coordinates": [30.3226509, 50.3716475]}}, {"type": "Feature", "properties": {"osmid": 2825}, "geometry": {"type": "Point", "coordinates": [30.4697424, 50.4320548]}}, {"type": "Feature", "properties": {"osmid": 2826}, "geometry": {"type": "Point", "coordinates": [30.4781289, 50.4393953]}}, {"type": "Feature", "properties": {"osmid": 2827}, "geometry": {"type": "Point", "coordinates": [30.3179409, 50.387351]}}, {"type": "Feature", "properties": {"osmid": 2828}, "geometry": {"type": "Point", "coordinates": [30.5524743, 50.4052201]}}, {"type": "Feature", "properties": {"osmid": 2829}, "geometry": {"type": "Point", "coordinates": [30.5450063, 50.4429688]}}, {"type": "Feature", "properties": {"osmid": 2830}, "geometry": {"type": "Point", "coordinates": [30.5449091, 50.4359492]}}, {"type": "Feature", "properties": {"osmid": 2831}, "geometry": {"type": "Point", "coordinates": [30.322854, 50.3826709]}}, {"type": "Feature", "properties": {"osmid": 2832}, "geometry": {"type": "Point", "coordinates": [30.5418243, 50.4297406]}}, {"type": "Feature", "properties": {"osmid": 2833}, "geometry": {"type": "Point", "coordinates": [30.5449853, 50.4324896]}}, {"type": "Feature", "properties": {"osmid": 2834}, "geometry": {"type": "Point", "coordinates": [30.6505717, 50.5225502]}}, {"type": "Feature", "properties": {"osmid": 2835}, "geometry": {"type": "Point", "coordinates": [30.3266938, 50.3789885]}}, {"type": "Feature", "properties": {"osmid": 2836}, "geometry": {"type": "Point", "coordinates": [30.8251767, 50.3316935]}}, {"type": "Feature", "properties": {"osmid": 2837}, "geometry": {"type": "Point", "coordinates": [30.4791047, 50.3928748]}}, {"type": "Feature", "properties": {"osmid": 2838}, "geometry": {"type": "Point", "coordinates": [30.5388147, 50.4278694]}}, {"type": "Feature", "properties": {"osmid": 2839}, "geometry": {"type": "Point", "coordinates": [30.5386362, 50.4280179]}}, {"type": "Feature", "properties": {"osmid": 2840}, "geometry": {"type": "Point", "coordinates": [30.4933164, 50.5015407]}}, {"type": "Feature", "properties": {"osmid": 2841}, "geometry": {"type": "Point", "coordinates": [30.5331946, 50.4278199]}}, {"type": "Feature", "properties": {"osmid": 2842}, "geometry": {"type": "Point", "coordinates": [30.666735, 50.4119583]}}, {"type": "Feature", "properties": {"osmid": 2843}, "geometry": {"type": "Point", "coordinates": [30.7437127, 50.345281]}}, {"type": "Feature", "properties": {"osmid": 2844}, "geometry": {"type": "Point", "coordinates": [30.6672483, 50.4116459]}}, {"type": "Feature", "properties": {"osmid": 2845}, "geometry": {"type": "Point", "coordinates": [30.5351433, 50.4305179]}}, {"type": "Feature", "properties": {"osmid": 2846}, "geometry": {"type": "Point", "coordinates": [30.5370681, 50.4142814]}}, {"type": "Feature", "properties": {"osmid": 2847}, "geometry": {"type": "Point", "coordinates": [30.667989, 50.4111914]}}, {"type": "Feature", "properties": {"osmid": 2848}, "geometry": {"type": "Point", "coordinates": [30.5475183, 50.4199615]}}, {"type": "Feature", "properties": {"osmid": 2849}, "geometry": {"type": "Point", "coordinates": [30.5485524, 50.4192974]}}, {"type": "Feature", "properties": {"osmid": 2850}, "geometry": {"type": "Point", "coordinates": [30.5452326, 50.4184508]}}, {"type": "Feature", "properties": {"osmid": 2851}, "geometry": {"type": "Point", "coordinates": [30.5460304, 50.4188641]}}, {"type": "Feature", "properties": {"osmid": 2852}, "geometry": {"type": "Point", "coordinates": [30.7754895, 50.4995298]}}, {"type": "Feature", "properties": {"osmid": 2853}, "geometry": {"type": "Point", "coordinates": [30.4714928, 50.4204151]}}, {"type": "Feature", "properties": {"osmid": 2854}, "geometry": {"type": "Point", "coordinates": [30.4313874, 50.3906888]}}, {"type": "Feature", "properties": {"osmid": 2855}, "geometry": {"type": "Point", "coordinates": [30.3394026, 50.4062924]}}, {"type": "Feature", "properties": {"osmid": 2856}, "geometry": {"type": "Point", "coordinates": [30.4313872, 50.3904357]}}, {"type": "Feature", "properties": {"osmid": 2857}, "geometry": {"type": "Point", "coordinates": [30.3523037, 50.4217789]}}, {"type": "Feature", "properties": {"osmid": 2858}, "geometry": {"type": "Point", "coordinates": [30.4363766, 50.4732849]}}, {"type": "Feature", "properties": {"osmid": 2859}, "geometry": {"type": "Point", "coordinates": [30.679509, 50.3685629]}}, {"type": "Feature", "properties": {"osmid": 2860}, "geometry": {"type": "Point", "coordinates": [30.3600442, 50.4232828]}}, {"type": "Feature", "properties": {"osmid": 2861}, "geometry": {"type": "Point", "coordinates": [30.5423479, 50.4169426]}}, {"type": "Feature", "properties": {"osmid": 2862}, "geometry": {"type": "Point", "coordinates": [30.5392216, 50.4153692]}}, {"type": "Feature", "properties": {"osmid": 2863}, "geometry": {"type": "Point", "coordinates": [30.337107, 50.4084564]}}, {"type": "Feature", "properties": {"osmid": 2864}, "geometry": {"type": "Point", "coordinates": [30.5332984, 50.4131372]}}, {"type": "Feature", "properties": {"osmid": 2865}, "geometry": {"type": "Point", "coordinates": [30.5334085, 50.4130346]}}, {"type": "Feature", "properties": {"osmid": 2866}, "geometry": {"type": "Point", "coordinates": [30.5404698, 50.4183384]}}, {"type": "Feature", "properties": {"osmid": 2867}, "geometry": {"type": "Point", "coordinates": [30.4878917, 50.5175757]}}, {"type": "Feature", "properties": {"osmid": 2868}, "geometry": {"type": "Point", "coordinates": [30.5373043, 50.41922]}}, {"type": "Feature", "properties": {"osmid": 2869}, "geometry": {"type": "Point", "coordinates": [30.5320523, 50.4148514]}}, {"type": "Feature", "properties": {"osmid": 2870}, "geometry": {"type": "Point", "coordinates": [30.315707, 50.3894874]}}, {"type": "Feature", "properties": {"osmid": 2871}, "geometry": {"type": "Point", "coordinates": [30.3299875, 50.4308687]}}, {"type": "Feature", "properties": {"osmid": 2872}, "geometry": {"type": "Point", "coordinates": [30.4414361, 50.4763078]}}, {"type": "Feature", "properties": {"osmid": 2873}, "geometry": {"type": "Point", "coordinates": [30.4678045, 50.4220337]}}, {"type": "Feature", "properties": {"osmid": 2874}, "geometry": {"type": "Point", "coordinates": [30.5440655, 50.4155784]}}, {"type": "Feature", "properties": {"osmid": 2875}, "geometry": {"type": "Point", "coordinates": [30.5508743, 50.4405397]}}, {"type": "Feature", "properties": {"osmid": 2876}, "geometry": {"type": "Point", "coordinates": [30.5380484, 50.4061172]}}, {"type": "Feature", "properties": {"osmid": 2877}, "geometry": {"type": "Point", "coordinates": [30.3786497, 50.4222402]}}, {"type": "Feature", "properties": {"osmid": 2878}, "geometry": {"type": "Point", "coordinates": [30.5243114, 50.4906099]}}, {"type": "Feature", "properties": {"osmid": 2879}, "geometry": {"type": "Point", "coordinates": [30.3303209, 50.4301846]}}, {"type": "Feature", "properties": {"osmid": 2880}, "geometry": {"type": "Point", "coordinates": [30.4518434, 50.472782]}}, {"type": "Feature", "properties": {"osmid": 2881}, "geometry": {"type": "Point", "coordinates": [30.5162519, 50.4072075]}}, {"type": "Feature", "properties": {"osmid": 2882}, "geometry": {"type": "Point", "coordinates": [30.8075471, 50.5219097]}}, {"type": "Feature", "properties": {"osmid": 2883}, "geometry": {"type": "Point", "coordinates": [30.4587425, 50.4717699]}}, {"type": "Feature", "properties": {"osmid": 2884}, "geometry": {"type": "Point", "coordinates": [30.3537471, 50.4217435]}}, {"type": "Feature", "properties": {"osmid": 2885}, "geometry": {"type": "Point", "coordinates": [30.3360069, 50.4352547]}}, {"type": "Feature", "properties": {"osmid": 2886}, "geometry": {"type": "Point", "coordinates": [30.3551123, 50.4224241]}}, {"type": "Feature", "properties": {"osmid": 2887}, "geometry": {"type": "Point", "coordinates": [30.6069787, 50.3741455]}}, {"type": "Feature", "properties": {"osmid": 2888}, "geometry": {"type": "Point", "coordinates": [30.4648536, 50.4709244]}}, {"type": "Feature", "properties": {"osmid": 2889}, "geometry": {"type": "Point", "coordinates": [30.6702035, 50.4283297]}}, {"type": "Feature", "properties": {"osmid": 2890}, "geometry": {"type": "Point", "coordinates": [30.6071706, 50.3616565]}}, {"type": "Feature", "properties": {"osmid": 2891}, "geometry": {"type": "Point", "coordinates": [30.4655882, 50.4704887]}}, {"type": "Feature", "properties": {"osmid": 2892}, "geometry": {"type": "Point", "coordinates": [30.4544414, 50.5904009]}}, {"type": "Feature", "properties": {"osmid": 2893}, "geometry": {"type": "Point", "coordinates": [30.6074324, 50.3723314]}}, {"type": "Feature", "properties": {"osmid": 2894}, "geometry": {"type": "Point", "coordinates": [30.4427672, 50.4928753]}}, {"type": "Feature", "properties": {"osmid": 2895}, "geometry": {"type": "Point", "coordinates": [30.4717373, 50.4676633]}}, {"type": "Feature", "properties": {"osmid": 2896}, "geometry": {"type": "Point", "coordinates": [30.4680576, 50.4694388]}}, {"type": "Feature", "properties": {"osmid": 2897}, "geometry": {"type": "Point", "coordinates": [30.4679544, 50.4693752]}}, {"type": "Feature", "properties": {"osmid": 2898}, "geometry": {"type": "Point", "coordinates": [30.5311366, 50.3996142]}}, {"type": "Feature", "properties": {"osmid": 2899}, "geometry": {"type": "Point", "coordinates": [30.3450059, 50.4219493]}}, {"type": "Feature", "properties": {"osmid": 2900}, "geometry": {"type": "Point", "coordinates": [30.8644236, 50.3796025]}}, {"type": "Feature", "properties": {"osmid": 2901}, "geometry": {"type": "Point", "coordinates": [30.6076017, 50.4568145]}}, {"type": "Feature", "properties": {"osmid": 2902}, "geometry": {"type": "Point", "coordinates": [30.3069116, 50.3941169]}}, {"type": "Feature", "properties": {"osmid": 2903}, "geometry": {"type": "Point", "coordinates": [30.3311735, 50.4343229]}}, {"type": "Feature", "properties": {"osmid": 2904}, "geometry": {"type": "Point", "coordinates": [30.3081538, 50.3944471]}}, {"type": "Feature", "properties": {"osmid": 2905}, "geometry": {"type": "Point", "coordinates": [30.6407103, 50.4446535]}}, {"type": "Feature", "properties": {"osmid": 2906}, "geometry": {"type": "Point", "coordinates": [30.4545762, 50.4723864]}}, {"type": "Feature", "properties": {"osmid": 2907}, "geometry": {"type": "Point", "coordinates": [30.4085964, 50.5069189]}}, {"type": "Feature", "properties": {"osmid": 2908}, "geometry": {"type": "Point", "coordinates": [30.4718553, 50.431134]}}, {"type": "Feature", "properties": {"osmid": 2909}, "geometry": {"type": "Point", "coordinates": [30.5439302, 50.4019486]}}, {"type": "Feature", "properties": {"osmid": 2910}, "geometry": {"type": "Point", "coordinates": [30.4743095, 50.4369308]}}, {"type": "Feature", "properties": {"osmid": 2911}, "geometry": {"type": "Point", "coordinates": [30.4077267, 50.5070454]}}, {"type": "Feature", "properties": {"osmid": 2912}, "geometry": {"type": "Point", "coordinates": [30.4696031, 50.4321123]}}, {"type": "Feature", "properties": {"osmid": 2913}, "geometry": {"type": "Point", "coordinates": [30.3293582, 50.4322013]}}, {"type": "Feature", "properties": {"osmid": 2914}, "geometry": {"type": "Point", "coordinates": [30.864205, 50.3795536]}}, {"type": "Feature", "properties": {"osmid": 2915}, "geometry": {"type": "Point", "coordinates": [30.48457, 50.4886815]}}, {"type": "Feature", "properties": {"osmid": 2916}, "geometry": {"type": "Point", "coordinates": [30.6046645, 50.3832905]}}, {"type": "Feature", "properties": {"osmid": 2917}, "geometry": {"type": "Point", "coordinates": [30.4089791, 50.5074773]}}, {"type": "Feature", "properties": {"osmid": 2918}, "geometry": {"type": "Point", "coordinates": [30.3435943, 50.4332632]}}, {"type": "Feature", "properties": {"osmid": 2919}, "geometry": {"type": "Point", "coordinates": [30.6075817, 50.3717403]}}, {"type": "Feature", "properties": {"osmid": 2920}, "geometry": {"type": "Point", "coordinates": [30.6083508, 50.3606467]}}, {"type": "Feature", "properties": {"osmid": 2921}, "geometry": {"type": "Point", "coordinates": [30.6073075, 50.3615442]}}, {"type": "Feature", "properties": {"osmid": 2922}, "geometry": {"type": "Point", "coordinates": [30.4779833, 50.4394876]}}, {"type": "Feature", "properties": {"osmid": 2923}, "geometry": {"type": "Point", "coordinates": [30.604888, 50.6017701]}}, {"type": "Feature", "properties": {"osmid": 2924}, "geometry": {"type": "Point", "coordinates": [30.4753498, 50.4378542]}}, {"type": "Feature", "properties": {"osmid": 2925}, "geometry": {"type": "Point", "coordinates": [30.4731776, 50.4391791]}}, {"type": "Feature", "properties": {"osmid": 2926}, "geometry": {"type": "Point", "coordinates": [30.6724682, 50.4034985]}}, {"type": "Feature", "properties": {"osmid": 2927}, "geometry": {"type": "Point", "coordinates": [30.452536, 50.4323371]}}, {"type": "Feature", "properties": {"osmid": 2928}, "geometry": {"type": "Point", "coordinates": [30.4523574, 50.4320731]}}, {"type": "Feature", "properties": {"osmid": 2929}, "geometry": {"type": "Point", "coordinates": [30.5246347, 50.3412583]}}, {"type": "Feature", "properties": {"osmid": 2930}, "geometry": {"type": "Point", "coordinates": [30.6062363, 50.3771543]}}, {"type": "Feature", "properties": {"osmid": 2931}, "geometry": {"type": "Point", "coordinates": [30.4551208, 50.4315473]}}, {"type": "Feature", "properties": {"osmid": 2932}, "geometry": {"type": "Point", "coordinates": [30.4000464, 50.4195173]}}, {"type": "Feature", "properties": {"osmid": 2933}, "geometry": {"type": "Point", "coordinates": [30.646845, 50.4415907]}}, {"type": "Feature", "properties": {"osmid": 2934}, "geometry": {"type": "Point", "coordinates": [30.6072741, 50.3729436]}}, {"type": "Feature", "properties": {"osmid": 2935}, "geometry": {"type": "Point", "coordinates": [30.4668513, 50.429213]}}, {"type": "Feature", "properties": {"osmid": 2936}, "geometry": {"type": "Point", "coordinates": [30.3493792, 50.4221625]}}, {"type": "Feature", "properties": {"osmid": 2937}, "geometry": {"type": "Point", "coordinates": [30.6071216, 50.3735552]}}, {"type": "Feature", "properties": {"osmid": 2938}, "geometry": {"type": "Point", "coordinates": [30.6469392, 50.4414646]}}, {"type": "Feature", "properties": {"osmid": 2939}, "geometry": {"type": "Point", "coordinates": [30.3918958, 50.4576686]}}, {"type": "Feature", "properties": {"osmid": 2940}, "geometry": {"type": "Point", "coordinates": [30.4485205, 50.4330019]}}, {"type": "Feature", "properties": {"osmid": 2941}, "geometry": {"type": "Point", "coordinates": [30.6243661, 50.4181405]}}, {"type": "Feature", "properties": {"osmid": 2942}, "geometry": {"type": "Point", "coordinates": [30.863409, 50.3796891]}}, {"type": "Feature", "properties": {"osmid": 2943}, "geometry": {"type": "Point", "coordinates": [30.354662, 50.4220841]}}, {"type": "Feature", "properties": {"osmid": 2944}, "geometry": {"type": "Point", "coordinates": [30.6468664, 50.4415879]}}, {"type": "Feature", "properties": {"osmid": 2945}, "geometry": {"type": "Point", "coordinates": [30.6520374, 50.6016327]}}, {"type": "Feature", "properties": {"osmid": 2946}, "geometry": {"type": "Point", "coordinates": [30.6469493, 50.4414769]}}, {"type": "Feature", "properties": {"osmid": 2947}, "geometry": {"type": "Point", "coordinates": [30.4670762, 50.4466449]}}, {"type": "Feature", "properties": {"osmid": 2948}, "geometry": {"type": "Point", "coordinates": [30.6467687, 50.4414364]}}, {"type": "Feature", "properties": {"osmid": 2949}, "geometry": {"type": "Point", "coordinates": [30.6467357, 50.4414526]}}, {"type": "Feature", "properties": {"osmid": 2950}, "geometry": {"type": "Point", "coordinates": [30.5655457, 50.4240337]}}, {"type": "Feature", "properties": {"osmid": 2951}, "geometry": {"type": "Point", "coordinates": [30.3296722, 50.4315465]}}, {"type": "Feature", "properties": {"osmid": 2952}, "geometry": {"type": "Point", "coordinates": [30.3655002, 50.4242215]}}, {"type": "Feature", "properties": {"osmid": 2953}, "geometry": {"type": "Point", "coordinates": [30.6077359, 50.3711303]}}, {"type": "Feature", "properties": {"osmid": 2954}, "geometry": {"type": "Point", "coordinates": [30.646532, 50.4415641]}}, {"type": "Feature", "properties": {"osmid": 2955}, "geometry": {"type": "Point", "coordinates": [30.6685276, 50.5751605]}}, {"type": "Feature", "properties": {"osmid": 2956}, "geometry": {"type": "Point", "coordinates": [30.6773963, 50.3655524]}}, {"type": "Feature", "properties": {"osmid": 2957}, "geometry": {"type": "Point", "coordinates": [30.3317484, 50.4273281]}}, {"type": "Feature", "properties": {"osmid": 2958}, "geometry": {"type": "Point", "coordinates": [30.4331503, 50.392504]}}, {"type": "Feature", "properties": {"osmid": 2959}, "geometry": {"type": "Point", "coordinates": [30.7121868, 50.3727469]}}, {"type": "Feature", "properties": {"osmid": 2960}, "geometry": {"type": "Point", "coordinates": [30.6517338, 50.5857927]}}, {"type": "Feature", "properties": {"osmid": 2961}, "geometry": {"type": "Point", "coordinates": [30.6325584, 50.4407115]}}, {"type": "Feature", "properties": {"osmid": 2962}, "geometry": {"type": "Point", "coordinates": [30.4815591, 50.4464262]}}, {"type": "Feature", "properties": {"osmid": 2963}, "geometry": {"type": "Point", "coordinates": [30.3435462, 50.4309998]}}, {"type": "Feature", "properties": {"osmid": 2964}, "geometry": {"type": "Point", "coordinates": [30.3286294, 50.4337305]}}, {"type": "Feature", "properties": {"osmid": 2965}, "geometry": {"type": "Point", "coordinates": [30.6469466, 50.4412897]}}, {"type": "Feature", "properties": {"osmid": 2966}, "geometry": {"type": "Point", "coordinates": [30.4280989, 50.3928758]}}, {"type": "Feature", "properties": {"osmid": 2967}, "geometry": {"type": "Point", "coordinates": [30.4371245, 50.392903]}}, {"type": "Feature", "properties": {"osmid": 2968}, "geometry": {"type": "Point", "coordinates": [30.4996202, 50.5901495]}}, {"type": "Feature", "properties": {"osmid": 2969}, "geometry": {"type": "Point", "coordinates": [30.5448717, 50.4051486]}}, {"type": "Feature", "properties": {"osmid": 2970}, "geometry": {"type": "Point", "coordinates": [30.4791601, 50.4551893]}}, {"type": "Feature", "properties": {"osmid": 2971}, "geometry": {"type": "Point", "coordinates": [30.6995747, 50.3677818]}}, {"type": "Feature", "properties": {"osmid": 2972}, "geometry": {"type": "Point", "coordinates": [30.5796751, 50.4714891]}}, {"type": "Feature", "properties": {"osmid": 2973}, "geometry": {"type": "Point", "coordinates": [30.6728928, 50.4082779]}}, {"type": "Feature", "properties": {"osmid": 2974}, "geometry": {"type": "Point", "coordinates": [30.5778809, 50.4735655]}}, {"type": "Feature", "properties": {"osmid": 2975}, "geometry": {"type": "Point", "coordinates": [30.4836737, 50.4513039]}}, {"type": "Feature", "properties": {"osmid": 2976}, "geometry": {"type": "Point", "coordinates": [30.582843, 50.4678565]}}, {"type": "Feature", "properties": {"osmid": 2977}, "geometry": {"type": "Point", "coordinates": [30.5801181, 50.4709581]}}, {"type": "Feature", "properties": {"osmid": 2978}, "geometry": {"type": "Point", "coordinates": [30.6662806, 50.4037066]}}, {"type": "Feature", "properties": {"osmid": 2979}, "geometry": {"type": "Point", "coordinates": [30.4846968, 50.4542773]}}, {"type": "Feature", "properties": {"osmid": 2980}, "geometry": {"type": "Point", "coordinates": [30.5805732, 50.4704331]}}, {"type": "Feature", "properties": {"osmid": 2981}, "geometry": {"type": "Point", "coordinates": [30.4802051, 50.4616747]}}, {"type": "Feature", "properties": {"osmid": 2982}, "geometry": {"type": "Point", "coordinates": [30.473904, 50.4620002]}}, {"type": "Feature", "properties": {"osmid": 2983}, "geometry": {"type": "Point", "coordinates": [30.5216132, 50.493074]}}, {"type": "Feature", "properties": {"osmid": 2984}, "geometry": {"type": "Point", "coordinates": [30.4743317, 50.4641479]}}, {"type": "Feature", "properties": {"osmid": 2985}, "geometry": {"type": "Point", "coordinates": [30.5764987, 50.4751307]}}, {"type": "Feature", "properties": {"osmid": 2986}, "geometry": {"type": "Point", "coordinates": [30.4865099, 50.458642]}}, {"type": "Feature", "properties": {"osmid": 2987}, "geometry": {"type": "Point", "coordinates": [30.5723096, 50.4799684]}}, {"type": "Feature", "properties": {"osmid": 2988}, "geometry": {"type": "Point", "coordinates": [30.5768806, 50.4746898]}}, {"type": "Feature", "properties": {"osmid": 2989}, "geometry": {"type": "Point", "coordinates": [30.5774281, 50.4740769]}}, {"type": "Feature", "properties": {"osmid": 2990}, "geometry": {"type": "Point", "coordinates": [30.5674548, 50.4244353]}}, {"type": "Feature", "properties": {"osmid": 2991}, "geometry": {"type": "Point", "coordinates": [30.4864087, 50.4587556]}}, {"type": "Feature", "properties": {"osmid": 2992}, "geometry": {"type": "Point", "coordinates": [30.5810513, 50.46993]}}, {"type": "Feature", "properties": {"osmid": 2993}, "geometry": {"type": "Point", "coordinates": [30.3871085, 50.4576503]}}, {"type": "Feature", "properties": {"osmid": 2994}, "geometry": {"type": "Point", "coordinates": [30.5783404, 50.473049]}}, {"type": "Feature", "properties": {"osmid": 2995}, "geometry": {"type": "Point", "coordinates": [30.5814959, 50.4694212]}}, {"type": "Feature", "properties": {"osmid": 2996}, "geometry": {"type": "Point", "coordinates": [30.4735193, 50.419625]}}, {"type": "Feature", "properties": {"osmid": 2997}, "geometry": {"type": "Point", "coordinates": [30.6032988, 50.388347]}}, {"type": "Feature", "properties": {"osmid": 2998}, "geometry": {"type": "Point", "coordinates": [30.3868681, 50.4568515]}}, {"type": "Feature", "properties": {"osmid": 2999}, "geometry": {"type": "Point", "coordinates": [30.5787964, 50.4725266]}}, {"type": "Feature", "properties": {"osmid": 3000}, "geometry": {"type": "Point", "coordinates": [30.4868668, 50.4594423]}}, {"type": "Feature", "properties": {"osmid": 3001}, "geometry": {"type": "Point", "coordinates": [30.5819553, 50.4688877]}}, {"type": "Feature", "properties": {"osmid": 3002}, "geometry": {"type": "Point", "coordinates": [30.4860863, 50.4590811]}}, {"type": "Feature", "properties": {"osmid": 3003}, "geometry": {"type": "Point", "coordinates": [30.4808593, 50.4616528]}}, {"type": "Feature", "properties": {"osmid": 3004}, "geometry": {"type": "Point", "coordinates": [30.5832898, 50.4673262]}}, {"type": "Feature", "properties": {"osmid": 3005}, "geometry": {"type": "Point", "coordinates": [30.4648126, 50.4708331]}}, {"type": "Feature", "properties": {"osmid": 3006}, "geometry": {"type": "Point", "coordinates": [30.582392, 50.4683843]}}, {"type": "Feature", "properties": {"osmid": 3007}, "geometry": {"type": "Point", "coordinates": [30.4739561, 50.4709609]}}, {"type": "Feature", "properties": {"osmid": 3008}, "geometry": {"type": "Point", "coordinates": [30.4767683, 50.473399]}}, {"type": "Feature", "properties": {"osmid": 3009}, "geometry": {"type": "Point", "coordinates": [30.5737716, 50.4782211]}}, {"type": "Feature", "properties": {"osmid": 3010}, "geometry": {"type": "Point", "coordinates": [30.5751639, 50.4766641]}}, {"type": "Feature", "properties": {"osmid": 3011}, "geometry": {"type": "Point", "coordinates": [30.5755897, 50.4761501]}}, {"type": "Feature", "properties": {"osmid": 3012}, "geometry": {"type": "Point", "coordinates": [30.5760493, 50.4756318]}}, {"type": "Feature", "properties": {"osmid": 3013}, "geometry": {"type": "Point", "coordinates": [30.3917982, 50.3874704]}}, {"type": "Feature", "properties": {"osmid": 3014}, "geometry": {"type": "Point", "coordinates": [30.6280026, 50.4639038]}}, {"type": "Feature", "properties": {"osmid": 3015}, "geometry": {"type": "Point", "coordinates": [30.3873821, 50.4582725]}}, {"type": "Feature", "properties": {"osmid": 3016}, "geometry": {"type": "Point", "coordinates": [30.5792255, 50.4720111]}}, {"type": "Feature", "properties": {"osmid": 3017}, "geometry": {"type": "Point", "coordinates": [30.4105494, 50.4119937]}}, {"type": "Feature", "properties": {"osmid": 3018}, "geometry": {"type": "Point", "coordinates": [30.5133698, 50.405958]}}, {"type": "Feature", "properties": {"osmid": 3019}, "geometry": {"type": "Point", "coordinates": [30.6645534, 50.5777693]}}, {"type": "Feature", "properties": {"osmid": 3020}, "geometry": {"type": "Point", "coordinates": [30.4648511, 50.4704641]}}, {"type": "Feature", "properties": {"osmid": 3021}, "geometry": {"type": "Point", "coordinates": [30.8635141, 50.3796578]}}, {"type": "Feature", "properties": {"osmid": 3022}, "geometry": {"type": "Point", "coordinates": [30.6535377, 50.4179537]}}, {"type": "Feature", "properties": {"osmid": 3023}, "geometry": {"type": "Point", "coordinates": [30.759942, 50.4773063]}}, {"type": "Feature", "properties": {"osmid": 3024}, "geometry": {"type": "Point", "coordinates": [30.7603873, 50.4761957]}}, {"type": "Feature", "properties": {"osmid": 3025}, "geometry": {"type": "Point", "coordinates": [30.4127895, 50.5064833]}}, {"type": "Feature", "properties": {"osmid": 3026}, "geometry": {"type": "Point", "coordinates": [30.7606446, 50.4755772]}}, {"type": "Feature", "properties": {"osmid": 3027}, "geometry": {"type": "Point", "coordinates": [30.761111, 50.4744352]}}, {"type": "Feature", "properties": {"osmid": 3028}, "geometry": {"type": "Point", "coordinates": [30.6013529, 50.505563]}}, {"type": "Feature", "properties": {"osmid": 3029}, "geometry": {"type": "Point", "coordinates": [30.7039897, 50.5659152]}}, {"type": "Feature", "properties": {"osmid": 3030}, "geometry": {"type": "Point", "coordinates": [30.7613585, 50.4738381]}}, {"type": "Feature", "properties": {"osmid": 3031}, "geometry": {"type": "Point", "coordinates": [30.7614678, 50.4733165]}}, {"type": "Feature", "properties": {"osmid": 3032}, "geometry": {"type": "Point", "coordinates": [30.6016649, 50.5050534]}}, {"type": "Feature", "properties": {"osmid": 3033}, "geometry": {"type": "Point", "coordinates": [30.5134058, 50.4062353]}}, {"type": "Feature", "properties": {"osmid": 3034}, "geometry": {"type": "Point", "coordinates": [30.5139534, 50.4066514]}}, {"type": "Feature", "properties": {"osmid": 3035}, "geometry": {"type": "Point", "coordinates": [30.5302713, 50.4344725]}}, {"type": "Feature", "properties": {"osmid": 3036}, "geometry": {"type": "Point", "coordinates": [30.4610361, 50.3881142]}}, {"type": "Feature", "properties": {"osmid": 3037}, "geometry": {"type": "Point", "coordinates": [30.7004024, 50.3927112]}}, {"type": "Feature", "properties": {"osmid": 3038}, "geometry": {"type": "Point", "coordinates": [30.6265781, 50.3971355]}}, {"type": "Feature", "properties": {"osmid": 3039}, "geometry": {"type": "Point", "coordinates": [30.5770451, 50.4954101]}}, {"type": "Feature", "properties": {"osmid": 3040}, "geometry": {"type": "Point", "coordinates": [30.4476692, 50.4701118]}}, {"type": "Feature", "properties": {"osmid": 3041}, "geometry": {"type": "Point", "coordinates": [30.8042555, 50.3304668]}}, {"type": "Feature", "properties": {"osmid": 3042}, "geometry": {"type": "Point", "coordinates": [30.2602237, 50.4901389]}}, {"type": "Feature", "properties": {"osmid": 3043}, "geometry": {"type": "Point", "coordinates": [30.8085021, 50.330711]}}, {"type": "Feature", "properties": {"osmid": 3044}, "geometry": {"type": "Point", "coordinates": [30.8102621, 50.3308218]}}, {"type": "Feature", "properties": {"osmid": 3045}, "geometry": {"type": "Point", "coordinates": [30.3907403, 50.4091017]}}, {"type": "Feature", "properties": {"osmid": 3046}, "geometry": {"type": "Point", "coordinates": [30.4896255, 50.5890512]}}, {"type": "Feature", "properties": {"osmid": 3047}, "geometry": {"type": "Point", "coordinates": [30.8122014, 50.3309361]}}, {"type": "Feature", "properties": {"osmid": 3048}, "geometry": {"type": "Point", "coordinates": [30.4872885, 50.4378623]}}, {"type": "Feature", "properties": {"osmid": 3049}, "geometry": {"type": "Point", "coordinates": [30.8151471, 50.3310975]}}, {"type": "Feature", "properties": {"osmid": 3050}, "geometry": {"type": "Point", "coordinates": [30.5223588, 50.4923206]}}, {"type": "Feature", "properties": {"osmid": 3051}, "geometry": {"type": "Point", "coordinates": [30.463545, 50.4239929]}}, {"type": "Feature", "properties": {"osmid": 3052}, "geometry": {"type": "Point", "coordinates": [30.4837931, 50.4405041]}}, {"type": "Feature", "properties": {"osmid": 3053}, "geometry": {"type": "Point", "coordinates": [30.8191441, 50.3313529]}}, {"type": "Feature", "properties": {"osmid": 3054}, "geometry": {"type": "Point", "coordinates": [30.4552032, 50.5965556]}}, {"type": "Feature", "properties": {"osmid": 3055}, "geometry": {"type": "Point", "coordinates": [30.4570272, 50.5960674]}}, {"type": "Feature", "properties": {"osmid": 3056}, "geometry": {"type": "Point", "coordinates": [30.4840228, 50.5071139]}}, {"type": "Feature", "properties": {"osmid": 3057}, "geometry": {"type": "Point", "coordinates": [30.4593818, 50.5958961]}}, {"type": "Feature", "properties": {"osmid": 3058}, "geometry": {"type": "Point", "coordinates": [30.692753, 50.3893116]}}, {"type": "Feature", "properties": {"osmid": 3059}, "geometry": {"type": "Point", "coordinates": [30.4708298, 50.5964017]}}, {"type": "Feature", "properties": {"osmid": 3060}, "geometry": {"type": "Point", "coordinates": [30.4815974, 50.5071444]}}, {"type": "Feature", "properties": {"osmid": 3061}, "geometry": {"type": "Point", "coordinates": [30.3301607, 50.4535926]}}, {"type": "Feature", "properties": {"osmid": 3062}, "geometry": {"type": "Point", "coordinates": [30.4815917, 50.5072529]}}, {"type": "Feature", "properties": {"osmid": 3063}, "geometry": {"type": "Point", "coordinates": [30.6933594, 50.3898523]}}, {"type": "Feature", "properties": {"osmid": 3064}, "geometry": {"type": "Point", "coordinates": [30.4827642, 50.507232]}}, {"type": "Feature", "properties": {"osmid": 3065}, "geometry": {"type": "Point", "coordinates": [30.8585296, 50.3786367]}}, {"type": "Feature", "properties": {"osmid": 3066}, "geometry": {"type": "Point", "coordinates": [30.4866988, 50.4374644]}}, {"type": "Feature", "properties": {"osmid": 3067}, "geometry": {"type": "Point", "coordinates": [30.4840226, 50.5072153]}}, {"type": "Feature", "properties": {"osmid": 3068}, "geometry": {"type": "Point", "coordinates": [30.5074467, 50.3950979]}}, {"type": "Feature", "properties": {"osmid": 3069}, "geometry": {"type": "Point", "coordinates": [30.4839748, 50.5918703]}}, {"type": "Feature", "properties": {"osmid": 3070}, "geometry": {"type": "Point", "coordinates": [30.4873271, 50.5071958]}}, {"type": "Feature", "properties": {"osmid": 3071}, "geometry": {"type": "Point", "coordinates": [30.4834717, 50.5063795]}}, {"type": "Feature", "properties": {"osmid": 3072}, "geometry": {"type": "Point", "coordinates": [30.4850003, 50.4395851]}}, {"type": "Feature", "properties": {"osmid": 3073}, "geometry": {"type": "Point", "coordinates": [30.6890485, 50.3990311]}}, {"type": "Feature", "properties": {"osmid": 3074}, "geometry": {"type": "Point", "coordinates": [30.4777237, 50.4324854]}}, {"type": "Feature", "properties": {"osmid": 3075}, "geometry": {"type": "Point", "coordinates": [30.6625825, 50.5770298]}}, {"type": "Feature", "properties": {"osmid": 3076}, "geometry": {"type": "Point", "coordinates": [30.4985623, 50.5258176]}}, {"type": "Feature", "properties": {"osmid": 3077}, "geometry": {"type": "Point", "coordinates": [30.6730724, 50.5732916]}}, {"type": "Feature", "properties": {"osmid": 3078}, "geometry": {"type": "Point", "coordinates": [30.4842664, 50.4392813]}}, {"type": "Feature", "properties": {"osmid": 3079}, "geometry": {"type": "Point", "coordinates": [30.5593747, 50.3325103]}}, {"type": "Feature", "properties": {"osmid": 3080}, "geometry": {"type": "Point", "coordinates": [30.4920448, 50.5884178]}}, {"type": "Feature", "properties": {"osmid": 3081}, "geometry": {"type": "Point", "coordinates": [30.4835256, 50.5080601]}}, {"type": "Feature", "properties": {"osmid": 3082}, "geometry": {"type": "Point", "coordinates": [30.6200717, 50.5227616]}}, {"type": "Feature", "properties": {"osmid": 3083}, "geometry": {"type": "Point", "coordinates": [30.4831934, 50.508087]}}, {"type": "Feature", "properties": {"osmid": 3084}, "geometry": {"type": "Point", "coordinates": [30.6191465, 50.5228087]}}, {"type": "Feature", "properties": {"osmid": 3085}, "geometry": {"type": "Point", "coordinates": [30.4794577, 50.3819714]}}, {"type": "Feature", "properties": {"osmid": 3086}, "geometry": {"type": "Point", "coordinates": [30.6201341, 50.5231636]}}, {"type": "Feature", "properties": {"osmid": 3087}, "geometry": {"type": "Point", "coordinates": [30.4687739, 50.5058236]}}, {"type": "Feature", "properties": {"osmid": 3088}, "geometry": {"type": "Point", "coordinates": [30.6191694, 50.5232079]}}, {"type": "Feature", "properties": {"osmid": 3089}, "geometry": {"type": "Point", "coordinates": [30.5668336, 50.423617]}}, {"type": "Feature", "properties": {"osmid": 3090}, "geometry": {"type": "Point", "coordinates": [30.8191914, 50.5606595]}}, {"type": "Feature", "properties": {"osmid": 3091}, "geometry": {"type": "Point", "coordinates": [30.7419757, 50.4916971]}}, {"type": "Feature", "properties": {"osmid": 3092}, "geometry": {"type": "Point", "coordinates": [30.489014, 50.4360756]}}, {"type": "Feature", "properties": {"osmid": 3093}, "geometry": {"type": "Point", "coordinates": [30.6051747, 50.4948226]}}, {"type": "Feature", "properties": {"osmid": 3094}, "geometry": {"type": "Point", "coordinates": [30.3214937, 50.6008469]}}, {"type": "Feature", "properties": {"osmid": 3095}, "geometry": {"type": "Point", "coordinates": [30.6918717, 50.3849086]}}, {"type": "Feature", "properties": {"osmid": 3096}, "geometry": {"type": "Point", "coordinates": [30.5450711, 50.4334428]}}, {"type": "Feature", "properties": {"osmid": 3097}, "geometry": {"type": "Point", "coordinates": [30.863595, 50.377541]}}, {"type": "Feature", "properties": {"osmid": 3098}, "geometry": {"type": "Point", "coordinates": [30.862264, 50.3778023]}}, {"type": "Feature", "properties": {"osmid": 3099}, "geometry": {"type": "Point", "coordinates": [30.4977371, 50.4403067]}}, {"type": "Feature", "properties": {"osmid": 3100}, "geometry": {"type": "Point", "coordinates": [30.6932936, 50.3852638]}}, {"type": "Feature", "properties": {"osmid": 3101}, "geometry": {"type": "Point", "coordinates": [30.4982564, 50.3984027]}}, {"type": "Feature", "properties": {"osmid": 3102}, "geometry": {"type": "Point", "coordinates": [30.488009, 50.5176534]}}, {"type": "Feature", "properties": {"osmid": 3103}, "geometry": {"type": "Point", "coordinates": [30.8624628, 50.3767183]}}, {"type": "Feature", "properties": {"osmid": 3104}, "geometry": {"type": "Point", "coordinates": [30.3803262, 50.4042138]}}, {"type": "Feature", "properties": {"osmid": 3105}, "geometry": {"type": "Point", "coordinates": [30.866179, 50.377194]}}, {"type": "Feature", "properties": {"osmid": 3106}, "geometry": {"type": "Point", "coordinates": [30.381507, 50.4037348]}}, {"type": "Feature", "properties": {"osmid": 3107}, "geometry": {"type": "Point", "coordinates": [30.604608, 50.4952773]}}, {"type": "Feature", "properties": {"osmid": 3108}, "geometry": {"type": "Point", "coordinates": [30.6347522, 50.3976122]}}, {"type": "Feature", "properties": {"osmid": 3109}, "geometry": {"type": "Point", "coordinates": [30.6113728, 50.4717454]}}, {"type": "Feature", "properties": {"osmid": 3110}, "geometry": {"type": "Point", "coordinates": [30.4836382, 50.5117757]}}, {"type": "Feature", "properties": {"osmid": 3111}, "geometry": {"type": "Point", "coordinates": [30.604998, 50.4951173]}}, {"type": "Feature", "properties": {"osmid": 3112}, "geometry": {"type": "Point", "coordinates": [30.4840894, 50.5096855]}}, {"type": "Feature", "properties": {"osmid": 3113}, "geometry": {"type": "Point", "coordinates": [30.4841042, 50.5100634]}}, {"type": "Feature", "properties": {"osmid": 3114}, "geometry": {"type": "Point", "coordinates": [30.6053074, 50.4952734]}}, {"type": "Feature", "properties": {"osmid": 3115}, "geometry": {"type": "Point", "coordinates": [30.8158864, 50.5277414]}}, {"type": "Feature", "properties": {"osmid": 3116}, "geometry": {"type": "Point", "coordinates": [30.8156031, 50.5279179]}}, {"type": "Feature", "properties": {"osmid": 3117}, "geometry": {"type": "Point", "coordinates": [30.6803189, 50.5645052]}}, {"type": "Feature", "properties": {"osmid": 3118}, "geometry": {"type": "Point", "coordinates": [30.4850073, 50.5292321]}}, {"type": "Feature", "properties": {"osmid": 3119}, "geometry": {"type": "Point", "coordinates": [30.4886036, 50.4609473]}}, {"type": "Feature", "properties": {"osmid": 3120}, "geometry": {"type": "Point", "coordinates": [30.6050978, 50.4931187]}}, {"type": "Feature", "properties": {"osmid": 3121}, "geometry": {"type": "Point", "coordinates": [30.6048941, 50.4930272]}}, {"type": "Feature", "properties": {"osmid": 3122}, "geometry": {"type": "Point", "coordinates": [30.2653973, 50.5496386]}}, {"type": "Feature", "properties": {"osmid": 3123}, "geometry": {"type": "Point", "coordinates": [30.6725554, 50.573919]}}, {"type": "Feature", "properties": {"osmid": 3124}, "geometry": {"type": "Point", "coordinates": [30.5493378, 50.3614193]}}, {"type": "Feature", "properties": {"osmid": 3125}, "geometry": {"type": "Point", "coordinates": [30.4887139, 50.4609861]}}, {"type": "Feature", "properties": {"osmid": 3126}, "geometry": {"type": "Point", "coordinates": [30.4843053, 50.5315541]}}, {"type": "Feature", "properties": {"osmid": 3127}, "geometry": {"type": "Point", "coordinates": [30.4449808, 50.3461022]}}, {"type": "Feature", "properties": {"osmid": 3128}, "geometry": {"type": "Point", "coordinates": [30.4545708, 50.3488412]}}, {"type": "Feature", "properties": {"osmid": 3129}, "geometry": {"type": "Point", "coordinates": [30.437756, 50.4923919]}}, {"type": "Feature", "properties": {"osmid": 3130}, "geometry": {"type": "Point", "coordinates": [30.2616058, 50.5371984]}}, {"type": "Feature", "properties": {"osmid": 3131}, "geometry": {"type": "Point", "coordinates": [30.4902413, 50.4350459]}}, {"type": "Feature", "properties": {"osmid": 3132}, "geometry": {"type": "Point", "coordinates": [30.6233578, 50.5087502]}}, {"type": "Feature", "properties": {"osmid": 3133}, "geometry": {"type": "Point", "coordinates": [30.6281795, 50.4471585]}}, {"type": "Feature", "properties": {"osmid": 3134}, "geometry": {"type": "Point", "coordinates": [30.6341917, 50.4526676]}}, {"type": "Feature", "properties": {"osmid": 3135}, "geometry": {"type": "Point", "coordinates": [30.4918239, 50.4370045]}}, {"type": "Feature", "properties": {"osmid": 3136}, "geometry": {"type": "Point", "coordinates": [30.6353794, 50.4525043]}}, {"type": "Feature", "properties": {"osmid": 3137}, "geometry": {"type": "Point", "coordinates": [30.6319625, 50.4520322]}}, {"type": "Feature", "properties": {"osmid": 3138}, "geometry": {"type": "Point", "coordinates": [30.4430328, 50.44492]}}, {"type": "Feature", "properties": {"osmid": 3139}, "geometry": {"type": "Point", "coordinates": [30.6307673, 50.4514432]}}, {"type": "Feature", "properties": {"osmid": 3140}, "geometry": {"type": "Point", "coordinates": [30.6627608, 50.4185849]}}, {"type": "Feature", "properties": {"osmid": 3141}, "geometry": {"type": "Point", "coordinates": [30.6309628, 50.4521121]}}, {"type": "Feature", "properties": {"osmid": 3142}, "geometry": {"type": "Point", "coordinates": [30.4883938, 50.4323422]}}, {"type": "Feature", "properties": {"osmid": 3143}, "geometry": {"type": "Point", "coordinates": [30.452992, 50.4514511]}}, {"type": "Feature", "properties": {"osmid": 3144}, "geometry": {"type": "Point", "coordinates": [30.6382769, 50.4569404]}}, {"type": "Feature", "properties": {"osmid": 3145}, "geometry": {"type": "Point", "coordinates": [30.6332558, 50.4556927]}}, {"type": "Feature", "properties": {"osmid": 3146}, "geometry": {"type": "Point", "coordinates": [30.6334174, 50.4554375]}}, {"type": "Feature", "properties": {"osmid": 3147}, "geometry": {"type": "Point", "coordinates": [30.6356711, 50.3984292]}}, {"type": "Feature", "properties": {"osmid": 3148}, "geometry": {"type": "Point", "coordinates": [30.5026915, 50.4389411]}}, {"type": "Feature", "properties": {"osmid": 3149}, "geometry": {"type": "Point", "coordinates": [30.5591009, 50.3985825]}}, {"type": "Feature", "properties": {"osmid": 3150}, "geometry": {"type": "Point", "coordinates": [30.5008044, 50.4379109]}}, {"type": "Feature", "properties": {"osmid": 3151}, "geometry": {"type": "Point", "coordinates": [30.4644274, 50.4515436]}}, {"type": "Feature", "properties": {"osmid": 3152}, "geometry": {"type": "Point", "coordinates": [30.4758333, 50.4274493]}}, {"type": "Feature", "properties": {"osmid": 3153}, "geometry": {"type": "Point", "coordinates": [30.5602542, 50.3998697]}}, {"type": "Feature", "properties": {"osmid": 3154}, "geometry": {"type": "Point", "coordinates": [30.666839, 50.4436698]}}, {"type": "Feature", "properties": {"osmid": 3155}, "geometry": {"type": "Point", "coordinates": [30.4795963, 50.4326485]}}, {"type": "Feature", "properties": {"osmid": 3156}, "geometry": {"type": "Point", "coordinates": [30.4578497, 50.3510859]}}, {"type": "Feature", "properties": {"osmid": 3157}, "geometry": {"type": "Point", "coordinates": [30.5979075, 50.4521349]}}, {"type": "Feature", "properties": {"osmid": 3158}, "geometry": {"type": "Point", "coordinates": [30.5639954, 50.4032329]}}, {"type": "Feature", "properties": {"osmid": 3159}, "geometry": {"type": "Point", "coordinates": [30.5153828, 50.4996715]}}, {"type": "Feature", "properties": {"osmid": 3160}, "geometry": {"type": "Point", "coordinates": [30.5960558, 50.4514342]}}, {"type": "Feature", "properties": {"osmid": 3161}, "geometry": {"type": "Point", "coordinates": [30.6000408, 50.4525348]}}, {"type": "Feature", "properties": {"osmid": 3162}, "geometry": {"type": "Point", "coordinates": [30.5980152, 50.4505709]}}, {"type": "Feature", "properties": {"osmid": 3163}, "geometry": {"type": "Point", "coordinates": [30.5923675, 50.4279381]}}, {"type": "Feature", "properties": {"osmid": 3164}, "geometry": {"type": "Point", "coordinates": [30.5679052, 50.4086757]}}, {"type": "Feature", "properties": {"osmid": 3165}, "geometry": {"type": "Point", "coordinates": [30.4674796, 50.4524544]}}, {"type": "Feature", "properties": {"osmid": 3166}, "geometry": {"type": "Point", "coordinates": [30.5980842, 50.4521711]}}, {"type": "Feature", "properties": {"osmid": 3167}, "geometry": {"type": "Point", "coordinates": [30.6704689, 50.4456119]}}, {"type": "Feature", "properties": {"osmid": 3168}, "geometry": {"type": "Point", "coordinates": [30.5070563, 50.4625216]}}, {"type": "Feature", "properties": {"osmid": 3169}, "geometry": {"type": "Point", "coordinates": [30.3158169, 50.4419769]}}, {"type": "Feature", "properties": {"osmid": 3170}, "geometry": {"type": "Point", "coordinates": [30.618832, 50.4700125]}}, {"type": "Feature", "properties": {"osmid": 3171}, "geometry": {"type": "Point", "coordinates": [30.5564509, 50.4156133]}}, {"type": "Feature", "properties": {"osmid": 3172}, "geometry": {"type": "Point", "coordinates": [30.2583286, 50.3875608]}}, {"type": "Feature", "properties": {"osmid": 3173}, "geometry": {"type": "Point", "coordinates": [30.473568, 50.4362014]}}, {"type": "Feature", "properties": {"osmid": 3174}, "geometry": {"type": "Point", "coordinates": [30.3687189, 50.4235424]}}, {"type": "Feature", "properties": {"osmid": 3175}, "geometry": {"type": "Point", "coordinates": [30.6817066, 50.4750843]}}, {"type": "Feature", "properties": {"osmid": 3176}, "geometry": {"type": "Point", "coordinates": [30.6084264, 50.3552306]}}, {"type": "Feature", "properties": {"osmid": 3177}, "geometry": {"type": "Point", "coordinates": [30.3833425, 50.3871308]}}, {"type": "Feature", "properties": {"osmid": 3178}, "geometry": {"type": "Point", "coordinates": [30.3874525, 50.3841251]}}, {"type": "Feature", "properties": {"osmid": 3179}, "geometry": {"type": "Point", "coordinates": [30.2393607, 50.5604067]}}, {"type": "Feature", "properties": {"osmid": 3180}, "geometry": {"type": "Point", "coordinates": [30.3346991, 50.43501]}}, {"type": "Feature", "properties": {"osmid": 3181}, "geometry": {"type": "Point", "coordinates": [30.3202897, 50.4422804]}}, {"type": "Feature", "properties": {"osmid": 3182}, "geometry": {"type": "Point", "coordinates": [30.5243452, 50.4680996]}}, {"type": "Feature", "properties": {"osmid": 3183}, "geometry": {"type": "Point", "coordinates": [30.5473383, 50.3430849]}}, {"type": "Feature", "properties": {"osmid": 3184}, "geometry": {"type": "Point", "coordinates": [30.8710268, 50.5932901]}}, {"type": "Feature", "properties": {"osmid": 3185}, "geometry": {"type": "Point", "coordinates": [30.4079407, 50.480265]}}, {"type": "Feature", "properties": {"osmid": 3186}, "geometry": {"type": "Point", "coordinates": [30.6653437, 50.4428546]}}, {"type": "Feature", "properties": {"osmid": 3187}, "geometry": {"type": "Point", "coordinates": [30.4078063, 50.4801751]}}, {"type": "Feature", "properties": {"osmid": 3188}, "geometry": {"type": "Point", "coordinates": [30.795908, 50.5050295]}}, {"type": "Feature", "properties": {"osmid": 3189}, "geometry": {"type": "Point", "coordinates": [30.797255, 50.5054017]}}, {"type": "Feature", "properties": {"osmid": 3190}, "geometry": {"type": "Point", "coordinates": [30.4885513, 50.5862887]}}, {"type": "Feature", "properties": {"osmid": 3191}, "geometry": {"type": "Point", "coordinates": [30.4657572, 50.4705055]}}, {"type": "Feature", "properties": {"osmid": 3192}, "geometry": {"type": "Point", "coordinates": [30.848123, 50.3330988]}}, {"type": "Feature", "properties": {"osmid": 3193}, "geometry": {"type": "Point", "coordinates": [30.3484373, 50.4369055]}}, {"type": "Feature", "properties": {"osmid": 3194}, "geometry": {"type": "Point", "coordinates": [30.4149177, 50.4592908]}}, {"type": "Feature", "properties": {"osmid": 3195}, "geometry": {"type": "Point", "coordinates": [30.50687, 50.46266]}}, {"type": "Feature", "properties": {"osmid": 3196}, "geometry": {"type": "Point", "coordinates": [30.5240616, 50.3409675]}}, {"type": "Feature", "properties": {"osmid": 3197}, "geometry": {"type": "Point", "coordinates": [30.3393723, 50.3437513]}}, {"type": "Feature", "properties": {"osmid": 3198}, "geometry": {"type": "Point", "coordinates": [30.5752254, 50.4902579]}}, {"type": "Feature", "properties": {"osmid": 3199}, "geometry": {"type": "Point", "coordinates": [30.787155, 50.363623]}}, {"type": "Feature", "properties": {"osmid": 3200}, "geometry": {"type": "Point", "coordinates": [30.2443876, 50.51612]}}, {"type": "Feature", "properties": {"osmid": 3201}, "geometry": {"type": "Point", "coordinates": [30.4736181, 50.4195815]}}, {"type": "Feature", "properties": {"osmid": 3202}, "geometry": {"type": "Point", "coordinates": [30.5404888, 50.3417992]}}, {"type": "Feature", "properties": {"osmid": 3203}, "geometry": {"type": "Point", "coordinates": [30.7966403, 50.5059858]}}, {"type": "Feature", "properties": {"osmid": 3204}, "geometry": {"type": "Point", "coordinates": [30.464102, 50.3561382]}}, {"type": "Feature", "properties": {"osmid": 3205}, "geometry": {"type": "Point", "coordinates": [30.5199849, 50.3392635]}}, {"type": "Feature", "properties": {"osmid": 3206}, "geometry": {"type": "Point", "coordinates": [30.5191591, 50.339084]}}, {"type": "Feature", "properties": {"osmid": 3207}, "geometry": {"type": "Point", "coordinates": [30.5688427, 50.4217315]}}, {"type": "Feature", "properties": {"osmid": 3208}, "geometry": {"type": "Point", "coordinates": [30.3224793, 50.4530847]}}, {"type": "Feature", "properties": {"osmid": 3209}, "geometry": {"type": "Point", "coordinates": [30.4216633, 50.3978007]}}, {"type": "Feature", "properties": {"osmid": 3210}, "geometry": {"type": "Point", "coordinates": [30.2409453, 50.4207835]}}, {"type": "Feature", "properties": {"osmid": 3211}, "geometry": {"type": "Point", "coordinates": [30.5236477, 50.4094462]}}, {"type": "Feature", "properties": {"osmid": 3212}, "geometry": {"type": "Point", "coordinates": [30.395709, 50.4858042]}}, {"type": "Feature", "properties": {"osmid": 3213}, "geometry": {"type": "Point", "coordinates": [30.3960721, 50.4580727]}}, {"type": "Feature", "properties": {"osmid": 3214}, "geometry": {"type": "Point", "coordinates": [30.4274099, 50.5038822]}}, {"type": "Feature", "properties": {"osmid": 3215}, "geometry": {"type": "Point", "coordinates": [30.2492479, 50.4478893]}}, {"type": "Feature", "properties": {"osmid": 3216}, "geometry": {"type": "Point", "coordinates": [30.2557185, 50.4484735]}}, {"type": "Feature", "properties": {"osmid": 3217}, "geometry": {"type": "Point", "coordinates": [30.3213852, 50.4423192]}}, {"type": "Feature", "properties": {"osmid": 3218}, "geometry": {"type": "Point", "coordinates": [30.4962049, 50.3509287]}}, {"type": "Feature", "properties": {"osmid": 3219}, "geometry": {"type": "Point", "coordinates": [30.3239469, 50.4423819]}}, {"type": "Feature", "properties": {"osmid": 3220}, "geometry": {"type": "Point", "coordinates": [30.4911113, 50.3539691]}}, {"type": "Feature", "properties": {"osmid": 3221}, "geometry": {"type": "Point", "coordinates": [30.5596537, 50.398949]}}, {"type": "Feature", "properties": {"osmid": 3222}, "geometry": {"type": "Point", "coordinates": [30.2423375, 50.3884982]}}, {"type": "Feature", "properties": {"osmid": 3223}, "geometry": {"type": "Point", "coordinates": [30.5632246, 50.3997291]}}, {"type": "Feature", "properties": {"osmid": 3224}, "geometry": {"type": "Point", "coordinates": [30.3327511, 50.4346286]}}, {"type": "Feature", "properties": {"osmid": 3225}, "geometry": {"type": "Point", "coordinates": [30.471627, 50.4252079]}}, {"type": "Feature", "properties": {"osmid": 3226}, "geometry": {"type": "Point", "coordinates": [30.6031913, 50.3888045]}}, {"type": "Feature", "properties": {"osmid": 3227}, "geometry": {"type": "Point", "coordinates": [30.2507699, 50.4262918]}}, {"type": "Feature", "properties": {"osmid": 3228}, "geometry": {"type": "Point", "coordinates": [30.2424505, 50.4216791]}}, {"type": "Feature", "properties": {"osmid": 3229}, "geometry": {"type": "Point", "coordinates": [30.2552595, 50.4310692]}}, {"type": "Feature", "properties": {"osmid": 3230}, "geometry": {"type": "Point", "coordinates": [30.4652231, 50.4625396]}}, {"type": "Feature", "properties": {"osmid": 3231}, "geometry": {"type": "Point", "coordinates": [30.5499678, 50.3689448]}}, {"type": "Feature", "properties": {"osmid": 3232}, "geometry": {"type": "Point", "coordinates": [30.4398199, 50.4925917]}}, {"type": "Feature", "properties": {"osmid": 3233}, "geometry": {"type": "Point", "coordinates": [30.3598316, 50.3378148]}}, {"type": "Feature", "properties": {"osmid": 3234}, "geometry": {"type": "Point", "coordinates": [30.4817709, 50.4868909]}}, {"type": "Feature", "properties": {"osmid": 3235}, "geometry": {"type": "Point", "coordinates": [30.5089606, 50.4641748]}}, {"type": "Feature", "properties": {"osmid": 3236}, "geometry": {"type": "Point", "coordinates": [30.8018827, 50.5182443]}}, {"type": "Feature", "properties": {"osmid": 3237}, "geometry": {"type": "Point", "coordinates": [30.4574264, 50.3782274]}}, {"type": "Feature", "properties": {"osmid": 3238}, "geometry": {"type": "Point", "coordinates": [30.4777785, 50.4954729]}}, {"type": "Feature", "properties": {"osmid": 3239}, "geometry": {"type": "Point", "coordinates": [30.4580038, 50.3781202]}}, {"type": "Feature", "properties": {"osmid": 3240}, "geometry": {"type": "Point", "coordinates": [30.4974814, 50.4783527]}}, {"type": "Feature", "properties": {"osmid": 3241}, "geometry": {"type": "Point", "coordinates": [30.2493544, 50.5183388]}}, {"type": "Feature", "properties": {"osmid": 3242}, "geometry": {"type": "Point", "coordinates": [30.497827, 50.4778224]}}, {"type": "Feature", "properties": {"osmid": 3243}, "geometry": {"type": "Point", "coordinates": [30.6345918, 50.397602]}}, {"type": "Feature", "properties": {"osmid": 3244}, "geometry": {"type": "Point", "coordinates": [30.4676299, 50.4523817]}}, {"type": "Feature", "properties": {"osmid": 3245}, "geometry": {"type": "Point", "coordinates": [30.318169, 50.4418487]}}, {"type": "Feature", "properties": {"osmid": 3246}, "geometry": {"type": "Point", "coordinates": [30.3776556, 50.4568233]}}, {"type": "Feature", "properties": {"osmid": 3247}, "geometry": {"type": "Point", "coordinates": [30.4715511, 50.4852908]}}, {"type": "Feature", "properties": {"osmid": 3248}, "geometry": {"type": "Point", "coordinates": [30.4704209, 50.4873585]}}, {"type": "Feature", "properties": {"osmid": 3249}, "geometry": {"type": "Point", "coordinates": [30.5240308, 50.4154925]}}, {"type": "Feature", "properties": {"osmid": 3250}, "geometry": {"type": "Point", "coordinates": [30.2813304, 50.4472881]}}, {"type": "Feature", "properties": {"osmid": 3251}, "geometry": {"type": "Point", "coordinates": [30.504262, 50.3962679]}}, {"type": "Feature", "properties": {"osmid": 3252}, "geometry": {"type": "Point", "coordinates": [30.323651, 50.4423747]}}, {"type": "Feature", "properties": {"osmid": 3253}, "geometry": {"type": "Point", "coordinates": [30.6535958, 50.4393562]}}, {"type": "Feature", "properties": {"osmid": 3254}, "geometry": {"type": "Point", "coordinates": [30.653698, 50.4392771]}}, {"type": "Feature", "properties": {"osmid": 3255}, "geometry": {"type": "Point", "coordinates": [30.6266462, 50.4248186]}}, {"type": "Feature", "properties": {"osmid": 3256}, "geometry": {"type": "Point", "coordinates": [30.5059112, 50.3926181]}}, {"type": "Feature", "properties": {"osmid": 3257}, "geometry": {"type": "Point", "coordinates": [30.3713827, 50.4564014]}}, {"type": "Feature", "properties": {"osmid": 3258}, "geometry": {"type": "Point", "coordinates": [30.2414238, 50.5130095]}}, {"type": "Feature", "properties": {"osmid": 3259}, "geometry": {"type": "Point", "coordinates": [30.5283951, 50.4141449]}}, {"type": "Feature", "properties": {"osmid": 3260}, "geometry": {"type": "Point", "coordinates": [30.3424795, 50.4546397]}}, {"type": "Feature", "properties": {"osmid": 3261}, "geometry": {"type": "Point", "coordinates": [30.3335831, 50.5518905]}}, {"type": "Feature", "properties": {"osmid": 3262}, "geometry": {"type": "Point", "coordinates": [30.4904221, 50.5883647]}}, {"type": "Feature", "properties": {"osmid": 3263}, "geometry": {"type": "Point", "coordinates": [30.5182169, 50.4650962]}}, {"type": "Feature", "properties": {"osmid": 3264}, "geometry": {"type": "Point", "coordinates": [30.6558682, 50.4308664]}}, {"type": "Feature", "properties": {"osmid": 3265}, "geometry": {"type": "Point", "coordinates": [30.6022422, 50.4275894]}}, {"type": "Feature", "properties": {"osmid": 3266}, "geometry": {"type": "Point", "coordinates": [30.6022717, 50.4276982]}}, {"type": "Feature", "properties": {"osmid": 3267}, "geometry": {"type": "Point", "coordinates": [30.5071826, 50.4904605]}}, {"type": "Feature", "properties": {"osmid": 3268}, "geometry": {"type": "Point", "coordinates": [30.497317, 50.4781752]}}, {"type": "Feature", "properties": {"osmid": 3269}, "geometry": {"type": "Point", "coordinates": [30.5602697, 50.4260349]}}, {"type": "Feature", "properties": {"osmid": 3270}, "geometry": {"type": "Point", "coordinates": [30.5609244, 50.425373]}}, {"type": "Feature", "properties": {"osmid": 3271}, "geometry": {"type": "Point", "coordinates": [30.4849694, 50.3926069]}}, {"type": "Feature", "properties": {"osmid": 3272}, "geometry": {"type": "Point", "coordinates": [30.477288, 50.381195]}}, {"type": "Feature", "properties": {"osmid": 3273}, "geometry": {"type": "Point", "coordinates": [30.4689034, 50.4531964]}}, {"type": "Feature", "properties": {"osmid": 3274}, "geometry": {"type": "Point", "coordinates": [30.5192939, 50.4070641]}}, {"type": "Feature", "properties": {"osmid": 3275}, "geometry": {"type": "Point", "coordinates": [30.550033, 50.4205127]}}, {"type": "Feature", "properties": {"osmid": 3276}, "geometry": {"type": "Point", "coordinates": [30.7750169, 50.4822035]}}, {"type": "Feature", "properties": {"osmid": 3277}, "geometry": {"type": "Point", "coordinates": [30.3170088, 50.441789]}}, {"type": "Feature", "properties": {"osmid": 3278}, "geometry": {"type": "Point", "coordinates": [30.3230797, 50.5550461]}}, {"type": "Feature", "properties": {"osmid": 3279}, "geometry": {"type": "Point", "coordinates": [30.4388456, 50.5044386]}}, {"type": "Feature", "properties": {"osmid": 3280}, "geometry": {"type": "Point", "coordinates": [30.5223899, 50.4086683]}}, {"type": "Feature", "properties": {"osmid": 3281}, "geometry": {"type": "Point", "coordinates": [30.438777, 50.4924979]}}, {"type": "Feature", "properties": {"osmid": 3282}, "geometry": {"type": "Point", "coordinates": [30.2641612, 50.5443793]}}, {"type": "Feature", "properties": {"osmid": 3283}, "geometry": {"type": "Point", "coordinates": [30.516218, 50.4033064]}}, {"type": "Feature", "properties": {"osmid": 3284}, "geometry": {"type": "Point", "coordinates": [30.6537911, 50.4312357]}}, {"type": "Feature", "properties": {"osmid": 3285}, "geometry": {"type": "Point", "coordinates": [30.5178111, 50.4061931]}}, {"type": "Feature", "properties": {"osmid": 3286}, "geometry": {"type": "Point", "coordinates": [30.3275205, 50.4535483]}}, {"type": "Feature", "properties": {"osmid": 3287}, "geometry": {"type": "Point", "coordinates": [30.4845058, 50.5241932]}}, {"type": "Feature", "properties": {"osmid": 3288}, "geometry": {"type": "Point", "coordinates": [30.6536486, 50.4274046]}}, {"type": "Feature", "properties": {"osmid": 3289}, "geometry": {"type": "Point", "coordinates": [30.4623995, 50.3671733]}}, {"type": "Feature", "properties": {"osmid": 3290}, "geometry": {"type": "Point", "coordinates": [30.2579626, 50.562029]}}, {"type": "Feature", "properties": {"osmid": 3291}, "geometry": {"type": "Point", "coordinates": [30.2492087, 50.5620995]}}, {"type": "Feature", "properties": {"osmid": 3292}, "geometry": {"type": "Point", "coordinates": [30.4685474, 50.5281159]}}, {"type": "Feature", "properties": {"osmid": 3293}, "geometry": {"type": "Point", "coordinates": [30.4691402, 50.5284497]}}, {"type": "Feature", "properties": {"osmid": 3294}, "geometry": {"type": "Point", "coordinates": [30.3508255, 50.4910982]}}, {"type": "Feature", "properties": {"osmid": 3295}, "geometry": {"type": "Point", "coordinates": [30.3652027, 50.499225]}}, {"type": "Feature", "properties": {"osmid": 3296}, "geometry": {"type": "Point", "coordinates": [30.3282429, 50.4345039]}}, {"type": "Feature", "properties": {"osmid": 3297}, "geometry": {"type": "Point", "coordinates": [30.387924, 50.5001458]}}, {"type": "Feature", "properties": {"osmid": 3298}, "geometry": {"type": "Point", "coordinates": [30.3926103, 50.50505]}}, {"type": "Feature", "properties": {"osmid": 3299}, "geometry": {"type": "Point", "coordinates": [30.4601046, 50.5013702]}}, {"type": "Feature", "properties": {"osmid": 3300}, "geometry": {"type": "Point", "coordinates": [30.243009, 50.5084359]}}, {"type": "Feature", "properties": {"osmid": 3301}, "geometry": {"type": "Point", "coordinates": [30.5872281, 50.4624175]}}, {"type": "Feature", "properties": {"osmid": 3302}, "geometry": {"type": "Point", "coordinates": [30.5117037, 50.5225315]}}, {"type": "Feature", "properties": {"osmid": 3303}, "geometry": {"type": "Point", "coordinates": [30.8392951, 50.5209393]}}, {"type": "Feature", "properties": {"osmid": 3304}, "geometry": {"type": "Point", "coordinates": [30.450135, 50.5933982]}}, {"type": "Feature", "properties": {"osmid": 3305}, "geometry": {"type": "Point", "coordinates": [30.4796119, 50.5291541]}}, {"type": "Feature", "properties": {"osmid": 3306}, "geometry": {"type": "Point", "coordinates": [30.2424549, 50.5158442]}}, {"type": "Feature", "properties": {"osmid": 3307}, "geometry": {"type": "Point", "coordinates": [30.2429084, 50.5111648]}}, {"type": "Feature", "properties": {"osmid": 3308}, "geometry": {"type": "Point", "coordinates": [30.2469439, 50.5020873]}}, {"type": "Feature", "properties": {"osmid": 3309}, "geometry": {"type": "Point", "coordinates": [30.4804465, 50.5293187]}}, {"type": "Feature", "properties": {"osmid": 3310}, "geometry": {"type": "Point", "coordinates": [30.4595872, 50.5872557]}}, {"type": "Feature", "properties": {"osmid": 3311}, "geometry": {"type": "Point", "coordinates": [30.3845443, 50.4975562]}}, {"type": "Feature", "properties": {"osmid": 3312}, "geometry": {"type": "Point", "coordinates": [30.4572068, 50.421074]}}, {"type": "Feature", "properties": {"osmid": 3313}, "geometry": {"type": "Point", "coordinates": [30.2460672, 50.5142535]}}, {"type": "Feature", "properties": {"osmid": 3314}, "geometry": {"type": "Point", "coordinates": [30.4326042, 50.3377222]}}, {"type": "Feature", "properties": {"osmid": 3315}, "geometry": {"type": "Point", "coordinates": [30.4592167, 50.5874859]}}, {"type": "Feature", "properties": {"osmid": 3316}, "geometry": {"type": "Point", "coordinates": [30.4717122, 50.4503566]}}, {"type": "Feature", "properties": {"osmid": 3317}, "geometry": {"type": "Point", "coordinates": [30.2393313, 50.5127928]}}, {"type": "Feature", "properties": {"osmid": 3318}, "geometry": {"type": "Point", "coordinates": [30.4876951, 50.5294123]}}, {"type": "Feature", "properties": {"osmid": 3319}, "geometry": {"type": "Point", "coordinates": [30.4994846, 50.5279467]}}, {"type": "Feature", "properties": {"osmid": 3320}, "geometry": {"type": "Point", "coordinates": [30.2375005, 50.5031767]}}, {"type": "Feature", "properties": {"osmid": 3321}, "geometry": {"type": "Point", "coordinates": [30.2445277, 50.5127835]}}, {"type": "Feature", "properties": {"osmid": 3322}, "geometry": {"type": "Point", "coordinates": [30.2434312, 50.5072193]}}, {"type": "Feature", "properties": {"osmid": 3323}, "geometry": {"type": "Point", "coordinates": [30.7828874, 50.3793747]}}, {"type": "Feature", "properties": {"osmid": 3324}, "geometry": {"type": "Point", "coordinates": [30.472896, 50.3587715]}}, {"type": "Feature", "properties": {"osmid": 3325}, "geometry": {"type": "Point", "coordinates": [30.6074469, 50.4393812]}}, {"type": "Feature", "properties": {"osmid": 3326}, "geometry": {"type": "Point", "coordinates": [30.4840689, 50.5315574]}}, {"type": "Feature", "properties": {"osmid": 3327}, "geometry": {"type": "Point", "coordinates": [30.2497377, 50.5143567]}}, {"type": "Feature", "properties": {"osmid": 3328}, "geometry": {"type": "Point", "coordinates": [30.6943094, 50.5631983]}}, {"type": "Feature", "properties": {"osmid": 3329}, "geometry": {"type": "Point", "coordinates": [30.4819613, 50.4163246]}}, {"type": "Feature", "properties": {"osmid": 3330}, "geometry": {"type": "Point", "coordinates": [30.6240235, 50.4680724]}}, {"type": "Feature", "properties": {"osmid": 3331}, "geometry": {"type": "Point", "coordinates": [30.3419883, 50.4359891]}}, {"type": "Feature", "properties": {"osmid": 3332}, "geometry": {"type": "Point", "coordinates": [30.4132963, 50.4642483]}}, {"type": "Feature", "properties": {"osmid": 3333}, "geometry": {"type": "Point", "coordinates": [30.2480032, 50.5165539]}}, {"type": "Feature", "properties": {"osmid": 3334}, "geometry": {"type": "Point", "coordinates": [30.4554963, 50.4215827]}}, {"type": "Feature", "properties": {"osmid": 3335}, "geometry": {"type": "Point", "coordinates": [30.3839118, 50.4970697]}}, {"type": "Feature", "properties": {"osmid": 3336}, "geometry": {"type": "Point", "coordinates": [30.789656, 50.3731655]}}, {"type": "Feature", "properties": {"osmid": 3337}, "geometry": {"type": "Point", "coordinates": [30.3652509, 50.4241828]}}, {"type": "Feature", "properties": {"osmid": 3338}, "geometry": {"type": "Point", "coordinates": [30.242622, 50.5095567]}}, {"type": "Feature", "properties": {"osmid": 3339}, "geometry": {"type": "Point", "coordinates": [30.8234635, 50.3316031]}}, {"type": "Feature", "properties": {"osmid": 3340}, "geometry": {"type": "Point", "coordinates": [30.5311024, 50.4337799]}}, {"type": "Feature", "properties": {"osmid": 3341}, "geometry": {"type": "Point", "coordinates": [30.243219, 50.5078275]}}, {"type": "Feature", "properties": {"osmid": 3342}, "geometry": {"type": "Point", "coordinates": [30.5159136, 50.43959]}}, {"type": "Feature", "properties": {"osmid": 3343}, "geometry": {"type": "Point", "coordinates": [30.5168942, 50.4393497]}}, {"type": "Feature", "properties": {"osmid": 3344}, "geometry": {"type": "Point", "coordinates": [30.3524788, 50.3636556]}}, {"type": "Feature", "properties": {"osmid": 3345}, "geometry": {"type": "Point", "coordinates": [30.531412, 50.433937]}}, {"type": "Feature", "properties": {"osmid": 3346}, "geometry": {"type": "Point", "coordinates": [30.3225663, 50.442346]}}, {"type": "Feature", "properties": {"osmid": 3347}, "geometry": {"type": "Point", "coordinates": [30.3766492, 50.4166421]}}, {"type": "Feature", "properties": {"osmid": 3348}, "geometry": {"type": "Point", "coordinates": [30.8312316, 50.5044495]}}, {"type": "Feature", "properties": {"osmid": 3349}, "geometry": {"type": "Point", "coordinates": [30.262517, 50.5636473]}}, {"type": "Feature", "properties": {"osmid": 3350}, "geometry": {"type": "Point", "coordinates": [30.7940784, 50.3781266]}}, {"type": "Feature", "properties": {"osmid": 3351}, "geometry": {"type": "Point", "coordinates": [30.2522678, 50.512693]}}, {"type": "Feature", "properties": {"osmid": 3352}, "geometry": {"type": "Point", "coordinates": [30.5917508, 50.4613338]}}, {"type": "Feature", "properties": {"osmid": 3353}, "geometry": {"type": "Point", "coordinates": [30.5916307, 50.4613535]}}, {"type": "Feature", "properties": {"osmid": 3354}, "geometry": {"type": "Point", "coordinates": [30.8002946, 50.4719882]}}, {"type": "Feature", "properties": {"osmid": 3355}, "geometry": {"type": "Point", "coordinates": [30.5916087, 50.4612855]}}, {"type": "Feature", "properties": {"osmid": 3356}, "geometry": {"type": "Point", "coordinates": [30.7910723, 50.3784609]}}, {"type": "Feature", "properties": {"osmid": 3357}, "geometry": {"type": "Point", "coordinates": [30.2422587, 50.5106018]}}, {"type": "Feature", "properties": {"osmid": 3358}, "geometry": {"type": "Point", "coordinates": [30.2425274, 50.5098188]}}, {"type": "Feature", "properties": {"osmid": 3359}, "geometry": {"type": "Point", "coordinates": [30.2438357, 50.506113]}}, {"type": "Feature", "properties": {"osmid": 3360}, "geometry": {"type": "Point", "coordinates": [30.2473677, 50.5016943]}}, {"type": "Feature", "properties": {"osmid": 3361}, "geometry": {"type": "Point", "coordinates": [30.5295639, 50.399479]}}, {"type": "Feature", "properties": {"osmid": 3362}, "geometry": {"type": "Point", "coordinates": [30.526565, 50.4377357]}}, {"type": "Feature", "properties": {"osmid": 3363}, "geometry": {"type": "Point", "coordinates": [30.3530612, 50.3639269]}}, {"type": "Feature", "properties": {"osmid": 3364}, "geometry": {"type": "Point", "coordinates": [30.3263, 50.4389964]}}, {"type": "Feature", "properties": {"osmid": 3365}, "geometry": {"type": "Point", "coordinates": [30.6330143, 50.4019017]}}, {"type": "Feature", "properties": {"osmid": 3366}, "geometry": {"type": "Point", "coordinates": [30.856322, 50.3809183]}}, {"type": "Feature", "properties": {"osmid": 3367}, "geometry": {"type": "Point", "coordinates": [30.7433643, 50.3968075]}}, {"type": "Feature", "properties": {"osmid": 3368}, "geometry": {"type": "Point", "coordinates": [30.4794123, 50.4006594]}}, {"type": "Feature", "properties": {"osmid": 3369}, "geometry": {"type": "Point", "coordinates": [30.3650422, 50.3686275]}}, {"type": "Feature", "properties": {"osmid": 3370}, "geometry": {"type": "Point", "coordinates": [30.6212276, 50.4692211]}}, {"type": "Feature", "properties": {"osmid": 3371}, "geometry": {"type": "Point", "coordinates": [30.5496283, 50.3682532]}}, {"type": "Feature", "properties": {"osmid": 3372}, "geometry": {"type": "Point", "coordinates": [30.2492823, 50.5178157]}}, {"type": "Feature", "properties": {"osmid": 3373}, "geometry": {"type": "Point", "coordinates": [30.3250312, 50.4418936]}}, {"type": "Feature", "properties": {"osmid": 3374}, "geometry": {"type": "Point", "coordinates": [30.6559329, 50.4232681]}}, {"type": "Feature", "properties": {"osmid": 3375}, "geometry": {"type": "Point", "coordinates": [30.437072, 50.3340892]}}, {"type": "Feature", "properties": {"osmid": 3376}, "geometry": {"type": "Point", "coordinates": [30.4461112, 50.331263]}}, {"type": "Feature", "properties": {"osmid": 3377}, "geometry": {"type": "Point", "coordinates": [30.5659919, 50.5961104]}}, {"type": "Feature", "properties": {"osmid": 3378}, "geometry": {"type": "Point", "coordinates": [30.5068946, 50.4628314]}}, {"type": "Feature", "properties": {"osmid": 3379}, "geometry": {"type": "Point", "coordinates": [30.5257184, 50.4881774]}}, {"type": "Feature", "properties": {"osmid": 3380}, "geometry": {"type": "Point", "coordinates": [30.574123, 50.5960126]}}, {"type": "Feature", "properties": {"osmid": 3381}, "geometry": {"type": "Point", "coordinates": [30.5827118, 50.5978029]}}, {"type": "Feature", "properties": {"osmid": 3382}, "geometry": {"type": "Point", "coordinates": [30.5106042, 50.4652555]}}, {"type": "Feature", "properties": {"osmid": 3383}, "geometry": {"type": "Point", "coordinates": [30.8451647, 50.4095047]}}, {"type": "Feature", "properties": {"osmid": 3384}, "geometry": {"type": "Point", "coordinates": [30.4732939, 50.455611]}}, {"type": "Feature", "properties": {"osmid": 3385}, "geometry": {"type": "Point", "coordinates": [30.3192587, 50.442158]}}, {"type": "Feature", "properties": {"osmid": 3386}, "geometry": {"type": "Point", "coordinates": [30.603676, 50.3903296]}}, {"type": "Feature", "properties": {"osmid": 3387}, "geometry": {"type": "Point", "coordinates": [30.4518392, 50.4375246]}}, {"type": "Feature", "properties": {"osmid": 3388}, "geometry": {"type": "Point", "coordinates": [30.4519284, 50.4376395]}}, {"type": "Feature", "properties": {"osmid": 3389}, "geometry": {"type": "Point", "coordinates": [30.4985872, 50.5290944]}}, {"type": "Feature", "properties": {"osmid": 3390}, "geometry": {"type": "Point", "coordinates": [30.4647667, 50.596157]}}, {"type": "Feature", "properties": {"osmid": 3391}, "geometry": {"type": "Point", "coordinates": [30.4846987, 50.5174185]}}, {"type": "Feature", "properties": {"osmid": 3392}, "geometry": {"type": "Point", "coordinates": [30.4849292, 50.5178809]}}, {"type": "Feature", "properties": {"osmid": 3393}, "geometry": {"type": "Point", "coordinates": [30.4843285, 50.5183167]}}, {"type": "Feature", "properties": {"osmid": 3394}, "geometry": {"type": "Point", "coordinates": [30.4890149, 50.5178616]}}, {"type": "Feature", "properties": {"osmid": 3395}, "geometry": {"type": "Point", "coordinates": [30.489864, 50.5175795]}}, {"type": "Feature", "properties": {"osmid": 3396}, "geometry": {"type": "Point", "coordinates": [30.4891515, 50.5172789]}}, {"type": "Feature", "properties": {"osmid": 3397}, "geometry": {"type": "Point", "coordinates": [30.4058813, 50.3557853]}}, {"type": "Feature", "properties": {"osmid": 3398}, "geometry": {"type": "Point", "coordinates": [30.5064118, 50.4682799]}}, {"type": "Feature", "properties": {"osmid": 3399}, "geometry": {"type": "Point", "coordinates": [30.3959574, 50.3618957]}}, {"type": "Feature", "properties": {"osmid": 3400}, "geometry": {"type": "Point", "coordinates": [30.4943099, 50.5126386]}}, {"type": "Feature", "properties": {"osmid": 3401}, "geometry": {"type": "Point", "coordinates": [30.6078752, 50.4951996]}}, {"type": "Feature", "properties": {"osmid": 3402}, "geometry": {"type": "Point", "coordinates": [30.3664015, 50.4098992]}}, {"type": "Feature", "properties": {"osmid": 3403}, "geometry": {"type": "Point", "coordinates": [30.3265898, 50.4382852]}}, {"type": "Feature", "properties": {"osmid": 3404}, "geometry": {"type": "Point", "coordinates": [30.6094093, 50.5225903]}}, {"type": "Feature", "properties": {"osmid": 3405}, "geometry": {"type": "Point", "coordinates": [30.4857083, 50.5831338]}}, {"type": "Feature", "properties": {"osmid": 3406}, "geometry": {"type": "Point", "coordinates": [30.3938295, 50.3889752]}}, {"type": "Feature", "properties": {"osmid": 3407}, "geometry": {"type": "Point", "coordinates": [30.2542887, 50.5118993]}}, {"type": "Feature", "properties": {"osmid": 3408}, "geometry": {"type": "Point", "coordinates": [30.4980937, 50.5133059]}}, {"type": "Feature", "properties": {"osmid": 3409}, "geometry": {"type": "Point", "coordinates": [30.4934894, 50.5122339]}}, {"type": "Feature", "properties": {"osmid": 3410}, "geometry": {"type": "Point", "coordinates": [30.6091297, 50.4562453]}}, {"type": "Feature", "properties": {"osmid": 3411}, "geometry": {"type": "Point", "coordinates": [30.6960342, 50.3651629]}}, {"type": "Feature", "properties": {"osmid": 3412}, "geometry": {"type": "Point", "coordinates": [30.4989922, 50.5132548]}}, {"type": "Feature", "properties": {"osmid": 3413}, "geometry": {"type": "Point", "coordinates": [30.3851051, 50.4571975]}}, {"type": "Feature", "properties": {"osmid": 3414}, "geometry": {"type": "Point", "coordinates": [30.4990261, 50.5129351]}}, {"type": "Feature", "properties": {"osmid": 3415}, "geometry": {"type": "Point", "coordinates": [30.3582811, 50.3678043]}}, {"type": "Feature", "properties": {"osmid": 3416}, "geometry": {"type": "Point", "coordinates": [30.3912928, 50.36936]}}, {"type": "Feature", "properties": {"osmid": 3417}, "geometry": {"type": "Point", "coordinates": [30.663079, 50.4294397]}}, {"type": "Feature", "properties": {"osmid": 3418}, "geometry": {"type": "Point", "coordinates": [30.5010802, 50.5123973]}}, {"type": "Feature", "properties": {"osmid": 3419}, "geometry": {"type": "Point", "coordinates": [30.6583393, 50.4213347]}}, {"type": "Feature", "properties": {"osmid": 3420}, "geometry": {"type": "Point", "coordinates": [30.3966624, 50.3630061]}}, {"type": "Feature", "properties": {"osmid": 3421}, "geometry": {"type": "Point", "coordinates": [30.5011298, 50.5119922]}}, {"type": "Feature", "properties": {"osmid": 3422}, "geometry": {"type": "Point", "coordinates": [30.3606063, 50.3693915]}}, {"type": "Feature", "properties": {"osmid": 3423}, "geometry": {"type": "Point", "coordinates": [30.4980732, 50.5130212]}}, {"type": "Feature", "properties": {"osmid": 3424}, "geometry": {"type": "Point", "coordinates": [30.4367884, 50.4922957]}}, {"type": "Feature", "properties": {"osmid": 3425}, "geometry": {"type": "Point", "coordinates": [30.4150893, 50.3506736]}}, {"type": "Feature", "properties": {"osmid": 3426}, "geometry": {"type": "Point", "coordinates": [30.6492961, 50.4645568]}}, {"type": "Feature", "properties": {"osmid": 3427}, "geometry": {"type": "Point", "coordinates": [30.6312289, 50.4524361]}}, {"type": "Feature", "properties": {"osmid": 3428}, "geometry": {"type": "Point", "coordinates": [30.4856471, 50.5830663]}}, {"type": "Feature", "properties": {"osmid": 3429}, "geometry": {"type": "Point", "coordinates": [30.4859747, 50.5829431]}}, {"type": "Feature", "properties": {"osmid": 3430}, "geometry": {"type": "Point", "coordinates": [30.7957016, 50.5050027]}}, {"type": "Feature", "properties": {"osmid": 3431}, "geometry": {"type": "Point", "coordinates": [30.4883835, 50.5820961]}}, {"type": "Feature", "properties": {"osmid": 3432}, "geometry": {"type": "Point", "coordinates": [30.7958665, 50.5050877]}}, {"type": "Feature", "properties": {"osmid": 3433}, "geometry": {"type": "Point", "coordinates": [30.6094787, 50.4374387]}}, {"type": "Feature", "properties": {"osmid": 3434}, "geometry": {"type": "Point", "coordinates": [30.3063698, 50.4519646]}}, {"type": "Feature", "properties": {"osmid": 3435}, "geometry": {"type": "Point", "coordinates": [30.3961117, 50.3583716]}}, {"type": "Feature", "properties": {"osmid": 3436}, "geometry": {"type": "Point", "coordinates": [30.4942684, 50.5804225]}}, {"type": "Feature", "properties": {"osmid": 3437}, "geometry": {"type": "Point", "coordinates": [30.571181, 50.5876377]}}, {"type": "Feature", "properties": {"osmid": 3438}, "geometry": {"type": "Point", "coordinates": [30.2679462, 50.3884129]}}, {"type": "Feature", "properties": {"osmid": 3439}, "geometry": {"type": "Point", "coordinates": [30.5692817, 50.5884122]}}, {"type": "Feature", "properties": {"osmid": 3440}, "geometry": {"type": "Point", "coordinates": [30.5111244, 50.4403732]}}, {"type": "Feature", "properties": {"osmid": 3441}, "geometry": {"type": "Point", "coordinates": [30.6036597, 50.3870232]}}, {"type": "Feature", "properties": {"osmid": 3442}, "geometry": {"type": "Point", "coordinates": [30.5123887, 50.4434879]}}, {"type": "Feature", "properties": {"osmid": 3443}, "geometry": {"type": "Point", "coordinates": [30.5585854, 50.4105173]}}, {"type": "Feature", "properties": {"osmid": 3444}, "geometry": {"type": "Point", "coordinates": [30.4980328, 50.5116736]}}, {"type": "Feature", "properties": {"osmid": 3445}, "geometry": {"type": "Point", "coordinates": [30.5684654, 50.5898648]}}, {"type": "Feature", "properties": {"osmid": 3446}, "geometry": {"type": "Point", "coordinates": [30.6336339, 50.4556583]}}, {"type": "Feature", "properties": {"osmid": 3447}, "geometry": {"type": "Point", "coordinates": [30.4845791, 50.3933846]}}, {"type": "Feature", "properties": {"osmid": 3448}, "geometry": {"type": "Point", "coordinates": [30.4063421, 50.3311427]}}, {"type": "Feature", "properties": {"osmid": 3449}, "geometry": {"type": "Point", "coordinates": [30.4538287, 50.553494]}}, {"type": "Feature", "properties": {"osmid": 3450}, "geometry": {"type": "Point", "coordinates": [30.4443915, 50.4930368]}}, {"type": "Feature", "properties": {"osmid": 3451}, "geometry": {"type": "Point", "coordinates": [30.4944939, 50.5809702]}}, {"type": "Feature", "properties": {"osmid": 3452}, "geometry": {"type": "Point", "coordinates": [30.5054865, 50.434111]}}, {"type": "Feature", "properties": {"osmid": 3453}, "geometry": {"type": "Point", "coordinates": [30.5056122, 50.4341137]}}, {"type": "Feature", "properties": {"osmid": 3454}, "geometry": {"type": "Point", "coordinates": [30.5246071, 50.4503578]}}, {"type": "Feature", "properties": {"osmid": 3455}, "geometry": {"type": "Point", "coordinates": [30.5129507, 50.5222259]}}, {"type": "Feature", "properties": {"osmid": 3456}, "geometry": {"type": "Point", "coordinates": [30.5138629, 50.5224178]}}, {"type": "Feature", "properties": {"osmid": 3457}, "geometry": {"type": "Point", "coordinates": [30.3506216, 50.421927]}}, {"type": "Feature", "properties": {"osmid": 3458}, "geometry": {"type": "Point", "coordinates": [30.4211316, 50.397017]}}, {"type": "Feature", "properties": {"osmid": 3459}, "geometry": {"type": "Point", "coordinates": [30.5789565, 50.5968463]}}, {"type": "Feature", "properties": {"osmid": 3460}, "geometry": {"type": "Point", "coordinates": [30.3969605, 50.4860945]}}, {"type": "Feature", "properties": {"osmid": 3461}, "geometry": {"type": "Point", "coordinates": [30.5921691, 50.5990911]}}, {"type": "Feature", "properties": {"osmid": 3462}, "geometry": {"type": "Point", "coordinates": [30.497666, 50.4867787]}}, {"type": "Feature", "properties": {"osmid": 3463}, "geometry": {"type": "Point", "coordinates": [30.4023517, 50.3325532]}}, {"type": "Feature", "properties": {"osmid": 3464}, "geometry": {"type": "Point", "coordinates": [30.6317796, 50.5537762]}}, {"type": "Feature", "properties": {"osmid": 3465}, "geometry": {"type": "Point", "coordinates": [30.2623087, 50.5397803]}}, {"type": "Feature", "properties": {"osmid": 3466}, "geometry": {"type": "Point", "coordinates": [30.7615505, 50.471219]}}, {"type": "Feature", "properties": {"osmid": 3467}, "geometry": {"type": "Point", "coordinates": [30.761568, 50.4706406]}}, {"type": "Feature", "properties": {"osmid": 3468}, "geometry": {"type": "Point", "coordinates": [30.3378425, 50.4649968]}}, {"type": "Feature", "properties": {"osmid": 3469}, "geometry": {"type": "Point", "coordinates": [30.4523521, 50.5973295]}}, {"type": "Feature", "properties": {"osmid": 3470}, "geometry": {"type": "Point", "coordinates": [30.7615161, 50.4719434]}}, {"type": "Feature", "properties": {"osmid": 3471}, "geometry": {"type": "Point", "coordinates": [30.761549, 50.471271]}}, {"type": "Feature", "properties": {"osmid": 3472}, "geometry": {"type": "Point", "coordinates": [30.3386752, 50.4644518]}}, {"type": "Feature", "properties": {"osmid": 3473}, "geometry": {"type": "Point", "coordinates": [30.4923635, 50.4892248]}}, {"type": "Feature", "properties": {"osmid": 3474}, "geometry": {"type": "Point", "coordinates": [30.7614674, 50.4732423]}}, {"type": "Feature", "properties": {"osmid": 3475}, "geometry": {"type": "Point", "coordinates": [30.4106631, 50.4588499]}}, {"type": "Feature", "properties": {"osmid": 3476}, "geometry": {"type": "Point", "coordinates": [30.498027, 50.5112414]}}, {"type": "Feature", "properties": {"osmid": 3477}, "geometry": {"type": "Point", "coordinates": [30.4989885, 50.51134]}}, {"type": "Feature", "properties": {"osmid": 3478}, "geometry": {"type": "Point", "coordinates": [30.4989942, 50.5115006]}}, {"type": "Feature", "properties": {"osmid": 3479}, "geometry": {"type": "Point", "coordinates": [30.3619396, 50.5161492]}}, {"type": "Feature", "properties": {"osmid": 3480}, "geometry": {"type": "Point", "coordinates": [30.4742113, 50.4560477]}}, {"type": "Feature", "properties": {"osmid": 3481}, "geometry": {"type": "Point", "coordinates": [30.7611337, 50.4743793]}}, {"type": "Feature", "properties": {"osmid": 3482}, "geometry": {"type": "Point", "coordinates": [30.3613964, 50.5159006]}}, {"type": "Feature", "properties": {"osmid": 3483}, "geometry": {"type": "Point", "coordinates": [30.5201255, 50.4407815]}}, {"type": "Feature", "properties": {"osmid": 3484}, "geometry": {"type": "Point", "coordinates": [30.4892443, 50.5870662]}}, {"type": "Feature", "properties": {"osmid": 3485}, "geometry": {"type": "Point", "coordinates": [30.3378501, 50.4616372]}}, {"type": "Feature", "properties": {"osmid": 3486}, "geometry": {"type": "Point", "coordinates": [30.4207706, 50.398399]}}, {"type": "Feature", "properties": {"osmid": 3487}, "geometry": {"type": "Point", "coordinates": [30.6231945, 50.4700482]}}, {"type": "Feature", "properties": {"osmid": 3488}, "geometry": {"type": "Point", "coordinates": [30.5138656, 50.5224854]}}, {"type": "Feature", "properties": {"osmid": 3489}, "geometry": {"type": "Point", "coordinates": [30.5130447, 50.5221784]}}, {"type": "Feature", "properties": {"osmid": 3490}, "geometry": {"type": "Point", "coordinates": [30.6114641, 50.4719193]}}, {"type": "Feature", "properties": {"osmid": 3491}, "geometry": {"type": "Point", "coordinates": [30.4697071, 50.4236063]}}, {"type": "Feature", "properties": {"osmid": 3492}, "geometry": {"type": "Point", "coordinates": [30.4517201, 50.5005776]}}, {"type": "Feature", "properties": {"osmid": 3493}, "geometry": {"type": "Point", "coordinates": [30.7599113, 50.4773819]}}, {"type": "Feature", "properties": {"osmid": 3494}, "geometry": {"type": "Point", "coordinates": [30.7813114, 50.5843852]}}, {"type": "Feature", "properties": {"osmid": 3495}, "geometry": {"type": "Point", "coordinates": [30.7606874, 50.4754758]}}, {"type": "Feature", "properties": {"osmid": 3496}, "geometry": {"type": "Point", "coordinates": [30.7596221, 50.478092]}}, {"type": "Feature", "properties": {"osmid": 3497}, "geometry": {"type": "Point", "coordinates": [30.7604598, 50.4760347]}}, {"type": "Feature", "properties": {"osmid": 3498}, "geometry": {"type": "Point", "coordinates": [30.5132102, 50.5227969]}}, {"type": "Feature", "properties": {"osmid": 3499}, "geometry": {"type": "Point", "coordinates": [30.4887236, 50.5068864]}}, {"type": "Feature", "properties": {"osmid": 3500}, "geometry": {"type": "Point", "coordinates": [30.5856681, 50.4921522]}}, {"type": "Feature", "properties": {"osmid": 3501}, "geometry": {"type": "Point", "coordinates": [30.8119133, 50.5250486]}}, {"type": "Feature", "properties": {"osmid": 3502}, "geometry": {"type": "Point", "coordinates": [30.4887528, 50.5073944]}}, {"type": "Feature", "properties": {"osmid": 3503}, "geometry": {"type": "Point", "coordinates": [30.4203973, 50.3989763]}}, {"type": "Feature", "properties": {"osmid": 3504}, "geometry": {"type": "Point", "coordinates": [30.4892967, 50.5074152]}}, {"type": "Feature", "properties": {"osmid": 3505}, "geometry": {"type": "Point", "coordinates": [30.5204638, 50.4211276]}}, {"type": "Feature", "properties": {"osmid": 3506}, "geometry": {"type": "Point", "coordinates": [30.585146, 50.4922922]}}, {"type": "Feature", "properties": {"osmid": 3507}, "geometry": {"type": "Point", "coordinates": [30.7467864, 50.4930258]}}, {"type": "Feature", "properties": {"osmid": 3508}, "geometry": {"type": "Point", "coordinates": [30.4942776, 50.5119835]}}, {"type": "Feature", "properties": {"osmid": 3509}, "geometry": {"type": "Point", "coordinates": [30.4977822, 50.5023376]}}, {"type": "Feature", "properties": {"osmid": 3510}, "geometry": {"type": "Point", "coordinates": [30.4986893, 50.5023656]}}, {"type": "Feature", "properties": {"osmid": 3511}, "geometry": {"type": "Point", "coordinates": [30.4987437, 50.5020647]}}, {"type": "Feature", "properties": {"osmid": 3512}, "geometry": {"type": "Point", "coordinates": [30.4977553, 50.5015744]}}, {"type": "Feature", "properties": {"osmid": 3513}, "geometry": {"type": "Point", "coordinates": [30.4977522, 50.5014886]}}, {"type": "Feature", "properties": {"osmid": 3514}, "geometry": {"type": "Point", "coordinates": [30.4995243, 50.5015508]}}, {"type": "Feature", "properties": {"osmid": 3515}, "geometry": {"type": "Point", "coordinates": [30.4969394, 50.5015803]}}, {"type": "Feature", "properties": {"osmid": 3516}, "geometry": {"type": "Point", "coordinates": [30.498693, 50.5005158]}}, {"type": "Feature", "properties": {"osmid": 3517}, "geometry": {"type": "Point", "coordinates": [30.5233249, 50.4696727]}}, {"type": "Feature", "properties": {"osmid": 3518}, "geometry": {"type": "Point", "coordinates": [30.5239658, 50.4694205]}}, {"type": "Feature", "properties": {"osmid": 3519}, "geometry": {"type": "Point", "coordinates": [30.50328, 50.5014718]}}, {"type": "Feature", "properties": {"osmid": 3520}, "geometry": {"type": "Point", "coordinates": [30.5037127, 50.5009707]}}, {"type": "Feature", "properties": {"osmid": 3521}, "geometry": {"type": "Point", "coordinates": [30.5028562, 50.5009543]}}, {"type": "Feature", "properties": {"osmid": 3522}, "geometry": {"type": "Point", "coordinates": [30.5086114, 50.5062717]}}, {"type": "Feature", "properties": {"osmid": 3523}, "geometry": {"type": "Point", "coordinates": [30.5076732, 50.4273278]}}, {"type": "Feature", "properties": {"osmid": 3524}, "geometry": {"type": "Point", "coordinates": [30.4925874, 50.5016847]}}, {"type": "Feature", "properties": {"osmid": 3525}, "geometry": {"type": "Point", "coordinates": [30.4991937, 50.5014704]}}, {"type": "Feature", "properties": {"osmid": 3526}, "geometry": {"type": "Point", "coordinates": [30.4987161, 50.5012208]}}, {"type": "Feature", "properties": {"osmid": 3527}, "geometry": {"type": "Point", "coordinates": [30.6005635, 50.4276818]}}, {"type": "Feature", "properties": {"osmid": 3528}, "geometry": {"type": "Point", "coordinates": [30.5971087, 50.4729141]}}, {"type": "Feature", "properties": {"osmid": 3529}, "geometry": {"type": "Point", "coordinates": [30.4486278, 50.5058227]}}, {"type": "Feature", "properties": {"osmid": 3530}, "geometry": {"type": "Point", "coordinates": [30.3195138, 50.3974221]}}, {"type": "Feature", "properties": {"osmid": 3531}, "geometry": {"type": "Point", "coordinates": [30.4902157, 50.5814296]}}, {"type": "Feature", "properties": {"osmid": 3532}, "geometry": {"type": "Point", "coordinates": [30.4902935, 50.5815318]}}, {"type": "Feature", "properties": {"osmid": 3533}, "geometry": {"type": "Point", "coordinates": [30.4486679, 50.5054172]}}, {"type": "Feature", "properties": {"osmid": 3534}, "geometry": {"type": "Point", "coordinates": [30.4334754, 50.4488055]}}, {"type": "Feature", "properties": {"osmid": 3535}, "geometry": {"type": "Point", "coordinates": [30.3963066, 50.3897499]}}, {"type": "Feature", "properties": {"osmid": 3536}, "geometry": {"type": "Point", "coordinates": [30.3826226, 50.4221945]}}, {"type": "Feature", "properties": {"osmid": 3537}, "geometry": {"type": "Point", "coordinates": [30.4884766, 50.5821893]}}, {"type": "Feature", "properties": {"osmid": 3538}, "geometry": {"type": "Point", "coordinates": [30.2836972, 50.4503713]}}, {"type": "Feature", "properties": {"osmid": 3539}, "geometry": {"type": "Point", "coordinates": [30.2825278, 50.450408]}}, {"type": "Feature", "properties": {"osmid": 3540}, "geometry": {"type": "Point", "coordinates": [30.819984, 50.5615245]}}, {"type": "Feature", "properties": {"osmid": 3541}, "geometry": {"type": "Point", "coordinates": [30.6169286, 50.3486638]}}, {"type": "Feature", "properties": {"osmid": 3542}, "geometry": {"type": "Point", "coordinates": [30.3828558, 50.4132088]}}, {"type": "Feature", "properties": {"osmid": 3543}, "geometry": {"type": "Point", "coordinates": [30.8654443, 50.5335595]}}, {"type": "Feature", "properties": {"osmid": 3544}, "geometry": {"type": "Point", "coordinates": [30.3080136, 50.4520826]}}, {"type": "Feature", "properties": {"osmid": 3545}, "geometry": {"type": "Point", "coordinates": [30.3146562, 50.4526908]}}, {"type": "Feature", "properties": {"osmid": 3546}, "geometry": {"type": "Point", "coordinates": [30.4462697, 50.5055057]}}, {"type": "Feature", "properties": {"osmid": 3547}, "geometry": {"type": "Point", "coordinates": [30.4457244, 50.3792465]}}, {"type": "Feature", "properties": {"osmid": 3548}, "geometry": {"type": "Point", "coordinates": [30.4463448, 50.3793912]}}, {"type": "Feature", "properties": {"osmid": 3549}, "geometry": {"type": "Point", "coordinates": [30.2897675, 50.390659]}}, {"type": "Feature", "properties": {"osmid": 3550}, "geometry": {"type": "Point", "coordinates": [30.3100043, 50.3949478]}}, {"type": "Feature", "properties": {"osmid": 3551}, "geometry": {"type": "Point", "coordinates": [30.5298751, 50.3997522]}}, {"type": "Feature", "properties": {"osmid": 3552}, "geometry": {"type": "Point", "coordinates": [30.6687452, 50.4107388]}}, {"type": "Feature", "properties": {"osmid": 3553}, "geometry": {"type": "Point", "coordinates": [30.2534025, 50.5246165]}}, {"type": "Feature", "properties": {"osmid": 3554}, "geometry": {"type": "Point", "coordinates": [30.2658512, 50.5497746]}}, {"type": "Feature", "properties": {"osmid": 3555}, "geometry": {"type": "Point", "coordinates": [30.8647635, 50.5329018]}}, {"type": "Feature", "properties": {"osmid": 3556}, "geometry": {"type": "Point", "coordinates": [30.6695748, 50.4102371]}}, {"type": "Feature", "properties": {"osmid": 3557}, "geometry": {"type": "Point", "coordinates": [30.8040423, 50.5090316]}}, {"type": "Feature", "properties": {"osmid": 3558}, "geometry": {"type": "Point", "coordinates": [30.3762773, 50.4614126]}}, {"type": "Feature", "properties": {"osmid": 3559}, "geometry": {"type": "Point", "coordinates": [30.2397386, 50.5178684]}}, {"type": "Feature", "properties": {"osmid": 3560}, "geometry": {"type": "Point", "coordinates": [30.6060999, 50.3941917]}}, {"type": "Feature", "properties": {"osmid": 3561}, "geometry": {"type": "Point", "coordinates": [30.605263, 50.3941586]}}, {"type": "Feature", "properties": {"osmid": 3562}, "geometry": {"type": "Point", "coordinates": [30.2742608, 50.3889714]}}, {"type": "Feature", "properties": {"osmid": 3563}, "geometry": {"type": "Point", "coordinates": [30.3276166, 50.4004504]}}, {"type": "Feature", "properties": {"osmid": 3564}, "geometry": {"type": "Point", "coordinates": [30.6195822, 50.422307]}}, {"type": "Feature", "properties": {"osmid": 3565}, "geometry": {"type": "Point", "coordinates": [30.3690878, 50.4648997]}}, {"type": "Feature", "properties": {"osmid": 3566}, "geometry": {"type": "Point", "coordinates": [30.3762489, 50.4944247]}}, {"type": "Feature", "properties": {"osmid": 3567}, "geometry": {"type": "Point", "coordinates": [30.4712444, 50.4901955]}}, {"type": "Feature", "properties": {"osmid": 3568}, "geometry": {"type": "Point", "coordinates": [30.4530229, 50.4532878]}}, {"type": "Feature", "properties": {"osmid": 3569}, "geometry": {"type": "Point", "coordinates": [30.5891347, 50.4795211]}}, {"type": "Feature", "properties": {"osmid": 3570}, "geometry": {"type": "Point", "coordinates": [30.625082, 50.4424862]}}, {"type": "Feature", "properties": {"osmid": 3571}, "geometry": {"type": "Point", "coordinates": [30.5486263, 50.5842686]}}, {"type": "Feature", "properties": {"osmid": 3572}, "geometry": {"type": "Point", "coordinates": [30.3859252, 50.4291812]}}, {"type": "Feature", "properties": {"osmid": 3573}, "geometry": {"type": "Point", "coordinates": [30.3844886, 50.4295537]}}, {"type": "Feature", "properties": {"osmid": 3574}, "geometry": {"type": "Point", "coordinates": [30.3855902, 50.4298038]}}, {"type": "Feature", "properties": {"osmid": 3575}, "geometry": {"type": "Point", "coordinates": [30.4875327, 50.4294922]}}, {"type": "Feature", "properties": {"osmid": 3576}, "geometry": {"type": "Point", "coordinates": [30.5953276, 50.478611]}}, {"type": "Feature", "properties": {"osmid": 3577}, "geometry": {"type": "Point", "coordinates": [30.4834336, 50.4484675]}}, {"type": "Feature", "properties": {"osmid": 3578}, "geometry": {"type": "Point", "coordinates": [30.4753288, 50.3323026]}}, {"type": "Feature", "properties": {"osmid": 3579}, "geometry": {"type": "Point", "coordinates": [30.474778, 50.3318015]}}, {"type": "Feature", "properties": {"osmid": 3580}, "geometry": {"type": "Point", "coordinates": [30.4058672, 50.462724]}}, {"type": "Feature", "properties": {"osmid": 3581}, "geometry": {"type": "Point", "coordinates": [30.4695863, 50.3309784]}}, {"type": "Feature", "properties": {"osmid": 3582}, "geometry": {"type": "Point", "coordinates": [30.4689773, 50.3308215]}}, {"type": "Feature", "properties": {"osmid": 3583}, "geometry": {"type": "Point", "coordinates": [30.4684603, 50.3297871]}}, {"type": "Feature", "properties": {"osmid": 3584}, "geometry": {"type": "Point", "coordinates": [30.7844513, 50.5147492]}}, {"type": "Feature", "properties": {"osmid": 3585}, "geometry": {"type": "Point", "coordinates": [30.4906857, 50.4062771]}}, {"type": "Feature", "properties": {"osmid": 3586}, "geometry": {"type": "Point", "coordinates": [30.4970149, 50.5871467]}}, {"type": "Feature", "properties": {"osmid": 3587}, "geometry": {"type": "Point", "coordinates": [30.4286339, 50.4261651]}}, {"type": "Feature", "properties": {"osmid": 3588}, "geometry": {"type": "Point", "coordinates": [30.4975816, 50.4781211]}}, {"type": "Feature", "properties": {"osmid": 3589}, "geometry": {"type": "Point", "coordinates": [30.4733054, 50.4703903]}}, {"type": "Feature", "properties": {"osmid": 3590}, "geometry": {"type": "Point", "coordinates": [30.2790532, 50.553683]}}, {"type": "Feature", "properties": {"osmid": 3591}, "geometry": {"type": "Point", "coordinates": [30.2779694, 50.4500774]}}, {"type": "Feature", "properties": {"osmid": 3592}, "geometry": {"type": "Point", "coordinates": [30.4835703, 50.5195296]}}, {"type": "Feature", "properties": {"osmid": 3593}, "geometry": {"type": "Point", "coordinates": [30.2778497, 50.4499312]}}, {"type": "Feature", "properties": {"osmid": 3594}, "geometry": {"type": "Point", "coordinates": [30.3718297, 50.3789378]}}, {"type": "Feature", "properties": {"osmid": 3595}, "geometry": {"type": "Point", "coordinates": [30.7586744, 50.3934144]}}, {"type": "Feature", "properties": {"osmid": 3596}, "geometry": {"type": "Point", "coordinates": [30.4227239, 50.4680238]}}, {"type": "Feature", "properties": {"osmid": 3597}, "geometry": {"type": "Point", "coordinates": [30.2794367, 50.4500422]}}, {"type": "Feature", "properties": {"osmid": 3598}, "geometry": {"type": "Point", "coordinates": [30.4844831, 50.4026645]}}, {"type": "Feature", "properties": {"osmid": 3599}, "geometry": {"type": "Point", "coordinates": [30.8288582, 50.5731478]}}, {"type": "Feature", "properties": {"osmid": 3600}, "geometry": {"type": "Point", "coordinates": [30.5385401, 50.4277957]}}, {"type": "Feature", "properties": {"osmid": 3601}, "geometry": {"type": "Point", "coordinates": [30.4216123, 50.4690874]}}, {"type": "Feature", "properties": {"osmid": 3602}, "geometry": {"type": "Point", "coordinates": [30.5097525, 50.4075225]}}, {"type": "Feature", "properties": {"osmid": 3603}, "geometry": {"type": "Point", "coordinates": [30.3246292, 50.4421864]}}, {"type": "Feature", "properties": {"osmid": 3604}, "geometry": {"type": "Point", "coordinates": [30.3246849, 50.4424066]}}, {"type": "Feature", "properties": {"osmid": 3605}, "geometry": {"type": "Point", "coordinates": [30.4212592, 50.4694672]}}, {"type": "Feature", "properties": {"osmid": 3606}, "geometry": {"type": "Point", "coordinates": [30.4892732, 50.406086]}}, {"type": "Feature", "properties": {"osmid": 3607}, "geometry": {"type": "Point", "coordinates": [30.4908205, 50.4090406]}}, {"type": "Feature", "properties": {"osmid": 3608}, "geometry": {"type": "Point", "coordinates": [30.4915793, 50.4086911]}}, {"type": "Feature", "properties": {"osmid": 3609}, "geometry": {"type": "Point", "coordinates": [30.4175724, 50.4399917]}}, {"type": "Feature", "properties": {"osmid": 3610}, "geometry": {"type": "Point", "coordinates": [30.4732043, 50.469144]}}, {"type": "Feature", "properties": {"osmid": 3611}, "geometry": {"type": "Point", "coordinates": [30.4919578, 50.4085327]}}, {"type": "Feature", "properties": {"osmid": 3612}, "geometry": {"type": "Point", "coordinates": [30.7994324, 50.482268]}}, {"type": "Feature", "properties": {"osmid": 3613}, "geometry": {"type": "Point", "coordinates": [30.5882648, 50.4625241]}}, {"type": "Feature", "properties": {"osmid": 3614}, "geometry": {"type": "Point", "coordinates": [30.416346, 50.4419519]}}, {"type": "Feature", "properties": {"osmid": 3615}, "geometry": {"type": "Point", "coordinates": [30.4800249, 50.4148706]}}, {"type": "Feature", "properties": {"osmid": 3616}, "geometry": {"type": "Point", "coordinates": [30.479694, 50.4153098]}}, {"type": "Feature", "properties": {"osmid": 3617}, "geometry": {"type": "Point", "coordinates": [30.4791836, 50.4160315]}}, {"type": "Feature", "properties": {"osmid": 3618}, "geometry": {"type": "Point", "coordinates": [30.4783134, 50.4174313]}}, {"type": "Feature", "properties": {"osmid": 3619}, "geometry": {"type": "Point", "coordinates": [30.6133473, 50.351908]}}, {"type": "Feature", "properties": {"osmid": 3620}, "geometry": {"type": "Point", "coordinates": [30.4257804, 50.4577374]}}, {"type": "Feature", "properties": {"osmid": 3621}, "geometry": {"type": "Point", "coordinates": [30.6242971, 50.3384132]}}, {"type": "Feature", "properties": {"osmid": 3622}, "geometry": {"type": "Point", "coordinates": [30.4781246, 50.4176013]}}, {"type": "Feature", "properties": {"osmid": 3623}, "geometry": {"type": "Point", "coordinates": [30.6052096, 50.4208483]}}, {"type": "Feature", "properties": {"osmid": 3624}, "geometry": {"type": "Point", "coordinates": [30.4744799, 50.4192029]}}, {"type": "Feature", "properties": {"osmid": 3625}, "geometry": {"type": "Point", "coordinates": [30.4086366, 50.4399875]}}, {"type": "Feature", "properties": {"osmid": 3626}, "geometry": {"type": "Point", "coordinates": [30.472586, 50.4200362]}}, {"type": "Feature", "properties": {"osmid": 3627}, "geometry": {"type": "Point", "coordinates": [30.7845733, 50.5017181]}}, {"type": "Feature", "properties": {"osmid": 3628}, "geometry": {"type": "Point", "coordinates": [30.4715638, 50.4204825]}}, {"type": "Feature", "properties": {"osmid": 3629}, "geometry": {"type": "Point", "coordinates": [30.4709723, 50.4207299]}}, {"type": "Feature", "properties": {"osmid": 3630}, "geometry": {"type": "Point", "coordinates": [30.6058302, 50.4209444]}}, {"type": "Feature", "properties": {"osmid": 3631}, "geometry": {"type": "Point", "coordinates": [30.2818307, 50.5531491]}}, {"type": "Feature", "properties": {"osmid": 3632}, "geometry": {"type": "Point", "coordinates": [30.5537854, 50.34086]}}, {"type": "Feature", "properties": {"osmid": 3633}, "geometry": {"type": "Point", "coordinates": [30.4697432, 50.4212567]}}, {"type": "Feature", "properties": {"osmid": 3634}, "geometry": {"type": "Point", "coordinates": [30.4678571, 50.4220792]}}, {"type": "Feature", "properties": {"osmid": 3635}, "geometry": {"type": "Point", "coordinates": [30.6399562, 50.3292716]}}, {"type": "Feature", "properties": {"osmid": 3636}, "geometry": {"type": "Point", "coordinates": [30.478028, 50.4175429]}}, {"type": "Feature", "properties": {"osmid": 3637}, "geometry": {"type": "Point", "coordinates": [30.4081696, 50.4422594]}}, {"type": "Feature", "properties": {"osmid": 3638}, "geometry": {"type": "Point", "coordinates": [30.4790617, 50.4159962]}}, {"type": "Feature", "properties": {"osmid": 3639}, "geometry": {"type": "Point", "coordinates": [30.5298767, 50.4857286]}}, {"type": "Feature", "properties": {"osmid": 3640}, "geometry": {"type": "Point", "coordinates": [30.2515438, 50.5495886]}}, {"type": "Feature", "properties": {"osmid": 3641}, "geometry": {"type": "Point", "coordinates": [30.4784899, 50.4175292]}}, {"type": "Feature", "properties": {"osmid": 3642}, "geometry": {"type": "Point", "coordinates": [30.4838723, 50.528702]}}, {"type": "Feature", "properties": {"osmid": 3643}, "geometry": {"type": "Point", "coordinates": [30.4784946, 50.4175074]}}, {"type": "Feature", "properties": {"osmid": 3644}, "geometry": {"type": "Point", "coordinates": [30.4784332, 50.417239]}}, {"type": "Feature", "properties": {"osmid": 3645}, "geometry": {"type": "Point", "coordinates": [30.4835397, 50.5184247]}}, {"type": "Feature", "properties": {"osmid": 3646}, "geometry": {"type": "Point", "coordinates": [30.263987, 50.5500308]}}, {"type": "Feature", "properties": {"osmid": 3647}, "geometry": {"type": "Point", "coordinates": [30.4795537, 50.4152927]}}, {"type": "Feature", "properties": {"osmid": 3648}, "geometry": {"type": "Point", "coordinates": [30.6233605, 50.3401211]}}, {"type": "Feature", "properties": {"osmid": 3649}, "geometry": {"type": "Point", "coordinates": [30.254161, 50.5505902]}}, {"type": "Feature", "properties": {"osmid": 3650}, "geometry": {"type": "Point", "coordinates": [30.4841668, 50.5288026]}}, {"type": "Feature", "properties": {"osmid": 3651}, "geometry": {"type": "Point", "coordinates": [30.6397766, 50.4258286]}}, {"type": "Feature", "properties": {"osmid": 3652}, "geometry": {"type": "Point", "coordinates": [30.4810503, 50.4138055]}}, {"type": "Feature", "properties": {"osmid": 3653}, "geometry": {"type": "Point", "coordinates": [30.4836437, 50.412482]}}, {"type": "Feature", "properties": {"osmid": 3654}, "geometry": {"type": "Point", "coordinates": [30.7890911, 50.3923455]}}, {"type": "Feature", "properties": {"osmid": 3655}, "geometry": {"type": "Point", "coordinates": [30.4907006, 50.4064461]}}, {"type": "Feature", "properties": {"osmid": 3656}, "geometry": {"type": "Point", "coordinates": [30.5174628, 50.406033]}}, {"type": "Feature", "properties": {"osmid": 3657}, "geometry": {"type": "Point", "coordinates": [30.4850853, 50.4117727]}}, {"type": "Feature", "properties": {"osmid": 3658}, "geometry": {"type": "Point", "coordinates": [30.4879846, 50.4058428]}}, {"type": "Feature", "properties": {"osmid": 3659}, "geometry": {"type": "Point", "coordinates": [30.4896008, 50.4095362]}}, {"type": "Feature", "properties": {"osmid": 3660}, "geometry": {"type": "Point", "coordinates": [30.6248607, 50.3373929]}}, {"type": "Feature", "properties": {"osmid": 3661}, "geometry": {"type": "Point", "coordinates": [30.5928331, 50.4331781]}}, {"type": "Feature", "properties": {"osmid": 3662}, "geometry": {"type": "Point", "coordinates": [30.5349909, 50.5848116]}}, {"type": "Feature", "properties": {"osmid": 3663}, "geometry": {"type": "Point", "coordinates": [30.4024065, 50.4831479]}}, {"type": "Feature", "properties": {"osmid": 3664}, "geometry": {"type": "Point", "coordinates": [30.8026384, 50.4685779]}}, {"type": "Feature", "properties": {"osmid": 3665}, "geometry": {"type": "Point", "coordinates": [30.5544722, 50.4009865]}}, {"type": "Feature", "properties": {"osmid": 3666}, "geometry": {"type": "Point", "coordinates": [30.8031597, 50.4669267]}}, {"type": "Feature", "properties": {"osmid": 3667}, "geometry": {"type": "Point", "coordinates": [30.8029629, 50.4655938]}}, {"type": "Feature", "properties": {"osmid": 3668}, "geometry": {"type": "Point", "coordinates": [30.4876641, 50.5292622]}}, {"type": "Feature", "properties": {"osmid": 3669}, "geometry": {"type": "Point", "coordinates": [30.5211576, 50.471737]}}, {"type": "Feature", "properties": {"osmid": 3670}, "geometry": {"type": "Point", "coordinates": [30.8021013, 50.4630946]}}, {"type": "Feature", "properties": {"osmid": 3671}, "geometry": {"type": "Point", "coordinates": [30.6187539, 50.3460385]}}, {"type": "Feature", "properties": {"osmid": 3672}, "geometry": {"type": "Point", "coordinates": [30.549186, 50.3689616]}}, {"type": "Feature", "properties": {"osmid": 3673}, "geometry": {"type": "Point", "coordinates": [30.5137901, 50.4554051]}}, {"type": "Feature", "properties": {"osmid": 3674}, "geometry": {"type": "Point", "coordinates": [30.3658672, 50.4241257]}}, {"type": "Feature", "properties": {"osmid": 3675}, "geometry": {"type": "Point", "coordinates": [30.4058248, 50.4836316]}}, {"type": "Feature", "properties": {"osmid": 3676}, "geometry": {"type": "Point", "coordinates": [30.3658204, 50.424162]}}, {"type": "Feature", "properties": {"osmid": 3677}, "geometry": {"type": "Point", "coordinates": [30.3509606, 50.3423157]}}, {"type": "Feature", "properties": {"osmid": 3678}, "geometry": {"type": "Point", "coordinates": [30.4573691, 50.5189498]}}, {"type": "Feature", "properties": {"osmid": 3679}, "geometry": {"type": "Point", "coordinates": [30.5850336, 50.4637226]}}, {"type": "Feature", "properties": {"osmid": 3680}, "geometry": {"type": "Point", "coordinates": [30.6079123, 50.3571501]}}, {"type": "Feature", "properties": {"osmid": 3681}, "geometry": {"type": "Point", "coordinates": [30.5568646, 50.4124689]}}, {"type": "Feature", "properties": {"osmid": 3682}, "geometry": {"type": "Point", "coordinates": [30.2508093, 50.5331067]}}, {"type": "Feature", "properties": {"osmid": 3683}, "geometry": {"type": "Point", "coordinates": [30.4058269, 50.4842098]}}, {"type": "Feature", "properties": {"osmid": 3684}, "geometry": {"type": "Point", "coordinates": [30.3998815, 50.4845141]}}, {"type": "Feature", "properties": {"osmid": 3685}, "geometry": {"type": "Point", "coordinates": [30.6127513, 50.3523107]}}, {"type": "Feature", "properties": {"osmid": 3686}, "geometry": {"type": "Point", "coordinates": [30.3355387, 50.4883694]}}, {"type": "Feature", "properties": {"osmid": 3687}, "geometry": {"type": "Point", "coordinates": [30.6084864, 50.3604298]}}, {"type": "Feature", "properties": {"osmid": 3688}, "geometry": {"type": "Point", "coordinates": [30.6166326, 50.3491386]}}, {"type": "Feature", "properties": {"osmid": 3689}, "geometry": {"type": "Point", "coordinates": [30.4058214, 50.4848227]}}, {"type": "Feature", "properties": {"osmid": 3690}, "geometry": {"type": "Point", "coordinates": [30.6193912, 50.3454759]}}, {"type": "Feature", "properties": {"osmid": 3691}, "geometry": {"type": "Point", "coordinates": [30.3989366, 50.4850254]}}, {"type": "Feature", "properties": {"osmid": 3692}, "geometry": {"type": "Point", "coordinates": [30.613835, 50.4047832]}}, {"type": "Feature", "properties": {"osmid": 3693}, "geometry": {"type": "Point", "coordinates": [30.3982207, 50.4854127]}}, {"type": "Feature", "properties": {"osmid": 3694}, "geometry": {"type": "Point", "coordinates": [30.4058193, 50.4853844]}}, {"type": "Feature", "properties": {"osmid": 3695}, "geometry": {"type": "Point", "coordinates": [30.6173538, 50.3479181]}}, {"type": "Feature", "properties": {"osmid": 3696}, "geometry": {"type": "Point", "coordinates": [30.5488705, 50.3713556]}}, {"type": "Feature", "properties": {"osmid": 3697}, "geometry": {"type": "Point", "coordinates": [30.5502062, 50.3729769]}}, {"type": "Feature", "properties": {"osmid": 3698}, "geometry": {"type": "Point", "coordinates": [30.5500221, 50.3707304]}}, {"type": "Feature", "properties": {"osmid": 3699}, "geometry": {"type": "Point", "coordinates": [30.4058185, 50.4859874]}}, {"type": "Feature", "properties": {"osmid": 3700}, "geometry": {"type": "Point", "coordinates": [30.7582894, 50.3963214]}}, {"type": "Feature", "properties": {"osmid": 3701}, "geometry": {"type": "Point", "coordinates": [30.3964075, 50.4864399]}}, {"type": "Feature", "properties": {"osmid": 3702}, "geometry": {"type": "Point", "coordinates": [30.405818, 50.4865661]}}, {"type": "Feature", "properties": {"osmid": 3703}, "geometry": {"type": "Point", "coordinates": [30.6170835, 50.3932634]}}, {"type": "Feature", "properties": {"osmid": 3704}, "geometry": {"type": "Point", "coordinates": [30.5238783, 50.4910422]}}, {"type": "Feature", "properties": {"osmid": 3705}, "geometry": {"type": "Point", "coordinates": [30.5160703, 50.4319563]}}, {"type": "Feature", "properties": {"osmid": 3706}, "geometry": {"type": "Point", "coordinates": [30.4497259, 50.5212772]}}, {"type": "Feature", "properties": {"osmid": 3707}, "geometry": {"type": "Point", "coordinates": [30.5217826, 50.4931434]}}, {"type": "Feature", "properties": {"osmid": 3708}, "geometry": {"type": "Point", "coordinates": [30.3731243, 50.3831205]}}, {"type": "Feature", "properties": {"osmid": 3709}, "geometry": {"type": "Point", "coordinates": [30.280882, 50.4502711]}}, {"type": "Feature", "properties": {"osmid": 3710}, "geometry": {"type": "Point", "coordinates": [30.3708341, 50.3834309]}}, {"type": "Feature", "properties": {"osmid": 3711}, "geometry": {"type": "Point", "coordinates": [30.3728643, 50.3823041]}}, {"type": "Feature", "properties": {"osmid": 3712}, "geometry": {"type": "Point", "coordinates": [30.3703498, 50.3841188]}}, {"type": "Feature", "properties": {"osmid": 3713}, "geometry": {"type": "Point", "coordinates": [30.3955838, 50.4868554]}}, {"type": "Feature", "properties": {"osmid": 3714}, "geometry": {"type": "Point", "coordinates": [30.6138881, 50.3515347]}}, {"type": "Feature", "properties": {"osmid": 3715}, "geometry": {"type": "Point", "coordinates": [30.6111333, 50.3534097]}}, {"type": "Feature", "properties": {"osmid": 3716}, "geometry": {"type": "Point", "coordinates": [30.4058227, 50.4872089]}}, {"type": "Feature", "properties": {"osmid": 3717}, "geometry": {"type": "Point", "coordinates": [30.5216861, 50.4611127]}}, {"type": "Feature", "properties": {"osmid": 3718}, "geometry": {"type": "Point", "coordinates": [30.4723607, 50.4695675]}}, {"type": "Feature", "properties": {"osmid": 3719}, "geometry": {"type": "Point", "coordinates": [30.3764246, 50.3757153]}}, {"type": "Feature", "properties": {"osmid": 3720}, "geometry": {"type": "Point", "coordinates": [30.4058286, 50.4822017]}}, {"type": "Feature", "properties": {"osmid": 3721}, "geometry": {"type": "Point", "coordinates": [30.6231266, 50.3405433]}}, {"type": "Feature", "properties": {"osmid": 3722}, "geometry": {"type": "Point", "coordinates": [30.3464181, 50.4566322]}}, {"type": "Feature", "properties": {"osmid": 3723}, "geometry": {"type": "Point", "coordinates": [30.3944265, 50.4873168]}}, {"type": "Feature", "properties": {"osmid": 3724}, "geometry": {"type": "Point", "coordinates": [30.6177385, 50.3471979]}}, {"type": "Feature", "properties": {"osmid": 3725}, "geometry": {"type": "Point", "coordinates": [30.4864465, 50.4040318]}}, {"type": "Feature", "properties": {"osmid": 3726}, "geometry": {"type": "Point", "coordinates": [30.6144258, 50.3511893]}}, {"type": "Feature", "properties": {"osmid": 3727}, "geometry": {"type": "Point", "coordinates": [30.4132508, 50.3987227]}}, {"type": "Feature", "properties": {"osmid": 3728}, "geometry": {"type": "Point", "coordinates": [30.6181465, 50.3465702]}}, {"type": "Feature", "properties": {"osmid": 3729}, "geometry": {"type": "Point", "coordinates": [30.3959055, 50.4579366]}}, {"type": "Feature", "properties": {"osmid": 3730}, "geometry": {"type": "Point", "coordinates": [30.4868106, 50.4048676]}}, {"type": "Feature", "properties": {"osmid": 3731}, "geometry": {"type": "Point", "coordinates": [30.4058209, 50.4878582]}}, {"type": "Feature", "properties": {"osmid": 3732}, "geometry": {"type": "Point", "coordinates": [30.6242113, 50.3385585]}}, {"type": "Feature", "properties": {"osmid": 3733}, "geometry": {"type": "Point", "coordinates": [30.3958297, 50.4783408]}}, {"type": "Feature", "properties": {"osmid": 3734}, "geometry": {"type": "Point", "coordinates": [30.6201707, 50.3447851]}}, {"type": "Feature", "properties": {"osmid": 3735}, "geometry": {"type": "Point", "coordinates": [30.4058194, 50.4884286]}}, {"type": "Feature", "properties": {"osmid": 3736}, "geometry": {"type": "Point", "coordinates": [30.6157841, 50.3502527]}}, {"type": "Feature", "properties": {"osmid": 3737}, "geometry": {"type": "Point", "coordinates": [30.4910068, 50.386511]}}, {"type": "Feature", "properties": {"osmid": 3738}, "geometry": {"type": "Point", "coordinates": [30.4503689, 50.3307017]}}, {"type": "Feature", "properties": {"osmid": 3739}, "geometry": {"type": "Point", "coordinates": [30.7662458, 50.4982323]}}, {"type": "Feature", "properties": {"osmid": 3740}, "geometry": {"type": "Point", "coordinates": [30.4058178, 50.4889933]}}, {"type": "Feature", "properties": {"osmid": 3741}, "geometry": {"type": "Point", "coordinates": [30.7869313, 50.3895682]}}, {"type": "Feature", "properties": {"osmid": 3742}, "geometry": {"type": "Point", "coordinates": [30.4448634, 50.4421628]}}, {"type": "Feature", "properties": {"osmid": 3743}, "geometry": {"type": "Point", "coordinates": [30.8447576, 50.384648]}}, {"type": "Feature", "properties": {"osmid": 3744}, "geometry": {"type": "Point", "coordinates": [30.4058162, 50.4895902]}}, {"type": "Feature", "properties": {"osmid": 3745}, "geometry": {"type": "Point", "coordinates": [30.5009232, 50.4077427]}}, {"type": "Feature", "properties": {"osmid": 3746}, "geometry": {"type": "Point", "coordinates": [30.7878279, 50.3896629]}}, {"type": "Feature", "properties": {"osmid": 3747}, "geometry": {"type": "Point", "coordinates": [30.3092639, 50.4521786]}}, {"type": "Feature", "properties": {"osmid": 3748}, "geometry": {"type": "Point", "coordinates": [30.7886114, 50.389742]}}, {"type": "Feature", "properties": {"osmid": 3749}, "geometry": {"type": "Point", "coordinates": [30.4480186, 50.3312998]}}, {"type": "Feature", "properties": {"osmid": 3750}, "geometry": {"type": "Point", "coordinates": [30.8499973, 50.6000601]}}, {"type": "Feature", "properties": {"osmid": 3751}, "geometry": {"type": "Point", "coordinates": [30.5164333, 50.4640587]}}, {"type": "Feature", "properties": {"osmid": 3752}, "geometry": {"type": "Point", "coordinates": [30.6105698, 50.4570522]}}, {"type": "Feature", "properties": {"osmid": 3753}, "geometry": {"type": "Point", "coordinates": [30.8492627, 50.5994542]}}, {"type": "Feature", "properties": {"osmid": 3754}, "geometry": {"type": "Point", "coordinates": [30.3569093, 50.4651945]}}, {"type": "Feature", "properties": {"osmid": 3755}, "geometry": {"type": "Point", "coordinates": [30.4058301, 50.4901897]}}, {"type": "Feature", "properties": {"osmid": 3756}, "geometry": {"type": "Point", "coordinates": [30.615776, 50.396281]}}, {"type": "Feature", "properties": {"osmid": 3757}, "geometry": {"type": "Point", "coordinates": [30.8463171, 50.5965245]}}, {"type": "Feature", "properties": {"osmid": 3758}, "geometry": {"type": "Point", "coordinates": [30.8466135, 50.5959851]}}, {"type": "Feature", "properties": {"osmid": 3759}, "geometry": {"type": "Point", "coordinates": [30.7835064, 50.3880597]}}, {"type": "Feature", "properties": {"osmid": 3760}, "geometry": {"type": "Point", "coordinates": [30.4466093, 50.4562642]}}, {"type": "Feature", "properties": {"osmid": 3761}, "geometry": {"type": "Point", "coordinates": [30.8471407, 50.5966562]}}, {"type": "Feature", "properties": {"osmid": 3762}, "geometry": {"type": "Point", "coordinates": [30.4828091, 50.4021698]}}, {"type": "Feature", "properties": {"osmid": 3763}, "geometry": {"type": "Point", "coordinates": [30.4313091, 50.4431828]}}, {"type": "Feature", "properties": {"osmid": 3764}, "geometry": {"type": "Point", "coordinates": [30.3116702, 50.4414923]}}, {"type": "Feature", "properties": {"osmid": 3765}, "geometry": {"type": "Point", "coordinates": [30.358465, 50.4230057]}}, {"type": "Feature", "properties": {"osmid": 3766}, "geometry": {"type": "Point", "coordinates": [30.5086893, 50.5063652]}}, {"type": "Feature", "properties": {"osmid": 3767}, "geometry": {"type": "Point", "coordinates": [30.4219058, 50.3459112]}}, {"type": "Feature", "properties": {"osmid": 3768}, "geometry": {"type": "Point", "coordinates": [30.3532768, 50.4214512]}}, {"type": "Feature", "properties": {"osmid": 3769}, "geometry": {"type": "Point", "coordinates": [30.5173506, 50.4657274]}}, {"type": "Feature", "properties": {"osmid": 3770}, "geometry": {"type": "Point", "coordinates": [30.5182102, 50.4651845]}}, {"type": "Feature", "properties": {"osmid": 3771}, "geometry": {"type": "Point", "coordinates": [30.3576181, 50.4149778]}}, {"type": "Feature", "properties": {"osmid": 3772}, "geometry": {"type": "Point", "coordinates": [30.6798407, 50.4264647]}}, {"type": "Feature", "properties": {"osmid": 3773}, "geometry": {"type": "Point", "coordinates": [30.605383, 50.4224253]}}, {"type": "Feature", "properties": {"osmid": 3774}, "geometry": {"type": "Point", "coordinates": [30.4208713, 50.4583112]}}, {"type": "Feature", "properties": {"osmid": 3775}, "geometry": {"type": "Point", "coordinates": [30.3980819, 50.4719405]}}, {"type": "Feature", "properties": {"osmid": 3776}, "geometry": {"type": "Point", "coordinates": [30.5251929, 50.4645624]}}, {"type": "Feature", "properties": {"osmid": 3777}, "geometry": {"type": "Point", "coordinates": [30.5247802, 50.4590972]}}, {"type": "Feature", "properties": {"osmid": 3778}, "geometry": {"type": "Point", "coordinates": [30.3529294, 50.4183345]}}, {"type": "Feature", "properties": {"osmid": 3779}, "geometry": {"type": "Point", "coordinates": [30.5162625, 50.406951]}}, {"type": "Feature", "properties": {"osmid": 3780}, "geometry": {"type": "Point", "coordinates": [30.3651219, 50.4109158]}}, {"type": "Feature", "properties": {"osmid": 3781}, "geometry": {"type": "Point", "coordinates": [30.5409702, 50.4291282]}}, {"type": "Feature", "properties": {"osmid": 3782}, "geometry": {"type": "Point", "coordinates": [30.6737452, 50.4078036]}}, {"type": "Feature", "properties": {"osmid": 3783}, "geometry": {"type": "Point", "coordinates": [30.6582474, 50.4212579]}}, {"type": "Feature", "properties": {"osmid": 3784}, "geometry": {"type": "Point", "coordinates": [30.4769946, 50.3429563]}}, {"type": "Feature", "properties": {"osmid": 3785}, "geometry": {"type": "Point", "coordinates": [30.3867641, 50.3877069]}}, {"type": "Feature", "properties": {"osmid": 3786}, "geometry": {"type": "Point", "coordinates": [30.4491642, 50.5208361]}}, {"type": "Feature", "properties": {"osmid": 3787}, "geometry": {"type": "Point", "coordinates": [30.3425127, 50.4743051]}}, {"type": "Feature", "properties": {"osmid": 3788}, "geometry": {"type": "Point", "coordinates": [30.7765193, 50.5173554]}}, {"type": "Feature", "properties": {"osmid": 3789}, "geometry": {"type": "Point", "coordinates": [30.7767807, 50.5174175]}}, {"type": "Feature", "properties": {"osmid": 3790}, "geometry": {"type": "Point", "coordinates": [30.7768847, 50.517254]}}, {"type": "Feature", "properties": {"osmid": 3791}, "geometry": {"type": "Point", "coordinates": [30.3821111, 50.4957235]}}, {"type": "Feature", "properties": {"osmid": 3792}, "geometry": {"type": "Point", "coordinates": [30.452858, 50.5971921]}}, {"type": "Feature", "properties": {"osmid": 3793}, "geometry": {"type": "Point", "coordinates": [30.5354508, 50.4306719]}}, {"type": "Feature", "properties": {"osmid": 3794}, "geometry": {"type": "Point", "coordinates": [30.5159089, 50.4666054]}}, {"type": "Feature", "properties": {"osmid": 3795}, "geometry": {"type": "Point", "coordinates": [30.5109573, 50.4650335]}}, {"type": "Feature", "properties": {"osmid": 3796}, "geometry": {"type": "Point", "coordinates": [30.258248, 50.5914161]}}, {"type": "Feature", "properties": {"osmid": 3797}, "geometry": {"type": "Point", "coordinates": [30.6278433, 50.4413778]}}, {"type": "Feature", "properties": {"osmid": 3798}, "geometry": {"type": "Point", "coordinates": [30.5988398, 50.4433256]}}, {"type": "Feature", "properties": {"osmid": 3799}, "geometry": {"type": "Point", "coordinates": [30.4529892, 50.4515205]}}, {"type": "Feature", "properties": {"osmid": 3800}, "geometry": {"type": "Point", "coordinates": [30.4884795, 50.4059798]}}, {"type": "Feature", "properties": {"osmid": 3801}, "geometry": {"type": "Point", "coordinates": [30.2817338, 50.444549]}}, {"type": "Feature", "properties": {"osmid": 3802}, "geometry": {"type": "Point", "coordinates": [30.3544159, 50.419786]}}, {"type": "Feature", "properties": {"osmid": 3803}, "geometry": {"type": "Point", "coordinates": [30.5995774, 50.4349718]}}, {"type": "Feature", "properties": {"osmid": 3804}, "geometry": {"type": "Point", "coordinates": [30.3962316, 50.4228862]}}, {"type": "Feature", "properties": {"osmid": 3805}, "geometry": {"type": "Point", "coordinates": [30.6525467, 50.4686978]}}, {"type": "Feature", "properties": {"osmid": 3806}, "geometry": {"type": "Point", "coordinates": [30.6618054, 50.5770138]}}, {"type": "Feature", "properties": {"osmid": 3807}, "geometry": {"type": "Point", "coordinates": [30.4388293, 50.4393396]}}, {"type": "Feature", "properties": {"osmid": 3808}, "geometry": {"type": "Point", "coordinates": [30.6042023, 50.3851687]}}, {"type": "Feature", "properties": {"osmid": 3809}, "geometry": {"type": "Point", "coordinates": [30.405863, 50.4661093]}}, {"type": "Feature", "properties": {"osmid": 3810}, "geometry": {"type": "Point", "coordinates": [30.6527025, 50.4685993]}}, {"type": "Feature", "properties": {"osmid": 3811}, "geometry": {"type": "Point", "coordinates": [30.6526918, 50.4685656]}}, {"type": "Feature", "properties": {"osmid": 3812}, "geometry": {"type": "Point", "coordinates": [30.6524897, 50.4685128]}}, {"type": "Feature", "properties": {"osmid": 3813}, "geometry": {"type": "Point", "coordinates": [30.6524356, 50.4685383]}}, {"type": "Feature", "properties": {"osmid": 3814}, "geometry": {"type": "Point", "coordinates": [30.6524809, 50.468687]}}, {"type": "Feature", "properties": {"osmid": 3815}, "geometry": {"type": "Point", "coordinates": [30.317629, 50.3304034]}}, {"type": "Feature", "properties": {"osmid": 3816}, "geometry": {"type": "Point", "coordinates": [30.6541866, 50.4660137]}}, {"type": "Feature", "properties": {"osmid": 3817}, "geometry": {"type": "Point", "coordinates": [30.6541749, 50.4659787]}}, {"type": "Feature", "properties": {"osmid": 3818}, "geometry": {"type": "Point", "coordinates": [30.5985611, 50.4433967]}}, {"type": "Feature", "properties": {"osmid": 3819}, "geometry": {"type": "Point", "coordinates": [30.6746482, 50.4072974]}}, {"type": "Feature", "properties": {"osmid": 3820}, "geometry": {"type": "Point", "coordinates": [30.6543064, 50.465877]}}, {"type": "Feature", "properties": {"osmid": 3821}, "geometry": {"type": "Point", "coordinates": [30.3721103, 50.4960495]}}, {"type": "Feature", "properties": {"osmid": 3822}, "geometry": {"type": "Point", "coordinates": [30.6544793, 50.4659406]}}, {"type": "Feature", "properties": {"osmid": 3823}, "geometry": {"type": "Point", "coordinates": [30.4446958, 50.4514567]}}, {"type": "Feature", "properties": {"osmid": 3824}, "geometry": {"type": "Point", "coordinates": [30.6544225, 50.4660576]}}, {"type": "Feature", "properties": {"osmid": 3825}, "geometry": {"type": "Point", "coordinates": [30.6543716, 50.4660726]}}, {"type": "Feature", "properties": {"osmid": 3826}, "geometry": {"type": "Point", "coordinates": [30.6584593, 50.421122]}}, {"type": "Feature", "properties": {"osmid": 3827}, "geometry": {"type": "Point", "coordinates": [30.3855225, 50.498312]}}, {"type": "Feature", "properties": {"osmid": 3828}, "geometry": {"type": "Point", "coordinates": [30.5993408, 50.4348674]}}, {"type": "Feature", "properties": {"osmid": 3829}, "geometry": {"type": "Point", "coordinates": [30.6996707, 50.393083]}}, {"type": "Feature", "properties": {"osmid": 3830}, "geometry": {"type": "Point", "coordinates": [30.4227127, 50.4889958]}}, {"type": "Feature", "properties": {"osmid": 3831}, "geometry": {"type": "Point", "coordinates": [30.5339823, 50.4748087]}}, {"type": "Feature", "properties": {"osmid": 3832}, "geometry": {"type": "Point", "coordinates": [30.4574232, 50.3782954]}}, {"type": "Feature", "properties": {"osmid": 3833}, "geometry": {"type": "Point", "coordinates": [30.3128751, 50.4460666]}}, {"type": "Feature", "properties": {"osmid": 3834}, "geometry": {"type": "Point", "coordinates": [30.7883238, 50.3868089]}}, {"type": "Feature", "properties": {"osmid": 3835}, "geometry": {"type": "Point", "coordinates": [30.3605352, 50.4804268]}}, {"type": "Feature", "properties": {"osmid": 3836}, "geometry": {"type": "Point", "coordinates": [30.5379263, 50.4820869]}}, {"type": "Feature", "properties": {"osmid": 3837}, "geometry": {"type": "Point", "coordinates": [30.3598669, 50.4799964]}}, {"type": "Feature", "properties": {"osmid": 3838}, "geometry": {"type": "Point", "coordinates": [30.3601455, 50.4796247]}}, {"type": "Feature", "properties": {"osmid": 3839}, "geometry": {"type": "Point", "coordinates": [30.5860483, 50.5231316]}}, {"type": "Feature", "properties": {"osmid": 3840}, "geometry": {"type": "Point", "coordinates": [30.8286254, 50.5724717]}}, {"type": "Feature", "properties": {"osmid": 3841}, "geometry": {"type": "Point", "coordinates": [30.6117217, 50.4559515]}}, {"type": "Feature", "properties": {"osmid": 3842}, "geometry": {"type": "Point", "coordinates": [30.5254907, 50.464052]}}, {"type": "Feature", "properties": {"osmid": 3843}, "geometry": {"type": "Point", "coordinates": [30.5167582, 50.4688922]}}, {"type": "Feature", "properties": {"osmid": 3844}, "geometry": {"type": "Point", "coordinates": [30.516436, 50.4690917]}}, {"type": "Feature", "properties": {"osmid": 3845}, "geometry": {"type": "Point", "coordinates": [30.6261444, 50.4134245]}}, {"type": "Feature", "properties": {"osmid": 3846}, "geometry": {"type": "Point", "coordinates": [30.6755768, 50.4067775]}}, {"type": "Feature", "properties": {"osmid": 3847}, "geometry": {"type": "Point", "coordinates": [30.5110893, 50.4674128]}}, {"type": "Feature", "properties": {"osmid": 3848}, "geometry": {"type": "Point", "coordinates": [30.6246783, 50.4138972]}}, {"type": "Feature", "properties": {"osmid": 3849}, "geometry": {"type": "Point", "coordinates": [30.5438665, 50.5632119]}}, {"type": "Feature", "properties": {"osmid": 3850}, "geometry": {"type": "Point", "coordinates": [30.6257561, 50.4140618]}}, {"type": "Feature", "properties": {"osmid": 3851}, "geometry": {"type": "Point", "coordinates": [30.4827697, 50.5071321]}}, {"type": "Feature", "properties": {"osmid": 3852}, "geometry": {"type": "Point", "coordinates": [30.4468969, 50.4895179]}}, {"type": "Feature", "properties": {"osmid": 3853}, "geometry": {"type": "Point", "coordinates": [30.509533, 50.4683976]}}, {"type": "Feature", "properties": {"osmid": 3854}, "geometry": {"type": "Point", "coordinates": [30.7348533, 50.5907618]}}, {"type": "Feature", "properties": {"osmid": 3855}, "geometry": {"type": "Point", "coordinates": [30.3593803, 50.4769457]}}, {"type": "Feature", "properties": {"osmid": 3856}, "geometry": {"type": "Point", "coordinates": [30.3700593, 50.4328999]}}, {"type": "Feature", "properties": {"osmid": 3857}, "geometry": {"type": "Point", "coordinates": [30.3600405, 50.478225]}}, {"type": "Feature", "properties": {"osmid": 3858}, "geometry": {"type": "Point", "coordinates": [30.5080403, 50.4693342]}}, {"type": "Feature", "properties": {"osmid": 3859}, "geometry": {"type": "Point", "coordinates": [30.3702671, 50.4330869]}}, {"type": "Feature", "properties": {"osmid": 3860}, "geometry": {"type": "Point", "coordinates": [30.361001, 50.4797745]}}, {"type": "Feature", "properties": {"osmid": 3861}, "geometry": {"type": "Point", "coordinates": [30.5089881, 50.5058001]}}, {"type": "Feature", "properties": {"osmid": 3862}, "geometry": {"type": "Point", "coordinates": [30.5183978, 50.4650568]}}, {"type": "Feature", "properties": {"osmid": 3863}, "geometry": {"type": "Point", "coordinates": [30.527757, 50.4535442]}}, {"type": "Feature", "properties": {"osmid": 3864}, "geometry": {"type": "Point", "coordinates": [30.509609, 50.5062108]}}, {"type": "Feature", "properties": {"osmid": 3865}, "geometry": {"type": "Point", "coordinates": [30.4450437, 50.4889276]}}, {"type": "Feature", "properties": {"osmid": 3866}, "geometry": {"type": "Point", "coordinates": [30.6016584, 50.4274127]}}, {"type": "Feature", "properties": {"osmid": 3867}, "geometry": {"type": "Point", "coordinates": [30.4439724, 50.4885741]}}, {"type": "Feature", "properties": {"osmid": 3868}, "geometry": {"type": "Point", "coordinates": [30.3607063, 50.4802748]}}, {"type": "Feature", "properties": {"osmid": 3869}, "geometry": {"type": "Point", "coordinates": [30.4460659, 50.4892592]}}, {"type": "Feature", "properties": {"osmid": 3870}, "geometry": {"type": "Point", "coordinates": [30.3692495, 50.4331291]}}, {"type": "Feature", "properties": {"osmid": 3871}, "geometry": {"type": "Point", "coordinates": [30.3693199, 50.4329998]}}, {"type": "Feature", "properties": {"osmid": 3872}, "geometry": {"type": "Point", "coordinates": [30.4861113, 50.457929]}}, {"type": "Feature", "properties": {"osmid": 3873}, "geometry": {"type": "Point", "coordinates": [30.486228, 50.4578208]}}, {"type": "Feature", "properties": {"osmid": 3874}, "geometry": {"type": "Point", "coordinates": [30.3764344, 50.4269626]}}, {"type": "Feature", "properties": {"osmid": 3875}, "geometry": {"type": "Point", "coordinates": [30.6260379, 50.5075649]}}, {"type": "Feature", "properties": {"osmid": 3876}, "geometry": {"type": "Point", "coordinates": [30.4867244, 50.4609352]}}, {"type": "Feature", "properties": {"osmid": 3877}, "geometry": {"type": "Point", "coordinates": [30.4828342, 50.4611829]}}, {"type": "Feature", "properties": {"osmid": 3878}, "geometry": {"type": "Point", "coordinates": [30.2649634, 50.5645438]}}, {"type": "Feature", "properties": {"osmid": 3879}, "geometry": {"type": "Point", "coordinates": [30.5964729, 50.4515489]}}, {"type": "Feature", "properties": {"osmid": 3880}, "geometry": {"type": "Point", "coordinates": [30.5416194, 50.4298537]}}, {"type": "Feature", "properties": {"osmid": 3881}, "geometry": {"type": "Point", "coordinates": [30.3627638, 50.412645]}}, {"type": "Feature", "properties": {"osmid": 3882}, "geometry": {"type": "Point", "coordinates": [30.4480667, 50.5816316]}}, {"type": "Feature", "properties": {"osmid": 3883}, "geometry": {"type": "Point", "coordinates": [30.4917091, 50.4413897]}}, {"type": "Feature", "properties": {"osmid": 3884}, "geometry": {"type": "Point", "coordinates": [30.3730218, 50.41887]}}, {"type": "Feature", "properties": {"osmid": 3885}, "geometry": {"type": "Point", "coordinates": [30.5668638, 50.5953945]}}, {"type": "Feature", "properties": {"osmid": 3886}, "geometry": {"type": "Point", "coordinates": [30.5837646, 50.5057506]}}, {"type": "Feature", "properties": {"osmid": 3887}, "geometry": {"type": "Point", "coordinates": [30.5142471, 50.465482]}}, {"type": "Feature", "properties": {"osmid": 3888}, "geometry": {"type": "Point", "coordinates": [30.5838501, 50.5054144]}}, {"type": "Feature", "properties": {"osmid": 3889}, "geometry": {"type": "Point", "coordinates": [30.5445609, 50.4320007]}}, {"type": "Feature", "properties": {"osmid": 3890}, "geometry": {"type": "Point", "coordinates": [30.4851883, 50.5431803]}}, {"type": "Feature", "properties": {"osmid": 3891}, "geometry": {"type": "Point", "coordinates": [30.5450491, 50.432883]}}, {"type": "Feature", "properties": {"osmid": 3892}, "geometry": {"type": "Point", "coordinates": [30.296495, 50.5537933]}}, {"type": "Feature", "properties": {"osmid": 3893}, "geometry": {"type": "Point", "coordinates": [30.2975616, 50.4513528]}}, {"type": "Feature", "properties": {"osmid": 3894}, "geometry": {"type": "Point", "coordinates": [30.6718595, 50.4088609]}}, {"type": "Feature", "properties": {"osmid": 3895}, "geometry": {"type": "Point", "coordinates": [30.4714266, 50.5644543]}}, {"type": "Feature", "properties": {"osmid": 3896}, "geometry": {"type": "Point", "coordinates": [30.7576804, 50.3962883]}}, {"type": "Feature", "properties": {"osmid": 3897}, "geometry": {"type": "Point", "coordinates": [30.5499763, 50.4207526]}}, {"type": "Feature", "properties": {"osmid": 3898}, "geometry": {"type": "Point", "coordinates": [30.2970012, 50.5518869]}}, {"type": "Feature", "properties": {"osmid": 3899}, "geometry": {"type": "Point", "coordinates": [30.5839989, 50.505117]}}, {"type": "Feature", "properties": {"osmid": 3900}, "geometry": {"type": "Point", "coordinates": [30.5841694, 50.5054862]}}, {"type": "Feature", "properties": {"osmid": 3901}, "geometry": {"type": "Point", "coordinates": [30.4870107, 50.3956867]}}, {"type": "Feature", "properties": {"osmid": 3902}, "geometry": {"type": "Point", "coordinates": [30.4975502, 50.5226691]}}, {"type": "Feature", "properties": {"osmid": 3903}, "geometry": {"type": "Point", "coordinates": [30.6147469, 50.43948]}}, {"type": "Feature", "properties": {"osmid": 3904}, "geometry": {"type": "Point", "coordinates": [30.6149066, 50.4392644]}}, {"type": "Feature", "properties": {"osmid": 3905}, "geometry": {"type": "Point", "coordinates": [30.2575269, 50.554841]}}, {"type": "Feature", "properties": {"osmid": 3906}, "geometry": {"type": "Point", "coordinates": [30.2695176, 50.5686742]}}, {"type": "Feature", "properties": {"osmid": 3907}, "geometry": {"type": "Point", "coordinates": [30.3149453, 50.3962136]}}, {"type": "Feature", "properties": {"osmid": 3908}, "geometry": {"type": "Point", "coordinates": [30.3770335, 50.3860147]}}, {"type": "Feature", "properties": {"osmid": 3909}, "geometry": {"type": "Point", "coordinates": [30.2450612, 50.5549328]}}, {"type": "Feature", "properties": {"osmid": 3910}, "geometry": {"type": "Point", "coordinates": [30.4770797, 50.4823985]}}, {"type": "Feature", "properties": {"osmid": 3911}, "geometry": {"type": "Point", "coordinates": [30.543036, 50.4308674]}}, {"type": "Feature", "properties": {"osmid": 3912}, "geometry": {"type": "Point", "coordinates": [30.2919517, 50.5538357]}}, {"type": "Feature", "properties": {"osmid": 3913}, "geometry": {"type": "Point", "coordinates": [30.6196597, 50.4242201]}}, {"type": "Feature", "properties": {"osmid": 3914}, "geometry": {"type": "Point", "coordinates": [30.4117954, 50.4000937]}}, {"type": "Feature", "properties": {"osmid": 3915}, "geometry": {"type": "Point", "coordinates": [30.6085503, 50.4576041]}}, {"type": "Feature", "properties": {"osmid": 3916}, "geometry": {"type": "Point", "coordinates": [30.2691959, 50.5694344]}}, {"type": "Feature", "properties": {"osmid": 3917}, "geometry": {"type": "Point", "coordinates": [30.339974, 50.4057582]}}, {"type": "Feature", "properties": {"osmid": 3918}, "geometry": {"type": "Point", "coordinates": [30.5751418, 50.4905831]}}, {"type": "Feature", "properties": {"osmid": 3919}, "geometry": {"type": "Point", "coordinates": [30.5515862, 50.4011639]}}, {"type": "Feature", "properties": {"osmid": 3920}, "geometry": {"type": "Point", "coordinates": [30.5010809, 50.4888557]}}, {"type": "Feature", "properties": {"osmid": 3921}, "geometry": {"type": "Point", "coordinates": [30.8192759, 50.5606206]}}, {"type": "Feature", "properties": {"osmid": 3922}, "geometry": {"type": "Point", "coordinates": [30.7814378, 50.4616884]}}, {"type": "Feature", "properties": {"osmid": 3923}, "geometry": {"type": "Point", "coordinates": [30.5002287, 50.4888564]}}, {"type": "Feature", "properties": {"osmid": 3924}, "geometry": {"type": "Point", "coordinates": [30.2601213, 50.4901746]}}, {"type": "Feature", "properties": {"osmid": 3925}, "geometry": {"type": "Point", "coordinates": [30.7854235, 50.3831571]}}, {"type": "Feature", "properties": {"osmid": 3926}, "geometry": {"type": "Point", "coordinates": [30.7875568, 50.5129838]}}, {"type": "Feature", "properties": {"osmid": 3927}, "geometry": {"type": "Point", "coordinates": [30.4529329, 50.5638112]}}, {"type": "Feature", "properties": {"osmid": 3928}, "geometry": {"type": "Point", "coordinates": [30.6458651, 50.4353751]}}, {"type": "Feature", "properties": {"osmid": 3929}, "geometry": {"type": "Point", "coordinates": [30.395168, 50.3605884]}}, {"type": "Feature", "properties": {"osmid": 3930}, "geometry": {"type": "Point", "coordinates": [30.6383328, 50.4243164]}}, {"type": "Feature", "properties": {"osmid": 3931}, "geometry": {"type": "Point", "coordinates": [30.419156, 50.4379549]}}, {"type": "Feature", "properties": {"osmid": 3932}, "geometry": {"type": "Point", "coordinates": [30.6139098, 50.4051129]}}, {"type": "Feature", "properties": {"osmid": 3933}, "geometry": {"type": "Point", "coordinates": [30.4337652, 50.4340618]}}, {"type": "Feature", "properties": {"osmid": 3934}, "geometry": {"type": "Point", "coordinates": [30.5930371, 50.4304896]}}, {"type": "Feature", "properties": {"osmid": 3935}, "geometry": {"type": "Point", "coordinates": [30.4538552, 50.3733354]}}, {"type": "Feature", "properties": {"osmid": 3936}, "geometry": {"type": "Point", "coordinates": [30.447069, 50.4936271]}}, {"type": "Feature", "properties": {"osmid": 3937}, "geometry": {"type": "Point", "coordinates": [30.6122464, 50.4384781]}}, {"type": "Feature", "properties": {"osmid": 3938}, "geometry": {"type": "Point", "coordinates": [30.2698534, 50.5678725]}}, {"type": "Feature", "properties": {"osmid": 3939}, "geometry": {"type": "Point", "coordinates": [30.7878862, 50.5026499]}}, {"type": "Feature", "properties": {"osmid": 3940}, "geometry": {"type": "Point", "coordinates": [30.7716666, 50.4989385]}}, {"type": "Feature", "properties": {"osmid": 3941}, "geometry": {"type": "Point", "coordinates": [30.5747445, 50.4898253]}}, {"type": "Feature", "properties": {"osmid": 3942}, "geometry": {"type": "Point", "coordinates": [30.6362634, 50.3297862]}}, {"type": "Feature", "properties": {"osmid": 3943}, "geometry": {"type": "Point", "coordinates": [30.4829527, 50.5158333]}}, {"type": "Feature", "properties": {"osmid": 3944}, "geometry": {"type": "Point", "coordinates": [30.5749226, 50.4902863]}}, {"type": "Feature", "properties": {"osmid": 3945}, "geometry": {"type": "Point", "coordinates": [30.6348519, 50.3296021]}}, {"type": "Feature", "properties": {"osmid": 3946}, "geometry": {"type": "Point", "coordinates": [30.8101638, 50.5132706]}}, {"type": "Feature", "properties": {"osmid": 3947}, "geometry": {"type": "Point", "coordinates": [30.4303219, 50.4287629]}}, {"type": "Feature", "properties": {"osmid": 3948}, "geometry": {"type": "Point", "coordinates": [30.3951971, 50.4054704]}}, {"type": "Feature", "properties": {"osmid": 3949}, "geometry": {"type": "Point", "coordinates": [30.6335209, 50.3294583]}}, {"type": "Feature", "properties": {"osmid": 3950}, "geometry": {"type": "Point", "coordinates": [30.8127189, 50.4717719]}}, {"type": "Feature", "properties": {"osmid": 3951}, "geometry": {"type": "Point", "coordinates": [30.3770257, 50.376164]}}, {"type": "Feature", "properties": {"osmid": 3952}, "geometry": {"type": "Point", "coordinates": [30.6219583, 50.4068737]}}, {"type": "Feature", "properties": {"osmid": 3953}, "geometry": {"type": "Point", "coordinates": [30.524241, 50.3918356]}}, {"type": "Feature", "properties": {"osmid": 3954}, "geometry": {"type": "Point", "coordinates": [30.8072398, 50.5121582]}}, {"type": "Feature", "properties": {"osmid": 3955}, "geometry": {"type": "Point", "coordinates": [30.8434706, 50.5359033]}}, {"type": "Feature", "properties": {"osmid": 3956}, "geometry": {"type": "Point", "coordinates": [30.7955823, 50.5081209]}}, {"type": "Feature", "properties": {"osmid": 3957}, "geometry": {"type": "Point", "coordinates": [30.5945556, 50.4553949]}}, {"type": "Feature", "properties": {"osmid": 3958}, "geometry": {"type": "Point", "coordinates": [30.4264696, 50.4296656]}}, {"type": "Feature", "properties": {"osmid": 3959}, "geometry": {"type": "Point", "coordinates": [30.423276, 50.4247721]}}, {"type": "Feature", "properties": {"osmid": 3960}, "geometry": {"type": "Point", "coordinates": [30.773262, 50.4991569]}}, {"type": "Feature", "properties": {"osmid": 3961}, "geometry": {"type": "Point", "coordinates": [30.3665753, 50.4232568]}}, {"type": "Feature", "properties": {"osmid": 3962}, "geometry": {"type": "Point", "coordinates": [30.4907644, 50.4368486]}}, {"type": "Feature", "properties": {"osmid": 3963}, "geometry": {"type": "Point", "coordinates": [30.6849429, 50.4022303]}}, {"type": "Feature", "properties": {"osmid": 3964}, "geometry": {"type": "Point", "coordinates": [30.684954, 50.4023908]}}, {"type": "Feature", "properties": {"osmid": 3965}, "geometry": {"type": "Point", "coordinates": [30.6814222, 50.4026299]}}, {"type": "Feature", "properties": {"osmid": 3966}, "geometry": {"type": "Point", "coordinates": [30.4436834, 50.4702674]}}, {"type": "Feature", "properties": {"osmid": 3967}, "geometry": {"type": "Point", "coordinates": [30.6813869, 50.4025101]}}, {"type": "Feature", "properties": {"osmid": 3968}, "geometry": {"type": "Point", "coordinates": [30.4411056, 50.3832633]}}, {"type": "Feature", "properties": {"osmid": 3969}, "geometry": {"type": "Point", "coordinates": [30.524125, 50.4904372]}}, {"type": "Feature", "properties": {"osmid": 3970}, "geometry": {"type": "Point", "coordinates": [30.7701364, 50.4989697]}}, {"type": "Feature", "properties": {"osmid": 3971}, "geometry": {"type": "Point", "coordinates": [30.4836548, 50.4516433]}}, {"type": "Feature", "properties": {"osmid": 3972}, "geometry": {"type": "Point", "coordinates": [30.4837827, 50.4515811]}}, {"type": "Feature", "properties": {"osmid": 3973}, "geometry": {"type": "Point", "coordinates": [30.4117372, 50.4003188]}}, {"type": "Feature", "properties": {"osmid": 3974}, "geometry": {"type": "Point", "coordinates": [30.5911205, 50.4454173]}}, {"type": "Feature", "properties": {"osmid": 3975}, "geometry": {"type": "Point", "coordinates": [30.4630579, 50.389213]}}, {"type": "Feature", "properties": {"osmid": 3976}, "geometry": {"type": "Point", "coordinates": [30.4507469, 50.4629233]}}, {"type": "Feature", "properties": {"osmid": 3977}, "geometry": {"type": "Point", "coordinates": [30.4578111, 50.423697]}}, {"type": "Feature", "properties": {"osmid": 3978}, "geometry": {"type": "Point", "coordinates": [30.3580781, 50.4767524]}}, {"type": "Feature", "properties": {"osmid": 3979}, "geometry": {"type": "Point", "coordinates": [30.3438406, 50.4744084]}}, {"type": "Feature", "properties": {"osmid": 3980}, "geometry": {"type": "Point", "coordinates": [30.4499197, 50.4630552]}}, {"type": "Feature", "properties": {"osmid": 3981}, "geometry": {"type": "Point", "coordinates": [30.3411694, 50.4742067]}}, {"type": "Feature", "properties": {"osmid": 3982}, "geometry": {"type": "Point", "coordinates": [30.4785079, 50.4492275]}}, {"type": "Feature", "properties": {"osmid": 3983}, "geometry": {"type": "Point", "coordinates": [30.3254669, 50.4893232]}}, {"type": "Feature", "properties": {"osmid": 3984}, "geometry": {"type": "Point", "coordinates": [30.4960847, 50.462187]}}, {"type": "Feature", "properties": {"osmid": 3985}, "geometry": {"type": "Point", "coordinates": [30.5156205, 50.4181968]}}, {"type": "Feature", "properties": {"osmid": 3986}, "geometry": {"type": "Point", "coordinates": [30.449518, 50.4628962]}}, {"type": "Feature", "properties": {"osmid": 3987}, "geometry": {"type": "Point", "coordinates": [30.7093769, 50.3305274]}}, {"type": "Feature", "properties": {"osmid": 3988}, "geometry": {"type": "Point", "coordinates": [30.2712602, 50.5644371]}}, {"type": "Feature", "properties": {"osmid": 3989}, "geometry": {"type": "Point", "coordinates": [30.6701437, 50.4281917]}}, {"type": "Feature", "properties": {"osmid": 3990}, "geometry": {"type": "Point", "coordinates": [30.45739, 50.5959812]}}, {"type": "Feature", "properties": {"osmid": 3991}, "geometry": {"type": "Point", "coordinates": [30.4058593, 50.4678079]}}, {"type": "Feature", "properties": {"osmid": 3992}, "geometry": {"type": "Point", "coordinates": [30.8667788, 50.5325022]}}, {"type": "Feature", "properties": {"osmid": 3993}, "geometry": {"type": "Point", "coordinates": [30.6357694, 50.3988577]}}, {"type": "Feature", "properties": {"osmid": 3994}, "geometry": {"type": "Point", "coordinates": [30.3575196, 50.4505749]}}, {"type": "Feature", "properties": {"osmid": 3995}, "geometry": {"type": "Point", "coordinates": [30.3547568, 50.4357741]}}, {"type": "Feature", "properties": {"osmid": 3996}, "geometry": {"type": "Point", "coordinates": [30.8663265, 50.5321159]}}, {"type": "Feature", "properties": {"osmid": 3997}, "geometry": {"type": "Point", "coordinates": [30.7865705, 50.3293892]}}, {"type": "Feature", "properties": {"osmid": 3998}, "geometry": {"type": "Point", "coordinates": [30.5081642, 50.5891838]}}, {"type": "Feature", "properties": {"osmid": 3999}, "geometry": {"type": "Point", "coordinates": [30.3475356, 50.4370761]}}, {"type": "Feature", "properties": {"osmid": 4000}, "geometry": {"type": "Point", "coordinates": [30.4441549, 50.4432654]}}, {"type": "Feature", "properties": {"osmid": 4001}, "geometry": {"type": "Point", "coordinates": [30.4050793, 50.4075866]}}, {"type": "Feature", "properties": {"osmid": 4002}, "geometry": {"type": "Point", "coordinates": [30.6535353, 50.3936457]}}, {"type": "Feature", "properties": {"osmid": 4003}, "geometry": {"type": "Point", "coordinates": [30.3433198, 50.436083]}}, {"type": "Feature", "properties": {"osmid": 4004}, "geometry": {"type": "Point", "coordinates": [30.4005433, 50.4092312]}}, {"type": "Feature", "properties": {"osmid": 4005}, "geometry": {"type": "Point", "coordinates": [30.3964491, 50.4116339]}}, {"type": "Feature", "properties": {"osmid": 4006}, "geometry": {"type": "Point", "coordinates": [30.4834291, 50.5043337]}}, {"type": "Feature", "properties": {"osmid": 4007}, "geometry": {"type": "Point", "coordinates": [30.8337827, 50.5664847]}}, {"type": "Feature", "properties": {"osmid": 4008}, "geometry": {"type": "Point", "coordinates": [30.3845342, 50.4142184]}}, {"type": "Feature", "properties": {"osmid": 4009}, "geometry": {"type": "Point", "coordinates": [30.6373447, 50.4277649]}}, {"type": "Feature", "properties": {"osmid": 4010}, "geometry": {"type": "Point", "coordinates": [30.338094, 50.4356437]}}, {"type": "Feature", "properties": {"osmid": 4011}, "geometry": {"type": "Point", "coordinates": [30.3884279, 50.4171212]}}, {"type": "Feature", "properties": {"osmid": 4012}, "geometry": {"type": "Point", "coordinates": [30.8347105, 50.5657609]}}, {"type": "Feature", "properties": {"osmid": 4013}, "geometry": {"type": "Point", "coordinates": [30.4862687, 50.4477162]}}, {"type": "Feature", "properties": {"osmid": 4014}, "geometry": {"type": "Point", "coordinates": [30.6183468, 50.3951118]}}, {"type": "Feature", "properties": {"osmid": 4015}, "geometry": {"type": "Point", "coordinates": [30.4857227, 50.4463206]}}, {"type": "Feature", "properties": {"osmid": 4016}, "geometry": {"type": "Point", "coordinates": [30.3293971, 50.4339539]}}, {"type": "Feature", "properties": {"osmid": 4017}, "geometry": {"type": "Point", "coordinates": [30.3686798, 50.4239028]}}, {"type": "Feature", "properties": {"osmid": 4018}, "geometry": {"type": "Point", "coordinates": [30.411213, 50.4590977]}}, {"type": "Feature", "properties": {"osmid": 4019}, "geometry": {"type": "Point", "coordinates": [30.4381341, 50.385451]}}, {"type": "Feature", "properties": {"osmid": 4020}, "geometry": {"type": "Point", "coordinates": [30.4417009, 50.3896435]}}, {"type": "Feature", "properties": {"osmid": 4021}, "geometry": {"type": "Point", "coordinates": [30.4310487, 50.3906773]}}, {"type": "Feature", "properties": {"osmid": 4022}, "geometry": {"type": "Point", "coordinates": [30.4323898, 50.3914491]}}, {"type": "Feature", "properties": {"osmid": 4023}, "geometry": {"type": "Point", "coordinates": [30.5225041, 50.4408355]}}, {"type": "Feature", "properties": {"osmid": 4024}, "geometry": {"type": "Point", "coordinates": [30.5075176, 50.4005511]}}, {"type": "Feature", "properties": {"osmid": 4025}, "geometry": {"type": "Point", "coordinates": [30.5025346, 50.3989833]}}, {"type": "Feature", "properties": {"osmid": 4026}, "geometry": {"type": "Point", "coordinates": [30.5225798, 50.4409549]}}, {"type": "Feature", "properties": {"osmid": 4027}, "geometry": {"type": "Point", "coordinates": [30.6189562, 50.5511661]}}, {"type": "Feature", "properties": {"osmid": 4028}, "geometry": {"type": "Point", "coordinates": [30.4265232, 50.4577735]}}, {"type": "Feature", "properties": {"osmid": 4029}, "geometry": {"type": "Point", "coordinates": [30.5167846, 50.4636398]}}, {"type": "Feature", "properties": {"osmid": 4030}, "geometry": {"type": "Point", "coordinates": [30.4711781, 50.56414]}}, {"type": "Feature", "properties": {"osmid": 4031}, "geometry": {"type": "Point", "coordinates": [30.8382753, 50.5203457]}}, {"type": "Feature", "properties": {"osmid": 4032}, "geometry": {"type": "Point", "coordinates": [30.4713846, 50.5641269]}}, {"type": "Feature", "properties": {"osmid": 4033}, "geometry": {"type": "Point", "coordinates": [30.4318654, 50.4311383]}}, {"type": "Feature", "properties": {"osmid": 4034}, "geometry": {"type": "Point", "coordinates": [30.6077656, 50.3558084]}}, {"type": "Feature", "properties": {"osmid": 4035}, "geometry": {"type": "Point", "coordinates": [30.4632711, 50.4975747]}}, {"type": "Feature", "properties": {"osmid": 4036}, "geometry": {"type": "Point", "coordinates": [30.4329478, 50.432804]}}, {"type": "Feature", "properties": {"osmid": 4037}, "geometry": {"type": "Point", "coordinates": [30.6106216, 50.3537371]}}, {"type": "Feature", "properties": {"osmid": 4038}, "geometry": {"type": "Point", "coordinates": [30.6590577, 50.4301498]}}, {"type": "Feature", "properties": {"osmid": 4039}, "geometry": {"type": "Point", "coordinates": [30.508268, 50.4408442]}}, {"type": "Feature", "properties": {"osmid": 4040}, "geometry": {"type": "Point", "coordinates": [30.8116541, 50.525143]}}, {"type": "Feature", "properties": {"osmid": 4041}, "geometry": {"type": "Point", "coordinates": [30.811571, 50.5251446]}}, {"type": "Feature", "properties": {"osmid": 4042}, "geometry": {"type": "Point", "coordinates": [30.502745, 50.4417389]}}, {"type": "Feature", "properties": {"osmid": 4043}, "geometry": {"type": "Point", "coordinates": [30.8113698, 50.5252935]}}, {"type": "Feature", "properties": {"osmid": 4044}, "geometry": {"type": "Point", "coordinates": [30.367355, 50.4237974]}}, {"type": "Feature", "properties": {"osmid": 4045}, "geometry": {"type": "Point", "coordinates": [30.8112854, 50.525088]}}, {"type": "Feature", "properties": {"osmid": 4046}, "geometry": {"type": "Point", "coordinates": [30.3655378, 50.4091824]}}, {"type": "Feature", "properties": {"osmid": 4047}, "geometry": {"type": "Point", "coordinates": [30.4114749, 50.4642417]}}, {"type": "Feature", "properties": {"osmid": 4048}, "geometry": {"type": "Point", "coordinates": [30.3660932, 50.4238415]}}, {"type": "Feature", "properties": {"osmid": 4049}, "geometry": {"type": "Point", "coordinates": [30.3660587, 50.424137]}}, {"type": "Feature", "properties": {"osmid": 4050}, "geometry": {"type": "Point", "coordinates": [30.3660868, 50.4241642]}}, {"type": "Feature", "properties": {"osmid": 4051}, "geometry": {"type": "Point", "coordinates": [30.36652, 50.4243965]}}, {"type": "Feature", "properties": {"osmid": 4052}, "geometry": {"type": "Point", "coordinates": [30.7849392, 50.3761868]}}, {"type": "Feature", "properties": {"osmid": 4053}, "geometry": {"type": "Point", "coordinates": [30.3675901, 50.4246776]}}, {"type": "Feature", "properties": {"osmid": 4054}, "geometry": {"type": "Point", "coordinates": [30.4341252, 50.4346158]}}, {"type": "Feature", "properties": {"osmid": 4055}, "geometry": {"type": "Point", "coordinates": [30.6956331, 50.387679]}}, {"type": "Feature", "properties": {"osmid": 4056}, "geometry": {"type": "Point", "coordinates": [30.3589245, 50.3687392]}}, {"type": "Feature", "properties": {"osmid": 4057}, "geometry": {"type": "Point", "coordinates": [30.4531773, 50.4991687]}}, {"type": "Feature", "properties": {"osmid": 4058}, "geometry": {"type": "Point", "coordinates": [30.4299362, 50.457063]}}, {"type": "Feature", "properties": {"osmid": 4059}, "geometry": {"type": "Point", "coordinates": [30.8507226, 50.5128152]}}, {"type": "Feature", "properties": {"osmid": 4060}, "geometry": {"type": "Point", "coordinates": [30.4889738, 50.4811961]}}, {"type": "Feature", "properties": {"osmid": 4061}, "geometry": {"type": "Point", "coordinates": [30.8506583, 50.5129383]}}, {"type": "Feature", "properties": {"osmid": 4062}, "geometry": {"type": "Point", "coordinates": [30.761685, 50.4970859]}}, {"type": "Feature", "properties": {"osmid": 4063}, "geometry": {"type": "Point", "coordinates": [30.3589341, 50.4437334]}}, {"type": "Feature", "properties": {"osmid": 4064}, "geometry": {"type": "Point", "coordinates": [30.8119503, 50.5252919]}}, {"type": "Feature", "properties": {"osmid": 4065}, "geometry": {"type": "Point", "coordinates": [30.6345477, 50.4827106]}}, {"type": "Feature", "properties": {"osmid": 4066}, "geometry": {"type": "Point", "coordinates": [30.367799, 50.4247283]}}, {"type": "Feature", "properties": {"osmid": 4067}, "geometry": {"type": "Point", "coordinates": [30.3659798, 50.4242923]}}, {"type": "Feature", "properties": {"osmid": 4068}, "geometry": {"type": "Point", "coordinates": [30.4420776, 50.4451631]}}, {"type": "Feature", "properties": {"osmid": 4069}, "geometry": {"type": "Point", "coordinates": [30.8280913, 50.331872]}}, {"type": "Feature", "properties": {"osmid": 4070}, "geometry": {"type": "Point", "coordinates": [30.6960433, 50.3874513]}}, {"type": "Feature", "properties": {"osmid": 4071}, "geometry": {"type": "Point", "coordinates": [30.8550893, 50.3603024]}}, {"type": "Feature", "properties": {"osmid": 4072}, "geometry": {"type": "Point", "coordinates": [30.5583008, 50.3966425]}}, {"type": "Feature", "properties": {"osmid": 4073}, "geometry": {"type": "Point", "coordinates": [30.5799742, 50.505841]}}, {"type": "Feature", "properties": {"osmid": 4074}, "geometry": {"type": "Point", "coordinates": [30.6129215, 50.3950191]}}, {"type": "Feature", "properties": {"osmid": 4075}, "geometry": {"type": "Point", "coordinates": [30.5497974, 50.4402661]}}, {"type": "Feature", "properties": {"osmid": 4076}, "geometry": {"type": "Point", "coordinates": [30.5155999, 50.3988604]}}, {"type": "Feature", "properties": {"osmid": 4077}, "geometry": {"type": "Point", "coordinates": [30.4838158, 50.5273186]}}, {"type": "Feature", "properties": {"osmid": 4078}, "geometry": {"type": "Point", "coordinates": [30.3985786, 50.4314028]}}, {"type": "Feature", "properties": {"osmid": 4079}, "geometry": {"type": "Point", "coordinates": [30.5452938, 50.5830798]}}, {"type": "Feature", "properties": {"osmid": 4080}, "geometry": {"type": "Point", "coordinates": [30.5963854, 50.4552917]}}, {"type": "Feature", "properties": {"osmid": 4081}, "geometry": {"type": "Point", "coordinates": [30.7092133, 50.3852369]}}, {"type": "Feature", "properties": {"osmid": 4082}, "geometry": {"type": "Point", "coordinates": [30.6958238, 50.3875746]}}, {"type": "Feature", "properties": {"osmid": 4083}, "geometry": {"type": "Point", "coordinates": [30.7045257, 50.3821584]}}, {"type": "Feature", "properties": {"osmid": 4084}, "geometry": {"type": "Point", "coordinates": [30.758955, 50.4963296]}}, {"type": "Feature", "properties": {"osmid": 4085}, "geometry": {"type": "Point", "coordinates": [30.2394529, 50.5186915]}}, {"type": "Feature", "properties": {"osmid": 4086}, "geometry": {"type": "Point", "coordinates": [30.5482681, 50.4327834]}}, {"type": "Feature", "properties": {"osmid": 4087}, "geometry": {"type": "Point", "coordinates": [30.7711561, 50.499197]}}, {"type": "Feature", "properties": {"osmid": 4088}, "geometry": {"type": "Point", "coordinates": [30.7714066, 50.4992902]}}, {"type": "Feature", "properties": {"osmid": 4089}, "geometry": {"type": "Point", "coordinates": [30.7030249, 50.3832027]}}, {"type": "Feature", "properties": {"osmid": 4090}, "geometry": {"type": "Point", "coordinates": [30.7071141, 50.3838443]}}, {"type": "Feature", "properties": {"osmid": 4091}, "geometry": {"type": "Point", "coordinates": [30.7107765, 50.386716]}}, {"type": "Feature", "properties": {"osmid": 4092}, "geometry": {"type": "Point", "coordinates": [30.7092418, 50.3747176]}}, {"type": "Feature", "properties": {"osmid": 4093}, "geometry": {"type": "Point", "coordinates": [30.6999099, 50.3851315]}}, {"type": "Feature", "properties": {"osmid": 4094}, "geometry": {"type": "Point", "coordinates": [30.5594656, 50.428307]}}, {"type": "Feature", "properties": {"osmid": 4095}, "geometry": {"type": "Point", "coordinates": [30.5509159, 50.3777411]}}, {"type": "Feature", "properties": {"osmid": 4096}, "geometry": {"type": "Point", "coordinates": [30.6123216, 50.4559962]}}, {"type": "Feature", "properties": {"osmid": 4097}, "geometry": {"type": "Point", "coordinates": [30.6085166, 50.4549866]}}, {"type": "Feature", "properties": {"osmid": 4098}, "geometry": {"type": "Point", "coordinates": [30.610951, 50.4556547]}}, {"type": "Feature", "properties": {"osmid": 4099}, "geometry": {"type": "Point", "coordinates": [30.7061105, 50.389393]}}, {"type": "Feature", "properties": {"osmid": 4100}, "geometry": {"type": "Point", "coordinates": [30.7073386, 50.3759787]}}, {"type": "Feature", "properties": {"osmid": 4101}, "geometry": {"type": "Point", "coordinates": [30.6927861, 50.3855095]}}, {"type": "Feature", "properties": {"osmid": 4102}, "geometry": {"type": "Point", "coordinates": [30.8250419, 50.482912]}}, {"type": "Feature", "properties": {"osmid": 4103}, "geometry": {"type": "Point", "coordinates": [30.7098179, 50.374336]}}, {"type": "Feature", "properties": {"osmid": 4104}, "geometry": {"type": "Point", "coordinates": [30.7080781, 50.3844854]}}, {"type": "Feature", "properties": {"osmid": 4105}, "geometry": {"type": "Point", "coordinates": [30.709572, 50.387402]}}, {"type": "Feature", "properties": {"osmid": 4106}, "geometry": {"type": "Point", "coordinates": [30.7019154, 50.3837887]}}, {"type": "Feature", "properties": {"osmid": 4107}, "geometry": {"type": "Point", "coordinates": [30.5784845, 50.4950208]}}, {"type": "Feature", "properties": {"osmid": 4108}, "geometry": {"type": "Point", "coordinates": [30.4469009, 50.4577601]}}, {"type": "Feature", "properties": {"osmid": 4109}, "geometry": {"type": "Point", "coordinates": [30.8296705, 50.4861509]}}, {"type": "Feature", "properties": {"osmid": 4110}, "geometry": {"type": "Point", "coordinates": [30.578604, 50.4949436]}}, {"type": "Feature", "properties": {"osmid": 4111}, "geometry": {"type": "Point", "coordinates": [30.4249318, 50.4578803]}}, {"type": "Feature", "properties": {"osmid": 4112}, "geometry": {"type": "Point", "coordinates": [30.5787592, 50.4949979]}}, {"type": "Feature", "properties": {"osmid": 4113}, "geometry": {"type": "Point", "coordinates": [30.4951771, 50.4427487]}}, {"type": "Feature", "properties": {"osmid": 4114}, "geometry": {"type": "Point", "coordinates": [30.5787429, 50.4950882]}}, {"type": "Feature", "properties": {"osmid": 4115}, "geometry": {"type": "Point", "coordinates": [30.4845502, 50.5457812]}}, {"type": "Feature", "properties": {"osmid": 4116}, "geometry": {"type": "Point", "coordinates": [30.7801266, 50.3884405]}}, {"type": "Feature", "properties": {"osmid": 4117}, "geometry": {"type": "Point", "coordinates": [30.6703047, 50.4097859]}}, {"type": "Feature", "properties": {"osmid": 4118}, "geometry": {"type": "Point", "coordinates": [30.7100429, 50.3859925]}}, {"type": "Feature", "properties": {"osmid": 4119}, "geometry": {"type": "Point", "coordinates": [30.4619585, 50.4989988]}}, {"type": "Feature", "properties": {"osmid": 4120}, "geometry": {"type": "Point", "coordinates": [30.2757128, 50.5544685]}}, {"type": "Feature", "properties": {"osmid": 4121}, "geometry": {"type": "Point", "coordinates": [30.7818661, 50.3868012]}}, {"type": "Feature", "properties": {"osmid": 4122}, "geometry": {"type": "Point", "coordinates": [30.7821722, 50.3866433]}}, {"type": "Feature", "properties": {"osmid": 4123}, "geometry": {"type": "Point", "coordinates": [30.7058301, 50.3830203]}}, {"type": "Feature", "properties": {"osmid": 4124}, "geometry": {"type": "Point", "coordinates": [30.7827116, 50.3864978]}}, {"type": "Feature", "properties": {"osmid": 4125}, "geometry": {"type": "Point", "coordinates": [30.6983113, 50.3861374]}}, {"type": "Feature", "properties": {"osmid": 4126}, "geometry": {"type": "Point", "coordinates": [30.6443569, 50.4862255]}}, {"type": "Feature", "properties": {"osmid": 4127}, "geometry": {"type": "Point", "coordinates": [30.7821512, 50.3861221]}}, {"type": "Feature", "properties": {"osmid": 4128}, "geometry": {"type": "Point", "coordinates": [30.6057408, 50.3789921]}}, {"type": "Feature", "properties": {"osmid": 4129}, "geometry": {"type": "Point", "coordinates": [30.5197209, 50.440973]}}, {"type": "Feature", "properties": {"osmid": 4130}, "geometry": {"type": "Point", "coordinates": [30.4149235, 50.4654935]}}, {"type": "Feature", "properties": {"osmid": 4131}, "geometry": {"type": "Point", "coordinates": [30.2579146, 50.3533205]}}, {"type": "Feature", "properties": {"osmid": 4132}, "geometry": {"type": "Point", "coordinates": [30.4144987, 50.4678282]}}, {"type": "Feature", "properties": {"osmid": 4133}, "geometry": {"type": "Point", "coordinates": [30.4144952, 50.4698696]}}, {"type": "Feature", "properties": {"osmid": 4134}, "geometry": {"type": "Point", "coordinates": [30.4144853, 50.4719427]}}, {"type": "Feature", "properties": {"osmid": 4135}, "geometry": {"type": "Point", "coordinates": [30.414519, 50.4755093]}}, {"type": "Feature", "properties": {"osmid": 4136}, "geometry": {"type": "Point", "coordinates": [30.4540144, 50.5906748]}}, {"type": "Feature", "properties": {"osmid": 4137}, "geometry": {"type": "Point", "coordinates": [30.3969175, 50.423065]}}, {"type": "Feature", "properties": {"osmid": 4138}, "geometry": {"type": "Point", "coordinates": [30.5074832, 50.513548]}}, {"type": "Feature", "properties": {"osmid": 4139}, "geometry": {"type": "Point", "coordinates": [30.4435367, 50.4415992]}}, {"type": "Feature", "properties": {"osmid": 4140}, "geometry": {"type": "Point", "coordinates": [30.4331919, 50.4480304]}}, {"type": "Feature", "properties": {"osmid": 4141}, "geometry": {"type": "Point", "coordinates": [30.5597288, 50.4402155]}}, {"type": "Feature", "properties": {"osmid": 4142}, "geometry": {"type": "Point", "coordinates": [30.4145055, 50.466102]}}, {"type": "Feature", "properties": {"osmid": 4143}, "geometry": {"type": "Point", "coordinates": [30.2630981, 50.581148]}}, {"type": "Feature", "properties": {"osmid": 4144}, "geometry": {"type": "Point", "coordinates": [30.4841076, 50.5268936]}}, {"type": "Feature", "properties": {"osmid": 4145}, "geometry": {"type": "Point", "coordinates": [30.8210854, 50.3856291]}}, {"type": "Feature", "properties": {"osmid": 4146}, "geometry": {"type": "Point", "coordinates": [30.3595959, 50.4357726]}}, {"type": "Feature", "properties": {"osmid": 4147}, "geometry": {"type": "Point", "coordinates": [30.5456878, 50.4190444]}}, {"type": "Feature", "properties": {"osmid": 4148}, "geometry": {"type": "Point", "coordinates": [30.3566015, 50.4356515]}}, {"type": "Feature", "properties": {"osmid": 4149}, "geometry": {"type": "Point", "coordinates": [30.8161116, 50.4717078]}}, {"type": "Feature", "properties": {"osmid": 4150}, "geometry": {"type": "Point", "coordinates": [30.5035931, 50.488833]}}, {"type": "Feature", "properties": {"osmid": 4151}, "geometry": {"type": "Point", "coordinates": [30.3980869, 50.4644406]}}, {"type": "Feature", "properties": {"osmid": 4152}, "geometry": {"type": "Point", "coordinates": [30.3971756, 50.4644658]}}, {"type": "Feature", "properties": {"osmid": 4153}, "geometry": {"type": "Point", "coordinates": [30.3083091, 50.4383201]}}, {"type": "Feature", "properties": {"osmid": 4154}, "geometry": {"type": "Point", "coordinates": [30.4950213, 50.4462878]}}, {"type": "Feature", "properties": {"osmid": 4155}, "geometry": {"type": "Point", "coordinates": [30.4976887, 50.4461131]}}, {"type": "Feature", "properties": {"osmid": 4156}, "geometry": {"type": "Point", "coordinates": [30.8094309, 50.471837]}}, {"type": "Feature", "properties": {"osmid": 4157}, "geometry": {"type": "Point", "coordinates": [30.7941576, 50.5281609]}}, {"type": "Feature", "properties": {"osmid": 4158}, "geometry": {"type": "Point", "coordinates": [30.5007929, 50.4453725]}}, {"type": "Feature", "properties": {"osmid": 4159}, "geometry": {"type": "Point", "coordinates": [30.5029527, 50.4452519]}}, {"type": "Feature", "properties": {"osmid": 4160}, "geometry": {"type": "Point", "coordinates": [30.3566574, 50.47095]}}, {"type": "Feature", "properties": {"osmid": 4161}, "geometry": {"type": "Point", "coordinates": [30.5060997, 50.4447395]}}, {"type": "Feature", "properties": {"osmid": 4162}, "geometry": {"type": "Point", "coordinates": [30.5628894, 50.4354714]}}, {"type": "Feature", "properties": {"osmid": 4163}, "geometry": {"type": "Point", "coordinates": [30.7371237, 50.4901284]}}, {"type": "Feature", "properties": {"osmid": 4164}, "geometry": {"type": "Point", "coordinates": [30.496392, 50.476456]}}, {"type": "Feature", "properties": {"osmid": 4165}, "geometry": {"type": "Point", "coordinates": [30.5630244, 50.4355454]}}, {"type": "Feature", "properties": {"osmid": 4166}, "geometry": {"type": "Point", "coordinates": [30.5076246, 50.4444943]}}, {"type": "Feature", "properties": {"osmid": 4167}, "geometry": {"type": "Point", "coordinates": [30.8015554, 50.5221829]}}, {"type": "Feature", "properties": {"osmid": 4168}, "geometry": {"type": "Point", "coordinates": [30.3886669, 50.409508]}}, {"type": "Feature", "properties": {"osmid": 4169}, "geometry": {"type": "Point", "coordinates": [30.4476141, 50.4317185]}}, {"type": "Feature", "properties": {"osmid": 4170}, "geometry": {"type": "Point", "coordinates": [30.6370314, 50.4399168]}}, {"type": "Feature", "properties": {"osmid": 4171}, "geometry": {"type": "Point", "coordinates": [30.6361281, 50.4600097]}}, {"type": "Feature", "properties": {"osmid": 4172}, "geometry": {"type": "Point", "coordinates": [30.6360709, 50.4601475]}}, {"type": "Feature", "properties": {"osmid": 4173}, "geometry": {"type": "Point", "coordinates": [30.636236, 50.4603198]}}, {"type": "Feature", "properties": {"osmid": 4174}, "geometry": {"type": "Point", "coordinates": [30.5091976, 50.4440145]}}, {"type": "Feature", "properties": {"osmid": 4175}, "geometry": {"type": "Point", "coordinates": [30.5093313, 50.4442159]}}, {"type": "Feature", "properties": {"osmid": 4176}, "geometry": {"type": "Point", "coordinates": [30.6315663, 50.3304384]}}, {"type": "Feature", "properties": {"osmid": 4177}, "geometry": {"type": "Point", "coordinates": [30.3682798, 50.3919038]}}, {"type": "Feature", "properties": {"osmid": 4178}, "geometry": {"type": "Point", "coordinates": [30.3681157, 50.3883229]}}, {"type": "Feature", "properties": {"osmid": 4179}, "geometry": {"type": "Point", "coordinates": [30.4705947, 50.4541243]}}, {"type": "Feature", "properties": {"osmid": 4180}, "geometry": {"type": "Point", "coordinates": [30.4500733, 50.3474972]}}, {"type": "Feature", "properties": {"osmid": 4181}, "geometry": {"type": "Point", "coordinates": [30.5400649, 50.4265287]}}, {"type": "Feature", "properties": {"osmid": 4182}, "geometry": {"type": "Point", "coordinates": [30.5403301, 50.4266411]}}, {"type": "Feature", "properties": {"osmid": 4183}, "geometry": {"type": "Point", "coordinates": [30.5846088, 50.5158982]}}, {"type": "Feature", "properties": {"osmid": 4184}, "geometry": {"type": "Point", "coordinates": [30.5393933, 50.4270948]}}, {"type": "Feature", "properties": {"osmid": 4185}, "geometry": {"type": "Point", "coordinates": [30.5396368, 50.4272124]}}, {"type": "Feature", "properties": {"osmid": 4186}, "geometry": {"type": "Point", "coordinates": [30.4667115, 50.4292637]}}, {"type": "Feature", "properties": {"osmid": 4187}, "geometry": {"type": "Point", "coordinates": [30.7731163, 50.5010479]}}, {"type": "Feature", "properties": {"osmid": 4188}, "geometry": {"type": "Point", "coordinates": [30.6595165, 50.4164338]}}, {"type": "Feature", "properties": {"osmid": 4189}, "geometry": {"type": "Point", "coordinates": [30.6745356, 50.4477401]}}, {"type": "Feature", "properties": {"osmid": 4190}, "geometry": {"type": "Point", "coordinates": [30.662648, 50.4185093]}}, {"type": "Feature", "properties": {"osmid": 4191}, "geometry": {"type": "Point", "coordinates": [30.5495283, 50.3648462]}}, {"type": "Feature", "properties": {"osmid": 4192}, "geometry": {"type": "Point", "coordinates": [30.6744214, 50.4478091]}}, {"type": "Feature", "properties": {"osmid": 4193}, "geometry": {"type": "Point", "coordinates": [30.3276314, 50.4534254]}}, {"type": "Feature", "properties": {"osmid": 4194}, "geometry": {"type": "Point", "coordinates": [30.36012, 50.435767]}}, {"type": "Feature", "properties": {"osmid": 4195}, "geometry": {"type": "Point", "coordinates": [30.5164696, 50.5280405]}}, {"type": "Feature", "properties": {"osmid": 4196}, "geometry": {"type": "Point", "coordinates": [30.4176274, 50.4269997]}}, {"type": "Feature", "properties": {"osmid": 4197}, "geometry": {"type": "Point", "coordinates": [30.291144, 50.3294129]}}, {"type": "Feature", "properties": {"osmid": 4198}, "geometry": {"type": "Point", "coordinates": [30.4058429, 50.4698535]}}, {"type": "Feature", "properties": {"osmid": 4199}, "geometry": {"type": "Point", "coordinates": [30.5807427, 50.5116437]}}, {"type": "Feature", "properties": {"osmid": 4200}, "geometry": {"type": "Point", "coordinates": [30.5542231, 50.3389314]}}, {"type": "Feature", "properties": {"osmid": 4201}, "geometry": {"type": "Point", "coordinates": [30.4901573, 50.4562842]}}, {"type": "Feature", "properties": {"osmid": 4202}, "geometry": {"type": "Point", "coordinates": [30.357955, 50.4555105]}}, {"type": "Feature", "properties": {"osmid": 4203}, "geometry": {"type": "Point", "coordinates": [30.3568323, 50.4576859]}}, {"type": "Feature", "properties": {"osmid": 4204}, "geometry": {"type": "Point", "coordinates": [30.3570895, 50.456106]}}, {"type": "Feature", "properties": {"osmid": 4205}, "geometry": {"type": "Point", "coordinates": [30.3566047, 50.4573053]}}, {"type": "Feature", "properties": {"osmid": 4206}, "geometry": {"type": "Point", "coordinates": [30.3568524, 50.4561262]}}, {"type": "Feature", "properties": {"osmid": 4207}, "geometry": {"type": "Point", "coordinates": [30.3535097, 50.4552159]}}, {"type": "Feature", "properties": {"osmid": 4208}, "geometry": {"type": "Point", "coordinates": [30.3550992, 50.4553325]}}, {"type": "Feature", "properties": {"osmid": 4209}, "geometry": {"type": "Point", "coordinates": [30.4114312, 50.4698639]}}, {"type": "Feature", "properties": {"osmid": 4210}, "geometry": {"type": "Point", "coordinates": [30.6150455, 50.4013358]}}, {"type": "Feature", "properties": {"osmid": 4211}, "geometry": {"type": "Point", "coordinates": [30.3596107, 50.4554851]}}, {"type": "Feature", "properties": {"osmid": 4212}, "geometry": {"type": "Point", "coordinates": [30.3580034, 50.4553656]}}, {"type": "Feature", "properties": {"osmid": 4213}, "geometry": {"type": "Point", "coordinates": [30.3829903, 50.4131173]}}, {"type": "Feature", "properties": {"osmid": 4214}, "geometry": {"type": "Point", "coordinates": [30.6141659, 50.4048784]}}, {"type": "Feature", "properties": {"osmid": 4215}, "geometry": {"type": "Point", "coordinates": [30.4491695, 50.427684]}}, {"type": "Feature", "properties": {"osmid": 4216}, "geometry": {"type": "Point", "coordinates": [30.3644833, 50.4561148]}}, {"type": "Feature", "properties": {"osmid": 4217}, "geometry": {"type": "Point", "coordinates": [30.35735, 50.45435]}}, {"type": "Feature", "properties": {"osmid": 4218}, "geometry": {"type": "Point", "coordinates": [30.3575186, 50.4532163]}}, {"type": "Feature", "properties": {"osmid": 4219}, "geometry": {"type": "Point", "coordinates": [30.3570544, 50.454881]}}, {"type": "Feature", "properties": {"osmid": 4220}, "geometry": {"type": "Point", "coordinates": [30.4494784, 50.5185103]}}, {"type": "Feature", "properties": {"osmid": 4221}, "geometry": {"type": "Point", "coordinates": [30.5855815, 50.5084056]}}, {"type": "Feature", "properties": {"osmid": 4222}, "geometry": {"type": "Point", "coordinates": [30.5167884, 50.4693259]}}, {"type": "Feature", "properties": {"osmid": 4223}, "geometry": {"type": "Point", "coordinates": [30.5253129, 50.4388403]}}, {"type": "Feature", "properties": {"osmid": 4224}, "geometry": {"type": "Point", "coordinates": [30.5253107, 50.4390116]}}, {"type": "Feature", "properties": {"osmid": 4225}, "geometry": {"type": "Point", "coordinates": [30.5522349, 50.4427132]}}, {"type": "Feature", "properties": {"osmid": 4226}, "geometry": {"type": "Point", "coordinates": [30.357243, 50.4533611]}}, {"type": "Feature", "properties": {"osmid": 4227}, "geometry": {"type": "Point", "coordinates": [30.5715695, 50.4808214]}}, {"type": "Feature", "properties": {"osmid": 4228}, "geometry": {"type": "Point", "coordinates": [30.4133536, 50.4081841]}}, {"type": "Feature", "properties": {"osmid": 4229}, "geometry": {"type": "Point", "coordinates": [30.3549774, 50.4551785]}}, {"type": "Feature", "properties": {"osmid": 4230}, "geometry": {"type": "Point", "coordinates": [30.5720079, 50.480311]}}, {"type": "Feature", "properties": {"osmid": 4231}, "geometry": {"type": "Point", "coordinates": [30.5993204, 50.4565548]}}, {"type": "Feature", "properties": {"osmid": 4232}, "geometry": {"type": "Point", "coordinates": [30.4834196, 50.4341816]}}, {"type": "Feature", "properties": {"osmid": 4233}, "geometry": {"type": "Point", "coordinates": [30.5993663, 50.4561397]}}, {"type": "Feature", "properties": {"osmid": 4234}, "geometry": {"type": "Point", "coordinates": [30.3567785, 50.4581074]}}, {"type": "Feature", "properties": {"osmid": 4235}, "geometry": {"type": "Point", "coordinates": [30.3563867, 50.4588359]}}, {"type": "Feature", "properties": {"osmid": 4236}, "geometry": {"type": "Point", "coordinates": [30.3565101, 50.4579618]}}, {"type": "Feature", "properties": {"osmid": 4237}, "geometry": {"type": "Point", "coordinates": [30.6297843, 50.3344158]}}, {"type": "Feature", "properties": {"osmid": 4238}, "geometry": {"type": "Point", "coordinates": [30.4857426, 50.5831719]}}, {"type": "Feature", "properties": {"osmid": 4239}, "geometry": {"type": "Point", "coordinates": [30.5498443, 50.3652559]}}, {"type": "Feature", "properties": {"osmid": 4240}, "geometry": {"type": "Point", "coordinates": [30.4888488, 50.4568874]}}, {"type": "Feature", "properties": {"osmid": 4241}, "geometry": {"type": "Point", "coordinates": [30.5140518, 50.407224]}}, {"type": "Feature", "properties": {"osmid": 4242}, "geometry": {"type": "Point", "coordinates": [30.5711233, 50.4813366]}}, {"type": "Feature", "properties": {"osmid": 4243}, "geometry": {"type": "Point", "coordinates": [30.3598422, 50.3896639]}}, {"type": "Feature", "properties": {"osmid": 4244}, "geometry": {"type": "Point", "coordinates": [30.5927996, 50.5152614]}}, {"type": "Feature", "properties": {"osmid": 4245}, "geometry": {"type": "Point", "coordinates": [30.4190178, 50.4381479]}}, {"type": "Feature", "properties": {"osmid": 4246}, "geometry": {"type": "Point", "coordinates": [30.4775997, 50.4324745]}}, {"type": "Feature", "properties": {"osmid": 4247}, "geometry": {"type": "Point", "coordinates": [30.3961046, 50.4322697]}}, {"type": "Feature", "properties": {"osmid": 4248}, "geometry": {"type": "Point", "coordinates": [30.65804, 50.5568427]}}, {"type": "Feature", "properties": {"osmid": 4249}, "geometry": {"type": "Point", "coordinates": [30.4625635, 50.5667762]}}, {"type": "Feature", "properties": {"osmid": 4250}, "geometry": {"type": "Point", "coordinates": [30.7714333, 50.4992101]}}, {"type": "Feature", "properties": {"osmid": 4251}, "geometry": {"type": "Point", "coordinates": [30.5878596, 50.6015666]}}, {"type": "Feature", "properties": {"osmid": 4252}, "geometry": {"type": "Point", "coordinates": [30.4833002, 50.4345675]}}, {"type": "Feature", "properties": {"osmid": 4253}, "geometry": {"type": "Point", "coordinates": [30.3641115, 50.4557851]}}, {"type": "Feature", "properties": {"osmid": 4254}, "geometry": {"type": "Point", "coordinates": [30.384085, 50.4139781]}}, {"type": "Feature", "properties": {"osmid": 4255}, "geometry": {"type": "Point", "coordinates": [30.3839038, 50.4141159]}}, {"type": "Feature", "properties": {"osmid": 4256}, "geometry": {"type": "Point", "coordinates": [30.2814496, 50.3452201]}}, {"type": "Feature", "properties": {"osmid": 4257}, "geometry": {"type": "Point", "coordinates": [30.3838349, 50.4140239]}}, {"type": "Feature", "properties": {"osmid": 4258}, "geometry": {"type": "Point", "coordinates": [30.4147527, 50.4719436]}}, {"type": "Feature", "properties": {"osmid": 4259}, "geometry": {"type": "Point", "coordinates": [30.4147545, 50.4698701]}}, {"type": "Feature", "properties": {"osmid": 4260}, "geometry": {"type": "Point", "coordinates": [30.4147585, 50.4678301]}}, {"type": "Feature", "properties": {"osmid": 4261}, "geometry": {"type": "Point", "coordinates": [30.2872985, 50.3903924]}}, {"type": "Feature", "properties": {"osmid": 4262}, "geometry": {"type": "Point", "coordinates": [30.3839884, 50.4141283]}}, {"type": "Feature", "properties": {"osmid": 4263}, "geometry": {"type": "Point", "coordinates": [30.3199281, 50.45291]}}, {"type": "Feature", "properties": {"osmid": 4264}, "geometry": {"type": "Point", "coordinates": [30.3590116, 50.4763202]}}, {"type": "Feature", "properties": {"osmid": 4265}, "geometry": {"type": "Point", "coordinates": [30.7686106, 50.4986789]}}, {"type": "Feature", "properties": {"osmid": 4266}, "geometry": {"type": "Point", "coordinates": [30.2806137, 50.3441919]}}, {"type": "Feature", "properties": {"osmid": 4267}, "geometry": {"type": "Point", "coordinates": [30.5392684, 50.4187894]}}, {"type": "Feature", "properties": {"osmid": 4268}, "geometry": {"type": "Point", "coordinates": [30.2802094, 50.3439178]}}, {"type": "Feature", "properties": {"osmid": 4269}, "geometry": {"type": "Point", "coordinates": [30.6376162, 50.3892044]}}, {"type": "Feature", "properties": {"osmid": 4270}, "geometry": {"type": "Point", "coordinates": [30.2867285, 50.3438827]}}, {"type": "Feature", "properties": {"osmid": 4271}, "geometry": {"type": "Point", "coordinates": [30.6371324, 50.3891277]}}, {"type": "Feature", "properties": {"osmid": 4272}, "geometry": {"type": "Point", "coordinates": [30.5798647, 50.5059998]}}, {"type": "Feature", "properties": {"osmid": 4273}, "geometry": {"type": "Point", "coordinates": [30.5791354, 50.5072441]}}, {"type": "Feature", "properties": {"osmid": 4274}, "geometry": {"type": "Point", "coordinates": [30.5840414, 50.5149394]}}, {"type": "Feature", "properties": {"osmid": 4275}, "geometry": {"type": "Point", "coordinates": [30.5790578, 50.5087594]}}, {"type": "Feature", "properties": {"osmid": 4276}, "geometry": {"type": "Point", "coordinates": [30.7652388, 50.4623924]}}, {"type": "Feature", "properties": {"osmid": 4277}, "geometry": {"type": "Point", "coordinates": [30.5795391, 50.509684]}}, {"type": "Feature", "properties": {"osmid": 4278}, "geometry": {"type": "Point", "coordinates": [30.2839843, 50.3389006]}}, {"type": "Feature", "properties": {"osmid": 4279}, "geometry": {"type": "Point", "coordinates": [30.580096, 50.5106663]}}, {"type": "Feature", "properties": {"osmid": 4280}, "geometry": {"type": "Point", "coordinates": [30.2802178, 50.3443002]}}, {"type": "Feature", "properties": {"osmid": 4281}, "geometry": {"type": "Point", "coordinates": [30.2794774, 50.344395]}}, {"type": "Feature", "properties": {"osmid": 4282}, "geometry": {"type": "Point", "coordinates": [30.4553643, 50.4174221]}}, {"type": "Feature", "properties": {"osmid": 4283}, "geometry": {"type": "Point", "coordinates": [30.4520477, 50.418413]}}, {"type": "Feature", "properties": {"osmid": 4284}, "geometry": {"type": "Point", "coordinates": [30.8062125, 50.3305848]}}, {"type": "Feature", "properties": {"osmid": 4285}, "geometry": {"type": "Point", "coordinates": [30.329999, 50.4074482]}}, {"type": "Feature", "properties": {"osmid": 4286}, "geometry": {"type": "Point", "coordinates": [30.5845992, 50.5158359]}}, {"type": "Feature", "properties": {"osmid": 4287}, "geometry": {"type": "Point", "coordinates": [30.8395538, 50.5028005]}}, {"type": "Feature", "properties": {"osmid": 4288}, "geometry": {"type": "Point", "coordinates": [30.5849479, 50.5182494]}}, {"type": "Feature", "properties": {"osmid": 4289}, "geometry": {"type": "Point", "coordinates": [30.8360244, 50.4994231]}}, {"type": "Feature", "properties": {"osmid": 4290}, "geometry": {"type": "Point", "coordinates": [30.8370347, 50.5001925]}}, {"type": "Feature", "properties": {"osmid": 4291}, "geometry": {"type": "Point", "coordinates": [30.4810634, 50.4488036]}}, {"type": "Feature", "properties": {"osmid": 4292}, "geometry": {"type": "Point", "coordinates": [30.5850328, 50.5187352]}}, {"type": "Feature", "properties": {"osmid": 4293}, "geometry": {"type": "Point", "coordinates": [30.6808383, 50.4748396]}}, {"type": "Feature", "properties": {"osmid": 4294}, "geometry": {"type": "Point", "coordinates": [30.5663309, 50.4312129]}}, {"type": "Feature", "properties": {"osmid": 4295}, "geometry": {"type": "Point", "coordinates": [30.5855849, 50.5205049]}}, {"type": "Feature", "properties": {"osmid": 4296}, "geometry": {"type": "Point", "coordinates": [30.5072161, 50.4753058]}}, {"type": "Feature", "properties": {"osmid": 4297}, "geometry": {"type": "Point", "coordinates": [30.2784816, 50.5533535]}}, {"type": "Feature", "properties": {"osmid": 4298}, "geometry": {"type": "Point", "coordinates": [30.5456701, 50.4213726]}}, {"type": "Feature", "properties": {"osmid": 4299}, "geometry": {"type": "Point", "coordinates": [30.5072066, 50.4752087]}}, {"type": "Feature", "properties": {"osmid": 4300}, "geometry": {"type": "Point", "coordinates": [30.4539006, 50.3486229]}}, {"type": "Feature", "properties": {"osmid": 4301}, "geometry": {"type": "Point", "coordinates": [30.2798925, 50.5534762]}}, {"type": "Feature", "properties": {"osmid": 4302}, "geometry": {"type": "Point", "coordinates": [30.2783264, 50.5538619]}}, {"type": "Feature", "properties": {"osmid": 4303}, "geometry": {"type": "Point", "coordinates": [30.5846507, 50.525932]}}, {"type": "Feature", "properties": {"osmid": 4304}, "geometry": {"type": "Point", "coordinates": [30.608749, 50.4645107]}}, {"type": "Feature", "properties": {"osmid": 4305}, "geometry": {"type": "Point", "coordinates": [30.6078721, 50.4646246]}}, {"type": "Feature", "properties": {"osmid": 4306}, "geometry": {"type": "Point", "coordinates": [30.5136505, 50.4751909]}}, {"type": "Feature", "properties": {"osmid": 4307}, "geometry": {"type": "Point", "coordinates": [30.5136535, 50.4752845]}}, {"type": "Feature", "properties": {"osmid": 4308}, "geometry": {"type": "Point", "coordinates": [30.591377, 50.4900485]}}, {"type": "Feature", "properties": {"osmid": 4309}, "geometry": {"type": "Point", "coordinates": [30.7721984, 50.4608545]}}, {"type": "Feature", "properties": {"osmid": 4310}, "geometry": {"type": "Point", "coordinates": [30.5908956, 50.4909784]}}, {"type": "Feature", "properties": {"osmid": 4311}, "geometry": {"type": "Point", "coordinates": [30.3032936, 50.393159]}}, {"type": "Feature", "properties": {"osmid": 4312}, "geometry": {"type": "Point", "coordinates": [30.5441711, 50.4228044]}}, {"type": "Feature", "properties": {"osmid": 4313}, "geometry": {"type": "Point", "coordinates": [30.3875521, 50.4378097]}}, {"type": "Feature", "properties": {"osmid": 4314}, "geometry": {"type": "Point", "coordinates": [30.5903604, 50.4907106]}}, {"type": "Feature", "properties": {"osmid": 4315}, "geometry": {"type": "Point", "coordinates": [30.5917865, 50.4903564]}}, {"type": "Feature", "properties": {"osmid": 4316}, "geometry": {"type": "Point", "coordinates": [30.3329436, 50.4124145]}}, {"type": "Feature", "properties": {"osmid": 4317}, "geometry": {"type": "Point", "coordinates": [30.603339, 50.388192]}}, {"type": "Feature", "properties": {"osmid": 4318}, "geometry": {"type": "Point", "coordinates": [30.7088234, 50.3849636]}}, {"type": "Feature", "properties": {"osmid": 4319}, "geometry": {"type": "Point", "coordinates": [30.540952, 50.5667367]}}, {"type": "Feature", "properties": {"osmid": 4320}, "geometry": {"type": "Point", "coordinates": [30.5073536, 50.4960536]}}, {"type": "Feature", "properties": {"osmid": 4321}, "geometry": {"type": "Point", "coordinates": [30.5991392, 50.4562223]}}, {"type": "Feature", "properties": {"osmid": 4322}, "geometry": {"type": "Point", "coordinates": [30.3256337, 50.553576]}}, {"type": "Feature", "properties": {"osmid": 4323}, "geometry": {"type": "Point", "coordinates": [30.4580684, 50.3918544]}}, {"type": "Feature", "properties": {"osmid": 4324}, "geometry": {"type": "Point", "coordinates": [30.4058652, 50.4602746]}}, {"type": "Feature", "properties": {"osmid": 4325}, "geometry": {"type": "Point", "coordinates": [30.7761067, 50.5064549]}}, {"type": "Feature", "properties": {"osmid": 4326}, "geometry": {"type": "Point", "coordinates": [30.7743251, 50.5072471]}}, {"type": "Feature", "properties": {"osmid": 4327}, "geometry": {"type": "Point", "coordinates": [30.4367531, 50.4750573]}}, {"type": "Feature", "properties": {"osmid": 4328}, "geometry": {"type": "Point", "coordinates": [30.6963837, 50.365335]}}, {"type": "Feature", "properties": {"osmid": 4329}, "geometry": {"type": "Point", "coordinates": [30.4483141, 50.4265163]}}, {"type": "Feature", "properties": {"osmid": 4330}, "geometry": {"type": "Point", "coordinates": [30.3840311, 50.4213376]}}, {"type": "Feature", "properties": {"osmid": 4331}, "geometry": {"type": "Point", "coordinates": [30.3245223, 50.5542246]}}, {"type": "Feature", "properties": {"osmid": 4332}, "geometry": {"type": "Point", "coordinates": [30.4564455, 50.4967733]}}, {"type": "Feature", "properties": {"osmid": 4333}, "geometry": {"type": "Point", "coordinates": [30.8576168, 50.393423]}}, {"type": "Feature", "properties": {"osmid": 4334}, "geometry": {"type": "Point", "coordinates": [30.5910417, 50.4622159]}}, {"type": "Feature", "properties": {"osmid": 4335}, "geometry": {"type": "Point", "coordinates": [30.6748479, 50.5554496]}}, {"type": "Feature", "properties": {"osmid": 4336}, "geometry": {"type": "Point", "coordinates": [30.5455931, 50.4216797]}}, {"type": "Feature", "properties": {"osmid": 4337}, "geometry": {"type": "Point", "coordinates": [30.7809941, 50.3874906]}}, {"type": "Feature", "properties": {"osmid": 4338}, "geometry": {"type": "Point", "coordinates": [30.7115745, 50.5943198]}}, {"type": "Feature", "properties": {"osmid": 4339}, "geometry": {"type": "Point", "coordinates": [30.4790305, 50.3821787]}}, {"type": "Feature", "properties": {"osmid": 4340}, "geometry": {"type": "Point", "coordinates": [30.4791824, 50.382127]}}, {"type": "Feature", "properties": {"osmid": 4341}, "geometry": {"type": "Point", "coordinates": [30.4793776, 50.3821378]}}, {"type": "Feature", "properties": {"osmid": 4342}, "geometry": {"type": "Point", "coordinates": [30.709801, 50.5967398]}}, {"type": "Feature", "properties": {"osmid": 4343}, "geometry": {"type": "Point", "coordinates": [30.6462528, 50.4238761]}}, {"type": "Feature", "properties": {"osmid": 4344}, "geometry": {"type": "Point", "coordinates": [30.5142859, 50.3867668]}}, {"type": "Feature", "properties": {"osmid": 4345}, "geometry": {"type": "Point", "coordinates": [30.7086015, 50.598024]}}, {"type": "Feature", "properties": {"osmid": 4346}, "geometry": {"type": "Point", "coordinates": [30.6082402, 50.4568729]}}, {"type": "Feature", "properties": {"osmid": 4347}, "geometry": {"type": "Point", "coordinates": [30.3494481, 50.3846151]}}, {"type": "Feature", "properties": {"osmid": 4348}, "geometry": {"type": "Point", "coordinates": [30.634714, 50.4534001]}}, {"type": "Feature", "properties": {"osmid": 4349}, "geometry": {"type": "Point", "coordinates": [30.3664795, 50.4011185]}}, {"type": "Feature", "properties": {"osmid": 4350}, "geometry": {"type": "Point", "coordinates": [30.6349143, 50.4531659]}}, {"type": "Feature", "properties": {"osmid": 4351}, "geometry": {"type": "Point", "coordinates": [30.6346745, 50.4530942]}}, {"type": "Feature", "properties": {"osmid": 4352}, "geometry": {"type": "Point", "coordinates": [30.4530802, 50.4485165]}}, {"type": "Feature", "properties": {"osmid": 4353}, "geometry": {"type": "Point", "coordinates": [30.479925, 50.4419911]}}, {"type": "Feature", "properties": {"osmid": 4354}, "geometry": {"type": "Point", "coordinates": [30.344878, 50.3431639]}}, {"type": "Feature", "properties": {"osmid": 4355}, "geometry": {"type": "Point", "coordinates": [30.4127584, 50.5064181]}}, {"type": "Feature", "properties": {"osmid": 4356}, "geometry": {"type": "Point", "coordinates": [30.4366231, 50.438234]}}, {"type": "Feature", "properties": {"osmid": 4357}, "geometry": {"type": "Point", "coordinates": [30.3476766, 50.3427632]}}, {"type": "Feature", "properties": {"osmid": 4358}, "geometry": {"type": "Point", "coordinates": [30.6775199, 50.5687305]}}, {"type": "Feature", "properties": {"osmid": 4359}, "geometry": {"type": "Point", "coordinates": [30.3672947, 50.4978448]}}, {"type": "Feature", "properties": {"osmid": 4360}, "geometry": {"type": "Point", "coordinates": [30.4740902, 50.5179827]}}, {"type": "Feature", "properties": {"osmid": 4361}, "geometry": {"type": "Point", "coordinates": [30.2638194, 50.550107]}}, {"type": "Feature", "properties": {"osmid": 4362}, "geometry": {"type": "Point", "coordinates": [30.3463133, 50.342958]}}, {"type": "Feature", "properties": {"osmid": 4363}, "geometry": {"type": "Point", "coordinates": [30.3231779, 50.3823565]}}, {"type": "Feature", "properties": {"osmid": 4364}, "geometry": {"type": "Point", "coordinates": [30.3437454, 50.3433229]}}, {"type": "Feature", "properties": {"osmid": 4365}, "geometry": {"type": "Point", "coordinates": [30.4410999, 50.4437869]}}, {"type": "Feature", "properties": {"osmid": 4366}, "geometry": {"type": "Point", "coordinates": [30.2437165, 50.5160272]}}, {"type": "Feature", "properties": {"osmid": 4367}, "geometry": {"type": "Point", "coordinates": [30.2448127, 50.5130478]}}, {"type": "Feature", "properties": {"osmid": 4368}, "geometry": {"type": "Point", "coordinates": [30.4084091, 50.4132682]}}, {"type": "Feature", "properties": {"osmid": 4369}, "geometry": {"type": "Point", "coordinates": [30.4084074, 50.4133389]}}, {"type": "Feature", "properties": {"osmid": 4370}, "geometry": {"type": "Point", "coordinates": [30.6089712, 50.4569773]}}, {"type": "Feature", "properties": {"osmid": 4371}, "geometry": {"type": "Point", "coordinates": [30.4765502, 50.5179954]}}, {"type": "Feature", "properties": {"osmid": 4372}, "geometry": {"type": "Point", "coordinates": [30.4828409, 50.5293538]}}, {"type": "Feature", "properties": {"osmid": 4373}, "geometry": {"type": "Point", "coordinates": [30.8398022, 50.5337158]}}, {"type": "Feature", "properties": {"osmid": 4374}, "geometry": {"type": "Point", "coordinates": [30.8342736, 50.5337713]}}, {"type": "Feature", "properties": {"osmid": 4375}, "geometry": {"type": "Point", "coordinates": [30.6521578, 50.585022]}}, {"type": "Feature", "properties": {"osmid": 4376}, "geometry": {"type": "Point", "coordinates": [30.4760769, 50.5181544]}}, {"type": "Feature", "properties": {"osmid": 4377}, "geometry": {"type": "Point", "coordinates": [30.8298829, 50.5357556]}}, {"type": "Feature", "properties": {"osmid": 4378}, "geometry": {"type": "Point", "coordinates": [30.8435086, 50.5359275]}}, {"type": "Feature", "properties": {"osmid": 4379}, "geometry": {"type": "Point", "coordinates": [30.3680605, 50.3976128]}}, {"type": "Feature", "properties": {"osmid": 4380}, "geometry": {"type": "Point", "coordinates": [30.6209356, 50.4066096]}}, {"type": "Feature", "properties": {"osmid": 4381}, "geometry": {"type": "Point", "coordinates": [30.5368716, 50.4787466]}}, {"type": "Feature", "properties": {"osmid": 4382}, "geometry": {"type": "Point", "coordinates": [30.4848625, 50.4542487]}}, {"type": "Feature", "properties": {"osmid": 4383}, "geometry": {"type": "Point", "coordinates": [30.4943126, 50.449343]}}, {"type": "Feature", "properties": {"osmid": 4384}, "geometry": {"type": "Point", "coordinates": [30.547316, 50.4201142]}}, {"type": "Feature", "properties": {"osmid": 4385}, "geometry": {"type": "Point", "coordinates": [30.4825902, 50.4486029]}}, {"type": "Feature", "properties": {"osmid": 4386}, "geometry": {"type": "Point", "coordinates": [30.788973, 50.3904779]}}, {"type": "Feature", "properties": {"osmid": 4387}, "geometry": {"type": "Point", "coordinates": [30.6038492, 50.4716381]}}, {"type": "Feature", "properties": {"osmid": 4388}, "geometry": {"type": "Point", "coordinates": [30.629878, 50.4254014]}}, {"type": "Feature", "properties": {"osmid": 4389}, "geometry": {"type": "Point", "coordinates": [30.5474659, 50.4201822]}}, {"type": "Feature", "properties": {"osmid": 4390}, "geometry": {"type": "Point", "coordinates": [30.7046709, 50.6014391]}}, {"type": "Feature", "properties": {"osmid": 4391}, "geometry": {"type": "Point", "coordinates": [30.3836894, 50.4215369]}}, {"type": "Feature", "properties": {"osmid": 4392}, "geometry": {"type": "Point", "coordinates": [30.6038411, 50.4717855]}}, {"type": "Feature", "properties": {"osmid": 4393}, "geometry": {"type": "Point", "coordinates": [30.6021304, 50.4718418]}}, {"type": "Feature", "properties": {"osmid": 4394}, "geometry": {"type": "Point", "coordinates": [30.3865406, 50.3834231]}}, {"type": "Feature", "properties": {"osmid": 4395}, "geometry": {"type": "Point", "coordinates": [30.5513587, 50.4434622]}}, {"type": "Feature", "properties": {"osmid": 4396}, "geometry": {"type": "Point", "coordinates": [30.4430605, 50.4446268]}}, {"type": "Feature", "properties": {"osmid": 4397}, "geometry": {"type": "Point", "coordinates": [30.4718749, 50.5963735]}}, {"type": "Feature", "properties": {"osmid": 4398}, "geometry": {"type": "Point", "coordinates": [30.3875042, 50.410826]}}, {"type": "Feature", "properties": {"osmid": 4399}, "geometry": {"type": "Point", "coordinates": [30.386909, 50.4112363]}}, {"type": "Feature", "properties": {"osmid": 4400}, "geometry": {"type": "Point", "coordinates": [30.5753309, 50.495401]}}, {"type": "Feature", "properties": {"osmid": 4401}, "geometry": {"type": "Point", "coordinates": [30.5157718, 50.4645499]}}, {"type": "Feature", "properties": {"osmid": 4402}, "geometry": {"type": "Point", "coordinates": [30.3957211, 50.4851537]}}, {"type": "Feature", "properties": {"osmid": 4403}, "geometry": {"type": "Point", "coordinates": [30.6066973, 50.4557766]}}, {"type": "Feature", "properties": {"osmid": 4404}, "geometry": {"type": "Point", "coordinates": [30.4750987, 50.466077]}}, {"type": "Feature", "properties": {"osmid": 4405}, "geometry": {"type": "Point", "coordinates": [30.517798, 50.4649569]}}, {"type": "Feature", "properties": {"osmid": 4406}, "geometry": {"type": "Point", "coordinates": [30.4818576, 50.4629589]}}, {"type": "Feature", "properties": {"osmid": 4407}, "geometry": {"type": "Point", "coordinates": [30.3900514, 50.4164934]}}, {"type": "Feature", "properties": {"osmid": 4408}, "geometry": {"type": "Point", "coordinates": [30.5377703, 50.4378215]}}, {"type": "Feature", "properties": {"osmid": 4409}, "geometry": {"type": "Point", "coordinates": [30.405292, 50.4024515]}}, {"type": "Feature", "properties": {"osmid": 4410}, "geometry": {"type": "Point", "coordinates": [30.5011031, 50.4455543]}}, {"type": "Feature", "properties": {"osmid": 4411}, "geometry": {"type": "Point", "coordinates": [30.2859346, 50.4368907]}}, {"type": "Feature", "properties": {"osmid": 4412}, "geometry": {"type": "Point", "coordinates": [30.4576295, 50.4283608]}}, {"type": "Feature", "properties": {"osmid": 4413}, "geometry": {"type": "Point", "coordinates": [30.6982575, 50.3820625]}}, {"type": "Feature", "properties": {"osmid": 4414}, "geometry": {"type": "Point", "coordinates": [30.4981173, 50.4867603]}}, {"type": "Feature", "properties": {"osmid": 4415}, "geometry": {"type": "Point", "coordinates": [30.807999, 50.5117145]}}, {"type": "Feature", "properties": {"osmid": 4416}, "geometry": {"type": "Point", "coordinates": [30.8002049, 50.3818863]}}, {"type": "Feature", "properties": {"osmid": 4417}, "geometry": {"type": "Point", "coordinates": [30.2421888, 50.5108149]}}, {"type": "Feature", "properties": {"osmid": 4418}, "geometry": {"type": "Point", "coordinates": [30.420706, 50.4698767]}}, {"type": "Feature", "properties": {"osmid": 4419}, "geometry": {"type": "Point", "coordinates": [30.4401412, 50.4489932]}}, {"type": "Feature", "properties": {"osmid": 4420}, "geometry": {"type": "Point", "coordinates": [30.4531044, 50.5203646]}}, {"type": "Feature", "properties": {"osmid": 4421}, "geometry": {"type": "Point", "coordinates": [30.4528517, 50.5202682]}}, {"type": "Feature", "properties": {"osmid": 4422}, "geometry": {"type": "Point", "coordinates": [30.4538133, 50.5197306]}}, {"type": "Feature", "properties": {"osmid": 4423}, "geometry": {"type": "Point", "coordinates": [30.3675918, 50.4977348]}}, {"type": "Feature", "properties": {"osmid": 4424}, "geometry": {"type": "Point", "coordinates": [30.4485993, 50.4456729]}}, {"type": "Feature", "properties": {"osmid": 4425}, "geometry": {"type": "Point", "coordinates": [30.3679159, 50.497617]}}, {"type": "Feature", "properties": {"osmid": 4426}, "geometry": {"type": "Point", "coordinates": [30.5645234, 50.4035166]}}, {"type": "Feature", "properties": {"osmid": 4427}, "geometry": {"type": "Point", "coordinates": [30.3714408, 50.4962891]}}, {"type": "Feature", "properties": {"osmid": 4428}, "geometry": {"type": "Point", "coordinates": [30.3659971, 50.4983681]}}, {"type": "Feature", "properties": {"osmid": 4429}, "geometry": {"type": "Point", "coordinates": [30.4116548, 50.3947951]}}, {"type": "Feature", "properties": {"osmid": 4430}, "geometry": {"type": "Point", "coordinates": [30.5246218, 50.4671309]}}, {"type": "Feature", "properties": {"osmid": 4431}, "geometry": {"type": "Point", "coordinates": [30.4759685, 50.4656893]}}, {"type": "Feature", "properties": {"osmid": 4432}, "geometry": {"type": "Point", "coordinates": [30.4117984, 50.3946529]}}, {"type": "Feature", "properties": {"osmid": 4433}, "geometry": {"type": "Point", "coordinates": [30.8290813, 50.5137242]}}, {"type": "Feature", "properties": {"osmid": 4434}, "geometry": {"type": "Point", "coordinates": [30.8215873, 50.5090879]}}, {"type": "Feature", "properties": {"osmid": 4435}, "geometry": {"type": "Point", "coordinates": [30.6078193, 50.4560019]}}, {"type": "Feature", "properties": {"osmid": 4436}, "geometry": {"type": "Point", "coordinates": [30.6311088, 50.4264988]}}, {"type": "Feature", "properties": {"osmid": 4437}, "geometry": {"type": "Point", "coordinates": [30.4924161, 50.4082424]}}, {"type": "Feature", "properties": {"osmid": 4438}, "geometry": {"type": "Point", "coordinates": [30.4544674, 50.3923998]}}, {"type": "Feature", "properties": {"osmid": 4439}, "geometry": {"type": "Point", "coordinates": [30.6031527, 50.3900832]}}, {"type": "Feature", "properties": {"osmid": 4440}, "geometry": {"type": "Point", "coordinates": [30.4309255, 50.4769243]}}, {"type": "Feature", "properties": {"osmid": 4441}, "geometry": {"type": "Point", "coordinates": [30.7038671, 50.378299]}}, {"type": "Feature", "properties": {"osmid": 4442}, "geometry": {"type": "Point", "coordinates": [30.4371686, 50.3928578]}}, {"type": "Feature", "properties": {"osmid": 4443}, "geometry": {"type": "Point", "coordinates": [30.7909437, 50.5110631]}}, {"type": "Feature", "properties": {"osmid": 4444}, "geometry": {"type": "Point", "coordinates": [30.7536207, 50.5173983]}}, {"type": "Feature", "properties": {"osmid": 4445}, "geometry": {"type": "Point", "coordinates": [30.4366376, 50.4620351]}}, {"type": "Feature", "properties": {"osmid": 4446}, "geometry": {"type": "Point", "coordinates": [30.4916705, 50.4081506]}}, {"type": "Feature", "properties": {"osmid": 4447}, "geometry": {"type": "Point", "coordinates": [30.2405473, 50.5155746]}}, {"type": "Feature", "properties": {"osmid": 4448}, "geometry": {"type": "Point", "coordinates": [30.2413982, 50.5130824]}}, {"type": "Feature", "properties": {"osmid": 4449}, "geometry": {"type": "Point", "coordinates": [30.8290337, 50.573219]}}, {"type": "Feature", "properties": {"osmid": 4450}, "geometry": {"type": "Point", "coordinates": [30.6162947, 50.3947541]}}, {"type": "Feature", "properties": {"osmid": 4451}, "geometry": {"type": "Point", "coordinates": [30.5283472, 50.4055106]}}, {"type": "Feature", "properties": {"osmid": 4452}, "geometry": {"type": "Point", "coordinates": [30.6135153, 50.4332667]}}, {"type": "Feature", "properties": {"osmid": 4453}, "geometry": {"type": "Point", "coordinates": [30.2845126, 50.4377957]}}, {"type": "Feature", "properties": {"osmid": 4454}, "geometry": {"type": "Point", "coordinates": [30.5298768, 50.4048586]}}, {"type": "Feature", "properties": {"osmid": 4455}, "geometry": {"type": "Point", "coordinates": [30.7870534, 50.3606615]}}, {"type": "Feature", "properties": {"osmid": 4456}, "geometry": {"type": "Point", "coordinates": [30.6034042, 50.4224187]}}, {"type": "Feature", "properties": {"osmid": 4457}, "geometry": {"type": "Point", "coordinates": [30.5442025, 50.4179097]}}, {"type": "Feature", "properties": {"osmid": 4458}, "geometry": {"type": "Point", "coordinates": [30.2796346, 50.3439998]}}, {"type": "Feature", "properties": {"osmid": 4459}, "geometry": {"type": "Point", "coordinates": [30.280265, 50.3441485]}}, {"type": "Feature", "properties": {"osmid": 4460}, "geometry": {"type": "Point", "coordinates": [30.279735, 50.3441489]}}, {"type": "Feature", "properties": {"osmid": 4461}, "geometry": {"type": "Point", "coordinates": [30.6035361, 50.4220121]}}, {"type": "Feature", "properties": {"osmid": 4462}, "geometry": {"type": "Point", "coordinates": [30.6039896, 50.4218859]}}, {"type": "Feature", "properties": {"osmid": 4463}, "geometry": {"type": "Point", "coordinates": [30.2797257, 50.3441943]}}, {"type": "Feature", "properties": {"osmid": 4464}, "geometry": {"type": "Point", "coordinates": [30.5184974, 50.4964377]}}, {"type": "Feature", "properties": {"osmid": 4465}, "geometry": {"type": "Point", "coordinates": [30.2802454, 50.3442796]}}, {"type": "Feature", "properties": {"osmid": 4466}, "geometry": {"type": "Point", "coordinates": [30.4098619, 50.4076466]}}, {"type": "Feature", "properties": {"osmid": 4467}, "geometry": {"type": "Point", "coordinates": [30.2798634, 50.3443459]}}, {"type": "Feature", "properties": {"osmid": 4468}, "geometry": {"type": "Point", "coordinates": [30.2682553, 50.5716142]}}, {"type": "Feature", "properties": {"osmid": 4469}, "geometry": {"type": "Point", "coordinates": [30.4101294, 50.4079382]}}, {"type": "Feature", "properties": {"osmid": 4470}, "geometry": {"type": "Point", "coordinates": [30.6041985, 50.4219017]}}, {"type": "Feature", "properties": {"osmid": 4471}, "geometry": {"type": "Point", "coordinates": [30.3280018, 50.3470246]}}, {"type": "Feature", "properties": {"osmid": 4472}, "geometry": {"type": "Point", "coordinates": [30.2498887, 50.5489234]}}, {"type": "Feature", "properties": {"osmid": 4473}, "geometry": {"type": "Point", "coordinates": [30.2800008, 50.3443692]}}, {"type": "Feature", "properties": {"osmid": 4474}, "geometry": {"type": "Point", "coordinates": [30.2874939, 50.3438473]}}, {"type": "Feature", "properties": {"osmid": 4475}, "geometry": {"type": "Point", "coordinates": [30.6043331, 50.4221494]}}, {"type": "Feature", "properties": {"osmid": 4476}, "geometry": {"type": "Point", "coordinates": [30.6082627, 50.4652734]}}, {"type": "Feature", "properties": {"osmid": 4477}, "geometry": {"type": "Point", "coordinates": [30.5286808, 50.3998559]}}, {"type": "Feature", "properties": {"osmid": 4478}, "geometry": {"type": "Point", "coordinates": [30.2620729, 50.5506192]}}, {"type": "Feature", "properties": {"osmid": 4479}, "geometry": {"type": "Point", "coordinates": [30.245062, 50.5497193]}}, {"type": "Feature", "properties": {"osmid": 4480}, "geometry": {"type": "Point", "coordinates": [30.607796, 50.4644293]}}, {"type": "Feature", "properties": {"osmid": 4481}, "geometry": {"type": "Point", "coordinates": [30.5289958, 50.4001326]}}, {"type": "Feature", "properties": {"osmid": 4482}, "geometry": {"type": "Point", "coordinates": [30.6272622, 50.4413932]}}, {"type": "Feature", "properties": {"osmid": 4483}, "geometry": {"type": "Point", "coordinates": [30.6336178, 50.4317086]}}, {"type": "Feature", "properties": {"osmid": 4484}, "geometry": {"type": "Point", "coordinates": [30.548288, 50.4193193]}}, {"type": "Feature", "properties": {"osmid": 4485}, "geometry": {"type": "Point", "coordinates": [30.5336216, 50.3804925]}}, {"type": "Feature", "properties": {"osmid": 4486}, "geometry": {"type": "Point", "coordinates": [30.4329668, 50.462087]}}, {"type": "Feature", "properties": {"osmid": 4487}, "geometry": {"type": "Point", "coordinates": [30.3633968, 50.4238721]}}, {"type": "Feature", "properties": {"osmid": 4488}, "geometry": {"type": "Point", "coordinates": [30.3643896, 50.4240368]}}, {"type": "Feature", "properties": {"osmid": 4489}, "geometry": {"type": "Point", "coordinates": [30.4476645, 50.4809284]}}, {"type": "Feature", "properties": {"osmid": 4490}, "geometry": {"type": "Point", "coordinates": [30.3715828, 50.3720888]}}, {"type": "Feature", "properties": {"osmid": 4491}, "geometry": {"type": "Point", "coordinates": [30.54931, 50.3715677]}}, {"type": "Feature", "properties": {"osmid": 4492}, "geometry": {"type": "Point", "coordinates": [30.6049611, 50.3819815]}}, {"type": "Feature", "properties": {"osmid": 4493}, "geometry": {"type": "Point", "coordinates": [30.4441204, 50.449972]}}, {"type": "Feature", "properties": {"osmid": 4494}, "geometry": {"type": "Point", "coordinates": [30.3712632, 50.3770648]}}, {"type": "Feature", "properties": {"osmid": 4495}, "geometry": {"type": "Point", "coordinates": [30.6250582, 50.3898513]}}, {"type": "Feature", "properties": {"osmid": 4496}, "geometry": {"type": "Point", "coordinates": [30.3870712, 50.4200527]}}, {"type": "Feature", "properties": {"osmid": 4497}, "geometry": {"type": "Point", "coordinates": [30.5450216, 50.435491]}}, {"type": "Feature", "properties": {"osmid": 4498}, "geometry": {"type": "Point", "coordinates": [30.5252144, 50.4135253]}}, {"type": "Feature", "properties": {"osmid": 4499}, "geometry": {"type": "Point", "coordinates": [30.4392055, 50.4746518]}}, {"type": "Feature", "properties": {"osmid": 4500}, "geometry": {"type": "Point", "coordinates": [30.3375332, 50.4047181]}}, {"type": "Feature", "properties": {"osmid": 4501}, "geometry": {"type": "Point", "coordinates": [30.573898, 50.4129567]}}, {"type": "Feature", "properties": {"osmid": 4502}, "geometry": {"type": "Point", "coordinates": [30.4522261, 50.3925214]}}, {"type": "Feature", "properties": {"osmid": 4503}, "geometry": {"type": "Point", "coordinates": [30.7729218, 50.5184452]}}, {"type": "Feature", "properties": {"osmid": 4504}, "geometry": {"type": "Point", "coordinates": [30.770905, 50.5190291]}}, {"type": "Feature", "properties": {"osmid": 4505}, "geometry": {"type": "Point", "coordinates": [30.4470708, 50.4544032]}}, {"type": "Feature", "properties": {"osmid": 4506}, "geometry": {"type": "Point", "coordinates": [30.5945398, 50.454552]}}, {"type": "Feature", "properties": {"osmid": 4507}, "geometry": {"type": "Point", "coordinates": [30.8427672, 50.5083106]}}, {"type": "Feature", "properties": {"osmid": 4508}, "geometry": {"type": "Point", "coordinates": [30.5946557, 50.4546001]}}, {"type": "Feature", "properties": {"osmid": 4509}, "geometry": {"type": "Point", "coordinates": [30.5954078, 50.4549075]}}, {"type": "Feature", "properties": {"osmid": 4510}, "geometry": {"type": "Point", "coordinates": [30.3606394, 50.3719379]}}, {"type": "Feature", "properties": {"osmid": 4511}, "geometry": {"type": "Point", "coordinates": [30.480157, 50.3822095]}}, {"type": "Feature", "properties": {"osmid": 4512}, "geometry": {"type": "Point", "coordinates": [30.2844038, 50.3901019]}}, {"type": "Feature", "properties": {"osmid": 4513}, "geometry": {"type": "Point", "coordinates": [30.270845, 50.5654942]}}, {"type": "Feature", "properties": {"osmid": 4514}, "geometry": {"type": "Point", "coordinates": [30.3701947, 50.3734755]}}, {"type": "Feature", "properties": {"osmid": 4515}, "geometry": {"type": "Point", "coordinates": [30.7049075, 50.390091]}}, {"type": "Feature", "properties": {"osmid": 4516}, "geometry": {"type": "Point", "coordinates": [30.3652462, 50.3774883]}}, {"type": "Feature", "properties": {"osmid": 4517}, "geometry": {"type": "Point", "coordinates": [30.3650383, 50.3768648]}}, {"type": "Feature", "properties": {"osmid": 4518}, "geometry": {"type": "Point", "coordinates": [30.5501273, 50.3421489]}}, {"type": "Feature", "properties": {"osmid": 4519}, "geometry": {"type": "Point", "coordinates": [30.5332973, 50.3436968]}}, {"type": "Feature", "properties": {"osmid": 4520}, "geometry": {"type": "Point", "coordinates": [30.2568166, 50.5512462]}}, {"type": "Feature", "properties": {"osmid": 4521}, "geometry": {"type": "Point", "coordinates": [30.4543864, 50.5179894]}}, {"type": "Feature", "properties": {"osmid": 4522}, "geometry": {"type": "Point", "coordinates": [30.3941431, 50.4066222]}}, {"type": "Feature", "properties": {"osmid": 4523}, "geometry": {"type": "Point", "coordinates": [30.5304038, 50.3421995]}}, {"type": "Feature", "properties": {"osmid": 4524}, "geometry": {"type": "Point", "coordinates": [30.7966361, 50.5188855]}}, {"type": "Feature", "properties": {"osmid": 4525}, "geometry": {"type": "Point", "coordinates": [30.4078828, 50.507719]}}, {"type": "Feature", "properties": {"osmid": 4526}, "geometry": {"type": "Point", "coordinates": [30.6003163, 50.394251]}}, {"type": "Feature", "properties": {"osmid": 4527}, "geometry": {"type": "Point", "coordinates": [30.6003377, 50.3945134]}}, {"type": "Feature", "properties": {"osmid": 4528}, "geometry": {"type": "Point", "coordinates": [30.8273909, 50.5712777]}}, {"type": "Feature", "properties": {"osmid": 4529}, "geometry": {"type": "Point", "coordinates": [30.242596, 50.5108834]}}, {"type": "Feature", "properties": {"osmid": 4530}, "geometry": {"type": "Point", "coordinates": [30.6037313, 50.3941297]}}, {"type": "Feature", "properties": {"osmid": 4531}, "geometry": {"type": "Point", "coordinates": [30.4916865, 50.3938652]}}, {"type": "Feature", "properties": {"osmid": 4532}, "geometry": {"type": "Point", "coordinates": [30.3331963, 50.4669569]}}, {"type": "Feature", "properties": {"osmid": 4533}, "geometry": {"type": "Point", "coordinates": [30.4227117, 50.5045116]}}, {"type": "Feature", "properties": {"osmid": 4534}, "geometry": {"type": "Point", "coordinates": [30.3341153, 50.4677275]}}, {"type": "Feature", "properties": {"osmid": 4535}, "geometry": {"type": "Point", "coordinates": [30.3348722, 50.4683905]}}, {"type": "Feature", "properties": {"osmid": 4536}, "geometry": {"type": "Point", "coordinates": [30.4445505, 50.3920292]}}, {"type": "Feature", "properties": {"osmid": 4537}, "geometry": {"type": "Point", "coordinates": [30.6127756, 50.3951574]}}, {"type": "Feature", "properties": {"osmid": 4538}, "geometry": {"type": "Point", "coordinates": [30.3356526, 50.4690739]}}, {"type": "Feature", "properties": {"osmid": 4539}, "geometry": {"type": "Point", "coordinates": [30.601998, 50.394812]}}, {"type": "Feature", "properties": {"osmid": 4540}, "geometry": {"type": "Point", "coordinates": [30.6160226, 50.3965215]}}, {"type": "Feature", "properties": {"osmid": 4541}, "geometry": {"type": "Point", "coordinates": [30.2509434, 50.5493545]}}, {"type": "Feature", "properties": {"osmid": 4542}, "geometry": {"type": "Point", "coordinates": [30.6156828, 50.3966211]}}, {"type": "Feature", "properties": {"osmid": 4543}, "geometry": {"type": "Point", "coordinates": [30.6760015, 50.5699654]}}, {"type": "Feature", "properties": {"osmid": 4544}, "geometry": {"type": "Point", "coordinates": [30.3290672, 50.375832]}}, {"type": "Feature", "properties": {"osmid": 4545}, "geometry": {"type": "Point", "coordinates": [30.4781166, 50.382605]}}, {"type": "Feature", "properties": {"osmid": 4546}, "geometry": {"type": "Point", "coordinates": [30.6374491, 50.4280946]}}, {"type": "Feature", "properties": {"osmid": 4547}, "geometry": {"type": "Point", "coordinates": [30.6149155, 50.3954915]}}, {"type": "Feature", "properties": {"osmid": 4548}, "geometry": {"type": "Point", "coordinates": [30.6224043, 50.4176057]}}, {"type": "Feature", "properties": {"osmid": 4549}, "geometry": {"type": "Point", "coordinates": [30.3316819, 50.4730163]}}, {"type": "Feature", "properties": {"osmid": 4550}, "geometry": {"type": "Point", "coordinates": [30.3852911, 50.4106772]}}, {"type": "Feature", "properties": {"osmid": 4551}, "geometry": {"type": "Point", "coordinates": [30.5282026, 50.3421294]}}, {"type": "Feature", "properties": {"osmid": 4552}, "geometry": {"type": "Point", "coordinates": [30.6174858, 50.3958954]}}, {"type": "Feature", "properties": {"osmid": 4553}, "geometry": {"type": "Point", "coordinates": [30.5155337, 50.4997211]}}, {"type": "Feature", "properties": {"osmid": 4554}, "geometry": {"type": "Point", "coordinates": [30.6174826, 50.3957259]}}, {"type": "Feature", "properties": {"osmid": 4555}, "geometry": {"type": "Point", "coordinates": [30.6033694, 50.3943832]}}, {"type": "Feature", "properties": {"osmid": 4556}, "geometry": {"type": "Point", "coordinates": [30.244248, 50.5049023]}}, {"type": "Feature", "properties": {"osmid": 4557}, "geometry": {"type": "Point", "coordinates": [30.6166812, 50.3946528]}}, {"type": "Feature", "properties": {"osmid": 4558}, "geometry": {"type": "Point", "coordinates": [30.6163602, 50.3945586]}}, {"type": "Feature", "properties": {"osmid": 4559}, "geometry": {"type": "Point", "coordinates": [30.3438314, 50.4345316]}}, {"type": "Feature", "properties": {"osmid": 4560}, "geometry": {"type": "Point", "coordinates": [30.464945, 50.3850318]}}, {"type": "Feature", "properties": {"osmid": 4561}, "geometry": {"type": "Point", "coordinates": [30.5629567, 50.4367741]}}, {"type": "Feature", "properties": {"osmid": 4562}, "geometry": {"type": "Point", "coordinates": [30.4416022, 50.5048793]}}, {"type": "Feature", "properties": {"osmid": 4563}, "geometry": {"type": "Point", "coordinates": [30.6148781, 50.3953209]}}, {"type": "Feature", "properties": {"osmid": 4564}, "geometry": {"type": "Point", "coordinates": [30.3634911, 50.374679]}}, {"type": "Feature", "properties": {"osmid": 4565}, "geometry": {"type": "Point", "coordinates": [30.4145201, 50.4449238]}}, {"type": "Feature", "properties": {"osmid": 4566}, "geometry": {"type": "Point", "coordinates": [30.3320967, 50.4266596]}}, {"type": "Feature", "properties": {"osmid": 4567}, "geometry": {"type": "Point", "coordinates": [30.6011465, 50.4116811]}}, {"type": "Feature", "properties": {"osmid": 4568}, "geometry": {"type": "Point", "coordinates": [30.6195655, 50.3961888]}}, {"type": "Feature", "properties": {"osmid": 4569}, "geometry": {"type": "Point", "coordinates": [30.8424308, 50.5454197]}}, {"type": "Feature", "properties": {"osmid": 4570}, "geometry": {"type": "Point", "coordinates": [30.6196566, 50.3960597]}}, {"type": "Feature", "properties": {"osmid": 4571}, "geometry": {"type": "Point", "coordinates": [30.2810628, 50.4395763]}}, {"type": "Feature", "properties": {"osmid": 4572}, "geometry": {"type": "Point", "coordinates": [30.431348, 50.3899054]}}, {"type": "Feature", "properties": {"osmid": 4573}, "geometry": {"type": "Point", "coordinates": [30.5352554, 50.4035301]}}, {"type": "Feature", "properties": {"osmid": 4574}, "geometry": {"type": "Point", "coordinates": [30.6169821, 50.3936318]}}, {"type": "Feature", "properties": {"osmid": 4575}, "geometry": {"type": "Point", "coordinates": [30.6178077, 50.3931305]}}, {"type": "Feature", "properties": {"osmid": 4576}, "geometry": {"type": "Point", "coordinates": [30.8173208, 50.5581212]}}, {"type": "Feature", "properties": {"osmid": 4577}, "geometry": {"type": "Point", "coordinates": [30.8274029, 50.5387183]}}, {"type": "Feature", "properties": {"osmid": 4578}, "geometry": {"type": "Point", "coordinates": [30.3853228, 50.3824856]}}, {"type": "Feature", "properties": {"osmid": 4579}, "geometry": {"type": "Point", "coordinates": [30.4941786, 50.4470446]}}, {"type": "Feature", "properties": {"osmid": 4580}, "geometry": {"type": "Point", "coordinates": [30.2493253, 50.4480161]}}, {"type": "Feature", "properties": {"osmid": 4581}, "geometry": {"type": "Point", "coordinates": [30.4269379, 50.4235384]}}, {"type": "Feature", "properties": {"osmid": 4582}, "geometry": {"type": "Point", "coordinates": [30.3648466, 50.4559666]}}, {"type": "Feature", "properties": {"osmid": 4583}, "geometry": {"type": "Point", "coordinates": [30.2555366, 50.4483329]}}, {"type": "Feature", "properties": {"osmid": 4584}, "geometry": {"type": "Point", "coordinates": [30.5625416, 50.4367017]}}, {"type": "Feature", "properties": {"osmid": 4585}, "geometry": {"type": "Point", "coordinates": [30.395488, 50.367328]}}, {"type": "Feature", "properties": {"osmid": 4586}, "geometry": {"type": "Point", "coordinates": [30.2543676, 50.4483871]}}, {"type": "Feature", "properties": {"osmid": 4587}, "geometry": {"type": "Point", "coordinates": [30.3558505, 50.539487]}}, {"type": "Feature", "properties": {"osmid": 4588}, "geometry": {"type": "Point", "coordinates": [30.6153741, 50.3982571]}}, {"type": "Feature", "properties": {"osmid": 4589}, "geometry": {"type": "Point", "coordinates": [30.6157117, 50.3978732]}}, {"type": "Feature", "properties": {"osmid": 4590}, "geometry": {"type": "Point", "coordinates": [30.3516372, 50.5426515]}}, {"type": "Feature", "properties": {"osmid": 4591}, "geometry": {"type": "Point", "coordinates": [30.4853077, 50.4839291]}}, {"type": "Feature", "properties": {"osmid": 4592}, "geometry": {"type": "Point", "coordinates": [30.6257576, 50.3970032]}}, {"type": "Feature", "properties": {"osmid": 4593}, "geometry": {"type": "Point", "coordinates": [30.3619914, 50.5157435]}}, {"type": "Feature", "properties": {"osmid": 4594}, "geometry": {"type": "Point", "coordinates": [30.6154308, 50.4013756]}}, {"type": "Feature", "properties": {"osmid": 4595}, "geometry": {"type": "Point", "coordinates": [30.4976062, 50.4892228]}}, {"type": "Feature", "properties": {"osmid": 4596}, "geometry": {"type": "Point", "coordinates": [30.7732199, 50.4610538]}}, {"type": "Feature", "properties": {"osmid": 4597}, "geometry": {"type": "Point", "coordinates": [30.6091444, 50.4169682]}}, {"type": "Feature", "properties": {"osmid": 4598}, "geometry": {"type": "Point", "coordinates": [30.5672237, 50.4231263]}}, {"type": "Feature", "properties": {"osmid": 4599}, "geometry": {"type": "Point", "coordinates": [30.7946932, 50.5089446]}}, {"type": "Feature", "properties": {"osmid": 4600}, "geometry": {"type": "Point", "coordinates": [30.5229785, 50.4512492]}}, {"type": "Feature", "properties": {"osmid": 4601}, "geometry": {"type": "Point", "coordinates": [30.8434044, 50.5593843]}}, {"type": "Feature", "properties": {"osmid": 4602}, "geometry": {"type": "Point", "coordinates": [30.8441584, 50.5587825]}}, {"type": "Feature", "properties": {"osmid": 4603}, "geometry": {"type": "Point", "coordinates": [30.5059279, 50.3966981]}}, {"type": "Feature", "properties": {"osmid": 4604}, "geometry": {"type": "Point", "coordinates": [30.502157, 50.3957136]}}, {"type": "Feature", "properties": {"osmid": 4605}, "geometry": {"type": "Point", "coordinates": [30.4530615, 50.5272563]}}, {"type": "Feature", "properties": {"osmid": 4606}, "geometry": {"type": "Point", "coordinates": [30.8297256, 50.5051771]}}, {"type": "Feature", "properties": {"osmid": 4607}, "geometry": {"type": "Point", "coordinates": [30.8359235, 50.5099457]}}, {"type": "Feature", "properties": {"osmid": 4608}, "geometry": {"type": "Point", "coordinates": [30.8265737, 50.5066936]}}, {"type": "Feature", "properties": {"osmid": 4609}, "geometry": {"type": "Point", "coordinates": [30.8329794, 50.5115746]}}, {"type": "Feature", "properties": {"osmid": 4610}, "geometry": {"type": "Point", "coordinates": [30.6292416, 50.3975399]}}, {"type": "Feature", "properties": {"osmid": 4611}, "geometry": {"type": "Point", "coordinates": [30.6306534, 50.3979117]}}, {"type": "Feature", "properties": {"osmid": 4612}, "geometry": {"type": "Point", "coordinates": [30.5646315, 50.4242315]}}, {"type": "Feature", "properties": {"osmid": 4613}, "geometry": {"type": "Point", "coordinates": [30.633541, 50.4007174]}}, {"type": "Feature", "properties": {"osmid": 4614}, "geometry": {"type": "Point", "coordinates": [30.6352574, 50.3962347]}}, {"type": "Feature", "properties": {"osmid": 4615}, "geometry": {"type": "Point", "coordinates": [30.6344574, 50.3962325]}}, {"type": "Feature", "properties": {"osmid": 4616}, "geometry": {"type": "Point", "coordinates": [30.4409902, 50.48678]}}, {"type": "Feature", "properties": {"osmid": 4617}, "geometry": {"type": "Point", "coordinates": [30.2511651, 50.5211752]}}, {"type": "Feature", "properties": {"osmid": 4618}, "geometry": {"type": "Point", "coordinates": [30.6341528, 50.39919]}}, {"type": "Feature", "properties": {"osmid": 4619}, "geometry": {"type": "Point", "coordinates": [30.5149995, 50.443294]}}, {"type": "Feature", "properties": {"osmid": 4620}, "geometry": {"type": "Point", "coordinates": [30.517251, 50.4429414]}}, {"type": "Feature", "properties": {"osmid": 4621}, "geometry": {"type": "Point", "coordinates": [30.6081271, 50.4566392]}}, {"type": "Feature", "properties": {"osmid": 4622}, "geometry": {"type": "Point", "coordinates": [30.5697984, 50.4244532]}}, {"type": "Feature", "properties": {"osmid": 4623}, "geometry": {"type": "Point", "coordinates": [30.3554088, 50.3651399]}}, {"type": "Feature", "properties": {"osmid": 4624}, "geometry": {"type": "Point", "coordinates": [30.5628852, 50.4039959]}}, {"type": "Feature", "properties": {"osmid": 4625}, "geometry": {"type": "Point", "coordinates": [30.4027665, 50.3323959]}}, {"type": "Feature", "properties": {"osmid": 4626}, "geometry": {"type": "Point", "coordinates": [30.5210665, 50.4428357]}}, {"type": "Feature", "properties": {"osmid": 4627}, "geometry": {"type": "Point", "coordinates": [30.4474639, 50.5055062]}}, {"type": "Feature", "properties": {"osmid": 4628}, "geometry": {"type": "Point", "coordinates": [30.6352534, 50.394278]}}, {"type": "Feature", "properties": {"osmid": 4629}, "geometry": {"type": "Point", "coordinates": [30.6349982, 50.3949219]}}, {"type": "Feature", "properties": {"osmid": 4630}, "geometry": {"type": "Point", "coordinates": [30.6322413, 50.3972807]}}, {"type": "Feature", "properties": {"osmid": 4631}, "geometry": {"type": "Point", "coordinates": [30.6314263, 50.3973211]}}, {"type": "Feature", "properties": {"osmid": 4632}, "geometry": {"type": "Point", "coordinates": [30.6314787, 50.3975985]}}, {"type": "Feature", "properties": {"osmid": 4633}, "geometry": {"type": "Point", "coordinates": [30.6304711, 50.3977289]}}, {"type": "Feature", "properties": {"osmid": 4634}, "geometry": {"type": "Point", "coordinates": [30.4322712, 50.4456979]}}, {"type": "Feature", "properties": {"osmid": 4635}, "geometry": {"type": "Point", "coordinates": [30.5677416, 50.4264404]}}, {"type": "Feature", "properties": {"osmid": 4636}, "geometry": {"type": "Point", "coordinates": [30.6051058, 50.4949954]}}, {"type": "Feature", "properties": {"osmid": 4637}, "geometry": {"type": "Point", "coordinates": [30.6050057, 50.4949901]}}, {"type": "Feature", "properties": {"osmid": 4638}, "geometry": {"type": "Point", "coordinates": [30.2604003, 50.490059]}}, {"type": "Feature", "properties": {"osmid": 4639}, "geometry": {"type": "Point", "coordinates": [30.260613, 50.4899193]}}, {"type": "Feature", "properties": {"osmid": 4640}, "geometry": {"type": "Point", "coordinates": [30.7892039, 50.3822592]}}, {"type": "Feature", "properties": {"osmid": 4641}, "geometry": {"type": "Point", "coordinates": [30.7281495, 50.487821]}}, {"type": "Feature", "properties": {"osmid": 4642}, "geometry": {"type": "Point", "coordinates": [30.7282346, 50.4876885]}}, {"type": "Feature", "properties": {"osmid": 4643}, "geometry": {"type": "Point", "coordinates": [30.605039, 50.4948732]}}, {"type": "Feature", "properties": {"osmid": 4644}, "geometry": {"type": "Point", "coordinates": [30.5564033, 50.4151007]}}, {"type": "Feature", "properties": {"osmid": 4645}, "geometry": {"type": "Point", "coordinates": [30.5136014, 50.4884878]}}, {"type": "Feature", "properties": {"osmid": 4646}, "geometry": {"type": "Point", "coordinates": [30.6051577, 50.4949142]}}, {"type": "Feature", "properties": {"osmid": 4647}, "geometry": {"type": "Point", "coordinates": [30.553323, 50.4178134]}}, {"type": "Feature", "properties": {"osmid": 4648}, "geometry": {"type": "Point", "coordinates": [30.4665964, 50.3856698]}}, {"type": "Feature", "properties": {"osmid": 4649}, "geometry": {"type": "Point", "coordinates": [30.5227399, 50.5862712]}}, {"type": "Feature", "properties": {"osmid": 4650}, "geometry": {"type": "Point", "coordinates": [30.4621117, 50.4988231]}}, {"type": "Feature", "properties": {"osmid": 4651}, "geometry": {"type": "Point", "coordinates": [30.4622102, 50.4988582]}}, {"type": "Feature", "properties": {"osmid": 4652}, "geometry": {"type": "Point", "coordinates": [30.4988301, 50.5295638]}}, {"type": "Feature", "properties": {"osmid": 4653}, "geometry": {"type": "Point", "coordinates": [30.5193517, 50.448163]}}, {"type": "Feature", "properties": {"osmid": 4654}, "geometry": {"type": "Point", "coordinates": [30.3711412, 50.3766439]}}, {"type": "Feature", "properties": {"osmid": 4655}, "geometry": {"type": "Point", "coordinates": [30.265116, 50.5645762]}}, {"type": "Feature", "properties": {"osmid": 4656}, "geometry": {"type": "Point", "coordinates": [30.5167784, 50.4485806]}}, {"type": "Feature", "properties": {"osmid": 4657}, "geometry": {"type": "Point", "coordinates": [30.6377114, 50.3989982]}}, {"type": "Feature", "properties": {"osmid": 4658}, "geometry": {"type": "Point", "coordinates": [30.6377906, 50.3988599]}}, {"type": "Feature", "properties": {"osmid": 4659}, "geometry": {"type": "Point", "coordinates": [30.2637309, 50.5642677]}}, {"type": "Feature", "properties": {"osmid": 4660}, "geometry": {"type": "Point", "coordinates": [30.641742, 50.3994659]}}, {"type": "Feature", "properties": {"osmid": 4661}, "geometry": {"type": "Point", "coordinates": [30.2399182, 50.5779531]}}, {"type": "Feature", "properties": {"osmid": 4662}, "geometry": {"type": "Point", "coordinates": [30.5262889, 50.437584]}}, {"type": "Feature", "properties": {"osmid": 4663}, "geometry": {"type": "Point", "coordinates": [30.478305, 50.5514528]}}, {"type": "Feature", "properties": {"osmid": 4664}, "geometry": {"type": "Point", "coordinates": [30.3980062, 50.3577148]}}, {"type": "Feature", "properties": {"osmid": 4665}, "geometry": {"type": "Point", "coordinates": [30.7033654, 50.391021]}}, {"type": "Feature", "properties": {"osmid": 4666}, "geometry": {"type": "Point", "coordinates": [30.6312616, 50.4031662]}}, {"type": "Feature", "properties": {"osmid": 4667}, "geometry": {"type": "Point", "coordinates": [30.3205555, 50.489135]}}, {"type": "Feature", "properties": {"osmid": 4668}, "geometry": {"type": "Point", "coordinates": [30.3965253, 50.3657659]}}, {"type": "Feature", "properties": {"osmid": 4669}, "geometry": {"type": "Point", "coordinates": [30.4793814, 50.4804372]}}, {"type": "Feature", "properties": {"osmid": 4670}, "geometry": {"type": "Point", "coordinates": [30.4873407, 50.590231]}}, {"type": "Feature", "properties": {"osmid": 4671}, "geometry": {"type": "Point", "coordinates": [30.6976853, 50.36574]}}, {"type": "Feature", "properties": {"osmid": 4672}, "geometry": {"type": "Point", "coordinates": [30.4707615, 50.5663245]}}, {"type": "Feature", "properties": {"osmid": 4673}, "geometry": {"type": "Point", "coordinates": [30.4876089, 50.4293641]}}, {"type": "Feature", "properties": {"osmid": 4674}, "geometry": {"type": "Point", "coordinates": [30.4873524, 50.4293995]}}, {"type": "Feature", "properties": {"osmid": 4675}, "geometry": {"type": "Point", "coordinates": [30.5163453, 50.5280407]}}, {"type": "Feature", "properties": {"osmid": 4676}, "geometry": {"type": "Point", "coordinates": [30.4023475, 50.3568255]}}, {"type": "Feature", "properties": {"osmid": 4677}, "geometry": {"type": "Point", "coordinates": [30.6571061, 50.4681623]}}, {"type": "Feature", "properties": {"osmid": 4678}, "geometry": {"type": "Point", "coordinates": [30.6347406, 50.3955421]}}, {"type": "Feature", "properties": {"osmid": 4679}, "geometry": {"type": "Point", "coordinates": [30.2391998, 50.5521059]}}, {"type": "Feature", "properties": {"osmid": 4680}, "geometry": {"type": "Point", "coordinates": [30.6358698, 50.3941142]}}, {"type": "Feature", "properties": {"osmid": 4681}, "geometry": {"type": "Point", "coordinates": [30.6359183, 50.3939018]}}, {"type": "Feature", "properties": {"osmid": 4682}, "geometry": {"type": "Point", "coordinates": [30.6354121, 50.3938803]}}, {"type": "Feature", "properties": {"osmid": 4683}, "geometry": {"type": "Point", "coordinates": [30.7041332, 50.3689838]}}, {"type": "Feature", "properties": {"osmid": 4684}, "geometry": {"type": "Point", "coordinates": [30.4086665, 50.4797573]}}, {"type": "Feature", "properties": {"osmid": 4685}, "geometry": {"type": "Point", "coordinates": [30.4106065, 50.3549506]}}, {"type": "Feature", "properties": {"osmid": 4686}, "geometry": {"type": "Point", "coordinates": [30.396319, 50.3624581]}}, {"type": "Feature", "properties": {"osmid": 4687}, "geometry": {"type": "Point", "coordinates": [30.5127882, 50.4885248]}}, {"type": "Feature", "properties": {"osmid": 4688}, "geometry": {"type": "Point", "coordinates": [30.4100013, 50.4587824]}}, {"type": "Feature", "properties": {"osmid": 4689}, "geometry": {"type": "Point", "coordinates": [30.3128083, 50.4425599]}}, {"type": "Feature", "properties": {"osmid": 4690}, "geometry": {"type": "Point", "coordinates": [30.6491342, 50.4007577]}}, {"type": "Feature", "properties": {"osmid": 4691}, "geometry": {"type": "Point", "coordinates": [30.4999021, 50.5277741]}}, {"type": "Feature", "properties": {"osmid": 4692}, "geometry": {"type": "Point", "coordinates": [30.8032015, 50.4676827]}}, {"type": "Feature", "properties": {"osmid": 4693}, "geometry": {"type": "Point", "coordinates": [30.6518366, 50.4017468]}}, {"type": "Feature", "properties": {"osmid": 4694}, "geometry": {"type": "Point", "coordinates": [30.6523467, 50.4003626]}}, {"type": "Feature", "properties": {"osmid": 4695}, "geometry": {"type": "Point", "coordinates": [30.7567188, 50.3938546]}}, {"type": "Feature", "properties": {"osmid": 4696}, "geometry": {"type": "Point", "coordinates": [30.4124211, 50.3535259]}}, {"type": "Feature", "properties": {"osmid": 4697}, "geometry": {"type": "Point", "coordinates": [30.653221, 50.4012273]}}, {"type": "Feature", "properties": {"osmid": 4698}, "geometry": {"type": "Point", "coordinates": [30.4246614, 50.4395867]}}, {"type": "Feature", "properties": {"osmid": 4699}, "geometry": {"type": "Point", "coordinates": [30.651077, 50.4010476]}}, {"type": "Feature", "properties": {"osmid": 4700}, "geometry": {"type": "Point", "coordinates": [30.4832298, 50.5239423]}}, {"type": "Feature", "properties": {"osmid": 4701}, "geometry": {"type": "Point", "coordinates": [30.6334424, 50.4685665]}}, {"type": "Feature", "properties": {"osmid": 4702}, "geometry": {"type": "Point", "coordinates": [30.3954291, 50.3597241]}}, {"type": "Feature", "properties": {"osmid": 4703}, "geometry": {"type": "Point", "coordinates": [30.6527345, 50.3989649]}}, {"type": "Feature", "properties": {"osmid": 4704}, "geometry": {"type": "Point", "coordinates": [30.6490258, 50.4005861]}}, {"type": "Feature", "properties": {"osmid": 4705}, "geometry": {"type": "Point", "coordinates": [30.483195, 50.5230228]}}, {"type": "Feature", "properties": {"osmid": 4706}, "geometry": {"type": "Point", "coordinates": [30.6511239, 50.4009007]}}, {"type": "Feature", "properties": {"osmid": 4707}, "geometry": {"type": "Point", "coordinates": [30.4837633, 50.5257275]}}, {"type": "Feature", "properties": {"osmid": 4708}, "geometry": {"type": "Point", "coordinates": [30.5189863, 50.4066194]}}, {"type": "Feature", "properties": {"osmid": 4709}, "geometry": {"type": "Point", "coordinates": [30.4838042, 50.5270717]}}, {"type": "Feature", "properties": {"osmid": 4710}, "geometry": {"type": "Point", "coordinates": [30.3186459, 50.4528238]}}, {"type": "Feature", "properties": {"osmid": 4711}, "geometry": {"type": "Point", "coordinates": [30.3947285, 50.3677104]}}, {"type": "Feature", "properties": {"osmid": 4712}, "geometry": {"type": "Point", "coordinates": [30.4812834, 50.5176537]}}, {"type": "Feature", "properties": {"osmid": 4713}, "geometry": {"type": "Point", "coordinates": [30.5604343, 50.425441]}}, {"type": "Feature", "properties": {"osmid": 4714}, "geometry": {"type": "Point", "coordinates": [30.654664, 50.4016001]}}, {"type": "Feature", "properties": {"osmid": 4715}, "geometry": {"type": "Point", "coordinates": [30.6556128, 50.4015929]}}, {"type": "Feature", "properties": {"osmid": 4716}, "geometry": {"type": "Point", "coordinates": [30.6537005, 50.4031532]}}, {"type": "Feature", "properties": {"osmid": 4717}, "geometry": {"type": "Point", "coordinates": [30.639948, 50.406896]}}, {"type": "Feature", "properties": {"osmid": 4718}, "geometry": {"type": "Point", "coordinates": [30.6511401, 50.403496]}}, {"type": "Feature", "properties": {"osmid": 4719}, "geometry": {"type": "Point", "coordinates": [30.4845584, 50.5250208]}}, {"type": "Feature", "properties": {"osmid": 4720}, "geometry": {"type": "Point", "coordinates": [30.3768903, 50.3760617]}}, {"type": "Feature", "properties": {"osmid": 4721}, "geometry": {"type": "Point", "coordinates": [30.6168221, 50.4922025]}}, {"type": "Feature", "properties": {"osmid": 4722}, "geometry": {"type": "Point", "coordinates": [30.6563218, 50.4082601]}}, {"type": "Feature", "properties": {"osmid": 4723}, "geometry": {"type": "Point", "coordinates": [30.6569057, 50.4085448]}}, {"type": "Feature", "properties": {"osmid": 4724}, "geometry": {"type": "Point", "coordinates": [30.6570943, 50.4080262]}}, {"type": "Feature", "properties": {"osmid": 4725}, "geometry": {"type": "Point", "coordinates": [30.4233416, 50.3959136]}}, {"type": "Feature", "properties": {"osmid": 4726}, "geometry": {"type": "Point", "coordinates": [30.6582336, 50.4082959]}}, {"type": "Feature", "properties": {"osmid": 4727}, "geometry": {"type": "Point", "coordinates": [30.6563895, 50.4075432]}}, {"type": "Feature", "properties": {"osmid": 4728}, "geometry": {"type": "Point", "coordinates": [30.4712052, 50.5644254]}}, {"type": "Feature", "properties": {"osmid": 4729}, "geometry": {"type": "Point", "coordinates": [30.65595, 50.408825]}}, {"type": "Feature", "properties": {"osmid": 4730}, "geometry": {"type": "Point", "coordinates": [30.3584085, 50.3403835]}}, {"type": "Feature", "properties": {"osmid": 4731}, "geometry": {"type": "Point", "coordinates": [30.3655147, 50.3782843]}}, {"type": "Feature", "properties": {"osmid": 4732}, "geometry": {"type": "Point", "coordinates": [30.467548, 50.3634612]}}, {"type": "Feature", "properties": {"osmid": 4733}, "geometry": {"type": "Point", "coordinates": [30.484246, 50.5249903]}}, {"type": "Feature", "properties": {"osmid": 4734}, "geometry": {"type": "Point", "coordinates": [30.350586, 50.4364687]}}, {"type": "Feature", "properties": {"osmid": 4735}, "geometry": {"type": "Point", "coordinates": [30.4840716, 50.5257344]}}, {"type": "Feature", "properties": {"osmid": 4736}, "geometry": {"type": "Point", "coordinates": [30.7073996, 50.388653]}}, {"type": "Feature", "properties": {"osmid": 4737}, "geometry": {"type": "Point", "coordinates": [30.6806532, 50.4027035]}}, {"type": "Feature", "properties": {"osmid": 4738}, "geometry": {"type": "Point", "coordinates": [30.5243162, 50.4040602]}}, {"type": "Feature", "properties": {"osmid": 4739}, "geometry": {"type": "Point", "coordinates": [30.3349885, 50.5526159]}}, {"type": "Feature", "properties": {"osmid": 4740}, "geometry": {"type": "Point", "coordinates": [30.4980711, 50.52611]}}, {"type": "Feature", "properties": {"osmid": 4741}, "geometry": {"type": "Point", "coordinates": [30.681582, 50.4029687]}}, {"type": "Feature", "properties": {"osmid": 4742}, "geometry": {"type": "Point", "coordinates": [30.6813813, 50.4021821]}}, {"type": "Feature", "properties": {"osmid": 4743}, "geometry": {"type": "Point", "coordinates": [30.6862468, 50.4021804]}}, {"type": "Feature", "properties": {"osmid": 4744}, "geometry": {"type": "Point", "coordinates": [30.6862467, 50.4023444]}}, {"type": "Feature", "properties": {"osmid": 4745}, "geometry": {"type": "Point", "coordinates": [30.6847657, 50.402828]}}, {"type": "Feature", "properties": {"osmid": 4746}, "geometry": {"type": "Point", "coordinates": [30.52458, 50.4042816]}}, {"type": "Feature", "properties": {"osmid": 4747}, "geometry": {"type": "Point", "coordinates": [30.6838475, 50.4033138]}}, {"type": "Feature", "properties": {"osmid": 4748}, "geometry": {"type": "Point", "coordinates": [30.4904404, 50.4561911]}}, {"type": "Feature", "properties": {"osmid": 4749}, "geometry": {"type": "Point", "coordinates": [30.5273243, 50.4404297]}}, {"type": "Feature", "properties": {"osmid": 4750}, "geometry": {"type": "Point", "coordinates": [30.6827934, 50.4033839]}}, {"type": "Feature", "properties": {"osmid": 4751}, "geometry": {"type": "Point", "coordinates": [30.4746912, 50.3572687]}}, {"type": "Feature", "properties": {"osmid": 4752}, "geometry": {"type": "Point", "coordinates": [30.5254789, 50.438591]}}, {"type": "Feature", "properties": {"osmid": 4753}, "geometry": {"type": "Point", "coordinates": [30.3120924, 50.3431119]}}, {"type": "Feature", "properties": {"osmid": 4754}, "geometry": {"type": "Point", "coordinates": [30.6806129, 50.4025899]}}, {"type": "Feature", "properties": {"osmid": 4755}, "geometry": {"type": "Point", "coordinates": [30.6823297, 50.4012646]}}, {"type": "Feature", "properties": {"osmid": 4756}, "geometry": {"type": "Point", "coordinates": [30.6815703, 50.4017519]}}, {"type": "Feature", "properties": {"osmid": 4757}, "geometry": {"type": "Point", "coordinates": [30.3953554, 50.3598587]}}, {"type": "Feature", "properties": {"osmid": 4758}, "geometry": {"type": "Point", "coordinates": [30.5201352, 50.4422217]}}, {"type": "Feature", "properties": {"osmid": 4759}, "geometry": {"type": "Point", "coordinates": [30.4528777, 50.4266331]}}, {"type": "Feature", "properties": {"osmid": 4760}, "geometry": {"type": "Point", "coordinates": [30.3360208, 50.3438798]}}, {"type": "Feature", "properties": {"osmid": 4761}, "geometry": {"type": "Point", "coordinates": [30.6853198, 50.4038201]}}, {"type": "Feature", "properties": {"osmid": 4762}, "geometry": {"type": "Point", "coordinates": [30.4344456, 50.3942382]}}, {"type": "Feature", "properties": {"osmid": 4763}, "geometry": {"type": "Point", "coordinates": [30.55029, 50.3751941]}}, {"type": "Feature", "properties": {"osmid": 4764}, "geometry": {"type": "Point", "coordinates": [30.6883736, 50.3994014]}}, {"type": "Feature", "properties": {"osmid": 4765}, "geometry": {"type": "Point", "coordinates": [30.4731904, 50.4866469]}}, {"type": "Feature", "properties": {"osmid": 4766}, "geometry": {"type": "Point", "coordinates": [30.4724743, 50.4868945]}}, {"type": "Feature", "properties": {"osmid": 4767}, "geometry": {"type": "Point", "coordinates": [30.4516054, 50.4269869]}}, {"type": "Feature", "properties": {"osmid": 4768}, "geometry": {"type": "Point", "coordinates": [30.4739961, 50.4871072]}}, {"type": "Feature", "properties": {"osmid": 4769}, "geometry": {"type": "Point", "coordinates": [30.4719206, 50.4865218]}}, {"type": "Feature", "properties": {"osmid": 4770}, "geometry": {"type": "Point", "coordinates": [30.2798628, 50.3440425]}}, {"type": "Feature", "properties": {"osmid": 4771}, "geometry": {"type": "Point", "coordinates": [30.4717718, 50.4853815]}}, {"type": "Feature", "properties": {"osmid": 4772}, "geometry": {"type": "Point", "coordinates": [30.8408168, 50.5052742]}}, {"type": "Feature", "properties": {"osmid": 4773}, "geometry": {"type": "Point", "coordinates": [30.8411547, 50.5070586]}}, {"type": "Feature", "properties": {"osmid": 4774}, "geometry": {"type": "Point", "coordinates": [30.3294959, 50.3763155]}}, {"type": "Feature", "properties": {"osmid": 4775}, "geometry": {"type": "Point", "coordinates": [30.4728419, 50.4888778]}}, {"type": "Feature", "properties": {"osmid": 4776}, "geometry": {"type": "Point", "coordinates": [30.3585505, 50.4425006]}}, {"type": "Feature", "properties": {"osmid": 4777}, "geometry": {"type": "Point", "coordinates": [30.38455, 50.370359]}}, {"type": "Feature", "properties": {"osmid": 4778}, "geometry": {"type": "Point", "coordinates": [30.3591061, 50.44255]}}, {"type": "Feature", "properties": {"osmid": 4779}, "geometry": {"type": "Point", "coordinates": [30.652773, 50.5932561]}}, {"type": "Feature", "properties": {"osmid": 4780}, "geometry": {"type": "Point", "coordinates": [30.843686, 50.4082866]}}, {"type": "Feature", "properties": {"osmid": 4781}, "geometry": {"type": "Point", "coordinates": [30.3291565, 50.4163498]}}, {"type": "Feature", "properties": {"osmid": 4782}, "geometry": {"type": "Point", "coordinates": [30.8270091, 50.4036416]}}, {"type": "Feature", "properties": {"osmid": 4783}, "geometry": {"type": "Point", "coordinates": [30.6313572, 50.4724809]}}, {"type": "Feature", "properties": {"osmid": 4784}, "geometry": {"type": "Point", "coordinates": [30.4504682, 50.4775117]}}, {"type": "Feature", "properties": {"osmid": 4785}, "geometry": {"type": "Point", "coordinates": [30.4506277, 50.4774479]}}, {"type": "Feature", "properties": {"osmid": 4786}, "geometry": {"type": "Point", "coordinates": [30.3880637, 50.409202]}}, {"type": "Feature", "properties": {"osmid": 4787}, "geometry": {"type": "Point", "coordinates": [30.4491209, 50.4757359]}}, {"type": "Feature", "properties": {"osmid": 4788}, "geometry": {"type": "Point", "coordinates": [30.4476307, 50.4734834]}}, {"type": "Feature", "properties": {"osmid": 4789}, "geometry": {"type": "Point", "coordinates": [30.4480948, 50.473423]}}, {"type": "Feature", "properties": {"osmid": 4790}, "geometry": {"type": "Point", "coordinates": [30.4480614, 50.4733428]}}, {"type": "Feature", "properties": {"osmid": 4791}, "geometry": {"type": "Point", "coordinates": [30.4476007, 50.4734004]}}, {"type": "Feature", "properties": {"osmid": 4792}, "geometry": {"type": "Point", "coordinates": [30.4471593, 50.4710852]}}, {"type": "Feature", "properties": {"osmid": 4793}, "geometry": {"type": "Point", "coordinates": [30.446939, 50.471114]}}, {"type": "Feature", "properties": {"osmid": 4794}, "geometry": {"type": "Point", "coordinates": [30.4466406, 50.4701618]}}, {"type": "Feature", "properties": {"osmid": 4795}, "geometry": {"type": "Point", "coordinates": [30.4468026, 50.4701557]}}, {"type": "Feature", "properties": {"osmid": 4796}, "geometry": {"type": "Point", "coordinates": [30.3724468, 50.3808888]}}, {"type": "Feature", "properties": {"osmid": 4797}, "geometry": {"type": "Point", "coordinates": [30.532684, 50.4489868]}}, {"type": "Feature", "properties": {"osmid": 4798}, "geometry": {"type": "Point", "coordinates": [30.4529427, 50.446464]}}, {"type": "Feature", "properties": {"osmid": 4799}, "geometry": {"type": "Point", "coordinates": [30.4742989, 50.4560703]}}, {"type": "Feature", "properties": {"osmid": 4800}, "geometry": {"type": "Point", "coordinates": [30.6239182, 50.4799916]}}, {"type": "Feature", "properties": {"osmid": 4801}, "geometry": {"type": "Point", "coordinates": [30.5991963, 50.44973]}}, {"type": "Feature", "properties": {"osmid": 4802}, "geometry": {"type": "Point", "coordinates": [30.2572193, 50.5511607]}}, {"type": "Feature", "properties": {"osmid": 4803}, "geometry": {"type": "Point", "coordinates": [30.3809597, 50.4360674]}}, {"type": "Feature", "properties": {"osmid": 4804}, "geometry": {"type": "Point", "coordinates": [30.2480374, 50.5169584]}}, {"type": "Feature", "properties": {"osmid": 4805}, "geometry": {"type": "Point", "coordinates": [30.2481497, 50.5169205]}}, {"type": "Feature", "properties": {"osmid": 4806}, "geometry": {"type": "Point", "coordinates": [30.5971756, 50.4500842]}}, {"type": "Feature", "properties": {"osmid": 4807}, "geometry": {"type": "Point", "coordinates": [30.2478515, 50.516831]}}, {"type": "Feature", "properties": {"osmid": 4808}, "geometry": {"type": "Point", "coordinates": [30.2480649, 50.5166915]}}, {"type": "Feature", "properties": {"osmid": 4809}, "geometry": {"type": "Point", "coordinates": [30.2476837, 50.5171034]}}, {"type": "Feature", "properties": {"osmid": 4810}, "geometry": {"type": "Point", "coordinates": [30.4927449, 50.4485092]}}, {"type": "Feature", "properties": {"osmid": 4811}, "geometry": {"type": "Point", "coordinates": [30.6277833, 50.4768797]}}, {"type": "Feature", "properties": {"osmid": 4812}, "geometry": {"type": "Point", "coordinates": [30.7913515, 50.5245471]}}, {"type": "Feature", "properties": {"osmid": 4813}, "geometry": {"type": "Point", "coordinates": [30.4471752, 50.4626676]}}, {"type": "Feature", "properties": {"osmid": 4814}, "geometry": {"type": "Point", "coordinates": [30.6364615, 50.4792593]}}, {"type": "Feature", "properties": {"osmid": 4815}, "geometry": {"type": "Point", "coordinates": [30.2576539, 50.5985363]}}, {"type": "Feature", "properties": {"osmid": 4816}, "geometry": {"type": "Point", "coordinates": [30.3697352, 50.371069]}}, {"type": "Feature", "properties": {"osmid": 4817}, "geometry": {"type": "Point", "coordinates": [30.3233233, 50.5631669]}}, {"type": "Feature", "properties": {"osmid": 4818}, "geometry": {"type": "Point", "coordinates": [30.6705322, 50.4719874]}}, {"type": "Feature", "properties": {"osmid": 4819}, "geometry": {"type": "Point", "coordinates": [30.6791998, 50.4743934]}}, {"type": "Feature", "properties": {"osmid": 4820}, "geometry": {"type": "Point", "coordinates": [30.6176734, 50.4242381]}}, {"type": "Feature", "properties": {"osmid": 4821}, "geometry": {"type": "Point", "coordinates": [30.8250952, 50.3293339]}}, {"type": "Feature", "properties": {"osmid": 4822}, "geometry": {"type": "Point", "coordinates": [30.4552776, 50.5054368]}}, {"type": "Feature", "properties": {"osmid": 4823}, "geometry": {"type": "Point", "coordinates": [30.6313212, 50.4259428]}}, {"type": "Feature", "properties": {"osmid": 4824}, "geometry": {"type": "Point", "coordinates": [30.3649789, 50.473483]}}, {"type": "Feature", "properties": {"osmid": 4825}, "geometry": {"type": "Point", "coordinates": [30.6311327, 50.4260511]}}, {"type": "Feature", "properties": {"osmid": 4826}, "geometry": {"type": "Point", "coordinates": [30.5366135, 50.4297223]}}, {"type": "Feature", "properties": {"osmid": 4827}, "geometry": {"type": "Point", "coordinates": [30.2763968, 50.5545451]}}, {"type": "Feature", "properties": {"osmid": 4828}, "geometry": {"type": "Point", "coordinates": [30.3579134, 50.4740947]}}, {"type": "Feature", "properties": {"osmid": 4829}, "geometry": {"type": "Point", "coordinates": [30.346535, 50.4715245]}}, {"type": "Feature", "properties": {"osmid": 4830}, "geometry": {"type": "Point", "coordinates": [30.631426, 50.4260005]}}, {"type": "Feature", "properties": {"osmid": 4831}, "geometry": {"type": "Point", "coordinates": [30.276069, 50.5545512]}}, {"type": "Feature", "properties": {"osmid": 4832}, "geometry": {"type": "Point", "coordinates": [30.2479484, 50.5166426]}}, {"type": "Feature", "properties": {"osmid": 4833}, "geometry": {"type": "Point", "coordinates": [30.2453962, 50.5259976]}}, {"type": "Feature", "properties": {"osmid": 4834}, "geometry": {"type": "Point", "coordinates": [30.3663879, 50.3812818]}}, {"type": "Feature", "properties": {"osmid": 4835}, "geometry": {"type": "Point", "coordinates": [30.2405139, 50.5302202]}}, {"type": "Feature", "properties": {"osmid": 4836}, "geometry": {"type": "Point", "coordinates": [30.2759939, 50.5545196]}}, {"type": "Feature", "properties": {"osmid": 4837}, "geometry": {"type": "Point", "coordinates": [30.6313231, 50.4261315]}}, {"type": "Feature", "properties": {"osmid": 4838}, "geometry": {"type": "Point", "coordinates": [30.6803467, 50.4515443]}}, {"type": "Feature", "properties": {"osmid": 4839}, "geometry": {"type": "Point", "coordinates": [30.8311782, 50.5125662]}}, {"type": "Feature", "properties": {"osmid": 4840}, "geometry": {"type": "Point", "coordinates": [30.8392449, 50.332548]}}, {"type": "Feature", "properties": {"osmid": 4841}, "geometry": {"type": "Point", "coordinates": [30.5102501, 50.4465406]}}, {"type": "Feature", "properties": {"osmid": 4842}, "geometry": {"type": "Point", "coordinates": [30.2503466, 50.4955396]}}, {"type": "Feature", "properties": {"osmid": 4843}, "geometry": {"type": "Point", "coordinates": [30.8251494, 50.3309039]}}, {"type": "Feature", "properties": {"osmid": 4844}, "geometry": {"type": "Point", "coordinates": [30.2504371, 50.4956527]}}, {"type": "Feature", "properties": {"osmid": 4845}, "geometry": {"type": "Point", "coordinates": [30.2504092, 50.4952647]}}, {"type": "Feature", "properties": {"osmid": 4846}, "geometry": {"type": "Point", "coordinates": [30.250765, 50.4951142]}}, {"type": "Feature", "properties": {"osmid": 4847}, "geometry": {"type": "Point", "coordinates": [30.5988494, 50.5318997]}}, {"type": "Feature", "properties": {"osmid": 4848}, "geometry": {"type": "Point", "coordinates": [30.598234, 50.532358]}}, {"type": "Feature", "properties": {"osmid": 4849}, "geometry": {"type": "Point", "coordinates": [30.2513847, 50.4954517]}}, {"type": "Feature", "properties": {"osmid": 4850}, "geometry": {"type": "Point", "coordinates": [30.5376691, 50.4172503]}}, {"type": "Feature", "properties": {"osmid": 4851}, "geometry": {"type": "Point", "coordinates": [30.4976461, 50.4458761]}}, {"type": "Feature", "properties": {"osmid": 4852}, "geometry": {"type": "Point", "coordinates": [30.2509979, 50.4957743]}}, {"type": "Feature", "properties": {"osmid": 4853}, "geometry": {"type": "Point", "coordinates": [30.3789976, 50.493348]}}, {"type": "Feature", "properties": {"osmid": 4854}, "geometry": {"type": "Point", "coordinates": [30.2685218, 50.5651305]}}, {"type": "Feature", "properties": {"osmid": 4855}, "geometry": {"type": "Point", "coordinates": [30.8775782, 50.4070769]}}, {"type": "Feature", "properties": {"osmid": 4856}, "geometry": {"type": "Point", "coordinates": [30.6115797, 50.4464115]}}, {"type": "Feature", "properties": {"osmid": 4857}, "geometry": {"type": "Point", "coordinates": [30.6521177, 50.4685816]}}, {"type": "Feature", "properties": {"osmid": 4858}, "geometry": {"type": "Point", "coordinates": [30.2450503, 50.4941621]}}, {"type": "Feature", "properties": {"osmid": 4859}, "geometry": {"type": "Point", "coordinates": [30.6669071, 50.4078415]}}, {"type": "Feature", "properties": {"osmid": 4860}, "geometry": {"type": "Point", "coordinates": [30.4704312, 50.45422]}}, {"type": "Feature", "properties": {"osmid": 4861}, "geometry": {"type": "Point", "coordinates": [30.5289311, 50.4052768]}}, {"type": "Feature", "properties": {"osmid": 4862}, "geometry": {"type": "Point", "coordinates": [30.454991, 50.4630257]}}, {"type": "Feature", "properties": {"osmid": 4863}, "geometry": {"type": "Point", "coordinates": [30.3916125, 50.430911]}}, {"type": "Feature", "properties": {"osmid": 4864}, "geometry": {"type": "Point", "coordinates": [30.7576405, 50.3908213]}}, {"type": "Feature", "properties": {"osmid": 4865}, "geometry": {"type": "Point", "coordinates": [30.8655638, 50.3772408]}}, {"type": "Feature", "properties": {"osmid": 4866}, "geometry": {"type": "Point", "coordinates": [30.4460763, 50.4549361]}}, {"type": "Feature", "properties": {"osmid": 4867}, "geometry": {"type": "Point", "coordinates": [30.4463725, 50.4543741]}}, {"type": "Feature", "properties": {"osmid": 4868}, "geometry": {"type": "Point", "coordinates": [30.4474771, 50.4541989]}}, {"type": "Feature", "properties": {"osmid": 4869}, "geometry": {"type": "Point", "coordinates": [30.5192722, 50.4161461]}}, {"type": "Feature", "properties": {"osmid": 4870}, "geometry": {"type": "Point", "coordinates": [30.4463551, 50.4545178]}}, {"type": "Feature", "properties": {"osmid": 4871}, "geometry": {"type": "Point", "coordinates": [30.7596678, 50.3929875]}}, {"type": "Feature", "properties": {"osmid": 4872}, "geometry": {"type": "Point", "coordinates": [30.8225854, 50.5112747]}}, {"type": "Feature", "properties": {"osmid": 4873}, "geometry": {"type": "Point", "coordinates": [30.8304888, 50.5158398]}}, {"type": "Feature", "properties": {"osmid": 4874}, "geometry": {"type": "Point", "coordinates": [30.8301393, 50.5131385]}}, {"type": "Feature", "properties": {"osmid": 4875}, "geometry": {"type": "Point", "coordinates": [30.4092819, 50.4075588]}}, {"type": "Feature", "properties": {"osmid": 4876}, "geometry": {"type": "Point", "coordinates": [30.3607809, 50.4358356]}}, {"type": "Feature", "properties": {"osmid": 4877}, "geometry": {"type": "Point", "coordinates": [30.3118546, 50.4524826]}}, {"type": "Feature", "properties": {"osmid": 4878}, "geometry": {"type": "Point", "coordinates": [30.4096306, 50.407629]}}, {"type": "Feature", "properties": {"osmid": 4879}, "geometry": {"type": "Point", "coordinates": [30.5294579, 50.3903575]}}, {"type": "Feature", "properties": {"osmid": 4880}, "geometry": {"type": "Point", "coordinates": [30.409589, 50.4076932]}}, {"type": "Feature", "properties": {"osmid": 4881}, "geometry": {"type": "Point", "coordinates": [30.3806473, 50.378904]}}, {"type": "Feature", "properties": {"osmid": 4882}, "geometry": {"type": "Point", "coordinates": [30.512582, 50.4492598]}}, {"type": "Feature", "properties": {"osmid": 4883}, "geometry": {"type": "Point", "coordinates": [30.5114644, 50.4463463]}}, {"type": "Feature", "properties": {"osmid": 4884}, "geometry": {"type": "Point", "coordinates": [30.4349891, 50.4618683]}}, {"type": "Feature", "properties": {"osmid": 4885}, "geometry": {"type": "Point", "coordinates": [30.3100937, 50.3948215]}}, {"type": "Feature", "properties": {"osmid": 4886}, "geometry": {"type": "Point", "coordinates": [30.5496164, 50.4205686]}}, {"type": "Feature", "properties": {"osmid": 4887}, "geometry": {"type": "Point", "coordinates": [30.5616144, 50.4246122]}}, {"type": "Feature", "properties": {"osmid": 4888}, "geometry": {"type": "Point", "coordinates": [30.5532015, 50.4222595]}}, {"type": "Feature", "properties": {"osmid": 4889}, "geometry": {"type": "Point", "coordinates": [30.4095967, 50.4080737]}}, {"type": "Feature", "properties": {"osmid": 4890}, "geometry": {"type": "Point", "coordinates": [30.5603581, 50.4256261]}}, {"type": "Feature", "properties": {"osmid": 4891}, "geometry": {"type": "Point", "coordinates": [30.5600528, 50.4257486]}}, {"type": "Feature", "properties": {"osmid": 4892}, "geometry": {"type": "Point", "coordinates": [30.7666152, 50.5091708]}}, {"type": "Feature", "properties": {"osmid": 4893}, "geometry": {"type": "Point", "coordinates": [30.5190882, 50.4403207]}}, {"type": "Feature", "properties": {"osmid": 4894}, "geometry": {"type": "Point", "coordinates": [30.3792815, 50.3778702]}}, {"type": "Feature", "properties": {"osmid": 4895}, "geometry": {"type": "Point", "coordinates": [30.439958, 50.4396241]}}, {"type": "Feature", "properties": {"osmid": 4896}, "geometry": {"type": "Point", "coordinates": [30.7563172, 50.3937429]}}, {"type": "Feature", "properties": {"osmid": 4897}, "geometry": {"type": "Point", "coordinates": [30.5128157, 50.4685404]}}, {"type": "Feature", "properties": {"osmid": 4898}, "geometry": {"type": "Point", "coordinates": [30.7870645, 50.5189827]}}, {"type": "Feature", "properties": {"osmid": 4899}, "geometry": {"type": "Point", "coordinates": [30.535797, 50.3994296]}}, {"type": "Feature", "properties": {"osmid": 4900}, "geometry": {"type": "Point", "coordinates": [30.3577901, 50.473736]}}, {"type": "Feature", "properties": {"osmid": 4901}, "geometry": {"type": "Point", "coordinates": [30.6228896, 50.3409649]}}, {"type": "Feature", "properties": {"osmid": 4902}, "geometry": {"type": "Point", "coordinates": [30.2666057, 50.5759675]}}, {"type": "Feature", "properties": {"osmid": 4903}, "geometry": {"type": "Point", "coordinates": [30.5932964, 50.430686]}}, {"type": "Feature", "properties": {"osmid": 4904}, "geometry": {"type": "Point", "coordinates": [30.3646204, 50.3756995]}}, {"type": "Feature", "properties": {"osmid": 4905}, "geometry": {"type": "Point", "coordinates": [30.2906875, 50.3300069]}}, {"type": "Feature", "properties": {"osmid": 4906}, "geometry": {"type": "Point", "coordinates": [30.4456344, 50.4538085]}}, {"type": "Feature", "properties": {"osmid": 4907}, "geometry": {"type": "Point", "coordinates": [30.5611189, 50.4395196]}}, {"type": "Feature", "properties": {"osmid": 4908}, "geometry": {"type": "Point", "coordinates": [30.6210597, 50.4694605]}}, {"type": "Feature", "properties": {"osmid": 4909}, "geometry": {"type": "Point", "coordinates": [30.6206163, 50.4225138]}}, {"type": "Feature", "properties": {"osmid": 4910}, "geometry": {"type": "Point", "coordinates": [30.5601153, 50.4406629]}}, {"type": "Feature", "properties": {"osmid": 4911}, "geometry": {"type": "Point", "coordinates": [30.2903977, 50.3303916]}}, {"type": "Feature", "properties": {"osmid": 4912}, "geometry": {"type": "Point", "coordinates": [30.4473347, 50.4599662]}}, {"type": "Feature", "properties": {"osmid": 4913}, "geometry": {"type": "Point", "coordinates": [30.6370331, 50.4500298]}}, {"type": "Feature", "properties": {"osmid": 4914}, "geometry": {"type": "Point", "coordinates": [30.6207953, 50.4068381]}}, {"type": "Feature", "properties": {"osmid": 4915}, "geometry": {"type": "Point", "coordinates": [30.4795009, 50.4881841]}}, {"type": "Feature", "properties": {"osmid": 4916}, "geometry": {"type": "Point", "coordinates": [30.4448257, 50.4517524]}}, {"type": "Feature", "properties": {"osmid": 4917}, "geometry": {"type": "Point", "coordinates": [30.4842229, 50.393049]}}, {"type": "Feature", "properties": {"osmid": 4918}, "geometry": {"type": "Point", "coordinates": [30.4908309, 50.4469568]}}, {"type": "Feature", "properties": {"osmid": 4919}, "geometry": {"type": "Point", "coordinates": [30.5078821, 50.4326138]}}, {"type": "Feature", "properties": {"osmid": 4920}, "geometry": {"type": "Point", "coordinates": [30.5085708, 50.4340874]}}, {"type": "Feature", "properties": {"osmid": 4921}, "geometry": {"type": "Point", "coordinates": [30.4038436, 50.356723]}}, {"type": "Feature", "properties": {"osmid": 4922}, "geometry": {"type": "Point", "coordinates": [30.3606479, 50.3695085]}}, {"type": "Feature", "properties": {"osmid": 4923}, "geometry": {"type": "Point", "coordinates": [30.5161914, 50.4200427]}}, {"type": "Feature", "properties": {"osmid": 4924}, "geometry": {"type": "Point", "coordinates": [30.3642714, 50.4577788]}}, {"type": "Feature", "properties": {"osmid": 4925}, "geometry": {"type": "Point", "coordinates": [30.6077262, 50.4557791]}}, {"type": "Feature", "properties": {"osmid": 4926}, "geometry": {"type": "Point", "coordinates": [30.3616937, 50.3735101]}}, {"type": "Feature", "properties": {"osmid": 4927}, "geometry": {"type": "Point", "coordinates": [30.6072331, 50.4546031]}}, {"type": "Feature", "properties": {"osmid": 4928}, "geometry": {"type": "Point", "coordinates": [30.3484526, 50.4549055]}}, {"type": "Feature", "properties": {"osmid": 4929}, "geometry": {"type": "Point", "coordinates": [30.5260064, 50.4605697]}}, {"type": "Feature", "properties": {"osmid": 4930}, "geometry": {"type": "Point", "coordinates": [30.5593015, 50.3327264]}}, {"type": "Feature", "properties": {"osmid": 4931}, "geometry": {"type": "Point", "coordinates": [30.3182965, 50.3315218]}}, {"type": "Feature", "properties": {"osmid": 4932}, "geometry": {"type": "Point", "coordinates": [30.3458875, 50.4597523]}}, {"type": "Feature", "properties": {"osmid": 4933}, "geometry": {"type": "Point", "coordinates": [30.6808974, 50.4516788]}}, {"type": "Feature", "properties": {"osmid": 4934}, "geometry": {"type": "Point", "coordinates": [30.3453389, 50.4646629]}}, {"type": "Feature", "properties": {"osmid": 4935}, "geometry": {"type": "Point", "coordinates": [30.597305, 50.5999394]}}, {"type": "Feature", "properties": {"osmid": 4936}, "geometry": {"type": "Point", "coordinates": [30.4512975, 50.4306203]}}, {"type": "Feature", "properties": {"osmid": 4937}, "geometry": {"type": "Point", "coordinates": [30.5105068, 50.3972644]}}, {"type": "Feature", "properties": {"osmid": 4938}, "geometry": {"type": "Point", "coordinates": [30.3840829, 50.4345917]}}, {"type": "Feature", "properties": {"osmid": 4939}, "geometry": {"type": "Point", "coordinates": [30.3717624, 50.3787216]}}, {"type": "Feature", "properties": {"osmid": 4940}, "geometry": {"type": "Point", "coordinates": [30.38391, 50.434508]}}, {"type": "Feature", "properties": {"osmid": 4941}, "geometry": {"type": "Point", "coordinates": [30.2624667, 50.3879253]}}, {"type": "Feature", "properties": {"osmid": 4942}, "geometry": {"type": "Point", "coordinates": [30.3842092, 50.434403]}}, {"type": "Feature", "properties": {"osmid": 4943}, "geometry": {"type": "Point", "coordinates": [30.5408223, 50.4292781]}}, {"type": "Feature", "properties": {"osmid": 4944}, "geometry": {"type": "Point", "coordinates": [30.2894182, 50.3317119]}}, {"type": "Feature", "properties": {"osmid": 4945}, "geometry": {"type": "Point", "coordinates": [30.562953, 50.4355967]}}, {"type": "Feature", "properties": {"osmid": 4946}, "geometry": {"type": "Point", "coordinates": [30.3331599, 50.466816]}}, {"type": "Feature", "properties": {"osmid": 4947}, "geometry": {"type": "Point", "coordinates": [30.6767594, 50.4499935]}}, {"type": "Feature", "properties": {"osmid": 4948}, "geometry": {"type": "Point", "coordinates": [30.3452664, 50.4636247]}}, {"type": "Feature", "properties": {"osmid": 4949}, "geometry": {"type": "Point", "coordinates": [30.3726934, 50.4019958]}}, {"type": "Feature", "properties": {"osmid": 4950}, "geometry": {"type": "Point", "coordinates": [30.3653362, 50.4910037]}}, {"type": "Feature", "properties": {"osmid": 4951}, "geometry": {"type": "Point", "coordinates": [30.4624253, 50.3726257]}}, {"type": "Feature", "properties": {"osmid": 4952}, "geometry": {"type": "Point", "coordinates": [30.3655533, 50.4917727]}}, {"type": "Feature", "properties": {"osmid": 4953}, "geometry": {"type": "Point", "coordinates": [30.6090022, 50.3686678]}}, {"type": "Feature", "properties": {"osmid": 4954}, "geometry": {"type": "Point", "coordinates": [30.5554286, 50.4265483]}}, {"type": "Feature", "properties": {"osmid": 4955}, "geometry": {"type": "Point", "coordinates": [30.3449218, 50.4639659]}}, {"type": "Feature", "properties": {"osmid": 4956}, "geometry": {"type": "Point", "coordinates": [30.6510681, 50.4313689]}}, {"type": "Feature", "properties": {"osmid": 4957}, "geometry": {"type": "Point", "coordinates": [30.6511466, 50.4315201]}}, {"type": "Feature", "properties": {"osmid": 4958}, "geometry": {"type": "Point", "coordinates": [30.8592703, 50.5323259]}}, {"type": "Feature", "properties": {"osmid": 4959}, "geometry": {"type": "Point", "coordinates": [30.6060077, 50.3635466]}}, {"type": "Feature", "properties": {"osmid": 4960}, "geometry": {"type": "Point", "coordinates": [30.5806578, 50.5115439]}}, {"type": "Feature", "properties": {"osmid": 4961}, "geometry": {"type": "Point", "coordinates": [30.370944, 50.3759722]}}, {"type": "Feature", "properties": {"osmid": 4962}, "geometry": {"type": "Point", "coordinates": [30.6077984, 50.3611316]}}, {"type": "Feature", "properties": {"osmid": 4963}, "geometry": {"type": "Point", "coordinates": [30.6084225, 50.3597845]}}, {"type": "Feature", "properties": {"osmid": 4964}, "geometry": {"type": "Point", "coordinates": [30.3721518, 50.3799157]}}, {"type": "Feature", "properties": {"osmid": 4965}, "geometry": {"type": "Point", "coordinates": [30.5898586, 50.4831125]}}, {"type": "Feature", "properties": {"osmid": 4966}, "geometry": {"type": "Point", "coordinates": [30.7106837, 50.48292]}}, {"type": "Feature", "properties": {"osmid": 4967}, "geometry": {"type": "Point", "coordinates": [30.801967, 50.5079751]}}, {"type": "Feature", "properties": {"osmid": 4968}, "geometry": {"type": "Point", "coordinates": [30.6040001, 50.3858211]}}, {"type": "Feature", "properties": {"osmid": 4969}, "geometry": {"type": "Point", "coordinates": [30.8389921, 50.5019597]}}, {"type": "Feature", "properties": {"osmid": 4970}, "geometry": {"type": "Point", "coordinates": [30.5600453, 50.4270496]}}, {"type": "Feature", "properties": {"osmid": 4971}, "geometry": {"type": "Point", "coordinates": [30.5274722, 50.4524232]}}, {"type": "Feature", "properties": {"osmid": 4972}, "geometry": {"type": "Point", "coordinates": [30.4613789, 50.3677424]}}, {"type": "Feature", "properties": {"osmid": 4973}, "geometry": {"type": "Point", "coordinates": [30.3189556, 50.3325956]}}, {"type": "Feature", "properties": {"osmid": 4974}, "geometry": {"type": "Point", "coordinates": [30.422473, 50.4321598]}}, {"type": "Feature", "properties": {"osmid": 4975}, "geometry": {"type": "Point", "coordinates": [30.4225052, 50.4321688]}}, {"type": "Feature", "properties": {"osmid": 4976}, "geometry": {"type": "Point", "coordinates": [30.4424944, 50.4458726]}}, {"type": "Feature", "properties": {"osmid": 4977}, "geometry": {"type": "Point", "coordinates": [30.3663488, 50.4981767]}}, {"type": "Feature", "properties": {"osmid": 4978}, "geometry": {"type": "Point", "coordinates": [30.4422291, 50.4448252]}}, {"type": "Feature", "properties": {"osmid": 4979}, "geometry": {"type": "Point", "coordinates": [30.4436038, 50.4443985]}}, {"type": "Feature", "properties": {"osmid": 4980}, "geometry": {"type": "Point", "coordinates": [30.5079367, 50.3949047]}}, {"type": "Feature", "properties": {"osmid": 4981}, "geometry": {"type": "Point", "coordinates": [30.5622699, 50.4361878]}}, {"type": "Feature", "properties": {"osmid": 4982}, "geometry": {"type": "Point", "coordinates": [30.4407411, 50.4434709]}}, {"type": "Feature", "properties": {"osmid": 4983}, "geometry": {"type": "Point", "coordinates": [30.4397333, 50.4432392]}}, {"type": "Feature", "properties": {"osmid": 4984}, "geometry": {"type": "Point", "coordinates": [30.562328, 50.4359776]}}, {"type": "Feature", "properties": {"osmid": 4985}, "geometry": {"type": "Point", "coordinates": [30.4397026, 50.4434299]}}, {"type": "Feature", "properties": {"osmid": 4986}, "geometry": {"type": "Point", "coordinates": [30.5428897, 50.5975066]}}, {"type": "Feature", "properties": {"osmid": 4987}, "geometry": {"type": "Point", "coordinates": [30.3192461, 50.3330537]}}, {"type": "Feature", "properties": {"osmid": 4988}, "geometry": {"type": "Point", "coordinates": [30.4420151, 50.4441819]}}, {"type": "Feature", "properties": {"osmid": 4989}, "geometry": {"type": "Point", "coordinates": [30.4420083, 50.4448793]}}, {"type": "Feature", "properties": {"osmid": 4990}, "geometry": {"type": "Point", "coordinates": [30.5624555, 50.43597]}}, {"type": "Feature", "properties": {"osmid": 4991}, "geometry": {"type": "Point", "coordinates": [30.4421418, 50.4436178]}}, {"type": "Feature", "properties": {"osmid": 4992}, "geometry": {"type": "Point", "coordinates": [30.4423975, 50.443136]}}, {"type": "Feature", "properties": {"osmid": 4993}, "geometry": {"type": "Point", "coordinates": [30.5039861, 50.4354481]}}, {"type": "Feature", "properties": {"osmid": 4994}, "geometry": {"type": "Point", "coordinates": [30.5488539, 50.4188747]}}, {"type": "Feature", "properties": {"osmid": 4995}, "geometry": {"type": "Point", "coordinates": [30.528246, 50.4519134]}}, {"type": "Feature", "properties": {"osmid": 4996}, "geometry": {"type": "Point", "coordinates": [30.5833811, 50.5141569]}}, {"type": "Feature", "properties": {"osmid": 4997}, "geometry": {"type": "Point", "coordinates": [30.4409681, 50.4143343]}}, {"type": "Feature", "properties": {"osmid": 4998}, "geometry": {"type": "Point", "coordinates": [30.4302021, 50.4285785]}}, {"type": "Feature", "properties": {"osmid": 4999}, "geometry": {"type": "Point", "coordinates": [30.5159386, 50.4389109]}}, {"type": "Feature", "properties": {"osmid": 5000}, "geometry": {"type": "Point", "coordinates": [30.5203433, 50.439121]}}, {"type": "Feature", "properties": {"osmid": 5001}, "geometry": {"type": "Point", "coordinates": [30.5198529, 50.4408232]}}, {"type": "Feature", "properties": {"osmid": 5002}, "geometry": {"type": "Point", "coordinates": [30.5379124, 50.4386293]}}, {"type": "Feature", "properties": {"osmid": 5003}, "geometry": {"type": "Point", "coordinates": [30.5318001, 50.43706]}}, {"type": "Feature", "properties": {"osmid": 5004}, "geometry": {"type": "Point", "coordinates": [30.5495967, 50.3666468]}}, {"type": "Feature", "properties": {"osmid": 5005}, "geometry": {"type": "Point", "coordinates": [30.5491062, 50.429658]}}, {"type": "Feature", "properties": {"osmid": 5006}, "geometry": {"type": "Point", "coordinates": [30.5956871, 50.5197455]}}, {"type": "Feature", "properties": {"osmid": 5007}, "geometry": {"type": "Point", "coordinates": [30.4264475, 50.4296355]}}, {"type": "Feature", "properties": {"osmid": 5008}, "geometry": {"type": "Point", "coordinates": [30.758287, 50.5998158]}}, {"type": "Feature", "properties": {"osmid": 5009}, "geometry": {"type": "Point", "coordinates": [30.4902494, 50.4138648]}}, {"type": "Feature", "properties": {"osmid": 5010}, "geometry": {"type": "Point", "coordinates": [30.2379537, 50.4160384]}}, {"type": "Feature", "properties": {"osmid": 5011}, "geometry": {"type": "Point", "coordinates": [30.5746579, 50.489715]}}, {"type": "Feature", "properties": {"osmid": 5012}, "geometry": {"type": "Point", "coordinates": [30.5984682, 50.4502407]}}, {"type": "Feature", "properties": {"osmid": 5013}, "geometry": {"type": "Point", "coordinates": [30.5556974, 50.3366737]}}, {"type": "Feature", "properties": {"osmid": 5014}, "geometry": {"type": "Point", "coordinates": [30.5885521, 50.5095367]}}, {"type": "Feature", "properties": {"osmid": 5015}, "geometry": {"type": "Point", "coordinates": [30.5588638, 50.3336756]}}, {"type": "Feature", "properties": {"osmid": 5016}, "geometry": {"type": "Point", "coordinates": [30.524503, 50.341104]}}, {"type": "Feature", "properties": {"osmid": 5017}, "geometry": {"type": "Point", "coordinates": [30.4498426, 50.5209052]}}, {"type": "Feature", "properties": {"osmid": 5018}, "geometry": {"type": "Point", "coordinates": [30.6815416, 50.4029404]}}, {"type": "Feature", "properties": {"osmid": 5019}, "geometry": {"type": "Point", "coordinates": [30.4432604, 50.4440969]}}, {"type": "Feature", "properties": {"osmid": 5020}, "geometry": {"type": "Point", "coordinates": [30.4439265, 50.4442871]}}, {"type": "Feature", "properties": {"osmid": 5021}, "geometry": {"type": "Point", "coordinates": [30.7872577, 50.3292025]}}, {"type": "Feature", "properties": {"osmid": 5022}, "geometry": {"type": "Point", "coordinates": [30.5300198, 50.3418265]}}, {"type": "Feature", "properties": {"osmid": 5023}, "geometry": {"type": "Point", "coordinates": [30.5316647, 50.3418273]}}, {"type": "Feature", "properties": {"osmid": 5024}, "geometry": {"type": "Point", "coordinates": [30.5325258, 50.3421809]}}, {"type": "Feature", "properties": {"osmid": 5025}, "geometry": {"type": "Point", "coordinates": [30.530036, 50.3422026]}}, {"type": "Feature", "properties": {"osmid": 5026}, "geometry": {"type": "Point", "coordinates": [30.4322916, 50.4413445]}}, {"type": "Feature", "properties": {"osmid": 5027}, "geometry": {"type": "Point", "coordinates": [30.4321163, 50.4415485]}}, {"type": "Feature", "properties": {"osmid": 5028}, "geometry": {"type": "Point", "coordinates": [30.4038518, 50.4824631]}}, {"type": "Feature", "properties": {"osmid": 5029}, "geometry": {"type": "Point", "coordinates": [30.5004943, 50.3902656]}}, {"type": "Feature", "properties": {"osmid": 5030}, "geometry": {"type": "Point", "coordinates": [30.5336388, 50.3421742]}}, {"type": "Feature", "properties": {"osmid": 5031}, "geometry": {"type": "Point", "coordinates": [30.5336106, 50.3418031]}}, {"type": "Feature", "properties": {"osmid": 5032}, "geometry": {"type": "Point", "coordinates": [30.4032116, 50.4827123]}}, {"type": "Feature", "properties": {"osmid": 5033}, "geometry": {"type": "Point", "coordinates": [30.4439348, 50.4406938]}}, {"type": "Feature", "properties": {"osmid": 5034}, "geometry": {"type": "Point", "coordinates": [30.3197804, 50.3339634]}}, {"type": "Feature", "properties": {"osmid": 5035}, "geometry": {"type": "Point", "coordinates": [30.4169208, 50.3383967]}}, {"type": "Feature", "properties": {"osmid": 5036}, "geometry": {"type": "Point", "coordinates": [30.6113138, 50.4864143]}}, {"type": "Feature", "properties": {"osmid": 5037}, "geometry": {"type": "Point", "coordinates": [30.6121423, 50.4863283]}}, {"type": "Feature", "properties": {"osmid": 5038}, "geometry": {"type": "Point", "coordinates": [30.3952403, 50.4244605]}}, {"type": "Feature", "properties": {"osmid": 5039}, "geometry": {"type": "Point", "coordinates": [30.5583103, 50.4307065]}}, {"type": "Feature", "properties": {"osmid": 5040}, "geometry": {"type": "Point", "coordinates": [30.3691043, 50.3883192]}}, {"type": "Feature", "properties": {"osmid": 5041}, "geometry": {"type": "Point", "coordinates": [30.5238178, 50.4393645]}}, {"type": "Feature", "properties": {"osmid": 5042}, "geometry": {"type": "Point", "coordinates": [30.5440626, 50.3590812]}}, {"type": "Feature", "properties": {"osmid": 5043}, "geometry": {"type": "Point", "coordinates": [30.2587236, 50.3340864]}}, {"type": "Feature", "properties": {"osmid": 5044}, "geometry": {"type": "Point", "coordinates": [30.3912868, 50.4087601]}}, {"type": "Feature", "properties": {"osmid": 5045}, "geometry": {"type": "Point", "coordinates": [30.5488827, 50.4166801]}}, {"type": "Feature", "properties": {"osmid": 5046}, "geometry": {"type": "Point", "coordinates": [30.4549613, 50.4318809]}}, {"type": "Feature", "properties": {"osmid": 5047}, "geometry": {"type": "Point", "coordinates": [30.558743, 50.4095216]}}, {"type": "Feature", "properties": {"osmid": 5048}, "geometry": {"type": "Point", "coordinates": [30.3848478, 50.4119255]}}, {"type": "Feature", "properties": {"osmid": 5049}, "geometry": {"type": "Point", "coordinates": [30.5421561, 50.3388394]}}, {"type": "Feature", "properties": {"osmid": 5050}, "geometry": {"type": "Point", "coordinates": [30.5813924, 50.5123464]}}, {"type": "Feature", "properties": {"osmid": 5051}, "geometry": {"type": "Point", "coordinates": [30.4934686, 50.4383724]}}, {"type": "Feature", "properties": {"osmid": 5052}, "geometry": {"type": "Point", "coordinates": [30.8278212, 50.5142912]}}, {"type": "Feature", "properties": {"osmid": 5053}, "geometry": {"type": "Point", "coordinates": [30.4933937, 50.4383155]}}, {"type": "Feature", "properties": {"osmid": 5054}, "geometry": {"type": "Point", "coordinates": [30.4580669, 50.4275193]}}, {"type": "Feature", "properties": {"osmid": 5055}, "geometry": {"type": "Point", "coordinates": [30.2462976, 50.5163871]}}, {"type": "Feature", "properties": {"osmid": 5056}, "geometry": {"type": "Point", "coordinates": [30.4582021, 50.4275464]}}, {"type": "Feature", "properties": {"osmid": 5057}, "geometry": {"type": "Point", "coordinates": [30.6969425, 50.5639015]}}, {"type": "Feature", "properties": {"osmid": 5058}, "geometry": {"type": "Point", "coordinates": [30.4601518, 50.4255317]}}, {"type": "Feature", "properties": {"osmid": 5059}, "geometry": {"type": "Point", "coordinates": [30.4596572, 50.4247093]}}, {"type": "Feature", "properties": {"osmid": 5060}, "geometry": {"type": "Point", "coordinates": [30.4598188, 50.4257777]}}, {"type": "Feature", "properties": {"osmid": 5061}, "geometry": {"type": "Point", "coordinates": [30.4632022, 50.424147]}}, {"type": "Feature", "properties": {"osmid": 5062}, "geometry": {"type": "Point", "coordinates": [30.4631019, 50.4240681]}}, {"type": "Feature", "properties": {"osmid": 5063}, "geometry": {"type": "Point", "coordinates": [30.4935016, 50.4382426]}}, {"type": "Feature", "properties": {"osmid": 5064}, "geometry": {"type": "Point", "coordinates": [30.3665445, 50.4100513]}}, {"type": "Feature", "properties": {"osmid": 5065}, "geometry": {"type": "Point", "coordinates": [30.4152163, 50.3505846]}}, {"type": "Feature", "properties": {"osmid": 5066}, "geometry": {"type": "Point", "coordinates": [30.4492067, 50.5207295]}}, {"type": "Feature", "properties": {"osmid": 5067}, "geometry": {"type": "Point", "coordinates": [30.4586075, 50.4833194]}}, {"type": "Feature", "properties": {"osmid": 5068}, "geometry": {"type": "Point", "coordinates": [30.5182223, 50.4227929]}}, {"type": "Feature", "properties": {"osmid": 5069}, "geometry": {"type": "Point", "coordinates": [30.4588643, 50.423612]}}, {"type": "Feature", "properties": {"osmid": 5070}, "geometry": {"type": "Point", "coordinates": [30.4580516, 50.4240172]}}, {"type": "Feature", "properties": {"osmid": 5071}, "geometry": {"type": "Point", "coordinates": [30.5542594, 50.3398809]}}, {"type": "Feature", "properties": {"osmid": 5072}, "geometry": {"type": "Point", "coordinates": [30.3294069, 50.555779]}}, {"type": "Feature", "properties": {"osmid": 5073}, "geometry": {"type": "Point", "coordinates": [30.4979142, 50.4948102]}}, {"type": "Feature", "properties": {"osmid": 5074}, "geometry": {"type": "Point", "coordinates": [30.5543123, 50.3385824]}}, {"type": "Feature", "properties": {"osmid": 5075}, "geometry": {"type": "Point", "coordinates": [30.5512952, 50.3421275]}}, {"type": "Feature", "properties": {"osmid": 5076}, "geometry": {"type": "Point", "coordinates": [30.4982327, 50.4948027]}}, {"type": "Feature", "properties": {"osmid": 5077}, "geometry": {"type": "Point", "coordinates": [30.287483, 50.334334]}}, {"type": "Feature", "properties": {"osmid": 5078}, "geometry": {"type": "Point", "coordinates": [30.3384321, 50.4739633]}}, {"type": "Feature", "properties": {"osmid": 5079}, "geometry": {"type": "Point", "coordinates": [30.2595188, 50.3344524]}}, {"type": "Feature", "properties": {"osmid": 5080}, "geometry": {"type": "Point", "coordinates": [30.3714282, 50.3776083]}}, {"type": "Feature", "properties": {"osmid": 5081}, "geometry": {"type": "Point", "coordinates": [30.4502753, 50.5118817]}}, {"type": "Feature", "properties": {"osmid": 5082}, "geometry": {"type": "Point", "coordinates": [30.4552097, 50.4912235]}}, {"type": "Feature", "properties": {"osmid": 5083}, "geometry": {"type": "Point", "coordinates": [30.811375, 50.5252676]}}, {"type": "Feature", "properties": {"osmid": 5084}, "geometry": {"type": "Point", "coordinates": [30.7697136, 50.591773]}}, {"type": "Feature", "properties": {"osmid": 5085}, "geometry": {"type": "Point", "coordinates": [30.5318878, 50.4044511]}}, {"type": "Feature", "properties": {"osmid": 5086}, "geometry": {"type": "Point", "coordinates": [30.3778181, 50.3767624]}}, {"type": "Feature", "properties": {"osmid": 5087}, "geometry": {"type": "Point", "coordinates": [30.8118266, 50.5252109]}}, {"type": "Feature", "properties": {"osmid": 5088}, "geometry": {"type": "Point", "coordinates": [30.7570206, 50.3907881]}}, {"type": "Feature", "properties": {"osmid": 5089}, "geometry": {"type": "Point", "coordinates": [30.5135161, 50.407266]}}, {"type": "Feature", "properties": {"osmid": 5090}, "geometry": {"type": "Point", "coordinates": [30.8115844, 50.5254581]}}, {"type": "Feature", "properties": {"osmid": 5091}, "geometry": {"type": "Point", "coordinates": [30.4447641, 50.3920916]}}, {"type": "Feature", "properties": {"osmid": 5092}, "geometry": {"type": "Point", "coordinates": [30.4752807, 50.4874912]}}, {"type": "Feature", "properties": {"osmid": 5093}, "geometry": {"type": "Point", "coordinates": [30.4457039, 50.3922977]}}, {"type": "Feature", "properties": {"osmid": 5094}, "geometry": {"type": "Point", "coordinates": [30.8116253, 50.5254597]}}, {"type": "Feature", "properties": {"osmid": 5095}, "geometry": {"type": "Point", "coordinates": [30.5519177, 50.3489965]}}, {"type": "Feature", "properties": {"osmid": 5096}, "geometry": {"type": "Point", "coordinates": [30.4438682, 50.4626989]}}, {"type": "Feature", "properties": {"osmid": 5097}, "geometry": {"type": "Point", "coordinates": [30.5180323, 50.4073384]}}, {"type": "Feature", "properties": {"osmid": 5098}, "geometry": {"type": "Point", "coordinates": [30.4467124, 50.3923199]}}, {"type": "Feature", "properties": {"osmid": 5099}, "geometry": {"type": "Point", "coordinates": [30.4532841, 50.3924687]}}, {"type": "Feature", "properties": {"osmid": 5100}, "geometry": {"type": "Point", "coordinates": [30.8118472, 50.525234]}}, {"type": "Feature", "properties": {"osmid": 5101}, "geometry": {"type": "Point", "coordinates": [30.4732764, 50.4888247]}}, {"type": "Feature", "properties": {"osmid": 5102}, "geometry": {"type": "Point", "coordinates": [30.2575251, 50.5960864]}}, {"type": "Feature", "properties": {"osmid": 5103}, "geometry": {"type": "Point", "coordinates": [30.548877, 50.4155889]}}, {"type": "Feature", "properties": {"osmid": 5104}, "geometry": {"type": "Point", "coordinates": [30.475077, 50.3574957]}}, {"type": "Feature", "properties": {"osmid": 5105}, "geometry": {"type": "Point", "coordinates": [30.258105, 50.592305]}}, {"type": "Feature", "properties": {"osmid": 5106}, "geometry": {"type": "Point", "coordinates": [30.2450899, 50.5271617]}}, {"type": "Feature", "properties": {"osmid": 5107}, "geometry": {"type": "Point", "coordinates": [30.5209689, 50.4066169]}}, {"type": "Feature", "properties": {"osmid": 5108}, "geometry": {"type": "Point", "coordinates": [30.5272156, 50.404482]}}, {"type": "Feature", "properties": {"osmid": 5109}, "geometry": {"type": "Point", "coordinates": [30.553461, 50.3434317]}}, {"type": "Feature", "properties": {"osmid": 5110}, "geometry": {"type": "Point", "coordinates": [30.2460883, 50.522866]}}, {"type": "Feature", "properties": {"osmid": 5111}, "geometry": {"type": "Point", "coordinates": [30.2530277, 50.524034]}}, {"type": "Feature", "properties": {"osmid": 5112}, "geometry": {"type": "Point", "coordinates": [30.4798963, 50.4488657]}}, {"type": "Feature", "properties": {"osmid": 5113}, "geometry": {"type": "Point", "coordinates": [30.3957899, 50.4814533]}}, {"type": "Feature", "properties": {"osmid": 5114}, "geometry": {"type": "Point", "coordinates": [30.2389383, 50.5201583]}}, {"type": "Feature", "properties": {"osmid": 5115}, "geometry": {"type": "Point", "coordinates": [30.4753663, 50.488416]}}, {"type": "Feature", "properties": {"osmid": 5116}, "geometry": {"type": "Point", "coordinates": [30.5260093, 50.4042285]}}, {"type": "Feature", "properties": {"osmid": 5117}, "geometry": {"type": "Point", "coordinates": [30.2601787, 50.3347698]}}, {"type": "Feature", "properties": {"osmid": 5118}, "geometry": {"type": "Point", "coordinates": [30.5238773, 50.4043346]}}, {"type": "Feature", "properties": {"osmid": 5119}, "geometry": {"type": "Point", "coordinates": [30.5528841, 50.3459449]}}, {"type": "Feature", "properties": {"osmid": 5120}, "geometry": {"type": "Point", "coordinates": [30.7423462, 50.4918031]}}, {"type": "Feature", "properties": {"osmid": 5121}, "geometry": {"type": "Point", "coordinates": [30.416151, 50.3499113]}}, {"type": "Feature", "properties": {"osmid": 5122}, "geometry": {"type": "Point", "coordinates": [30.2421476, 50.5255359]}}, {"type": "Feature", "properties": {"osmid": 5123}, "geometry": {"type": "Point", "coordinates": [30.5526225, 50.4004723]}}, {"type": "Feature", "properties": {"osmid": 5124}, "geometry": {"type": "Point", "coordinates": [30.2608252, 50.335064]}}, {"type": "Feature", "properties": {"osmid": 5125}, "geometry": {"type": "Point", "coordinates": [30.2443754, 50.529599]}}, {"type": "Feature", "properties": {"osmid": 5126}, "geometry": {"type": "Point", "coordinates": [30.447131, 50.4805414]}}, {"type": "Feature", "properties": {"osmid": 5127}, "geometry": {"type": "Point", "coordinates": [30.5289541, 50.4047014]}}, {"type": "Feature", "properties": {"osmid": 5128}, "geometry": {"type": "Point", "coordinates": [30.4491272, 50.481928]}}, {"type": "Feature", "properties": {"osmid": 5129}, "geometry": {"type": "Point", "coordinates": [30.494069, 50.394256]}}, {"type": "Feature", "properties": {"osmid": 5130}, "geometry": {"type": "Point", "coordinates": [30.5467143, 50.4208198]}}, {"type": "Feature", "properties": {"osmid": 5131}, "geometry": {"type": "Point", "coordinates": [30.3203672, 50.3351334]}}, {"type": "Feature", "properties": {"osmid": 5132}, "geometry": {"type": "Point", "coordinates": [30.5157288, 50.4025373]}}, {"type": "Feature", "properties": {"osmid": 5133}, "geometry": {"type": "Point", "coordinates": [30.69961, 50.3811541]}}, {"type": "Feature", "properties": {"osmid": 5134}, "geometry": {"type": "Point", "coordinates": [30.5202862, 50.4422001]}}, {"type": "Feature", "properties": {"osmid": 5135}, "geometry": {"type": "Point", "coordinates": [30.520463, 50.4425805]}}, {"type": "Feature", "properties": {"osmid": 5136}, "geometry": {"type": "Point", "coordinates": [30.2457667, 50.5244853]}}, {"type": "Feature", "properties": {"osmid": 5137}, "geometry": {"type": "Point", "coordinates": [30.4577796, 50.4960841]}}, {"type": "Feature", "properties": {"osmid": 5138}, "geometry": {"type": "Point", "coordinates": [30.2615444, 50.3354137]}}, {"type": "Feature", "properties": {"osmid": 5139}, "geometry": {"type": "Point", "coordinates": [30.2866083, 50.335482]}}, {"type": "Feature", "properties": {"osmid": 5140}, "geometry": {"type": "Point", "coordinates": [30.5218496, 50.4095707]}}, {"type": "Feature", "properties": {"osmid": 5141}, "geometry": {"type": "Point", "coordinates": [30.2598683, 50.5850196]}}, {"type": "Feature", "properties": {"osmid": 5142}, "geometry": {"type": "Point", "coordinates": [30.4173204, 50.3490863]}}, {"type": "Feature", "properties": {"osmid": 5143}, "geometry": {"type": "Point", "coordinates": [30.5864983, 50.5286753]}}, {"type": "Feature", "properties": {"osmid": 5144}, "geometry": {"type": "Point", "coordinates": [30.2381027, 50.5224972]}}, {"type": "Feature", "properties": {"osmid": 5145}, "geometry": {"type": "Point", "coordinates": [30.6357555, 50.440066]}}, {"type": "Feature", "properties": {"osmid": 5146}, "geometry": {"type": "Point", "coordinates": [30.6357938, 50.4401763]}}, {"type": "Feature", "properties": {"osmid": 5147}, "geometry": {"type": "Point", "coordinates": [30.2623697, 50.3357995]}}, {"type": "Feature", "properties": {"osmid": 5148}, "geometry": {"type": "Point", "coordinates": [30.2561178, 50.5886962]}}, {"type": "Feature", "properties": {"osmid": 5149}, "geometry": {"type": "Point", "coordinates": [30.2383648, 50.5217922]}}, {"type": "Feature", "properties": {"osmid": 5150}, "geometry": {"type": "Point", "coordinates": [30.3313065, 50.3444831]}}, {"type": "Feature", "properties": {"osmid": 5151}, "geometry": {"type": "Point", "coordinates": [30.6954667, 50.36484]}}, {"type": "Feature", "properties": {"osmid": 5152}, "geometry": {"type": "Point", "coordinates": [30.5220178, 50.4477583]}}, {"type": "Feature", "properties": {"osmid": 5153}, "geometry": {"type": "Point", "coordinates": [30.3272738, 50.3463934]}}, {"type": "Feature", "properties": {"osmid": 5154}, "geometry": {"type": "Point", "coordinates": [30.8308794, 50.4898647]}}, {"type": "Feature", "properties": {"osmid": 5155}, "geometry": {"type": "Point", "coordinates": [30.2585319, 50.5894021]}}, {"type": "Feature", "properties": {"osmid": 5156}, "geometry": {"type": "Point", "coordinates": [30.8422479, 50.5073246]}}, {"type": "Feature", "properties": {"osmid": 5157}, "geometry": {"type": "Point", "coordinates": [30.688808, 50.383038]}}, {"type": "Feature", "properties": {"osmid": 5158}, "geometry": {"type": "Point", "coordinates": [30.2377988, 50.5233684]}}, {"type": "Feature", "properties": {"osmid": 5159}, "geometry": {"type": "Point", "coordinates": [30.5312493, 50.404813]}}, {"type": "Feature", "properties": {"osmid": 5160}, "geometry": {"type": "Point", "coordinates": [30.6160287, 50.4389338]}}, {"type": "Feature", "properties": {"osmid": 5161}, "geometry": {"type": "Point", "coordinates": [30.4768171, 50.4825864]}}, {"type": "Feature", "properties": {"osmid": 5162}, "geometry": {"type": "Point", "coordinates": [30.3447115, 50.464505]}}, {"type": "Feature", "properties": {"osmid": 5163}, "geometry": {"type": "Point", "coordinates": [30.2631981, 50.3361803]}}, {"type": "Feature", "properties": {"osmid": 5164}, "geometry": {"type": "Point", "coordinates": [30.3447965, 50.4640239]}}, {"type": "Feature", "properties": {"osmid": 5165}, "geometry": {"type": "Point", "coordinates": [30.4830407, 50.4884541]}}, {"type": "Feature", "properties": {"osmid": 5166}, "geometry": {"type": "Point", "coordinates": [30.2391958, 50.5251215]}}, {"type": "Feature", "properties": {"osmid": 5167}, "geometry": {"type": "Point", "coordinates": [30.3456786, 50.4640726]}}, {"type": "Feature", "properties": {"osmid": 5168}, "geometry": {"type": "Point", "coordinates": [30.3447823, 50.4645605]}}, {"type": "Feature", "properties": {"osmid": 5169}, "geometry": {"type": "Point", "coordinates": [30.3456754, 50.4645234]}}, {"type": "Feature", "properties": {"osmid": 5170}, "geometry": {"type": "Point", "coordinates": [30.6159575, 50.4389026]}}, {"type": "Feature", "properties": {"osmid": 5171}, "geometry": {"type": "Point", "coordinates": [30.5112404, 50.4695161]}}, {"type": "Feature", "properties": {"osmid": 5172}, "geometry": {"type": "Point", "coordinates": [30.6157231, 50.4389668]}}, {"type": "Feature", "properties": {"osmid": 5173}, "geometry": {"type": "Point", "coordinates": [30.4582692, 50.5048742]}}, {"type": "Feature", "properties": {"osmid": 5174}, "geometry": {"type": "Point", "coordinates": [30.5097333, 50.4704264]}}, {"type": "Feature", "properties": {"osmid": 5175}, "geometry": {"type": "Point", "coordinates": [30.4606285, 50.5051425]}}, {"type": "Feature", "properties": {"osmid": 5176}, "geometry": {"type": "Point", "coordinates": [30.6160226, 50.3500562]}}, {"type": "Feature", "properties": {"osmid": 5177}, "geometry": {"type": "Point", "coordinates": [30.5848026, 50.5253441]}}, {"type": "Feature", "properties": {"osmid": 5178}, "geometry": {"type": "Point", "coordinates": [30.6195157, 50.4167292]}}, {"type": "Feature", "properties": {"osmid": 5179}, "geometry": {"type": "Point", "coordinates": [30.6160481, 50.4390729]}}, {"type": "Feature", "properties": {"osmid": 5180}, "geometry": {"type": "Point", "coordinates": [30.7156326, 50.3698158]}}, {"type": "Feature", "properties": {"osmid": 5181}, "geometry": {"type": "Point", "coordinates": [30.5082795, 50.4713323]}}, {"type": "Feature", "properties": {"osmid": 5182}, "geometry": {"type": "Point", "coordinates": [30.2639852, 50.3365494]}}, {"type": "Feature", "properties": {"osmid": 5183}, "geometry": {"type": "Point", "coordinates": [30.6293052, 50.4087968]}}, {"type": "Feature", "properties": {"osmid": 5184}, "geometry": {"type": "Point", "coordinates": [30.6291756, 50.4090304]}}, {"type": "Feature", "properties": {"osmid": 5185}, "geometry": {"type": "Point", "coordinates": [30.6203353, 50.3446449]}}, {"type": "Feature", "properties": {"osmid": 5186}, "geometry": {"type": "Point", "coordinates": [30.247117, 50.5189934]}}, {"type": "Feature", "properties": {"osmid": 5187}, "geometry": {"type": "Point", "coordinates": [30.6378758, 50.4112841]}}, {"type": "Feature", "properties": {"osmid": 5188}, "geometry": {"type": "Point", "coordinates": [30.638, 50.4110195]}}, {"type": "Feature", "properties": {"osmid": 5189}, "geometry": {"type": "Point", "coordinates": [30.2855497, 50.3369013]}}, {"type": "Feature", "properties": {"osmid": 5190}, "geometry": {"type": "Point", "coordinates": [30.2648317, 50.3369281]}}, {"type": "Feature", "properties": {"osmid": 5191}, "geometry": {"type": "Point", "coordinates": [30.6338674, 50.420503]}}, {"type": "Feature", "properties": {"osmid": 5192}, "geometry": {"type": "Point", "coordinates": [30.3203618, 50.3370486]}}, {"type": "Feature", "properties": {"osmid": 5193}, "geometry": {"type": "Point", "coordinates": [30.7874036, 50.3647508]}}, {"type": "Feature", "properties": {"osmid": 5194}, "geometry": {"type": "Point", "coordinates": [30.5848851, 50.5178606]}}, {"type": "Feature", "properties": {"osmid": 5195}, "geometry": {"type": "Point", "coordinates": [30.6222067, 50.3421988]}}, {"type": "Feature", "properties": {"osmid": 5196}, "geometry": {"type": "Point", "coordinates": [30.4865217, 50.4588479]}}, {"type": "Feature", "properties": {"osmid": 5197}, "geometry": {"type": "Point", "coordinates": [30.2656737, 50.3373127]}}, {"type": "Feature", "properties": {"osmid": 5198}, "geometry": {"type": "Point", "coordinates": [30.5492436, 50.3707217]}}, {"type": "Feature", "properties": {"osmid": 5199}, "geometry": {"type": "Point", "coordinates": [30.2851648, 50.3373836]}}, {"type": "Feature", "properties": {"osmid": 5200}, "geometry": {"type": "Point", "coordinates": [30.483096, 50.4888623]}}, {"type": "Feature", "properties": {"osmid": 5201}, "geometry": {"type": "Point", "coordinates": [30.3570442, 50.4648456]}}, {"type": "Feature", "properties": {"osmid": 5202}, "geometry": {"type": "Point", "coordinates": [30.4816212, 50.4491281]}}, {"type": "Feature", "properties": {"osmid": 5203}, "geometry": {"type": "Point", "coordinates": [30.3800898, 50.4569862]}}, {"type": "Feature", "properties": {"osmid": 5204}, "geometry": {"type": "Point", "coordinates": [30.6343319, 50.4305576]}}, {"type": "Feature", "properties": {"osmid": 5205}, "geometry": {"type": "Point", "coordinates": [30.4828045, 50.4888776]}}, {"type": "Feature", "properties": {"osmid": 5206}, "geometry": {"type": "Point", "coordinates": [30.3689165, 50.3706844]}}, {"type": "Feature", "properties": {"osmid": 5207}, "geometry": {"type": "Point", "coordinates": [30.5226161, 50.4030524]}}, {"type": "Feature", "properties": {"osmid": 5208}, "geometry": {"type": "Point", "coordinates": [30.585545, 50.5203778]}}, {"type": "Feature", "properties": {"osmid": 5209}, "geometry": {"type": "Point", "coordinates": [30.2664608, 50.3376874]}}, {"type": "Feature", "properties": {"osmid": 5210}, "geometry": {"type": "Point", "coordinates": [30.5588459, 50.4805462]}}, {"type": "Feature", "properties": {"osmid": 5211}, "geometry": {"type": "Point", "coordinates": [30.4976601, 50.4890927]}}, {"type": "Feature", "properties": {"osmid": 5212}, "geometry": {"type": "Point", "coordinates": [30.4981434, 50.4892192]}}, {"type": "Feature", "properties": {"osmid": 5213}, "geometry": {"type": "Point", "coordinates": [30.4981388, 50.4890876]}}, {"type": "Feature", "properties": {"osmid": 5214}, "geometry": {"type": "Point", "coordinates": [30.4976596, 50.4892223]}}, {"type": "Feature", "properties": {"osmid": 5215}, "geometry": {"type": "Point", "coordinates": [30.6533727, 50.5410756]}}, {"type": "Feature", "properties": {"osmid": 5216}, "geometry": {"type": "Point", "coordinates": [30.5076546, 50.4887424]}}, {"type": "Feature", "properties": {"osmid": 5217}, "geometry": {"type": "Point", "coordinates": [30.5064107, 50.4889124]}}, {"type": "Feature", "properties": {"osmid": 5218}, "geometry": {"type": "Point", "coordinates": [30.5077008, 50.4888742]}}, {"type": "Feature", "properties": {"osmid": 5219}, "geometry": {"type": "Point", "coordinates": [30.5071348, 50.4893369]}}, {"type": "Feature", "properties": {"osmid": 5220}, "geometry": {"type": "Point", "coordinates": [30.4988571, 50.444515]}}, {"type": "Feature", "properties": {"osmid": 5221}, "geometry": {"type": "Point", "coordinates": [30.480495, 50.4883434]}}, {"type": "Feature", "properties": {"osmid": 5222}, "geometry": {"type": "Point", "coordinates": [30.5036441, 50.4890167]}}, {"type": "Feature", "properties": {"osmid": 5223}, "geometry": {"type": "Point", "coordinates": [30.497717, 50.4921501]}}, {"type": "Feature", "properties": {"osmid": 5224}, "geometry": {"type": "Point", "coordinates": [30.4964327, 50.4924538]}}, {"type": "Feature", "properties": {"osmid": 5225}, "geometry": {"type": "Point", "coordinates": [30.4981899, 50.492847]}}, {"type": "Feature", "properties": {"osmid": 5226}, "geometry": {"type": "Point", "coordinates": [30.6457157, 50.4135053]}}, {"type": "Feature", "properties": {"osmid": 5227}, "geometry": {"type": "Point", "coordinates": [30.6447488, 50.4131622]}}, {"type": "Feature", "properties": {"osmid": 5228}, "geometry": {"type": "Point", "coordinates": [30.5000658, 50.4899668]}}, {"type": "Feature", "properties": {"osmid": 5229}, "geometry": {"type": "Point", "coordinates": [30.4989924, 50.4907132]}}, {"type": "Feature", "properties": {"osmid": 5230}, "geometry": {"type": "Point", "coordinates": [30.4821488, 50.4480532]}}, {"type": "Feature", "properties": {"osmid": 5231}, "geometry": {"type": "Point", "coordinates": [30.4945862, 50.4891279]}}, {"type": "Feature", "properties": {"osmid": 5232}, "geometry": {"type": "Point", "coordinates": [30.2672439, 50.3380509]}}, {"type": "Feature", "properties": {"osmid": 5233}, "geometry": {"type": "Point", "coordinates": [30.497663, 50.4883615]}}, {"type": "Feature", "properties": {"osmid": 5234}, "geometry": {"type": "Point", "coordinates": [30.6470631, 50.4109806]}}, {"type": "Feature", "properties": {"osmid": 5235}, "geometry": {"type": "Point", "coordinates": [30.6473854, 50.410113]}}, {"type": "Feature", "properties": {"osmid": 5236}, "geometry": {"type": "Point", "coordinates": [30.4981168, 50.4884591]}}, {"type": "Feature", "properties": {"osmid": 5237}, "geometry": {"type": "Point", "coordinates": [30.4992004, 50.4888669]}}, {"type": "Feature", "properties": {"osmid": 5238}, "geometry": {"type": "Point", "coordinates": [30.4822739, 50.4865426]}}, {"type": "Feature", "properties": {"osmid": 5239}, "geometry": {"type": "Point", "coordinates": [30.6493546, 50.4156227]}}, {"type": "Feature", "properties": {"osmid": 5240}, "geometry": {"type": "Point", "coordinates": [30.643821, 50.4152549]}}, {"type": "Feature", "properties": {"osmid": 5241}, "geometry": {"type": "Point", "coordinates": [30.646634, 50.4106689]}}, {"type": "Feature", "properties": {"osmid": 5242}, "geometry": {"type": "Point", "coordinates": [30.6275418, 50.4086122]}}, {"type": "Feature", "properties": {"osmid": 5243}, "geometry": {"type": "Point", "coordinates": [30.6471966, 50.4100693]}}, {"type": "Feature", "properties": {"osmid": 5244}, "geometry": {"type": "Point", "coordinates": [30.644532, 50.4151545]}}, {"type": "Feature", "properties": {"osmid": 5245}, "geometry": {"type": "Point", "coordinates": [30.3204806, 50.3384369]}}, {"type": "Feature", "properties": {"osmid": 5246}, "geometry": {"type": "Point", "coordinates": [30.2843159, 50.3384608]}}, {"type": "Feature", "properties": {"osmid": 5247}, "geometry": {"type": "Point", "coordinates": [30.4950729, 50.4930414]}}, {"type": "Feature", "properties": {"osmid": 5248}, "geometry": {"type": "Point", "coordinates": [30.4810876, 50.4486038]}}, {"type": "Feature", "properties": {"osmid": 5249}, "geometry": {"type": "Point", "coordinates": [30.4976522, 50.4905512]}}, {"type": "Feature", "properties": {"osmid": 5250}, "geometry": {"type": "Point", "coordinates": [30.7897112, 50.5117511]}}, {"type": "Feature", "properties": {"osmid": 5251}, "geometry": {"type": "Point", "coordinates": [30.2680683, 50.3384455]}}, {"type": "Feature", "properties": {"osmid": 5252}, "geometry": {"type": "Point", "coordinates": [30.3205323, 50.3385938]}}, {"type": "Feature", "properties": {"osmid": 5253}, "geometry": {"type": "Point", "coordinates": [30.4743486, 50.4670018]}}, {"type": "Feature", "properties": {"osmid": 5254}, "geometry": {"type": "Point", "coordinates": [30.3764486, 50.3883598]}}, {"type": "Feature", "properties": {"osmid": 5255}, "geometry": {"type": "Point", "coordinates": [30.2688317, 50.3388135]}}, {"type": "Feature", "properties": {"osmid": 5256}, "geometry": {"type": "Point", "coordinates": [30.3615462, 50.3883667]}}, {"type": "Feature", "properties": {"osmid": 5257}, "geometry": {"type": "Point", "coordinates": [30.4832413, 50.5094298]}}, {"type": "Feature", "properties": {"osmid": 5258}, "geometry": {"type": "Point", "coordinates": [30.5439453, 50.422691]}}, {"type": "Feature", "properties": {"osmid": 5259}, "geometry": {"type": "Point", "coordinates": [30.3738552, 50.3917726]}}, {"type": "Feature", "properties": {"osmid": 5260}, "geometry": {"type": "Point", "coordinates": [30.3733219, 50.3883423]}}, {"type": "Feature", "properties": {"osmid": 5261}, "geometry": {"type": "Point", "coordinates": [30.5221476, 50.488288]}}, {"type": "Feature", "properties": {"osmid": 5262}, "geometry": {"type": "Point", "coordinates": [30.3767295, 50.3917056]}}, {"type": "Feature", "properties": {"osmid": 5263}, "geometry": {"type": "Point", "coordinates": [30.5250187, 50.4882733]}}, {"type": "Feature", "properties": {"osmid": 5264}, "geometry": {"type": "Point", "coordinates": [30.524315, 50.4902365]}}, {"type": "Feature", "properties": {"osmid": 5265}, "geometry": {"type": "Point", "coordinates": [30.3816713, 50.3881543]}}, {"type": "Feature", "properties": {"osmid": 5266}, "geometry": {"type": "Point", "coordinates": [30.3303906, 50.4901985]}}, {"type": "Feature", "properties": {"osmid": 5267}, "geometry": {"type": "Point", "coordinates": [30.5254021, 50.4891078]}}, {"type": "Feature", "properties": {"osmid": 5268}, "geometry": {"type": "Point", "coordinates": [30.3821506, 50.3894993]}}, {"type": "Feature", "properties": {"osmid": 5269}, "geometry": {"type": "Point", "coordinates": [30.5261877, 50.4203099]}}, {"type": "Feature", "properties": {"osmid": 5270}, "geometry": {"type": "Point", "coordinates": [30.369915, 50.4969051]}}, {"type": "Feature", "properties": {"osmid": 5271}, "geometry": {"type": "Point", "coordinates": [30.305455, 50.3937372]}}, {"type": "Feature", "properties": {"osmid": 5272}, "geometry": {"type": "Point", "coordinates": [30.5476574, 50.4210993]}}, {"type": "Feature", "properties": {"osmid": 5273}, "geometry": {"type": "Point", "coordinates": [30.3765474, 50.3895369]}}, {"type": "Feature", "properties": {"osmid": 5274}, "geometry": {"type": "Point", "coordinates": [30.5300744, 50.4208937]}}, {"type": "Feature", "properties": {"osmid": 5275}, "geometry": {"type": "Point", "coordinates": [30.5306379, 50.4208514]}}, {"type": "Feature", "properties": {"osmid": 5276}, "geometry": {"type": "Point", "coordinates": [30.7007442, 50.3845151]}}, {"type": "Feature", "properties": {"osmid": 5277}, "geometry": {"type": "Point", "coordinates": [30.5239782, 50.4197214]}}, {"type": "Feature", "properties": {"osmid": 5278}, "geometry": {"type": "Point", "coordinates": [30.2696031, 50.3391749]}}, {"type": "Feature", "properties": {"osmid": 5279}, "geometry": {"type": "Point", "coordinates": [30.3828827, 50.3915727]}}, {"type": "Feature", "properties": {"osmid": 5280}, "geometry": {"type": "Point", "coordinates": [30.3740641, 50.3883431]}}, {"type": "Feature", "properties": {"osmid": 5281}, "geometry": {"type": "Point", "coordinates": [30.3711059, 50.3883281]}}, {"type": "Feature", "properties": {"osmid": 5282}, "geometry": {"type": "Point", "coordinates": [30.7427736, 50.3971473]}}, {"type": "Feature", "properties": {"osmid": 5283}, "geometry": {"type": "Point", "coordinates": [30.3261355, 50.4921475]}}, {"type": "Feature", "properties": {"osmid": 5284}, "geometry": {"type": "Point", "coordinates": [30.3671173, 50.4970606]}}, {"type": "Feature", "properties": {"osmid": 5285}, "geometry": {"type": "Point", "coordinates": [30.4952482, 50.462493]}}, {"type": "Feature", "properties": {"osmid": 5286}, "geometry": {"type": "Point", "coordinates": [30.3263543, 50.4926901]}}, {"type": "Feature", "properties": {"osmid": 5287}, "geometry": {"type": "Point", "coordinates": [30.492403, 50.4625537]}}, {"type": "Feature", "properties": {"osmid": 5288}, "geometry": {"type": "Point", "coordinates": [30.527562, 50.4883713]}}, {"type": "Feature", "properties": {"osmid": 5289}, "geometry": {"type": "Point", "coordinates": [30.5265189, 50.4879724]}}, {"type": "Feature", "properties": {"osmid": 5290}, "geometry": {"type": "Point", "coordinates": [30.5281002, 50.4866944]}}, {"type": "Feature", "properties": {"osmid": 5291}, "geometry": {"type": "Point", "coordinates": [30.4684686, 50.3603864]}}, {"type": "Feature", "properties": {"osmid": 5292}, "geometry": {"type": "Point", "coordinates": [30.2704118, 50.3395624]}}, {"type": "Feature", "properties": {"osmid": 5293}, "geometry": {"type": "Point", "coordinates": [30.5051644, 50.471108]}}, {"type": "Feature", "properties": {"osmid": 5294}, "geometry": {"type": "Point", "coordinates": [30.3684936, 50.3976045]}}, {"type": "Feature", "properties": {"osmid": 5295}, "geometry": {"type": "Point", "coordinates": [30.5036778, 50.4719941]}}, {"type": "Feature", "properties": {"osmid": 5296}, "geometry": {"type": "Point", "coordinates": [30.5362117, 50.4820641]}}, {"type": "Feature", "properties": {"osmid": 5297}, "geometry": {"type": "Point", "coordinates": [30.2465019, 50.4946878]}}, {"type": "Feature", "properties": {"osmid": 5298}, "geometry": {"type": "Point", "coordinates": [30.5245236, 50.4903889]}}, {"type": "Feature", "properties": {"osmid": 5299}, "geometry": {"type": "Point", "coordinates": [30.4849302, 50.4775455]}}, {"type": "Feature", "properties": {"osmid": 5300}, "geometry": {"type": "Point", "coordinates": [30.525211, 50.4094578]}}, {"type": "Feature", "properties": {"osmid": 5301}, "geometry": {"type": "Point", "coordinates": [30.4761257, 50.4830744]}}, {"type": "Feature", "properties": {"osmid": 5302}, "geometry": {"type": "Point", "coordinates": [30.6741497, 50.5717744]}}, {"type": "Feature", "properties": {"osmid": 5303}, "geometry": {"type": "Point", "coordinates": [30.4554524, 50.3681917]}}, {"type": "Feature", "properties": {"osmid": 5304}, "geometry": {"type": "Point", "coordinates": [30.4034376, 50.4719374]}}, {"type": "Feature", "properties": {"osmid": 5305}, "geometry": {"type": "Point", "coordinates": [30.5692184, 50.4229149]}}, {"type": "Feature", "properties": {"osmid": 5306}, "geometry": {"type": "Point", "coordinates": [30.3208123, 50.3398612]}}, {"type": "Feature", "properties": {"osmid": 5307}, "geometry": {"type": "Point", "coordinates": [30.3389237, 50.4711737]}}, {"type": "Feature", "properties": {"osmid": 5308}, "geometry": {"type": "Point", "coordinates": [30.4763404, 50.4824698]}}, {"type": "Feature", "properties": {"osmid": 5309}, "geometry": {"type": "Point", "coordinates": [30.271158, 50.3399316]}}, {"type": "Feature", "properties": {"osmid": 5310}, "geometry": {"type": "Point", "coordinates": [30.4731855, 50.485747]}}, {"type": "Feature", "properties": {"osmid": 5311}, "geometry": {"type": "Point", "coordinates": [30.5171552, 50.4426949]}}, {"type": "Feature", "properties": {"osmid": 5312}, "geometry": {"type": "Point", "coordinates": [30.4944579, 50.4463717]}}, {"type": "Feature", "properties": {"osmid": 5313}, "geometry": {"type": "Point", "coordinates": [30.5850166, 50.4936671]}}, {"type": "Feature", "properties": {"osmid": 5314}, "geometry": {"type": "Point", "coordinates": [30.5859569, 50.4924927]}}, {"type": "Feature", "properties": {"osmid": 5315}, "geometry": {"type": "Point", "coordinates": [30.5865919, 50.4920093]}}, {"type": "Feature", "properties": {"osmid": 5316}, "geometry": {"type": "Point", "coordinates": [30.5857977, 50.4921916]}}, {"type": "Feature", "properties": {"osmid": 5317}, "geometry": {"type": "Point", "coordinates": [30.6432644, 50.462884]}}, {"type": "Feature", "properties": {"osmid": 5318}, "geometry": {"type": "Point", "coordinates": [30.6397242, 50.4744421]}}, {"type": "Feature", "properties": {"osmid": 5319}, "geometry": {"type": "Point", "coordinates": [30.6395953, 50.474614]}}, {"type": "Feature", "properties": {"osmid": 5320}, "geometry": {"type": "Point", "coordinates": [30.6450497, 50.46662]}}, {"type": "Feature", "properties": {"osmid": 5321}, "geometry": {"type": "Point", "coordinates": [30.5910748, 50.4904896]}}, {"type": "Feature", "properties": {"osmid": 5322}, "geometry": {"type": "Point", "coordinates": [30.5912553, 50.4904558]}}, {"type": "Feature", "properties": {"osmid": 5323}, "geometry": {"type": "Point", "coordinates": [30.4388923, 50.3935205]}}, {"type": "Feature", "properties": {"osmid": 5324}, "geometry": {"type": "Point", "coordinates": [30.5703879, 50.423622]}}, {"type": "Feature", "properties": {"osmid": 5325}, "geometry": {"type": "Point", "coordinates": [30.3956968, 50.4250425]}}, {"type": "Feature", "properties": {"osmid": 5326}, "geometry": {"type": "Point", "coordinates": [30.6063951, 50.4987977]}}, {"type": "Feature", "properties": {"osmid": 5327}, "geometry": {"type": "Point", "coordinates": [30.6065346, 50.4988603]}}, {"type": "Feature", "properties": {"osmid": 5328}, "geometry": {"type": "Point", "coordinates": [30.2881952, 50.4370103]}}, {"type": "Feature", "properties": {"osmid": 5329}, "geometry": {"type": "Point", "coordinates": [30.2719084, 50.3403033]}}, {"type": "Feature", "properties": {"osmid": 5330}, "geometry": {"type": "Point", "coordinates": [30.5905538, 50.4628356]}}, {"type": "Feature", "properties": {"osmid": 5331}, "geometry": {"type": "Point", "coordinates": [30.2828783, 50.3403592]}}, {"type": "Feature", "properties": {"osmid": 5332}, "geometry": {"type": "Point", "coordinates": [30.4866419, 50.4047161]}}, {"type": "Feature", "properties": {"osmid": 5333}, "geometry": {"type": "Point", "coordinates": [30.5904841, 50.462766]}}, {"type": "Feature", "properties": {"osmid": 5334}, "geometry": {"type": "Point", "coordinates": [30.5668275, 50.4238584]}}, {"type": "Feature", "properties": {"osmid": 5335}, "geometry": {"type": "Point", "coordinates": [30.3579276, 50.3406289]}}, {"type": "Feature", "properties": {"osmid": 5336}, "geometry": {"type": "Point", "coordinates": [30.5703269, 50.4239979]}}, {"type": "Feature", "properties": {"osmid": 5337}, "geometry": {"type": "Point", "coordinates": [30.3228185, 50.5647869]}}, {"type": "Feature", "properties": {"osmid": 5338}, "geometry": {"type": "Point", "coordinates": [30.4242392, 50.4669117]}}, {"type": "Feature", "properties": {"osmid": 5339}, "geometry": {"type": "Point", "coordinates": [30.483457, 50.5152056]}}, {"type": "Feature", "properties": {"osmid": 5340}, "geometry": {"type": "Point", "coordinates": [30.3322142, 50.4873083]}}, {"type": "Feature", "properties": {"osmid": 5341}, "geometry": {"type": "Point", "coordinates": [30.6809031, 50.3788448]}}, {"type": "Feature", "properties": {"osmid": 5342}, "geometry": {"type": "Point", "coordinates": [30.4438922, 50.4802743]}}, {"type": "Feature", "properties": {"osmid": 5343}, "geometry": {"type": "Point", "coordinates": [30.3532691, 50.4711642]}}, {"type": "Feature", "properties": {"osmid": 5344}, "geometry": {"type": "Point", "coordinates": [30.8040489, 50.3304548]}}, {"type": "Feature", "properties": {"osmid": 5345}, "geometry": {"type": "Point", "coordinates": [30.3498005, 50.4713537]}}, {"type": "Feature", "properties": {"osmid": 5346}, "geometry": {"type": "Point", "coordinates": [30.6821532, 50.3724301]}}, {"type": "Feature", "properties": {"osmid": 5347}, "geometry": {"type": "Point", "coordinates": [30.6814397, 50.3697179]}}, {"type": "Feature", "properties": {"osmid": 5348}, "geometry": {"type": "Point", "coordinates": [30.5683919, 50.424898]}}, {"type": "Feature", "properties": {"osmid": 5349}, "geometry": {"type": "Point", "coordinates": [30.2727078, 50.3406998]}}, {"type": "Feature", "properties": {"osmid": 5350}, "geometry": {"type": "Point", "coordinates": [30.6261357, 50.5069638]}}, {"type": "Feature", "properties": {"osmid": 5351}, "geometry": {"type": "Point", "coordinates": [30.6259859, 50.5067302]}}, {"type": "Feature", "properties": {"osmid": 5352}, "geometry": {"type": "Point", "coordinates": [30.6769373, 50.362421]}}, {"type": "Feature", "properties": {"osmid": 5353}, "geometry": {"type": "Point", "coordinates": [30.4994107, 50.3951519]}}, {"type": "Feature", "properties": {"osmid": 5354}, "geometry": {"type": "Point", "coordinates": [30.62857, 50.5068962]}}, {"type": "Feature", "properties": {"osmid": 5355}, "geometry": {"type": "Point", "coordinates": [30.4574961, 50.4210212]}}, {"type": "Feature", "properties": {"osmid": 5356}, "geometry": {"type": "Point", "coordinates": [30.6263706, 50.5075012]}}, {"type": "Feature", "properties": {"osmid": 5357}, "geometry": {"type": "Point", "coordinates": [30.5933907, 50.4175281]}}, {"type": "Feature", "properties": {"osmid": 5358}, "geometry": {"type": "Point", "coordinates": [30.3207944, 50.3408814]}}, {"type": "Feature", "properties": {"osmid": 5359}, "geometry": {"type": "Point", "coordinates": [30.5895399, 50.4608755]}}, {"type": "Feature", "properties": {"osmid": 5360}, "geometry": {"type": "Point", "coordinates": [30.2734491, 50.3410668]}}, {"type": "Feature", "properties": {"osmid": 5361}, "geometry": {"type": "Point", "coordinates": [30.5899966, 50.4603742]}}, {"type": "Feature", "properties": {"osmid": 5362}, "geometry": {"type": "Point", "coordinates": [30.589209, 50.4600495]}}, {"type": "Feature", "properties": {"osmid": 5363}, "geometry": {"type": "Point", "coordinates": [30.3228085, 50.4891818]}}, {"type": "Feature", "properties": {"osmid": 5364}, "geometry": {"type": "Point", "coordinates": [30.6210746, 50.5097298]}}, {"type": "Feature", "properties": {"osmid": 5365}, "geometry": {"type": "Point", "coordinates": [30.3325395, 50.487154]}}, {"type": "Feature", "properties": {"osmid": 5366}, "geometry": {"type": "Point", "coordinates": [30.620981, 50.5096452]}}, {"type": "Feature", "properties": {"osmid": 5367}, "geometry": {"type": "Point", "coordinates": [30.3273344, 50.4894937]}}, {"type": "Feature", "properties": {"osmid": 5368}, "geometry": {"type": "Point", "coordinates": [30.2821295, 50.3413479]}}, {"type": "Feature", "properties": {"osmid": 5369}, "geometry": {"type": "Point", "coordinates": [30.3905257, 50.5027321]}}, {"type": "Feature", "properties": {"osmid": 5370}, "geometry": {"type": "Point", "coordinates": [30.2742337, 50.3414479]}}, {"type": "Feature", "properties": {"osmid": 5371}, "geometry": {"type": "Point", "coordinates": [30.6097559, 50.3695371]}}, {"type": "Feature", "properties": {"osmid": 5372}, "geometry": {"type": "Point", "coordinates": [30.3918653, 50.5042383]}}, {"type": "Feature", "properties": {"osmid": 5373}, "geometry": {"type": "Point", "coordinates": [30.3912103, 50.5035101]}}, {"type": "Feature", "properties": {"osmid": 5374}, "geometry": {"type": "Point", "coordinates": [30.3295896, 50.4885201]}}, {"type": "Feature", "properties": {"osmid": 5375}, "geometry": {"type": "Point", "coordinates": [30.3291388, 50.4162218]}}, {"type": "Feature", "properties": {"osmid": 5376}, "geometry": {"type": "Point", "coordinates": [30.3860887, 50.4987472]}}, {"type": "Feature", "properties": {"osmid": 5377}, "geometry": {"type": "Point", "coordinates": [30.3293563, 50.4161658]}}, {"type": "Feature", "properties": {"osmid": 5378}, "geometry": {"type": "Point", "coordinates": [30.4466166, 50.4241962]}}, {"type": "Feature", "properties": {"osmid": 5379}, "geometry": {"type": "Point", "coordinates": [30.6233037, 50.5087035]}}, {"type": "Feature", "properties": {"osmid": 5380}, "geometry": {"type": "Point", "coordinates": [30.3867075, 50.4992126]}}, {"type": "Feature", "properties": {"osmid": 5381}, "geometry": {"type": "Point", "coordinates": [30.6118669, 50.486748]}}, {"type": "Feature", "properties": {"osmid": 5382}, "geometry": {"type": "Point", "coordinates": [30.6120186, 50.486839]}}, {"type": "Feature", "properties": {"osmid": 5383}, "geometry": {"type": "Point", "coordinates": [30.3206857, 50.3416348]}}, {"type": "Feature", "properties": {"osmid": 5384}, "geometry": {"type": "Point", "coordinates": [30.4441434, 50.4207718]}}, {"type": "Feature", "properties": {"osmid": 5385}, "geometry": {"type": "Point", "coordinates": [30.6300517, 50.4599968]}}, {"type": "Feature", "properties": {"osmid": 5386}, "geometry": {"type": "Point", "coordinates": [30.3241213, 50.489235]}}, {"type": "Feature", "properties": {"osmid": 5387}, "geometry": {"type": "Point", "coordinates": [30.334981, 50.486066]}}, {"type": "Feature", "properties": {"osmid": 5388}, "geometry": {"type": "Point", "coordinates": [30.6033611, 50.4849786]}}, {"type": "Feature", "properties": {"osmid": 5389}, "geometry": {"type": "Point", "coordinates": [30.2750553, 50.3418469]}}, {"type": "Feature", "properties": {"osmid": 5390}, "geometry": {"type": "Point", "coordinates": [30.6178273, 50.4782773]}}, {"type": "Feature", "properties": {"osmid": 5391}, "geometry": {"type": "Point", "coordinates": [30.5098709, 50.4643386]}}, {"type": "Feature", "properties": {"osmid": 5392}, "geometry": {"type": "Point", "coordinates": [30.623313, 50.4310041]}}, {"type": "Feature", "properties": {"osmid": 5393}, "geometry": {"type": "Point", "coordinates": [30.2814663, 50.342236]}}, {"type": "Feature", "properties": {"osmid": 5394}, "geometry": {"type": "Point", "coordinates": [30.361113, 50.3372635]}}, {"type": "Feature", "properties": {"osmid": 5395}, "geometry": {"type": "Point", "coordinates": [30.4443853, 50.5903604]}}, {"type": "Feature", "properties": {"osmid": 5396}, "geometry": {"type": "Point", "coordinates": [30.2758471, 50.3422315]}}, {"type": "Feature", "properties": {"osmid": 5397}, "geometry": {"type": "Point", "coordinates": [30.4925434, 50.3530574]}}, {"type": "Feature", "properties": {"osmid": 5398}, "geometry": {"type": "Point", "coordinates": [30.2765887, 50.3425827]}}, {"type": "Feature", "properties": {"osmid": 5399}, "geometry": {"type": "Point", "coordinates": [30.4479985, 50.5897513]}}, {"type": "Feature", "properties": {"osmid": 5400}, "geometry": {"type": "Point", "coordinates": [30.492743, 50.3533218]}}, {"type": "Feature", "properties": {"osmid": 5401}, "geometry": {"type": "Point", "coordinates": [30.4895348, 50.3542838]}}, {"type": "Feature", "properties": {"osmid": 5402}, "geometry": {"type": "Point", "coordinates": [30.5745912, 50.4897053]}}, {"type": "Feature", "properties": {"osmid": 5403}, "geometry": {"type": "Point", "coordinates": [30.4693363, 50.4866581]}}, {"type": "Feature", "properties": {"osmid": 5404}, "geometry": {"type": "Point", "coordinates": [30.3090425, 50.3429002]}}, {"type": "Feature", "properties": {"osmid": 5405}, "geometry": {"type": "Point", "coordinates": [30.7382765, 50.4904686]}}, {"type": "Feature", "properties": {"osmid": 5406}, "geometry": {"type": "Point", "coordinates": [30.2773444, 50.3429496]}}, {"type": "Feature", "properties": {"osmid": 5407}, "geometry": {"type": "Point", "coordinates": [30.6183799, 50.4774782]}}, {"type": "Feature", "properties": {"osmid": 5408}, "geometry": {"type": "Point", "coordinates": [30.3003475, 50.3430517]}}, {"type": "Feature", "properties": {"osmid": 5409}, "geometry": {"type": "Point", "coordinates": [30.3002707, 50.3431836]}}, {"type": "Feature", "properties": {"osmid": 5410}, "geometry": {"type": "Point", "coordinates": [30.3042475, 50.3431199]}}, {"type": "Feature", "properties": {"osmid": 5411}, "geometry": {"type": "Point", "coordinates": [30.6212207, 50.4729529]}}, {"type": "Feature", "properties": {"osmid": 5412}, "geometry": {"type": "Point", "coordinates": [30.8253033, 50.5683881]}}, {"type": "Feature", "properties": {"osmid": 5413}, "geometry": {"type": "Point", "coordinates": [30.4988201, 50.4077052]}}, {"type": "Feature", "properties": {"osmid": 5414}, "geometry": {"type": "Point", "coordinates": [30.5046802, 50.4689395]}}, {"type": "Feature", "properties": {"osmid": 5415}, "geometry": {"type": "Point", "coordinates": [30.2392816, 50.5549613]}}, {"type": "Feature", "properties": {"osmid": 5416}, "geometry": {"type": "Point", "coordinates": [30.7987656, 50.505969]}}, {"type": "Feature", "properties": {"osmid": 5417}, "geometry": {"type": "Point", "coordinates": [30.7953941, 50.5297277]}}, {"type": "Feature", "properties": {"osmid": 5418}, "geometry": {"type": "Point", "coordinates": [30.5233895, 50.4494557]}}, {"type": "Feature", "properties": {"osmid": 5419}, "geometry": {"type": "Point", "coordinates": [30.4851788, 50.5413245]}}, {"type": "Feature", "properties": {"osmid": 5420}, "geometry": {"type": "Point", "coordinates": [30.4851494, 50.5407464]}}, {"type": "Feature", "properties": {"osmid": 5421}, "geometry": {"type": "Point", "coordinates": [30.5030708, 50.4696675]}}, {"type": "Feature", "properties": {"osmid": 5422}, "geometry": {"type": "Point", "coordinates": [30.2393692, 50.5588949]}}, {"type": "Feature", "properties": {"osmid": 5423}, "geometry": {"type": "Point", "coordinates": [30.2393799, 50.5621229]}}, {"type": "Feature", "properties": {"osmid": 5424}, "geometry": {"type": "Point", "coordinates": [30.3007753, 50.3432636]}}, {"type": "Feature", "properties": {"osmid": 5425}, "geometry": {"type": "Point", "coordinates": [30.275963, 50.554833]}}, {"type": "Feature", "properties": {"osmid": 5426}, "geometry": {"type": "Point", "coordinates": [30.2781048, 50.3432622]}}, {"type": "Feature", "properties": {"osmid": 5427}, "geometry": {"type": "Point", "coordinates": [30.3287183, 50.4889125]}}, {"type": "Feature", "properties": {"osmid": 5428}, "geometry": {"type": "Point", "coordinates": [30.300373, 50.3433091]}}, {"type": "Feature", "properties": {"osmid": 5429}, "geometry": {"type": "Point", "coordinates": [30.5920581, 50.4573933]}}, {"type": "Feature", "properties": {"osmid": 5430}, "geometry": {"type": "Point", "coordinates": [30.3010456, 50.3433206]}}, {"type": "Feature", "properties": {"osmid": 5431}, "geometry": {"type": "Point", "coordinates": [30.5901488, 50.4595957]}}, {"type": "Feature", "properties": {"osmid": 5432}, "geometry": {"type": "Point", "coordinates": [30.3849366, 50.4305329]}}, {"type": "Feature", "properties": {"osmid": 5433}, "geometry": {"type": "Point", "coordinates": [30.7803023, 50.5006227]}}, {"type": "Feature", "properties": {"osmid": 5434}, "geometry": {"type": "Point", "coordinates": [30.612256, 50.4723994]}}, {"type": "Feature", "properties": {"osmid": 5435}, "geometry": {"type": "Point", "coordinates": [30.4872167, 50.5825064]}}, {"type": "Feature", "properties": {"osmid": 5436}, "geometry": {"type": "Point", "coordinates": [30.2968778, 50.3433654]}}, {"type": "Feature", "properties": {"osmid": 5437}, "geometry": {"type": "Point", "coordinates": [30.2944204, 50.3434942]}}, {"type": "Feature", "properties": {"osmid": 5438}, "geometry": {"type": "Point", "coordinates": [30.3155684, 50.3434865]}}, {"type": "Feature", "properties": {"osmid": 5439}, "geometry": {"type": "Point", "coordinates": [30.8655923, 50.5327501]}}, {"type": "Feature", "properties": {"osmid": 5440}, "geometry": {"type": "Point", "coordinates": [30.293338, 50.3435461]}}, {"type": "Feature", "properties": {"osmid": 5441}, "geometry": {"type": "Point", "coordinates": [30.2924692, 50.3435906]}}, {"type": "Feature", "properties": {"osmid": 5442}, "geometry": {"type": "Point", "coordinates": [30.2916022, 50.3436354]}}, {"type": "Feature", "properties": {"osmid": 5443}, "geometry": {"type": "Point", "coordinates": [30.316128, 50.3436308]}}, {"type": "Feature", "properties": {"osmid": 5444}, "geometry": {"type": "Point", "coordinates": [30.4357618, 50.47552]}}, {"type": "Feature", "properties": {"osmid": 5445}, "geometry": {"type": "Point", "coordinates": [30.3214757, 50.4891182]}}, {"type": "Feature", "properties": {"osmid": 5446}, "geometry": {"type": "Point", "coordinates": [30.2905678, 50.3436888]}}, {"type": "Feature", "properties": {"osmid": 5447}, "geometry": {"type": "Point", "coordinates": [30.2895465, 50.3437415]}}, {"type": "Feature", "properties": {"osmid": 5448}, "geometry": {"type": "Point", "coordinates": [30.4665508, 50.489687]}}, {"type": "Feature", "properties": {"osmid": 5449}, "geometry": {"type": "Point", "coordinates": [30.6226909, 50.4713201]}}, {"type": "Feature", "properties": {"osmid": 5450}, "geometry": {"type": "Point", "coordinates": [30.6214227, 50.4729868]}}, {"type": "Feature", "properties": {"osmid": 5451}, "geometry": {"type": "Point", "coordinates": [30.6235956, 50.4701616]}}, {"type": "Feature", "properties": {"osmid": 5452}, "geometry": {"type": "Point", "coordinates": [30.6237097, 50.4700155]}}, {"type": "Feature", "properties": {"osmid": 5453}, "geometry": {"type": "Point", "coordinates": [30.2884804, 50.3437972]}}, {"type": "Feature", "properties": {"osmid": 5454}, "geometry": {"type": "Point", "coordinates": [30.467251, 50.4939436]}}, {"type": "Feature", "properties": {"osmid": 5455}, "geometry": {"type": "Point", "coordinates": [30.6303575, 50.4722231]}}, {"type": "Feature", "properties": {"osmid": 5456}, "geometry": {"type": "Point", "coordinates": [30.6304546, 50.4723704]}}, {"type": "Feature", "properties": {"osmid": 5457}, "geometry": {"type": "Point", "coordinates": [30.6304997, 50.4728873]}}, {"type": "Feature", "properties": {"osmid": 5458}, "geometry": {"type": "Point", "coordinates": [30.6311259, 50.4725437]}}, {"type": "Feature", "properties": {"osmid": 5459}, "geometry": {"type": "Point", "coordinates": [30.4218175, 50.5046689]}}, {"type": "Feature", "properties": {"osmid": 5460}, "geometry": {"type": "Point", "coordinates": [30.6306889, 50.4717756]}}, {"type": "Feature", "properties": {"osmid": 5461}, "geometry": {"type": "Point", "coordinates": [30.6315658, 50.4713295]}}, {"type": "Feature", "properties": {"osmid": 5462}, "geometry": {"type": "Point", "coordinates": [30.2864967, 50.3438932]}}, {"type": "Feature", "properties": {"osmid": 5463}, "geometry": {"type": "Point", "coordinates": [30.4671638, 50.4938916]}}, {"type": "Feature", "properties": {"osmid": 5464}, "geometry": {"type": "Point", "coordinates": [30.4696178, 50.4917234]}}, {"type": "Feature", "properties": {"osmid": 5465}, "geometry": {"type": "Point", "coordinates": [30.4695232, 50.4916568]}}, {"type": "Feature", "properties": {"osmid": 5466}, "geometry": {"type": "Point", "coordinates": [30.3270488, 50.3442055]}}, {"type": "Feature", "properties": {"osmid": 5467}, "geometry": {"type": "Point", "coordinates": [30.3329715, 50.3442527]}}, {"type": "Feature", "properties": {"osmid": 5468}, "geometry": {"type": "Point", "coordinates": [30.324104, 50.3442408]}}, {"type": "Feature", "properties": {"osmid": 5469}, "geometry": {"type": "Point", "coordinates": [30.6309011, 50.4717313]}}, {"type": "Feature", "properties": {"osmid": 5470}, "geometry": {"type": "Point", "coordinates": [30.6316226, 50.4720366]}}, {"type": "Feature", "properties": {"osmid": 5471}, "geometry": {"type": "Point", "coordinates": [30.2648617, 50.549347]}}, {"type": "Feature", "properties": {"osmid": 5472}, "geometry": {"type": "Point", "coordinates": [30.6244379, 50.4691008]}}, {"type": "Feature", "properties": {"osmid": 5473}, "geometry": {"type": "Point", "coordinates": [30.8389224, 50.5859876]}}, {"type": "Feature", "properties": {"osmid": 5474}, "geometry": {"type": "Point", "coordinates": [30.6232946, 50.4699087]}}, {"type": "Feature", "properties": {"osmid": 5475}, "geometry": {"type": "Point", "coordinates": [30.2649093, 50.5495449]}}, {"type": "Feature", "properties": {"osmid": 5476}, "geometry": {"type": "Point", "coordinates": [30.5168207, 50.4394166]}}, {"type": "Feature", "properties": {"osmid": 5477}, "geometry": {"type": "Point", "coordinates": [30.2648549, 50.5495574]}}, {"type": "Feature", "properties": {"osmid": 5478}, "geometry": {"type": "Point", "coordinates": [30.6255196, 50.4673931]}}, {"type": "Feature", "properties": {"osmid": 5479}, "geometry": {"type": "Point", "coordinates": [30.5616317, 50.4011193]}}, {"type": "Feature", "properties": {"osmid": 5480}, "geometry": {"type": "Point", "coordinates": [30.6279619, 50.4638143]}}, {"type": "Feature", "properties": {"osmid": 5481}, "geometry": {"type": "Point", "coordinates": [30.6254266, 50.4673249]}}, {"type": "Feature", "properties": {"osmid": 5482}, "geometry": {"type": "Point", "coordinates": [30.8388098, 50.5860238]}}, {"type": "Feature", "properties": {"osmid": 5483}, "geometry": {"type": "Point", "coordinates": [30.4625465, 50.4928678]}}, {"type": "Feature", "properties": {"osmid": 5484}, "geometry": {"type": "Point", "coordinates": [30.331491, 50.3444651]}}, {"type": "Feature", "properties": {"osmid": 5485}, "geometry": {"type": "Point", "coordinates": [30.6290017, 50.4621267]}}, {"type": "Feature", "properties": {"osmid": 5486}, "geometry": {"type": "Point", "coordinates": [30.2646934, 50.549385]}}, {"type": "Feature", "properties": {"osmid": 5487}, "geometry": {"type": "Point", "coordinates": [30.3804779, 50.3708606]}}, {"type": "Feature", "properties": {"osmid": 5488}, "geometry": {"type": "Point", "coordinates": [30.6286679, 50.4620721]}}, {"type": "Feature", "properties": {"osmid": 5489}, "geometry": {"type": "Point", "coordinates": [30.631721, 50.4613008]}}, {"type": "Feature", "properties": {"osmid": 5490}, "geometry": {"type": "Point", "coordinates": [30.264993, 50.5494388]}}, {"type": "Feature", "properties": {"osmid": 5491}, "geometry": {"type": "Point", "coordinates": [30.6316766, 50.4613778]}}, {"type": "Feature", "properties": {"osmid": 5492}, "geometry": {"type": "Point", "coordinates": [30.6295899, 50.46187]}}, {"type": "Feature", "properties": {"osmid": 5493}, "geometry": {"type": "Point", "coordinates": [30.322426, 50.3446364]}}, {"type": "Feature", "properties": {"osmid": 5494}, "geometry": {"type": "Point", "coordinates": [30.6277146, 50.4639019]}}, {"type": "Feature", "properties": {"osmid": 5495}, "geometry": {"type": "Point", "coordinates": [30.6277673, 50.4634181]}}, {"type": "Feature", "properties": {"osmid": 5496}, "geometry": {"type": "Point", "coordinates": [30.3186128, 50.3446471]}}, {"type": "Feature", "properties": {"osmid": 5497}, "geometry": {"type": "Point", "coordinates": [30.2647165, 50.5495337]}}, {"type": "Feature", "properties": {"osmid": 5498}, "geometry": {"type": "Point", "coordinates": [30.5415312, 50.3733151]}}, {"type": "Feature", "properties": {"osmid": 5499}, "geometry": {"type": "Point", "coordinates": [30.633365, 50.4559014]}}, {"type": "Feature", "properties": {"osmid": 5500}, "geometry": {"type": "Point", "coordinates": [30.6305265, 50.4593652]}}, {"type": "Feature", "properties": {"osmid": 5501}, "geometry": {"type": "Point", "coordinates": [30.6307687, 50.4594318]}}, {"type": "Feature", "properties": {"osmid": 5502}, "geometry": {"type": "Point", "coordinates": [30.2822175, 50.345708]}}, {"type": "Feature", "properties": {"osmid": 5503}, "geometry": {"type": "Point", "coordinates": [30.3927648, 50.3887151]}}, {"type": "Feature", "properties": {"osmid": 5504}, "geometry": {"type": "Point", "coordinates": [30.5279556, 50.4517977]}}, {"type": "Feature", "properties": {"osmid": 5505}, "geometry": {"type": "Point", "coordinates": [30.4594308, 50.4952293]}}, {"type": "Feature", "properties": {"osmid": 5506}, "geometry": {"type": "Point", "coordinates": [30.7380766, 50.4904081]}}, {"type": "Feature", "properties": {"osmid": 5507}, "geometry": {"type": "Point", "coordinates": [30.462678, 50.4983823]}}, {"type": "Feature", "properties": {"osmid": 5508}, "geometry": {"type": "Point", "coordinates": [30.4649755, 50.496106]}}, {"type": "Feature", "properties": {"osmid": 5509}, "geometry": {"type": "Point", "coordinates": [30.444102, 50.4407266]}}, {"type": "Feature", "properties": {"osmid": 5510}, "geometry": {"type": "Point", "coordinates": [30.518365, 50.4699463]}}, {"type": "Feature", "properties": {"osmid": 5511}, "geometry": {"type": "Point", "coordinates": [30.4475561, 50.4388366]}}, {"type": "Feature", "properties": {"osmid": 5512}, "geometry": {"type": "Point", "coordinates": [30.2830221, 50.3462102]}}, {"type": "Feature", "properties": {"osmid": 5513}, "geometry": {"type": "Point", "coordinates": [30.4732122, 50.4690407]}}, {"type": "Feature", "properties": {"osmid": 5514}, "geometry": {"type": "Point", "coordinates": [30.5384498, 50.4278698]}}, {"type": "Feature", "properties": {"osmid": 5515}, "geometry": {"type": "Point", "coordinates": [30.2675766, 50.5732049]}}, {"type": "Feature", "properties": {"osmid": 5516}, "geometry": {"type": "Point", "coordinates": [30.4600531, 50.492189]}}, {"type": "Feature", "properties": {"osmid": 5517}, "geometry": {"type": "Point", "coordinates": [30.2835535, 50.3465583]}}, {"type": "Feature", "properties": {"osmid": 5518}, "geometry": {"type": "Point", "coordinates": [30.7529873, 50.4829399]}}, {"type": "Feature", "properties": {"osmid": 5519}, "geometry": {"type": "Point", "coordinates": [30.6163655, 50.3496166]}}, {"type": "Feature", "properties": {"osmid": 5520}, "geometry": {"type": "Point", "coordinates": [30.2842733, 50.3470248]}}, {"type": "Feature", "properties": {"osmid": 5521}, "geometry": {"type": "Point", "coordinates": [30.779093, 50.5003334]}}, {"type": "Feature", "properties": {"osmid": 5522}, "geometry": {"type": "Point", "coordinates": [30.3590036, 50.4761006]}}, {"type": "Feature", "properties": {"osmid": 5523}, "geometry": {"type": "Point", "coordinates": [30.4874039, 50.5825602]}}, {"type": "Feature", "properties": {"osmid": 5524}, "geometry": {"type": "Point", "coordinates": [30.4428187, 50.3909516]}}, {"type": "Feature", "properties": {"osmid": 5525}, "geometry": {"type": "Point", "coordinates": [30.2849817, 50.3474733]}}, {"type": "Feature", "properties": {"osmid": 5526}, "geometry": {"type": "Point", "coordinates": [30.6790608, 50.5673886]}}, {"type": "Feature", "properties": {"osmid": 5527}, "geometry": {"type": "Point", "coordinates": [30.5998596, 50.4651379]}}, {"type": "Feature", "properties": {"osmid": 5528}, "geometry": {"type": "Point", "coordinates": [30.2856926, 50.3479218]}}, {"type": "Feature", "properties": {"osmid": 5529}, "geometry": {"type": "Point", "coordinates": [30.545337, 50.4183366]}}, {"type": "Feature", "properties": {"osmid": 5530}, "geometry": {"type": "Point", "coordinates": [30.4431478, 50.3912306]}}, {"type": "Feature", "properties": {"osmid": 5531}, "geometry": {"type": "Point", "coordinates": [30.3145152, 50.5562993]}}, {"type": "Feature", "properties": {"osmid": 5532}, "geometry": {"type": "Point", "coordinates": [30.2863202, 50.3483157]}}, {"type": "Feature", "properties": {"osmid": 5533}, "geometry": {"type": "Point", "coordinates": [30.4557128, 50.4972417]}}, {"type": "Feature", "properties": {"osmid": 5534}, "geometry": {"type": "Point", "coordinates": [30.4556483, 50.4173596]}}, {"type": "Feature", "properties": {"osmid": 5535}, "geometry": {"type": "Point", "coordinates": [30.671104, 50.4092975]}}, {"type": "Feature", "properties": {"osmid": 5536}, "geometry": {"type": "Point", "coordinates": [30.4471057, 50.4645425]}}, {"type": "Feature", "properties": {"osmid": 5537}, "geometry": {"type": "Point", "coordinates": [30.4397855, 50.393951]}}, {"type": "Feature", "properties": {"osmid": 5538}, "geometry": {"type": "Point", "coordinates": [30.5988686, 50.4505675]}}, {"type": "Feature", "properties": {"osmid": 5539}, "geometry": {"type": "Point", "coordinates": [30.2869963, 50.3487401]}}, {"type": "Feature", "properties": {"osmid": 5540}, "geometry": {"type": "Point", "coordinates": [30.4428779, 50.3910079]}}, {"type": "Feature", "properties": {"osmid": 5541}, "geometry": {"type": "Point", "coordinates": [30.4552042, 50.4162114]}}, {"type": "Feature", "properties": {"osmid": 5542}, "geometry": {"type": "Point", "coordinates": [30.606916, 50.4546157]}}, {"type": "Feature", "properties": {"osmid": 5543}, "geometry": {"type": "Point", "coordinates": [30.4624912, 50.3671056]}}, {"type": "Feature", "properties": {"osmid": 5544}, "geometry": {"type": "Point", "coordinates": [30.4555266, 50.4161862]}}, {"type": "Feature", "properties": {"osmid": 5545}, "geometry": {"type": "Point", "coordinates": [30.6077914, 50.4559323]}}, {"type": "Feature", "properties": {"osmid": 5546}, "geometry": {"type": "Point", "coordinates": [30.2876725, 50.3491646]}}, {"type": "Feature", "properties": {"osmid": 5547}, "geometry": {"type": "Point", "coordinates": [30.492568, 50.4452359]}}, {"type": "Feature", "properties": {"osmid": 5548}, "geometry": {"type": "Point", "coordinates": [30.5988376, 50.4506305]}}, {"type": "Feature", "properties": {"osmid": 5549}, "geometry": {"type": "Point", "coordinates": [30.3451007, 50.4745028]}}, {"type": "Feature", "properties": {"osmid": 5550}, "geometry": {"type": "Point", "coordinates": [30.2883041, 50.3495611]}}, {"type": "Feature", "properties": {"osmid": 5551}, "geometry": {"type": "Point", "coordinates": [30.6472021, 50.4106156]}}, {"type": "Feature", "properties": {"osmid": 5552}, "geometry": {"type": "Point", "coordinates": [30.2583683, 50.3339593]}}, {"type": "Feature", "properties": {"osmid": 5553}, "geometry": {"type": "Point", "coordinates": [30.6467952, 50.4104903]}}, {"type": "Feature", "properties": {"osmid": 5554}, "geometry": {"type": "Point", "coordinates": [30.4652874, 50.3654135]}}, {"type": "Feature", "properties": {"osmid": 5555}, "geometry": {"type": "Point", "coordinates": [30.2538464, 50.33475]}}, {"type": "Feature", "properties": {"osmid": 5556}, "geometry": {"type": "Point", "coordinates": [30.2897438, 50.350483]}}, {"type": "Feature", "properties": {"osmid": 5557}, "geometry": {"type": "Point", "coordinates": [30.5253362, 50.4133276]}}, {"type": "Feature", "properties": {"osmid": 5558}, "geometry": {"type": "Point", "coordinates": [30.2904239, 50.3509341]}}, {"type": "Feature", "properties": {"osmid": 5559}, "geometry": {"type": "Point", "coordinates": [30.6094165, 50.4917618]}}, {"type": "Feature", "properties": {"osmid": 5560}, "geometry": {"type": "Point", "coordinates": [30.4122689, 50.434406]}}, {"type": "Feature", "properties": {"osmid": 5561}, "geometry": {"type": "Point", "coordinates": [30.2910762, 50.35135]}}, {"type": "Feature", "properties": {"osmid": 5562}, "geometry": {"type": "Point", "coordinates": [30.4641907, 50.4137643]}}, {"type": "Feature", "properties": {"osmid": 5563}, "geometry": {"type": "Point", "coordinates": [30.2917351, 50.3517841]}}, {"type": "Feature", "properties": {"osmid": 5564}, "geometry": {"type": "Point", "coordinates": [30.451296, 50.5035074]}}, {"type": "Feature", "properties": {"osmid": 5565}, "geometry": {"type": "Point", "coordinates": [30.5445175, 50.5624153]}}, {"type": "Feature", "properties": {"osmid": 5566}, "geometry": {"type": "Point", "coordinates": [30.2941473, 50.3532914]}}, {"type": "Feature", "properties": {"osmid": 5567}, "geometry": {"type": "Point", "coordinates": [30.2933006, 50.352772]}}, {"type": "Feature", "properties": {"osmid": 5568}, "geometry": {"type": "Point", "coordinates": [30.3986466, 50.4329239]}}, {"type": "Feature", "properties": {"osmid": 5569}, "geometry": {"type": "Point", "coordinates": [30.2890474, 50.3500276]}}, {"type": "Feature", "properties": {"osmid": 5570}, "geometry": {"type": "Point", "coordinates": [30.3594978, 50.4556204]}}, {"type": "Feature", "properties": {"osmid": 5571}, "geometry": {"type": "Point", "coordinates": [30.7872368, 50.3611779]}}, {"type": "Feature", "properties": {"osmid": 5572}, "geometry": {"type": "Point", "coordinates": [30.4097552, 50.4376867]}}, {"type": "Feature", "properties": {"osmid": 5573}, "geometry": {"type": "Point", "coordinates": [30.6078918, 50.3610496]}}, {"type": "Feature", "properties": {"osmid": 5574}, "geometry": {"type": "Point", "coordinates": [30.5422375, 50.4295133]}}, {"type": "Feature", "properties": {"osmid": 5575}, "geometry": {"type": "Point", "coordinates": [30.4794733, 50.4869959]}}, {"type": "Feature", "properties": {"osmid": 5576}, "geometry": {"type": "Point", "coordinates": [30.531471, 50.3844025]}}, {"type": "Feature", "properties": {"osmid": 5577}, "geometry": {"type": "Point", "coordinates": [30.4389552, 50.3935443]}}, {"type": "Feature", "properties": {"osmid": 5578}, "geometry": {"type": "Point", "coordinates": [30.4798727, 50.4877718]}}, {"type": "Feature", "properties": {"osmid": 5579}, "geometry": {"type": "Point", "coordinates": [30.4504427, 50.4171111]}}, {"type": "Feature", "properties": {"osmid": 5580}, "geometry": {"type": "Point", "coordinates": [30.4943519, 50.4466769]}}, {"type": "Feature", "properties": {"osmid": 5581}, "geometry": {"type": "Point", "coordinates": [30.4949034, 50.4931644]}}, {"type": "Feature", "properties": {"osmid": 5582}, "geometry": {"type": "Point", "coordinates": [30.4967186, 50.3946855]}}, {"type": "Feature", "properties": {"osmid": 5583}, "geometry": {"type": "Point", "coordinates": [30.7615639, 50.4704753]}}, {"type": "Feature", "properties": {"osmid": 5584}, "geometry": {"type": "Point", "coordinates": [30.3743249, 50.388346]}}, {"type": "Feature", "properties": {"osmid": 5585}, "geometry": {"type": "Point", "coordinates": [30.4338736, 50.3936057]}}, {"type": "Feature", "properties": {"osmid": 5586}, "geometry": {"type": "Point", "coordinates": [30.5853484, 50.5240517]}}, {"type": "Feature", "properties": {"osmid": 5587}, "geometry": {"type": "Point", "coordinates": [30.5498109, 50.44084]}}, {"type": "Feature", "properties": {"osmid": 5588}, "geometry": {"type": "Point", "coordinates": [30.2948847, 50.3537649]}}, {"type": "Feature", "properties": {"osmid": 5589}, "geometry": {"type": "Point", "coordinates": [30.5511196, 50.4405377]}}, {"type": "Feature", "properties": {"osmid": 5590}, "geometry": {"type": "Point", "coordinates": [30.4545943, 50.5200959]}}, {"type": "Feature", "properties": {"osmid": 5591}, "geometry": {"type": "Point", "coordinates": [30.4533692, 50.5278001]}}, {"type": "Feature", "properties": {"osmid": 5592}, "geometry": {"type": "Point", "coordinates": [30.4596485, 50.5033536]}}, {"type": "Feature", "properties": {"osmid": 5593}, "geometry": {"type": "Point", "coordinates": [30.4982184, 50.4890867]}}, {"type": "Feature", "properties": {"osmid": 5594}, "geometry": {"type": "Point", "coordinates": [30.354284, 50.3645678]}}, {"type": "Feature", "properties": {"osmid": 5595}, "geometry": {"type": "Point", "coordinates": [30.4810181, 50.4882666]}}, {"type": "Feature", "properties": {"osmid": 5596}, "geometry": {"type": "Point", "coordinates": [30.3562785, 50.3658543]}}, {"type": "Feature", "properties": {"osmid": 5597}, "geometry": {"type": "Point", "coordinates": [30.4832099, 50.4887865]}}, {"type": "Feature", "properties": {"osmid": 5598}, "geometry": {"type": "Point", "coordinates": [30.4503111, 50.5115983]}}, {"type": "Feature", "properties": {"osmid": 5599}, "geometry": {"type": "Point", "coordinates": [30.4599212, 50.5018617]}}, {"type": "Feature", "properties": {"osmid": 5600}, "geometry": {"type": "Point", "coordinates": [30.608835, 50.4370827]}}, {"type": "Feature", "properties": {"osmid": 5601}, "geometry": {"type": "Point", "coordinates": [30.485897, 50.4573126]}}, {"type": "Feature", "properties": {"osmid": 5602}, "geometry": {"type": "Point", "coordinates": [30.4951107, 50.4391935]}}, {"type": "Feature", "properties": {"osmid": 5603}, "geometry": {"type": "Point", "coordinates": [30.3931745, 50.388811]}}, {"type": "Feature", "properties": {"osmid": 5604}, "geometry": {"type": "Point", "coordinates": [30.8064848, 50.5126053]}}, {"type": "Feature", "properties": {"osmid": 5605}, "geometry": {"type": "Point", "coordinates": [30.57219, 50.4122202]}}, {"type": "Feature", "properties": {"osmid": 5606}, "geometry": {"type": "Point", "coordinates": [30.8006386, 50.5071313]}}, {"type": "Feature", "properties": {"osmid": 5607}, "geometry": {"type": "Point", "coordinates": [30.4203772, 50.5099922]}}, {"type": "Feature", "properties": {"osmid": 5608}, "geometry": {"type": "Point", "coordinates": [30.5958459, 50.416504]}}, {"type": "Feature", "properties": {"osmid": 5609}, "geometry": {"type": "Point", "coordinates": [30.5208021, 50.4165379]}}, {"type": "Feature", "properties": {"osmid": 5610}, "geometry": {"type": "Point", "coordinates": [30.5195232, 50.4185618]}}, {"type": "Feature", "properties": {"osmid": 5611}, "geometry": {"type": "Point", "coordinates": [30.5182781, 50.4205694]}}, {"type": "Feature", "properties": {"osmid": 5612}, "geometry": {"type": "Point", "coordinates": [30.3632891, 50.5244533]}}, {"type": "Feature", "properties": {"osmid": 5613}, "geometry": {"type": "Point", "coordinates": [30.5156718, 50.424568]}}, {"type": "Feature", "properties": {"osmid": 5614}, "geometry": {"type": "Point", "coordinates": [30.5144473, 50.4265413]}}, {"type": "Feature", "properties": {"osmid": 5615}, "geometry": {"type": "Point", "coordinates": [30.5936981, 50.4176219]}}, {"type": "Feature", "properties": {"osmid": 5616}, "geometry": {"type": "Point", "coordinates": [30.5767766, 50.4461469]}}, {"type": "Feature", "properties": {"osmid": 5617}, "geometry": {"type": "Point", "coordinates": [30.5135361, 50.4299077]}}, {"type": "Feature", "properties": {"osmid": 5618}, "geometry": {"type": "Point", "coordinates": [30.5135595, 50.4320303]}}, {"type": "Feature", "properties": {"osmid": 5619}, "geometry": {"type": "Point", "coordinates": [30.2769604, 50.5542048]}}, {"type": "Feature", "properties": {"osmid": 5620}, "geometry": {"type": "Point", "coordinates": [30.5135914, 50.4339919]}}, {"type": "Feature", "properties": {"osmid": 5621}, "geometry": {"type": "Point", "coordinates": [30.2744419, 50.5574057]}}, {"type": "Feature", "properties": {"osmid": 5622}, "geometry": {"type": "Point", "coordinates": [30.3825406, 50.4129341]}}, {"type": "Feature", "properties": {"osmid": 5623}, "geometry": {"type": "Point", "coordinates": [30.4134108, 50.431964]}}, {"type": "Feature", "properties": {"osmid": 5624}, "geometry": {"type": "Point", "coordinates": [30.2653065, 50.577916]}}, {"type": "Feature", "properties": {"osmid": 5625}, "geometry": {"type": "Point", "coordinates": [30.4913744, 50.447177]}}, {"type": "Feature", "properties": {"osmid": 5626}, "geometry": {"type": "Point", "coordinates": [30.4957889, 50.4563015]}}, {"type": "Feature", "properties": {"osmid": 5627}, "geometry": {"type": "Point", "coordinates": [30.3894311, 50.4005722]}}, {"type": "Feature", "properties": {"osmid": 5628}, "geometry": {"type": "Point", "coordinates": [30.258698, 50.5883602]}}, {"type": "Feature", "properties": {"osmid": 5629}, "geometry": {"type": "Point", "coordinates": [30.4542278, 50.3735615]}}, {"type": "Feature", "properties": {"osmid": 5630}, "geometry": {"type": "Point", "coordinates": [30.2575258, 50.5960022]}}, {"type": "Feature", "properties": {"osmid": 5631}, "geometry": {"type": "Point", "coordinates": [30.2873346, 50.4366134]}}, {"type": "Feature", "properties": {"osmid": 5632}, "geometry": {"type": "Point", "coordinates": [30.2868361, 50.436064]}}, {"type": "Feature", "properties": {"osmid": 5633}, "geometry": {"type": "Point", "coordinates": [30.5597319, 50.3312982]}}, {"type": "Feature", "properties": {"osmid": 5634}, "geometry": {"type": "Point", "coordinates": [30.4540516, 50.374136]}}, {"type": "Feature", "properties": {"osmid": 5635}, "geometry": {"type": "Point", "coordinates": [30.4943458, 50.3878281]}}, {"type": "Feature", "properties": {"osmid": 5636}, "geometry": {"type": "Point", "coordinates": [30.412185, 50.4338725]}}, {"type": "Feature", "properties": {"osmid": 5637}, "geometry": {"type": "Point", "coordinates": [30.3169981, 50.5651233]}}, {"type": "Feature", "properties": {"osmid": 5638}, "geometry": {"type": "Point", "coordinates": [30.676348, 50.4063457]}}, {"type": "Feature", "properties": {"osmid": 5639}, "geometry": {"type": "Point", "coordinates": [30.4659508, 50.3649381]}}, {"type": "Feature", "properties": {"osmid": 5640}, "geometry": {"type": "Point", "coordinates": [30.6105426, 50.4370883]}}, {"type": "Feature", "properties": {"osmid": 5641}, "geometry": {"type": "Point", "coordinates": [30.4509274, 50.5055604]}}, {"type": "Feature", "properties": {"osmid": 5642}, "geometry": {"type": "Point", "coordinates": [30.4508734, 50.5059034]}}, {"type": "Feature", "properties": {"osmid": 5643}, "geometry": {"type": "Point", "coordinates": [30.6234415, 50.4178987]}}, {"type": "Feature", "properties": {"osmid": 5644}, "geometry": {"type": "Point", "coordinates": [30.4588412, 50.5049088]}}, {"type": "Feature", "properties": {"osmid": 5645}, "geometry": {"type": "Point", "coordinates": [30.4454053, 50.3801007]}}, {"type": "Feature", "properties": {"osmid": 5646}, "geometry": {"type": "Point", "coordinates": [30.4448898, 50.379867]}}, {"type": "Feature", "properties": {"osmid": 5647}, "geometry": {"type": "Point", "coordinates": [30.5315186, 50.412608]}}, {"type": "Feature", "properties": {"osmid": 5648}, "geometry": {"type": "Point", "coordinates": [30.3124355, 50.5556874]}}, {"type": "Feature", "properties": {"osmid": 5649}, "geometry": {"type": "Point", "coordinates": [30.4573571, 50.5090145]}}, {"type": "Feature", "properties": {"osmid": 5650}, "geometry": {"type": "Point", "coordinates": [30.4576001, 50.5090505]}}, {"type": "Feature", "properties": {"osmid": 5651}, "geometry": {"type": "Point", "coordinates": [30.3119743, 50.5597834]}}, {"type": "Feature", "properties": {"osmid": 5652}, "geometry": {"type": "Point", "coordinates": [30.4559594, 50.5049672]}}, {"type": "Feature", "properties": {"osmid": 5653}, "geometry": {"type": "Point", "coordinates": [30.4561064, 50.5052037]}}, {"type": "Feature", "properties": {"osmid": 5654}, "geometry": {"type": "Point", "coordinates": [30.3123223, 50.5595641]}}, {"type": "Feature", "properties": {"osmid": 5655}, "geometry": {"type": "Point", "coordinates": [30.5220474, 50.4146268]}}, {"type": "Feature", "properties": {"osmid": 5656}, "geometry": {"type": "Point", "coordinates": [30.4507137, 50.5083731]}}, {"type": "Feature", "properties": {"osmid": 5657}, "geometry": {"type": "Point", "coordinates": [30.5836604, 50.5056893]}}, {"type": "Feature", "properties": {"osmid": 5658}, "geometry": {"type": "Point", "coordinates": [30.3537886, 50.4550998]}}, {"type": "Feature", "properties": {"osmid": 5659}, "geometry": {"type": "Point", "coordinates": [30.5837497, 50.5054514]}}, {"type": "Feature", "properties": {"osmid": 5660}, "geometry": {"type": "Point", "coordinates": [30.8113519, 50.5161013]}}, {"type": "Feature", "properties": {"osmid": 5661}, "geometry": {"type": "Point", "coordinates": [30.3285928, 50.4337801]}}, {"type": "Feature", "properties": {"osmid": 5662}, "geometry": {"type": "Point", "coordinates": [30.6487008, 50.4229206]}}, {"type": "Feature", "properties": {"osmid": 5663}, "geometry": {"type": "Point", "coordinates": [30.3284242, 50.4340854]}}, {"type": "Feature", "properties": {"osmid": 5664}, "geometry": {"type": "Point", "coordinates": [30.4561803, 50.5121586]}}, {"type": "Feature", "properties": {"osmid": 5665}, "geometry": {"type": "Point", "coordinates": [30.4501857, 50.512518]}}, {"type": "Feature", "properties": {"osmid": 5666}, "geometry": {"type": "Point", "coordinates": [30.6311333, 50.4260197]}}, {"type": "Feature", "properties": {"osmid": 5667}, "geometry": {"type": "Point", "coordinates": [30.5230959, 50.449178]}}, {"type": "Feature", "properties": {"osmid": 5668}, "geometry": {"type": "Point", "coordinates": [30.4499522, 50.5145914]}}, {"type": "Feature", "properties": {"osmid": 5669}, "geometry": {"type": "Point", "coordinates": [30.6371242, 50.4276962]}}, {"type": "Feature", "properties": {"osmid": 5670}, "geometry": {"type": "Point", "coordinates": [30.4541439, 50.5179601]}}, {"type": "Feature", "properties": {"osmid": 5671}, "geometry": {"type": "Point", "coordinates": [30.6364201, 50.4278722]}}, {"type": "Feature", "properties": {"osmid": 5672}, "geometry": {"type": "Point", "coordinates": [30.4584681, 50.5164927]}}, {"type": "Feature", "properties": {"osmid": 5673}, "geometry": {"type": "Point", "coordinates": [30.455093, 50.5160528]}}, {"type": "Feature", "properties": {"osmid": 5674}, "geometry": {"type": "Point", "coordinates": [30.3957628, 50.4829109]}}, {"type": "Feature", "properties": {"osmid": 5675}, "geometry": {"type": "Point", "coordinates": [30.4600687, 50.5135597]}}, {"type": "Feature", "properties": {"osmid": 5676}, "geometry": {"type": "Point", "coordinates": [30.8409928, 50.50523]}}, {"type": "Feature", "properties": {"osmid": 5677}, "geometry": {"type": "Point", "coordinates": [30.4624273, 50.5095284]}}, {"type": "Feature", "properties": {"osmid": 5678}, "geometry": {"type": "Point", "coordinates": [30.6364021, 50.4642086]}}, {"type": "Feature", "properties": {"osmid": 5679}, "geometry": {"type": "Point", "coordinates": [30.6108223, 50.4377628]}}, {"type": "Feature", "properties": {"osmid": 5680}, "geometry": {"type": "Point", "coordinates": [30.4646306, 50.5057024]}}, {"type": "Feature", "properties": {"osmid": 5681}, "geometry": {"type": "Point", "coordinates": [30.6123672, 50.4370217]}}, {"type": "Feature", "properties": {"osmid": 5682}, "geometry": {"type": "Point", "coordinates": [30.6120151, 50.4372349]}}, {"type": "Feature", "properties": {"osmid": 5683}, "geometry": {"type": "Point", "coordinates": [30.6112213, 50.4387543]}}, {"type": "Feature", "properties": {"osmid": 5684}, "geometry": {"type": "Point", "coordinates": [30.6112468, 50.4390655]}}, {"type": "Feature", "properties": {"osmid": 5685}, "geometry": {"type": "Point", "coordinates": [30.6108032, 50.4389866]}}, {"type": "Feature", "properties": {"osmid": 5686}, "geometry": {"type": "Point", "coordinates": [30.6103354, 50.4406145]}}, {"type": "Feature", "properties": {"osmid": 5687}, "geometry": {"type": "Point", "coordinates": [30.4590999, 50.504934]}}, {"type": "Feature", "properties": {"osmid": 5688}, "geometry": {"type": "Point", "coordinates": [30.4710481, 50.4845678]}}, {"type": "Feature", "properties": {"osmid": 5689}, "geometry": {"type": "Point", "coordinates": [30.6101607, 50.4380967]}}, {"type": "Feature", "properties": {"osmid": 5690}, "geometry": {"type": "Point", "coordinates": [30.6108311, 50.4395015]}}, {"type": "Feature", "properties": {"osmid": 5691}, "geometry": {"type": "Point", "coordinates": [30.4695189, 50.5038798]}}, {"type": "Feature", "properties": {"osmid": 5692}, "geometry": {"type": "Point", "coordinates": [30.6124644, 50.4381095]}}, {"type": "Feature", "properties": {"osmid": 5693}, "geometry": {"type": "Point", "coordinates": [30.441657, 50.4173228]}}, {"type": "Feature", "properties": {"osmid": 5694}, "geometry": {"type": "Point", "coordinates": [30.6239262, 50.4417722]}}, {"type": "Feature", "properties": {"osmid": 5695}, "geometry": {"type": "Point", "coordinates": [30.4674956, 50.4417041]}}, {"type": "Feature", "properties": {"osmid": 5696}, "geometry": {"type": "Point", "coordinates": [30.7828167, 50.5214377]}}, {"type": "Feature", "properties": {"osmid": 5697}, "geometry": {"type": "Point", "coordinates": [30.7826202, 50.5214694]}}, {"type": "Feature", "properties": {"osmid": 5698}, "geometry": {"type": "Point", "coordinates": [30.7827563, 50.5212832]}}, {"type": "Feature", "properties": {"osmid": 5699}, "geometry": {"type": "Point", "coordinates": [30.6251873, 50.4150428]}}, {"type": "Feature", "properties": {"osmid": 5700}, "geometry": {"type": "Point", "coordinates": [30.6124073, 50.4361268]}}, {"type": "Feature", "properties": {"osmid": 5701}, "geometry": {"type": "Point", "coordinates": [30.7825506, 50.5213218]}}, {"type": "Feature", "properties": {"osmid": 5702}, "geometry": {"type": "Point", "coordinates": [30.6107209, 50.4371063]}}, {"type": "Feature", "properties": {"osmid": 5703}, "geometry": {"type": "Point", "coordinates": [30.4734477, 50.5001137]}}, {"type": "Feature", "properties": {"osmid": 5704}, "geometry": {"type": "Point", "coordinates": [30.4737117, 50.499782]}}, {"type": "Feature", "properties": {"osmid": 5705}, "geometry": {"type": "Point", "coordinates": [30.6425066, 50.4178677]}}, {"type": "Feature", "properties": {"osmid": 5706}, "geometry": {"type": "Point", "coordinates": [30.6100528, 50.3541193]}}, {"type": "Feature", "properties": {"osmid": 5707}, "geometry": {"type": "Point", "coordinates": [30.3753863, 50.4267028]}}, {"type": "Feature", "properties": {"osmid": 5708}, "geometry": {"type": "Point", "coordinates": [30.610373, 50.4383256]}}, {"type": "Feature", "properties": {"osmid": 5709}, "geometry": {"type": "Point", "coordinates": [30.6263326, 50.4429593]}}, {"type": "Feature", "properties": {"osmid": 5710}, "geometry": {"type": "Point", "coordinates": [30.6254174, 50.4427948]}}, {"type": "Feature", "properties": {"osmid": 5711}, "geometry": {"type": "Point", "coordinates": [30.6267535, 50.4424606]}}, {"type": "Feature", "properties": {"osmid": 5712}, "geometry": {"type": "Point", "coordinates": [30.6263115, 50.4440861]}}, {"type": "Feature", "properties": {"osmid": 5713}, "geometry": {"type": "Point", "coordinates": [30.4774177, 50.381235]}}, {"type": "Feature", "properties": {"osmid": 5714}, "geometry": {"type": "Point", "coordinates": [30.627825, 50.4418251]}}, {"type": "Feature", "properties": {"osmid": 5715}, "geometry": {"type": "Point", "coordinates": [30.6273356, 50.441906]}}, {"type": "Feature", "properties": {"osmid": 5716}, "geometry": {"type": "Point", "coordinates": [30.5230157, 50.4171159]}}, {"type": "Feature", "properties": {"osmid": 5717}, "geometry": {"type": "Point", "coordinates": [30.4771951, 50.3810276]}}, {"type": "Feature", "properties": {"osmid": 5718}, "geometry": {"type": "Point", "coordinates": [30.7746912, 50.4993858]}}, {"type": "Feature", "properties": {"osmid": 5719}, "geometry": {"type": "Point", "coordinates": [30.6280636, 50.4416614]}}, {"type": "Feature", "properties": {"osmid": 5720}, "geometry": {"type": "Point", "coordinates": [30.7715637, 50.4993553]}}, {"type": "Feature", "properties": {"osmid": 5721}, "geometry": {"type": "Point", "coordinates": [30.4213357, 50.5047609]}}, {"type": "Feature", "properties": {"osmid": 5722}, "geometry": {"type": "Point", "coordinates": [30.3463667, 50.4547985]}}, {"type": "Feature", "properties": {"osmid": 5723}, "geometry": {"type": "Point", "coordinates": [30.4644553, 50.4626311]}}, {"type": "Feature", "properties": {"osmid": 5724}, "geometry": {"type": "Point", "coordinates": [30.4676953, 50.4890008]}}, {"type": "Feature", "properties": {"osmid": 5725}, "geometry": {"type": "Point", "coordinates": [30.4675084, 50.462345]}}, {"type": "Feature", "properties": {"osmid": 5726}, "geometry": {"type": "Point", "coordinates": [30.7887018, 50.4916997]}}, {"type": "Feature", "properties": {"osmid": 5727}, "geometry": {"type": "Point", "coordinates": [30.4535542, 50.374096]}}, {"type": "Feature", "properties": {"osmid": 5728}, "geometry": {"type": "Point", "coordinates": [30.4528008, 50.3752277]}}, {"type": "Feature", "properties": {"osmid": 5729}, "geometry": {"type": "Point", "coordinates": [30.7825813, 50.4962402]}}, {"type": "Feature", "properties": {"osmid": 5730}, "geometry": {"type": "Point", "coordinates": [30.7820165, 50.4965763]}}, {"type": "Feature", "properties": {"osmid": 5731}, "geometry": {"type": "Point", "coordinates": [30.7798827, 50.4974142]}}, {"type": "Feature", "properties": {"osmid": 5732}, "geometry": {"type": "Point", "coordinates": [30.7788145, 50.497744]}}, {"type": "Feature", "properties": {"osmid": 5733}, "geometry": {"type": "Point", "coordinates": [30.4919667, 50.4091845]}}, {"type": "Feature", "properties": {"osmid": 5734}, "geometry": {"type": "Point", "coordinates": [30.4782451, 50.4172837]}}, {"type": "Feature", "properties": {"osmid": 5735}, "geometry": {"type": "Point", "coordinates": [30.4239476, 50.5126405]}}, {"type": "Feature", "properties": {"osmid": 5736}, "geometry": {"type": "Point", "coordinates": [30.2515844, 50.5548968]}}, {"type": "Feature", "properties": {"osmid": 5737}, "geometry": {"type": "Point", "coordinates": [30.4922008, 50.4088225]}}, {"type": "Feature", "properties": {"osmid": 5738}, "geometry": {"type": "Point", "coordinates": [30.5523594, 50.407229]}}, {"type": "Feature", "properties": {"osmid": 5739}, "geometry": {"type": "Point", "coordinates": [30.5895668, 50.4759977]}}, {"type": "Feature", "properties": {"osmid": 5740}, "geometry": {"type": "Point", "coordinates": [30.5887372, 50.460588]}}, {"type": "Feature", "properties": {"osmid": 5741}, "geometry": {"type": "Point", "coordinates": [30.4492719, 50.3862887]}}, {"type": "Feature", "properties": {"osmid": 5742}, "geometry": {"type": "Point", "coordinates": [30.3461246, 50.4583582]}}, {"type": "Feature", "properties": {"osmid": 5743}, "geometry": {"type": "Point", "coordinates": [30.3301755, 50.3760726]}}, {"type": "Feature", "properties": {"osmid": 5744}, "geometry": {"type": "Point", "coordinates": [30.3280122, 50.3777294]}}, {"type": "Feature", "properties": {"osmid": 5745}, "geometry": {"type": "Point", "coordinates": [30.7774179, 50.5181882]}}, {"type": "Feature", "properties": {"osmid": 5746}, "geometry": {"type": "Point", "coordinates": [30.4233952, 50.5129546]}}, {"type": "Feature", "properties": {"osmid": 5747}, "geometry": {"type": "Point", "coordinates": [30.3837772, 50.4138051]}}, {"type": "Feature", "properties": {"osmid": 5748}, "geometry": {"type": "Point", "coordinates": [30.6030356, 50.4865746]}}, {"type": "Feature", "properties": {"osmid": 5749}, "geometry": {"type": "Point", "coordinates": [30.4198683, 50.5102164]}}, {"type": "Feature", "properties": {"osmid": 5750}, "geometry": {"type": "Point", "coordinates": [30.614545, 50.4610439]}}, {"type": "Feature", "properties": {"osmid": 5751}, "geometry": {"type": "Point", "coordinates": [30.3759458, 50.4165632]}}, {"type": "Feature", "properties": {"osmid": 5752}, "geometry": {"type": "Point", "coordinates": [30.421321, 50.5051761]}}, {"type": "Feature", "properties": {"osmid": 5753}, "geometry": {"type": "Point", "coordinates": [30.5918699, 50.4881923]}}, {"type": "Feature", "properties": {"osmid": 5754}, "geometry": {"type": "Point", "coordinates": [30.3212171, 50.3427437]}}, {"type": "Feature", "properties": {"osmid": 5755}, "geometry": {"type": "Point", "coordinates": [30.4011869, 50.4838078]}}, {"type": "Feature", "properties": {"osmid": 5756}, "geometry": {"type": "Point", "coordinates": [30.5242213, 50.4151858]}}, {"type": "Feature", "properties": {"osmid": 5757}, "geometry": {"type": "Point", "coordinates": [30.2551814, 50.4931226]}}, {"type": "Feature", "properties": {"osmid": 5758}, "geometry": {"type": "Point", "coordinates": [30.6445158, 50.4862359]}}, {"type": "Feature", "properties": {"osmid": 5759}, "geometry": {"type": "Point", "coordinates": [30.3703308, 50.4312333]}}, {"type": "Feature", "properties": {"osmid": 5760}, "geometry": {"type": "Point", "coordinates": [30.3732398, 50.427204]}}, {"type": "Feature", "properties": {"osmid": 5761}, "geometry": {"type": "Point", "coordinates": [30.6460849, 50.4354093]}}, {"type": "Feature", "properties": {"osmid": 5762}, "geometry": {"type": "Point", "coordinates": [30.3725915, 50.4262431]}}, {"type": "Feature", "properties": {"osmid": 5763}, "geometry": {"type": "Point", "coordinates": [30.3748459, 50.4268244]}}, {"type": "Feature", "properties": {"osmid": 5764}, "geometry": {"type": "Point", "coordinates": [30.3502021, 50.4744419]}}, {"type": "Feature", "properties": {"osmid": 5765}, "geometry": {"type": "Point", "coordinates": [30.357106, 50.4739358]}}, {"type": "Feature", "properties": {"osmid": 5766}, "geometry": {"type": "Point", "coordinates": [30.3803743, 50.428253]}}, {"type": "Feature", "properties": {"osmid": 5767}, "geometry": {"type": "Point", "coordinates": [30.3568108, 50.4773302]}}, {"type": "Feature", "properties": {"osmid": 5768}, "geometry": {"type": "Point", "coordinates": [30.355807, 50.4740249]}}, {"type": "Feature", "properties": {"osmid": 5769}, "geometry": {"type": "Point", "coordinates": [30.4001199, 50.4843851]}}, {"type": "Feature", "properties": {"osmid": 5770}, "geometry": {"type": "Point", "coordinates": [30.6430703, 50.4852525]}}, {"type": "Feature", "properties": {"osmid": 5771}, "geometry": {"type": "Point", "coordinates": [30.3544225, 50.4741299]}}, {"type": "Feature", "properties": {"osmid": 5772}, "geometry": {"type": "Point", "coordinates": [30.3537436, 50.4787467]}}, {"type": "Feature", "properties": {"osmid": 5773}, "geometry": {"type": "Point", "coordinates": [30.6345294, 50.4826751]}}, {"type": "Feature", "properties": {"osmid": 5774}, "geometry": {"type": "Point", "coordinates": [30.7077669, 50.3800994]}}, {"type": "Feature", "properties": {"osmid": 5775}, "geometry": {"type": "Point", "coordinates": [30.3531264, 50.4742306]}}, {"type": "Feature", "properties": {"osmid": 5776}, "geometry": {"type": "Point", "coordinates": [30.351837, 50.4743274]}}, {"type": "Feature", "properties": {"osmid": 5777}, "geometry": {"type": "Point", "coordinates": [30.6657984, 50.4125302]}}, {"type": "Feature", "properties": {"osmid": 5778}, "geometry": {"type": "Point", "coordinates": [30.6493776, 50.4225595]}}, {"type": "Feature", "properties": {"osmid": 5779}, "geometry": {"type": "Point", "coordinates": [30.3511864, 50.4799554]}}, {"type": "Feature", "properties": {"osmid": 5780}, "geometry": {"type": "Point", "coordinates": [30.6336413, 50.4829163]}}, {"type": "Feature", "properties": {"osmid": 5781}, "geometry": {"type": "Point", "coordinates": [30.3504548, 50.4744233]}}, {"type": "Feature", "properties": {"osmid": 5782}, "geometry": {"type": "Point", "coordinates": [30.3684796, 50.4244253]}}, {"type": "Feature", "properties": {"osmid": 5783}, "geometry": {"type": "Point", "coordinates": [30.636711, 50.4275291]}}, {"type": "Feature", "properties": {"osmid": 5784}, "geometry": {"type": "Point", "coordinates": [30.3502469, 50.4803868]}}, {"type": "Feature", "properties": {"osmid": 5785}, "geometry": {"type": "Point", "coordinates": [30.5982557, 50.4502667]}}, {"type": "Feature", "properties": {"osmid": 5786}, "geometry": {"type": "Point", "coordinates": [30.7073114, 50.3781763]}}, {"type": "Feature", "properties": {"osmid": 5787}, "geometry": {"type": "Point", "coordinates": [30.7057795, 50.3770117]}}, {"type": "Feature", "properties": {"osmid": 5788}, "geometry": {"type": "Point", "coordinates": [30.5981224, 50.4507047]}}, {"type": "Feature", "properties": {"osmid": 5789}, "geometry": {"type": "Point", "coordinates": [30.649289, 50.4226042]}}, {"type": "Feature", "properties": {"osmid": 5790}, "geometry": {"type": "Point", "coordinates": [30.3990727, 50.4849517]}}, {"type": "Feature", "properties": {"osmid": 5791}, "geometry": {"type": "Point", "coordinates": [30.4878875, 50.431029]}}, {"type": "Feature", "properties": {"osmid": 5792}, "geometry": {"type": "Point", "coordinates": [30.6949218, 50.4090883]}}, {"type": "Feature", "properties": {"osmid": 5793}, "geometry": {"type": "Point", "coordinates": [30.6988322, 50.4106101]}}, {"type": "Feature", "properties": {"osmid": 5794}, "geometry": {"type": "Point", "coordinates": [30.4404066, 50.3874804]}}, {"type": "Feature", "properties": {"osmid": 5795}, "geometry": {"type": "Point", "coordinates": [30.6553334, 50.4190643]}}, {"type": "Feature", "properties": {"osmid": 5796}, "geometry": {"type": "Point", "coordinates": [30.8617415, 50.3764274]}}, {"type": "Feature", "properties": {"osmid": 5797}, "geometry": {"type": "Point", "coordinates": [30.3530685, 50.4790662]}}, {"type": "Feature", "properties": {"osmid": 5798}, "geometry": {"type": "Point", "coordinates": [30.6550264, 50.4192365]}}, {"type": "Feature", "properties": {"osmid": 5799}, "geometry": {"type": "Point", "coordinates": [30.6701885, 50.4098528]}}, {"type": "Feature", "properties": {"osmid": 5800}, "geometry": {"type": "Point", "coordinates": [30.5452988, 50.5614629]}}, {"type": "Feature", "properties": {"osmid": 5801}, "geometry": {"type": "Point", "coordinates": [30.6894482, 50.4247476]}}, {"type": "Feature", "properties": {"osmid": 5802}, "geometry": {"type": "Point", "coordinates": [30.6631269, 50.4295738]}}, {"type": "Feature", "properties": {"osmid": 5803}, "geometry": {"type": "Point", "coordinates": [30.3208359, 50.3404445]}}, {"type": "Feature", "properties": {"osmid": 5804}, "geometry": {"type": "Point", "coordinates": [30.4393323, 50.3864641]}}, {"type": "Feature", "properties": {"osmid": 5805}, "geometry": {"type": "Point", "coordinates": [30.6510579, 50.4316546]}}, {"type": "Feature", "properties": {"osmid": 5806}, "geometry": {"type": "Point", "coordinates": [30.5404447, 50.5677623]}}, {"type": "Feature", "properties": {"osmid": 5807}, "geometry": {"type": "Point", "coordinates": [30.5596815, 50.4404554]}}, {"type": "Feature", "properties": {"osmid": 5808}, "geometry": {"type": "Point", "coordinates": [30.5100038, 50.4277999]}}, {"type": "Feature", "properties": {"osmid": 5809}, "geometry": {"type": "Point", "coordinates": [30.5593304, 50.4408356]}}, {"type": "Feature", "properties": {"osmid": 5810}, "geometry": {"type": "Point", "coordinates": [30.560692, 50.4402216]}}, {"type": "Feature", "properties": {"osmid": 5811}, "geometry": {"type": "Point", "coordinates": [30.4967985, 50.3502852]}}, {"type": "Feature", "properties": {"osmid": 5812}, "geometry": {"type": "Point", "coordinates": [30.5570459, 50.4433296]}}, {"type": "Feature", "properties": {"osmid": 5813}, "geometry": {"type": "Point", "coordinates": [30.408169, 50.4134813]}}, {"type": "Feature", "properties": {"osmid": 5814}, "geometry": {"type": "Point", "coordinates": [30.8498607, 50.5125325]}}, {"type": "Feature", "properties": {"osmid": 5815}, "geometry": {"type": "Point", "coordinates": [30.6170347, 50.5159947]}}, {"type": "Feature", "properties": {"osmid": 5816}, "geometry": {"type": "Point", "coordinates": [30.5469028, 50.5732868]}}, {"type": "Feature", "properties": {"osmid": 5817}, "geometry": {"type": "Point", "coordinates": [30.3979939, 50.4855354]}}, {"type": "Feature", "properties": {"osmid": 5818}, "geometry": {"type": "Point", "coordinates": [30.5467316, 50.5738195]}}, {"type": "Feature", "properties": {"osmid": 5819}, "geometry": {"type": "Point", "coordinates": [30.3379561, 50.4857943]}}, {"type": "Feature", "properties": {"osmid": 5820}, "geometry": {"type": "Point", "coordinates": [30.4655528, 50.3787134]}}, {"type": "Feature", "properties": {"osmid": 5821}, "geometry": {"type": "Point", "coordinates": [30.4788131, 50.3973403]}}, {"type": "Feature", "properties": {"osmid": 5822}, "geometry": {"type": "Point", "coordinates": [30.4670248, 50.3778169]}}, {"type": "Feature", "properties": {"osmid": 5823}, "geometry": {"type": "Point", "coordinates": [30.3315325, 50.3759551]}}, {"type": "Feature", "properties": {"osmid": 5824}, "geometry": {"type": "Point", "coordinates": [30.3296308, 50.3760076]}}, {"type": "Feature", "properties": {"osmid": 5825}, "geometry": {"type": "Point", "coordinates": [30.276, 50.5543616]}}, {"type": "Feature", "properties": {"osmid": 5826}, "geometry": {"type": "Point", "coordinates": [30.3297096, 50.3760261]}}, {"type": "Feature", "properties": {"osmid": 5827}, "geometry": {"type": "Point", "coordinates": [30.547666, 50.575394]}}, {"type": "Feature", "properties": {"osmid": 5828}, "geometry": {"type": "Point", "coordinates": [30.5762333, 50.4947532]}}, {"type": "Feature", "properties": {"osmid": 5829}, "geometry": {"type": "Point", "coordinates": [30.2765123, 50.5542661]}}, {"type": "Feature", "properties": {"osmid": 5830}, "geometry": {"type": "Point", "coordinates": [30.4339429, 50.4125163]}}, {"type": "Feature", "properties": {"osmid": 5831}, "geometry": {"type": "Point", "coordinates": [30.3294284, 50.376297]}}, {"type": "Feature", "properties": {"osmid": 5832}, "geometry": {"type": "Point", "coordinates": [30.5474826, 50.5757361]}}, {"type": "Feature", "properties": {"osmid": 5833}, "geometry": {"type": "Point", "coordinates": [30.2766457, 50.5544216]}}, {"type": "Feature", "properties": {"osmid": 5834}, "geometry": {"type": "Point", "coordinates": [30.5466578, 50.5772722]}}, {"type": "Feature", "properties": {"osmid": 5835}, "geometry": {"type": "Point", "coordinates": [30.4377452, 50.4112658]}}, {"type": "Feature", "properties": {"osmid": 5836}, "geometry": {"type": "Point", "coordinates": [30.3295944, 50.3761743]}}, {"type": "Feature", "properties": {"osmid": 5837}, "geometry": {"type": "Point", "coordinates": [30.3493552, 50.4548199]}}, {"type": "Feature", "properties": {"osmid": 5838}, "geometry": {"type": "Point", "coordinates": [30.5259444, 50.4136725]}}, {"type": "Feature", "properties": {"osmid": 5839}, "geometry": {"type": "Point", "coordinates": [30.5453111, 50.5797517]}}, {"type": "Feature", "properties": {"osmid": 5840}, "geometry": {"type": "Point", "coordinates": [30.544975, 50.5804629]}}, {"type": "Feature", "properties": {"osmid": 5841}, "geometry": {"type": "Point", "coordinates": [30.4677424, 50.3768832]}}, {"type": "Feature", "properties": {"osmid": 5842}, "geometry": {"type": "Point", "coordinates": [30.573876, 50.4896214]}}, {"type": "Feature", "properties": {"osmid": 5843}, "geometry": {"type": "Point", "coordinates": [30.5454531, 50.5839704]}}, {"type": "Feature", "properties": {"osmid": 5844}, "geometry": {"type": "Point", "coordinates": [30.4915399, 50.4415011]}}, {"type": "Feature", "properties": {"osmid": 5845}, "geometry": {"type": "Point", "coordinates": [30.5345061, 50.403608]}}, {"type": "Feature", "properties": {"osmid": 5846}, "geometry": {"type": "Point", "coordinates": [30.4830683, 50.5204953]}}, {"type": "Feature", "properties": {"osmid": 5847}, "geometry": {"type": "Point", "coordinates": [30.4674254, 50.3761695]}}, {"type": "Feature", "properties": {"osmid": 5848}, "geometry": {"type": "Point", "coordinates": [30.5227017, 50.5859042]}}, {"type": "Feature", "properties": {"osmid": 5849}, "geometry": {"type": "Point", "coordinates": [30.5195419, 50.5865531]}}, {"type": "Feature", "properties": {"osmid": 5850}, "geometry": {"type": "Point", "coordinates": [30.5419704, 50.3388946]}}, {"type": "Feature", "properties": {"osmid": 5851}, "geometry": {"type": "Point", "coordinates": [30.5406951, 50.4181863]}}, {"type": "Feature", "properties": {"osmid": 5852}, "geometry": {"type": "Point", "coordinates": [30.5464683, 50.4207917]}}, {"type": "Feature", "properties": {"osmid": 5853}, "geometry": {"type": "Point", "coordinates": [30.4685361, 50.3773731]}}, {"type": "Feature", "properties": {"osmid": 5854}, "geometry": {"type": "Point", "coordinates": [30.36343, 50.4652512]}}, {"type": "Feature", "properties": {"osmid": 5855}, "geometry": {"type": "Point", "coordinates": [30.3633593, 50.4656314]}}, {"type": "Feature", "properties": {"osmid": 5856}, "geometry": {"type": "Point", "coordinates": [30.3086107, 50.3429149]}}, {"type": "Feature", "properties": {"osmid": 5857}, "geometry": {"type": "Point", "coordinates": [30.3619311, 50.4655355]}}, {"type": "Feature", "properties": {"osmid": 5858}, "geometry": {"type": "Point", "coordinates": [30.3619862, 50.4651592]}}, {"type": "Feature", "properties": {"osmid": 5859}, "geometry": {"type": "Point", "coordinates": [30.8640477, 50.3795686]}}, {"type": "Feature", "properties": {"osmid": 5860}, "geometry": {"type": "Point", "coordinates": [30.5170253, 50.4187314]}}, {"type": "Feature", "properties": {"osmid": 5861}, "geometry": {"type": "Point", "coordinates": [30.4839203, 50.529975]}}, {"type": "Feature", "properties": {"osmid": 5862}, "geometry": {"type": "Point", "coordinates": [30.4878893, 50.5688939]}}, {"type": "Feature", "properties": {"osmid": 5863}, "geometry": {"type": "Point", "coordinates": [30.4849535, 50.5677183]}}, {"type": "Feature", "properties": {"osmid": 5864}, "geometry": {"type": "Point", "coordinates": [30.485019, 50.5293822]}}, {"type": "Feature", "properties": {"osmid": 5865}, "geometry": {"type": "Point", "coordinates": [30.4841891, 50.5297531]}}, {"type": "Feature", "properties": {"osmid": 5866}, "geometry": {"type": "Point", "coordinates": [30.5948491, 50.4313326]}}, {"type": "Feature", "properties": {"osmid": 5867}, "geometry": {"type": "Point", "coordinates": [30.4606998, 50.5666756]}}, {"type": "Feature", "properties": {"osmid": 5868}, "geometry": {"type": "Point", "coordinates": [30.788411, 50.3904333]}}, {"type": "Feature", "properties": {"osmid": 5869}, "geometry": {"type": "Point", "coordinates": [30.8099899, 50.5074992]}}, {"type": "Feature", "properties": {"osmid": 5870}, "geometry": {"type": "Point", "coordinates": [30.4695979, 50.3775795]}}, {"type": "Feature", "properties": {"osmid": 5871}, "geometry": {"type": "Point", "coordinates": [30.6134499, 50.4386879]}}, {"type": "Feature", "properties": {"osmid": 5872}, "geometry": {"type": "Point", "coordinates": [30.4909155, 50.5887367]}}, {"type": "Feature", "properties": {"osmid": 5873}, "geometry": {"type": "Point", "coordinates": [30.8394387, 50.502898]}}, {"type": "Feature", "properties": {"osmid": 5874}, "geometry": {"type": "Point", "coordinates": [30.8389119, 50.5021122]}}, {"type": "Feature", "properties": {"osmid": 5875}, "geometry": {"type": "Point", "coordinates": [30.4317817, 50.5087517]}}, {"type": "Feature", "properties": {"osmid": 5876}, "geometry": {"type": "Point", "coordinates": [30.542053, 50.4364798]}}, {"type": "Feature", "properties": {"osmid": 5877}, "geometry": {"type": "Point", "coordinates": [30.4288734, 50.5103604]}}, {"type": "Feature", "properties": {"osmid": 5878}, "geometry": {"type": "Point", "coordinates": [30.4099396, 50.4380405]}}, {"type": "Feature", "properties": {"osmid": 5879}, "geometry": {"type": "Point", "coordinates": [30.5521931, 50.4072273]}}, {"type": "Feature", "properties": {"osmid": 5880}, "geometry": {"type": "Point", "coordinates": [30.3702256, 50.3998435]}}, {"type": "Feature", "properties": {"osmid": 5881}, "geometry": {"type": "Point", "coordinates": [30.5279168, 50.4529181]}}, {"type": "Feature", "properties": {"osmid": 5882}, "geometry": {"type": "Point", "coordinates": [30.5202725, 50.4425259]}}, {"type": "Feature", "properties": {"osmid": 5883}, "geometry": {"type": "Point", "coordinates": [30.5982738, 50.531716]}}, {"type": "Feature", "properties": {"osmid": 5884}, "geometry": {"type": "Point", "coordinates": [30.5211233, 50.4445466]}}, {"type": "Feature", "properties": {"osmid": 5885}, "geometry": {"type": "Point", "coordinates": [30.4651935, 50.4905156]}}, {"type": "Feature", "properties": {"osmid": 5886}, "geometry": {"type": "Point", "coordinates": [30.5210436, 50.4447969]}}, {"type": "Feature", "properties": {"osmid": 5887}, "geometry": {"type": "Point", "coordinates": [30.5245011, 50.4504161]}}, {"type": "Feature", "properties": {"osmid": 5888}, "geometry": {"type": "Point", "coordinates": [30.8377528, 50.500908]}}, {"type": "Feature", "properties": {"osmid": 5889}, "geometry": {"type": "Point", "coordinates": [30.4943467, 50.4935433]}}, {"type": "Feature", "properties": {"osmid": 5890}, "geometry": {"type": "Point", "coordinates": [30.4680735, 50.3765794]}}, {"type": "Feature", "properties": {"osmid": 5891}, "geometry": {"type": "Point", "coordinates": [30.2635318, 50.5641896]}}, {"type": "Feature", "properties": {"osmid": 5892}, "geometry": {"type": "Point", "coordinates": [30.527216, 50.4744192]}}, {"type": "Feature", "properties": {"osmid": 5893}, "geometry": {"type": "Point", "coordinates": [30.3347851, 50.493303]}}, {"type": "Feature", "properties": {"osmid": 5894}, "geometry": {"type": "Point", "coordinates": [30.5082404, 50.394803]}}, {"type": "Feature", "properties": {"osmid": 5895}, "geometry": {"type": "Point", "coordinates": [30.4610456, 50.3719274]}}, {"type": "Feature", "properties": {"osmid": 5896}, "geometry": {"type": "Point", "coordinates": [30.5980814, 50.5323119]}}, {"type": "Feature", "properties": {"osmid": 5897}, "geometry": {"type": "Point", "coordinates": [30.4290743, 50.5105149]}}, {"type": "Feature", "properties": {"osmid": 5898}, "geometry": {"type": "Point", "coordinates": [30.4544589, 50.3733491]}}, {"type": "Feature", "properties": {"osmid": 5899}, "geometry": {"type": "Point", "coordinates": [30.4288548, 50.5108755]}}, {"type": "Feature", "properties": {"osmid": 5900}, "geometry": {"type": "Point", "coordinates": [30.4270767, 50.511406]}}, {"type": "Feature", "properties": {"osmid": 5901}, "geometry": {"type": "Point", "coordinates": [30.424026, 50.5131265]}}, {"type": "Feature", "properties": {"osmid": 5902}, "geometry": {"type": "Point", "coordinates": [30.4229555, 50.5138499]}}, {"type": "Feature", "properties": {"osmid": 5903}, "geometry": {"type": "Point", "coordinates": [30.421041, 50.5151795]}}, {"type": "Feature", "properties": {"osmid": 5904}, "geometry": {"type": "Point", "coordinates": [30.3934126, 50.3887263]}}, {"type": "Feature", "properties": {"osmid": 5905}, "geometry": {"type": "Point", "coordinates": [30.5173177, 50.4137298]}}, {"type": "Feature", "properties": {"osmid": 5906}, "geometry": {"type": "Point", "coordinates": [30.4206509, 50.5159757]}}, {"type": "Feature", "properties": {"osmid": 5907}, "geometry": {"type": "Point", "coordinates": [30.4559896, 50.3686937]}}, {"type": "Feature", "properties": {"osmid": 5908}, "geometry": {"type": "Point", "coordinates": [30.5169318, 50.413562]}}, {"type": "Feature", "properties": {"osmid": 5909}, "geometry": {"type": "Point", "coordinates": [30.5176661, 50.4144718]}}, {"type": "Feature", "properties": {"osmid": 5910}, "geometry": {"type": "Point", "coordinates": [30.4609304, 50.3716512]}}, {"type": "Feature", "properties": {"osmid": 5911}, "geometry": {"type": "Point", "coordinates": [30.7076663, 50.3715255]}}, {"type": "Feature", "properties": {"osmid": 5912}, "geometry": {"type": "Point", "coordinates": [30.3896298, 50.3882001]}}, {"type": "Feature", "properties": {"osmid": 5913}, "geometry": {"type": "Point", "coordinates": [30.589469, 50.460888]}}, {"type": "Feature", "properties": {"osmid": 5914}, "geometry": {"type": "Point", "coordinates": [30.602442, 50.4199218]}}, {"type": "Feature", "properties": {"osmid": 5915}, "geometry": {"type": "Point", "coordinates": [30.4253043, 50.5978125]}}, {"type": "Feature", "properties": {"osmid": 5916}, "geometry": {"type": "Point", "coordinates": [30.602339, 50.4200836]}}, {"type": "Feature", "properties": {"osmid": 5917}, "geometry": {"type": "Point", "coordinates": [30.4023094, 50.4034184]}}, {"type": "Feature", "properties": {"osmid": 5918}, "geometry": {"type": "Point", "coordinates": [30.6161658, 50.4586044]}}, {"type": "Feature", "properties": {"osmid": 5919}, "geometry": {"type": "Point", "coordinates": [30.518654, 50.4133598]}}, {"type": "Feature", "properties": {"osmid": 5920}, "geometry": {"type": "Point", "coordinates": [30.6129574, 50.4626984]}}, {"type": "Feature", "properties": {"osmid": 5921}, "geometry": {"type": "Point", "coordinates": [30.4175228, 50.4554456]}}, {"type": "Feature", "properties": {"osmid": 5922}, "geometry": {"type": "Point", "coordinates": [30.5453213, 50.4359538]}}, {"type": "Feature", "properties": {"osmid": 5923}, "geometry": {"type": "Point", "coordinates": [30.6093902, 50.4640032]}}, {"type": "Feature", "properties": {"osmid": 5924}, "geometry": {"type": "Point", "coordinates": [30.5702358, 50.4232933]}}, {"type": "Feature", "properties": {"osmid": 5925}, "geometry": {"type": "Point", "coordinates": [30.8031252, 50.4719238]}}, {"type": "Feature", "properties": {"osmid": 5926}, "geometry": {"type": "Point", "coordinates": [30.4791515, 50.3818572]}}, {"type": "Feature", "properties": {"osmid": 5927}, "geometry": {"type": "Point", "coordinates": [30.3811875, 50.4142402]}}, {"type": "Feature", "properties": {"osmid": 5928}, "geometry": {"type": "Point", "coordinates": [30.500636, 50.425631]}}, {"type": "Feature", "properties": {"osmid": 5929}, "geometry": {"type": "Point", "coordinates": [30.5248123, 50.4663572]}}, {"type": "Feature", "properties": {"osmid": 5930}, "geometry": {"type": "Point", "coordinates": [30.3712662, 50.4199705]}}, {"type": "Feature", "properties": {"osmid": 5931}, "geometry": {"type": "Point", "coordinates": [30.3716686, 50.4201753]}}, {"type": "Feature", "properties": {"osmid": 5932}, "geometry": {"type": "Point", "coordinates": [30.6265246, 50.4651535]}}, {"type": "Feature", "properties": {"osmid": 5933}, "geometry": {"type": "Point", "coordinates": [30.614438, 50.3969451]}}, {"type": "Feature", "properties": {"osmid": 5934}, "geometry": {"type": "Point", "coordinates": [30.3601639, 50.4333992]}}, {"type": "Feature", "properties": {"osmid": 5935}, "geometry": {"type": "Point", "coordinates": [30.3607515, 50.4334826]}}, {"type": "Feature", "properties": {"osmid": 5936}, "geometry": {"type": "Point", "coordinates": [30.2516245, 50.5621165]}}, {"type": "Feature", "properties": {"osmid": 5937}, "geometry": {"type": "Point", "coordinates": [30.5129116, 50.4042222]}}, {"type": "Feature", "properties": {"osmid": 5938}, "geometry": {"type": "Point", "coordinates": [30.4925973, 50.4452081]}}, {"type": "Feature", "properties": {"osmid": 5939}, "geometry": {"type": "Point", "coordinates": [30.4251847, 50.5124607]}}, {"type": "Feature", "properties": {"osmid": 5940}, "geometry": {"type": "Point", "coordinates": [30.8053471, 50.5132792]}}, {"type": "Feature", "properties": {"osmid": 5941}, "geometry": {"type": "Point", "coordinates": [30.7569772, 50.6006051]}}, {"type": "Feature", "properties": {"osmid": 5942}, "geometry": {"type": "Point", "coordinates": [30.8062027, 50.5104383]}}, {"type": "Feature", "properties": {"osmid": 5943}, "geometry": {"type": "Point", "coordinates": [30.4799416, 50.3975013]}}, {"type": "Feature", "properties": {"osmid": 5944}, "geometry": {"type": "Point", "coordinates": [30.5051323, 50.3997177]}}, {"type": "Feature", "properties": {"osmid": 5945}, "geometry": {"type": "Point", "coordinates": [30.4960949, 50.4731537]}}, {"type": "Feature", "properties": {"osmid": 5946}, "geometry": {"type": "Point", "coordinates": [30.5136163, 50.4359616]}}, {"type": "Feature", "properties": {"osmid": 5947}, "geometry": {"type": "Point", "coordinates": [30.3936286, 50.4061094]}}, {"type": "Feature", "properties": {"osmid": 5948}, "geometry": {"type": "Point", "coordinates": [30.3940065, 50.4059432]}}, {"type": "Feature", "properties": {"osmid": 5949}, "geometry": {"type": "Point", "coordinates": [30.4039354, 50.4025657]}}, {"type": "Feature", "properties": {"osmid": 5950}, "geometry": {"type": "Point", "coordinates": [30.4041939, 50.4028131]}}, {"type": "Feature", "properties": {"osmid": 5951}, "geometry": {"type": "Point", "coordinates": [30.6084403, 50.4573924]}}, {"type": "Feature", "properties": {"osmid": 5952}, "geometry": {"type": "Point", "coordinates": [30.6078726, 50.4638432]}}, {"type": "Feature", "properties": {"osmid": 5953}, "geometry": {"type": "Point", "coordinates": [30.7386247, 50.4896255]}}, {"type": "Feature", "properties": {"osmid": 5954}, "geometry": {"type": "Point", "coordinates": [30.6084328, 50.4641718]}}, {"type": "Feature", "properties": {"osmid": 5955}, "geometry": {"type": "Point", "coordinates": [30.3574954, 50.4509781]}}, {"type": "Feature", "properties": {"osmid": 5956}, "geometry": {"type": "Point", "coordinates": [30.609802, 50.4568816]}}, {"type": "Feature", "properties": {"osmid": 5957}, "geometry": {"type": "Point", "coordinates": [30.6095147, 50.4559764]}}, {"type": "Feature", "properties": {"osmid": 5958}, "geometry": {"type": "Point", "coordinates": [30.6109079, 50.4539351]}}, {"type": "Feature", "properties": {"osmid": 5959}, "geometry": {"type": "Point", "coordinates": [30.3608863, 50.4322135]}}, {"type": "Feature", "properties": {"osmid": 5960}, "geometry": {"type": "Point", "coordinates": [30.6056745, 50.4567952]}}, {"type": "Feature", "properties": {"osmid": 5961}, "geometry": {"type": "Point", "coordinates": [30.3595352, 50.4394215]}}, {"type": "Feature", "properties": {"osmid": 5962}, "geometry": {"type": "Point", "coordinates": [30.3592809, 50.4414075]}}, {"type": "Feature", "properties": {"osmid": 5963}, "geometry": {"type": "Point", "coordinates": [30.359061, 50.4428669]}}, {"type": "Feature", "properties": {"osmid": 5964}, "geometry": {"type": "Point", "coordinates": [30.6066099, 50.4571371]}}, {"type": "Feature", "properties": {"osmid": 5965}, "geometry": {"type": "Point", "coordinates": [30.3588573, 50.4441549]}}, {"type": "Feature", "properties": {"osmid": 5966}, "geometry": {"type": "Point", "coordinates": [30.2630641, 50.5400492]}}, {"type": "Feature", "properties": {"osmid": 5967}, "geometry": {"type": "Point", "coordinates": [30.2628113, 50.5398611]}}, {"type": "Feature", "properties": {"osmid": 5968}, "geometry": {"type": "Point", "coordinates": [30.6000722, 50.4721092]}}, {"type": "Feature", "properties": {"osmid": 5969}, "geometry": {"type": "Point", "coordinates": [30.600915, 50.4719023]}}, {"type": "Feature", "properties": {"osmid": 5970}, "geometry": {"type": "Point", "coordinates": [30.6021409, 50.4716559]}}, {"type": "Feature", "properties": {"osmid": 5971}, "geometry": {"type": "Point", "coordinates": [30.506239, 50.4000309]}}, {"type": "Feature", "properties": {"osmid": 5972}, "geometry": {"type": "Point", "coordinates": [30.5959564, 50.4130074]}}, {"type": "Feature", "properties": {"osmid": 5973}, "geometry": {"type": "Point", "coordinates": [30.2630991, 50.5399436]}}, {"type": "Feature", "properties": {"osmid": 5974}, "geometry": {"type": "Point", "coordinates": [30.2630368, 50.5398776]}}, {"type": "Feature", "properties": {"osmid": 5975}, "geometry": {"type": "Point", "coordinates": [30.2629253, 50.5398468]}}, {"type": "Feature", "properties": {"osmid": 5976}, "geometry": {"type": "Point", "coordinates": [30.6010316, 50.4720346]}}, {"type": "Feature", "properties": {"osmid": 5977}, "geometry": {"type": "Point", "coordinates": [30.4176382, 50.4514959]}}, {"type": "Feature", "properties": {"osmid": 5978}, "geometry": {"type": "Point", "coordinates": [30.2628675, 50.5400971]}}, {"type": "Feature", "properties": {"osmid": 5979}, "geometry": {"type": "Point", "coordinates": [30.2641809, 50.5447042]}}, {"type": "Feature", "properties": {"osmid": 5980}, "geometry": {"type": "Point", "coordinates": [30.3734543, 50.4955205]}}, {"type": "Feature", "properties": {"osmid": 5981}, "geometry": {"type": "Point", "coordinates": [30.5000728, 50.3987169]}}, {"type": "Feature", "properties": {"osmid": 5982}, "geometry": {"type": "Point", "coordinates": [30.5954502, 50.4734542]}}, {"type": "Feature", "properties": {"osmid": 5983}, "geometry": {"type": "Point", "coordinates": [30.2640043, 50.5446798]}}, {"type": "Feature", "properties": {"osmid": 5984}, "geometry": {"type": "Point", "coordinates": [30.5859502, 50.4825861]}}, {"type": "Feature", "properties": {"osmid": 5985}, "geometry": {"type": "Point", "coordinates": [30.5853473, 50.4840843]}}, {"type": "Feature", "properties": {"osmid": 5986}, "geometry": {"type": "Point", "coordinates": [30.4980469, 50.3981238]}}, {"type": "Feature", "properties": {"osmid": 5987}, "geometry": {"type": "Point", "coordinates": [30.2641532, 50.5449102]}}, {"type": "Feature", "properties": {"osmid": 5988}, "geometry": {"type": "Point", "coordinates": [30.5934338, 50.483591]}}, {"type": "Feature", "properties": {"osmid": 5989}, "geometry": {"type": "Point", "coordinates": [30.2638737, 50.5448508]}}, {"type": "Feature", "properties": {"osmid": 5990}, "geometry": {"type": "Point", "coordinates": [30.593598, 50.483613]}}, {"type": "Feature", "properties": {"osmid": 5991}, "geometry": {"type": "Point", "coordinates": [30.2639729, 50.5449153]}}, {"type": "Feature", "properties": {"osmid": 5992}, "geometry": {"type": "Point", "coordinates": [30.59304, 50.4851976]}}, {"type": "Feature", "properties": {"osmid": 5993}, "geometry": {"type": "Point", "coordinates": [30.5928888, 50.4852158]}}, {"type": "Feature", "properties": {"osmid": 5994}, "geometry": {"type": "Point", "coordinates": [30.264417, 50.548661]}}, {"type": "Feature", "properties": {"osmid": 5995}, "geometry": {"type": "Point", "coordinates": [30.3678218, 50.4236342]}}, {"type": "Feature", "properties": {"osmid": 5996}, "geometry": {"type": "Point", "coordinates": [30.3930462, 50.4286487]}}, {"type": "Feature", "properties": {"osmid": 5997}, "geometry": {"type": "Point", "coordinates": [30.365463, 50.4268933]}}, {"type": "Feature", "properties": {"osmid": 5998}, "geometry": {"type": "Point", "coordinates": [30.3635836, 50.4294615]}}, {"type": "Feature", "properties": {"osmid": 5999}, "geometry": {"type": "Point", "coordinates": [30.4175075, 50.4518709]}}, {"type": "Feature", "properties": {"osmid": 6000}, "geometry": {"type": "Point", "coordinates": [30.3826039, 50.4364907]}}, {"type": "Feature", "properties": {"osmid": 6001}, "geometry": {"type": "Point", "coordinates": [30.4592832, 50.4953064]}}, {"type": "Feature", "properties": {"osmid": 6002}, "geometry": {"type": "Point", "coordinates": [30.8020487, 50.5061351]}}, {"type": "Feature", "properties": {"osmid": 6003}, "geometry": {"type": "Point", "coordinates": [30.8018697, 50.5061242]}}, {"type": "Feature", "properties": {"osmid": 6004}, "geometry": {"type": "Point", "coordinates": [30.494445, 50.4562656]}}, {"type": "Feature", "properties": {"osmid": 6005}, "geometry": {"type": "Point", "coordinates": [30.7992487, 50.3789443]}}, {"type": "Feature", "properties": {"osmid": 6006}, "geometry": {"type": "Point", "coordinates": [30.4994936, 50.5276313]}}, {"type": "Feature", "properties": {"osmid": 6007}, "geometry": {"type": "Point", "coordinates": [30.6111386, 50.4370933]}}, {"type": "Feature", "properties": {"osmid": 6008}, "geometry": {"type": "Point", "coordinates": [30.6118092, 50.4369964]}}, {"type": "Feature", "properties": {"osmid": 6009}, "geometry": {"type": "Point", "coordinates": [30.8645051, 50.5361306]}}, {"type": "Feature", "properties": {"osmid": 6010}, "geometry": {"type": "Point", "coordinates": [30.6118403, 50.4369556]}}, {"type": "Feature", "properties": {"osmid": 6011}, "geometry": {"type": "Point", "coordinates": [30.4101166, 50.4122967]}}, {"type": "Feature", "properties": {"osmid": 6012}, "geometry": {"type": "Point", "coordinates": [30.4356499, 50.3352589]}}, {"type": "Feature", "properties": {"osmid": 6013}, "geometry": {"type": "Point", "coordinates": [30.5900063, 50.4604206]}}, {"type": "Feature", "properties": {"osmid": 6014}, "geometry": {"type": "Point", "coordinates": [30.8643684, 50.5359372]}}, {"type": "Feature", "properties": {"osmid": 6015}, "geometry": {"type": "Point", "coordinates": [30.420647, 50.5088539]}}, {"type": "Feature", "properties": {"osmid": 6016}, "geometry": {"type": "Point", "coordinates": [30.4042918, 50.4161613]}}, {"type": "Feature", "properties": {"osmid": 6017}, "geometry": {"type": "Point", "coordinates": [30.6534935, 50.4672031]}}, {"type": "Feature", "properties": {"osmid": 6018}, "geometry": {"type": "Point", "coordinates": [30.4907342, 50.5884724]}}, {"type": "Feature", "properties": {"osmid": 6019}, "geometry": {"type": "Point", "coordinates": [30.4571604, 50.4963939]}}, {"type": "Feature", "properties": {"osmid": 6020}, "geometry": {"type": "Point", "coordinates": [30.4905767, 50.5888231]}}, {"type": "Feature", "properties": {"osmid": 6021}, "geometry": {"type": "Point", "coordinates": [30.3879956, 50.4371429]}}, {"type": "Feature", "properties": {"osmid": 6022}, "geometry": {"type": "Point", "coordinates": [30.79524, 50.5295669]}}, {"type": "Feature", "properties": {"osmid": 6023}, "geometry": {"type": "Point", "coordinates": [30.5457889, 50.5609237]}}, {"type": "Feature", "properties": {"osmid": 6024}, "geometry": {"type": "Point", "coordinates": [30.3872988, 50.4381959]}}, {"type": "Feature", "properties": {"osmid": 6025}, "geometry": {"type": "Point", "coordinates": [30.4903973, 50.5885534]}}, {"type": "Feature", "properties": {"osmid": 6026}, "geometry": {"type": "Point", "coordinates": [30.4754841, 50.3375768]}}, {"type": "Feature", "properties": {"osmid": 6027}, "geometry": {"type": "Point", "coordinates": [30.7715316, 50.4827131]}}, {"type": "Feature", "properties": {"osmid": 6028}, "geometry": {"type": "Point", "coordinates": [30.771657, 50.4818612]}}, {"type": "Feature", "properties": {"osmid": 6029}, "geometry": {"type": "Point", "coordinates": [30.4761752, 50.3561835]}}, {"type": "Feature", "properties": {"osmid": 6030}, "geometry": {"type": "Point", "coordinates": [30.4365768, 50.3345087]}}, {"type": "Feature", "properties": {"osmid": 6031}, "geometry": {"type": "Point", "coordinates": [30.5143248, 50.4176148]}}, {"type": "Feature", "properties": {"osmid": 6032}, "geometry": {"type": "Point", "coordinates": [30.7148736, 50.3366837]}}, {"type": "Feature", "properties": {"osmid": 6033}, "geometry": {"type": "Point", "coordinates": [30.4777915, 50.3560485]}}, {"type": "Feature", "properties": {"osmid": 6034}, "geometry": {"type": "Point", "coordinates": [30.4931327, 50.3941076]}}, {"type": "Feature", "properties": {"osmid": 6035}, "geometry": {"type": "Point", "coordinates": [30.3867273, 50.4375492]}}, {"type": "Feature", "properties": {"osmid": 6036}, "geometry": {"type": "Point", "coordinates": [30.4629483, 50.3667501]}}, {"type": "Feature", "properties": {"osmid": 6037}, "geometry": {"type": "Point", "coordinates": [30.8598312, 50.5325643]}}, {"type": "Feature", "properties": {"osmid": 6038}, "geometry": {"type": "Point", "coordinates": [30.7570243, 50.4957937]}}, {"type": "Feature", "properties": {"osmid": 6039}, "geometry": {"type": "Point", "coordinates": [30.5420598, 50.4299032]}}, {"type": "Feature", "properties": {"osmid": 6040}, "geometry": {"type": "Point", "coordinates": [30.3769732, 50.4056703]}}, {"type": "Feature", "properties": {"osmid": 6041}, "geometry": {"type": "Point", "coordinates": [30.3707639, 50.4334316]}}, {"type": "Feature", "properties": {"osmid": 6042}, "geometry": {"type": "Point", "coordinates": [30.4585671, 50.3784253]}}, {"type": "Feature", "properties": {"osmid": 6043}, "geometry": {"type": "Point", "coordinates": [30.4866443, 50.3997369]}}, {"type": "Feature", "properties": {"osmid": 6044}, "geometry": {"type": "Point", "coordinates": [30.3897606, 50.4083545]}}, {"type": "Feature", "properties": {"osmid": 6045}, "geometry": {"type": "Point", "coordinates": [30.3332843, 50.3764087]}}, {"type": "Feature", "properties": {"osmid": 6046}, "geometry": {"type": "Point", "coordinates": [30.4987465, 50.3990024]}}, {"type": "Feature", "properties": {"osmid": 6047}, "geometry": {"type": "Point", "coordinates": [30.867167, 50.5297587]}}, {"type": "Feature", "properties": {"osmid": 6048}, "geometry": {"type": "Point", "coordinates": [30.7077776, 50.3297942]}}, {"type": "Feature", "properties": {"osmid": 6049}, "geometry": {"type": "Point", "coordinates": [30.527166, 50.4877437]}}, {"type": "Feature", "properties": {"osmid": 6050}, "geometry": {"type": "Point", "coordinates": [30.4976858, 50.3976418]}}, {"type": "Feature", "properties": {"osmid": 6051}, "geometry": {"type": "Point", "coordinates": [30.3684403, 50.3986501]}}, {"type": "Feature", "properties": {"osmid": 6052}, "geometry": {"type": "Point", "coordinates": [30.3945963, 50.4872526]}}, {"type": "Feature", "properties": {"osmid": 6053}, "geometry": {"type": "Point", "coordinates": [30.4092036, 50.5097623]}}, {"type": "Feature", "properties": {"osmid": 6054}, "geometry": {"type": "Point", "coordinates": [30.5714718, 50.4241103]}}, {"type": "Feature", "properties": {"osmid": 6055}, "geometry": {"type": "Point", "coordinates": [30.714267, 50.3358364]}}, {"type": "Feature", "properties": {"osmid": 6056}, "geometry": {"type": "Point", "coordinates": [30.4580145, 50.3784081]}}, {"type": "Feature", "properties": {"osmid": 6057}, "geometry": {"type": "Point", "coordinates": [30.3827092, 50.4032367]}}, {"type": "Feature", "properties": {"osmid": 6058}, "geometry": {"type": "Point", "coordinates": [30.5658717, 50.4238238]}}, {"type": "Feature", "properties": {"osmid": 6059}, "geometry": {"type": "Point", "coordinates": [30.3903338, 50.4079697]}}, {"type": "Feature", "properties": {"osmid": 6060}, "geometry": {"type": "Point", "coordinates": [30.4905035, 50.3936849]}}, {"type": "Feature", "properties": {"osmid": 6061}, "geometry": {"type": "Point", "coordinates": [30.4890833, 50.3976213]}}, {"type": "Feature", "properties": {"osmid": 6062}, "geometry": {"type": "Point", "coordinates": [30.8318424, 50.3884933]}}, {"type": "Feature", "properties": {"osmid": 6063}, "geometry": {"type": "Point", "coordinates": [30.5937893, 50.4304752]}}, {"type": "Feature", "properties": {"osmid": 6064}, "geometry": {"type": "Point", "coordinates": [30.492131, 50.3964764]}}, {"type": "Feature", "properties": {"osmid": 6065}, "geometry": {"type": "Point", "coordinates": [30.5597223, 50.4414431]}}, {"type": "Feature", "properties": {"osmid": 6066}, "geometry": {"type": "Point", "coordinates": [30.8322396, 50.3892655]}}, {"type": "Feature", "properties": {"osmid": 6067}, "geometry": {"type": "Point", "coordinates": [30.8328299, 50.3904131]}}, {"type": "Feature", "properties": {"osmid": 6068}, "geometry": {"type": "Point", "coordinates": [30.5937256, 50.4299754]}}, {"type": "Feature", "properties": {"osmid": 6069}, "geometry": {"type": "Point", "coordinates": [30.4579647, 50.378441]}}, {"type": "Feature", "properties": {"osmid": 6070}, "geometry": {"type": "Point", "coordinates": [30.3910899, 50.4075059]}}, {"type": "Feature", "properties": {"osmid": 6071}, "geometry": {"type": "Point", "coordinates": [30.4943614, 50.4892445]}}, {"type": "Feature", "properties": {"osmid": 6072}, "geometry": {"type": "Point", "coordinates": [30.6367256, 50.3919721]}}, {"type": "Feature", "properties": {"osmid": 6073}, "geometry": {"type": "Point", "coordinates": [30.4915385, 50.4370856]}}, {"type": "Feature", "properties": {"osmid": 6074}, "geometry": {"type": "Point", "coordinates": [30.5619043, 50.4244784]}}, {"type": "Feature", "properties": {"osmid": 6075}, "geometry": {"type": "Point", "coordinates": [30.5417137, 50.4057656]}}, {"type": "Feature", "properties": {"osmid": 6076}, "geometry": {"type": "Point", "coordinates": [30.4375564, 50.3337131]}}, {"type": "Feature", "properties": {"osmid": 6077}, "geometry": {"type": "Point", "coordinates": [30.439935, 50.3322081]}}, {"type": "Feature", "properties": {"osmid": 6078}, "geometry": {"type": "Point", "coordinates": [30.5441389, 50.4052894]}}, {"type": "Feature", "properties": {"osmid": 6079}, "geometry": {"type": "Point", "coordinates": [30.4860124, 50.3947548]}}, {"type": "Feature", "properties": {"osmid": 6080}, "geometry": {"type": "Point", "coordinates": [30.4148963, 50.4001948]}}, {"type": "Feature", "properties": {"osmid": 6081}, "geometry": {"type": "Point", "coordinates": [30.5261414, 50.4888145]}}, {"type": "Feature", "properties": {"osmid": 6082}, "geometry": {"type": "Point", "coordinates": [30.590685, 50.4609625]}}]}