{"type": "FeatureCollection", "features": [{"type": "Feature", "properties": {"u": 0, "v": 1, "key": 0, "length": 173.0, "length_raw": 16759921.992379446}, "geometry": {"type": "LineString", "coordinates": [[18.6512205, 54.3531481], [18.6510919, 54.35311779999999], [18.6510325, 54.35310309999999], [18.650916, 54.35306769999998], [18.6507663, 54.35301749999999], [18.6505977, 54.35295039999999], [18.6503806, 54.3528643], [18.650118, 54.352747999999984], [18.6499024, 54.35266079999999], [18.6496561, 54.35256389999999], [18.6494552, 54.3525012], [18.6493106, 54.3524533], [18.649189, 54.3523922], [18.6491226, 54.3523588], [18.649063, 54.3523288], [18.649038126041074, 54.35228165339743]]}}, {"type": "Feature", "properties": {"u": 0, "v": 2, "key": 0, "length": 87.3, "length_raw": 8695582.132572515}, "geometry": {"type": "LineString", "coordinates": [[18.6512205, 54.3531481], [18.6511713, 54.3532232], [18.6511444, 54.3532655], [18.6510832, 54.3533594], [18.650891, 54.35364189999999], [18.6507941, 54.35376550000001], [18.650696850250018, 54.353870150042475]]}}, {"type": "Feature", "properties": {"u": 0, "v": 3, "key": 0, "length": 90.2, "length_raw": 6734172.069151552}, "geometry": {"type": "LineString", "coordinates": [[18.6512205, 54.3531481], [18.6513774, 54.35317820000001], [18.6514399, 54.3531902], [18.6525816, 54.35331519999999]]}}, {"type": "Feature", "properties": {"u": 1, "v": 0, "key": 0, "length": 173.0, "length_raw": 16759921.992379446}, "geometry": {"type": "LineString", "coordinates": [[18.649038126041074, 54.35228165339743], [18.649063, 54.3523288], [18.6491226, 54.3523588], [18.649189, 54.3523922], [18.6493106, 54.3524533], [18.6494552, 54.3525012], [18.6496561, 54.35256389999999], [18.6499024, 54.35266079999999], [18.650118, 54.352747999999984], [18.6503806, 54.3528643], [18.6505977, 54.35295039999999], [18.6507663, 54.35301749999999], [18.650916, 54.35306769999998], [18.6510325, 54.35310309999999], [18.6510919, 54.35311779999999], [18.6512205, 54.3531481]]}}, {"type": "Feature", "properties": {"u": 1, "v": 4, "key": 0, "length": 127.7, "length_raw": 3772440.479411492}, "geometry": {"type": "LineString", "coordinates": [[18.649038126041074, 54.35228165339743], [18.6489578, 54.35237909999999], [18.6489158, 54.35238489999999], [18.6488613, 54.35238429999999], [18.6487368, 54.35237849999999], [18.6486097, 54.352369399999986], [18.6480722, 54.352330800000004], [18.6478773, 54.3523073], [18.6477466, 54.35226389999999], [18.6480166818084, 54.35198886544078]]}}, {"type": "Feature", "properties": {"u": 2, "v": 0, "key": 0, "length": 87.3, "length_raw": 8695582.132572515}, "geometry": {"type": "LineString", "coordinates": [[18.650696850250018, 54.353870150042475], [18.6507941, 54.35376550000001], [18.650891, 54.35364189999999], [18.6510832, 54.3533594], [18.6511444, 54.3532655], [18.6511713, 54.3532232], [18.6512205, 54.3531481]]}}, {"type": "Feature", "properties": {"u": 2, "v": 5, "key": 0, "length": 241.8, "length_raw": 11515426.791236948}, "geometry": {"type": "LineString", "coordinates": [[18.650696850250018, 54.353870150042475], [18.6505996, 54.3539748], [18.6505079, 54.3540735], [18.6504, 54.3541792], [18.6503036, 54.35427640000001], [18.6502116, 54.3543694], [18.650181, 54.35440400000001], [18.6500347, 54.354548300000005], [18.6498601, 54.354723400000005], [18.6497284, 54.35485810000001], [18.6489304, 54.3556482], [18.6488249, 54.355750699999994]]}}, {"type": "Feature", "properties": {"u": 3, "v": 6, "key": 0, "length": 78.4, "length_raw": 4332743.27002265}, "geometry": {"type": "LineString", "coordinates": [[18.6525816, 54.35331519999999], [18.6528053, 54.353341099999994], [18.6529273, 54.35335419999999], [18.653304, 54.353394699999996], [18.6537707, 54.353447300000006]]}}, {"type": "Feature", "properties": {"u": 4, "v": 227, "key": 0, "length": 133.4, "length_raw": 953948.1971252589}, "geometry": {"type": "LineString", "coordinates": [[18.6480166818084, 54.35198886544078], [18.6476285, 54.35215209999999], [18.6475805, 54.352114099999994], [18.6475436, 54.352090399999994], [18.6474863, 54.3520635], [18.6474391, 54.35204759999999], [18.647380500000004, 54.3520316], [18.6473108, 54.35202030000001], [18.6472352, 54.35201669999999], [18.6471464, 54.352012699999996], [18.647031, 54.35201369999999], [18.6468288, 54.35203119999999], [18.6465976, 54.3520516], [18.646173639988643, 54.35194677456794]]}}, {"type": "Feature", "properties": {"u": 4, "v": 1, "key": 0, "length": 114.7, "length_raw": 3772440.479411492}, "geometry": {"type": "LineString", "coordinates": [[18.6480166818084, 54.35198886544078], [18.6484669, 54.3517549], [18.6485491, 54.35177], [18.6486084, 54.3517949], [18.6489809, 54.352072099999994], [18.6490965, 54.35217699999998], [18.649038126041074, 54.35228165339743]]}}, {"type": "Feature", "properties": {"u": 5, "v": 73, "key": 0, "length": 110.7, "length_raw": 11572575.568388842}, "geometry": {"type": "LineString", "coordinates": [[18.6488249, 54.355750699999994], [18.6486978, 54.35587119999999], [18.6483242, 54.3561913], [18.6478706, 54.3565768]]}}, {"type": "Feature", "properties": {"u": 5, "v": 2, "key": 0, "length": 241.8, "length_raw": 11515426.791236948}, "geometry": {"type": "LineString", "coordinates": [[18.6488249, 54.355750699999994], [18.6489304, 54.3556482], [18.6497284, 54.35485810000001], [18.6498601, 54.354723400000005], [18.6500347, 54.354548300000005], [18.650181, 54.35440400000001], [18.6502116, 54.3543694], [18.6503036, 54.35427640000001], [18.6504, 54.3541792], [18.6505079, 54.3540735], [18.6505996, 54.3539748], [18.650696850250018, 54.353870150042475]]}}, {"type": "Feature", "properties": {"u": 6, "v": 329, "key": 0, "length": 62.0, "length_raw": 2414872.3606799734}, "geometry": {"type": "LineString", "coordinates": [[18.6537707, 54.353447300000006], [18.6540256, 54.353479199999995], [18.6547057, 54.3535643]]}}, {"type": "Feature", "properties": {"u": 7, "v": 8, "key": 0, "length": 175.9, "length_raw": 6757093.111830297}, "geometry": {"type": "LineString", "coordinates": [[18.710563350893782, 54.383420450301024], [18.7102984, 54.383559399999996], [18.7091829, 54.3836562], [18.7090989, 54.38366359999999], [18.7079642, 54.3837605]]}}, {"type": "Feature", "properties": {"u": 7, "v": 8, "key": 1, "length": 182.2, "length_raw": 6757093.111830297}, "geometry": {"type": "LineString", "coordinates": [[18.710563350893782, 54.383420450301024], [18.7102984, 54.383559399999996], [18.7102428, 54.3836153], [18.7101449, 54.383630999999994], [18.7091984, 54.3837143], [18.7091133, 54.3837217], [18.7080233, 54.383808800000004], [18.7079642, 54.3837605]]}}, {"type": "Feature", "properties": {"u": 8, "v": 218, "key": 0, "length": 82.9, "length_raw": 6000383.325668734}, "geometry": {"type": "LineString", "coordinates": [[18.7079642, 54.3837605], [18.7077909, 54.38375549999999], [18.7075479, 54.38367939999999], [18.7073447, 54.383587000000006], [18.707236, 54.3834997], [18.707124900000004, 54.38340379999999], [18.7070961, 54.3833789], [18.70710198738788, 54.38329883495627]]}}, {"type": "Feature", "properties": {"u": 9, "v": 10, "key": 0, "length": 1021.5, "length_raw": 15245134.913873682}, "geometry": {"type": "LineString", "coordinates": [[18.7028051, 54.34379380000001], [18.7061006, 54.3447513], [18.708321, 54.3453984], [18.7095961, 54.34576680000001], [18.710547400000003, 54.346043200000004], [18.7109852, 54.34617039999999], [18.7116076, 54.346351399999996], [18.7137989, 54.34698850000001], [18.715267, 54.34741119999999], [18.7158829, 54.3475886], [18.7160803, 54.3476315], [18.716288, 54.3476449], [18.7164308, 54.347645], [18.71701763649313, 54.3476794255916]]}}, {"type": "Feature", "properties": {"u": 9, "v": 11, "key": 0, "length": 69.7, "length_raw": 5400747.501225428}, "geometry": {"type": "LineString", "coordinates": [[18.7028051, 54.34379380000001], [18.7023689, 54.343668699999995], [18.7023018, 54.3436495], [18.7018356, 54.3435218]]}}, {"type": "Feature", "properties": {"u": 10, "v": 9, "key": 0, "length": 1021.5, "length_raw": 15245134.913873682}, "geometry": {"type": "LineString", "coordinates": [[18.71701763649313, 54.3476794255916], [18.7164308, 54.347645], [18.716288, 54.3476449], [18.7160803, 54.3476315], [18.7158829, 54.3475886], [18.715267, 54.34741119999999], [18.7137989, 54.34698850000001], [18.7116076, 54.346351399999996], [18.7109852, 54.34617039999999], [18.710547400000003, 54.346043200000004], [18.7095961, 54.34576680000001], [18.708321, 54.3453984], [18.7061006, 54.3447513], [18.7028051, 54.34379380000001]]}}, {"type": "Feature", "properties": {"u": 10, "v": 12, "key": 0, "length": 235.4, "length_raw": 8100266.993813108}, "geometry": {"type": "LineString", "coordinates": [[18.71701763649313, 54.3476794255916], [18.7172596, 54.3475636], [18.7173405, 54.347493300000004], [18.7175199, 54.347324300000004], [18.717679, 54.34716399999999], [18.7177715, 54.347058], [18.717976100000005, 54.34681249999999], [18.7183284, 54.34627450000001], [18.7187393, 54.3458372]]}}, {"type": "Feature", "properties": {"u": 10, "v": 13, "key": 0, "length": 460.5, "length_raw": 9984655.270784825}, "geometry": {"type": "LineString", "coordinates": [[18.71701763649313, 54.3476794255916], [18.7172921, 54.34772259999999], [18.7171267, 54.3478681], [18.7166053, 54.34822470000001], [18.7158563, 54.3486906], [18.7142365, 54.349748999999996], [18.713583, 54.3501601], [18.7132119, 54.35036949999999], [18.7128889, 54.350528199999985], [18.7126631, 54.3506325]]}}, {"type": "Feature", "properties": {"u": 10, "v": 14, "key": 0, "length": 166.8, "length_raw": 11046601.1704224}, "geometry": {"type": "LineString", "coordinates": [[18.71701763649313, 54.3476794255916], [18.7175317, 54.34780030000001], [18.7177086, 54.3476222], [18.7179495, 54.3473719], [18.7183519, 54.34687209999998], [18.7183966, 54.346807], [18.718320749919652, 54.34676340002319]]}}, {"type": "Feature", "properties": {"u": 11, "v": 15, "key": 0, "length": 139.6, "length_raw": 3847599.7511696047}, "geometry": {"type": "LineString", "coordinates": [[18.7018356, 54.3435218], [18.7016942, 54.34349369999999], [18.7014792, 54.3434688], [18.7008498, 54.34344250000001], [18.7005273, 54.34342139999999], [18.7000698, 54.34335479999999], [18.7000228, 54.343348], [18.69972268757465, 54.343303582948224]]}}, {"type": "Feature", "properties": {"u": 11, "v": 9, "key": 0, "length": 69.7, "length_raw": 5400747.501225428}, "geometry": {"type": "LineString", "coordinates": [[18.7018356, 54.3435218], [18.7023018, 54.3436495], [18.7023689, 54.343668699999995], [18.7028051, 54.34379380000001]]}}, {"type": "Feature", "properties": {"u": 12, "v": 14, "key": 0, "length": 110.2, "length_raw": 11610970.93049434}, "geometry": {"type": "LineString", "coordinates": [[18.7187393, 54.3458372], [18.718476500000005, 54.34635189999999], [18.7182449, 54.346719799999995], [18.718320749919652, 54.34676340002319]]}}, {"type": "Feature", "properties": {"u": 13, "v": 258, "key": 0, "length": 301.5, "length_raw": 9105221.807024783}, "geometry": {"type": "LineString", "coordinates": [[18.7126631, 54.3506325], [18.7124875, 54.3507059], [18.7120758, 54.3508639], [18.7116647, 54.3510112], [18.711288, 54.3511486], [18.7108604, 54.3513022], [18.7103501, 54.3514855], [18.7100912, 54.35157850000001], [18.7099723, 54.351623200000006], [18.7096917, 54.35172869999998], [18.7096184, 54.3517531], [18.7095533, 54.35177699999999], [18.709294, 54.3518722], [18.70869636804283, 54.3520452675599]]}}, {"type": "Feature", "properties": {"u": 14, "v": 10, "key": 0, "length": 153.0, "length_raw": 11046601.1704224}, "geometry": {"type": "LineString", "coordinates": [[18.718320749919652, 54.34676340002319], [18.7182449, 54.346719799999995], [18.7178756, 54.34715919999999], [18.7178563, 54.34718159999999], [18.7176888, 54.347364500000005], [18.7174987, 54.34755], [18.7172921, 54.34772259999999], [18.71701763649313, 54.3476794255916]]}}, {"type": "Feature", "properties": {"u": 14, "v": 10, "key": 1, "length": 166.8, "length_raw": 11046601.1704224}, "geometry": {"type": "LineString", "coordinates": [[18.718320749919652, 54.34676340002319], [18.7183966, 54.346807], [18.7183519, 54.34687209999998], [18.7179495, 54.3473719], [18.7177086, 54.3476222], [18.7175317, 54.34780030000001], [18.71701763649313, 54.3476794255916]]}}, {"type": "Feature", "properties": {"u": 15, "v": 11, "key": 0, "length": 139.6, "length_raw": 3847599.7511696047}, "geometry": {"type": "LineString", "coordinates": [[18.69972268757465, 54.343303582948224], [18.7000228, 54.343348], [18.7000698, 54.34335479999999], [18.7005273, 54.34342139999999], [18.7008498, 54.34344250000001], [18.7014792, 54.3434688], [18.7016942, 54.34349369999999], [18.7018356, 54.3435218]]}}, {"type": "Feature", "properties": {"u": 15, "v": 173, "key": 0, "length": 184.8, "length_raw": 12418532.812941797}, "geometry": {"type": "LineString", "coordinates": [[18.69972268757465, 54.343303582948224], [18.6995725, 54.34344409999999], [18.6993321, 54.3435429], [18.6991951, 54.343597700000004], [18.6990868, 54.343628], [18.6989908, 54.34364939999998], [18.6988851, 54.343663600000006], [18.6987498, 54.343674199999995], [18.698426, 54.34367999999999], [18.6982823, 54.343684700000004], [18.6981713, 54.34369859999999], [18.6980355, 54.3437321], [18.6979294, 54.34376910000001], [18.697824, 54.343819499999995], [18.6977479, 54.3438671], [18.697669, 54.3439296], [18.6974559, 54.34413039999999]]}}, {"type": "Feature", "properties": {"u": 15, "v": 174, "key": 0, "length": 272.9, "length_raw": 5351130.60103891}, "geometry": {"type": "LineString", "coordinates": [[18.69972268757465, 54.343303582948224], [18.6994652, 54.3432684], [18.6994039, 54.343259499999995], [18.6959677, 54.3427614], [18.6959029, 54.3427521], [18.695633118978893, 54.342720810622325]]}}, {"type": "Feature", "properties": {"u": 16, "v": 17, "key": 0, "length": 1507.5, "length_raw": 3751806.307702314}, "geometry": {"type": "LineString", "coordinates": [[18.6211453, 54.34506749999999], [18.6215422, 54.34510559999999], [18.622297000000003, 54.34514839999999], [18.6243564, 54.345227], [18.6255067, 54.34526449999999], [18.6268995, 54.345314], [18.6281225, 54.345363699999986], [18.628476, 54.34538880000001], [18.6288952, 54.34544540000001], [18.6292453, 54.34550680000001], [18.629661400000003, 54.3456057], [18.6301097, 54.345747], [18.6305952, 54.3459417], [18.6311449, 54.346254], [18.6327181, 54.34732059999999], [18.6330456, 54.347508], [18.6334897, 54.347720599999995], [18.6339173, 54.34789080000001], [18.6342439, 54.348003399999996], [18.6345908, 54.3481065], [18.6348902, 54.3481846], [18.6352648, 54.348266899999985], [18.6358166, 54.3483602], [18.6364083, 54.348451100000005], [18.6371311, 54.3485515], [18.6375876, 54.3485941], [18.6380273, 54.3486135], [18.6384287, 54.348609499999995], [18.638846, 54.348582900000004], [18.6392205, 54.3485423], [18.6396771, 54.34846469999999], [18.6402116, 54.34834360000001], [18.6406629, 54.348221599999995], [18.6412744, 54.3480248], [18.641364, 54.347996399999985], [18.641645, 54.3479072], [18.641521647259008, 54.348267033488156]]}}, {"type": "Feature", "properties": {"u": 17, "v": 18, "key": 0, "length": 101.5, "length_raw": 9449402.896600995}, "geometry": {"type": "LineString", "coordinates": [[18.641521647259008, 54.348267033488156], [18.641645, 54.3479072], [18.6423539, 54.34771], [18.6424898, 54.34767219999999]]}}, {"type": "Feature", "properties": {"u": 17, "v": 19, "key": 0, "length": 1463.2, "length_raw": 5452092.326828639}, "geometry": {"type": "LineString", "coordinates": [[18.641521647259008, 54.348267033488156], [18.6411683, 54.3483621], [18.6409995, 54.3483899], [18.6406991, 54.3484394], [18.6393099, 54.348730999999994], [18.6388618, 54.34878909999999], [18.6383537, 54.34882819999999], [18.6379873, 54.3488397], [18.6375259, 54.3488383], [18.6369016, 54.348823499999995], [18.6365342, 54.3488113], [18.6361801, 54.3487938], [18.6358895, 54.34877259999999], [18.635591, 54.348740099999986], [18.6352135, 54.34868469999999], [18.6348135, 54.348603000000004], [18.6345586, 54.348536900000006], [18.634236, 54.3484317], [18.6339175, 54.348312299999996], [18.6335805, 54.348157699999994], [18.6332694, 54.34798279999998], [18.6311353, 54.346538900000006], [18.6308714, 54.3463808], [18.6306031, 54.3462373], [18.6303069, 54.3461056], [18.6299769, 54.34597979999999], [18.6295666, 54.34584929999999], [18.6292009, 54.34576109999999], [18.6288485, 54.34569419999998], [18.6283724, 54.34563370000001], [18.6280007, 54.3456002], [18.627355, 54.3455734], [18.6265199, 54.345543299999996], [18.6255974, 54.34551], [18.6255147, 54.34550719999999], [18.6248873, 54.345482399999995], [18.6230725, 54.345418300000006], [18.622412, 54.34539500000001], [18.6211129, 54.3453617]]}}, {"type": "Feature", "properties": {"u": 18, "v": 304, "key": 0, "length": 76.7, "length_raw": 6864499.732442432}, "geometry": {"type": "LineString", "coordinates": [[18.6424898, 54.34767219999999], [18.6427924, 54.3477764], [18.6428617, 54.3478222], [18.6428745, 54.34783329999999], [18.6428959, 54.34785539999998], [18.6429055, 54.3478687], [18.6429276, 54.3479212], [18.6429261, 54.34798599999999], [18.6428914, 54.34804669999999], [18.6428456, 54.34809539999999], [18.6427402, 54.3482121]]}}, {"type": "Feature", "properties": {"u": 18, "v": 56, "key": 0, "length": 193.6, "length_raw": 14566513.346418938}, "geometry": {"type": "LineString", "coordinates": [[18.6424898, 54.34767219999999], [18.642831000000005, 54.34760519999999], [18.6430156, 54.347568899999985], [18.6432916, 54.34751760000001], [18.6436712, 54.347453], [18.644071700000005, 54.347405099999996], [18.6443806, 54.347385199999984], [18.6445022, 54.34738359999999], [18.6445659, 54.3473837], [18.6446475, 54.34738560000001], [18.6447078, 54.34738740000001], [18.6448628, 54.3473944], [18.645361624329798, 54.34752234342279]]}}, {"type": "Feature", "properties": {"u": 20, "v": 21, "key": 0, "length": 96.4, "length_raw": 7083855.772110017}, "geometry": {"type": "LineString", "coordinates": [[18.6228973, 54.33804859999999], [18.622663, 54.33807319999999], [18.6224297, 54.3380873], [18.6218352, 54.338101599999995], [18.621416800204127, 54.338123800728006]]}}, {"type": "Feature", "properties": {"u": 21, "v": 22, "key": 0, "length": 96.4, "length_raw": 7721671.347003305}, "geometry": {"type": "LineString", "coordinates": [[18.621416800204127, 54.338123800728006], [18.6218352, 54.338101599999995], [18.6223295, 54.33803189999999], [18.6225708, 54.33800050000001], [18.6228755, 54.3379656]]}}, {"type": "Feature", "properties": {"u": 22, "v": 183, "key": 0, "length": 72.9, "length_raw": 7377739.2225255715}, "geometry": {"type": "LineString", "coordinates": [[18.6228755, 54.3379656], [18.6231129, 54.3379367], [18.6239862, 54.337863699999986]]}}, {"type": "Feature", "properties": {"u": 23, "v": 24, "key": 0, "length": 133.4, "length_raw": 9658051.761633966}, "geometry": {"type": "LineString", "coordinates": [[18.620895700998066, 54.35853560045701], [18.6212236, 54.35840939999999], [18.6210502, 54.358343299999994], [18.6208736, 54.358265200000005], [18.6207216, 54.3581771], [18.6206052, 54.35810149999999], [18.620505, 54.35802580000001], [18.6204139, 54.35794829999998], [18.6203401, 54.3578775], [18.620255, 54.357777399999996], [18.6201776, 54.3576773]]}}, {"type": "Feature", "properties": {"u": 23, "v": 25, "key": 0, "length": 292.6, "length_raw": 7881083.60948793}, "geometry": {"type": "LineString", "coordinates": [[18.620895700998066, 54.35853560045701], [18.6212236, 54.35840939999999], [18.6213605, 54.35845290000001], [18.6215279, 54.35849399999999], [18.6215986, 54.35850810000001], [18.6217136, 54.35853], [18.6218181, 54.35854659999998], [18.6219314, 54.35856119999999], [18.6220598, 54.358574999999995], [18.6222046, 54.3585854], [18.6223848, 54.35859419999999], [18.622588600000004, 54.35860199999999], [18.6229127, 54.358611499999995], [18.6231137, 54.35861689999999], [18.6232799, 54.3586215], [18.6237543, 54.358634599999995], [18.6239452, 54.35864049999999], [18.6242417, 54.3586494], [18.6245156, 54.3586572], [18.6247289, 54.3586619], [18.624887, 54.3586623], [18.6250372, 54.3586572], [18.6251697, 54.358649899999996], [18.6252867, 54.358638899999995]]}}, {"type": "Feature", "properties": {"u": 24, "v": 23, "key": 0, "length": 133.4, "length_raw": 9658051.761633966}, "geometry": {"type": "LineString", "coordinates": [[18.6201776, 54.3576773], [18.620255, 54.357777399999996], [18.6203401, 54.3578775], [18.6204139, 54.35794829999998], [18.620505, 54.35802580000001], [18.6206052, 54.35810149999999], [18.6207216, 54.3581771], [18.6208736, 54.358265200000005], [18.6210502, 54.358343299999994], [18.6212236, 54.35840939999999], [18.620895700998066, 54.35853560045701]]}}, {"type": "Feature", "properties": {"u": 25, "v": 23, "key": 0, "length": 292.6, "length_raw": 7881083.60948793}, "geometry": {"type": "LineString", "coordinates": [[18.6252867, 54.358638899999995], [18.6251697, 54.358649899999996], [18.6250372, 54.3586572], [18.624887, 54.3586623], [18.6247289, 54.3586619], [18.6245156, 54.3586572], [18.6242417, 54.3586494], [18.6239452, 54.35864049999999], [18.6237543, 54.358634599999995], [18.6232799, 54.3586215], [18.6231137, 54.35861689999999], [18.6229127, 54.358611499999995], [18.622588600000004, 54.35860199999999], [18.6223848, 54.35859419999999], [18.6222046, 54.3585854], [18.6220598, 54.358574999999995], [18.6219314, 54.35856119999999], [18.6218181, 54.35854659999998], [18.6217136, 54.35853], [18.6215986, 54.35850810000001], [18.6215279, 54.35849399999999], [18.6213605, 54.35845290000001], [18.6212236, 54.35840939999999], [18.620895700998066, 54.35853560045701]]}}, {"type": "Feature", "properties": {"u": 25, "v": 26, "key": 0, "length": 407.8, "length_raw": 10632064.155685663}, "geometry": {"type": "LineString", "coordinates": [[18.6252867, 54.358638899999995], [18.6254224, 54.3586204], [18.6255411, 54.358600300000006], [18.6257086, 54.3585654], [18.6258727, 54.358525699999994], [18.6260179, 54.35848260000001], [18.626192, 54.35842109999999], [18.6263633, 54.358348299999996], [18.626534, 54.3582587], [18.6269018, 54.358029599999995], [18.6298412, 54.35617810000001]]}}, {"type": "Feature", "properties": {"u": 26, "v": 27, "key": 0, "length": 70.3, "length_raw": 7064742.60428745}, "geometry": {"type": "LineString", "coordinates": [[18.6298412, 54.35617810000001], [18.6299456, 54.35611310000001], [18.6300628, 54.356038899999994], [18.6303218, 54.3558749], [18.6305649, 54.3557075]]}}, {"type": "Feature", "properties": {"u": 26, "v": 25, "key": 0, "length": 407.8, "length_raw": 10632064.155685663}, "geometry": {"type": "LineString", "coordinates": [[18.6298412, 54.35617810000001], [18.6269018, 54.358029599999995], [18.626534, 54.3582587], [18.6263633, 54.358348299999996], [18.626192, 54.35842109999999], [18.6260179, 54.35848260000001], [18.6258727, 54.358525699999994], [18.6257086, 54.3585654], [18.6255411, 54.358600300000006], [18.6254224, 54.3586204], [18.6252867, 54.358638899999995]]}}, {"type": "Feature", "properties": {"u": 27, "v": 28, "key": 0, "length": 308.7, "length_raw": 5383243.6906323405}, "geometry": {"type": "LineString", "coordinates": [[18.6305649, 54.3557075], [18.6306566, 54.3556443], [18.630759, 54.3555741], [18.6317065, 54.35492429999999], [18.631823, 54.3548461], [18.6319248, 54.3547778], [18.6324335, 54.3544424], [18.632672900000003, 54.3542756], [18.633051000000002, 54.3540218], [18.633669064739482, 54.353602148110475]]}}, {"type": "Feature", "properties": {"u": 27, "v": 26, "key": 0, "length": 70.3, "length_raw": 7064742.60428745}, "geometry": {"type": "LineString", "coordinates": [[18.6305649, 54.3557075], [18.6303218, 54.3558749], [18.6300628, 54.356038899999994], [18.6299456, 54.35611310000001], [18.6298412, 54.35617810000001]]}}, {"type": "Feature", "properties": {"u": 28, "v": 31, "key": 0, "length": 143.6, "length_raw": 7838800.301014852}, "geometry": {"type": "LineString", "coordinates": [[18.633669064739482, 54.353602148110475], [18.63415, 54.353269399999995], [18.6342336, 54.353217], [18.634275900000002, 54.3531903], [18.6344017, 54.35310880000001], [18.6345276, 54.35303199999999], [18.6346621, 54.3529571], [18.6349977, 54.3527799], [18.635206600000004, 54.3526763]]}}, {"type": "Feature", "properties": {"u": 28, "v": 32, "key": 0, "length": 112.5, "length_raw": 11587532.765530838}, "geometry": {"type": "LineString", "coordinates": [[18.633669064739482, 54.353602148110475], [18.6339759, 54.3537053], [18.634013800000005, 54.35374540000001], [18.6340489, 54.3537825], [18.6341173, 54.3538506], [18.6343829, 54.3540665], [18.634665, 54.3542964], [18.6346969, 54.3543223], [18.6347552, 54.354369600000005]]}}, {"type": "Feature", "properties": {"u": 28, "v": 27, "key": 0, "length": 308.7, "length_raw": 5383243.6906323405}, "geometry": {"type": "LineString", "coordinates": [[18.633669064739482, 54.353602148110475], [18.633051000000002, 54.3540218], [18.632672900000003, 54.3542756], [18.6324335, 54.3544424], [18.6319248, 54.3547778], [18.631823, 54.3548461], [18.6317065, 54.35492429999999], [18.630759, 54.3555741], [18.6306566, 54.3556443], [18.6305649, 54.3557075]]}}, {"type": "Feature", "properties": {"u": 29, "v": 30, "key": 0, "length": 136.9, "length_raw": 12820128.457001667}, "geometry": {"type": "LineString", "coordinates": [[18.63441088703361, 54.33192314899126], [18.634532, 54.3320408], [18.6345451, 54.332090099999995], [18.6345727, 54.3321577], [18.6346245, 54.3322633], [18.6346633, 54.33233380000001], [18.6347209, 54.33243439999999], [18.6348552, 54.33265569999998], [18.6349852, 54.33285539999999], [18.6350504, 54.33295559999999], [18.635054400000005, 54.3330847]]}}, {"type": "Feature", "properties": {"u": 30, "v": 29, "key": 0, "length": 140.3, "length_raw": 12820128.457001667}, "geometry": {"type": "LineString", "coordinates": [[18.635054400000005, 54.3330847], [18.6349147, 54.3329913], [18.6344872, 54.3323772], [18.6344625, 54.3323337], [18.6343628, 54.33211589999999], [18.634345, 54.332078599999996], [18.6343303, 54.33204760000001], [18.63441088703361, 54.33192314899126]]}}, {"type": "Feature", "properties": {"u": 30, "v": 82, "key": 0, "length": 123.7, "length_raw": 12845089.400213046}, "geometry": {"type": "LineString", "coordinates": [[18.635054400000005, 54.3330847], [18.6351911, 54.333368199999995], [18.6352564, 54.33358030000001], [18.6353592, 54.33390920000001], [18.6354554, 54.334171100000006]]}}, {"type": "Feature", "properties": {"u": 31, "v": 28, "key": 0, "length": 143.6, "length_raw": 7838800.301014852}, "geometry": {"type": "LineString", "coordinates": [[18.635206600000004, 54.3526763], [18.6349977, 54.3527799], [18.6346621, 54.3529571], [18.6345276, 54.35303199999999], [18.6344017, 54.35310880000001], [18.634275900000002, 54.3531903], [18.6342336, 54.353217], [18.63415, 54.353269399999995], [18.633669064739482, 54.353602148110475]]}}, {"type": "Feature", "properties": {"u": 31, "v": 243, "key": 0, "length": 202.8, "length_raw": 9289221.972781584}, "geometry": {"type": "LineString", "coordinates": [[18.635206600000004, 54.3526763], [18.6354694, 54.3525416], [18.6356144, 54.3524651], [18.6358792, 54.3523255], [18.6360732, 54.352227199999994], [18.6366838, 54.3519102], [18.6367339, 54.351879499999995], [18.6367859, 54.351842999999995], [18.6368322, 54.351796699999994], [18.636876100000002, 54.351744399999994], [18.6369212, 54.351680899999984], [18.6370193, 54.351510700000006], [18.6370507, 54.3514383], [18.6370889, 54.351355], [18.637113950036685, 54.351296600003195]]}}, {"type": "Feature", "properties": {"u": 32, "v": 28, "key": 0, "length": 112.5, "length_raw": 11587532.765530838}, "geometry": {"type": "LineString", "coordinates": [[18.6347552, 54.354369600000005], [18.6346969, 54.3543223], [18.634665, 54.3542964], [18.6343829, 54.3540665], [18.6341173, 54.3538506], [18.6340489, 54.3537825], [18.634013800000005, 54.35374540000001], [18.6339759, 54.3537053], [18.633669064739482, 54.353602148110475]]}}, {"type": "Feature", "properties": {"u": 32, "v": 333, "key": 0, "length": 109.7, "length_raw": 8020449.155081894}, "geometry": {"type": "LineString", "coordinates": [[18.6347552, 54.354369600000005], [18.6352556, 54.354777399999996], [18.6356978, 54.355116], [18.635767200000004, 54.35516049999998]]}}, {"type": "Feature", "properties": {"u": 33, "v": 34, "key": 0, "length": 111.3, "length_raw": 6796442.410921925}, "geometry": {"type": "LineString", "coordinates": [[18.6525372, 54.3427863], [18.6526031, 54.342750499999994], [18.6527441, 54.3426742], [18.6529524, 54.3425599], [18.653042, 54.3425108], [18.653369, 54.34233239999999], [18.6534373, 54.34229439999999], [18.6535359, 54.342241599999994], [18.653791, 54.3421029]]}}, {"type": "Feature", "properties": {"u": 33, "v": 35, "key": 0, "length": 202.9, "length_raw": 12971785.01354998}, "geometry": {"type": "LineString", "coordinates": [[18.6525372, 54.3427863], [18.6522672, 54.34292829999998], [18.6518266, 54.3431617], [18.6515411, 54.34331089999999], [18.651049, 54.34358029999999], [18.6507138, 54.34376619999998], [18.6506323, 54.343810099999985], [18.6504612, 54.34390030000001], [18.650223, 54.344015]]}}, {"type": "Feature", "properties": {"u": 34, "v": 36, "key": 0, "length": 105.7, "length_raw": 10442692.033162871}, "geometry": {"type": "LineString", "coordinates": [[18.653791, 54.3421029], [18.6541273, 54.3419198], [18.6542276, 54.341865199999994], [18.6542854, 54.3418343], [18.6548216, 54.3415435], [18.6548711, 54.3415161], [18.6549796, 54.3414517]]}}, {"type": "Feature", "properties": {"u": 34, "v": 33, "key": 0, "length": 111.3, "length_raw": 6796442.410921925}, "geometry": {"type": "LineString", "coordinates": [[18.653791, 54.3421029], [18.6535359, 54.342241599999994], [18.6534373, 54.34229439999999], [18.653369, 54.34233239999999], [18.653042, 54.3425108], [18.6529524, 54.3425599], [18.6527441, 54.3426742], [18.6526031, 54.342750499999994], [18.6525372, 54.3427863]]}}, {"type": "Feature", "properties": {"u": 35, "v": 33, "key": 0, "length": 202.9, "length_raw": 12971785.01354998}, "geometry": {"type": "LineString", "coordinates": [[18.650223, 54.344015], [18.6504612, 54.34390030000001], [18.6506323, 54.343810099999985], [18.6507138, 54.34376619999998], [18.651049, 54.34358029999999], [18.6515411, 54.34331089999999], [18.6518266, 54.3431617], [18.6522672, 54.34292829999998], [18.6525372, 54.3427863]]}}, {"type": "Feature", "properties": {"u": 35, "v": 37, "key": 0, "length": 62.5, "length_raw": 4714780.173498102}, "geometry": {"type": "LineString", "coordinates": [[18.650223, 54.344015], [18.6501802, 54.3440323], [18.6497961, 54.344194499999986], [18.6497262, 54.34422130000001], [18.6494219, 54.3443269]]}}, {"type": "Feature", "properties": {"u": 36, "v": 34, "key": 0, "length": 105.7, "length_raw": 10442692.033162871}, "geometry": {"type": "LineString", "coordinates": [[18.6549796, 54.3414517], [18.6548711, 54.3415161], [18.6548216, 54.3415435], [18.6542854, 54.3418343], [18.6542276, 54.341865199999994], [18.6541273, 54.3419198], [18.653791, 54.3421029]]}}, {"type": "Feature", "properties": {"u": 36, "v": 347, "key": 0, "length": 93.3, "length_raw": 8336031.3140107}, "geometry": {"type": "LineString", "coordinates": [[18.6549796, 54.3414517], [18.6550207, 54.34142490000001], [18.6550677, 54.341394199999996], [18.6551018, 54.34137189999999], [18.6553189, 54.34123030000001], [18.6554304, 54.341157599999995], [18.6555192, 54.341099699999994], [18.6557778, 54.340931], [18.655891000000004, 54.340857199999995], [18.655939150036904, 54.34082570001002]]}}, {"type": "Feature", "properties": {"u": 37, "v": 295, "key": 0, "length": 133.1, "length_raw": 13937344.194572942}, "geometry": {"type": "LineString", "coordinates": [[18.6494219, 54.3443269], [18.6491087, 54.344426799999994], [18.6490395, 54.3444488], [18.648806600000004, 54.34452159999999], [18.6486342, 54.3445743], [18.6483929, 54.344643899999994], [18.6481021, 54.3447236], [18.6478046, 54.34480559999999], [18.6475884, 54.344863999999994]]}}, {"type": "Feature", "properties": {"u": 37, "v": 35, "key": 0, "length": 62.5, "length_raw": 4714780.173498102}, "geometry": {"type": "LineString", "coordinates": [[18.6494219, 54.3443269], [18.6497262, 54.34422130000001], [18.6497961, 54.344194499999986], [18.6501802, 54.3440323], [18.650223, 54.344015]]}}, {"type": "Feature", "properties": {"u": 38, "v": 39, "key": 0, "length": 132.1, "length_raw": 6317162.666593576}, "geometry": {"type": "LineString", "coordinates": [[18.64207509378811, 54.361110807226375], [18.6428208, 54.3614531], [18.6430109, 54.3615786], [18.6435001, 54.3619486]]}}, {"type": "Feature", "properties": {"u": 38, "v": 40, "key": 0, "length": 178.5, "length_raw": 15262107.602985332}, "geometry": {"type": "LineString", "coordinates": [[18.64207509378811, 54.361110807226375], [18.6424773, 54.361791], [18.6422867, 54.361937], [18.6422285, 54.3619747], [18.6421121, 54.362051699999995], [18.641922700000002, 54.36216629999999], [18.641825, 54.3622255], [18.6414564, 54.3624463]]}}, {"type": "Feature", "properties": {"u": 38, "v": 41, "key": 0, "length": 482.5, "length_raw": 10015237.878433948}, "geometry": {"type": "LineString", "coordinates": [[18.64207509378811, 54.361110807226375], [18.6424845, 54.36084550000001], [18.6428135, 54.36061639999999], [18.6436229, 54.3600345], [18.6437314, 54.3599573], [18.6439052, 54.359820299999996], [18.6445186, 54.3592807], [18.6448514, 54.3589805], [18.645162, 54.3586801], [18.6454038, 54.358388399999995], [18.6455568, 54.3581522], [18.6456349, 54.3580093], [18.6456617, 54.357936599999995], [18.646348092260514, 54.35762312202586]]}}, {"type": "Feature", "properties": {"u": 38, "v": 42, "key": 0, "length": 176.6, "length_raw": 15454537.973728096}, "geometry": {"type": "LineString", "coordinates": [[18.64207509378811, 54.361110807226375], [18.6413292, 54.3604233], [18.6412166, 54.36019540000001], [18.6411692, 54.360086100000004], [18.6411471, 54.35999119999999], [18.6411444, 54.35981120000002], [18.6411791, 54.3596634]]}}, {"type": "Feature", "properties": {"u": 39, "v": 43, "key": 0, "length": 557.1, "length_raw": 12059230.87325001}, "geometry": {"type": "LineString", "coordinates": [[18.6435001, 54.3619486], [18.6435757, 54.362001600000006], [18.6441779, 54.3624378], [18.6447225, 54.36283470000001], [18.6449289, 54.3629661], [18.6450775, 54.36304700000001], [18.6452954, 54.36315149999999], [18.6454597, 54.363218], [18.6456827, 54.3632928], [18.6459498, 54.36337240000001], [18.6461793, 54.3634284], [18.6464092, 54.363469200000004], [18.6465831, 54.3634972], [18.6467163, 54.363512199999995], [18.6469287, 54.3635323], [18.6470738, 54.36354159999999], [18.647217, 54.36354749999999], [18.6473574, 54.36354759999998], [18.6474881, 54.36354550000001], [18.6476589, 54.363541199999986], [18.6478387, 54.3635305], [18.6481338, 54.3635009], [18.648398300000004, 54.36345969999999], [18.6485437, 54.363433799999996], [18.6486714, 54.363406399999995], [18.6488365, 54.3633646], [18.6489723, 54.3633258], [18.6491171, 54.36328249999999], [18.649357, 54.363197799999995], [18.6494965, 54.3631411], [18.6496371, 54.3630727], [18.6497749, 54.36300839999999], [18.6503575, 54.36273769999999], [18.65055705044927, 54.362644700170236]]}}, {"type": "Feature", "properties": {"u": 39, "v": 38, "key": 0, "length": 149.0, "length_raw": 6317162.666593576}, "geometry": {"type": "LineString", "coordinates": [[18.6435001, 54.3619486], [18.6433842, 54.36192199999999], [18.6432804, 54.361912999999994], [18.643099, 54.3619061], [18.6429893, 54.3618949], [18.6428685, 54.361873], [18.6427392, 54.361845], [18.6424773, 54.361791], [18.64207509378811, 54.361110807226375]]}}, {"type": "Feature", "properties": {"u": 40, "v": 319, "key": 0, "length": 431.0, "length_raw": 8615025.74210045}, "geometry": {"type": "LineString", "coordinates": [[18.6414564, 54.3624463], [18.6403656, 54.3630923], [18.6393217, 54.36370960000001], [18.6389944, 54.363903199999996], [18.6389252, 54.363943199999994], [18.6378001, 54.36461190000001], [18.6367931, 54.36521040000001]]}}, {"type": "Feature", "properties": {"u": 41, "v": 38, "key": 0, "length": 547.7, "length_raw": 10015237.878433948}, "geometry": {"type": "LineString", "coordinates": [[18.646348092260514, 54.35762312202586], [18.646198, 54.35804980000001], [18.6454178, 54.3587589], [18.6448318, 54.359294], [18.644335, 54.359747], [18.6439783, 54.36009399999999], [18.6437386, 54.360367100000005], [18.6434082, 54.3607538], [18.6432104, 54.36098799999999], [18.6429818, 54.36125869999999], [18.6429376, 54.36130849999999], [18.6428208, 54.3614531], [18.64207509378811, 54.361110807226375]]}}, {"type": "Feature", "properties": {"u": 41, "v": 72, "key": 0, "length": 237.2, "length_raw": 7277760.603409419}, "geometry": {"type": "LineString", "coordinates": [[18.646348092260514, 54.35762312202586], [18.6468585, 54.357917099999995], [18.6470251, 54.358061899999996], [18.6471623, 54.35823410000001], [18.6473548, 54.35849429999999], [18.6476123, 54.35883339999999], [18.6477212, 54.358929899999985], [18.64810771718355, 54.35946526807476]]}}, {"type": "Feature", "properties": {"u": 41, "v": 73, "key": 0, "length": 153.6, "length_raw": 10354322.30419441}, "geometry": {"type": "LineString", "coordinates": [[18.646348092260514, 54.35762312202586], [18.6470966, 54.357233699999995], [18.6474531, 54.356931100000004], [18.6476344, 54.3567773], [18.6478706, 54.3565768]]}}, {"type": "Feature", "properties": {"u": 41, "v": 74, "key": 0, "length": 453.8, "length_raw": 12411126.485149814}, "geometry": {"type": "LineString", "coordinates": [[18.646348092260514, 54.35762312202586], [18.6457371, 54.35739309999999], [18.6457016, 54.356955899999996], [18.6456847, 54.3568282], [18.6456399, 54.35661569999999], [18.6455683, 54.3562991], [18.6454947, 54.35598160000001], [18.6454626, 54.35584289999999], [18.6453753, 54.35546600000001], [18.6453363, 54.3552991], [18.6452667, 54.35500189999999], [18.6452393, 54.354885], [18.6452056, 54.35474119999999], [18.6451915, 54.354677800000005], [18.6451868, 54.35465669999999], [18.6451694, 54.3545867], [18.6450641, 54.354104400000004], [18.645034, 54.353920200000005], [18.644772681395974, 54.353874207650115]]}}, {"type": "Feature", "properties": {"u": 42, "v": 38, "key": 0, "length": 176.6, "length_raw": 15454537.973728096}, "geometry": {"type": "LineString", "coordinates": [[18.6411791, 54.3596634], [18.6411444, 54.35981120000002], [18.6411471, 54.35999119999999], [18.6411692, 54.360086100000004], [18.6412166, 54.36019540000001], [18.6413292, 54.3604233], [18.64207509378811, 54.361110807226375]]}}, {"type": "Feature", "properties": {"u": 42, "v": 79, "key": 0, "length": 232.7, "length_raw": 15269489.030914553}, "geometry": {"type": "LineString", "coordinates": [[18.6411791, 54.3596634], [18.6412676, 54.3594918], [18.6413642, 54.3593806], [18.6414793, 54.35929019999998], [18.641692, 54.359156500000005], [18.6419556, 54.3590525], [18.642592400000005, 54.35883609999999], [18.6428989, 54.35872500000001], [18.643091500000004, 54.3586215], [18.6432001, 54.3585348], [18.6432918, 54.35843359999999], [18.6433673, 54.35831009999999], [18.6434125, 54.3581496]]}}, {"type": "Feature", "properties": {"u": 42, "v": 331, "key": 0, "length": 123.1, "length_raw": 11163879.16855281}, "geometry": {"type": "LineString", "coordinates": [[18.6411791, 54.3596634], [18.640984, 54.3596195], [18.6409142, 54.3595909], [18.6406043, 54.359453599999995], [18.6402055, 54.35926149999999], [18.640139, 54.3592295], [18.6399967, 54.359160999999986], [18.6396667, 54.359003]]}}, {"type": "Feature", "properties": {"u": 43, "v": 39, "key": 0, "length": 557.1, "length_raw": 12059230.87325001}, "geometry": {"type": "LineString", "coordinates": [[18.65055705044927, 54.362644700170236], [18.6503575, 54.36273769999999], [18.6497749, 54.36300839999999], [18.6496371, 54.3630727], [18.6494965, 54.3631411], [18.649357, 54.363197799999995], [18.6491171, 54.36328249999999], [18.6489723, 54.3633258], [18.6488365, 54.3633646], [18.6486714, 54.363406399999995], [18.6485437, 54.363433799999996], [18.648398300000004, 54.36345969999999], [18.6481338, 54.3635009], [18.6478387, 54.3635305], [18.6476589, 54.363541199999986], [18.6474881, 54.36354550000001], [18.6473574, 54.36354759999998], [18.647217, 54.36354749999999], [18.6470738, 54.36354159999999], [18.6469287, 54.3635323], [18.6467163, 54.363512199999995], [18.6465831, 54.3634972], [18.6464092, 54.363469200000004], [18.6461793, 54.3634284], [18.6459498, 54.36337240000001], [18.6456827, 54.3632928], [18.6454597, 54.363218], [18.6452954, 54.36315149999999], [18.6450775, 54.36304700000001], [18.6449289, 54.3629661], [18.6447225, 54.36283470000001], [18.6441779, 54.3624378], [18.6435757, 54.362001600000006], [18.6435001, 54.3619486]]}}, {"type": "Feature", "properties": {"u": 43, "v": 246, "key": 0, "length": 282.7, "length_raw": 5709894.862022093}, "geometry": {"type": "LineString", "coordinates": [[18.65055705044927, 54.362644700170236], [18.6507566, 54.36255169999999], [18.6510674, 54.3624069], [18.6516458, 54.3621369], [18.6517385, 54.362094199999994], [18.6518246, 54.3620542], [18.6520244, 54.361960799999984], [18.6524867, 54.3617447], [18.652684, 54.361657699999995], [18.6532662, 54.3614038], [18.6534348, 54.36132549999999], [18.6536388, 54.3612404], [18.6540352, 54.361115099999985]]}}, {"type": "Feature", "properties": {"u": 44, "v": 45, "key": 0, "length": 224.4, "length_raw": 4179268.2466047965}, "geometry": {"type": "LineString", "coordinates": [[18.64764320036616, 54.3868492000764], [18.6477748, 54.386735599999994], [18.6479837, 54.3868065], [18.6481983, 54.3868851], [18.6485881, 54.3870471], [18.6494472, 54.387409199999986], [18.6495093, 54.3874344], [18.6495867, 54.38745610000001], [18.6496673, 54.3874736], [18.6501741705422, 54.38794028369756]]}}, {"type": "Feature", "properties": {"u": 44, "v": 46, "key": 0, "length": 177.3, "length_raw": 13082165.478581725}, "geometry": {"type": "LineString", "coordinates": [[18.64764320036616, 54.3868492000764], [18.6475116, 54.386962799999985], [18.6469968, 54.38674759999999], [18.6458481, 54.38626159999999], [18.645579705138545, 54.386051624245525]]}}, {"type": "Feature", "properties": {"u": 45, "v": 47, "key": 0, "length": 255.6, "length_raw": 7584658.270205168}, "geometry": {"type": "LineString", "coordinates": [[18.6501741705422, 54.38794028369756], [18.650874, 54.38758169999999], [18.6510423, 54.38754039999999], [18.6511541, 54.38751400000002], [18.6523274, 54.387049], [18.6525745, 54.3869544], [18.6526968, 54.386919], [18.6531894, 54.3867941], [18.6534913, 54.38672689999999]]}}, {"type": "Feature", "properties": {"u": 45, "v": 44, "key": 0, "length": 220.2, "length_raw": 4179268.2466047965}, "geometry": {"type": "LineString", "coordinates": [[18.6501741705422, 54.38794028369756], [18.6492958, 54.387724899999995], [18.649147, 54.38765250000001], [18.6482962, 54.3872937], [18.6476437, 54.38701850000001], [18.6475116, 54.386962799999985], [18.64764320036616, 54.3868492000764]]}}, {"type": "Feature", "properties": {"u": 45, "v": 48, "key": 0, "length": 674.5, "length_raw": 15249382.397309432}, "geometry": {"type": "LineString", "coordinates": [[18.6501741705422, 54.38794028369756], [18.6510093, 54.388154799999995], [18.6512375, 54.388311300000005], [18.6513131, 54.3883512], [18.6514589, 54.38842669999999], [18.6518239, 54.38859589999999], [18.652514600000003, 54.388888400000006], [18.6533562, 54.3892425], [18.6538629, 54.38946459999999], [18.654002, 54.389529499999995], [18.6541412, 54.389598899999996], [18.6542416, 54.389653700000004], [18.6543927, 54.38974030000001], [18.6545266, 54.3898242], [18.6547089, 54.38994660000001], [18.6549997, 54.390157599999995], [18.6560295, 54.390901500000005], [18.6573745, 54.391871999999985], [18.6574333, 54.3919144], [18.6575561, 54.39200400000001], [18.65744710012976, 54.39205315005069]]}}, {"type": "Feature", "properties": {"u": 45, "v": 49, "key": 0, "length": 339.4, "length_raw": 9509531.798736194}, "geometry": {"type": "LineString", "coordinates": [[18.6501741705422, 54.38794028369756], [18.649789000000002, 54.38843099999999], [18.6488674, 54.38880189999998], [18.6480576, 54.38912969999999], [18.647747800000005, 54.3892559], [18.647263, 54.3894435], [18.646603, 54.38969899999999], [18.646216200000005, 54.389839899999984]]}}, {"type": "Feature", "properties": {"u": 46, "v": 119, "key": 0, "length": 170.4, "length_raw": 6400031.618600287}, "geometry": {"type": "LineString", "coordinates": [[18.645579705138545, 54.386051624245525], [18.6451548, 54.38597140000001], [18.6450191, 54.3859147], [18.6438564, 54.38542090000001], [18.6434965, 54.385265399999994], [18.643577550117868, 54.38520585002869]]}}, {"type": "Feature", "properties": {"u": 46, "v": 44, "key": 0, "length": 177.0, "length_raw": 13082165.478581725}, "geometry": {"type": "LineString", "coordinates": [[18.645579705138545, 54.386051624245525], [18.6460011, 54.3861318], [18.6461097, 54.3861721], [18.6464751, 54.38629300000001], [18.6475271, 54.3866513], [18.6477748, 54.386735599999994], [18.64764320036616, 54.3868492000764]]}}, {"type": "Feature", "properties": {"u": 47, "v": 216, "key": 0, "length": 1699.5, "length_raw": 18118920.954547446}, "geometry": {"type": "LineString", "coordinates": [[18.6534913, 54.38672689999999], [18.6542784, 54.38640759999999], [18.6552144, 54.38603349999999], [18.6573138, 54.38519440000001], [18.6587984, 54.384602799999996], [18.6602748, 54.3840144], [18.6620088, 54.38332340000001], [18.6635454, 54.38271099999999], [18.6657626, 54.3818273], [18.6680269, 54.3809249], [18.6685261, 54.380732300000005], [18.669085, 54.38053180000001], [18.6695239, 54.3803777], [18.6699658, 54.38023140000001], [18.6703423, 54.38011019999999], [18.6706767, 54.38000600000001], [18.670992200000004, 54.379916200000004], [18.6713263, 54.3798278], [18.6716471, 54.3797523], [18.6720442, 54.37965849999999], [18.6727102, 54.3795185], [18.6729793, 54.3794685], [18.6742127, 54.37925490000001], [18.6749016, 54.3791362], [18.6753499, 54.3790593], [18.675908, 54.378964999999994]]}}, {"type": "Feature", "properties": {"u": 48, "v": 45, "key": 0, "length": 670.1, "length_raw": 15249382.397309432}, "geometry": {"type": "LineString", "coordinates": [[18.65744710012976, 54.39205315005069], [18.6573381, 54.39210229999999], [18.6572166, 54.39201159999999], [18.6570005, 54.39185179999999], [18.6546166, 54.3901214], [18.6542945, 54.38990810000001], [18.6540716, 54.389777499999994], [18.6540301, 54.3897532], [18.653684700000003, 54.389576], [18.6533736, 54.38943580000001], [18.651889, 54.388807099999994], [18.6511146, 54.3885062], [18.6508134, 54.3883948], [18.6507213, 54.388362099999995], [18.6501741705422, 54.38794028369756]]}}, {"type": "Feature", "properties": {"u": 48, "v": 311, "key": 0, "length": 303.3, "length_raw": 7382805.627510675}, "geometry": {"type": "LineString", "coordinates": [[18.65744710012976, 54.39205315005069], [18.6575561, 54.39200400000001], [18.6576734, 54.39194659999999], [18.6577489, 54.3919115], [18.6579013, 54.3918397], [18.6580361, 54.391776199999995], [18.6582253, 54.39168739999999], [18.6590467, 54.391301799999994], [18.659498500000005, 54.39109139999999], [18.6598697, 54.39091859999999], [18.6600815, 54.39081729999999], [18.6610998, 54.39034470000001]]}}, {"type": "Feature", "properties": {"u": 48, "v": 136, "key": 0, "length": 882.8, "length_raw": 17147816.062741403}, "geometry": {"type": "LineString", "coordinates": [[18.65744710012976, 54.39205315005069], [18.6575561, 54.39200400000001], [18.6577269, 54.39213289999999], [18.6578593, 54.392234699999996], [18.6579446, 54.39229799999998], [18.6591058, 54.3931406], [18.6602825, 54.39399099999999], [18.6627057, 54.3957444], [18.6634928, 54.39628619999999], [18.665018, 54.397391299999995], [18.6658081, 54.39797399999999], [18.665867, 54.3980175], [18.66587187767985, 54.398157257150494]]}}, {"type": "Feature", "properties": {"u": 49, "v": 217, "key": 0, "length": 310.4, "length_raw": 4710013.468894419}, "geometry": {"type": "LineString", "coordinates": [[18.646216200000005, 54.389839899999984], [18.645652, 54.39012619999998], [18.6453649, 54.3902794], [18.645116, 54.39041709999999], [18.6443995, 54.390819599999986], [18.642939, 54.39161910000001], [18.642705, 54.391740399999996]]}}, {"type": "Feature", "properties": {"u": 50, "v": 51, "key": 0, "length": 194.0, "length_raw": 14517111.636746492}, "geometry": {"type": "LineString", "coordinates": [[18.66562294968321, 54.338526250014255], [18.6655673, 54.338275599999996], [18.665544, 54.33816609999999], [18.6655082, 54.3380898], [18.6654353, 54.33802409999999], [18.6653538, 54.337994], [18.6652943, 54.33798159999999], [18.665144100000003, 54.337979499999996], [18.66441, 54.338042299999984], [18.6633723, 54.33813099999999]]}}, {"type": "Feature", "properties": {"u": 50, "v": 52, "key": 0, "length": 163.1, "length_raw": 16201676.196058156}, "geometry": {"type": "LineString", "coordinates": [[18.66562294968321, 54.338526250014255], [18.6656786, 54.338776899999985], [18.6657208, 54.3389421], [18.6659858, 54.3399778]]}}, {"type": "Feature", "properties": {"u": 51, "v": 50, "key": 0, "length": 194.0, "length_raw": 14517111.636746492}, "geometry": {"type": "LineString", "coordinates": [[18.6633723, 54.33813099999999], [18.66441, 54.338042299999984], [18.665144100000003, 54.337979499999996], [18.6652943, 54.33798159999999], [18.6653538, 54.337994], [18.6654353, 54.33802409999999], [18.6655082, 54.3380898], [18.665544, 54.33816609999999], [18.6655673, 54.338275599999996], [18.66562294968321, 54.338526250014255]]}}, {"type": "Feature", "properties": {"u": 51, "v": 53, "key": 0, "length": 215.5, "length_raw": 2728102.9819559637}, "geometry": {"type": "LineString", "coordinates": [[18.6633723, 54.33813099999999], [18.6619805, 54.3382619], [18.661926, 54.33826249999999], [18.6618276, 54.338249], [18.6617532, 54.3382153], [18.661049700000003, 54.337335899999985]]}}, {"type": "Feature", "properties": {"u": 52, "v": 212, "key": 0, "length": 234.0, "length_raw": 14981949.936619354}, "geometry": {"type": "LineString", "coordinates": [[18.6659858, 54.3399778], [18.6660131, 54.34001980000001], [18.6660705, 54.3400606], [18.6661586, 54.340091300000005], [18.666336, 54.3401144], [18.6667356, 54.34013890000001], [18.6686443, 54.340266199999995], [18.6687647, 54.3402741], [18.6691189, 54.3403011], [18.669351, 54.340335900000014], [18.6694622, 54.3403579]]}}, {"type": "Feature", "properties": {"u": 52, "v": 50, "key": 0, "length": 163.1, "length_raw": 16201676.196058156}, "geometry": {"type": "LineString", "coordinates": [[18.6659858, 54.3399778], [18.6657208, 54.3389421], [18.6656786, 54.338776899999985], [18.66562294968321, 54.338526250014255]]}}, {"type": "Feature", "properties": {"u": 53, "v": 51, "key": 0, "length": 215.5, "length_raw": 2728102.9819559637}, "geometry": {"type": "LineString", "coordinates": [[18.661049700000003, 54.337335899999985], [18.6617532, 54.3382153], [18.6618276, 54.338249], [18.661926, 54.33826249999999], [18.6619805, 54.3382619], [18.6633723, 54.33813099999999]]}}, {"type": "Feature", "properties": {"u": 53, "v": 71, "key": 0, "length": 77.6, "length_raw": 8375178.217356862}, "geometry": {"type": "LineString", "coordinates": [[18.661049700000003, 54.337335899999985], [18.660615900000003, 54.3367714], [18.660578, 54.3366957]]}}, {"type": "Feature", "properties": {"u": 54, "v": 55, "key": 0, "length": 367.2, "length_raw": 4055730.086102446}, "geometry": {"type": "LineString", "coordinates": [[18.64545060001657, 54.34636010000096], [18.6454388, 54.3464143], [18.6453782, 54.34667679999998], [18.6453627, 54.3468148], [18.6453589, 54.34699199999999], [18.6453639, 54.34718509999999], [18.6453862, 54.34735189999999], [18.6454892, 54.347849000000004], [18.6457475, 54.3488595], [18.6458623, 54.3493064], [18.645846728774377, 54.34963920256249]]}}, {"type": "Feature", "properties": {"u": 54, "v": 56, "key": 0, "length": 141.1, "length_raw": 14395150.599196054}, "geometry": {"type": "LineString", "coordinates": [[18.64545060001657, 54.34636010000096], [18.6454388, 54.3464143], [18.6455086, 54.34651289999999], [18.6455278, 54.346588], [18.6455689, 54.3467632], [18.6456279, 54.3472647], [18.6456359, 54.347332699999995], [18.645646500000005, 54.347422399999985], [18.645361624329798, 54.34752234342279]]}}, {"type": "Feature", "properties": {"u": 55, "v": 227, "key": 0, "length": 282.4, "length_raw": 11633088.507652089}, "geometry": {"type": "LineString", "coordinates": [[18.645846728774377, 54.34963920256249], [18.6460541, 54.3498846], [18.6460769, 54.34994329999999], [18.6460859, 54.3499661], [18.6461119, 54.3500326], [18.6462007, 54.3502602], [18.6463073, 54.3505333], [18.6463662, 54.35069750000001], [18.6463855, 54.3507514], [18.6464972, 54.351070299999996], [18.6466218, 54.351453199999995], [18.646646, 54.35152779999999], [18.6466782, 54.3516268], [18.6466916, 54.35175609999999], [18.646173639988643, 54.35194677456794]]}}, {"type": "Feature", "properties": {"u": 55, "v": 59, "key": 0, "length": 258.9, "length_raw": 8873073.644104188}, "geometry": {"type": "LineString", "coordinates": [[18.645846728774377, 54.34963920256249], [18.6456604, 54.34984729999999], [18.645625, 54.3498243], [18.6455235, 54.34972369999999], [18.6448368, 54.3487559], [18.6447874, 54.3486717], [18.6447099, 54.34851069999999], [18.644693500000002, 54.34844029999999], [18.6446784, 54.348263199999984], [18.6446854, 54.34815979999999], [18.6446158, 54.348133700000005], [18.6445283, 54.3481008], [18.6444543, 54.3480726], [18.6442667, 54.3480024]]}}, {"type": "Feature", "properties": {"u": 55, "v": 58, "key": 0, "length": 548.0, "length_raw": 8334460.196868637}, "geometry": {"type": "LineString", "coordinates": [[18.645846728774377, 54.34963920256249], [18.6456305, 54.34969759999999], [18.6454126, 54.34933699999999], [18.6450879, 54.3488671], [18.6450218, 54.3487675], [18.6449385, 54.3486335], [18.6448974, 54.34854889999999], [18.6448642, 54.3484539], [18.64485, 54.3483458], [18.6448557, 54.348258], [18.6448767, 54.34816889999999], [18.6449133, 54.348084099999994], [18.6449665, 54.3479991], [18.6450257, 54.3479281], [18.6451017, 54.3478548], [18.6451926, 54.3477835], [18.645307, 54.347712400000006], [18.6454587, 54.347642699999994], [18.6456312, 54.347578599999984], [18.6458264, 54.347533299999995], [18.6459918, 54.34750519999999], [18.6461932, 54.3474854], [18.6463991, 54.34747169999999], [18.6470719, 54.3474415], [18.647446600000002, 54.347415199999986], [18.6476941, 54.347390299999994], [18.6480076, 54.347350899999995], [18.6482388, 54.3473122], [18.6485272, 54.34724839999999], [18.6488022, 54.347179399999995], [18.6493482, 54.347034], [18.649071600253578, 54.34707305031987]]}}, {"type": "Feature", "properties": {"u": 55, "v": 57, "key": 0, "length": 405.6, "length_raw": 5627980.467140521}, "geometry": {"type": "LineString", "coordinates": [[18.645846728774377, 54.34963920256249], [18.6456305, 54.34969759999999], [18.6455866, 54.349486199999994], [18.6454004, 54.34898609999999], [18.6452318, 54.34859509999998], [18.6451502, 54.34838500000001], [18.6451029, 54.34822619999999], [18.6450748, 54.348089699999996], [18.6450565, 54.347874699999984], [18.6450561, 54.3477944], [18.6450584, 54.347615299999994], [18.6451014, 54.34733899999999], [18.6451413, 54.347075399999994], [18.6452745, 54.3464405], [18.6452995, 54.34623009999999]]}}, {"type": "Feature", "properties": {"u": 56, "v": 57, "key": 0, "length": 168.5, "length_raw": 15866384.004455393}, "geometry": {"type": "LineString", "coordinates": [[18.645361624329798, 54.34752234342279], [18.6448628, 54.3473944], [18.6448821, 54.347299699999986], [18.6450365, 54.3467192], [18.645150700000002, 54.3464255], [18.6452995, 54.34623009999999]]}}, {"type": "Feature", "properties": {"u": 56, "v": 55, "key": 0, "length": 244.2, "length_raw": 12679671.146824945}, "geometry": {"type": "LineString", "coordinates": [[18.645361624329798, 54.34752234342279], [18.6456713, 54.3477269], [18.6458659, 54.3486935], [18.645879, 54.3488473], [18.6459169, 54.349131299999996], [18.6458623, 54.3493064], [18.645846728774377, 54.34963920256249]]}}, {"type": "Feature", "properties": {"u": 56, "v": 58, "key": 0, "length": 248.1, "length_raw": 5820489.386800682}, "geometry": {"type": "LineString", "coordinates": [[18.645361624329798, 54.34752234342279], [18.645646500000005, 54.347422399999985], [18.6459979, 54.347410599999996], [18.6469029, 54.3473662], [18.6472855, 54.3473447], [18.6476657, 54.34731299999999], [18.6480842, 54.34725679999999], [18.648795, 54.347112100000004], [18.649071600253578, 54.34707305031987]]}}, {"type": "Feature", "properties": {"u": 56, "v": 59, "key": 0, "length": 115.7, "length_raw": 9569591.985723788}, "geometry": {"type": "LineString", "coordinates": [[18.645361624329798, 54.34752234342279], [18.6455488, 54.3477434], [18.6454123, 54.3477647], [18.645344500000004, 54.347774599999994], [18.6452385, 54.347790100000005], [18.645128000000003, 54.3478062], [18.6448715, 54.34784460000001], [18.6447439, 54.347874399999995], [18.6445684, 54.34791919999999], [18.6444675, 54.34794539999999], [18.6442667, 54.3480024]]}}, {"type": "Feature", "properties": {"u": 57, "v": 60, "key": 0, "length": 127.5, "length_raw": 13370164.127957528}, "geometry": {"type": "LineString", "coordinates": [[18.6452995, 54.34623009999999], [18.6453152, 54.34601899999999], [18.6453109, 54.3458283], [18.6452598, 54.3454223], [18.6452507, 54.34535079999999], [18.6452269, 54.345135000000006], [18.645142393823498, 54.34513664620249]]}}, {"type": "Feature", "properties": {"u": 58, "v": 306, "key": 0, "length": 130.4, "length_raw": 6738857.6438627215}, "geometry": {"type": "LineString", "coordinates": [[18.649071600253578, 54.34707305031987], [18.6493482, 54.347034], [18.649568, 54.3469759], [18.650919, 54.3466153]]}}, {"type": "Feature", "properties": {"u": 59, "v": 304, "key": 0, "length": 102.4, "length_raw": 9021923.472849237}, "geometry": {"type": "LineString", "coordinates": [[18.6442667, 54.3480024], [18.6441692, 54.348026399999995], [18.6438825, 54.34809669999999], [18.6437066, 54.3481289], [18.643524700000004, 54.348155899999995], [18.6433207, 54.348176699999996], [18.6429796, 54.3481992], [18.6429147, 54.34820239999999], [18.6428773, 54.3482045], [18.6427402, 54.3482121]]}}, {"type": "Feature", "properties": {"u": 60, "v": 54, "key": 0, "length": 153.9, "length_raw": 14664673.785288468}, "geometry": {"type": "LineString", "coordinates": [[18.645142393823498, 54.34513664620249], [18.645403500000004, 54.34513149999999], [18.645435, 54.3453426], [18.6454457, 54.345402], [18.645476, 54.34566840000001], [18.6454944, 54.3459281], [18.6454968, 54.346042299999986], [18.645487, 54.3461763], [18.6454624, 54.3463059], [18.64545060001657, 54.34636010000096]]}}, {"type": "Feature", "properties": {"u": 60, "v": 295, "key": 0, "length": 162.9, "length_raw": 10568240.769485233}, "geometry": {"type": "LineString", "coordinates": [[18.645142393823498, 54.34513664620249], [18.645403500000004, 54.34513149999999], [18.6457134, 54.34512509999999], [18.6458335, 54.3451228], [18.6462599, 54.3451048], [18.6464929, 54.34507979999999], [18.6472218, 54.344946699999994], [18.6475884, 54.344863999999994]]}}, {"type": "Feature", "properties": {"u": 60, "v": 84, "key": 0, "length": 394.9, "length_raw": 1773298.9881736771}, "geometry": {"type": "LineString", "coordinates": [[18.645142393823498, 54.34513664620249], [18.6452269, 54.345135000000006], [18.6452106, 54.3449659], [18.6451991, 54.344851299999995], [18.645178, 54.344640799999986], [18.6451671, 54.34453129999999], [18.6451321, 54.34435199999999], [18.6450867, 54.3442166], [18.6450617, 54.34415719999999], [18.6449538, 54.34395489999999], [18.6448018, 54.34374960000001], [18.6445763, 54.343524800000004], [18.6437722, 54.34290270000001], [18.6433583, 54.3425828], [18.643026, 54.3423302], [18.6428784, 54.3421963], [18.64261785798485, 54.34226040405341]]}}, {"type": "Feature", "properties": {"u": 60, "v": 74, "key": 0, "length": 1045.5, "length_raw": 11951381.41134973}, "geometry": {"type": "LineString", "coordinates": [[18.645142393823498, 54.34513664620249], [18.6448804, 54.34514180000001], [18.6449048, 54.34528219999999], [18.6449183, 54.34535969999999], [18.6449427, 54.3455538], [18.6449457, 54.34570790000001], [18.644936000000005, 54.34587529999999], [18.644917, 54.34603669999999], [18.6448812, 54.346206099999996], [18.644768, 54.34666899999999], [18.644702, 54.3468549], [18.6446501, 54.34696629999999], [18.6445623, 54.3471241], [18.6444974, 54.3472204], [18.6444677, 54.347264499999994], [18.644018, 54.347987999999994], [18.6438523, 54.3482319], [18.6437226, 54.3484296], [18.6436362, 54.348561200000006], [18.6434836, 54.3488401], [18.6433108, 54.34916810000001], [18.6431824, 54.3494539], [18.6430866, 54.349722], [18.643046, 54.3499235], [18.643015, 54.350077599999985], [18.6429932, 54.35029600000001], [18.6429606, 54.35061449999999], [18.6429436, 54.350772499999984], [18.6429482, 54.350884099999995], [18.6429587, 54.351022699999994], [18.6430041, 54.3512796], [18.643091500000004, 54.35162629999999], [18.6431456, 54.3517893], [18.6432229, 54.3519878], [18.643242300000004, 54.3520485], [18.6433236, 54.352258], [18.6434065, 54.3524403], [18.643482000000002, 54.35258710000001], [18.6435661, 54.352712], [18.6438679, 54.353070499999994], [18.6439591, 54.3531899], [18.6440069, 54.35326189999999], [18.644093, 54.35341799999999], [18.6441416, 54.35355650000002], [18.6441943, 54.35374959999999], [18.644772681395974, 54.353874207650115]]}}, {"type": "Feature", "properties": {"u": 60, "v": 192, "key": 0, "length": 401.8, "length_raw": 4353125.805186791}, "geometry": {"type": "LineString", "coordinates": [[18.645142393823498, 54.34513664620249], [18.6448804, 54.34514180000001], [18.6448347, 54.3449357], [18.6446139, 54.34411510000001], [18.6445783, 54.3439239], [18.6445659, 54.3438378], [18.6445253, 54.3435619], [18.6445329, 54.343438199999994], [18.644565200000002, 54.34335540000001], [18.6446253, 54.3432711], [18.6447008, 54.3431983], [18.6447712, 54.34313720000001], [18.6448839, 54.34306779999999], [18.6450164, 54.3430012], [18.6451433, 54.34295249999999], [18.6452614, 54.3429183], [18.6454228, 54.34288229999999], [18.645540200000003, 54.3428717], [18.6457899, 54.342853100000006], [18.64691284032251, 54.34253415785603]]}}, {"type": "Feature", "properties": {"u": 61, "v": 62, "key": 0, "length": 206.9, "length_raw": 6672552.2082657665}, "geometry": {"type": "LineString", "coordinates": [[18.6552802, 54.403012399999994], [18.6547633, 54.4032375], [18.6546144, 54.403303799999996], [18.6541208, 54.403523699999994], [18.6539283, 54.4036085], [18.6528905, 54.404065599999996], [18.6527968, 54.4041069], [18.652772700027327, 54.40415235000282]]}}, {"type": "Feature", "properties": {"u": 61, "v": 63, "key": 0, "length": 203.1, "length_raw": 5246796.350775537}, "geometry": {"type": "LineString", "coordinates": [[18.6552802, 54.403012399999994], [18.6564741, 54.40249260000001], [18.6575748, 54.40201329999999], [18.657794500494248, 54.4019203502056]]}}, {"type": "Feature", "properties": {"u": 62, "v": 61, "key": 0, "length": 206.9, "length_raw": 6672552.2082657665}, "geometry": {"type": "LineString", "coordinates": [[18.652772700027327, 54.40415235000282], [18.6527968, 54.4041069], [18.6528905, 54.404065599999996], [18.6539283, 54.4036085], [18.6541208, 54.403523699999994], [18.6546144, 54.403303799999996], [18.6547633, 54.4032375], [18.6552802, 54.403012399999994]]}}, {"type": "Feature", "properties": {"u": 63, "v": 61, "key": 0, "length": 203.1, "length_raw": 5246796.350775537}, "geometry": {"type": "LineString", "coordinates": [[18.657794500494248, 54.4019203502056], [18.6575748, 54.40201329999999], [18.6564741, 54.40249260000001], [18.6552802, 54.403012399999994]]}}, {"type": "Feature", "properties": {"u": 63, "v": 64, "key": 0, "length": 424.8, "length_raw": 10061525.204114677}, "geometry": {"type": "LineString", "coordinates": [[18.657794500494248, 54.4019203502056], [18.6580142, 54.40182739999999], [18.6580774, 54.4018005], [18.658139, 54.4017741], [18.6582048, 54.401745999999996], [18.6582993, 54.4017056], [18.6586002, 54.40157690000001], [18.6587384, 54.4015168], [18.660639200000002, 54.4006907], [18.6610164, 54.40053019999999], [18.6612471, 54.40043199999999], [18.6613294, 54.40039600000001], [18.661433, 54.4003497], [18.6619137, 54.4001298], [18.662369600000005, 54.399928900000006], [18.6629051, 54.39969289999999], [18.6630474, 54.39963]]}}, {"type": "Feature", "properties": {"u": 64, "v": 63, "key": 0, "length": 424.8, "length_raw": 10061525.204114677}, "geometry": {"type": "LineString", "coordinates": [[18.6630474, 54.39963], [18.6629051, 54.39969289999999], [18.662369600000005, 54.399928900000006], [18.6619137, 54.4001298], [18.661433, 54.4003497], [18.6613294, 54.40039600000001], [18.6612471, 54.40043199999999], [18.6610164, 54.40053019999999], [18.660639200000002, 54.4006907], [18.6587384, 54.4015168], [18.6586002, 54.40157690000001], [18.6582993, 54.4017056], [18.6582048, 54.401745999999996], [18.658139, 54.4017741], [18.6580774, 54.4018005], [18.6580142, 54.40182739999999], [18.657794500494248, 54.4019203502056]]}}, {"type": "Feature", "properties": {"u": 64, "v": 139, "key": 0, "length": 95.6, "length_raw": 6609149.714988774}, "geometry": {"type": "LineString", "coordinates": [[18.6630474, 54.39963], [18.6631542, 54.399573999999994], [18.6641233, 54.39904080000001]]}}, {"type": "Feature", "properties": {"u": 65, "v": 66, "key": 0, "length": 269.0, "length_raw": 10125779.80342824}, "geometry": {"type": "LineString", "coordinates": [[18.6225262, 54.39212280000001], [18.6225428, 54.3922428], [18.6225314, 54.3923125], [18.6224816, 54.3925175], [18.6224758, 54.3936598], [18.622499, 54.393797799999994], [18.6224922, 54.3943346], [18.622492, 54.39437469999999], [18.6224914, 54.394422799999994], [18.6224901, 54.394538399999995]]}}, {"type": "Feature", "properties": {"u": 66, "v": 67, "key": 0, "length": 309.5, "length_raw": 5932176.795302774}, "geometry": {"type": "LineString", "coordinates": [[18.6224901, 54.394538399999995], [18.6224889, 54.3946635], [18.6224848, 54.3955317], [18.6225073, 54.3957262], [18.6225001, 54.3960049], [18.6224991, 54.3962165], [18.622498, 54.39647070000001], [18.6224937, 54.39657859999999], [18.6224731, 54.3967012], [18.6224684, 54.397177799999994], [18.622321548610053, 54.397291840748956]]}}, {"type": "Feature", "properties": {"u": 67, "v": 166, "key": 0, "length": 251.1, "length_raw": 13859110.799427059}, "geometry": {"type": "LineString", "coordinates": [[18.622321548610053, 54.397291840748956], [18.6224664, 54.39740359999999], [18.6224497, 54.39908379999999], [18.6224502, 54.39913850000001], [18.622449, 54.39943099999999], [18.622299449899607, 54.399404100091694]]}}, {"type": "Feature", "properties": {"u": 67, "v": 167, "key": 0, "length": 309.4, "length_raw": 6313001.777004067}, "geometry": {"type": "LineString", "coordinates": [[18.622321548610053, 54.397291840748956], [18.6221774, 54.39718119999999], [18.622176, 54.39682470000001], [18.6221784, 54.3966082], [18.6221798, 54.3964725], [18.6221828, 54.3960487], [18.6221922, 54.394943], [18.622195, 54.39470749999999], [18.6221955, 54.3946606], [18.622197, 54.394538]]}}, {"type": "Feature", "properties": {"u": 68, "v": 69, "key": 0, "length": 558.7, "length_raw": 2097220.524243693}, "geometry": {"type": "LineString", "coordinates": [[18.6850218, 54.369557500000006], [18.6883438, 54.36492049999999]]}}, {"type": "Feature", "properties": {"u": 69, "v": 70, "key": 0, "length": 412.7, "length_raw": 16267457.634769917}, "geometry": {"type": "LineString", "coordinates": [[18.6883438, 54.36492049999999], [18.6893196, 54.36422090000001], [18.6897814, 54.3634453], [18.6906124, 54.362055999999995], [18.6907859, 54.361766499999995], [18.69078360000387, 54.36155500000334]]}}, {"type": "Feature", "properties": {"u": 70, "v": 94, "key": 0, "length": 185.1, "length_raw": 15950724.230506856}, "geometry": {"type": "LineString", "coordinates": [[18.69078360000387, 54.36155500000334], [18.6907813, 54.361343500000004], [18.6908766, 54.3611312], [18.6912852, 54.36025480000001], [18.6913139, 54.3601941], [18.691364, 54.3600851], [18.69145135030446, 54.35994450003611]]}}, {"type": "Feature", "properties": {"u": 70, "v": 297, "key": 0, "length": 384.4, "length_raw": 12634400.09785513}, "geometry": {"type": "LineString", "coordinates": [[18.69078360000387, 54.36155500000334], [18.6907859, 54.361766499999995], [18.6916485, 54.3603237], [18.691983000000004, 54.3597637], [18.6926422, 54.3587066]]}}, {"type": "Feature", "properties": {"u": 71, "v": 53, "key": 0, "length": 77.6, "length_raw": 8375178.217356862}, "geometry": {"type": "LineString", "coordinates": [[18.660578, 54.3366957], [18.660615900000003, 54.3367714], [18.661049700000003, 54.337335899999985]]}}, {"type": "Feature", "properties": {"u": 71, "v": 204, "key": 0, "length": 218.2, "length_raw": 8134519.896706201}, "geometry": {"type": "LineString", "coordinates": [[18.660578, 54.3366957], [18.6603615, 54.336475], [18.6603219, 54.33644219999999], [18.6602756, 54.3364148], [18.6602354, 54.336398800000005], [18.66017, 54.3363822], [18.6601147, 54.3363793], [18.6600309, 54.336378499999995], [18.6598988, 54.33639329999999], [18.6597793, 54.33641759999998], [18.6590812, 54.3366283], [18.6590677, 54.336631600000004], [18.6590311, 54.336640499999994], [18.6589773, 54.33664460000001], [18.6589236, 54.336640199999984], [18.6588738, 54.3366277], [18.6588315, 54.336607900000004], [18.6587997, 54.33658220000001], [18.6587807, 54.33655259999999], [18.6587636, 54.3364658], [18.6587399, 54.336345], [18.658731400000004, 54.3363077], [18.6586414, 54.335911]]}}, {"type": "Feature", "properties": {"u": 72, "v": 41, "key": 0, "length": 259.8, "length_raw": 7277760.603409419}, "geometry": {"type": "LineString", "coordinates": [[18.64810771718355, 54.35946526807476], [18.6474271, 54.358997499999994], [18.6469433, 54.3583219], [18.6468391, 54.3581972], [18.6467708, 54.35815109999999], [18.6466938, 54.3581159], [18.64664, 54.35809859999999], [18.646578000000005, 54.358085499999994], [18.6465061, 54.3580763], [18.6463587, 54.35806409999999], [18.646198, 54.35804980000001], [18.646348092260514, 54.35762312202586]]}}, {"type": "Feature", "properties": {"u": 72, "v": 117, "key": 0, "length": 182.7, "length_raw": 12662658.325725412}, "geometry": {"type": "LineString", "coordinates": [[18.64810771718355, 54.35946526807476], [18.6478661, 54.3601439], [18.6473243, 54.3606355], [18.6471763, 54.3607552], [18.64695680094949, 54.36093220021156]]}}, {"type": "Feature", "properties": {"u": 72, "v": 118, "key": 0, "length": 182.0, "length_raw": 12243588.849146234}, "geometry": {"type": "LineString", "coordinates": [[18.64810771718355, 54.35946526807476], [18.6488869, 54.359293900000004], [18.6490001, 54.3591908], [18.6492863, 54.3589446], [18.6493271, 54.3589095], [18.6493623, 54.35887900000001], [18.6493899, 54.35885300000001], [18.649414, 54.3588268], [18.649440000000002, 54.3587947], [18.6494689, 54.35875879999999], [18.6494942, 54.35872640000001], [18.6495183, 54.3586991], [18.6495476, 54.358671199999996], [18.6495795, 54.358643699999995], [18.6498613, 54.3584017], [18.6499075, 54.3583622], [18.649952, 54.35832619999999]]}}, {"type": "Feature", "properties": {"u": 73, "v": 41, "key": 0, "length": 153.6, "length_raw": 10354322.30419441}, "geometry": {"type": "LineString", "coordinates": [[18.6478706, 54.3565768], [18.6476344, 54.3567773], [18.6474531, 54.356931100000004], [18.6470966, 54.357233699999995], [18.646348092260514, 54.35762312202586]]}}, {"type": "Feature", "properties": {"u": 73, "v": 5, "key": 0, "length": 110.7, "length_raw": 11572575.568388842}, "geometry": {"type": "LineString", "coordinates": [[18.6478706, 54.3565768], [18.6483242, 54.3561913], [18.6486978, 54.35587119999999], [18.6488249, 54.355750699999994]]}}, {"type": "Feature", "properties": {"u": 74, "v": 191, "key": 0, "length": 117.6, "length_raw": 9630219.844711335}, "geometry": {"type": "LineString", "coordinates": [[18.644772681395974, 54.353874207650115], [18.645034, 54.353920200000005], [18.645032, 54.353832999999995], [18.6450437, 54.3537358], [18.6450679, 54.3536416], [18.6450955, 54.353548999999994], [18.6451332, 54.353455000000004], [18.6451855, 54.3533473], [18.6452732, 54.35321839999999], [18.645388, 54.353054199999995]]}}, {"type": "Feature", "properties": {"u": 74, "v": 60, "key": 0, "length": 1045.5, "length_raw": 11951381.41134973}, "geometry": {"type": "LineString", "coordinates": [[18.644772681395974, 54.353874207650115], [18.6441943, 54.35374959999999], [18.6441416, 54.35355650000002], [18.644093, 54.35341799999999], [18.6440069, 54.35326189999999], [18.6439591, 54.3531899], [18.6438679, 54.353070499999994], [18.6435661, 54.352712], [18.643482000000002, 54.35258710000001], [18.6434065, 54.3524403], [18.6433236, 54.352258], [18.643242300000004, 54.3520485], [18.6432229, 54.3519878], [18.6431456, 54.3517893], [18.643091500000004, 54.35162629999999], [18.6430041, 54.3512796], [18.6429587, 54.351022699999994], [18.6429482, 54.350884099999995], [18.6429436, 54.350772499999984], [18.6429606, 54.35061449999999], [18.6429932, 54.35029600000001], [18.643015, 54.350077599999985], [18.643046, 54.3499235], [18.6430866, 54.349722], [18.6431824, 54.3494539], [18.6433108, 54.34916810000001], [18.6434836, 54.3488401], [18.6436362, 54.348561200000006], [18.6437226, 54.3484296], [18.6438523, 54.3482319], [18.644018, 54.347987999999994], [18.6444677, 54.347264499999994], [18.6444974, 54.3472204], [18.6445623, 54.3471241], [18.6446501, 54.34696629999999], [18.644702, 54.3468549], [18.644768, 54.34666899999999], [18.6448812, 54.346206099999996], [18.644917, 54.34603669999999], [18.644936000000005, 54.34587529999999], [18.6449457, 54.34570790000001], [18.6449427, 54.3455538], [18.6449183, 54.34535969999999], [18.6449048, 54.34528219999999], [18.6448804, 54.34514180000001], [18.645142393823498, 54.34513664620249]]}}, {"type": "Feature", "properties": {"u": 74, "v": 41, "key": 0, "length": 459.4, "length_raw": 12411126.485149814}, "geometry": {"type": "LineString", "coordinates": [[18.644772681395974, 54.353874207650115], [18.6454113, 54.35391559999999], [18.6454473, 54.354088], [18.6455342, 54.35443079999999], [18.6455702, 54.3545724], [18.6455829, 54.3546204], [18.6456187, 54.35476369999999], [18.6456677, 54.3549569], [18.6457076, 54.35511429999998], [18.6457516, 54.3552875], [18.6457803, 54.35540079999999], [18.6458028, 54.35548929999999], [18.6458621, 54.3557232], [18.6460165, 54.35633579999999], [18.6460477, 54.35644789999999], [18.6460842, 54.3565788], [18.6461593, 54.35679720000001], [18.6462031, 54.3569036], [18.6462979, 54.3571212], [18.6463722, 54.3572687], [18.646348092260514, 54.35762312202586]]}}, {"type": "Feature", "properties": {"u": 75, "v": 76, "key": 0, "length": 139.2, "length_raw": 15455906.436296867}, "geometry": {"type": "LineString", "coordinates": [[18.64191838376369, 54.351714748098], [18.6418728, 54.3511624], [18.6418384, 54.3508769], [18.6418074, 54.35061339999999], [18.6417966, 54.35051000000001], [18.641791800000004, 54.35046469999999]]}}, {"type": "Feature", "properties": {"u": 75, "v": 77, "key": 0, "length": 112.5, "length_raw": 1981103.7553844845}, "geometry": {"type": "LineString", "coordinates": [[18.64191838376369, 54.351714748098], [18.6420002, 54.3516964], [18.6421472, 54.351708599999995], [18.642204000000003, 54.35171330000001], [18.6422383, 54.3517162], [18.642355700000003, 54.3517258], [18.642463100000004, 54.35173509999999], [18.642665, 54.351744799999985], [18.6429803, 54.3517542], [18.643242600000004, 54.351762099999995], [18.6434692, 54.351766900000015], [18.6436416, 54.3517706]]}}, {"type": "Feature", "properties": {"u": 75, "v": 78, "key": 0, "length": 202.4, "length_raw": 4493251.139656872}, "geometry": {"type": "LineString", "coordinates": [[18.64191838376369, 54.351714748098], [18.6417422, 54.35178080000001], [18.6415149, 54.3517592], [18.6414268, 54.3517508], [18.6410851, 54.351717699999995], [18.6405264, 54.3516635], [18.6399249, 54.35160509999999], [18.6397406, 54.35158799999999], [18.638867200000004, 54.35150240000001]]}}, {"type": "Feature", "properties": {"u": 75, "v": 79, "key": 0, "length": 726.1, "length_raw": 3054741.2726601283}, "geometry": {"type": "LineString", "coordinates": [[18.64191838376369, 54.351714748098], [18.6420446, 54.35224830000001], [18.6420745, 54.35234909999999], [18.642137800000004, 54.352649099999994], [18.6422454, 54.353186999999984], [18.64228, 54.35336039999999], [18.6423136, 54.35348609999999], [18.6424879, 54.353875], [18.6425555, 54.3540109], [18.6427063, 54.35425800000001], [18.6429452, 54.354587099999996], [18.643006500000002, 54.35469059999999], [18.6430423, 54.35476589999998], [18.6430646, 54.354847], [18.6430737, 54.354952000000004], [18.6430844, 54.35521699999999], [18.6431596, 54.3563501], [18.64319, 54.3566414], [18.6432025, 54.3567857], [18.643240100000003, 54.35702259999999], [18.6432764, 54.3572696], [18.6434032, 54.35797410000001], [18.6434125, 54.3581496]]}}, {"type": "Feature", "properties": {"u": 76, "v": 80, "key": 0, "length": 122.3, "length_raw": 13253731.36566324}, "geometry": {"type": "LineString", "coordinates": [[18.641791800000004, 54.35046469999999], [18.6417401, 54.3503163], [18.6417029, 54.350075000000004], [18.64168, 54.3499555], [18.641617, 54.34974429999999], [18.6415798, 54.3495715], [18.6415697, 54.34946479999999], [18.641574800014116, 54.34937445000085]]}}, {"type": "Feature", "properties": {"u": 76, "v": 75, "key": 0, "length": 139.2, "length_raw": 15455906.436296867}, "geometry": {"type": "LineString", "coordinates": [[18.641791800000004, 54.35046469999999], [18.6417966, 54.35051000000001], [18.6418074, 54.35061339999999], [18.6418384, 54.3508769], [18.6418728, 54.3511624], [18.64191838376369, 54.351714748098]]}}, {"type": "Feature", "properties": {"u": 77, "v": 227, "key": 0, "length": 183.6, "length_raw": 574296.8586832992}, "geometry": {"type": "LineString", "coordinates": [[18.6436416, 54.3517706], [18.6443363, 54.35178379999999], [18.6446094, 54.35178799999999], [18.6448676, 54.35179110000001], [18.6449895, 54.351790199999996], [18.645106, 54.3517879], [18.6452603, 54.35178139999999], [18.6454118, 54.351770300000005], [18.6456439, 54.3517471], [18.645797, 54.351729899999995], [18.6460253, 54.351706699999994], [18.646173639988643, 54.35194677456794]]}}, {"type": "Feature", "properties": {"u": 78, "v": 243, "key": 0, "length": 123.2, "length_raw": 7138642.122168846}, "geometry": {"type": "LineString", "coordinates": [[18.638867200000004, 54.35150240000001], [18.6384247, 54.35145659999999], [18.6381602, 54.351437399999995], [18.6375851, 54.3514015], [18.6374829, 54.3513947], [18.6370889, 54.351355], [18.637113950036685, 54.351296600003195]]}}, {"type": "Feature", "properties": {"u": 79, "v": 75, "key": 0, "length": 726.1, "length_raw": 3054741.2726601283}, "geometry": {"type": "LineString", "coordinates": [[18.6434125, 54.3581496], [18.6434032, 54.35797410000001], [18.6432764, 54.3572696], [18.643240100000003, 54.35702259999999], [18.6432025, 54.3567857], [18.64319, 54.3566414], [18.6431596, 54.3563501], [18.6430844, 54.35521699999999], [18.6430737, 54.354952000000004], [18.6430646, 54.354847], [18.6430423, 54.35476589999998], [18.643006500000002, 54.35469059999999], [18.6429452, 54.354587099999996], [18.6427063, 54.35425800000001], [18.6425555, 54.3540109], [18.6424879, 54.353875], [18.6423136, 54.35348609999999], [18.64228, 54.35336039999999], [18.6422454, 54.353186999999984], [18.642137800000004, 54.352649099999994], [18.6420745, 54.35234909999999], [18.6420446, 54.35224830000001], [18.64191838376369, 54.351714748098]]}}, {"type": "Feature", "properties": {"u": 79, "v": 38, "key": 0, "length": 455.5, "length_raw": 5054946.337499976}, "geometry": {"type": "LineString", "coordinates": [[18.6434125, 54.3581496], [18.643576, 54.358269799999995], [18.6436323, 54.358331799999995], [18.6436821, 54.358395], [18.6437715, 54.3585854], [18.6438022, 54.3587157], [18.6438377, 54.358961799999996], [18.6438634, 54.359215600000006], [18.6438479, 54.3596837], [18.6437899, 54.3604564], [18.6437871, 54.360488700000005], [18.6437404, 54.36063909999999], [18.6436873, 54.3607306], [18.6435976, 54.3608278], [18.6435085, 54.360912], [18.6433057, 54.36109009999999], [18.6432778, 54.3611213], [18.643119, 54.361299], [18.6430783, 54.361348199999995], [18.6428208, 54.3614531], [18.64207509378811, 54.361110807226375]]}}, {"type": "Feature", "properties": {"u": 79, "v": 42, "key": 0, "length": 232.7, "length_raw": 15269489.030914553}, "geometry": {"type": "LineString", "coordinates": [[18.6434125, 54.3581496], [18.6433673, 54.35831009999999], [18.6432918, 54.35843359999999], [18.6432001, 54.3585348], [18.643091500000004, 54.3586215], [18.6428989, 54.35872500000001], [18.642592400000005, 54.35883609999999], [18.6419556, 54.3590525], [18.641692, 54.359156500000005], [18.6414793, 54.35929019999998], [18.6413642, 54.3593806], [18.6412676, 54.3594918], [18.6411791, 54.3596634]]}}, {"type": "Feature", "properties": {"u": 80, "v": 17, "key": 0, "length": 124.0, "length_raw": 13647152.657569777}, "geometry": {"type": "LineString", "coordinates": [[18.641574800014116, 54.34937445000085], [18.6415799, 54.34928409999999], [18.6415949, 54.34914369999999], [18.6416052, 54.34904809999999], [18.6416373, 54.348582300000004], [18.641521647259008, 54.348267033488156]]}}, {"type": "Feature", "properties": {"u": 81, "v": 82, "key": 0, "length": 79.9, "length_raw": 8790593.278245786}, "geometry": {"type": "LineString", "coordinates": [[18.6357358, 54.334870599999995], [18.6356612, 54.334686899999994], [18.6354554, 54.334171100000006]]}}, {"type": "Feature", "properties": {"u": 81, "v": 83, "key": 0, "length": 731.7, "length_raw": 10651006.020904161}, "geometry": {"type": "LineString", "coordinates": [[18.6357358, 54.334870599999995], [18.6358741, 54.33511510000001], [18.6360057, 54.33531419999999], [18.6362137, 54.33558819999999], [18.6362801, 54.33567200000001], [18.636374, 54.3357955], [18.6364195, 54.335855300000006], [18.636492, 54.335947699999984], [18.636515, 54.3359771], [18.6368931, 54.3364693], [18.6372152, 54.336888599999995], [18.6376607, 54.3374685], [18.6377516, 54.337585499999996], [18.6379709, 54.33784349999999], [18.6382125, 54.3380844], [18.6384178, 54.3382644], [18.638608, 54.3384254], [18.6387734, 54.33856409999999], [18.639261, 54.33897470000001], [18.6396113, 54.339273399999996], [18.6397, 54.3393472], [18.6399707, 54.3395727], [18.6402865, 54.3398379], [18.6405209, 54.3400347], [18.6407775, 54.3402488], [18.640997800000005, 54.34043450000001], [18.6411969, 54.3405934]]}}, {"type": "Feature", "properties": {"u": 82, "v": 81, "key": 0, "length": 79.9, "length_raw": 8790593.278245786}, "geometry": {"type": "LineString", "coordinates": [[18.6354554, 54.334171100000006], [18.6356612, 54.334686899999994], [18.6357358, 54.334870599999995]]}}, {"type": "Feature", "properties": {"u": 82, "v": 30, "key": 0, "length": 123.7, "length_raw": 12845089.400213046}, "geometry": {"type": "LineString", "coordinates": [[18.6354554, 54.334171100000006], [18.6353592, 54.33390920000001], [18.6352564, 54.33358030000001], [18.6351911, 54.333368199999995], [18.635054400000005, 54.3330847]]}}, {"type": "Feature", "properties": {"u": 83, "v": 84, "key": 0, "length": 241.2, "length_raw": 17711898.922464848}, "geometry": {"type": "LineString", "coordinates": [[18.6411969, 54.3405934], [18.641395, 54.3406674], [18.6416202, 54.340814599999995], [18.6418428, 54.340981299999996], [18.6419501, 54.34106609999999], [18.6421533, 54.341246], [18.6423839, 54.3414834], [18.6425135, 54.341615899999994], [18.6426883, 54.3417946], [18.6428446, 54.3419558], [18.6428997, 54.34201309999999], [18.6430302, 54.342150000000004], [18.64261785798485, 54.34226040405341]]}}, {"type": "Feature", "properties": {"u": 83, "v": 81, "key": 0, "length": 731.7, "length_raw": 10651006.020904161}, "geometry": {"type": "LineString", "coordinates": [[18.6411969, 54.3405934], [18.640997800000005, 54.34043450000001], [18.6407775, 54.3402488], [18.6405209, 54.3400347], [18.6402865, 54.3398379], [18.6399707, 54.3395727], [18.6397, 54.3393472], [18.6396113, 54.339273399999996], [18.639261, 54.33897470000001], [18.6387734, 54.33856409999999], [18.638608, 54.3384254], [18.6384178, 54.3382644], [18.6382125, 54.3380844], [18.6379709, 54.33784349999999], [18.6377516, 54.337585499999996], [18.6376607, 54.3374685], [18.6372152, 54.336888599999995], [18.6368931, 54.3364693], [18.636515, 54.3359771], [18.636492, 54.335947699999984], [18.6364195, 54.335855300000006], [18.636374, 54.3357955], [18.6362801, 54.33567200000001], [18.6362137, 54.33558819999999], [18.6360057, 54.33531419999999], [18.6358741, 54.33511510000001], [18.6357358, 54.334870599999995]]}}, {"type": "Feature", "properties": {"u": 84, "v": 222, "key": 0, "length": 269.1, "length_raw": 16956468.361876473}, "geometry": {"type": "LineString", "coordinates": [[18.64261785798485, 54.34226040405341], [18.6421944, 54.3423704], [18.6419338, 54.34206469999999], [18.6418662, 54.342000999999996], [18.641791000000005, 54.34193509999999], [18.6416414, 54.341804100000004], [18.6413979, 54.3415896], [18.6412443, 54.34145440000001], [18.6405172, 54.3408289], [18.6403943, 54.3407299], [18.6402825, 54.3406508], [18.6401741, 54.3405768]]}}, {"type": "Feature", "properties": {"u": 84, "v": 279, "key": 0, "length": 128.5, "length_raw": 10837101.023133978}, "geometry": {"type": "LineString", "coordinates": [[18.64261785798485, 54.34226040405341], [18.6428784, 54.3421963], [18.6427417, 54.3420642], [18.6426995, 54.342022499999985], [18.6424357, 54.3417548], [18.6423892, 54.34170749999999], [18.6420282, 54.3413388]]}}, {"type": "Feature", "properties": {"u": 84, "v": 60, "key": 0, "length": 421.7, "length_raw": 1773298.9881736771}, "geometry": {"type": "LineString", "coordinates": [[18.64261785798485, 54.34226040405341], [18.6430302, 54.342150000000004], [18.6432947, 54.3423798], [18.6446723, 54.343445499999994], [18.6448572, 54.34361229999999], [18.6450579, 54.343867199999984], [18.6451796, 54.3440759], [18.6452198, 54.344167600000006], [18.6452826, 54.3443567], [18.645362, 54.34486619999999], [18.6453692, 54.3449144], [18.645403500000004, 54.34513149999999], [18.645142393823498, 54.34513664620249]]}}, {"type": "Feature", "properties": {"u": 85, "v": 86, "key": 0, "length": 86.2, "length_raw": 6546247.531338865}, "geometry": {"type": "LineString", "coordinates": [[18.679788800000004, 54.3457495], [18.6796565, 54.345730199999984], [18.6784922, 54.345577899999995]]}}, {"type": "Feature", "properties": {"u": 85, "v": 87, "key": 0, "length": 281.8, "length_raw": 15853325.053831985}, "geometry": {"type": "LineString", "coordinates": [[18.679788800000004, 54.3457495], [18.6798814, 54.34576899999998], [18.6799047, 54.34577399999999], [18.6800219, 54.345801999999985], [18.6800657, 54.34581420000001], [18.680133800000004, 54.34584300000001], [18.6801649, 54.34586590000001], [18.680307300000003, 54.34598630000001], [18.6806221, 54.3462526], [18.6808838, 54.34647389999999], [18.6823753, 54.3477497]]}}, {"type": "Feature", "properties": {"u": 86, "v": 88, "key": 0, "length": 63.7, "length_raw": 6072840.559039458}, "geometry": {"type": "LineString", "coordinates": [[18.6784922, 54.345577899999995], [18.6775357, 54.3454468]]}}, {"type": "Feature", "properties": {"u": 86, "v": 85, "key": 0, "length": 86.2, "length_raw": 6546247.531338865}, "geometry": {"type": "LineString", "coordinates": [[18.6784922, 54.345577899999995], [18.6796565, 54.345730199999984], [18.679788800000004, 54.3457495]]}}, {"type": "Feature", "properties": {"u": 87, "v": 89, "key": 0, "length": 126.8, "length_raw": 12367247.024453815}, "geometry": {"type": "LineString", "coordinates": [[18.6823753, 54.3477497], [18.6825594, 54.3479124], [18.6827254, 54.348063199999984], [18.683123, 54.3484571], [18.68316604006941, 54.348765628516524]]}}, {"type": "Feature", "properties": {"u": 87, "v": 85, "key": 0, "length": 281.8, "length_raw": 15853325.053831985}, "geometry": {"type": "LineString", "coordinates": [[18.6823753, 54.3477497], [18.6808838, 54.34647389999999], [18.6806221, 54.3462526], [18.680307300000003, 54.34598630000001], [18.6801649, 54.34586590000001], [18.680133800000004, 54.34584300000001], [18.6800657, 54.34581420000001], [18.6800219, 54.345801999999985], [18.6799047, 54.34577399999999], [18.6798814, 54.34576899999998], [18.679788800000004, 54.3457495]]}}, {"type": "Feature", "properties": {"u": 88, "v": 86, "key": 0, "length": 63.7, "length_raw": 6072840.559039458}, "geometry": {"type": "LineString", "coordinates": [[18.6775357, 54.3454468], [18.6784922, 54.345577899999995]]}}, {"type": "Feature", "properties": {"u": 88, "v": 346, "key": 0, "length": 136.7, "length_raw": 14611767.131010111}, "geometry": {"type": "LineString", "coordinates": [[18.6775357, 54.3454468], [18.6754838, 54.345162599999995]]}}, {"type": "Feature", "properties": {"u": 89, "v": 87, "key": 0, "length": 126.8, "length_raw": 12367247.024453815}, "geometry": {"type": "LineString", "coordinates": [[18.68316604006941, 54.348765628516524], [18.683123, 54.3484571], [18.6827254, 54.348063199999984], [18.6825594, 54.3479124], [18.6823753, 54.3477497]]}}, {"type": "Feature", "properties": {"u": 89, "v": 90, "key": 0, "length": 783.5, "length_raw": 5689124.129104152}, "geometry": {"type": "LineString", "coordinates": [[18.68316604006941, 54.348765628516524], [18.6831936, 54.348959199999996], [18.6842907, 54.3489102], [18.6857158, 54.3488589], [18.6878217, 54.348852599999994], [18.6897402, 54.348841900000004], [18.6903861, 54.348848499999995], [18.690907, 54.3488702], [18.6913224, 54.348909], [18.6914331, 54.34891969999999], [18.6921512, 54.34900679999999], [18.6932683, 54.3491521], [18.6948441, 54.349379899999995]]}}, {"type": "Feature", "properties": {"u": 89, "v": 91, "key": 0, "length": 323.0, "length_raw": 7594278.994331387}, "geometry": {"type": "LineString", "coordinates": [[18.68316604006941, 54.348765628516524], [18.6832072, 54.3490646], [18.6826964, 54.349089899999996], [18.6819842, 54.3491279], [18.6803598, 54.34920319999999], [18.6800499, 54.3492191], [18.6791876, 54.34925839999999], [18.6789887, 54.349267399999995], [18.6787535, 54.3492781]]}}, {"type": "Feature", "properties": {"u": 90, "v": 123, "key": 0, "length": 459.5, "length_raw": 3701514.621520949}, "geometry": {"type": "LineString", "coordinates": [[18.6948441, 54.349379899999995], [18.6955346, 54.3493414], [18.6958615, 54.3493067], [18.6961929, 54.3492557], [18.6965773, 54.3491454], [18.6968121, 54.34905379999999], [18.6970003, 54.34896549999999], [18.6971737, 54.34885839999999], [18.6973452, 54.34873369999999], [18.6974556, 54.34863659999999], [18.6975866, 54.3484891], [18.6977003, 54.34831700000001], [18.6977605, 54.3481777], [18.6978024, 54.34799149999999], [18.6978047, 54.3478462], [18.6977287, 54.3475266], [18.6973977, 54.34668859999999], [18.6973622, 54.3465655], [18.6974196, 54.3463465]]}}, {"type": "Feature", "properties": {"u": 90, "v": 124, "key": 0, "length": 299.6, "length_raw": 6814820.059070744}, "geometry": {"type": "LineString", "coordinates": [[18.6948441, 54.349379899999995], [18.6955258, 54.34947509999999], [18.6964279, 54.349611], [18.6971369, 54.34972710000001], [18.697882, 54.34985880000001], [18.6985842, 54.34999249999999], [18.6992808, 54.350131]]}}, {"type": "Feature", "properties": {"u": 91, "v": 100, "key": 0, "length": 221.4, "length_raw": 337897.35583973106}, "geometry": {"type": "LineString", "coordinates": [[18.6787535, 54.3492781], [18.6783142, 54.3492969], [18.6779814, 54.3493107], [18.6772869, 54.349330599999995], [18.6768733, 54.3493346], [18.676406700000005, 54.3493342], [18.6759259, 54.34932859999999], [18.675482, 54.3493124], [18.6755076000522, 54.349232000003695]]}}, {"type": "Feature", "properties": {"u": 92, "v": 93, "key": 0, "length": 561.0, "length_raw": 11491724.793878771}, "geometry": {"type": "LineString", "coordinates": [[18.692982233211822, 54.360447303095256], [18.6936999, 54.360871599999996], [18.6963559, 54.36204250000001], [18.6973048, 54.36245829999999], [18.6975223, 54.36255700000001], [18.6978352, 54.3627105], [18.6981318, 54.36285019999999], [18.698659, 54.3630808], [18.6988422, 54.36316089999999], [18.6989772, 54.3632129], [18.6991016, 54.363254899999994], [18.6992759, 54.363305], [18.699451, 54.3633433], [18.6995596, 54.36336159999999], [18.6997364, 54.3633846], [18.6999181, 54.363394099999994]]}}, {"type": "Feature", "properties": {"u": 92, "v": 94, "key": 0, "length": 129.4, "length_raw": 11888588.790970452}, "geometry": {"type": "LineString", "coordinates": [[18.692982233211822, 54.360447303095256], [18.6922141, 54.360323799999996], [18.69157, 54.36014200000001], [18.691364, 54.3600851], [18.69145135030446, 54.35994450003611]]}}, {"type": "Feature", "properties": {"u": 92, "v": 95, "key": 0, "length": 236.0, "length_raw": 8131801.189239026}, "geometry": {"type": "LineString", "coordinates": [[18.692982233211822, 54.360447303095256], [18.6922141, 54.360323799999996], [18.6921444, 54.36043169999999], [18.6921022, 54.3604963], [18.6919114, 54.360800999999995], [18.6917911, 54.36099300000001], [18.6915899, 54.36129490000001], [18.691234, 54.36162759999999], [18.6909639, 54.3617946]]}}, {"type": "Feature", "properties": {"u": 93, "v": 92, "key": 0, "length": 561.0, "length_raw": 11491724.793878771}, "geometry": {"type": "LineString", "coordinates": [[18.6999181, 54.363394099999994], [18.6997364, 54.3633846], [18.6995596, 54.36336159999999], [18.699451, 54.3633433], [18.6992759, 54.363305], [18.6991016, 54.363254899999994], [18.6989772, 54.3632129], [18.6988422, 54.36316089999999], [18.698659, 54.3630808], [18.6981318, 54.36285019999999], [18.6978352, 54.3627105], [18.6975223, 54.36255700000001], [18.6973048, 54.36245829999999], [18.6963559, 54.36204250000001], [18.6936999, 54.360871599999996], [18.692982233211822, 54.360447303095256]]}}, {"type": "Feature", "properties": {"u": 93, "v": 96, "key": 0, "length": 352.8, "length_raw": 9555733.93905957}, "geometry": {"type": "LineString", "coordinates": [[18.6999181, 54.363394099999994], [18.7000988, 54.363398999999994], [18.7003358, 54.36339009999998], [18.7006707, 54.36335699999999], [18.7008469, 54.36333659999999], [18.7021122, 54.3631857], [18.7024821, 54.363141399999996], [18.7027468, 54.36311280000001], [18.7032156, 54.3630711], [18.7037487, 54.3630171], [18.7039699, 54.362990899999986], [18.7044118, 54.362931999999994], [18.7045642, 54.3629117], [18.704766, 54.3628715], [18.7048874, 54.362840299999995], [18.7050095, 54.36280159999999], [18.70519705036869, 54.36272030014994]]}}, {"type": "Feature", "properties": {"u": 94, "v": 298, "key": 0, "length": 145.2, "length_raw": 10311110.52219168}, "geometry": {"type": "LineString", "coordinates": [[18.69145135030446, 54.35994450003611], [18.691364, 54.3600851], [18.6911467, 54.36001699999999], [18.6909587, 54.35996029999999], [18.690569800000002, 54.35984719999998], [18.690268, 54.3597595], [18.6899383, 54.35966710000001], [18.689664818774016, 54.35950596753033]]}}, {"type": "Feature", "properties": {"u": 94, "v": 92, "key": 0, "length": 136.9, "length_raw": 11888588.790970452}, "geometry": {"type": "LineString", "coordinates": [[18.69145135030446, 54.35994450003611], [18.6915387, 54.359803899999996], [18.6918123, 54.3598724], [18.6922835, 54.3600133], [18.6924016, 54.36005240000001], [18.692982233211822, 54.360447303095256]]}}, {"type": "Feature", "properties": {"u": 94, "v": 297, "key": 0, "length": 159.1, "length_raw": 10998889.144980358}, "geometry": {"type": "LineString", "coordinates": [[18.69145135030446, 54.35994450003611], [18.6915387, 54.359803899999996], [18.6916107, 54.359707099999994], [18.6922788, 54.35897049999999], [18.6924022, 54.35883840000001], [18.6926422, 54.3587066]]}}, {"type": "Feature", "properties": {"u": 95, "v": 300, "key": 0, "length": 396.8, "length_raw": 11914592.28993317}, "geometry": {"type": "LineString", "coordinates": [[18.6909639, 54.3617946], [18.6907369, 54.36217519999999], [18.6899986, 54.363409700000005], [18.6893687, 54.364465], [18.6891316, 54.3648321], [18.6889149, 54.3651568]]}}, {"type": "Feature", "properties": {"u": 96, "v": 157, "key": 0, "length": 252.6, "length_raw": 18845061.01608678}, "geometry": {"type": "LineString", "coordinates": [[18.70519705036869, 54.36272030014994], [18.7053846, 54.362638999999994], [18.7057364, 54.3624392], [18.7077407, 54.3612531], [18.7078052, 54.3612154], [18.7079644, 54.3611222]]}}, {"type": "Feature", "properties": {"u": 96, "v": 93, "key": 0, "length": 352.8, "length_raw": 9555733.93905957}, "geometry": {"type": "LineString", "coordinates": [[18.70519705036869, 54.36272030014994], [18.7050095, 54.36280159999999], [18.7048874, 54.362840299999995], [18.704766, 54.3628715], [18.7045642, 54.3629117], [18.7044118, 54.362931999999994], [18.7039699, 54.362990899999986], [18.7037487, 54.3630171], [18.7032156, 54.3630711], [18.7027468, 54.36311280000001], [18.7024821, 54.363141399999996], [18.7021122, 54.3631857], [18.7008469, 54.36333659999999], [18.7006707, 54.36335699999999], [18.7003358, 54.36339009999998], [18.7000988, 54.363398999999994], [18.6999181, 54.363394099999994]]}}, {"type": "Feature", "properties": {"u": 97, "v": 98, "key": 0, "length": 132.6, "length_raw": 8779681.714142552}, "geometry": {"type": "LineString", "coordinates": [[18.671554, 54.3489599], [18.6702059, 54.348798300000006], [18.6700564, 54.348780999999995], [18.669826856212396, 54.34851044650816]]}}, {"type": "Feature", "properties": {"u": 98, "v": 99, "key": 0, "length": 262.5, "length_raw": 12039907.079318512}, "geometry": {"type": "LineString", "coordinates": [[18.669826856212396, 54.34851044650816], [18.6700564, 54.348780999999995], [18.6700699, 54.34890540000001], [18.6700971, 54.34914090000001], [18.670101, 54.34919349999999], [18.6701315, 54.3495814], [18.670147200000002, 54.3497113], [18.6701801, 54.3498548], [18.670223, 54.35000709999999], [18.6702697, 54.3501582], [18.6703261, 54.3503124], [18.670449900000005, 54.3505849], [18.6705697, 54.35080889999999]]}}, {"type": "Feature", "properties": {"u": 98, "v": 100, "key": 0, "length": 387.2, "length_raw": 7570863.465272815}, "geometry": {"type": "LineString", "coordinates": [[18.669826856212396, 54.34851044650816], [18.6703698, 54.3485537], [18.6707348, 54.348645399999995], [18.6710772, 54.3487092], [18.6730887, 54.34896999999998], [18.6734186, 54.34901099999999], [18.6736723, 54.349039600000005], [18.6739395, 54.34906870000001], [18.6742104, 54.34909150000001], [18.6745711, 54.34911850000001], [18.6750377, 54.3491431], [18.6751461, 54.349145500000006], [18.6755332, 54.34915159999999], [18.6755076000522, 54.349232000003695]]}}, {"type": "Feature", "properties": {"u": 98, "v": 101, "key": 0, "length": 270.9, "length_raw": 8534153.162380507}, "geometry": {"type": "LineString", "coordinates": [[18.669826856212396, 54.34851044650816], [18.66932, 54.34834], [18.6692115, 54.34819709999999], [18.669141, 54.3480983], [18.6690801, 54.34799249999999], [18.6689689, 54.3476855], [18.668891900000002, 54.3474323], [18.668882, 54.34739979999999], [18.6686938, 54.3467816], [18.668624, 54.34655269999998], [18.6685861, 54.3462973]]}}, {"type": "Feature", "properties": {"u": 99, "v": 106, "key": 0, "length": 219.2, "length_raw": 17955376.71521045}, "geometry": {"type": "LineString", "coordinates": [[18.6705697, 54.35080889999999], [18.6707144, 54.351040299999994], [18.6708466, 54.35123579999999], [18.6710001, 54.3514457], [18.6712406, 54.351690299999994], [18.6714296, 54.351885], [18.6718782, 54.352285200000004], [18.6719437, 54.352345299999996], [18.6720486, 54.3524491], [18.672007276416803, 54.35255818520571]]}}, {"type": "Feature", "properties": {"u": 100, "v": 111, "key": 0, "length": 103.2, "length_raw": 10324521.230537843}, "geometry": {"type": "LineString", "coordinates": [[18.6755076000522, 54.349232000003695], [18.675482, 54.3493124], [18.6755573, 54.3494795], [18.6755448, 54.3496316], [18.6755384, 54.349703399999996], [18.675524, 54.349752400000014], [18.6754945, 54.3497985], [18.6754472, 54.34985230000001], [18.6753611, 54.349941499999986], [18.675110264368726, 54.35005949934673]]}}, {"type": "Feature", "properties": {"u": 100, "v": 164, "key": 0, "length": 94.4, "length_raw": 88478.76008331138}, "geometry": {"type": "LineString", "coordinates": [[18.6755076000522, 54.349232000003695], [18.675482, 54.3493124], [18.6751277, 54.3492873], [18.6743944, 54.34923539999999], [18.6741765, 54.349216]]}}, {"type": "Feature", "properties": {"u": 100, "v": 345, "key": 0, "length": 214.8, "length_raw": 1682247.6359228774}, "geometry": {"type": "LineString", "coordinates": [[18.6755076000522, 54.349232000003695], [18.6755332, 54.34915159999999], [18.6764012, 54.3491747], [18.6768833, 54.34918609999999], [18.6772668, 54.3491945], [18.6778878, 54.3491925], [18.6787039, 54.34916849999999]]}}, {"type": "Feature", "properties": {"u": 100, "v": 214, "key": 0, "length": 761.6, "length_raw": 12796099.539889354}, "geometry": {"type": "LineString", "coordinates": [[18.6755076000522, 54.349232000003695], [18.6755332, 54.34915159999999], [18.6755698, 54.34902809999999], [18.6755738, 54.348966399999995], [18.6755572, 54.34890509999999], [18.6754698, 54.34885700000001], [18.6753669, 54.348833799999994], [18.6752106, 54.3488375], [18.674285, 54.3489274], [18.6740423, 54.3489294], [18.6739144, 54.348919099999996], [18.6725643, 54.3487453], [18.6723699, 54.348720099999994], [18.671512900000003, 54.34861030000001], [18.6712981, 54.3485639], [18.6712949, 54.348477300000006], [18.6713084, 54.3481759], [18.6713195, 54.348047199999996], [18.671338, 54.3479766], [18.6713615, 54.3479131], [18.6714016, 54.3478259], [18.6714851, 54.34771299999999], [18.6715784, 54.34758839999999], [18.6718455, 54.3472395], [18.672314000000004, 54.34662749999999], [18.6725967, 54.3462582], [18.6726994, 54.34615490000001], [18.6732092, 54.345748400000005], [18.6734369, 54.34556860000001], [18.6734962, 54.34551080000001], [18.6735229, 54.34547129999999], [18.6735305, 54.3454536], [18.6735638, 54.34538030000001], [18.6735797, 54.3453454], [18.6736556, 54.3451601], [18.673664, 54.3451313], [18.6736825, 54.34506739999999], [18.6737161, 54.34493629999999]]}}, {"type": "Feature", "properties": {"u": 101, "v": 165, "key": 0, "length": 403.7, "length_raw": 18520533.0131673}, "geometry": {"type": "LineString", "coordinates": [[18.6685861, 54.3462973], [18.6684356, 54.346092299999995], [18.6682997, 54.345933499999994], [18.6680772, 54.34574849999999], [18.667895, 54.345622799999994], [18.6676987, 54.3455151], [18.6675805, 54.345458199999996], [18.6674624, 54.3454013], [18.6672157, 54.3453076], [18.6669572, 54.3452294], [18.6666682, 54.345160699999994], [18.6652511, 54.3449011], [18.6650679, 54.34486859999999], [18.6648688, 54.3448339], [18.6645654, 54.3447966], [18.6643327, 54.344765200000005], [18.6640309, 54.3447149], [18.6636763, 54.3446672], [18.663410954317698, 54.34460359936925]]}}, {"type": "Feature", "properties": {"u": 102, "v": 97, "key": 0, "length": 72.2, "length_raw": 2365538.8087353837}, "geometry": {"type": "LineString", "coordinates": [[18.6726433, 54.34909699999999], [18.671554, 54.3489599]]}}, {"type": "Feature", "properties": {"u": 103, "v": 104, "key": 0, "length": 108.8, "length_raw": 9606579.303181218}, "geometry": {"type": "LineString", "coordinates": [[18.67968579981603, 54.35704215010396], [18.679845400000005, 54.357088999999995], [18.6805674, 54.356807], [18.6806158, 54.356785699999996], [18.6806782, 54.356750000000005], [18.680704, 54.35673210000001], [18.6807272, 54.35671109999999], [18.6807754, 54.3566419], [18.680823, 54.3565721], [18.6808312, 54.356560200000004], [18.680941549920945, 54.356589250049794]]}}, {"type": "Feature", "properties": {"u": 103, "v": 104, "key": 1, "length": 207.9, "length_raw": 9606579.303181218}, "geometry": {"type": "LineString", "coordinates": [[18.67968579981603, 54.35704215010396], [18.679526200000005, 54.3569953], [18.6794709, 54.3567738], [18.6793552, 54.35631020000001], [18.6793636, 54.3562655], [18.6793871, 54.3562267], [18.6793965, 54.35621549999999], [18.6794788, 54.356239699999996], [18.6796349, 54.35627909999999], [18.6797961, 54.35631750000001], [18.680142, 54.35639940000001], [18.6805079, 54.3564853], [18.6808312, 54.356560200000004], [18.680941549920945, 54.356589250049794]]}}, {"type": "Feature", "properties": {"u": 104, "v": 103, "key": 0, "length": 108.8, "length_raw": 9606579.303181218}, "geometry": {"type": "LineString", "coordinates": [[18.680941549920945, 54.356589250049794], [18.6808312, 54.356560200000004], [18.680823, 54.3565721], [18.6807754, 54.3566419], [18.6807272, 54.35671109999999], [18.680704, 54.35673210000001], [18.6806782, 54.356750000000005], [18.6806158, 54.356785699999996], [18.6805674, 54.356807], [18.679845400000005, 54.357088999999995], [18.67968579981603, 54.35704215010396]]}}, {"type": "Feature", "properties": {"u": 104, "v": 105, "key": 0, "length": 162.6, "length_raw": 10483007.77762235}, "geometry": {"type": "LineString", "coordinates": [[18.680941549920945, 54.356589250049794], [18.6810519, 54.356618299999994], [18.6812266, 54.356675200000005], [18.6813388, 54.356715699999995], [18.6814155, 54.35674749999998], [18.6814895, 54.3567805], [18.6815634, 54.35681339999999], [18.6816848, 54.35687310000001], [18.681846, 54.3569626], [18.6820588, 54.3570825], [18.682550300000003, 54.35736889999998], [18.6826176, 54.3574002], [18.6826826, 54.3574227], [18.6827713, 54.3574447], [18.6828393, 54.35745769999999], [18.6829114, 54.35746550000001]]}}, {"type": "Feature", "properties": {"u": 105, "v": 104, "key": 0, "length": 162.6, "length_raw": 10483007.77762235}, "geometry": {"type": "LineString", "coordinates": [[18.6829114, 54.35746550000001], [18.6828393, 54.35745769999999], [18.6827713, 54.3574447], [18.6826826, 54.3574227], [18.6826176, 54.3574002], [18.682550300000003, 54.35736889999998], [18.6820588, 54.3570825], [18.681846, 54.3569626], [18.6816848, 54.35687310000001], [18.6815634, 54.35681339999999], [18.6814895, 54.3567805], [18.6814155, 54.35674749999998], [18.6813388, 54.356715699999995], [18.6812266, 54.356675200000005], [18.6810519, 54.356618299999994], [18.680941549920945, 54.356589250049794]]}}, {"type": "Feature", "properties": {"u": 105, "v": 334, "key": 0, "length": 450.0, "length_raw": 17982142.86567792}, "geometry": {"type": "LineString", "coordinates": [[18.6829114, 54.35746550000001], [18.68298, 54.3574684], [18.683046, 54.357466599999995], [18.6831249, 54.35745870000001], [18.6832742, 54.35743589999999], [18.6840713, 54.357314], [18.6846601, 54.357224], [18.6848794, 54.35719000000001], [18.6850147, 54.35718120000001], [18.6851491, 54.3571867], [18.685290300000002, 54.3572068], [18.6854262, 54.3572414], [18.685537800000002, 54.357288499999996], [18.6857703, 54.357409600000004], [18.685912, 54.35748220000001], [18.6864718, 54.35776899999998], [18.6865433, 54.35780559999999], [18.6873007, 54.358193199999995], [18.6874216, 54.3582552], [18.6876064, 54.3583517], [18.6877019, 54.35841119999999], [18.6877944, 54.35847459999999], [18.6879638, 54.35860679999999], [18.6881439, 54.358754299999994], [18.6882722, 54.358858899999994], [18.6884022, 54.35896369999998], [18.688487, 54.3590263]]}}, {"type": "Feature", "properties": {"u": 106, "v": 107, "key": 0, "length": 113.6, "length_raw": 7920055.996276367}, "geometry": {"type": "LineString", "coordinates": [[18.672007276416803, 54.35255818520571], [18.6720486, 54.3524491], [18.6721699, 54.3523843], [18.6724516, 54.352228399999994], [18.6729506, 54.35190239999999], [18.6730403, 54.35184379999999], [18.67316377816158, 54.35184250641402]]}}, {"type": "Feature", "properties": {"u": 106, "v": 108, "key": 0, "length": 87.1, "length_raw": 6208672.079832554}, "geometry": {"type": "LineString", "coordinates": [[18.672007276416803, 54.35255818520571], [18.6718308, 54.35255519999999], [18.6716948, 54.35244199999999], [18.671652, 54.35240539999999], [18.6716014, 54.3523597], [18.671188400000002, 54.351987300000005]]}}, {"type": "Feature", "properties": {"u": 107, "v": 106, "key": 0, "length": 125.2, "length_raw": 7920055.996276367}, "geometry": {"type": "LineString", "coordinates": [[18.67316377816158, 54.35184250641402], [18.673288400000004, 54.3518763], [18.6732415, 54.3519094], [18.6730275, 54.352060399999985], [18.6728129, 54.3521987], [18.6723892, 54.35245560000001], [18.6723318, 54.352488399999984], [18.672183600000004, 54.352563399999994], [18.672007276416803, 54.35255818520571]]}}, {"type": "Feature", "properties": {"u": 107, "v": 110, "key": 0, "length": 103.9, "length_raw": 10703381.269899165}, "geometry": {"type": "LineString", "coordinates": [[18.67316377816158, 54.35184250641402], [18.6731224, 54.35178899999998], [18.6734037, 54.3515695], [18.6736545, 54.35136159999998], [18.6738146, 54.35121219999999], [18.6739703, 54.3510668]]}}, {"type": "Feature", "properties": {"u": 108, "v": 109, "key": 0, "length": 136.7, "length_raw": 14258819.28583094}, "geometry": {"type": "LineString", "coordinates": [[18.671188400000002, 54.351987300000005], [18.6709783, 54.3517611], [18.6708024, 54.3515334], [18.6706826, 54.3513764], [18.670569, 54.351212000000004], [18.670342500000004, 54.350863]]}}, {"type": "Feature", "properties": {"u": 109, "v": 98, "key": 0, "length": 269.2, "length_raw": 11376176.389666207}, "geometry": {"type": "LineString", "coordinates": [[18.670342500000004, 54.350863], [18.670117, 54.35039649999999], [18.6700719, 54.35026770000001], [18.6699462, 54.349874], [18.6698775, 54.34957339999998], [18.6697988, 54.349052699999994], [18.6697714, 54.34897279999999], [18.6697201, 54.348872699999994], [18.6696464, 54.34872910000001], [18.669826856212396, 54.34851044650816]]}}, {"type": "Feature", "properties": {"u": 110, "v": 111, "key": 0, "length": 135.2, "length_raw": 10747476.030134408}, "geometry": {"type": "LineString", "coordinates": [[18.6739703, 54.3510668], [18.6740153, 54.351021999999986], [18.6743675, 54.350671299999995], [18.6748136, 54.350227200000006], [18.6748601, 54.350180999999985], [18.675110264368726, 54.35005949934673]]}}, {"type": "Feature", "properties": {"u": 111, "v": 100, "key": 0, "length": 97.1, "length_raw": 10324521.230537843}, "geometry": {"type": "LineString", "coordinates": [[18.675110264368726, 54.35005949934673], [18.6751646, 54.3498704], [18.6752471, 54.349789099999995], [18.6752987, 54.349734], [18.6753195, 54.34970040000001], [18.6753302, 54.349661299999994], [18.6753452, 54.34952909999999], [18.6753461, 54.3494778], [18.675482, 54.3493124], [18.6755076000522, 54.349232000003695]]}}, {"type": "Feature", "properties": {"u": 111, "v": 112, "key": 0, "length": 117.3, "length_raw": 11090887.127319029}, "geometry": {"type": "LineString", "coordinates": [[18.675110264368726, 54.35005949934673], [18.6750544, 54.3502477], [18.6750081, 54.350294600000005], [18.6744658, 54.35084189999999], [18.6743136505746, 54.3509958501034]]}}, {"type": "Feature", "properties": {"u": 112, "v": 107, "key": 0, "length": 127.3, "length_raw": 12009385.856365481}, "geometry": {"type": "LineString", "coordinates": [[18.6743136505746, 54.3509958501034], [18.6741615, 54.351149799999995], [18.6740869, 54.35121670000001], [18.6739201, 54.35136629999999], [18.6736116, 54.35162580000001], [18.6734594, 54.351749299999994], [18.673288400000004, 54.3518763], [18.67316377816158, 54.35184250641402]]}}, {"type": "Feature", "properties": {"u": 113, "v": 114, "key": 0, "length": 123.5, "length_raw": 12624086.911658745}, "geometry": {"type": "LineString", "coordinates": [[18.6373252, 54.3861464], [18.6367627, 54.38661269999999], [18.6362511, 54.38701749999999], [18.636199299970695, 54.38699435001088]]}}, {"type": "Feature", "properties": {"u": 114, "v": 115, "key": 0, "length": 150.1, "length_raw": 9922686.674789501}, "geometry": {"type": "LineString", "coordinates": [[18.636199299970695, 54.38699435001088], [18.6362511, 54.38701749999999], [18.6361619, 54.38709], [18.6352004, 54.3878524], [18.6350574, 54.38796500000001], [18.6349595, 54.388045099999985], [18.63490369997168, 54.38802440001263]]}}, {"type": "Feature", "properties": {"u": 114, "v": 116, "key": 0, "length": 123.2, "length_raw": 12728385.25285515}, "geometry": {"type": "LineString", "coordinates": [[18.636199299970695, 54.38699435001088], [18.6361475, 54.3869712], [18.636657100000004, 54.386568], [18.6372179, 54.3861016]]}}, {"type": "Feature", "properties": {"u": 115, "v": 151, "key": 0, "length": 212.3, "length_raw": 10515880.61555794}, "geometry": {"type": "LineString", "coordinates": [[18.63490369997168, 54.38802440001263], [18.6349595, 54.388045099999985], [18.6348903, 54.388106099999995], [18.634848800000004, 54.38815269999999], [18.6348184, 54.3882047], [18.6348, 54.388259299999994], [18.6347901, 54.3883188], [18.634796, 54.388400800000014], [18.6348266, 54.3884834], [18.6348853, 54.3885607], [18.6349543, 54.38862569999999], [18.6351383, 54.38875559999999], [18.6361064, 54.3894513], [18.6361932, 54.3895236], [18.6362341, 54.389561500000006], [18.636161250047913, 54.38958875002246]]}}, {"type": "Feature", "properties": {"u": 115, "v": 114, "key": 0, "length": 150.9, "length_raw": 9922686.674789501}, "geometry": {"type": "LineString", "coordinates": [[18.63490369997168, 54.38802440001263], [18.6348479, 54.38800369999999], [18.6349509, 54.3879199], [18.6350277, 54.3878596], [18.636055, 54.38704559999999], [18.6361475, 54.3869712], [18.636199299970695, 54.38699435001088]]}}, {"type": "Feature", "properties": {"u": 116, "v": 318, "key": 0, "length": 100.2, "length_raw": 7606312.570479944}, "geometry": {"type": "LineString", "coordinates": [[18.6372179, 54.3861016], [18.6380615, 54.3853919], [18.638119949974318, 54.38540975001393]]}}, {"type": "Feature", "properties": {"u": 117, "v": 257, "key": 0, "length": 163.5, "length_raw": 8406589.690791236}, "geometry": {"type": "LineString", "coordinates": [[18.64695680094949, 54.36093220021156], [18.6467373, 54.361109199999994], [18.6466621, 54.361179899999996], [18.646428, 54.36140859999999], [18.6463065, 54.3615192], [18.6461702, 54.36162519999999], [18.6460414, 54.3617186], [18.6458729, 54.36181810000001], [18.6456399, 54.3619418], [18.6455191, 54.36199889999999], [18.645374, 54.3620612]]}}, {"type": "Feature", "properties": {"u": 117, "v": 72, "key": 0, "length": 182.7, "length_raw": 12662658.325725412}, "geometry": {"type": "LineString", "coordinates": [[18.64695680094949, 54.36093220021156], [18.6471763, 54.3607552], [18.6473243, 54.3606355], [18.6478661, 54.3601439], [18.64810771718355, 54.35946526807476]]}}, {"type": "Feature", "properties": {"u": 118, "v": 72, "key": 0, "length": 182.0, "length_raw": 12243588.849146234}, "geometry": {"type": "LineString", "coordinates": [[18.649952, 54.35832619999999], [18.6499075, 54.3583622], [18.6498613, 54.3584017], [18.6495795, 54.358643699999995], [18.6495476, 54.358671199999996], [18.6495183, 54.3586991], [18.6494942, 54.35872640000001], [18.6494689, 54.35875879999999], [18.649440000000002, 54.3587947], [18.649414, 54.3588268], [18.6493899, 54.35885300000001], [18.6493623, 54.35887900000001], [18.6493271, 54.3589095], [18.6492863, 54.3589446], [18.6490001, 54.3591908], [18.6488869, 54.359293900000004], [18.64810771718355, 54.35946526807476]]}}, {"type": "Feature", "properties": {"u": 118, "v": 273, "key": 0, "length": 214.5, "length_raw": 1858221.0265794657}, "geometry": {"type": "LineString", "coordinates": [[18.649952, 54.35832619999999], [18.6499962, 54.3583343], [18.6500589, 54.35834400000001], [18.6501693, 54.35836119999999], [18.6504898, 54.358410000000006], [18.650674000000002, 54.358438099999994], [18.6507826, 54.35844669999999], [18.6509225, 54.35844909999999], [18.6514304, 54.35844579999999], [18.6518693, 54.358438899999996], [18.6520983, 54.358441899999995], [18.6526788, 54.35844230000001], [18.6528137, 54.35844469999999], [18.653230449554194, 54.35848670071566]]}}, {"type": "Feature", "properties": {"u": 119, "v": 315, "key": 0, "length": 134.3, "length_raw": 12147781.313981619}, "geometry": {"type": "LineString", "coordinates": [[18.643577550117868, 54.38520585002869], [18.6434965, 54.385265399999994], [18.6433324, 54.385196099999995], [18.6424189, 54.3848104], [18.6420314, 54.38464629999999], [18.642112050121504, 54.38458465002844]]}}, {"type": "Feature", "properties": {"u": 119, "v": 46, "key": 0, "length": 169.7, "length_raw": 6400031.618600287}, "geometry": {"type": "LineString", "coordinates": [[18.643577550117868, 54.38520585002869], [18.6436586, 54.38514630000001], [18.6444313, 54.385474200000004], [18.6451854, 54.38578629999999], [18.6453189, 54.38584259999999], [18.645579705138545, 54.386051624245525]]}}, {"type": "Feature", "properties": {"u": 120, "v": 121, "key": 0, "length": 105.3, "length_raw": 9933012.206068993}, "geometry": {"type": "LineString", "coordinates": [[18.6566658611156, 54.33351205111303], [18.6567288, 54.3335682], [18.6567467, 54.3336162], [18.6567771, 54.333631900000015], [18.6569683, 54.33369640000001], [18.65719, 54.333768799999994], [18.6576196, 54.33389919999999], [18.6577339, 54.333930699999996], [18.6578467, 54.333936599999994], [18.6580314, 54.3339251]]}}, {"type": "Feature", "properties": {"u": 120, "v": 122, "key": 0, "length": 240.5, "length_raw": 9776812.880980767}, "geometry": {"type": "LineString", "coordinates": [[18.6566658611156, 54.33351205111303], [18.6565479, 54.333537099999994], [18.6564822, 54.33356169999999], [18.656458100000002, 54.3335712], [18.6563727, 54.33361020000001], [18.6562276, 54.33372119999999], [18.6561383, 54.333774299999995], [18.6559284, 54.3338764], [18.655741, 54.333938], [18.655452, 54.3339861], [18.6553624, 54.3340017], [18.6551768, 54.334033399999996], [18.6551309, 54.334041299999996], [18.6532884, 54.334253199999985]]}}, {"type": "Feature", "properties": {"u": 121, "v": 120, "key": 0, "length": 105.3, "length_raw": 9933012.206068993}, "geometry": {"type": "LineString", "coordinates": [[18.6580314, 54.3339251], [18.6578467, 54.333936599999994], [18.6577339, 54.333930699999996], [18.6576196, 54.33389919999999], [18.65719, 54.333768799999994], [18.6569683, 54.33369640000001], [18.6567771, 54.333631900000015], [18.6567467, 54.3336162], [18.6567288, 54.3335682], [18.6566658611156, 54.33351205111303]]}}, {"type": "Feature", "properties": {"u": 121, "v": 126, "key": 0, "length": 158.0, "length_raw": 3775644.282824156}, "geometry": {"type": "LineString", "coordinates": [[18.6580314, 54.3339251], [18.6582081, 54.3338968], [18.6583167, 54.3338873], [18.6584025, 54.3338876], [18.6584876, 54.333897099999994], [18.6585717, 54.3339138], [18.6593872, 54.33424779999999], [18.6601163, 54.3345417]]}}, {"type": "Feature", "properties": {"u": 122, "v": 120, "key": 0, "length": 240.5, "length_raw": 9776812.880980767}, "geometry": {"type": "LineString", "coordinates": [[18.6532884, 54.334253199999985], [18.6551309, 54.334041299999996], [18.6551768, 54.334033399999996], [18.6553624, 54.3340017], [18.655452, 54.3339861], [18.655741, 54.333938], [18.6559284, 54.3338764], [18.6561383, 54.333774299999995], [18.6562276, 54.33372119999999], [18.6563727, 54.33361020000001], [18.656458100000002, 54.3335712], [18.6564822, 54.33356169999999], [18.6565479, 54.333537099999994], [18.6566658611156, 54.33351205111303]]}}, {"type": "Feature", "properties": {"u": 122, "v": 125, "key": 0, "length": 101.2, "length_raw": 3893999.691153635}, "geometry": {"type": "LineString", "coordinates": [[18.6532884, 54.334253199999985], [18.6525319, 54.334351000000005], [18.65217, 54.33442539999999], [18.6518092, 54.3345292]]}}, {"type": "Feature", "properties": {"u": 123, "v": 199, "key": 0, "length": 251.0, "length_raw": 12218019.507440353}, "geometry": {"type": "LineString", "coordinates": [[18.6974196, 54.3463465], [18.6972436, 54.3456004], [18.6971985, 54.34515520000001], [18.6971986, 54.3446907], [18.6972121, 54.3445396], [18.6972704, 54.34409889999999]]}}, {"type": "Feature", "properties": {"u": 124, "v": 274, "key": 0, "length": 97.9, "length_raw": 9593917.356258377}, "geometry": {"type": "LineString", "coordinates": [[18.6992808, 54.350131], [18.7006872, 54.3504527]]}}, {"type": "Feature", "properties": {"u": 124, "v": 275, "key": 0, "length": 188.4, "length_raw": 8254811.169291421}, "geometry": {"type": "LineString", "coordinates": [[18.6992808, 54.350131], [18.6995829, 54.350065199999996], [18.6997019, 54.3500192], [18.6997997, 54.3499406], [18.6998661, 54.3498173], [18.6998999, 54.349678499999996], [18.6998904, 54.3495789], [18.6998056, 54.34946789999999], [18.6995936, 54.349346], [18.6993979, 54.3492526], [18.699221300000005, 54.34920739999998], [18.6990424, 54.349209300000005], [18.6988887, 54.3492479], [18.6987825, 54.34930570000001], [18.698655, 54.349394499999995]]}}, {"type": "Feature", "properties": {"u": 125, "v": 122, "key": 0, "length": 101.2, "length_raw": 3893999.691153635}, "geometry": {"type": "LineString", "coordinates": [[18.6518092, 54.3345292], [18.65217, 54.33442539999999], [18.6525319, 54.334351000000005], [18.6532884, 54.334253199999985]]}}, {"type": "Feature", "properties": {"u": 125, "v": 133, "key": 0, "length": 220.6, "length_raw": 19229459.505074013}, "geometry": {"type": "LineString", "coordinates": [[18.6518092, 54.3345292], [18.6515116, 54.33462509999998], [18.6503523, 54.3349988], [18.6503114, 54.33501199999999], [18.6497778, 54.3351777], [18.6495083, 54.335269399999994], [18.6493806, 54.335317100000005], [18.6493092, 54.335358599999985], [18.64885815336526, 54.33551224878643]]}}, {"type": "Feature", "properties": {"u": 126, "v": 203, "key": 0, "length": 205.5, "length_raw": 16128785.901732516}, "geometry": {"type": "LineString", "coordinates": [[18.6601163, 54.3345417], [18.6621749, 54.33535260000001], [18.661786890282052, 54.335682114327106]]}}, {"type": "Feature", "properties": {"u": 127, "v": 128, "key": 0, "length": 506.9, "length_raw": 3406051.859040204}, "geometry": {"type": "LineString", "coordinates": [[18.625065000094796, 54.37160460000499], [18.6250405, 54.3717509], [18.629790700000004, 54.36893979999999], [18.6298744, 54.368891], [18.630094, 54.36876130000001], [18.630396895697334, 54.36863642079375]]}}, {"type": "Feature", "properties": {"u": 127, "v": 128, "key": 1, "length": 492.5, "length_raw": 3406051.859040204}, "geometry": {"type": "LineString", "coordinates": [[18.625065000094796, 54.37160460000499], [18.625089500000005, 54.37145830000001], [18.6256554, 54.3711251], [18.6272908, 54.37015509999999], [18.6276696, 54.36993039999999], [18.6278893, 54.3698004], [18.628014600000004, 54.3697262], [18.6283479, 54.36952999999999], [18.6295617, 54.3688072], [18.629640100000003, 54.368760099999996], [18.629834400000004, 54.36863030000001], [18.630396895697334, 54.36863642079375]]}}, {"type": "Feature", "properties": {"u": 128, "v": 129, "key": 0, "length": 250.8, "length_raw": 5067565.004696193}, "geometry": {"type": "LineString", "coordinates": [[18.630396895697334, 54.36863642079375], [18.6301833, 54.3683347], [18.6305162, 54.367981], [18.6306771, 54.3678611], [18.6308765, 54.3677525], [18.6311309, 54.36764370000001], [18.6316994, 54.36741380000001], [18.6321576, 54.36722760000001], [18.6324183, 54.36712039999999], [18.6325723, 54.367047299999996]]}}, {"type": "Feature", "properties": {"u": 128, "v": 130, "key": 0, "length": 562.0, "length_raw": 6578503.623951744}, "geometry": {"type": "LineString", "coordinates": [[18.630396895697334, 54.36863642079375], [18.6306325, 54.368443600000006], [18.632756, 54.36718429999999], [18.6332966, 54.36686439999998], [18.6333745, 54.3668174], [18.6342697, 54.36628660000001], [18.6356982, 54.365435999999995], [18.6362587, 54.36510410000001], [18.6364215, 54.3650042]]}}, {"type": "Feature", "properties": {"u": 128, "v": 131, "key": 0, "length": 615.9, "length_raw": 8969685.657612346}, "geometry": {"type": "LineString", "coordinates": [[18.630396895697334, 54.36863642079375], [18.6304623, 54.36896529999999], [18.6303234, 54.36904759999999], [18.6302397, 54.3690971], [18.6286982, 54.370019199999994], [18.6278979, 54.37050130000001], [18.6272441, 54.37088329999999], [18.6265807, 54.37127139999999], [18.626001000000002, 54.37161249999998], [18.6253074, 54.37202090000001], [18.6248152, 54.37231069999999], [18.6246945, 54.3723814], [18.6244438, 54.37252860000001], [18.624392, 54.372559], [18.6243788, 54.3725668], [18.6243717, 54.37257100000001], [18.624182299536905, 54.37247060014471]]}}, {"type": "Feature", "properties": {"u": 129, "v": 168, "key": 0, "length": 191.1, "length_raw": 7255221.035538445}, "geometry": {"type": "LineString", "coordinates": [[18.6325723, 54.367047299999996], [18.6327014, 54.36699010000001], [18.6327856, 54.3669485], [18.6331895, 54.366711800000004], [18.6333685, 54.3666073], [18.633677, 54.36642309999999], [18.6340262, 54.3662159], [18.634224, 54.366097500000016], [18.6342699, 54.366069800000005], [18.6343696, 54.366005900000005], [18.63466185120391, 54.365836400368316]]}}, {"type": "Feature", "properties": {"u": 130, "v": 132, "key": 0, "length": 172.4, "length_raw": 9175711.735757789}, "geometry": {"type": "LineString", "coordinates": [[18.6364215, 54.3650042], [18.6377279, 54.3642317], [18.6380213, 54.364057200000005], [18.638144093964296, 54.363847555262026]]}}, {"type": "Feature", "properties": {"u": 131, "v": 179, "key": 0, "length": 184.1, "length_raw": 14284213.244755546}, "geometry": {"type": "LineString", "coordinates": [[18.624182299536905, 54.37247060014471], [18.6243717, 54.37257100000001], [18.6243442, 54.3725871], [18.6234403, 54.3731195], [18.6231179, 54.3733096], [18.6225538, 54.37364229999999]]}}, {"type": "Feature", "properties": {"u": 131, "v": 180, "key": 0, "length": 128.1, "length_raw": 11096533.676475806}, "geometry": {"type": "LineString", "coordinates": [[18.624182299536905, 54.37247060014471], [18.6243717, 54.37257100000001], [18.6244333, 54.3726096], [18.624538, 54.37267539999999], [18.6246272, 54.3727341], [18.6248485, 54.372873999999996], [18.624897, 54.3729064], [18.6249863, 54.37296750000001], [18.6250614, 54.37303239999999], [18.6251306, 54.373117400000005], [18.6251618, 54.3731865], [18.62509470037761, 54.37340750002605]]}}, {"type": "Feature", "properties": {"u": 131, "v": 127, "key": 0, "length": 129.6, "length_raw": 11127735.134479444}, "geometry": {"type": "LineString", "coordinates": [[18.624182299536905, 54.37247060014471], [18.6239929, 54.37237019999999], [18.6243248, 54.3721717], [18.6248548, 54.37186009999999], [18.6250405, 54.3717509], [18.625065000094796, 54.37160460000499]]}}, {"type": "Feature", "properties": {"u": 132, "v": 38, "key": 0, "length": 400.1, "length_raw": 12325658.630197387}, "geometry": {"type": "LineString", "coordinates": [[18.638144093964296, 54.363847555262026], [18.6382879, 54.363647699999994], [18.6383531, 54.363608899999996], [18.6384816, 54.3635324], [18.6393819, 54.36299679999999], [18.639961, 54.36265229999999], [18.640594, 54.36227659999999], [18.6409194, 54.3620834], [18.6410727, 54.3619848], [18.6411832, 54.3619002], [18.6413043, 54.36178939999999], [18.6413996, 54.36168949999999], [18.6414772, 54.3616104], [18.641763, 54.36144590000001], [18.64207509378811, 54.361110807226375]]}}, {"type": "Feature", "properties": {"u": 132, "v": 38, "key": 1, "length": 448.3, "length_raw": 12325658.630197387}, "geometry": {"type": "LineString", "coordinates": [[18.638144093964296, 54.363847555262026], [18.6380213, 54.364057200000005], [18.6382201, 54.3639411], [18.6384837, 54.3637872], [18.6385708, 54.3637361], [18.6393087, 54.3632924], [18.6404178, 54.362630499999995], [18.6407886, 54.36240910000001], [18.6410045, 54.362257199999995], [18.6411789, 54.362109599999975], [18.6413377, 54.361952499999994], [18.6415442, 54.3617326], [18.6416, 54.36165770000001], [18.641763, 54.36144590000001], [18.64207509378811, 54.361110807226375]]}}, {"type": "Feature", "properties": {"u": 133, "v": 125, "key": 0, "length": 220.6, "length_raw": 19229459.505074013}, "geometry": {"type": "LineString", "coordinates": [[18.64885815336526, 54.33551224878643], [18.6493092, 54.335358599999985], [18.6493806, 54.335317100000005], [18.6495083, 54.335269399999994], [18.6497778, 54.3351777], [18.6503114, 54.33501199999999], [18.6503523, 54.3349988], [18.6515116, 54.33462509999998], [18.6518092, 54.3345292]]}}, {"type": "Feature", "properties": {"u": 133, "v": 134, "key": 0, "length": 589.0, "length_raw": 17071246.082225874}, "geometry": {"type": "LineString", "coordinates": [[18.64885815336526, 54.33551224878643], [18.6489331, 54.3359416], [18.6488786, 54.3360203], [18.6488085, 54.33609259999999], [18.6485674, 54.33630899999999], [18.6485483, 54.336326099999994], [18.6484014, 54.3364478], [18.648117100000004, 54.3366834], [18.6480269, 54.33677269999998], [18.6479668, 54.336859499999996], [18.6479375, 54.3369279], [18.64771, 54.33747639999999], [18.6475135, 54.337950299999996], [18.6474164, 54.33814950000001], [18.6473554, 54.338263], [18.6472855, 54.3383697], [18.6471841, 54.3385242], [18.6471516, 54.338570800000014], [18.6471478, 54.338577199999996], [18.6471414, 54.3385879], [18.6471342, 54.3385989], [18.647125, 54.33861279999999], [18.6471104, 54.3386349], [18.6470817, 54.338678399999985], [18.6469055, 54.3389527], [18.6466976, 54.33927349999999], [18.6466758, 54.3393197], [18.6466648, 54.33936659999999], [18.6466823, 54.339415699999996], [18.6467185, 54.339465000000004], [18.6470685, 54.33976800000001], [18.647306, 54.3399736], [18.647358100000005, 54.34001859999999], [18.6473865, 54.34004310000001], [18.6475718, 54.3402038], [18.647728100000002, 54.340342799999995]]}}, {"type": "Feature", "properties": {"u": 133, "v": 135, "key": 0, "length": 237.6, "length_raw": 13069762.341974968}, "geometry": {"type": "LineString", "coordinates": [[18.64885815336526, 54.33551224878643], [18.648364700000002, 54.3351879], [18.6480015, 54.3348907], [18.6478067, 54.3347227], [18.6466912, 54.3337915]]}}, {"type": "Feature", "properties": {"u": 134, "v": 192, "key": 0, "length": 319.7, "length_raw": 13332883.366321169}, "geometry": {"type": "LineString", "coordinates": [[18.647728100000002, 54.340342799999995], [18.6478092, 54.340428999999986], [18.6479573, 54.34056180000001], [18.6481623, 54.340754499999996], [18.6482408, 54.34082819999998], [18.6483756, 54.340955], [18.6485216, 54.34108189999999], [18.6488888, 54.34140099999999], [18.6484371, 54.341704699999994], [18.6483898, 54.341733299999994], [18.6479843, 54.34198239999999], [18.64691284032251, 54.34253415785603]]}}, {"type": "Feature", "properties": {"u": 134, "v": 133, "key": 0, "length": 589.0, "length_raw": 17071246.082225874}, "geometry": {"type": "LineString", "coordinates": [[18.647728100000002, 54.340342799999995], [18.6475718, 54.3402038], [18.6473865, 54.34004310000001], [18.647358100000005, 54.34001859999999], [18.647306, 54.3399736], [18.6470685, 54.33976800000001], [18.6467185, 54.339465000000004], [18.6466823, 54.339415699999996], [18.6466648, 54.33936659999999], [18.6466758, 54.3393197], [18.6466976, 54.33927349999999], [18.6469055, 54.3389527], [18.6470817, 54.338678399999985], [18.6471104, 54.3386349], [18.647125, 54.33861279999999], [18.6471342, 54.3385989], [18.6471414, 54.3385879], [18.6471478, 54.338577199999996], [18.6471516, 54.338570800000014], [18.6471841, 54.3385242], [18.6472855, 54.3383697], [18.6473554, 54.338263], [18.6474164, 54.33814950000001], [18.6475135, 54.337950299999996], [18.64771, 54.33747639999999], [18.6479375, 54.3369279], [18.6479668, 54.336859499999996], [18.6480269, 54.33677269999998], [18.648117100000004, 54.3366834], [18.6484014, 54.3364478], [18.6485483, 54.336326099999994], [18.6485674, 54.33630899999999], [18.6488085, 54.33609259999999], [18.6488786, 54.3360203], [18.6489331, 54.3359416], [18.64885815336526, 54.33551224878643]]}}, {"type": "Feature", "properties": {"u": 135, "v": 133, "key": 0, "length": 237.6, "length_raw": 13069762.341974968}, "geometry": {"type": "LineString", "coordinates": [[18.6466912, 54.3337915], [18.6478067, 54.3347227], [18.6480015, 54.3348907], [18.648364700000002, 54.3351879], [18.64885815336526, 54.33551224878643]]}}, {"type": "Feature", "properties": {"u": 135, "v": 339, "key": 0, "length": 194.6, "length_raw": 16772228.192448908}, "geometry": {"type": "LineString", "coordinates": [[18.6466912, 54.3337915], [18.646168300000003, 54.3333892], [18.645878, 54.3332148], [18.6457311, 54.3331268], [18.6450167, 54.3326985], [18.6449953, 54.3326857], [18.644612048679157, 54.33254490059728]]}}, {"type": "Feature", "properties": {"u": 136, "v": 137, "key": 0, "length": 103.6, "length_raw": 10839207.722162165}, "geometry": {"type": "LineString", "coordinates": [[18.66587187767985, 54.398157257150494], [18.666097, 54.39817419999999], [18.6661705, 54.3982229], [18.666339, 54.3983286], [18.6666889, 54.3985489], [18.6668812, 54.3986561], [18.6670634, 54.39873969999999]]}}, {"type": "Feature", "properties": {"u": 136, "v": 138, "key": 0, "length": 147.7, "length_raw": 6216708.308014179}, "geometry": {"type": "LineString", "coordinates": [[18.66587187767985, 54.398157257150494], [18.666097, 54.39817419999999], [18.6662114, 54.39810919999999], [18.6663149, 54.39805379999999], [18.6663919, 54.39801249999999], [18.6665165, 54.39796419999999], [18.666723, 54.3978916], [18.6670591, 54.39777479999999], [18.6675027, 54.397620700000004], [18.6677149, 54.397547], [18.6678032, 54.39751629999999]]}}, {"type": "Feature", "properties": {"u": 136, "v": 48, "key": 0, "length": 884.0, "length_raw": 17147816.062741403}, "geometry": {"type": "LineString", "coordinates": [[18.66587187767985, 54.398157257150494], [18.6656471, 54.3981419], [18.665469100000003, 54.3980126], [18.6639113, 54.3968812], [18.6613571, 54.39502250000001], [18.6605883, 54.3944625], [18.6599032, 54.39396300000001], [18.6575802, 54.392284999999994], [18.6575111, 54.392233999999995], [18.6573381, 54.39210229999999], [18.65744710012976, 54.39205315005069]]}}, {"type": "Feature", "properties": {"u": 136, "v": 139, "key": 0, "length": 155.3, "length_raw": 13556568.276947109}, "geometry": {"type": "LineString", "coordinates": [[18.66587187767985, 54.398157257150494], [18.6656471, 54.3981419], [18.6655202, 54.398222], [18.6653653, 54.3983341], [18.665316900000004, 54.39836919999999], [18.6651647, 54.3984686], [18.6649485, 54.3985862], [18.6641233, 54.39904080000001]]}}, {"type": "Feature", "properties": {"u": 137, "v": 140, "key": 0, "length": 208.1, "length_raw": 9953263.56396252}, "geometry": {"type": "LineString", "coordinates": [[18.6670634, 54.39873969999999], [18.6672183, 54.398785499999995], [18.6673781, 54.3988216], [18.6680439, 54.3989247], [18.668998800000004, 54.3990725], [18.6690925, 54.39908599999999], [18.669258, 54.39911109999999], [18.670152460085998, 54.39897332082161]]}}, {"type": "Feature", "properties": {"u": 138, "v": 136, "key": 0, "length": 147.7, "length_raw": 6216708.308014179}, "geometry": {"type": "LineString", "coordinates": [[18.6678032, 54.39751629999999], [18.6677149, 54.397547], [18.6675027, 54.397620700000004], [18.6670591, 54.39777479999999], [18.666723, 54.3978916], [18.6665165, 54.39796419999999], [18.6663919, 54.39801249999999], [18.6663149, 54.39805379999999], [18.6662114, 54.39810919999999], [18.666097, 54.39817419999999], [18.66587187767985, 54.398157257150494]]}}, {"type": "Feature", "properties": {"u": 138, "v": 141, "key": 0, "length": 171.6, "length_raw": 12947346.779526552}, "geometry": {"type": "LineString", "coordinates": [[18.6678032, 54.39751629999999], [18.6684757, 54.3972826], [18.670079600000005, 54.39672529999999]]}}, {"type": "Feature", "properties": {"u": 139, "v": 64, "key": 0, "length": 95.6, "length_raw": 6609149.714988774}, "geometry": {"type": "LineString", "coordinates": [[18.6641233, 54.39904080000001], [18.6631542, 54.399573999999994], [18.6630474, 54.39963]]}}, {"type": "Feature", "properties": {"u": 139, "v": 136, "key": 0, "length": 155.3, "length_raw": 13556568.276947109}, "geometry": {"type": "LineString", "coordinates": [[18.6641233, 54.39904080000001], [18.6649485, 54.3985862], [18.6651647, 54.3984686], [18.665316900000004, 54.39836919999999], [18.6653653, 54.3983341], [18.6655202, 54.398222], [18.6656471, 54.3981419], [18.66587187767985, 54.398157257150494]]}}, {"type": "Feature", "properties": {"u": 140, "v": 201, "key": 0, "length": 267.7, "length_raw": 16547070.939766288}, "geometry": {"type": "LineString", "coordinates": [[18.670152460085998, 54.39897332082161], [18.6718205, 54.398463299999996], [18.6722922, 54.39830490000001], [18.6732474, 54.397984], [18.6735189, 54.397900299999996], [18.6736201, 54.3978738], [18.6737898, 54.39782999999999]]}}, {"type": "Feature", "properties": {"u": 140, "v": 202, "key": 0, "length": 213.9, "length_raw": 8368799.963122078}, "geometry": {"type": "LineString", "coordinates": [[18.670152460085998, 54.39897332082161], [18.668869500000003, 54.39916], [18.6687792, 54.3991463], [18.668328900000002, 54.3990786], [18.6671471, 54.398901000000016], [18.6669569, 54.3988588]]}}, {"type": "Feature", "properties": {"u": 141, "v": 138, "key": 0, "length": 171.6, "length_raw": 12947346.779526552}, "geometry": {"type": "LineString", "coordinates": [[18.670079600000005, 54.39672529999999], [18.6684757, 54.3972826], [18.6678032, 54.39751629999999]]}}, {"type": "Feature", "properties": {"u": 141, "v": 313, "key": 0, "length": 210.3, "length_raw": 3528073.3801017334}, "geometry": {"type": "LineString", "coordinates": [[18.670079600000005, 54.39672529999999], [18.6703293, 54.3966385], [18.671316, 54.3962957], [18.6720442, 54.396042699999995], [18.6724306, 54.39590840000001], [18.67283933880243, 54.395730258473584]]}}, {"type": "Feature", "properties": {"u": 142, "v": 143, "key": 0, "length": 254.2, "length_raw": 9199596.065140042}, "geometry": {"type": "LineString", "coordinates": [[18.67938395550833, 54.378441283704184], [18.6785588, 54.378659799999994], [18.678335000000004, 54.3786795], [18.6782427, 54.37870830000001], [18.6780523, 54.37879029999999], [18.677835, 54.3788655], [18.677512300000004, 54.378958], [18.6773198, 54.3790059], [18.6772466, 54.3790198], [18.6771026, 54.379047199999995], [18.6769145, 54.3790689], [18.6766681, 54.3790922], [18.6763722, 54.3791143], [18.676191400000004, 54.379126500000005], [18.6761132, 54.379124], [18.6759182, 54.3791177], [18.6757138, 54.379111099999996]]}}, {"type": "Feature", "properties": {"u": 142, "v": 144, "key": 0, "length": 490.7, "length_raw": 5605360.785485734}, "geometry": {"type": "LineString", "coordinates": [[18.67938395550833, 54.378441283704184], [18.6791491, 54.377998100000006], [18.6793131, 54.377925000000005], [18.6793775, 54.377869600000004], [18.6794317, 54.3777672], [18.6795038, 54.37758139999999], [18.679595, 54.37743369999998], [18.679721600000004, 54.377275], [18.6798772, 54.37713200000001], [18.6801884, 54.3769171], [18.6815794, 54.3759999], [18.6821437, 54.3756299], [18.6827319, 54.3752217], [18.68252870005866, 54.37480805159069]]}}, {"type": "Feature", "properties": {"u": 142, "v": 145, "key": 0, "length": 1121.4, "length_raw": 6737825.034828122}, "geometry": {"type": "LineString", "coordinates": [[18.67938395550833, 54.378441283704184], [18.6799086, 54.37909129999999], [18.6799199, 54.3793866], [18.6799587, 54.37955509999999], [18.6800015, 54.37965749999999], [18.680097, 54.379821], [18.6801897, 54.379926600000005], [18.6802314, 54.3799712], [18.6804739, 54.38023079999999], [18.6806224, 54.380389799999996], [18.681049, 54.3808449], [18.6812744, 54.381098800000004], [18.681391100000003, 54.38124759999999], [18.6815973, 54.38152579999999], [18.6834477, 54.38414819999999], [18.6854655, 54.3870133], [18.6859724, 54.3877294]]}}, {"type": "Feature", "properties": {"u": 143, "v": 146, "key": 0, "length": 1680.2, "length_raw": 16432969.201135194}, "geometry": {"type": "LineString", "coordinates": [[18.6757138, 54.379111099999996], [18.6752382, 54.379191299999995], [18.6751524, 54.379206], [18.6747665, 54.37927160000001], [18.6742671, 54.37935679999999], [18.6735484, 54.37947929999999], [18.6734585, 54.3794956], [18.6731729, 54.37954700000001], [18.6727638, 54.3796265], [18.672378200000004, 54.37970670000001], [18.672118300000005, 54.379765599999985], [18.6717727, 54.379848499999994], [18.6716008, 54.3798924], [18.6715133, 54.3799147], [18.6712466, 54.3799878], [18.6709962, 54.3800602], [18.670691, 54.3801587], [18.670401, 54.38025799999999], [18.6700937, 54.3803697], [18.6691915, 54.3807043], [18.6682211, 54.381090799999996], [18.6659418, 54.3819881], [18.6637197, 54.382863], [18.6621813, 54.38346869999999], [18.660442900000003, 54.38415299999999], [18.6589624, 54.38473589999999], [18.6574687, 54.3853239], [18.655503700000004, 54.386087200000006], [18.6544005, 54.38651569999999], [18.6535826, 54.3868368]]}}, {"type": "Feature", "properties": {"u": 144, "v": 147, "key": 0, "length": 274.6, "length_raw": 8731571.63272475}, "geometry": {"type": "LineString", "coordinates": [[18.68252870005866, 54.37480805159069], [18.6833067, 54.3745428], [18.6834747, 54.3740495], [18.6835314, 54.37379190000001], [18.6837263, 54.37305059999999], [18.6838131, 54.37278129999999], [18.683968800000002, 54.37265250000001]]}}, {"type": "Feature", "properties": {"u": 144, "v": 148, "key": 0, "length": 355.6, "length_raw": 14898417.604782214}, "geometry": {"type": "LineString", "coordinates": [[18.68252870005866, 54.37480805159069], [18.6815897, 54.37469369999999], [18.6814799, 54.3747284], [18.6814079, 54.3747612], [18.6813161, 54.3748139], [18.6812427, 54.37487159999999], [18.6811745, 54.374947099999986], [18.6811367, 54.3750215], [18.6811223, 54.37509260000001], [18.6811228, 54.37517609999999], [18.6811502, 54.37578909999999], [18.6811686, 54.375864299999996], [18.6812106, 54.3759514], [18.681259900000004, 54.3760197], [18.6813318, 54.3760986], [18.6813975, 54.37614949999998], [18.6814563, 54.37618669999999], [18.6823147, 54.37664149999999], [18.682456, 54.37672859999999], [18.682730404705826, 54.37684068647782]]}}, {"type": "Feature", "properties": {"u": 145, "v": 282, "key": 0, "length": 878.5, "length_raw": 1224873.2822233061}, "geometry": {"type": "LineString", "coordinates": [[18.6859724, 54.3877294], [18.686091700000002, 54.38789890000001], [18.6873316, 54.389672600000004], [18.6875028, 54.3899914], [18.6876527, 54.390338799999995], [18.6877372, 54.3906481], [18.687797, 54.3910326], [18.6880937, 54.39326139999998], [18.6881433, 54.39363610000001], [18.6881968, 54.3940558], [18.6883784, 54.395430899999994]]}}, {"type": "Feature", "properties": {"u": 145, "v": 142, "key": 0, "length": 1121.4, "length_raw": 6737825.034828122}, "geometry": {"type": "LineString", "coordinates": [[18.6859724, 54.3877294], [18.6854655, 54.3870133], [18.6834477, 54.38414819999999], [18.6815973, 54.38152579999999], [18.681391100000003, 54.38124759999999], [18.6812744, 54.381098800000004], [18.681049, 54.3808449], [18.6806224, 54.380389799999996], [18.6804739, 54.38023079999999], [18.6802314, 54.3799712], [18.6801897, 54.379926600000005], [18.680097, 54.379821], [18.6800015, 54.37965749999999], [18.6799587, 54.37955509999999], [18.6799199, 54.3793866], [18.6799086, 54.37909129999999], [18.67938395550833, 54.378441283704184]]}}, {"type": "Feature", "properties": {"u": 146, "v": 45, "key": 0, "length": 262.6, "length_raw": 6638332.367693362}, "geometry": {"type": "LineString", "coordinates": [[18.6535826, 54.3868368], [18.6533194, 54.3870141], [18.6531554, 54.38710280000001], [18.6530077, 54.3871775], [18.6512855, 54.387847199999996], [18.6511845, 54.387886599999995], [18.6510838, 54.3879354], [18.6501741705422, 54.38794028369756]]}}, {"type": "Feature", "properties": {"u": 146, "v": 49, "key": 0, "length": 582.6, "length_raw": 11867595.71802948}, "geometry": {"type": "LineString", "coordinates": [[18.6535826, 54.3868368], [18.6530941, 54.3870266], [18.6530158, 54.387057], [18.6513358, 54.3877097], [18.6512248, 54.3877529], [18.6511431, 54.387784599999996], [18.650964, 54.38785420000001], [18.6508183, 54.38791079999999], [18.6506487, 54.3879767], [18.6501614, 54.38816609999999], [18.6500231, 54.38821980000001], [18.6497369, 54.38833100000001], [18.6495535, 54.388402199999994], [18.649477, 54.388432], [18.6493682, 54.388474200000005], [18.6492423, 54.38852310000001], [18.6483726, 54.388866], [18.6478542, 54.38908469999999], [18.6475065, 54.389235], [18.6471714, 54.389384299999996], [18.6468956, 54.389512], [18.6465497, 54.3896755], [18.646216200000005, 54.389839899999984]]}}, {"type": "Feature", "properties": {"u": 147, "v": 68, "key": 0, "length": 359.6, "length_raw": 6218627.823131072}, "geometry": {"type": "LineString", "coordinates": [[18.683968800000002, 54.37265250000001], [18.6840447, 54.372346499999985], [18.684189, 54.371880999999995], [18.6843439, 54.3714985], [18.6845495, 54.3710675], [18.6847183, 54.370773299999996], [18.6848766, 54.3705181], [18.684878700000002, 54.37036749999999], [18.6850524, 54.37004679999999], [18.685166, 54.3698369], [18.685196, 54.36975329999999], [18.6851845, 54.3696781], [18.6851567, 54.369630199999996], [18.685115100000004, 54.36958709999999], [18.6850595, 54.36956649999999], [18.6850218, 54.369557500000006]]}}, {"type": "Feature", "properties": {"u": 148, "v": 149, "key": 0, "length": 254.0, "length_raw": 17275163.266631562}, "geometry": {"type": "LineString", "coordinates": [[18.682730404705826, 54.37684068647782], [18.6830213, 54.376812099999995], [18.683063, 54.37678470000001], [18.684478, 54.375797], [18.6845449, 54.37575039999999], [18.6846843, 54.37564389999999], [18.6847565, 54.375578299999994], [18.6848074, 54.3755202], [18.6848392, 54.37546100000001], [18.6848542, 54.3753977], [18.6848532, 54.37534399999999], [18.6848321, 54.3752792], [18.6847805, 54.37520649999999], [18.684703800000005, 54.375141299999996], [18.6846463, 54.3751068]]}}, {"type": "Feature", "properties": {"u": 148, "v": 150, "key": 0, "length": 695.5, "length_raw": 8608210.218504421}, "geometry": {"type": "LineString", "coordinates": [[18.682730404705826, 54.37684068647782], [18.682824, 54.37695419999999], [18.6829741, 54.37705590000001], [18.6831142, 54.37719620000001], [18.6832663, 54.37738629999999], [18.683577, 54.3778476], [18.6837183, 54.3780348], [18.6838571, 54.37819189999998], [18.6839045, 54.3782415], [18.6839493, 54.3782859], [18.6840006, 54.37833429999999], [18.6840725, 54.378398600000004], [18.684188200000005, 54.3784944], [18.6842968, 54.37857519999999], [18.6843442, 54.3786096], [18.6843985, 54.3786471], [18.6844598, 54.37868739999998], [18.6845353, 54.37873619999999], [18.6845914, 54.378770599999996], [18.6846513, 54.3788057], [18.6847232, 54.37884629999999], [18.6847732, 54.3788737], [18.6848215, 54.3788989], [18.6849065, 54.37894279999999], [18.6850012, 54.3789883], [18.6850912, 54.379029599999996], [18.685183, 54.37906980000001], [18.6852737, 54.3791076], [18.6853575, 54.37914049999999], [18.6854648, 54.37918069999999], [18.6855575, 54.37921319999999], [18.6856538, 54.37924569999999], [18.6857742, 54.379283], [18.6859125, 54.3793227], [18.6860071, 54.3793483], [18.686090400000005, 54.37936969999999], [18.6861944, 54.37939480000001], [18.6862848, 54.3794147], [18.6863763, 54.37943419999999], [18.6865005, 54.379459], [18.6866147, 54.3794794], [18.6867115, 54.37949489999999], [18.6868219, 54.37951129999999], [18.6869275, 54.37952509999999], [18.687032200000004, 54.3795374], [18.6871075, 54.379545699999994], [18.6871838, 54.379552999999994], [18.6872592, 54.3795594], [18.6873547, 54.37956640000001], [18.6874478, 54.37957219999999], [18.6875445, 54.3795772], [18.687628100000005, 54.37958020000001], [18.6877099, 54.379582899999996], [18.6877998, 54.3795849], [18.6879129, 54.3795866], [18.6880267, 54.379586999999994], [18.6881245, 54.3795868], [18.6883239, 54.379585], [18.6885137, 54.3795827], [18.6890704, 54.37957449999999], [18.6899181, 54.379566100000005], [18.6901889, 54.3795714], [18.6905557, 54.37958849999998], [18.690665800000005, 54.379596299999996], [18.6910419, 54.379622899999994], [18.69111364998771, 54.37962960002122]]}}, {"type": "Feature", "properties": {"u": 148, "v": 144, "key": 0, "length": 355.6, "length_raw": 14898417.604782214}, "geometry": {"type": "LineString", "coordinates": [[18.682730404705826, 54.37684068647782], [18.682456, 54.37672859999999], [18.6823147, 54.37664149999999], [18.6814563, 54.37618669999999], [18.6813975, 54.37614949999998], [18.6813318, 54.3760986], [18.681259900000004, 54.3760197], [18.6812106, 54.3759514], [18.6811686, 54.375864299999996], [18.6811502, 54.37578909999999], [18.6811228, 54.37517609999999], [18.6811223, 54.37509260000001], [18.6811367, 54.3750215], [18.6811745, 54.374947099999986], [18.6812427, 54.37487159999999], [18.6813161, 54.3748139], [18.6814079, 54.3747612], [18.6814799, 54.3747284], [18.6815897, 54.37469369999999], [18.68252870005866, 54.37480805159069]]}}, {"type": "Feature", "properties": {"u": 149, "v": 303, "key": 0, "length": 140.8, "length_raw": 4355139.704737622}, "geometry": {"type": "LineString", "coordinates": [[18.6846463, 54.3751068], [18.6844614, 54.37504999999999], [18.6843464, 54.375032299999994], [18.6842121, 54.37502760000001], [18.6840865, 54.3750385], [18.6839446, 54.375072800000005], [18.6837831, 54.375144899999995], [18.6835475, 54.37533260000001], [18.68375500242925, 54.37486530021837]]}}, {"type": "Feature", "properties": {"u": 149, "v": 148, "key": 0, "length": 254.0, "length_raw": 17275163.266631562}, "geometry": {"type": "LineString", "coordinates": [[18.6846463, 54.3751068], [18.684703800000005, 54.375141299999996], [18.6847805, 54.37520649999999], [18.6848321, 54.3752792], [18.6848532, 54.37534399999999], [18.6848542, 54.3753977], [18.6848392, 54.37546100000001], [18.6848074, 54.3755202], [18.6847565, 54.375578299999994], [18.6846843, 54.37564389999999], [18.6845449, 54.37575039999999], [18.684478, 54.375797], [18.683063, 54.37678470000001], [18.6830213, 54.376812099999995], [18.682730404705826, 54.37684068647782]]}}, {"type": "Feature", "properties": {"u": 150, "v": 240, "key": 0, "length": 670.8, "length_raw": 13651708.348587729}, "geometry": {"type": "LineString", "coordinates": [[18.69111364998771, 54.37962960002122], [18.6911854, 54.37963630000001], [18.6916785, 54.3796942], [18.6923632, 54.379795699999995], [18.6938191, 54.3800122], [18.6943411, 54.3800901], [18.6951158, 54.3802048], [18.6955481, 54.38026959999999], [18.6958173, 54.38031], [18.6961451, 54.3803693], [18.6964147, 54.38043499999999], [18.6967278, 54.3805324], [18.6969625, 54.3806228], [18.6971689, 54.380716099999994], [18.6974212, 54.380851899999996], [18.6976004, 54.3809687], [18.6981402, 54.38137960000001], [18.6983181, 54.3815182], [18.6985596, 54.3816983], [18.6988217, 54.381845999999996], [18.6989172, 54.38189679999999], [18.6991652, 54.38200249999999], [18.6993574, 54.382073199999994], [18.6996494, 54.3821626], [18.6997342, 54.382192999999994], [18.7000148, 54.38229380000001]]}}, {"type": "Feature", "properties": {"u": 151, "v": 152, "key": 0, "length": 124.6, "length_raw": 11214517.39040431}, "geometry": {"type": "LineString", "coordinates": [[18.636161250047913, 54.38958875002246], [18.6362341, 54.389561500000006], [18.6371317, 54.39043689999999], [18.6370563000465, 54.39046250002406]]}}, {"type": "Feature", "properties": {"u": 151, "v": 115, "key": 0, "length": 221.5, "length_raw": 10515880.61555794}, "geometry": {"type": "LineString", "coordinates": [[18.636161250047913, 54.38958875002246], [18.6360884, 54.38961599999998], [18.6358918, 54.38942749999999], [18.6357872, 54.389338], [18.6352712, 54.3889653], [18.634816000000004, 54.388635400000005], [18.6347555, 54.3885729], [18.6347093, 54.38850709999999], [18.6346802, 54.388443699999996], [18.634664000000004, 54.388372700000005], [18.634664000000004, 54.38830149999999], [18.6346787, 54.38821990000001], [18.6347052, 54.38816179999999], [18.6347575, 54.3880876], [18.6347829, 54.3880609], [18.6348479, 54.38800369999999], [18.63490369997168, 54.38802440001263]]}}, {"type": "Feature", "properties": {"u": 152, "v": 153, "key": 0, "length": 105.0, "length_raw": 8383519.2816594625}, "geometry": {"type": "LineString", "coordinates": [[18.6370563000465, 54.39046250002406], [18.6371317, 54.39043689999999], [18.6376946, 54.3909876], [18.6378656, 54.391167900000006], [18.63779410003703, 54.39118945002157]]}}, {"type": "Feature", "properties": {"u": 152, "v": 151, "key": 0, "length": 124.1, "length_raw": 11214517.39040431}, "geometry": {"type": "LineString", "coordinates": [[18.6370563000465, 54.39046250002406], [18.6369809, 54.390488100000006], [18.6360884, 54.38961599999998], [18.636161250047913, 54.38958875002246]]}}, {"type": "Feature", "properties": {"u": 153, "v": 193, "key": 0, "length": 181.7, "length_raw": 11982115.048459152}, "geometry": {"type": "LineString", "coordinates": [[18.63779410003703, 54.39118945002157], [18.6378656, 54.391167900000006], [18.6387094, 54.392104399999994], [18.638908, 54.39227129999999], [18.638999000000002, 54.392345299999995], [18.6391836, 54.392495399999994], [18.639112600052233, 54.392525800021495]]}}, {"type": "Feature", "properties": {"u": 153, "v": 152, "key": 0, "length": 104.5, "length_raw": 8383519.2816594625}, "geometry": {"type": "LineString", "coordinates": [[18.63779410003703, 54.39118945002157], [18.6377226, 54.39121099999999], [18.6369809, 54.390488100000006], [18.6370563000465, 54.39046250002406]]}}, {"type": "Feature", "properties": {"u": 154, "v": 155, "key": 0, "length": 223.5, "length_raw": 10908678.137778213}, "geometry": {"type": "LineString", "coordinates": [[18.6761894, 54.4010276], [18.6760043, 54.4011145], [18.6758184, 54.4011684], [18.6755852, 54.40123390000001], [18.674442600000003, 54.401554999999995], [18.6737867, 54.4017366], [18.6735568, 54.4017869], [18.6732927, 54.40182639999999], [18.6731736, 54.401843299999996], [18.67306425003616, 54.401857400049856]]}}, {"type": "Feature", "properties": {"u": 155, "v": 156, "key": 0, "length": 94.6, "length_raw": 9806926.243251998}, "geometry": {"type": "LineString", "coordinates": [[18.67306425003616, 54.401857400049856], [18.6729549, 54.4018715], [18.67247, 54.401934], [18.6716275, 54.40201299999999]]}}, {"type": "Feature", "properties": {"u": 156, "v": 175, "key": 0, "length": 243.0, "length_raw": 7368026.524344851}, "geometry": {"type": "LineString", "coordinates": [[18.6716275, 54.40201299999999], [18.6715182, 54.40202469999999], [18.6706789, 54.4021142], [18.6701699, 54.4021685], [18.6700317, 54.402183199999996], [18.6699385, 54.40219309999999], [18.6688062, 54.40231390000001], [18.668199100000002, 54.40237859999999], [18.6680475, 54.4023947], [18.6679347, 54.402406799999994]]}}, {"type": "Feature", "properties": {"u": 157, "v": 158, "key": 0, "length": 92.7, "length_raw": 7767847.671090656}, "geometry": {"type": "LineString", "coordinates": [[18.7079644, 54.3611222], [18.7079812, 54.361035300000005], [18.7080189, 54.36096329999999], [18.7080659, 54.3608951], [18.7081122, 54.3608527], [18.7081604, 54.360819899999996], [18.7084613, 54.360642799999994], [18.7085589, 54.360614100000014], [18.7086799, 54.36058520000001], [18.7088612, 54.360540300000004]]}}, {"type": "Feature", "properties": {"u": 157, "v": 96, "key": 0, "length": 252.6, "length_raw": 18845061.01608678}, "geometry": {"type": "LineString", "coordinates": [[18.7079644, 54.3611222], [18.7078052, 54.3612154], [18.7077407, 54.3612531], [18.7057364, 54.3624392], [18.7053846, 54.362638999999994], [18.70519705036869, 54.36272030014994]]}}, {"type": "Feature", "properties": {"u": 158, "v": 157, "key": 0, "length": 87.2, "length_raw": 7767847.671090656}, "geometry": {"type": "LineString", "coordinates": [[18.7088612, 54.360540300000004], [18.7088262, 54.360566799999994], [18.7086825, 54.3606943], [18.7079644, 54.3611222]]}}, {"type": "Feature", "properties": {"u": 158, "v": 159, "key": 0, "length": 161.1, "length_raw": 10726145.578346584}, "geometry": {"type": "LineString", "coordinates": [[18.7088612, 54.360540300000004], [18.7089255, 54.3605259], [18.709116600000005, 54.36050139999999], [18.7092524, 54.36050010000001], [18.7093479, 54.3605073], [18.7094992, 54.3605344], [18.709791100000004, 54.360621699999996], [18.7107263, 54.3609103], [18.7109525, 54.3609719], [18.7111357, 54.3610109]]}}, {"type": "Feature", "properties": {"u": 159, "v": 232, "key": 0, "length": 109.8, "length_raw": 3216869.8009704626}, "geometry": {"type": "LineString", "coordinates": [[18.7111357, 54.3610109], [18.711393100000002, 54.36105930000001], [18.7115533, 54.361083699999995], [18.7119152, 54.36112469999999], [18.7123417, 54.361169899999986], [18.712790349465024, 54.36121685082933]]}}, {"type": "Feature", "properties": {"u": 159, "v": 158, "key": 0, "length": 161.1, "length_raw": 10726145.578346584}, "geometry": {"type": "LineString", "coordinates": [[18.7111357, 54.3610109], [18.7109525, 54.3609719], [18.7107263, 54.3609103], [18.709791100000004, 54.360621699999996], [18.7094992, 54.3605344], [18.7093479, 54.3605073], [18.7092524, 54.36050010000001], [18.709116600000005, 54.36050139999999], [18.7089255, 54.3605259], [18.7088612, 54.360540300000004]]}}, {"type": "Feature", "properties": {"u": 160, "v": 128, "key": 0, "length": 312.3, "length_raw": 9628911.733088886}, "geometry": {"type": "LineString", "coordinates": [[18.6264353, 54.367162699999994], [18.6265176, 54.367176599999986], [18.6266017, 54.367195900000006], [18.6267665, 54.36724540000001], [18.6269593, 54.3673102], [18.6273724, 54.36744560000001], [18.6276156, 54.36752419999999], [18.6277785, 54.367578600000016], [18.6282034, 54.36771540000001], [18.6284614, 54.3678012], [18.6290907, 54.3680052], [18.6294102, 54.36810869999999], [18.6294412, 54.3681188], [18.6299226, 54.3682747], [18.6299831, 54.3682921], [18.6301191, 54.36832739999999], [18.6301833, 54.3683347], [18.630396895697334, 54.36863642079375]]}}, {"type": "Feature", "properties": {"u": 161, "v": 162, "key": 0, "length": 88.0, "length_raw": 4493902.774025835}, "geometry": {"type": "LineString", "coordinates": [[18.6645875, 54.4009652], [18.6647827, 54.40086959999999], [18.6650214, 54.4007874], [18.6654173, 54.40065089999999], [18.6654552, 54.4006379], [18.6657332, 54.400542099999996]]}}, {"type": "Feature", "properties": {"u": 162, "v": 163, "key": 0, "length": 109.3, "length_raw": 10235438.186467705}, "geometry": {"type": "LineString", "coordinates": [[18.6657332, 54.400542099999996], [18.6658801, 54.400491499999994], [18.6670278, 54.40009599999999], [18.6671867, 54.4000413]]}}, {"type": "Feature", "properties": {"u": 163, "v": 140, "key": 0, "length": 225.8, "length_raw": 5957170.163344566}, "geometry": {"type": "LineString", "coordinates": [[18.6671867, 54.4000413], [18.6673184, 54.39999590000001], [18.668350500000003, 54.399640299999994], [18.6687692, 54.39949599999999], [18.670152460085998, 54.39897332082161]]}}, {"type": "Feature", "properties": {"u": 164, "v": 101, "key": 0, "length": 555.4, "length_raw": 5264871.981892249}, "geometry": {"type": "LineString", "coordinates": [[18.6741765, 54.349216], [18.673764200000004, 54.3491699], [18.6721618, 54.3489504], [18.6710226, 54.34879780000001], [18.6707876, 54.34876479999999], [18.6705849, 54.34873279999999], [18.6704259, 54.348698799999994], [18.6702795, 54.3486553], [18.6701312, 54.34860160000001], [18.6698476, 54.348480200000004], [18.6697022, 54.34840899999999], [18.669585, 54.34833450000001], [18.6695072, 54.34826309999999], [18.6694237, 54.3481801], [18.6693562, 54.348104000000006], [18.6692743, 54.34798179999999], [18.6692049, 54.3478437], [18.6691694, 54.347733299999994], [18.6691399, 54.3476159], [18.6689365, 54.34696559999999], [18.6688645, 54.3467802], [18.6688123, 54.3466841], [18.6687292, 54.34653120000001], [18.6685861, 54.3462973]]}}, {"type": "Feature", "properties": {"u": 164, "v": 102, "key": 0, "length": 100.8, "length_raw": 1051064.0782109827}, "geometry": {"type": "LineString", "coordinates": [[18.6741765, 54.349216], [18.6736777, 54.3492208], [18.6731656, 54.349158999999986], [18.6726433, 54.34909699999999]]}}, {"type": "Feature", "properties": {"u": 165, "v": 251, "key": 0, "length": 357.5, "length_raw": 10808881.420184046}, "geometry": {"type": "LineString", "coordinates": [[18.663410954317698, 54.34460359936925], [18.6632199, 54.3443781], [18.6634972, 54.344377299999984], [18.6637312, 54.34439509999999], [18.6639443, 54.3444231], [18.6641343, 54.34445550000001], [18.664869400000004, 54.34460439999999], [18.665347, 54.344701499999985], [18.6669638, 54.3450557], [18.6673698, 54.345166199999994], [18.6675312, 54.345222799999995], [18.6677289, 54.345301500000005], [18.6678226, 54.34533869999999], [18.6679404, 54.345397]]}}, {"type": "Feature", "properties": {"u": 165, "v": 252, "key": 0, "length": 104.0, "length_raw": 10052842.332565794}, "geometry": {"type": "LineString", "coordinates": [[18.663410954317698, 54.34460359936925], [18.6632199, 54.3443781], [18.6631835, 54.3443103], [18.6631263, 54.344200599999986], [18.66311, 54.34416879999999], [18.6630456, 54.34404489999999], [18.6628899, 54.3437223]]}}, {"type": "Feature", "properties": {"u": 165, "v": 248, "key": 0, "length": 510.6, "length_raw": 14325179.784291102}, "geometry": {"type": "LineString", "coordinates": [[18.663410954317698, 54.34460359936925], [18.663345, 54.3446388], [18.663255, 54.34463579999999], [18.6630387, 54.344633], [18.6629174, 54.3446333], [18.6628317, 54.344635], [18.6625989, 54.344644], [18.6624181, 54.34465960000001], [18.6621309, 54.344692499999994], [18.6604838, 54.344958799999986], [18.6598421, 54.345062999999996], [18.6591026, 54.3451832], [18.658687100000005, 54.34525820000001], [18.6583481, 54.34532930000001], [18.6579461, 54.3454114], [18.657417, 54.3455085], [18.6571171, 54.3455574], [18.6567504, 54.345611], [18.6565688, 54.3456357], [18.656265400000002, 54.34567469999999], [18.6562008, 54.3456829], [18.655959900000003, 54.3457127], [18.655906149897678, 54.34563285001143]]}}, {"type": "Feature", "properties": {"u": 166, "v": 170, "key": 0, "length": 287.8, "length_raw": 9623944.38845545}, "geometry": {"type": "LineString", "coordinates": [[18.622299449899607, 54.399404100091694], [18.622449, 54.39943099999999], [18.6224479, 54.39954319999999], [18.6224417, 54.40015449999999], [18.6224384, 54.40046389999999], [18.6224384, 54.40067229999999], [18.6224636, 54.4009056], [18.6224933, 54.40106469999999], [18.6225097, 54.40112659999999], [18.622534700000003, 54.4012043], [18.6225617, 54.4012804], [18.6226031, 54.40137149999999], [18.622690760610507, 54.40191733837143]]}}, {"type": "Feature", "properties": {"u": 166, "v": 67, "key": 0, "length": 245.4, "length_raw": 13859110.799427059}, "geometry": {"type": "LineString", "coordinates": [[18.622299449899607, 54.399404100091694], [18.622149900000004, 54.3993772], [18.622156500000003, 54.39913750000001], [18.6221624, 54.398299], [18.6221689, 54.39763849999999], [18.6221712, 54.397403399999995], [18.622321548610053, 54.397291840748956]]}}, {"type": "Feature", "properties": {"u": 166, "v": 342, "key": 0, "length": 80.8, "length_raw": 8733875.746979365}, "geometry": {"type": "LineString", "coordinates": [[18.622299449899607, 54.399404100091694], [18.622149900000004, 54.3993772], [18.6219627, 54.39932850000002], [18.6218605, 54.3992915], [18.6217446, 54.3992429], [18.6212694, 54.399007399999995]]}}, {"type": "Feature", "properties": {"u": 167, "v": 286, "key": 0, "length": 273.2, "length_raw": 9613364.949559499}, "geometry": {"type": "LineString", "coordinates": [[18.622197, 54.394538], [18.6221977, 54.39437519999999], [18.6221997, 54.393867599999986], [18.6222004, 54.39370129999999], [18.6222112, 54.392663299999995], [18.6222139, 54.3922434], [18.622217, 54.3920809]]}}, {"type": "Feature", "properties": {"u": 168, "v": 314, "key": 0, "length": 146.1, "length_raw": 14758017.151260978}, "geometry": {"type": "LineString", "coordinates": [[18.63466185120391, 54.365836400368316], [18.6349541, 54.3656669], [18.6352823, 54.36546659999999], [18.6354794, 54.365350600000006], [18.636108, 54.364979000000005], [18.6362443, 54.36490009999998]]}}, {"type": "Feature", "properties": {"u": 169, "v": 170, "key": 0, "length": 241.2, "length_raw": 12203685.281307334}, "geometry": {"type": "LineString", "coordinates": [[18.6211307, 54.4037611], [18.6211747, 54.40363839999999], [18.6212631, 54.40349909999999], [18.6213529, 54.403306799999996], [18.6215628, 54.4028184], [18.6216829, 54.40258599999999], [18.6218406, 54.40236289999999], [18.6220085, 54.40218539999999], [18.6220747, 54.40212739999998], [18.6222373, 54.401997599999994], [18.622690760610507, 54.40191733837143]]}}, {"type": "Feature", "properties": {"u": 170, "v": 166, "key": 0, "length": 332.8, "length_raw": 9623944.38845545}, "geometry": {"type": "LineString", "coordinates": [[18.622690760610507, 54.40191733837143], [18.6222373, 54.401997599999994], [18.6222038, 54.401927699999995], [18.6221832, 54.40187439999999], [18.6221582, 54.4017666], [18.6221329, 54.401619999999994], [18.622131, 54.40130899999999], [18.6221384, 54.4002379], [18.6221473, 54.39957450000001], [18.622148, 54.39952009999999], [18.622149900000004, 54.3993772], [18.622299449899607, 54.399404100091694]]}}, {"type": "Feature", "properties": {"u": 170, "v": 171, "key": 0, "length": 308.4, "length_raw": 4124870.783668545}, "geometry": {"type": "LineString", "coordinates": [[18.622690760610507, 54.40191733837143], [18.6230698, 54.4020847], [18.6231007, 54.4021364], [18.6231606, 54.4022455], [18.6232079, 54.4023521], [18.6232387, 54.4024214], [18.6233853, 54.4027461], [18.6234497, 54.4028679], [18.623530700000003, 54.402991599999986], [18.6239705, 54.40362889999999], [18.6240973, 54.40380959999999], [18.6244521, 54.404327800000004], [18.6245211, 54.4044304]]}}, {"type": "Feature", "properties": {"u": 170, "v": 172, "key": 0, "length": 352.4, "length_raw": 16392280.404840082}, "geometry": {"type": "LineString", "coordinates": [[18.622690760610507, 54.40191733837143], [18.6230691, 54.401467399999994], [18.623734, 54.401103299999995], [18.624177, 54.400883699999994], [18.624607, 54.4006853], [18.6248342, 54.40058069999999], [18.625549, 54.40023169999999], [18.6263726, 54.39977120000001], [18.626545697760232, 54.3997860997107]]}}, {"type": "Feature", "properties": {"u": 170, "v": 169, "key": 0, "length": 233.7, "length_raw": 12203685.281307334}, "geometry": {"type": "LineString", "coordinates": [[18.622690760610507, 54.40191733837143], [18.6225631, 54.402489299999985], [18.622375, 54.4026462], [18.6218502, 54.40314720000001], [18.6218099, 54.4031857], [18.6213157, 54.40365750000001], [18.6211307, 54.4037611]]}}, {"type": "Feature", "properties": {"u": 172, "v": 224, "key": 0, "length": 518.7, "length_raw": 1956264.5942811363}, "geometry": {"type": "LineString", "coordinates": [[18.626545697760232, 54.3997860997107], [18.6263726, 54.39977120000001], [18.6266774, 54.399583199999995], [18.6267429, 54.39954209999999], [18.6270478, 54.39935069999999], [18.627896, 54.398824099999985], [18.6283721, 54.398538699999996], [18.6285391, 54.39844329999999], [18.6289009, 54.3982395], [18.6292651, 54.398035], [18.6299277, 54.39766300000001], [18.631463, 54.396800299999995], [18.6315383, 54.3967591], [18.631676100000004, 54.3966847], [18.63192705079843, 54.39655370027024]]}}, {"type": "Feature", "properties": {"u": 172, "v": 225, "key": 0, "length": 74.7, "length_raw": 3510631.53291022}, "geometry": {"type": "LineString", "coordinates": [[18.626545697760232, 54.3997860997107], [18.6267113, 54.3997568], [18.62695, 54.399804], [18.627035, 54.399826399999995], [18.6271955, 54.3999054], [18.6273896, 54.4000123], [18.6274669, 54.400092199999996]]}}, {"type": "Feature", "properties": {"u": 172, "v": 170, "key": 0, "length": 374.0, "length_raw": 16392280.404840082}, "geometry": {"type": "LineString", "coordinates": [[18.626545697760232, 54.3997860997107], [18.6265625, 54.39984979999999], [18.6256365, 54.4004306], [18.6247469, 54.40098729999999], [18.6237703, 54.4016002], [18.6233063, 54.4019155], [18.6232301, 54.4019696], [18.6230698, 54.4020847], [18.622690760610507, 54.40191733837143]]}}, {"type": "Feature", "properties": {"u": 173, "v": 196, "key": 0, "length": 384.3, "length_raw": 5642281.293857481}, "geometry": {"type": "LineString", "coordinates": [[18.6974559, 54.34413039999999], [18.6974053, 54.344560099999995], [18.697398900000003, 54.344762299999985], [18.697399, 54.344972], [18.6974068, 54.345172099999985], [18.6974275, 54.3454181], [18.6974537, 54.345636999999996], [18.6975377, 54.34605559999999], [18.697582, 54.346248], [18.6976496, 54.3464756], [18.697788900000003, 54.34688510000001], [18.6980725, 54.34754800000001]]}}, {"type": "Feature", "properties": {"u": 174, "v": 200, "key": 0, "length": 205.9, "length_raw": 16551901.476464285}, "geometry": {"type": "LineString", "coordinates": [[18.695633118978893, 54.342720810622325], [18.6957896, 54.34257629999999], [18.6960087, 54.34246579999999], [18.6961061, 54.3424152], [18.6961933, 54.342378599999996], [18.6962753, 54.3423495], [18.6963722, 54.3423257], [18.6964766, 54.34230650000001], [18.6974533, 54.3421505], [18.6975319, 54.34213510000001], [18.6976092, 54.3421125], [18.6977101, 54.3420784], [18.6977917, 54.3420422], [18.6978784, 54.34199189999999], [18.6979544, 54.341935], [18.6980902, 54.341769499999984], [18.6981612, 54.34174509999999]]}}, {"type": "Feature", "properties": {"u": 174, "v": 15, "key": 0, "length": 272.9, "length_raw": 5351130.60103891}, "geometry": {"type": "LineString", "coordinates": [[18.695633118978893, 54.342720810622325], [18.6959029, 54.3427521], [18.6959677, 54.3427614], [18.6994039, 54.343259499999995], [18.6994652, 54.3432684], [18.69972268757465, 54.343303582948224]]}}, {"type": "Feature", "properties": {"u": 175, "v": 176, "key": 0, "length": 209.2, "length_raw": 3204666.727487722}, "geometry": {"type": "LineString", "coordinates": [[18.6679347, 54.402406799999994], [18.6675168, 54.402451299999996], [18.6665847, 54.40255069999999], [18.6660422, 54.40260859999999], [18.664760594376013, 54.40276263631946]]}}, {"type": "Feature", "properties": {"u": 176, "v": 177, "key": 0, "length": 98.6, "length_raw": 10544835.82279086}, "geometry": {"type": "LineString", "coordinates": [[18.664760594376013, 54.40276263631946], [18.6649458, 54.40257209999999], [18.6649455, 54.40253319999999], [18.6649446, 54.402439199999996], [18.6648242, 54.4019971], [18.6648012, 54.40191089999999]]}}, {"type": "Feature", "properties": {"u": 176, "v": 178, "key": 0, "length": 312.9, "length_raw": 14199117.410231527}, "geometry": {"type": "LineString", "coordinates": [[18.664760594376013, 54.40276263631946], [18.663521, 54.40303020000001], [18.6633927, 54.40308799999999], [18.6630592, 54.4032373], [18.6626745, 54.40340609999999], [18.6621632, 54.4036367], [18.6615793, 54.4038956], [18.6611634, 54.4040738], [18.6610944, 54.4041032], [18.6610432, 54.404125], [18.6608289, 54.4042086], [18.6607068, 54.4042532]]}}, {"type": "Feature", "properties": {"u": 177, "v": 161, "key": 0, "length": 106.3, "length_raw": 11722792.53852227}, "geometry": {"type": "LineString", "coordinates": [[18.6648012, 54.40191089999999], [18.6647772, 54.4018262], [18.664664, 54.4014241], [18.6645786, 54.4011216], [18.6645784, 54.4010947], [18.6645875, 54.4009652]]}}, {"type": "Feature", "properties": {"u": 178, "v": 176, "key": 0, "length": 312.9, "length_raw": 14199117.410231527}, "geometry": {"type": "LineString", "coordinates": [[18.6607068, 54.4042532], [18.6608289, 54.4042086], [18.6610432, 54.404125], [18.6610944, 54.4041032], [18.6611634, 54.4040738], [18.6615793, 54.4038956], [18.6621632, 54.4036367], [18.6626745, 54.40340609999999], [18.6630592, 54.4032373], [18.6633927, 54.40308799999999], [18.663521, 54.40303020000001], [18.664760594376013, 54.40276263631946]]}}, {"type": "Feature", "properties": {"u": 179, "v": 181, "key": 0, "length": 172.3, "length_raw": 5193153.904861036}, "geometry": {"type": "LineString", "coordinates": [[18.6225538, 54.37364229999999], [18.6221074, 54.37391250000002], [18.6220326, 54.37395909999999], [18.6213762, 54.37435239999999], [18.6210315, 54.3745361], [18.620831363847525, 54.37427058882525]]}}, {"type": "Feature", "properties": {"u": 180, "v": 131, "key": 0, "length": 128.1, "length_raw": 11096533.676475806}, "geometry": {"type": "LineString", "coordinates": [[18.62509470037761, 54.37340750002605], [18.6251618, 54.3731865], [18.6251306, 54.373117400000005], [18.6250614, 54.37303239999999], [18.6249863, 54.37296750000001], [18.624897, 54.3729064], [18.6248485, 54.372873999999996], [18.6246272, 54.3727341], [18.624538, 54.37267539999999], [18.6244333, 54.3726096], [18.6243717, 54.37257100000001], [18.624182299536905, 54.37247060014471]]}}, {"type": "Feature", "properties": {"u": 180, "v": 182, "key": 0, "length": 139.5, "length_raw": 11678708.125516968}, "geometry": {"type": "LineString", "coordinates": [[18.62509470037761, 54.37340750002605], [18.6250276, 54.373628499999995], [18.6242958, 54.3743559], [18.624273100000003, 54.37437869999998], [18.6242429, 54.3744076], [18.6241338, 54.3745172]]}}, {"type": "Feature", "properties": {"u": 181, "v": 131, "key": 0, "length": 310.9, "length_raw": 17852164.47572105}, "geometry": {"type": "LineString", "coordinates": [[18.620831363847525, 54.37427058882525], [18.621538200000003, 54.3738237], [18.6216776, 54.3737399], [18.6219634, 54.37357299999999], [18.6236483, 54.372574699999994], [18.6239929, 54.37237019999999], [18.624182299536905, 54.37247060014471]]}}, {"type": "Feature", "properties": {"u": 181, "v": 127, "key": 0, "length": 436.4, "length_raw": 8929599.24569895}, "geometry": {"type": "LineString", "coordinates": [[18.620831363847525, 54.37427058882525], [18.6213241, 54.37368800000001], [18.6214654, 54.37360650000001], [18.6219175, 54.373334299999996], [18.6222752, 54.373118899999994], [18.622348, 54.3730758], [18.623291300000005, 54.3725167], [18.6240135, 54.3720936], [18.6240994, 54.37204389999999], [18.6247323, 54.37166700000001], [18.625089500000005, 54.37145830000001], [18.625065000094796, 54.37160460000499]]}}, {"type": "Feature", "properties": {"u": 182, "v": 209, "key": 0, "length": 143.7, "length_raw": 15320087.375011956}, "geometry": {"type": "LineString", "coordinates": [[18.6241338, 54.3745172], [18.6239061, 54.374741699999994], [18.6238729, 54.374776000000004], [18.6237891, 54.3748849], [18.6237426, 54.3749774], [18.6236993, 54.375102099999985], [18.6236918, 54.375195500000004], [18.62377567093115, 54.375749299483225]]}}, {"type": "Feature", "properties": {"u": 182, "v": 180, "key": 0, "length": 139.5, "length_raw": 11678708.125516968}, "geometry": {"type": "LineString", "coordinates": [[18.6241338, 54.3745172], [18.6242429, 54.3744076], [18.624273100000003, 54.37437869999998], [18.6242958, 54.3743559], [18.6250276, 54.373628499999995], [18.62509470037761, 54.37340750002605]]}}, {"type": "Feature", "properties": {"u": 183, "v": 20, "key": 0, "length": 73.6, "length_raw": 7160523.062327622}, "geometry": {"type": "LineString", "coordinates": [[18.6239862, 54.337863699999986], [18.6236105, 54.3379441], [18.6232939, 54.33799589999999], [18.6231349, 54.3380188], [18.6228973, 54.33804859999999]]}}, {"type": "Feature", "properties": {"u": 183, "v": 184, "key": 0, "length": 231.3, "length_raw": 14842246.11003783}, "geometry": {"type": "LineString", "coordinates": [[18.6239862, 54.337863699999986], [18.6242077, 54.33782899999999], [18.6246859, 54.33774059999999], [18.624988, 54.337685], [18.6251722, 54.33765720000001], [18.6254391, 54.3376267], [18.6257648, 54.337603200000004], [18.6259951, 54.3376039], [18.6261785, 54.3376167], [18.6263008, 54.3376265], [18.6265914, 54.33766469999999], [18.627478827756175, 54.337725822288334]]}}, {"type": "Feature", "properties": {"u": 184, "v": 183, "key": 0, "length": 231.3, "length_raw": 14842246.11003783}, "geometry": {"type": "LineString", "coordinates": [[18.627478827756175, 54.337725822288334], [18.6265914, 54.33766469999999], [18.6263008, 54.3376265], [18.6261785, 54.3376167], [18.6259951, 54.3376039], [18.6257648, 54.337603200000004], [18.6254391, 54.3376267], [18.6251722, 54.33765720000001], [18.624988, 54.337685], [18.6246859, 54.33774059999999], [18.6242077, 54.33782899999999], [18.6239862, 54.337863699999986]]}}, {"type": "Feature", "properties": {"u": 184, "v": 241, "key": 0, "length": 179.3, "length_raw": 17712976.356932577}, "geometry": {"type": "LineString", "coordinates": [[18.627478827756175, 54.337725822288334], [18.6275614, 54.33715229999999], [18.6276361, 54.3369139], [18.6277132, 54.33666259999998], [18.6277844, 54.3364269], [18.627824, 54.33631599999999], [18.62788915030033, 54.336133400023066]]}}, {"type": "Feature", "properties": {"u": 184, "v": 242, "key": 0, "length": 458.7, "length_raw": 8957131.507498056}, "geometry": {"type": "LineString", "coordinates": [[18.627478827756175, 54.337725822288334], [18.6283878, 54.33811639999999], [18.6288584, 54.33822179999999], [18.6291377, 54.3382795], [18.6294717, 54.338338099999994], [18.6297394, 54.338374999999985], [18.6300188, 54.3384002], [18.6302813, 54.338408699999995], [18.630649000000002, 54.3384125], [18.6309689, 54.33840180000001], [18.6312616, 54.33837729999999], [18.6316838, 54.3383329], [18.632191, 54.338276199999996], [18.6323094, 54.33826319999999], [18.6324696, 54.3382456], [18.6331236, 54.3381773], [18.6335328, 54.338130699999994], [18.6342029, 54.338055000000004]]}}, {"type": "Feature", "properties": {"u": 185, "v": 186, "key": 0, "length": 372.5, "length_raw": 10533649.03452264}, "geometry": {"type": "LineString", "coordinates": [[18.70313039977492, 54.351040600153176], [18.7033239, 54.3510877], [18.703973, 54.351244099999995], [18.7061628, 54.351767299999985], [18.706735100000003, 54.3519033], [18.7070295, 54.35197539999999], [18.707125, 54.35199329999999], [18.70729, 54.3520243], [18.7074469, 54.35204449999999], [18.7075725, 54.35205479999999], [18.7077273, 54.35206109999999], [18.7079082, 54.35206269999999], [18.7081348, 54.352052199999996], [18.7083898, 54.3520238], [18.70853, 54.351996199999995]]}}, {"type": "Feature", "properties": {"u": 186, "v": 294, "key": 0, "length": 303.2, "length_raw": 9833884.296472175}, "geometry": {"type": "LineString", "coordinates": [[18.70853, 54.351996199999995], [18.7087689, 54.351938], [18.7089857, 54.3518658], [18.7094707, 54.351691499999994], [18.7095323, 54.3516693], [18.7100133, 54.35149279999999], [18.7107899, 54.35121319999999], [18.7111005, 54.3511008], [18.711343, 54.351014], [18.711721, 54.3508787], [18.7120471, 54.35075499999999], [18.7125141, 54.35057110000001]]}}, {"type": "Feature", "properties": {"u": 187, "v": 188, "key": 0, "length": 98.2, "length_raw": 8010595.574265395}, "geometry": {"type": "LineString", "coordinates": [[18.7027875, 54.35108329999999], [18.7013838, 54.350750199999986]]}}, {"type": "Feature", "properties": {"u": 188, "v": 189, "key": 0, "length": 258.6, "length_raw": 7718813.150843622}, "geometry": {"type": "LineString", "coordinates": [[18.7013838, 54.350750199999986], [18.700826, 54.350759599999996], [18.7006265, 54.350782], [18.6998268, 54.35104429999999], [18.699587, 54.35110149999999], [18.6993703, 54.351133100000006], [18.6991331, 54.351145599999995], [18.6989248, 54.35113499999999], [18.698463, 54.3510742], [18.6982897, 54.351064499999985], [18.6981238, 54.35107810000001], [18.6979458, 54.3511126], [18.6976283, 54.3512333]]}}, {"type": "Feature", "properties": {"u": 188, "v": 190, "key": 0, "length": 117.1, "length_raw": 12774100.383821387}, "geometry": {"type": "LineString", "coordinates": [[18.7013838, 54.350750199999986], [18.7004943, 54.3505493], [18.6996843, 54.35039239999999]]}}, {"type": "Feature", "properties": {"u": 189, "v": 197, "key": 0, "length": 121.1, "length_raw": 11744810.469060417}, "geometry": {"type": "LineString", "coordinates": [[18.6976283, 54.3512333], [18.697019, 54.3520224], [18.6967563, 54.3521853]]}}, {"type": "Feature", "properties": {"u": 190, "v": 323, "key": 0, "length": 345.0, "length_raw": 9436370.40559819}, "geometry": {"type": "LineString", "coordinates": [[18.6996843, 54.35039239999999], [18.6987937, 54.35024029999999], [18.6985303, 54.350197], [18.6954575, 54.3496752], [18.6945738, 54.349524899999984]]}}, {"type": "Feature", "properties": {"u": 191, "v": 227, "key": 0, "length": 134.5, "length_raw": 14041504.053722465}, "geometry": {"type": "LineString", "coordinates": [[18.645388, 54.353054199999995], [18.6457379, 54.352667399999994], [18.645814, 54.3525652], [18.6458452, 54.35250790000001], [18.6458666, 54.3524521], [18.6459226, 54.3522287], [18.646173639988643, 54.35194677456794]]}}, {"type": "Feature", "properties": {"u": 192, "v": 134, "key": 0, "length": 319.7, "length_raw": 13332883.366321169}, "geometry": {"type": "LineString", "coordinates": [[18.64691284032251, 54.34253415785603], [18.6479843, 54.34198239999999], [18.6483898, 54.341733299999994], [18.6484371, 54.341704699999994], [18.6488888, 54.34140099999999], [18.6485216, 54.34108189999999], [18.6483756, 54.340955], [18.6482408, 54.34082819999998], [18.6481623, 54.340754499999996], [18.6479573, 54.34056180000001], [18.6478092, 54.340428999999986], [18.647728100000002, 54.340342799999995]]}}, {"type": "Feature", "properties": {"u": 192, "v": 60, "key": 0, "length": 401.8, "length_raw": 4353125.805186791}, "geometry": {"type": "LineString", "coordinates": [[18.64691284032251, 54.34253415785603], [18.6457899, 54.342853100000006], [18.645540200000003, 54.3428717], [18.6454228, 54.34288229999999], [18.6452614, 54.3429183], [18.6451433, 54.34295249999999], [18.6450164, 54.3430012], [18.6448839, 54.34306779999999], [18.6447712, 54.34313720000001], [18.6447008, 54.3431983], [18.6446253, 54.3432711], [18.644565200000002, 54.34335540000001], [18.6445329, 54.343438199999994], [18.6445253, 54.3435619], [18.6445659, 54.3438378], [18.6445783, 54.3439239], [18.6446139, 54.34411510000001], [18.6448347, 54.3449357], [18.6448804, 54.34514180000001], [18.645142393823498, 54.34513664620249]]}}, {"type": "Feature", "properties": {"u": 193, "v": 194, "key": 0, "length": 138.5, "length_raw": 13320874.483005237}, "geometry": {"type": "LineString", "coordinates": [[18.639112600052233, 54.392525800021495], [18.6391836, 54.392495399999994], [18.639518600000002, 54.39276959999999], [18.6397204, 54.3929678], [18.6398518, 54.3931468], [18.6399564, 54.3932892], [18.6400064, 54.393365700000004], [18.6401094, 54.39349380000001], [18.64002370004389, 54.393515200030926]]}}, {"type": "Feature", "properties": {"u": 193, "v": 195, "key": 0, "length": 264.0, "length_raw": 5338177.28274154}, "geometry": {"type": "LineString", "coordinates": [[18.639112600052233, 54.392525800021495], [18.6391836, 54.392495399999994], [18.6393225, 54.3923711], [18.6406494, 54.391715299999994], [18.6407534, 54.3916697], [18.6408911, 54.391627099999994], [18.641068, 54.39159889999999], [18.6412979, 54.39159759999999], [18.6418854, 54.39168419999999], [18.6421042, 54.391691499999986], [18.6425686, 54.391652099999995]]}}, {"type": "Feature", "properties": {"u": 193, "v": 153, "key": 0, "length": 183.5, "length_raw": 11982115.048459152}, "geometry": {"type": "LineString", "coordinates": [[18.639112600052233, 54.392525800021495], [18.639041600000002, 54.392556199999994], [18.638603, 54.39218079999999], [18.6384827, 54.3920329], [18.6384446, 54.3919809], [18.6380752, 54.39156289999999], [18.6377226, 54.39121099999999], [18.63779410003703, 54.39118945002157]]}}, {"type": "Feature", "properties": {"u": 194, "v": 219, "key": 0, "length": 264.7, "length_raw": 15819491.219885157}, "geometry": {"type": "LineString", "coordinates": [[18.64002370004389, 54.393515200030926], [18.6401094, 54.39349380000001], [18.6402326, 54.3934149], [18.6420939, 54.392804999999996], [18.6422372, 54.3927508], [18.6423542, 54.39267729999999], [18.6424192, 54.39260660000001], [18.6424504, 54.3925254], [18.6424422, 54.3924582], [18.6423891, 54.3923889], [18.6423115, 54.392336400000005], [18.642186, 54.392293], [18.6420484, 54.3922744], [18.641648, 54.392289399999996]]}}, {"type": "Feature", "properties": {"u": 194, "v": 193, "key": 0, "length": 136.2, "length_raw": 13320874.483005237}, "geometry": {"type": "LineString", "coordinates": [[18.64002370004389, 54.393515200030926], [18.639938, 54.3935366], [18.6398314, 54.393334100000004], [18.6395782, 54.3930008], [18.6391584, 54.39265389999999], [18.639041600000002, 54.392556199999994], [18.639112600052233, 54.392525800021495]]}}, {"type": "Feature", "properties": {"u": 195, "v": 220, "key": 0, "length": 364.8, "length_raw": 7731728.37678349}, "geometry": {"type": "LineString", "coordinates": [[18.6425686, 54.391652099999995], [18.6428075, 54.39153029999999], [18.6436101, 54.39110989999999], [18.6443682, 54.39068910000001], [18.6449878, 54.3903377], [18.6452361, 54.390199300000006], [18.64594, 54.38982670000001], [18.6467247, 54.389437799999996]]}}, {"type": "Feature", "properties": {"u": 196, "v": 197, "key": 0, "length": 541.3, "length_raw": 12739120.428824175}, "geometry": {"type": "LineString", "coordinates": [[18.6980725, 54.34754800000001], [18.6983283, 54.3481113], [18.6984126, 54.3483377], [18.6984686, 54.348513], [18.6985147, 54.348715199999994], [18.6985393, 54.34893869999999], [18.6985409, 54.349237300000006], [18.6985248, 54.34938879999999], [18.6984585, 54.3496864], [18.6984092, 54.3498665], [18.6982117, 54.3502622], [18.6979964, 54.350577099999995], [18.6967563, 54.3521853]]}}, {"type": "Feature", "properties": {"u": 196, "v": 198, "key": 0, "length": 146.3, "length_raw": 13471467.90099028}, "geometry": {"type": "LineString", "coordinates": [[18.6980725, 54.34754800000001], [18.6982877, 54.3477126], [18.6985809, 54.34841639999999], [18.6986674, 54.3487974]]}}, {"type": "Feature", "properties": {"u": 197, "v": 340, "key": 0, "length": 772.5, "length_raw": 12504588.26111046}, "geometry": {"type": "LineString", "coordinates": [[18.6967563, 54.3521853], [18.6962893, 54.3528591], [18.6953738, 54.35436790000001], [18.6934304, 54.35762849999999], [18.6930252, 54.35830440000001], [18.6928701, 54.358563700000005], [18.6927726, 54.358732399999994]]}}, {"type": "Feature", "properties": {"u": 198, "v": 274, "key": 0, "length": 238.1, "length_raw": 5094779.974298786}, "geometry": {"type": "LineString", "coordinates": [[18.6986674, 54.3487974], [18.6989607, 54.3489945], [18.699096, 54.349061199999994], [18.6993164, 54.34913359999999], [18.6996356, 54.3492206], [18.699792, 54.34928789999999], [18.699937200000004, 54.349376499999984], [18.7001733, 54.3495626], [18.7002722, 54.34967410000001], [18.70031, 54.34978989999998], [18.7003512, 54.3500574], [18.7003884, 54.3501484], [18.700494, 54.3502802], [18.7006872, 54.3504527]]}}, {"type": "Feature", "properties": {"u": 198, "v": 275, "key": 0, "length": 66.4, "length_raw": 7389571.4013456665}, "geometry": {"type": "LineString", "coordinates": [[18.6986674, 54.3487974], [18.698675600000005, 54.3490687], [18.698655, 54.349394499999995]]}}, {"type": "Feature", "properties": {"u": 199, "v": 174, "key": 0, "length": 202.1, "length_raw": 9199802.992161842}, "geometry": {"type": "LineString", "coordinates": [[18.6972704, 54.34409889999999], [18.6972102, 54.3440474], [18.697176, 54.34393029999998], [18.6971265, 54.34385220000001], [18.6970516, 54.34376259999999], [18.6969454, 54.343686700000006], [18.6968491, 54.34363569999999], [18.6967115, 54.34358509999999], [18.6961803, 54.34343079999999], [18.6960249, 54.34337239999999], [18.6959218, 54.3433228], [18.695826, 54.34326449999999], [18.6957554, 54.34320329999999], [18.6956978, 54.3431248], [18.6956329, 54.3429963], [18.6956034, 54.34291609999999], [18.6955925, 54.342886099999994], [18.695633118978893, 54.342720810622325]]}}, {"type": "Feature", "properties": {"u": 199, "v": 200, "key": 0, "length": 268.7, "length_raw": 10025400.397765547}, "geometry": {"type": "LineString", "coordinates": [[18.6972704, 54.34409889999999], [18.697312500000002, 54.3438552], [18.6973892, 54.34354139999999], [18.6974508, 54.34330489999999], [18.6975027, 54.343138599999996], [18.6976227, 54.34281129999999], [18.69777, 54.3424825], [18.6979639, 54.342106], [18.6981612, 54.34174509999999]]}}, {"type": "Feature", "properties": {"u": 201, "v": 205, "key": 0, "length": 134.8, "length_raw": 14198677.76019666}, "geometry": {"type": "LineString", "coordinates": [[18.6737898, 54.39782999999999], [18.6738151, 54.3979285], [18.6738237, 54.3979619], [18.6738299, 54.3979863], [18.6739131, 54.3981706], [18.6739694, 54.39827210000001], [18.6740022, 54.3983212], [18.6742947, 54.398710399999985], [18.6743034, 54.3987219], [18.6743523, 54.39878699999999], [18.6743825, 54.39882649999999], [18.674487, 54.39896619999998]]}}, {"type": "Feature", "properties": {"u": 202, "v": 136, "key": 0, "length": 110.2, "length_raw": 11108689.945254002}, "geometry": {"type": "LineString", "coordinates": [[18.6669569, 54.3988588], [18.6668177, 54.3988204], [18.6666615, 54.3987638], [18.6664992, 54.398685699999994], [18.6659468, 54.39834409999999], [18.6658756, 54.398296499999994], [18.66587187767985, 54.398157257150494]]}}, {"type": "Feature", "properties": {"u": 203, "v": 71, "key": 0, "length": 137.3, "length_raw": 9888867.211485302}, "geometry": {"type": "LineString", "coordinates": [[18.661786890282052, 54.335682114327106], [18.6613815, 54.33602640000001], [18.6606418, 54.3366557], [18.660578, 54.3366957]]}}, {"type": "Feature", "properties": {"u": 204, "v": 121, "key": 0, "length": 224.4, "length_raw": 15374556.332743658}, "geometry": {"type": "LineString", "coordinates": [[18.6586414, 54.335911], [18.6584817, 54.3353843], [18.6583478, 54.334923399999994], [18.6582878, 54.3347171], [18.6582191, 54.3344806], [18.6581592, 54.3342683], [18.6580314, 54.3339251]]}}, {"type": "Feature", "properties": {"u": 205, "v": 206, "key": 0, "length": 120.9, "length_raw": 10298755.029209523}, "geometry": {"type": "LineString", "coordinates": [[18.674487, 54.39896619999998], [18.6745431, 54.39903819999999], [18.6748616, 54.3994469], [18.6750295, 54.39967370000001], [18.6752056, 54.3998793], [18.6752692, 54.3999536]]}}, {"type": "Feature", "properties": {"u": 206, "v": 154, "key": 0, "length": 133.5, "length_raw": 13093875.28759545}, "geometry": {"type": "LineString", "coordinates": [[18.6752692, 54.3999536], [18.6753188, 54.40001139999999], [18.6754811, 54.4002008], [18.6756263, 54.40037039999999], [18.6760764, 54.4008957], [18.6761064, 54.4009307], [18.6761207, 54.40094739999999], [18.6761395, 54.4009694], [18.6761894, 54.4010276]]}}, {"type": "Feature", "properties": {"u": 207, "v": 208, "key": 0, "length": 225.5, "length_raw": 9645486.954904025}, "geometry": {"type": "LineString", "coordinates": [[18.62557954986012, 54.37534085000578], [18.625545900000002, 54.37515479999999], [18.6257232, 54.375136399999995], [18.6259012, 54.37513109999998], [18.6260813, 54.37513519999999], [18.6262118, 54.3751459], [18.6263554, 54.3751624], [18.6264853, 54.3751833], [18.627472600000004, 54.375376800000005], [18.6276978, 54.375411699999994], [18.6280324, 54.375442199999995], [18.6286253, 54.37547539999999]]}}, {"type": "Feature", "properties": {"u": 207, "v": 209, "key": 0, "length": 152.4, "length_raw": 5306484.7631206615}, "geometry": {"type": "LineString", "coordinates": [[18.62557954986012, 54.37534085000578], [18.6256132, 54.375526900000004], [18.625414200000005, 54.3755239], [18.6252096, 54.37553340000001], [18.625021, 54.3755568], [18.624866, 54.375585799999996], [18.6247143, 54.3756243], [18.6245531, 54.3756805], [18.624418500000004, 54.37573439999999], [18.6241838, 54.375853], [18.62377567093115, 54.375749299483225]]}}, {"type": "Feature", "properties": {"u": 208, "v": 210, "key": 0, "length": 270.4, "length_raw": 8064580.772080144}, "geometry": {"type": "LineString", "coordinates": [[18.6286253, 54.37547539999999], [18.6289847, 54.3753767], [18.6291531, 54.375290899999996], [18.629302, 54.3751655], [18.6293838, 54.3750557], [18.629682200000005, 54.3745565], [18.6297816, 54.374413600000004], [18.6299835, 54.3742089], [18.630205, 54.374027399999996], [18.6304843, 54.3738499], [18.6307566, 54.3736859], [18.6310539, 54.37361369999999]]}}, {"type": "Feature", "properties": {"u": 208, "v": 211, "key": 0, "length": 286.3, "length_raw": 13064174.895092733}, "geometry": {"type": "LineString", "coordinates": [[18.6286253, 54.37547539999999], [18.6291293, 54.3754865], [18.6294688, 54.3754722], [18.6297995, 54.375443399999995], [18.6301441, 54.375399599999994], [18.6304987, 54.37532749999999], [18.630698, 54.375258800000005], [18.630862, 54.37517819999999], [18.6309847, 54.37508889999999], [18.631067, 54.37500849999999], [18.631128, 54.374894100000006], [18.6311448, 54.3748219], [18.6311301, 54.37473359999999], [18.6310789, 54.3746658], [18.6309943, 54.374612800000016], [18.630875200000002, 54.3745777], [18.6307277, 54.3745705], [18.6306096, 54.374585800000006], [18.6305044, 54.3746166], [18.6304093, 54.37467029999999], [18.6302738, 54.37484090000001]]}}, {"type": "Feature", "properties": {"u": 209, "v": 182, "key": 0, "length": 143.7, "length_raw": 15320087.375011956}, "geometry": {"type": "LineString", "coordinates": [[18.62377567093115, 54.375749299483225], [18.6236918, 54.375195500000004], [18.6236993, 54.375102099999985], [18.6237426, 54.3749774], [18.6237891, 54.3748849], [18.6238729, 54.374776000000004], [18.6239061, 54.374741699999994], [18.6241338, 54.3745172]]}}, {"type": "Feature", "properties": {"u": 209, "v": 215, "key": 0, "length": 180.8, "length_raw": 19742833.72539819}, "geometry": {"type": "LineString", "coordinates": [[18.62377567093115, 54.375749299483225], [18.6238347, 54.37612829999999], [18.623786, 54.3762562], [18.6237636, 54.37630899999999], [18.6233107, 54.3773358]]}}, {"type": "Feature", "properties": {"u": 209, "v": 207, "key": 0, "length": 154.4, "length_raw": 5306484.7631206615}, "geometry": {"type": "LineString", "coordinates": [[18.62377567093115, 54.375749299483225], [18.6241817, 54.375572], [18.6243581, 54.37549129999999], [18.6246852, 54.3753682], [18.6250259, 54.3752544], [18.6253432, 54.37517999999999], [18.625545900000002, 54.37515479999999], [18.62557954986012, 54.37534085000578]]}}, {"type": "Feature", "properties": {"u": 210, "v": 278, "key": 0, "length": 199.2, "length_raw": 9103375.505405752}, "geometry": {"type": "LineString", "coordinates": [[18.6310539, 54.37361369999999], [18.6320407, 54.372978499999995], [18.6328726, 54.372378000000005], [18.6329905, 54.372281400000006], [18.633054599960992, 54.37230625001667]]}}, {"type": "Feature", "properties": {"u": 211, "v": 264, "key": 0, "length": 171.7, "length_raw": 12791248.891633281}, "geometry": {"type": "LineString", "coordinates": [[18.6302738, 54.37484090000001], [18.6301491, 54.3749941], [18.6301983, 54.375602799999996], [18.6301889, 54.37564939999999], [18.6301696, 54.3756945], [18.630132, 54.3757377], [18.6300895, 54.375780899999995], [18.6299917, 54.37584979999998], [18.6298496, 54.3758979], [18.6297373, 54.3759166], [18.6296156, 54.37592380000001], [18.629508600000005, 54.3759195], [18.6293547, 54.3758966], [18.629202, 54.37586649999999]]}}, {"type": "Feature", "properties": {"u": 211, "v": 265, "key": 0, "length": 542.4, "length_raw": 12908943.124749938}, "geometry": {"type": "LineString", "coordinates": [[18.6302738, 54.37484090000001], [18.6303991, 54.37551469999998], [18.6304591, 54.37571299999999], [18.630539, 54.375901999999996], [18.63064, 54.3760988], [18.6308232, 54.37639519999999], [18.6311169, 54.37679599999999], [18.631436500000003, 54.37718919999998], [18.631705, 54.3774656], [18.6320119, 54.377750600000006], [18.6324234, 54.378066600000004], [18.6329508, 54.3784206], [18.6337151, 54.3789352], [18.633777, 54.378975399999995], [18.6339563, 54.3790951]]}}, {"type": "Feature", "properties": {"u": 212, "v": 213, "key": 0, "length": 97.6, "length_raw": 9015182.635701343}, "geometry": {"type": "LineString", "coordinates": [[18.6694622, 54.3403579], [18.6708743, 54.3406633]]}}, {"type": "Feature", "properties": {"u": 212, "v": 52, "key": 0, "length": 234.0, "length_raw": 14981949.936619354}, "geometry": {"type": "LineString", "coordinates": [[18.6694622, 54.3403579], [18.669351, 54.340335900000014], [18.6691189, 54.3403011], [18.6687647, 54.3402741], [18.6686443, 54.340266199999995], [18.6667356, 54.34013890000001], [18.666336, 54.3401144], [18.6661586, 54.340091300000005], [18.6660705, 54.3400606], [18.6660131, 54.34001980000001], [18.6659858, 54.3399778]]}}, {"type": "Feature", "properties": {"u": 213, "v": 212, "key": 0, "length": 97.6, "length_raw": 9015182.635701343}, "geometry": {"type": "LineString", "coordinates": [[18.6708743, 54.3406633], [18.6694622, 54.3403579]]}}, {"type": "Feature", "properties": {"u": 213, "v": 214, "key": 0, "length": 701.6, "length_raw": 3002363.188698303}, "geometry": {"type": "LineString", "coordinates": [[18.6708743, 54.3406633], [18.6707712, 54.34075109999999], [18.6702069, 54.3412333], [18.6696093, 54.34172929999998], [18.6695458, 54.3417816], [18.6694911, 54.3418274], [18.6693073, 54.3420102], [18.669221, 54.34215859999999], [18.669157, 54.34227729999999], [18.6691482, 54.3423415], [18.6691683, 54.3424323], [18.6691834, 54.3424606], [18.6692444, 54.342515500000005], [18.6693086, 54.342547999999994], [18.6693975, 54.3425827], [18.6710253, 54.34296399999999], [18.6720252, 54.3432037], [18.6720787, 54.343224199999995], [18.6721223, 54.3432435], [18.6722221, 54.34330739999999], [18.6722766, 54.343354299999994], [18.6723074, 54.34339539999999], [18.6723384, 54.34344849999999], [18.672353, 54.3434787], [18.6723643, 54.34350949999999], [18.6723711, 54.34355450000001], [18.672367, 54.34360439999999], [18.6723575, 54.34362729999999], [18.6723362, 54.34368210000001], [18.6722996, 54.343743399999994], [18.6720452, 54.344097000000005], [18.6720209, 54.3441387], [18.6720094, 54.34417839999999], [18.6720077, 54.344211], [18.6720132, 54.344251799999995], [18.6720362, 54.34430369999999], [18.6720639, 54.344331999999994], [18.6721016, 54.3443622], [18.672140400000004, 54.34438509999999], [18.6721739, 54.34440149999999], [18.6722218, 54.344424100000005], [18.6730908, 54.3447267], [18.6732218, 54.34477410000001], [18.6736269, 54.344910199999994], [18.6737161, 54.34493629999999]]}}, {"type": "Feature", "properties": {"u": 214, "v": 100, "key": 0, "length": 761.6, "length_raw": 12796099.539889354}, "geometry": {"type": "LineString", "coordinates": [[18.6737161, 54.34493629999999], [18.6736825, 54.34506739999999], [18.673664, 54.3451313], [18.6736556, 54.3451601], [18.6735797, 54.3453454], [18.6735638, 54.34538030000001], [18.6735305, 54.3454536], [18.6735229, 54.34547129999999], [18.6734962, 54.34551080000001], [18.6734369, 54.34556860000001], [18.6732092, 54.345748400000005], [18.6726994, 54.34615490000001], [18.6725967, 54.3462582], [18.672314000000004, 54.34662749999999], [18.6718455, 54.3472395], [18.6715784, 54.34758839999999], [18.6714851, 54.34771299999999], [18.6714016, 54.3478259], [18.6713615, 54.3479131], [18.671338, 54.3479766], [18.6713195, 54.348047199999996], [18.6713084, 54.3481759], [18.6712949, 54.348477300000006], [18.6712981, 54.3485639], [18.671512900000003, 54.34861030000001], [18.6723699, 54.348720099999994], [18.6725643, 54.3487453], [18.6739144, 54.348919099999996], [18.6740423, 54.3489294], [18.674285, 54.3489274], [18.6752106, 54.3488375], [18.6753669, 54.348833799999994], [18.6754698, 54.34885700000001], [18.6755572, 54.34890509999999], [18.6755738, 54.348966399999995], [18.6755698, 54.34902809999999], [18.6755332, 54.34915159999999], [18.6755076000522, 54.349232000003695]]}}, {"type": "Feature", "properties": {"u": 214, "v": 213, "key": 0, "length": 701.6, "length_raw": 3002363.188698303}, "geometry": {"type": "LineString", "coordinates": [[18.6737161, 54.34493629999999], [18.6736269, 54.344910199999994], [18.6732218, 54.34477410000001], [18.6730908, 54.3447267], [18.6722218, 54.344424100000005], [18.6721739, 54.34440149999999], [18.672140400000004, 54.34438509999999], [18.6721016, 54.3443622], [18.6720639, 54.344331999999994], [18.6720362, 54.34430369999999], [18.6720132, 54.344251799999995], [18.6720077, 54.344211], [18.6720094, 54.34417839999999], [18.6720209, 54.3441387], [18.6720452, 54.344097000000005], [18.6722996, 54.343743399999994], [18.6723362, 54.34368210000001], [18.6723575, 54.34362729999999], [18.672367, 54.34360439999999], [18.6723711, 54.34355450000001], [18.6723643, 54.34350949999999], [18.672353, 54.3434787], [18.6723384, 54.34344849999999], [18.6723074, 54.34339539999999], [18.6722766, 54.343354299999994], [18.6722221, 54.34330739999999], [18.6721223, 54.3432435], [18.6720787, 54.343224199999995], [18.6720252, 54.3432037], [18.6710253, 54.34296399999999], [18.6693975, 54.3425827], [18.6693086, 54.342547999999994], [18.6692444, 54.342515500000005], [18.6691834, 54.3424606], [18.6691683, 54.3424323], [18.6691482, 54.3423415], [18.669157, 54.34227729999999], [18.669221, 54.34215859999999], [18.6693073, 54.3420102], [18.6694911, 54.3418274], [18.6695458, 54.3417816], [18.6696093, 54.34172929999998], [18.6702069, 54.3412333], [18.6707712, 54.34075109999999], [18.6708743, 54.3406633]]}}, {"type": "Feature", "properties": {"u": 214, "v": 346, "key": 0, "length": 117.5, "length_raw": 12421833.926324222}, "geometry": {"type": "LineString", "coordinates": [[18.6737161, 54.34493629999999], [18.6738283, 54.3449538], [18.6738993, 54.34496010000001], [18.6740703, 54.34496669999999], [18.6741869, 54.344977699999994], [18.6743105, 54.3449946], [18.6747463, 54.345059699999986], [18.675361400000003, 54.345145499999994], [18.6754838, 54.345162599999995]]}}, {"type": "Feature", "properties": {"u": 215, "v": 268, "key": 0, "length": 370.2, "length_raw": 299538.29004552367}, "geometry": {"type": "LineString", "coordinates": [[18.6233107, 54.3773358], [18.6232714, 54.3774259], [18.6231652, 54.3776703], [18.6228407, 54.378463499999995], [18.6227613, 54.3787182], [18.622730100000002, 54.3787916], [18.6225287, 54.37929040000001], [18.6223956, 54.3795451], [18.6223132, 54.3797354], [18.6220814, 54.38032249999999], [18.6220596, 54.38038370000001], [18.6220076, 54.38057619999999]]}}, {"type": "Feature", "properties": {"u": 216, "v": 142, "key": 0, "length": 242.6, "length_raw": 7350417.958307874}, "geometry": {"type": "LineString", "coordinates": [[18.675908, 54.378964999999994], [18.6761746, 54.37882739999999], [18.6765333, 54.378732], [18.6771017, 54.378585400000006], [18.6773557, 54.3785296], [18.6776999, 54.37846840000001], [18.6782116, 54.378401499999995], [18.6783235, 54.3783773], [18.678413, 54.37833810000001], [18.67938395550833, 54.378441283704184]]}}, {"type": "Feature", "properties": {"u": 216, "v": 147, "key": 0, "length": 946.6, "length_raw": 13212742.531866562}, "geometry": {"type": "LineString", "coordinates": [[18.675908, 54.378964999999994], [18.6762446, 54.37890659999999], [18.6764775, 54.3788645], [18.677102, 54.3787424], [18.677404900000003, 54.37867829999999], [18.6777119, 54.378605300000004], [18.6780245, 54.3785257], [18.6783706, 54.37842719999999], [18.678661400000003, 54.37833849999999], [18.6789271, 54.37824899999999], [18.6792172, 54.37814409999999], [18.679551, 54.37801369999999], [18.6797769, 54.37791839999999], [18.6799982, 54.37781999999999], [18.6802862, 54.37768239999999], [18.680609900000004, 54.377515299999985], [18.6808751, 54.377364299999996], [18.6811319, 54.3772081], [18.6813397, 54.37707399999999], [18.6816159, 54.376879200000005], [18.6818943, 54.376664399999996], [18.6820537, 54.3765303], [18.6822102, 54.376391299999995], [18.6823686, 54.3762394], [18.6825051, 54.37609960000001], [18.682625100000003, 54.3759724], [18.6828029, 54.37576150000001], [18.6829564, 54.37556370000001], [18.6831165, 54.3753293], [18.6832197, 54.375158599999985], [18.683307, 54.375003199999995], [18.6833849, 54.374847200000005], [18.6834543, 54.3746956], [18.6835531, 54.3744423], [18.6836518, 54.374122699999994], [18.6837355, 54.373784099999995], [18.683968800000002, 54.37265250000001]]}}, {"type": "Feature", "properties": {"u": 217, "v": 219, "key": 0, "length": 91.7, "length_raw": 6911111.354271955}, "geometry": {"type": "LineString", "coordinates": [[18.642705, 54.391740399999996], [18.641648, 54.392289399999996]]}}, {"type": "Feature", "properties": {"u": 217, "v": 194, "key": 0, "length": 295.6, "length_raw": 9046195.930988126}, "geometry": {"type": "LineString", "coordinates": [[18.642705, 54.391740399999996], [18.6425795, 54.39201020000001], [18.6425585, 54.3921303], [18.6425998, 54.3924014], [18.6425972, 54.39251519999999], [18.6425566, 54.392627399999995], [18.6424724, 54.392727400000005], [18.6423018, 54.3928317], [18.6419991, 54.3929305], [18.6403523, 54.3934676], [18.6402882, 54.393488], [18.6401094, 54.39349380000001], [18.64002370004389, 54.393515200030926]]}}, {"type": "Feature", "properties": {"u": 218, "v": 239, "key": 0, "length": 90.5, "length_raw": 8714745.066284616}, "geometry": {"type": "LineString", "coordinates": [[18.70710198738788, 54.38329883495627], [18.7068872, 54.38332580000001], [18.7067805, 54.38331809999998], [18.7065014, 54.3832952], [18.7063898, 54.38327069999999], [18.7062647, 54.3832264], [18.7061266, 54.38314929999999], [18.7059514, 54.3829859]]}}, {"type": "Feature", "properties": {"u": 218, "v": 321, "key": 0, "length": 123.1, "length_raw": 11757036.293873915}, "geometry": {"type": "LineString", "coordinates": [[18.70710198738788, 54.38329883495627], [18.707356, 54.38329660000001], [18.7073917, 54.38326789999999], [18.7074927, 54.38320869999999], [18.707558600000002, 54.3831866], [18.707623100000003, 54.3831727], [18.7079698, 54.3831419], [18.7084784, 54.3830954], [18.708665, 54.38309039999999], [18.7087429, 54.38309939999999], [18.7088938, 54.3831402]]}}, {"type": "Feature", "properties": {"u": 218, "v": 321, "key": 1, "length": 118.8, "length_raw": 11757036.293873915}, "geometry": {"type": "LineString", "coordinates": [[18.70710198738788, 54.38329883495627], [18.707356, 54.38329660000001], [18.707429100000002, 54.3832679], [18.7075022, 54.3832444], [18.7076362, 54.38322019999999], [18.7079857, 54.38319190000001], [18.7084917, 54.38314729999999], [18.7087227, 54.38313470000001], [18.7088938, 54.3831402]]}}, {"type": "Feature", "properties": {"u": 218, "v": 321, "key": 2, "length": 119.6, "length_raw": 11757036.293873915}, "geometry": {"type": "LineString", "coordinates": [[18.70710198738788, 54.38329883495627], [18.707356, 54.38329660000001], [18.7074339, 54.383306000000005], [18.7076617, 54.3833139], [18.7080097, 54.38328490000001], [18.7085124, 54.38324059999999], [18.7086942, 54.38321569999999], [18.7087613, 54.383197], [18.7088938, 54.3831402]]}}, {"type": "Feature", "properties": {"u": 218, "v": 321, "key": 3, "length": 124.2, "length_raw": 11757036.293873915}, "geometry": {"type": "LineString", "coordinates": [[18.70710198738788, 54.38329883495627], [18.707356, 54.38329660000001], [18.7074095, 54.3833153], [18.707545, 54.383351], [18.7076145, 54.3833593], [18.708021, 54.3833305], [18.7085247, 54.38328539999999], [18.7086371, 54.383272099999985], [18.7087324, 54.3832464], [18.7088938, 54.3831402]]}}, {"type": "Feature", "properties": {"u": 218, "v": 321, "key": 4, "length": 117.6, "length_raw": 11757036.293873915}, "geometry": {"type": "LineString", "coordinates": [[18.70710198738788, 54.38329883495627], [18.707356, 54.38329660000001], [18.707649, 54.383268899999976], [18.7079955, 54.38323770000001], [18.7085004, 54.3831922], [18.7087048, 54.383172099999996], [18.7088938, 54.3831402]]}}, {"type": "Feature", "properties": {"u": 219, "v": 349, "key": 0, "length": 785.6, "length_raw": 19243309.910880018}, "geometry": {"type": "LineString", "coordinates": [[18.641648, 54.392289399999996], [18.6401844, 54.39304349999999], [18.6391178, 54.3935739], [18.6385675, 54.393835800000005], [18.637806, 54.39417929999999], [18.6370001, 54.39452949999999], [18.636371, 54.39478729999999], [18.635771400000003, 54.3950463], [18.6353391, 54.39524950000001], [18.6349288, 54.3954555], [18.6344779, 54.395705299999996], [18.6342826, 54.3958192], [18.6334786, 54.396308999999995], [18.6328601, 54.3966546], [18.6326957, 54.3967392], [18.63243220083668, 54.39687005029737]]}}, {"type": "Feature", "properties": {"u": 220, "v": 47, "key": 0, "length": 532.0, "length_raw": 7585530.748090326}, "geometry": {"type": "LineString", "coordinates": [[18.6467247, 54.389437799999996], [18.6471365, 54.389251099999996], [18.6476647, 54.3890149], [18.6483016, 54.38875219999999], [18.6491281, 54.388422500000004], [18.6492533, 54.388374899999995], [18.6493617, 54.3883336], [18.6493996, 54.3883189], [18.6495666, 54.38825310000001], [18.6498472, 54.388143799999995], [18.6499855, 54.38808999999999], [18.650199, 54.3880085], [18.6503359, 54.38795580000001], [18.6504749, 54.3878999], [18.650643, 54.387834700000006], [18.6508965, 54.38773549999999], [18.651068, 54.38766979999999], [18.6511106, 54.387653199999995], [18.6512191, 54.38761039999999], [18.6526976, 54.3870355], [18.6528958, 54.38695839999999], [18.6529472, 54.3869384], [18.6534913, 54.38672689999999]]}}, {"type": "Feature", "properties": {"u": 220, "v": 45, "key": 0, "length": 281.7, "length_raw": 12351883.739461616}, "geometry": {"type": "LineString", "coordinates": [[18.6467247, 54.389437799999996], [18.646821900000003, 54.38931909999999], [18.6471832, 54.389120999999996], [18.6474984, 54.38895839999999], [18.647637, 54.38889249999999], [18.6485865, 54.3885136], [18.6491941, 54.388273599999984], [18.649352000000004, 54.3881822], [18.6501741705422, 54.38794028369756]]}}, {"type": "Feature", "properties": {"u": 221, "v": 222, "key": 0, "length": 89.5, "length_raw": 6653949.805603154}, "geometry": {"type": "LineString", "coordinates": [[18.63927884920188, 54.339969150135516], [18.6394634, 54.34014890000001], [18.6399195, 54.34042440000001], [18.6400078, 54.3404743], [18.6400939, 54.340527699999996], [18.6401741, 54.3405768]]}}, {"type": "Feature", "properties": {"u": 221, "v": 223, "key": 0, "length": 145.5, "length_raw": 14015331.947372647}, "geometry": {"type": "LineString", "coordinates": [[18.63927884920188, 54.339969150135516], [18.6390943, 54.339789399999994], [18.6389624, 54.33966219999999], [18.6387785, 54.3394878], [18.6384954, 54.339204599999995], [18.6380996, 54.338856699999994]]}}, {"type": "Feature", "properties": {"u": 222, "v": 221, "key": 0, "length": 89.5, "length_raw": 6653949.805603154}, "geometry": {"type": "LineString", "coordinates": [[18.6401741, 54.3405768], [18.6400939, 54.340527699999996], [18.6400078, 54.3404743], [18.6399195, 54.34042440000001], [18.6394634, 54.34014890000001], [18.63927884920188, 54.339969150135516]]}}, {"type": "Feature", "properties": {"u": 222, "v": 84, "key": 0, "length": 269.1, "length_raw": 16956468.361876473}, "geometry": {"type": "LineString", "coordinates": [[18.6401741, 54.3405768], [18.6402825, 54.3406508], [18.6403943, 54.3407299], [18.6405172, 54.3408289], [18.6412443, 54.34145440000001], [18.6413979, 54.3415896], [18.6416414, 54.341804100000004], [18.641791000000005, 54.34193509999999], [18.6418662, 54.342000999999996], [18.6419338, 54.34206469999999], [18.6421944, 54.3423704], [18.64261785798485, 54.34226040405341]]}}, {"type": "Feature", "properties": {"u": 223, "v": 221, "key": 0, "length": 145.5, "length_raw": 14015331.947372647}, "geometry": {"type": "LineString", "coordinates": [[18.6380996, 54.338856699999994], [18.6384954, 54.339204599999995], [18.6387785, 54.3394878], [18.6389624, 54.33966219999999], [18.6390943, 54.339789399999994], [18.63927884920188, 54.339969150135516]]}}, {"type": "Feature", "properties": {"u": 223, "v": 320, "key": 0, "length": 71.1, "length_raw": 4081990.0852853153}, "geometry": {"type": "LineString", "coordinates": [[18.6380996, 54.338856699999994], [18.6377831, 54.33874359999998], [18.6372088, 54.33848549999998]]}}, {"type": "Feature", "properties": {"u": 224, "v": 348, "key": 0, "length": 787.9, "length_raw": 14909781.887823483}, "geometry": {"type": "LineString", "coordinates": [[18.63192705079843, 54.39655370027024], [18.632178, 54.3964227], [18.6327134, 54.3961655], [18.6334473, 54.3958512], [18.6368814, 54.3944298], [18.637676, 54.39408989999999], [18.6384607, 54.393735800000016], [18.6389352, 54.3935135], [18.6400538, 54.39295489999999], [18.6415151, 54.3922006]]}}, {"type": "Feature", "properties": {"u": 225, "v": 172, "key": 0, "length": 74.1, "length_raw": 3510631.53291022}, "geometry": {"type": "LineString", "coordinates": [[18.6274669, 54.400092199999996], [18.6273269, 54.4000501], [18.627095, 54.3999289], [18.6270089, 54.39988989999999], [18.6268945, 54.39986460000001], [18.6265625, 54.39984979999999], [18.626545697760232, 54.3997860997107]]}}, {"type": "Feature", "properties": {"u": 225, "v": 326, "key": 0, "length": 286.2, "length_raw": 17069204.60567552}, "geometry": {"type": "LineString", "coordinates": [[18.6274669, 54.400092199999996], [18.6278789, 54.400321299999995], [18.6280748, 54.4004559], [18.6281777, 54.40052249999998], [18.6285918, 54.4007904], [18.6291867, 54.40117519999999], [18.6301734, 54.4018136], [18.630449048811172, 54.401991100305175]]}}, {"type": "Feature", "properties": {"u": 226, "v": 7, "key": 0, "length": 180.5, "length_raw": 13956595.924654083}, "geometry": {"type": "LineString", "coordinates": [[18.71259545642404, 54.383059635890085], [18.7128749, 54.3831772], [18.712831, 54.3831949], [18.712778100000005, 54.383212499999985], [18.7127234, 54.3832219], [18.7126688, 54.383223300000004], [18.7126123, 54.383220800000004], [18.712562400000003, 54.38321669999999], [18.7125012, 54.3832108], [18.712377, 54.383197], [18.7123188, 54.3831915], [18.7122653, 54.383189699999996], [18.7122166, 54.38319070000001], [18.712172600000002, 54.38319350000001], [18.7120701, 54.383202000000004], [18.7118999, 54.38321599999998], [18.7117518, 54.383228899999985], [18.7114862, 54.3832521], [18.711314, 54.38326709999999], [18.7111155, 54.3832845], [18.7110727, 54.3832873], [18.7110234, 54.383285900000004], [18.7109741, 54.3832797], [18.7109242, 54.38327449999999], [18.7108784, 54.38327550000001], [18.7108283, 54.3832815], [18.710563350893782, 54.383420450301024]]}}, {"type": "Feature", "properties": {"u": 226, "v": 7, "key": 1, "length": 148.1, "length_raw": 13956595.924654083}, "geometry": {"type": "LineString", "coordinates": [[18.71259545642404, 54.383059635890085], [18.7120086, 54.3830295], [18.711967600000005, 54.38304089999999], [18.7119177, 54.383051599999995], [18.711863, 54.383058199999994], [18.7117116, 54.3830716], [18.7116357, 54.383078399999995], [18.711444, 54.38309529999999], [18.7113017, 54.38310799999999], [18.7112805, 54.383109799999986], [18.7110822, 54.383127400000006], [18.7110323, 54.3831336], [18.7109777, 54.38314509999999], [18.7109343, 54.38315990000001], [18.7108974, 54.3831838], [18.7108725, 54.3832098], [18.7108547, 54.38323809999999], [18.7108283, 54.3832815], [18.710563350893782, 54.383420450301024]]}}, {"type": "Feature", "properties": {"u": 226, "v": 7, "key": 2, "length": 151.9, "length_raw": 13956595.924654083}, "geometry": {"type": "LineString", "coordinates": [[18.71259545642404, 54.383059635890085], [18.7120086, 54.3830295], [18.7119593, 54.383026], [18.7119052, 54.383024999999996], [18.7118547, 54.383027799999994], [18.7117043, 54.383041], [18.711629, 54.3830477], [18.7114353, 54.3830648], [18.7112927, 54.3830774], [18.7112735, 54.3830791], [18.7110715, 54.383097], [18.7110181, 54.383102799999996], [18.7109747, 54.3831091], [18.710936100000005, 54.3831188], [18.7109028, 54.383135700000004], [18.7108743, 54.38315819999999], [18.710851700000003, 54.3831838], [18.7108392, 54.383208399999994], [18.7108333, 54.383236100000005], [18.7108283, 54.3832815], [18.710563350893782, 54.383420450301024]]}}, {"type": "Feature", "properties": {"u": 226, "v": 7, "key": 3, "length": 142.7, "length_raw": 13956595.924654083}, "geometry": {"type": "LineString", "coordinates": [[18.71259545642404, 54.383059635890085], [18.712033, 54.3831191], [18.7119878, 54.38311529999999], [18.7119355, 54.3831143], [18.7118749, 54.3831184], [18.7117256, 54.38313149999999], [18.711459, 54.38315480000001], [18.7112925, 54.38316929999999], [18.7110989, 54.3831862], [18.711049, 54.38319070000001], [18.7110008, 54.38319630000001], [18.710961, 54.3832042], [18.7109242, 54.38321740000001], [18.7108897, 54.38323679999999], [18.7108283, 54.3832815], [18.710563350893782, 54.383420450301024]]}}, {"type": "Feature", "properties": {"u": 226, "v": 7, "key": 4, "length": 141.2, "length_raw": 13956595.924654083}, "geometry": {"type": "LineString", "coordinates": [[18.71259545642404, 54.383059635890085], [18.712033, 54.3831191], [18.7119943, 54.383135], [18.7119462, 54.38315089999999], [18.7118886, 54.3831596], [18.7117369, 54.3831734], [18.7114703, 54.38319620000001], [18.7112998, 54.3832108], [18.7111096, 54.3832271], [18.7110097, 54.3832357], [18.710961, 54.383240199999996], [18.7109147, 54.3832489], [18.710871900000004, 54.383262400000014], [18.7108283, 54.3832815], [18.710563350893782, 54.383420450301024]]}}, {"type": "Feature", "properties": {"u": 227, "v": 228, "key": 0, "length": 170.8, "length_raw": 1008087.6134966796}, "geometry": {"type": "LineString", "coordinates": [[18.646173639988643, 54.35194677456794], [18.6456181, 54.3520055], [18.6455133, 54.35199149999999], [18.645387400000004, 54.3519774], [18.6452361, 54.351965799999995], [18.6450696, 54.35195629999999], [18.6448263, 54.3519448], [18.6444692, 54.351929], [18.6440471, 54.35191029999999], [18.6438164, 54.3519016], [18.6435577, 54.35189460000001]]}}, {"type": "Feature", "properties": {"u": 227, "v": 4, "key": 0, "length": 138.5, "length_raw": 953948.1971252589}, "geometry": {"type": "LineString", "coordinates": [[18.646173639988643, 54.35194677456794], [18.6466916, 54.35175609999999], [18.6469191, 54.3518041], [18.6471091, 54.3518402], [18.6473252, 54.3518612], [18.6478328, 54.35188789999999], [18.6480292, 54.351897699999995], [18.6480166818084, 54.35198886544078]]}}, {"type": "Feature", "properties": {"u": 227, "v": 74, "key": 0, "length": 296.8, "length_raw": 15370830.074363146}, "geometry": {"type": "LineString", "coordinates": [[18.646173639988643, 54.35194677456794], [18.6465976, 54.3520516], [18.6465453, 54.3521309], [18.6464864, 54.352197800000006], [18.6459511, 54.3527855], [18.6455959, 54.353178299999996], [18.6455096, 54.3533048], [18.6454623, 54.353389500000006], [18.6454273, 54.353474199999994], [18.6453939, 54.3535865], [18.6453826, 54.35367389999999], [18.6453839, 54.353766799999995], [18.6454113, 54.35391559999999], [18.644772681395974, 54.353874207650115]]}}, {"type": "Feature", "properties": {"u": 227, "v": 55, "key": 0, "length": 264.0, "length_raw": 11633088.507652089}, "geometry": {"type": "LineString", "coordinates": [[18.646173639988643, 54.35194677456794], [18.6460253, 54.351706699999994], [18.646047, 54.3515538], [18.6460614, 54.3514498], [18.646069, 54.35136139999998], [18.6460724, 54.3512108], [18.6460701, 54.3511472], [18.6460648, 54.351055], [18.6460543, 54.3509693], [18.6460466, 54.3509374], [18.6460388, 54.3509054], [18.646016900000003, 54.3508283], [18.6459448, 54.35063840000001], [18.6458053, 54.35026930000001], [18.6457663, 54.3501509], [18.6457423, 54.3500781], [18.6456604, 54.34984729999999], [18.645846728774377, 54.34963920256249]]}}, {"type": "Feature", "properties": {"u": 228, "v": 75, "key": 0, "length": 112.7, "length_raw": 1273066.4307884786}, "geometry": {"type": "LineString", "coordinates": [[18.6435577, 54.35189460000001], [18.6432717, 54.3518823], [18.6430175, 54.351871], [18.642701400000004, 54.351857599999995], [18.6425743, 54.3518535], [18.642474, 54.3518493], [18.6424585, 54.35184889999999], [18.6422145, 54.3518266], [18.6421577, 54.3518219], [18.6421337, 54.3518199], [18.642036, 54.3518118], [18.6420191, 54.3518104], [18.64191838376369, 54.351714748098]]}}, {"type": "Feature", "properties": {"u": 229, "v": 230, "key": 0, "length": 246.9, "length_raw": 3930329.001517807}, "geometry": {"type": "LineString", "coordinates": [[18.71527835003934, 54.36147860001304], [18.7153335, 54.361449199999996], [18.7155497, 54.361455899999996], [18.7156507, 54.3614585], [18.7160306, 54.36147879999999], [18.7162459, 54.361489500000005], [18.716912, 54.361522599999994], [18.7171993, 54.3615369], [18.7172361, 54.361538700000004], [18.7176079, 54.36155719999999], [18.7179192, 54.361573], [18.718388300000004, 54.361596799999994], [18.7188273, 54.36161239999999], [18.7190582, 54.3616207]]}}, {"type": "Feature", "properties": {"u": 229, "v": 231, "key": 0, "length": 193.2, "length_raw": 18493033.80656778}, "geometry": {"type": "LineString", "coordinates": [[18.71527835003934, 54.36147860001304], [18.7152232, 54.36150799999999], [18.7152901, 54.3615491], [18.715334500000004, 54.361602000000005], [18.7153706, 54.3617134], [18.7154439, 54.362013199999986], [18.7154556, 54.362059699999996], [18.7155817, 54.36255920000001], [18.7155895, 54.36258960000001], [18.7155923, 54.36260109999999], [18.7156299, 54.362753600000005], [18.7156479, 54.362825], [18.7157335, 54.3631633]]}}, {"type": "Feature", "properties": {"u": 229, "v": 232, "key": 0, "length": 166.4, "length_raw": 1210987.0574517844}, "geometry": {"type": "LineString", "coordinates": [[18.71527835003934, 54.36147860001304], [18.7152232, 54.36150799999999], [18.715174, 54.36148669999999], [18.7151107, 54.361466899999996], [18.7150542, 54.36145630000001], [18.7145679, 54.3614043], [18.7141355, 54.361357699999985], [18.713239, 54.361263799999996], [18.712790349465024, 54.36121685082933]]}}, {"type": "Feature", "properties": {"u": 230, "v": 229, "key": 0, "length": 246.9, "length_raw": 3930329.001517807}, "geometry": {"type": "LineString", "coordinates": [[18.7190582, 54.3616207], [18.7188273, 54.36161239999999], [18.718388300000004, 54.361596799999994], [18.7179192, 54.361573], [18.7176079, 54.36155719999999], [18.7172361, 54.361538700000004], [18.7171993, 54.3615369], [18.716912, 54.361522599999994], [18.7162459, 54.361489500000005], [18.7160306, 54.36147879999999], [18.7156507, 54.3614585], [18.7155497, 54.361455899999996], [18.7153335, 54.361449199999996], [18.71527835003934, 54.36147860001304]]}}, {"type": "Feature", "properties": {"u": 231, "v": 328, "key": 0, "length": 101.6, "length_raw": 9997864.163310565}, "geometry": {"type": "LineString", "coordinates": [[18.7157335, 54.3631633], [18.715755, 54.36324609999999], [18.7157771, 54.3633309], [18.715810000000005, 54.3634004], [18.7158614, 54.3634676], [18.7159079, 54.3635124], [18.7159742, 54.363561999999995], [18.7161735, 54.3636754], [18.7164677, 54.363841], [18.7165753, 54.36389470000001]]}}, {"type": "Feature", "properties": {"u": 231, "v": 229, "key": 0, "length": 193.2, "length_raw": 18493033.80656778}, "geometry": {"type": "LineString", "coordinates": [[18.7157335, 54.3631633], [18.7156479, 54.362825], [18.7156299, 54.362753600000005], [18.7155923, 54.36260109999999], [18.7155895, 54.36258960000001], [18.7155817, 54.36255920000001], [18.7154556, 54.362059699999996], [18.7154439, 54.362013199999986], [18.7153706, 54.3617134], [18.715334500000004, 54.361602000000005], [18.7152901, 54.3615491], [18.7152232, 54.36150799999999], [18.71527835003934, 54.36147860001304]]}}, {"type": "Feature", "properties": {"u": 232, "v": 159, "key": 0, "length": 109.8, "length_raw": 3216869.8009704626}, "geometry": {"type": "LineString", "coordinates": [[18.712790349465024, 54.36121685082933], [18.7123417, 54.361169899999986], [18.7119152, 54.36112469999999], [18.7115533, 54.361083699999995], [18.711393100000002, 54.36105930000001], [18.7111357, 54.3610109]]}}, {"type": "Feature", "properties": {"u": 232, "v": 229, "key": 0, "length": 166.4, "length_raw": 1210987.0574517844}, "geometry": {"type": "LineString", "coordinates": [[18.712790349465024, 54.36121685082933], [18.713239, 54.361263799999996], [18.7141355, 54.361357699999985], [18.7145679, 54.3614043], [18.7150542, 54.36145630000001], [18.7151107, 54.361466899999996], [18.715174, 54.36148669999999], [18.7152232, 54.36150799999999], [18.71527835003934, 54.36147860001304]]}}, {"type": "Feature", "properties": {"u": 233, "v": 234, "key": 0, "length": 108.2, "length_raw": 7967676.747833647}, "geometry": {"type": "LineString", "coordinates": [[18.6605283, 54.34182889999999], [18.6607714, 54.341944299999994], [18.6608713, 54.3419917], [18.6609511, 54.3420296], [18.6612296, 54.34216179999999], [18.661413, 54.342248899999994], [18.6618242, 54.342441699999995]]}}, {"type": "Feature", "properties": {"u": 233, "v": 235, "key": 0, "length": 163.8, "length_raw": 12639045.417373324}, "geometry": {"type": "LineString", "coordinates": [[18.6605283, 54.34182889999999], [18.6599957, 54.341576], [18.6598017, 54.3414838], [18.659758, 54.34146309999999], [18.6597075, 54.3414391], [18.6593495, 54.3412692], [18.6591752, 54.34118639999999], [18.6585687, 54.3408984]]}}, {"type": "Feature", "properties": {"u": 234, "v": 233, "key": 0, "length": 108.2, "length_raw": 7967676.747833647}, "geometry": {"type": "LineString", "coordinates": [[18.6618242, 54.342441699999995], [18.661413, 54.342248899999994], [18.6612296, 54.34216179999999], [18.6609511, 54.3420296], [18.6608713, 54.3419917], [18.6607714, 54.341944299999994], [18.6605283, 54.34182889999999]]}}, {"type": "Feature", "properties": {"u": 234, "v": 236, "key": 0, "length": 86.6, "length_raw": 7210599.827693579}, "geometry": {"type": "LineString", "coordinates": [[18.6618242, 54.342441699999995], [18.6620461, 54.34255129999998], [18.662176100000003, 54.342615], [18.6622873, 54.3426774], [18.6623527, 54.342728099999995], [18.6624203, 54.3427922], [18.6624756, 54.34287890000001], [18.6625136, 54.34294930000001], [18.662568849855884, 54.34305965001213]]}}, {"type": "Feature", "properties": {"u": 235, "v": 233, "key": 0, "length": 163.8, "length_raw": 12639045.417373324}, "geometry": {"type": "LineString", "coordinates": [[18.6585687, 54.3408984], [18.6591752, 54.34118639999999], [18.6593495, 54.3412692], [18.6597075, 54.3414391], [18.659758, 54.34146309999999], [18.6598017, 54.3414838], [18.6599957, 54.341576], [18.6605283, 54.34182889999999]]}}, {"type": "Feature", "properties": {"u": 235, "v": 237, "key": 0, "length": 71.4, "length_raw": 4439883.266365428}, "geometry": {"type": "LineString", "coordinates": [[18.6585687, 54.3408984], [18.658522, 54.34087540000001], [18.6583571, 54.34079440000001], [18.6582807, 54.34075829999999], [18.6579678, 54.34061049999999], [18.6578964, 54.34057709999999], [18.6577151, 54.340492300000015]]}}, {"type": "Feature", "properties": {"u": 236, "v": 234, "key": 0, "length": 86.6, "length_raw": 7210599.827693579}, "geometry": {"type": "LineString", "coordinates": [[18.662568849855884, 54.34305965001213], [18.6625136, 54.34294930000001], [18.6624756, 54.34287890000001], [18.6624203, 54.3427922], [18.6623527, 54.342728099999995], [18.6622873, 54.3426774], [18.662176100000003, 54.342615], [18.6620461, 54.34255129999998], [18.6618242, 54.342441699999995]]}}, {"type": "Feature", "properties": {"u": 236, "v": 252, "key": 0, "length": 76.6, "length_raw": 8459781.096683288}, "geometry": {"type": "LineString", "coordinates": [[18.662568849855884, 54.34305965001213], [18.6626241, 54.34316999999999], [18.6626573, 54.3432384], [18.6627064, 54.3433395], [18.6628071, 54.3435514], [18.6628899, 54.3437223]]}}, {"type": "Feature", "properties": {"u": 237, "v": 350, "key": 0, "length": 69.2, "length_raw": 5519151.3303525895}, "geometry": {"type": "LineString", "coordinates": [[18.6577151, 54.340492300000015], [18.657115, 54.34021169999999], [18.6569675, 54.34015320000001], [18.65688735010218, 54.340205600027836]]}}, {"type": "Feature", "properties": {"u": 237, "v": 235, "key": 0, "length": 71.4, "length_raw": 4439883.266365428}, "geometry": {"type": "LineString", "coordinates": [[18.6577151, 54.340492300000015], [18.6578964, 54.34057709999999], [18.6579678, 54.34061049999999], [18.6582807, 54.34075829999999], [18.6583571, 54.34079440000001], [18.658522, 54.34087540000001], [18.6585687, 54.3408984]]}}, {"type": "Feature", "properties": {"u": 238, "v": 239, "key": 0, "length": 248.4, "length_raw": 11660274.435736323}, "geometry": {"type": "LineString", "coordinates": [[18.70244911679955, 54.38233724176094], [18.7030063, 54.382504], [18.7033536, 54.38262689999999], [18.7035228, 54.382681], [18.7037709, 54.382714], [18.7052714, 54.38270910000001], [18.7054895, 54.38274140000001], [18.7056716, 54.3828075], [18.7059514, 54.3829859]]}}, {"type": "Feature", "properties": {"u": 238, "v": 240, "key": 0, "length": 294.8, "length_raw": 5384703.292034538}, "geometry": {"type": "LineString", "coordinates": [[18.70244911679955, 54.38233724176094], [18.7030063, 54.382504], [18.7024399, 54.38297440000001], [18.7022245, 54.383106399999996], [18.7009485, 54.3825601], [18.7007936, 54.382496999999994], [18.7000148, 54.38229380000001]]}}, {"type": "Feature", "properties": {"u": 239, "v": 238, "key": 0, "length": 248.4, "length_raw": 11660274.435736323}, "geometry": {"type": "LineString", "coordinates": [[18.7059514, 54.3829859], [18.7056716, 54.3828075], [18.7054895, 54.38274140000001], [18.7052714, 54.38270910000001], [18.7037709, 54.382714], [18.7035228, 54.382681], [18.7033536, 54.38262689999999], [18.7030063, 54.382504], [18.70244911679955, 54.38233724176094]]}}, {"type": "Feature", "properties": {"u": 239, "v": 218, "key": 0, "length": 86.3, "length_raw": 8714745.066284616}, "geometry": {"type": "LineString", "coordinates": [[18.7059514, 54.3829859], [18.706228, 54.3831131], [18.7063729, 54.383169], [18.7065359, 54.383214300000006], [18.7067081, 54.38323090000001], [18.7068373, 54.3832333], [18.7069538, 54.38321830000001], [18.70710198738788, 54.38329883495627]]}}, {"type": "Feature", "properties": {"u": 240, "v": 327, "key": 0, "length": 81.6, "length_raw": 4147582.469018563}, "geometry": {"type": "LineString", "coordinates": [[18.7000148, 54.38229380000001], [18.7002298, 54.3821353], [18.7003474, 54.3820684], [18.7005011, 54.3819913], [18.7006107, 54.3819499], [18.7007414, 54.38192310000001], [18.700881, 54.3819156], [18.7010173, 54.38191659999998]]}}, {"type": "Feature", "properties": {"u": 240, "v": 324, "key": 0, "length": 666.9, "length_raw": 14886477.417225663}, "geometry": {"type": "LineString", "coordinates": [[18.7000148, 54.38229380000001], [18.6995956, 54.38222679999999], [18.6993202, 54.3821602], [18.6990211, 54.3820483], [18.6988155, 54.3819559], [18.6986955, 54.38189440000001], [18.6984286, 54.3817417], [18.6981512, 54.381535899999996], [18.6979696, 54.38139679999999], [18.6974825, 54.38104589999999], [18.6971323, 54.3808426], [18.6968511, 54.380715499999994], [18.6966055, 54.38062279999999], [18.6963101, 54.3805363], [18.6960745, 54.380479199999996], [18.6957661, 54.380418099999986], [18.6955035, 54.38036809999999], [18.6951345, 54.38030020000001], [18.6947634, 54.380242999999986], [18.6942976, 54.380183499999994], [18.6937191, 54.380114299999995], [18.6934644, 54.380079200000004], [18.691944800000005, 54.3798518], [18.6914739, 54.3797886], [18.6911437, 54.37975269999999], [18.69107214998818, 54.3797462500211]]}}, {"type": "Feature", "properties": {"u": 241, "v": 336, "key": 0, "length": 287.7, "length_raw": 8934564.164112844}, "geometry": {"type": "LineString", "coordinates": [[18.62788915030033, 54.336133400023066], [18.6279543, 54.335950800000006], [18.627984, 54.33585589999999], [18.6280334, 54.3356983], [18.6282822, 54.334894799999994], [18.6283578, 54.33462840000001], [18.6284509, 54.33425419999999], [18.628475, 54.33416009999999], [18.6284802, 54.334139899999975], [18.628578500000003, 54.3338442], [18.6286882, 54.3335897]]}}, {"type": "Feature", "properties": {"u": 241, "v": 184, "key": 0, "length": 179.3, "length_raw": 17712976.356932577}, "geometry": {"type": "LineString", "coordinates": [[18.62788915030033, 54.336133400023066], [18.627824, 54.33631599999999], [18.6277844, 54.3364269], [18.6277132, 54.33666259999998], [18.6276361, 54.3369139], [18.6275614, 54.33715229999999], [18.627478827756175, 54.337725822288334]]}}, {"type": "Feature", "properties": {"u": 242, "v": 320, "key": 0, "length": 205.9, "length_raw": 11843402.23021532}, "geometry": {"type": "LineString", "coordinates": [[18.6342029, 54.338055000000004], [18.6345434, 54.33802119999999], [18.6347802, 54.3380117], [18.6350152, 54.3380134], [18.6353605, 54.338038399999995], [18.6356849, 54.338085099999994], [18.6366356, 54.3382957], [18.6368234, 54.3383481], [18.6369912, 54.33840550000001], [18.6370363, 54.338421800000006], [18.6372088, 54.33848549999998]]}}, {"type": "Feature", "properties": {"u": 242, "v": 184, "key": 0, "length": 458.7, "length_raw": 8957131.507498056}, "geometry": {"type": "LineString", "coordinates": [[18.6342029, 54.338055000000004], [18.6335328, 54.338130699999994], [18.6331236, 54.3381773], [18.6324696, 54.3382456], [18.6323094, 54.33826319999999], [18.632191, 54.338276199999996], [18.6316838, 54.3383329], [18.6312616, 54.33837729999999], [18.6309689, 54.33840180000001], [18.630649000000002, 54.3384125], [18.6302813, 54.338408699999995], [18.6300188, 54.3384002], [18.6297394, 54.338374999999985], [18.6294717, 54.338338099999994], [18.6291377, 54.3382795], [18.6288584, 54.33822179999999], [18.6283878, 54.33811639999999], [18.627478827756175, 54.337725822288334]]}}, {"type": "Feature", "properties": {"u": 243, "v": 262, "key": 0, "length": 85.8, "length_raw": 6826015.175774115}, "geometry": {"type": "LineString", "coordinates": [[18.637113950036685, 54.351296600003195], [18.6370889, 54.351355], [18.6367208, 54.351315899999996], [18.6361776, 54.3512506], [18.6360853, 54.35123789999999], [18.6359181, 54.35117799999999]]}}, {"type": "Feature", "properties": {"u": 243, "v": 31, "key": 0, "length": 202.8, "length_raw": 9289221.972781584}, "geometry": {"type": "LineString", "coordinates": [[18.637113950036685, 54.351296600003195], [18.6370889, 54.351355], [18.6370507, 54.3514383], [18.6370193, 54.351510700000006], [18.6369212, 54.351680899999984], [18.636876100000002, 54.351744399999994], [18.6368322, 54.351796699999994], [18.6367859, 54.351842999999995], [18.6367339, 54.351879499999995], [18.6366838, 54.3519102], [18.6360732, 54.352227199999994], [18.6358792, 54.3523255], [18.6356144, 54.3524651], [18.6354694, 54.3525416], [18.635206600000004, 54.3526763]]}}, {"type": "Feature", "properties": {"u": 243, "v": 335, "key": 0, "length": 122.7, "length_raw": 8113379.791507418}, "geometry": {"type": "LineString", "coordinates": [[18.637113950036685, 54.351296600003195], [18.637139, 54.3512382], [18.6372255, 54.3512346], [18.6373618, 54.3512303], [18.6374356, 54.3512347], [18.6375254, 54.351244400000006], [18.6376156, 54.35125459999999], [18.6381545, 54.351319499999995], [18.6384269, 54.35135139999999], [18.6389019, 54.3513992]]}}, {"type": "Feature", "properties": {"u": 244, "v": 245, "key": 0, "length": 151.3, "length_raw": 12602292.262793105}, "geometry": {"type": "LineString", "coordinates": [[18.6573063, 54.360468399999995], [18.657227700000004, 54.3603512], [18.657029, 54.36005999999999], [18.6568625, 54.359845500000006], [18.6567472, 54.3597064], [18.6566331, 54.35959019999999], [18.6565833, 54.3595397], [18.6564963, 54.3594484], [18.656299949028455, 54.35924260015317]]}}, {"type": "Feature", "properties": {"u": 244, "v": 246, "key": 0, "length": 224.3, "length_raw": 14569452.556738708}, "geometry": {"type": "LineString", "coordinates": [[18.6573063, 54.360468399999995], [18.6571164, 54.360525], [18.6565185, 54.3606297], [18.6557364, 54.360768099999994], [18.6552251, 54.360845499999996], [18.6547601, 54.36093269999999], [18.6544837, 54.36099229999999], [18.6542096, 54.361062999999994], [18.6540352, 54.361115099999985]]}}, {"type": "Feature", "properties": {"u": 245, "v": 244, "key": 0, "length": 151.3, "length_raw": 12602292.262793105}, "geometry": {"type": "LineString", "coordinates": [[18.656299949028455, 54.35924260015317], [18.6564963, 54.3594484], [18.6565833, 54.3595397], [18.6566331, 54.35959019999999], [18.6567472, 54.3597064], [18.6568625, 54.359845500000006], [18.657029, 54.36005999999999], [18.657227700000004, 54.3603512], [18.6573063, 54.360468399999995]]}}, {"type": "Feature", "properties": {"u": 245, "v": 247, "key": 0, "length": 147.2, "length_raw": 8478503.331526538}, "geometry": {"type": "LineString", "coordinates": [[18.656299949028455, 54.35924260015317], [18.6561036, 54.359036799999984], [18.6559802, 54.35890539999999], [18.655864, 54.358790199999994], [18.6554943, 54.3584249], [18.6554348, 54.3583659], [18.6553527, 54.35828320000001], [18.654998050556348, 54.358349350527334]]}}, {"type": "Feature", "properties": {"u": 246, "v": 244, "key": 0, "length": 224.3, "length_raw": 14569452.556738708}, "geometry": {"type": "LineString", "coordinates": [[18.6540352, 54.361115099999985], [18.6542096, 54.361062999999994], [18.6544837, 54.36099229999999], [18.6547601, 54.36093269999999], [18.6552251, 54.360845499999996], [18.6557364, 54.360768099999994], [18.6565185, 54.3606297], [18.6571164, 54.360525], [18.6573063, 54.360468399999995]]}}, {"type": "Feature", "properties": {"u": 246, "v": 43, "key": 0, "length": 282.7, "length_raw": 5709894.862022093}, "geometry": {"type": "LineString", "coordinates": [[18.6540352, 54.361115099999985], [18.6536388, 54.3612404], [18.6534348, 54.36132549999999], [18.6532662, 54.3614038], [18.652684, 54.361657699999995], [18.6524867, 54.3617447], [18.6520244, 54.361960799999984], [18.6518246, 54.3620542], [18.6517385, 54.362094199999994], [18.6516458, 54.3621369], [18.6510674, 54.3624069], [18.6507566, 54.36255169999999], [18.65055705044927, 54.362644700170236]]}}, {"type": "Feature", "properties": {"u": 247, "v": 245, "key": 0, "length": 147.2, "length_raw": 8478503.331526538}, "geometry": {"type": "LineString", "coordinates": [[18.654998050556348, 54.358349350527334], [18.6553527, 54.35828320000001], [18.6554348, 54.3583659], [18.6554943, 54.3584249], [18.655864, 54.358790199999994], [18.6559802, 54.35890539999999], [18.6561036, 54.359036799999984], [18.656299949028455, 54.35924260015317]]}}, {"type": "Feature", "properties": {"u": 247, "v": 272, "key": 0, "length": 427.6, "length_raw": 18791420.213894602}, "geometry": {"type": "LineString", "coordinates": [[18.654998050556348, 54.358349350527334], [18.6553527, 54.35828320000001], [18.655556, 54.35824540000001], [18.6556308, 54.358231499999995], [18.6558405, 54.358192599999995], [18.6562399, 54.358122], [18.6570251, 54.3579799], [18.657446, 54.3579037], [18.6576537, 54.357865499999996], [18.6579574, 54.35780969999999], [18.6580639, 54.35778489999999], [18.658488, 54.35767630000001], [18.6589188, 54.35756479999999], [18.6590769, 54.35751640000001], [18.6591937, 54.35748060000001], [18.6593276, 54.3574434], [18.6596535, 54.357344], [18.660463400000005, 54.3570626], [18.6607008, 54.35698390000001], [18.6607722, 54.3569597], [18.6609133, 54.356922300000015], [18.6610753, 54.356894100000005]]}}, {"type": "Feature", "properties": {"u": 247, "v": 273, "key": 0, "length": 118.0, "length_raw": 2645215.666351594}, "geometry": {"type": "LineString", "coordinates": [[18.654998050556348, 54.358349350527334], [18.6546434, 54.3584155], [18.6544741, 54.35844699999999], [18.6541013, 54.3585164], [18.654005, 54.3585274], [18.6538979, 54.35853279999999], [18.6537895, 54.3585346], [18.6536472, 54.358528699999994], [18.653230449554194, 54.35848670071566]]}}, {"type": "Feature", "properties": {"u": 248, "v": 249, "key": 0, "length": 181.1, "length_raw": 5389868.704981131}, "geometry": {"type": "LineString", "coordinates": [[18.655906149897678, 54.34563285001143], [18.6558524, 54.345552999999995], [18.655525000000004, 54.34561540000001], [18.6553705, 54.34564439999999], [18.6542077, 54.3458369], [18.6536678, 54.34593129999998], [18.6533605, 54.345989200000005], [18.6533182, 54.34599719999999]]}}, {"type": "Feature", "properties": {"u": 248, "v": 165, "key": 0, "length": 533.1, "length_raw": 14325179.784291102}, "geometry": {"type": "LineString", "coordinates": [[18.655906149897678, 54.34563285001143], [18.6558524, 54.345552999999995], [18.65611, 54.3454986], [18.6562982, 54.3454611], [18.6568623, 54.345358899999994], [18.6574158, 54.34527309999999], [18.6579279, 54.3452054], [18.6585741, 54.345123799999996], [18.6590398, 54.34505329999998], [18.660421600000003, 54.3448287], [18.661394500000004, 54.34464799999999], [18.6625557, 54.3444582], [18.6628524, 54.34440980000001], [18.662919, 54.3444011], [18.6630516, 54.3443869], [18.6632199, 54.3443781], [18.663410954317698, 54.34460359936925]]}}, {"type": "Feature", "properties": {"u": 249, "v": 250, "key": 0, "length": 176.2, "length_raw": 17085577.628942493}, "geometry": {"type": "LineString", "coordinates": [[18.6533182, 54.34599719999999], [18.6531809, 54.34611379999999], [18.6531132, 54.346171299999995], [18.6529844, 54.34628059999999], [18.6516385, 54.34666299999999], [18.6512681, 54.34676439999999], [18.6510649, 54.3468171]]}}, {"type": "Feature", "properties": {"u": 249, "v": 248, "key": 0, "length": 181.1, "length_raw": 5389868.704981131}, "geometry": {"type": "LineString", "coordinates": [[18.6533182, 54.34599719999999], [18.6533605, 54.345989200000005], [18.6536678, 54.34593129999998], [18.6542077, 54.3458369], [18.6553705, 54.34564439999999], [18.655525000000004, 54.34561540000001], [18.6558524, 54.345552999999995], [18.655906149897678, 54.34563285001143]]}}, {"type": "Feature", "properties": {"u": 250, "v": 277, "key": 0, "length": 153.4, "length_raw": 2551049.426259499}, "geometry": {"type": "LineString", "coordinates": [[18.6510649, 54.3468171], [18.6508394, 54.3468744], [18.6502293, 54.347032999999996], [18.6491944, 54.3472935], [18.6488919, 54.3473626]]}}, {"type": "Feature", "properties": {"u": 251, "v": 98, "key": 0, "length": 373.8, "length_raw": 11782295.944838213}, "geometry": {"type": "LineString", "coordinates": [[18.6679404, 54.345397], [18.6680274, 54.34544739999999], [18.6680757, 54.3454777], [18.6681687, 54.34553609999999], [18.668316, 54.34563440000001], [18.6684748, 54.3457645], [18.6685607, 54.34584319999999], [18.668715, 54.3460134], [18.6688503, 54.3462025], [18.6691583, 54.3467932], [18.6692991, 54.3470826], [18.6694905, 54.3474612], [18.6695973, 54.34767239999999], [18.669688, 54.347863899999986], [18.6697491, 54.347999200000004], [18.6697799, 54.3480675], [18.6698368, 54.34823190000001], [18.669826856212396, 54.34851044650816]]}}, {"type": "Feature", "properties": {"u": 252, "v": 236, "key": 0, "length": 76.6, "length_raw": 8459781.096683288}, "geometry": {"type": "LineString", "coordinates": [[18.6628899, 54.3437223], [18.6628071, 54.3435514], [18.6627064, 54.3433395], [18.6626573, 54.3432384], [18.6626241, 54.34316999999999], [18.662568849855884, 54.34305965001213]]}}, {"type": "Feature", "properties": {"u": 252, "v": 165, "key": 0, "length": 104.0, "length_raw": 10052842.332565794}, "geometry": {"type": "LineString", "coordinates": [[18.6628899, 54.3437223], [18.6630456, 54.34404489999999], [18.66311, 54.34416879999999], [18.6631263, 54.344200599999986], [18.6631835, 54.3443103], [18.6632199, 54.3443781], [18.663410954317698, 54.34460359936925]]}}, {"type": "Feature", "properties": {"u": 253, "v": 254, "key": 0, "length": 607.5, "length_raw": 15604737.090641452}, "geometry": {"type": "LineString", "coordinates": [[18.642852000000005, 54.36435790000001], [18.6427412, 54.36444490000001], [18.6426982, 54.364478599999984], [18.6426515, 54.3645155], [18.6418346, 54.36516099999999], [18.6414238, 54.3654687], [18.6407843, 54.3659352], [18.6406411, 54.36602769999999], [18.6404477, 54.3661763], [18.6403003, 54.36629609999999], [18.6395872, 54.36689189999999], [18.6375243, 54.36865769999999], [18.637373200000003, 54.3687885]]}}, {"type": "Feature", "properties": {"u": 253, "v": 255, "key": 0, "length": 174.4, "length_raw": 14812315.995056592}, "geometry": {"type": "LineString", "coordinates": [[18.642852000000005, 54.36435790000001], [18.6431752, 54.36407409999999], [18.6432067, 54.3640464], [18.6434206, 54.36385719999999], [18.6435827, 54.36369549999999], [18.6436984, 54.36355989999999], [18.6440702, 54.3630424], [18.6440767, 54.3630334], [18.644114800051206, 54.36297905000671]]}}, {"type": "Feature", "properties": {"u": 254, "v": 253, "key": 0, "length": 607.5, "length_raw": 15604737.090641452}, "geometry": {"type": "LineString", "coordinates": [[18.637373200000003, 54.3687885], [18.6375243, 54.36865769999999], [18.6395872, 54.36689189999999], [18.6403003, 54.36629609999999], [18.6404477, 54.3661763], [18.6406411, 54.36602769999999], [18.6407843, 54.3659352], [18.6414238, 54.3654687], [18.6418346, 54.36516099999999], [18.6426515, 54.3645155], [18.6426982, 54.364478599999984], [18.6427412, 54.36444490000001], [18.642852000000005, 54.36435790000001]]}}, {"type": "Feature", "properties": {"u": 254, "v": 256, "key": 0, "length": 147.9, "length_raw": 9807704.177672584}, "geometry": {"type": "LineString", "coordinates": [[18.637373200000003, 54.3687885], [18.637216, 54.3689146], [18.6365742, 54.36942620000001], [18.6361128, 54.36978729999999], [18.636018, 54.369859199999986]]}}, {"type": "Feature", "properties": {"u": 255, "v": 253, "key": 0, "length": 174.4, "length_raw": 14812315.995056592}, "geometry": {"type": "LineString", "coordinates": [[18.644114800051206, 54.36297905000671], [18.6440767, 54.3630334], [18.6440702, 54.3630424], [18.6436984, 54.36355989999999], [18.6435827, 54.36369549999999], [18.6434206, 54.36385719999999], [18.6432067, 54.3640464], [18.6431752, 54.36407409999999], [18.642852000000005, 54.36435790000001]]}}, {"type": "Feature", "properties": {"u": 255, "v": 257, "key": 0, "length": 134.5, "length_raw": 13397022.039413782}, "geometry": {"type": "LineString", "coordinates": [[18.644114800051206, 54.36297905000671], [18.6441529, 54.3629247], [18.6441891, 54.362877100000006], [18.6443848, 54.36261939999999], [18.6444272, 54.362569099999995], [18.6444854, 54.36250660000001], [18.6445766, 54.362426400000004], [18.6446264, 54.3623907], [18.6446923, 54.362351100000005], [18.644801, 54.3622964], [18.6449076, 54.362249000000006], [18.6451577, 54.3621496], [18.6452381, 54.36211680000001], [18.645374, 54.3620612]]}}, {"type": "Feature", "properties": {"u": 256, "v": 254, "key": 0, "length": 147.9, "length_raw": 9807704.177672584}, "geometry": {"type": "LineString", "coordinates": [[18.636018, 54.369859199999986], [18.6361128, 54.36978729999999], [18.6365742, 54.36942620000001], [18.637216, 54.3689146], [18.637373200000003, 54.3687885]]}}, {"type": "Feature", "properties": {"u": 256, "v": 341, "key": 0, "length": 210.1, "length_raw": 13215677.417921256}, "geometry": {"type": "LineString", "coordinates": [[18.636018, 54.369859199999986], [18.6358806, 54.36996570000001], [18.6354284, 54.3703337], [18.6341609, 54.371349800000004], [18.6341146, 54.37138869999999]]}}, {"type": "Feature", "properties": {"u": 257, "v": 255, "key": 0, "length": 134.5, "length_raw": 13397022.039413782}, "geometry": {"type": "LineString", "coordinates": [[18.645374, 54.3620612], [18.6452381, 54.36211680000001], [18.6451577, 54.3621496], [18.6449076, 54.362249000000006], [18.644801, 54.3622964], [18.6446923, 54.362351100000005], [18.6446264, 54.3623907], [18.6445766, 54.362426400000004], [18.6444854, 54.36250660000001], [18.6444272, 54.362569099999995], [18.6443848, 54.36261939999999], [18.6441891, 54.362877100000006], [18.6441529, 54.3629247], [18.644114800051206, 54.36297905000671]]}}, {"type": "Feature", "properties": {"u": 257, "v": 117, "key": 0, "length": 163.5, "length_raw": 8406589.690791236}, "geometry": {"type": "LineString", "coordinates": [[18.645374, 54.3620612], [18.6455191, 54.36199889999999], [18.6456399, 54.3619418], [18.6458729, 54.36181810000001], [18.6460414, 54.3617186], [18.6461702, 54.36162519999999], [18.6463065, 54.3615192], [18.646428, 54.36140859999999], [18.6466621, 54.361179899999996], [18.6467373, 54.361109199999994], [18.64695680094949, 54.36093220021156]]}}, {"type": "Feature", "properties": {"u": 258, "v": 187, "key": 0, "length": 408.6, "length_raw": 10166211.372001577}, "geometry": {"type": "LineString", "coordinates": [[18.70869636804283, 54.3520452675599], [18.7081739, 54.35217029999999], [18.707895, 54.3521792], [18.7076785, 54.3521745], [18.7074601, 54.35215139999999], [18.7072467, 54.35212179999999], [18.7070331, 54.352076899999986], [18.705136, 54.35163299999999], [18.7039264, 54.35134829999999], [18.7033299, 54.35121049999999], [18.7032419, 54.35118889999999], [18.7027875, 54.35108329999999]]}}, {"type": "Feature", "properties": {"u": 259, "v": 260, "key": 0, "length": 97.2, "length_raw": 10536228.638340186}, "geometry": {"type": "LineString", "coordinates": [[18.63329064941032, 54.35085880060233], [18.6336736, 54.3509204], [18.63376, 54.3509338], [18.6338549, 54.3509467], [18.6339463, 54.350958199999994], [18.634036200000004, 54.3509696], [18.6347103, 54.35104819999999], [18.63475164999498, 54.35105300000701]]}}, {"type": "Feature", "properties": {"u": 259, "v": 261, "key": 0, "length": 213.6, "length_raw": 12567851.219422283}, "geometry": {"type": "LineString", "coordinates": [[18.63329064941032, 54.35085880060233], [18.6329077, 54.3507972], [18.6324239, 54.350690799999995], [18.6320955, 54.3506184], [18.631956800000005, 54.350587299999994], [18.6313081, 54.35043619999999], [18.6305269, 54.3502558], [18.6304091, 54.350229899999995], [18.6303083, 54.350206699999994], [18.6302073, 54.350184500000005]]}}, {"type": "Feature", "properties": {"u": 260, "v": 259, "key": 0, "length": 97.2, "length_raw": 10536228.638340186}, "geometry": {"type": "LineString", "coordinates": [[18.63475164999498, 54.35105300000701], [18.6347103, 54.35104819999999], [18.634036200000004, 54.3509696], [18.6339463, 54.350958199999994], [18.6338549, 54.3509467], [18.63376, 54.3509338], [18.6336736, 54.3509204], [18.63329064941032, 54.35085880060233]]}}, {"type": "Feature", "properties": {"u": 260, "v": 262, "key": 0, "length": 76.9, "length_raw": 7599769.720770401}, "geometry": {"type": "LineString", "coordinates": [[18.63475164999498, 54.35105300000701], [18.634793, 54.35105779999999], [18.635272500000003, 54.35110629999999], [18.6359181, 54.35117799999999]]}}, {"type": "Feature", "properties": {"u": 261, "v": 288, "key": 0, "length": 77.0, "length_raw": 2573587.26994215}, "geometry": {"type": "LineString", "coordinates": [[18.6302073, 54.350184500000005], [18.6299716, 54.35013229999999], [18.6295388, 54.3500406], [18.6290837, 54.349959600000005]]}}, {"type": "Feature", "properties": {"u": 261, "v": 259, "key": 0, "length": 213.6, "length_raw": 12567851.219422283}, "geometry": {"type": "LineString", "coordinates": [[18.6302073, 54.350184500000005], [18.6303083, 54.350206699999994], [18.6304091, 54.350229899999995], [18.6305269, 54.3502558], [18.6313081, 54.35043619999999], [18.631956800000005, 54.350587299999994], [18.6320955, 54.3506184], [18.6324239, 54.350690799999995], [18.6329077, 54.3507972], [18.63329064941032, 54.35085880060233]]}}, {"type": "Feature", "properties": {"u": 262, "v": 260, "key": 0, "length": 76.9, "length_raw": 7599769.720770401}, "geometry": {"type": "LineString", "coordinates": [[18.6359181, 54.35117799999999], [18.635272500000003, 54.35110629999999], [18.634793, 54.35105779999999], [18.63475164999498, 54.35105300000701]]}}, {"type": "Feature", "properties": {"u": 262, "v": 243, "key": 0, "length": 86.5, "length_raw": 6826015.175774115}, "geometry": {"type": "LineString", "coordinates": [[18.6359181, 54.35117799999999], [18.6361358, 54.3511709], [18.6366286, 54.351223], [18.6367494, 54.35123569999999], [18.6368493, 54.35124220000001], [18.6369826, 54.35124340000001], [18.6371112, 54.35123949999999], [18.637139, 54.3512382], [18.637113950036685, 54.351296600003195]]}}, {"type": "Feature", "properties": {"u": 263, "v": 211, "key": 0, "length": 141.3, "length_raw": 11981704.34888829}, "geometry": {"type": "LineString", "coordinates": [[18.6311308, 54.3737127], [18.6307613, 54.3739634], [18.6305442, 54.374169], [18.6303997, 54.374357399999994], [18.6303203, 54.3745064], [18.6302871, 54.374612899999995], [18.630268800000003, 54.374737499999995], [18.6302738, 54.37484090000001]]}}, {"type": "Feature", "properties": {"u": 264, "v": 207, "key": 0, "length": 260.3, "length_raw": 5224653.025586233}, "geometry": {"type": "LineString", "coordinates": [[18.629202, 54.37586649999999], [18.628881900000003, 54.37573570000001], [18.6287751, 54.3757038], [18.6286634, 54.37567899999999], [18.6285645, 54.3756596], [18.628473, 54.375645999999996], [18.6283344, 54.37563170000001], [18.6266503, 54.37556499999999], [18.626195900000003, 54.3755485], [18.6256132, 54.375526900000004], [18.62557954986012, 54.37534085000578]]}}, {"type": "Feature", "properties": {"u": 265, "v": 283, "key": 0, "length": 428.6, "length_raw": 5536951.784566831}, "geometry": {"type": "LineString", "coordinates": [[18.6339563, 54.3790951], [18.6341642, 54.3792396], [18.6343572, 54.37938199999999], [18.6344943, 54.37948170000001], [18.6346278, 54.3795789], [18.63494, 54.379810899999995], [18.6354541, 54.380185600000004], [18.635985300000005, 54.3805597], [18.6362048, 54.3807104], [18.6365599, 54.3809517], [18.6368662, 54.3811506], [18.637178900000002, 54.38134960000001], [18.6379528, 54.3818344], [18.6382508, 54.382025399999996]]}}, {"type": "Feature", "properties": {"u": 266, "v": 267, "key": 0, "length": 385.0, "length_raw": 1699355.6553099502}, "geometry": {"type": "LineString", "coordinates": [[18.62173870004232, 54.380669150002156], [18.6217537, 54.380564], [18.6217896, 54.3804236], [18.6218144, 54.38035589999999], [18.6219119, 54.380090599999996], [18.6221607, 54.379477699999995], [18.6222435, 54.379230299999996], [18.6223539, 54.3789572], [18.6224138, 54.378817600000005], [18.6224427, 54.378751699999995], [18.6226596, 54.37826460000001], [18.6228234, 54.3778719], [18.6230221, 54.377395399999976], [18.6230602, 54.37729530000001]]}}, {"type": "Feature", "properties": {"u": 267, "v": 209, "key": 0, "length": 178.3, "length_raw": 19322890.366083607}, "geometry": {"type": "LineString", "coordinates": [[18.6230602, 54.37729530000001], [18.623364, 54.37653430000001], [18.6234083, 54.3764203], [18.623461, 54.37628479999999], [18.6234889, 54.37621359999999], [18.62377567093115, 54.375749299483225]]}}, {"type": "Feature", "properties": {"u": 268, "v": 269, "key": 0, "length": 316.8, "length_raw": 5726383.998933712}, "geometry": {"type": "LineString", "coordinates": [[18.6220076, 54.38057619999999], [18.621991300000005, 54.38068750000001], [18.6219853, 54.3807757], [18.6219688, 54.382502900000006], [18.6219753, 54.38265330000001], [18.6220043, 54.383103299999995], [18.6220078, 54.3831535], [18.6220209, 54.383341499999986], [18.621880000016585, 54.38334705008244]]}}, {"type": "Feature", "properties": {"u": 269, "v": 270, "key": 0, "length": 240.4, "length_raw": 14537335.143299669}, "geometry": {"type": "LineString", "coordinates": [[18.621880000016585, 54.38334705008244], [18.6220209, 54.383341499999986], [18.622042200000003, 54.383585199999985], [18.62207, 54.3839462], [18.6221194, 54.38456829999999], [18.6221393, 54.384727399999996], [18.6221571, 54.3848281], [18.6222033, 54.38502549999999], [18.6222202, 54.3851052], [18.6222662, 54.3853834], [18.62227, 54.38541529999999]]}}, {"type": "Feature", "properties": {"u": 269, "v": 266, "key": 0, "length": 307.6, "length_raw": 6873468.4252353255}, "geometry": {"type": "LineString", "coordinates": [[18.621880000016585, 54.38334705008244], [18.6217391, 54.38335260000001], [18.621736, 54.383323], [18.621731, 54.3832707], [18.62172, 54.383154], [18.6217108, 54.38104859999999], [18.6217237, 54.3807743], [18.62173870004232, 54.380669150002156]]}}, {"type": "Feature", "properties": {"u": 269, "v": 271, "key": 0, "length": 123.2, "length_raw": 9062969.102660693}, "geometry": {"type": "LineString", "coordinates": [[18.621880000016585, 54.38334705008244], [18.6217391, 54.38335260000001], [18.6216614, 54.383354399999995], [18.6216354, 54.383355], [18.6216162, 54.3833555], [18.6215425, 54.38335730000001], [18.621442, 54.383357399999994], [18.6213535, 54.3833564], [18.6205849, 54.3833481], [18.6201353, 54.383343499999995], [18.619978099985875, 54.38334060010228]]}}, {"type": "Feature", "properties": {"u": 270, "v": 290, "key": 0, "length": 267.7, "length_raw": 10423340.5468304}, "geometry": {"type": "LineString", "coordinates": [[18.62227, 54.38541529999999], [18.622274500000003, 54.3854617], [18.6222795, 54.3855677], [18.6222819, 54.38583460000001], [18.6223439, 54.3863327], [18.6224128, 54.38676], [18.6224764, 54.38705099999999], [18.6225513, 54.387619300000004], [18.6225702, 54.3878152]]}}, {"type": "Feature", "properties": {"u": 271, "v": 269, "key": 0, "length": 123.2, "length_raw": 9062969.102660693}, "geometry": {"type": "LineString", "coordinates": [[18.619978099985875, 54.38334060010228], [18.6201353, 54.383343499999995], [18.6205849, 54.3833481], [18.6213535, 54.3833564], [18.621442, 54.383357399999994], [18.6215425, 54.38335730000001], [18.6216162, 54.3833555], [18.6216354, 54.383355], [18.6216614, 54.383354399999995], [18.6217391, 54.38335260000001], [18.621880000016585, 54.38334705008244]]}}, {"type": "Feature", "properties": {"u": 272, "v": 247, "key": 0, "length": 427.6, "length_raw": 18791420.213894602}, "geometry": {"type": "LineString", "coordinates": [[18.6610753, 54.356894100000005], [18.6609133, 54.356922300000015], [18.6607722, 54.3569597], [18.6607008, 54.35698390000001], [18.660463400000005, 54.3570626], [18.6596535, 54.357344], [18.6593276, 54.3574434], [18.6591937, 54.35748060000001], [18.6590769, 54.35751640000001], [18.6589188, 54.35756479999999], [18.658488, 54.35767630000001], [18.6580639, 54.35778489999999], [18.6579574, 54.35780969999999], [18.6576537, 54.357865499999996], [18.657446, 54.3579037], [18.6570251, 54.3579799], [18.6562399, 54.358122], [18.6558405, 54.358192599999995], [18.6556308, 54.358231499999995], [18.655556, 54.35824540000001], [18.6553527, 54.35828320000001], [18.654998050556348, 54.358349350527334]]}}, {"type": "Feature", "properties": {"u": 272, "v": 309, "key": 0, "length": 399.9, "length_raw": 6915578.848503251}, "geometry": {"type": "LineString", "coordinates": [[18.6610753, 54.356894100000005], [18.6610689, 54.356803799999994], [18.6610696, 54.3567344], [18.6611089, 54.3566173], [18.6611178, 54.356605099999996], [18.661659, 54.3558637], [18.661954, 54.355468], [18.6620734, 54.3553079], [18.6621433, 54.35520329999998], [18.6622199, 54.3550968], [18.6623172, 54.354949399999995], [18.6623959, 54.354830099999994], [18.6624494, 54.3547491], [18.6624671, 54.354708], [18.662467200000002, 54.35468079999998], [18.6624557, 54.3546594], [18.6624119, 54.3546316], [18.6623471, 54.354615], [18.662148, 54.3545878], [18.6619542, 54.354574299999996], [18.661855, 54.35456649999999], [18.6615981, 54.354542], [18.6615547, 54.3545384], [18.6615215, 54.3545357], [18.661374700000003, 54.35451539999999], [18.6612242, 54.354469], [18.6605673, 54.354241099999996]]}}, {"type": "Feature", "properties": {"u": 273, "v": 247, "key": 0, "length": 118.0, "length_raw": 2645215.666351594}, "geometry": {"type": "LineString", "coordinates": [[18.653230449554194, 54.35848670071566], [18.6536472, 54.358528699999994], [18.6537895, 54.3585346], [18.6538979, 54.35853279999999], [18.654005, 54.3585274], [18.6541013, 54.3585164], [18.6544741, 54.35844699999999], [18.6546434, 54.3584155], [18.654998050556348, 54.358349350527334]]}}, {"type": "Feature", "properties": {"u": 273, "v": 118, "key": 0, "length": 214.5, "length_raw": 1858221.0265794657}, "geometry": {"type": "LineString", "coordinates": [[18.653230449554194, 54.35848670071566], [18.6528137, 54.35844469999999], [18.6526788, 54.35844230000001], [18.6520983, 54.358441899999995], [18.6518693, 54.358438899999996], [18.6514304, 54.35844579999999], [18.6509225, 54.35844909999999], [18.6507826, 54.35844669999999], [18.650674000000002, 54.358438099999994], [18.6504898, 54.358410000000006], [18.6501693, 54.35836119999999], [18.6500589, 54.35834400000001], [18.6499962, 54.3583343], [18.649952, 54.35832619999999]]}}, {"type": "Feature", "properties": {"u": 274, "v": 185, "key": 0, "length": 171.3, "length_raw": 14909977.609359128}, "geometry": {"type": "LineString", "coordinates": [[18.7006872, 54.3504527], [18.7012031, 54.3505772], [18.701471200000004, 54.35064259999999], [18.7024952, 54.3508882], [18.7029369, 54.3509935], [18.70313039977492, 54.351040600153176]]}}, {"type": "Feature", "properties": {"u": 275, "v": 276, "key": 0, "length": 146.1, "length_raw": 15026251.37428285}, "geometry": {"type": "LineString", "coordinates": [[18.698655, 54.349394499999995], [18.6985956, 54.349673], [18.6984646, 54.3500392], [18.6982814, 54.35037200000001], [18.6980828, 54.3506593]]}}, {"type": "Feature", "properties": {"u": 276, "v": 189, "key": 0, "length": 70.3, "length_raw": 7274662.117283043}, "geometry": {"type": "LineString", "coordinates": [[18.6980828, 54.3506593], [18.6976283, 54.3512333]]}}, {"type": "Feature", "properties": {"u": 276, "v": 190, "key": 0, "length": 201.1, "length_raw": 11848332.451713119}, "geometry": {"type": "LineString", "coordinates": [[18.6980828, 54.3506593], [18.6981631, 54.350825], [18.698291, 54.35091679999999], [18.698482900000002, 54.350970399999994], [18.6991221, 54.351052999999986], [18.6992933, 54.3510553], [18.6994091, 54.3510404], [18.699534, 54.35099859999999], [18.6998499, 54.3508467], [18.6999222, 54.35077549999999], [18.6999574, 54.35069459999999], [18.6999546, 54.350620199999994], [18.6998995, 54.3505408], [18.6996843, 54.35039239999999]]}}, {"type": "Feature", "properties": {"u": 277, "v": 56, "key": 0, "length": 243.9, "length_raw": 8362705.350427416}, "geometry": {"type": "LineString", "coordinates": [[18.6488919, 54.3473626], [18.6484517, 54.34745139999999], [18.6480281, 54.347530400000004], [18.6478395, 54.3475584], [18.647493, 54.3475957], [18.6458911, 54.3476972], [18.6458668, 54.34770029999999], [18.6456713, 54.3477269], [18.645361624329798, 54.34752234342279]]}}, {"type": "Feature", "properties": {"u": 278, "v": 263, "key": 0, "length": 205.6, "length_raw": 10406900.860277284}, "geometry": {"type": "LineString", "coordinates": [[18.633054599960992, 54.37230625001667], [18.6331187, 54.372331100000004], [18.6328374, 54.37256020000001], [18.6323661, 54.37290589999999], [18.6320607, 54.3731109], [18.6311308, 54.3737127]]}}, {"type": "Feature", "properties": {"u": 278, "v": 341, "key": 0, "length": 128.1, "length_raw": 13085221.123585306}, "geometry": {"type": "LineString", "coordinates": [[18.633054599960992, 54.37230625001667], [18.6329905, 54.372281400000006], [18.633127400000003, 54.3721676], [18.6335799, 54.371797699999995], [18.6336847, 54.371710799999995], [18.6338993, 54.3715398], [18.6341146, 54.37138869999999]]}}, {"type": "Feature", "properties": {"u": 279, "v": 83, "key": 0, "length": 99.4, "length_raw": 9645883.796999685}, "geometry": {"type": "LineString", "coordinates": [[18.6420282, 54.3413388], [18.64196, 54.3412716], [18.6417307, 54.3410706], [18.6412644, 54.34071039999999], [18.6411969, 54.3405934]]}}, {"type": "Feature", "properties": {"u": 280, "v": 281, "key": 0, "length": 155.4, "length_raw": 11305555.29246471}, "geometry": {"type": "LineString", "coordinates": [[18.683419757666524, 54.402491057768856], [18.6834161, 54.40270249999999], [18.683345, 54.4028345], [18.6832849, 54.402947699999984], [18.6831867, 54.403103599999994], [18.6831192, 54.403198299999985], [18.6830602, 54.4032593], [18.6829964, 54.403319100000004], [18.6829217, 54.40337379999999], [18.6827639, 54.403465], [18.6824893, 54.4035726], [18.682270600078994, 54.40358850019902]]}}, {"type": "Feature", "properties": {"u": 280, "v": 282, "key": 0, "length": 873.5, "length_raw": 10306301.961506795}, "geometry": {"type": "LineString", "coordinates": [[18.683419757666524, 54.402491057768856], [18.683637200000003, 54.40226209999999], [18.68405, 54.401459300000006], [18.6841265, 54.40131349999999], [18.6844253, 54.4007284], [18.6845522, 54.40050500000001], [18.6847507, 54.400260599999996], [18.6849906, 54.40004650000001], [18.6856784, 54.39949080000001], [18.6862502, 54.399034400000005], [18.687684, 54.39787929999999], [18.6879296, 54.3976652], [18.6881028, 54.397488199999984], [18.688309, 54.3971999], [18.688431, 54.39692029999999], [18.688495100000004, 54.3966775], [18.6885013, 54.39641079999999], [18.6884716, 54.3961251], [18.6883784, 54.395430899999994]]}}, {"type": "Feature", "properties": {"u": 282, "v": 145, "key": 0, "length": 878.5, "length_raw": 1224873.2822233061}, "geometry": {"type": "LineString", "coordinates": [[18.6883784, 54.395430899999994], [18.6881968, 54.3940558], [18.6881433, 54.39363610000001], [18.6880937, 54.39326139999998], [18.687797, 54.3910326], [18.6877372, 54.3906481], [18.6876527, 54.390338799999995], [18.6875028, 54.3899914], [18.6873316, 54.389672600000004], [18.686091700000002, 54.38789890000001], [18.6859724, 54.3877294]]}}, {"type": "Feature", "properties": {"u": 282, "v": 280, "key": 0, "length": 873.5, "length_raw": 10306301.961506795}, "geometry": {"type": "LineString", "coordinates": [[18.6883784, 54.395430899999994], [18.6884716, 54.3961251], [18.6885013, 54.39641079999999], [18.688495100000004, 54.3966775], [18.688431, 54.39692029999999], [18.688309, 54.3971999], [18.6881028, 54.397488199999984], [18.6879296, 54.3976652], [18.687684, 54.39787929999999], [18.6862502, 54.399034400000005], [18.6856784, 54.39949080000001], [18.6849906, 54.40004650000001], [18.6847507, 54.400260599999996], [18.6845522, 54.40050500000001], [18.6844253, 54.4007284], [18.6841265, 54.40131349999999], [18.68405, 54.401459300000006], [18.683637200000003, 54.40226209999999], [18.683419757666524, 54.402491057768856]]}}, {"type": "Feature", "properties": {"u": 283, "v": 284, "key": 0, "length": 180.9, "length_raw": 6369033.716651698}, "geometry": {"type": "LineString", "coordinates": [[18.6382508, 54.382025399999996], [18.6384531, 54.382162599999994], [18.6385694, 54.38224559999999], [18.6390177, 54.382566800000006], [18.6394382, 54.3828437], [18.6398065, 54.383067999999994], [18.6400881, 54.3832506]]}}, {"type": "Feature", "properties": {"u": 284, "v": 285, "key": 0, "length": 81.3, "length_raw": 7689791.952321574}, "geometry": {"type": "LineString", "coordinates": [[18.6400881, 54.3832506], [18.6403568, 54.3834378], [18.6406301, 54.3836335], [18.6407744, 54.38373760000001], [18.640647100212583, 54.38380635006965]]}}, {"type": "Feature", "properties": {"u": 285, "v": 315, "key": 0, "length": 147.1, "length_raw": 5767907.67833373}, "geometry": {"type": "LineString", "coordinates": [[18.640647100212583, 54.38380635006965], [18.6407744, 54.38373760000001], [18.6409469, 54.383857799999994], [18.6410466, 54.383925899999994], [18.6411461, 54.38399259999999], [18.6412566, 54.3840629], [18.6413708, 54.384130400000004], [18.641504, 54.3842037], [18.641639000000005, 54.3842725], [18.6417846, 54.38434279999999], [18.6421927, 54.384523], [18.642112050121504, 54.38458465002844]]}}, {"type": "Feature", "properties": {"u": 285, "v": 316, "key": 0, "length": 83.8, "length_raw": 5414720.656768527}, "geometry": {"type": "LineString", "coordinates": [[18.640647100212583, 54.38380635006965], [18.6405198, 54.38387509999998], [18.6404077, 54.38396869999999], [18.6401074, 54.38412890000001], [18.6397658, 54.3843043], [18.63972494997284, 54.38427690000671]]}}, {"type": "Feature", "properties": {"u": 285, "v": 330, "key": 0, "length": 267.2, "length_raw": 11542829.52082069}, "geometry": {"type": "LineString", "coordinates": [[18.640647100212583, 54.38380635006965], [18.6405198, 54.38387509999998], [18.639778800000002, 54.3834055], [18.6390685, 54.3829389], [18.6385266, 54.382581], [18.6381332, 54.3823202], [18.6380109, 54.3822388], [18.6378892, 54.38215710000001]]}}, {"type": "Feature", "properties": {"u": 286, "v": 287, "key": 0, "length": 308.2, "length_raw": 5780119.449446365}, "geometry": {"type": "LineString", "coordinates": [[18.622217, 54.3920809], [18.622231600000003, 54.3905559], [18.6222245, 54.3903464], [18.622225, 54.3902388], [18.6222367, 54.389686299999994], [18.6222386, 54.38943959999999], [18.6222403, 54.38930959999999]]}}, {"type": "Feature", "properties": {"u": 287, "v": 291, "key": 0, "length": 165.2, "length_raw": 18338479.245256767}, "geometry": {"type": "LineString", "coordinates": [[18.6222403, 54.38930959999999], [18.6222715, 54.388033199999995], [18.6222721, 54.38792010000001], [18.6222727, 54.3878241]]}}, {"type": "Feature", "properties": {"u": 288, "v": 289, "key": 0, "length": 77.2, "length_raw": 1837574.048811764}, "geometry": {"type": "LineString", "coordinates": [[18.6290837, 54.349959600000005], [18.6279315, 54.3497832]]}}, {"type": "Feature", "properties": {"u": 288, "v": 261, "key": 0, "length": 77.0, "length_raw": 2573587.26994215}, "geometry": {"type": "LineString", "coordinates": [[18.6290837, 54.349959600000005], [18.6295388, 54.3500406], [18.6299716, 54.35013229999999], [18.6302073, 54.350184500000005]]}}, {"type": "Feature", "properties": {"u": 289, "v": 288, "key": 0, "length": 77.2, "length_raw": 1837574.048811764}, "geometry": {"type": "LineString", "coordinates": [[18.6279315, 54.3497832], [18.6290837, 54.349959600000005]]}}, {"type": "Feature", "properties": {"u": 289, "v": 354, "key": 0, "length": 198.5, "length_raw": 8666605.140463585}, "geometry": {"type": "LineString", "coordinates": [[18.6279315, 54.3497832], [18.6278596, 54.349772], [18.6277029, 54.34974770000001], [18.62755, 54.3497239], [18.6267588, 54.349598699999994], [18.6266643, 54.3495837], [18.6265271, 54.349562], [18.6259917, 54.3494773], [18.6251286, 54.3493383], [18.6249768, 54.34931389999999]]}}, {"type": "Feature", "properties": {"u": 290, "v": 65, "key": 0, "length": 479.4, "length_raw": 13177957.818495242}, "geometry": {"type": "LineString", "coordinates": [[18.6225702, 54.3878152], [18.6225723, 54.38792409999999], [18.622559, 54.388465599999996], [18.6225751, 54.388600699999984], [18.622568500000003, 54.3887841], [18.6225465, 54.38890210000001], [18.6225459, 54.38894109999999], [18.62254, 54.3893054], [18.6225632, 54.3894397], [18.6225629, 54.3894891], [18.6225368, 54.3896602], [18.6225267, 54.3903448], [18.6225197, 54.3909081], [18.6225207, 54.3912608], [18.6225412, 54.391389], [18.622543, 54.3915408], [18.6225173, 54.3917123], [18.6225208, 54.392084100000005], [18.6225262, 54.39212280000001]]}}, {"type": "Feature", "properties": {"u": 291, "v": 292, "key": 0, "length": 94.2, "length_raw": 10481647.247060766}, "geometry": {"type": "LineString", "coordinates": [[18.6222727, 54.3878241], [18.6220499, 54.387830900000004], [18.6219349, 54.38783540000001], [18.6216171, 54.38784929999999], [18.621255600000005, 54.3878651], [18.6208954, 54.3878809], [18.620821450005355, 54.387884250022715]]}}, {"type": "Feature", "properties": {"u": 291, "v": 293, "key": 0, "length": 267.0, "length_raw": 10450346.732472502}, "geometry": {"type": "LineString", "coordinates": [[18.6222727, 54.3878241], [18.6222735, 54.38768369999998], [18.622263, 54.3875629], [18.6222509, 54.38742449999999], [18.6220003, 54.38550539999999], [18.6219964, 54.3854755], [18.6219907, 54.385428899999994]]}}, {"type": "Feature", "properties": {"u": 292, "v": 291, "key": 0, "length": 94.2, "length_raw": 10481647.247060766}, "geometry": {"type": "LineString", "coordinates": [[18.620821450005355, 54.387884250022715], [18.6208954, 54.3878809], [18.621255600000005, 54.3878651], [18.6216171, 54.38784929999999], [18.6219349, 54.38783540000001], [18.6220499, 54.387830900000004], [18.6222727, 54.3878241]]}}, {"type": "Feature", "properties": {"u": 293, "v": 269, "key": 0, "length": 240.6, "length_raw": 14313506.871631589}, "geometry": {"type": "LineString", "coordinates": [[18.6219907, 54.385428899999994], [18.6218041, 54.38395750000001], [18.621771, 54.38363869999999], [18.6217666, 54.38358910000001], [18.6217519, 54.38347310000001], [18.6217431, 54.38339220000001], [18.6217391, 54.38335260000001], [18.621880000016585, 54.38334705008244]]}}, {"type": "Feature", "properties": {"u": 294, "v": 10, "key": 0, "length": 437.3, "length_raw": 9080224.828789672}, "geometry": {"type": "LineString", "coordinates": [[18.7125141, 54.35057110000001], [18.7126323, 54.350514100000005], [18.7127506, 54.350457], [18.713073, 54.35029350000001], [18.7134374, 54.3500885], [18.7141052, 54.34966630000001], [18.7157335, 54.34861859999999], [18.7165714, 54.34807239999999], [18.7170298, 54.347747999999996], [18.71701763649313, 54.3476794255916]]}}, {"type": "Feature", "properties": {"u": 295, "v": 37, "key": 0, "length": 133.1, "length_raw": 13937344.194572942}, "geometry": {"type": "LineString", "coordinates": [[18.6475884, 54.344863999999994], [18.6478046, 54.34480559999999], [18.6481021, 54.3447236], [18.6483929, 54.344643899999994], [18.6486342, 54.3445743], [18.648806600000004, 54.34452159999999], [18.6490395, 54.3444488], [18.6491087, 54.344426799999994], [18.6494219, 54.3443269]]}}, {"type": "Feature", "properties": {"u": 295, "v": 60, "key": 0, "length": 162.9, "length_raw": 10568240.769485233}, "geometry": {"type": "LineString", "coordinates": [[18.6475884, 54.344863999999994], [18.6472218, 54.344946699999994], [18.6464929, 54.34507979999999], [18.6462599, 54.3451048], [18.6458335, 54.3451228], [18.6457134, 54.34512509999999], [18.645403500000004, 54.34513149999999], [18.645142393823498, 54.34513664620249]]}}, {"type": "Feature", "properties": {"u": 296, "v": 264, "key": 0, "length": 225.0, "length_raw": 19529615.316969693}, "geometry": {"type": "LineString", "coordinates": [[18.6312802, 54.37745129999998], [18.6310575, 54.3773597], [18.6304123, 54.376666199999995], [18.6302461, 54.376496499999995], [18.6301098, 54.376380999999995], [18.6298329, 54.3761932], [18.62969, 54.37610990000001], [18.6294254, 54.37598210000001], [18.6292866, 54.375921399999996], [18.629202, 54.37586649999999]]}}, {"type": "Feature", "properties": {"u": 296, "v": 210, "key": 0, "length": 477.7, "length_raw": 7467805.444368508}, "geometry": {"type": "LineString", "coordinates": [[18.6312802, 54.37745129999998], [18.6310427, 54.37719740000001], [18.6307675, 54.376884], [18.6299518, 54.3759457], [18.6298366, 54.375781299999986], [18.6297513, 54.37560919999999], [18.6296992, 54.37543389999999], [18.6296753, 54.3752825], [18.6296728, 54.3751788], [18.6296934, 54.37498089999999], [18.6297433, 54.3748011], [18.6297774, 54.37472149999999], [18.6298586, 54.3745797], [18.6299503, 54.3744497], [18.6300822, 54.3742987], [18.6302838, 54.3741158], [18.6304088, 54.37402689999999], [18.6310539, 54.37361369999999]]}}, {"type": "Feature", "properties": {"u": 297, "v": 299, "key": 0, "length": 706.5, "length_raw": 8793414.984395212}, "geometry": {"type": "LineString", "coordinates": [[18.6926422, 54.3587066], [18.6927447, 54.3585332], [18.6929005, 54.35827509999999], [18.6933073, 54.3576035], [18.6952559, 54.354344], [18.695627, 54.353713299999995], [18.6962352, 54.35270820000001]]}}, {"type": "Feature", "properties": {"u": 298, "v": 94, "key": 0, "length": 143.6, "length_raw": 10311110.52219168}, "geometry": {"type": "LineString", "coordinates": [[18.689664818774016, 54.35950596753033], [18.6900445, 54.35950460000001], [18.6904377, 54.359582399999994], [18.6908788, 54.35967089999999], [18.6912575, 54.359747500000005], [18.69133, 54.359762399999994], [18.6915387, 54.359803899999996], [18.69145135030446, 54.35994450003611]]}}, {"type": "Feature", "properties": {"u": 298, "v": 334, "key": 0, "length": 94.6, "length_raw": 4429407.717273438}, "geometry": {"type": "LineString", "coordinates": [[18.689664818774016, 54.35950596753033], [18.6892044, 54.3593931], [18.6890852, 54.359352799999996], [18.6889235, 54.359283999999995], [18.6887881, 54.3592164], [18.6887028, 54.3591702], [18.6885937, 54.359102799999995], [18.688487, 54.3590263]]}}, {"type": "Feature", "properties": {"u": 299, "v": 123, "key": 0, "length": 740.4, "length_raw": 1648092.2574954429}, "geometry": {"type": "LineString", "coordinates": [[18.6962352, 54.35270820000001], [18.6965067, 54.352293599999996], [18.6968374, 54.3518151], [18.6978259, 54.350544199999995], [18.6980001, 54.3502853], [18.6981218, 54.3500641], [18.698215, 54.34986099999999], [18.6982611, 54.34972820000001], [18.6983277, 54.349474], [18.6983538, 54.34930919999999], [18.6983635, 54.3491431], [18.6983638, 54.348979799999995], [18.6983417, 54.34875350000001], [18.6982699, 54.3484513], [18.6981586, 54.3481483], [18.697759, 54.347280600000005], [18.697586600000005, 54.3468439], [18.6974196, 54.3463465]]}}, {"type": "Feature", "properties": {"u": 299, "v": 323, "key": 0, "length": 434.0, "length_raw": 2637771.7454727977}, "geometry": {"type": "LineString", "coordinates": [[18.6962352, 54.35270820000001], [18.6962556, 54.35245820000001], [18.6965987, 54.35166639999999], [18.6968164, 54.35115219999999], [18.6968624, 54.35101730000001], [18.6968811, 54.3509359], [18.6968877, 54.3508548], [18.6968799, 54.3507522], [18.6968495, 54.350640799999994], [18.6968002, 54.350535699999995], [18.6967397, 54.35045159999999], [18.6966531, 54.35035920000001], [18.6965725, 54.3502906], [18.6964097, 54.3501885], [18.6962741, 54.35011569999999], [18.6960493, 54.3500269], [18.6958452, 54.349956399999996], [18.6953762, 54.34980759999999], [18.6953007, 54.3497838], [18.694988, 54.349685400000006], [18.6945738, 54.349524899999984]]}}, {"type": "Feature", "properties": {"u": 300, "v": 301, "key": 0, "length": 198.7, "length_raw": 13690642.221176527}, "geometry": {"type": "LineString", "coordinates": [[18.6889149, 54.3651568], [18.6877314, 54.36680509999999]]}}, {"type": "Feature", "properties": {"u": 300, "v": 302, "key": 0, "length": 354.3, "length_raw": 9618811.241030123}, "geometry": {"type": "LineString", "coordinates": [[18.6889149, 54.3651568], [18.6889668, 54.36530249999999], [18.6889487, 54.3654331], [18.6889622, 54.3655348], [18.6889993, 54.365642900000005], [18.6890644, 54.365762600000004], [18.6891942, 54.3659043], [18.6893179, 54.365996599999995], [18.689514000000003, 54.366103499999994], [18.6896784, 54.3661714], [18.6898977, 54.36622719999998], [18.6902089, 54.366277], [18.6904815, 54.3663023], [18.692152, 54.366376599999995], [18.6930978, 54.366418599999996]]}}, {"type": "Feature", "properties": {"u": 301, "v": 351, "key": 0, "length": 686.7, "length_raw": 17079489.933348607}, "geometry": {"type": "LineString", "coordinates": [[18.6877314, 54.36680509999999], [18.6875199, 54.3670978], [18.6865347, 54.36846690000001], [18.6863793, 54.3686829], [18.6861613, 54.3689875], [18.6858174, 54.36946110000001], [18.6853787, 54.37007780000001], [18.6850214, 54.37059819999999], [18.684843, 54.37089129999999], [18.684746400000005, 54.3710631], [18.6845609, 54.3714388], [18.6844035, 54.3718171], [18.6842802, 54.372178700000006], [18.6841665, 54.3726002]]}}, {"type": "Feature", "properties": {"u": 303, "v": 149, "key": 0, "length": 145.0, "length_raw": 4355139.704737622}, "geometry": {"type": "LineString", "coordinates": [[18.68375500242925, 54.37486530021837], [18.6839625, 54.374398], [18.6840586, 54.3745523], [18.6841544, 54.374706100000004], [18.6842662, 54.37481989999999], [18.6846463, 54.3751068]]}}, {"type": "Feature", "properties": {"u": 303, "v": 142, "key": 0, "length": 498.5, "length_raw": 5214577.620332881}, "geometry": {"type": "LineString", "coordinates": [[18.68375500242925, 54.37486530021837], [18.6835475, 54.37533260000001], [18.6833667, 54.3756012], [18.6831708, 54.37585880000001], [18.6829907, 54.3760714], [18.6828182, 54.376256999999995], [18.6826261, 54.37644599999999], [18.682549, 54.3765175], [18.6824055, 54.37664749999999], [18.682231, 54.3767927], [18.681951, 54.377011499999995], [18.6817742, 54.377140399999995], [18.6814228, 54.37737149999999], [18.6810694, 54.37758219999999], [18.6807347, 54.37776749999999], [18.680423800000003, 54.377909399999986], [18.67938395550833, 54.378441283704184]]}}, {"type": "Feature", "properties": {"u": 304, "v": 17, "key": 0, "length": 80.7, "length_raw": 5304853.801235964}, "geometry": {"type": "LineString", "coordinates": [[18.6427402, 54.3482121], [18.6424481, 54.3482304], [18.6423852, 54.348234500000004], [18.6423663, 54.348235700000004], [18.6422989, 54.3482407], [18.6421131, 54.348256400000004], [18.6417538, 54.3482905], [18.6416335, 54.348302299999986], [18.641521647259008, 54.348267033488156]]}}, {"type": "Feature", "properties": {"u": 304, "v": 305, "key": 0, "length": 133.7, "length_raw": 13640442.448311163}, "geometry": {"type": "LineString", "coordinates": [[18.6427402, 54.3482121], [18.6426471, 54.3483285], [18.6425938, 54.348404399999986], [18.6422765, 54.3491195], [18.6422473, 54.349191299999994], [18.6422195, 54.3492599], [18.64219215007588, 54.34936795000471]]}}, {"type": "Feature", "properties": {"u": 305, "v": 76, "key": 0, "length": 126.0, "length_raw": 13398059.076663924}, "geometry": {"type": "LineString", "coordinates": [[18.64219215007588, 54.34936795000471], [18.6421648, 54.349475999999996], [18.6421407, 54.349782099999985], [18.6421177, 54.349933699999994], [18.6420561, 54.3500818], [18.6419729, 54.3502247], [18.6419242, 54.3502966], [18.641791800000004, 54.35046469999999]]}}, {"type": "Feature", "properties": {"u": 306, "v": 249, "key": 0, "length": 170.1, "length_raw": 17366105.673391808}, "geometry": {"type": "LineString", "coordinates": [[18.650919, 54.3466153], [18.6511128, 54.3465632], [18.6515858, 54.3464381], [18.6518714, 54.3463604], [18.6529729, 54.3460745], [18.6533182, 54.34599719999999]]}}, {"type": "Feature", "properties": {"u": 307, "v": 308, "key": 0, "length": 129.7, "length_raw": 1857220.164538915}, "geometry": {"type": "LineString", "coordinates": [[18.6562437, 54.3537194], [18.6564471, 54.3537372], [18.6569872, 54.353786799999995], [18.6575879, 54.353842099999994], [18.6577148, 54.35385410000001], [18.65784, 54.3538713], [18.658218949643786, 54.35390815059186]]}}, {"type": "Feature", "properties": {"u": 308, "v": 309, "key": 0, "length": 157.8, "length_raw": 7115228.300763139}, "geometry": {"type": "LineString", "coordinates": [[18.658218949643786, 54.35390815059186], [18.6585979, 54.353944999999996], [18.6586392, 54.35394999999998], [18.6591093, 54.3539829], [18.6595143, 54.354018800000006], [18.659818, 54.35406], [18.6599972, 54.35408880000001], [18.660139800000003, 54.354126900000004], [18.6605673, 54.354241099999996]]}}, {"type": "Feature", "properties": {"u": 309, "v": 308, "key": 0, "length": 157.8, "length_raw": 7115228.300763139}, "geometry": {"type": "LineString", "coordinates": [[18.6605673, 54.354241099999996], [18.660139800000003, 54.354126900000004], [18.6599972, 54.35408880000001], [18.659818, 54.35406], [18.6595143, 54.354018800000006], [18.6591093, 54.3539829], [18.6586392, 54.35394999999998], [18.6585979, 54.353944999999996], [18.658218949643786, 54.35390815059186]]}}, {"type": "Feature", "properties": {"u": 309, "v": 272, "key": 0, "length": 399.9, "length_raw": 6915578.848503251}, "geometry": {"type": "LineString", "coordinates": [[18.6605673, 54.354241099999996], [18.6612242, 54.354469], [18.661374700000003, 54.35451539999999], [18.6615215, 54.3545357], [18.6615547, 54.3545384], [18.6615981, 54.354542], [18.661855, 54.35456649999999], [18.6619542, 54.354574299999996], [18.662148, 54.3545878], [18.6623471, 54.354615], [18.6624119, 54.3546316], [18.6624557, 54.3546594], [18.662467200000002, 54.35468079999998], [18.6624671, 54.354708], [18.6624494, 54.3547491], [18.6623959, 54.354830099999994], [18.6623172, 54.354949399999995], [18.6622199, 54.3550968], [18.6621433, 54.35520329999998], [18.6620734, 54.3553079], [18.661954, 54.355468], [18.661659, 54.3558637], [18.6611178, 54.356605099999996], [18.6611089, 54.3566173], [18.6610696, 54.3567344], [18.6610689, 54.356803799999994], [18.6610753, 54.356894100000005]]}}, {"type": "Feature", "properties": {"u": 310, "v": 311, "key": 0, "length": 806.7, "length_raw": 11609943.53441868}, "geometry": {"type": "LineString", "coordinates": [[18.670449600000005, 54.39349899999999], [18.6703578, 54.393710399999996], [18.6702729, 54.3938409], [18.6701896, 54.3939455], [18.6700319, 54.394038599999995], [18.6697206, 54.3941582], [18.6696312, 54.394175000000004], [18.6695739, 54.39417840000001], [18.6694835, 54.3941743], [18.6694032, 54.3941507], [18.6691924, 54.3940656], [18.6689869, 54.39399159999999], [18.6686255, 54.39387159999998], [18.6671834, 54.3934382], [18.6671233, 54.39342030000001], [18.6662507, 54.393150799999994], [18.6661178, 54.39310979999999], [18.665028, 54.39277330000001], [18.6646519, 54.39262529999999], [18.664476, 54.39252329999999], [18.6642918, 54.39240769999999], [18.6641102, 54.3922938], [18.6635957, 54.391970099999995], [18.6628044, 54.3914484], [18.661974, 54.390910700000006], [18.6610998, 54.39034470000001]]}}, {"type": "Feature", "properties": {"u": 310, "v": 312, "key": 0, "length": 213.5, "length_raw": 9038797.369968396}, "geometry": {"type": "LineString", "coordinates": [[18.670449600000005, 54.39349899999999], [18.6707745, 54.39360969999999], [18.6711854, 54.39376959999999], [18.6713865, 54.3938347], [18.6716947, 54.393934599999994], [18.6718266, 54.393985199999996], [18.6719383, 54.3940538], [18.6720994, 54.3941836], [18.6721663, 54.3942337], [18.6723503, 54.39437159999999], [18.6727811, 54.39463239999999], [18.6728361, 54.3946657], [18.6729358, 54.39472169999999]]}}, {"type": "Feature", "properties": {"u": 311, "v": 310, "key": 0, "length": 806.7, "length_raw": 11609943.53441868}, "geometry": {"type": "LineString", "coordinates": [[18.6610998, 54.39034470000001], [18.661974, 54.390910700000006], [18.6628044, 54.3914484], [18.6635957, 54.391970099999995], [18.6641102, 54.3922938], [18.6642918, 54.39240769999999], [18.664476, 54.39252329999999], [18.6646519, 54.39262529999999], [18.665028, 54.39277330000001], [18.6661178, 54.39310979999999], [18.6662507, 54.393150799999994], [18.6671233, 54.39342030000001], [18.6671834, 54.3934382], [18.6686255, 54.39387159999998], [18.6689869, 54.39399159999999], [18.6691924, 54.3940656], [18.6694032, 54.3941507], [18.6694835, 54.3941743], [18.6695739, 54.39417840000001], [18.6696312, 54.394175000000004], [18.6697206, 54.3941582], [18.6700319, 54.394038599999995], [18.6701896, 54.3939455], [18.6702729, 54.3938409], [18.6703578, 54.393710399999996], [18.670449600000005, 54.39349899999999]]}}, {"type": "Feature", "properties": {"u": 311, "v": 48, "key": 0, "length": 303.3, "length_raw": 7382805.627510675}, "geometry": {"type": "LineString", "coordinates": [[18.6610998, 54.39034470000001], [18.6600815, 54.39081729999999], [18.6598697, 54.39091859999999], [18.659498500000005, 54.39109139999999], [18.6590467, 54.391301799999994], [18.6582253, 54.39168739999999], [18.6580361, 54.391776199999995], [18.6579013, 54.3918397], [18.6577489, 54.3919115], [18.6576734, 54.39194659999999], [18.6575561, 54.39200400000001], [18.65744710012976, 54.39205315005069]]}}, {"type": "Feature", "properties": {"u": 312, "v": 313, "key": 0, "length": 168.5, "length_raw": 12499977.485304892}, "geometry": {"type": "LineString", "coordinates": [[18.6729358, 54.39472169999999], [18.6730354, 54.3947597], [18.6737577, 54.39504569999999], [18.6738141, 54.3950944], [18.6738054, 54.395156199999995], [18.6735663, 54.39539450000001], [18.6734438, 54.3954612], [18.6734068, 54.3954786], [18.6732395, 54.395551], [18.67283933880243, 54.395730258473584]]}}, {"type": "Feature", "properties": {"u": 312, "v": 310, "key": 0, "length": 213.5, "length_raw": 9038797.369968396}, "geometry": {"type": "LineString", "coordinates": [[18.6729358, 54.39472169999999], [18.6728361, 54.3946657], [18.6727811, 54.39463239999999], [18.6723503, 54.39437159999999], [18.6721663, 54.3942337], [18.6720994, 54.3941836], [18.6719383, 54.3940538], [18.6718266, 54.393985199999996], [18.6716947, 54.393934599999994], [18.6713865, 54.3938347], [18.6711854, 54.39376959999999], [18.6707745, 54.39360969999999], [18.670449600000005, 54.39349899999999]]}}, {"type": "Feature", "properties": {"u": 313, "v": 141, "key": 0, "length": 210.3, "length_raw": 3528073.3801017334}, "geometry": {"type": "LineString", "coordinates": [[18.67283933880243, 54.395730258473584], [18.6724306, 54.39590840000001], [18.6720442, 54.396042699999995], [18.671316, 54.3962957], [18.6703293, 54.3966385], [18.670079600000005, 54.39672529999999]]}}, {"type": "Feature", "properties": {"u": 313, "v": 312, "key": 0, "length": 168.5, "length_raw": 12499977.485304892}, "geometry": {"type": "LineString", "coordinates": [[18.67283933880243, 54.395730258473584], [18.6732395, 54.395551], [18.6734068, 54.3954786], [18.6734438, 54.3954612], [18.6735663, 54.39539450000001], [18.6738054, 54.395156199999995], [18.6738141, 54.3950944], [18.6737577, 54.39504569999999], [18.6730354, 54.3947597], [18.6729358, 54.39472169999999]]}}, {"type": "Feature", "properties": {"u": 314, "v": 132, "key": 0, "length": 197.9, "length_raw": 8987034.450663285}, "geometry": {"type": "LineString", "coordinates": [[18.6362443, 54.36490009999998], [18.636657, 54.36465619999999], [18.6375923, 54.3640999], [18.6379666, 54.36385749999999], [18.6381904, 54.36371259999999], [18.638144093964296, 54.363847555262026]]}}, {"type": "Feature", "properties": {"u": 315, "v": 285, "key": 0, "length": 150.3, "length_raw": 5767907.67833373}, "geometry": {"type": "LineString", "coordinates": [[18.642112050121504, 54.38458465002844], [18.6420314, 54.38464629999999], [18.6418057, 54.384551699999996], [18.6414608, 54.3843983], [18.641335, 54.3843379], [18.641208000000002, 54.384274], [18.6408148, 54.3840602], [18.6406981, 54.38398970000001], [18.6405198, 54.38387509999998], [18.640647100212583, 54.38380635006965]]}}, {"type": "Feature", "properties": {"u": 315, "v": 119, "key": 0, "length": 134.6, "length_raw": 12147781.313981619}, "geometry": {"type": "LineString", "coordinates": [[18.642112050121504, 54.38458465002844], [18.6421927, 54.384523], [18.6436586, 54.38514630000001], [18.643577550117868, 54.38520585002869]]}}, {"type": "Feature", "properties": {"u": 316, "v": 317, "key": 0, "length": 100.9, "length_raw": 8859616.386676878}, "geometry": {"type": "LineString", "coordinates": [[18.63972494997284, 54.38427690000671], [18.6397658, 54.3843043], [18.6396197, 54.38438510000001], [18.6393064, 54.384573999999986], [18.6390749, 54.3847225], [18.638932600000004, 54.384822], [18.638805, 54.3849193], [18.638745049975746, 54.384902900014666]]}}, {"type": "Feature", "properties": {"u": 316, "v": 285, "key": 0, "length": 84.5, "length_raw": 5414720.656768527}, "geometry": {"type": "LineString", "coordinates": [[18.63972494997284, 54.38427690000671], [18.6396841, 54.3842495], [18.6399465, 54.3841121], [18.6402124, 54.383972799999995], [18.6403249, 54.3839129], [18.6405198, 54.38387509999998], [18.640647100212583, 54.38380635006965]]}}, {"type": "Feature", "properties": {"u": 317, "v": 318, "key": 0, "length": 78.2, "length_raw": 7341892.508038201}, "geometry": {"type": "LineString", "coordinates": [[18.638745049975746, 54.384902900014666], [18.638805, 54.3849193], [18.6386862, 54.385008], [18.6385149, 54.3851472], [18.6381784, 54.3854276], [18.638119949974318, 54.38540975001393]]}}, {"type": "Feature", "properties": {"u": 317, "v": 316, "key": 0, "length": 104.4, "length_raw": 8859616.386676878}, "geometry": {"type": "LineString", "coordinates": [[18.638745049975746, 54.384902900014666], [18.6386851, 54.38488650000001], [18.638881, 54.3847424], [18.6392466, 54.38450399999999], [18.6394723, 54.384367000000005], [18.6396161, 54.38428819999999], [18.6396841, 54.3842495], [18.63972494997284, 54.38427690000671]]}}, {"type": "Feature", "properties": {"u": 318, "v": 113, "key": 0, "length": 101.4, "length_raw": 8343380.503237345}, "geometry": {"type": "LineString", "coordinates": [[18.638119949974318, 54.38540975001393], [18.6381784, 54.3854276], [18.6373252, 54.3861464]]}}, {"type": "Feature", "properties": {"u": 318, "v": 317, "key": 0, "length": 77.8, "length_raw": 7341892.508038201}, "geometry": {"type": "LineString", "coordinates": [[18.638119949974318, 54.38540975001393], [18.6380615, 54.3853919], [18.6383225, 54.385170300000006], [18.6386851, 54.38488650000001], [18.638745049975746, 54.384902900014666]]}}, {"type": "Feature", "properties": {"u": 319, "v": 128, "key": 0, "length": 575.1, "length_raw": 5990555.074540278}, "geometry": {"type": "LineString", "coordinates": [[18.6367931, 54.36521040000001], [18.6342825, 54.366699499999996], [18.6338156, 54.36697829999999], [18.6337386, 54.36702530000001], [18.6332435, 54.367321699999984], [18.6328132, 54.3675758], [18.63225, 54.36790839999999], [18.6311516, 54.368557], [18.630991, 54.3686537], [18.630396895697334, 54.36863642079375]]}}, {"type": "Feature", "properties": {"u": 320, "v": 242, "key": 0, "length": 205.9, "length_raw": 11843402.23021532}, "geometry": {"type": "LineString", "coordinates": [[18.6372088, 54.33848549999998], [18.6370363, 54.338421800000006], [18.6369912, 54.33840550000001], [18.6368234, 54.3383481], [18.6366356, 54.3382957], [18.6356849, 54.338085099999994], [18.6353605, 54.338038399999995], [18.6350152, 54.3380134], [18.6347802, 54.3380117], [18.6345434, 54.33802119999999], [18.6342029, 54.338055000000004]]}}, {"type": "Feature", "properties": {"u": 320, "v": 223, "key": 0, "length": 71.1, "length_raw": 4081990.0852853153}, "geometry": {"type": "LineString", "coordinates": [[18.6372088, 54.33848549999998], [18.6377831, 54.33874359999998], [18.6380996, 54.338856699999994]]}}, {"type": "Feature", "properties": {"u": 321, "v": 322, "key": 0, "length": 126.0, "length_raw": 13842913.584568216}, "geometry": {"type": "LineString", "coordinates": [[18.7088938, 54.3831402], [18.7089609, 54.3831271], [18.7091053, 54.38309869999999], [18.7094601, 54.38304369999999], [18.710482100000004, 54.3829557], [18.710612800000003, 54.38295019999999], [18.7108021, 54.38296350000001]]}}, {"type": "Feature", "properties": {"u": 322, "v": 226, "key": 0, "length": 123.5, "length_raw": 12690960.166300572}, "geometry": {"type": "LineString", "coordinates": [[18.7108021, 54.38296350000001], [18.7108642, 54.38295300000001], [18.7109182, 54.3829457], [18.7109687, 54.38294019999999], [18.7110421, 54.38293290000001], [18.7111125, 54.38292599999999], [18.7112026, 54.382918], [18.7112447, 54.3829142], [18.7113974, 54.3829007], [18.711593200000003, 54.382883299999996], [18.711602, 54.382882499999994], [18.7118092, 54.382864099999985], [18.7118666, 54.38285989999999], [18.7119254, 54.3828572], [18.7119896, 54.38285849999999], [18.7120454, 54.3828637], [18.7121001, 54.3828738], [18.712161, 54.3828882], [18.71259545642404, 54.383059635890085]]}}, {"type": "Feature", "properties": {"u": 322, "v": 226, "key": 1, "length": 128.3, "length_raw": 12690960.166300572}, "geometry": {"type": "LineString", "coordinates": [[18.7108021, 54.38296350000001], [18.7108475, 54.3829374], [18.7108856, 54.38291769999999], [18.7109408, 54.3828987], [18.7109919, 54.3828862], [18.7110374, 54.382877900000004], [18.7111002, 54.3828706], [18.7111877, 54.38286289999999], [18.7112285, 54.3828592], [18.7113838, 54.38284540000001], [18.7115812, 54.38282789999999], [18.7115887, 54.38282720000001], [18.7117932, 54.3828091], [18.7118452, 54.382806300000006], [18.711907, 54.382809399999985], [18.71197, 54.3828167], [18.712033, 54.3828302], [18.7120841, 54.3828475], [18.7121215, 54.3828637], [18.712161, 54.3828882], [18.71259545642404, 54.383059635890085]]}}, {"type": "Feature", "properties": {"u": 322, "v": 226, "key": 2, "length": 122.8, "length_raw": 12690960.166300572}, "geometry": {"type": "LineString", "coordinates": [[18.7108021, 54.38296350000001], [18.7108618, 54.382969299999985], [18.7109248, 54.382971999999995], [18.7109806, 54.382969599999996], [18.7110398, 54.38296509999999], [18.711121, 54.3829579], [18.7112091, 54.3829501], [18.7112541, 54.382946100000005], [18.7114051, 54.38293269999999], [18.7116002, 54.38291529999999], [18.711609600000003, 54.382914500000005], [18.7118187, 54.3828959], [18.711888, 54.3828904], [18.7119617, 54.38288619999999], [18.7120288, 54.382884499999996], [18.7120912, 54.3828852], [18.712161, 54.3828882], [18.71259545642404, 54.383059635890085]]}}, {"type": "Feature", "properties": {"u": 322, "v": 226, "key": 3, "length": 124.4, "length_raw": 12690960.166300572}, "geometry": {"type": "LineString", "coordinates": [[18.7108021, 54.38296350000001], [18.7109022, 54.3829883], [18.710967, 54.383000799999984], [18.7110246, 54.383007299999996], [18.7110831, 54.3830108], [18.7111348, 54.3830082], [18.711223, 54.3830004], [18.7112689, 54.38299630000001], [18.7114166, 54.3829832], [18.7116112, 54.3829659], [18.7116218, 54.3829649], [18.71183, 54.382946399999994], [18.7118814, 54.3829416], [18.7119438, 54.38293289999999], [18.7120098, 54.3829198], [18.7120858, 54.3829035], [18.712161, 54.3828882], [18.71259545642404, 54.383059635890085]]}}, {"type": "Feature", "properties": {"u": 322, "v": 226, "key": 4, "length": 127.4, "length_raw": 12690960.166300572}, "geometry": {"type": "LineString", "coordinates": [[18.7108021, 54.38296350000001], [18.7108707, 54.382995199999996], [18.7109254, 54.38301599999999], [18.710981800000003, 54.383031599999995], [18.7110389, 54.38303919999999], [18.7110947, 54.3830406], [18.7111469, 54.38303859999999], [18.7112302, 54.383032], [18.7112781, 54.3830278], [18.7114242, 54.3830148], [18.7116181, 54.3829976], [18.711630100000004, 54.38299649999999], [18.7118392, 54.3829779], [18.7118969, 54.38297029999999], [18.7119563, 54.382958200000004], [18.712011, 54.38294400000001], [18.7120692, 54.3829253], [18.7121167, 54.38290729999999], [18.712161, 54.3828882], [18.71259545642404, 54.383059635890085]]}}, {"type": "Feature", "properties": {"u": 323, "v": 89, "key": 0, "length": 778.9, "length_raw": 6778719.067267173}, "geometry": {"type": "LineString", "coordinates": [[18.6945738, 54.349524899999984], [18.6933487, 54.34931569999999], [18.6923122, 54.3491377], [18.6920116, 54.34909379999999], [18.6916296, 54.34903859999999], [18.6914986, 54.349022299999994], [18.6914063, 54.34901219999999], [18.6909252, 54.34896549999999], [18.6907101, 54.3489508], [18.6905997, 54.3489444], [18.6903983, 54.3489358], [18.6901525, 54.3489291], [18.6897133, 54.34892790000001], [18.686644, 54.348941100000005], [18.6851505, 54.348979099999994], [18.6845629, 54.349], [18.683423, 54.349054399999986], [18.6832072, 54.3490646], [18.68316604006941, 54.348765628516524]]}}, {"type": "Feature", "properties": {"u": 324, "v": 148, "key": 0, "length": 704.6, "length_raw": 7160763.598835554}, "geometry": {"type": "LineString", "coordinates": [[18.69107214998818, 54.3797462500211], [18.6910006, 54.3797398], [18.6906454, 54.379713], [18.6900892, 54.3796874], [18.6893905, 54.37968049999999], [18.6881103, 54.37967389999999], [18.6879635, 54.379672799999994], [18.6878131, 54.37967110000001], [18.687687, 54.37966839999999], [18.6875808, 54.379665], [18.6874893, 54.3796609], [18.6873951, 54.3796558], [18.6873013, 54.3796494], [18.6872058, 54.379641499999984], [18.6870766, 54.37962939999999], [18.6869748, 54.379618599999986], [18.6868753, 54.379606499999994], [18.6867679, 54.37959179999999], [18.6866611, 54.379575800000005], [18.6865515, 54.379557500000004], [18.6864392, 54.37953710000001], [18.686365, 54.379523], [18.686286300000003, 54.3795072], [18.6861908, 54.379486], [18.6860949, 54.379463599999994], [18.6859946, 54.37943899999999], [18.6859112, 54.37941739999999], [18.6858191, 54.37939219999999], [18.685698200000004, 54.37935659999998], [18.685572, 54.37931660000001], [18.6854629, 54.37927929999999], [18.6853726, 54.379247099999986], [18.6852795, 54.37921239999999], [18.6851984, 54.379181], [18.6851257, 54.37915089999999], [18.685047, 54.37911789999999], [18.6849789, 54.3790877], [18.6848971, 54.37904979999999], [18.6848115, 54.3790076], [18.6847159, 54.378958700000005], [18.684613, 54.378903199999996], [18.684530500000005, 54.3788558], [18.6844378, 54.3788001], [18.6843579, 54.37874949999999], [18.6842957, 54.37870860000001], [18.6842365, 54.3786684], [18.684176, 54.37862479999998], [18.6841132, 54.378577099999994], [18.6840613, 54.37853689999999], [18.684017500000003, 54.378501099999994], [18.683967, 54.378459600000006], [18.6839197, 54.3784183], [18.6838724, 54.37837549999998], [18.6838294, 54.37833549999999], [18.683797, 54.378303700000004], [18.6837676, 54.37827369999999], [18.6837279, 54.378232], [18.6836038, 54.3780922], [18.6833951, 54.3778084], [18.6831623, 54.3774628], [18.6830339, 54.377295], [18.6828599, 54.3771133], [18.6827346, 54.376996], [18.682730404705826, 54.37684068647782]]}}, {"type": "Feature", "properties": {"u": 325, "v": 326, "key": 0, "length": 326.4, "length_raw": 9228780.413387675}, "geometry": {"type": "LineString", "coordinates": [[18.633842799678263, 54.40416210008317], [18.6336989, 54.4040701], [18.6333521, 54.403847799999994], [18.6333011, 54.4038151], [18.6331171, 54.4036966], [18.6329621, 54.40359689999999], [18.6326593, 54.403401900000006], [18.6325892, 54.40335719999999], [18.6324917, 54.403295199999995], [18.6322166, 54.4031221], [18.6321781, 54.4030979], [18.6320679, 54.40302739999999], [18.631711, 54.402799099999996], [18.6311479, 54.4024389], [18.6307765, 54.40220179999999], [18.6307247, 54.402168599999996], [18.630449048811172, 54.401991100305175]]}}, {"type": "Feature", "properties": {"u": 326, "v": 325, "key": 0, "length": 326.4, "length_raw": 9228780.413387675}, "geometry": {"type": "LineString", "coordinates": [[18.630449048811172, 54.401991100305175], [18.6307247, 54.402168599999996], [18.6307765, 54.40220179999999], [18.6311479, 54.4024389], [18.631711, 54.402799099999996], [18.6320679, 54.40302739999999], [18.6321781, 54.4030979], [18.6322166, 54.4031221], [18.6324917, 54.403295199999995], [18.6325892, 54.40335719999999], [18.6326593, 54.403401900000006], [18.6329621, 54.40359689999999], [18.6331171, 54.4036966], [18.6333011, 54.4038151], [18.6333521, 54.403847799999994], [18.6336989, 54.4040701], [18.633842799678263, 54.40416210008317]]}}, {"type": "Feature", "properties": {"u": 326, "v": 225, "key": 0, "length": 286.2, "length_raw": 17069204.60567552}, "geometry": {"type": "LineString", "coordinates": [[18.630449048811172, 54.401991100305175], [18.6301734, 54.4018136], [18.6291867, 54.40117519999999], [18.6285918, 54.4007904], [18.6281777, 54.40052249999998], [18.6280748, 54.4004559], [18.6278789, 54.400321299999995], [18.6274669, 54.400092199999996]]}}, {"type": "Feature", "properties": {"u": 327, "v": 238, "key": 0, "length": 107.0, "length_raw": 3288457.2380864243}, "geometry": {"type": "LineString", "coordinates": [[18.7010173, 54.38191659999998], [18.701146200000004, 54.38202900000001], [18.7012487, 54.382063099999996], [18.7013462, 54.3820955], [18.7015393, 54.38216020000001], [18.7016168, 54.3821862], [18.7019003, 54.382208799999994], [18.70244911679955, 54.38233724176094]]}}, {"type": "Feature", "properties": {"u": 327, "v": 238, "key": 1, "length": 104.1, "length_raw": 3288457.2380864243}, "geometry": {"type": "LineString", "coordinates": [[18.7010173, 54.38191659999998], [18.7012002, 54.3819758], [18.7012793, 54.38200140000001], [18.7013747, 54.3820323], [18.7013767, 54.3820329], [18.7015942, 54.38210599999999], [18.7019003, 54.382208799999994], [18.70244911679955, 54.38233724176094]]}}, {"type": "Feature", "properties": {"u": 327, "v": 238, "key": 2, "length": 105.7, "length_raw": 3288457.2380864243}, "geometry": {"type": "LineString", "coordinates": [[18.7010173, 54.38191659999998], [18.7012438, 54.3819329], [18.7013715, 54.38194219999998], [18.70166, 54.38204079999999], [18.7022295, 54.3822356], [18.70244911679955, 54.38233724176094]]}}, {"type": "Feature", "properties": {"u": 328, "v": 231, "key": 0, "length": 101.6, "length_raw": 9997864.163310565}, "geometry": {"type": "LineString", "coordinates": [[18.7165753, 54.36389470000001], [18.7164677, 54.363841], [18.7161735, 54.3636754], [18.7159742, 54.363561999999995], [18.7159079, 54.3635124], [18.7158614, 54.3634676], [18.715810000000005, 54.3634004], [18.7157771, 54.3633309], [18.715755, 54.36324609999999], [18.7157335, 54.3631633]]}}, {"type": "Feature", "properties": {"u": 329, "v": 307, "key": 0, "length": 101.2, "length_raw": 1550896.5437078585}, "geometry": {"type": "LineString", "coordinates": [[18.6547057, 54.3535643], [18.6549707, 54.353596499999995], [18.6552895, 54.35363099999999], [18.6555724, 54.3536584], [18.6562437, 54.3537194]]}}, {"type": "Feature", "properties": {"u": 330, "v": 344, "key": 0, "length": 424.4, "length_raw": 4319617.299298677}, "geometry": {"type": "LineString", "coordinates": [[18.6378892, 54.38215710000001], [18.6377045, 54.3820298], [18.637526, 54.3819018], [18.6370331, 54.38153869999999], [18.636526, 54.381169699999994], [18.635987500000002, 54.38079460000001], [18.6357675, 54.38064059999999], [18.6352327, 54.380274400000005], [18.6349916, 54.380109000000004], [18.6339801, 54.379408899999994], [18.6338932, 54.379351199999995], [18.633689900000004, 54.379228499999996]]}}, {"type": "Feature", "properties": {"u": 331, "v": 332, "key": 0, "length": 309.7, "length_raw": 8768140.85407295}, "geometry": {"type": "LineString", "coordinates": [[18.6396667, 54.359003], [18.6393286, 54.358824799999994], [18.639111, 54.358706], [18.6390527, 54.358673800000005], [18.6389341, 54.358595900000005], [18.6386402, 54.35841089999999], [18.6381415, 54.358031999999994], [18.6375567, 54.3574926], [18.6374, 54.35732789999999], [18.6372615, 54.3571542], [18.6371634, 54.357017199999994], [18.6370846, 54.3568882], [18.6369838, 54.356737499999994]]}}, {"type": "Feature", "properties": {"u": 331, "v": 42, "key": 0, "length": 123.1, "length_raw": 11163879.16855281}, "geometry": {"type": "LineString", "coordinates": [[18.6396667, 54.359003], [18.6399967, 54.359160999999986], [18.640139, 54.3592295], [18.6402055, 54.35926149999999], [18.6406043, 54.359453599999995], [18.6409142, 54.3595909], [18.640984, 54.3596195], [18.6411791, 54.3596634]]}}, {"type": "Feature", "properties": {"u": 332, "v": 333, "key": 0, "length": 198.5, "length_raw": 16826615.203088224}, "geometry": {"type": "LineString", "coordinates": [[18.6369838, 54.356737499999994], [18.6368598, 54.3565074], [18.6367669, 54.35630139999999], [18.6366644, 54.35601379999999], [18.6365968, 54.35579220000001], [18.6365479, 54.355708400000005], [18.6365455, 54.35570429999999], [18.6364945, 54.3556177], [18.6363847, 54.3555165], [18.636249, 54.3554127], [18.6361501, 54.355354699999985], [18.635767200000004, 54.35516049999998]]}}, {"type": "Feature", "properties": {"u": 332, "v": 331, "key": 0, "length": 309.7, "length_raw": 8768140.85407295}, "geometry": {"type": "LineString", "coordinates": [[18.6369838, 54.356737499999994], [18.6370846, 54.3568882], [18.6371634, 54.357017199999994], [18.6372615, 54.3571542], [18.6374, 54.35732789999999], [18.6375567, 54.3574926], [18.6381415, 54.358031999999994], [18.6386402, 54.35841089999999], [18.6389341, 54.358595900000005], [18.6390527, 54.358673800000005], [18.639111, 54.358706], [18.6393286, 54.358824799999994], [18.6396667, 54.359003]]}}, {"type": "Feature", "properties": {"u": 333, "v": 32, "key": 0, "length": 109.7, "length_raw": 8020449.155081894}, "geometry": {"type": "LineString", "coordinates": [[18.635767200000004, 54.35516049999998], [18.6356978, 54.355116], [18.6352556, 54.354777399999996], [18.6347552, 54.354369600000005]]}}, {"type": "Feature", "properties": {"u": 333, "v": 332, "key": 0, "length": 198.5, "length_raw": 16826615.203088224}, "geometry": {"type": "LineString", "coordinates": [[18.635767200000004, 54.35516049999998], [18.6361501, 54.355354699999985], [18.636249, 54.3554127], [18.6363847, 54.3555165], [18.6364945, 54.3556177], [18.6365455, 54.35570429999999], [18.6365479, 54.355708400000005], [18.6365968, 54.35579220000001], [18.6366644, 54.35601379999999], [18.6367669, 54.35630139999999], [18.6368598, 54.3565074], [18.6369838, 54.356737499999994]]}}, {"type": "Feature", "properties": {"u": 334, "v": 105, "key": 0, "length": 450.0, "length_raw": 17982142.86567792}, "geometry": {"type": "LineString", "coordinates": [[18.688487, 54.3590263], [18.6884022, 54.35896369999998], [18.6882722, 54.358858899999994], [18.6881439, 54.358754299999994], [18.6879638, 54.35860679999999], [18.6877944, 54.35847459999999], [18.6877019, 54.35841119999999], [18.6876064, 54.3583517], [18.6874216, 54.3582552], [18.6873007, 54.358193199999995], [18.6865433, 54.35780559999999], [18.6864718, 54.35776899999998], [18.685912, 54.35748220000001], [18.6857703, 54.357409600000004], [18.685537800000002, 54.357288499999996], [18.6854262, 54.3572414], [18.685290300000002, 54.3572068], [18.6851491, 54.3571867], [18.6850147, 54.35718120000001], [18.6848794, 54.35719000000001], [18.6846601, 54.357224], [18.6840713, 54.357314], [18.6832742, 54.35743589999999], [18.6831249, 54.35745870000001], [18.683046, 54.357466599999995], [18.68298, 54.3574684], [18.6829114, 54.35746550000001]]}}, {"type": "Feature", "properties": {"u": 334, "v": 298, "key": 0, "length": 94.6, "length_raw": 4429407.717273438}, "geometry": {"type": "LineString", "coordinates": [[18.688487, 54.3590263], [18.6885937, 54.359102799999995], [18.6887028, 54.3591702], [18.6887881, 54.3592164], [18.6889235, 54.359283999999995], [18.6890852, 54.359352799999996], [18.6892044, 54.3593931], [18.689664818774016, 54.35950596753033]]}}, {"type": "Feature", "properties": {"u": 335, "v": 75, "key": 0, "length": 198.8, "length_raw": 5783441.378278285}, "geometry": {"type": "LineString", "coordinates": [[18.6389019, 54.3513992], [18.6394443, 54.35145209999999], [18.6397714, 54.35148470000001], [18.6400181, 54.35150889999999], [18.6404603, 54.351552299999994], [18.6413079, 54.351636299999996], [18.6414552, 54.351651100000005], [18.6417365, 54.3516745], [18.64191838376369, 54.351714748098]]}}, {"type": "Feature", "properties": {"u": 336, "v": 241, "key": 0, "length": 287.7, "length_raw": 8934564.164112844}, "geometry": {"type": "LineString", "coordinates": [[18.6286882, 54.3335897], [18.628578500000003, 54.3338442], [18.6284802, 54.334139899999975], [18.628475, 54.33416009999999], [18.6284509, 54.33425419999999], [18.6283578, 54.33462840000001], [18.6282822, 54.334894799999994], [18.6280334, 54.3356983], [18.627984, 54.33585589999999], [18.6279543, 54.335950800000006], [18.62788915030033, 54.336133400023066]]}}, {"type": "Feature", "properties": {"u": 337, "v": 338, "key": 0, "length": 80.2, "length_raw": 8038089.594375534}, "geometry": {"type": "LineString", "coordinates": [[18.6812322, 54.40301620000001], [18.6811325, 54.403073299999996], [18.6806523, 54.40341719999999], [18.6806335, 54.4034298], [18.6805772, 54.4034761], [18.6805622, 54.40350509999999], [18.6805694, 54.4035318], [18.680606, 54.4035943]]}}, {"type": "Feature", "properties": {"u": 337, "v": 280, "key": 0, "length": 162.6, "length_raw": 2314092.3244622415}, "geometry": {"type": "LineString", "coordinates": [[18.6812322, 54.40301620000001], [18.6813363, 54.40296020000002], [18.6815421, 54.40286999999998], [18.6818896, 54.40263710000001], [18.6819895, 54.402595999999996], [18.6821612, 54.4025734], [18.6831048, 54.40256659999999], [18.683419757666524, 54.402491057768856]]}}, {"type": "Feature", "properties": {"u": 338, "v": 337, "key": 0, "length": 80.2, "length_raw": 8038089.594375534}, "geometry": {"type": "LineString", "coordinates": [[18.680606, 54.4035943], [18.6805694, 54.4035318], [18.6805622, 54.40350509999999], [18.6805772, 54.4034761], [18.6806335, 54.4034298], [18.6806523, 54.40341719999999], [18.6811325, 54.403073299999996], [18.6812322, 54.40301620000001]]}}, {"type": "Feature", "properties": {"u": 339, "v": 355, "key": 0, "length": 110.6, "length_raw": 1479300.5515335114}, "geometry": {"type": "LineString", "coordinates": [[18.644612048679157, 54.33254490059728], [18.6442288, 54.33240409999999], [18.643855000000002, 54.332387799999985], [18.6432028, 54.33236939999999], [18.6431254, 54.3323596], [18.6430584, 54.33234050000001], [18.6429999, 54.3323166]]}}, {"type": "Feature", "properties": {"u": 339, "v": 135, "key": 0, "length": 194.6, "length_raw": 16772228.192448908}, "geometry": {"type": "LineString", "coordinates": [[18.644612048679157, 54.33254490059728], [18.6449953, 54.3326857], [18.6450167, 54.3326985], [18.6457311, 54.3331268], [18.645878, 54.3332148], [18.646168300000003, 54.3333892], [18.6466912, 54.3337915]]}}, {"type": "Feature", "properties": {"u": 340, "v": 92, "key": 0, "length": 207.7, "length_raw": 17870039.871519152}, "geometry": {"type": "LineString", "coordinates": [[18.6927726, 54.358732399999994], [18.6928125, 54.35893329999999], [18.6927874, 54.3590422], [18.6925686, 54.3596797], [18.6924773, 54.359906599999995], [18.692459400000004, 54.359945499999995], [18.6924016, 54.36005240000001], [18.692982233211822, 54.360447303095256]]}}, {"type": "Feature", "properties": {"u": 340, "v": 95, "key": 0, "length": 360.1, "length_raw": 10785808.401600279}, "geometry": {"type": "LineString", "coordinates": [[18.6927726, 54.358732399999994], [18.6921578, 54.35979979999999], [18.6918242, 54.36035989999999], [18.6909639, 54.3617946]]}}, {"type": "Feature", "properties": {"u": 341, "v": 278, "key": 0, "length": 128.5, "length_raw": 13085221.123585306}, "geometry": {"type": "LineString", "coordinates": [[18.6341146, 54.37138869999999], [18.6340629, 54.371483299999994], [18.6339962, 54.37156109999999], [18.6339295, 54.3716229], [18.6338531, 54.371690799999996], [18.6335314, 54.37196040000001], [18.6334544, 54.3720427], [18.633435, 54.37206210000001], [18.6334184, 54.3720779], [18.633302, 54.37217869999999], [18.633255900000005, 54.3722181], [18.6331187, 54.372331100000004], [18.633054599960992, 54.37230625001667]]}}, {"type": "Feature", "properties": {"u": 341, "v": 256, "key": 0, "length": 210.1, "length_raw": 13215677.417921256}, "geometry": {"type": "LineString", "coordinates": [[18.6341146, 54.37138869999999], [18.6341609, 54.371349800000004], [18.6354284, 54.3703337], [18.6358806, 54.36996570000001], [18.636018, 54.369859199999986]]}}, {"type": "Feature", "properties": {"u": 343, "v": 170, "key": 0, "length": 312.0, "length_raw": 4727258.034582396}, "geometry": {"type": "LineString", "coordinates": [[18.6242485, 54.40448519999999], [18.6241822, 54.404391499999996], [18.62341, 54.40332329999999], [18.623358200000002, 54.4032637], [18.6229574, 54.402868500000004], [18.6227583, 54.40267680000001], [18.6226765, 54.40259859999999], [18.6225631, 54.402489299999985], [18.622690760610507, 54.40191733837143]]}}, {"type": "Feature", "properties": {"u": 344, "v": 296, "key": 0, "length": 252.2, "length_raw": 19802459.42815956}, "geometry": {"type": "LineString", "coordinates": [[18.633689900000004, 54.379228499999996], [18.6335074, 54.3791092], [18.6332683, 54.3789434], [18.6323613, 54.3783161], [18.6319747, 54.3780487], [18.6316095, 54.3777636], [18.6312802, 54.37745129999998]]}}, {"type": "Feature", "properties": {"u": 345, "v": 89, "key": 0, "length": 313.5, "length_raw": 7227613.501350622}, "geometry": {"type": "LineString", "coordinates": [[18.6787039, 54.34916849999999], [18.678974900000004, 54.3491559], [18.6803291, 54.34909299999999], [18.6809345, 54.349064299999995], [18.6818709, 54.34901399999999], [18.6826818, 54.348981499999994], [18.6828235, 54.34897470000001], [18.6831936, 54.348959199999996], [18.68316604006941, 54.348765628516524]]}}, {"type": "Feature", "properties": {"u": 346, "v": 88, "key": 0, "length": 136.7, "length_raw": 14611767.131010111}, "geometry": {"type": "LineString", "coordinates": [[18.6754838, 54.345162599999995], [18.6775357, 54.3454468]]}}, {"type": "Feature", "properties": {"u": 346, "v": 214, "key": 0, "length": 117.5, "length_raw": 12421833.926324222}, "geometry": {"type": "LineString", "coordinates": [[18.6754838, 54.345162599999995], [18.675361400000003, 54.345145499999994], [18.6747463, 54.345059699999986], [18.6743105, 54.3449946], [18.6741869, 54.344977699999994], [18.6740703, 54.34496669999999], [18.6738993, 54.34496010000001], [18.6738283, 54.3449538], [18.6737161, 54.34493629999999]]}}, {"type": "Feature", "properties": {"u": 347, "v": 350, "key": 0, "length": 92.4, "length_raw": 7563048.318214}, "geometry": {"type": "LineString", "coordinates": [[18.655939150036904, 54.34082570001002], [18.6559873, 54.340794200000005], [18.6560768, 54.34073570000001], [18.6565518, 54.340425], [18.6567235, 54.3403128], [18.6568072, 54.34025799999999], [18.65688735010218, 54.340205600027836]]}}, {"type": "Feature", "properties": {"u": 347, "v": 36, "key": 0, "length": 93.3, "length_raw": 8336031.3140107}, "geometry": {"type": "LineString", "coordinates": [[18.655939150036904, 54.34082570001002], [18.655891000000004, 54.340857199999995], [18.6557778, 54.340931], [18.6555192, 54.341099699999994], [18.6554304, 54.341157599999995], [18.6553189, 54.34123030000001], [18.6551018, 54.34137189999999], [18.6550677, 54.341394199999996], [18.6550207, 54.34142490000001], [18.6549796, 54.3414517]]}}, {"type": "Feature", "properties": {"u": 348, "v": 195, "key": 0, "length": 91.5, "length_raw": 7558745.566822077}, "geometry": {"type": "LineString", "coordinates": [[18.6415151, 54.3922006], [18.6425686, 54.391652099999995]]}}, {"type": "Feature", "properties": {"u": 348, "v": 193, "key": 0, "length": 238.3, "length_raw": 3023920.93536694}, "geometry": {"type": "LineString", "coordinates": [[18.6415151, 54.3922006], [18.6415611, 54.39203739999999], [18.6415919, 54.3919278], [18.641538600000004, 54.3918193], [18.6414529, 54.3917524], [18.6413251, 54.391701899999994], [18.6411815, 54.391682599999996], [18.641022, 54.391690100000005], [18.6408478, 54.3917315], [18.6406017, 54.39184500000001], [18.639474500000002, 54.39240929999999], [18.6394193, 54.39243849999999], [18.6391836, 54.392495399999994], [18.639112600052233, 54.392525800021495]]}}, {"type": "Feature", "properties": {"u": 349, "v": 172, "key": 0, "length": 503.0, "length_raw": 2554753.89839119}, "geometry": {"type": "LineString", "coordinates": [[18.63243220083668, 54.39687005029737], [18.6321687, 54.397000899999995], [18.6320379, 54.397059999999996], [18.631427, 54.3973303], [18.631092000000002, 54.3974643], [18.6302531, 54.3977954], [18.6299223, 54.397936599999994], [18.6294625, 54.398150599999994], [18.6290051, 54.39837700000001], [18.6283854, 54.39871879999999], [18.6269972, 54.3995795], [18.6269099, 54.39963260000001], [18.6267113, 54.3997568], [18.626545697760232, 54.3997860997107]]}}, {"type": "Feature", "properties": {"u": 350, "v": 237, "key": 0, "length": 69.2, "length_raw": 5519151.3303525895}, "geometry": {"type": "LineString", "coordinates": [[18.65688735010218, 54.340205600027836], [18.6569675, 54.34015320000001], [18.657115, 54.34021169999999], [18.6577151, 54.340492300000015]]}}, {"type": "Feature", "properties": {"u": 350, "v": 347, "key": 0, "length": 92.4, "length_raw": 7563048.318214}, "geometry": {"type": "LineString", "coordinates": [[18.65688735010218, 54.340205600027836], [18.6568072, 54.34025799999999], [18.6567235, 54.3403128], [18.6565518, 54.340425], [18.6560768, 54.34073570000001], [18.6559873, 54.340794200000005], [18.655939150036904, 54.34082570001002]]}}, {"type": "Feature", "properties": {"u": 351, "v": 143, "key": 0, "length": 984.5, "length_raw": 15588245.312240258}, "geometry": {"type": "LineString", "coordinates": [[18.6841665, 54.3726002], [18.6841122, 54.37284880000001], [18.6840968, 54.3729191], [18.6839427, 54.37368500000001], [18.6838403, 54.374112199999985], [18.6837782, 54.3743256], [18.683685900000004, 54.3745907], [18.683598700000005, 54.3747998], [18.6834969, 54.3750082], [18.6833322, 54.3753004], [18.683165800000005, 54.375552], [18.6830178, 54.37574939999999], [18.682842200000003, 54.3759611], [18.682712600000002, 54.3761049], [18.6825456, 54.376276299999994], [18.6823673, 54.37644849999999], [18.6822366, 54.3765677], [18.682094800000005, 54.37668829999999], [18.6818736, 54.3768614], [18.6815827, 54.3770728], [18.6810637, 54.377407], [18.6806633, 54.3776318], [18.6802424, 54.377845099999995], [18.6798746, 54.3780108], [18.6795727, 54.37813669999999], [18.6791303, 54.37830400000001], [18.6787833, 54.3784221], [18.6784554, 54.3785241], [18.6781518, 54.378611600000006], [18.677783, 54.37870509999999], [18.6774676, 54.3787789], [18.6771895, 54.378838599999995], [18.6771022, 54.3788574], [18.6764259, 54.37898599999999], [18.6762834, 54.379011], [18.6757138, 54.379111099999996]]}}, {"type": "Feature", "properties": {"u": 351, "v": 303, "key": 0, "length": 256.0, "length_raw": 11699224.528619055}, "geometry": {"type": "LineString", "coordinates": [[18.6841665, 54.3726002], [18.6842767, 54.3727896], [18.6842582, 54.37290269999999], [18.6842226, 54.3731372], [18.6841786, 54.3734615], [18.6840902, 54.37394209999999], [18.684056, 54.37411250000001], [18.6839625, 54.374398], [18.68375500242925, 54.37486530021837]]}}, {"type": "Feature", "properties": {"u": 352, "v": 301, "key": 0, "length": 365.8, "length_raw": 4987287.146198889}, "geometry": {"type": "LineString", "coordinates": [[18.6930893, 54.366519399999994], [18.6903746, 54.36639749999999], [18.6892097, 54.366345200000005], [18.6890041, 54.366340900000004], [18.6888263, 54.3663526], [18.6886487, 54.36637829999999], [18.6884641, 54.366424599999995], [18.6882982, 54.3664811], [18.6881398, 54.366557], [18.6877314, 54.36680509999999]]}}, {"type": "Feature", "properties": {"u": 353, "v": 15, "key": 0, "length": 211.4, "length_raw": 17884382.42556999}, "geometry": {"type": "LineString", "coordinates": [[18.6983604, 54.34173579999999], [18.6983963, 54.341814199999995], [18.698345, 54.34198789999999], [18.6983485, 54.342069699999996], [18.6983683, 54.34214000000001], [18.6984207, 54.342235099999996], [18.6984825, 54.34231559999999], [18.6985879, 54.3423933], [18.6987426, 54.3424677], [18.6993186, 54.34269689999999], [18.6994445, 54.34276469999998], [18.6995382, 54.342839099999985], [18.6995974, 54.342899700000004], [18.6996543, 54.3429902], [18.6997237, 54.3431124], [18.6997404, 54.343141699999975], [18.69972268757465, 54.343303582948224]]}}, {"type": "Feature", "properties": {"u": 353, "v": 173, "key": 0, "length": 273.6, "length_raw": 9561782.543935712}, "geometry": {"type": "LineString", "coordinates": [[18.6983604, 54.34173579999999], [18.6982166, 54.34198069999999], [18.6980835, 54.34221490000001], [18.6979724, 54.3424296], [18.6978815, 54.3426195], [18.6977906, 54.342831999999994], [18.6976777, 54.34315709999999], [18.6975939, 54.3434161], [18.6975354, 54.343629199999995], [18.6974846, 54.34389], [18.6974559, 54.34413039999999]]}}, {"type": "Feature", "properties": {"u": 354, "v": 289, "key": 0, "length": 198.5, "length_raw": 8666605.140463585}, "geometry": {"type": "LineString", "coordinates": [[18.6249768, 54.34931389999999], [18.6251286, 54.3493383], [18.6259917, 54.3494773], [18.6265271, 54.349562], [18.6266643, 54.3495837], [18.6267588, 54.349598699999994], [18.62755, 54.3497239], [18.6277029, 54.34974770000001], [18.6278596, 54.349772], [18.6279315, 54.3497832]]}}, {"type": "Feature", "properties": {"u": 355, "v": 339, "key": 0, "length": 110.6, "length_raw": 1479300.5515335114}, "geometry": {"type": "LineString", "coordinates": [[18.6429999, 54.3323166], [18.6430584, 54.33234050000001], [18.6431254, 54.3323596], [18.6432028, 54.33236939999999], [18.643855000000002, 54.332387799999985], [18.6442288, 54.33240409999999], [18.644612048679157, 54.33254490059728]]}}]}