Seeded run: seed=1
Initializing SACRED Stage-1.5 dynamic assignment (Poisson arrivals, 2 trucks)...
Configuring Protagonist Dispatch Agent...
Configuring Antagonist Congestion Agent...
Initializing ATLA Coevolution Trainer...
Run Name: gen06_dynassign_matrix/dynassign_scripted_seed1
Scripted adversary: pathrand
Starting SACRED training (mode=scripted_adversary) for 800 episodes...
Device: Protagonist=cpu, Antagonist=cpu
Initial Phase: Training PROTAGONIST

Ep    1 | Phase: PROTAGO | Ticks: 799 | Protag R: -8031.00 | Antag R: 7660.00 | Delivery:  42.1% | Budget Used: 3720.00/4000.0
Ep    2 | Phase: PROTAGO | Ticks: 797 | Protag R: -12329.00 | Antag R: 11958.00 | Delivery:  28.0% | Budget Used: 3720.00/4000.0
Ep    3 | Phase: PROTAGO | Ticks: 796 | Protag R: -14029.00 | Antag R: 13658.00 | Delivery:  21.7% | Budget Used: 3720.00/4000.0
Ep    4 | Phase: PROTAGO | Ticks: 798 | Protag R: -17985.00 | Antag R: 17614.00 | Delivery:  21.4% | Budget Used: 3720.00/4000.0
Ep    5 | Phase: PROTAGO | Ticks: 797 | Protag R: -10383.00 | Antag R: 10012.00 | Delivery:  27.8% | Budget Used: 3720.00/4000.0
Ep    6 | Phase: PROTAGO | Ticks: 783 | Protag R: -8405.00 | Antag R: 8034.00 | Delivery:  35.1% | Budget Used: 3720.00/4000.0
Ep    7 | Phase: PROTAGO | Ticks: 785 | Protag R: -13984.00 | Antag R: 13613.00 | Delivery:  30.8% | Budget Used: 3720.00/4000.0
Ep    8 | Phase: PROTAGO | Ticks: 787 | Protag R: -12523.00 | Antag R: 12152.00 | Delivery:  25.0% | Budget Used: 3720.00/4000.0
Ep    9 | Phase: PROTAGO | Ticks: 797 | Protag R: -14643.00 | Antag R: 14272.00 | Delivery:  27.5% | Budget Used: 3720.00/4000.0
Ep   10 | Phase: PROTAGO | Ticks: 796 | Protag R: -15782.00 | Antag R: 15411.00 | Delivery:  19.2% | Budget Used: 3720.00/4000.0
Ep   11 | Phase: PROTAGO | Ticks: 775 | Protag R: -13266.00 | Antag R: 12894.00 | Delivery:  20.5% | Budget Used: 3720.00/4000.0
Ep   12 | Phase: PROTAGO | Ticks: 775 | Protag R: -17321.00 | Antag R: 16950.00 | Delivery:  20.3% | Budget Used: 3720.00/4000.0
Ep   13 | Phase: PROTAGO | Ticks: 775 | Protag R: -11541.00 | Antag R: 11169.00 | Delivery:  26.1% | Budget Used: 3720.00/4000.0
Ep   14 | Phase: PROTAGO | Ticks: 788 | Protag R: -11131.00 | Antag R: 10759.00 | Delivery:  33.3% | Budget Used: 3720.00/4000.0
Ep   15 | Phase: PROTAGO | Ticks: 777 | Protag R: -18513.00 | Antag R: 18142.00 | Delivery:  22.0% | Budget Used: 3720.00/4000.0
Ep   16 | Phase: PROTAGO | Ticks: 779 | Protag R: -17932.00 | Antag R: 17561.00 | Delivery:  20.8% | Budget Used: 3720.00/4000.0
Ep   17 | Phase: PROTAGO | Ticks: 799 | Protag R: -10398.00 | Antag R: 10027.00 | Delivery:  28.9% | Budget Used: 3720.00/4000.0
Ep   18 | Phase: PROTAGO | Ticks: 799 | Protag R: -11858.00 | Antag R: 11487.00 | Delivery:  33.3% | Budget Used: 3720.00/4000.0
Ep   19 | Phase: PROTAGO | Ticks: 779 | Protag R: -17676.00 | Antag R: 17304.00 | Delivery:  29.3% | Budget Used: 3720.00/4000.0
Ep   20 | Phase: PROTAGO | Ticks: 790 | Protag R: -18477.00 | Antag R: 18106.00 | Delivery:  21.2% | Budget Used: 3720.00/4000.0
Ep   21 | Phase: PROTAGO | Ticks: 799 | Protag R: -9622.00 | Antag R: 9251.00 | Delivery:  41.5% | Budget Used: 3720.00/4000.0
Ep   22 | Phase: PROTAGO | Ticks: 797 | Protag R: -7410.00 | Antag R: 7039.00 | Delivery:  34.1% | Budget Used: 3720.00/4000.0
Ep   23 | Phase: PROTAGO | Ticks: 778 | Protag R: -12543.00 | Antag R: 12171.00 | Delivery:  25.0% | Budget Used: 3720.00/4000.0
Ep   24 | Phase: PROTAGO | Ticks: 790 | Protag R: -7944.00 | Antag R: 7573.00 | Delivery:  37.8% | Budget Used: 3720.00/4000.0
Ep   25 | Phase: PROTAGO | Ticks: 799 | Protag R: -9975.00 | Antag R: 9604.00 | Delivery:  39.5% | Budget Used: 3720.00/4000.0
Ep   26 | Phase: PROTAGO | Ticks: 798 | Protag R: -11604.00 | Antag R: 11233.00 | Delivery:  36.8% | Budget Used: 3720.00/4000.0
Ep   27 | Phase: PROTAGO | Ticks: 779 | Protag R: -12047.00 | Antag R: 11676.00 | Delivery:  30.6% | Budget Used: 3720.00/4000.0
Ep   28 | Phase: PROTAGO | Ticks: 798 | Protag R: -16319.00 | Antag R: 15948.00 | Delivery:  26.1% | Budget Used: 3720.00/4000.0
Ep   29 | Phase: PROTAGO | Ticks: 785 | Protag R: -14260.00 | Antag R: 13889.00 | Delivery:  24.1% | Budget Used: 3720.00/4000.0
Ep   30 | Phase: PROTAGO | Ticks: 779 | Protag R: -10269.00 | Antag R: 9898.00 | Delivery:  27.3% | Budget Used: 3720.00/4000.0
Ep   31 | Phase: PROTAGO | Ticks: 797 | Protag R: -18994.00 | Antag R: 18623.00 | Delivery:  19.0% | Budget Used: 3720.00/4000.0
Ep   32 | Phase: PROTAGO | Ticks: 775 | Protag R: -16067.00 | Antag R: 15696.00 | Delivery:  14.6% | Budget Used: 3720.00/4000.0
Ep   33 | Phase: PROTAGO | Ticks: 789 | Protag R: -20157.00 | Antag R: 19787.00 | Delivery:  15.8% | Budget Used: 3720.00/4000.0
Ep   34 | Phase: PROTAGO | Ticks: 783 | Protag R: -13115.00 | Antag R: 12744.00 | Delivery:  31.0% | Budget Used: 3720.00/4000.0
Ep   35 | Phase: PROTAGO | Ticks: 775 | Protag R: -10018.00 | Antag R: 9646.00 | Delivery:  27.3% | Budget Used: 3720.00/4000.0
Ep   36 | Phase: PROTAGO | Ticks: 794 | Protag R: -11038.00 | Antag R: 10667.00 | Delivery:  26.8% | Budget Used: 3720.00/4000.0
Ep   37 | Phase: PROTAGO | Ticks: 798 | Protag R: -13682.00 | Antag R: 13311.00 | Delivery:  32.6% | Budget Used: 3720.00/4000.0
Ep   38 | Phase: PROTAGO | Ticks: 791 | Protag R: -13368.00 | Antag R: 12997.00 | Delivery:  24.4% | Budget Used: 3720.00/4000.0
Ep   39 | Phase: PROTAGO | Ticks: 775 | Protag R: -20095.00 | Antag R: 19724.00 | Delivery:  19.6% | Budget Used: 3720.00/4000.0
Ep   40 | Phase: PROTAGO | Ticks: 786 | Protag R: -12614.00 | Antag R: 12243.00 | Delivery:  18.6% | Budget Used: 3720.00/4000.0
Ep   41 | Phase: PROTAGO | Ticks: 796 | Protag R: -19244.00 | Antag R: 18873.00 | Delivery:  23.2% | Budget Used: 3720.00/4000.0
Ep   42 | Phase: PROTAGO | Ticks: 789 | Protag R: -17505.00 | Antag R: 17134.00 | Delivery:  28.3% | Budget Used: 3720.00/4000.0
Ep   43 | Phase: PROTAGO | Ticks: 775 | Protag R: -16196.00 | Antag R: 15825.00 | Delivery:  20.8% | Budget Used: 3720.00/4000.0
Ep   44 | Phase: PROTAGO | Ticks: 799 | Protag R: -16397.00 | Antag R: 16026.00 | Delivery:  17.8% | Budget Used: 3720.00/4000.0
Ep   45 | Phase: PROTAGO | Ticks: 795 | Protag R: -13901.00 | Antag R: 13530.00 | Delivery:  18.4% | Budget Used: 3720.00/4000.0
Ep   46 | Phase: PROTAGO | Ticks: 788 | Protag R: -11269.00 | Antag R: 10898.00 | Delivery:  22.5% | Budget Used: 3720.00/4000.0
Ep   47 | Phase: PROTAGO | Ticks: 798 | Protag R: -16220.00 | Antag R: 15848.00 | Delivery:  14.9% | Budget Used: 3720.00/4000.0
Ep   48 | Phase: PROTAGO | Ticks: 786 | Protag R: -13733.00 | Antag R: 13362.00 | Delivery:  29.2% | Budget Used: 3720.00/4000.0
Ep   49 | Phase: PROTAGO | Ticks: 798 | Protag R: -15584.00 | Antag R: 15213.00 | Delivery:  22.4% | Budget Used: 3720.00/4000.0
Ep   50 | Phase: PROTAGO | Ticks: 790 | Protag R: -9953.00 | Antag R: 9581.00 | Delivery:  31.7% | Budget Used: 3720.00/4000.0
  [EVAL ep 50] greedy_atk=5366 learned_atk=5742 gap=+376 +/-288 (neg = learned beats greedy under attack)
Saving checkpoints for both agents before phase switch...
Ep   51 | Phase: PROTAGO | Ticks: 796 | Protag R: -12039.00 | Antag R: 11668.00 | Delivery:  30.6% | Budget Used: 3720.00/4000.0
Ep   52 | Phase: PROTAGO | Ticks: 798 | Protag R: -13421.00 | Antag R: 13050.00 | Delivery:  21.4% | Budget Used: 3720.00/4000.0
Ep   53 | Phase: PROTAGO | Ticks: 798 | Protag R: -14361.00 | Antag R: 13990.00 | Delivery:  27.1% | Budget Used: 3720.00/4000.0
Ep   54 | Phase: PROTAGO | Ticks: 795 | Protag R: -10325.00 | Antag R: 9954.00 | Delivery:  31.2% | Budget Used: 3720.00/4000.0
Ep   55 | Phase: PROTAGO | Ticks: 790 | Protag R: -11459.00 | Antag R: 11088.00 | Delivery:  23.7% | Budget Used: 3720.00/4000.0
Ep   56 | Phase: PROTAGO | Ticks: 775 | Protag R: -12243.00 | Antag R: 11872.00 | Delivery:  32.0% | Budget Used: 3720.00/4000.0
Ep   57 | Phase: PROTAGO | Ticks: 795 | Protag R: -13201.00 | Antag R: 12830.00 | Delivery:  35.6% | Budget Used: 3720.00/4000.0
Ep   58 | Phase: PROTAGO | Ticks: 798 | Protag R: -13433.00 | Antag R: 13061.00 | Delivery:  20.5% | Budget Used: 3720.00/4000.0
Ep   59 | Phase: PROTAGO | Ticks: 785 | Protag R: -11382.00 | Antag R: 11011.00 | Delivery:  33.3% | Budget Used: 3720.00/4000.0
Ep   60 | Phase: PROTAGO | Ticks: 789 | Protag R: -10843.00 | Antag R: 10472.00 | Delivery:  33.3% | Budget Used: 3720.00/4000.0
Ep   61 | Phase: PROTAGO | Ticks: 796 | Protag R: -21908.00 | Antag R: 21537.00 | Delivery:  13.6% | Budget Used: 3720.00/4000.0
Ep   62 | Phase: PROTAGO | Ticks: 778 | Protag R: -9660.00 | Antag R: 9289.00 | Delivery:  40.5% | Budget Used: 3720.00/4000.0
Ep   63 | Phase: PROTAGO | Ticks: 797 | Protag R: -20071.00 | Antag R: 19700.00 | Delivery:  19.3% | Budget Used: 3720.00/4000.0
Ep   64 | Phase: PROTAGO | Ticks: 796 | Protag R: -13087.00 | Antag R: 12716.00 | Delivery:  26.1% | Budget Used: 3720.00/4000.0
Ep   65 | Phase: PROTAGO | Ticks: 778 | Protag R: -14673.00 | Antag R: 14301.00 | Delivery:  19.6% | Budget Used: 3720.00/4000.0
Ep   66 | Phase: PROTAGO | Ticks: 775 | Protag R: -12712.00 | Antag R: 12341.00 | Delivery:  25.5% | Budget Used: 3720.00/4000.0
Ep   67 | Phase: PROTAGO | Ticks: 775 | Protag R: -12538.00 | Antag R: 12167.00 | Delivery:  26.2% | Budget Used: 3720.00/4000.0
Ep   68 | Phase: PROTAGO | Ticks: 775 | Protag R: -19203.00 | Antag R: 18831.00 | Delivery:  16.4% | Budget Used: 3720.00/4000.0
Ep   69 | Phase: PROTAGO | Ticks: 775 | Protag R: -15526.00 | Antag R: 15155.00 | Delivery:  22.4% | Budget Used: 3720.00/4000.0
Ep   70 | Phase: PROTAGO | Ticks: 797 | Protag R: -11598.00 | Antag R: 11227.00 | Delivery:  25.6% | Budget Used: 3720.00/4000.0
Ep   71 | Phase: PROTAGO | Ticks: 798 | Protag R: -7537.00 | Antag R: 7166.00 | Delivery:  25.8% | Budget Used: 3720.00/4000.0
Ep   72 | Phase: PROTAGO | Ticks: 796 | Protag R: -13225.00 | Antag R: 12854.00 | Delivery:  20.4% | Budget Used: 3720.00/4000.0
Ep   73 | Phase: PROTAGO | Ticks: 797 | Protag R: -10772.00 | Antag R: 10400.00 | Delivery:  25.0% | Budget Used: 3720.00/4000.0
Ep   74 | Phase: PROTAGO | Ticks: 782 | Protag R: -10856.00 | Antag R: 10485.00 | Delivery:  30.2% | Budget Used: 3720.00/4000.0
Ep   75 | Phase: PROTAGO | Ticks: 791 | Protag R: -13632.00 | Antag R: 13261.00 | Delivery:  32.6% | Budget Used: 3720.00/4000.0
Ep   76 | Phase: PROTAGO | Ticks: 794 | Protag R: -13246.00 | Antag R: 12875.00 | Delivery:  29.5% | Budget Used: 3720.00/4000.0
Ep   77 | Phase: PROTAGO | Ticks: 797 | Protag R: -15135.00 | Antag R: 14765.00 | Delivery:  16.3% | Budget Used: 3720.00/4000.0
Ep   78 | Phase: PROTAGO | Ticks: 789 | Protag R: -15939.00 | Antag R: 15568.00 | Delivery:  19.2% | Budget Used: 3720.00/4000.0
Ep   79 | Phase: PROTAGO | Ticks: 794 | Protag R: -11878.00 | Antag R: 11507.00 | Delivery:  18.9% | Budget Used: 3720.00/4000.0
Ep   80 | Phase: PROTAGO | Ticks: 788 | Protag R: -16890.00 | Antag R: 16519.00 | Delivery:  22.0% | Budget Used: 3720.00/4000.0
Ep   81 | Phase: PROTAGO | Ticks: 775 | Protag R: -15711.00 | Antag R: 15340.00 | Delivery:  20.0% | Budget Used: 3720.00/4000.0
Ep   82 | Phase: PROTAGO | Ticks: 785 | Protag R: -18085.00 | Antag R: 17714.00 | Delivery:  18.0% | Budget Used: 3720.00/4000.0
Ep   83 | Phase: PROTAGO | Ticks: 795 | Protag R: -13781.00 | Antag R: 13410.00 | Delivery:  27.7% | Budget Used: 3720.00/4000.0
Ep   84 | Phase: PROTAGO | Ticks: 797 | Protag R: -17391.00 | Antag R: 17020.00 | Delivery:  17.0% | Budget Used: 3720.00/4000.0
Ep   85 | Phase: PROTAGO | Ticks: 797 | Protag R: -16623.00 | Antag R: 16252.00 | Delivery:  11.1% | Budget Used: 3720.00/4000.0
Ep   86 | Phase: PROTAGO | Ticks: 791 | Protag R: -19950.00 | Antag R: 19579.00 | Delivery:  12.7% | Budget Used: 3720.00/4000.0
Ep   87 | Phase: PROTAGO | Ticks: 776 | Protag R: -15518.00 | Antag R: 15147.00 | Delivery:  19.6% | Budget Used: 3720.00/4000.0
Ep   88 | Phase: PROTAGO | Ticks: 775 | Protag R: -15350.00 | Antag R: 14979.00 | Delivery:  23.1% | Budget Used: 3720.00/4000.0
Ep   89 | Phase: PROTAGO | Ticks: 775 | Protag R: -15029.00 | Antag R: 14658.00 | Delivery:  27.8% | Budget Used: 3720.00/4000.0
Ep   90 | Phase: PROTAGO | Ticks: 777 | Protag R: -15960.00 | Antag R: 15589.00 | Delivery:  23.5% | Budget Used: 3720.00/4000.0
Ep   91 | Phase: PROTAGO | Ticks: 775 | Protag R: -14179.00 | Antag R: 13808.00 | Delivery:  25.5% | Budget Used: 3720.00/4000.0
Ep   92 | Phase: PROTAGO | Ticks: 798 | Protag R: -14004.00 | Antag R: 13633.00 | Delivery:  22.0% | Budget Used: 3720.00/4000.0
Ep   93 | Phase: PROTAGO | Ticks: 798 | Protag R: -14004.00 | Antag R: 13633.00 | Delivery:  26.0% | Budget Used: 3720.00/4000.0
Ep   94 | Phase: PROTAGO | Ticks: 797 | Protag R: -15551.00 | Antag R: 15180.00 | Delivery:  21.2% | Budget Used: 3720.00/4000.0
Ep   95 | Phase: PROTAGO | Ticks: 793 | Protag R: -13725.00 | Antag R: 13354.00 | Delivery:  23.9% | Budget Used: 3720.00/4000.0
Ep   96 | Phase: PROTAGO | Ticks: 775 | Protag R: -12099.00 | Antag R: 11728.00 | Delivery:  31.8% | Budget Used: 3720.00/4000.0
Ep   97 | Phase: PROTAGO | Ticks: 786 | Protag R: -15788.00 | Antag R: 15417.00 | Delivery:  28.6% | Budget Used: 3720.00/4000.0
Ep   98 | Phase: PROTAGO | Ticks: 791 | Protag R: -14815.00 | Antag R: 14444.00 | Delivery:  35.4% | Budget Used: 3720.00/4000.0
Ep   99 | Phase: PROTAGO | Ticks: 782 | Protag R: -17756.00 | Antag R: 17385.00 | Delivery:  25.0% | Budget Used: 3720.00/4000.0
Ep  100 | Phase: PROTAGO | Ticks: 797 | Protag R: -19417.00 | Antag R: 19046.00 | Delivery:  17.9% | Budget Used: 3720.00/4000.0
  [EVAL ep 100] greedy_atk=5366 learned_atk=5797 gap=+431 +/-218 (neg = learned beats greedy under attack)
Saving checkpoints for both agents before phase switch...
Ep  101 | Phase: PROTAGO | Ticks: 797 | Protag R: -14130.00 | Antag R: 13759.00 | Delivery:  26.7% | Budget Used: 3720.00/4000.0
Ep  102 | Phase: PROTAGO | Ticks: 790 | Protag R: -14370.00 | Antag R: 13998.00 | Delivery:  26.5% | Budget Used: 3720.00/4000.0
Ep  103 | Phase: PROTAGO | Ticks: 777 | Protag R: -11855.00 | Antag R: 11484.00 | Delivery:  27.5% | Budget Used: 3720.00/4000.0
Ep  104 | Phase: PROTAGO | Ticks: 778 | Protag R: -11871.00 | Antag R: 11500.00 | Delivery:  29.8% | Budget Used: 3720.00/4000.0
Ep  105 | Phase: PROTAGO | Ticks: 797 | Protag R: -17424.00 | Antag R: 17053.00 | Delivery:  21.4% | Budget Used: 3720.00/4000.0
Ep  106 | Phase: PROTAGO | Ticks: 794 | Protag R: -21062.00 | Antag R: 20692.00 | Delivery:  27.3% | Budget Used: 3720.00/4000.0
Ep  107 | Phase: PROTAGO | Ticks: 775 | Protag R: -15343.00 | Antag R: 14972.00 | Delivery:  18.3% | Budget Used: 3720.00/4000.0
Ep  108 | Phase: PROTAGO | Ticks: 775 | Protag R: -8726.00 | Antag R: 8356.00 | Delivery:  37.8% | Budget Used: 3720.00/4000.0
Ep  109 | Phase: PROTAGO | Ticks: 775 | Protag R: -13529.00 | Antag R: 13158.00 | Delivery:  33.3% | Budget Used: 3720.00/4000.0
Ep  110 | Phase: PROTAGO | Ticks: 792 | Protag R: -7584.00 | Antag R: 7213.00 | Delivery:  37.5% | Budget Used: 3720.00/4000.0
Ep  111 | Phase: PROTAGO | Ticks: 797 | Protag R: -12276.00 | Antag R: 11905.00 | Delivery:  34.0% | Budget Used: 3720.00/4000.0
Ep  112 | Phase: PROTAGO | Ticks: 797 | Protag R: -14072.00 | Antag R: 13701.00 | Delivery:  24.0% | Budget Used: 3720.00/4000.0
Ep  113 | Phase: PROTAGO | Ticks: 793 | Protag R: -10932.00 | Antag R: 10560.00 | Delivery:  36.2% | Budget Used: 3720.00/4000.0
Ep  114 | Phase: PROTAGO | Ticks: 796 | Protag R: -18562.00 | Antag R: 18191.00 | Delivery:  21.2% | Budget Used: 3720.00/4000.0
Ep  115 | Phase: PROTAGO | Ticks: 776 | Protag R: -12881.00 | Antag R: 12510.00 | Delivery:  25.0% | Budget Used: 3720.00/4000.0
Ep  116 | Phase: PROTAGO | Ticks: 799 | Protag R: -14227.00 | Antag R: 13856.00 | Delivery:  19.6% | Budget Used: 3720.00/4000.0
Ep  117 | Phase: PROTAGO | Ticks: 776 | Protag R: -15751.00 | Antag R: 15379.00 | Delivery:  24.0% | Budget Used: 3720.00/4000.0
Ep  118 | Phase: PROTAGO | Ticks: 777 | Protag R: -10205.00 | Antag R: 9834.00 | Delivery:  35.7% | Budget Used: 3720.00/4000.0
Ep  119 | Phase: PROTAGO | Ticks: 776 | Protag R: -15788.00 | Antag R: 15417.00 | Delivery:  28.3% | Budget Used: 3720.00/4000.0
Ep  120 | Phase: PROTAGO | Ticks: 798 | Protag R: -14376.00 | Antag R: 14005.00 | Delivery:  25.0% | Budget Used: 3720.00/4000.0
Ep  121 | Phase: PROTAGO | Ticks: 794 | Protag R: -14600.00 | Antag R: 14229.00 | Delivery:  23.1% | Budget Used: 3720.00/4000.0
Ep  122 | Phase: PROTAGO | Ticks: 779 | Protag R: -15448.00 | Antag R: 15077.00 | Delivery:  27.8% | Budget Used: 3720.00/4000.0
Ep  123 | Phase: PROTAGO | Ticks: 794 | Protag R: -12827.00 | Antag R: 12456.00 | Delivery:  28.0% | Budget Used: 3720.00/4000.0
Ep  124 | Phase: PROTAGO | Ticks: 798 | Protag R: -12025.00 | Antag R: 11653.00 | Delivery:  22.5% | Budget Used: 3720.00/4000.0
Ep  125 | Phase: PROTAGO | Ticks: 789 | Protag R: -10618.00 | Antag R: 10246.00 | Delivery:  33.3% | Budget Used: 3720.00/4000.0
Ep  126 | Phase: PROTAGO | Ticks: 795 | Protag R: -17052.00 | Antag R: 16681.00 | Delivery:  18.9% | Budget Used: 3720.00/4000.0
Ep  127 | Phase: PROTAGO | Ticks: 796 | Protag R: -13892.00 | Antag R: 13521.00 | Delivery:  24.4% | Budget Used: 3720.00/4000.0
Ep  128 | Phase: PROTAGO | Ticks: 797 | Protag R: -16309.00 | Antag R: 15938.00 | Delivery:  26.4% | Budget Used: 3720.00/4000.0
Ep  129 | Phase: PROTAGO | Ticks: 790 | Protag R: -11311.00 | Antag R: 10940.00 | Delivery:  32.5% | Budget Used: 3720.00/4000.0
Ep  130 | Phase: PROTAGO | Ticks: 797 | Protag R: -18750.00 | Antag R: 18379.00 | Delivery:  19.0% | Budget Used: 3720.00/4000.0
Ep  131 | Phase: PROTAGO | Ticks: 780 | Protag R: -16729.00 | Antag R: 16358.00 | Delivery:  33.3% | Budget Used: 3720.00/4000.0
Ep  132 | Phase: PROTAGO | Ticks: 798 | Protag R: -10028.00 | Antag R: 9656.00 | Delivery:  31.7% | Budget Used: 3720.00/4000.0
Ep  133 | Phase: PROTAGO | Ticks: 798 | Protag R: -17896.00 | Antag R: 17525.00 | Delivery:  18.3% | Budget Used: 3720.00/4000.0
Ep  134 | Phase: PROTAGO | Ticks: 797 | Protag R: -11916.00 | Antag R: 11545.00 | Delivery:  17.4% | Budget Used: 3720.00/4000.0
Ep  135 | Phase: PROTAGO | Ticks: 799 | Protag R: -13966.00 | Antag R: 13594.00 | Delivery:  20.4% | Budget Used: 3720.00/4000.0
Ep  136 | Phase: PROTAGO | Ticks: 796 | Protag R: -13429.00 | Antag R: 13058.00 | Delivery:  23.2% | Budget Used: 3720.00/4000.0
Ep  137 | Phase: PROTAGO | Ticks: 785 | Protag R: -17275.00 | Antag R: 16903.00 | Delivery:  22.2% | Budget Used: 3720.00/4000.0
Ep  138 | Phase: PROTAGO | Ticks: 776 | Protag R: -14568.00 | Antag R: 14197.00 | Delivery:  23.5% | Budget Used: 3720.00/4000.0
Ep  139 | Phase: PROTAGO | Ticks: 785 | Protag R: -20688.00 | Antag R: 20317.00 | Delivery:  25.9% | Budget Used: 3720.00/4000.0
Ep  140 | Phase: PROTAGO | Ticks: 780 | Protag R: -12898.00 | Antag R: 12526.00 | Delivery:  18.4% | Budget Used: 3720.00/4000.0
Ep  141 | Phase: PROTAGO | Ticks: 777 | Protag R: -16691.00 | Antag R: 16321.00 | Delivery:  22.9% | Budget Used: 3720.00/4000.0
Ep  142 | Phase: PROTAGO | Ticks: 775 | Protag R: -15871.00 | Antag R: 15500.00 | Delivery:  17.6% | Budget Used: 3720.00/4000.0
Ep  143 | Phase: PROTAGO | Ticks: 798 | Protag R: -13499.00 | Antag R: 13128.00 | Delivery:  28.6% | Budget Used: 3720.00/4000.0
Ep  144 | Phase: PROTAGO | Ticks: 796 | Protag R: -8802.00 | Antag R: 8431.00 | Delivery:  31.7% | Budget Used: 3720.00/4000.0
Ep  145 | Phase: PROTAGO | Ticks: 780 | Protag R: -11250.00 | Antag R: 10879.00 | Delivery:  28.2% | Budget Used: 3720.00/4000.0
Ep  146 | Phase: PROTAGO | Ticks: 775 | Protag R: -13807.00 | Antag R: 13436.00 | Delivery:  20.0% | Budget Used: 3720.00/4000.0
Ep  147 | Phase: PROTAGO | Ticks: 796 | Protag R: -10985.00 | Antag R: 10614.00 | Delivery:  22.2% | Budget Used: 3720.00/4000.0
Ep  148 | Phase: PROTAGO | Ticks: 780 | Protag R: -14329.00 | Antag R: 13958.00 | Delivery:  24.5% | Budget Used: 3720.00/4000.0
Ep  149 | Phase: PROTAGO | Ticks: 798 | Protag R: -11987.00 | Antag R: 11616.00 | Delivery:  34.0% | Budget Used: 3720.00/4000.0
Ep  150 | Phase: PROTAGO | Ticks: 799 | Protag R: -9487.00 | Antag R: 9115.00 | Delivery:  34.1% | Budget Used: 3720.00/4000.0
  [EVAL ep 150] greedy_atk=5366 learned_atk=5713 gap=+347 +/-256 (neg = learned beats greedy under attack)
Saving checkpoints for both agents before phase switch...
Ep  151 | Phase: PROTAGO | Ticks: 787 | Protag R: -14768.00 | Antag R: 14397.00 | Delivery:  28.0% | Budget Used: 3720.00/4000.0
Ep  152 | Phase: PROTAGO | Ticks: 797 | Protag R: -10991.00 | Antag R: 10619.00 | Delivery:  22.9% | Budget Used: 3720.00/4000.0
Ep  153 | Phase: PROTAGO | Ticks: 781 | Protag R: -9009.00 | Antag R: 8637.00 | Delivery:  30.6% | Budget Used: 3720.00/4000.0
Ep  154 | Phase: PROTAGO | Ticks: 792 | Protag R: -12793.00 | Antag R: 12422.00 | Delivery:  27.5% | Budget Used: 3720.00/4000.0
Ep  155 | Phase: PROTAGO | Ticks: 777 | Protag R: -9102.00 | Antag R: 8731.00 | Delivery:  28.9% | Budget Used: 3720.00/4000.0
Ep  156 | Phase: PROTAGO | Ticks: 797 | Protag R: -13689.00 | Antag R: 13318.00 | Delivery:  25.0% | Budget Used: 3720.00/4000.0
Ep  157 | Phase: PROTAGO | Ticks: 799 | Protag R: -9064.00 | Antag R: 8692.00 | Delivery:  32.5% | Budget Used: 3720.00/4000.0
Ep  158 | Phase: PROTAGO | Ticks: 796 | Protag R: -15848.00 | Antag R: 15477.00 | Delivery:  21.1% | Budget Used: 3720.00/4000.0
Ep  159 | Phase: PROTAGO | Ticks: 794 | Protag R: -17232.00 | Antag R: 16861.00 | Delivery:  25.5% | Budget Used: 3720.00/4000.0
Ep  160 | Phase: PROTAGO | Ticks: 779 | Protag R: -17098.00 | Antag R: 16726.00 | Delivery:  29.4% | Budget Used: 3720.00/4000.0
Ep  161 | Phase: PROTAGO | Ticks: 780 | Protag R: -10638.00 | Antag R: 10267.00 | Delivery:  29.2% | Budget Used: 3720.00/4000.0
Ep  162 | Phase: PROTAGO | Ticks: 797 | Protag R: -14890.00 | Antag R: 14519.00 | Delivery:  20.0% | Budget Used: 3720.00/4000.0
Ep  163 | Phase: PROTAGO | Ticks: 796 | Protag R: -17998.00 | Antag R: 17627.00 | Delivery:  20.3% | Budget Used: 3720.00/4000.0
Ep  164 | Phase: PROTAGO | Ticks: 799 | Protag R: -11247.00 | Antag R: 10876.00 | Delivery:  23.8% | Budget Used: 3720.00/4000.0
Ep  165 | Phase: PROTAGO | Ticks: 783 | Protag R: -15958.00 | Antag R: 15587.00 | Delivery:  20.7% | Budget Used: 3720.00/4000.0
Ep  166 | Phase: PROTAGO | Ticks: 775 | Protag R: -11046.00 | Antag R: 10675.00 | Delivery:  23.3% | Budget Used: 3720.00/4000.0
Ep  167 | Phase: PROTAGO | Ticks: 775 | Protag R: -12649.00 | Antag R: 12278.00 | Delivery:  30.0% | Budget Used: 3720.00/4000.0
Ep  168 | Phase: PROTAGO | Ticks: 797 | Protag R: -13690.00 | Antag R: 13319.00 | Delivery:  16.0% | Budget Used: 3720.00/4000.0
Ep  169 | Phase: PROTAGO | Ticks: 784 | Protag R: -10174.00 | Antag R: 9803.00 | Delivery:  35.3% | Budget Used: 3720.00/4000.0
Ep  170 | Phase: PROTAGO | Ticks: 784 | Protag R: -10639.00 | Antag R: 10267.00 | Delivery:  35.6% | Budget Used: 3720.00/4000.0
Ep  171 | Phase: PROTAGO | Ticks: 798 | Protag R: -13853.00 | Antag R: 13482.00 | Delivery:  26.0% | Budget Used: 3720.00/4000.0
Ep  172 | Phase: PROTAGO | Ticks: 799 | Protag R: -11620.00 | Antag R: 11249.00 | Delivery:  18.6% | Budget Used: 3720.00/4000.0
Ep  173 | Phase: PROTAGO | Ticks: 793 | Protag R: -11585.00 | Antag R: 11214.00 | Delivery:  23.7% | Budget Used: 3720.00/4000.0
Ep  174 | Phase: PROTAGO | Ticks: 798 | Protag R: -17730.00 | Antag R: 17360.00 | Delivery:  23.2% | Budget Used: 3720.00/4000.0
Ep  175 | Phase: PROTAGO | Ticks: 775 | Protag R: -13978.00 | Antag R: 13607.00 | Delivery:  22.7% | Budget Used: 3720.00/4000.0
Ep  176 | Phase: PROTAGO | Ticks: 797 | Protag R: -15862.00 | Antag R: 15491.00 | Delivery:  27.3% | Budget Used: 3720.00/4000.0
Ep  177 | Phase: PROTAGO | Ticks: 775 | Protag R: -8938.00 | Antag R: 8566.00 | Delivery:  38.2% | Budget Used: 3720.00/4000.0
Ep  178 | Phase: PROTAGO | Ticks: 794 | Protag R: -15352.00 | Antag R: 14981.00 | Delivery:  24.1% | Budget Used: 3720.00/4000.0
Ep  179 | Phase: PROTAGO | Ticks: 788 | Protag R: -15414.00 | Antag R: 15043.00 | Delivery:  17.3% | Budget Used: 3720.00/4000.0
Ep  180 | Phase: PROTAGO | Ticks: 797 | Protag R: -19448.00 | Antag R: 19077.00 | Delivery:  15.1% | Budget Used: 3720.00/4000.0
Ep  181 | Phase: PROTAGO | Ticks: 796 | Protag R: -7849.00 | Antag R: 7477.00 | Delivery:  42.4% | Budget Used: 3720.00/4000.0
Ep  182 | Phase: PROTAGO | Ticks: 776 | Protag R: -12406.00 | Antag R: 12034.00 | Delivery:  27.3% | Budget Used: 3720.00/4000.0
Ep  183 | Phase: PROTAGO | Ticks: 779 | Protag R: -12593.00 | Antag R: 12222.00 | Delivery:  22.0% | Budget Used: 3720.00/4000.0
Ep  184 | Phase: PROTAGO | Ticks: 792 | Protag R: -17762.00 | Antag R: 17392.00 | Delivery:  12.0% | Budget Used: 3720.00/4000.0
Ep  185 | Phase: PROTAGO | Ticks: 778 | Protag R: -15068.00 | Antag R: 14696.00 | Delivery:  25.0% | Budget Used: 3720.00/4000.0
Ep  186 | Phase: PROTAGO | Ticks: 798 | Protag R: -16450.00 | Antag R: 16079.00 | Delivery:  20.8% | Budget Used: 3720.00/4000.0
Ep  187 | Phase: PROTAGO | Ticks: 775 | Protag R: -13906.00 | Antag R: 13535.00 | Delivery:  23.8% | Budget Used: 3720.00/4000.0
Ep  188 | Phase: PROTAGO | Ticks: 775 | Protag R: -13703.00 | Antag R: 13332.00 | Delivery:  25.5% | Budget Used: 3720.00/4000.0
Ep  189 | Phase: PROTAGO | Ticks: 776 | Protag R: -17281.00 | Antag R: 16909.00 | Delivery:  11.6% | Budget Used: 3720.00/4000.0
Ep  190 | Phase: PROTAGO | Ticks: 775 | Protag R: -12651.00 | Antag R: 12280.00 | Delivery:  19.0% | Budget Used: 3720.00/4000.0
Ep  191 | Phase: PROTAGO | Ticks: 775 | Protag R: -10685.00 | Antag R: 10314.00 | Delivery:  29.3% | Budget Used: 3720.00/4000.0
Ep  192 | Phase: PROTAGO | Ticks: 798 | Protag R: -13541.00 | Antag R: 13170.00 | Delivery:  23.3% | Budget Used: 3720.00/4000.0
Ep  193 | Phase: PROTAGO | Ticks: 796 | Protag R: -11240.00 | Antag R: 10869.00 | Delivery:  22.9% | Budget Used: 3720.00/4000.0
Ep  194 | Phase: PROTAGO | Ticks: 775 | Protag R: -18129.00 | Antag R: 17758.00 | Delivery:  14.5% | Budget Used: 3720.00/4000.0
Ep  195 | Phase: PROTAGO | Ticks: 786 | Protag R: -11561.00 | Antag R: 11189.00 | Delivery:  36.2% | Budget Used: 3720.00/4000.0
Ep  196 | Phase: PROTAGO | Ticks: 798 | Protag R: -9529.00 | Antag R: 9158.00 | Delivery:  37.8% | Budget Used: 3720.00/4000.0
Ep  197 | Phase: PROTAGO | Ticks: 797 | Protag R: -11928.00 | Antag R: 11557.00 | Delivery:  31.8% | Budget Used: 3720.00/4000.0
Ep  198 | Phase: PROTAGO | Ticks: 798 | Protag R: -13895.00 | Antag R: 13524.00 | Delivery:  21.7% | Budget Used: 3720.00/4000.0
Ep  199 | Phase: PROTAGO | Ticks: 776 | Protag R: -14260.00 | Antag R: 13888.00 | Delivery:  24.4% | Budget Used: 3720.00/4000.0
Ep  200 | Phase: PROTAGO | Ticks: 780 | Protag R: -15882.00 | Antag R: 15511.00 | Delivery:  31.8% | Budget Used: 3720.00/4000.0
  [EVAL ep 200] greedy_atk=5366 learned_atk=5732 gap=+366 +/-146 (neg = learned beats greedy under attack)
Saving checkpoints for both agents before phase switch...
Ep  201 | Phase: PROTAGO | Ticks: 798 | Protag R: -13026.00 | Antag R: 12654.00 | Delivery:  37.5% | Budget Used: 3720.00/4000.0
Ep  202 | Phase: PROTAGO | Ticks: 798 | Protag R: -10719.00 | Antag R: 10348.00 | Delivery:  43.9% | Budget Used: 3720.00/4000.0
Ep  203 | Phase: PROTAGO | Ticks: 780 | Protag R: -8612.00 | Antag R: 8241.00 | Delivery:  33.3% | Budget Used: 3720.00/4000.0
Ep  204 | Phase: PROTAGO | Ticks: 797 | Protag R: -15679.00 | Antag R: 15307.00 | Delivery:  28.8% | Budget Used: 3720.00/4000.0
Ep  205 | Phase: PROTAGO | Ticks: 794 | Protag R: -14867.00 | Antag R: 14495.00 | Delivery:  18.9% | Budget Used: 3720.00/4000.0
Ep  206 | Phase: PROTAGO | Ticks: 783 | Protag R: -14465.00 | Antag R: 14093.00 | Delivery:  25.9% | Budget Used: 3720.00/4000.0
Ep  207 | Phase: PROTAGO | Ticks: 796 | Protag R: -16203.00 | Antag R: 15832.00 | Delivery:  27.3% | Budget Used: 3720.00/4000.0
Ep  208 | Phase: PROTAGO | Ticks: 789 | Protag R: -15450.00 | Antag R: 15079.00 | Delivery:  28.3% | Budget Used: 3720.00/4000.0
Ep  209 | Phase: PROTAGO | Ticks: 796 | Protag R: -14004.00 | Antag R: 13633.00 | Delivery:  30.4% | Budget Used: 3720.00/4000.0
Ep  210 | Phase: PROTAGO | Ticks: 796 | Protag R: -15306.00 | Antag R: 14935.00 | Delivery:  26.9% | Budget Used: 3720.00/4000.0
Ep  211 | Phase: PROTAGO | Ticks: 797 | Protag R: -11648.00 | Antag R: 11277.00 | Delivery:  30.6% | Budget Used: 3720.00/4000.0
Ep  212 | Phase: PROTAGO | Ticks: 796 | Protag R: -12694.00 | Antag R: 12323.00 | Delivery:  25.0% | Budget Used: 3720.00/4000.0
Ep  213 | Phase: PROTAGO | Ticks: 775 | Protag R: -12534.00 | Antag R: 12163.00 | Delivery:  25.6% | Budget Used: 3720.00/4000.0
Ep  214 | Phase: PROTAGO | Ticks: 789 | Protag R: -11339.00 | Antag R: 10968.00 | Delivery:  26.1% | Budget Used: 3720.00/4000.0
Ep  215 | Phase: PROTAGO | Ticks: 793 | Protag R: -7937.00 | Antag R: 7565.00 | Delivery:  36.8% | Budget Used: 3720.00/4000.0
Ep  216 | Phase: PROTAGO | Ticks: 775 | Protag R: -16322.00 | Antag R: 15951.00 | Delivery:  18.5% | Budget Used: 3720.00/4000.0
Ep  217 | Phase: PROTAGO | Ticks: 794 | Protag R: -8348.00 | Antag R: 7977.00 | Delivery:  26.3% | Budget Used: 3720.00/4000.0
Ep  218 | Phase: PROTAGO | Ticks: 785 | Protag R: -21105.00 | Antag R: 20734.00 | Delivery:  16.7% | Budget Used: 3720.00/4000.0
Ep  219 | Phase: PROTAGO | Ticks: 779 | Protag R: -15842.00 | Antag R: 15471.00 | Delivery:  17.3% | Budget Used: 3720.00/4000.0
Ep  220 | Phase: PROTAGO | Ticks: 799 | Protag R: -13826.00 | Antag R: 13456.00 | Delivery:  29.5% | Budget Used: 3720.00/4000.0
Ep  221 | Phase: PROTAGO | Ticks: 784 | Protag R: -15543.00 | Antag R: 15172.00 | Delivery:  26.1% | Budget Used: 3720.00/4000.0
Ep  222 | Phase: PROTAGO | Ticks: 799 | Protag R: -13194.00 | Antag R: 12823.00 | Delivery:  24.4% | Budget Used: 3720.00/4000.0
Ep  223 | Phase: PROTAGO | Ticks: 793 | Protag R: -19714.00 | Antag R: 19343.00 | Delivery:  21.4% | Budget Used: 3720.00/4000.0
Ep  224 | Phase: PROTAGO | Ticks: 775 | Protag R: -14555.00 | Antag R: 14184.00 | Delivery:  18.2% | Budget Used: 3720.00/4000.0
Ep  225 | Phase: PROTAGO | Ticks: 792 | Protag R: -13558.00 | Antag R: 13187.00 | Delivery:  26.9% | Budget Used: 3720.00/4000.0
Ep  226 | Phase: PROTAGO | Ticks: 797 | Protag R: -17921.00 | Antag R: 17551.00 | Delivery:  18.0% | Budget Used: 3720.00/4000.0
Ep  227 | Phase: PROTAGO | Ticks: 797 | Protag R: -12310.00 | Antag R: 11939.00 | Delivery:  22.4% | Budget Used: 3720.00/4000.0
Ep  228 | Phase: PROTAGO | Ticks: 790 | Protag R: -11888.00 | Antag R: 11516.00 | Delivery:  22.9% | Budget Used: 3720.00/4000.0
Ep  229 | Phase: PROTAGO | Ticks: 776 | Protag R: -10285.00 | Antag R: 9913.00 | Delivery:  29.3% | Budget Used: 3720.00/4000.0
Ep  230 | Phase: PROTAGO | Ticks: 798 | Protag R: -9286.00 | Antag R: 8914.00 | Delivery:  23.1% | Budget Used: 3720.00/4000.0
Ep  231 | Phase: PROTAGO | Ticks: 775 | Protag R: -16745.00 | Antag R: 16374.00 | Delivery:  25.9% | Budget Used: 3720.00/4000.0
Ep  232 | Phase: PROTAGO | Ticks: 790 | Protag R: -21558.00 | Antag R: 21187.00 | Delivery:  20.4% | Budget Used: 3720.00/4000.0
Ep  233 | Phase: PROTAGO | Ticks: 796 | Protag R: -11683.00 | Antag R: 11311.00 | Delivery:  31.6% | Budget Used: 3720.00/4000.0
Ep  234 | Phase: PROTAGO | Ticks: 786 | Protag R: -12547.00 | Antag R: 12175.00 | Delivery:  34.8% | Budget Used: 3720.00/4000.0
Ep  235 | Phase: PROTAGO | Ticks: 797 | Protag R: -16085.00 | Antag R: 15714.00 | Delivery:  19.2% | Budget Used: 3720.00/4000.0
Ep  236 | Phase: PROTAGO | Ticks: 775 | Protag R: -14714.00 | Antag R: 14343.00 | Delivery:  29.6% | Budget Used: 3720.00/4000.0
Ep  237 | Phase: PROTAGO | Ticks: 789 | Protag R: -13624.00 | Antag R: 13252.00 | Delivery:  33.3% | Budget Used: 3720.00/4000.0
Ep  238 | Phase: PROTAGO | Ticks: 785 | Protag R: -13574.00 | Antag R: 13203.00 | Delivery:  20.5% | Budget Used: 3720.00/4000.0
Ep  239 | Phase: PROTAGO | Ticks: 792 | Protag R: -19595.00 | Antag R: 19224.00 | Delivery:  18.5% | Budget Used: 3720.00/4000.0
Ep  240 | Phase: PROTAGO | Ticks: 784 | Protag R: -12829.00 | Antag R: 12457.00 | Delivery:  26.8% | Budget Used: 3720.00/4000.0
Ep  241 | Phase: PROTAGO | Ticks: 775 | Protag R: -12682.00 | Antag R: 12310.00 | Delivery:  30.2% | Budget Used: 3720.00/4000.0
Ep  242 | Phase: PROTAGO | Ticks: 791 | Protag R: -15377.00 | Antag R: 15006.00 | Delivery:  27.5% | Budget Used: 3720.00/4000.0
Ep  243 | Phase: PROTAGO | Ticks: 796 | Protag R: -15632.00 | Antag R: 15261.00 | Delivery:  32.1% | Budget Used: 3720.00/4000.0
Ep  244 | Phase: PROTAGO | Ticks: 788 | Protag R: -18282.00 | Antag R: 17911.00 | Delivery:  23.2% | Budget Used: 3720.00/4000.0
Ep  245 | Phase: PROTAGO | Ticks: 796 | Protag R: -12781.00 | Antag R: 12410.00 | Delivery:  24.4% | Budget Used: 3720.00/4000.0
Ep  246 | Phase: PROTAGO | Ticks: 791 | Protag R: -14678.00 | Antag R: 14307.00 | Delivery:  26.7% | Budget Used: 3720.00/4000.0
Ep  247 | Phase: PROTAGO | Ticks: 779 | Protag R: -8172.00 | Antag R: 7801.00 | Delivery:  44.4% | Budget Used: 3720.00/4000.0
Ep  248 | Phase: PROTAGO | Ticks: 793 | Protag R: -16040.00 | Antag R: 15668.00 | Delivery:  20.4% | Budget Used: 3720.00/4000.0
Ep  249 | Phase: PROTAGO | Ticks: 799 | Protag R: -11855.00 | Antag R: 11483.00 | Delivery:  29.8% | Budget Used: 3720.00/4000.0
Ep  250 | Phase: PROTAGO | Ticks: 788 | Protag R: -10107.00 | Antag R: 9736.00 | Delivery:  34.1% | Budget Used: 3720.00/4000.0
  [EVAL ep 250] greedy_atk=5366 learned_atk=5705 gap=+339 +/-244 (neg = learned beats greedy under attack)
Saving checkpoints for both agents before phase switch...
Ep  251 | Phase: PROTAGO | Ticks: 795 | Protag R: -17140.00 | Antag R: 16769.00 | Delivery:  20.7% | Budget Used: 3720.00/4000.0
Ep  252 | Phase: PROTAGO | Ticks: 795 | Protag R: -11517.00 | Antag R: 11146.00 | Delivery:  38.1% | Budget Used: 3720.00/4000.0
Ep  253 | Phase: PROTAGO | Ticks: 775 | Protag R: -15193.00 | Antag R: 14823.00 | Delivery:  28.0% | Budget Used: 3720.00/4000.0
Ep  254 | Phase: PROTAGO | Ticks: 778 | Protag R: -15064.00 | Antag R: 14693.00 | Delivery:  34.0% | Budget Used: 3720.00/4000.0
Ep  255 | Phase: PROTAGO | Ticks: 775 | Protag R: -16922.00 | Antag R: 16550.00 | Delivery:  14.8% | Budget Used: 3720.00/4000.0
Ep  256 | Phase: PROTAGO | Ticks: 797 | Protag R: -10472.00 | Antag R: 10101.00 | Delivery:  25.0% | Budget Used: 3720.00/4000.0
Ep  257 | Phase: PROTAGO | Ticks: 796 | Protag R: -14044.00 | Antag R: 13673.00 | Delivery:  25.0% | Budget Used: 3720.00/4000.0
Ep  258 | Phase: PROTAGO | Ticks: 796 | Protag R: -10153.00 | Antag R: 9782.00 | Delivery:  31.7% | Budget Used: 3720.00/4000.0
Ep  259 | Phase: PROTAGO | Ticks: 778 | Protag R: -13451.00 | Antag R: 13080.00 | Delivery:  37.5% | Budget Used: 3720.00/4000.0
Ep  260 | Phase: PROTAGO | Ticks: 799 | Protag R: -17566.00 | Antag R: 17195.00 | Delivery:  26.7% | Budget Used: 3720.00/4000.0
Ep  261 | Phase: PROTAGO | Ticks: 782 | Protag R: -12646.00 | Antag R: 12275.00 | Delivery:  27.9% | Budget Used: 3720.00/4000.0
Ep  262 | Phase: PROTAGO | Ticks: 787 | Protag R: -15079.00 | Antag R: 14708.00 | Delivery:  19.6% | Budget Used: 3720.00/4000.0
Ep  263 | Phase: PROTAGO | Ticks: 798 | Protag R: -12067.00 | Antag R: 11695.00 | Delivery:  18.4% | Budget Used: 3720.00/4000.0
Ep  264 | Phase: PROTAGO | Ticks: 793 | Protag R: -10650.00 | Antag R: 10279.00 | Delivery:  29.3% | Budget Used: 3720.00/4000.0
Ep  265 | Phase: PROTAGO | Ticks: 798 | Protag R: -11989.00 | Antag R: 11617.00 | Delivery:  29.2% | Budget Used: 3720.00/4000.0
Ep  266 | Phase: PROTAGO | Ticks: 775 | Protag R: -19263.00 | Antag R: 18892.00 | Delivery:  16.7% | Budget Used: 3720.00/4000.0
Ep  267 | Phase: PROTAGO | Ticks: 782 | Protag R: -12640.00 | Antag R: 12268.00 | Delivery:  26.0% | Budget Used: 3720.00/4000.0
Ep  268 | Phase: PROTAGO | Ticks: 796 | Protag R: -14337.00 | Antag R: 13966.00 | Delivery:  12.2% | Budget Used: 3720.00/4000.0
Ep  269 | Phase: PROTAGO | Ticks: 775 | Protag R: -8830.00 | Antag R: 8459.00 | Delivery:  41.9% | Budget Used: 3720.00/4000.0
Ep  270 | Phase: PROTAGO | Ticks: 795 | Protag R: -11324.00 | Antag R: 10953.00 | Delivery:  26.5% | Budget Used: 3720.00/4000.0
Ep  271 | Phase: PROTAGO | Ticks: 791 | Protag R: -14649.00 | Antag R: 14278.00 | Delivery:  31.6% | Budget Used: 3720.00/4000.0
Ep  272 | Phase: PROTAGO | Ticks: 797 | Protag R: -15579.00 | Antag R: 15208.00 | Delivery:  30.4% | Budget Used: 3720.00/4000.0
Ep  273 | Phase: PROTAGO | Ticks: 798 | Protag R: -11925.00 | Antag R: 11554.00 | Delivery:  31.1% | Budget Used: 3720.00/4000.0
Ep  274 | Phase: PROTAGO | Ticks: 787 | Protag R: -14381.00 | Antag R: 14009.00 | Delivery:  32.1% | Budget Used: 3720.00/4000.0
Ep  275 | Phase: PROTAGO | Ticks: 798 | Protag R: -13806.00 | Antag R: 13435.00 | Delivery:  30.4% | Budget Used: 3720.00/4000.0
Ep  276 | Phase: PROTAGO | Ticks: 791 | Protag R: -11576.00 | Antag R: 11204.00 | Delivery:  31.9% | Budget Used: 3720.00/4000.0
Ep  277 | Phase: PROTAGO | Ticks: 797 | Protag R: -16120.00 | Antag R: 15750.00 | Delivery:  22.2% | Budget Used: 3720.00/4000.0
Ep  278 | Phase: PROTAGO | Ticks: 787 | Protag R: -12669.00 | Antag R: 12298.00 | Delivery:  20.8% | Budget Used: 3720.00/4000.0
Ep  279 | Phase: PROTAGO | Ticks: 784 | Protag R: -11282.00 | Antag R: 10911.00 | Delivery:  33.3% | Budget Used: 3720.00/4000.0
Ep  280 | Phase: PROTAGO | Ticks: 776 | Protag R: -17386.00 | Antag R: 17015.00 | Delivery:  21.4% | Budget Used: 3720.00/4000.0
Ep  281 | Phase: PROTAGO | Ticks: 793 | Protag R: -11133.00 | Antag R: 10762.00 | Delivery:  37.2% | Budget Used: 3720.00/4000.0
Ep  282 | Phase: PROTAGO | Ticks: 780 | Protag R: -12898.00 | Antag R: 12528.00 | Delivery:  30.4% | Budget Used: 3720.00/4000.0
Ep  283 | Phase: PROTAGO | Ticks: 782 | Protag R: -15844.00 | Antag R: 15472.00 | Delivery:  25.0% | Budget Used: 3720.00/4000.0
Ep  284 | Phase: PROTAGO | Ticks: 775 | Protag R: -12565.00 | Antag R: 12193.00 | Delivery:  34.0% | Budget Used: 3720.00/4000.0
Ep  285 | Phase: PROTAGO | Ticks: 777 | Protag R: -7328.00 | Antag R: 6956.00 | Delivery:  35.3% | Budget Used: 3720.00/4000.0
Ep  286 | Phase: PROTAGO | Ticks: 783 | Protag R: -10226.00 | Antag R: 9854.00 | Delivery:  25.0% | Budget Used: 3720.00/4000.0
Ep  287 | Phase: PROTAGO | Ticks: 799 | Protag R: -10298.00 | Antag R: 9927.00 | Delivery:  23.1% | Budget Used: 3720.00/4000.0
Ep  288 | Phase: PROTAGO | Ticks: 797 | Protag R: -16024.00 | Antag R: 15653.00 | Delivery:  25.0% | Budget Used: 3720.00/4000.0
Ep  289 | Phase: PROTAGO | Ticks: 798 | Protag R: -15215.00 | Antag R: 14844.00 | Delivery:  24.0% | Budget Used: 3720.00/4000.0
Ep  290 | Phase: PROTAGO | Ticks: 792 | Protag R: -16745.00 | Antag R: 16374.00 | Delivery:  26.1% | Budget Used: 3720.00/4000.0
Ep  291 | Phase: PROTAGO | Ticks: 789 | Protag R: -13486.00 | Antag R: 13115.00 | Delivery:  30.5% | Budget Used: 3720.00/4000.0
Ep  292 | Phase: PROTAGO | Ticks: 797 | Protag R: -16318.00 | Antag R: 15947.00 | Delivery:  21.3% | Budget Used: 3720.00/4000.0
Ep  293 | Phase: PROTAGO | Ticks: 775 | Protag R: -15504.00 | Antag R: 15133.00 | Delivery:  29.2% | Budget Used: 3720.00/4000.0
Ep  294 | Phase: PROTAGO | Ticks: 796 | Protag R: -17749.00 | Antag R: 17378.00 | Delivery:  20.3% | Budget Used: 3720.00/4000.0
Ep  295 | Phase: PROTAGO | Ticks: 797 | Protag R: -11717.00 | Antag R: 11346.00 | Delivery:  31.2% | Budget Used: 3720.00/4000.0
Ep  296 | Phase: PROTAGO | Ticks: 775 | Protag R: -12710.00 | Antag R: 12338.00 | Delivery:  27.5% | Budget Used: 3720.00/4000.0
Ep  297 | Phase: PROTAGO | Ticks: 792 | Protag R: -10448.00 | Antag R: 10077.00 | Delivery:  35.0% | Budget Used: 3720.00/4000.0
Ep  298 | Phase: PROTAGO | Ticks: 789 | Protag R: -17088.00 | Antag R: 16717.00 | Delivery:  22.6% | Budget Used: 3720.00/4000.0
Ep  299 | Phase: PROTAGO | Ticks: 796 | Protag R: -15956.00 | Antag R: 15584.00 | Delivery:  25.0% | Budget Used: 3720.00/4000.0
Ep  300 | Phase: PROTAGO | Ticks: 781 | Protag R: -12672.00 | Antag R: 12300.00 | Delivery:  22.9% | Budget Used: 3720.00/4000.0
  [EVAL ep 300] greedy_atk=5366 learned_atk=5713 gap=+347 +/-259 (neg = learned beats greedy under attack)
Saving checkpoints for both agents before phase switch...
Ep  301 | Phase: PROTAGO | Ticks: 775 | Protag R: -9813.00 | Antag R: 9442.00 | Delivery:  26.5% | Budget Used: 3720.00/4000.0
Ep  302 | Phase: PROTAGO | Ticks: 790 | Protag R: -10176.00 | Antag R: 9805.00 | Delivery:  34.1% | Budget Used: 3720.00/4000.0
Ep  303 | Phase: PROTAGO | Ticks: 781 | Protag R: -12571.00 | Antag R: 12200.00 | Delivery:  31.8% | Budget Used: 3720.00/4000.0
Ep  304 | Phase: PROTAGO | Ticks: 775 | Protag R: -13172.00 | Antag R: 12801.00 | Delivery:  20.4% | Budget Used: 3720.00/4000.0
Ep  305 | Phase: PROTAGO | Ticks: 775 | Protag R: -12944.00 | Antag R: 12573.00 | Delivery:  23.8% | Budget Used: 3720.00/4000.0
Ep  306 | Phase: PROTAGO | Ticks: 775 | Protag R: -15677.00 | Antag R: 15305.00 | Delivery:  20.8% | Budget Used: 3720.00/4000.0
Ep  307 | Phase: PROTAGO | Ticks: 798 | Protag R: -16229.00 | Antag R: 15858.00 | Delivery:  20.0% | Budget Used: 3720.00/4000.0
Ep  308 | Phase: PROTAGO | Ticks: 785 | Protag R: -16741.00 | Antag R: 16369.00 | Delivery:  28.3% | Budget Used: 3720.00/4000.0
Ep  309 | Phase: PROTAGO | Ticks: 781 | Protag R: -14788.00 | Antag R: 14417.00 | Delivery:  28.0% | Budget Used: 3720.00/4000.0
Ep  310 | Phase: PROTAGO | Ticks: 778 | Protag R: -12284.00 | Antag R: 11914.00 | Delivery:  23.5% | Budget Used: 3720.00/4000.0
Ep  311 | Phase: PROTAGO | Ticks: 797 | Protag R: -14475.00 | Antag R: 14104.00 | Delivery:  28.6% | Budget Used: 3720.00/4000.0
Ep  312 | Phase: PROTAGO | Ticks: 797 | Protag R: -15521.00 | Antag R: 15150.00 | Delivery:  27.9% | Budget Used: 3720.00/4000.0
Ep  313 | Phase: PROTAGO | Ticks: 797 | Protag R: -13634.00 | Antag R: 13262.00 | Delivery:  26.1% | Budget Used: 3720.00/4000.0
Ep  314 | Phase: PROTAGO | Ticks: 797 | Protag R: -10174.00 | Antag R: 9804.00 | Delivery:  33.3% | Budget Used: 3720.00/4000.0
Ep  315 | Phase: PROTAGO | Ticks: 799 | Protag R: -12071.00 | Antag R: 11700.00 | Delivery:  24.4% | Budget Used: 3720.00/4000.0
Ep  316 | Phase: PROTAGO | Ticks: 792 | Protag R: -11097.00 | Antag R: 10726.00 | Delivery:  30.0% | Budget Used: 3720.00/4000.0
Ep  317 | Phase: PROTAGO | Ticks: 796 | Protag R: -20750.00 | Antag R: 20379.00 | Delivery:  19.4% | Budget Used: 3720.00/4000.0
Ep  318 | Phase: PROTAGO | Ticks: 789 | Protag R: -11769.00 | Antag R: 11398.00 | Delivery:  23.3% | Budget Used: 3720.00/4000.0
Ep  319 | Phase: PROTAGO | Ticks: 797 | Protag R: -9806.00 | Antag R: 9435.00 | Delivery:  35.7% | Budget Used: 3720.00/4000.0
Ep  320 | Phase: PROTAGO | Ticks: 790 | Protag R: -7439.00 | Antag R: 7067.00 | Delivery:  36.4% | Budget Used: 3720.00/4000.0
Ep  321 | Phase: PROTAGO | Ticks: 797 | Protag R: -11880.00 | Antag R: 11509.00 | Delivery:  16.7% | Budget Used: 3720.00/4000.0
Ep  322 | Phase: PROTAGO | Ticks: 798 | Protag R: -8170.00 | Antag R: 7799.00 | Delivery:  35.7% | Budget Used: 3720.00/4000.0
Ep  323 | Phase: PROTAGO | Ticks: 776 | Protag R: -12223.00 | Antag R: 11852.00 | Delivery:  28.8% | Budget Used: 3720.00/4000.0
Ep  324 | Phase: PROTAGO | Ticks: 796 | Protag R: -15062.00 | Antag R: 14691.00 | Delivery:  27.3% | Budget Used: 3720.00/4000.0
Ep  325 | Phase: PROTAGO | Ticks: 798 | Protag R: -6310.00 | Antag R: 5939.00 | Delivery:  42.1% | Budget Used: 3720.00/4000.0
Ep  326 | Phase: PROTAGO | Ticks: 788 | Protag R: -7556.00 | Antag R: 7185.00 | Delivery:  40.0% | Budget Used: 3720.00/4000.0
Ep  327 | Phase: PROTAGO | Ticks: 792 | Protag R: -10932.00 | Antag R: 10561.00 | Delivery:  32.5% | Budget Used: 3720.00/4000.0
Ep  328 | Phase: PROTAGO | Ticks: 798 | Protag R: -13997.00 | Antag R: 13625.00 | Delivery:  16.7% | Budget Used: 3720.00/4000.0
Ep  329 | Phase: PROTAGO | Ticks: 781 | Protag R: -19246.00 | Antag R: 18874.00 | Delivery:  17.5% | Budget Used: 3720.00/4000.0
Ep  330 | Phase: PROTAGO | Ticks: 797 | Protag R: -15280.00 | Antag R: 14909.00 | Delivery:  22.8% | Budget Used: 3720.00/4000.0
Ep  331 | Phase: PROTAGO | Ticks: 779 | Protag R: -11651.00 | Antag R: 11280.00 | Delivery:  31.2% | Budget Used: 3720.00/4000.0
Ep  332 | Phase: PROTAGO | Ticks: 785 | Protag R: -10707.00 | Antag R: 10336.00 | Delivery:  37.2% | Budget Used: 3720.00/4000.0
Ep  333 | Phase: PROTAGO | Ticks: 798 | Protag R: -14648.00 | Antag R: 14277.00 | Delivery:  17.0% | Budget Used: 3720.00/4000.0
Ep  334 | Phase: PROTAGO | Ticks: 775 | Protag R: -14048.00 | Antag R: 13677.00 | Delivery:  27.7% | Budget Used: 3720.00/4000.0
Ep  335 | Phase: PROTAGO | Ticks: 775 | Protag R: -12379.00 | Antag R: 12008.00 | Delivery:  37.0% | Budget Used: 3720.00/4000.0
Ep  336 | Phase: PROTAGO | Ticks: 797 | Protag R: -12658.00 | Antag R: 12287.00 | Delivery:  25.6% | Budget Used: 3720.00/4000.0
Ep  337 | Phase: PROTAGO | Ticks: 779 | Protag R: -11207.00 | Antag R: 10836.00 | Delivery:  25.5% | Budget Used: 3720.00/4000.0
Ep  338 | Phase: PROTAGO | Ticks: 789 | Protag R: -15723.00 | Antag R: 15351.00 | Delivery:  18.4% | Budget Used: 3720.00/4000.0
Ep  339 | Phase: PROTAGO | Ticks: 781 | Protag R: -11627.00 | Antag R: 11256.00 | Delivery:  23.3% | Budget Used: 3720.00/4000.0
Ep  340 | Phase: PROTAGO | Ticks: 778 | Protag R: -15521.00 | Antag R: 15150.00 | Delivery:  26.7% | Budget Used: 3720.00/4000.0
Ep  341 | Phase: PROTAGO | Ticks: 797 | Protag R: -15729.00 | Antag R: 15358.00 | Delivery:  30.0% | Budget Used: 3720.00/4000.0
Ep  342 | Phase: PROTAGO | Ticks: 797 | Protag R: -12204.00 | Antag R: 11832.00 | Delivery:  29.8% | Budget Used: 3720.00/4000.0
Ep  343 | Phase: PROTAGO | Ticks: 795 | Protag R: -14466.00 | Antag R: 14095.00 | Delivery:  32.6% | Budget Used: 3720.00/4000.0
Ep  344 | Phase: PROTAGO | Ticks: 794 | Protag R: -11712.00 | Antag R: 11340.00 | Delivery:  20.0% | Budget Used: 3720.00/4000.0
Ep  345 | Phase: PROTAGO | Ticks: 795 | Protag R: -12909.00 | Antag R: 12538.00 | Delivery:  31.7% | Budget Used: 3720.00/4000.0
Ep  346 | Phase: PROTAGO | Ticks: 776 | Protag R: -14561.00 | Antag R: 14190.00 | Delivery:  20.8% | Budget Used: 3720.00/4000.0
Ep  347 | Phase: PROTAGO | Ticks: 778 | Protag R: -14462.00 | Antag R: 14091.00 | Delivery:  19.6% | Budget Used: 3720.00/4000.0
Ep  348 | Phase: PROTAGO | Ticks: 779 | Protag R: -10962.00 | Antag R: 10590.00 | Delivery:  21.2% | Budget Used: 3720.00/4000.0
Ep  349 | Phase: PROTAGO | Ticks: 798 | Protag R: -17099.00 | Antag R: 16728.00 | Delivery:  21.2% | Budget Used: 3720.00/4000.0
Ep  350 | Phase: PROTAGO | Ticks: 791 | Protag R: -15772.00 | Antag R: 15401.00 | Delivery:  14.9% | Budget Used: 3720.00/4000.0
  [EVAL ep 350] greedy_atk=5366 learned_atk=5579 gap=+213 +/-155 (neg = learned beats greedy under attack)
Saving checkpoints for both agents before phase switch...
Ep  351 | Phase: PROTAGO | Ticks: 776 | Protag R: -10633.00 | Antag R: 10261.00 | Delivery:  26.8% | Budget Used: 3720.00/4000.0
Ep  352 | Phase: PROTAGO | Ticks: 775 | Protag R: -14173.00 | Antag R: 13802.00 | Delivery:  26.7% | Budget Used: 3720.00/4000.0
Ep  353 | Phase: PROTAGO | Ticks: 794 | Protag R: -11330.00 | Antag R: 10958.00 | Delivery:  20.4% | Budget Used: 3720.00/4000.0
Ep  354 | Phase: PROTAGO | Ticks: 798 | Protag R: -13736.00 | Antag R: 13365.00 | Delivery:  28.3% | Budget Used: 3720.00/4000.0
Ep  355 | Phase: PROTAGO | Ticks: 787 | Protag R: -14329.00 | Antag R: 13958.00 | Delivery:  22.0% | Budget Used: 3720.00/4000.0
Ep  356 | Phase: PROTAGO | Ticks: 780 | Protag R: -13131.00 | Antag R: 12760.00 | Delivery:  29.2% | Budget Used: 3720.00/4000.0
Ep  357 | Phase: PROTAGO | Ticks: 794 | Protag R: -11202.00 | Antag R: 10831.00 | Delivery:  27.9% | Budget Used: 3720.00/4000.0
Ep  358 | Phase: PROTAGO | Ticks: 784 | Protag R: -11971.00 | Antag R: 11599.00 | Delivery:  17.9% | Budget Used: 3720.00/4000.0
Ep  359 | Phase: PROTAGO | Ticks: 786 | Protag R: -13863.00 | Antag R: 13492.00 | Delivery:  26.1% | Budget Used: 3720.00/4000.0
Ep  360 | Phase: PROTAGO | Ticks: 791 | Protag R: -13065.00 | Antag R: 12694.00 | Delivery:  30.4% | Budget Used: 3720.00/4000.0
Ep  361 | Phase: PROTAGO | Ticks: 791 | Protag R: -14500.00 | Antag R: 14129.00 | Delivery:  29.2% | Budget Used: 3720.00/4000.0
Ep  362 | Phase: PROTAGO | Ticks: 797 | Protag R: -15890.00 | Antag R: 15519.00 | Delivery:  26.4% | Budget Used: 3720.00/4000.0
Ep  363 | Phase: PROTAGO | Ticks: 782 | Protag R: -22239.00 | Antag R: 21868.00 | Delivery:  18.6% | Budget Used: 3720.00/4000.0
Ep  364 | Phase: PROTAGO | Ticks: 790 | Protag R: -16982.00 | Antag R: 16610.00 | Delivery:  30.9% | Budget Used: 3720.00/4000.0
Ep  365 | Phase: PROTAGO | Ticks: 778 | Protag R: -10803.00 | Antag R: 10432.00 | Delivery:  37.5% | Budget Used: 3720.00/4000.0
Ep  366 | Phase: PROTAGO | Ticks: 793 | Protag R: -16553.00 | Antag R: 16182.00 | Delivery:  29.1% | Budget Used: 3720.00/4000.0
Ep  367 | Phase: PROTAGO | Ticks: 797 | Protag R: -15003.00 | Antag R: 14631.00 | Delivery:  23.5% | Budget Used: 3720.00/4000.0
Ep  368 | Phase: PROTAGO | Ticks: 799 | Protag R: -14616.00 | Antag R: 14245.00 | Delivery:  29.2% | Budget Used: 3720.00/4000.0
Ep  369 | Phase: PROTAGO | Ticks: 799 | Protag R: -12718.00 | Antag R: 12347.00 | Delivery:  27.5% | Budget Used: 3720.00/4000.0
Ep  370 | Phase: PROTAGO | Ticks: 790 | Protag R: -13021.00 | Antag R: 12650.00 | Delivery:  31.1% | Budget Used: 3720.00/4000.0
Ep  371 | Phase: PROTAGO | Ticks: 798 | Protag R: -19052.00 | Antag R: 18681.00 | Delivery:  23.5% | Budget Used: 3720.00/4000.0
Ep  372 | Phase: PROTAGO | Ticks: 776 | Protag R: -10786.00 | Antag R: 10414.00 | Delivery:  26.8% | Budget Used: 3720.00/4000.0
Ep  373 | Phase: PROTAGO | Ticks: 784 | Protag R: -14571.00 | Antag R: 14199.00 | Delivery:  26.0% | Budget Used: 3720.00/4000.0
Ep  374 | Phase: PROTAGO | Ticks: 789 | Protag R: -12259.00 | Antag R: 11888.00 | Delivery:  28.6% | Budget Used: 3720.00/4000.0
Ep  375 | Phase: PROTAGO | Ticks: 797 | Protag R: -22541.00 | Antag R: 22170.00 | Delivery:  18.3% | Budget Used: 3720.00/4000.0
Ep  376 | Phase: PROTAGO | Ticks: 797 | Protag R: -5114.00 | Antag R: 4743.00 | Delivery:  47.1% | Budget Used: 3720.00/4000.0
Ep  377 | Phase: PROTAGO | Ticks: 781 | Protag R: -11323.00 | Antag R: 10952.00 | Delivery:  31.0% | Budget Used: 3720.00/4000.0
Ep  378 | Phase: PROTAGO | Ticks: 786 | Protag R: -13283.00 | Antag R: 12912.00 | Delivery:  29.5% | Budget Used: 3720.00/4000.0
Ep  379 | Phase: PROTAGO | Ticks: 776 | Protag R: -13604.00 | Antag R: 13232.00 | Delivery:  20.0% | Budget Used: 3720.00/4000.0
Ep  380 | Phase: PROTAGO | Ticks: 775 | Protag R: -13709.00 | Antag R: 13338.00 | Delivery:  25.0% | Budget Used: 3720.00/4000.0
Ep  381 | Phase: PROTAGO | Ticks: 796 | Protag R: -9605.00 | Antag R: 9234.00 | Delivery:  31.8% | Budget Used: 3720.00/4000.0
Ep  382 | Phase: PROTAGO | Ticks: 795 | Protag R: -14579.00 | Antag R: 14208.00 | Delivery:  24.4% | Budget Used: 3720.00/4000.0
Ep  383 | Phase: PROTAGO | Ticks: 797 | Protag R: -12276.00 | Antag R: 11905.00 | Delivery:  27.3% | Budget Used: 3720.00/4000.0
Ep  384 | Phase: PROTAGO | Ticks: 797 | Protag R: -16798.00 | Antag R: 16427.00 | Delivery:  24.5% | Budget Used: 3720.00/4000.0
Ep  385 | Phase: PROTAGO | Ticks: 791 | Protag R: -17019.00 | Antag R: 16648.00 | Delivery:  18.2% | Budget Used: 3720.00/4000.0
Ep  386 | Phase: PROTAGO | Ticks: 797 | Protag R: -11973.00 | Antag R: 11601.00 | Delivery:  27.5% | Budget Used: 3720.00/4000.0
Ep  387 | Phase: PROTAGO | Ticks: 790 | Protag R: -14609.00 | Antag R: 14238.00 | Delivery:  19.3% | Budget Used: 3720.00/4000.0
Ep  388 | Phase: PROTAGO | Ticks: 775 | Protag R: -10904.00 | Antag R: 10533.00 | Delivery:  22.2% | Budget Used: 3720.00/4000.0
Ep  389 | Phase: PROTAGO | Ticks: 797 | Protag R: -10875.00 | Antag R: 10504.00 | Delivery:  22.2% | Budget Used: 3720.00/4000.0
Ep  390 | Phase: PROTAGO | Ticks: 796 | Protag R: -13982.00 | Antag R: 13611.00 | Delivery:  28.3% | Budget Used: 3720.00/4000.0
Ep  391 | Phase: PROTAGO | Ticks: 785 | Protag R: -14090.00 | Antag R: 13718.00 | Delivery:  25.9% | Budget Used: 3720.00/4000.0
Ep  392 | Phase: PROTAGO | Ticks: 797 | Protag R: -19786.00 | Antag R: 19415.00 | Delivery:  16.7% | Budget Used: 3720.00/4000.0
Ep  393 | Phase: PROTAGO | Ticks: 775 | Protag R: -10391.00 | Antag R: 10019.00 | Delivery:  26.2% | Budget Used: 3720.00/4000.0
Ep  394 | Phase: PROTAGO | Ticks: 796 | Protag R: -15540.00 | Antag R: 15168.00 | Delivery:  20.3% | Budget Used: 3720.00/4000.0
Ep  395 | Phase: PROTAGO | Ticks: 784 | Protag R: -11337.00 | Antag R: 10966.00 | Delivery:  32.7% | Budget Used: 3720.00/4000.0
Ep  396 | Phase: PROTAGO | Ticks: 798 | Protag R: -17949.00 | Antag R: 17578.00 | Delivery:  18.9% | Budget Used: 3720.00/4000.0
Ep  397 | Phase: PROTAGO | Ticks: 793 | Protag R: -16826.00 | Antag R: 16455.00 | Delivery:  22.4% | Budget Used: 3720.00/4000.0
Ep  398 | Phase: PROTAGO | Ticks: 792 | Protag R: -11315.00 | Antag R: 10944.00 | Delivery:  32.6% | Budget Used: 3720.00/4000.0
Ep  399 | Phase: PROTAGO | Ticks: 793 | Protag R: -10696.00 | Antag R: 10325.00 | Delivery:  41.3% | Budget Used: 3720.00/4000.0
Ep  400 | Phase: PROTAGO | Ticks: 796 | Protag R: -18501.00 | Antag R: 18130.00 | Delivery:  19.6% | Budget Used: 3720.00/4000.0
  [EVAL ep 400] greedy_atk=5366 learned_atk=5724 gap=+359 +/-268 (neg = learned beats greedy under attack)
Saving checkpoints for both agents before phase switch...
Ep  401 | Phase: PROTAGO | Ticks: 775 | Protag R: -14158.00 | Antag R: 13786.00 | Delivery:  15.9% | Budget Used: 3720.00/4000.0
Ep  402 | Phase: PROTAGO | Ticks: 789 | Protag R: -10877.00 | Antag R: 10505.00 | Delivery:  30.2% | Budget Used: 3720.00/4000.0
Ep  403 | Phase: PROTAGO | Ticks: 775 | Protag R: -13318.00 | Antag R: 12947.00 | Delivery:  24.5% | Budget Used: 3720.00/4000.0
Ep  404 | Phase: PROTAGO | Ticks: 798 | Protag R: -8906.00 | Antag R: 8535.00 | Delivery:  28.9% | Budget Used: 3720.00/4000.0
Ep  405 | Phase: PROTAGO | Ticks: 775 | Protag R: -11965.00 | Antag R: 11594.00 | Delivery:  28.9% | Budget Used: 3720.00/4000.0
Ep  406 | Phase: PROTAGO | Ticks: 789 | Protag R: -15609.00 | Antag R: 15238.00 | Delivery:  24.5% | Budget Used: 3720.00/4000.0
Ep  407 | Phase: PROTAGO | Ticks: 796 | Protag R: -14097.00 | Antag R: 13726.00 | Delivery:  23.8% | Budget Used: 3720.00/4000.0
Ep  408 | Phase: PROTAGO | Ticks: 776 | Protag R: -17438.00 | Antag R: 17067.00 | Delivery:  21.1% | Budget Used: 3720.00/4000.0
Ep  409 | Phase: PROTAGO | Ticks: 799 | Protag R: -12265.00 | Antag R: 11894.00 | Delivery:  24.4% | Budget Used: 3720.00/4000.0
Ep  410 | Phase: PROTAGO | Ticks: 796 | Protag R: -8209.00 | Antag R: 7838.00 | Delivery:  36.6% | Budget Used: 3720.00/4000.0
Ep  411 | Phase: PROTAGO | Ticks: 797 | Protag R: -15029.00 | Antag R: 14658.00 | Delivery:  24.0% | Budget Used: 3720.00/4000.0
Ep  412 | Phase: PROTAGO | Ticks: 797 | Protag R: -13475.00 | Antag R: 13104.00 | Delivery:  22.2% | Budget Used: 3720.00/4000.0
Ep  413 | Phase: PROTAGO | Ticks: 775 | Protag R: -14613.00 | Antag R: 14242.00 | Delivery:  25.0% | Budget Used: 3720.00/4000.0
Ep  414 | Phase: PROTAGO | Ticks: 776 | Protag R: -14154.00 | Antag R: 13782.00 | Delivery:  17.8% | Budget Used: 3720.00/4000.0
Ep  415 | Phase: PROTAGO | Ticks: 798 | Protag R: -8370.00 | Antag R: 7998.00 | Delivery:  33.3% | Budget Used: 3720.00/4000.0
Ep  416 | Phase: PROTAGO | Ticks: 777 | Protag R: -17599.00 | Antag R: 17228.00 | Delivery:  22.2% | Budget Used: 3720.00/4000.0
Ep  417 | Phase: PROTAGO | Ticks: 793 | Protag R: -11899.00 | Antag R: 11527.00 | Delivery:  34.1% | Budget Used: 3720.00/4000.0
Ep  418 | Phase: PROTAGO | Ticks: 787 | Protag R: -9062.00 | Antag R: 8690.00 | Delivery:  48.6% | Budget Used: 3720.00/4000.0
Ep  419 | Phase: PROTAGO | Ticks: 786 | Protag R: -11936.00 | Antag R: 11564.00 | Delivery:  25.0% | Budget Used: 3720.00/4000.0
Ep  420 | Phase: PROTAGO | Ticks: 798 | Protag R: -18803.00 | Antag R: 18432.00 | Delivery:  25.0% | Budget Used: 3720.00/4000.0
Ep  421 | Phase: PROTAGO | Ticks: 777 | Protag R: -13680.00 | Antag R: 13309.00 | Delivery:  30.2% | Budget Used: 3720.00/4000.0
Ep  422 | Phase: PROTAGO | Ticks: 797 | Protag R: -12078.00 | Antag R: 11708.00 | Delivery:  33.3% | Budget Used: 3720.00/4000.0
Ep  423 | Phase: PROTAGO | Ticks: 799 | Protag R: -17505.00 | Antag R: 17134.00 | Delivery:  19.0% | Budget Used: 3720.00/4000.0
Ep  424 | Phase: PROTAGO | Ticks: 779 | Protag R: -5274.00 | Antag R: 4902.00 | Delivery:  45.7% | Budget Used: 3720.00/4000.0
Ep  425 | Phase: PROTAGO | Ticks: 794 | Protag R: -18058.00 | Antag R: 17686.00 | Delivery:  19.7% | Budget Used: 3720.00/4000.0
Ep  426 | Phase: PROTAGO | Ticks: 777 | Protag R: -13116.00 | Antag R: 12745.00 | Delivery:  27.5% | Budget Used: 3720.00/4000.0
Ep  427 | Phase: PROTAGO | Ticks: 797 | Protag R: -13753.00 | Antag R: 13381.00 | Delivery:  32.7% | Budget Used: 3720.00/4000.0
Ep  428 | Phase: PROTAGO | Ticks: 796 | Protag R: -11750.00 | Antag R: 11379.00 | Delivery:  20.0% | Budget Used: 3720.00/4000.0
Ep  429 | Phase: PROTAGO | Ticks: 780 | Protag R: -20794.00 | Antag R: 20423.00 | Delivery:  13.8% | Budget Used: 3720.00/4000.0
Ep  430 | Phase: PROTAGO | Ticks: 797 | Protag R: -17217.00 | Antag R: 16846.00 | Delivery:  21.8% | Budget Used: 3720.00/4000.0
Ep  431 | Phase: PROTAGO | Ticks: 788 | Protag R: -11861.00 | Antag R: 11490.00 | Delivery:  25.0% | Budget Used: 3720.00/4000.0
Ep  432 | Phase: PROTAGO | Ticks: 785 | Protag R: -15152.00 | Antag R: 14781.00 | Delivery:  22.7% | Budget Used: 3720.00/4000.0
Ep  433 | Phase: PROTAGO | Ticks: 791 | Protag R: -11266.00 | Antag R: 10895.00 | Delivery:  26.8% | Budget Used: 3720.00/4000.0
Ep  434 | Phase: PROTAGO | Ticks: 799 | Protag R: -13853.00 | Antag R: 13481.00 | Delivery:  27.1% | Budget Used: 3720.00/4000.0
Ep  435 | Phase: PROTAGO | Ticks: 775 | Protag R: -14829.00 | Antag R: 14458.00 | Delivery:  20.8% | Budget Used: 3720.00/4000.0
Ep  436 | Phase: PROTAGO | Ticks: 794 | Protag R: -15410.00 | Antag R: 15039.00 | Delivery:  25.5% | Budget Used: 3720.00/4000.0
Ep  437 | Phase: PROTAGO | Ticks: 798 | Protag R: -17456.00 | Antag R: 17084.00 | Delivery:  23.2% | Budget Used: 3720.00/4000.0
Ep  438 | Phase: PROTAGO | Ticks: 797 | Protag R: -8624.00 | Antag R: 8253.00 | Delivery:  31.7% | Budget Used: 3720.00/4000.0
Ep  439 | Phase: PROTAGO | Ticks: 797 | Protag R: -14797.00 | Antag R: 14426.00 | Delivery:  18.4% | Budget Used: 3720.00/4000.0
Ep  440 | Phase: PROTAGO | Ticks: 784 | Protag R: -8397.00 | Antag R: 8026.00 | Delivery:  33.3% | Budget Used: 3720.00/4000.0
Ep  441 | Phase: PROTAGO | Ticks: 787 | Protag R: -9016.00 | Antag R: 8645.00 | Delivery:  27.0% | Budget Used: 3720.00/4000.0
Ep  442 | Phase: PROTAGO | Ticks: 778 | Protag R: -9672.00 | Antag R: 9301.00 | Delivery:  42.6% | Budget Used: 3720.00/4000.0
Ep  443 | Phase: PROTAGO | Ticks: 784 | Protag R: -14120.00 | Antag R: 13748.00 | Delivery:  18.2% | Budget Used: 3720.00/4000.0
Ep  444 | Phase: PROTAGO | Ticks: 797 | Protag R: -13955.00 | Antag R: 13584.00 | Delivery:  18.8% | Budget Used: 3720.00/4000.0
Ep  445 | Phase: PROTAGO | Ticks: 796 | Protag R: -10556.00 | Antag R: 10185.00 | Delivery:  28.6% | Budget Used: 3720.00/4000.0
Ep  446 | Phase: PROTAGO | Ticks: 798 | Protag R: -16704.00 | Antag R: 16333.00 | Delivery:  23.7% | Budget Used: 3720.00/4000.0
Ep  447 | Phase: PROTAGO | Ticks: 775 | Protag R: -8082.00 | Antag R: 7710.00 | Delivery:  41.2% | Budget Used: 3720.00/4000.0
Ep  448 | Phase: PROTAGO | Ticks: 776 | Protag R: -14533.00 | Antag R: 14161.00 | Delivery:  21.1% | Budget Used: 3720.00/4000.0
Ep  449 | Phase: PROTAGO | Ticks: 799 | Protag R: -14118.00 | Antag R: 13747.00 | Delivery:  29.4% | Budget Used: 3720.00/4000.0
Ep  450 | Phase: PROTAGO | Ticks: 794 | Protag R: -19383.00 | Antag R: 19012.00 | Delivery:  18.6% | Budget Used: 3720.00/4000.0
  [EVAL ep 450] greedy_atk=5366 learned_atk=5619 gap=+254 +/-114 (neg = learned beats greedy under attack)
Saving checkpoints for both agents before phase switch...
Ep  451 | Phase: PROTAGO | Ticks: 786 | Protag R: -16456.00 | Antag R: 16085.00 | Delivery:  26.0% | Budget Used: 3720.00/4000.0
Ep  452 | Phase: PROTAGO | Ticks: 784 | Protag R: -15149.00 | Antag R: 14778.00 | Delivery:  23.4% | Budget Used: 3720.00/4000.0
Ep  453 | Phase: PROTAGO | Ticks: 798 | Protag R: -14123.00 | Antag R: 13752.00 | Delivery:  34.0% | Budget Used: 3720.00/4000.0
Ep  454 | Phase: PROTAGO | Ticks: 788 | Protag R: -16961.00 | Antag R: 16590.00 | Delivery:  23.6% | Budget Used: 3720.00/4000.0
Ep  455 | Phase: PROTAGO | Ticks: 796 | Protag R: -16052.00 | Antag R: 15680.00 | Delivery:  17.6% | Budget Used: 3720.00/4000.0
Ep  456 | Phase: PROTAGO | Ticks: 790 | Protag R: -12402.00 | Antag R: 12031.00 | Delivery:  27.5% | Budget Used: 3720.00/4000.0
Ep  457 | Phase: PROTAGO | Ticks: 794 | Protag R: -5151.00 | Antag R: 4780.00 | Delivery:  32.3% | Budget Used: 3720.00/4000.0
Ep  458 | Phase: PROTAGO | Ticks: 796 | Protag R: -6529.00 | Antag R: 6157.00 | Delivery:  27.6% | Budget Used: 3720.00/4000.0
Ep  459 | Phase: PROTAGO | Ticks: 799 | Protag R: -14966.00 | Antag R: 14595.00 | Delivery:  24.5% | Budget Used: 3720.00/4000.0
Ep  460 | Phase: PROTAGO | Ticks: 796 | Protag R: -10436.00 | Antag R: 10065.00 | Delivery:  27.7% | Budget Used: 3720.00/4000.0
Ep  461 | Phase: PROTAGO | Ticks: 799 | Protag R: -9365.00 | Antag R: 8994.00 | Delivery:  34.1% | Budget Used: 3720.00/4000.0
Ep  462 | Phase: PROTAGO | Ticks: 778 | Protag R: -13697.00 | Antag R: 13325.00 | Delivery:  23.4% | Budget Used: 3720.00/4000.0
Ep  463 | Phase: PROTAGO | Ticks: 798 | Protag R: -11424.00 | Antag R: 11052.00 | Delivery:  22.5% | Budget Used: 3720.00/4000.0
Ep  464 | Phase: PROTAGO | Ticks: 775 | Protag R: -14751.00 | Antag R: 14380.00 | Delivery:  25.9% | Budget Used: 3720.00/4000.0
Ep  465 | Phase: PROTAGO | Ticks: 775 | Protag R: -15410.00 | Antag R: 15039.00 | Delivery:  13.2% | Budget Used: 3720.00/4000.0
Ep  466 | Phase: PROTAGO | Ticks: 776 | Protag R: -13111.00 | Antag R: 12740.00 | Delivery:  23.9% | Budget Used: 3720.00/4000.0
Ep  467 | Phase: PROTAGO | Ticks: 798 | Protag R: -17524.00 | Antag R: 17154.00 | Delivery:  23.1% | Budget Used: 3720.00/4000.0
Ep  468 | Phase: PROTAGO | Ticks: 776 | Protag R: -10821.00 | Antag R: 10450.00 | Delivery:  23.1% | Budget Used: 3720.00/4000.0
Ep  469 | Phase: PROTAGO | Ticks: 796 | Protag R: -10597.00 | Antag R: 10226.00 | Delivery:  19.0% | Budget Used: 3720.00/4000.0
Ep  470 | Phase: PROTAGO | Ticks: 788 | Protag R: -14802.00 | Antag R: 14431.00 | Delivery:  28.8% | Budget Used: 3720.00/4000.0
Ep  471 | Phase: PROTAGO | Ticks: 775 | Protag R: -12542.00 | Antag R: 12171.00 | Delivery:  23.9% | Budget Used: 3720.00/4000.0
Ep  472 | Phase: PROTAGO | Ticks: 775 | Protag R: -8664.00 | Antag R: 8293.00 | Delivery:  32.5% | Budget Used: 3720.00/4000.0
Ep  473 | Phase: PROTAGO | Ticks: 789 | Protag R: -14035.00 | Antag R: 13663.00 | Delivery:  25.6% | Budget Used: 3720.00/4000.0
Ep  474 | Phase: PROTAGO | Ticks: 794 | Protag R: -7621.00 | Antag R: 7250.00 | Delivery:  50.0% | Budget Used: 3720.00/4000.0
Ep  475 | Phase: PROTAGO | Ticks: 797 | Protag R: -16839.00 | Antag R: 16468.00 | Delivery:  17.0% | Budget Used: 3720.00/4000.0
Ep  476 | Phase: PROTAGO | Ticks: 799 | Protag R: -13869.00 | Antag R: 13498.00 | Delivery:  30.2% | Budget Used: 3720.00/4000.0
Ep  477 | Phase: PROTAGO | Ticks: 782 | Protag R: -14607.00 | Antag R: 14236.00 | Delivery:  26.1% | Budget Used: 3720.00/4000.0
Ep  478 | Phase: PROTAGO | Ticks: 797 | Protag R: -16933.00 | Antag R: 16562.00 | Delivery:  15.1% | Budget Used: 3720.00/4000.0
Ep  479 | Phase: PROTAGO | Ticks: 776 | Protag R: -18318.00 | Antag R: 17947.00 | Delivery:  18.9% | Budget Used: 3720.00/4000.0
Ep  480 | Phase: PROTAGO | Ticks: 776 | Protag R: -10506.00 | Antag R: 10135.00 | Delivery:  36.4% | Budget Used: 3720.00/4000.0
Ep  481 | Phase: PROTAGO | Ticks: 775 | Protag R: -12098.00 | Antag R: 11727.00 | Delivery:  33.3% | Budget Used: 3720.00/4000.0
Ep  482 | Phase: PROTAGO | Ticks: 778 | Protag R: -8475.00 | Antag R: 8103.00 | Delivery:  25.6% | Budget Used: 3720.00/4000.0
Ep  483 | Phase: PROTAGO | Ticks: 776 | Protag R: -13092.00 | Antag R: 12721.00 | Delivery:  19.6% | Budget Used: 3720.00/4000.0
Ep  484 | Phase: PROTAGO | Ticks: 775 | Protag R: -20180.00 | Antag R: 19809.00 | Delivery:  19.7% | Budget Used: 3720.00/4000.0
Ep  485 | Phase: PROTAGO | Ticks: 775 | Protag R: -18899.00 | Antag R: 18528.00 | Delivery:  17.3% | Budget Used: 3720.00/4000.0
Ep  486 | Phase: PROTAGO | Ticks: 788 | Protag R: -15088.00 | Antag R: 14717.00 | Delivery:  25.9% | Budget Used: 3720.00/4000.0
Ep  487 | Phase: PROTAGO | Ticks: 777 | Protag R: -12718.00 | Antag R: 12347.00 | Delivery:  24.1% | Budget Used: 3720.00/4000.0
Ep  488 | Phase: PROTAGO | Ticks: 776 | Protag R: -19883.00 | Antag R: 19512.00 | Delivery:  22.0% | Budget Used: 3720.00/4000.0
Ep  489 | Phase: PROTAGO | Ticks: 781 | Protag R: -13783.00 | Antag R: 13412.00 | Delivery:  26.7% | Budget Used: 3720.00/4000.0
Ep  490 | Phase: PROTAGO | Ticks: 775 | Protag R: -13004.00 | Antag R: 12633.00 | Delivery:  31.1% | Budget Used: 3720.00/4000.0
Ep  491 | Phase: PROTAGO | Ticks: 797 | Protag R: -12361.00 | Antag R: 11990.00 | Delivery:  22.7% | Budget Used: 3720.00/4000.0
Ep  492 | Phase: PROTAGO | Ticks: 776 | Protag R: -18443.00 | Antag R: 18072.00 | Delivery:  17.9% | Budget Used: 3720.00/4000.0
Ep  493 | Phase: PROTAGO | Ticks: 797 | Protag R: -16064.00 | Antag R: 15693.00 | Delivery:  18.2% | Budget Used: 3720.00/4000.0
Ep  494 | Phase: PROTAGO | Ticks: 797 | Protag R: -17409.00 | Antag R: 17038.00 | Delivery:  19.6% | Budget Used: 3720.00/4000.0
Ep  495 | Phase: PROTAGO | Ticks: 785 | Protag R: -14568.00 | Antag R: 14196.00 | Delivery:  30.0% | Budget Used: 3720.00/4000.0
Ep  496 | Phase: PROTAGO | Ticks: 798 | Protag R: -14106.00 | Antag R: 13734.00 | Delivery:  23.9% | Budget Used: 3720.00/4000.0
Ep  497 | Phase: PROTAGO | Ticks: 796 | Protag R: -17301.00 | Antag R: 16930.00 | Delivery:  24.1% | Budget Used: 3720.00/4000.0
Ep  498 | Phase: PROTAGO | Ticks: 775 | Protag R: -14532.00 | Antag R: 14161.00 | Delivery:  19.5% | Budget Used: 3720.00/4000.0
Ep  499 | Phase: PROTAGO | Ticks: 778 | Protag R: -13807.00 | Antag R: 13436.00 | Delivery:  24.5% | Budget Used: 3720.00/4000.0
Ep  500 | Phase: PROTAGO | Ticks: 776 | Protag R: -12479.00 | Antag R: 12107.00 | Delivery:  25.6% | Budget Used: 3720.00/4000.0
  [EVAL ep 500] greedy_atk=5366 learned_atk=5642 gap=+276 +/-94 (neg = learned beats greedy under attack)
Saving checkpoints for both agents before phase switch...
Ep  501 | Phase: PROTAGO | Ticks: 787 | Protag R: -13104.00 | Antag R: 12732.00 | Delivery:  22.9% | Budget Used: 3720.00/4000.0
Ep  502 | Phase: PROTAGO | Ticks: 798 | Protag R: -15391.00 | Antag R: 15020.00 | Delivery:  28.6% | Budget Used: 3720.00/4000.0
Ep  503 | Phase: PROTAGO | Ticks: 792 | Protag R: -18701.00 | Antag R: 18330.00 | Delivery:  26.6% | Budget Used: 3720.00/4000.0
Ep  504 | Phase: PROTAGO | Ticks: 798 | Protag R: -20331.00 | Antag R: 19961.00 | Delivery:  21.2% | Budget Used: 3720.00/4000.0
Ep  505 | Phase: PROTAGO | Ticks: 797 | Protag R: -17355.00 | Antag R: 16984.00 | Delivery:  16.0% | Budget Used: 3720.00/4000.0
Ep  506 | Phase: PROTAGO | Ticks: 791 | Protag R: -13295.00 | Antag R: 12924.00 | Delivery:  26.5% | Budget Used: 3720.00/4000.0
Ep  507 | Phase: PROTAGO | Ticks: 798 | Protag R: -16741.00 | Antag R: 16370.00 | Delivery:  17.3% | Budget Used: 3720.00/4000.0
Ep  508 | Phase: PROTAGO | Ticks: 798 | Protag R: -15830.00 | Antag R: 15458.00 | Delivery:  18.8% | Budget Used: 3720.00/4000.0
Ep  509 | Phase: PROTAGO | Ticks: 791 | Protag R: -12250.00 | Antag R: 11878.00 | Delivery:  20.0% | Budget Used: 3720.00/4000.0
Ep  510 | Phase: PROTAGO | Ticks: 797 | Protag R: -10859.00 | Antag R: 10487.00 | Delivery:  22.2% | Budget Used: 3720.00/4000.0
Ep  511 | Phase: PROTAGO | Ticks: 775 | Protag R: -17031.00 | Antag R: 16660.00 | Delivery:  22.4% | Budget Used: 3720.00/4000.0
Ep  512 | Phase: PROTAGO | Ticks: 776 | Protag R: -11072.00 | Antag R: 10701.00 | Delivery:  22.6% | Budget Used: 3720.00/4000.0
Ep  513 | Phase: PROTAGO | Ticks: 797 | Protag R: -14534.00 | Antag R: 14163.00 | Delivery:  22.2% | Budget Used: 3720.00/4000.0
Ep  514 | Phase: PROTAGO | Ticks: 796 | Protag R: -12806.00 | Antag R: 12435.00 | Delivery:  30.8% | Budget Used: 3720.00/4000.0
Ep  515 | Phase: PROTAGO | Ticks: 779 | Protag R: -17779.00 | Antag R: 17408.00 | Delivery:  17.9% | Budget Used: 3720.00/4000.0
Ep  516 | Phase: PROTAGO | Ticks: 798 | Protag R: -17008.00 | Antag R: 16637.00 | Delivery:  19.3% | Budget Used: 3720.00/4000.0
Ep  517 | Phase: PROTAGO | Ticks: 775 | Protag R: -11490.00 | Antag R: 11118.00 | Delivery:  29.8% | Budget Used: 3720.00/4000.0
Ep  518 | Phase: PROTAGO | Ticks: 776 | Protag R: -16090.00 | Antag R: 15718.00 | Delivery:  23.6% | Budget Used: 3720.00/4000.0
Ep  519 | Phase: PROTAGO | Ticks: 779 | Protag R: -21258.00 | Antag R: 20886.00 | Delivery:  18.2% | Budget Used: 3720.00/4000.0
Ep  520 | Phase: PROTAGO | Ticks: 783 | Protag R: -15498.00 | Antag R: 15127.00 | Delivery:  25.0% | Budget Used: 3720.00/4000.0
Ep  521 | Phase: PROTAGO | Ticks: 780 | Protag R: -22098.00 | Antag R: 21727.00 | Delivery:  14.7% | Budget Used: 3720.00/4000.0
Ep  522 | Phase: PROTAGO | Ticks: 776 | Protag R: -16174.00 | Antag R: 15803.00 | Delivery:  21.2% | Budget Used: 3720.00/4000.0
Ep  523 | Phase: PROTAGO | Ticks: 778 | Protag R: -16823.00 | Antag R: 16451.00 | Delivery:  20.4% | Budget Used: 3720.00/4000.0
Ep  524 | Phase: PROTAGO | Ticks: 776 | Protag R: -14379.00 | Antag R: 14008.00 | Delivery:  27.5% | Budget Used: 3720.00/4000.0
Ep  525 | Phase: PROTAGO | Ticks: 798 | Protag R: -13415.00 | Antag R: 13044.00 | Delivery:  22.5% | Budget Used: 3720.00/4000.0
Ep  526 | Phase: PROTAGO | Ticks: 796 | Protag R: -14957.00 | Antag R: 14585.00 | Delivery:  28.9% | Budget Used: 3720.00/4000.0
Ep  527 | Phase: PROTAGO | Ticks: 795 | Protag R: -17180.00 | Antag R: 16809.00 | Delivery:  16.1% | Budget Used: 3720.00/4000.0
Ep  528 | Phase: PROTAGO | Ticks: 787 | Protag R: -12911.00 | Antag R: 12540.00 | Delivery:  31.0% | Budget Used: 3720.00/4000.0
Ep  529 | Phase: PROTAGO | Ticks: 796 | Protag R: -11816.00 | Antag R: 11445.00 | Delivery:  38.5% | Budget Used: 3720.00/4000.0
Ep  530 | Phase: PROTAGO | Ticks: 791 | Protag R: -20012.00 | Antag R: 19641.00 | Delivery:  23.7% | Budget Used: 3720.00/4000.0
Ep  531 | Phase: PROTAGO | Ticks: 799 | Protag R: -16627.00 | Antag R: 16256.00 | Delivery:  28.6% | Budget Used: 3720.00/4000.0
Ep  532 | Phase: PROTAGO | Ticks: 797 | Protag R: -16046.00 | Antag R: 15675.00 | Delivery:  16.4% | Budget Used: 3720.00/4000.0
Ep  533 | Phase: PROTAGO | Ticks: 793 | Protag R: -11504.00 | Antag R: 11132.00 | Delivery:  26.3% | Budget Used: 3720.00/4000.0
Ep  534 | Phase: PROTAGO | Ticks: 798 | Protag R: -15090.00 | Antag R: 14719.00 | Delivery:  18.0% | Budget Used: 3720.00/4000.0
Ep  535 | Phase: PROTAGO | Ticks: 775 | Protag R: -12577.00 | Antag R: 12206.00 | Delivery:  15.4% | Budget Used: 3720.00/4000.0
Ep  536 | Phase: PROTAGO | Ticks: 798 | Protag R: -12969.00 | Antag R: 12598.00 | Delivery:  22.0% | Budget Used: 3720.00/4000.0
Ep  537 | Phase: PROTAGO | Ticks: 797 | Protag R: -14401.00 | Antag R: 14030.00 | Delivery:  21.6% | Budget Used: 3720.00/4000.0
Ep  538 | Phase: PROTAGO | Ticks: 796 | Protag R: -9793.00 | Antag R: 9422.00 | Delivery:  29.7% | Budget Used: 3720.00/4000.0
Ep  539 | Phase: PROTAGO | Ticks: 796 | Protag R: -14172.00 | Antag R: 13801.00 | Delivery:  16.7% | Budget Used: 3720.00/4000.0
Ep  540 | Phase: PROTAGO | Ticks: 776 | Protag R: -18420.00 | Antag R: 18049.00 | Delivery:  16.4% | Budget Used: 3720.00/4000.0
Ep  541 | Phase: PROTAGO | Ticks: 787 | Protag R: -14580.00 | Antag R: 14209.00 | Delivery:  25.5% | Budget Used: 3720.00/4000.0
Ep  542 | Phase: PROTAGO | Ticks: 777 | Protag R: -17484.00 | Antag R: 17112.00 | Delivery:  12.5% | Budget Used: 3720.00/4000.0
Ep  543 | Phase: PROTAGO | Ticks: 775 | Protag R: -15004.00 | Antag R: 14633.00 | Delivery:  24.5% | Budget Used: 3720.00/4000.0
Ep  544 | Phase: PROTAGO | Ticks: 778 | Protag R: -10174.00 | Antag R: 9803.00 | Delivery:  43.2% | Budget Used: 3720.00/4000.0
Ep  545 | Phase: PROTAGO | Ticks: 784 | Protag R: -13688.00 | Antag R: 13317.00 | Delivery:  37.8% | Budget Used: 3720.00/4000.0
Ep  546 | Phase: PROTAGO | Ticks: 798 | Protag R: -6580.00 | Antag R: 6209.00 | Delivery:  32.3% | Budget Used: 3720.00/4000.0
Ep  547 | Phase: PROTAGO | Ticks: 778 | Protag R: -15087.00 | Antag R: 14716.00 | Delivery:  24.5% | Budget Used: 3720.00/4000.0
Ep  548 | Phase: PROTAGO | Ticks: 796 | Protag R: -11492.00 | Antag R: 11121.00 | Delivery:  36.2% | Budget Used: 3720.00/4000.0
Ep  549 | Phase: PROTAGO | Ticks: 777 | Protag R: -15584.00 | Antag R: 15212.00 | Delivery:  24.0% | Budget Used: 3720.00/4000.0
Ep  550 | Phase: PROTAGO | Ticks: 799 | Protag R: -11333.00 | Antag R: 10961.00 | Delivery:  17.5% | Budget Used: 3720.00/4000.0
  [EVAL ep 550] greedy_atk=5366 learned_atk=5688 gap=+323 +/-236 (neg = learned beats greedy under attack)
Saving checkpoints for both agents before phase switch...
Ep  551 | Phase: PROTAGO | Ticks: 791 | Protag R: -9798.00 | Antag R: 9427.00 | Delivery:  26.3% | Budget Used: 3720.00/4000.0
Ep  552 | Phase: PROTAGO | Ticks: 791 | Protag R: -9169.00 | Antag R: 8798.00 | Delivery:  29.7% | Budget Used: 3720.00/4000.0
Ep  553 | Phase: PROTAGO | Ticks: 799 | Protag R: -14258.00 | Antag R: 13887.00 | Delivery:  19.6% | Budget Used: 3720.00/4000.0
Ep  554 | Phase: PROTAGO | Ticks: 785 | Protag R: -8036.00 | Antag R: 7665.00 | Delivery:  38.9% | Budget Used: 3720.00/4000.0
Ep  555 | Phase: PROTAGO | Ticks: 775 | Protag R: -11113.00 | Antag R: 10742.00 | Delivery:  22.9% | Budget Used: 3720.00/4000.0
Ep  556 | Phase: PROTAGO | Ticks: 778 | Protag R: -16775.00 | Antag R: 16404.00 | Delivery:  25.9% | Budget Used: 3720.00/4000.0
Ep  557 | Phase: PROTAGO | Ticks: 797 | Protag R: -15563.00 | Antag R: 15191.00 | Delivery:  26.5% | Budget Used: 3720.00/4000.0
Ep  558 | Phase: PROTAGO | Ticks: 795 | Protag R: -15448.00 | Antag R: 15076.00 | Delivery:  28.6% | Budget Used: 3720.00/4000.0
Ep  559 | Phase: PROTAGO | Ticks: 780 | Protag R: -15016.00 | Antag R: 14645.00 | Delivery:  24.4% | Budget Used: 3720.00/4000.0
Ep  560 | Phase: PROTAGO | Ticks: 791 | Protag R: -9792.00 | Antag R: 9420.00 | Delivery:  30.2% | Budget Used: 3720.00/4000.0
Ep  561 | Phase: PROTAGO | Ticks: 798 | Protag R: -16401.00 | Antag R: 16029.00 | Delivery:  18.4% | Budget Used: 3720.00/4000.0
Ep  562 | Phase: PROTAGO | Ticks: 795 | Protag R: -11794.00 | Antag R: 11423.00 | Delivery:  26.1% | Budget Used: 3720.00/4000.0
Ep  563 | Phase: PROTAGO | Ticks: 798 | Protag R: -8744.00 | Antag R: 8373.00 | Delivery:  35.1% | Budget Used: 3720.00/4000.0
Ep  564 | Phase: PROTAGO | Ticks: 798 | Protag R: -19669.00 | Antag R: 19298.00 | Delivery:  13.2% | Budget Used: 3720.00/4000.0
Ep  565 | Phase: PROTAGO | Ticks: 776 | Protag R: -21137.00 | Antag R: 20766.00 | Delivery:  16.4% | Budget Used: 3720.00/4000.0
Ep  566 | Phase: PROTAGO | Ticks: 787 | Protag R: -17402.00 | Antag R: 17031.00 | Delivery:  21.6% | Budget Used: 3720.00/4000.0
Ep  567 | Phase: PROTAGO | Ticks: 798 | Protag R: -15870.00 | Antag R: 15499.00 | Delivery:  18.4% | Budget Used: 3720.00/4000.0
Ep  568 | Phase: PROTAGO | Ticks: 794 | Protag R: -15123.00 | Antag R: 14752.00 | Delivery:  35.3% | Budget Used: 3720.00/4000.0
Ep  569 | Phase: PROTAGO | Ticks: 798 | Protag R: -15719.00 | Antag R: 15349.00 | Delivery:  18.0% | Budget Used: 3720.00/4000.0
Ep  570 | Phase: PROTAGO | Ticks: 791 | Protag R: -14238.00 | Antag R: 13867.00 | Delivery:  25.0% | Budget Used: 3720.00/4000.0
Ep  571 | Phase: PROTAGO | Ticks: 777 | Protag R: -11590.00 | Antag R: 11219.00 | Delivery:  22.9% | Budget Used: 3720.00/4000.0
Ep  572 | Phase: PROTAGO | Ticks: 789 | Protag R: -11887.00 | Antag R: 11516.00 | Delivery:  24.3% | Budget Used: 3720.00/4000.0
Ep  573 | Phase: PROTAGO | Ticks: 792 | Protag R: -16823.00 | Antag R: 16452.00 | Delivery:  26.4% | Budget Used: 3720.00/4000.0
Ep  574 | Phase: PROTAGO | Ticks: 792 | Protag R: -15988.00 | Antag R: 15618.00 | Delivery:  25.9% | Budget Used: 3720.00/4000.0
Ep  575 | Phase: PROTAGO | Ticks: 799 | Protag R: -11329.00 | Antag R: 10958.00 | Delivery:  30.0% | Budget Used: 3720.00/4000.0
Ep  576 | Phase: PROTAGO | Ticks: 796 | Protag R: -14112.00 | Antag R: 13740.00 | Delivery:  26.1% | Budget Used: 3720.00/4000.0
Ep  577 | Phase: PROTAGO | Ticks: 794 | Protag R: -13495.00 | Antag R: 13124.00 | Delivery:  27.7% | Budget Used: 3720.00/4000.0
Ep  578 | Phase: PROTAGO | Ticks: 797 | Protag R: -17430.00 | Antag R: 17059.00 | Delivery:  21.3% | Budget Used: 3720.00/4000.0
Ep  579 | Phase: PROTAGO | Ticks: 779 | Protag R: -16632.00 | Antag R: 16261.00 | Delivery:  25.9% | Budget Used: 3720.00/4000.0
Ep  580 | Phase: PROTAGO | Ticks: 797 | Protag R: -17746.00 | Antag R: 17375.00 | Delivery:  25.8% | Budget Used: 3720.00/4000.0
Ep  581 | Phase: PROTAGO | Ticks: 799 | Protag R: -13709.00 | Antag R: 13338.00 | Delivery:  36.6% | Budget Used: 3720.00/4000.0
Ep  582 | Phase: PROTAGO | Ticks: 798 | Protag R: -11157.00 | Antag R: 10786.00 | Delivery:  31.1% | Budget Used: 3720.00/4000.0
Ep  583 | Phase: PROTAGO | Ticks: 794 | Protag R: -10530.00 | Antag R: 10159.00 | Delivery:  23.1% | Budget Used: 3720.00/4000.0
Ep  584 | Phase: PROTAGO | Ticks: 798 | Protag R: -17063.00 | Antag R: 16691.00 | Delivery:  17.0% | Budget Used: 3720.00/4000.0
Ep  585 | Phase: PROTAGO | Ticks: 797 | Protag R: -11400.00 | Antag R: 11029.00 | Delivery:  23.9% | Budget Used: 3720.00/4000.0
Ep  586 | Phase: PROTAGO | Ticks: 799 | Protag R: -16765.00 | Antag R: 16394.00 | Delivery:  20.8% | Budget Used: 3720.00/4000.0
Ep  587 | Phase: PROTAGO | Ticks: 775 | Protag R: -15191.00 | Antag R: 14820.00 | Delivery:  23.1% | Budget Used: 3720.00/4000.0
Ep  588 | Phase: PROTAGO | Ticks: 775 | Protag R: -17182.00 | Antag R: 16811.00 | Delivery:  22.2% | Budget Used: 3720.00/4000.0
Ep  589 | Phase: PROTAGO | Ticks: 798 | Protag R: -8909.00 | Antag R: 8538.00 | Delivery:  29.3% | Budget Used: 3720.00/4000.0
Ep  590 | Phase: PROTAGO | Ticks: 797 | Protag R: -9573.00 | Antag R: 9201.00 | Delivery:  18.4% | Budget Used: 3720.00/4000.0
Ep  591 | Phase: PROTAGO | Ticks: 793 | Protag R: -17988.00 | Antag R: 17617.00 | Delivery:  25.0% | Budget Used: 3720.00/4000.0
Ep  592 | Phase: PROTAGO | Ticks: 797 | Protag R: -8423.00 | Antag R: 8051.00 | Delivery:  32.4% | Budget Used: 3720.00/4000.0
Ep  593 | Phase: PROTAGO | Ticks: 799 | Protag R: -17278.00 | Antag R: 16907.00 | Delivery:  17.3% | Budget Used: 3720.00/4000.0
Ep  594 | Phase: PROTAGO | Ticks: 777 | Protag R: -14297.00 | Antag R: 13926.00 | Delivery:  15.7% | Budget Used: 3720.00/4000.0
Ep  595 | Phase: PROTAGO | Ticks: 779 | Protag R: -7566.00 | Antag R: 7195.00 | Delivery:  36.7% | Budget Used: 3720.00/4000.0
Ep  596 | Phase: PROTAGO | Ticks: 796 | Protag R: -12294.00 | Antag R: 11922.00 | Delivery:  20.5% | Budget Used: 3720.00/4000.0
Ep  597 | Phase: PROTAGO | Ticks: 776 | Protag R: -16313.00 | Antag R: 15942.00 | Delivery:  21.2% | Budget Used: 3720.00/4000.0
Ep  598 | Phase: PROTAGO | Ticks: 793 | Protag R: -9631.00 | Antag R: 9259.00 | Delivery:  40.9% | Budget Used: 3720.00/4000.0
Ep  599 | Phase: PROTAGO | Ticks: 788 | Protag R: -21664.00 | Antag R: 21293.00 | Delivery:  22.2% | Budget Used: 3720.00/4000.0
Ep  600 | Phase: PROTAGO | Ticks: 775 | Protag R: -17257.00 | Antag R: 16886.00 | Delivery:  24.0% | Budget Used: 3720.00/4000.0
  [EVAL ep 600] greedy_atk=5366 learned_atk=5801 gap=+436 +/-288 (neg = learned beats greedy under attack)
Saving checkpoints for both agents before phase switch...
Ep  601 | Phase: PROTAGO | Ticks: 777 | Protag R: -8124.00 | Antag R: 7753.00 | Delivery:  30.2% | Budget Used: 3720.00/4000.0
Ep  602 | Phase: PROTAGO | Ticks: 797 | Protag R: -14997.00 | Antag R: 14626.00 | Delivery:  18.2% | Budget Used: 3720.00/4000.0
Ep  603 | Phase: PROTAGO | Ticks: 796 | Protag R: -12281.00 | Antag R: 11910.00 | Delivery:  19.6% | Budget Used: 3720.00/4000.0
Ep  604 | Phase: PROTAGO | Ticks: 775 | Protag R: -15451.00 | Antag R: 15079.00 | Delivery:  27.1% | Budget Used: 3720.00/4000.0
Ep  605 | Phase: PROTAGO | Ticks: 782 | Protag R: -12200.00 | Antag R: 11829.00 | Delivery:  31.6% | Budget Used: 3720.00/4000.0
Ep  606 | Phase: PROTAGO | Ticks: 794 | Protag R: -13064.00 | Antag R: 12692.00 | Delivery:  28.3% | Budget Used: 3720.00/4000.0
Ep  607 | Phase: PROTAGO | Ticks: 796 | Protag R: -6631.00 | Antag R: 6260.00 | Delivery:  36.6% | Budget Used: 3720.00/4000.0
Ep  608 | Phase: PROTAGO | Ticks: 775 | Protag R: -12376.00 | Antag R: 12005.00 | Delivery:  18.6% | Budget Used: 3720.00/4000.0
Ep  609 | Phase: PROTAGO | Ticks: 785 | Protag R: -15369.00 | Antag R: 14998.00 | Delivery:  26.0% | Budget Used: 3720.00/4000.0
Ep  610 | Phase: PROTAGO | Ticks: 784 | Protag R: -11532.00 | Antag R: 11161.00 | Delivery:  33.3% | Budget Used: 3720.00/4000.0
Ep  611 | Phase: PROTAGO | Ticks: 778 | Protag R: -15973.00 | Antag R: 15602.00 | Delivery:  21.2% | Budget Used: 3720.00/4000.0
Ep  612 | Phase: PROTAGO | Ticks: 799 | Protag R: -14906.00 | Antag R: 14535.00 | Delivery:  21.6% | Budget Used: 3720.00/4000.0
Ep  613 | Phase: PROTAGO | Ticks: 776 | Protag R: -18961.00 | Antag R: 18589.00 | Delivery:  26.8% | Budget Used: 3720.00/4000.0
Ep  614 | Phase: PROTAGO | Ticks: 789 | Protag R: -11456.00 | Antag R: 11085.00 | Delivery:  35.7% | Budget Used: 3720.00/4000.0
Ep  615 | Phase: PROTAGO | Ticks: 795 | Protag R: -19742.00 | Antag R: 19371.00 | Delivery:  21.7% | Budget Used: 3720.00/4000.0
Ep  616 | Phase: PROTAGO | Ticks: 786 | Protag R: -13351.00 | Antag R: 12980.00 | Delivery:  24.5% | Budget Used: 3720.00/4000.0
Ep  617 | Phase: PROTAGO | Ticks: 778 | Protag R: -11502.00 | Antag R: 11131.00 | Delivery:  25.0% | Budget Used: 3720.00/4000.0
Ep  618 | Phase: PROTAGO | Ticks: 775 | Protag R: -10274.00 | Antag R: 9902.00 | Delivery:  26.2% | Budget Used: 3720.00/4000.0
Ep  619 | Phase: PROTAGO | Ticks: 779 | Protag R: -12449.00 | Antag R: 12078.00 | Delivery:  32.6% | Budget Used: 3720.00/4000.0
Ep  620 | Phase: PROTAGO | Ticks: 785 | Protag R: -11238.00 | Antag R: 10866.00 | Delivery:  27.5% | Budget Used: 3720.00/4000.0
Ep  621 | Phase: PROTAGO | Ticks: 783 | Protag R: -14143.00 | Antag R: 13771.00 | Delivery:  25.0% | Budget Used: 3720.00/4000.0
Ep  622 | Phase: PROTAGO | Ticks: 791 | Protag R: -15919.00 | Antag R: 15548.00 | Delivery:  26.9% | Budget Used: 3720.00/4000.0
Ep  623 | Phase: PROTAGO | Ticks: 779 | Protag R: -14252.00 | Antag R: 13880.00 | Delivery:  29.4% | Budget Used: 3720.00/4000.0
Ep  624 | Phase: PROTAGO | Ticks: 795 | Protag R: -14927.00 | Antag R: 14556.00 | Delivery:  18.4% | Budget Used: 3720.00/4000.0
Ep  625 | Phase: PROTAGO | Ticks: 775 | Protag R: -12529.00 | Antag R: 12158.00 | Delivery:  27.9% | Budget Used: 3720.00/4000.0
Ep  626 | Phase: PROTAGO | Ticks: 782 | Protag R: -18541.00 | Antag R: 18170.00 | Delivery:  15.1% | Budget Used: 3720.00/4000.0
Ep  627 | Phase: PROTAGO | Ticks: 776 | Protag R: -14096.00 | Antag R: 13725.00 | Delivery:  23.9% | Budget Used: 3720.00/4000.0
Ep  628 | Phase: PROTAGO | Ticks: 796 | Protag R: -9975.00 | Antag R: 9604.00 | Delivery:  31.9% | Budget Used: 3720.00/4000.0
Ep  629 | Phase: PROTAGO | Ticks: 775 | Protag R: -14602.00 | Antag R: 14231.00 | Delivery:  23.4% | Budget Used: 3720.00/4000.0
Ep  630 | Phase: PROTAGO | Ticks: 775 | Protag R: -15025.00 | Antag R: 14654.00 | Delivery:  22.2% | Budget Used: 3720.00/4000.0
Ep  631 | Phase: PROTAGO | Ticks: 796 | Protag R: -18972.00 | Antag R: 18600.00 | Delivery:  18.2% | Budget Used: 3720.00/4000.0
Ep  632 | Phase: PROTAGO | Ticks: 775 | Protag R: -9211.00 | Antag R: 8839.00 | Delivery:  31.6% | Budget Used: 3720.00/4000.0
Ep  633 | Phase: PROTAGO | Ticks: 777 | Protag R: -12298.00 | Antag R: 11927.00 | Delivery:  18.6% | Budget Used: 3720.00/4000.0
Ep  634 | Phase: PROTAGO | Ticks: 796 | Protag R: -11776.00 | Antag R: 11405.00 | Delivery:  20.9% | Budget Used: 3720.00/4000.0
Ep  635 | Phase: PROTAGO | Ticks: 796 | Protag R: -16998.00 | Antag R: 16627.00 | Delivery:  21.1% | Budget Used: 3720.00/4000.0
Ep  636 | Phase: PROTAGO | Ticks: 797 | Protag R: -17974.00 | Antag R: 17603.00 | Delivery:  12.1% | Budget Used: 3720.00/4000.0
Ep  637 | Phase: PROTAGO | Ticks: 797 | Protag R: -10428.00 | Antag R: 10057.00 | Delivery:  32.6% | Budget Used: 3720.00/4000.0
Ep  638 | Phase: PROTAGO | Ticks: 776 | Protag R: -15502.00 | Antag R: 15131.00 | Delivery:  22.4% | Budget Used: 3720.00/4000.0
Ep  639 | Phase: PROTAGO | Ticks: 790 | Protag R: -13374.00 | Antag R: 13003.00 | Delivery:  31.8% | Budget Used: 3720.00/4000.0
Ep  640 | Phase: PROTAGO | Ticks: 783 | Protag R: -15401.00 | Antag R: 15030.00 | Delivery:  28.3% | Budget Used: 3720.00/4000.0
Ep  641 | Phase: PROTAGO | Ticks: 788 | Protag R: -13402.00 | Antag R: 13030.00 | Delivery:  18.0% | Budget Used: 3720.00/4000.0
Ep  642 | Phase: PROTAGO | Ticks: 797 | Protag R: -15907.00 | Antag R: 15536.00 | Delivery:  14.9% | Budget Used: 3720.00/4000.0
Ep  643 | Phase: PROTAGO | Ticks: 797 | Protag R: -15274.00 | Antag R: 14903.00 | Delivery:  19.6% | Budget Used: 3720.00/4000.0
Ep  644 | Phase: PROTAGO | Ticks: 775 | Protag R: -16940.00 | Antag R: 16569.00 | Delivery:  22.0% | Budget Used: 3720.00/4000.0
Ep  645 | Phase: PROTAGO | Ticks: 791 | Protag R: -14239.00 | Antag R: 13868.00 | Delivery:  21.4% | Budget Used: 3720.00/4000.0
Ep  646 | Phase: PROTAGO | Ticks: 783 | Protag R: -9630.00 | Antag R: 9259.00 | Delivery:  26.3% | Budget Used: 3720.00/4000.0
Ep  647 | Phase: PROTAGO | Ticks: 797 | Protag R: -14149.00 | Antag R: 13778.00 | Delivery:  27.1% | Budget Used: 3720.00/4000.0
Ep  648 | Phase: PROTAGO | Ticks: 778 | Protag R: -17484.00 | Antag R: 17113.00 | Delivery:  23.6% | Budget Used: 3720.00/4000.0
Ep  649 | Phase: PROTAGO | Ticks: 777 | Protag R: -17657.00 | Antag R: 17286.00 | Delivery:  15.1% | Budget Used: 3720.00/4000.0
Ep  650 | Phase: PROTAGO | Ticks: 798 | Protag R: -16904.00 | Antag R: 16533.00 | Delivery:  18.2% | Budget Used: 3720.00/4000.0
  [EVAL ep 650] greedy_atk=5366 learned_atk=5657 gap=+291 +/-126 (neg = learned beats greedy under attack)
Saving checkpoints for both agents before phase switch...
Ep  651 | Phase: PROTAGO | Ticks: 798 | Protag R: -14668.00 | Antag R: 14296.00 | Delivery:  14.3% | Budget Used: 3720.00/4000.0
Ep  652 | Phase: PROTAGO | Ticks: 797 | Protag R: -8322.00 | Antag R: 7951.00 | Delivery:  32.6% | Budget Used: 3720.00/4000.0
Ep  653 | Phase: PROTAGO | Ticks: 797 | Protag R: -19795.00 | Antag R: 19424.00 | Delivery:  17.5% | Budget Used: 3720.00/4000.0
Ep  654 | Phase: PROTAGO | Ticks: 791 | Protag R: -15367.00 | Antag R: 14995.00 | Delivery:  21.2% | Budget Used: 3720.00/4000.0
Ep  655 | Phase: PROTAGO | Ticks: 775 | Protag R: -15439.00 | Antag R: 15067.00 | Delivery:  18.9% | Budget Used: 3720.00/4000.0
Ep  656 | Phase: PROTAGO | Ticks: 799 | Protag R: -11130.00 | Antag R: 10759.00 | Delivery:  25.0% | Budget Used: 3720.00/4000.0
Ep  657 | Phase: PROTAGO | Ticks: 775 | Protag R: -16947.00 | Antag R: 16576.00 | Delivery:  14.6% | Budget Used: 3720.00/4000.0
Ep  658 | Phase: PROTAGO | Ticks: 776 | Protag R: -6964.00 | Antag R: 6593.00 | Delivery:  36.6% | Budget Used: 3720.00/4000.0
Ep  659 | Phase: PROTAGO | Ticks: 793 | Protag R: -14297.00 | Antag R: 13926.00 | Delivery:  26.0% | Budget Used: 3720.00/4000.0
Ep  660 | Phase: PROTAGO | Ticks: 795 | Protag R: -7967.00 | Antag R: 7595.00 | Delivery:  31.0% | Budget Used: 3720.00/4000.0
Ep  661 | Phase: PROTAGO | Ticks: 798 | Protag R: -13890.00 | Antag R: 13519.00 | Delivery:  24.4% | Budget Used: 3720.00/4000.0
Ep  662 | Phase: PROTAGO | Ticks: 775 | Protag R: -14995.00 | Antag R: 14624.00 | Delivery:  19.6% | Budget Used: 3720.00/4000.0
Ep  663 | Phase: PROTAGO | Ticks: 775 | Protag R: -14693.00 | Antag R: 14322.00 | Delivery:  25.5% | Budget Used: 3720.00/4000.0
Ep  664 | Phase: PROTAGO | Ticks: 797 | Protag R: -14158.00 | Antag R: 13787.00 | Delivery:  34.9% | Budget Used: 3720.00/4000.0
Ep  665 | Phase: PROTAGO | Ticks: 798 | Protag R: -11154.00 | Antag R: 10782.00 | Delivery:  32.5% | Budget Used: 3720.00/4000.0
Ep  666 | Phase: PROTAGO | Ticks: 796 | Protag R: -11225.00 | Antag R: 10853.00 | Delivery:  19.6% | Budget Used: 3720.00/4000.0
Ep  667 | Phase: PROTAGO | Ticks: 796 | Protag R: -16069.00 | Antag R: 15698.00 | Delivery:  18.4% | Budget Used: 3720.00/4000.0
Ep  668 | Phase: PROTAGO | Ticks: 796 | Protag R: -21049.00 | Antag R: 20678.00 | Delivery:  17.7% | Budget Used: 3720.00/4000.0
Ep  669 | Phase: PROTAGO | Ticks: 788 | Protag R: -9561.00 | Antag R: 9190.00 | Delivery:  34.9% | Budget Used: 3720.00/4000.0
Ep  670 | Phase: PROTAGO | Ticks: 781 | Protag R: -12191.00 | Antag R: 11820.00 | Delivery:  27.8% | Budget Used: 3720.00/4000.0
Ep  671 | Phase: PROTAGO | Ticks: 793 | Protag R: -13408.00 | Antag R: 13037.00 | Delivery:  26.1% | Budget Used: 3720.00/4000.0
Ep  672 | Phase: PROTAGO | Ticks: 797 | Protag R: -10549.00 | Antag R: 10177.00 | Delivery:  31.7% | Budget Used: 3720.00/4000.0
Ep  673 | Phase: PROTAGO | Ticks: 796 | Protag R: -11539.00 | Antag R: 11168.00 | Delivery:  20.9% | Budget Used: 3720.00/4000.0
Ep  674 | Phase: PROTAGO | Ticks: 775 | Protag R: -19891.00 | Antag R: 19520.00 | Delivery:  19.7% | Budget Used: 3720.00/4000.0
Ep  675 | Phase: PROTAGO | Ticks: 778 | Protag R: -15091.00 | Antag R: 14720.00 | Delivery:  23.6% | Budget Used: 3720.00/4000.0
Ep  676 | Phase: PROTAGO | Ticks: 798 | Protag R: -19083.00 | Antag R: 18712.00 | Delivery:  19.6% | Budget Used: 3720.00/4000.0
Ep  677 | Phase: PROTAGO | Ticks: 794 | Protag R: -15776.00 | Antag R: 15405.00 | Delivery:  25.0% | Budget Used: 3720.00/4000.0
Ep  678 | Phase: PROTAGO | Ticks: 777 | Protag R: -10266.00 | Antag R: 9894.00 | Delivery:  30.8% | Budget Used: 3720.00/4000.0
Ep  679 | Phase: PROTAGO | Ticks: 776 | Protag R: -12415.00 | Antag R: 12044.00 | Delivery:  19.1% | Budget Used: 3720.00/4000.0
Ep  680 | Phase: PROTAGO | Ticks: 799 | Protag R: -14239.00 | Antag R: 13868.00 | Delivery:  29.2% | Budget Used: 3720.00/4000.0
Ep  681 | Phase: PROTAGO | Ticks: 779 | Protag R: -15526.00 | Antag R: 15155.00 | Delivery:  23.1% | Budget Used: 3720.00/4000.0
Ep  682 | Phase: PROTAGO | Ticks: 782 | Protag R: -16429.00 | Antag R: 16058.00 | Delivery:  19.6% | Budget Used: 3720.00/4000.0
Ep  683 | Phase: PROTAGO | Ticks: 790 | Protag R: -9803.00 | Antag R: 9432.00 | Delivery:  28.9% | Budget Used: 3720.00/4000.0
Ep  684 | Phase: PROTAGO | Ticks: 797 | Protag R: -11737.00 | Antag R: 11366.00 | Delivery:  33.3% | Budget Used: 3720.00/4000.0
Ep  685 | Phase: PROTAGO | Ticks: 798 | Protag R: -12931.00 | Antag R: 12559.00 | Delivery:  26.5% | Budget Used: 3720.00/4000.0
Ep  686 | Phase: PROTAGO | Ticks: 796 | Protag R: -12390.00 | Antag R: 12019.00 | Delivery:  27.1% | Budget Used: 3720.00/4000.0
Ep  687 | Phase: PROTAGO | Ticks: 775 | Protag R: -7581.00 | Antag R: 7209.00 | Delivery:  38.9% | Budget Used: 3720.00/4000.0
Ep  688 | Phase: PROTAGO | Ticks: 797 | Protag R: -13038.00 | Antag R: 12667.00 | Delivery:  23.5% | Budget Used: 3720.00/4000.0
Ep  689 | Phase: PROTAGO | Ticks: 777 | Protag R: -13753.00 | Antag R: 13382.00 | Delivery:  35.4% | Budget Used: 3720.00/4000.0
Ep  690 | Phase: PROTAGO | Ticks: 793 | Protag R: -12869.00 | Antag R: 12497.00 | Delivery:  29.8% | Budget Used: 3720.00/4000.0
Ep  691 | Phase: PROTAGO | Ticks: 796 | Protag R: -10790.00 | Antag R: 10419.00 | Delivery:  29.2% | Budget Used: 3720.00/4000.0
Ep  692 | Phase: PROTAGO | Ticks: 787 | Protag R: -15678.00 | Antag R: 15307.00 | Delivery:  28.6% | Budget Used: 3720.00/4000.0
Ep  693 | Phase: PROTAGO | Ticks: 799 | Protag R: -8573.00 | Antag R: 8202.00 | Delivery:  39.1% | Budget Used: 3720.00/4000.0
Ep  694 | Phase: PROTAGO | Ticks: 799 | Protag R: -13441.00 | Antag R: 13070.00 | Delivery:  29.4% | Budget Used: 3720.00/4000.0
Ep  695 | Phase: PROTAGO | Ticks: 783 | Protag R: -9868.00 | Antag R: 9497.00 | Delivery:  41.3% | Budget Used: 3720.00/4000.0
Ep  696 | Phase: PROTAGO | Ticks: 792 | Protag R: -10044.00 | Antag R: 9672.00 | Delivery:  29.5% | Budget Used: 3720.00/4000.0
Ep  697 | Phase: PROTAGO | Ticks: 798 | Protag R: -11152.00 | Antag R: 10781.00 | Delivery:  37.8% | Budget Used: 3720.00/4000.0
Ep  698 | Phase: PROTAGO | Ticks: 776 | Protag R: -10145.00 | Antag R: 9774.00 | Delivery:  29.7% | Budget Used: 3720.00/4000.0
Ep  699 | Phase: PROTAGO | Ticks: 799 | Protag R: -14821.00 | Antag R: 14450.00 | Delivery:  26.9% | Budget Used: 3720.00/4000.0
Ep  700 | Phase: PROTAGO | Ticks: 777 | Protag R: -10258.00 | Antag R: 9887.00 | Delivery:  29.5% | Budget Used: 3720.00/4000.0
  [EVAL ep 700] greedy_atk=5366 learned_atk=5822 gap=+456 +/-214 (neg = learned beats greedy under attack)
Saving checkpoints for both agents before phase switch...
Ep  701 | Phase: PROTAGO | Ticks: 789 | Protag R: -12911.00 | Antag R: 12540.00 | Delivery:  31.1% | Budget Used: 3720.00/4000.0
Ep  702 | Phase: PROTAGO | Ticks: 798 | Protag R: -19612.00 | Antag R: 19241.00 | Delivery:  23.8% | Budget Used: 3720.00/4000.0
Ep  703 | Phase: PROTAGO | Ticks: 792 | Protag R: -14550.00 | Antag R: 14179.00 | Delivery:  26.4% | Budget Used: 3720.00/4000.0
Ep  704 | Phase: PROTAGO | Ticks: 782 | Protag R: -8087.00 | Antag R: 7716.00 | Delivery:  45.7% | Budget Used: 3720.00/4000.0
Ep  705 | Phase: PROTAGO | Ticks: 797 | Protag R: -11359.00 | Antag R: 10988.00 | Delivery:  25.5% | Budget Used: 3720.00/4000.0
Ep  706 | Phase: PROTAGO | Ticks: 796 | Protag R: -13967.00 | Antag R: 13596.00 | Delivery:  27.3% | Budget Used: 3720.00/4000.0
Ep  707 | Phase: PROTAGO | Ticks: 799 | Protag R: -11099.00 | Antag R: 10728.00 | Delivery:  34.9% | Budget Used: 3720.00/4000.0
Ep  708 | Phase: PROTAGO | Ticks: 780 | Protag R: -8579.00 | Antag R: 8208.00 | Delivery:  41.5% | Budget Used: 3720.00/4000.0
Ep  709 | Phase: PROTAGO | Ticks: 798 | Protag R: -19161.00 | Antag R: 18790.00 | Delivery:  21.4% | Budget Used: 3720.00/4000.0
Ep  710 | Phase: PROTAGO | Ticks: 796 | Protag R: -14954.00 | Antag R: 14583.00 | Delivery:  21.3% | Budget Used: 3720.00/4000.0
Ep  711 | Phase: PROTAGO | Ticks: 797 | Protag R: -14580.00 | Antag R: 14208.00 | Delivery:  23.4% | Budget Used: 3720.00/4000.0
Ep  712 | Phase: PROTAGO | Ticks: 782 | Protag R: -14867.00 | Antag R: 14496.00 | Delivery:  10.4% | Budget Used: 3720.00/4000.0
Ep  713 | Phase: PROTAGO | Ticks: 796 | Protag R: -12756.00 | Antag R: 12385.00 | Delivery:  20.5% | Budget Used: 3720.00/4000.0
Ep  714 | Phase: PROTAGO | Ticks: 799 | Protag R: -14748.00 | Antag R: 14377.00 | Delivery:  22.9% | Budget Used: 3720.00/4000.0
Ep  715 | Phase: PROTAGO | Ticks: 790 | Protag R: -16377.00 | Antag R: 16006.00 | Delivery:  21.6% | Budget Used: 3720.00/4000.0
Ep  716 | Phase: PROTAGO | Ticks: 791 | Protag R: -17756.00 | Antag R: 17385.00 | Delivery:  26.4% | Budget Used: 3720.00/4000.0
Ep  717 | Phase: PROTAGO | Ticks: 798 | Protag R: -15367.00 | Antag R: 14996.00 | Delivery:  19.6% | Budget Used: 3720.00/4000.0
Ep  718 | Phase: PROTAGO | Ticks: 797 | Protag R: -15434.00 | Antag R: 15063.00 | Delivery:  26.0% | Budget Used: 3720.00/4000.0
Ep  719 | Phase: PROTAGO | Ticks: 793 | Protag R: -13714.00 | Antag R: 13343.00 | Delivery:  25.0% | Budget Used: 3720.00/4000.0
Ep  720 | Phase: PROTAGO | Ticks: 775 | Protag R: -12340.00 | Antag R: 11969.00 | Delivery:  35.6% | Budget Used: 3720.00/4000.0
Ep  721 | Phase: PROTAGO | Ticks: 776 | Protag R: -14724.00 | Antag R: 14353.00 | Delivery:  22.9% | Budget Used: 3720.00/4000.0
Ep  722 | Phase: PROTAGO | Ticks: 779 | Protag R: -14893.00 | Antag R: 14522.00 | Delivery:  26.5% | Budget Used: 3720.00/4000.0
Ep  723 | Phase: PROTAGO | Ticks: 785 | Protag R: -14322.00 | Antag R: 13951.00 | Delivery:  22.2% | Budget Used: 3720.00/4000.0
Ep  724 | Phase: PROTAGO | Ticks: 797 | Protag R: -9511.00 | Antag R: 9140.00 | Delivery:  27.5% | Budget Used: 3720.00/4000.0
Ep  725 | Phase: PROTAGO | Ticks: 796 | Protag R: -11295.00 | Antag R: 10923.00 | Delivery:  22.2% | Budget Used: 3720.00/4000.0
Ep  726 | Phase: PROTAGO | Ticks: 780 | Protag R: -12217.00 | Antag R: 11846.00 | Delivery:  28.9% | Budget Used: 3720.00/4000.0
Ep  727 | Phase: PROTAGO | Ticks: 795 | Protag R: -19709.00 | Antag R: 19338.00 | Delivery:  14.0% | Budget Used: 3720.00/4000.0
Ep  728 | Phase: PROTAGO | Ticks: 796 | Protag R: -14617.00 | Antag R: 14246.00 | Delivery:  27.5% | Budget Used: 3720.00/4000.0
Ep  729 | Phase: PROTAGO | Ticks: 799 | Protag R: -12869.00 | Antag R: 12498.00 | Delivery:  24.4% | Budget Used: 3720.00/4000.0
Ep  730 | Phase: PROTAGO | Ticks: 792 | Protag R: -15119.00 | Antag R: 14748.00 | Delivery:  25.5% | Budget Used: 3720.00/4000.0
Ep  731 | Phase: PROTAGO | Ticks: 796 | Protag R: -13687.00 | Antag R: 13316.00 | Delivery:  29.2% | Budget Used: 3720.00/4000.0
Ep  732 | Phase: PROTAGO | Ticks: 797 | Protag R: -12675.00 | Antag R: 12304.00 | Delivery:  34.7% | Budget Used: 3720.00/4000.0
Ep  733 | Phase: PROTAGO | Ticks: 797 | Protag R: -7138.00 | Antag R: 6767.00 | Delivery:  50.0% | Budget Used: 3720.00/4000.0
Ep  734 | Phase: PROTAGO | Ticks: 775 | Protag R: -17399.00 | Antag R: 17027.00 | Delivery:  15.1% | Budget Used: 3720.00/4000.0
Ep  735 | Phase: PROTAGO | Ticks: 796 | Protag R: -13554.00 | Antag R: 13183.00 | Delivery:  20.8% | Budget Used: 3720.00/4000.0
Ep  736 | Phase: PROTAGO | Ticks: 799 | Protag R: -16189.00 | Antag R: 15818.00 | Delivery:  18.2% | Budget Used: 3720.00/4000.0
Ep  737 | Phase: PROTAGO | Ticks: 775 | Protag R: -14683.00 | Antag R: 14312.00 | Delivery:  25.5% | Budget Used: 3720.00/4000.0
Ep  738 | Phase: PROTAGO | Ticks: 796 | Protag R: -10520.00 | Antag R: 10149.00 | Delivery:  32.4% | Budget Used: 3720.00/4000.0
Ep  739 | Phase: PROTAGO | Ticks: 783 | Protag R: -10213.00 | Antag R: 9842.00 | Delivery:  32.5% | Budget Used: 3720.00/4000.0
Ep  740 | Phase: PROTAGO | Ticks: 776 | Protag R: -11041.00 | Antag R: 10669.00 | Delivery:  39.0% | Budget Used: 3720.00/4000.0
Ep  741 | Phase: PROTAGO | Ticks: 785 | Protag R: -8039.00 | Antag R: 7668.00 | Delivery:  35.1% | Budget Used: 3720.00/4000.0
Ep  742 | Phase: PROTAGO | Ticks: 795 | Protag R: -7115.00 | Antag R: 6744.00 | Delivery:  27.8% | Budget Used: 3720.00/4000.0
Ep  743 | Phase: PROTAGO | Ticks: 797 | Protag R: -11017.00 | Antag R: 10646.00 | Delivery:  38.5% | Budget Used: 3720.00/4000.0
Ep  744 | Phase: PROTAGO | Ticks: 783 | Protag R: -15685.00 | Antag R: 15314.00 | Delivery:  34.0% | Budget Used: 3720.00/4000.0
Ep  745 | Phase: PROTAGO | Ticks: 776 | Protag R: -16309.00 | Antag R: 15938.00 | Delivery:  23.6% | Budget Used: 3720.00/4000.0
Ep  746 | Phase: PROTAGO | Ticks: 797 | Protag R: -12062.00 | Antag R: 11691.00 | Delivery:  29.8% | Budget Used: 3720.00/4000.0
Ep  747 | Phase: PROTAGO | Ticks: 797 | Protag R: -7603.00 | Antag R: 7231.00 | Delivery:  30.8% | Budget Used: 3720.00/4000.0
Ep  748 | Phase: PROTAGO | Ticks: 797 | Protag R: -15030.00 | Antag R: 14659.00 | Delivery:  19.6% | Budget Used: 3720.00/4000.0
Ep  749 | Phase: PROTAGO | Ticks: 794 | Protag R: -13932.00 | Antag R: 13560.00 | Delivery:  25.0% | Budget Used: 3720.00/4000.0
Ep  750 | Phase: PROTAGO | Ticks: 796 | Protag R: -18081.00 | Antag R: 17710.00 | Delivery:  26.8% | Budget Used: 3720.00/4000.0
  [EVAL ep 750] greedy_atk=5366 learned_atk=5734 gap=+368 +/-269 (neg = learned beats greedy under attack)
Saving checkpoints for both agents before phase switch...
Ep  751 | Phase: PROTAGO | Ticks: 796 | Protag R: -11546.00 | Antag R: 11174.00 | Delivery:  28.6% | Budget Used: 3720.00/4000.0
Ep  752 | Phase: PROTAGO | Ticks: 792 | Protag R: -15803.00 | Antag R: 15431.00 | Delivery:  26.5% | Budget Used: 3720.00/4000.0
Ep  753 | Phase: PROTAGO | Ticks: 791 | Protag R: -17392.00 | Antag R: 17021.00 | Delivery:  22.2% | Budget Used: 3720.00/4000.0
Ep  754 | Phase: PROTAGO | Ticks: 799 | Protag R: -13138.00 | Antag R: 12767.00 | Delivery:  32.0% | Budget Used: 3720.00/4000.0
Ep  755 | Phase: PROTAGO | Ticks: 776 | Protag R: -10048.00 | Antag R: 9677.00 | Delivery:  39.1% | Budget Used: 3720.00/4000.0
Ep  756 | Phase: PROTAGO | Ticks: 797 | Protag R: -16808.00 | Antag R: 16437.00 | Delivery:  26.3% | Budget Used: 3720.00/4000.0
Ep  757 | Phase: PROTAGO | Ticks: 795 | Protag R: -7546.00 | Antag R: 7174.00 | Delivery:  40.0% | Budget Used: 3720.00/4000.0
Ep  758 | Phase: PROTAGO | Ticks: 775 | Protag R: -13693.00 | Antag R: 13322.00 | Delivery:  25.0% | Budget Used: 3720.00/4000.0
Ep  759 | Phase: PROTAGO | Ticks: 775 | Protag R: -13163.00 | Antag R: 12792.00 | Delivery:  22.2% | Budget Used: 3720.00/4000.0
Ep  760 | Phase: PROTAGO | Ticks: 791 | Protag R: -13286.00 | Antag R: 12915.00 | Delivery:  27.7% | Budget Used: 3720.00/4000.0
Ep  761 | Phase: PROTAGO | Ticks: 791 | Protag R: -10756.00 | Antag R: 10384.00 | Delivery:  31.8% | Budget Used: 3720.00/4000.0
Ep  762 | Phase: PROTAGO | Ticks: 792 | Protag R: -14581.00 | Antag R: 14211.00 | Delivery:  21.6% | Budget Used: 3720.00/4000.0
Ep  763 | Phase: PROTAGO | Ticks: 799 | Protag R: -10843.00 | Antag R: 10471.00 | Delivery:  33.3% | Budget Used: 3720.00/4000.0
Ep  764 | Phase: PROTAGO | Ticks: 798 | Protag R: -9768.00 | Antag R: 9397.00 | Delivery:  36.8% | Budget Used: 3720.00/4000.0
Ep  765 | Phase: PROTAGO | Ticks: 793 | Protag R: -15064.00 | Antag R: 14692.00 | Delivery:  22.4% | Budget Used: 3720.00/4000.0
Ep  766 | Phase: PROTAGO | Ticks: 787 | Protag R: -12236.00 | Antag R: 11864.00 | Delivery:  25.5% | Budget Used: 3720.00/4000.0
Ep  767 | Phase: PROTAGO | Ticks: 785 | Protag R: -11868.00 | Antag R: 11497.00 | Delivery:  26.5% | Budget Used: 3720.00/4000.0
Ep  768 | Phase: PROTAGO | Ticks: 794 | Protag R: -17540.00 | Antag R: 17169.00 | Delivery:  20.4% | Budget Used: 3720.00/4000.0
Ep  769 | Phase: PROTAGO | Ticks: 776 | Protag R: -16453.00 | Antag R: 16082.00 | Delivery:  24.6% | Budget Used: 3720.00/4000.0
Ep  770 | Phase: PROTAGO | Ticks: 776 | Protag R: -10958.00 | Antag R: 10587.00 | Delivery:  30.8% | Budget Used: 3720.00/4000.0
Ep  771 | Phase: PROTAGO | Ticks: 791 | Protag R: -14965.00 | Antag R: 14593.00 | Delivery:  32.1% | Budget Used: 3720.00/4000.0
Ep  772 | Phase: PROTAGO | Ticks: 797 | Protag R: -12516.00 | Antag R: 12145.00 | Delivery:  30.4% | Budget Used: 3720.00/4000.0
Ep  773 | Phase: PROTAGO | Ticks: 797 | Protag R: -15521.00 | Antag R: 15151.00 | Delivery:  16.0% | Budget Used: 3720.00/4000.0
Ep  774 | Phase: PROTAGO | Ticks: 790 | Protag R: -16545.00 | Antag R: 16173.00 | Delivery:  22.2% | Budget Used: 3720.00/4000.0
Ep  775 | Phase: PROTAGO | Ticks: 782 | Protag R: -13313.00 | Antag R: 12942.00 | Delivery:  26.9% | Budget Used: 3720.00/4000.0
Ep  776 | Phase: PROTAGO | Ticks: 780 | Protag R: -12642.00 | Antag R: 12270.00 | Delivery:  22.7% | Budget Used: 3720.00/4000.0
Ep  777 | Phase: PROTAGO | Ticks: 796 | Protag R: -14484.00 | Antag R: 14112.00 | Delivery:  30.8% | Budget Used: 3720.00/4000.0
Ep  778 | Phase: PROTAGO | Ticks: 796 | Protag R: -14909.00 | Antag R: 14538.00 | Delivery:  25.0% | Budget Used: 3720.00/4000.0
Ep  779 | Phase: PROTAGO | Ticks: 798 | Protag R: -10548.00 | Antag R: 10177.00 | Delivery:  36.8% | Budget Used: 3720.00/4000.0
Ep  780 | Phase: PROTAGO | Ticks: 775 | Protag R: -14903.00 | Antag R: 14531.00 | Delivery:  18.4% | Budget Used: 3720.00/4000.0
Ep  781 | Phase: PROTAGO | Ticks: 775 | Protag R: -16125.00 | Antag R: 15754.00 | Delivery:   9.8% | Budget Used: 3720.00/4000.0
Ep  782 | Phase: PROTAGO | Ticks: 797 | Protag R: -15322.00 | Antag R: 14950.00 | Delivery:  15.2% | Budget Used: 3720.00/4000.0
Ep  783 | Phase: PROTAGO | Ticks: 797 | Protag R: -11789.00 | Antag R: 11418.00 | Delivery:  30.8% | Budget Used: 3720.00/4000.0
Ep  784 | Phase: PROTAGO | Ticks: 786 | Protag R: -17869.00 | Antag R: 17498.00 | Delivery:  26.9% | Budget Used: 3720.00/4000.0
Ep  785 | Phase: PROTAGO | Ticks: 776 | Protag R: -12100.00 | Antag R: 11729.00 | Delivery:  32.7% | Budget Used: 3720.00/4000.0
Ep  786 | Phase: PROTAGO | Ticks: 780 | Protag R: -10102.00 | Antag R: 9730.00 | Delivery:  29.5% | Budget Used: 3720.00/4000.0
Ep  787 | Phase: PROTAGO | Ticks: 795 | Protag R: -19441.00 | Antag R: 19070.00 | Delivery:  23.6% | Budget Used: 3720.00/4000.0
Ep  788 | Phase: PROTAGO | Ticks: 789 | Protag R: -15287.00 | Antag R: 14916.00 | Delivery:  26.9% | Budget Used: 3720.00/4000.0
Ep  789 | Phase: PROTAGO | Ticks: 789 | Protag R: -23005.00 | Antag R: 22633.00 | Delivery:  20.6% | Budget Used: 3720.00/4000.0
Ep  790 | Phase: PROTAGO | Ticks: 797 | Protag R: -9759.00 | Antag R: 9388.00 | Delivery:  38.6% | Budget Used: 3720.00/4000.0
Ep  791 | Phase: PROTAGO | Ticks: 791 | Protag R: -14327.00 | Antag R: 13956.00 | Delivery:  35.4% | Budget Used: 3720.00/4000.0
Ep  792 | Phase: PROTAGO | Ticks: 796 | Protag R: -10326.00 | Antag R: 9955.00 | Delivery:  35.9% | Budget Used: 3720.00/4000.0
Ep  793 | Phase: PROTAGO | Ticks: 797 | Protag R: -14904.00 | Antag R: 14532.00 | Delivery:  22.9% | Budget Used: 3720.00/4000.0
Ep  794 | Phase: PROTAGO | Ticks: 775 | Protag R: -14297.00 | Antag R: 13926.00 | Delivery:  17.4% | Budget Used: 3720.00/4000.0
Ep  795 | Phase: PROTAGO | Ticks: 775 | Protag R: -11142.00 | Antag R: 10771.00 | Delivery:  24.2% | Budget Used: 3720.00/4000.0
Ep  796 | Phase: PROTAGO | Ticks: 798 | Protag R: -11149.00 | Antag R: 10778.00 | Delivery:  29.5% | Budget Used: 3720.00/4000.0
Ep  797 | Phase: PROTAGO | Ticks: 797 | Protag R: -19248.00 | Antag R: 18877.00 | Delivery:  22.4% | Budget Used: 3720.00/4000.0
Ep  798 | Phase: PROTAGO | Ticks: 795 | Protag R: -11595.00 | Antag R: 11224.00 | Delivery:  35.6% | Budget Used: 3720.00/4000.0
Ep  799 | Phase: PROTAGO | Ticks: 797 | Protag R: -10923.00 | Antag R: 10552.00 | Delivery:  35.6% | Budget Used: 3720.00/4000.0
Ep  800 | Phase: PROTAGO | Ticks: 796 | Protag R: -21421.00 | Antag R: 21050.00 | Delivery:  10.0% | Budget Used: 3720.00/4000.0
  [EVAL ep 800] greedy_atk=5366 learned_atk=5787 gap=+422 +/-254 (neg = learned beats greedy under attack)
Saved coevolved protagonist actor to models/runs/gen06_dynassign_matrix/dynassign_scripted_seed1/protagonist/actor.pt
Saved coevolved antagonist actor to models/runs/gen06_dynassign_matrix/dynassign_scripted_seed1/antagonist/actor.pt
Saved copy of protagonist actor as latest to models/protagonist/actor.pt
Saved copy of antagonist actor as latest to models/antagonist/actor.pt

SACRED ATLA Training completed successfully! Logs saved to TensorBoard.
