Seeded run: seed=2
Initializing SACRED Stage-1.5 dynamic assignment (Poisson arrivals, 2 trucks)...
Configuring Protagonist Dispatch Agent...
Configuring Antagonist Congestion Agent...
Initializing ATLA Coevolution Trainer...
Run Name: gen06_dynassign_matrix/dynassign_scripted_seed2
Scripted adversary: pathrand
Starting SACRED training (mode=scripted_adversary) for 800 episodes...
Device: Protagonist=cpu, Antagonist=cpu
Initial Phase: Training PROTAGONIST

Ep    1 | Phase: PROTAGO | Ticks: 798 | Protag R: -7887.00 | Antag R: 7516.00 | Delivery:  42.9% | Budget Used: 3720.00/4000.0
Ep    2 | Phase: PROTAGO | Ticks: 795 | Protag R: -14342.00 | Antag R: 13971.00 | Delivery:  34.7% | Budget Used: 3720.00/4000.0
Ep    3 | Phase: PROTAGO | Ticks: 786 | Protag R: -14083.00 | Antag R: 13712.00 | Delivery:  25.9% | Budget Used: 3720.00/4000.0
Ep    4 | Phase: PROTAGO | Ticks: 783 | Protag R: -12735.00 | Antag R: 12363.00 | Delivery:  31.5% | Budget Used: 3720.00/4000.0
Ep    5 | Phase: PROTAGO | Ticks: 795 | Protag R: -13683.00 | Antag R: 13312.00 | Delivery:  31.4% | Budget Used: 3720.00/4000.0
Ep    6 | Phase: PROTAGO | Ticks: 776 | Protag R: -7358.00 | Antag R: 6986.00 | Delivery:  44.1% | Budget Used: 3720.00/4000.0
Ep    7 | Phase: PROTAGO | Ticks: 775 | Protag R: -15400.00 | Antag R: 15029.00 | Delivery:  28.8% | Budget Used: 3720.00/4000.0
Ep    8 | Phase: PROTAGO | Ticks: 797 | Protag R: -10696.00 | Antag R: 10324.00 | Delivery:  22.0% | Budget Used: 3720.00/4000.0
Ep    9 | Phase: PROTAGO | Ticks: 799 | Protag R: -8699.00 | Antag R: 8327.00 | Delivery:  41.0% | Budget Used: 3720.00/4000.0
Ep   10 | Phase: PROTAGO | Ticks: 796 | Protag R: -12509.00 | Antag R: 12138.00 | Delivery:  38.1% | Budget Used: 3720.00/4000.0
Ep   11 | Phase: PROTAGO | Ticks: 788 | Protag R: -12789.00 | Antag R: 12418.00 | Delivery:  29.4% | Budget Used: 3720.00/4000.0
Ep   12 | Phase: PROTAGO | Ticks: 776 | Protag R: -18712.00 | Antag R: 18341.00 | Delivery:  18.2% | Budget Used: 3720.00/4000.0
Ep   13 | Phase: PROTAGO | Ticks: 785 | Protag R: -6720.00 | Antag R: 6349.00 | Delivery:  48.7% | Budget Used: 3720.00/4000.0
Ep   14 | Phase: PROTAGO | Ticks: 776 | Protag R: -15994.00 | Antag R: 15623.00 | Delivery:  25.5% | Budget Used: 3720.00/4000.0
Ep   15 | Phase: PROTAGO | Ticks: 796 | Protag R: -11018.00 | Antag R: 10647.00 | Delivery:  32.7% | Budget Used: 3720.00/4000.0
Ep   16 | Phase: PROTAGO | Ticks: 775 | Protag R: -12956.00 | Antag R: 12585.00 | Delivery:  35.0% | Budget Used: 3720.00/4000.0
Ep   17 | Phase: PROTAGO | Ticks: 794 | Protag R: -17215.00 | Antag R: 16843.00 | Delivery:  22.2% | Budget Used: 3720.00/4000.0
Ep   18 | Phase: PROTAGO | Ticks: 777 | Protag R: -11344.00 | Antag R: 10973.00 | Delivery:  33.3% | Budget Used: 3720.00/4000.0
Ep   19 | Phase: PROTAGO | Ticks: 797 | Protag R: -17693.00 | Antag R: 17321.00 | Delivery:  19.7% | Budget Used: 3720.00/4000.0
Ep   20 | Phase: PROTAGO | Ticks: 798 | Protag R: -14109.00 | Antag R: 13738.00 | Delivery:  34.0% | Budget Used: 3720.00/4000.0
Ep   21 | Phase: PROTAGO | Ticks: 788 | Protag R: -8492.00 | Antag R: 8120.00 | Delivery:  41.0% | Budget Used: 3720.00/4000.0
Ep   22 | Phase: PROTAGO | Ticks: 799 | Protag R: -14988.00 | Antag R: 14617.00 | Delivery:  18.4% | Budget Used: 3720.00/4000.0
Ep   23 | Phase: PROTAGO | Ticks: 775 | Protag R: -17164.00 | Antag R: 16792.00 | Delivery:  19.2% | Budget Used: 3720.00/4000.0
Ep   24 | Phase: PROTAGO | Ticks: 780 | Protag R: -14147.00 | Antag R: 13775.00 | Delivery:  24.6% | Budget Used: 3720.00/4000.0
Ep   25 | Phase: PROTAGO | Ticks: 797 | Protag R: -12135.00 | Antag R: 11764.00 | Delivery:  19.5% | Budget Used: 3720.00/4000.0
Ep   26 | Phase: PROTAGO | Ticks: 776 | Protag R: -11187.00 | Antag R: 10816.00 | Delivery:  27.3% | Budget Used: 3720.00/4000.0
Ep   27 | Phase: PROTAGO | Ticks: 792 | Protag R: -10029.00 | Antag R: 9658.00 | Delivery:  29.3% | Budget Used: 3720.00/4000.0
Ep   28 | Phase: PROTAGO | Ticks: 776 | Protag R: -17705.00 | Antag R: 17334.00 | Delivery:  19.6% | Budget Used: 3720.00/4000.0
Ep   29 | Phase: PROTAGO | Ticks: 798 | Protag R: -8925.00 | Antag R: 8554.00 | Delivery:  44.2% | Budget Used: 3720.00/4000.0
Ep   30 | Phase: PROTAGO | Ticks: 797 | Protag R: -11522.00 | Antag R: 11151.00 | Delivery:  36.2% | Budget Used: 3720.00/4000.0
Ep   31 | Phase: PROTAGO | Ticks: 776 | Protag R: -12812.00 | Antag R: 12441.00 | Delivery:  37.8% | Budget Used: 3720.00/4000.0
Ep   32 | Phase: PROTAGO | Ticks: 798 | Protag R: -15115.00 | Antag R: 14743.00 | Delivery:  25.4% | Budget Used: 3720.00/4000.0
Ep   33 | Phase: PROTAGO | Ticks: 791 | Protag R: -8287.00 | Antag R: 7915.00 | Delivery:  37.8% | Budget Used: 3720.00/4000.0
Ep   34 | Phase: PROTAGO | Ticks: 775 | Protag R: -11762.00 | Antag R: 11391.00 | Delivery:  29.8% | Budget Used: 3720.00/4000.0
Ep   35 | Phase: PROTAGO | Ticks: 796 | Protag R: -12091.00 | Antag R: 11720.00 | Delivery:  32.6% | Budget Used: 3720.00/4000.0
Ep   36 | Phase: PROTAGO | Ticks: 795 | Protag R: -7267.00 | Antag R: 6895.00 | Delivery:  50.0% | Budget Used: 3720.00/4000.0
Ep   37 | Phase: PROTAGO | Ticks: 785 | Protag R: -11322.00 | Antag R: 10950.00 | Delivery:  31.1% | Budget Used: 3720.00/4000.0
Ep   38 | Phase: PROTAGO | Ticks: 794 | Protag R: -13410.00 | Antag R: 13040.00 | Delivery:  32.7% | Budget Used: 3720.00/4000.0
Ep   39 | Phase: PROTAGO | Ticks: 798 | Protag R: -12301.00 | Antag R: 11930.00 | Delivery:  26.0% | Budget Used: 3720.00/4000.0
Ep   40 | Phase: PROTAGO | Ticks: 798 | Protag R: -18980.00 | Antag R: 18608.00 | Delivery:  23.7% | Budget Used: 3720.00/4000.0
Ep   41 | Phase: PROTAGO | Ticks: 797 | Protag R: -13430.00 | Antag R: 13058.00 | Delivery:  33.3% | Budget Used: 3720.00/4000.0
Ep   42 | Phase: PROTAGO | Ticks: 799 | Protag R: -15626.00 | Antag R: 15255.00 | Delivery:  33.3% | Budget Used: 3720.00/4000.0
Ep   43 | Phase: PROTAGO | Ticks: 795 | Protag R: -19127.00 | Antag R: 18756.00 | Delivery:  15.7% | Budget Used: 3720.00/4000.0
Ep   44 | Phase: PROTAGO | Ticks: 798 | Protag R: -17371.00 | Antag R: 16999.00 | Delivery:  13.5% | Budget Used: 3720.00/4000.0
Ep   45 | Phase: PROTAGO | Ticks: 788 | Protag R: -20877.00 | Antag R: 20507.00 | Delivery:  19.0% | Budget Used: 3720.00/4000.0
Ep   46 | Phase: PROTAGO | Ticks: 793 | Protag R: -16441.00 | Antag R: 16070.00 | Delivery:  22.4% | Budget Used: 3720.00/4000.0
Ep   47 | Phase: PROTAGO | Ticks: 795 | Protag R: -8044.00 | Antag R: 7673.00 | Delivery:  42.9% | Budget Used: 3720.00/4000.0
Ep   48 | Phase: PROTAGO | Ticks: 776 | Protag R: -18418.00 | Antag R: 18047.00 | Delivery:  21.0% | Budget Used: 3720.00/4000.0
Ep   49 | Phase: PROTAGO | Ticks: 786 | Protag R: -16102.00 | Antag R: 15731.00 | Delivery:  27.6% | Budget Used: 3720.00/4000.0
Ep   50 | Phase: PROTAGO | Ticks: 787 | Protag R: -16483.00 | Antag R: 16112.00 | Delivery:  25.5% | Budget Used: 3720.00/4000.0
  [EVAL ep 50] greedy_atk=6769 learned_atk=8548 gap=+1780 +/-1221 (neg = learned beats greedy under attack)
Saving checkpoints for both agents before phase switch...
Ep   51 | Phase: PROTAGO | Ticks: 797 | Protag R: -11638.00 | Antag R: 11266.00 | Delivery:  25.0% | Budget Used: 3720.00/4000.0
Ep   52 | Phase: PROTAGO | Ticks: 798 | Protag R: -17372.00 | Antag R: 17001.00 | Delivery:  15.0% | Budget Used: 3720.00/4000.0
Ep   53 | Phase: PROTAGO | Ticks: 794 | Protag R: -11225.00 | Antag R: 10854.00 | Delivery:  35.4% | Budget Used: 3720.00/4000.0
Ep   54 | Phase: PROTAGO | Ticks: 792 | Protag R: -13402.00 | Antag R: 13031.00 | Delivery:  23.4% | Budget Used: 3720.00/4000.0
Ep   55 | Phase: PROTAGO | Ticks: 799 | Protag R: -14415.00 | Antag R: 14043.00 | Delivery:  20.0% | Budget Used: 3720.00/4000.0
Ep   56 | Phase: PROTAGO | Ticks: 796 | Protag R: -13009.00 | Antag R: 12638.00 | Delivery:  16.7% | Budget Used: 3720.00/4000.0
Ep   57 | Phase: PROTAGO | Ticks: 796 | Protag R: -14052.00 | Antag R: 13681.00 | Delivery:  21.6% | Budget Used: 3720.00/4000.0
Ep   58 | Phase: PROTAGO | Ticks: 790 | Protag R: -8712.00 | Antag R: 8341.00 | Delivery:  29.7% | Budget Used: 3720.00/4000.0
Ep   59 | Phase: PROTAGO | Ticks: 777 | Protag R: -9705.00 | Antag R: 9334.00 | Delivery:  25.7% | Budget Used: 3720.00/4000.0
Ep   60 | Phase: PROTAGO | Ticks: 784 | Protag R: -14540.00 | Antag R: 14169.00 | Delivery:  28.8% | Budget Used: 3720.00/4000.0
Ep   61 | Phase: PROTAGO | Ticks: 776 | Protag R: -11992.00 | Antag R: 11620.00 | Delivery:  27.9% | Budget Used: 3720.00/4000.0
Ep   62 | Phase: PROTAGO | Ticks: 776 | Protag R: -17758.00 | Antag R: 17388.00 | Delivery:  16.4% | Budget Used: 3720.00/4000.0
Ep   63 | Phase: PROTAGO | Ticks: 797 | Protag R: -15568.00 | Antag R: 15197.00 | Delivery:  22.6% | Budget Used: 3720.00/4000.0
Ep   64 | Phase: PROTAGO | Ticks: 775 | Protag R: -8897.00 | Antag R: 8526.00 | Delivery:  46.2% | Budget Used: 3720.00/4000.0
Ep   65 | Phase: PROTAGO | Ticks: 797 | Protag R: -14644.00 | Antag R: 14273.00 | Delivery:  10.9% | Budget Used: 3720.00/4000.0
Ep   66 | Phase: PROTAGO | Ticks: 799 | Protag R: -12360.00 | Antag R: 11989.00 | Delivery:  23.3% | Budget Used: 3720.00/4000.0
Ep   67 | Phase: PROTAGO | Ticks: 795 | Protag R: -11795.00 | Antag R: 11424.00 | Delivery:  30.4% | Budget Used: 3720.00/4000.0
Ep   68 | Phase: PROTAGO | Ticks: 796 | Protag R: -16232.00 | Antag R: 15861.00 | Delivery:  26.4% | Budget Used: 3720.00/4000.0
Ep   69 | Phase: PROTAGO | Ticks: 778 | Protag R: -9969.00 | Antag R: 9598.00 | Delivery:  28.6% | Budget Used: 3720.00/4000.0
Ep   70 | Phase: PROTAGO | Ticks: 778 | Protag R: -12799.00 | Antag R: 12428.00 | Delivery:  21.6% | Budget Used: 3720.00/4000.0
Ep   71 | Phase: PROTAGO | Ticks: 797 | Protag R: -13877.00 | Antag R: 13506.00 | Delivery:  30.2% | Budget Used: 3720.00/4000.0
Ep   72 | Phase: PROTAGO | Ticks: 782 | Protag R: -16699.00 | Antag R: 16328.00 | Delivery:  21.2% | Budget Used: 3720.00/4000.0
Ep   73 | Phase: PROTAGO | Ticks: 797 | Protag R: -14172.00 | Antag R: 13801.00 | Delivery:  29.6% | Budget Used: 3720.00/4000.0
Ep   74 | Phase: PROTAGO | Ticks: 777 | Protag R: -16667.00 | Antag R: 16296.00 | Delivery:  18.2% | Budget Used: 3720.00/4000.0
Ep   75 | Phase: PROTAGO | Ticks: 775 | Protag R: -16076.00 | Antag R: 15705.00 | Delivery:  14.9% | Budget Used: 3720.00/4000.0
Ep   76 | Phase: PROTAGO | Ticks: 789 | Protag R: -11047.00 | Antag R: 10676.00 | Delivery:  27.1% | Budget Used: 3720.00/4000.0
Ep   77 | Phase: PROTAGO | Ticks: 777 | Protag R: -10579.00 | Antag R: 10209.00 | Delivery:  24.3% | Budget Used: 3720.00/4000.0
Ep   78 | Phase: PROTAGO | Ticks: 781 | Protag R: -6414.00 | Antag R: 6043.00 | Delivery:  37.5% | Budget Used: 3720.00/4000.0
Ep   79 | Phase: PROTAGO | Ticks: 775 | Protag R: -14363.00 | Antag R: 13992.00 | Delivery:  17.8% | Budget Used: 3720.00/4000.0
Ep   80 | Phase: PROTAGO | Ticks: 782 | Protag R: -12849.00 | Antag R: 12478.00 | Delivery:  19.0% | Budget Used: 3720.00/4000.0
Ep   81 | Phase: PROTAGO | Ticks: 796 | Protag R: -17652.00 | Antag R: 17281.00 | Delivery:  30.0% | Budget Used: 3720.00/4000.0
Ep   82 | Phase: PROTAGO | Ticks: 798 | Protag R: -16936.00 | Antag R: 16565.00 | Delivery:  19.0% | Budget Used: 3720.00/4000.0
Ep   83 | Phase: PROTAGO | Ticks: 797 | Protag R: -16986.00 | Antag R: 16615.00 | Delivery:  18.4% | Budget Used: 3720.00/4000.0
Ep   84 | Phase: PROTAGO | Ticks: 776 | Protag R: -15217.00 | Antag R: 14845.00 | Delivery:  14.3% | Budget Used: 3720.00/4000.0
Ep   85 | Phase: PROTAGO | Ticks: 797 | Protag R: -13493.00 | Antag R: 13122.00 | Delivery:  18.2% | Budget Used: 3720.00/4000.0
Ep   86 | Phase: PROTAGO | Ticks: 791 | Protag R: -15697.00 | Antag R: 15326.00 | Delivery:  20.8% | Budget Used: 3720.00/4000.0
Ep   87 | Phase: PROTAGO | Ticks: 795 | Protag R: -15458.00 | Antag R: 15087.00 | Delivery:  28.9% | Budget Used: 3720.00/4000.0
Ep   88 | Phase: PROTAGO | Ticks: 797 | Protag R: -10505.00 | Antag R: 10134.00 | Delivery:  35.1% | Budget Used: 3720.00/4000.0
Ep   89 | Phase: PROTAGO | Ticks: 775 | Protag R: -12800.00 | Antag R: 12429.00 | Delivery:  18.2% | Budget Used: 3720.00/4000.0
Ep   90 | Phase: PROTAGO | Ticks: 798 | Protag R: -17068.00 | Antag R: 16697.00 | Delivery:  18.3% | Budget Used: 3720.00/4000.0
Ep   91 | Phase: PROTAGO | Ticks: 778 | Protag R: -13559.00 | Antag R: 13188.00 | Delivery:  24.5% | Budget Used: 3720.00/4000.0
Ep   92 | Phase: PROTAGO | Ticks: 797 | Protag R: -13401.00 | Antag R: 13030.00 | Delivery:  24.5% | Budget Used: 3720.00/4000.0
Ep   93 | Phase: PROTAGO | Ticks: 778 | Protag R: -10960.00 | Antag R: 10588.00 | Delivery:  26.1% | Budget Used: 3720.00/4000.0
Ep   94 | Phase: PROTAGO | Ticks: 779 | Protag R: -16625.00 | Antag R: 16254.00 | Delivery:  20.8% | Budget Used: 3720.00/4000.0
Ep   95 | Phase: PROTAGO | Ticks: 775 | Protag R: -13771.00 | Antag R: 13400.00 | Delivery:  14.0% | Budget Used: 3720.00/4000.0
Ep   96 | Phase: PROTAGO | Ticks: 798 | Protag R: -19799.00 | Antag R: 19428.00 | Delivery:  12.7% | Budget Used: 3720.00/4000.0
Ep   97 | Phase: PROTAGO | Ticks: 799 | Protag R: -11828.00 | Antag R: 11457.00 | Delivery:  26.3% | Budget Used: 3720.00/4000.0
Ep   98 | Phase: PROTAGO | Ticks: 789 | Protag R: -16020.00 | Antag R: 15649.00 | Delivery:  11.1% | Budget Used: 3720.00/4000.0
Ep   99 | Phase: PROTAGO | Ticks: 786 | Protag R: -15868.00 | Antag R: 15497.00 | Delivery:  21.6% | Budget Used: 3720.00/4000.0
Ep  100 | Phase: PROTAGO | Ticks: 776 | Protag R: -15120.00 | Antag R: 14749.00 | Delivery:  24.6% | Budget Used: 3720.00/4000.0
  [EVAL ep 100] greedy_atk=6769 learned_atk=8281 gap=+1512 +/-1477 (neg = learned beats greedy under attack)
Saving checkpoints for both agents before phase switch...
Ep  101 | Phase: PROTAGO | Ticks: 795 | Protag R: -12875.00 | Antag R: 12504.00 | Delivery:  22.0% | Budget Used: 3720.00/4000.0
Ep  102 | Phase: PROTAGO | Ticks: 784 | Protag R: -15142.00 | Antag R: 14771.00 | Delivery:  16.0% | Budget Used: 3720.00/4000.0
Ep  103 | Phase: PROTAGO | Ticks: 780 | Protag R: -12398.00 | Antag R: 12027.00 | Delivery:  20.0% | Budget Used: 3720.00/4000.0
Ep  104 | Phase: PROTAGO | Ticks: 789 | Protag R: -11935.00 | Antag R: 11564.00 | Delivery:  29.5% | Budget Used: 3720.00/4000.0
Ep  105 | Phase: PROTAGO | Ticks: 798 | Protag R: -17598.00 | Antag R: 17226.00 | Delivery:   7.5% | Budget Used: 3720.00/4000.0
Ep  106 | Phase: PROTAGO | Ticks: 776 | Protag R: -15801.00 | Antag R: 15429.00 | Delivery:  24.4% | Budget Used: 3720.00/4000.0
Ep  107 | Phase: PROTAGO | Ticks: 787 | Protag R: -13184.00 | Antag R: 12813.00 | Delivery:  27.3% | Budget Used: 3720.00/4000.0
Ep  108 | Phase: PROTAGO | Ticks: 776 | Protag R: -9300.00 | Antag R: 8929.00 | Delivery:  34.1% | Budget Used: 3720.00/4000.0
Ep  109 | Phase: PROTAGO | Ticks: 797 | Protag R: -10806.00 | Antag R: 10434.00 | Delivery:  25.0% | Budget Used: 3720.00/4000.0
Ep  110 | Phase: PROTAGO | Ticks: 799 | Protag R: -19406.00 | Antag R: 19035.00 | Delivery:  16.7% | Budget Used: 3720.00/4000.0
Ep  111 | Phase: PROTAGO | Ticks: 796 | Protag R: -14444.00 | Antag R: 14073.00 | Delivery:  23.8% | Budget Used: 3720.00/4000.0
Ep  112 | Phase: PROTAGO | Ticks: 798 | Protag R: -15866.00 | Antag R: 15495.00 | Delivery:  13.5% | Budget Used: 3720.00/4000.0
Ep  113 | Phase: PROTAGO | Ticks: 797 | Protag R: -15374.00 | Antag R: 15002.00 | Delivery:  16.3% | Budget Used: 3720.00/4000.0
Ep  114 | Phase: PROTAGO | Ticks: 790 | Protag R: -16774.00 | Antag R: 16403.00 | Delivery:  15.1% | Budget Used: 3720.00/4000.0
Ep  115 | Phase: PROTAGO | Ticks: 795 | Protag R: -13614.00 | Antag R: 13243.00 | Delivery:  17.4% | Budget Used: 3720.00/4000.0
Ep  116 | Phase: PROTAGO | Ticks: 799 | Protag R: -12984.00 | Antag R: 12613.00 | Delivery:  19.0% | Budget Used: 3720.00/4000.0
Ep  117 | Phase: PROTAGO | Ticks: 796 | Protag R: -11071.00 | Antag R: 10700.00 | Delivery:  23.7% | Budget Used: 3720.00/4000.0
Ep  118 | Phase: PROTAGO | Ticks: 775 | Protag R: -11025.00 | Antag R: 10654.00 | Delivery:  30.8% | Budget Used: 3720.00/4000.0
Ep  119 | Phase: PROTAGO | Ticks: 796 | Protag R: -15653.00 | Antag R: 15282.00 | Delivery:  22.6% | Budget Used: 3720.00/4000.0
Ep  120 | Phase: PROTAGO | Ticks: 798 | Protag R: -13813.00 | Antag R: 13442.00 | Delivery:  20.4% | Budget Used: 3720.00/4000.0
Ep  121 | Phase: PROTAGO | Ticks: 775 | Protag R: -16189.00 | Antag R: 15818.00 | Delivery:  27.1% | Budget Used: 3720.00/4000.0
Ep  122 | Phase: PROTAGO | Ticks: 791 | Protag R: -13903.00 | Antag R: 13532.00 | Delivery:  10.6% | Budget Used: 3720.00/4000.0
Ep  123 | Phase: PROTAGO | Ticks: 796 | Protag R: -15811.00 | Antag R: 15440.00 | Delivery:  26.5% | Budget Used: 3720.00/4000.0
Ep  124 | Phase: PROTAGO | Ticks: 777 | Protag R: -9517.00 | Antag R: 9146.00 | Delivery:  25.0% | Budget Used: 3720.00/4000.0
Ep  125 | Phase: PROTAGO | Ticks: 776 | Protag R: -17733.00 | Antag R: 17362.00 | Delivery:  14.8% | Budget Used: 3720.00/4000.0
Ep  126 | Phase: PROTAGO | Ticks: 798 | Protag R: -9124.00 | Antag R: 8753.00 | Delivery:  28.9% | Budget Used: 3720.00/4000.0
Ep  127 | Phase: PROTAGO | Ticks: 798 | Protag R: -11046.00 | Antag R: 10675.00 | Delivery:  39.1% | Budget Used: 3720.00/4000.0
Ep  128 | Phase: PROTAGO | Ticks: 785 | Protag R: -16605.00 | Antag R: 16234.00 | Delivery:  25.5% | Budget Used: 3720.00/4000.0
Ep  129 | Phase: PROTAGO | Ticks: 788 | Protag R: -13361.00 | Antag R: 12989.00 | Delivery:  26.1% | Budget Used: 3720.00/4000.0
Ep  130 | Phase: PROTAGO | Ticks: 790 | Protag R: -14973.00 | Antag R: 14602.00 | Delivery:  18.2% | Budget Used: 3720.00/4000.0
Ep  131 | Phase: PROTAGO | Ticks: 791 | Protag R: -19518.00 | Antag R: 19146.00 | Delivery:  13.8% | Budget Used: 3720.00/4000.0
Ep  132 | Phase: PROTAGO | Ticks: 775 | Protag R: -15432.00 | Antag R: 15061.00 | Delivery:  21.4% | Budget Used: 3720.00/4000.0
Ep  133 | Phase: PROTAGO | Ticks: 797 | Protag R: -19039.00 | Antag R: 18667.00 | Delivery:  11.5% | Budget Used: 3720.00/4000.0
Ep  134 | Phase: PROTAGO | Ticks: 798 | Protag R: -13036.00 | Antag R: 12664.00 | Delivery:  17.8% | Budget Used: 3720.00/4000.0
Ep  135 | Phase: PROTAGO | Ticks: 783 | Protag R: -18739.00 | Antag R: 18368.00 | Delivery:  16.4% | Budget Used: 3720.00/4000.0
Ep  136 | Phase: PROTAGO | Ticks: 783 | Protag R: -15204.00 | Antag R: 14832.00 | Delivery:  17.0% | Budget Used: 3720.00/4000.0
Ep  137 | Phase: PROTAGO | Ticks: 792 | Protag R: -18368.00 | Antag R: 17998.00 | Delivery:  18.2% | Budget Used: 3720.00/4000.0
Ep  138 | Phase: PROTAGO | Ticks: 775 | Protag R: -16820.00 | Antag R: 16449.00 | Delivery:  20.4% | Budget Used: 3720.00/4000.0
Ep  139 | Phase: PROTAGO | Ticks: 797 | Protag R: -17823.00 | Antag R: 17452.00 | Delivery:  20.8% | Budget Used: 3720.00/4000.0
Ep  140 | Phase: PROTAGO | Ticks: 798 | Protag R: -22309.00 | Antag R: 21938.00 | Delivery:  18.0% | Budget Used: 3720.00/4000.0
Ep  141 | Phase: PROTAGO | Ticks: 776 | Protag R: -8926.00 | Antag R: 8554.00 | Delivery:  28.2% | Budget Used: 3720.00/4000.0
Ep  142 | Phase: PROTAGO | Ticks: 795 | Protag R: -15267.00 | Antag R: 14896.00 | Delivery:  24.1% | Budget Used: 3720.00/4000.0
Ep  143 | Phase: PROTAGO | Ticks: 798 | Protag R: -16938.00 | Antag R: 16567.00 | Delivery:  19.0% | Budget Used: 3720.00/4000.0
Ep  144 | Phase: PROTAGO | Ticks: 789 | Protag R: -11914.00 | Antag R: 11543.00 | Delivery:  27.7% | Budget Used: 3720.00/4000.0
Ep  145 | Phase: PROTAGO | Ticks: 798 | Protag R: -13394.00 | Antag R: 13023.00 | Delivery:  25.0% | Budget Used: 3720.00/4000.0
Ep  146 | Phase: PROTAGO | Ticks: 798 | Protag R: -19877.00 | Antag R: 19506.00 | Delivery:  16.0% | Budget Used: 3720.00/4000.0
Ep  147 | Phase: PROTAGO | Ticks: 776 | Protag R: -5973.00 | Antag R: 5601.00 | Delivery:  30.0% | Budget Used: 3720.00/4000.0
Ep  148 | Phase: PROTAGO | Ticks: 775 | Protag R: -8866.00 | Antag R: 8495.00 | Delivery:  21.6% | Budget Used: 3720.00/4000.0
Ep  149 | Phase: PROTAGO | Ticks: 775 | Protag R: -18570.00 | Antag R: 18199.00 | Delivery:  18.9% | Budget Used: 3720.00/4000.0
Ep  150 | Phase: PROTAGO | Ticks: 797 | Protag R: -14200.00 | Antag R: 13828.00 | Delivery:  25.0% | Budget Used: 3720.00/4000.0
  [EVAL ep 150] greedy_atk=6769 learned_atk=10033 gap=+3265 +/-1086 (neg = learned beats greedy under attack)
Saving checkpoints for both agents before phase switch...
Ep  151 | Phase: PROTAGO | Ticks: 784 | Protag R: -13673.00 | Antag R: 13301.00 | Delivery:  31.8% | Budget Used: 3720.00/4000.0
Ep  152 | Phase: PROTAGO | Ticks: 776 | Protag R: -18237.00 | Antag R: 17866.00 | Delivery:  15.3% | Budget Used: 3720.00/4000.0
Ep  153 | Phase: PROTAGO | Ticks: 796 | Protag R: -9168.00 | Antag R: 8796.00 | Delivery:  27.6% | Budget Used: 3720.00/4000.0
Ep  154 | Phase: PROTAGO | Ticks: 797 | Protag R: -18667.00 | Antag R: 18296.00 | Delivery:  18.8% | Budget Used: 3720.00/4000.0
Ep  155 | Phase: PROTAGO | Ticks: 775 | Protag R: -16158.00 | Antag R: 15787.00 | Delivery:  23.1% | Budget Used: 3720.00/4000.0
Ep  156 | Phase: PROTAGO | Ticks: 791 | Protag R: -18658.00 | Antag R: 18287.00 | Delivery:  19.6% | Budget Used: 3720.00/4000.0
Ep  157 | Phase: PROTAGO | Ticks: 777 | Protag R: -19651.00 | Antag R: 19280.00 | Delivery:  20.6% | Budget Used: 3720.00/4000.0
Ep  158 | Phase: PROTAGO | Ticks: 782 | Protag R: -11471.00 | Antag R: 11100.00 | Delivery:  28.9% | Budget Used: 3720.00/4000.0
Ep  159 | Phase: PROTAGO | Ticks: 777 | Protag R: -14637.00 | Antag R: 14266.00 | Delivery:  20.8% | Budget Used: 3720.00/4000.0
Ep  160 | Phase: PROTAGO | Ticks: 793 | Protag R: -10467.00 | Antag R: 10096.00 | Delivery:  30.8% | Budget Used: 3720.00/4000.0
Ep  161 | Phase: PROTAGO | Ticks: 799 | Protag R: -10452.00 | Antag R: 10081.00 | Delivery:  37.8% | Budget Used: 3720.00/4000.0
Ep  162 | Phase: PROTAGO | Ticks: 798 | Protag R: -9600.00 | Antag R: 9229.00 | Delivery:  31.6% | Budget Used: 3720.00/4000.0
Ep  163 | Phase: PROTAGO | Ticks: 796 | Protag R: -15076.00 | Antag R: 14705.00 | Delivery:  19.2% | Budget Used: 3720.00/4000.0
Ep  164 | Phase: PROTAGO | Ticks: 798 | Protag R: -16312.00 | Antag R: 15941.00 | Delivery:  19.2% | Budget Used: 3720.00/4000.0
Ep  165 | Phase: PROTAGO | Ticks: 797 | Protag R: -15376.00 | Antag R: 15005.00 | Delivery:  13.7% | Budget Used: 3720.00/4000.0
Ep  166 | Phase: PROTAGO | Ticks: 781 | Protag R: -16095.00 | Antag R: 15724.00 | Delivery:  27.6% | Budget Used: 3720.00/4000.0
Ep  167 | Phase: PROTAGO | Ticks: 782 | Protag R: -15435.00 | Antag R: 15064.00 | Delivery:  27.5% | Budget Used: 3720.00/4000.0
Ep  168 | Phase: PROTAGO | Ticks: 797 | Protag R: -17278.00 | Antag R: 16907.00 | Delivery:  15.4% | Budget Used: 3720.00/4000.0
Ep  169 | Phase: PROTAGO | Ticks: 775 | Protag R: -12757.00 | Antag R: 12386.00 | Delivery:  23.4% | Budget Used: 3720.00/4000.0
Ep  170 | Phase: PROTAGO | Ticks: 783 | Protag R: -18849.00 | Antag R: 18478.00 | Delivery:  32.7% | Budget Used: 3720.00/4000.0
Ep  171 | Phase: PROTAGO | Ticks: 789 | Protag R: -14875.00 | Antag R: 14504.00 | Delivery:  35.4% | Budget Used: 3720.00/4000.0
Ep  172 | Phase: PROTAGO | Ticks: 776 | Protag R: -13200.00 | Antag R: 12829.00 | Delivery:  29.8% | Budget Used: 3720.00/4000.0
Ep  173 | Phase: PROTAGO | Ticks: 799 | Protag R: -11668.00 | Antag R: 11297.00 | Delivery:  36.6% | Budget Used: 3720.00/4000.0
Ep  174 | Phase: PROTAGO | Ticks: 776 | Protag R: -16402.00 | Antag R: 16030.00 | Delivery:  17.6% | Budget Used: 3720.00/4000.0
Ep  175 | Phase: PROTAGO | Ticks: 796 | Protag R: -21043.00 | Antag R: 20672.00 | Delivery:  16.9% | Budget Used: 3720.00/4000.0
Ep  176 | Phase: PROTAGO | Ticks: 790 | Protag R: -16937.00 | Antag R: 16566.00 | Delivery:  20.8% | Budget Used: 3720.00/4000.0
Ep  177 | Phase: PROTAGO | Ticks: 780 | Protag R: -23133.00 | Antag R: 22762.00 | Delivery:  15.6% | Budget Used: 3720.00/4000.0
Ep  178 | Phase: PROTAGO | Ticks: 776 | Protag R: -9699.00 | Antag R: 9328.00 | Delivery:  27.0% | Budget Used: 3720.00/4000.0
Ep  179 | Phase: PROTAGO | Ticks: 779 | Protag R: -16514.00 | Antag R: 16143.00 | Delivery:  16.7% | Budget Used: 3720.00/4000.0
Ep  180 | Phase: PROTAGO | Ticks: 777 | Protag R: -19355.00 | Antag R: 18983.00 | Delivery:  15.3% | Budget Used: 3720.00/4000.0
Ep  181 | Phase: PROTAGO | Ticks: 796 | Protag R: -17296.00 | Antag R: 16925.00 | Delivery:  15.1% | Budget Used: 3720.00/4000.0
Ep  182 | Phase: PROTAGO | Ticks: 785 | Protag R: -16613.00 | Antag R: 16242.00 | Delivery:  15.2% | Budget Used: 3720.00/4000.0
Ep  183 | Phase: PROTAGO | Ticks: 775 | Protag R: -15876.00 | Antag R: 15505.00 | Delivery:  16.4% | Budget Used: 3720.00/4000.0
Ep  184 | Phase: PROTAGO | Ticks: 777 | Protag R: -14915.00 | Antag R: 14543.00 | Delivery:  20.5% | Budget Used: 3720.00/4000.0
Ep  185 | Phase: PROTAGO | Ticks: 797 | Protag R: -16077.00 | Antag R: 15706.00 | Delivery:  18.2% | Budget Used: 3720.00/4000.0
Ep  186 | Phase: PROTAGO | Ticks: 775 | Protag R: -17436.00 | Antag R: 17065.00 | Delivery:  15.4% | Budget Used: 3720.00/4000.0
Ep  187 | Phase: PROTAGO | Ticks: 775 | Protag R: -19974.00 | Antag R: 19602.00 | Delivery:   9.1% | Budget Used: 3720.00/4000.0
Ep  188 | Phase: PROTAGO | Ticks: 775 | Protag R: -14316.00 | Antag R: 13945.00 | Delivery:  25.5% | Budget Used: 3720.00/4000.0
Ep  189 | Phase: PROTAGO | Ticks: 775 | Protag R: -10212.00 | Antag R: 9840.00 | Delivery:  30.0% | Budget Used: 3720.00/4000.0
Ep  190 | Phase: PROTAGO | Ticks: 797 | Protag R: -17611.00 | Antag R: 17240.00 | Delivery:  16.7% | Budget Used: 3720.00/4000.0
Ep  191 | Phase: PROTAGO | Ticks: 787 | Protag R: -12935.00 | Antag R: 12564.00 | Delivery:  20.0% | Budget Used: 3720.00/4000.0
Ep  192 | Phase: PROTAGO | Ticks: 796 | Protag R: -15120.00 | Antag R: 14749.00 | Delivery:  29.8% | Budget Used: 3720.00/4000.0
Ep  193 | Phase: PROTAGO | Ticks: 778 | Protag R: -15456.00 | Antag R: 15085.00 | Delivery:  28.3% | Budget Used: 3720.00/4000.0
Ep  194 | Phase: PROTAGO | Ticks: 796 | Protag R: -13700.00 | Antag R: 13329.00 | Delivery:  30.6% | Budget Used: 3720.00/4000.0
Ep  195 | Phase: PROTAGO | Ticks: 792 | Protag R: -11169.00 | Antag R: 10798.00 | Delivery:  37.2% | Budget Used: 3720.00/4000.0
Ep  196 | Phase: PROTAGO | Ticks: 786 | Protag R: -16555.00 | Antag R: 16184.00 | Delivery:  23.7% | Budget Used: 3720.00/4000.0
Ep  197 | Phase: PROTAGO | Ticks: 787 | Protag R: -14308.00 | Antag R: 13937.00 | Delivery:  20.0% | Budget Used: 3720.00/4000.0
Ep  198 | Phase: PROTAGO | Ticks: 799 | Protag R: -13950.00 | Antag R: 13579.00 | Delivery:  23.4% | Budget Used: 3720.00/4000.0
Ep  199 | Phase: PROTAGO | Ticks: 796 | Protag R: -13432.00 | Antag R: 13061.00 | Delivery:  27.9% | Budget Used: 3720.00/4000.0
Ep  200 | Phase: PROTAGO | Ticks: 799 | Protag R: -11944.00 | Antag R: 11572.00 | Delivery:  30.4% | Budget Used: 3720.00/4000.0
  [EVAL ep 200] greedy_atk=6769 learned_atk=9240 gap=+2471 +/-1146 (neg = learned beats greedy under attack)
Saving checkpoints for both agents before phase switch...
Ep  201 | Phase: PROTAGO | Ticks: 777 | Protag R: -12595.00 | Antag R: 12224.00 | Delivery:  24.5% | Budget Used: 3720.00/4000.0
Ep  202 | Phase: PROTAGO | Ticks: 799 | Protag R: -19957.00 | Antag R: 19585.00 | Delivery:  23.0% | Budget Used: 3720.00/4000.0
Ep  203 | Phase: PROTAGO | Ticks: 798 | Protag R: -10785.00 | Antag R: 10414.00 | Delivery:  26.3% | Budget Used: 3720.00/4000.0
Ep  204 | Phase: PROTAGO | Ticks: 778 | Protag R: -10950.00 | Antag R: 10579.00 | Delivery:  30.2% | Budget Used: 3720.00/4000.0
Ep  205 | Phase: PROTAGO | Ticks: 797 | Protag R: -7289.00 | Antag R: 6917.00 | Delivery:  42.1% | Budget Used: 3720.00/4000.0
Ep  206 | Phase: PROTAGO | Ticks: 777 | Protag R: -8648.00 | Antag R: 8277.00 | Delivery:  37.8% | Budget Used: 3720.00/4000.0
Ep  207 | Phase: PROTAGO | Ticks: 798 | Protag R: -13600.00 | Antag R: 13228.00 | Delivery:  27.1% | Budget Used: 3720.00/4000.0
Ep  208 | Phase: PROTAGO | Ticks: 775 | Protag R: -15005.00 | Antag R: 14634.00 | Delivery:  26.8% | Budget Used: 3720.00/4000.0
Ep  209 | Phase: PROTAGO | Ticks: 778 | Protag R: -10801.00 | Antag R: 10430.00 | Delivery:  27.7% | Budget Used: 3720.00/4000.0
Ep  210 | Phase: PROTAGO | Ticks: 793 | Protag R: -13003.00 | Antag R: 12632.00 | Delivery:  30.0% | Budget Used: 3720.00/4000.0
Ep  211 | Phase: PROTAGO | Ticks: 796 | Protag R: -16914.00 | Antag R: 16543.00 | Delivery:  23.1% | Budget Used: 3720.00/4000.0
Ep  212 | Phase: PROTAGO | Ticks: 775 | Protag R: -13131.00 | Antag R: 12760.00 | Delivery:  20.4% | Budget Used: 3720.00/4000.0
Ep  213 | Phase: PROTAGO | Ticks: 798 | Protag R: -21931.00 | Antag R: 21561.00 | Delivery:  15.2% | Budget Used: 3720.00/4000.0
Ep  214 | Phase: PROTAGO | Ticks: 793 | Protag R: -14988.00 | Antag R: 14617.00 | Delivery:  24.5% | Budget Used: 3720.00/4000.0
Ep  215 | Phase: PROTAGO | Ticks: 775 | Protag R: -12894.00 | Antag R: 12523.00 | Delivery:  28.6% | Budget Used: 3720.00/4000.0
Ep  216 | Phase: PROTAGO | Ticks: 775 | Protag R: -10706.00 | Antag R: 10334.00 | Delivery:  26.3% | Budget Used: 3720.00/4000.0
Ep  217 | Phase: PROTAGO | Ticks: 796 | Protag R: -12336.00 | Antag R: 11965.00 | Delivery:  26.3% | Budget Used: 3720.00/4000.0
Ep  218 | Phase: PROTAGO | Ticks: 798 | Protag R: -13923.00 | Antag R: 13552.00 | Delivery:  25.0% | Budget Used: 3720.00/4000.0
Ep  219 | Phase: PROTAGO | Ticks: 791 | Protag R: -11821.00 | Antag R: 11450.00 | Delivery:  22.5% | Budget Used: 3720.00/4000.0
Ep  220 | Phase: PROTAGO | Ticks: 799 | Protag R: -19132.00 | Antag R: 18761.00 | Delivery:  17.3% | Budget Used: 3720.00/4000.0
Ep  221 | Phase: PROTAGO | Ticks: 797 | Protag R: -18178.00 | Antag R: 17807.00 | Delivery:  16.4% | Budget Used: 3720.00/4000.0
Ep  222 | Phase: PROTAGO | Ticks: 799 | Protag R: -11368.00 | Antag R: 10997.00 | Delivery:  35.9% | Budget Used: 3720.00/4000.0
Ep  223 | Phase: PROTAGO | Ticks: 782 | Protag R: -17397.00 | Antag R: 17026.00 | Delivery:  18.5% | Budget Used: 3720.00/4000.0
Ep  224 | Phase: PROTAGO | Ticks: 798 | Protag R: -12743.00 | Antag R: 12371.00 | Delivery:  21.3% | Budget Used: 3720.00/4000.0
Ep  225 | Phase: PROTAGO | Ticks: 797 | Protag R: -13479.00 | Antag R: 13107.00 | Delivery:  21.7% | Budget Used: 3720.00/4000.0
Ep  226 | Phase: PROTAGO | Ticks: 790 | Protag R: -14867.00 | Antag R: 14495.00 | Delivery:  18.0% | Budget Used: 3720.00/4000.0
Ep  227 | Phase: PROTAGO | Ticks: 790 | Protag R: -7234.00 | Antag R: 6862.00 | Delivery:  31.7% | Budget Used: 3720.00/4000.0
Ep  228 | Phase: PROTAGO | Ticks: 797 | Protag R: -19744.00 | Antag R: 19373.00 | Delivery:  13.6% | Budget Used: 3720.00/4000.0
Ep  229 | Phase: PROTAGO | Ticks: 786 | Protag R: -14575.00 | Antag R: 14204.00 | Delivery:  29.3% | Budget Used: 3720.00/4000.0
Ep  230 | Phase: PROTAGO | Ticks: 797 | Protag R: -5407.00 | Antag R: 5035.00 | Delivery:  31.4% | Budget Used: 3720.00/4000.0
Ep  231 | Phase: PROTAGO | Ticks: 794 | Protag R: -12445.00 | Antag R: 12074.00 | Delivery:  30.6% | Budget Used: 3720.00/4000.0
Ep  232 | Phase: PROTAGO | Ticks: 796 | Protag R: -13871.00 | Antag R: 13500.00 | Delivery:  34.7% | Budget Used: 3720.00/4000.0
Ep  233 | Phase: PROTAGO | Ticks: 797 | Protag R: -12377.00 | Antag R: 12006.00 | Delivery:  22.7% | Budget Used: 3720.00/4000.0
Ep  234 | Phase: PROTAGO | Ticks: 776 | Protag R: -19789.00 | Antag R: 19417.00 | Delivery:  16.9% | Budget Used: 3720.00/4000.0
Ep  235 | Phase: PROTAGO | Ticks: 797 | Protag R: -12039.00 | Antag R: 11668.00 | Delivery:  33.3% | Budget Used: 3720.00/4000.0
Ep  236 | Phase: PROTAGO | Ticks: 798 | Protag R: -15644.00 | Antag R: 15273.00 | Delivery:  29.3% | Budget Used: 3720.00/4000.0
Ep  237 | Phase: PROTAGO | Ticks: 790 | Protag R: -17167.00 | Antag R: 16796.00 | Delivery:  24.0% | Budget Used: 3720.00/4000.0
Ep  238 | Phase: PROTAGO | Ticks: 798 | Protag R: -13606.00 | Antag R: 13235.00 | Delivery:  26.0% | Budget Used: 3720.00/4000.0
Ep  239 | Phase: PROTAGO | Ticks: 776 | Protag R: -13070.00 | Antag R: 12699.00 | Delivery:  25.0% | Budget Used: 3720.00/4000.0
Ep  240 | Phase: PROTAGO | Ticks: 788 | Protag R: -10174.00 | Antag R: 9803.00 | Delivery:  35.9% | Budget Used: 3720.00/4000.0
Ep  241 | Phase: PROTAGO | Ticks: 777 | Protag R: -7377.00 | Antag R: 7005.00 | Delivery:  39.5% | Budget Used: 3720.00/4000.0
Ep  242 | Phase: PROTAGO | Ticks: 798 | Protag R: -17961.00 | Antag R: 17590.00 | Delivery:  22.6% | Budget Used: 3720.00/4000.0
Ep  243 | Phase: PROTAGO | Ticks: 775 | Protag R: -15623.00 | Antag R: 15252.00 | Delivery:  17.6% | Budget Used: 3720.00/4000.0
Ep  244 | Phase: PROTAGO | Ticks: 786 | Protag R: -16512.00 | Antag R: 16142.00 | Delivery:  16.1% | Budget Used: 3720.00/4000.0
Ep  245 | Phase: PROTAGO | Ticks: 795 | Protag R: -10573.00 | Antag R: 10201.00 | Delivery:  31.0% | Budget Used: 3720.00/4000.0
Ep  246 | Phase: PROTAGO | Ticks: 784 | Protag R: -15433.00 | Antag R: 15062.00 | Delivery:  29.4% | Budget Used: 3720.00/4000.0
Ep  247 | Phase: PROTAGO | Ticks: 791 | Protag R: -18947.00 | Antag R: 18575.00 | Delivery:  14.5% | Budget Used: 3720.00/4000.0
Ep  248 | Phase: PROTAGO | Ticks: 798 | Protag R: -15088.00 | Antag R: 14717.00 | Delivery:  30.8% | Budget Used: 3720.00/4000.0
Ep  249 | Phase: PROTAGO | Ticks: 795 | Protag R: -12734.00 | Antag R: 12363.00 | Delivery:  29.5% | Budget Used: 3720.00/4000.0
Ep  250 | Phase: PROTAGO | Ticks: 783 | Protag R: -9669.00 | Antag R: 9298.00 | Delivery:  33.3% | Budget Used: 3720.00/4000.0
  [EVAL ep 250] greedy_atk=6769 learned_atk=8761 gap=+1992 +/-954 (neg = learned beats greedy under attack)
Saving checkpoints for both agents before phase switch...
Ep  251 | Phase: PROTAGO | Ticks: 797 | Protag R: -14235.00 | Antag R: 13864.00 | Delivery:  25.5% | Budget Used: 3720.00/4000.0
Ep  252 | Phase: PROTAGO | Ticks: 797 | Protag R: -10345.00 | Antag R: 9974.00 | Delivery:  37.8% | Budget Used: 3720.00/4000.0
Ep  253 | Phase: PROTAGO | Ticks: 776 | Protag R: -17906.00 | Antag R: 17535.00 | Delivery:  23.0% | Budget Used: 3720.00/4000.0
Ep  254 | Phase: PROTAGO | Ticks: 799 | Protag R: -12933.00 | Antag R: 12562.00 | Delivery:  30.8% | Budget Used: 3720.00/4000.0
Ep  255 | Phase: PROTAGO | Ticks: 788 | Protag R: -8214.00 | Antag R: 7843.00 | Delivery:  34.2% | Budget Used: 3720.00/4000.0
Ep  256 | Phase: PROTAGO | Ticks: 795 | Protag R: -13527.00 | Antag R: 13156.00 | Delivery:  32.0% | Budget Used: 3720.00/4000.0
Ep  257 | Phase: PROTAGO | Ticks: 797 | Protag R: -10085.00 | Antag R: 9714.00 | Delivery:  33.3% | Budget Used: 3720.00/4000.0
Ep  258 | Phase: PROTAGO | Ticks: 797 | Protag R: -7305.00 | Antag R: 6933.00 | Delivery:  22.9% | Budget Used: 3720.00/4000.0
Ep  259 | Phase: PROTAGO | Ticks: 790 | Protag R: -13855.00 | Antag R: 13483.00 | Delivery:  28.6% | Budget Used: 3720.00/4000.0
Ep  260 | Phase: PROTAGO | Ticks: 799 | Protag R: -13937.00 | Antag R: 13567.00 | Delivery:  18.4% | Budget Used: 3720.00/4000.0
Ep  261 | Phase: PROTAGO | Ticks: 778 | Protag R: -11354.00 | Antag R: 10983.00 | Delivery:  39.5% | Budget Used: 3720.00/4000.0
Ep  262 | Phase: PROTAGO | Ticks: 797 | Protag R: -13614.00 | Antag R: 13242.00 | Delivery:  25.5% | Budget Used: 3720.00/4000.0
Ep  263 | Phase: PROTAGO | Ticks: 799 | Protag R: -14486.00 | Antag R: 14115.00 | Delivery:  31.9% | Budget Used: 3720.00/4000.0
Ep  264 | Phase: PROTAGO | Ticks: 777 | Protag R: -9894.00 | Antag R: 9523.00 | Delivery:  31.8% | Budget Used: 3720.00/4000.0
Ep  265 | Phase: PROTAGO | Ticks: 775 | Protag R: -10939.00 | Antag R: 10567.00 | Delivery:  31.1% | Budget Used: 3720.00/4000.0
Ep  266 | Phase: PROTAGO | Ticks: 790 | Protag R: -15970.00 | Antag R: 15599.00 | Delivery:  19.3% | Budget Used: 3720.00/4000.0
Ep  267 | Phase: PROTAGO | Ticks: 779 | Protag R: -15060.00 | Antag R: 14688.00 | Delivery:  12.5% | Budget Used: 3720.00/4000.0
Ep  268 | Phase: PROTAGO | Ticks: 775 | Protag R: -6984.00 | Antag R: 6612.00 | Delivery:  42.9% | Budget Used: 3720.00/4000.0
Ep  269 | Phase: PROTAGO | Ticks: 798 | Protag R: -11462.00 | Antag R: 11090.00 | Delivery:  27.5% | Budget Used: 3720.00/4000.0
Ep  270 | Phase: PROTAGO | Ticks: 794 | Protag R: -12841.00 | Antag R: 12470.00 | Delivery:  36.2% | Budget Used: 3720.00/4000.0
Ep  271 | Phase: PROTAGO | Ticks: 784 | Protag R: -11260.00 | Antag R: 10889.00 | Delivery:  33.3% | Budget Used: 3720.00/4000.0
Ep  272 | Phase: PROTAGO | Ticks: 789 | Protag R: -11076.00 | Antag R: 10705.00 | Delivery:  36.4% | Budget Used: 3720.00/4000.0
Ep  273 | Phase: PROTAGO | Ticks: 798 | Protag R: -14574.00 | Antag R: 14202.00 | Delivery:  27.7% | Budget Used: 3720.00/4000.0
Ep  274 | Phase: PROTAGO | Ticks: 781 | Protag R: -14352.00 | Antag R: 13981.00 | Delivery:  22.4% | Budget Used: 3720.00/4000.0
Ep  275 | Phase: PROTAGO | Ticks: 793 | Protag R: -9288.00 | Antag R: 8917.00 | Delivery:  32.6% | Budget Used: 3720.00/4000.0
Ep  276 | Phase: PROTAGO | Ticks: 777 | Protag R: -13392.00 | Antag R: 13021.00 | Delivery:  23.1% | Budget Used: 3720.00/4000.0
Ep  277 | Phase: PROTAGO | Ticks: 783 | Protag R: -8322.00 | Antag R: 7951.00 | Delivery:  35.4% | Budget Used: 3720.00/4000.0
Ep  278 | Phase: PROTAGO | Ticks: 797 | Protag R: -19549.00 | Antag R: 19178.00 | Delivery:  23.1% | Budget Used: 3720.00/4000.0
Ep  279 | Phase: PROTAGO | Ticks: 798 | Protag R: -10147.00 | Antag R: 9775.00 | Delivery:  30.2% | Budget Used: 3720.00/4000.0
Ep  280 | Phase: PROTAGO | Ticks: 784 | Protag R: -18650.00 | Antag R: 18279.00 | Delivery:  19.0% | Budget Used: 3720.00/4000.0
Ep  281 | Phase: PROTAGO | Ticks: 796 | Protag R: -15834.00 | Antag R: 15463.00 | Delivery:  18.5% | Budget Used: 3720.00/4000.0
Ep  282 | Phase: PROTAGO | Ticks: 777 | Protag R: -13901.00 | Antag R: 13529.00 | Delivery:  15.7% | Budget Used: 3720.00/4000.0
Ep  283 | Phase: PROTAGO | Ticks: 775 | Protag R: -12788.00 | Antag R: 12417.00 | Delivery:  28.8% | Budget Used: 3720.00/4000.0
Ep  284 | Phase: PROTAGO | Ticks: 775 | Protag R: -13425.00 | Antag R: 13054.00 | Delivery:  26.0% | Budget Used: 3720.00/4000.0
Ep  285 | Phase: PROTAGO | Ticks: 777 | Protag R: -12798.00 | Antag R: 12427.00 | Delivery:  24.1% | Budget Used: 3720.00/4000.0
Ep  286 | Phase: PROTAGO | Ticks: 778 | Protag R: -13254.00 | Antag R: 12883.00 | Delivery:  29.2% | Budget Used: 3720.00/4000.0
Ep  287 | Phase: PROTAGO | Ticks: 796 | Protag R: -10915.00 | Antag R: 10544.00 | Delivery:  27.3% | Budget Used: 3720.00/4000.0
Ep  288 | Phase: PROTAGO | Ticks: 792 | Protag R: -18345.00 | Antag R: 17974.00 | Delivery:  20.0% | Budget Used: 3720.00/4000.0
Ep  289 | Phase: PROTAGO | Ticks: 780 | Protag R: -9254.00 | Antag R: 8883.00 | Delivery:  32.3% | Budget Used: 3720.00/4000.0
Ep  290 | Phase: PROTAGO | Ticks: 775 | Protag R: -15901.00 | Antag R: 15530.00 | Delivery:  17.0% | Budget Used: 3720.00/4000.0
Ep  291 | Phase: PROTAGO | Ticks: 799 | Protag R: -12924.00 | Antag R: 12553.00 | Delivery:  18.2% | Budget Used: 3720.00/4000.0
Ep  292 | Phase: PROTAGO | Ticks: 795 | Protag R: -18046.00 | Antag R: 17675.00 | Delivery:  13.0% | Budget Used: 3720.00/4000.0
Ep  293 | Phase: PROTAGO | Ticks: 797 | Protag R: -12477.00 | Antag R: 12106.00 | Delivery:  30.8% | Budget Used: 3720.00/4000.0
Ep  294 | Phase: PROTAGO | Ticks: 797 | Protag R: -14360.00 | Antag R: 13989.00 | Delivery:  28.0% | Budget Used: 3720.00/4000.0
Ep  295 | Phase: PROTAGO | Ticks: 798 | Protag R: -7757.00 | Antag R: 7386.00 | Delivery:  36.8% | Budget Used: 3720.00/4000.0
Ep  296 | Phase: PROTAGO | Ticks: 776 | Protag R: -15899.00 | Antag R: 15528.00 | Delivery:  19.6% | Budget Used: 3720.00/4000.0
Ep  297 | Phase: PROTAGO | Ticks: 798 | Protag R: -14972.00 | Antag R: 14601.00 | Delivery:  28.3% | Budget Used: 3720.00/4000.0
Ep  298 | Phase: PROTAGO | Ticks: 799 | Protag R: -11639.00 | Antag R: 11268.00 | Delivery:  21.8% | Budget Used: 3720.00/4000.0
Ep  299 | Phase: PROTAGO | Ticks: 777 | Protag R: -15467.00 | Antag R: 15096.00 | Delivery:  26.7% | Budget Used: 3720.00/4000.0
Ep  300 | Phase: PROTAGO | Ticks: 785 | Protag R: -14276.00 | Antag R: 13905.00 | Delivery:  23.3% | Budget Used: 3720.00/4000.0
  [EVAL ep 300] greedy_atk=6769 learned_atk=8143 gap=+1374 +/-882 (neg = learned beats greedy under attack)
Saving checkpoints for both agents before phase switch...
Ep  301 | Phase: PROTAGO | Ticks: 799 | Protag R: -10459.00 | Antag R: 10087.00 | Delivery:  32.6% | Budget Used: 3720.00/4000.0
Ep  302 | Phase: PROTAGO | Ticks: 775 | Protag R: -12990.00 | Antag R: 12619.00 | Delivery:  23.4% | Budget Used: 3720.00/4000.0
Ep  303 | Phase: PROTAGO | Ticks: 797 | Protag R: -11342.00 | Antag R: 10970.00 | Delivery:  31.7% | Budget Used: 3720.00/4000.0
Ep  304 | Phase: PROTAGO | Ticks: 798 | Protag R: -16285.00 | Antag R: 15914.00 | Delivery:  20.4% | Budget Used: 3720.00/4000.0
Ep  305 | Phase: PROTAGO | Ticks: 797 | Protag R: -20641.00 | Antag R: 20270.00 | Delivery:  18.3% | Budget Used: 3720.00/4000.0
Ep  306 | Phase: PROTAGO | Ticks: 788 | Protag R: -13138.00 | Antag R: 12767.00 | Delivery:  28.6% | Budget Used: 3720.00/4000.0
Ep  307 | Phase: PROTAGO | Ticks: 787 | Protag R: -17088.00 | Antag R: 16716.00 | Delivery:  17.6% | Budget Used: 3720.00/4000.0
Ep  308 | Phase: PROTAGO | Ticks: 796 | Protag R: -12912.00 | Antag R: 12540.00 | Delivery:  22.7% | Budget Used: 3720.00/4000.0
Ep  309 | Phase: PROTAGO | Ticks: 775 | Protag R: -11737.00 | Antag R: 11365.00 | Delivery:  33.3% | Budget Used: 3720.00/4000.0
Ep  310 | Phase: PROTAGO | Ticks: 782 | Protag R: -14905.00 | Antag R: 14534.00 | Delivery:  21.6% | Budget Used: 3720.00/4000.0
Ep  311 | Phase: PROTAGO | Ticks: 795 | Protag R: -14424.00 | Antag R: 14053.00 | Delivery:  18.8% | Budget Used: 3720.00/4000.0
Ep  312 | Phase: PROTAGO | Ticks: 788 | Protag R: -7918.00 | Antag R: 7547.00 | Delivery:  48.1% | Budget Used: 3720.00/4000.0
Ep  313 | Phase: PROTAGO | Ticks: 799 | Protag R: -15553.00 | Antag R: 15182.00 | Delivery:  25.0% | Budget Used: 3720.00/4000.0
Ep  314 | Phase: PROTAGO | Ticks: 797 | Protag R: -16149.00 | Antag R: 15779.00 | Delivery:  25.5% | Budget Used: 3720.00/4000.0
Ep  315 | Phase: PROTAGO | Ticks: 779 | Protag R: -14928.00 | Antag R: 14556.00 | Delivery:  23.4% | Budget Used: 3720.00/4000.0
Ep  316 | Phase: PROTAGO | Ticks: 796 | Protag R: -14255.00 | Antag R: 13884.00 | Delivery:  26.5% | Budget Used: 3720.00/4000.0
Ep  317 | Phase: PROTAGO | Ticks: 796 | Protag R: -11016.00 | Antag R: 10644.00 | Delivery:  31.4% | Budget Used: 3720.00/4000.0
Ep  318 | Phase: PROTAGO | Ticks: 775 | Protag R: -16446.00 | Antag R: 16074.00 | Delivery:  21.3% | Budget Used: 3720.00/4000.0
Ep  319 | Phase: PROTAGO | Ticks: 796 | Protag R: -14641.00 | Antag R: 14271.00 | Delivery:  22.2% | Budget Used: 3720.00/4000.0
Ep  320 | Phase: PROTAGO | Ticks: 797 | Protag R: -10791.00 | Antag R: 10420.00 | Delivery:  39.1% | Budget Used: 3720.00/4000.0
Ep  321 | Phase: PROTAGO | Ticks: 797 | Protag R: -18940.00 | Antag R: 18569.00 | Delivery:  18.6% | Budget Used: 3720.00/4000.0
Ep  322 | Phase: PROTAGO | Ticks: 797 | Protag R: -15885.00 | Antag R: 15513.00 | Delivery:  22.4% | Budget Used: 3720.00/4000.0
Ep  323 | Phase: PROTAGO | Ticks: 785 | Protag R: -13272.00 | Antag R: 12901.00 | Delivery:  29.8% | Budget Used: 3720.00/4000.0
Ep  324 | Phase: PROTAGO | Ticks: 797 | Protag R: -10970.00 | Antag R: 10598.00 | Delivery:  33.3% | Budget Used: 3720.00/4000.0
Ep  325 | Phase: PROTAGO | Ticks: 782 | Protag R: -13019.00 | Antag R: 12647.00 | Delivery:  30.8% | Budget Used: 3720.00/4000.0
Ep  326 | Phase: PROTAGO | Ticks: 789 | Protag R: -14244.00 | Antag R: 13873.00 | Delivery:  19.1% | Budget Used: 3720.00/4000.0
Ep  327 | Phase: PROTAGO | Ticks: 797 | Protag R: -13949.00 | Antag R: 13578.00 | Delivery:  26.0% | Budget Used: 3720.00/4000.0
Ep  328 | Phase: PROTAGO | Ticks: 797 | Protag R: -16684.00 | Antag R: 16313.00 | Delivery:  18.2% | Budget Used: 3720.00/4000.0
Ep  329 | Phase: PROTAGO | Ticks: 789 | Protag R: -18247.00 | Antag R: 17876.00 | Delivery:  27.4% | Budget Used: 3720.00/4000.0
Ep  330 | Phase: PROTAGO | Ticks: 798 | Protag R: -14964.00 | Antag R: 14593.00 | Delivery:  20.8% | Budget Used: 3720.00/4000.0
Ep  331 | Phase: PROTAGO | Ticks: 779 | Protag R: -9191.00 | Antag R: 8820.00 | Delivery:  40.5% | Budget Used: 3720.00/4000.0
Ep  332 | Phase: PROTAGO | Ticks: 776 | Protag R: -13643.00 | Antag R: 13272.00 | Delivery:  30.0% | Budget Used: 3720.00/4000.0
Ep  333 | Phase: PROTAGO | Ticks: 775 | Protag R: -16371.00 | Antag R: 16000.00 | Delivery:  20.4% | Budget Used: 3720.00/4000.0
Ep  334 | Phase: PROTAGO | Ticks: 775 | Protag R: -7686.00 | Antag R: 7315.00 | Delivery:  27.5% | Budget Used: 3720.00/4000.0
Ep  335 | Phase: PROTAGO | Ticks: 776 | Protag R: -13332.00 | Antag R: 12961.00 | Delivery:  38.6% | Budget Used: 3720.00/4000.0
Ep  336 | Phase: PROTAGO | Ticks: 781 | Protag R: -18863.00 | Antag R: 18492.00 | Delivery:  21.3% | Budget Used: 3720.00/4000.0
Ep  337 | Phase: PROTAGO | Ticks: 789 | Protag R: -19330.00 | Antag R: 18959.00 | Delivery:  22.0% | Budget Used: 3720.00/4000.0
Ep  338 | Phase: PROTAGO | Ticks: 777 | Protag R: -14793.00 | Antag R: 14422.00 | Delivery:  21.3% | Budget Used: 3720.00/4000.0
Ep  339 | Phase: PROTAGO | Ticks: 781 | Protag R: -16304.00 | Antag R: 15933.00 | Delivery:  28.6% | Budget Used: 3720.00/4000.0
Ep  340 | Phase: PROTAGO | Ticks: 796 | Protag R: -12204.00 | Antag R: 11833.00 | Delivery:  29.8% | Budget Used: 3720.00/4000.0
Ep  341 | Phase: PROTAGO | Ticks: 787 | Protag R: -10572.00 | Antag R: 10200.00 | Delivery:  20.9% | Budget Used: 3720.00/4000.0
Ep  342 | Phase: PROTAGO | Ticks: 794 | Protag R: -8449.00 | Antag R: 8078.00 | Delivery:  39.4% | Budget Used: 3720.00/4000.0
Ep  343 | Phase: PROTAGO | Ticks: 784 | Protag R: -13252.00 | Antag R: 12881.00 | Delivery:  21.7% | Budget Used: 3720.00/4000.0
Ep  344 | Phase: PROTAGO | Ticks: 777 | Protag R: -11096.00 | Antag R: 10725.00 | Delivery:  28.6% | Budget Used: 3720.00/4000.0
Ep  345 | Phase: PROTAGO | Ticks: 797 | Protag R: -18318.00 | Antag R: 17946.00 | Delivery:  19.2% | Budget Used: 3720.00/4000.0
Ep  346 | Phase: PROTAGO | Ticks: 797 | Protag R: -14764.00 | Antag R: 14393.00 | Delivery:  25.5% | Budget Used: 3720.00/4000.0
Ep  347 | Phase: PROTAGO | Ticks: 775 | Protag R: -18666.00 | Antag R: 18295.00 | Delivery:  22.8% | Budget Used: 3720.00/4000.0
Ep  348 | Phase: PROTAGO | Ticks: 798 | Protag R: -12455.00 | Antag R: 12084.00 | Delivery:  27.9% | Budget Used: 3720.00/4000.0
Ep  349 | Phase: PROTAGO | Ticks: 796 | Protag R: -16653.00 | Antag R: 16282.00 | Delivery:  15.4% | Budget Used: 3720.00/4000.0
Ep  350 | Phase: PROTAGO | Ticks: 775 | Protag R: -9795.00 | Antag R: 9424.00 | Delivery:  43.2% | Budget Used: 3720.00/4000.0
  [EVAL ep 350] greedy_atk=6769 learned_atk=9556 gap=+2787 +/-1597 (neg = learned beats greedy under attack)
Saving checkpoints for both agents before phase switch...
Ep  351 | Phase: PROTAGO | Ticks: 779 | Protag R: -15936.00 | Antag R: 15565.00 | Delivery:  23.5% | Budget Used: 3720.00/4000.0
Ep  352 | Phase: PROTAGO | Ticks: 784 | Protag R: -12620.00 | Antag R: 12249.00 | Delivery:  25.0% | Budget Used: 3720.00/4000.0
Ep  353 | Phase: PROTAGO | Ticks: 796 | Protag R: -15889.00 | Antag R: 15518.00 | Delivery:  27.8% | Budget Used: 3720.00/4000.0
Ep  354 | Phase: PROTAGO | Ticks: 775 | Protag R: -21530.00 | Antag R: 21159.00 | Delivery:  14.0% | Budget Used: 3720.00/4000.0
Ep  355 | Phase: PROTAGO | Ticks: 777 | Protag R: -15767.00 | Antag R: 15395.00 | Delivery:  17.6% | Budget Used: 3720.00/4000.0
Ep  356 | Phase: PROTAGO | Ticks: 793 | Protag R: -17091.00 | Antag R: 16720.00 | Delivery:  20.8% | Budget Used: 3720.00/4000.0
Ep  357 | Phase: PROTAGO | Ticks: 776 | Protag R: -15147.00 | Antag R: 14776.00 | Delivery:  21.6% | Budget Used: 3720.00/4000.0
Ep  358 | Phase: PROTAGO | Ticks: 788 | Protag R: -25125.00 | Antag R: 24753.00 | Delivery:  20.5% | Budget Used: 3720.00/4000.0
Ep  359 | Phase: PROTAGO | Ticks: 799 | Protag R: -18915.00 | Antag R: 18544.00 | Delivery:  20.4% | Budget Used: 3720.00/4000.0
Ep  360 | Phase: PROTAGO | Ticks: 796 | Protag R: -13370.00 | Antag R: 12998.00 | Delivery:  18.8% | Budget Used: 3720.00/4000.0
Ep  361 | Phase: PROTAGO | Ticks: 797 | Protag R: -8661.00 | Antag R: 8290.00 | Delivery:  30.8% | Budget Used: 3720.00/4000.0
Ep  362 | Phase: PROTAGO | Ticks: 775 | Protag R: -7568.00 | Antag R: 7197.00 | Delivery:  41.0% | Budget Used: 3720.00/4000.0
Ep  363 | Phase: PROTAGO | Ticks: 785 | Protag R: -9985.00 | Antag R: 9613.00 | Delivery:  28.9% | Budget Used: 3720.00/4000.0
Ep  364 | Phase: PROTAGO | Ticks: 797 | Protag R: -11042.00 | Antag R: 10670.00 | Delivery:  17.1% | Budget Used: 3720.00/4000.0
Ep  365 | Phase: PROTAGO | Ticks: 776 | Protag R: -18055.00 | Antag R: 17684.00 | Delivery:  18.9% | Budget Used: 3720.00/4000.0
Ep  366 | Phase: PROTAGO | Ticks: 797 | Protag R: -15046.00 | Antag R: 14674.00 | Delivery:  15.2% | Budget Used: 3720.00/4000.0
Ep  367 | Phase: PROTAGO | Ticks: 787 | Protag R: -18062.00 | Antag R: 17691.00 | Delivery:  22.8% | Budget Used: 3720.00/4000.0
Ep  368 | Phase: PROTAGO | Ticks: 780 | Protag R: -10845.00 | Antag R: 10474.00 | Delivery:  31.7% | Budget Used: 3720.00/4000.0
Ep  369 | Phase: PROTAGO | Ticks: 779 | Protag R: -10014.00 | Antag R: 9642.00 | Delivery:  33.3% | Budget Used: 3720.00/4000.0
Ep  370 | Phase: PROTAGO | Ticks: 798 | Protag R: -10043.00 | Antag R: 9672.00 | Delivery:  31.6% | Budget Used: 3720.00/4000.0
Ep  371 | Phase: PROTAGO | Ticks: 797 | Protag R: -13597.00 | Antag R: 13226.00 | Delivery:  27.7% | Budget Used: 3720.00/4000.0
Ep  372 | Phase: PROTAGO | Ticks: 798 | Protag R: -10738.00 | Antag R: 10367.00 | Delivery:  34.1% | Budget Used: 3720.00/4000.0
Ep  373 | Phase: PROTAGO | Ticks: 790 | Protag R: -11566.00 | Antag R: 11195.00 | Delivery:  21.3% | Budget Used: 3720.00/4000.0
Ep  374 | Phase: PROTAGO | Ticks: 793 | Protag R: -15424.00 | Antag R: 15053.00 | Delivery:  25.0% | Budget Used: 3720.00/4000.0
Ep  375 | Phase: PROTAGO | Ticks: 776 | Protag R: -13233.00 | Antag R: 12862.00 | Delivery:  25.6% | Budget Used: 3720.00/4000.0
Ep  376 | Phase: PROTAGO | Ticks: 796 | Protag R: -12461.00 | Antag R: 12090.00 | Delivery:  25.0% | Budget Used: 3720.00/4000.0
Ep  377 | Phase: PROTAGO | Ticks: 797 | Protag R: -16327.00 | Antag R: 15955.00 | Delivery:  31.5% | Budget Used: 3720.00/4000.0
Ep  378 | Phase: PROTAGO | Ticks: 780 | Protag R: -11546.00 | Antag R: 11175.00 | Delivery:  33.3% | Budget Used: 3720.00/4000.0
Ep  379 | Phase: PROTAGO | Ticks: 799 | Protag R: -14575.00 | Antag R: 14204.00 | Delivery:  28.9% | Budget Used: 3720.00/4000.0
Ep  380 | Phase: PROTAGO | Ticks: 792 | Protag R: -14984.00 | Antag R: 14613.00 | Delivery:  26.8% | Budget Used: 3720.00/4000.0
Ep  381 | Phase: PROTAGO | Ticks: 789 | Protag R: -13291.00 | Antag R: 12920.00 | Delivery:  25.5% | Budget Used: 3720.00/4000.0
Ep  382 | Phase: PROTAGO | Ticks: 797 | Protag R: -10759.00 | Antag R: 10387.00 | Delivery:  27.5% | Budget Used: 3720.00/4000.0
Ep  383 | Phase: PROTAGO | Ticks: 797 | Protag R: -9889.00 | Antag R: 9518.00 | Delivery:  35.0% | Budget Used: 3720.00/4000.0
Ep  384 | Phase: PROTAGO | Ticks: 775 | Protag R: -19644.00 | Antag R: 19272.00 | Delivery:  20.8% | Budget Used: 3720.00/4000.0
Ep  385 | Phase: PROTAGO | Ticks: 776 | Protag R: -9151.00 | Antag R: 8780.00 | Delivery:  25.0% | Budget Used: 3720.00/4000.0
Ep  386 | Phase: PROTAGO | Ticks: 780 | Protag R: -12173.00 | Antag R: 11802.00 | Delivery:  32.6% | Budget Used: 3720.00/4000.0
Ep  387 | Phase: PROTAGO | Ticks: 789 | Protag R: -14834.00 | Antag R: 14463.00 | Delivery:  19.2% | Budget Used: 3720.00/4000.0
Ep  388 | Phase: PROTAGO | Ticks: 794 | Protag R: -14285.00 | Antag R: 13913.00 | Delivery:  17.5% | Budget Used: 3720.00/4000.0
Ep  389 | Phase: PROTAGO | Ticks: 797 | Protag R: -17198.00 | Antag R: 16826.00 | Delivery:  16.1% | Budget Used: 3720.00/4000.0
Ep  390 | Phase: PROTAGO | Ticks: 776 | Protag R: -11926.00 | Antag R: 11554.00 | Delivery:  29.5% | Budget Used: 3720.00/4000.0
Ep  391 | Phase: PROTAGO | Ticks: 790 | Protag R: -9458.00 | Antag R: 9086.00 | Delivery:  33.3% | Budget Used: 3720.00/4000.0
Ep  392 | Phase: PROTAGO | Ticks: 775 | Protag R: -6298.00 | Antag R: 5927.00 | Delivery:  37.8% | Budget Used: 3720.00/4000.0
Ep  393 | Phase: PROTAGO | Ticks: 779 | Protag R: -15639.00 | Antag R: 15268.00 | Delivery:  21.6% | Budget Used: 3720.00/4000.0
Ep  394 | Phase: PROTAGO | Ticks: 777 | Protag R: -6339.00 | Antag R: 5968.00 | Delivery:  33.3% | Budget Used: 3720.00/4000.0
Ep  395 | Phase: PROTAGO | Ticks: 796 | Protag R: -17595.00 | Antag R: 17224.00 | Delivery:  22.4% | Budget Used: 3720.00/4000.0
Ep  396 | Phase: PROTAGO | Ticks: 798 | Protag R: -13188.00 | Antag R: 12816.00 | Delivery:  30.8% | Budget Used: 3720.00/4000.0
Ep  397 | Phase: PROTAGO | Ticks: 799 | Protag R: -14284.00 | Antag R: 13913.00 | Delivery:  20.8% | Budget Used: 3720.00/4000.0
Ep  398 | Phase: PROTAGO | Ticks: 797 | Protag R: -17186.00 | Antag R: 16815.00 | Delivery:  23.1% | Budget Used: 3720.00/4000.0
Ep  399 | Phase: PROTAGO | Ticks: 777 | Protag R: -8943.00 | Antag R: 8571.00 | Delivery:  37.8% | Budget Used: 3720.00/4000.0
Ep  400 | Phase: PROTAGO | Ticks: 785 | Protag R: -11585.00 | Antag R: 11214.00 | Delivery:  33.3% | Budget Used: 3720.00/4000.0
  [EVAL ep 400] greedy_atk=6769 learned_atk=9274 gap=+2505 +/-1667 (neg = learned beats greedy under attack)
Saving checkpoints for both agents before phase switch...
Ep  401 | Phase: PROTAGO | Ticks: 775 | Protag R: -12333.00 | Antag R: 11962.00 | Delivery:  26.7% | Budget Used: 3720.00/4000.0
Ep  402 | Phase: PROTAGO | Ticks: 797 | Protag R: -16186.00 | Antag R: 15815.00 | Delivery:  19.6% | Budget Used: 3720.00/4000.0
Ep  403 | Phase: PROTAGO | Ticks: 796 | Protag R: -10938.00 | Antag R: 10567.00 | Delivery:  30.0% | Budget Used: 3720.00/4000.0
Ep  404 | Phase: PROTAGO | Ticks: 787 | Protag R: -15233.00 | Antag R: 14863.00 | Delivery:  28.3% | Budget Used: 3720.00/4000.0
Ep  405 | Phase: PROTAGO | Ticks: 787 | Protag R: -20402.00 | Antag R: 20031.00 | Delivery:  16.2% | Budget Used: 3720.00/4000.0
Ep  406 | Phase: PROTAGO | Ticks: 776 | Protag R: -16603.00 | Antag R: 16232.00 | Delivery:  13.0% | Budget Used: 3720.00/4000.0
Ep  407 | Phase: PROTAGO | Ticks: 798 | Protag R: -10740.00 | Antag R: 10369.00 | Delivery:  37.2% | Budget Used: 3720.00/4000.0
Ep  408 | Phase: PROTAGO | Ticks: 776 | Protag R: -20032.00 | Antag R: 19660.00 | Delivery:  18.6% | Budget Used: 3720.00/4000.0
Ep  409 | Phase: PROTAGO | Ticks: 786 | Protag R: -13504.00 | Antag R: 13133.00 | Delivery:  26.5% | Budget Used: 3720.00/4000.0
Ep  410 | Phase: PROTAGO | Ticks: 797 | Protag R: -16611.00 | Antag R: 16240.00 | Delivery:  17.0% | Budget Used: 3720.00/4000.0
Ep  411 | Phase: PROTAGO | Ticks: 776 | Protag R: -12353.00 | Antag R: 11981.00 | Delivery:  27.3% | Budget Used: 3720.00/4000.0
Ep  412 | Phase: PROTAGO | Ticks: 782 | Protag R: -12338.00 | Antag R: 11968.00 | Delivery:  27.5% | Budget Used: 3720.00/4000.0
Ep  413 | Phase: PROTAGO | Ticks: 777 | Protag R: -8294.00 | Antag R: 7922.00 | Delivery:  35.3% | Budget Used: 3720.00/4000.0
Ep  414 | Phase: PROTAGO | Ticks: 791 | Protag R: -14758.00 | Antag R: 14387.00 | Delivery:  27.7% | Budget Used: 3720.00/4000.0
Ep  415 | Phase: PROTAGO | Ticks: 781 | Protag R: -13941.00 | Antag R: 13570.00 | Delivery:  24.4% | Budget Used: 3720.00/4000.0
Ep  416 | Phase: PROTAGO | Ticks: 776 | Protag R: -12970.00 | Antag R: 12599.00 | Delivery:  24.4% | Budget Used: 3720.00/4000.0
Ep  417 | Phase: PROTAGO | Ticks: 794 | Protag R: -13853.00 | Antag R: 13481.00 | Delivery:  25.5% | Budget Used: 3720.00/4000.0
Ep  418 | Phase: PROTAGO | Ticks: 776 | Protag R: -10908.00 | Antag R: 10537.00 | Delivery:  30.8% | Budget Used: 3720.00/4000.0
Ep  419 | Phase: PROTAGO | Ticks: 798 | Protag R: -16511.00 | Antag R: 16140.00 | Delivery:  22.0% | Budget Used: 3720.00/4000.0
Ep  420 | Phase: PROTAGO | Ticks: 775 | Protag R: -16010.00 | Antag R: 15639.00 | Delivery:  26.9% | Budget Used: 3720.00/4000.0
Ep  421 | Phase: PROTAGO | Ticks: 784 | Protag R: -18558.00 | Antag R: 18188.00 | Delivery:  29.8% | Budget Used: 3720.00/4000.0
Ep  422 | Phase: PROTAGO | Ticks: 787 | Protag R: -16558.00 | Antag R: 16187.00 | Delivery:  21.4% | Budget Used: 3720.00/4000.0
Ep  423 | Phase: PROTAGO | Ticks: 776 | Protag R: -19116.00 | Antag R: 18745.00 | Delivery:  24.1% | Budget Used: 3720.00/4000.0
Ep  424 | Phase: PROTAGO | Ticks: 789 | Protag R: -12095.00 | Antag R: 11724.00 | Delivery:  27.9% | Budget Used: 3720.00/4000.0
Ep  425 | Phase: PROTAGO | Ticks: 793 | Protag R: -11955.00 | Antag R: 11584.00 | Delivery:  34.8% | Budget Used: 3720.00/4000.0
Ep  426 | Phase: PROTAGO | Ticks: 786 | Protag R: -9077.00 | Antag R: 8706.00 | Delivery:  31.7% | Budget Used: 3720.00/4000.0
Ep  427 | Phase: PROTAGO | Ticks: 776 | Protag R: -16065.00 | Antag R: 15693.00 | Delivery:  16.1% | Budget Used: 3720.00/4000.0
Ep  428 | Phase: PROTAGO | Ticks: 777 | Protag R: -18549.00 | Antag R: 18177.00 | Delivery:  22.6% | Budget Used: 3720.00/4000.0
Ep  429 | Phase: PROTAGO | Ticks: 776 | Protag R: -12081.00 | Antag R: 11710.00 | Delivery:  32.0% | Budget Used: 3720.00/4000.0
Ep  430 | Phase: PROTAGO | Ticks: 798 | Protag R: -17736.00 | Antag R: 17365.00 | Delivery:  18.5% | Budget Used: 3720.00/4000.0
Ep  431 | Phase: PROTAGO | Ticks: 780 | Protag R: -14708.00 | Antag R: 14336.00 | Delivery:  22.6% | Budget Used: 3720.00/4000.0
Ep  432 | Phase: PROTAGO | Ticks: 775 | Protag R: -9963.00 | Antag R: 9592.00 | Delivery:  34.2% | Budget Used: 3720.00/4000.0
Ep  433 | Phase: PROTAGO | Ticks: 796 | Protag R: -13797.00 | Antag R: 13426.00 | Delivery:  27.7% | Budget Used: 3720.00/4000.0
Ep  434 | Phase: PROTAGO | Ticks: 775 | Protag R: -17935.00 | Antag R: 17564.00 | Delivery:  17.0% | Budget Used: 3720.00/4000.0
Ep  435 | Phase: PROTAGO | Ticks: 776 | Protag R: -16965.00 | Antag R: 16594.00 | Delivery:  24.5% | Budget Used: 3720.00/4000.0
Ep  436 | Phase: PROTAGO | Ticks: 797 | Protag R: -16142.00 | Antag R: 15771.00 | Delivery:  21.6% | Budget Used: 3720.00/4000.0
Ep  437 | Phase: PROTAGO | Ticks: 777 | Protag R: -13304.00 | Antag R: 12933.00 | Delivery:  26.2% | Budget Used: 3720.00/4000.0
Ep  438 | Phase: PROTAGO | Ticks: 786 | Protag R: -16428.00 | Antag R: 16057.00 | Delivery:  19.1% | Budget Used: 3720.00/4000.0
Ep  439 | Phase: PROTAGO | Ticks: 776 | Protag R: -14026.00 | Antag R: 13655.00 | Delivery:  27.1% | Budget Used: 3720.00/4000.0
Ep  440 | Phase: PROTAGO | Ticks: 796 | Protag R: -10082.00 | Antag R: 9711.00 | Delivery:  40.0% | Budget Used: 3720.00/4000.0
Ep  441 | Phase: PROTAGO | Ticks: 795 | Protag R: -14833.00 | Antag R: 14462.00 | Delivery:  22.2% | Budget Used: 3720.00/4000.0
Ep  442 | Phase: PROTAGO | Ticks: 799 | Protag R: -10040.00 | Antag R: 9669.00 | Delivery:  36.8% | Budget Used: 3720.00/4000.0
Ep  443 | Phase: PROTAGO | Ticks: 798 | Protag R: -11909.00 | Antag R: 11538.00 | Delivery:  32.6% | Budget Used: 3720.00/4000.0
Ep  444 | Phase: PROTAGO | Ticks: 796 | Protag R: -8586.00 | Antag R: 8214.00 | Delivery:  38.5% | Budget Used: 3720.00/4000.0
Ep  445 | Phase: PROTAGO | Ticks: 797 | Protag R: -13417.00 | Antag R: 13046.00 | Delivery:  22.7% | Budget Used: 3720.00/4000.0
Ep  446 | Phase: PROTAGO | Ticks: 799 | Protag R: -11257.00 | Antag R: 10885.00 | Delivery:  25.5% | Budget Used: 3720.00/4000.0
Ep  447 | Phase: PROTAGO | Ticks: 777 | Protag R: -7981.00 | Antag R: 7610.00 | Delivery:  28.6% | Budget Used: 3720.00/4000.0
Ep  448 | Phase: PROTAGO | Ticks: 775 | Protag R: -12427.00 | Antag R: 12056.00 | Delivery:  24.4% | Budget Used: 3720.00/4000.0
Ep  449 | Phase: PROTAGO | Ticks: 794 | Protag R: -19353.00 | Antag R: 18982.00 | Delivery:  20.4% | Budget Used: 3720.00/4000.0
Ep  450 | Phase: PROTAGO | Ticks: 775 | Protag R: -14906.00 | Antag R: 14535.00 | Delivery:  14.0% | Budget Used: 3720.00/4000.0
  [EVAL ep 450] greedy_atk=6769 learned_atk=9378 gap=+2610 +/-1240 (neg = learned beats greedy under attack)
Saving checkpoints for both agents before phase switch...
Ep  451 | Phase: PROTAGO | Ticks: 796 | Protag R: -14279.00 | Antag R: 13908.00 | Delivery:  26.1% | Budget Used: 3720.00/4000.0
Ep  452 | Phase: PROTAGO | Ticks: 789 | Protag R: -21190.00 | Antag R: 20819.00 | Delivery:  10.2% | Budget Used: 3720.00/4000.0
Ep  453 | Phase: PROTAGO | Ticks: 799 | Protag R: -13476.00 | Antag R: 13104.00 | Delivery:  20.8% | Budget Used: 3720.00/4000.0
Ep  454 | Phase: PROTAGO | Ticks: 790 | Protag R: -12318.00 | Antag R: 11947.00 | Delivery:  31.1% | Budget Used: 3720.00/4000.0
Ep  455 | Phase: PROTAGO | Ticks: 789 | Protag R: -12432.00 | Antag R: 12060.00 | Delivery:  30.8% | Budget Used: 3720.00/4000.0
Ep  456 | Phase: PROTAGO | Ticks: 781 | Protag R: -15624.00 | Antag R: 15253.00 | Delivery:  23.6% | Budget Used: 3720.00/4000.0
Ep  457 | Phase: PROTAGO | Ticks: 778 | Protag R: -16464.00 | Antag R: 16092.00 | Delivery:  20.4% | Budget Used: 3720.00/4000.0
Ep  458 | Phase: PROTAGO | Ticks: 788 | Protag R: -20575.00 | Antag R: 20204.00 | Delivery:  18.6% | Budget Used: 3720.00/4000.0
Ep  459 | Phase: PROTAGO | Ticks: 785 | Protag R: -14087.00 | Antag R: 13716.00 | Delivery:  21.3% | Budget Used: 3720.00/4000.0
Ep  460 | Phase: PROTAGO | Ticks: 776 | Protag R: -13469.00 | Antag R: 13098.00 | Delivery:  26.0% | Budget Used: 3720.00/4000.0
Ep  461 | Phase: PROTAGO | Ticks: 797 | Protag R: -11725.00 | Antag R: 11355.00 | Delivery:  30.2% | Budget Used: 3720.00/4000.0
Ep  462 | Phase: PROTAGO | Ticks: 792 | Protag R: -7795.00 | Antag R: 7424.00 | Delivery:  41.0% | Budget Used: 3720.00/4000.0
Ep  463 | Phase: PROTAGO | Ticks: 775 | Protag R: -13798.00 | Antag R: 13427.00 | Delivery:  22.9% | Budget Used: 3720.00/4000.0
Ep  464 | Phase: PROTAGO | Ticks: 781 | Protag R: -11761.00 | Antag R: 11390.00 | Delivery:  33.3% | Budget Used: 3720.00/4000.0
Ep  465 | Phase: PROTAGO | Ticks: 775 | Protag R: -13775.00 | Antag R: 13403.00 | Delivery:  18.8% | Budget Used: 3720.00/4000.0
Ep  466 | Phase: PROTAGO | Ticks: 776 | Protag R: -9601.00 | Antag R: 9230.00 | Delivery:  27.5% | Budget Used: 3720.00/4000.0
Ep  467 | Phase: PROTAGO | Ticks: 776 | Protag R: -9975.00 | Antag R: 9604.00 | Delivery:  30.8% | Budget Used: 3720.00/4000.0
Ep  468 | Phase: PROTAGO | Ticks: 796 | Protag R: -15894.00 | Antag R: 15523.00 | Delivery:  30.8% | Budget Used: 3720.00/4000.0
Ep  469 | Phase: PROTAGO | Ticks: 775 | Protag R: -13874.00 | Antag R: 13503.00 | Delivery:  29.2% | Budget Used: 3720.00/4000.0
Ep  470 | Phase: PROTAGO | Ticks: 798 | Protag R: -12449.00 | Antag R: 12077.00 | Delivery:  39.5% | Budget Used: 3720.00/4000.0
Ep  471 | Phase: PROTAGO | Ticks: 796 | Protag R: -10209.00 | Antag R: 9838.00 | Delivery:  40.0% | Budget Used: 3720.00/4000.0
Ep  472 | Phase: PROTAGO | Ticks: 775 | Protag R: -15178.00 | Antag R: 14807.00 | Delivery:  26.4% | Budget Used: 3720.00/4000.0
Ep  473 | Phase: PROTAGO | Ticks: 798 | Protag R: -12389.00 | Antag R: 12018.00 | Delivery:  34.9% | Budget Used: 3720.00/4000.0
Ep  474 | Phase: PROTAGO | Ticks: 777 | Protag R: -15914.00 | Antag R: 15543.00 | Delivery:  26.9% | Budget Used: 3720.00/4000.0
Ep  475 | Phase: PROTAGO | Ticks: 775 | Protag R: -13985.00 | Antag R: 13614.00 | Delivery:  23.5% | Budget Used: 3720.00/4000.0
Ep  476 | Phase: PROTAGO | Ticks: 795 | Protag R: -9070.00 | Antag R: 8698.00 | Delivery:  21.1% | Budget Used: 3720.00/4000.0
Ep  477 | Phase: PROTAGO | Ticks: 777 | Protag R: -17962.00 | Antag R: 17591.00 | Delivery:  13.0% | Budget Used: 3720.00/4000.0
Ep  478 | Phase: PROTAGO | Ticks: 783 | Protag R: -10903.00 | Antag R: 10532.00 | Delivery:  25.0% | Budget Used: 3720.00/4000.0
Ep  479 | Phase: PROTAGO | Ticks: 775 | Protag R: -17831.00 | Antag R: 17460.00 | Delivery:  19.4% | Budget Used: 3720.00/4000.0
Ep  480 | Phase: PROTAGO | Ticks: 796 | Protag R: -9817.00 | Antag R: 9446.00 | Delivery:  29.7% | Budget Used: 3720.00/4000.0
Ep  481 | Phase: PROTAGO | Ticks: 796 | Protag R: -15133.00 | Antag R: 14762.00 | Delivery:  20.4% | Budget Used: 3720.00/4000.0
Ep  482 | Phase: PROTAGO | Ticks: 799 | Protag R: -15546.00 | Antag R: 15175.00 | Delivery:  23.4% | Budget Used: 3720.00/4000.0
Ep  483 | Phase: PROTAGO | Ticks: 789 | Protag R: -14077.00 | Antag R: 13707.00 | Delivery:  30.4% | Budget Used: 3720.00/4000.0
Ep  484 | Phase: PROTAGO | Ticks: 777 | Protag R: -13470.00 | Antag R: 13099.00 | Delivery:  28.3% | Budget Used: 3720.00/4000.0
Ep  485 | Phase: PROTAGO | Ticks: 798 | Protag R: -13719.00 | Antag R: 13348.00 | Delivery:  18.6% | Budget Used: 3720.00/4000.0
Ep  486 | Phase: PROTAGO | Ticks: 777 | Protag R: -13960.00 | Antag R: 13589.00 | Delivery:  32.7% | Budget Used: 3720.00/4000.0
Ep  487 | Phase: PROTAGO | Ticks: 799 | Protag R: -16089.00 | Antag R: 15718.00 | Delivery:  16.1% | Budget Used: 3720.00/4000.0
Ep  488 | Phase: PROTAGO | Ticks: 786 | Protag R: -18546.00 | Antag R: 18175.00 | Delivery:  18.5% | Budget Used: 3720.00/4000.0
Ep  489 | Phase: PROTAGO | Ticks: 798 | Protag R: -14730.00 | Antag R: 14359.00 | Delivery:  29.8% | Budget Used: 3720.00/4000.0
Ep  490 | Phase: PROTAGO | Ticks: 798 | Protag R: -13972.00 | Antag R: 13600.00 | Delivery:  27.7% | Budget Used: 3720.00/4000.0
Ep  491 | Phase: PROTAGO | Ticks: 797 | Protag R: -13540.00 | Antag R: 13169.00 | Delivery:  19.6% | Budget Used: 3720.00/4000.0
Ep  492 | Phase: PROTAGO | Ticks: 796 | Protag R: -14711.00 | Antag R: 14339.00 | Delivery:  26.1% | Budget Used: 3720.00/4000.0
Ep  493 | Phase: PROTAGO | Ticks: 791 | Protag R: -12387.00 | Antag R: 12016.00 | Delivery:  32.6% | Budget Used: 3720.00/4000.0
Ep  494 | Phase: PROTAGO | Ticks: 798 | Protag R: -11595.00 | Antag R: 11223.00 | Delivery:  22.9% | Budget Used: 3720.00/4000.0
Ep  495 | Phase: PROTAGO | Ticks: 779 | Protag R: -11611.00 | Antag R: 11239.00 | Delivery:  17.5% | Budget Used: 3720.00/4000.0
Ep  496 | Phase: PROTAGO | Ticks: 798 | Protag R: -12431.00 | Antag R: 12059.00 | Delivery:  29.1% | Budget Used: 3720.00/4000.0
Ep  497 | Phase: PROTAGO | Ticks: 797 | Protag R: -9140.00 | Antag R: 8769.00 | Delivery:  34.1% | Budget Used: 3720.00/4000.0
Ep  498 | Phase: PROTAGO | Ticks: 797 | Protag R: -15115.00 | Antag R: 14744.00 | Delivery:  24.5% | Budget Used: 3720.00/4000.0
Ep  499 | Phase: PROTAGO | Ticks: 798 | Protag R: -13654.00 | Antag R: 13282.00 | Delivery:  29.3% | Budget Used: 3720.00/4000.0
Ep  500 | Phase: PROTAGO | Ticks: 785 | Protag R: -18936.00 | Antag R: 18566.00 | Delivery:  15.0% | Budget Used: 3720.00/4000.0
  [EVAL ep 500] greedy_atk=6769 learned_atk=8838 gap=+2069 +/-1204 (neg = learned beats greedy under attack)
Saving checkpoints for both agents before phase switch...
Ep  501 | Phase: PROTAGO | Ticks: 782 | Protag R: -15977.00 | Antag R: 15606.00 | Delivery:  16.4% | Budget Used: 3720.00/4000.0
Ep  502 | Phase: PROTAGO | Ticks: 786 | Protag R: -15571.00 | Antag R: 15200.00 | Delivery:  14.6% | Budget Used: 3720.00/4000.0
Ep  503 | Phase: PROTAGO | Ticks: 775 | Protag R: -13288.00 | Antag R: 12917.00 | Delivery:  34.7% | Budget Used: 3720.00/4000.0
Ep  504 | Phase: PROTAGO | Ticks: 797 | Protag R: -12894.00 | Antag R: 12523.00 | Delivery:  33.3% | Budget Used: 3720.00/4000.0
Ep  505 | Phase: PROTAGO | Ticks: 776 | Protag R: -18185.00 | Antag R: 17814.00 | Delivery:  25.0% | Budget Used: 3720.00/4000.0
Ep  506 | Phase: PROTAGO | Ticks: 775 | Protag R: -18169.00 | Antag R: 17797.00 | Delivery:  17.3% | Budget Used: 3720.00/4000.0
Ep  507 | Phase: PROTAGO | Ticks: 797 | Protag R: -17037.00 | Antag R: 16666.00 | Delivery:  25.0% | Budget Used: 3720.00/4000.0
Ep  508 | Phase: PROTAGO | Ticks: 778 | Protag R: -15898.00 | Antag R: 15527.00 | Delivery:  26.0% | Budget Used: 3720.00/4000.0
Ep  509 | Phase: PROTAGO | Ticks: 797 | Protag R: -15896.00 | Antag R: 15525.00 | Delivery:  29.6% | Budget Used: 3720.00/4000.0
Ep  510 | Phase: PROTAGO | Ticks: 775 | Protag R: -10057.00 | Antag R: 9686.00 | Delivery:  39.5% | Budget Used: 3720.00/4000.0
Ep  511 | Phase: PROTAGO | Ticks: 797 | Protag R: -15531.00 | Antag R: 15160.00 | Delivery:  26.4% | Budget Used: 3720.00/4000.0
Ep  512 | Phase: PROTAGO | Ticks: 785 | Protag R: -16416.00 | Antag R: 16044.00 | Delivery:  27.1% | Budget Used: 3720.00/4000.0
Ep  513 | Phase: PROTAGO | Ticks: 793 | Protag R: -11461.00 | Antag R: 11089.00 | Delivery:  35.9% | Budget Used: 3720.00/4000.0
Ep  514 | Phase: PROTAGO | Ticks: 799 | Protag R: -16700.00 | Antag R: 16329.00 | Delivery:  22.6% | Budget Used: 3720.00/4000.0
Ep  515 | Phase: PROTAGO | Ticks: 775 | Protag R: -18293.00 | Antag R: 17922.00 | Delivery:  17.0% | Budget Used: 3720.00/4000.0
Ep  516 | Phase: PROTAGO | Ticks: 775 | Protag R: -15117.00 | Antag R: 14746.00 | Delivery:  22.2% | Budget Used: 3720.00/4000.0
Ep  517 | Phase: PROTAGO | Ticks: 798 | Protag R: -11217.00 | Antag R: 10846.00 | Delivery:  30.2% | Budget Used: 3720.00/4000.0
Ep  518 | Phase: PROTAGO | Ticks: 775 | Protag R: -13063.00 | Antag R: 12692.00 | Delivery:  26.7% | Budget Used: 3720.00/4000.0
Ep  519 | Phase: PROTAGO | Ticks: 781 | Protag R: -12956.00 | Antag R: 12585.00 | Delivery:  28.3% | Budget Used: 3720.00/4000.0
Ep  520 | Phase: PROTAGO | Ticks: 798 | Protag R: -14091.00 | Antag R: 13720.00 | Delivery:  12.5% | Budget Used: 3720.00/4000.0
Ep  521 | Phase: PROTAGO | Ticks: 797 | Protag R: -7914.00 | Antag R: 7543.00 | Delivery:  40.0% | Budget Used: 3720.00/4000.0
Ep  522 | Phase: PROTAGO | Ticks: 794 | Protag R: -14040.00 | Antag R: 13669.00 | Delivery:  19.6% | Budget Used: 3720.00/4000.0
Ep  523 | Phase: PROTAGO | Ticks: 775 | Protag R: -17694.00 | Antag R: 17323.00 | Delivery:  24.5% | Budget Used: 3720.00/4000.0
Ep  524 | Phase: PROTAGO | Ticks: 798 | Protag R: -7680.00 | Antag R: 7308.00 | Delivery:  35.1% | Budget Used: 3720.00/4000.0
Ep  525 | Phase: PROTAGO | Ticks: 795 | Protag R: -11195.00 | Antag R: 10824.00 | Delivery:  27.7% | Budget Used: 3720.00/4000.0
Ep  526 | Phase: PROTAGO | Ticks: 797 | Protag R: -10942.00 | Antag R: 10571.00 | Delivery:  24.5% | Budget Used: 3720.00/4000.0
Ep  527 | Phase: PROTAGO | Ticks: 797 | Protag R: -11770.00 | Antag R: 11399.00 | Delivery:  33.3% | Budget Used: 3720.00/4000.0
Ep  528 | Phase: PROTAGO | Ticks: 778 | Protag R: -16584.00 | Antag R: 16213.00 | Delivery:  29.4% | Budget Used: 3720.00/4000.0
Ep  529 | Phase: PROTAGO | Ticks: 775 | Protag R: -11428.00 | Antag R: 11056.00 | Delivery:  26.7% | Budget Used: 3720.00/4000.0
Ep  530 | Phase: PROTAGO | Ticks: 781 | Protag R: -12871.00 | Antag R: 12499.00 | Delivery:  28.3% | Budget Used: 3720.00/4000.0
Ep  531 | Phase: PROTAGO | Ticks: 784 | Protag R: -13677.00 | Antag R: 13306.00 | Delivery:  27.3% | Budget Used: 3720.00/4000.0
Ep  532 | Phase: PROTAGO | Ticks: 790 | Protag R: -9755.00 | Antag R: 9383.00 | Delivery:  38.6% | Budget Used: 3720.00/4000.0
Ep  533 | Phase: PROTAGO | Ticks: 798 | Protag R: -17473.00 | Antag R: 17102.00 | Delivery:  15.8% | Budget Used: 3720.00/4000.0
Ep  534 | Phase: PROTAGO | Ticks: 796 | Protag R: -14998.00 | Antag R: 14627.00 | Delivery:  29.3% | Budget Used: 3720.00/4000.0
Ep  535 | Phase: PROTAGO | Ticks: 798 | Protag R: -12427.00 | Antag R: 12056.00 | Delivery:  22.2% | Budget Used: 3720.00/4000.0
Ep  536 | Phase: PROTAGO | Ticks: 796 | Protag R: -14469.00 | Antag R: 14098.00 | Delivery:  16.7% | Budget Used: 3720.00/4000.0
Ep  537 | Phase: PROTAGO | Ticks: 795 | Protag R: -11548.00 | Antag R: 11177.00 | Delivery:  31.1% | Budget Used: 3720.00/4000.0
Ep  538 | Phase: PROTAGO | Ticks: 784 | Protag R: -20177.00 | Antag R: 19806.00 | Delivery:  17.5% | Budget Used: 3720.00/4000.0
Ep  539 | Phase: PROTAGO | Ticks: 778 | Protag R: -14760.00 | Antag R: 14389.00 | Delivery:  32.6% | Budget Used: 3720.00/4000.0
Ep  540 | Phase: PROTAGO | Ticks: 776 | Protag R: -15093.00 | Antag R: 14722.00 | Delivery:  27.7% | Budget Used: 3720.00/4000.0
Ep  541 | Phase: PROTAGO | Ticks: 780 | Protag R: -10851.00 | Antag R: 10480.00 | Delivery:  31.0% | Budget Used: 3720.00/4000.0
Ep  542 | Phase: PROTAGO | Ticks: 796 | Protag R: -13417.00 | Antag R: 13046.00 | Delivery:  18.2% | Budget Used: 3720.00/4000.0
Ep  543 | Phase: PROTAGO | Ticks: 796 | Protag R: -10745.00 | Antag R: 10374.00 | Delivery:  34.2% | Budget Used: 3720.00/4000.0
Ep  544 | Phase: PROTAGO | Ticks: 796 | Protag R: -10349.00 | Antag R: 9977.00 | Delivery:  30.6% | Budget Used: 3720.00/4000.0
Ep  545 | Phase: PROTAGO | Ticks: 796 | Protag R: -10967.00 | Antag R: 10596.00 | Delivery:  25.6% | Budget Used: 3720.00/4000.0
Ep  546 | Phase: PROTAGO | Ticks: 796 | Protag R: -9991.00 | Antag R: 9620.00 | Delivery:  30.2% | Budget Used: 3720.00/4000.0
Ep  547 | Phase: PROTAGO | Ticks: 798 | Protag R: -19877.00 | Antag R: 19505.00 | Delivery:  19.0% | Budget Used: 3720.00/4000.0
Ep  548 | Phase: PROTAGO | Ticks: 794 | Protag R: -17090.00 | Antag R: 16719.00 | Delivery:   9.8% | Budget Used: 3720.00/4000.0
Ep  549 | Phase: PROTAGO | Ticks: 775 | Protag R: -16392.00 | Antag R: 16021.00 | Delivery:   8.5% | Budget Used: 3720.00/4000.0
Ep  550 | Phase: PROTAGO | Ticks: 797 | Protag R: -16783.00 | Antag R: 16412.00 | Delivery:  19.1% | Budget Used: 3720.00/4000.0
  [EVAL ep 550] greedy_atk=6769 learned_atk=8084 gap=+1315 +/-1135 (neg = learned beats greedy under attack)
Saving checkpoints for both agents before phase switch...
Ep  551 | Phase: PROTAGO | Ticks: 775 | Protag R: -16028.00 | Antag R: 15657.00 | Delivery:  21.1% | Budget Used: 3720.00/4000.0
Ep  552 | Phase: PROTAGO | Ticks: 780 | Protag R: -10487.00 | Antag R: 10116.00 | Delivery:  38.3% | Budget Used: 3720.00/4000.0
Ep  553 | Phase: PROTAGO | Ticks: 793 | Protag R: -15504.00 | Antag R: 15132.00 | Delivery:  23.5% | Budget Used: 3720.00/4000.0
Ep  554 | Phase: PROTAGO | Ticks: 796 | Protag R: -14941.00 | Antag R: 14570.00 | Delivery:  20.8% | Budget Used: 3720.00/4000.0
Ep  555 | Phase: PROTAGO | Ticks: 777 | Protag R: -22669.00 | Antag R: 22298.00 | Delivery:   9.5% | Budget Used: 3720.00/4000.0
Ep  556 | Phase: PROTAGO | Ticks: 795 | Protag R: -11009.00 | Antag R: 10638.00 | Delivery:  24.3% | Budget Used: 3720.00/4000.0
Ep  557 | Phase: PROTAGO | Ticks: 798 | Protag R: -17298.00 | Antag R: 16927.00 | Delivery:  24.1% | Budget Used: 3720.00/4000.0
Ep  558 | Phase: PROTAGO | Ticks: 799 | Protag R: -10716.00 | Antag R: 10344.00 | Delivery:  24.4% | Budget Used: 3720.00/4000.0
Ep  559 | Phase: PROTAGO | Ticks: 797 | Protag R: -8189.00 | Antag R: 7818.00 | Delivery:  37.5% | Budget Used: 3720.00/4000.0
Ep  560 | Phase: PROTAGO | Ticks: 792 | Protag R: -12196.00 | Antag R: 11824.00 | Delivery:  27.5% | Budget Used: 3720.00/4000.0
Ep  561 | Phase: PROTAGO | Ticks: 776 | Protag R: -15499.00 | Antag R: 15128.00 | Delivery:  15.6% | Budget Used: 3720.00/4000.0
Ep  562 | Phase: PROTAGO | Ticks: 775 | Protag R: -17830.00 | Antag R: 17458.00 | Delivery:  23.2% | Budget Used: 3720.00/4000.0
Ep  563 | Phase: PROTAGO | Ticks: 777 | Protag R: -12316.00 | Antag R: 11945.00 | Delivery:  17.8% | Budget Used: 3720.00/4000.0
Ep  564 | Phase: PROTAGO | Ticks: 782 | Protag R: -15220.00 | Antag R: 14849.00 | Delivery:  16.3% | Budget Used: 3720.00/4000.0
Ep  565 | Phase: PROTAGO | Ticks: 776 | Protag R: -13961.00 | Antag R: 13590.00 | Delivery:  25.0% | Budget Used: 3720.00/4000.0
Ep  566 | Phase: PROTAGO | Ticks: 777 | Protag R: -10752.00 | Antag R: 10381.00 | Delivery:  32.6% | Budget Used: 3720.00/4000.0
Ep  567 | Phase: PROTAGO | Ticks: 797 | Protag R: -16876.00 | Antag R: 16505.00 | Delivery:  25.0% | Budget Used: 3720.00/4000.0
Ep  568 | Phase: PROTAGO | Ticks: 790 | Protag R: -16951.00 | Antag R: 16580.00 | Delivery:  16.7% | Budget Used: 3720.00/4000.0
Ep  569 | Phase: PROTAGO | Ticks: 780 | Protag R: -19889.00 | Antag R: 19518.00 | Delivery:  15.0% | Budget Used: 3720.00/4000.0
Ep  570 | Phase: PROTAGO | Ticks: 792 | Protag R: -11708.00 | Antag R: 11336.00 | Delivery:  26.0% | Budget Used: 3720.00/4000.0
Ep  571 | Phase: PROTAGO | Ticks: 799 | Protag R: -13793.00 | Antag R: 13422.00 | Delivery:  20.5% | Budget Used: 3720.00/4000.0
Ep  572 | Phase: PROTAGO | Ticks: 783 | Protag R: -11549.00 | Antag R: 11177.00 | Delivery:  30.0% | Budget Used: 3720.00/4000.0
Ep  573 | Phase: PROTAGO | Ticks: 795 | Protag R: -13227.00 | Antag R: 12856.00 | Delivery:  20.5% | Budget Used: 3720.00/4000.0
Ep  574 | Phase: PROTAGO | Ticks: 797 | Protag R: -14381.00 | Antag R: 14010.00 | Delivery:  26.7% | Budget Used: 3720.00/4000.0
Ep  575 | Phase: PROTAGO | Ticks: 796 | Protag R: -13870.00 | Antag R: 13499.00 | Delivery:  31.9% | Budget Used: 3720.00/4000.0
Ep  576 | Phase: PROTAGO | Ticks: 793 | Protag R: -14963.00 | Antag R: 14591.00 | Delivery:  35.3% | Budget Used: 3720.00/4000.0
Ep  577 | Phase: PROTAGO | Ticks: 775 | Protag R: -7687.00 | Antag R: 7316.00 | Delivery:  35.7% | Budget Used: 3720.00/4000.0
Ep  578 | Phase: PROTAGO | Ticks: 781 | Protag R: -12863.00 | Antag R: 12492.00 | Delivery:  31.4% | Budget Used: 3720.00/4000.0
Ep  579 | Phase: PROTAGO | Ticks: 798 | Protag R: -14527.00 | Antag R: 14157.00 | Delivery:  26.0% | Budget Used: 3720.00/4000.0
Ep  580 | Phase: PROTAGO | Ticks: 775 | Protag R: -12171.00 | Antag R: 11800.00 | Delivery:  29.3% | Budget Used: 3720.00/4000.0
Ep  581 | Phase: PROTAGO | Ticks: 797 | Protag R: -11954.00 | Antag R: 11583.00 | Delivery:  28.3% | Budget Used: 3720.00/4000.0
Ep  582 | Phase: PROTAGO | Ticks: 799 | Protag R: -21007.00 | Antag R: 20636.00 | Delivery:  27.9% | Budget Used: 3720.00/4000.0
Ep  583 | Phase: PROTAGO | Ticks: 797 | Protag R: -14659.00 | Antag R: 14288.00 | Delivery:  23.6% | Budget Used: 3720.00/4000.0
Ep  584 | Phase: PROTAGO | Ticks: 786 | Protag R: -9377.00 | Antag R: 9006.00 | Delivery:  31.1% | Budget Used: 3720.00/4000.0
Ep  585 | Phase: PROTAGO | Ticks: 777 | Protag R: -11487.00 | Antag R: 11115.00 | Delivery:  31.7% | Budget Used: 3720.00/4000.0
Ep  586 | Phase: PROTAGO | Ticks: 783 | Protag R: -15170.00 | Antag R: 14798.00 | Delivery:  25.9% | Budget Used: 3720.00/4000.0
Ep  587 | Phase: PROTAGO | Ticks: 792 | Protag R: -11414.00 | Antag R: 11042.00 | Delivery:  27.5% | Budget Used: 3720.00/4000.0
Ep  588 | Phase: PROTAGO | Ticks: 793 | Protag R: -15548.00 | Antag R: 15177.00 | Delivery:  30.6% | Budget Used: 3720.00/4000.0
Ep  589 | Phase: PROTAGO | Ticks: 796 | Protag R: -11465.00 | Antag R: 11094.00 | Delivery:  22.2% | Budget Used: 3720.00/4000.0
Ep  590 | Phase: PROTAGO | Ticks: 796 | Protag R: -13356.00 | Antag R: 12984.00 | Delivery:  21.7% | Budget Used: 3720.00/4000.0
Ep  591 | Phase: PROTAGO | Ticks: 795 | Protag R: -12890.00 | Antag R: 12519.00 | Delivery:  28.9% | Budget Used: 3720.00/4000.0
Ep  592 | Phase: PROTAGO | Ticks: 780 | Protag R: -15610.00 | Antag R: 15239.00 | Delivery:  23.6% | Budget Used: 3720.00/4000.0
Ep  593 | Phase: PROTAGO | Ticks: 796 | Protag R: -15441.00 | Antag R: 15070.00 | Delivery:  27.3% | Budget Used: 3720.00/4000.0
Ep  594 | Phase: PROTAGO | Ticks: 796 | Protag R: -13115.00 | Antag R: 12744.00 | Delivery:  34.0% | Budget Used: 3720.00/4000.0
Ep  595 | Phase: PROTAGO | Ticks: 796 | Protag R: -8049.00 | Antag R: 7678.00 | Delivery:  25.7% | Budget Used: 3720.00/4000.0
Ep  596 | Phase: PROTAGO | Ticks: 775 | Protag R: -16469.00 | Antag R: 16097.00 | Delivery:  25.0% | Budget Used: 3720.00/4000.0
Ep  597 | Phase: PROTAGO | Ticks: 793 | Protag R: -9166.00 | Antag R: 8794.00 | Delivery:  39.5% | Budget Used: 3720.00/4000.0
Ep  598 | Phase: PROTAGO | Ticks: 798 | Protag R: -12988.00 | Antag R: 12616.00 | Delivery:  22.0% | Budget Used: 3720.00/4000.0
Ep  599 | Phase: PROTAGO | Ticks: 776 | Protag R: -18264.00 | Antag R: 17894.00 | Delivery:  25.0% | Budget Used: 3720.00/4000.0
Ep  600 | Phase: PROTAGO | Ticks: 797 | Protag R: -11823.00 | Antag R: 11452.00 | Delivery:  33.3% | Budget Used: 3720.00/4000.0
  [EVAL ep 600] greedy_atk=6769 learned_atk=8869 gap=+2101 +/-1095 (neg = learned beats greedy under attack)
Saving checkpoints for both agents before phase switch...
Ep  601 | Phase: PROTAGO | Ticks: 776 | Protag R: -21054.00 | Antag R: 20683.00 | Delivery:  13.6% | Budget Used: 3720.00/4000.0
Ep  602 | Phase: PROTAGO | Ticks: 796 | Protag R: -18337.00 | Antag R: 17966.00 | Delivery:  15.7% | Budget Used: 3720.00/4000.0
Ep  603 | Phase: PROTAGO | Ticks: 798 | Protag R: -8001.00 | Antag R: 7630.00 | Delivery:  32.4% | Budget Used: 3720.00/4000.0
Ep  604 | Phase: PROTAGO | Ticks: 797 | Protag R: -12782.00 | Antag R: 12410.00 | Delivery:  25.5% | Budget Used: 3720.00/4000.0
Ep  605 | Phase: PROTAGO | Ticks: 783 | Protag R: -7804.00 | Antag R: 7433.00 | Delivery:  37.8% | Budget Used: 3720.00/4000.0
Ep  606 | Phase: PROTAGO | Ticks: 784 | Protag R: -13927.00 | Antag R: 13556.00 | Delivery:  35.6% | Budget Used: 3720.00/4000.0
Ep  607 | Phase: PROTAGO | Ticks: 788 | Protag R: -15004.00 | Antag R: 14633.00 | Delivery:  23.4% | Budget Used: 3720.00/4000.0
Ep  608 | Phase: PROTAGO | Ticks: 777 | Protag R: -12096.00 | Antag R: 11725.00 | Delivery:  30.0% | Budget Used: 3720.00/4000.0
Ep  609 | Phase: PROTAGO | Ticks: 789 | Protag R: -17337.00 | Antag R: 16966.00 | Delivery:  22.0% | Budget Used: 3720.00/4000.0
Ep  610 | Phase: PROTAGO | Ticks: 798 | Protag R: -11557.00 | Antag R: 11186.00 | Delivery:  29.8% | Budget Used: 3720.00/4000.0
Ep  611 | Phase: PROTAGO | Ticks: 790 | Protag R: -13237.00 | Antag R: 12865.00 | Delivery:  30.8% | Budget Used: 3720.00/4000.0
Ep  612 | Phase: PROTAGO | Ticks: 775 | Protag R: -16328.00 | Antag R: 15956.00 | Delivery:  15.7% | Budget Used: 3720.00/4000.0
Ep  613 | Phase: PROTAGO | Ticks: 798 | Protag R: -12224.00 | Antag R: 11853.00 | Delivery:  31.7% | Budget Used: 3720.00/4000.0
Ep  614 | Phase: PROTAGO | Ticks: 796 | Protag R: -9676.00 | Antag R: 9304.00 | Delivery:  28.9% | Budget Used: 3720.00/4000.0
Ep  615 | Phase: PROTAGO | Ticks: 797 | Protag R: -18457.00 | Antag R: 18086.00 | Delivery:  19.4% | Budget Used: 3720.00/4000.0
Ep  616 | Phase: PROTAGO | Ticks: 793 | Protag R: -13340.00 | Antag R: 12969.00 | Delivery:  26.7% | Budget Used: 3720.00/4000.0
Ep  617 | Phase: PROTAGO | Ticks: 777 | Protag R: -8963.00 | Antag R: 8591.00 | Delivery:  35.9% | Budget Used: 3720.00/4000.0
Ep  618 | Phase: PROTAGO | Ticks: 775 | Protag R: -15182.00 | Antag R: 14811.00 | Delivery:  21.6% | Budget Used: 3720.00/4000.0
Ep  619 | Phase: PROTAGO | Ticks: 799 | Protag R: -19660.00 | Antag R: 19289.00 | Delivery:  19.6% | Budget Used: 3720.00/4000.0
Ep  620 | Phase: PROTAGO | Ticks: 797 | Protag R: -15157.00 | Antag R: 14786.00 | Delivery:  19.6% | Budget Used: 3720.00/4000.0
Ep  621 | Phase: PROTAGO | Ticks: 780 | Protag R: -16386.00 | Antag R: 16015.00 | Delivery:  29.4% | Budget Used: 3720.00/4000.0
Ep  622 | Phase: PROTAGO | Ticks: 797 | Protag R: -16483.00 | Antag R: 16112.00 | Delivery:  16.7% | Budget Used: 3720.00/4000.0
Ep  623 | Phase: PROTAGO | Ticks: 778 | Protag R: -9294.00 | Antag R: 8922.00 | Delivery:  33.3% | Budget Used: 3720.00/4000.0
Ep  624 | Phase: PROTAGO | Ticks: 790 | Protag R: -14836.00 | Antag R: 14465.00 | Delivery:  21.7% | Budget Used: 3720.00/4000.0
Ep  625 | Phase: PROTAGO | Ticks: 777 | Protag R: -11926.00 | Antag R: 11554.00 | Delivery:  36.6% | Budget Used: 3720.00/4000.0
Ep  626 | Phase: PROTAGO | Ticks: 797 | Protag R: -18124.00 | Antag R: 17753.00 | Delivery:  10.4% | Budget Used: 3720.00/4000.0
Ep  627 | Phase: PROTAGO | Ticks: 775 | Protag R: -12711.00 | Antag R: 12340.00 | Delivery:  22.7% | Budget Used: 3720.00/4000.0
Ep  628 | Phase: PROTAGO | Ticks: 781 | Protag R: -15136.00 | Antag R: 14764.00 | Delivery:  20.4% | Budget Used: 3720.00/4000.0
Ep  629 | Phase: PROTAGO | Ticks: 776 | Protag R: -12545.00 | Antag R: 12173.00 | Delivery:  17.4% | Budget Used: 3720.00/4000.0
Ep  630 | Phase: PROTAGO | Ticks: 793 | Protag R: -15906.00 | Antag R: 15535.00 | Delivery:  19.6% | Budget Used: 3720.00/4000.0
Ep  631 | Phase: PROTAGO | Ticks: 797 | Protag R: -17578.00 | Antag R: 17207.00 | Delivery:  22.4% | Budget Used: 3720.00/4000.0
Ep  632 | Phase: PROTAGO | Ticks: 798 | Protag R: -12731.00 | Antag R: 12360.00 | Delivery:  26.5% | Budget Used: 3720.00/4000.0
Ep  633 | Phase: PROTAGO | Ticks: 779 | Protag R: -20424.00 | Antag R: 20053.00 | Delivery:  18.3% | Budget Used: 3720.00/4000.0
Ep  634 | Phase: PROTAGO | Ticks: 789 | Protag R: -12330.00 | Antag R: 11959.00 | Delivery:  27.3% | Budget Used: 3720.00/4000.0
Ep  635 | Phase: PROTAGO | Ticks: 795 | Protag R: -18935.00 | Antag R: 18564.00 | Delivery:  21.4% | Budget Used: 3720.00/4000.0
Ep  636 | Phase: PROTAGO | Ticks: 798 | Protag R: -18593.00 | Antag R: 18222.00 | Delivery:  26.7% | Budget Used: 3720.00/4000.0
Ep  637 | Phase: PROTAGO | Ticks: 793 | Protag R: -14102.00 | Antag R: 13730.00 | Delivery:  25.0% | Budget Used: 3720.00/4000.0
Ep  638 | Phase: PROTAGO | Ticks: 796 | Protag R: -14887.00 | Antag R: 14516.00 | Delivery:  25.5% | Budget Used: 3720.00/4000.0
Ep  639 | Phase: PROTAGO | Ticks: 791 | Protag R: -12026.00 | Antag R: 11654.00 | Delivery:  30.2% | Budget Used: 3720.00/4000.0
Ep  640 | Phase: PROTAGO | Ticks: 775 | Protag R: -13566.00 | Antag R: 13194.00 | Delivery:  20.0% | Budget Used: 3720.00/4000.0
Ep  641 | Phase: PROTAGO | Ticks: 785 | Protag R: -15122.00 | Antag R: 14751.00 | Delivery:  30.4% | Budget Used: 3720.00/4000.0
Ep  642 | Phase: PROTAGO | Ticks: 795 | Protag R: -9684.00 | Antag R: 9313.00 | Delivery:  41.9% | Budget Used: 3720.00/4000.0
Ep  643 | Phase: PROTAGO | Ticks: 796 | Protag R: -14374.00 | Antag R: 14003.00 | Delivery:  28.0% | Budget Used: 3720.00/4000.0
Ep  644 | Phase: PROTAGO | Ticks: 797 | Protag R: -14750.00 | Antag R: 14378.00 | Delivery:  26.0% | Budget Used: 3720.00/4000.0
Ep  645 | Phase: PROTAGO | Ticks: 778 | Protag R: -13182.00 | Antag R: 12811.00 | Delivery:  25.0% | Budget Used: 3720.00/4000.0
Ep  646 | Phase: PROTAGO | Ticks: 792 | Protag R: -13371.00 | Antag R: 12999.00 | Delivery:  26.7% | Budget Used: 3720.00/4000.0
Ep  647 | Phase: PROTAGO | Ticks: 775 | Protag R: -15667.00 | Antag R: 15296.00 | Delivery:  14.9% | Budget Used: 3720.00/4000.0
Ep  648 | Phase: PROTAGO | Ticks: 792 | Protag R: -11026.00 | Antag R: 10654.00 | Delivery:  32.6% | Budget Used: 3720.00/4000.0
Ep  649 | Phase: PROTAGO | Ticks: 799 | Protag R: -10652.00 | Antag R: 10280.00 | Delivery:  35.0% | Budget Used: 3720.00/4000.0
Ep  650 | Phase: PROTAGO | Ticks: 797 | Protag R: -17676.00 | Antag R: 17305.00 | Delivery:  16.3% | Budget Used: 3720.00/4000.0
  [EVAL ep 650] greedy_atk=6769 learned_atk=7703 gap=+935 +/-1241 (neg = learned beats greedy under attack)
Saving checkpoints for both agents before phase switch...
Ep  651 | Phase: PROTAGO | Ticks: 799 | Protag R: -15222.00 | Antag R: 14851.00 | Delivery:  29.1% | Budget Used: 3720.00/4000.0
Ep  652 | Phase: PROTAGO | Ticks: 797 | Protag R: -11518.00 | Antag R: 11146.00 | Delivery:  22.2% | Budget Used: 3720.00/4000.0
Ep  653 | Phase: PROTAGO | Ticks: 791 | Protag R: -13582.00 | Antag R: 13211.00 | Delivery:  25.5% | Budget Used: 3720.00/4000.0
Ep  654 | Phase: PROTAGO | Ticks: 780 | Protag R: -15668.00 | Antag R: 15297.00 | Delivery:  20.0% | Budget Used: 3720.00/4000.0
Ep  655 | Phase: PROTAGO | Ticks: 792 | Protag R: -14213.00 | Antag R: 13842.00 | Delivery:  28.3% | Budget Used: 3720.00/4000.0
Ep  656 | Phase: PROTAGO | Ticks: 795 | Protag R: -13521.00 | Antag R: 13150.00 | Delivery:  31.8% | Budget Used: 3720.00/4000.0
Ep  657 | Phase: PROTAGO | Ticks: 782 | Protag R: -10202.00 | Antag R: 9831.00 | Delivery:  22.7% | Budget Used: 3720.00/4000.0
Ep  658 | Phase: PROTAGO | Ticks: 792 | Protag R: -17578.00 | Antag R: 17207.00 | Delivery:  22.8% | Budget Used: 3720.00/4000.0
Ep  659 | Phase: PROTAGO | Ticks: 793 | Protag R: -13764.00 | Antag R: 13393.00 | Delivery:  28.3% | Budget Used: 3720.00/4000.0
Ep  660 | Phase: PROTAGO | Ticks: 792 | Protag R: -10752.00 | Antag R: 10381.00 | Delivery:  32.1% | Budget Used: 3720.00/4000.0
Ep  661 | Phase: PROTAGO | Ticks: 784 | Protag R: -16174.00 | Antag R: 15803.00 | Delivery:  25.0% | Budget Used: 3720.00/4000.0
Ep  662 | Phase: PROTAGO | Ticks: 791 | Protag R: -10793.00 | Antag R: 10422.00 | Delivery:  32.6% | Budget Used: 3720.00/4000.0
Ep  663 | Phase: PROTAGO | Ticks: 775 | Protag R: -11795.00 | Antag R: 11424.00 | Delivery:  29.8% | Budget Used: 3720.00/4000.0
Ep  664 | Phase: PROTAGO | Ticks: 795 | Protag R: -15031.00 | Antag R: 14660.00 | Delivery:  30.8% | Budget Used: 3720.00/4000.0
Ep  665 | Phase: PROTAGO | Ticks: 797 | Protag R: -11832.00 | Antag R: 11460.00 | Delivery:  20.0% | Budget Used: 3720.00/4000.0
Ep  666 | Phase: PROTAGO | Ticks: 798 | Protag R: -18848.00 | Antag R: 18477.00 | Delivery:  24.1% | Budget Used: 3720.00/4000.0
Ep  667 | Phase: PROTAGO | Ticks: 798 | Protag R: -14937.00 | Antag R: 14566.00 | Delivery:  27.3% | Budget Used: 3720.00/4000.0
Ep  668 | Phase: PROTAGO | Ticks: 787 | Protag R: -13097.00 | Antag R: 12725.00 | Delivery:  32.6% | Budget Used: 3720.00/4000.0
Ep  669 | Phase: PROTAGO | Ticks: 785 | Protag R: -16550.00 | Antag R: 16179.00 | Delivery:  25.5% | Budget Used: 3720.00/4000.0
Ep  670 | Phase: PROTAGO | Ticks: 776 | Protag R: -13600.00 | Antag R: 13229.00 | Delivery:  17.4% | Budget Used: 3720.00/4000.0
Ep  671 | Phase: PROTAGO | Ticks: 775 | Protag R: -16585.00 | Antag R: 16214.00 | Delivery:  18.2% | Budget Used: 3720.00/4000.0
Ep  672 | Phase: PROTAGO | Ticks: 796 | Protag R: -15856.00 | Antag R: 15485.00 | Delivery:  21.4% | Budget Used: 3720.00/4000.0
Ep  673 | Phase: PROTAGO | Ticks: 777 | Protag R: -12150.00 | Antag R: 11779.00 | Delivery:  26.7% | Budget Used: 3720.00/4000.0
Ep  674 | Phase: PROTAGO | Ticks: 775 | Protag R: -14052.00 | Antag R: 13680.00 | Delivery:  26.9% | Budget Used: 3720.00/4000.0
Ep  675 | Phase: PROTAGO | Ticks: 789 | Protag R: -13423.00 | Antag R: 13051.00 | Delivery:  31.9% | Budget Used: 3720.00/4000.0
Ep  676 | Phase: PROTAGO | Ticks: 791 | Protag R: -11729.00 | Antag R: 11358.00 | Delivery:  34.1% | Budget Used: 3720.00/4000.0
Ep  677 | Phase: PROTAGO | Ticks: 775 | Protag R: -14645.00 | Antag R: 14274.00 | Delivery:  20.0% | Budget Used: 3720.00/4000.0
Ep  678 | Phase: PROTAGO | Ticks: 797 | Protag R: -15366.00 | Antag R: 14995.00 | Delivery:  18.2% | Budget Used: 3720.00/4000.0
Ep  679 | Phase: PROTAGO | Ticks: 782 | Protag R: -16548.00 | Antag R: 16177.00 | Delivery:  25.5% | Budget Used: 3720.00/4000.0
Ep  680 | Phase: PROTAGO | Ticks: 775 | Protag R: -21078.00 | Antag R: 20707.00 | Delivery:  16.9% | Budget Used: 3720.00/4000.0
Ep  681 | Phase: PROTAGO | Ticks: 783 | Protag R: -19050.00 | Antag R: 18679.00 | Delivery:  21.1% | Budget Used: 3720.00/4000.0
Ep  682 | Phase: PROTAGO | Ticks: 778 | Protag R: -13616.00 | Antag R: 13245.00 | Delivery:  15.4% | Budget Used: 3720.00/4000.0
Ep  683 | Phase: PROTAGO | Ticks: 799 | Protag R: -16048.00 | Antag R: 15676.00 | Delivery:  26.0% | Budget Used: 3720.00/4000.0
Ep  684 | Phase: PROTAGO | Ticks: 798 | Protag R: -10989.00 | Antag R: 10618.00 | Delivery:  30.2% | Budget Used: 3720.00/4000.0
Ep  685 | Phase: PROTAGO | Ticks: 784 | Protag R: -16559.00 | Antag R: 16188.00 | Delivery:  18.5% | Budget Used: 3720.00/4000.0
Ep  686 | Phase: PROTAGO | Ticks: 776 | Protag R: -12599.00 | Antag R: 12228.00 | Delivery:  21.8% | Budget Used: 3720.00/4000.0
Ep  687 | Phase: PROTAGO | Ticks: 775 | Protag R: -14749.00 | Antag R: 14378.00 | Delivery:  28.8% | Budget Used: 3720.00/4000.0
Ep  688 | Phase: PROTAGO | Ticks: 798 | Protag R: -13726.00 | Antag R: 13355.00 | Delivery:  14.6% | Budget Used: 3720.00/4000.0
Ep  689 | Phase: PROTAGO | Ticks: 781 | Protag R: -10354.00 | Antag R: 9983.00 | Delivery:  41.5% | Budget Used: 3720.00/4000.0
Ep  690 | Phase: PROTAGO | Ticks: 798 | Protag R: -19331.00 | Antag R: 18960.00 | Delivery:  17.2% | Budget Used: 3720.00/4000.0
Ep  691 | Phase: PROTAGO | Ticks: 784 | Protag R: -7055.00 | Antag R: 6684.00 | Delivery:  37.8% | Budget Used: 3720.00/4000.0
Ep  692 | Phase: PROTAGO | Ticks: 776 | Protag R: -10945.00 | Antag R: 10574.00 | Delivery:  35.9% | Budget Used: 3720.00/4000.0
Ep  693 | Phase: PROTAGO | Ticks: 797 | Protag R: -18033.00 | Antag R: 17662.00 | Delivery:  12.3% | Budget Used: 3720.00/4000.0
Ep  694 | Phase: PROTAGO | Ticks: 797 | Protag R: -11744.00 | Antag R: 11372.00 | Delivery:  25.5% | Budget Used: 3720.00/4000.0
Ep  695 | Phase: PROTAGO | Ticks: 797 | Protag R: -20725.00 | Antag R: 20354.00 | Delivery:  16.4% | Budget Used: 3720.00/4000.0
Ep  696 | Phase: PROTAGO | Ticks: 789 | Protag R: -16855.00 | Antag R: 16484.00 | Delivery:  22.4% | Budget Used: 3720.00/4000.0
Ep  697 | Phase: PROTAGO | Ticks: 778 | Protag R: -12960.00 | Antag R: 12589.00 | Delivery:  23.9% | Budget Used: 3720.00/4000.0
Ep  698 | Phase: PROTAGO | Ticks: 796 | Protag R: -12121.00 | Antag R: 11750.00 | Delivery:  22.5% | Budget Used: 3720.00/4000.0
Ep  699 | Phase: PROTAGO | Ticks: 780 | Protag R: -18869.00 | Antag R: 18498.00 | Delivery:  19.0% | Budget Used: 3720.00/4000.0
Ep  700 | Phase: PROTAGO | Ticks: 786 | Protag R: -11100.00 | Antag R: 10729.00 | Delivery:  32.7% | Budget Used: 3720.00/4000.0
  [EVAL ep 700] greedy_atk=6769 learned_atk=9301 gap=+2533 +/-1237 (neg = learned beats greedy under attack)
Saving checkpoints for both agents before phase switch...
Ep  701 | Phase: PROTAGO | Ticks: 799 | Protag R: -12332.00 | Antag R: 11960.00 | Delivery:  19.5% | Budget Used: 3720.00/4000.0
Ep  702 | Phase: PROTAGO | Ticks: 779 | Protag R: -12166.00 | Antag R: 11795.00 | Delivery:  29.5% | Budget Used: 3720.00/4000.0
Ep  703 | Phase: PROTAGO | Ticks: 796 | Protag R: -9844.00 | Antag R: 9473.00 | Delivery:  29.3% | Budget Used: 3720.00/4000.0
Ep  704 | Phase: PROTAGO | Ticks: 790 | Protag R: -18166.00 | Antag R: 17795.00 | Delivery:  24.5% | Budget Used: 3720.00/4000.0
Ep  705 | Phase: PROTAGO | Ticks: 790 | Protag R: -6394.00 | Antag R: 6023.00 | Delivery:  35.5% | Budget Used: 3720.00/4000.0
Ep  706 | Phase: PROTAGO | Ticks: 783 | Protag R: -10968.00 | Antag R: 10597.00 | Delivery:  34.7% | Budget Used: 3720.00/4000.0
Ep  707 | Phase: PROTAGO | Ticks: 795 | Protag R: -8587.00 | Antag R: 8216.00 | Delivery:  32.6% | Budget Used: 3720.00/4000.0
Ep  708 | Phase: PROTAGO | Ticks: 776 | Protag R: -14795.00 | Antag R: 14424.00 | Delivery:  30.4% | Budget Used: 3720.00/4000.0
Ep  709 | Phase: PROTAGO | Ticks: 776 | Protag R: -10815.00 | Antag R: 10443.00 | Delivery:  31.8% | Budget Used: 3720.00/4000.0
Ep  710 | Phase: PROTAGO | Ticks: 784 | Protag R: -12634.00 | Antag R: 12262.00 | Delivery:  20.5% | Budget Used: 3720.00/4000.0
Ep  711 | Phase: PROTAGO | Ticks: 798 | Protag R: -15182.00 | Antag R: 14811.00 | Delivery:  30.0% | Budget Used: 3720.00/4000.0
Ep  712 | Phase: PROTAGO | Ticks: 799 | Protag R: -10681.00 | Antag R: 10309.00 | Delivery:  27.7% | Budget Used: 3720.00/4000.0
Ep  713 | Phase: PROTAGO | Ticks: 799 | Protag R: -11946.00 | Antag R: 11575.00 | Delivery:  29.8% | Budget Used: 3720.00/4000.0
Ep  714 | Phase: PROTAGO | Ticks: 797 | Protag R: -18380.00 | Antag R: 18009.00 | Delivery:  27.0% | Budget Used: 3720.00/4000.0
Ep  715 | Phase: PROTAGO | Ticks: 775 | Protag R: -18837.00 | Antag R: 18466.00 | Delivery:  23.3% | Budget Used: 3720.00/4000.0
Ep  716 | Phase: PROTAGO | Ticks: 796 | Protag R: -14403.00 | Antag R: 14031.00 | Delivery:  30.2% | Budget Used: 3720.00/4000.0
Ep  717 | Phase: PROTAGO | Ticks: 779 | Protag R: -10863.00 | Antag R: 10492.00 | Delivery:  29.2% | Budget Used: 3720.00/4000.0
Ep  718 | Phase: PROTAGO | Ticks: 795 | Protag R: -19695.00 | Antag R: 19323.00 | Delivery:  22.8% | Budget Used: 3720.00/4000.0
Ep  719 | Phase: PROTAGO | Ticks: 794 | Protag R: -18212.00 | Antag R: 17841.00 | Delivery:  28.8% | Budget Used: 3720.00/4000.0
Ep  720 | Phase: PROTAGO | Ticks: 784 | Protag R: -12427.00 | Antag R: 12055.00 | Delivery:  31.7% | Budget Used: 3720.00/4000.0
Ep  721 | Phase: PROTAGO | Ticks: 796 | Protag R: -14360.00 | Antag R: 13988.00 | Delivery:  20.4% | Budget Used: 3720.00/4000.0
Ep  722 | Phase: PROTAGO | Ticks: 775 | Protag R: -13192.00 | Antag R: 12821.00 | Delivery:  26.7% | Budget Used: 3720.00/4000.0
Ep  723 | Phase: PROTAGO | Ticks: 789 | Protag R: -11333.00 | Antag R: 10961.00 | Delivery:  32.5% | Budget Used: 3720.00/4000.0
Ep  724 | Phase: PROTAGO | Ticks: 795 | Protag R: -13834.00 | Antag R: 13463.00 | Delivery:  25.5% | Budget Used: 3720.00/4000.0
Ep  725 | Phase: PROTAGO | Ticks: 776 | Protag R: -18397.00 | Antag R: 18025.00 | Delivery:  17.9% | Budget Used: 3720.00/4000.0
Ep  726 | Phase: PROTAGO | Ticks: 789 | Protag R: -12722.00 | Antag R: 12351.00 | Delivery:  21.7% | Budget Used: 3720.00/4000.0
Ep  727 | Phase: PROTAGO | Ticks: 777 | Protag R: -14954.00 | Antag R: 14583.00 | Delivery:  23.5% | Budget Used: 3720.00/4000.0
Ep  728 | Phase: PROTAGO | Ticks: 787 | Protag R: -16855.00 | Antag R: 16484.00 | Delivery:  25.0% | Budget Used: 3720.00/4000.0
Ep  729 | Phase: PROTAGO | Ticks: 779 | Protag R: -8292.00 | Antag R: 7920.00 | Delivery:  34.2% | Budget Used: 3720.00/4000.0
Ep  730 | Phase: PROTAGO | Ticks: 775 | Protag R: -19335.00 | Antag R: 18964.00 | Delivery:  26.3% | Budget Used: 3720.00/4000.0
Ep  731 | Phase: PROTAGO | Ticks: 777 | Protag R: -9813.00 | Antag R: 9442.00 | Delivery:  38.1% | Budget Used: 3720.00/4000.0
Ep  732 | Phase: PROTAGO | Ticks: 792 | Protag R: -10218.00 | Antag R: 9847.00 | Delivery:  34.0% | Budget Used: 3720.00/4000.0
Ep  733 | Phase: PROTAGO | Ticks: 775 | Protag R: -9583.00 | Antag R: 9212.00 | Delivery:  31.8% | Budget Used: 3720.00/4000.0
Ep  734 | Phase: PROTAGO | Ticks: 799 | Protag R: -14914.00 | Antag R: 14542.00 | Delivery:  22.4% | Budget Used: 3720.00/4000.0
Ep  735 | Phase: PROTAGO | Ticks: 776 | Protag R: -15867.00 | Antag R: 15496.00 | Delivery:  29.5% | Budget Used: 3720.00/4000.0
Ep  736 | Phase: PROTAGO | Ticks: 797 | Protag R: -13900.00 | Antag R: 13529.00 | Delivery:  26.1% | Budget Used: 3720.00/4000.0
Ep  737 | Phase: PROTAGO | Ticks: 798 | Protag R: -21832.00 | Antag R: 21461.00 | Delivery:  14.1% | Budget Used: 3720.00/4000.0
Ep  738 | Phase: PROTAGO | Ticks: 775 | Protag R: -15029.00 | Antag R: 14658.00 | Delivery:  30.9% | Budget Used: 3720.00/4000.0
Ep  739 | Phase: PROTAGO | Ticks: 778 | Protag R: -16402.00 | Antag R: 16031.00 | Delivery:  26.7% | Budget Used: 3720.00/4000.0
Ep  740 | Phase: PROTAGO | Ticks: 794 | Protag R: -10933.00 | Antag R: 10562.00 | Delivery:  34.9% | Budget Used: 3720.00/4000.0
Ep  741 | Phase: PROTAGO | Ticks: 777 | Protag R: -18243.00 | Antag R: 17872.00 | Delivery:  20.8% | Budget Used: 3720.00/4000.0
Ep  742 | Phase: PROTAGO | Ticks: 797 | Protag R: -18587.00 | Antag R: 18216.00 | Delivery:  20.8% | Budget Used: 3720.00/4000.0
Ep  743 | Phase: PROTAGO | Ticks: 796 | Protag R: -17279.00 | Antag R: 16908.00 | Delivery:  19.3% | Budget Used: 3720.00/4000.0
Ep  744 | Phase: PROTAGO | Ticks: 776 | Protag R: -8640.00 | Antag R: 8269.00 | Delivery:  40.5% | Budget Used: 3720.00/4000.0
Ep  745 | Phase: PROTAGO | Ticks: 797 | Protag R: -15581.00 | Antag R: 15210.00 | Delivery:  25.9% | Budget Used: 3720.00/4000.0
Ep  746 | Phase: PROTAGO | Ticks: 797 | Protag R: -9207.00 | Antag R: 8836.00 | Delivery:  32.5% | Budget Used: 3720.00/4000.0
Ep  747 | Phase: PROTAGO | Ticks: 788 | Protag R: -12969.00 | Antag R: 12598.00 | Delivery:  30.2% | Budget Used: 3720.00/4000.0
Ep  748 | Phase: PROTAGO | Ticks: 775 | Protag R: -11274.00 | Antag R: 10903.00 | Delivery:  31.1% | Budget Used: 3720.00/4000.0
Ep  749 | Phase: PROTAGO | Ticks: 788 | Protag R: -15870.00 | Antag R: 15498.00 | Delivery:  24.5% | Budget Used: 3720.00/4000.0
Ep  750 | Phase: PROTAGO | Ticks: 788 | Protag R: -11532.00 | Antag R: 11161.00 | Delivery:  26.2% | Budget Used: 3720.00/4000.0
  [EVAL ep 750] greedy_atk=6769 learned_atk=7767 gap=+998 +/-776 (neg = learned beats greedy under attack)
Saving checkpoints for both agents before phase switch...
Ep  751 | Phase: PROTAGO | Ticks: 775 | Protag R: -15482.00 | Antag R: 15111.00 | Delivery:  17.5% | Budget Used: 3720.00/4000.0
Ep  752 | Phase: PROTAGO | Ticks: 796 | Protag R: -17347.00 | Antag R: 16976.00 | Delivery:  25.4% | Budget Used: 3720.00/4000.0
Ep  753 | Phase: PROTAGO | Ticks: 775 | Protag R: -11188.00 | Antag R: 10817.00 | Delivery:  31.2% | Budget Used: 3720.00/4000.0
Ep  754 | Phase: PROTAGO | Ticks: 788 | Protag R: -14483.00 | Antag R: 14111.00 | Delivery:  22.4% | Budget Used: 3720.00/4000.0
Ep  755 | Phase: PROTAGO | Ticks: 775 | Protag R: -12235.00 | Antag R: 11864.00 | Delivery:  28.9% | Budget Used: 3720.00/4000.0
Ep  756 | Phase: PROTAGO | Ticks: 783 | Protag R: -17030.00 | Antag R: 16658.00 | Delivery:  22.4% | Budget Used: 3720.00/4000.0
Ep  757 | Phase: PROTAGO | Ticks: 797 | Protag R: -13887.00 | Antag R: 13516.00 | Delivery:  31.8% | Budget Used: 3720.00/4000.0
Ep  758 | Phase: PROTAGO | Ticks: 790 | Protag R: -16083.00 | Antag R: 15712.00 | Delivery:  17.9% | Budget Used: 3720.00/4000.0
Ep  759 | Phase: PROTAGO | Ticks: 798 | Protag R: -17721.00 | Antag R: 17349.00 | Delivery:  14.0% | Budget Used: 3720.00/4000.0
Ep  760 | Phase: PROTAGO | Ticks: 790 | Protag R: -14269.00 | Antag R: 13898.00 | Delivery:  22.4% | Budget Used: 3720.00/4000.0
Ep  761 | Phase: PROTAGO | Ticks: 790 | Protag R: -13462.00 | Antag R: 13091.00 | Delivery:  25.6% | Budget Used: 3720.00/4000.0
Ep  762 | Phase: PROTAGO | Ticks: 788 | Protag R: -14412.00 | Antag R: 14041.00 | Delivery:  25.0% | Budget Used: 3720.00/4000.0
Ep  763 | Phase: PROTAGO | Ticks: 796 | Protag R: -10411.00 | Antag R: 10040.00 | Delivery:  36.8% | Budget Used: 3720.00/4000.0
Ep  764 | Phase: PROTAGO | Ticks: 775 | Protag R: -15954.00 | Antag R: 15583.00 | Delivery:  27.5% | Budget Used: 3720.00/4000.0
Ep  765 | Phase: PROTAGO | Ticks: 798 | Protag R: -10756.00 | Antag R: 10384.00 | Delivery:  25.0% | Budget Used: 3720.00/4000.0
Ep  766 | Phase: PROTAGO | Ticks: 789 | Protag R: -14296.00 | Antag R: 13924.00 | Delivery:  22.6% | Budget Used: 3720.00/4000.0
Ep  767 | Phase: PROTAGO | Ticks: 795 | Protag R: -13486.00 | Antag R: 13115.00 | Delivery:  32.7% | Budget Used: 3720.00/4000.0
Ep  768 | Phase: PROTAGO | Ticks: 776 | Protag R: -13221.00 | Antag R: 12849.00 | Delivery:  24.1% | Budget Used: 3720.00/4000.0
Ep  769 | Phase: PROTAGO | Ticks: 794 | Protag R: -10069.00 | Antag R: 9698.00 | Delivery:  39.5% | Budget Used: 3720.00/4000.0
Ep  770 | Phase: PROTAGO | Ticks: 788 | Protag R: -14072.00 | Antag R: 13701.00 | Delivery:  23.6% | Budget Used: 3720.00/4000.0
Ep  771 | Phase: PROTAGO | Ticks: 789 | Protag R: -14999.00 | Antag R: 14628.00 | Delivery:  27.7% | Budget Used: 3720.00/4000.0
Ep  772 | Phase: PROTAGO | Ticks: 782 | Protag R: -11665.00 | Antag R: 11294.00 | Delivery:  32.5% | Budget Used: 3720.00/4000.0
Ep  773 | Phase: PROTAGO | Ticks: 796 | Protag R: -11849.00 | Antag R: 11478.00 | Delivery:  30.4% | Budget Used: 3720.00/4000.0
Ep  774 | Phase: PROTAGO | Ticks: 789 | Protag R: -13122.00 | Antag R: 12751.00 | Delivery:  23.4% | Budget Used: 3720.00/4000.0
Ep  775 | Phase: PROTAGO | Ticks: 776 | Protag R: -16210.00 | Antag R: 15839.00 | Delivery:  20.7% | Budget Used: 3720.00/4000.0
Ep  776 | Phase: PROTAGO | Ticks: 797 | Protag R: -15960.00 | Antag R: 15589.00 | Delivery:  24.0% | Budget Used: 3720.00/4000.0
Ep  777 | Phase: PROTAGO | Ticks: 798 | Protag R: -9363.00 | Antag R: 8992.00 | Delivery:  24.4% | Budget Used: 3720.00/4000.0
Ep  778 | Phase: PROTAGO | Ticks: 780 | Protag R: -16881.00 | Antag R: 16510.00 | Delivery:  29.6% | Budget Used: 3720.00/4000.0
Ep  779 | Phase: PROTAGO | Ticks: 776 | Protag R: -8387.00 | Antag R: 8015.00 | Delivery:  25.7% | Budget Used: 3720.00/4000.0
Ep  780 | Phase: PROTAGO | Ticks: 798 | Protag R: -12391.00 | Antag R: 12020.00 | Delivery:  33.3% | Budget Used: 3720.00/4000.0
Ep  781 | Phase: PROTAGO | Ticks: 785 | Protag R: -17365.00 | Antag R: 16994.00 | Delivery:  23.7% | Budget Used: 3720.00/4000.0
Ep  782 | Phase: PROTAGO | Ticks: 797 | Protag R: -11027.00 | Antag R: 10655.00 | Delivery:  39.5% | Budget Used: 3720.00/4000.0
Ep  783 | Phase: PROTAGO | Ticks: 797 | Protag R: -14431.00 | Antag R: 14060.00 | Delivery:  33.3% | Budget Used: 3720.00/4000.0
Ep  784 | Phase: PROTAGO | Ticks: 797 | Protag R: -8301.00 | Antag R: 7930.00 | Delivery:  42.1% | Budget Used: 3720.00/4000.0
Ep  785 | Phase: PROTAGO | Ticks: 796 | Protag R: -18490.00 | Antag R: 18119.00 | Delivery:  23.1% | Budget Used: 3720.00/4000.0
Ep  786 | Phase: PROTAGO | Ticks: 793 | Protag R: -16572.00 | Antag R: 16200.00 | Delivery:  21.4% | Budget Used: 3720.00/4000.0
Ep  787 | Phase: PROTAGO | Ticks: 798 | Protag R: -12230.00 | Antag R: 11858.00 | Delivery:  31.1% | Budget Used: 3720.00/4000.0
Ep  788 | Phase: PROTAGO | Ticks: 796 | Protag R: -11508.00 | Antag R: 11137.00 | Delivery:  39.5% | Budget Used: 3720.00/4000.0
Ep  789 | Phase: PROTAGO | Ticks: 775 | Protag R: -20449.00 | Antag R: 20078.00 | Delivery:  16.4% | Budget Used: 3720.00/4000.0
Ep  790 | Phase: PROTAGO | Ticks: 796 | Protag R: -15118.00 | Antag R: 14747.00 | Delivery:  25.0% | Budget Used: 3720.00/4000.0
Ep  791 | Phase: PROTAGO | Ticks: 797 | Protag R: -14871.00 | Antag R: 14499.00 | Delivery:  22.6% | Budget Used: 3720.00/4000.0
Ep  792 | Phase: PROTAGO | Ticks: 798 | Protag R: -20757.00 | Antag R: 20386.00 | Delivery:  22.4% | Budget Used: 3720.00/4000.0
Ep  793 | Phase: PROTAGO | Ticks: 777 | Protag R: -11593.00 | Antag R: 11221.00 | Delivery:  23.1% | Budget Used: 3720.00/4000.0
Ep  794 | Phase: PROTAGO | Ticks: 797 | Protag R: -16909.00 | Antag R: 16538.00 | Delivery:  26.5% | Budget Used: 3720.00/4000.0
Ep  795 | Phase: PROTAGO | Ticks: 797 | Protag R: -15678.00 | Antag R: 15307.00 | Delivery:  21.6% | Budget Used: 3720.00/4000.0
Ep  796 | Phase: PROTAGO | Ticks: 798 | Protag R: -15313.00 | Antag R: 14942.00 | Delivery:  26.4% | Budget Used: 3720.00/4000.0
Ep  797 | Phase: PROTAGO | Ticks: 796 | Protag R: -12260.00 | Antag R: 11889.00 | Delivery:  27.9% | Budget Used: 3720.00/4000.0
Ep  798 | Phase: PROTAGO | Ticks: 789 | Protag R: -21473.00 | Antag R: 21102.00 | Delivery:  18.0% | Budget Used: 3720.00/4000.0
Ep  799 | Phase: PROTAGO | Ticks: 798 | Protag R: -11532.00 | Antag R: 11161.00 | Delivery:  25.0% | Budget Used: 3720.00/4000.0
Ep  800 | Phase: PROTAGO | Ticks: 794 | Protag R: -10364.00 | Antag R: 9992.00 | Delivery:  36.2% | Budget Used: 3720.00/4000.0
  [EVAL ep 800] greedy_atk=6769 learned_atk=8150 gap=+1382 +/-621 (neg = learned beats greedy under attack)
Saved coevolved protagonist actor to models/runs/gen06_dynassign_matrix/dynassign_scripted_seed2/protagonist/actor.pt
Saved coevolved antagonist actor to models/runs/gen06_dynassign_matrix/dynassign_scripted_seed2/antagonist/actor.pt
Saved copy of protagonist actor as latest to models/protagonist/actor.pt
Saved copy of antagonist actor as latest to models/antagonist/actor.pt

SACRED ATLA Training completed successfully! Logs saved to TensorBoard.
