Seeded run: seed=0
Initializing SACRED Stage-1.5 dynamic assignment (Poisson arrivals, 2 trucks)...
Configuring Protagonist Dispatch Agent...
Configuring Antagonist Congestion Agent...
Initializing ATLA Coevolution Trainer...
Run Name: gen06_dynassign_matrix/dynassign_scripted_seed0
Scripted adversary: pathrand
Starting SACRED training (mode=scripted_adversary) for 800 episodes...
Device: Protagonist=cpu, Antagonist=cpu
Initial Phase: Training PROTAGONIST

Ep    1 | Phase: PROTAGO | Ticks: 798 | Protag R: -11115.00 | Antag R: 10744.00 | Delivery:  36.2% | Budget Used: 3720.00/4000.0
Ep    2 | Phase: PROTAGO | Ticks: 777 | Protag R: -11899.00 | Antag R: 11528.00 | Delivery:  38.3% | Budget Used: 3720.00/4000.0
Ep    3 | Phase: PROTAGO | Ticks: 796 | Protag R: -16286.00 | Antag R: 15915.00 | Delivery:  26.1% | Budget Used: 3720.00/4000.0
Ep    4 | Phase: PROTAGO | Ticks: 795 | Protag R: -14720.00 | Antag R: 14349.00 | Delivery:  20.9% | Budget Used: 3720.00/4000.0
Ep    5 | Phase: PROTAGO | Ticks: 775 | Protag R: -12493.00 | Antag R: 12121.00 | Delivery:  14.6% | Budget Used: 3720.00/4000.0
Ep    6 | Phase: PROTAGO | Ticks: 798 | Protag R: -14029.00 | Antag R: 13658.00 | Delivery:  24.0% | Budget Used: 3720.00/4000.0
Ep    7 | Phase: PROTAGO | Ticks: 782 | Protag R: -17222.00 | Antag R: 16851.00 | Delivery:   8.3% | Budget Used: 3720.00/4000.0
Ep    8 | Phase: PROTAGO | Ticks: 775 | Protag R: -14128.00 | Antag R: 13757.00 | Delivery:  17.0% | Budget Used: 3720.00/4000.0
Ep    9 | Phase: PROTAGO | Ticks: 780 | Protag R: -18242.00 | Antag R: 17870.00 | Delivery:   6.1% | Budget Used: 3720.00/4000.0
Ep   10 | Phase: PROTAGO | Ticks: 796 | Protag R: -15248.00 | Antag R: 14876.00 | Delivery:  16.0% | Budget Used: 3720.00/4000.0
Ep   11 | Phase: PROTAGO | Ticks: 797 | Protag R: -16723.00 | Antag R: 16352.00 | Delivery:  19.6% | Budget Used: 3720.00/4000.0
Ep   12 | Phase: PROTAGO | Ticks: 794 | Protag R: -15556.00 | Antag R: 15185.00 | Delivery:  17.4% | Budget Used: 3720.00/4000.0
Ep   13 | Phase: PROTAGO | Ticks: 794 | Protag R: -10583.00 | Antag R: 10212.00 | Delivery:  18.4% | Budget Used: 3720.00/4000.0
Ep   14 | Phase: PROTAGO | Ticks: 796 | Protag R: -18611.00 | Antag R: 18239.00 | Delivery:  13.0% | Budget Used: 3720.00/4000.0
Ep   15 | Phase: PROTAGO | Ticks: 797 | Protag R: -15397.00 | Antag R: 15026.00 | Delivery:  17.4% | Budget Used: 3720.00/4000.0
Ep   16 | Phase: PROTAGO | Ticks: 796 | Protag R: -13223.00 | Antag R: 12852.00 | Delivery:  14.6% | Budget Used: 3720.00/4000.0
Ep   17 | Phase: PROTAGO | Ticks: 796 | Protag R: -14438.00 | Antag R: 14066.00 | Delivery:  16.7% | Budget Used: 3720.00/4000.0
Ep   18 | Phase: PROTAGO | Ticks: 784 | Protag R: -16140.00 | Antag R: 15769.00 | Delivery:  18.2% | Budget Used: 3720.00/4000.0
Ep   19 | Phase: PROTAGO | Ticks: 798 | Protag R: -10862.00 | Antag R: 10490.00 | Delivery:  21.9% | Budget Used: 3720.00/4000.0
Ep   20 | Phase: PROTAGO | Ticks: 776 | Protag R: -12971.00 | Antag R: 12600.00 | Delivery:  21.1% | Budget Used: 3720.00/4000.0
Ep   21 | Phase: PROTAGO | Ticks: 775 | Protag R: -14441.00 | Antag R: 14070.00 | Delivery:  27.5% | Budget Used: 3720.00/4000.0
Ep   22 | Phase: PROTAGO | Ticks: 797 | Protag R: -20707.00 | Antag R: 20336.00 | Delivery:  14.5% | Budget Used: 3720.00/4000.0
Ep   23 | Phase: PROTAGO | Ticks: 798 | Protag R: -15959.00 | Antag R: 15588.00 | Delivery:  11.9% | Budget Used: 3720.00/4000.0
Ep   24 | Phase: PROTAGO | Ticks: 791 | Protag R: -17055.00 | Antag R: 16684.00 | Delivery:   9.4% | Budget Used: 3720.00/4000.0
Ep   25 | Phase: PROTAGO | Ticks: 797 | Protag R: -12556.00 | Antag R: 12185.00 | Delivery:  28.1% | Budget Used: 3720.00/4000.0
Ep   26 | Phase: PROTAGO | Ticks: 793 | Protag R: -22335.00 | Antag R: 21964.00 | Delivery:  14.8% | Budget Used: 3720.00/4000.0
Ep   27 | Phase: PROTAGO | Ticks: 798 | Protag R: -8553.00 | Antag R: 8182.00 | Delivery:  21.9% | Budget Used: 3720.00/4000.0
Ep   28 | Phase: PROTAGO | Ticks: 776 | Protag R: -11964.00 | Antag R: 11593.00 | Delivery:  22.5% | Budget Used: 3720.00/4000.0
Ep   29 | Phase: PROTAGO | Ticks: 776 | Protag R: -18051.00 | Antag R: 17680.00 | Delivery:  11.5% | Budget Used: 3720.00/4000.0
Ep   30 | Phase: PROTAGO | Ticks: 796 | Protag R: -15928.00 | Antag R: 15557.00 | Delivery:  17.8% | Budget Used: 3720.00/4000.0
Ep   31 | Phase: PROTAGO | Ticks: 798 | Protag R: -21345.00 | Antag R: 20974.00 | Delivery:  10.3% | Budget Used: 3720.00/4000.0
Ep   32 | Phase: PROTAGO | Ticks: 798 | Protag R: -19519.00 | Antag R: 19147.00 | Delivery:  12.1% | Budget Used: 3720.00/4000.0
Ep   33 | Phase: PROTAGO | Ticks: 775 | Protag R: -18963.00 | Antag R: 18592.00 | Delivery:  15.5% | Budget Used: 3720.00/4000.0
Ep   34 | Phase: PROTAGO | Ticks: 777 | Protag R: -17265.00 | Antag R: 16894.00 | Delivery:  12.5% | Budget Used: 3720.00/4000.0
Ep   35 | Phase: PROTAGO | Ticks: 777 | Protag R: -18039.00 | Antag R: 17668.00 | Delivery:  14.0% | Budget Used: 3720.00/4000.0
Ep   36 | Phase: PROTAGO | Ticks: 798 | Protag R: -18563.00 | Antag R: 18192.00 | Delivery:  16.1% | Budget Used: 3720.00/4000.0
Ep   37 | Phase: PROTAGO | Ticks: 776 | Protag R: -17055.00 | Antag R: 16683.00 | Delivery:  10.9% | Budget Used: 3720.00/4000.0
Ep   38 | Phase: PROTAGO | Ticks: 792 | Protag R: -19899.00 | Antag R: 19528.00 | Delivery:  11.7% | Budget Used: 3720.00/4000.0
Ep   39 | Phase: PROTAGO | Ticks: 792 | Protag R: -19508.00 | Antag R: 19137.00 | Delivery:  18.3% | Budget Used: 3720.00/4000.0
Ep   40 | Phase: PROTAGO | Ticks: 777 | Protag R: -16223.00 | Antag R: 15852.00 | Delivery:   8.5% | Budget Used: 3720.00/4000.0
Ep   41 | Phase: PROTAGO | Ticks: 791 | Protag R: -12808.00 | Antag R: 12437.00 | Delivery:  16.3% | Budget Used: 3720.00/4000.0
Ep   42 | Phase: PROTAGO | Ticks: 796 | Protag R: -19402.00 | Antag R: 19031.00 | Delivery:  11.8% | Budget Used: 3720.00/4000.0
Ep   43 | Phase: PROTAGO | Ticks: 791 | Protag R: -8384.00 | Antag R: 8013.00 | Delivery:  31.4% | Budget Used: 3720.00/4000.0
Ep   44 | Phase: PROTAGO | Ticks: 799 | Protag R: -16715.00 | Antag R: 16344.00 | Delivery:  16.7% | Budget Used: 3720.00/4000.0
Ep   45 | Phase: PROTAGO | Ticks: 788 | Protag R: -12177.00 | Antag R: 11806.00 | Delivery:  28.9% | Budget Used: 3720.00/4000.0
Ep   46 | Phase: PROTAGO | Ticks: 799 | Protag R: -16326.00 | Antag R: 15956.00 | Delivery:  20.0% | Budget Used: 3720.00/4000.0
Ep   47 | Phase: PROTAGO | Ticks: 788 | Protag R: -15811.00 | Antag R: 15440.00 | Delivery:   9.1% | Budget Used: 3720.00/4000.0
Ep   48 | Phase: PROTAGO | Ticks: 798 | Protag R: -16776.00 | Antag R: 16405.00 | Delivery:  24.1% | Budget Used: 3720.00/4000.0
Ep   49 | Phase: PROTAGO | Ticks: 783 | Protag R: -16273.00 | Antag R: 15902.00 | Delivery:  19.6% | Budget Used: 3720.00/4000.0
Ep   50 | Phase: PROTAGO | Ticks: 797 | Protag R: -16228.00 | Antag R: 15857.00 | Delivery:  19.3% | Budget Used: 3720.00/4000.0
  [EVAL ep 50] greedy_atk=5366 learned_atk=5771 gap=+406 +/-255 (neg = learned beats greedy under attack)
Saving checkpoints for both agents before phase switch...
Ep   51 | Phase: PROTAGO | Ticks: 776 | Protag R: -17971.00 | Antag R: 17600.00 | Delivery:  17.6% | Budget Used: 3720.00/4000.0
Ep   52 | Phase: PROTAGO | Ticks: 775 | Protag R: -21462.00 | Antag R: 21091.00 | Delivery:  13.8% | Budget Used: 3720.00/4000.0
Ep   53 | Phase: PROTAGO | Ticks: 776 | Protag R: -16961.00 | Antag R: 16590.00 | Delivery:  17.0% | Budget Used: 3720.00/4000.0
Ep   54 | Phase: PROTAGO | Ticks: 780 | Protag R: -20710.00 | Antag R: 20339.00 | Delivery:  12.3% | Budget Used: 3720.00/4000.0
Ep   55 | Phase: PROTAGO | Ticks: 798 | Protag R: -14086.00 | Antag R: 13714.00 | Delivery:  14.6% | Budget Used: 3720.00/4000.0
Ep   56 | Phase: PROTAGO | Ticks: 779 | Protag R: -14155.00 | Antag R: 13784.00 | Delivery:  21.7% | Budget Used: 3720.00/4000.0
Ep   57 | Phase: PROTAGO | Ticks: 798 | Protag R: -14999.00 | Antag R: 14628.00 | Delivery:  12.8% | Budget Used: 3720.00/4000.0
Ep   58 | Phase: PROTAGO | Ticks: 781 | Protag R: -15798.00 | Antag R: 15426.00 | Delivery:  19.1% | Budget Used: 3720.00/4000.0
Ep   59 | Phase: PROTAGO | Ticks: 797 | Protag R: -13948.00 | Antag R: 13577.00 | Delivery:  14.6% | Budget Used: 3720.00/4000.0
Ep   60 | Phase: PROTAGO | Ticks: 779 | Protag R: -17243.00 | Antag R: 16871.00 | Delivery:   7.1% | Budget Used: 3720.00/4000.0
Ep   61 | Phase: PROTAGO | Ticks: 798 | Protag R: -16554.00 | Antag R: 16183.00 | Delivery:  11.9% | Budget Used: 3720.00/4000.0
Ep   62 | Phase: PROTAGO | Ticks: 791 | Protag R: -14904.00 | Antag R: 14533.00 | Delivery:  19.0% | Budget Used: 3720.00/4000.0
Ep   63 | Phase: PROTAGO | Ticks: 792 | Protag R: -16848.00 | Antag R: 16476.00 | Delivery:  13.5% | Budget Used: 3720.00/4000.0
Ep   64 | Phase: PROTAGO | Ticks: 796 | Protag R: -12742.00 | Antag R: 12371.00 | Delivery:  22.7% | Budget Used: 3720.00/4000.0
Ep   65 | Phase: PROTAGO | Ticks: 797 | Protag R: -12576.00 | Antag R: 12205.00 | Delivery:  20.0% | Budget Used: 3720.00/4000.0
Ep   66 | Phase: PROTAGO | Ticks: 776 | Protag R: -14878.00 | Antag R: 14507.00 | Delivery:  18.8% | Budget Used: 3720.00/4000.0
Ep   67 | Phase: PROTAGO | Ticks: 775 | Protag R: -12379.00 | Antag R: 12007.00 | Delivery:  16.7% | Budget Used: 3720.00/4000.0
Ep   68 | Phase: PROTAGO | Ticks: 797 | Protag R: -7253.00 | Antag R: 6882.00 | Delivery:  28.6% | Budget Used: 3720.00/4000.0
Ep   69 | Phase: PROTAGO | Ticks: 791 | Protag R: -18045.00 | Antag R: 17673.00 | Delivery:  21.4% | Budget Used: 3720.00/4000.0
Ep   70 | Phase: PROTAGO | Ticks: 787 | Protag R: -15986.00 | Antag R: 15614.00 | Delivery:  16.3% | Budget Used: 3720.00/4000.0
Ep   71 | Phase: PROTAGO | Ticks: 798 | Protag R: -15711.00 | Antag R: 15340.00 | Delivery:  24.5% | Budget Used: 3720.00/4000.0
Ep   72 | Phase: PROTAGO | Ticks: 791 | Protag R: -13142.00 | Antag R: 12770.00 | Delivery:  20.0% | Budget Used: 3720.00/4000.0
Ep   73 | Phase: PROTAGO | Ticks: 796 | Protag R: -21524.00 | Antag R: 21153.00 | Delivery:   7.4% | Budget Used: 3720.00/4000.0
Ep   74 | Phase: PROTAGO | Ticks: 776 | Protag R: -12556.00 | Antag R: 12185.00 | Delivery:  20.9% | Budget Used: 3720.00/4000.0
Ep   75 | Phase: PROTAGO | Ticks: 790 | Protag R: -15680.00 | Antag R: 15309.00 | Delivery:  19.6% | Budget Used: 3720.00/4000.0
Ep   76 | Phase: PROTAGO | Ticks: 796 | Protag R: -19357.00 | Antag R: 18986.00 | Delivery:  14.8% | Budget Used: 3720.00/4000.0
Ep   77 | Phase: PROTAGO | Ticks: 796 | Protag R: -16296.00 | Antag R: 15925.00 | Delivery:   9.8% | Budget Used: 3720.00/4000.0
Ep   78 | Phase: PROTAGO | Ticks: 799 | Protag R: -18755.00 | Antag R: 18385.00 | Delivery:  23.7% | Budget Used: 3720.00/4000.0
Ep   79 | Phase: PROTAGO | Ticks: 798 | Protag R: -14714.00 | Antag R: 14343.00 | Delivery:  13.0% | Budget Used: 3720.00/4000.0
Ep   80 | Phase: PROTAGO | Ticks: 783 | Protag R: -15925.00 | Antag R: 15555.00 | Delivery:  18.5% | Budget Used: 3720.00/4000.0
Ep   81 | Phase: PROTAGO | Ticks: 776 | Protag R: -25233.00 | Antag R: 24862.00 | Delivery:   8.1% | Budget Used: 3720.00/4000.0
Ep   82 | Phase: PROTAGO | Ticks: 791 | Protag R: -13954.00 | Antag R: 13583.00 | Delivery:  15.9% | Budget Used: 3720.00/4000.0
Ep   83 | Phase: PROTAGO | Ticks: 796 | Protag R: -21634.00 | Antag R: 21263.00 | Delivery:  11.1% | Budget Used: 3720.00/4000.0
Ep   84 | Phase: PROTAGO | Ticks: 778 | Protag R: -16488.00 | Antag R: 16117.00 | Delivery:  12.5% | Budget Used: 3720.00/4000.0
Ep   85 | Phase: PROTAGO | Ticks: 775 | Protag R: -12174.00 | Antag R: 11803.00 | Delivery:  19.5% | Budget Used: 3720.00/4000.0
Ep   86 | Phase: PROTAGO | Ticks: 775 | Protag R: -13045.00 | Antag R: 12673.00 | Delivery:  18.4% | Budget Used: 3720.00/4000.0
Ep   87 | Phase: PROTAGO | Ticks: 783 | Protag R: -18705.00 | Antag R: 18333.00 | Delivery:  10.4% | Budget Used: 3720.00/4000.0
Ep   88 | Phase: PROTAGO | Ticks: 775 | Protag R: -11523.00 | Antag R: 11152.00 | Delivery:  26.3% | Budget Used: 3720.00/4000.0
Ep   89 | Phase: PROTAGO | Ticks: 799 | Protag R: -18706.00 | Antag R: 18335.00 | Delivery:  17.2% | Budget Used: 3720.00/4000.0
Ep   90 | Phase: PROTAGO | Ticks: 776 | Protag R: -16384.00 | Antag R: 16013.00 | Delivery:  21.6% | Budget Used: 3720.00/4000.0
Ep   91 | Phase: PROTAGO | Ticks: 787 | Protag R: -11542.00 | Antag R: 11171.00 | Delivery:  29.5% | Budget Used: 3720.00/4000.0
Ep   92 | Phase: PROTAGO | Ticks: 794 | Protag R: -16193.00 | Antag R: 15822.00 | Delivery:  20.4% | Budget Used: 3720.00/4000.0
Ep   93 | Phase: PROTAGO | Ticks: 798 | Protag R: -8898.00 | Antag R: 8527.00 | Delivery:  26.5% | Budget Used: 3720.00/4000.0
Ep   94 | Phase: PROTAGO | Ticks: 777 | Protag R: -16285.00 | Antag R: 15914.00 | Delivery:  18.2% | Budget Used: 3720.00/4000.0
Ep   95 | Phase: PROTAGO | Ticks: 775 | Protag R: -13098.00 | Antag R: 12727.00 | Delivery:  26.1% | Budget Used: 3720.00/4000.0
Ep   96 | Phase: PROTAGO | Ticks: 789 | Protag R: -9235.00 | Antag R: 8864.00 | Delivery:  26.3% | Budget Used: 3720.00/4000.0
Ep   97 | Phase: PROTAGO | Ticks: 795 | Protag R: -11735.00 | Antag R: 11364.00 | Delivery:  27.3% | Budget Used: 3720.00/4000.0
Ep   98 | Phase: PROTAGO | Ticks: 797 | Protag R: -14988.00 | Antag R: 14617.00 | Delivery:  16.1% | Budget Used: 3720.00/4000.0
Ep   99 | Phase: PROTAGO | Ticks: 776 | Protag R: -16518.00 | Antag R: 16147.00 | Delivery:   8.3% | Budget Used: 3720.00/4000.0
Ep  100 | Phase: PROTAGO | Ticks: 779 | Protag R: -12706.00 | Antag R: 12334.00 | Delivery:   9.1% | Budget Used: 3720.00/4000.0
  [EVAL ep 100] greedy_atk=5366 learned_atk=5740 gap=+374 +/-281 (neg = learned beats greedy under attack)
Saving checkpoints for both agents before phase switch...
Ep  101 | Phase: PROTAGO | Ticks: 794 | Protag R: -13339.00 | Antag R: 12968.00 | Delivery:  23.8% | Budget Used: 3720.00/4000.0
Ep  102 | Phase: PROTAGO | Ticks: 775 | Protag R: -14458.00 | Antag R: 14087.00 | Delivery:  15.8% | Budget Used: 3720.00/4000.0
Ep  103 | Phase: PROTAGO | Ticks: 797 | Protag R: -12489.00 | Antag R: 12117.00 | Delivery:  19.0% | Budget Used: 3720.00/4000.0
Ep  104 | Phase: PROTAGO | Ticks: 789 | Protag R: -18888.00 | Antag R: 18517.00 | Delivery:  12.5% | Budget Used: 3720.00/4000.0
Ep  105 | Phase: PROTAGO | Ticks: 785 | Protag R: -17471.00 | Antag R: 17100.00 | Delivery:  23.1% | Budget Used: 3720.00/4000.0
Ep  106 | Phase: PROTAGO | Ticks: 799 | Protag R: -13129.00 | Antag R: 12758.00 | Delivery:  25.0% | Budget Used: 3720.00/4000.0
Ep  107 | Phase: PROTAGO | Ticks: 775 | Protag R: -18730.00 | Antag R: 18359.00 | Delivery:  17.3% | Budget Used: 3720.00/4000.0
Ep  108 | Phase: PROTAGO | Ticks: 797 | Protag R: -16610.00 | Antag R: 16239.00 | Delivery:  17.4% | Budget Used: 3720.00/4000.0
Ep  109 | Phase: PROTAGO | Ticks: 775 | Protag R: -13391.00 | Antag R: 13020.00 | Delivery:  15.0% | Budget Used: 3720.00/4000.0
Ep  110 | Phase: PROTAGO | Ticks: 780 | Protag R: -14501.00 | Antag R: 14129.00 | Delivery:  23.4% | Budget Used: 3720.00/4000.0
Ep  111 | Phase: PROTAGO | Ticks: 783 | Protag R: -14463.00 | Antag R: 14092.00 | Delivery:  21.3% | Budget Used: 3720.00/4000.0
Ep  112 | Phase: PROTAGO | Ticks: 796 | Protag R: -14641.00 | Antag R: 14269.00 | Delivery:  20.0% | Budget Used: 3720.00/4000.0
Ep  113 | Phase: PROTAGO | Ticks: 795 | Protag R: -12489.00 | Antag R: 12118.00 | Delivery:  30.0% | Budget Used: 3720.00/4000.0
Ep  114 | Phase: PROTAGO | Ticks: 798 | Protag R: -10949.00 | Antag R: 10578.00 | Delivery:  28.9% | Budget Used: 3720.00/4000.0
Ep  115 | Phase: PROTAGO | Ticks: 778 | Protag R: -14504.00 | Antag R: 14132.00 | Delivery:  26.9% | Budget Used: 3720.00/4000.0
Ep  116 | Phase: PROTAGO | Ticks: 793 | Protag R: -11714.00 | Antag R: 11343.00 | Delivery:  31.7% | Budget Used: 3720.00/4000.0
Ep  117 | Phase: PROTAGO | Ticks: 795 | Protag R: -12809.00 | Antag R: 12438.00 | Delivery:  27.9% | Budget Used: 3720.00/4000.0
Ep  118 | Phase: PROTAGO | Ticks: 796 | Protag R: -13777.00 | Antag R: 13406.00 | Delivery:  25.9% | Budget Used: 3720.00/4000.0
Ep  119 | Phase: PROTAGO | Ticks: 786 | Protag R: -19112.00 | Antag R: 18741.00 | Delivery:  16.4% | Budget Used: 3720.00/4000.0
Ep  120 | Phase: PROTAGO | Ticks: 797 | Protag R: -18285.00 | Antag R: 17914.00 | Delivery:  14.8% | Budget Used: 3720.00/4000.0
Ep  121 | Phase: PROTAGO | Ticks: 796 | Protag R: -19787.00 | Antag R: 19416.00 | Delivery:  21.1% | Budget Used: 3720.00/4000.0
Ep  122 | Phase: PROTAGO | Ticks: 782 | Protag R: -14220.00 | Antag R: 13849.00 | Delivery:  22.4% | Budget Used: 3720.00/4000.0
Ep  123 | Phase: PROTAGO | Ticks: 799 | Protag R: -17167.00 | Antag R: 16795.00 | Delivery:  23.6% | Budget Used: 3720.00/4000.0
Ep  124 | Phase: PROTAGO | Ticks: 782 | Protag R: -13449.00 | Antag R: 13078.00 | Delivery:  20.0% | Budget Used: 3720.00/4000.0
Ep  125 | Phase: PROTAGO | Ticks: 785 | Protag R: -14625.00 | Antag R: 14253.00 | Delivery:  19.1% | Budget Used: 3720.00/4000.0
Ep  126 | Phase: PROTAGO | Ticks: 794 | Protag R: -14409.00 | Antag R: 14038.00 | Delivery:  26.8% | Budget Used: 3720.00/4000.0
Ep  127 | Phase: PROTAGO | Ticks: 786 | Protag R: -11577.00 | Antag R: 11206.00 | Delivery:  28.6% | Budget Used: 3720.00/4000.0
Ep  128 | Phase: PROTAGO | Ticks: 777 | Protag R: -16502.00 | Antag R: 16131.00 | Delivery:  28.1% | Budget Used: 3720.00/4000.0
Ep  129 | Phase: PROTAGO | Ticks: 799 | Protag R: -14074.00 | Antag R: 13703.00 | Delivery:  24.4% | Budget Used: 3720.00/4000.0
Ep  130 | Phase: PROTAGO | Ticks: 796 | Protag R: -16105.00 | Antag R: 15734.00 | Delivery:  23.5% | Budget Used: 3720.00/4000.0
Ep  131 | Phase: PROTAGO | Ticks: 777 | Protag R: -7911.00 | Antag R: 7539.00 | Delivery:  27.6% | Budget Used: 3720.00/4000.0
Ep  132 | Phase: PROTAGO | Ticks: 793 | Protag R: -11026.00 | Antag R: 10655.00 | Delivery:  26.2% | Budget Used: 3720.00/4000.0
Ep  133 | Phase: PROTAGO | Ticks: 776 | Protag R: -12750.00 | Antag R: 12379.00 | Delivery:  22.7% | Budget Used: 3720.00/4000.0
Ep  134 | Phase: PROTAGO | Ticks: 778 | Protag R: -13438.00 | Antag R: 13067.00 | Delivery:  24.0% | Budget Used: 3720.00/4000.0
Ep  135 | Phase: PROTAGO | Ticks: 795 | Protag R: -11048.00 | Antag R: 10676.00 | Delivery:  28.9% | Budget Used: 3720.00/4000.0
Ep  136 | Phase: PROTAGO | Ticks: 789 | Protag R: -17028.00 | Antag R: 16657.00 | Delivery:  21.8% | Budget Used: 3720.00/4000.0
Ep  137 | Phase: PROTAGO | Ticks: 797 | Protag R: -13365.00 | Antag R: 12994.00 | Delivery:  31.8% | Budget Used: 3720.00/4000.0
Ep  138 | Phase: PROTAGO | Ticks: 786 | Protag R: -11186.00 | Antag R: 10814.00 | Delivery:  31.0% | Budget Used: 3720.00/4000.0
Ep  139 | Phase: PROTAGO | Ticks: 785 | Protag R: -16360.00 | Antag R: 15990.00 | Delivery:  25.5% | Budget Used: 3720.00/4000.0
Ep  140 | Phase: PROTAGO | Ticks: 787 | Protag R: -12395.00 | Antag R: 12023.00 | Delivery:  16.3% | Budget Used: 3720.00/4000.0
Ep  141 | Phase: PROTAGO | Ticks: 793 | Protag R: -16992.00 | Antag R: 16621.00 | Delivery:  13.7% | Budget Used: 3720.00/4000.0
Ep  142 | Phase: PROTAGO | Ticks: 776 | Protag R: -17805.00 | Antag R: 17434.00 | Delivery:  15.7% | Budget Used: 3720.00/4000.0
Ep  143 | Phase: PROTAGO | Ticks: 798 | Protag R: -16112.00 | Antag R: 15741.00 | Delivery:  24.5% | Budget Used: 3720.00/4000.0
Ep  144 | Phase: PROTAGO | Ticks: 775 | Protag R: -13473.00 | Antag R: 13102.00 | Delivery:  21.4% | Budget Used: 3720.00/4000.0
Ep  145 | Phase: PROTAGO | Ticks: 796 | Protag R: -16293.00 | Antag R: 15922.00 | Delivery:  18.5% | Budget Used: 3720.00/4000.0
Ep  146 | Phase: PROTAGO | Ticks: 797 | Protag R: -14030.00 | Antag R: 13659.00 | Delivery:  15.2% | Budget Used: 3720.00/4000.0
Ep  147 | Phase: PROTAGO | Ticks: 777 | Protag R: -13438.00 | Antag R: 13067.00 | Delivery:  12.8% | Budget Used: 3720.00/4000.0
Ep  148 | Phase: PROTAGO | Ticks: 779 | Protag R: -13785.00 | Antag R: 13413.00 | Delivery:  29.5% | Budget Used: 3720.00/4000.0
Ep  149 | Phase: PROTAGO | Ticks: 775 | Protag R: -15772.00 | Antag R: 15400.00 | Delivery:  23.5% | Budget Used: 3720.00/4000.0
Ep  150 | Phase: PROTAGO | Ticks: 783 | Protag R: -8249.00 | Antag R: 7877.00 | Delivery:  17.1% | Budget Used: 3720.00/4000.0
  [EVAL ep 150] greedy_atk=5366 learned_atk=5828 gap=+462 +/-226 (neg = learned beats greedy under attack)
Saving checkpoints for both agents before phase switch...
Ep  151 | Phase: PROTAGO | Ticks: 775 | Protag R: -20503.00 | Antag R: 20132.00 | Delivery:  14.5% | Budget Used: 3720.00/4000.0
Ep  152 | Phase: PROTAGO | Ticks: 779 | Protag R: -14923.00 | Antag R: 14552.00 | Delivery:  18.4% | Budget Used: 3720.00/4000.0
Ep  153 | Phase: PROTAGO | Ticks: 790 | Protag R: -13306.00 | Antag R: 12935.00 | Delivery:  22.4% | Budget Used: 3720.00/4000.0
Ep  154 | Phase: PROTAGO | Ticks: 775 | Protag R: -16501.00 | Antag R: 16129.00 | Delivery:  16.4% | Budget Used: 3720.00/4000.0
Ep  155 | Phase: PROTAGO | Ticks: 797 | Protag R: -14188.00 | Antag R: 13816.00 | Delivery:  23.9% | Budget Used: 3720.00/4000.0
Ep  156 | Phase: PROTAGO | Ticks: 777 | Protag R: -12692.00 | Antag R: 12320.00 | Delivery:  21.6% | Budget Used: 3720.00/4000.0
Ep  157 | Phase: PROTAGO | Ticks: 799 | Protag R: -13203.00 | Antag R: 12832.00 | Delivery:  21.1% | Budget Used: 3720.00/4000.0
Ep  158 | Phase: PROTAGO | Ticks: 777 | Protag R: -17464.00 | Antag R: 17093.00 | Delivery:  14.5% | Budget Used: 3720.00/4000.0
Ep  159 | Phase: PROTAGO | Ticks: 775 | Protag R: -12147.00 | Antag R: 11776.00 | Delivery:  16.3% | Budget Used: 3720.00/4000.0
Ep  160 | Phase: PROTAGO | Ticks: 790 | Protag R: -13343.00 | Antag R: 12972.00 | Delivery:  17.4% | Budget Used: 3720.00/4000.0
Ep  161 | Phase: PROTAGO | Ticks: 789 | Protag R: -19306.00 | Antag R: 18936.00 | Delivery:  13.5% | Budget Used: 3720.00/4000.0
Ep  162 | Phase: PROTAGO | Ticks: 797 | Protag R: -16769.00 | Antag R: 16398.00 | Delivery:  10.6% | Budget Used: 3720.00/4000.0
Ep  163 | Phase: PROTAGO | Ticks: 783 | Protag R: -16855.00 | Antag R: 16484.00 | Delivery:  23.7% | Budget Used: 3720.00/4000.0
Ep  164 | Phase: PROTAGO | Ticks: 775 | Protag R: -16746.00 | Antag R: 16375.00 | Delivery:  11.8% | Budget Used: 3720.00/4000.0
Ep  165 | Phase: PROTAGO | Ticks: 789 | Protag R: -16002.00 | Antag R: 15630.00 | Delivery:  14.6% | Budget Used: 3720.00/4000.0
Ep  166 | Phase: PROTAGO | Ticks: 776 | Protag R: -21098.00 | Antag R: 20728.00 | Delivery:  15.2% | Budget Used: 3720.00/4000.0
Ep  167 | Phase: PROTAGO | Ticks: 775 | Protag R: -16250.00 | Antag R: 15878.00 | Delivery:  17.6% | Budget Used: 3720.00/4000.0
Ep  168 | Phase: PROTAGO | Ticks: 775 | Protag R: -13148.00 | Antag R: 12777.00 | Delivery:  28.9% | Budget Used: 3720.00/4000.0
Ep  169 | Phase: PROTAGO | Ticks: 795 | Protag R: -21649.00 | Antag R: 21278.00 | Delivery:  10.7% | Budget Used: 3720.00/4000.0
Ep  170 | Phase: PROTAGO | Ticks: 799 | Protag R: -13641.00 | Antag R: 13270.00 | Delivery:  17.8% | Budget Used: 3720.00/4000.0
Ep  171 | Phase: PROTAGO | Ticks: 797 | Protag R: -20432.00 | Antag R: 20061.00 | Delivery:  11.9% | Budget Used: 3720.00/4000.0
Ep  172 | Phase: PROTAGO | Ticks: 783 | Protag R: -16546.00 | Antag R: 16175.00 | Delivery:  13.7% | Budget Used: 3720.00/4000.0
Ep  173 | Phase: PROTAGO | Ticks: 776 | Protag R: -14800.00 | Antag R: 14429.00 | Delivery:  22.9% | Budget Used: 3720.00/4000.0
Ep  174 | Phase: PROTAGO | Ticks: 776 | Protag R: -18533.00 | Antag R: 18162.00 | Delivery:  21.1% | Budget Used: 3720.00/4000.0
Ep  175 | Phase: PROTAGO | Ticks: 775 | Protag R: -10449.00 | Antag R: 10077.00 | Delivery:  26.2% | Budget Used: 3720.00/4000.0
Ep  176 | Phase: PROTAGO | Ticks: 794 | Protag R: -11798.00 | Antag R: 11427.00 | Delivery:  22.0% | Budget Used: 3720.00/4000.0
Ep  177 | Phase: PROTAGO | Ticks: 783 | Protag R: -13053.00 | Antag R: 12682.00 | Delivery:  18.6% | Budget Used: 3720.00/4000.0
Ep  178 | Phase: PROTAGO | Ticks: 797 | Protag R: -15872.00 | Antag R: 15501.00 | Delivery:  13.3% | Budget Used: 3720.00/4000.0
Ep  179 | Phase: PROTAGO | Ticks: 794 | Protag R: -15746.00 | Antag R: 15375.00 | Delivery:  13.0% | Budget Used: 3720.00/4000.0
Ep  180 | Phase: PROTAGO | Ticks: 775 | Protag R: -14602.00 | Antag R: 14231.00 | Delivery:  12.2% | Budget Used: 3720.00/4000.0
Ep  181 | Phase: PROTAGO | Ticks: 778 | Protag R: -10045.00 | Antag R: 9674.00 | Delivery:  28.9% | Budget Used: 3720.00/4000.0
Ep  182 | Phase: PROTAGO | Ticks: 797 | Protag R: -17031.00 | Antag R: 16660.00 | Delivery:   8.3% | Budget Used: 3720.00/4000.0
Ep  183 | Phase: PROTAGO | Ticks: 799 | Protag R: -11961.00 | Antag R: 11590.00 | Delivery:  19.6% | Budget Used: 3720.00/4000.0
Ep  184 | Phase: PROTAGO | Ticks: 788 | Protag R: -11492.00 | Antag R: 11121.00 | Delivery:  31.2% | Budget Used: 3720.00/4000.0
Ep  185 | Phase: PROTAGO | Ticks: 795 | Protag R: -12164.00 | Antag R: 11793.00 | Delivery:  25.6% | Budget Used: 3720.00/4000.0
Ep  186 | Phase: PROTAGO | Ticks: 783 | Protag R: -19076.00 | Antag R: 18705.00 | Delivery:  17.7% | Budget Used: 3720.00/4000.0
Ep  187 | Phase: PROTAGO | Ticks: 797 | Protag R: -17988.00 | Antag R: 17617.00 | Delivery:  21.4% | Budget Used: 3720.00/4000.0
Ep  188 | Phase: PROTAGO | Ticks: 781 | Protag R: -14504.00 | Antag R: 14133.00 | Delivery:  23.6% | Budget Used: 3720.00/4000.0
Ep  189 | Phase: PROTAGO | Ticks: 793 | Protag R: -18072.00 | Antag R: 17701.00 | Delivery:  14.3% | Budget Used: 3720.00/4000.0
Ep  190 | Phase: PROTAGO | Ticks: 777 | Protag R: -11249.00 | Antag R: 10878.00 | Delivery:  18.9% | Budget Used: 3720.00/4000.0
Ep  191 | Phase: PROTAGO | Ticks: 790 | Protag R: -8991.00 | Antag R: 8620.00 | Delivery:  28.1% | Budget Used: 3720.00/4000.0
Ep  192 | Phase: PROTAGO | Ticks: 797 | Protag R: -12607.00 | Antag R: 12236.00 | Delivery:  28.9% | Budget Used: 3720.00/4000.0
Ep  193 | Phase: PROTAGO | Ticks: 798 | Protag R: -15715.00 | Antag R: 15343.00 | Delivery:  22.9% | Budget Used: 3720.00/4000.0
Ep  194 | Phase: PROTAGO | Ticks: 793 | Protag R: -12179.00 | Antag R: 11808.00 | Delivery:  23.9% | Budget Used: 3720.00/4000.0
Ep  195 | Phase: PROTAGO | Ticks: 792 | Protag R: -13746.00 | Antag R: 13375.00 | Delivery:  14.0% | Budget Used: 3720.00/4000.0
Ep  196 | Phase: PROTAGO | Ticks: 776 | Protag R: -14307.00 | Antag R: 13936.00 | Delivery:  22.6% | Budget Used: 3720.00/4000.0
Ep  197 | Phase: PROTAGO | Ticks: 793 | Protag R: -13281.00 | Antag R: 12910.00 | Delivery:  41.9% | Budget Used: 3720.00/4000.0
Ep  198 | Phase: PROTAGO | Ticks: 796 | Protag R: -19332.00 | Antag R: 18961.00 | Delivery:  20.3% | Budget Used: 3720.00/4000.0
Ep  199 | Phase: PROTAGO | Ticks: 775 | Protag R: -12818.00 | Antag R: 12447.00 | Delivery:  25.6% | Budget Used: 3720.00/4000.0
Ep  200 | Phase: PROTAGO | Ticks: 775 | Protag R: -10183.00 | Antag R: 9811.00 | Delivery:  18.4% | Budget Used: 3720.00/4000.0
  [EVAL ep 200] greedy_atk=5366 learned_atk=5836 gap=+470 +/-235 (neg = learned beats greedy under attack)
Saving checkpoints for both agents before phase switch...
Ep  201 | Phase: PROTAGO | Ticks: 775 | Protag R: -20567.00 | Antag R: 20196.00 | Delivery:  16.4% | Budget Used: 3720.00/4000.0
Ep  202 | Phase: PROTAGO | Ticks: 776 | Protag R: -12423.00 | Antag R: 12052.00 | Delivery:  25.5% | Budget Used: 3720.00/4000.0
Ep  203 | Phase: PROTAGO | Ticks: 798 | Protag R: -15955.00 | Antag R: 15584.00 | Delivery:  18.9% | Budget Used: 3720.00/4000.0
Ep  204 | Phase: PROTAGO | Ticks: 776 | Protag R: -14110.00 | Antag R: 13739.00 | Delivery:  20.8% | Budget Used: 3720.00/4000.0
Ep  205 | Phase: PROTAGO | Ticks: 794 | Protag R: -19489.00 | Antag R: 19118.00 | Delivery:  14.8% | Budget Used: 3720.00/4000.0
Ep  206 | Phase: PROTAGO | Ticks: 778 | Protag R: -20002.00 | Antag R: 19631.00 | Delivery:   9.6% | Budget Used: 3720.00/4000.0
Ep  207 | Phase: PROTAGO | Ticks: 775 | Protag R: -12625.00 | Antag R: 12254.00 | Delivery:  23.3% | Budget Used: 3720.00/4000.0
Ep  208 | Phase: PROTAGO | Ticks: 793 | Protag R: -9696.00 | Antag R: 9325.00 | Delivery:  23.3% | Budget Used: 3720.00/4000.0
Ep  209 | Phase: PROTAGO | Ticks: 798 | Protag R: -17303.00 | Antag R: 16932.00 | Delivery:  16.0% | Budget Used: 3720.00/4000.0
Ep  210 | Phase: PROTAGO | Ticks: 795 | Protag R: -13512.00 | Antag R: 13141.00 | Delivery:  12.2% | Budget Used: 3720.00/4000.0
Ep  211 | Phase: PROTAGO | Ticks: 797 | Protag R: -18068.00 | Antag R: 17697.00 | Delivery:  16.9% | Budget Used: 3720.00/4000.0
Ep  212 | Phase: PROTAGO | Ticks: 799 | Protag R: -13797.00 | Antag R: 13426.00 | Delivery:  22.5% | Budget Used: 3720.00/4000.0
Ep  213 | Phase: PROTAGO | Ticks: 791 | Protag R: -14251.00 | Antag R: 13880.00 | Delivery:  22.7% | Budget Used: 3720.00/4000.0
Ep  214 | Phase: PROTAGO | Ticks: 797 | Protag R: -17888.00 | Antag R: 17517.00 | Delivery:  13.6% | Budget Used: 3720.00/4000.0
Ep  215 | Phase: PROTAGO | Ticks: 786 | Protag R: -11923.00 | Antag R: 11551.00 | Delivery:  31.8% | Budget Used: 3720.00/4000.0
Ep  216 | Phase: PROTAGO | Ticks: 784 | Protag R: -19166.00 | Antag R: 18795.00 | Delivery:  17.9% | Budget Used: 3720.00/4000.0
Ep  217 | Phase: PROTAGO | Ticks: 799 | Protag R: -15027.00 | Antag R: 14656.00 | Delivery:  26.5% | Budget Used: 3720.00/4000.0
Ep  218 | Phase: PROTAGO | Ticks: 797 | Protag R: -11737.00 | Antag R: 11366.00 | Delivery:  24.4% | Budget Used: 3720.00/4000.0
Ep  219 | Phase: PROTAGO | Ticks: 775 | Protag R: -13745.00 | Antag R: 13373.00 | Delivery:  26.0% | Budget Used: 3720.00/4000.0
Ep  220 | Phase: PROTAGO | Ticks: 778 | Protag R: -17346.00 | Antag R: 16975.00 | Delivery:   6.7% | Budget Used: 3720.00/4000.0
Ep  221 | Phase: PROTAGO | Ticks: 797 | Protag R: -9612.00 | Antag R: 9241.00 | Delivery:  26.3% | Budget Used: 3720.00/4000.0
Ep  222 | Phase: PROTAGO | Ticks: 783 | Protag R: -12448.00 | Antag R: 12077.00 | Delivery:  18.2% | Budget Used: 3720.00/4000.0
Ep  223 | Phase: PROTAGO | Ticks: 775 | Protag R: -18464.00 | Antag R: 18093.00 | Delivery:  10.7% | Budget Used: 3720.00/4000.0
Ep  224 | Phase: PROTAGO | Ticks: 798 | Protag R: -10767.00 | Antag R: 10395.00 | Delivery:  32.6% | Budget Used: 3720.00/4000.0
Ep  225 | Phase: PROTAGO | Ticks: 798 | Protag R: -19224.00 | Antag R: 18853.00 | Delivery:  15.5% | Budget Used: 3720.00/4000.0
Ep  226 | Phase: PROTAGO | Ticks: 798 | Protag R: -12284.00 | Antag R: 11913.00 | Delivery:  23.1% | Budget Used: 3720.00/4000.0
Ep  227 | Phase: PROTAGO | Ticks: 794 | Protag R: -15961.00 | Antag R: 15590.00 | Delivery:  17.4% | Budget Used: 3720.00/4000.0
Ep  228 | Phase: PROTAGO | Ticks: 796 | Protag R: -9615.00 | Antag R: 9244.00 | Delivery:  15.6% | Budget Used: 3720.00/4000.0
Ep  229 | Phase: PROTAGO | Ticks: 775 | Protag R: -13419.00 | Antag R: 13048.00 | Delivery:  18.8% | Budget Used: 3720.00/4000.0
Ep  230 | Phase: PROTAGO | Ticks: 776 | Protag R: -17138.00 | Antag R: 16767.00 | Delivery:  21.2% | Budget Used: 3720.00/4000.0
Ep  231 | Phase: PROTAGO | Ticks: 776 | Protag R: -15877.00 | Antag R: 15506.00 | Delivery:  16.4% | Budget Used: 3720.00/4000.0
Ep  232 | Phase: PROTAGO | Ticks: 797 | Protag R: -19180.00 | Antag R: 18809.00 | Delivery:  16.7% | Budget Used: 3720.00/4000.0
Ep  233 | Phase: PROTAGO | Ticks: 777 | Protag R: -12983.00 | Antag R: 12612.00 | Delivery:  26.2% | Budget Used: 3720.00/4000.0
Ep  234 | Phase: PROTAGO | Ticks: 797 | Protag R: -14516.00 | Antag R: 14145.00 | Delivery:  24.5% | Budget Used: 3720.00/4000.0
Ep  235 | Phase: PROTAGO | Ticks: 798 | Protag R: -13083.00 | Antag R: 12712.00 | Delivery:  31.1% | Budget Used: 3720.00/4000.0
Ep  236 | Phase: PROTAGO | Ticks: 785 | Protag R: -16358.00 | Antag R: 15987.00 | Delivery:  21.1% | Budget Used: 3720.00/4000.0
Ep  237 | Phase: PROTAGO | Ticks: 783 | Protag R: -14280.00 | Antag R: 13908.00 | Delivery:  26.0% | Budget Used: 3720.00/4000.0
Ep  238 | Phase: PROTAGO | Ticks: 796 | Protag R: -14635.00 | Antag R: 14264.00 | Delivery:  19.3% | Budget Used: 3720.00/4000.0
Ep  239 | Phase: PROTAGO | Ticks: 776 | Protag R: -16574.00 | Antag R: 16203.00 | Delivery:  22.0% | Budget Used: 3720.00/4000.0
Ep  240 | Phase: PROTAGO | Ticks: 778 | Protag R: -19311.00 | Antag R: 18940.00 | Delivery:  19.6% | Budget Used: 3720.00/4000.0
Ep  241 | Phase: PROTAGO | Ticks: 798 | Protag R: -18230.00 | Antag R: 17858.00 | Delivery:  12.3% | Budget Used: 3720.00/4000.0
Ep  242 | Phase: PROTAGO | Ticks: 775 | Protag R: -14695.00 | Antag R: 14324.00 | Delivery:  22.7% | Budget Used: 3720.00/4000.0
Ep  243 | Phase: PROTAGO | Ticks: 786 | Protag R: -16694.00 | Antag R: 16322.00 | Delivery:  25.4% | Budget Used: 3720.00/4000.0
Ep  244 | Phase: PROTAGO | Ticks: 782 | Protag R: -12993.00 | Antag R: 12622.00 | Delivery:  26.7% | Budget Used: 3720.00/4000.0
Ep  245 | Phase: PROTAGO | Ticks: 777 | Protag R: -8480.00 | Antag R: 8109.00 | Delivery:  40.0% | Budget Used: 3720.00/4000.0
Ep  246 | Phase: PROTAGO | Ticks: 798 | Protag R: -9408.00 | Antag R: 9036.00 | Delivery:  27.8% | Budget Used: 3720.00/4000.0
Ep  247 | Phase: PROTAGO | Ticks: 776 | Protag R: -13382.00 | Antag R: 13011.00 | Delivery:  22.9% | Budget Used: 3720.00/4000.0
Ep  248 | Phase: PROTAGO | Ticks: 775 | Protag R: -10737.00 | Antag R: 10366.00 | Delivery:  29.1% | Budget Used: 3720.00/4000.0
Ep  249 | Phase: PROTAGO | Ticks: 787 | Protag R: -15040.00 | Antag R: 14669.00 | Delivery:  31.5% | Budget Used: 3720.00/4000.0
Ep  250 | Phase: PROTAGO | Ticks: 789 | Protag R: -9928.00 | Antag R: 9557.00 | Delivery:  29.5% | Budget Used: 3720.00/4000.0
  [EVAL ep 250] greedy_atk=5366 learned_atk=5911 gap=+545 +/-254 (neg = learned beats greedy under attack)
Saving checkpoints for both agents before phase switch...
Ep  251 | Phase: PROTAGO | Ticks: 797 | Protag R: -15982.00 | Antag R: 15611.00 | Delivery:  21.2% | Budget Used: 3720.00/4000.0
Ep  252 | Phase: PROTAGO | Ticks: 797 | Protag R: -10778.00 | Antag R: 10407.00 | Delivery:  36.4% | Budget Used: 3720.00/4000.0
Ep  253 | Phase: PROTAGO | Ticks: 779 | Protag R: -12287.00 | Antag R: 11916.00 | Delivery:  31.1% | Budget Used: 3720.00/4000.0
Ep  254 | Phase: PROTAGO | Ticks: 795 | Protag R: -12230.00 | Antag R: 11858.00 | Delivery:  29.3% | Budget Used: 3720.00/4000.0
Ep  255 | Phase: PROTAGO | Ticks: 780 | Protag R: -17425.00 | Antag R: 17053.00 | Delivery:  17.6% | Budget Used: 3720.00/4000.0
Ep  256 | Phase: PROTAGO | Ticks: 776 | Protag R: -11430.00 | Antag R: 11059.00 | Delivery:  37.5% | Budget Used: 3720.00/4000.0
Ep  257 | Phase: PROTAGO | Ticks: 791 | Protag R: -18972.00 | Antag R: 18601.00 | Delivery:  22.6% | Budget Used: 3720.00/4000.0
Ep  258 | Phase: PROTAGO | Ticks: 795 | Protag R: -16735.00 | Antag R: 16364.00 | Delivery:  19.6% | Budget Used: 3720.00/4000.0
Ep  259 | Phase: PROTAGO | Ticks: 797 | Protag R: -11097.00 | Antag R: 10725.00 | Delivery:  25.6% | Budget Used: 3720.00/4000.0
Ep  260 | Phase: PROTAGO | Ticks: 799 | Protag R: -16103.00 | Antag R: 15732.00 | Delivery:  27.3% | Budget Used: 3720.00/4000.0
Ep  261 | Phase: PROTAGO | Ticks: 777 | Protag R: -15275.00 | Antag R: 14904.00 | Delivery:  17.0% | Budget Used: 3720.00/4000.0
Ep  262 | Phase: PROTAGO | Ticks: 775 | Protag R: -13285.00 | Antag R: 12914.00 | Delivery:  18.4% | Budget Used: 3720.00/4000.0
Ep  263 | Phase: PROTAGO | Ticks: 789 | Protag R: -12736.00 | Antag R: 12365.00 | Delivery:  28.3% | Budget Used: 3720.00/4000.0
Ep  264 | Phase: PROTAGO | Ticks: 797 | Protag R: -12255.00 | Antag R: 11883.00 | Delivery:  27.7% | Budget Used: 3720.00/4000.0
Ep  265 | Phase: PROTAGO | Ticks: 777 | Protag R: -6422.00 | Antag R: 6051.00 | Delivery:  44.4% | Budget Used: 3720.00/4000.0
Ep  266 | Phase: PROTAGO | Ticks: 791 | Protag R: -17066.00 | Antag R: 16695.00 | Delivery:  17.6% | Budget Used: 3720.00/4000.0
Ep  267 | Phase: PROTAGO | Ticks: 790 | Protag R: -22869.00 | Antag R: 22498.00 | Delivery:  18.8% | Budget Used: 3720.00/4000.0
Ep  268 | Phase: PROTAGO | Ticks: 796 | Protag R: -11271.00 | Antag R: 10899.00 | Delivery:  25.6% | Budget Used: 3720.00/4000.0
Ep  269 | Phase: PROTAGO | Ticks: 798 | Protag R: -9456.00 | Antag R: 9085.00 | Delivery:  29.3% | Budget Used: 3720.00/4000.0
Ep  270 | Phase: PROTAGO | Ticks: 799 | Protag R: -16024.00 | Antag R: 15653.00 | Delivery:  20.0% | Budget Used: 3720.00/4000.0
Ep  271 | Phase: PROTAGO | Ticks: 797 | Protag R: -10942.00 | Antag R: 10571.00 | Delivery:  35.4% | Budget Used: 3720.00/4000.0
Ep  272 | Phase: PROTAGO | Ticks: 775 | Protag R: -10826.00 | Antag R: 10455.00 | Delivery:  29.8% | Budget Used: 3720.00/4000.0
Ep  273 | Phase: PROTAGO | Ticks: 797 | Protag R: -16079.00 | Antag R: 15708.00 | Delivery:  14.6% | Budget Used: 3720.00/4000.0
Ep  274 | Phase: PROTAGO | Ticks: 775 | Protag R: -19320.00 | Antag R: 18949.00 | Delivery:  10.9% | Budget Used: 3720.00/4000.0
Ep  275 | Phase: PROTAGO | Ticks: 797 | Protag R: -18993.00 | Antag R: 18622.00 | Delivery:  16.7% | Budget Used: 3720.00/4000.0
Ep  276 | Phase: PROTAGO | Ticks: 776 | Protag R: -17891.00 | Antag R: 17519.00 | Delivery:  17.0% | Budget Used: 3720.00/4000.0
Ep  277 | Phase: PROTAGO | Ticks: 776 | Protag R: -14347.00 | Antag R: 13976.00 | Delivery:  17.9% | Budget Used: 3720.00/4000.0
Ep  278 | Phase: PROTAGO | Ticks: 797 | Protag R: -12225.00 | Antag R: 11854.00 | Delivery:  23.8% | Budget Used: 3720.00/4000.0
Ep  279 | Phase: PROTAGO | Ticks: 790 | Protag R: -12573.00 | Antag R: 12202.00 | Delivery:  26.3% | Budget Used: 3720.00/4000.0
Ep  280 | Phase: PROTAGO | Ticks: 791 | Protag R: -14658.00 | Antag R: 14287.00 | Delivery:  26.5% | Budget Used: 3720.00/4000.0
Ep  281 | Phase: PROTAGO | Ticks: 775 | Protag R: -17083.00 | Antag R: 16712.00 | Delivery:  21.8% | Budget Used: 3720.00/4000.0
Ep  282 | Phase: PROTAGO | Ticks: 797 | Protag R: -9726.00 | Antag R: 9355.00 | Delivery:  35.1% | Budget Used: 3720.00/4000.0
Ep  283 | Phase: PROTAGO | Ticks: 797 | Protag R: -16601.00 | Antag R: 16230.00 | Delivery:  21.6% | Budget Used: 3720.00/4000.0
Ep  284 | Phase: PROTAGO | Ticks: 775 | Protag R: -12477.00 | Antag R: 12105.00 | Delivery:  26.3% | Budget Used: 3720.00/4000.0
Ep  285 | Phase: PROTAGO | Ticks: 780 | Protag R: -14570.00 | Antag R: 14199.00 | Delivery:  14.6% | Budget Used: 3720.00/4000.0
Ep  286 | Phase: PROTAGO | Ticks: 790 | Protag R: -15071.00 | Antag R: 14699.00 | Delivery:  22.9% | Budget Used: 3720.00/4000.0
Ep  287 | Phase: PROTAGO | Ticks: 775 | Protag R: -13726.00 | Antag R: 13355.00 | Delivery:  18.2% | Budget Used: 3720.00/4000.0
Ep  288 | Phase: PROTAGO | Ticks: 787 | Protag R: -15749.00 | Antag R: 15377.00 | Delivery:  17.0% | Budget Used: 3720.00/4000.0
Ep  289 | Phase: PROTAGO | Ticks: 796 | Protag R: -13470.00 | Antag R: 13099.00 | Delivery:  27.3% | Budget Used: 3720.00/4000.0
Ep  290 | Phase: PROTAGO | Ticks: 798 | Protag R: -11474.00 | Antag R: 11103.00 | Delivery:  29.7% | Budget Used: 3720.00/4000.0
Ep  291 | Phase: PROTAGO | Ticks: 796 | Protag R: -13599.00 | Antag R: 13227.00 | Delivery:  20.4% | Budget Used: 3720.00/4000.0
Ep  292 | Phase: PROTAGO | Ticks: 799 | Protag R: -21175.00 | Antag R: 20804.00 | Delivery:  17.7% | Budget Used: 3720.00/4000.0
Ep  293 | Phase: PROTAGO | Ticks: 794 | Protag R: -10151.00 | Antag R: 9780.00 | Delivery:  31.0% | Budget Used: 3720.00/4000.0
Ep  294 | Phase: PROTAGO | Ticks: 776 | Protag R: -13113.00 | Antag R: 12742.00 | Delivery:  18.0% | Budget Used: 3720.00/4000.0
Ep  295 | Phase: PROTAGO | Ticks: 775 | Protag R: -16396.00 | Antag R: 16025.00 | Delivery:  20.0% | Budget Used: 3720.00/4000.0
Ep  296 | Phase: PROTAGO | Ticks: 795 | Protag R: -15593.00 | Antag R: 15222.00 | Delivery:  15.7% | Budget Used: 3720.00/4000.0
Ep  297 | Phase: PROTAGO | Ticks: 791 | Protag R: -15576.00 | Antag R: 15204.00 | Delivery:  22.4% | Budget Used: 3720.00/4000.0
Ep  298 | Phase: PROTAGO | Ticks: 791 | Protag R: -10762.00 | Antag R: 10390.00 | Delivery:  27.0% | Budget Used: 3720.00/4000.0
Ep  299 | Phase: PROTAGO | Ticks: 775 | Protag R: -12862.00 | Antag R: 12490.00 | Delivery:  20.0% | Budget Used: 3720.00/4000.0
Ep  300 | Phase: PROTAGO | Ticks: 775 | Protag R: -18711.00 | Antag R: 18339.00 | Delivery:  15.1% | Budget Used: 3720.00/4000.0
  [EVAL ep 300] greedy_atk=5366 learned_atk=5722 gap=+357 +/-261 (neg = learned beats greedy under attack)
Saving checkpoints for both agents before phase switch...
Ep  301 | Phase: PROTAGO | Ticks: 778 | Protag R: -10995.00 | Antag R: 10624.00 | Delivery:  31.7% | Budget Used: 3720.00/4000.0
Ep  302 | Phase: PROTAGO | Ticks: 799 | Protag R: -19489.00 | Antag R: 19118.00 | Delivery:  14.8% | Budget Used: 3720.00/4000.0
Ep  303 | Phase: PROTAGO | Ticks: 775 | Protag R: -13380.00 | Antag R: 13009.00 | Delivery:  29.8% | Budget Used: 3720.00/4000.0
Ep  304 | Phase: PROTAGO | Ticks: 799 | Protag R: -13321.00 | Antag R: 12950.00 | Delivery:  27.6% | Budget Used: 3720.00/4000.0
Ep  305 | Phase: PROTAGO | Ticks: 777 | Protag R: -13187.00 | Antag R: 12816.00 | Delivery:  23.3% | Budget Used: 3720.00/4000.0
Ep  306 | Phase: PROTAGO | Ticks: 778 | Protag R: -12347.00 | Antag R: 11976.00 | Delivery:  30.0% | Budget Used: 3720.00/4000.0
Ep  307 | Phase: PROTAGO | Ticks: 798 | Protag R: -17495.00 | Antag R: 17124.00 | Delivery:  16.0% | Budget Used: 3720.00/4000.0
Ep  308 | Phase: PROTAGO | Ticks: 777 | Protag R: -15196.00 | Antag R: 14825.00 | Delivery:  15.4% | Budget Used: 3720.00/4000.0
Ep  309 | Phase: PROTAGO | Ticks: 799 | Protag R: -15510.00 | Antag R: 15139.00 | Delivery:  25.0% | Budget Used: 3720.00/4000.0
Ep  310 | Phase: PROTAGO | Ticks: 775 | Protag R: -13434.00 | Antag R: 13062.00 | Delivery:  18.6% | Budget Used: 3720.00/4000.0
Ep  311 | Phase: PROTAGO | Ticks: 778 | Protag R: -15854.00 | Antag R: 15483.00 | Delivery:  13.0% | Budget Used: 3720.00/4000.0
Ep  312 | Phase: PROTAGO | Ticks: 776 | Protag R: -11115.00 | Antag R: 10743.00 | Delivery:  18.4% | Budget Used: 3720.00/4000.0
Ep  313 | Phase: PROTAGO | Ticks: 797 | Protag R: -13443.00 | Antag R: 13072.00 | Delivery:  21.3% | Budget Used: 3720.00/4000.0
Ep  314 | Phase: PROTAGO | Ticks: 784 | Protag R: -19420.00 | Antag R: 19049.00 | Delivery:  14.0% | Budget Used: 3720.00/4000.0
Ep  315 | Phase: PROTAGO | Ticks: 775 | Protag R: -17680.00 | Antag R: 17309.00 | Delivery:  15.4% | Budget Used: 3720.00/4000.0
Ep  316 | Phase: PROTAGO | Ticks: 794 | Protag R: -19976.00 | Antag R: 19605.00 | Delivery:  13.5% | Budget Used: 3720.00/4000.0
Ep  317 | Phase: PROTAGO | Ticks: 775 | Protag R: -13185.00 | Antag R: 12814.00 | Delivery:  23.8% | Budget Used: 3720.00/4000.0
Ep  318 | Phase: PROTAGO | Ticks: 794 | Protag R: -16288.00 | Antag R: 15917.00 | Delivery:  15.3% | Budget Used: 3720.00/4000.0
Ep  319 | Phase: PROTAGO | Ticks: 790 | Protag R: -14308.00 | Antag R: 13937.00 | Delivery:  25.5% | Budget Used: 3720.00/4000.0
Ep  320 | Phase: PROTAGO | Ticks: 799 | Protag R: -11557.00 | Antag R: 11186.00 | Delivery:  28.2% | Budget Used: 3720.00/4000.0
Ep  321 | Phase: PROTAGO | Ticks: 798 | Protag R: -13863.00 | Antag R: 13492.00 | Delivery:  22.5% | Budget Used: 3720.00/4000.0
Ep  322 | Phase: PROTAGO | Ticks: 796 | Protag R: -9644.00 | Antag R: 9273.00 | Delivery:  30.3% | Budget Used: 3720.00/4000.0
Ep  323 | Phase: PROTAGO | Ticks: 797 | Protag R: -22519.00 | Antag R: 22148.00 | Delivery:   8.5% | Budget Used: 3720.00/4000.0
Ep  324 | Phase: PROTAGO | Ticks: 793 | Protag R: -14933.00 | Antag R: 14562.00 | Delivery:  29.7% | Budget Used: 3720.00/4000.0
Ep  325 | Phase: PROTAGO | Ticks: 798 | Protag R: -13882.00 | Antag R: 13511.00 | Delivery:  22.9% | Budget Used: 3720.00/4000.0
Ep  326 | Phase: PROTAGO | Ticks: 775 | Protag R: -19269.00 | Antag R: 18898.00 | Delivery:  20.0% | Budget Used: 3720.00/4000.0
Ep  327 | Phase: PROTAGO | Ticks: 790 | Protag R: -12971.00 | Antag R: 12600.00 | Delivery:  18.0% | Budget Used: 3720.00/4000.0
Ep  328 | Phase: PROTAGO | Ticks: 786 | Protag R: -13906.00 | Antag R: 13535.00 | Delivery:  18.8% | Budget Used: 3720.00/4000.0
Ep  329 | Phase: PROTAGO | Ticks: 775 | Protag R: -9591.00 | Antag R: 9219.00 | Delivery:  27.8% | Budget Used: 3720.00/4000.0
Ep  330 | Phase: PROTAGO | Ticks: 798 | Protag R: -11496.00 | Antag R: 11125.00 | Delivery:  29.8% | Budget Used: 3720.00/4000.0
Ep  331 | Phase: PROTAGO | Ticks: 777 | Protag R: -15740.00 | Antag R: 15369.00 | Delivery:  15.7% | Budget Used: 3720.00/4000.0
Ep  332 | Phase: PROTAGO | Ticks: 793 | Protag R: -15427.00 | Antag R: 15055.00 | Delivery:  18.0% | Budget Used: 3720.00/4000.0
Ep  333 | Phase: PROTAGO | Ticks: 782 | Protag R: -8509.00 | Antag R: 8137.00 | Delivery:  38.2% | Budget Used: 3720.00/4000.0
Ep  334 | Phase: PROTAGO | Ticks: 799 | Protag R: -9124.00 | Antag R: 8753.00 | Delivery:  27.6% | Budget Used: 3720.00/4000.0
Ep  335 | Phase: PROTAGO | Ticks: 793 | Protag R: -16205.00 | Antag R: 15834.00 | Delivery:  20.0% | Budget Used: 3720.00/4000.0
Ep  336 | Phase: PROTAGO | Ticks: 798 | Protag R: -8824.00 | Antag R: 8453.00 | Delivery:  38.2% | Budget Used: 3720.00/4000.0
Ep  337 | Phase: PROTAGO | Ticks: 775 | Protag R: -12997.00 | Antag R: 12626.00 | Delivery:  21.6% | Budget Used: 3720.00/4000.0
Ep  338 | Phase: PROTAGO | Ticks: 776 | Protag R: -18229.00 | Antag R: 17858.00 | Delivery:  21.0% | Budget Used: 3720.00/4000.0
Ep  339 | Phase: PROTAGO | Ticks: 798 | Protag R: -19452.00 | Antag R: 19081.00 | Delivery:  16.4% | Budget Used: 3720.00/4000.0
Ep  340 | Phase: PROTAGO | Ticks: 784 | Protag R: -13475.00 | Antag R: 13104.00 | Delivery:  19.1% | Budget Used: 3720.00/4000.0
Ep  341 | Phase: PROTAGO | Ticks: 781 | Protag R: -16871.00 | Antag R: 16499.00 | Delivery:  21.4% | Budget Used: 3720.00/4000.0
Ep  342 | Phase: PROTAGO | Ticks: 782 | Protag R: -15630.00 | Antag R: 15258.00 | Delivery:  21.6% | Budget Used: 3720.00/4000.0
Ep  343 | Phase: PROTAGO | Ticks: 776 | Protag R: -20273.00 | Antag R: 19902.00 | Delivery:  15.3% | Budget Used: 3720.00/4000.0
Ep  344 | Phase: PROTAGO | Ticks: 783 | Protag R: -21114.00 | Antag R: 20743.00 | Delivery:  19.4% | Budget Used: 3720.00/4000.0
Ep  345 | Phase: PROTAGO | Ticks: 776 | Protag R: -11646.00 | Antag R: 11274.00 | Delivery:  20.0% | Budget Used: 3720.00/4000.0
Ep  346 | Phase: PROTAGO | Ticks: 796 | Protag R: -16936.00 | Antag R: 16565.00 | Delivery:  16.3% | Budget Used: 3720.00/4000.0
Ep  347 | Phase: PROTAGO | Ticks: 790 | Protag R: -16127.00 | Antag R: 15756.00 | Delivery:  16.7% | Budget Used: 3720.00/4000.0
Ep  348 | Phase: PROTAGO | Ticks: 796 | Protag R: -12929.00 | Antag R: 12558.00 | Delivery:  31.0% | Budget Used: 3720.00/4000.0
Ep  349 | Phase: PROTAGO | Ticks: 777 | Protag R: -7692.00 | Antag R: 7321.00 | Delivery:  36.8% | Budget Used: 3720.00/4000.0
Ep  350 | Phase: PROTAGO | Ticks: 775 | Protag R: -14836.00 | Antag R: 14466.00 | Delivery:  14.3% | Budget Used: 3720.00/4000.0
  [EVAL ep 350] greedy_atk=5366 learned_atk=5894 gap=+528 +/-242 (neg = learned beats greedy under attack)
Saving checkpoints for both agents before phase switch...
Ep  351 | Phase: PROTAGO | Ticks: 798 | Protag R: -19003.00 | Antag R: 18632.00 | Delivery:  25.8% | Budget Used: 3720.00/4000.0
Ep  352 | Phase: PROTAGO | Ticks: 775 | Protag R: -15616.00 | Antag R: 15245.00 | Delivery:  24.5% | Budget Used: 3720.00/4000.0
Ep  353 | Phase: PROTAGO | Ticks: 780 | Protag R: -12817.00 | Antag R: 12446.00 | Delivery:  16.3% | Budget Used: 3720.00/4000.0
Ep  354 | Phase: PROTAGO | Ticks: 776 | Protag R: -17062.00 | Antag R: 16691.00 | Delivery:  17.6% | Budget Used: 3720.00/4000.0
Ep  355 | Phase: PROTAGO | Ticks: 775 | Protag R: -20338.00 | Antag R: 19967.00 | Delivery:  16.7% | Budget Used: 3720.00/4000.0
Ep  356 | Phase: PROTAGO | Ticks: 775 | Protag R: -9531.00 | Antag R: 9160.00 | Delivery:  39.5% | Budget Used: 3720.00/4000.0
Ep  357 | Phase: PROTAGO | Ticks: 799 | Protag R: -11941.00 | Antag R: 11570.00 | Delivery:  35.7% | Budget Used: 3720.00/4000.0
Ep  358 | Phase: PROTAGO | Ticks: 790 | Protag R: -14093.00 | Antag R: 13722.00 | Delivery:  28.6% | Budget Used: 3720.00/4000.0
Ep  359 | Phase: PROTAGO | Ticks: 799 | Protag R: -13796.00 | Antag R: 13424.00 | Delivery:  22.2% | Budget Used: 3720.00/4000.0
Ep  360 | Phase: PROTAGO | Ticks: 795 | Protag R: -15544.00 | Antag R: 15172.00 | Delivery:  24.5% | Budget Used: 3720.00/4000.0
Ep  361 | Phase: PROTAGO | Ticks: 776 | Protag R: -16220.00 | Antag R: 15850.00 | Delivery:  24.1% | Budget Used: 3720.00/4000.0
Ep  362 | Phase: PROTAGO | Ticks: 796 | Protag R: -12386.00 | Antag R: 12015.00 | Delivery:  25.6% | Budget Used: 3720.00/4000.0
Ep  363 | Phase: PROTAGO | Ticks: 780 | Protag R: -12685.00 | Antag R: 12314.00 | Delivery:  29.5% | Budget Used: 3720.00/4000.0
Ep  364 | Phase: PROTAGO | Ticks: 777 | Protag R: -13416.00 | Antag R: 13044.00 | Delivery:  25.0% | Budget Used: 3720.00/4000.0
Ep  365 | Phase: PROTAGO | Ticks: 796 | Protag R: -15222.00 | Antag R: 14851.00 | Delivery:  18.9% | Budget Used: 3720.00/4000.0
Ep  366 | Phase: PROTAGO | Ticks: 799 | Protag R: -16659.00 | Antag R: 16288.00 | Delivery:  18.9% | Budget Used: 3720.00/4000.0
Ep  367 | Phase: PROTAGO | Ticks: 798 | Protag R: -12176.00 | Antag R: 11805.00 | Delivery:  22.4% | Budget Used: 3720.00/4000.0
Ep  368 | Phase: PROTAGO | Ticks: 791 | Protag R: -14651.00 | Antag R: 14280.00 | Delivery:  22.2% | Budget Used: 3720.00/4000.0
Ep  369 | Phase: PROTAGO | Ticks: 775 | Protag R: -13904.00 | Antag R: 13533.00 | Delivery:  20.0% | Budget Used: 3720.00/4000.0
Ep  370 | Phase: PROTAGO | Ticks: 778 | Protag R: -21316.00 | Antag R: 20945.00 | Delivery:  13.8% | Budget Used: 3720.00/4000.0
Ep  371 | Phase: PROTAGO | Ticks: 780 | Protag R: -15122.00 | Antag R: 14751.00 | Delivery:  10.6% | Budget Used: 3720.00/4000.0
Ep  372 | Phase: PROTAGO | Ticks: 775 | Protag R: -14479.00 | Antag R: 14108.00 | Delivery:  19.6% | Budget Used: 3720.00/4000.0
Ep  373 | Phase: PROTAGO | Ticks: 775 | Protag R: -12188.00 | Antag R: 11816.00 | Delivery:  23.7% | Budget Used: 3720.00/4000.0
Ep  374 | Phase: PROTAGO | Ticks: 799 | Protag R: -18193.00 | Antag R: 17822.00 | Delivery:  22.0% | Budget Used: 3720.00/4000.0
Ep  375 | Phase: PROTAGO | Ticks: 775 | Protag R: -12296.00 | Antag R: 11925.00 | Delivery:  31.0% | Budget Used: 3720.00/4000.0
Ep  376 | Phase: PROTAGO | Ticks: 775 | Protag R: -17733.00 | Antag R: 17362.00 | Delivery:  14.3% | Budget Used: 3720.00/4000.0
Ep  377 | Phase: PROTAGO | Ticks: 778 | Protag R: -17204.00 | Antag R: 16833.00 | Delivery:  18.9% | Budget Used: 3720.00/4000.0
Ep  378 | Phase: PROTAGO | Ticks: 797 | Protag R: -10597.00 | Antag R: 10226.00 | Delivery:  20.6% | Budget Used: 3720.00/4000.0
Ep  379 | Phase: PROTAGO | Ticks: 775 | Protag R: -15810.00 | Antag R: 15438.00 | Delivery:  19.2% | Budget Used: 3720.00/4000.0
Ep  380 | Phase: PROTAGO | Ticks: 775 | Protag R: -16957.00 | Antag R: 16585.00 | Delivery:  24.6% | Budget Used: 3720.00/4000.0
Ep  381 | Phase: PROTAGO | Ticks: 782 | Protag R: -14434.00 | Antag R: 14063.00 | Delivery:  11.6% | Budget Used: 3720.00/4000.0
Ep  382 | Phase: PROTAGO | Ticks: 790 | Protag R: -14976.00 | Antag R: 14605.00 | Delivery:  13.3% | Budget Used: 3720.00/4000.0
Ep  383 | Phase: PROTAGO | Ticks: 797 | Protag R: -12459.00 | Antag R: 12088.00 | Delivery:  27.3% | Budget Used: 3720.00/4000.0
Ep  384 | Phase: PROTAGO | Ticks: 798 | Protag R: -19402.00 | Antag R: 19031.00 | Delivery:  14.0% | Budget Used: 3720.00/4000.0
Ep  385 | Phase: PROTAGO | Ticks: 786 | Protag R: -17347.00 | Antag R: 16976.00 | Delivery:  20.0% | Budget Used: 3720.00/4000.0
Ep  386 | Phase: PROTAGO | Ticks: 799 | Protag R: -18700.00 | Antag R: 18329.00 | Delivery:  20.8% | Budget Used: 3720.00/4000.0
Ep  387 | Phase: PROTAGO | Ticks: 798 | Protag R: -22257.00 | Antag R: 21886.00 | Delivery:  13.8% | Budget Used: 3720.00/4000.0
Ep  388 | Phase: PROTAGO | Ticks: 796 | Protag R: -19887.00 | Antag R: 19516.00 | Delivery:   7.1% | Budget Used: 3720.00/4000.0
Ep  389 | Phase: PROTAGO | Ticks: 776 | Protag R: -17226.00 | Antag R: 16854.00 | Delivery:  12.7% | Budget Used: 3720.00/4000.0
Ep  390 | Phase: PROTAGO | Ticks: 799 | Protag R: -13436.00 | Antag R: 13064.00 | Delivery:  20.0% | Budget Used: 3720.00/4000.0
Ep  391 | Phase: PROTAGO | Ticks: 777 | Protag R: -10553.00 | Antag R: 10182.00 | Delivery:  31.6% | Budget Used: 3720.00/4000.0
Ep  392 | Phase: PROTAGO | Ticks: 796 | Protag R: -13816.00 | Antag R: 13445.00 | Delivery:  17.1% | Budget Used: 3720.00/4000.0
Ep  393 | Phase: PROTAGO | Ticks: 775 | Protag R: -16662.00 | Antag R: 16290.00 | Delivery:  21.1% | Budget Used: 3720.00/4000.0
Ep  394 | Phase: PROTAGO | Ticks: 797 | Protag R: -13349.00 | Antag R: 12978.00 | Delivery:  23.4% | Budget Used: 3720.00/4000.0
Ep  395 | Phase: PROTAGO | Ticks: 797 | Protag R: -11044.00 | Antag R: 10673.00 | Delivery:  19.6% | Budget Used: 3720.00/4000.0
Ep  396 | Phase: PROTAGO | Ticks: 796 | Protag R: -9579.00 | Antag R: 9207.00 | Delivery:  34.9% | Budget Used: 3720.00/4000.0
Ep  397 | Phase: PROTAGO | Ticks: 780 | Protag R: -19553.00 | Antag R: 19182.00 | Delivery:  20.0% | Budget Used: 3720.00/4000.0
Ep  398 | Phase: PROTAGO | Ticks: 775 | Protag R: -15550.00 | Antag R: 15179.00 | Delivery:  19.1% | Budget Used: 3720.00/4000.0
Ep  399 | Phase: PROTAGO | Ticks: 789 | Protag R: -10884.00 | Antag R: 10513.00 | Delivery:  27.3% | Budget Used: 3720.00/4000.0
Ep  400 | Phase: PROTAGO | Ticks: 798 | Protag R: -13941.00 | Antag R: 13570.00 | Delivery:  22.2% | Budget Used: 3720.00/4000.0
  [EVAL ep 400] greedy_atk=5366 learned_atk=5811 gap=+446 +/-214 (neg = learned beats greedy under attack)
Saving checkpoints for both agents before phase switch...
Ep  401 | Phase: PROTAGO | Ticks: 783 | Protag R: -14239.00 | Antag R: 13867.00 | Delivery:  29.4% | Budget Used: 3720.00/4000.0
Ep  402 | Phase: PROTAGO | Ticks: 797 | Protag R: -11474.00 | Antag R: 11103.00 | Delivery:  31.6% | Budget Used: 3720.00/4000.0
Ep  403 | Phase: PROTAGO | Ticks: 779 | Protag R: -15857.00 | Antag R: 15485.00 | Delivery:  20.0% | Budget Used: 3720.00/4000.0
Ep  404 | Phase: PROTAGO | Ticks: 798 | Protag R: -16309.00 | Antag R: 15938.00 | Delivery:  25.5% | Budget Used: 3720.00/4000.0
Ep  405 | Phase: PROTAGO | Ticks: 775 | Protag R: -17585.00 | Antag R: 17214.00 | Delivery:  18.5% | Budget Used: 3720.00/4000.0
Ep  406 | Phase: PROTAGO | Ticks: 778 | Protag R: -12670.00 | Antag R: 12299.00 | Delivery:  21.4% | Budget Used: 3720.00/4000.0
Ep  407 | Phase: PROTAGO | Ticks: 799 | Protag R: -14831.00 | Antag R: 14460.00 | Delivery:  21.3% | Budget Used: 3720.00/4000.0
Ep  408 | Phase: PROTAGO | Ticks: 788 | Protag R: -19953.00 | Antag R: 19582.00 | Delivery:  20.0% | Budget Used: 3720.00/4000.0
Ep  409 | Phase: PROTAGO | Ticks: 799 | Protag R: -9193.00 | Antag R: 8821.00 | Delivery:  31.2% | Budget Used: 3720.00/4000.0
Ep  410 | Phase: PROTAGO | Ticks: 775 | Protag R: -12212.00 | Antag R: 11840.00 | Delivery:  25.0% | Budget Used: 3720.00/4000.0
Ep  411 | Phase: PROTAGO | Ticks: 797 | Protag R: -9504.00 | Antag R: 9133.00 | Delivery:  37.8% | Budget Used: 3720.00/4000.0
Ep  412 | Phase: PROTAGO | Ticks: 786 | Protag R: -12792.00 | Antag R: 12421.00 | Delivery:  21.7% | Budget Used: 3720.00/4000.0
Ep  413 | Phase: PROTAGO | Ticks: 782 | Protag R: -14489.00 | Antag R: 14117.00 | Delivery:  18.8% | Budget Used: 3720.00/4000.0
Ep  414 | Phase: PROTAGO | Ticks: 775 | Protag R: -13573.00 | Antag R: 13202.00 | Delivery:  30.4% | Budget Used: 3720.00/4000.0
Ep  415 | Phase: PROTAGO | Ticks: 791 | Protag R: -10716.00 | Antag R: 10345.00 | Delivery:  31.0% | Budget Used: 3720.00/4000.0
Ep  416 | Phase: PROTAGO | Ticks: 797 | Protag R: -11291.00 | Antag R: 10920.00 | Delivery:  23.7% | Budget Used: 3720.00/4000.0
Ep  417 | Phase: PROTAGO | Ticks: 775 | Protag R: -10425.00 | Antag R: 10054.00 | Delivery:  25.5% | Budget Used: 3720.00/4000.0
Ep  418 | Phase: PROTAGO | Ticks: 796 | Protag R: -17141.00 | Antag R: 16770.00 | Delivery:  16.3% | Budget Used: 3720.00/4000.0
Ep  419 | Phase: PROTAGO | Ticks: 775 | Protag R: -13255.00 | Antag R: 12884.00 | Delivery:  15.9% | Budget Used: 3720.00/4000.0
Ep  420 | Phase: PROTAGO | Ticks: 777 | Protag R: -17402.00 | Antag R: 17030.00 | Delivery:  17.0% | Budget Used: 3720.00/4000.0
Ep  421 | Phase: PROTAGO | Ticks: 792 | Protag R: -14510.00 | Antag R: 14139.00 | Delivery:  21.3% | Budget Used: 3720.00/4000.0
Ep  422 | Phase: PROTAGO | Ticks: 775 | Protag R: -16549.00 | Antag R: 16178.00 | Delivery:  12.0% | Budget Used: 3720.00/4000.0
Ep  423 | Phase: PROTAGO | Ticks: 798 | Protag R: -15610.00 | Antag R: 15239.00 | Delivery:  19.6% | Budget Used: 3720.00/4000.0
Ep  424 | Phase: PROTAGO | Ticks: 790 | Protag R: -13392.00 | Antag R: 13021.00 | Delivery:  20.9% | Budget Used: 3720.00/4000.0
Ep  425 | Phase: PROTAGO | Ticks: 797 | Protag R: -16932.00 | Antag R: 16561.00 | Delivery:  13.5% | Budget Used: 3720.00/4000.0
Ep  426 | Phase: PROTAGO | Ticks: 777 | Protag R: -11691.00 | Antag R: 11320.00 | Delivery:  36.7% | Budget Used: 3720.00/4000.0
Ep  427 | Phase: PROTAGO | Ticks: 775 | Protag R: -16779.00 | Antag R: 16408.00 | Delivery:  24.5% | Budget Used: 3720.00/4000.0
Ep  428 | Phase: PROTAGO | Ticks: 787 | Protag R: -13570.00 | Antag R: 13199.00 | Delivery:  25.0% | Budget Used: 3720.00/4000.0
Ep  429 | Phase: PROTAGO | Ticks: 779 | Protag R: -15674.00 | Antag R: 15303.00 | Delivery:  17.0% | Budget Used: 3720.00/4000.0
Ep  430 | Phase: PROTAGO | Ticks: 775 | Protag R: -8809.00 | Antag R: 8438.00 | Delivery:  28.9% | Budget Used: 3720.00/4000.0
Ep  431 | Phase: PROTAGO | Ticks: 778 | Protag R: -11935.00 | Antag R: 11563.00 | Delivery:  22.9% | Budget Used: 3720.00/4000.0
Ep  432 | Phase: PROTAGO | Ticks: 783 | Protag R: -11350.00 | Antag R: 10978.00 | Delivery:  30.2% | Budget Used: 3720.00/4000.0
Ep  433 | Phase: PROTAGO | Ticks: 775 | Protag R: -16353.00 | Antag R: 15983.00 | Delivery:  19.6% | Budget Used: 3720.00/4000.0
Ep  434 | Phase: PROTAGO | Ticks: 784 | Protag R: -9443.00 | Antag R: 9072.00 | Delivery:  25.0% | Budget Used: 3720.00/4000.0
Ep  435 | Phase: PROTAGO | Ticks: 797 | Protag R: -10280.00 | Antag R: 9909.00 | Delivery:  30.2% | Budget Used: 3720.00/4000.0
Ep  436 | Phase: PROTAGO | Ticks: 791 | Protag R: -12165.00 | Antag R: 11794.00 | Delivery:  31.0% | Budget Used: 3720.00/4000.0
Ep  437 | Phase: PROTAGO | Ticks: 796 | Protag R: -10253.00 | Antag R: 9881.00 | Delivery:  30.6% | Budget Used: 3720.00/4000.0
Ep  438 | Phase: PROTAGO | Ticks: 796 | Protag R: -12861.00 | Antag R: 12489.00 | Delivery:  25.5% | Budget Used: 3720.00/4000.0
Ep  439 | Phase: PROTAGO | Ticks: 799 | Protag R: -17538.00 | Antag R: 17167.00 | Delivery:  24.5% | Budget Used: 3720.00/4000.0
Ep  440 | Phase: PROTAGO | Ticks: 775 | Protag R: -14464.00 | Antag R: 14093.00 | Delivery:  24.0% | Budget Used: 3720.00/4000.0
Ep  441 | Phase: PROTAGO | Ticks: 797 | Protag R: -11777.00 | Antag R: 11405.00 | Delivery:  31.8% | Budget Used: 3720.00/4000.0
Ep  442 | Phase: PROTAGO | Ticks: 775 | Protag R: -15790.00 | Antag R: 15419.00 | Delivery:  18.4% | Budget Used: 3720.00/4000.0
Ep  443 | Phase: PROTAGO | Ticks: 797 | Protag R: -9688.00 | Antag R: 9317.00 | Delivery:  34.9% | Budget Used: 3720.00/4000.0
Ep  444 | Phase: PROTAGO | Ticks: 797 | Protag R: -19102.00 | Antag R: 18731.00 | Delivery:  23.7% | Budget Used: 3720.00/4000.0
Ep  445 | Phase: PROTAGO | Ticks: 797 | Protag R: -14226.00 | Antag R: 13855.00 | Delivery:  23.5% | Budget Used: 3720.00/4000.0
Ep  446 | Phase: PROTAGO | Ticks: 776 | Protag R: -16666.00 | Antag R: 16295.00 | Delivery:  23.2% | Budget Used: 3720.00/4000.0
Ep  447 | Phase: PROTAGO | Ticks: 784 | Protag R: -21910.00 | Antag R: 21539.00 | Delivery:  25.0% | Budget Used: 3720.00/4000.0
Ep  448 | Phase: PROTAGO | Ticks: 799 | Protag R: -11065.00 | Antag R: 10693.00 | Delivery:  24.4% | Budget Used: 3720.00/4000.0
Ep  449 | Phase: PROTAGO | Ticks: 797 | Protag R: -11756.00 | Antag R: 11385.00 | Delivery:  22.0% | Budget Used: 3720.00/4000.0
Ep  450 | Phase: PROTAGO | Ticks: 777 | Protag R: -14788.00 | Antag R: 14416.00 | Delivery:  22.0% | Budget Used: 3720.00/4000.0
  [EVAL ep 450] greedy_atk=5366 learned_atk=5825 gap=+459 +/-231 (neg = learned beats greedy under attack)
Saving checkpoints for both agents before phase switch...
Ep  451 | Phase: PROTAGO | Ticks: 775 | Protag R: -17587.00 | Antag R: 17216.00 | Delivery:  21.8% | Budget Used: 3720.00/4000.0
Ep  452 | Phase: PROTAGO | Ticks: 789 | Protag R: -14235.00 | Antag R: 13864.00 | Delivery:  19.1% | Budget Used: 3720.00/4000.0
Ep  453 | Phase: PROTAGO | Ticks: 788 | Protag R: -16104.00 | Antag R: 15733.00 | Delivery:  24.0% | Budget Used: 3720.00/4000.0
Ep  454 | Phase: PROTAGO | Ticks: 796 | Protag R: -10699.00 | Antag R: 10327.00 | Delivery:  28.9% | Budget Used: 3720.00/4000.0
Ep  455 | Phase: PROTAGO | Ticks: 775 | Protag R: -12524.00 | Antag R: 12152.00 | Delivery:  22.5% | Budget Used: 3720.00/4000.0
Ep  456 | Phase: PROTAGO | Ticks: 796 | Protag R: -15808.00 | Antag R: 15437.00 | Delivery:  29.3% | Budget Used: 3720.00/4000.0
Ep  457 | Phase: PROTAGO | Ticks: 799 | Protag R: -11691.00 | Antag R: 11320.00 | Delivery:  29.3% | Budget Used: 3720.00/4000.0
Ep  458 | Phase: PROTAGO | Ticks: 786 | Protag R: -15220.00 | Antag R: 14849.00 | Delivery:  20.4% | Budget Used: 3720.00/4000.0
Ep  459 | Phase: PROTAGO | Ticks: 798 | Protag R: -14979.00 | Antag R: 14608.00 | Delivery:  19.1% | Budget Used: 3720.00/4000.0
Ep  460 | Phase: PROTAGO | Ticks: 784 | Protag R: -15491.00 | Antag R: 15119.00 | Delivery:  20.4% | Budget Used: 3720.00/4000.0
Ep  461 | Phase: PROTAGO | Ticks: 775 | Protag R: -16872.00 | Antag R: 16500.00 | Delivery:  18.0% | Budget Used: 3720.00/4000.0
Ep  462 | Phase: PROTAGO | Ticks: 793 | Protag R: -17919.00 | Antag R: 17547.00 | Delivery:  21.1% | Budget Used: 3720.00/4000.0
Ep  463 | Phase: PROTAGO | Ticks: 775 | Protag R: -17660.00 | Antag R: 17288.00 | Delivery:  18.9% | Budget Used: 3720.00/4000.0
Ep  464 | Phase: PROTAGO | Ticks: 798 | Protag R: -12154.00 | Antag R: 11783.00 | Delivery:  25.6% | Budget Used: 3720.00/4000.0
Ep  465 | Phase: PROTAGO | Ticks: 796 | Protag R: -14279.00 | Antag R: 13907.00 | Delivery:  17.2% | Budget Used: 3720.00/4000.0
Ep  466 | Phase: PROTAGO | Ticks: 776 | Protag R: -16225.00 | Antag R: 15853.00 | Delivery:  17.2% | Budget Used: 3720.00/4000.0
Ep  467 | Phase: PROTAGO | Ticks: 797 | Protag R: -12945.00 | Antag R: 12574.00 | Delivery:  27.3% | Budget Used: 3720.00/4000.0
Ep  468 | Phase: PROTAGO | Ticks: 797 | Protag R: -16844.00 | Antag R: 16474.00 | Delivery:  15.6% | Budget Used: 3720.00/4000.0
Ep  469 | Phase: PROTAGO | Ticks: 775 | Protag R: -15934.00 | Antag R: 15563.00 | Delivery:  25.5% | Budget Used: 3720.00/4000.0
Ep  470 | Phase: PROTAGO | Ticks: 792 | Protag R: -14060.00 | Antag R: 13688.00 | Delivery:  22.6% | Budget Used: 3720.00/4000.0
Ep  471 | Phase: PROTAGO | Ticks: 796 | Protag R: -15992.00 | Antag R: 15621.00 | Delivery:  10.2% | Budget Used: 3720.00/4000.0
Ep  472 | Phase: PROTAGO | Ticks: 775 | Protag R: -15642.00 | Antag R: 15271.00 | Delivery:  28.8% | Budget Used: 3720.00/4000.0
Ep  473 | Phase: PROTAGO | Ticks: 795 | Protag R: -14454.00 | Antag R: 14083.00 | Delivery:  27.5% | Budget Used: 3720.00/4000.0
Ep  474 | Phase: PROTAGO | Ticks: 799 | Protag R: -10502.00 | Antag R: 10130.00 | Delivery:  29.5% | Budget Used: 3720.00/4000.0
Ep  475 | Phase: PROTAGO | Ticks: 775 | Protag R: -16048.00 | Antag R: 15677.00 | Delivery:  14.3% | Budget Used: 3720.00/4000.0
Ep  476 | Phase: PROTAGO | Ticks: 796 | Protag R: -7561.00 | Antag R: 7190.00 | Delivery:  31.4% | Budget Used: 3720.00/4000.0
Ep  477 | Phase: PROTAGO | Ticks: 797 | Protag R: -19094.00 | Antag R: 18723.00 | Delivery:  21.7% | Budget Used: 3720.00/4000.0
Ep  478 | Phase: PROTAGO | Ticks: 778 | Protag R: -16443.00 | Antag R: 16072.00 | Delivery:  18.5% | Budget Used: 3720.00/4000.0
Ep  479 | Phase: PROTAGO | Ticks: 796 | Protag R: -13948.00 | Antag R: 13576.00 | Delivery:  20.4% | Budget Used: 3720.00/4000.0
Ep  480 | Phase: PROTAGO | Ticks: 776 | Protag R: -16444.00 | Antag R: 16072.00 | Delivery:  21.6% | Budget Used: 3720.00/4000.0
Ep  481 | Phase: PROTAGO | Ticks: 799 | Protag R: -13296.00 | Antag R: 12924.00 | Delivery:  24.3% | Budget Used: 3720.00/4000.0
Ep  482 | Phase: PROTAGO | Ticks: 780 | Protag R: -11641.00 | Antag R: 11269.00 | Delivery:  25.0% | Budget Used: 3720.00/4000.0
Ep  483 | Phase: PROTAGO | Ticks: 797 | Protag R: -3881.00 | Antag R: 3510.00 | Delivery:  39.1% | Budget Used: 3720.00/4000.0
Ep  484 | Phase: PROTAGO | Ticks: 798 | Protag R: -16580.00 | Antag R: 16209.00 | Delivery:  24.0% | Budget Used: 3720.00/4000.0
Ep  485 | Phase: PROTAGO | Ticks: 781 | Protag R: -16939.00 | Antag R: 16567.00 | Delivery:  18.5% | Budget Used: 3720.00/4000.0
Ep  486 | Phase: PROTAGO | Ticks: 794 | Protag R: -13998.00 | Antag R: 13627.00 | Delivery:  22.6% | Budget Used: 3720.00/4000.0
Ep  487 | Phase: PROTAGO | Ticks: 797 | Protag R: -12961.00 | Antag R: 12590.00 | Delivery:  26.5% | Budget Used: 3720.00/4000.0
Ep  488 | Phase: PROTAGO | Ticks: 798 | Protag R: -13743.00 | Antag R: 13372.00 | Delivery:  25.5% | Budget Used: 3720.00/4000.0
Ep  489 | Phase: PROTAGO | Ticks: 792 | Protag R: -12377.00 | Antag R: 12006.00 | Delivery:  27.3% | Budget Used: 3720.00/4000.0
Ep  490 | Phase: PROTAGO | Ticks: 777 | Protag R: -18548.00 | Antag R: 18177.00 | Delivery:  27.6% | Budget Used: 3720.00/4000.0
Ep  491 | Phase: PROTAGO | Ticks: 783 | Protag R: -12899.00 | Antag R: 12528.00 | Delivery:  15.4% | Budget Used: 3720.00/4000.0
Ep  492 | Phase: PROTAGO | Ticks: 797 | Protag R: -12334.00 | Antag R: 11964.00 | Delivery:  30.2% | Budget Used: 3720.00/4000.0
Ep  493 | Phase: PROTAGO | Ticks: 787 | Protag R: -12723.00 | Antag R: 12351.00 | Delivery:  18.0% | Budget Used: 3720.00/4000.0
Ep  494 | Phase: PROTAGO | Ticks: 798 | Protag R: -11120.00 | Antag R: 10749.00 | Delivery:  40.4% | Budget Used: 3720.00/4000.0
Ep  495 | Phase: PROTAGO | Ticks: 796 | Protag R: -14123.00 | Antag R: 13752.00 | Delivery:  20.8% | Budget Used: 3720.00/4000.0
Ep  496 | Phase: PROTAGO | Ticks: 776 | Protag R: -8659.00 | Antag R: 8288.00 | Delivery:  30.8% | Budget Used: 3720.00/4000.0
Ep  497 | Phase: PROTAGO | Ticks: 795 | Protag R: -11393.00 | Antag R: 11022.00 | Delivery:  34.1% | Budget Used: 3720.00/4000.0
Ep  498 | Phase: PROTAGO | Ticks: 777 | Protag R: -14671.00 | Antag R: 14300.00 | Delivery:   8.0% | Budget Used: 3720.00/4000.0
Ep  499 | Phase: PROTAGO | Ticks: 780 | Protag R: -12137.00 | Antag R: 11766.00 | Delivery:  22.0% | Budget Used: 3720.00/4000.0
Ep  500 | Phase: PROTAGO | Ticks: 776 | Protag R: -12424.00 | Antag R: 12053.00 | Delivery:  34.1% | Budget Used: 3720.00/4000.0
  [EVAL ep 500] greedy_atk=5366 learned_atk=5875 gap=+509 +/-224 (neg = learned beats greedy under attack)
Saving checkpoints for both agents before phase switch...
Ep  501 | Phase: PROTAGO | Ticks: 778 | Protag R: -16538.00 | Antag R: 16167.00 | Delivery:  16.3% | Budget Used: 3720.00/4000.0
Ep  502 | Phase: PROTAGO | Ticks: 799 | Protag R: -12392.00 | Antag R: 12021.00 | Delivery:  31.8% | Budget Used: 3720.00/4000.0
Ep  503 | Phase: PROTAGO | Ticks: 796 | Protag R: -12376.00 | Antag R: 12004.00 | Delivery:  21.4% | Budget Used: 3720.00/4000.0
Ep  504 | Phase: PROTAGO | Ticks: 775 | Protag R: -15044.00 | Antag R: 14674.00 | Delivery:  21.8% | Budget Used: 3720.00/4000.0
Ep  505 | Phase: PROTAGO | Ticks: 783 | Protag R: -15985.00 | Antag R: 15615.00 | Delivery:  18.8% | Budget Used: 3720.00/4000.0
Ep  506 | Phase: PROTAGO | Ticks: 799 | Protag R: -12906.00 | Antag R: 12535.00 | Delivery:  28.6% | Budget Used: 3720.00/4000.0
Ep  507 | Phase: PROTAGO | Ticks: 775 | Protag R: -12582.00 | Antag R: 12211.00 | Delivery:  31.7% | Budget Used: 3720.00/4000.0
Ep  508 | Phase: PROTAGO | Ticks: 789 | Protag R: -12613.00 | Antag R: 12242.00 | Delivery:  28.3% | Budget Used: 3720.00/4000.0
Ep  509 | Phase: PROTAGO | Ticks: 779 | Protag R: -19068.00 | Antag R: 18697.00 | Delivery:  19.7% | Budget Used: 3720.00/4000.0
Ep  510 | Phase: PROTAGO | Ticks: 796 | Protag R: -12584.00 | Antag R: 12212.00 | Delivery:  27.5% | Budget Used: 3720.00/4000.0
Ep  511 | Phase: PROTAGO | Ticks: 777 | Protag R: -8836.00 | Antag R: 8465.00 | Delivery:  27.0% | Budget Used: 3720.00/4000.0
Ep  512 | Phase: PROTAGO | Ticks: 796 | Protag R: -14379.00 | Antag R: 14008.00 | Delivery:  28.9% | Budget Used: 3720.00/4000.0
Ep  513 | Phase: PROTAGO | Ticks: 775 | Protag R: -7870.00 | Antag R: 7499.00 | Delivery:  28.9% | Budget Used: 3720.00/4000.0
Ep  514 | Phase: PROTAGO | Ticks: 797 | Protag R: -16856.00 | Antag R: 16485.00 | Delivery:  24.5% | Budget Used: 3720.00/4000.0
Ep  515 | Phase: PROTAGO | Ticks: 789 | Protag R: -10816.00 | Antag R: 10445.00 | Delivery:  39.0% | Budget Used: 3720.00/4000.0
Ep  516 | Phase: PROTAGO | Ticks: 781 | Protag R: -13647.00 | Antag R: 13276.00 | Delivery:  27.7% | Budget Used: 3720.00/4000.0
Ep  517 | Phase: PROTAGO | Ticks: 799 | Protag R: -12537.00 | Antag R: 12165.00 | Delivery:  33.3% | Budget Used: 3720.00/4000.0
Ep  518 | Phase: PROTAGO | Ticks: 788 | Protag R: -17139.00 | Antag R: 16768.00 | Delivery:  24.5% | Budget Used: 3720.00/4000.0
Ep  519 | Phase: PROTAGO | Ticks: 791 | Protag R: -14867.00 | Antag R: 14495.00 | Delivery:  21.2% | Budget Used: 3720.00/4000.0
Ep  520 | Phase: PROTAGO | Ticks: 783 | Protag R: -11929.00 | Antag R: 11557.00 | Delivery:  27.7% | Budget Used: 3720.00/4000.0
Ep  521 | Phase: PROTAGO | Ticks: 779 | Protag R: -18422.00 | Antag R: 18051.00 | Delivery:   8.9% | Budget Used: 3720.00/4000.0
Ep  522 | Phase: PROTAGO | Ticks: 780 | Protag R: -13953.00 | Antag R: 13582.00 | Delivery:  21.3% | Budget Used: 3720.00/4000.0
Ep  523 | Phase: PROTAGO | Ticks: 798 | Protag R: -10473.00 | Antag R: 10102.00 | Delivery:  32.4% | Budget Used: 3720.00/4000.0
Ep  524 | Phase: PROTAGO | Ticks: 775 | Protag R: -14324.00 | Antag R: 13952.00 | Delivery:  28.0% | Budget Used: 3720.00/4000.0
Ep  525 | Phase: PROTAGO | Ticks: 775 | Protag R: -7539.00 | Antag R: 7167.00 | Delivery:  29.0% | Budget Used: 3720.00/4000.0
Ep  526 | Phase: PROTAGO | Ticks: 775 | Protag R: -14318.00 | Antag R: 13947.00 | Delivery:  14.3% | Budget Used: 3720.00/4000.0
Ep  527 | Phase: PROTAGO | Ticks: 776 | Protag R: -15990.00 | Antag R: 15619.00 | Delivery:  17.6% | Budget Used: 3720.00/4000.0
Ep  528 | Phase: PROTAGO | Ticks: 777 | Protag R: -13401.00 | Antag R: 13030.00 | Delivery:  25.0% | Budget Used: 3720.00/4000.0
Ep  529 | Phase: PROTAGO | Ticks: 775 | Protag R: -14811.00 | Antag R: 14440.00 | Delivery:  14.3% | Budget Used: 3720.00/4000.0
Ep  530 | Phase: PROTAGO | Ticks: 796 | Protag R: -12023.00 | Antag R: 11652.00 | Delivery:  19.5% | Budget Used: 3720.00/4000.0
Ep  531 | Phase: PROTAGO | Ticks: 775 | Protag R: -14991.00 | Antag R: 14620.00 | Delivery:  20.0% | Budget Used: 3720.00/4000.0
Ep  532 | Phase: PROTAGO | Ticks: 798 | Protag R: -14365.00 | Antag R: 13993.00 | Delivery:  21.3% | Budget Used: 3720.00/4000.0
Ep  533 | Phase: PROTAGO | Ticks: 796 | Protag R: -14782.00 | Antag R: 14411.00 | Delivery:  23.4% | Budget Used: 3720.00/4000.0
Ep  534 | Phase: PROTAGO | Ticks: 787 | Protag R: -10550.00 | Antag R: 10178.00 | Delivery:  21.7% | Budget Used: 3720.00/4000.0
Ep  535 | Phase: PROTAGO | Ticks: 796 | Protag R: -14645.00 | Antag R: 14274.00 | Delivery:  17.6% | Budget Used: 3720.00/4000.0
Ep  536 | Phase: PROTAGO | Ticks: 791 | Protag R: -10794.00 | Antag R: 10423.00 | Delivery:  34.8% | Budget Used: 3720.00/4000.0
Ep  537 | Phase: PROTAGO | Ticks: 798 | Protag R: -14675.00 | Antag R: 14303.00 | Delivery:  22.7% | Budget Used: 3720.00/4000.0
Ep  538 | Phase: PROTAGO | Ticks: 778 | Protag R: -10548.00 | Antag R: 10177.00 | Delivery:  17.5% | Budget Used: 3720.00/4000.0
Ep  539 | Phase: PROTAGO | Ticks: 778 | Protag R: -17627.00 | Antag R: 17256.00 | Delivery:  25.0% | Budget Used: 3720.00/4000.0
Ep  540 | Phase: PROTAGO | Ticks: 776 | Protag R: -11469.00 | Antag R: 11098.00 | Delivery:  15.0% | Budget Used: 3720.00/4000.0
Ep  541 | Phase: PROTAGO | Ticks: 797 | Protag R: -16821.00 | Antag R: 16450.00 | Delivery:  16.7% | Budget Used: 3720.00/4000.0
Ep  542 | Phase: PROTAGO | Ticks: 798 | Protag R: -14157.00 | Antag R: 13785.00 | Delivery:  29.2% | Budget Used: 3720.00/4000.0
Ep  543 | Phase: PROTAGO | Ticks: 798 | Protag R: -17846.00 | Antag R: 17475.00 | Delivery:  21.2% | Budget Used: 3720.00/4000.0
Ep  544 | Phase: PROTAGO | Ticks: 775 | Protag R: -10001.00 | Antag R: 9629.00 | Delivery:  23.9% | Budget Used: 3720.00/4000.0
Ep  545 | Phase: PROTAGO | Ticks: 776 | Protag R: -13643.00 | Antag R: 13271.00 | Delivery:  28.0% | Budget Used: 3720.00/4000.0
Ep  546 | Phase: PROTAGO | Ticks: 796 | Protag R: -7236.00 | Antag R: 6865.00 | Delivery:  44.8% | Budget Used: 3720.00/4000.0
Ep  547 | Phase: PROTAGO | Ticks: 787 | Protag R: -17603.00 | Antag R: 17232.00 | Delivery:  26.9% | Budget Used: 3720.00/4000.0
Ep  548 | Phase: PROTAGO | Ticks: 796 | Protag R: -18399.00 | Antag R: 18027.00 | Delivery:  14.5% | Budget Used: 3720.00/4000.0
Ep  549 | Phase: PROTAGO | Ticks: 789 | Protag R: -13488.00 | Antag R: 13117.00 | Delivery:  32.7% | Budget Used: 3720.00/4000.0
Ep  550 | Phase: PROTAGO | Ticks: 798 | Protag R: -15930.00 | Antag R: 15559.00 | Delivery:  30.2% | Budget Used: 3720.00/4000.0
  [EVAL ep 550] greedy_atk=5366 learned_atk=5844 gap=+478 +/-211 (neg = learned beats greedy under attack)
Saving checkpoints for both agents before phase switch...
Ep  551 | Phase: PROTAGO | Ticks: 789 | Protag R: -11725.00 | Antag R: 11354.00 | Delivery:  26.7% | Budget Used: 3720.00/4000.0
Ep  552 | Phase: PROTAGO | Ticks: 781 | Protag R: -14365.00 | Antag R: 13994.00 | Delivery:  19.0% | Budget Used: 3720.00/4000.0
Ep  553 | Phase: PROTAGO | Ticks: 781 | Protag R: -10973.00 | Antag R: 10602.00 | Delivery:  38.1% | Budget Used: 3720.00/4000.0
Ep  554 | Phase: PROTAGO | Ticks: 775 | Protag R: -13605.00 | Antag R: 13234.00 | Delivery:  18.6% | Budget Used: 3720.00/4000.0
Ep  555 | Phase: PROTAGO | Ticks: 795 | Protag R: -9210.00 | Antag R: 8839.00 | Delivery:  25.6% | Budget Used: 3720.00/4000.0
Ep  556 | Phase: PROTAGO | Ticks: 797 | Protag R: -11390.00 | Antag R: 11019.00 | Delivery:  25.5% | Budget Used: 3720.00/4000.0
Ep  557 | Phase: PROTAGO | Ticks: 796 | Protag R: -11389.00 | Antag R: 11018.00 | Delivery:  24.4% | Budget Used: 3720.00/4000.0
Ep  558 | Phase: PROTAGO | Ticks: 790 | Protag R: -10039.00 | Antag R: 9668.00 | Delivery:  35.4% | Budget Used: 3720.00/4000.0
Ep  559 | Phase: PROTAGO | Ticks: 775 | Protag R: -15699.00 | Antag R: 15328.00 | Delivery:  19.2% | Budget Used: 3720.00/4000.0
Ep  560 | Phase: PROTAGO | Ticks: 782 | Protag R: -9096.00 | Antag R: 8724.00 | Delivery:  35.0% | Budget Used: 3720.00/4000.0
Ep  561 | Phase: PROTAGO | Ticks: 797 | Protag R: -14614.00 | Antag R: 14243.00 | Delivery:  24.1% | Budget Used: 3720.00/4000.0
Ep  562 | Phase: PROTAGO | Ticks: 799 | Protag R: -16559.00 | Antag R: 16188.00 | Delivery:  19.0% | Budget Used: 3720.00/4000.0
Ep  563 | Phase: PROTAGO | Ticks: 798 | Protag R: -17798.00 | Antag R: 17427.00 | Delivery:  16.1% | Budget Used: 3720.00/4000.0
Ep  564 | Phase: PROTAGO | Ticks: 791 | Protag R: -12393.00 | Antag R: 12022.00 | Delivery:  26.7% | Budget Used: 3720.00/4000.0
Ep  565 | Phase: PROTAGO | Ticks: 797 | Protag R: -11386.00 | Antag R: 11014.00 | Delivery:  34.9% | Budget Used: 3720.00/4000.0
Ep  566 | Phase: PROTAGO | Ticks: 775 | Protag R: -13682.00 | Antag R: 13311.00 | Delivery:  22.5% | Budget Used: 3720.00/4000.0
Ep  567 | Phase: PROTAGO | Ticks: 777 | Protag R: -18749.00 | Antag R: 18377.00 | Delivery:  18.5% | Budget Used: 3720.00/4000.0
Ep  568 | Phase: PROTAGO | Ticks: 798 | Protag R: -15370.00 | Antag R: 14999.00 | Delivery:  23.6% | Budget Used: 3720.00/4000.0
Ep  569 | Phase: PROTAGO | Ticks: 796 | Protag R: -10392.00 | Antag R: 10021.00 | Delivery:  36.6% | Budget Used: 3720.00/4000.0
Ep  570 | Phase: PROTAGO | Ticks: 775 | Protag R: -13546.00 | Antag R: 13174.00 | Delivery:  18.0% | Budget Used: 3720.00/4000.0
Ep  571 | Phase: PROTAGO | Ticks: 775 | Protag R: -16350.00 | Antag R: 15979.00 | Delivery:  22.9% | Budget Used: 3720.00/4000.0
Ep  572 | Phase: PROTAGO | Ticks: 775 | Protag R: -15840.00 | Antag R: 15469.00 | Delivery:  18.6% | Budget Used: 3720.00/4000.0
Ep  573 | Phase: PROTAGO | Ticks: 776 | Protag R: -9988.00 | Antag R: 9617.00 | Delivery:  23.7% | Budget Used: 3720.00/4000.0
Ep  574 | Phase: PROTAGO | Ticks: 796 | Protag R: -16442.00 | Antag R: 16070.00 | Delivery:  16.3% | Budget Used: 3720.00/4000.0
Ep  575 | Phase: PROTAGO | Ticks: 788 | Protag R: -18194.00 | Antag R: 17822.00 | Delivery:  21.2% | Budget Used: 3720.00/4000.0
Ep  576 | Phase: PROTAGO | Ticks: 775 | Protag R: -8888.00 | Antag R: 8517.00 | Delivery:  45.0% | Budget Used: 3720.00/4000.0
Ep  577 | Phase: PROTAGO | Ticks: 798 | Protag R: -13151.00 | Antag R: 12780.00 | Delivery:  21.7% | Budget Used: 3720.00/4000.0
Ep  578 | Phase: PROTAGO | Ticks: 778 | Protag R: -16087.00 | Antag R: 15716.00 | Delivery:  21.6% | Budget Used: 3720.00/4000.0
Ep  579 | Phase: PROTAGO | Ticks: 798 | Protag R: -10473.00 | Antag R: 10102.00 | Delivery:  32.4% | Budget Used: 3720.00/4000.0
Ep  580 | Phase: PROTAGO | Ticks: 776 | Protag R: -19447.00 | Antag R: 19076.00 | Delivery:  19.0% | Budget Used: 3720.00/4000.0
Ep  581 | Phase: PROTAGO | Ticks: 797 | Protag R: -12429.00 | Antag R: 12058.00 | Delivery:  22.0% | Budget Used: 3720.00/4000.0
Ep  582 | Phase: PROTAGO | Ticks: 798 | Protag R: -21295.00 | Antag R: 20924.00 | Delivery:  13.8% | Budget Used: 3720.00/4000.0
Ep  583 | Phase: PROTAGO | Ticks: 779 | Protag R: -13700.00 | Antag R: 13328.00 | Delivery:  23.8% | Budget Used: 3720.00/4000.0
Ep  584 | Phase: PROTAGO | Ticks: 791 | Protag R: -16510.00 | Antag R: 16139.00 | Delivery:   8.5% | Budget Used: 3720.00/4000.0
Ep  585 | Phase: PROTAGO | Ticks: 797 | Protag R: -12198.00 | Antag R: 11826.00 | Delivery:  23.8% | Budget Used: 3720.00/4000.0
Ep  586 | Phase: PROTAGO | Ticks: 797 | Protag R: -12571.00 | Antag R: 12199.00 | Delivery:  28.3% | Budget Used: 3720.00/4000.0
Ep  587 | Phase: PROTAGO | Ticks: 797 | Protag R: -16301.00 | Antag R: 15930.00 | Delivery:  25.0% | Budget Used: 3720.00/4000.0
Ep  588 | Phase: PROTAGO | Ticks: 775 | Protag R: -10602.00 | Antag R: 10231.00 | Delivery:  30.4% | Budget Used: 3720.00/4000.0
Ep  589 | Phase: PROTAGO | Ticks: 794 | Protag R: -10809.00 | Antag R: 10438.00 | Delivery:  31.8% | Budget Used: 3720.00/4000.0
Ep  590 | Phase: PROTAGO | Ticks: 793 | Protag R: -10139.00 | Antag R: 9768.00 | Delivery:  27.3% | Budget Used: 3720.00/4000.0
Ep  591 | Phase: PROTAGO | Ticks: 797 | Protag R: -14974.00 | Antag R: 14603.00 | Delivery:  20.4% | Budget Used: 3720.00/4000.0
Ep  592 | Phase: PROTAGO | Ticks: 782 | Protag R: -19491.00 | Antag R: 19120.00 | Delivery:  14.5% | Budget Used: 3720.00/4000.0
Ep  593 | Phase: PROTAGO | Ticks: 797 | Protag R: -15559.00 | Antag R: 15188.00 | Delivery:  23.6% | Budget Used: 3720.00/4000.0
Ep  594 | Phase: PROTAGO | Ticks: 793 | Protag R: -7234.00 | Antag R: 6863.00 | Delivery:  35.5% | Budget Used: 3720.00/4000.0
Ep  595 | Phase: PROTAGO | Ticks: 782 | Protag R: -17540.00 | Antag R: 17169.00 | Delivery:  20.0% | Budget Used: 3720.00/4000.0
Ep  596 | Phase: PROTAGO | Ticks: 791 | Protag R: -7878.00 | Antag R: 7506.00 | Delivery:  36.1% | Budget Used: 3720.00/4000.0
Ep  597 | Phase: PROTAGO | Ticks: 783 | Protag R: -13363.00 | Antag R: 12992.00 | Delivery:  24.1% | Budget Used: 3720.00/4000.0
Ep  598 | Phase: PROTAGO | Ticks: 796 | Protag R: -13587.00 | Antag R: 13216.00 | Delivery:  29.8% | Budget Used: 3720.00/4000.0
Ep  599 | Phase: PROTAGO | Ticks: 775 | Protag R: -15316.00 | Antag R: 14945.00 | Delivery:  21.6% | Budget Used: 3720.00/4000.0
Ep  600 | Phase: PROTAGO | Ticks: 792 | Protag R: -17573.00 | Antag R: 17202.00 | Delivery:  23.1% | Budget Used: 3720.00/4000.0
  [EVAL ep 600] greedy_atk=5366 learned_atk=5588 gap=+222 +/-166 (neg = learned beats greedy under attack)
Saving checkpoints for both agents before phase switch...
Ep  601 | Phase: PROTAGO | Ticks: 797 | Protag R: -11548.00 | Antag R: 11177.00 | Delivery:  25.5% | Budget Used: 3720.00/4000.0
Ep  602 | Phase: PROTAGO | Ticks: 776 | Protag R: -16669.00 | Antag R: 16298.00 | Delivery:  17.3% | Budget Used: 3720.00/4000.0
Ep  603 | Phase: PROTAGO | Ticks: 777 | Protag R: -8628.00 | Antag R: 8257.00 | Delivery:  35.0% | Budget Used: 3720.00/4000.0
Ep  604 | Phase: PROTAGO | Ticks: 775 | Protag R: -9768.00 | Antag R: 9397.00 | Delivery:  21.6% | Budget Used: 3720.00/4000.0
Ep  605 | Phase: PROTAGO | Ticks: 782 | Protag R: -18226.00 | Antag R: 17855.00 | Delivery:  18.0% | Budget Used: 3720.00/4000.0
Ep  606 | Phase: PROTAGO | Ticks: 776 | Protag R: -11585.00 | Antag R: 11213.00 | Delivery:  31.1% | Budget Used: 3720.00/4000.0
Ep  607 | Phase: PROTAGO | Ticks: 793 | Protag R: -13184.00 | Antag R: 12813.00 | Delivery:  30.2% | Budget Used: 3720.00/4000.0
Ep  608 | Phase: PROTAGO | Ticks: 797 | Protag R: -13871.00 | Antag R: 13499.00 | Delivery:  28.6% | Budget Used: 3720.00/4000.0
Ep  609 | Phase: PROTAGO | Ticks: 782 | Protag R: -10910.00 | Antag R: 10539.00 | Delivery:  19.6% | Budget Used: 3720.00/4000.0
Ep  610 | Phase: PROTAGO | Ticks: 798 | Protag R: -16646.00 | Antag R: 16275.00 | Delivery:  20.8% | Budget Used: 3720.00/4000.0
Ep  611 | Phase: PROTAGO | Ticks: 797 | Protag R: -13832.00 | Antag R: 13461.00 | Delivery:  26.3% | Budget Used: 3720.00/4000.0
Ep  612 | Phase: PROTAGO | Ticks: 795 | Protag R: -7560.00 | Antag R: 7188.00 | Delivery:  37.8% | Budget Used: 3720.00/4000.0
Ep  613 | Phase: PROTAGO | Ticks: 792 | Protag R: -8395.00 | Antag R: 8024.00 | Delivery:  34.4% | Budget Used: 3720.00/4000.0
Ep  614 | Phase: PROTAGO | Ticks: 777 | Protag R: -17005.00 | Antag R: 16634.00 | Delivery:  20.0% | Budget Used: 3720.00/4000.0
Ep  615 | Phase: PROTAGO | Ticks: 798 | Protag R: -11326.00 | Antag R: 10954.00 | Delivery:  26.8% | Budget Used: 3720.00/4000.0
Ep  616 | Phase: PROTAGO | Ticks: 786 | Protag R: -14362.00 | Antag R: 13991.00 | Delivery:  27.1% | Budget Used: 3720.00/4000.0
Ep  617 | Phase: PROTAGO | Ticks: 775 | Protag R: -12944.00 | Antag R: 12572.00 | Delivery:  17.8% | Budget Used: 3720.00/4000.0
Ep  618 | Phase: PROTAGO | Ticks: 775 | Protag R: -19032.00 | Antag R: 18661.00 | Delivery:  12.0% | Budget Used: 3720.00/4000.0
Ep  619 | Phase: PROTAGO | Ticks: 793 | Protag R: -12340.00 | Antag R: 11969.00 | Delivery:  25.5% | Budget Used: 3720.00/4000.0
Ep  620 | Phase: PROTAGO | Ticks: 786 | Protag R: -15028.00 | Antag R: 14657.00 | Delivery:  12.8% | Budget Used: 3720.00/4000.0
Ep  621 | Phase: PROTAGO | Ticks: 789 | Protag R: -14318.00 | Antag R: 13947.00 | Delivery:  21.7% | Budget Used: 3720.00/4000.0
Ep  622 | Phase: PROTAGO | Ticks: 775 | Protag R: -11845.00 | Antag R: 11473.00 | Delivery:  26.5% | Budget Used: 3720.00/4000.0
Ep  623 | Phase: PROTAGO | Ticks: 789 | Protag R: -13735.00 | Antag R: 13364.00 | Delivery:  31.9% | Budget Used: 3720.00/4000.0
Ep  624 | Phase: PROTAGO | Ticks: 798 | Protag R: -16035.00 | Antag R: 15664.00 | Delivery:  30.0% | Budget Used: 3720.00/4000.0
Ep  625 | Phase: PROTAGO | Ticks: 785 | Protag R: -14658.00 | Antag R: 14287.00 | Delivery:  17.8% | Budget Used: 3720.00/4000.0
Ep  626 | Phase: PROTAGO | Ticks: 796 | Protag R: -8176.00 | Antag R: 7805.00 | Delivery:  26.7% | Budget Used: 3720.00/4000.0
Ep  627 | Phase: PROTAGO | Ticks: 799 | Protag R: -10828.00 | Antag R: 10456.00 | Delivery:  24.4% | Budget Used: 3720.00/4000.0
Ep  628 | Phase: PROTAGO | Ticks: 778 | Protag R: -15849.00 | Antag R: 15478.00 | Delivery:  15.7% | Budget Used: 3720.00/4000.0
Ep  629 | Phase: PROTAGO | Ticks: 798 | Protag R: -12219.00 | Antag R: 11848.00 | Delivery:  34.9% | Budget Used: 3720.00/4000.0
Ep  630 | Phase: PROTAGO | Ticks: 775 | Protag R: -15818.00 | Antag R: 15447.00 | Delivery:  15.2% | Budget Used: 3720.00/4000.0
Ep  631 | Phase: PROTAGO | Ticks: 798 | Protag R: -19342.00 | Antag R: 18971.00 | Delivery:  28.6% | Budget Used: 3720.00/4000.0
Ep  632 | Phase: PROTAGO | Ticks: 779 | Protag R: -26668.00 | Antag R: 26297.00 | Delivery:  15.1% | Budget Used: 3720.00/4000.0
Ep  633 | Phase: PROTAGO | Ticks: 786 | Protag R: -11287.00 | Antag R: 10916.00 | Delivery:  32.7% | Budget Used: 3720.00/4000.0
Ep  634 | Phase: PROTAGO | Ticks: 798 | Protag R: -19388.00 | Antag R: 19018.00 | Delivery:  16.4% | Budget Used: 3720.00/4000.0
Ep  635 | Phase: PROTAGO | Ticks: 783 | Protag R: -14601.00 | Antag R: 14230.00 | Delivery:  16.3% | Budget Used: 3720.00/4000.0
Ep  636 | Phase: PROTAGO | Ticks: 775 | Protag R: -15899.00 | Antag R: 15528.00 | Delivery:  18.5% | Budget Used: 3720.00/4000.0
Ep  637 | Phase: PROTAGO | Ticks: 778 | Protag R: -14384.00 | Antag R: 14012.00 | Delivery:  11.4% | Budget Used: 3720.00/4000.0
Ep  638 | Phase: PROTAGO | Ticks: 777 | Protag R: -14732.00 | Antag R: 14361.00 | Delivery:  11.5% | Budget Used: 3720.00/4000.0
Ep  639 | Phase: PROTAGO | Ticks: 777 | Protag R: -14329.00 | Antag R: 13958.00 | Delivery:  26.0% | Budget Used: 3720.00/4000.0
Ep  640 | Phase: PROTAGO | Ticks: 776 | Protag R: -13600.00 | Antag R: 13229.00 | Delivery:  20.0% | Budget Used: 3720.00/4000.0
Ep  641 | Phase: PROTAGO | Ticks: 797 | Protag R: -11279.00 | Antag R: 10908.00 | Delivery:  25.0% | Budget Used: 3720.00/4000.0
Ep  642 | Phase: PROTAGO | Ticks: 775 | Protag R: -15263.00 | Antag R: 14892.00 | Delivery:  13.2% | Budget Used: 3720.00/4000.0
Ep  643 | Phase: PROTAGO | Ticks: 795 | Protag R: -14094.00 | Antag R: 13723.00 | Delivery:  24.0% | Budget Used: 3720.00/4000.0
Ep  644 | Phase: PROTAGO | Ticks: 798 | Protag R: -15660.00 | Antag R: 15289.00 | Delivery:  12.3% | Budget Used: 3720.00/4000.0
Ep  645 | Phase: PROTAGO | Ticks: 791 | Protag R: -12495.00 | Antag R: 12124.00 | Delivery:  22.7% | Budget Used: 3720.00/4000.0
Ep  646 | Phase: PROTAGO | Ticks: 797 | Protag R: -16227.00 | Antag R: 15856.00 | Delivery:  15.7% | Budget Used: 3720.00/4000.0
Ep  647 | Phase: PROTAGO | Ticks: 787 | Protag R: -13010.00 | Antag R: 12638.00 | Delivery:  17.4% | Budget Used: 3720.00/4000.0
Ep  648 | Phase: PROTAGO | Ticks: 798 | Protag R: -11610.00 | Antag R: 11240.00 | Delivery:  36.1% | Budget Used: 3720.00/4000.0
Ep  649 | Phase: PROTAGO | Ticks: 792 | Protag R: -10801.00 | Antag R: 10430.00 | Delivery:  23.9% | Budget Used: 3720.00/4000.0
Ep  650 | Phase: PROTAGO | Ticks: 780 | Protag R: -12983.00 | Antag R: 12612.00 | Delivery:  21.4% | Budget Used: 3720.00/4000.0
  [EVAL ep 650] greedy_atk=5366 learned_atk=5795 gap=+429 +/-283 (neg = learned beats greedy under attack)
Saving checkpoints for both agents before phase switch...
Ep  651 | Phase: PROTAGO | Ticks: 799 | Protag R: -17209.00 | Antag R: 16838.00 | Delivery:  13.7% | Budget Used: 3720.00/4000.0
Ep  652 | Phase: PROTAGO | Ticks: 790 | Protag R: -10573.00 | Antag R: 10202.00 | Delivery:  27.1% | Budget Used: 3720.00/4000.0
Ep  653 | Phase: PROTAGO | Ticks: 789 | Protag R: -15721.00 | Antag R: 15350.00 | Delivery:  25.0% | Budget Used: 3720.00/4000.0
Ep  654 | Phase: PROTAGO | Ticks: 775 | Protag R: -12026.00 | Antag R: 11655.00 | Delivery:  29.5% | Budget Used: 3720.00/4000.0
Ep  655 | Phase: PROTAGO | Ticks: 794 | Protag R: -14501.00 | Antag R: 14130.00 | Delivery:  15.2% | Budget Used: 3720.00/4000.0
Ep  656 | Phase: PROTAGO | Ticks: 775 | Protag R: -16428.00 | Antag R: 16057.00 | Delivery:  18.5% | Budget Used: 3720.00/4000.0
Ep  657 | Phase: PROTAGO | Ticks: 792 | Protag R: -13263.00 | Antag R: 12892.00 | Delivery:  26.7% | Budget Used: 3720.00/4000.0
Ep  658 | Phase: PROTAGO | Ticks: 793 | Protag R: -17031.00 | Antag R: 16660.00 | Delivery:  13.2% | Budget Used: 3720.00/4000.0
Ep  659 | Phase: PROTAGO | Ticks: 797 | Protag R: -13350.00 | Antag R: 12979.00 | Delivery:  20.9% | Budget Used: 3720.00/4000.0
Ep  660 | Phase: PROTAGO | Ticks: 778 | Protag R: -11534.00 | Antag R: 11163.00 | Delivery:  27.0% | Budget Used: 3720.00/4000.0
Ep  661 | Phase: PROTAGO | Ticks: 798 | Protag R: -19745.00 | Antag R: 19374.00 | Delivery:  14.8% | Budget Used: 3720.00/4000.0
Ep  662 | Phase: PROTAGO | Ticks: 779 | Protag R: -21137.00 | Antag R: 20765.00 | Delivery:  17.0% | Budget Used: 3720.00/4000.0
Ep  663 | Phase: PROTAGO | Ticks: 784 | Protag R: -10819.00 | Antag R: 10448.00 | Delivery:  22.5% | Budget Used: 3720.00/4000.0
Ep  664 | Phase: PROTAGO | Ticks: 784 | Protag R: -23408.00 | Antag R: 23037.00 | Delivery:  16.7% | Budget Used: 3720.00/4000.0
Ep  665 | Phase: PROTAGO | Ticks: 777 | Protag R: -15332.00 | Antag R: 14961.00 | Delivery:  24.5% | Budget Used: 3720.00/4000.0
Ep  666 | Phase: PROTAGO | Ticks: 776 | Protag R: -9908.00 | Antag R: 9537.00 | Delivery:  44.4% | Budget Used: 3720.00/4000.0
Ep  667 | Phase: PROTAGO | Ticks: 796 | Protag R: -14804.00 | Antag R: 14433.00 | Delivery:  20.0% | Budget Used: 3720.00/4000.0
Ep  668 | Phase: PROTAGO | Ticks: 776 | Protag R: -12450.00 | Antag R: 12079.00 | Delivery:  20.9% | Budget Used: 3720.00/4000.0
Ep  669 | Phase: PROTAGO | Ticks: 776 | Protag R: -16574.00 | Antag R: 16203.00 | Delivery:  18.0% | Budget Used: 3720.00/4000.0
Ep  670 | Phase: PROTAGO | Ticks: 798 | Protag R: -15932.00 | Antag R: 15561.00 | Delivery:  20.4% | Budget Used: 3720.00/4000.0
Ep  671 | Phase: PROTAGO | Ticks: 797 | Protag R: -18921.00 | Antag R: 18550.00 | Delivery:  21.8% | Budget Used: 3720.00/4000.0
Ep  672 | Phase: PROTAGO | Ticks: 792 | Protag R: -12471.00 | Antag R: 12100.00 | Delivery:  25.6% | Budget Used: 3720.00/4000.0
Ep  673 | Phase: PROTAGO | Ticks: 775 | Protag R: -16060.00 | Antag R: 15688.00 | Delivery:  14.9% | Budget Used: 3720.00/4000.0
Ep  674 | Phase: PROTAGO | Ticks: 787 | Protag R: -13376.00 | Antag R: 13005.00 | Delivery:  20.9% | Budget Used: 3720.00/4000.0
Ep  675 | Phase: PROTAGO | Ticks: 799 | Protag R: -11940.00 | Antag R: 11568.00 | Delivery:  23.8% | Budget Used: 3720.00/4000.0
Ep  676 | Phase: PROTAGO | Ticks: 793 | Protag R: -14235.00 | Antag R: 13863.00 | Delivery:  21.7% | Budget Used: 3720.00/4000.0
Ep  677 | Phase: PROTAGO | Ticks: 783 | Protag R: -11085.00 | Antag R: 10714.00 | Delivery:  27.0% | Budget Used: 3720.00/4000.0
Ep  678 | Phase: PROTAGO | Ticks: 775 | Protag R: -13961.00 | Antag R: 13589.00 | Delivery:  26.4% | Budget Used: 3720.00/4000.0
Ep  679 | Phase: PROTAGO | Ticks: 776 | Protag R: -12350.00 | Antag R: 11979.00 | Delivery:  24.0% | Budget Used: 3720.00/4000.0
Ep  680 | Phase: PROTAGO | Ticks: 798 | Protag R: -8442.00 | Antag R: 8071.00 | Delivery:  40.6% | Budget Used: 3720.00/4000.0
Ep  681 | Phase: PROTAGO | Ticks: 797 | Protag R: -16444.00 | Antag R: 16073.00 | Delivery:  25.0% | Budget Used: 3720.00/4000.0
Ep  682 | Phase: PROTAGO | Ticks: 789 | Protag R: -10403.00 | Antag R: 10031.00 | Delivery:  32.5% | Budget Used: 3720.00/4000.0
Ep  683 | Phase: PROTAGO | Ticks: 796 | Protag R: -16812.00 | Antag R: 16440.00 | Delivery:  12.7% | Budget Used: 3720.00/4000.0
Ep  684 | Phase: PROTAGO | Ticks: 798 | Protag R: -11660.00 | Antag R: 11289.00 | Delivery:  29.3% | Budget Used: 3720.00/4000.0
Ep  685 | Phase: PROTAGO | Ticks: 781 | Protag R: -10631.00 | Antag R: 10260.00 | Delivery:  34.2% | Budget Used: 3720.00/4000.0
Ep  686 | Phase: PROTAGO | Ticks: 784 | Protag R: -10581.00 | Antag R: 10209.00 | Delivery:  37.8% | Budget Used: 3720.00/4000.0
Ep  687 | Phase: PROTAGO | Ticks: 775 | Protag R: -14972.00 | Antag R: 14601.00 | Delivery:  21.4% | Budget Used: 3720.00/4000.0
Ep  688 | Phase: PROTAGO | Ticks: 775 | Protag R: -13130.00 | Antag R: 12759.00 | Delivery:  23.4% | Budget Used: 3720.00/4000.0
Ep  689 | Phase: PROTAGO | Ticks: 785 | Protag R: -10064.00 | Antag R: 9693.00 | Delivery:  25.0% | Budget Used: 3720.00/4000.0
Ep  690 | Phase: PROTAGO | Ticks: 775 | Protag R: -14212.00 | Antag R: 13841.00 | Delivery:  24.4% | Budget Used: 3720.00/4000.0
Ep  691 | Phase: PROTAGO | Ticks: 797 | Protag R: -12099.00 | Antag R: 11728.00 | Delivery:  30.6% | Budget Used: 3720.00/4000.0
Ep  692 | Phase: PROTAGO | Ticks: 797 | Protag R: -13860.00 | Antag R: 13489.00 | Delivery:  21.6% | Budget Used: 3720.00/4000.0
Ep  693 | Phase: PROTAGO | Ticks: 791 | Protag R: -14498.00 | Antag R: 14127.00 | Delivery:  17.4% | Budget Used: 3720.00/4000.0
Ep  694 | Phase: PROTAGO | Ticks: 777 | Protag R: -17557.00 | Antag R: 17186.00 | Delivery:  17.3% | Budget Used: 3720.00/4000.0
Ep  695 | Phase: PROTAGO | Ticks: 776 | Protag R: -16517.00 | Antag R: 16145.00 | Delivery:  21.8% | Budget Used: 3720.00/4000.0
Ep  696 | Phase: PROTAGO | Ticks: 777 | Protag R: -16889.00 | Antag R: 16518.00 | Delivery:  19.2% | Budget Used: 3720.00/4000.0
Ep  697 | Phase: PROTAGO | Ticks: 798 | Protag R: -16828.00 | Antag R: 16457.00 | Delivery:  19.6% | Budget Used: 3720.00/4000.0
Ep  698 | Phase: PROTAGO | Ticks: 788 | Protag R: -10215.00 | Antag R: 9844.00 | Delivery:  26.1% | Budget Used: 3720.00/4000.0
Ep  699 | Phase: PROTAGO | Ticks: 790 | Protag R: -17028.00 | Antag R: 16656.00 | Delivery:  17.5% | Budget Used: 3720.00/4000.0
Ep  700 | Phase: PROTAGO | Ticks: 782 | Protag R: -10773.00 | Antag R: 10402.00 | Delivery:  33.3% | Budget Used: 3720.00/4000.0
  [EVAL ep 700] greedy_atk=5366 learned_atk=5926 gap=+560 +/-254 (neg = learned beats greedy under attack)
Saving checkpoints for both agents before phase switch...
Ep  701 | Phase: PROTAGO | Ticks: 798 | Protag R: -17324.00 | Antag R: 16953.00 | Delivery:  30.8% | Budget Used: 3720.00/4000.0
Ep  702 | Phase: PROTAGO | Ticks: 798 | Protag R: -17337.00 | Antag R: 16966.00 | Delivery:  21.6% | Budget Used: 3720.00/4000.0
Ep  703 | Phase: PROTAGO | Ticks: 775 | Protag R: -15918.00 | Antag R: 15546.00 | Delivery:  23.1% | Budget Used: 3720.00/4000.0
Ep  704 | Phase: PROTAGO | Ticks: 786 | Protag R: -21743.00 | Antag R: 21372.00 | Delivery:  23.1% | Budget Used: 3720.00/4000.0
Ep  705 | Phase: PROTAGO | Ticks: 797 | Protag R: -13855.00 | Antag R: 13483.00 | Delivery:  24.5% | Budget Used: 3720.00/4000.0
Ep  706 | Phase: PROTAGO | Ticks: 775 | Protag R: -15045.00 | Antag R: 14675.00 | Delivery:  23.5% | Budget Used: 3720.00/4000.0
Ep  707 | Phase: PROTAGO | Ticks: 775 | Protag R: -12473.00 | Antag R: 12102.00 | Delivery:  24.5% | Budget Used: 3720.00/4000.0
Ep  708 | Phase: PROTAGO | Ticks: 797 | Protag R: -13814.00 | Antag R: 13443.00 | Delivery:  25.6% | Budget Used: 3720.00/4000.0
Ep  709 | Phase: PROTAGO | Ticks: 775 | Protag R: -15747.00 | Antag R: 15375.00 | Delivery:  32.1% | Budget Used: 3720.00/4000.0
Ep  710 | Phase: PROTAGO | Ticks: 797 | Protag R: -19352.00 | Antag R: 18981.00 | Delivery:  13.2% | Budget Used: 3720.00/4000.0
Ep  711 | Phase: PROTAGO | Ticks: 775 | Protag R: -14992.00 | Antag R: 14621.00 | Delivery:  22.4% | Budget Used: 3720.00/4000.0
Ep  712 | Phase: PROTAGO | Ticks: 796 | Protag R: -15531.00 | Antag R: 15160.00 | Delivery:  21.3% | Budget Used: 3720.00/4000.0
Ep  713 | Phase: PROTAGO | Ticks: 780 | Protag R: -14600.00 | Antag R: 14228.00 | Delivery:  28.3% | Budget Used: 3720.00/4000.0
Ep  714 | Phase: PROTAGO | Ticks: 799 | Protag R: -21553.00 | Antag R: 21182.00 | Delivery:  13.8% | Budget Used: 3720.00/4000.0
Ep  715 | Phase: PROTAGO | Ticks: 776 | Protag R: -18534.00 | Antag R: 18163.00 | Delivery:  27.6% | Budget Used: 3720.00/4000.0
Ep  716 | Phase: PROTAGO | Ticks: 794 | Protag R: -13642.00 | Antag R: 13270.00 | Delivery:  21.7% | Budget Used: 3720.00/4000.0
Ep  717 | Phase: PROTAGO | Ticks: 787 | Protag R: -15975.00 | Antag R: 15604.00 | Delivery:  29.3% | Budget Used: 3720.00/4000.0
Ep  718 | Phase: PROTAGO | Ticks: 796 | Protag R: -13996.00 | Antag R: 13625.00 | Delivery:  35.6% | Budget Used: 3720.00/4000.0
Ep  719 | Phase: PROTAGO | Ticks: 775 | Protag R: -14623.00 | Antag R: 14251.00 | Delivery:  30.0% | Budget Used: 3720.00/4000.0
Ep  720 | Phase: PROTAGO | Ticks: 778 | Protag R: -17002.00 | Antag R: 16631.00 | Delivery:  23.7% | Budget Used: 3720.00/4000.0
Ep  721 | Phase: PROTAGO | Ticks: 797 | Protag R: -15008.00 | Antag R: 14636.00 | Delivery:  17.0% | Budget Used: 3720.00/4000.0
Ep  722 | Phase: PROTAGO | Ticks: 775 | Protag R: -14813.00 | Antag R: 14442.00 | Delivery:  21.2% | Budget Used: 3720.00/4000.0
Ep  723 | Phase: PROTAGO | Ticks: 776 | Protag R: -16953.00 | Antag R: 16582.00 | Delivery:  19.2% | Budget Used: 3720.00/4000.0
Ep  724 | Phase: PROTAGO | Ticks: 797 | Protag R: -15822.00 | Antag R: 15451.00 | Delivery:  24.0% | Budget Used: 3720.00/4000.0
Ep  725 | Phase: PROTAGO | Ticks: 797 | Protag R: -16601.00 | Antag R: 16230.00 | Delivery:  23.2% | Budget Used: 3720.00/4000.0
Ep  726 | Phase: PROTAGO | Ticks: 799 | Protag R: -9993.00 | Antag R: 9622.00 | Delivery:  22.5% | Budget Used: 3720.00/4000.0
Ep  727 | Phase: PROTAGO | Ticks: 798 | Protag R: -18112.00 | Antag R: 17741.00 | Delivery:  12.1% | Budget Used: 3720.00/4000.0
Ep  728 | Phase: PROTAGO | Ticks: 796 | Protag R: -14543.00 | Antag R: 14172.00 | Delivery:  18.8% | Budget Used: 3720.00/4000.0
Ep  729 | Phase: PROTAGO | Ticks: 798 | Protag R: -13902.00 | Antag R: 13531.00 | Delivery:  17.8% | Budget Used: 3720.00/4000.0
Ep  730 | Phase: PROTAGO | Ticks: 791 | Protag R: -13040.00 | Antag R: 12669.00 | Delivery:  27.9% | Budget Used: 3720.00/4000.0
Ep  731 | Phase: PROTAGO | Ticks: 785 | Protag R: -12694.00 | Antag R: 12323.00 | Delivery:  26.1% | Budget Used: 3720.00/4000.0
Ep  732 | Phase: PROTAGO | Ticks: 794 | Protag R: -15474.00 | Antag R: 15103.00 | Delivery:  26.0% | Budget Used: 3720.00/4000.0
Ep  733 | Phase: PROTAGO | Ticks: 799 | Protag R: -11439.00 | Antag R: 11068.00 | Delivery:  23.4% | Budget Used: 3720.00/4000.0
Ep  734 | Phase: PROTAGO | Ticks: 775 | Protag R: -16350.00 | Antag R: 15979.00 | Delivery:  23.5% | Budget Used: 3720.00/4000.0
Ep  735 | Phase: PROTAGO | Ticks: 792 | Protag R: -9268.00 | Antag R: 8896.00 | Delivery:  26.3% | Budget Used: 3720.00/4000.0
Ep  736 | Phase: PROTAGO | Ticks: 788 | Protag R: -13252.00 | Antag R: 12881.00 | Delivery:  30.2% | Budget Used: 3720.00/4000.0
Ep  737 | Phase: PROTAGO | Ticks: 798 | Protag R: -18561.00 | Antag R: 18189.00 | Delivery:  26.9% | Budget Used: 3720.00/4000.0
Ep  738 | Phase: PROTAGO | Ticks: 784 | Protag R: -14553.00 | Antag R: 14181.00 | Delivery:  18.9% | Budget Used: 3720.00/4000.0
Ep  739 | Phase: PROTAGO | Ticks: 792 | Protag R: -13022.00 | Antag R: 12650.00 | Delivery:  33.3% | Budget Used: 3720.00/4000.0
Ep  740 | Phase: PROTAGO | Ticks: 797 | Protag R: -9620.00 | Antag R: 9249.00 | Delivery:  37.5% | Budget Used: 3720.00/4000.0
Ep  741 | Phase: PROTAGO | Ticks: 798 | Protag R: -8363.00 | Antag R: 7992.00 | Delivery:  35.0% | Budget Used: 3720.00/4000.0
Ep  742 | Phase: PROTAGO | Ticks: 796 | Protag R: -16784.00 | Antag R: 16413.00 | Delivery:  16.7% | Budget Used: 3720.00/4000.0
Ep  743 | Phase: PROTAGO | Ticks: 795 | Protag R: -9475.00 | Antag R: 9104.00 | Delivery:  34.4% | Budget Used: 3720.00/4000.0
Ep  744 | Phase: PROTAGO | Ticks: 791 | Protag R: -10390.00 | Antag R: 10019.00 | Delivery:  22.5% | Budget Used: 3720.00/4000.0
Ep  745 | Phase: PROTAGO | Ticks: 784 | Protag R: -20125.00 | Antag R: 19754.00 | Delivery:  17.5% | Budget Used: 3720.00/4000.0
Ep  746 | Phase: PROTAGO | Ticks: 789 | Protag R: -7282.00 | Antag R: 6911.00 | Delivery:  24.0% | Budget Used: 3720.00/4000.0
Ep  747 | Phase: PROTAGO | Ticks: 785 | Protag R: -19912.00 | Antag R: 19541.00 | Delivery:  24.1% | Budget Used: 3720.00/4000.0
Ep  748 | Phase: PROTAGO | Ticks: 799 | Protag R: -14343.00 | Antag R: 13972.00 | Delivery:  26.7% | Budget Used: 3720.00/4000.0
Ep  749 | Phase: PROTAGO | Ticks: 788 | Protag R: -11215.00 | Antag R: 10844.00 | Delivery:  30.4% | Budget Used: 3720.00/4000.0
Ep  750 | Phase: PROTAGO | Ticks: 798 | Protag R: -11239.00 | Antag R: 10868.00 | Delivery:  26.2% | Budget Used: 3720.00/4000.0
  [EVAL ep 750] greedy_atk=5366 learned_atk=5923 gap=+557 +/-260 (neg = learned beats greedy under attack)
Saving checkpoints for both agents before phase switch...
Ep  751 | Phase: PROTAGO | Ticks: 785 | Protag R: -17516.00 | Antag R: 17144.00 | Delivery:  18.9% | Budget Used: 3720.00/4000.0
Ep  752 | Phase: PROTAGO | Ticks: 782 | Protag R: -10277.00 | Antag R: 9905.00 | Delivery:  35.3% | Budget Used: 3720.00/4000.0
Ep  753 | Phase: PROTAGO | Ticks: 775 | Protag R: -12595.00 | Antag R: 12224.00 | Delivery:  25.0% | Budget Used: 3720.00/4000.0
Ep  754 | Phase: PROTAGO | Ticks: 797 | Protag R: -11738.00 | Antag R: 11367.00 | Delivery:  23.7% | Budget Used: 3720.00/4000.0
Ep  755 | Phase: PROTAGO | Ticks: 796 | Protag R: -15530.00 | Antag R: 15159.00 | Delivery:  16.4% | Budget Used: 3720.00/4000.0
Ep  756 | Phase: PROTAGO | Ticks: 785 | Protag R: -17949.00 | Antag R: 17578.00 | Delivery:  25.0% | Budget Used: 3720.00/4000.0
Ep  757 | Phase: PROTAGO | Ticks: 797 | Protag R: -12057.00 | Antag R: 11686.00 | Delivery:  32.6% | Budget Used: 3720.00/4000.0
Ep  758 | Phase: PROTAGO | Ticks: 791 | Protag R: -19423.00 | Antag R: 19052.00 | Delivery:  18.0% | Budget Used: 3720.00/4000.0
Ep  759 | Phase: PROTAGO | Ticks: 798 | Protag R: -13280.00 | Antag R: 12908.00 | Delivery:  27.1% | Budget Used: 3720.00/4000.0
Ep  760 | Phase: PROTAGO | Ticks: 775 | Protag R: -15087.00 | Antag R: 14716.00 | Delivery:  24.1% | Budget Used: 3720.00/4000.0
Ep  761 | Phase: PROTAGO | Ticks: 775 | Protag R: -17909.00 | Antag R: 17538.00 | Delivery:  24.2% | Budget Used: 3720.00/4000.0
Ep  762 | Phase: PROTAGO | Ticks: 796 | Protag R: -10969.00 | Antag R: 10598.00 | Delivery:  30.6% | Budget Used: 3720.00/4000.0
Ep  763 | Phase: PROTAGO | Ticks: 776 | Protag R: -13029.00 | Antag R: 12657.00 | Delivery:  21.6% | Budget Used: 3720.00/4000.0
Ep  764 | Phase: PROTAGO | Ticks: 793 | Protag R: -16171.00 | Antag R: 15800.00 | Delivery:  24.5% | Budget Used: 3720.00/4000.0
Ep  765 | Phase: PROTAGO | Ticks: 784 | Protag R: -16779.00 | Antag R: 16408.00 | Delivery:  26.9% | Budget Used: 3720.00/4000.0
Ep  766 | Phase: PROTAGO | Ticks: 798 | Protag R: -10750.00 | Antag R: 10378.00 | Delivery:  29.6% | Budget Used: 3720.00/4000.0
Ep  767 | Phase: PROTAGO | Ticks: 796 | Protag R: -17404.00 | Antag R: 17033.00 | Delivery:  24.1% | Budget Used: 3720.00/4000.0
Ep  768 | Phase: PROTAGO | Ticks: 779 | Protag R: -18058.00 | Antag R: 17687.00 | Delivery:  26.4% | Budget Used: 3720.00/4000.0
Ep  769 | Phase: PROTAGO | Ticks: 798 | Protag R: -14385.00 | Antag R: 14014.00 | Delivery:  20.4% | Budget Used: 3720.00/4000.0
Ep  770 | Phase: PROTAGO | Ticks: 777 | Protag R: -8248.00 | Antag R: 7877.00 | Delivery:  45.2% | Budget Used: 3720.00/4000.0
Ep  771 | Phase: PROTAGO | Ticks: 775 | Protag R: -15014.00 | Antag R: 14643.00 | Delivery:  28.3% | Budget Used: 3720.00/4000.0
Ep  772 | Phase: PROTAGO | Ticks: 796 | Protag R: -13328.00 | Antag R: 12957.00 | Delivery:  22.7% | Budget Used: 3720.00/4000.0
Ep  773 | Phase: PROTAGO | Ticks: 777 | Protag R: -17997.00 | Antag R: 17626.00 | Delivery:  11.3% | Budget Used: 3720.00/4000.0
Ep  774 | Phase: PROTAGO | Ticks: 798 | Protag R: -11305.00 | Antag R: 10933.00 | Delivery:  20.9% | Budget Used: 3720.00/4000.0
Ep  775 | Phase: PROTAGO | Ticks: 775 | Protag R: -12118.00 | Antag R: 11746.00 | Delivery:  21.7% | Budget Used: 3720.00/4000.0
Ep  776 | Phase: PROTAGO | Ticks: 776 | Protag R: -16380.00 | Antag R: 16009.00 | Delivery:  21.1% | Budget Used: 3720.00/4000.0
Ep  777 | Phase: PROTAGO | Ticks: 775 | Protag R: -13421.00 | Antag R: 13050.00 | Delivery:  22.9% | Budget Used: 3720.00/4000.0
Ep  778 | Phase: PROTAGO | Ticks: 783 | Protag R: -14086.00 | Antag R: 13715.00 | Delivery:  27.5% | Budget Used: 3720.00/4000.0
Ep  779 | Phase: PROTAGO | Ticks: 775 | Protag R: -13287.00 | Antag R: 12916.00 | Delivery:  23.3% | Budget Used: 3720.00/4000.0
Ep  780 | Phase: PROTAGO | Ticks: 775 | Protag R: -22967.00 | Antag R: 22596.00 | Delivery:  17.9% | Budget Used: 3720.00/4000.0
Ep  781 | Phase: PROTAGO | Ticks: 798 | Protag R: -9758.00 | Antag R: 9386.00 | Delivery:  24.2% | Budget Used: 3720.00/4000.0
Ep  782 | Phase: PROTAGO | Ticks: 798 | Protag R: -11388.00 | Antag R: 11017.00 | Delivery:  32.6% | Budget Used: 3720.00/4000.0
Ep  783 | Phase: PROTAGO | Ticks: 775 | Protag R: -12150.00 | Antag R: 11779.00 | Delivery:  25.6% | Budget Used: 3720.00/4000.0
Ep  784 | Phase: PROTAGO | Ticks: 775 | Protag R: -13963.00 | Antag R: 13592.00 | Delivery:  22.7% | Budget Used: 3720.00/4000.0
Ep  785 | Phase: PROTAGO | Ticks: 794 | Protag R: -18429.00 | Antag R: 18059.00 | Delivery:  24.5% | Budget Used: 3720.00/4000.0
Ep  786 | Phase: PROTAGO | Ticks: 797 | Protag R: -13022.00 | Antag R: 12651.00 | Delivery:  18.8% | Budget Used: 3720.00/4000.0
Ep  787 | Phase: PROTAGO | Ticks: 794 | Protag R: -16379.00 | Antag R: 16008.00 | Delivery:  21.2% | Budget Used: 3720.00/4000.0
Ep  788 | Phase: PROTAGO | Ticks: 798 | Protag R: -18215.00 | Antag R: 17844.00 | Delivery:  18.2% | Budget Used: 3720.00/4000.0
Ep  789 | Phase: PROTAGO | Ticks: 779 | Protag R: -13325.00 | Antag R: 12954.00 | Delivery:  16.3% | Budget Used: 3720.00/4000.0
Ep  790 | Phase: PROTAGO | Ticks: 782 | Protag R: -13601.00 | Antag R: 13229.00 | Delivery:  27.3% | Budget Used: 3720.00/4000.0
Ep  791 | Phase: PROTAGO | Ticks: 799 | Protag R: -12394.00 | Antag R: 12023.00 | Delivery:  23.8% | Budget Used: 3720.00/4000.0
Ep  792 | Phase: PROTAGO | Ticks: 798 | Protag R: -9787.00 | Antag R: 9415.00 | Delivery:  25.6% | Budget Used: 3720.00/4000.0
Ep  793 | Phase: PROTAGO | Ticks: 796 | Protag R: -18165.00 | Antag R: 17794.00 | Delivery:  13.3% | Budget Used: 3720.00/4000.0
Ep  794 | Phase: PROTAGO | Ticks: 797 | Protag R: -15357.00 | Antag R: 14986.00 | Delivery:  15.7% | Budget Used: 3720.00/4000.0
Ep  795 | Phase: PROTAGO | Ticks: 779 | Protag R: -17051.00 | Antag R: 16680.00 | Delivery:  16.3% | Budget Used: 3720.00/4000.0
Ep  796 | Phase: PROTAGO | Ticks: 775 | Protag R: -16673.00 | Antag R: 16301.00 | Delivery:  23.2% | Budget Used: 3720.00/4000.0
Ep  797 | Phase: PROTAGO | Ticks: 797 | Protag R: -15808.00 | Antag R: 15437.00 | Delivery:  20.4% | Budget Used: 3720.00/4000.0
Ep  798 | Phase: PROTAGO | Ticks: 791 | Protag R: -12417.00 | Antag R: 12046.00 | Delivery:  28.6% | Budget Used: 3720.00/4000.0
Ep  799 | Phase: PROTAGO | Ticks: 796 | Protag R: -10419.00 | Antag R: 10048.00 | Delivery:  34.1% | Budget Used: 3720.00/4000.0
Ep  800 | Phase: PROTAGO | Ticks: 796 | Protag R: -22420.00 | Antag R: 22049.00 | Delivery:  16.7% | Budget Used: 3720.00/4000.0
  [EVAL ep 800] greedy_atk=5366 learned_atk=5708 gap=+343 +/-250 (neg = learned beats greedy under attack)
Saved coevolved protagonist actor to models/runs/gen06_dynassign_matrix/dynassign_scripted_seed0/protagonist/actor.pt
Saved coevolved antagonist actor to models/runs/gen06_dynassign_matrix/dynassign_scripted_seed0/antagonist/actor.pt
Saved copy of protagonist actor as latest to models/protagonist/actor.pt
Saved copy of antagonist actor as latest to models/antagonist/actor.pt

SACRED ATLA Training completed successfully! Logs saved to TensorBoard.
