Seeded run: seed=0
Initializing SACRED Stage-1.5 dynamic assignment (Poisson arrivals, 2 trucks)...
Configuring Protagonist Dispatch Agent...
Configuring Antagonist Congestion Agent...
Initializing ATLA Coevolution Trainer...
Run Name: gen06_dynassign_matrix/vanilla_seed0
Starting SACRED training (mode=vanilla) for 800 episodes...
Device: Protagonist=cpu, Antagonist=cpu
Initial Phase: Training PROTAGONIST

Ep    1 | Phase: PROTAGO | Ticks: 790 | Protag R: -7192.00 | Antag R: 7193.00 | Delivery:  66.0% | Budget Used:  0.00/4000.0
Ep    2 | Phase: PROTAGO | Ticks: 794 | Protag R: -7220.00 | Antag R: 7221.00 | Delivery:  68.1% | Budget Used:  0.00/4000.0
Ep    3 | Phase: PROTAGO | Ticks: 787 | Protag R: -8197.00 | Antag R: 8198.00 | Delivery:  69.6% | Budget Used:  0.00/4000.0
Ep    4 | Phase: PROTAGO | Ticks: 798 | Protag R: -6906.00 | Antag R: 6907.00 | Delivery:  72.1% | Budget Used:  0.00/4000.0
Ep    5 | Phase: PROTAGO | Ticks: 798 | Protag R: -5669.00 | Antag R: 5669.00 | Delivery:  60.4% | Budget Used:  0.00/4000.0
Ep    6 | Phase: PROTAGO | Ticks: 795 | Protag R: -6850.00 | Antag R: 6851.00 | Delivery:  64.0% | Budget Used:  0.00/4000.0
Ep    7 | Phase: PROTAGO | Ticks: 790 | Protag R: -5910.00 | Antag R: 5911.00 | Delivery:  64.6% | Budget Used:  0.00/4000.0
Ep    8 | Phase: PROTAGO | Ticks: 779 | Protag R: -6193.00 | Antag R: 6194.00 | Delivery:  63.8% | Budget Used:  0.00/4000.0
Ep    9 | Phase: PROTAGO | Ticks: 782 | Protag R: -7723.00 | Antag R: 7723.00 | Delivery:  61.2% | Budget Used:  0.00/4000.0
Ep   10 | Phase: PROTAGO | Ticks: 792 | Protag R: -7387.00 | Antag R: 7387.00 | Delivery:  60.0% | Budget Used:  0.00/4000.0
Ep   11 | Phase: PROTAGO | Ticks: 786 | Protag R: -7013.00 | Antag R: 7014.00 | Delivery:  69.6% | Budget Used:  0.00/4000.0
Ep   12 | Phase: PROTAGO | Ticks: 795 | Protag R: -6686.00 | Antag R: 6687.00 | Delivery:  69.6% | Budget Used:  0.00/4000.0
Ep   13 | Phase: PROTAGO | Ticks: 795 | Protag R: -2598.00 | Antag R: 2599.00 | Delivery:  81.6% | Budget Used:  0.00/4000.0
Ep   14 | Phase: PROTAGO | Ticks: 791 | Protag R: -10417.00 | Antag R: 10417.00 | Delivery:  57.4% | Budget Used:  0.00/4000.0
Ep   15 | Phase: PROTAGO | Ticks: 797 | Protag R: -6810.00 | Antag R: 6811.00 | Delivery:  67.4% | Budget Used:  0.00/4000.0
Ep   16 | Phase: PROTAGO | Ticks: 783 | Protag R: -3540.00 | Antag R: 3541.00 | Delivery:  78.0% | Budget Used:  0.00/4000.0
Ep   17 | Phase: PROTAGO | Ticks: 799 | Protag R: -6015.00 | Antag R: 6015.00 | Delivery:  66.7% | Budget Used:  0.00/4000.0
Ep   18 | Phase: PROTAGO | Ticks: 789 | Protag R: -6569.00 | Antag R: 6570.00 | Delivery:  70.5% | Budget Used:  0.00/4000.0
Ep   19 | Phase: PROTAGO | Ticks: 784 | Protag R: -1773.00 | Antag R: 1773.00 | Delivery:  93.8% | Budget Used:  0.00/4000.0
Ep   20 | Phase: PROTAGO | Ticks: 792 | Protag R: -3677.00 | Antag R: 3678.00 | Delivery:  84.2% | Budget Used:  0.00/4000.0
Ep   21 | Phase: PROTAGO | Ticks: 794 | Protag R: -8504.00 | Antag R: 8505.00 | Delivery:  62.7% | Budget Used:  0.00/4000.0
Ep   22 | Phase: PROTAGO | Ticks: 790 | Protag R: -11514.00 | Antag R: 11515.00 | Delivery:  51.6% | Budget Used:  0.00/4000.0
Ep   23 | Phase: PROTAGO | Ticks: 795 | Protag R: -7079.00 | Antag R: 7080.00 | Delivery:  71.4% | Budget Used:  0.00/4000.0
Ep   24 | Phase: PROTAGO | Ticks: 798 | Protag R: -7500.00 | Antag R: 7501.00 | Delivery:  60.4% | Budget Used:  0.00/4000.0
Ep   25 | Phase: PROTAGO | Ticks: 776 | Protag R: -4362.00 | Antag R: 4363.00 | Delivery: 100.0% | Budget Used:  0.00/4000.0
Ep   26 | Phase: PROTAGO | Ticks: 796 | Protag R: -13915.00 | Antag R: 13916.00 | Delivery:  54.1% | Budget Used:  0.00/4000.0
Ep   27 | Phase: PROTAGO | Ticks: 784 | Protag R: -1409.00 | Antag R: 1410.00 | Delivery:  84.4% | Budget Used:  0.00/4000.0
Ep   28 | Phase: PROTAGO | Ticks: 793 | Protag R: -4200.00 | Antag R: 4201.00 | Delivery:  80.0% | Budget Used:  0.00/4000.0
Ep   29 | Phase: PROTAGO | Ticks: 792 | Protag R: -7922.00 | Antag R: 7923.00 | Delivery:  63.5% | Budget Used:  0.00/4000.0
Ep   30 | Phase: PROTAGO | Ticks: 783 | Protag R: -7584.00 | Antag R: 7585.00 | Delivery:  71.1% | Budget Used:  0.00/4000.0
Ep   31 | Phase: PROTAGO | Ticks: 796 | Protag R: -12199.00 | Antag R: 12200.00 | Delivery:  55.2% | Budget Used:  0.00/4000.0
Ep   32 | Phase: PROTAGO | Ticks: 778 | Protag R: -11382.00 | Antag R: 11382.00 | Delivery:  51.7% | Budget Used:  0.00/4000.0
Ep   33 | Phase: PROTAGO | Ticks: 799 | Protag R: -10811.00 | Antag R: 10812.00 | Delivery:  55.2% | Budget Used:  0.00/4000.0
Ep   34 | Phase: PROTAGO | Ticks: 793 | Protag R: -8418.00 | Antag R: 8419.00 | Delivery:  57.1% | Budget Used:  0.00/4000.0
Ep   35 | Phase: PROTAGO | Ticks: 794 | Protag R: -9284.00 | Antag R: 9285.00 | Delivery:  64.0% | Budget Used:  0.00/4000.0
Ep   36 | Phase: PROTAGO | Ticks: 777 | Protag R: -10280.00 | Antag R: 10281.00 | Delivery:  55.4% | Budget Used:  0.00/4000.0
Ep   37 | Phase: PROTAGO | Ticks: 778 | Protag R: -7746.00 | Antag R: 7746.00 | Delivery:  67.4% | Budget Used:  0.00/4000.0
Ep   38 | Phase: PROTAGO | Ticks: 797 | Protag R: -10903.00 | Antag R: 10904.00 | Delivery:  53.3% | Budget Used:  0.00/4000.0
Ep   39 | Phase: PROTAGO | Ticks: 790 | Protag R: -11990.00 | Antag R: 11991.00 | Delivery:  53.3% | Budget Used:  0.00/4000.0
Ep   40 | Phase: PROTAGO | Ticks: 794 | Protag R: -5657.00 | Antag R: 5658.00 | Delivery:  70.2% | Budget Used:  0.00/4000.0
Ep   41 | Phase: PROTAGO | Ticks: 785 | Protag R: -4279.00 | Antag R: 4280.00 | Delivery:  69.8% | Budget Used:  0.00/4000.0
Ep   42 | Phase: PROTAGO | Ticks: 784 | Protag R: -9856.00 | Antag R: 9857.00 | Delivery:  60.8% | Budget Used:  0.00/4000.0
Ep   43 | Phase: PROTAGO | Ticks: 788 | Protag R: -3046.00 | Antag R: 3047.00 | Delivery:  82.9% | Budget Used:  0.00/4000.0
Ep   44 | Phase: PROTAGO | Ticks: 796 | Protag R: -7868.00 | Antag R: 7869.00 | Delivery:  68.8% | Budget Used:  0.00/4000.0
Ep   45 | Phase: PROTAGO | Ticks: 792 | Protag R: -6539.00 | Antag R: 6540.00 | Delivery:  71.1% | Budget Used:  0.00/4000.0
Ep   46 | Phase: PROTAGO | Ticks: 789 | Protag R: -9061.00 | Antag R: 9063.00 | Delivery:  53.3% | Budget Used:  0.00/4000.0
Ep   47 | Phase: PROTAGO | Ticks: 778 | Protag R: -5528.00 | Antag R: 5529.00 | Delivery:  72.7% | Budget Used:  0.00/4000.0
Ep   48 | Phase: PROTAGO | Ticks: 799 | Protag R: -10868.00 | Antag R: 10869.00 | Delivery:  57.4% | Budget Used:  0.00/4000.0
Ep   49 | Phase: PROTAGO | Ticks: 796 | Protag R: -8215.00 | Antag R: 8216.00 | Delivery:  62.7% | Budget Used:  0.00/4000.0
Ep   50 | Phase: PROTAGO | Ticks: 797 | Protag R: -8322.00 | Antag R: 8323.00 | Delivery:  56.1% | Budget Used:  0.00/4000.0
  [EVAL ep 50] greedy_atk=5366 learned_atk=5758 gap=+393 +/-277 (neg = learned beats greedy under attack)
Saving checkpoints for both agents before phase switch...
Ep   51 | Phase: PROTAGO | Ticks: 784 | Protag R: -8792.00 | Antag R: 8793.00 | Delivery:  64.7% | Budget Used:  0.00/4000.0
Ep   52 | Phase: PROTAGO | Ticks: 776 | Protag R: -13140.00 | Antag R: 13141.00 | Delivery:  53.4% | Budget Used:  0.00/4000.0
Ep   53 | Phase: PROTAGO | Ticks: 784 | Protag R: -8900.00 | Antag R: 8901.00 | Delivery:  58.5% | Budget Used:  0.00/4000.0
Ep   54 | Phase: PROTAGO | Ticks: 787 | Protag R: -12118.00 | Antag R: 12119.00 | Delivery:  56.1% | Budget Used:  0.00/4000.0
Ep   55 | Phase: PROTAGO | Ticks: 799 | Protag R: -5924.00 | Antag R: 5924.00 | Delivery:  64.6% | Budget Used:  0.00/4000.0
Ep   56 | Phase: PROTAGO | Ticks: 795 | Protag R: -7229.00 | Antag R: 7230.00 | Delivery:  65.2% | Budget Used:  0.00/4000.0
Ep   57 | Phase: PROTAGO | Ticks: 788 | Protag R: -6365.00 | Antag R: 6366.00 | Delivery:  63.8% | Budget Used:  0.00/4000.0
Ep   58 | Phase: PROTAGO | Ticks: 782 | Protag R: -7971.00 | Antag R: 7971.00 | Delivery:  63.8% | Budget Used:  0.00/4000.0
Ep   59 | Phase: PROTAGO | Ticks: 789 | Protag R: -4279.00 | Antag R: 4280.00 | Delivery:  78.0% | Budget Used:  0.00/4000.0
Ep   60 | Phase: PROTAGO | Ticks: 799 | Protag R: -6509.00 | Antag R: 6509.00 | Delivery:  73.8% | Budget Used:  0.00/4000.0
Ep   61 | Phase: PROTAGO | Ticks: 792 | Protag R: -8215.00 | Antag R: 8216.00 | Delivery:  52.5% | Budget Used:  0.00/4000.0
Ep   62 | Phase: PROTAGO | Ticks: 799 | Protag R: -7297.00 | Antag R: 7298.00 | Delivery:  73.8% | Budget Used:  0.00/4000.0
Ep   63 | Phase: PROTAGO | Ticks: 782 | Protag R: -8725.00 | Antag R: 8725.00 | Delivery:  57.7% | Budget Used:  0.00/4000.0
Ep   64 | Phase: PROTAGO | Ticks: 791 | Protag R: -3862.00 | Antag R: 3863.00 | Delivery:  72.7% | Budget Used:  0.00/4000.0
Ep   65 | Phase: PROTAGO | Ticks: 792 | Protag R: -5470.00 | Antag R: 5471.00 | Delivery:  68.9% | Budget Used:  0.00/4000.0
Ep   66 | Phase: PROTAGO | Ticks: 788 | Protag R: -7168.00 | Antag R: 7169.00 | Delivery:  62.5% | Budget Used:  0.00/4000.0
Ep   67 | Phase: PROTAGO | Ticks: 790 | Protag R: -4133.00 | Antag R: 4133.00 | Delivery:  86.1% | Budget Used:  0.00/4000.0
Ep   68 | Phase: PROTAGO | Ticks: 797 | Protag R: -1031.00 | Antag R: 1032.00 | Delivery:  89.3% | Budget Used:  0.00/4000.0
Ep   69 | Phase: PROTAGO | Ticks: 798 | Protag R: -10951.00 | Antag R: 10951.00 | Delivery:  57.1% | Budget Used:  0.00/4000.0
Ep   70 | Phase: PROTAGO | Ticks: 798 | Protag R: -7862.00 | Antag R: 7862.00 | Delivery:  63.3% | Budget Used:  0.00/4000.0
Ep   71 | Phase: PROTAGO | Ticks: 796 | Protag R: -8843.00 | Antag R: 8844.00 | Delivery:  67.3% | Budget Used:  0.00/4000.0
Ep   72 | Phase: PROTAGO | Ticks: 793 | Protag R: -6733.00 | Antag R: 6733.00 | Delivery:  66.7% | Budget Used:  0.00/4000.0
Ep   73 | Phase: PROTAGO | Ticks: 797 | Protag R: -11322.00 | Antag R: 11323.00 | Delivery:  57.4% | Budget Used:  0.00/4000.0
Ep   74 | Phase: PROTAGO | Ticks: 799 | Protag R: -4433.00 | Antag R: 4434.00 | Delivery:  72.1% | Budget Used:  0.00/4000.0
Ep   75 | Phase: PROTAGO | Ticks: 780 | Protag R: -8837.00 | Antag R: 8838.00 | Delivery:  57.1% | Budget Used:  0.00/4000.0
Ep   76 | Phase: PROTAGO | Ticks: 799 | Protag R: -10841.00 | Antag R: 10842.00 | Delivery:  50.8% | Budget Used:  0.00/4000.0
Ep   77 | Phase: PROTAGO | Ticks: 785 | Protag R: -6115.00 | Antag R: 6116.00 | Delivery:  78.0% | Budget Used:  0.00/4000.0
Ep   78 | Phase: PROTAGO | Ticks: 797 | Protag R: -12922.00 | Antag R: 12924.00 | Delivery:  54.2% | Budget Used:  0.00/4000.0
Ep   79 | Phase: PROTAGO | Ticks: 777 | Protag R: -6346.00 | Antag R: 6347.00 | Delivery:  67.4% | Budget Used:  0.00/4000.0
Ep   80 | Phase: PROTAGO | Ticks: 786 | Protag R: -8104.00 | Antag R: 8106.00 | Delivery:  57.4% | Budget Used:  0.00/4000.0
Ep   81 | Phase: PROTAGO | Ticks: 799 | Protag R: -15380.00 | Antag R: 15381.00 | Delivery:  51.6% | Budget Used:  0.00/4000.0
Ep   82 | Phase: PROTAGO | Ticks: 785 | Protag R: -4827.00 | Antag R: 4828.00 | Delivery:  72.7% | Budget Used:  0.00/4000.0
Ep   83 | Phase: PROTAGO | Ticks: 793 | Protag R: -12867.00 | Antag R: 12868.00 | Delivery:  50.8% | Budget Used:  0.00/4000.0
Ep   84 | Phase: PROTAGO | Ticks: 783 | Protag R: -7050.00 | Antag R: 7051.00 | Delivery:  64.6% | Budget Used:  0.00/4000.0
Ep   85 | Phase: PROTAGO | Ticks: 795 | Protag R: -4751.00 | Antag R: 4752.00 | Delivery:  78.0% | Budget Used:  0.00/4000.0
Ep   86 | Phase: PROTAGO | Ticks: 781 | Protag R: -4548.00 | Antag R: 4548.00 | Delivery:  76.3% | Budget Used:  0.00/4000.0
Ep   87 | Phase: PROTAGO | Ticks: 795 | Protag R: -9314.00 | Antag R: 9314.00 | Delivery:  64.6% | Budget Used:  0.00/4000.0
Ep   88 | Phase: PROTAGO | Ticks: 790 | Protag R: -3821.00 | Antag R: 3822.00 | Delivery:  84.2% | Budget Used:  0.00/4000.0
Ep   89 | Phase: PROTAGO | Ticks: 798 | Protag R: -11387.00 | Antag R: 11388.00 | Delivery:  53.4% | Budget Used:  0.00/4000.0
Ep   90 | Phase: PROTAGO | Ticks: 796 | Protag R: -9305.00 | Antag R: 9306.00 | Delivery:  58.8% | Budget Used:  0.00/4000.0
Ep   91 | Phase: PROTAGO | Ticks: 787 | Protag R: -5625.00 | Antag R: 5626.00 | Delivery:  72.7% | Budget Used:  0.00/4000.0
Ep   92 | Phase: PROTAGO | Ticks: 791 | Protag R: -8128.00 | Antag R: 8129.00 | Delivery:  61.2% | Budget Used:  0.00/4000.0
Ep   93 | Phase: PROTAGO | Ticks: 791 | Protag R: -2626.00 | Antag R: 2627.00 | Delivery:  85.3% | Budget Used:  0.00/4000.0
Ep   94 | Phase: PROTAGO | Ticks: 780 | Protag R: -8747.00 | Antag R: 8748.00 | Delivery:  56.4% | Budget Used:  0.00/4000.0
Ep   95 | Phase: PROTAGO | Ticks: 797 | Protag R: -7471.00 | Antag R: 7472.00 | Delivery:  67.4% | Budget Used:  0.00/4000.0
Ep   96 | Phase: PROTAGO | Ticks: 799 | Protag R: -2655.00 | Antag R: 2656.00 | Delivery:  76.3% | Budget Used:  0.00/4000.0
Ep   97 | Phase: PROTAGO | Ticks: 777 | Protag R: -5573.00 | Antag R: 5574.00 | Delivery:  70.5% | Budget Used:  0.00/4000.0
Ep   98 | Phase: PROTAGO | Ticks: 793 | Protag R: -7101.00 | Antag R: 7102.00 | Delivery:  57.1% | Budget Used:  0.00/4000.0
Ep   99 | Phase: PROTAGO | Ticks: 795 | Protag R: -7468.00 | Antag R: 7469.00 | Delivery:  64.6% | Budget Used:  0.00/4000.0
Ep  100 | Phase: PROTAGO | Ticks: 796 | Protag R: -5060.00 | Antag R: 5060.00 | Delivery:  61.4% | Budget Used:  0.00/4000.0
  [EVAL ep 100] greedy_atk=5366 learned_atk=5760 gap=+395 +/-308 (neg = learned beats greedy under attack)
Saving checkpoints for both agents before phase switch...
Ep  101 | Phase: PROTAGO | Ticks: 798 | Protag R: -4977.00 | Antag R: 4978.00 | Delivery:  76.2% | Budget Used:  0.00/4000.0
Ep  102 | Phase: PROTAGO | Ticks: 795 | Protag R: -7656.00 | Antag R: 7657.00 | Delivery:  54.4% | Budget Used:  0.00/4000.0
Ep  103 | Phase: PROTAGO | Ticks: 787 | Protag R: -4156.00 | Antag R: 4156.00 | Delivery:  69.0% | Budget Used:  0.00/4000.0
Ep  104 | Phase: PROTAGO | Ticks: 799 | Protag R: -9030.00 | Antag R: 9031.00 | Delivery:  66.7% | Budget Used:  0.00/4000.0
Ep  105 | Phase: PROTAGO | Ticks: 795 | Protag R: -10293.00 | Antag R: 10294.00 | Delivery:  59.6% | Budget Used:  0.00/4000.0
Ep  106 | Phase: PROTAGO | Ticks: 797 | Protag R: -6867.00 | Antag R: 6868.00 | Delivery:  66.7% | Budget Used:  0.00/4000.0
Ep  107 | Phase: PROTAGO | Ticks: 794 | Protag R: -10721.00 | Antag R: 10722.00 | Delivery:  57.7% | Budget Used:  0.00/4000.0
Ep  108 | Phase: PROTAGO | Ticks: 797 | Protag R: -6593.00 | Antag R: 6594.00 | Delivery:  69.6% | Budget Used:  0.00/4000.0
Ep  109 | Phase: PROTAGO | Ticks: 792 | Protag R: -4037.00 | Antag R: 4038.00 | Delivery:  80.0% | Budget Used:  0.00/4000.0
Ep  110 | Phase: PROTAGO | Ticks: 798 | Protag R: -6631.00 | Antag R: 6631.00 | Delivery:  68.1% | Budget Used:  0.00/4000.0
Ep  111 | Phase: PROTAGO | Ticks: 790 | Protag R: -7029.00 | Antag R: 7030.00 | Delivery:  68.1% | Budget Used:  0.00/4000.0
Ep  112 | Phase: PROTAGO | Ticks: 788 | Protag R: -6620.00 | Antag R: 6620.00 | Delivery:  66.7% | Budget Used:  0.00/4000.0
Ep  113 | Phase: PROTAGO | Ticks: 798 | Protag R: -4661.00 | Antag R: 4662.00 | Delivery:  80.0% | Budget Used:  0.00/4000.0
Ep  114 | Phase: PROTAGO | Ticks: 786 | Protag R: -6215.00 | Antag R: 6216.00 | Delivery:  64.4% | Budget Used:  0.00/4000.0
Ep  115 | Phase: PROTAGO | Ticks: 794 | Protag R: -7853.00 | Antag R: 7853.00 | Delivery:  61.5% | Budget Used:  0.00/4000.0
Ep  116 | Phase: PROTAGO | Ticks: 796 | Protag R: -5690.00 | Antag R: 5691.00 | Delivery:  73.2% | Budget Used:  0.00/4000.0
Ep  117 | Phase: PROTAGO | Ticks: 785 | Protag R: -5525.00 | Antag R: 5526.00 | Delivery:  72.1% | Budget Used:  0.00/4000.0
Ep  118 | Phase: PROTAGO | Ticks: 795 | Protag R: -8539.00 | Antag R: 8540.00 | Delivery:  59.3% | Budget Used:  0.00/4000.0
Ep  119 | Phase: PROTAGO | Ticks: 782 | Protag R: -10612.00 | Antag R: 10613.00 | Delivery:  56.4% | Budget Used:  0.00/4000.0
Ep  120 | Phase: PROTAGO | Ticks: 781 | Protag R: -9816.00 | Antag R: 9817.00 | Delivery:  57.4% | Budget Used:  0.00/4000.0
Ep  121 | Phase: PROTAGO | Ticks: 796 | Protag R: -12218.00 | Antag R: 12219.00 | Delivery:  56.1% | Budget Used:  0.00/4000.0
Ep  122 | Phase: PROTAGO | Ticks: 795 | Protag R: -9007.00 | Antag R: 9008.00 | Delivery:  61.2% | Budget Used:  0.00/4000.0
Ep  123 | Phase: PROTAGO | Ticks: 791 | Protag R: -10476.00 | Antag R: 10476.00 | Delivery:  56.4% | Budget Used:  0.00/4000.0
Ep  124 | Phase: PROTAGO | Ticks: 782 | Protag R: -7908.00 | Antag R: 7909.00 | Delivery:  58.0% | Budget Used:  0.00/4000.0
Ep  125 | Phase: PROTAGO | Ticks: 790 | Protag R: -8384.00 | Antag R: 8384.00 | Delivery:  59.6% | Budget Used:  0.00/4000.0
Ep  126 | Phase: PROTAGO | Ticks: 788 | Protag R: -5348.00 | Antag R: 5349.00 | Delivery:  78.0% | Budget Used:  0.00/4000.0
Ep  127 | Phase: PROTAGO | Ticks: 795 | Protag R: -6685.00 | Antag R: 6686.00 | Delivery:  61.2% | Budget Used:  0.00/4000.0
Ep  128 | Phase: PROTAGO | Ticks: 792 | Protag R: -11062.00 | Antag R: 11063.00 | Delivery:  56.1% | Budget Used:  0.00/4000.0
Ep  129 | Phase: PROTAGO | Ticks: 796 | Protag R: -7187.00 | Antag R: 7188.00 | Delivery:  68.9% | Budget Used:  0.00/4000.0
Ep  130 | Phase: PROTAGO | Ticks: 796 | Protag R: -9810.00 | Antag R: 9811.00 | Delivery:  58.8% | Budget Used:  0.00/4000.0
Ep  131 | Phase: PROTAGO | Ticks: 778 | Protag R: -1828.00 | Antag R: 1828.00 | Delivery:  89.7% | Budget Used:  0.00/4000.0
Ep  132 | Phase: PROTAGO | Ticks: 790 | Protag R: -3863.00 | Antag R: 3864.00 | Delivery:  73.8% | Budget Used:  0.00/4000.0
Ep  133 | Phase: PROTAGO | Ticks: 796 | Protag R: -5791.00 | Antag R: 5792.00 | Delivery:  70.5% | Budget Used:  0.00/4000.0
Ep  134 | Phase: PROTAGO | Ticks: 796 | Protag R: -6942.00 | Antag R: 6943.00 | Delivery:  64.0% | Budget Used:  0.00/4000.0
Ep  135 | Phase: PROTAGO | Ticks: 792 | Protag R: -4224.00 | Antag R: 4224.00 | Delivery:  66.7% | Budget Used:  0.00/4000.0
Ep  136 | Phase: PROTAGO | Ticks: 799 | Protag R: -8712.00 | Antag R: 8713.00 | Delivery:  60.0% | Budget Used:  0.00/4000.0
Ep  137 | Phase: PROTAGO | Ticks: 786 | Protag R: -7285.00 | Antag R: 7286.00 | Delivery:  72.7% | Budget Used:  0.00/4000.0
Ep  138 | Phase: PROTAGO | Ticks: 783 | Protag R: -4709.00 | Antag R: 4709.00 | Delivery:  73.8% | Budget Used:  0.00/4000.0
Ep  139 | Phase: PROTAGO | Ticks: 798 | Protag R: -9010.00 | Antag R: 9012.00 | Delivery:  62.7% | Budget Used:  0.00/4000.0
Ep  140 | Phase: PROTAGO | Ticks: 784 | Protag R: -4271.00 | Antag R: 4271.00 | Delivery:  69.8% | Budget Used:  0.00/4000.0
Ep  141 | Phase: PROTAGO | Ticks: 795 | Protag R: -7639.00 | Antag R: 7640.00 | Delivery:  62.7% | Budget Used:  0.00/4000.0
Ep  142 | Phase: PROTAGO | Ticks: 781 | Protag R: -8889.00 | Antag R: 8890.00 | Delivery:  62.7% | Budget Used:  0.00/4000.0
Ep  143 | Phase: PROTAGO | Ticks: 795 | Protag R: -8510.00 | Antag R: 8511.00 | Delivery:  65.3% | Budget Used:  0.00/4000.0
Ep  144 | Phase: PROTAGO | Ticks: 785 | Protag R: -5729.00 | Antag R: 5730.00 | Delivery:  73.8% | Budget Used:  0.00/4000.0
Ep  145 | Phase: PROTAGO | Ticks: 790 | Protag R: -7644.00 | Antag R: 7645.00 | Delivery:  57.4% | Budget Used:  0.00/4000.0
Ep  146 | Phase: PROTAGO | Ticks: 793 | Protag R: -5246.00 | Antag R: 5247.00 | Delivery:  69.6% | Budget Used:  0.00/4000.0
Ep  147 | Phase: PROTAGO | Ticks: 797 | Protag R: -5580.00 | Antag R: 5581.00 | Delivery:  63.8% | Budget Used:  0.00/4000.0
Ep  148 | Phase: PROTAGO | Ticks: 799 | Protag R: -7526.00 | Antag R: 7526.00 | Delivery:  70.5% | Budget Used:  0.00/4000.0
Ep  149 | Phase: PROTAGO | Ticks: 795 | Protag R: -10445.00 | Antag R: 10445.00 | Delivery:  58.8% | Budget Used:  0.00/4000.0
Ep  150 | Phase: PROTAGO | Ticks: 798 | Protag R: -2709.00 | Antag R: 2709.00 | Delivery:  74.3% | Budget Used:  0.00/4000.0
  [EVAL ep 150] greedy_atk=5366 learned_atk=5776 gap=+411 +/-308 (neg = learned beats greedy under attack)
Saving checkpoints for both agents before phase switch...
Ep  151 | Phase: PROTAGO | Ticks: 790 | Protag R: -11862.00 | Antag R: 11863.00 | Delivery:  46.4% | Budget Used:  0.00/4000.0
Ep  152 | Phase: PROTAGO | Ticks: 799 | Protag R: -7347.00 | Antag R: 7348.00 | Delivery:  65.3% | Budget Used:  0.00/4000.0
Ep  153 | Phase: PROTAGO | Ticks: 794 | Protag R: -5727.00 | Antag R: 5728.00 | Delivery:  63.3% | Budget Used:  0.00/4000.0
Ep  154 | Phase: PROTAGO | Ticks: 785 | Protag R: -8567.00 | Antag R: 8567.00 | Delivery:  54.5% | Budget Used:  0.00/4000.0
Ep  155 | Phase: PROTAGO | Ticks: 784 | Protag R: -7043.00 | Antag R: 7043.00 | Delivery:  69.6% | Budget Used:  0.00/4000.0
Ep  156 | Phase: PROTAGO | Ticks: 799 | Protag R: -7685.00 | Antag R: 7685.00 | Delivery:  54.9% | Budget Used:  0.00/4000.0
Ep  157 | Phase: PROTAGO | Ticks: 791 | Protag R: -4285.00 | Antag R: 4286.00 | Delivery:  81.6% | Budget Used:  0.00/4000.0
Ep  158 | Phase: PROTAGO | Ticks: 790 | Protag R: -9347.00 | Antag R: 9348.00 | Delivery:  58.2% | Budget Used:  0.00/4000.0
Ep  159 | Phase: PROTAGO | Ticks: 787 | Protag R: -4118.00 | Antag R: 4119.00 | Delivery:  69.8% | Budget Used:  0.00/4000.0
Ep  160 | Phase: PROTAGO | Ticks: 795 | Protag R: -6112.00 | Antag R: 6113.00 | Delivery:  65.2% | Budget Used:  0.00/4000.0
Ep  161 | Phase: PROTAGO | Ticks: 789 | Protag R: -9264.00 | Antag R: 9266.00 | Delivery:  63.5% | Budget Used:  0.00/4000.0
Ep  162 | Phase: PROTAGO | Ticks: 790 | Protag R: -6844.00 | Antag R: 6845.00 | Delivery:  68.1% | Budget Used:  0.00/4000.0
Ep  163 | Phase: PROTAGO | Ticks: 793 | Protag R: -11063.00 | Antag R: 11064.00 | Delivery:  54.2% | Budget Used:  0.00/4000.0
Ep  164 | Phase: PROTAGO | Ticks: 794 | Protag R: -7315.00 | Antag R: 7316.00 | Delivery:  62.7% | Budget Used:  0.00/4000.0
Ep  165 | Phase: PROTAGO | Ticks: 798 | Protag R: -8052.00 | Antag R: 8052.00 | Delivery:  62.5% | Budget Used:  0.00/4000.0
Ep  166 | Phase: PROTAGO | Ticks: 796 | Protag R: -14044.00 | Antag R: 14046.00 | Delivery:  48.5% | Budget Used:  0.00/4000.0
Ep  167 | Phase: PROTAGO | Ticks: 798 | Protag R: -9152.00 | Antag R: 9152.00 | Delivery:  60.8% | Budget Used:  0.00/4000.0
Ep  168 | Phase: PROTAGO | Ticks: 792 | Protag R: -6211.00 | Antag R: 6212.00 | Delivery:  71.1% | Budget Used:  0.00/4000.0
Ep  169 | Phase: PROTAGO | Ticks: 791 | Protag R: -12804.00 | Antag R: 12805.00 | Delivery:  55.4% | Budget Used:  0.00/4000.0
Ep  170 | Phase: PROTAGO | Ticks: 790 | Protag R: -6342.00 | Antag R: 6343.00 | Delivery:  64.4% | Budget Used:  0.00/4000.0
Ep  171 | Phase: PROTAGO | Ticks: 788 | Protag R: -11414.00 | Antag R: 11415.00 | Delivery:  54.2% | Budget Used:  0.00/4000.0
Ep  172 | Phase: PROTAGO | Ticks: 798 | Protag R: -7558.00 | Antag R: 7559.00 | Delivery:  62.7% | Budget Used:  0.00/4000.0
Ep  173 | Phase: PROTAGO | Ticks: 795 | Protag R: -9386.00 | Antag R: 9387.00 | Delivery:  64.6% | Budget Used:  0.00/4000.0
Ep  174 | Phase: PROTAGO | Ticks: 799 | Protag R: -11375.00 | Antag R: 11376.00 | Delivery:  56.1% | Budget Used:  0.00/4000.0
Ep  175 | Phase: PROTAGO | Ticks: 798 | Protag R: -4551.00 | Antag R: 4551.00 | Delivery:  69.0% | Budget Used:  0.00/4000.0
Ep  176 | Phase: PROTAGO | Ticks: 799 | Protag R: -4081.00 | Antag R: 4082.00 | Delivery:  78.0% | Budget Used:  0.00/4000.0
Ep  177 | Phase: PROTAGO | Ticks: 790 | Protag R: -4290.00 | Antag R: 4291.00 | Delivery:  69.8% | Budget Used:  0.00/4000.0
Ep  178 | Phase: PROTAGO | Ticks: 799 | Protag R: -6565.00 | Antag R: 6566.00 | Delivery:  71.1% | Budget Used:  0.00/4000.0
Ep  179 | Phase: PROTAGO | Ticks: 792 | Protag R: -7129.00 | Antag R: 7130.00 | Delivery:  67.4% | Budget Used:  0.00/4000.0
Ep  180 | Phase: PROTAGO | Ticks: 784 | Protag R: -5350.00 | Antag R: 5351.00 | Delivery:  78.0% | Budget Used:  0.00/4000.0
Ep  181 | Phase: PROTAGO | Ticks: 786 | Protag R: -2711.00 | Antag R: 2712.00 | Delivery:  78.9% | Budget Used:  0.00/4000.0
Ep  182 | Phase: PROTAGO | Ticks: 789 | Protag R: -6669.00 | Antag R: 6670.00 | Delivery:  66.7% | Budget Used:  0.00/4000.0
Ep  183 | Phase: PROTAGO | Ticks: 794 | Protag R: -4350.00 | Antag R: 4351.00 | Delivery:  67.4% | Budget Used:  0.00/4000.0
Ep  184 | Phase: PROTAGO | Ticks: 778 | Protag R: -6548.00 | Antag R: 6549.00 | Delivery:  64.6% | Budget Used:  0.00/4000.0
Ep  185 | Phase: PROTAGO | Ticks: 795 | Protag R: -4991.00 | Antag R: 4992.00 | Delivery:  74.4% | Budget Used:  0.00/4000.0
Ep  186 | Phase: PROTAGO | Ticks: 785 | Protag R: -12807.00 | Antag R: 12808.00 | Delivery:  50.0% | Budget Used:  0.00/4000.0
Ep  187 | Phase: PROTAGO | Ticks: 785 | Protag R: -10329.00 | Antag R: 10330.00 | Delivery:  57.1% | Budget Used:  0.00/4000.0
Ep  188 | Phase: PROTAGO | Ticks: 786 | Protag R: -7831.00 | Antag R: 7832.00 | Delivery:  58.2% | Budget Used:  0.00/4000.0
Ep  189 | Phase: PROTAGO | Ticks: 794 | Protag R: -9871.00 | Antag R: 9872.00 | Delivery:  63.3% | Budget Used:  0.00/4000.0
Ep  190 | Phase: PROTAGO | Ticks: 796 | Protag R: -2735.00 | Antag R: 2736.00 | Delivery:  83.8% | Budget Used:  0.00/4000.0
Ep  191 | Phase: PROTAGO | Ticks: 786 | Protag R: -1541.00 | Antag R: 1542.00 | Delivery:  90.6% | Budget Used:  0.00/4000.0
Ep  192 | Phase: PROTAGO | Ticks: 785 | Protag R: -6554.00 | Antag R: 6555.00 | Delivery:  71.1% | Budget Used:  0.00/4000.0
Ep  193 | Phase: PROTAGO | Ticks: 795 | Protag R: -8495.00 | Antag R: 8495.00 | Delivery:  62.5% | Budget Used:  0.00/4000.0
Ep  194 | Phase: PROTAGO | Ticks: 799 | Protag R: -4032.00 | Antag R: 4033.00 | Delivery:  69.6% | Budget Used:  0.00/4000.0
Ep  195 | Phase: PROTAGO | Ticks: 789 | Protag R: -5552.00 | Antag R: 5553.00 | Delivery:  60.0% | Budget Used:  0.00/4000.0
Ep  196 | Phase: PROTAGO | Ticks: 794 | Protag R: -6980.00 | Antag R: 6981.00 | Delivery:  60.4% | Budget Used:  0.00/4000.0
Ep  197 | Phase: PROTAGO | Ticks: 780 | Protag R: -8382.00 | Antag R: 8383.00 | Delivery:  74.4% | Budget Used:  0.00/4000.0
Ep  198 | Phase: PROTAGO | Ticks: 776 | Protag R: -13250.00 | Antag R: 13251.00 | Delivery:  52.5% | Budget Used:  0.00/4000.0
Ep  199 | Phase: PROTAGO | Ticks: 786 | Protag R: -3950.00 | Antag R: 3951.00 | Delivery:  82.1% | Budget Used:  0.00/4000.0
Ep  200 | Phase: PROTAGO | Ticks: 799 | Protag R: -3913.00 | Antag R: 3913.00 | Delivery:  73.7% | Budget Used:  0.00/4000.0
  [EVAL ep 200] greedy_atk=5366 learned_atk=5741 gap=+375 +/-262 (neg = learned beats greedy under attack)
Saving checkpoints for both agents before phase switch...
Ep  201 | Phase: PROTAGO | Ticks: 798 | Protag R: -13793.00 | Antag R: 13794.00 | Delivery:  52.5% | Budget Used:  0.00/4000.0
Ep  202 | Phase: PROTAGO | Ticks: 782 | Protag R: -6214.00 | Antag R: 6215.00 | Delivery:  62.7% | Budget Used:  0.00/4000.0
Ep  203 | Phase: PROTAGO | Ticks: 787 | Protag R: -7902.00 | Antag R: 7903.00 | Delivery:  60.4% | Budget Used:  0.00/4000.0
Ep  204 | Phase: PROTAGO | Ticks: 792 | Protag R: -6549.00 | Antag R: 6550.00 | Delivery:  66.7% | Budget Used:  0.00/4000.0
Ep  205 | Phase: PROTAGO | Ticks: 786 | Protag R: -10801.00 | Antag R: 10802.00 | Delivery:  52.5% | Budget Used:  0.00/4000.0
Ep  206 | Phase: PROTAGO | Ticks: 796 | Protag R: -10304.00 | Antag R: 10305.00 | Delivery:  57.7% | Budget Used:  0.00/4000.0
Ep  207 | Phase: PROTAGO | Ticks: 795 | Protag R: -5586.00 | Antag R: 5587.00 | Delivery:  72.1% | Budget Used:  0.00/4000.0
Ep  208 | Phase: PROTAGO | Ticks: 785 | Protag R: -3956.00 | Antag R: 3957.00 | Delivery:  67.4% | Budget Used:  0.00/4000.0
Ep  209 | Phase: PROTAGO | Ticks: 785 | Protag R: -8934.00 | Antag R: 8935.00 | Delivery:  64.0% | Budget Used:  0.00/4000.0
Ep  210 | Phase: PROTAGO | Ticks: 792 | Protag R: -3219.00 | Antag R: 3220.00 | Delivery:  73.2% | Budget Used:  0.00/4000.0
Ep  211 | Phase: PROTAGO | Ticks: 784 | Protag R: -10443.00 | Antag R: 10444.00 | Delivery:  52.5% | Budget Used:  0.00/4000.0
Ep  212 | Phase: PROTAGO | Ticks: 797 | Protag R: -6326.00 | Antag R: 6327.00 | Delivery:  77.5% | Budget Used:  0.00/4000.0
Ep  213 | Phase: PROTAGO | Ticks: 796 | Protag R: -7026.00 | Antag R: 7027.00 | Delivery:  72.7% | Budget Used:  0.00/4000.0
Ep  214 | Phase: PROTAGO | Ticks: 792 | Protag R: -8686.00 | Antag R: 8687.00 | Delivery:  70.5% | Budget Used:  0.00/4000.0
Ep  215 | Phase: PROTAGO | Ticks: 796 | Protag R: -7035.00 | Antag R: 7035.00 | Delivery:  70.5% | Budget Used:  0.00/4000.0
Ep  216 | Phase: PROTAGO | Ticks: 786 | Protag R: -11428.00 | Antag R: 11429.00 | Delivery:  55.4% | Budget Used:  0.00/4000.0
Ep  217 | Phase: PROTAGO | Ticks: 789 | Protag R: -7932.00 | Antag R: 7933.00 | Delivery:  65.3% | Budget Used:  0.00/4000.0
Ep  218 | Phase: PROTAGO | Ticks: 792 | Protag R: -6076.00 | Antag R: 6077.00 | Delivery:  62.2% | Budget Used:  0.00/4000.0
Ep  219 | Phase: PROTAGO | Ticks: 785 | Protag R: -8100.00 | Antag R: 8100.00 | Delivery:  62.0% | Budget Used:  0.00/4000.0
Ep  220 | Phase: PROTAGO | Ticks: 784 | Protag R: -6003.00 | Antag R: 6004.00 | Delivery:  71.1% | Budget Used:  0.00/4000.0
Ep  221 | Phase: PROTAGO | Ticks: 791 | Protag R: -2567.00 | Antag R: 2568.00 | Delivery:  81.6% | Budget Used:  0.00/4000.0
Ep  222 | Phase: PROTAGO | Ticks: 799 | Protag R: -4667.00 | Antag R: 4668.00 | Delivery:  70.5% | Budget Used:  0.00/4000.0
Ep  223 | Phase: PROTAGO | Ticks: 794 | Protag R: -8594.00 | Antag R: 8595.00 | Delivery:  55.4% | Budget Used:  0.00/4000.0
Ep  224 | Phase: PROTAGO | Ticks: 797 | Protag R: -6466.00 | Antag R: 6466.00 | Delivery:  67.4% | Budget Used:  0.00/4000.0
Ep  225 | Phase: PROTAGO | Ticks: 798 | Protag R: -11594.00 | Antag R: 11595.00 | Delivery:  53.4% | Budget Used:  0.00/4000.0
Ep  226 | Phase: PROTAGO | Ticks: 796 | Protag R: -5860.00 | Antag R: 5861.00 | Delivery:  76.9% | Budget Used:  0.00/4000.0
Ep  227 | Phase: PROTAGO | Ticks: 788 | Protag R: -7537.00 | Antag R: 7538.00 | Delivery:  65.2% | Budget Used:  0.00/4000.0
Ep  228 | Phase: PROTAGO | Ticks: 778 | Protag R: -1537.00 | Antag R: 1538.00 | Delivery:  87.5% | Budget Used:  0.00/4000.0
Ep  229 | Phase: PROTAGO | Ticks: 797 | Protag R: -6063.00 | Antag R: 6064.00 | Delivery:  64.6% | Budget Used:  0.00/4000.0
Ep  230 | Phase: PROTAGO | Ticks: 795 | Protag R: -9321.00 | Antag R: 9322.00 | Delivery:  61.5% | Budget Used:  0.00/4000.0
Ep  231 | Phase: PROTAGO | Ticks: 788 | Protag R: -8531.00 | Antag R: 8532.00 | Delivery:  56.4% | Budget Used:  0.00/4000.0
Ep  232 | Phase: PROTAGO | Ticks: 794 | Protag R: -11147.00 | Antag R: 11148.00 | Delivery:  64.6% | Budget Used:  0.00/4000.0
Ep  233 | Phase: PROTAGO | Ticks: 786 | Protag R: -6142.00 | Antag R: 6143.00 | Delivery:  76.2% | Budget Used:  0.00/4000.0
Ep  234 | Phase: PROTAGO | Ticks: 785 | Protag R: -7223.00 | Antag R: 7224.00 | Delivery:  60.4% | Budget Used:  0.00/4000.0
Ep  235 | Phase: PROTAGO | Ticks: 798 | Protag R: -6813.00 | Antag R: 6814.00 | Delivery:  71.1% | Budget Used:  0.00/4000.0
Ep  236 | Phase: PROTAGO | Ticks: 794 | Protag R: -9346.00 | Antag R: 9347.00 | Delivery:  56.1% | Budget Used:  0.00/4000.0
Ep  237 | Phase: PROTAGO | Ticks: 782 | Protag R: -9109.00 | Antag R: 9109.00 | Delivery:  58.0% | Budget Used:  0.00/4000.0
Ep  238 | Phase: PROTAGO | Ticks: 799 | Protag R: -7576.00 | Antag R: 7577.00 | Delivery:  56.1% | Budget Used:  0.00/4000.0
Ep  239 | Phase: PROTAGO | Ticks: 786 | Protag R: -8480.00 | Antag R: 8481.00 | Delivery:  62.0% | Budget Used:  0.00/4000.0
Ep  240 | Phase: PROTAGO | Ticks: 784 | Protag R: -11434.00 | Antag R: 11435.00 | Delivery:  55.4% | Budget Used:  0.00/4000.0
Ep  241 | Phase: PROTAGO | Ticks: 796 | Protag R: -10056.00 | Antag R: 10056.00 | Delivery:  54.4% | Budget Used:  0.00/4000.0
Ep  242 | Phase: PROTAGO | Ticks: 799 | Protag R: -7278.00 | Antag R: 7279.00 | Delivery:  72.7% | Budget Used:  0.00/4000.0
Ep  243 | Phase: PROTAGO | Ticks: 794 | Protag R: -11821.00 | Antag R: 11821.00 | Delivery:  49.2% | Budget Used:  0.00/4000.0
Ep  244 | Phase: PROTAGO | Ticks: 785 | Protag R: -6340.00 | Antag R: 6341.00 | Delivery:  68.9% | Budget Used:  0.00/4000.0
Ep  245 | Phase: PROTAGO | Ticks: 795 | Protag R: -2675.00 | Antag R: 2676.00 | Delivery:  80.0% | Budget Used:  0.00/4000.0
Ep  246 | Phase: PROTAGO | Ticks: 789 | Protag R: -3957.00 | Antag R: 3957.00 | Delivery:  83.3% | Budget Used:  0.00/4000.0
Ep  247 | Phase: PROTAGO | Ticks: 799 | Protag R: -5430.00 | Antag R: 5431.00 | Delivery:  66.7% | Budget Used:  0.00/4000.0
Ep  248 | Phase: PROTAGO | Ticks: 790 | Protag R: -6182.00 | Antag R: 6183.00 | Delivery:  56.4% | Budget Used:  0.00/4000.0
Ep  249 | Phase: PROTAGO | Ticks: 788 | Protag R: -10892.00 | Antag R: 10893.00 | Delivery:  57.4% | Budget Used:  0.00/4000.0
Ep  250 | Phase: PROTAGO | Ticks: 792 | Protag R: -4211.00 | Antag R: 4212.00 | Delivery:  70.5% | Budget Used:  0.00/4000.0
  [EVAL ep 250] greedy_atk=5366 learned_atk=5752 gap=+387 +/-270 (neg = learned beats greedy under attack)
Saving checkpoints for both agents before phase switch...
Ep  251 | Phase: PROTAGO | Ticks: 793 | Protag R: -8065.00 | Antag R: 8066.00 | Delivery:  63.5% | Budget Used:  0.00/4000.0
Ep  252 | Phase: PROTAGO | Ticks: 793 | Protag R: -6141.00 | Antag R: 6142.00 | Delivery:  70.5% | Budget Used:  0.00/4000.0
Ep  253 | Phase: PROTAGO | Ticks: 790 | Protag R: -7024.00 | Antag R: 7025.00 | Delivery:  71.1% | Budget Used:  0.00/4000.0
Ep  254 | Phase: PROTAGO | Ticks: 782 | Protag R: -4411.00 | Antag R: 4411.00 | Delivery:  75.6% | Budget Used:  0.00/4000.0
Ep  255 | Phase: PROTAGO | Ticks: 790 | Protag R: -9471.00 | Antag R: 9471.00 | Delivery:  60.8% | Budget Used:  0.00/4000.0
Ep  256 | Phase: PROTAGO | Ticks: 790 | Protag R: -4567.00 | Antag R: 4568.00 | Delivery:  80.0% | Budget Used:  0.00/4000.0
Ep  257 | Phase: PROTAGO | Ticks: 790 | Protag R: -13756.00 | Antag R: 13757.00 | Delivery:  50.0% | Budget Used:  0.00/4000.0
Ep  258 | Phase: PROTAGO | Ticks: 799 | Protag R: -8104.00 | Antag R: 8105.00 | Delivery:  62.7% | Budget Used:  0.00/4000.0
Ep  259 | Phase: PROTAGO | Ticks: 793 | Protag R: -4442.00 | Antag R: 4442.00 | Delivery:  72.1% | Budget Used:  0.00/4000.0
Ep  260 | Phase: PROTAGO | Ticks: 794 | Protag R: -8977.00 | Antag R: 8978.00 | Delivery:  72.7% | Budget Used:  0.00/4000.0
Ep  261 | Phase: PROTAGO | Ticks: 793 | Protag R: -6662.00 | Antag R: 6663.00 | Delivery:  68.1% | Budget Used:  0.00/4000.0
Ep  262 | Phase: PROTAGO | Ticks: 794 | Protag R: -5940.00 | Antag R: 5941.00 | Delivery:  65.3% | Budget Used:  0.00/4000.0
Ep  263 | Phase: PROTAGO | Ticks: 798 | Protag R: -6575.00 | Antag R: 6576.00 | Delivery:  69.6% | Budget Used:  0.00/4000.0
Ep  264 | Phase: PROTAGO | Ticks: 790 | Protag R: -6125.00 | Antag R: 6125.00 | Delivery:  63.8% | Budget Used:  0.00/4000.0
Ep  265 | Phase: PROTAGO | Ticks: 780 | Protag R: -1767.00 | Antag R: 1768.00 | Delivery:  80.6% | Budget Used:  0.00/4000.0
Ep  266 | Phase: PROTAGO | Ticks: 793 | Protag R: -7554.00 | Antag R: 7555.00 | Delivery:  62.7% | Budget Used:  0.00/4000.0
Ep  267 | Phase: PROTAGO | Ticks: 791 | Protag R: -15837.00 | Antag R: 15838.00 | Delivery:  50.0% | Budget Used:  0.00/4000.0
Ep  268 | Phase: PROTAGO | Ticks: 795 | Protag R: -3419.00 | Antag R: 3419.00 | Delivery:  76.9% | Budget Used:  0.00/4000.0
Ep  269 | Phase: PROTAGO | Ticks: 787 | Protag R: -3973.00 | Antag R: 3974.00 | Delivery:  68.3% | Budget Used:  0.00/4000.0
Ep  270 | Phase: PROTAGO | Ticks: 798 | Protag R: -8303.00 | Antag R: 8304.00 | Delivery:  62.0% | Budget Used:  0.00/4000.0
Ep  271 | Phase: PROTAGO | Ticks: 786 | Protag R: -6185.00 | Antag R: 6186.00 | Delivery:  66.7% | Budget Used:  0.00/4000.0
Ep  272 | Phase: PROTAGO | Ticks: 783 | Protag R: -5349.00 | Antag R: 5350.00 | Delivery:  63.8% | Budget Used:  0.00/4000.0
Ep  273 | Phase: PROTAGO | Ticks: 792 | Protag R: -7077.00 | Antag R: 7078.00 | Delivery:  66.7% | Budget Used:  0.00/4000.0
Ep  274 | Phase: PROTAGO | Ticks: 795 | Protag R: -10233.00 | Antag R: 10234.00 | Delivery:  54.5% | Budget Used:  0.00/4000.0
Ep  275 | Phase: PROTAGO | Ticks: 795 | Protag R: -10375.00 | Antag R: 10376.00 | Delivery:  51.7% | Budget Used:  0.00/4000.0
Ep  276 | Phase: PROTAGO | Ticks: 795 | Protag R: -11050.00 | Antag R: 11050.00 | Delivery:  58.5% | Budget Used:  0.00/4000.0
Ep  277 | Phase: PROTAGO | Ticks: 784 | Protag R: -6906.00 | Antag R: 6907.00 | Delivery:  55.4% | Budget Used:  0.00/4000.0
Ep  278 | Phase: PROTAGO | Ticks: 782 | Protag R: -4586.00 | Antag R: 4587.00 | Delivery:  73.8% | Budget Used:  0.00/4000.0
Ep  279 | Phase: PROTAGO | Ticks: 790 | Protag R: -4227.00 | Antag R: 4228.00 | Delivery:  81.6% | Budget Used:  0.00/4000.0
Ep  280 | Phase: PROTAGO | Ticks: 798 | Protag R: -8536.00 | Antag R: 8537.00 | Delivery:  63.3% | Budget Used:  0.00/4000.0
Ep  281 | Phase: PROTAGO | Ticks: 786 | Protag R: -10979.00 | Antag R: 10980.00 | Delivery:  56.4% | Budget Used:  0.00/4000.0
Ep  282 | Phase: PROTAGO | Ticks: 795 | Protag R: -3296.00 | Antag R: 3297.00 | Delivery:  83.8% | Budget Used:  0.00/4000.0
Ep  283 | Phase: PROTAGO | Ticks: 792 | Protag R: -8332.00 | Antag R: 8333.00 | Delivery:  62.7% | Budget Used:  0.00/4000.0
Ep  284 | Phase: PROTAGO | Ticks: 799 | Protag R: -4682.00 | Antag R: 4682.00 | Delivery:  81.6% | Budget Used:  0.00/4000.0
Ep  285 | Phase: PROTAGO | Ticks: 799 | Protag R: -5977.00 | Antag R: 5978.00 | Delivery:  62.5% | Budget Used:  0.00/4000.0
Ep  286 | Phase: PROTAGO | Ticks: 797 | Protag R: -9704.00 | Antag R: 9704.00 | Delivery:  54.2% | Budget Used:  0.00/4000.0
Ep  287 | Phase: PROTAGO | Ticks: 788 | Protag R: -5188.00 | Antag R: 5189.00 | Delivery:  72.7% | Budget Used:  0.00/4000.0
Ep  288 | Phase: PROTAGO | Ticks: 798 | Protag R: -7838.00 | Antag R: 7838.00 | Delivery:  56.6% | Budget Used:  0.00/4000.0
Ep  289 | Phase: PROTAGO | Ticks: 781 | Protag R: -7406.00 | Antag R: 7407.00 | Delivery:  58.2% | Budget Used:  0.00/4000.0
Ep  290 | Phase: PROTAGO | Ticks: 798 | Protag R: -4487.00 | Antag R: 4488.00 | Delivery:  83.8% | Budget Used:  0.00/4000.0
Ep  291 | Phase: PROTAGO | Ticks: 794 | Protag R: -7328.00 | Antag R: 7328.00 | Delivery:  61.2% | Budget Used:  0.00/4000.0
Ep  292 | Phase: PROTAGO | Ticks: 791 | Protag R: -13259.00 | Antag R: 13260.00 | Delivery:  51.6% | Budget Used:  0.00/4000.0
Ep  293 | Phase: PROTAGO | Ticks: 784 | Protag R: -5044.00 | Antag R: 5045.00 | Delivery:  69.0% | Budget Used:  0.00/4000.0
Ep  294 | Phase: PROTAGO | Ticks: 791 | Protag R: -5750.00 | Antag R: 5751.00 | Delivery:  64.0% | Budget Used:  0.00/4000.0
Ep  295 | Phase: PROTAGO | Ticks: 794 | Protag R: -8790.00 | Antag R: 8791.00 | Delivery:  58.2% | Budget Used:  0.00/4000.0
Ep  296 | Phase: PROTAGO | Ticks: 785 | Protag R: -7268.00 | Antag R: 7269.00 | Delivery:  60.8% | Budget Used:  0.00/4000.0
Ep  297 | Phase: PROTAGO | Ticks: 789 | Protag R: -8110.00 | Antag R: 8110.00 | Delivery:  63.3% | Budget Used:  0.00/4000.0
Ep  298 | Phase: PROTAGO | Ticks: 792 | Protag R: -3378.00 | Antag R: 3378.00 | Delivery:  83.8% | Budget Used:  0.00/4000.0
Ep  299 | Phase: PROTAGO | Ticks: 792 | Protag R: -5075.00 | Antag R: 5075.00 | Delivery:  66.7% | Budget Used:  0.00/4000.0
Ep  300 | Phase: PROTAGO | Ticks: 790 | Protag R: -11852.00 | Antag R: 11852.00 | Delivery:  56.6% | Budget Used:  0.00/4000.0
  [EVAL ep 300] greedy_atk=5366 learned_atk=5733 gap=+367 +/-251 (neg = learned beats greedy under attack)
Saving checkpoints for both agents before phase switch...
Ep  301 | Phase: PROTAGO | Ticks: 792 | Protag R: -3950.00 | Antag R: 3951.00 | Delivery:  78.0% | Budget Used:  0.00/4000.0
Ep  302 | Phase: PROTAGO | Ticks: 786 | Protag R: -10912.00 | Antag R: 10913.00 | Delivery:  55.6% | Budget Used:  0.00/4000.0
Ep  303 | Phase: PROTAGO | Ticks: 799 | Protag R: -7167.00 | Antag R: 7168.00 | Delivery:  68.1% | Budget Used:  0.00/4000.0
Ep  304 | Phase: PROTAGO | Ticks: 794 | Protag R: -7990.00 | Antag R: 7991.00 | Delivery:  51.7% | Budget Used:  0.00/4000.0
Ep  305 | Phase: PROTAGO | Ticks: 784 | Protag R: -5733.00 | Antag R: 5734.00 | Delivery:  69.8% | Budget Used:  0.00/4000.0
Ep  306 | Phase: PROTAGO | Ticks: 798 | Protag R: -3878.00 | Antag R: 3879.00 | Delivery:  80.0% | Budget Used:  0.00/4000.0
Ep  307 | Phase: PROTAGO | Ticks: 792 | Protag R: -8390.00 | Antag R: 8391.00 | Delivery:  64.0% | Budget Used:  0.00/4000.0
Ep  308 | Phase: PROTAGO | Ticks: 782 | Protag R: -8411.00 | Antag R: 8412.00 | Delivery:  57.7% | Budget Used:  0.00/4000.0
Ep  309 | Phase: PROTAGO | Ticks: 794 | Protag R: -8968.00 | Antag R: 8969.00 | Delivery:  61.5% | Budget Used:  0.00/4000.0
Ep  310 | Phase: PROTAGO | Ticks: 799 | Protag R: -6725.00 | Antag R: 6725.00 | Delivery:  69.8% | Budget Used:  0.00/4000.0
Ep  311 | Phase: PROTAGO | Ticks: 797 | Protag R: -6169.00 | Antag R: 6170.00 | Delivery:  69.6% | Budget Used:  0.00/4000.0
Ep  312 | Phase: PROTAGO | Ticks: 792 | Protag R: -3227.00 | Antag R: 3227.00 | Delivery:  78.9% | Budget Used:  0.00/4000.0
Ep  313 | Phase: PROTAGO | Ticks: 792 | Protag R: -6007.00 | Antag R: 6008.00 | Delivery:  68.1% | Budget Used:  0.00/4000.0
Ep  314 | Phase: PROTAGO | Ticks: 794 | Protag R: -10880.00 | Antag R: 10881.00 | Delivery:  54.4% | Budget Used:  0.00/4000.0
Ep  315 | Phase: PROTAGO | Ticks: 793 | Protag R: -9942.00 | Antag R: 9943.00 | Delivery:  63.5% | Budget Used:  0.00/4000.0
Ep  316 | Phase: PROTAGO | Ticks: 793 | Protag R: -11342.00 | Antag R: 11343.00 | Delivery:  61.5% | Budget Used:  0.00/4000.0
Ep  317 | Phase: PROTAGO | Ticks: 798 | Protag R: -5751.00 | Antag R: 5752.00 | Delivery:  73.8% | Budget Used:  0.00/4000.0
Ep  318 | Phase: PROTAGO | Ticks: 799 | Protag R: -8993.00 | Antag R: 8994.00 | Delivery:  54.2% | Budget Used:  0.00/4000.0
Ep  319 | Phase: PROTAGO | Ticks: 784 | Protag R: -6678.00 | Antag R: 6679.00 | Delivery:  68.1% | Budget Used:  0.00/4000.0
Ep  320 | Phase: PROTAGO | Ticks: 791 | Protag R: -5176.00 | Antag R: 5177.00 | Delivery:  79.5% | Budget Used:  0.00/4000.0
Ep  321 | Phase: PROTAGO | Ticks: 799 | Protag R: -4190.00 | Antag R: 4191.00 | Delivery:  80.0% | Budget Used:  0.00/4000.0
Ep  322 | Phase: PROTAGO | Ticks: 795 | Protag R: -1777.00 | Antag R: 1778.00 | Delivery:  90.9% | Budget Used:  0.00/4000.0
Ep  323 | Phase: PROTAGO | Ticks: 798 | Protag R: -13469.00 | Antag R: 13470.00 | Delivery:  54.2% | Budget Used:  0.00/4000.0
Ep  324 | Phase: PROTAGO | Ticks: 793 | Protag R: -6779.00 | Antag R: 6780.00 | Delivery:  86.5% | Budget Used:  0.00/4000.0
Ep  325 | Phase: PROTAGO | Ticks: 791 | Protag R: -6942.00 | Antag R: 6943.00 | Delivery:  66.7% | Budget Used:  0.00/4000.0
Ep  326 | Phase: PROTAGO | Ticks: 795 | Protag R: -12122.00 | Antag R: 12123.00 | Delivery:  64.0% | Budget Used:  0.00/4000.0
Ep  327 | Phase: PROTAGO | Ticks: 798 | Protag R: -5738.00 | Antag R: 5739.00 | Delivery:  60.0% | Budget Used:  0.00/4000.0
Ep  328 | Phase: PROTAGO | Ticks: 799 | Protag R: -6920.00 | Antag R: 6921.00 | Delivery:  64.6% | Budget Used:  0.00/4000.0
Ep  329 | Phase: PROTAGO | Ticks: 790 | Protag R: -3318.00 | Antag R: 3318.00 | Delivery:  83.3% | Budget Used:  0.00/4000.0
Ep  330 | Phase: PROTAGO | Ticks: 796 | Protag R: -5424.00 | Antag R: 5425.00 | Delivery:  63.8% | Budget Used:  0.00/4000.0
Ep  331 | Phase: PROTAGO | Ticks: 798 | Protag R: -7273.00 | Antag R: 7274.00 | Delivery:  60.8% | Budget Used:  0.00/4000.0
Ep  332 | Phase: PROTAGO | Ticks: 788 | Protag R: -7774.00 | Antag R: 7774.00 | Delivery:  60.0% | Budget Used:  0.00/4000.0
Ep  333 | Phase: PROTAGO | Ticks: 787 | Protag R: -3836.00 | Antag R: 3836.00 | Delivery:  82.4% | Budget Used:  0.00/4000.0
Ep  334 | Phase: PROTAGO | Ticks: 775 | Protag R: -1089.00 | Antag R: 1090.00 | Delivery: 100.0% | Budget Used:  0.00/4000.0
Ep  335 | Phase: PROTAGO | Ticks: 788 | Protag R: -9841.00 | Antag R: 9842.00 | Delivery:  53.3% | Budget Used:  0.00/4000.0
Ep  336 | Phase: PROTAGO | Ticks: 784 | Protag R: -2901.00 | Antag R: 2902.00 | Delivery:  82.4% | Budget Used:  0.00/4000.0
Ep  337 | Phase: PROTAGO | Ticks: 792 | Protag R: -3968.00 | Antag R: 3969.00 | Delivery:  86.5% | Budget Used:  0.00/4000.0
Ep  338 | Phase: PROTAGO | Ticks: 797 | Protag R: -11524.00 | Antag R: 11525.00 | Delivery:  51.6% | Budget Used:  0.00/4000.0
Ep  339 | Phase: PROTAGO | Ticks: 795 | Protag R: -11397.00 | Antag R: 11398.00 | Delivery:  58.2% | Budget Used:  0.00/4000.0
Ep  340 | Phase: PROTAGO | Ticks: 799 | Protag R: -5684.00 | Antag R: 5685.00 | Delivery:  66.0% | Budget Used:  0.00/4000.0
Ep  341 | Phase: PROTAGO | Ticks: 782 | Protag R: -11310.00 | Antag R: 11310.00 | Delivery:  50.0% | Budget Used:  0.00/4000.0
Ep  342 | Phase: PROTAGO | Ticks: 784 | Protag R: -9019.00 | Antag R: 9019.00 | Delivery:  56.9% | Budget Used:  0.00/4000.0
Ep  343 | Phase: PROTAGO | Ticks: 785 | Protag R: -11851.00 | Antag R: 11852.00 | Delivery:  54.2% | Budget Used:  0.00/4000.0
Ep  344 | Phase: PROTAGO | Ticks: 783 | Protag R: -14260.00 | Antag R: 14261.00 | Delivery:  50.0% | Budget Used:  0.00/4000.0
Ep  345 | Phase: PROTAGO | Ticks: 798 | Protag R: -3698.00 | Antag R: 3698.00 | Delivery:  77.5% | Budget Used:  0.00/4000.0
Ep  346 | Phase: PROTAGO | Ticks: 795 | Protag R: -8392.00 | Antag R: 8393.00 | Delivery:  65.3% | Budget Used:  0.00/4000.0
Ep  347 | Phase: PROTAGO | Ticks: 797 | Protag R: -6080.00 | Antag R: 6081.00 | Delivery:  76.2% | Budget Used:  0.00/4000.0
Ep  348 | Phase: PROTAGO | Ticks: 793 | Protag R: -6559.00 | Antag R: 6560.00 | Delivery:  73.8% | Budget Used:  0.00/4000.0
Ep  349 | Phase: PROTAGO | Ticks: 776 | Protag R: -3687.00 | Antag R: 3688.00 | Delivery:  71.1% | Budget Used:  0.00/4000.0
Ep  350 | Phase: PROTAGO | Ticks: 789 | Protag R: -5403.00 | Antag R: 5405.00 | Delivery:  76.2% | Budget Used:  0.00/4000.0
  [EVAL ep 350] greedy_atk=5366 learned_atk=5888 gap=+522 +/-307 (neg = learned beats greedy under attack)
Saving checkpoints for both agents before phase switch...
Ep  351 | Phase: PROTAGO | Ticks: 786 | Protag R: -13803.00 | Antag R: 13804.00 | Delivery:  50.0% | Budget Used:  0.00/4000.0
Ep  352 | Phase: PROTAGO | Ticks: 777 | Protag R: -9132.00 | Antag R: 9133.00 | Delivery:  60.4% | Budget Used:  0.00/4000.0
Ep  353 | Phase: PROTAGO | Ticks: 786 | Protag R: -3441.00 | Antag R: 3442.00 | Delivery:  74.4% | Budget Used:  0.00/4000.0
Ep  354 | Phase: PROTAGO | Ticks: 791 | Protag R: -9023.00 | Antag R: 9024.00 | Delivery:  62.7% | Budget Used:  0.00/4000.0
Ep  355 | Phase: PROTAGO | Ticks: 796 | Protag R: -12196.00 | Antag R: 12197.00 | Delivery:  59.3% | Budget Used:  0.00/4000.0
Ep  356 | Phase: PROTAGO | Ticks: 799 | Protag R: -3779.00 | Antag R: 3780.00 | Delivery:  81.6% | Budget Used:  0.00/4000.0
Ep  357 | Phase: PROTAGO | Ticks: 799 | Protag R: -5997.00 | Antag R: 5998.00 | Delivery:  76.2% | Budget Used:  0.00/4000.0
Ep  358 | Phase: PROTAGO | Ticks: 793 | Protag R: -5683.00 | Antag R: 5684.00 | Delivery:  76.2% | Budget Used:  0.00/4000.0
Ep  359 | Phase: PROTAGO | Ticks: 778 | Protag R: -6614.00 | Antag R: 6614.00 | Delivery:  66.7% | Budget Used:  0.00/4000.0
Ep  360 | Phase: PROTAGO | Ticks: 793 | Protag R: -9341.00 | Antag R: 9341.00 | Delivery:  58.5% | Budget Used:  0.00/4000.0
Ep  361 | Phase: PROTAGO | Ticks: 797 | Protag R: -10589.00 | Antag R: 10591.00 | Delivery:  55.2% | Budget Used:  0.00/4000.0
Ep  362 | Phase: PROTAGO | Ticks: 799 | Protag R: -3721.00 | Antag R: 3722.00 | Delivery:  76.7% | Budget Used:  0.00/4000.0
Ep  363 | Phase: PROTAGO | Ticks: 785 | Protag R: -5652.00 | Antag R: 5653.00 | Delivery:  72.7% | Budget Used:  0.00/4000.0
Ep  364 | Phase: PROTAGO | Ticks: 785 | Protag R: -6457.00 | Antag R: 6457.00 | Delivery:  60.4% | Budget Used:  0.00/4000.0
Ep  365 | Phase: PROTAGO | Ticks: 796 | Protag R: -7912.00 | Antag R: 7913.00 | Delivery:  58.5% | Budget Used:  0.00/4000.0
Ep  366 | Phase: PROTAGO | Ticks: 789 | Protag R: -8610.00 | Antag R: 8611.00 | Delivery:  56.6% | Budget Used:  0.00/4000.0
Ep  367 | Phase: PROTAGO | Ticks: 796 | Protag R: -5889.00 | Antag R: 5890.00 | Delivery:  59.2% | Budget Used:  0.00/4000.0
Ep  368 | Phase: PROTAGO | Ticks: 797 | Protag R: -8101.00 | Antag R: 8102.00 | Delivery:  57.4% | Budget Used:  0.00/4000.0
Ep  369 | Phase: PROTAGO | Ticks: 790 | Protag R: -6041.00 | Antag R: 6042.00 | Delivery:  62.0% | Budget Used:  0.00/4000.0
Ep  370 | Phase: PROTAGO | Ticks: 791 | Protag R: -13284.00 | Antag R: 13285.00 | Delivery:  55.2% | Budget Used:  0.00/4000.0
Ep  371 | Phase: PROTAGO | Ticks: 793 | Protag R: -7016.00 | Antag R: 7017.00 | Delivery:  61.7% | Budget Used:  0.00/4000.0
Ep  372 | Phase: PROTAGO | Ticks: 793 | Protag R: -6967.00 | Antag R: 6968.00 | Delivery:  67.4% | Budget Used:  0.00/4000.0
Ep  373 | Phase: PROTAGO | Ticks: 797 | Protag R: -4603.00 | Antag R: 4603.00 | Delivery:  76.3% | Budget Used:  0.00/4000.0
Ep  374 | Phase: PROTAGO | Ticks: 785 | Protag R: -10538.00 | Antag R: 10539.00 | Delivery:  64.0% | Budget Used:  0.00/4000.0
Ep  375 | Phase: PROTAGO | Ticks: 797 | Protag R: -5055.00 | Antag R: 5056.00 | Delivery:  73.8% | Budget Used:  0.00/4000.0
Ep  376 | Phase: PROTAGO | Ticks: 795 | Protag R: -9489.00 | Antag R: 9490.00 | Delivery:  63.3% | Budget Used:  0.00/4000.0
Ep  377 | Phase: PROTAGO | Ticks: 799 | Protag R: -9943.00 | Antag R: 9944.00 | Delivery:  58.5% | Budget Used:  0.00/4000.0
Ep  378 | Phase: PROTAGO | Ticks: 785 | Protag R: -2195.00 | Antag R: 2196.00 | Delivery:  79.4% | Budget Used:  0.00/4000.0
Ep  379 | Phase: PROTAGO | Ticks: 790 | Protag R: -8193.00 | Antag R: 8193.00 | Delivery:  57.7% | Budget Used:  0.00/4000.0
Ep  380 | Phase: PROTAGO | Ticks: 787 | Protag R: -12221.00 | Antag R: 12221.00 | Delivery:  52.5% | Budget Used:  0.00/4000.0
Ep  381 | Phase: PROTAGO | Ticks: 783 | Protag R: -3794.00 | Antag R: 3795.00 | Delivery:  74.4% | Budget Used:  0.00/4000.0
Ep  382 | Phase: PROTAGO | Ticks: 786 | Protag R: -6150.00 | Antag R: 6151.00 | Delivery:  68.9% | Budget Used:  0.00/4000.0
Ep  383 | Phase: PROTAGO | Ticks: 789 | Protag R: -4596.00 | Antag R: 4597.00 | Delivery:  72.7% | Budget Used:  0.00/4000.0
Ep  384 | Phase: PROTAGO | Ticks: 792 | Protag R: -10633.00 | Antag R: 10634.00 | Delivery:  54.4% | Budget Used:  0.00/4000.0
Ep  385 | Phase: PROTAGO | Ticks: 787 | Protag R: -10343.00 | Antag R: 10344.00 | Delivery:  62.0% | Budget Used:  0.00/4000.0
Ep  386 | Phase: PROTAGO | Ticks: 791 | Protag R: -11568.00 | Antag R: 11569.00 | Delivery:  60.4% | Budget Used:  0.00/4000.0
Ep  387 | Phase: PROTAGO | Ticks: 792 | Protag R: -14675.00 | Antag R: 14676.00 | Delivery:  51.7% | Budget Used:  0.00/4000.0
Ep  388 | Phase: PROTAGO | Ticks: 794 | Protag R: -9502.00 | Antag R: 9503.00 | Delivery:  57.1% | Budget Used:  0.00/4000.0
Ep  389 | Phase: PROTAGO | Ticks: 794 | Protag R: -9646.00 | Antag R: 9646.00 | Delivery:  54.5% | Budget Used:  0.00/4000.0
Ep  390 | Phase: PROTAGO | Ticks: 789 | Protag R: -6591.00 | Antag R: 6591.00 | Delivery:  62.2% | Budget Used:  0.00/4000.0
Ep  391 | Phase: PROTAGO | Ticks: 795 | Protag R: -3281.00 | Antag R: 3282.00 | Delivery:  84.2% | Budget Used:  0.00/4000.0
Ep  392 | Phase: PROTAGO | Ticks: 779 | Protag R: -6073.00 | Antag R: 6074.00 | Delivery:  73.2% | Budget Used:  0.00/4000.0
Ep  393 | Phase: PROTAGO | Ticks: 781 | Protag R: -11636.00 | Antag R: 11636.00 | Delivery:  52.6% | Budget Used:  0.00/4000.0
Ep  394 | Phase: PROTAGO | Ticks: 782 | Protag R: -5305.00 | Antag R: 5306.00 | Delivery:  66.0% | Budget Used:  0.00/4000.0
Ep  395 | Phase: PROTAGO | Ticks: 790 | Protag R: -4351.00 | Antag R: 4352.00 | Delivery:  65.2% | Budget Used:  0.00/4000.0
Ep  396 | Phase: PROTAGO | Ticks: 778 | Protag R: -3883.00 | Antag R: 3883.00 | Delivery:  72.1% | Budget Used:  0.00/4000.0
Ep  397 | Phase: PROTAGO | Ticks: 795 | Protag R: -12931.00 | Antag R: 12932.00 | Delivery:  51.7% | Budget Used:  0.00/4000.0
Ep  398 | Phase: PROTAGO | Ticks: 794 | Protag R: -7542.00 | Antag R: 7543.00 | Delivery:  68.1% | Budget Used:  0.00/4000.0
Ep  399 | Phase: PROTAGO | Ticks: 778 | Protag R: -3702.00 | Antag R: 3703.00 | Delivery:  72.7% | Budget Used:  0.00/4000.0
Ep  400 | Phase: PROTAGO | Ticks: 797 | Protag R: -7737.00 | Antag R: 7738.00 | Delivery:  57.4% | Budget Used:  0.00/4000.0
  [EVAL ep 400] greedy_atk=5366 learned_atk=5897 gap=+531 +/-336 (neg = learned beats greedy under attack)
Saving checkpoints for both agents before phase switch...
Ep  401 | Phase: PROTAGO | Ticks: 797 | Protag R: -9423.00 | Antag R: 9423.00 | Delivery:  58.8% | Budget Used:  0.00/4000.0
Ep  402 | Phase: PROTAGO | Ticks: 786 | Protag R: -3635.00 | Antag R: 3636.00 | Delivery:  84.2% | Budget Used:  0.00/4000.0
Ep  403 | Phase: PROTAGO | Ticks: 791 | Protag R: -8303.00 | Antag R: 8303.00 | Delivery:  66.7% | Budget Used:  0.00/4000.0
Ep  404 | Phase: PROTAGO | Ticks: 795 | Protag R: -10742.00 | Antag R: 10743.00 | Delivery:  56.4% | Budget Used:  0.00/4000.0
Ep  405 | Phase: PROTAGO | Ticks: 792 | Protag R: -8652.00 | Antag R: 8653.00 | Delivery:  57.4% | Budget Used:  0.00/4000.0
Ep  406 | Phase: PROTAGO | Ticks: 781 | Protag R: -3771.00 | Antag R: 3772.00 | Delivery:  76.2% | Budget Used:  0.00/4000.0
Ep  407 | Phase: PROTAGO | Ticks: 786 | Protag R: -7363.00 | Antag R: 7364.00 | Delivery:  66.0% | Budget Used:  0.00/4000.0
Ep  408 | Phase: PROTAGO | Ticks: 799 | Protag R: -12426.00 | Antag R: 12427.00 | Delivery:  58.2% | Budget Used:  0.00/4000.0
Ep  409 | Phase: PROTAGO | Ticks: 792 | Protag R: -1489.00 | Antag R: 1489.00 | Delivery:  90.6% | Budget Used:  0.00/4000.0
Ep  410 | Phase: PROTAGO | Ticks: 789 | Protag R: -5039.00 | Antag R: 5039.00 | Delivery:  68.2% | Budget Used:  0.00/4000.0
Ep  411 | Phase: PROTAGO | Ticks: 788 | Protag R: -2962.00 | Antag R: 2963.00 | Delivery:  83.8% | Budget Used:  0.00/4000.0
Ep  412 | Phase: PROTAGO | Ticks: 798 | Protag R: -5518.00 | Antag R: 5519.00 | Delivery:  65.2% | Budget Used:  0.00/4000.0
Ep  413 | Phase: PROTAGO | Ticks: 786 | Protag R: -6754.00 | Antag R: 6754.00 | Delivery:  62.5% | Budget Used:  0.00/4000.0
Ep  414 | Phase: PROTAGO | Ticks: 778 | Protag R: -7546.00 | Antag R: 7547.00 | Delivery:  67.4% | Budget Used:  0.00/4000.0
Ep  415 | Phase: PROTAGO | Ticks: 785 | Protag R: -5166.00 | Antag R: 5167.00 | Delivery:  69.0% | Budget Used:  0.00/4000.0
Ep  416 | Phase: PROTAGO | Ticks: 788 | Protag R: -2644.00 | Antag R: 2645.00 | Delivery:  81.6% | Budget Used:  0.00/4000.0
Ep  417 | Phase: PROTAGO | Ticks: 787 | Protag R: -5463.00 | Antag R: 5464.00 | Delivery:  54.9% | Budget Used:  0.00/4000.0
Ep  418 | Phase: PROTAGO | Ticks: 787 | Protag R: -9090.00 | Antag R: 9091.00 | Delivery:  63.3% | Budget Used:  0.00/4000.0
Ep  419 | Phase: PROTAGO | Ticks: 799 | Protag R: -4261.00 | Antag R: 4262.00 | Delivery:  72.7% | Budget Used:  0.00/4000.0
Ep  420 | Phase: PROTAGO | Ticks: 798 | Protag R: -10167.00 | Antag R: 10167.00 | Delivery:  56.6% | Budget Used:  0.00/4000.0
Ep  421 | Phase: PROTAGO | Ticks: 790 | Protag R: -7420.00 | Antag R: 7421.00 | Delivery:  63.8% | Budget Used:  0.00/4000.0
Ep  422 | Phase: PROTAGO | Ticks: 788 | Protag R: -7754.00 | Antag R: 7755.00 | Delivery:  60.0% | Budget Used:  0.00/4000.0
Ep  423 | Phase: PROTAGO | Ticks: 798 | Protag R: -6896.00 | Antag R: 6897.00 | Delivery:  69.6% | Budget Used:  0.00/4000.0
Ep  424 | Phase: PROTAGO | Ticks: 789 | Protag R: -5625.00 | Antag R: 5626.00 | Delivery:  74.4% | Budget Used:  0.00/4000.0
Ep  425 | Phase: PROTAGO | Ticks: 799 | Protag R: -8466.00 | Antag R: 8467.00 | Delivery:  59.6% | Budget Used:  0.00/4000.0
Ep  426 | Phase: PROTAGO | Ticks: 794 | Protag R: -7240.00 | Antag R: 7241.00 | Delivery:  65.3% | Budget Used:  0.00/4000.0
Ep  427 | Phase: PROTAGO | Ticks: 781 | Protag R: -10317.00 | Antag R: 10318.00 | Delivery:  56.6% | Budget Used:  0.00/4000.0
Ep  428 | Phase: PROTAGO | Ticks: 779 | Protag R: -5200.00 | Antag R: 5201.00 | Delivery:  75.0% | Budget Used:  0.00/4000.0
Ep  429 | Phase: PROTAGO | Ticks: 794 | Protag R: -8940.00 | Antag R: 8941.00 | Delivery:  54.7% | Budget Used:  0.00/4000.0
Ep  430 | Phase: PROTAGO | Ticks: 791 | Protag R: -2793.00 | Antag R: 2794.00 | Delivery:  73.7% | Budget Used:  0.00/4000.0
Ep  431 | Phase: PROTAGO | Ticks: 782 | Protag R: -7412.00 | Antag R: 7412.00 | Delivery:  56.2% | Budget Used:  0.00/4000.0
Ep  432 | Phase: PROTAGO | Ticks: 784 | Protag R: -5609.00 | Antag R: 5609.00 | Delivery:  67.4% | Budget Used:  0.00/4000.0
Ep  433 | Phase: PROTAGO | Ticks: 797 | Protag R: -7840.00 | Antag R: 7842.00 | Delivery:  71.7% | Budget Used:  0.00/4000.0
Ep  434 | Phase: PROTAGO | Ticks: 799 | Protag R: -2356.00 | Antag R: 2357.00 | Delivery:  83.3% | Budget Used:  0.00/4000.0
Ep  435 | Phase: PROTAGO | Ticks: 784 | Protag R: -6507.00 | Antag R: 6508.00 | Delivery:  56.6% | Budget Used:  0.00/4000.0
Ep  436 | Phase: PROTAGO | Ticks: 798 | Protag R: -5369.00 | Antag R: 5370.00 | Delivery:  76.2% | Budget Used:  0.00/4000.0
Ep  437 | Phase: PROTAGO | Ticks: 796 | Protag R: -3423.00 | Antag R: 3423.00 | Delivery:  83.3% | Budget Used:  0.00/4000.0
Ep  438 | Phase: PROTAGO | Ticks: 797 | Protag R: -7427.00 | Antag R: 7427.00 | Delivery:  63.8% | Budget Used:  0.00/4000.0
Ep  439 | Phase: PROTAGO | Ticks: 796 | Protag R: -10918.00 | Antag R: 10919.00 | Delivery:  58.5% | Budget Used:  0.00/4000.0
Ep  440 | Phase: PROTAGO | Ticks: 784 | Protag R: -6443.00 | Antag R: 6444.00 | Delivery:  64.0% | Budget Used:  0.00/4000.0
Ep  441 | Phase: PROTAGO | Ticks: 794 | Protag R: -5176.00 | Antag R: 5176.00 | Delivery:  68.2% | Budget Used:  0.00/4000.0
Ep  442 | Phase: PROTAGO | Ticks: 795 | Protag R: -8544.00 | Antag R: 8545.00 | Delivery:  63.3% | Budget Used:  0.00/4000.0
Ep  443 | Phase: PROTAGO | Ticks: 786 | Protag R: -5231.00 | Antag R: 5232.00 | Delivery:  74.4% | Budget Used:  0.00/4000.0
Ep  444 | Phase: PROTAGO | Ticks: 789 | Protag R: -14052.00 | Antag R: 14053.00 | Delivery:  52.5% | Budget Used:  0.00/4000.0
Ep  445 | Phase: PROTAGO | Ticks: 795 | Protag R: -7772.00 | Antag R: 7773.00 | Delivery:  62.7% | Budget Used:  0.00/4000.0
Ep  446 | Phase: PROTAGO | Ticks: 799 | Protag R: -10392.00 | Antag R: 10393.00 | Delivery:  55.4% | Budget Used:  0.00/4000.0
Ep  447 | Phase: PROTAGO | Ticks: 796 | Protag R: -16003.00 | Antag R: 16004.00 | Delivery:  47.1% | Budget Used:  0.00/4000.0
Ep  448 | Phase: PROTAGO | Ticks: 798 | Protag R: -4740.00 | Antag R: 4740.00 | Delivery:  68.3% | Budget Used:  0.00/4000.0
Ep  449 | Phase: PROTAGO | Ticks: 794 | Protag R: -4945.00 | Antag R: 4946.00 | Delivery:  75.6% | Budget Used:  0.00/4000.0
Ep  450 | Phase: PROTAGO | Ticks: 787 | Protag R: -7751.00 | Antag R: 7751.00 | Delivery:  62.0% | Budget Used:  0.00/4000.0
  [EVAL ep 450] greedy_atk=5366 learned_atk=5733 gap=+367 +/-251 (neg = learned beats greedy under attack)
Saving checkpoints for both agents before phase switch...
Ep  451 | Phase: PROTAGO | Ticks: 781 | Protag R: -11324.00 | Antag R: 11325.00 | Delivery:  58.2% | Budget Used:  0.00/4000.0
Ep  452 | Phase: PROTAGO | Ticks: 793 | Protag R: -5911.00 | Antag R: 5912.00 | Delivery:  68.1% | Budget Used:  0.00/4000.0
Ep  453 | Phase: PROTAGO | Ticks: 796 | Protag R: -10109.00 | Antag R: 10110.00 | Delivery:  62.0% | Budget Used:  0.00/4000.0
Ep  454 | Phase: PROTAGO | Ticks: 792 | Protag R: -5477.00 | Antag R: 5477.00 | Delivery:  66.7% | Budget Used:  0.00/4000.0
Ep  455 | Phase: PROTAGO | Ticks: 799 | Protag R: -5111.00 | Antag R: 5111.00 | Delivery:  75.0% | Budget Used:  0.00/4000.0
Ep  456 | Phase: PROTAGO | Ticks: 785 | Protag R: -10269.00 | Antag R: 10270.00 | Delivery:  55.2% | Budget Used:  0.00/4000.0
Ep  457 | Phase: PROTAGO | Ticks: 792 | Protag R: -4012.00 | Antag R: 4013.00 | Delivery:  78.0% | Budget Used:  0.00/4000.0
Ep  458 | Phase: PROTAGO | Ticks: 787 | Protag R: -7527.00 | Antag R: 7528.00 | Delivery:  59.3% | Budget Used:  0.00/4000.0
Ep  459 | Phase: PROTAGO | Ticks: 782 | Protag R: -7414.00 | Antag R: 7415.00 | Delivery:  63.8% | Budget Used:  0.00/4000.0
Ep  460 | Phase: PROTAGO | Ticks: 782 | Protag R: -7865.00 | Antag R: 7865.00 | Delivery:  61.2% | Budget Used:  0.00/4000.0
Ep  461 | Phase: PROTAGO | Ticks: 789 | Protag R: -9274.00 | Antag R: 9274.00 | Delivery:  60.0% | Budget Used:  0.00/4000.0
Ep  462 | Phase: PROTAGO | Ticks: 784 | Protag R: -11926.00 | Antag R: 11926.00 | Delivery:  52.6% | Budget Used:  0.00/4000.0
Ep  463 | Phase: PROTAGO | Ticks: 783 | Protag R: -11577.00 | Antag R: 11577.00 | Delivery:  54.7% | Budget Used:  0.00/4000.0
Ep  464 | Phase: PROTAGO | Ticks: 795 | Protag R: -5089.00 | Antag R: 5090.00 | Delivery:  74.4% | Budget Used:  0.00/4000.0
Ep  465 | Phase: PROTAGO | Ticks: 786 | Protag R: -7809.00 | Antag R: 7809.00 | Delivery:  51.7% | Budget Used:  0.00/4000.0
Ep  466 | Phase: PROTAGO | Ticks: 799 | Protag R: -9092.00 | Antag R: 9092.00 | Delivery:  51.7% | Budget Used:  0.00/4000.0
Ep  467 | Phase: PROTAGO | Ticks: 793 | Protag R: -6543.00 | Antag R: 6544.00 | Delivery:  72.7% | Budget Used:  0.00/4000.0
Ep  468 | Phase: PROTAGO | Ticks: 799 | Protag R: -7632.00 | Antag R: 7634.00 | Delivery:  71.1% | Budget Used:  0.00/4000.0
Ep  469 | Phase: PROTAGO | Ticks: 797 | Protag R: -8913.00 | Antag R: 8914.00 | Delivery:  63.8% | Budget Used:  0.00/4000.0
Ep  470 | Phase: PROTAGO | Ticks: 789 | Protag R: -8371.00 | Antag R: 8371.00 | Delivery:  56.6% | Budget Used:  0.00/4000.0
Ep  471 | Phase: PROTAGO | Ticks: 799 | Protag R: -7024.00 | Antag R: 7025.00 | Delivery:  63.3% | Budget Used:  0.00/4000.0
Ep  472 | Phase: PROTAGO | Ticks: 793 | Protag R: -10308.00 | Antag R: 10309.00 | Delivery:  61.5% | Budget Used:  0.00/4000.0
Ep  473 | Phase: PROTAGO | Ticks: 786 | Protag R: -7890.00 | Antag R: 7891.00 | Delivery:  62.7% | Budget Used:  0.00/4000.0
Ep  474 | Phase: PROTAGO | Ticks: 785 | Protag R: -5100.00 | Antag R: 5100.00 | Delivery:  68.2% | Budget Used:  0.00/4000.0
Ep  475 | Phase: PROTAGO | Ticks: 792 | Protag R: -7961.00 | Antag R: 7962.00 | Delivery:  63.3% | Budget Used:  0.00/4000.0
Ep  476 | Phase: PROTAGO | Ticks: 799 | Protag R: -2449.00 | Antag R: 2450.00 | Delivery:  74.3% | Budget Used:  0.00/4000.0
Ep  477 | Phase: PROTAGO | Ticks: 796 | Protag R: -12720.00 | Antag R: 12721.00 | Delivery:  51.7% | Budget Used:  0.00/4000.0
Ep  478 | Phase: PROTAGO | Ticks: 782 | Protag R: -9537.00 | Antag R: 9538.00 | Delivery:  55.6% | Budget Used:  0.00/4000.0
Ep  479 | Phase: PROTAGO | Ticks: 799 | Protag R: -8324.00 | Antag R: 8324.00 | Delivery:  53.7% | Budget Used:  0.00/4000.0
Ep  480 | Phase: PROTAGO | Ticks: 776 | Protag R: -9544.00 | Antag R: 9544.00 | Delivery:  58.8% | Budget Used:  0.00/4000.0
Ep  481 | Phase: PROTAGO | Ticks: 786 | Protag R: -4945.00 | Antag R: 4945.00 | Delivery:  81.1% | Budget Used:  0.00/4000.0
Ep  482 | Phase: PROTAGO | Ticks: 788 | Protag R: -5670.00 | Antag R: 5670.00 | Delivery:  68.2% | Budget Used:  0.00/4000.0
Ep  483 | Phase: PROTAGO | Ticks: 796 | Protag R: -1194.00 | Antag R: 1195.00 | Delivery:  87.0% | Budget Used:  0.00/4000.0
Ep  484 | Phase: PROTAGO | Ticks: 799 | Protag R: -9433.00 | Antag R: 9434.00 | Delivery:  64.0% | Budget Used:  0.00/4000.0
Ep  485 | Phase: PROTAGO | Ticks: 776 | Protag R: -9829.00 | Antag R: 9829.00 | Delivery:  55.6% | Budget Used:  0.00/4000.0
Ep  486 | Phase: PROTAGO | Ticks: 791 | Protag R: -7666.00 | Antag R: 7667.00 | Delivery:  54.7% | Budget Used:  0.00/4000.0
Ep  487 | Phase: PROTAGO | Ticks: 796 | Protag R: -6968.00 | Antag R: 6969.00 | Delivery:  65.3% | Budget Used:  0.00/4000.0
Ep  488 | Phase: PROTAGO | Ticks: 784 | Protag R: -7056.00 | Antag R: 7057.00 | Delivery:  66.0% | Budget Used:  0.00/4000.0
Ep  489 | Phase: PROTAGO | Ticks: 786 | Protag R: -6585.00 | Antag R: 6586.00 | Delivery:  68.2% | Budget Used:  0.00/4000.0
Ep  490 | Phase: PROTAGO | Ticks: 790 | Protag R: -13295.00 | Antag R: 13296.00 | Delivery:  55.2% | Budget Used:  0.00/4000.0
Ep  491 | Phase: PROTAGO | Ticks: 788 | Protag R: -4396.00 | Antag R: 4397.00 | Delivery:  76.9% | Budget Used:  0.00/4000.0
Ep  492 | Phase: PROTAGO | Ticks: 789 | Protag R: -6370.00 | Antag R: 6372.00 | Delivery:  72.1% | Budget Used:  0.00/4000.0
Ep  493 | Phase: PROTAGO | Ticks: 797 | Protag R: -6588.00 | Antag R: 6588.00 | Delivery:  56.0% | Budget Used:  0.00/4000.0
Ep  494 | Phase: PROTAGO | Ticks: 795 | Protag R: -6757.00 | Antag R: 6758.00 | Delivery:  68.1% | Budget Used:  0.00/4000.0
Ep  495 | Phase: PROTAGO | Ticks: 783 | Protag R: -7019.00 | Antag R: 7020.00 | Delivery:  64.6% | Budget Used:  0.00/4000.0
Ep  496 | Phase: PROTAGO | Ticks: 778 | Protag R: -4056.00 | Antag R: 4057.00 | Delivery:  69.2% | Budget Used:  0.00/4000.0
Ep  497 | Phase: PROTAGO | Ticks: 789 | Protag R: -5137.00 | Antag R: 5138.00 | Delivery:  72.7% | Budget Used:  0.00/4000.0
Ep  498 | Phase: PROTAGO | Ticks: 790 | Protag R: -6252.00 | Antag R: 6253.00 | Delivery:  60.0% | Budget Used:  0.00/4000.0
Ep  499 | Phase: PROTAGO | Ticks: 793 | Protag R: -5108.00 | Antag R: 5109.00 | Delivery:  65.9% | Budget Used:  0.00/4000.0
Ep  500 | Phase: PROTAGO | Ticks: 796 | Protag R: -6050.00 | Antag R: 6051.00 | Delivery:  78.0% | Budget Used:  0.00/4000.0
  [EVAL ep 500] greedy_atk=5366 learned_atk=5731 gap=+365 +/-249 (neg = learned beats greedy under attack)
Saving checkpoints for both agents before phase switch...
Ep  501 | Phase: PROTAGO | Ticks: 786 | Protag R: -8401.00 | Antag R: 8402.00 | Delivery:  61.2% | Budget Used:  0.00/4000.0
Ep  502 | Phase: PROTAGO | Ticks: 797 | Protag R: -4619.00 | Antag R: 4620.00 | Delivery:  72.7% | Budget Used:  0.00/4000.0
Ep  503 | Phase: PROTAGO | Ticks: 782 | Protag R: -5266.00 | Antag R: 5266.00 | Delivery:  71.4% | Budget Used:  0.00/4000.0
Ep  504 | Phase: PROTAGO | Ticks: 797 | Protag R: -8319.00 | Antag R: 8321.00 | Delivery:  58.2% | Budget Used:  0.00/4000.0
Ep  505 | Phase: PROTAGO | Ticks: 784 | Protag R: -7619.00 | Antag R: 7621.00 | Delivery:  64.6% | Budget Used:  0.00/4000.0
Ep  506 | Phase: PROTAGO | Ticks: 793 | Protag R: -6764.00 | Antag R: 6765.00 | Delivery:  65.3% | Budget Used:  0.00/4000.0
Ep  507 | Phase: PROTAGO | Ticks: 778 | Protag R: -6469.00 | Antag R: 6470.00 | Delivery:  68.3% | Budget Used:  0.00/4000.0
Ep  508 | Phase: PROTAGO | Ticks: 796 | Protag R: -6102.00 | Antag R: 6103.00 | Delivery:  67.4% | Budget Used:  0.00/4000.0
Ep  509 | Phase: PROTAGO | Ticks: 791 | Protag R: -12973.00 | Antag R: 12974.00 | Delivery:  50.8% | Budget Used:  0.00/4000.0
Ep  510 | Phase: PROTAGO | Ticks: 787 | Protag R: -6671.00 | Antag R: 6671.00 | Delivery:  70.0% | Budget Used:  0.00/4000.0
Ep  511 | Phase: PROTAGO | Ticks: 793 | Protag R: -2220.00 | Antag R: 2221.00 | Delivery:  81.1% | Budget Used:  0.00/4000.0
Ep  512 | Phase: PROTAGO | Ticks: 788 | Protag R: -8081.00 | Antag R: 8082.00 | Delivery:  66.7% | Budget Used:  0.00/4000.0
Ep  513 | Phase: PROTAGO | Ticks: 793 | Protag R: -2869.00 | Antag R: 2870.00 | Delivery:  76.3% | Budget Used:  0.00/4000.0
Ep  514 | Phase: PROTAGO | Ticks: 794 | Protag R: -9196.00 | Antag R: 9197.00 | Delivery:  65.3% | Budget Used:  0.00/4000.0
Ep  515 | Phase: PROTAGO | Ticks: 785 | Protag R: -4902.00 | Antag R: 4903.00 | Delivery:  78.0% | Budget Used:  0.00/4000.0
Ep  516 | Phase: PROTAGO | Ticks: 794 | Protag R: -7219.00 | Antag R: 7220.00 | Delivery:  68.1% | Budget Used:  0.00/4000.0
Ep  517 | Phase: PROTAGO | Ticks: 786 | Protag R: -4644.00 | Antag R: 4644.00 | Delivery:  86.1% | Budget Used:  0.00/4000.0
Ep  518 | Phase: PROTAGO | Ticks: 798 | Protag R: -9861.00 | Antag R: 9862.00 | Delivery:  56.6% | Budget Used:  0.00/4000.0
Ep  519 | Phase: PROTAGO | Ticks: 782 | Protag R: -8549.00 | Antag R: 8549.00 | Delivery:  57.7% | Budget Used:  0.00/4000.0
Ep  520 | Phase: PROTAGO | Ticks: 794 | Protag R: -5958.00 | Antag R: 5958.00 | Delivery:  61.7% | Budget Used:  0.00/4000.0
Ep  521 | Phase: PROTAGO | Ticks: 797 | Protag R: -8693.00 | Antag R: 8694.00 | Delivery:  57.1% | Budget Used:  0.00/4000.0
Ep  522 | Phase: PROTAGO | Ticks: 781 | Protag R: -5118.00 | Antag R: 5119.00 | Delivery:  66.0% | Budget Used:  0.00/4000.0
Ep  523 | Phase: PROTAGO | Ticks: 794 | Protag R: -2902.00 | Antag R: 2903.00 | Delivery:  86.5% | Budget Used:  0.00/4000.0
Ep  524 | Phase: PROTAGO | Ticks: 794 | Protag R: -8990.00 | Antag R: 8990.00 | Delivery:  60.0% | Budget Used:  0.00/4000.0
Ep  525 | Phase: PROTAGO | Ticks: 799 | Protag R: -2246.00 | Antag R: 2246.00 | Delivery:  83.9% | Budget Used:  0.00/4000.0
Ep  526 | Phase: PROTAGO | Ticks: 799 | Protag R: -4470.00 | Antag R: 4471.00 | Delivery:  76.2% | Budget Used:  0.00/4000.0
Ep  527 | Phase: PROTAGO | Ticks: 794 | Protag R: -8254.00 | Antag R: 8255.00 | Delivery:  60.8% | Budget Used:  0.00/4000.0
Ep  528 | Phase: PROTAGO | Ticks: 788 | Protag R: -6018.00 | Antag R: 6019.00 | Delivery:  68.2% | Budget Used:  0.00/4000.0
Ep  529 | Phase: PROTAGO | Ticks: 799 | Protag R: -5080.00 | Antag R: 5081.00 | Delivery:  73.8% | Budget Used:  0.00/4000.0
Ep  530 | Phase: PROTAGO | Ticks: 799 | Protag R: -4893.00 | Antag R: 4894.00 | Delivery:  70.7% | Budget Used:  0.00/4000.0
Ep  531 | Phase: PROTAGO | Ticks: 797 | Protag R: -7986.00 | Antag R: 7987.00 | Delivery:  62.0% | Budget Used:  0.00/4000.0
Ep  532 | Phase: PROTAGO | Ticks: 788 | Protag R: -8070.00 | Antag R: 8070.00 | Delivery:  63.8% | Budget Used:  0.00/4000.0
Ep  533 | Phase: PROTAGO | Ticks: 799 | Protag R: -7882.00 | Antag R: 7883.00 | Delivery:  63.8% | Budget Used:  0.00/4000.0
Ep  534 | Phase: PROTAGO | Ticks: 789 | Protag R: -5459.00 | Antag R: 5459.00 | Delivery:  54.3% | Budget Used:  0.00/4000.0
Ep  535 | Phase: PROTAGO | Ticks: 793 | Protag R: -5942.00 | Antag R: 5943.00 | Delivery:  60.8% | Budget Used:  0.00/4000.0
Ep  536 | Phase: PROTAGO | Ticks: 796 | Protag R: -5914.00 | Antag R: 5915.00 | Delivery:  65.2% | Budget Used:  0.00/4000.0
Ep  537 | Phase: PROTAGO | Ticks: 797 | Protag R: -6871.00 | Antag R: 6871.00 | Delivery:  72.7% | Budget Used:  0.00/4000.0
Ep  538 | Phase: PROTAGO | Ticks: 794 | Protag R: -3585.00 | Antag R: 3586.00 | Delivery:  70.0% | Budget Used:  0.00/4000.0
Ep  539 | Phase: PROTAGO | Ticks: 799 | Protag R: -10950.00 | Antag R: 10951.00 | Delivery:  64.6% | Budget Used:  0.00/4000.0
Ep  540 | Phase: PROTAGO | Ticks: 780 | Protag R: -2937.00 | Antag R: 2938.00 | Delivery:  77.5% | Budget Used:  0.00/4000.0
Ep  541 | Phase: PROTAGO | Ticks: 786 | Protag R: -9164.00 | Antag R: 9165.00 | Delivery:  59.3% | Budget Used:  0.00/4000.0
Ep  542 | Phase: PROTAGO | Ticks: 797 | Protag R: -9140.00 | Antag R: 9140.00 | Delivery:  62.5% | Budget Used:  0.00/4000.0
Ep  543 | Phase: PROTAGO | Ticks: 799 | Protag R: -10442.00 | Antag R: 10443.00 | Delivery:  61.5% | Budget Used:  0.00/4000.0
Ep  544 | Phase: PROTAGO | Ticks: 784 | Protag R: -4375.00 | Antag R: 4375.00 | Delivery:  60.9% | Budget Used:  0.00/4000.0
Ep  545 | Phase: PROTAGO | Ticks: 798 | Protag R: -8830.00 | Antag R: 8830.00 | Delivery:  60.0% | Budget Used:  0.00/4000.0
Ep  546 | Phase: PROTAGO | Ticks: 787 | Protag R: -1349.00 | Antag R: 1350.00 | Delivery:  96.6% | Budget Used:  0.00/4000.0
Ep  547 | Phase: PROTAGO | Ticks: 798 | Protag R: -10872.00 | Antag R: 10873.00 | Delivery:  61.5% | Budget Used:  0.00/4000.0
Ep  548 | Phase: PROTAGO | Ticks: 796 | Protag R: -9751.00 | Antag R: 9751.00 | Delivery:  56.4% | Budget Used:  0.00/4000.0
Ep  549 | Phase: PROTAGO | Ticks: 787 | Protag R: -8538.00 | Antag R: 8539.00 | Delivery:  61.5% | Budget Used:  0.00/4000.0
Ep  550 | Phase: PROTAGO | Ticks: 793 | Protag R: -10253.00 | Antag R: 10254.00 | Delivery:  60.4% | Budget Used:  0.00/4000.0
  [EVAL ep 550] greedy_atk=5366 learned_atk=5845 gap=+480 +/-318 (neg = learned beats greedy under attack)
Saving checkpoints for both agents before phase switch...
Ep  551 | Phase: PROTAGO | Ticks: 783 | Protag R: -5943.00 | Antag R: 5944.00 | Delivery:  68.9% | Budget Used:  0.00/4000.0
Ep  552 | Phase: PROTAGO | Ticks: 788 | Protag R: -5668.00 | Antag R: 5669.00 | Delivery:  76.2% | Budget Used:  0.00/4000.0
Ep  553 | Phase: PROTAGO | Ticks: 798 | Protag R: -5860.00 | Antag R: 5861.00 | Delivery:  73.8% | Budget Used:  0.00/4000.0
Ep  554 | Phase: PROTAGO | Ticks: 789 | Protag R: -5015.00 | Antag R: 5016.00 | Delivery:  74.4% | Budget Used:  0.00/4000.0
Ep  555 | Phase: PROTAGO | Ticks: 798 | Protag R: -2460.00 | Antag R: 2461.00 | Delivery:  74.4% | Budget Used:  0.00/4000.0
Ep  556 | Phase: PROTAGO | Ticks: 782 | Protag R: -4997.00 | Antag R: 4998.00 | Delivery:  60.8% | Budget Used:  0.00/4000.0
Ep  557 | Phase: PROTAGO | Ticks: 789 | Protag R: -4808.00 | Antag R: 4809.00 | Delivery:  73.2% | Budget Used:  0.00/4000.0
Ep  558 | Phase: PROTAGO | Ticks: 786 | Protag R: -4480.00 | Antag R: 4481.00 | Delivery:  66.7% | Budget Used:  0.00/4000.0
Ep  559 | Phase: PROTAGO | Ticks: 794 | Protag R: -9368.00 | Antag R: 9369.00 | Delivery:  57.7% | Budget Used:  0.00/4000.0
Ep  560 | Phase: PROTAGO | Ticks: 793 | Protag R: -4149.00 | Antag R: 4149.00 | Delivery:  72.5% | Budget Used:  0.00/4000.0
Ep  561 | Phase: PROTAGO | Ticks: 798 | Protag R: -8182.00 | Antag R: 8183.00 | Delivery:  57.4% | Budget Used:  0.00/4000.0
Ep  562 | Phase: PROTAGO | Ticks: 779 | Protag R: -9683.00 | Antag R: 9684.00 | Delivery:  55.2% | Budget Used:  0.00/4000.0
Ep  563 | Phase: PROTAGO | Ticks: 794 | Protag R: -10460.00 | Antag R: 10461.00 | Delivery:  50.0% | Budget Used:  0.00/4000.0
Ep  564 | Phase: PROTAGO | Ticks: 786 | Protag R: -4976.00 | Antag R: 4977.00 | Delivery:  71.1% | Budget Used:  0.00/4000.0
Ep  565 | Phase: PROTAGO | Ticks: 789 | Protag R: -4087.00 | Antag R: 4087.00 | Delivery:  74.4% | Budget Used:  0.00/4000.0
Ep  566 | Phase: PROTAGO | Ticks: 796 | Protag R: -5434.00 | Antag R: 5435.00 | Delivery:  80.0% | Budget Used:  0.00/4000.0
Ep  567 | Phase: PROTAGO | Ticks: 792 | Protag R: -12065.00 | Antag R: 12065.00 | Delivery:  55.6% | Budget Used:  0.00/4000.0
Ep  568 | Phase: PROTAGO | Ticks: 798 | Protag R: -9064.00 | Antag R: 9065.00 | Delivery:  58.2% | Budget Used:  0.00/4000.0
Ep  569 | Phase: PROTAGO | Ticks: 799 | Protag R: -4214.00 | Antag R: 4215.00 | Delivery:  78.0% | Budget Used:  0.00/4000.0
Ep  570 | Phase: PROTAGO | Ticks: 783 | Protag R: -5952.00 | Antag R: 5952.00 | Delivery:  60.0% | Budget Used:  0.00/4000.0
Ep  571 | Phase: PROTAGO | Ticks: 795 | Protag R: -9163.00 | Antag R: 9164.00 | Delivery:  64.6% | Budget Used:  0.00/4000.0
Ep  572 | Phase: PROTAGO | Ticks: 792 | Protag R: -9053.00 | Antag R: 9054.00 | Delivery:  52.5% | Budget Used:  0.00/4000.0
Ep  573 | Phase: PROTAGO | Ticks: 786 | Protag R: -2467.00 | Antag R: 2468.00 | Delivery:  76.3% | Budget Used:  0.00/4000.0
Ep  574 | Phase: PROTAGO | Ticks: 792 | Protag R: -8854.00 | Antag R: 8854.00 | Delivery:  59.2% | Budget Used:  0.00/4000.0
Ep  575 | Phase: PROTAGO | Ticks: 789 | Protag R: -11701.00 | Antag R: 11701.00 | Delivery:  57.7% | Budget Used:  0.00/4000.0
Ep  576 | Phase: PROTAGO | Ticks: 795 | Protag R: -5047.00 | Antag R: 5048.00 | Delivery:  75.0% | Budget Used:  0.00/4000.0
Ep  577 | Phase: PROTAGO | Ticks: 798 | Protag R: -5910.00 | Antag R: 5911.00 | Delivery:  63.0% | Budget Used:  0.00/4000.0
Ep  578 | Phase: PROTAGO | Ticks: 780 | Protag R: -9907.00 | Antag R: 9908.00 | Delivery:  56.9% | Budget Used:  0.00/4000.0
Ep  579 | Phase: PROTAGO | Ticks: 792 | Protag R: -3036.00 | Antag R: 3037.00 | Delivery:  88.2% | Budget Used:  0.00/4000.0
Ep  580 | Phase: PROTAGO | Ticks: 795 | Protag R: -13062.00 | Antag R: 13063.00 | Delivery:  53.4% | Budget Used:  0.00/4000.0
Ep  581 | Phase: PROTAGO | Ticks: 798 | Protag R: -4489.00 | Antag R: 4490.00 | Delivery:  75.6% | Budget Used:  0.00/4000.0
Ep  582 | Phase: PROTAGO | Ticks: 794 | Protag R: -11805.00 | Antag R: 11806.00 | Delivery:  55.2% | Budget Used:  0.00/4000.0
Ep  583 | Phase: PROTAGO | Ticks: 798 | Protag R: -7362.00 | Antag R: 7362.00 | Delivery:  71.4% | Budget Used:  0.00/4000.0
Ep  584 | Phase: PROTAGO | Ticks: 784 | Protag R: -6991.00 | Antag R: 6992.00 | Delivery:  61.7% | Budget Used:  0.00/4000.0
Ep  585 | Phase: PROTAGO | Ticks: 794 | Protag R: -5511.00 | Antag R: 5511.00 | Delivery:  71.4% | Budget Used:  0.00/4000.0
Ep  586 | Phase: PROTAGO | Ticks: 789 | Protag R: -7255.00 | Antag R: 7255.00 | Delivery:  67.4% | Budget Used:  0.00/4000.0
Ep  587 | Phase: PROTAGO | Ticks: 787 | Protag R: -11452.00 | Antag R: 11453.00 | Delivery:  50.0% | Budget Used:  0.00/4000.0
Ep  588 | Phase: PROTAGO | Ticks: 798 | Protag R: -4712.00 | Antag R: 4713.00 | Delivery:  69.6% | Budget Used:  0.00/4000.0
Ep  589 | Phase: PROTAGO | Ticks: 795 | Protag R: -5042.00 | Antag R: 5043.00 | Delivery:  70.5% | Budget Used:  0.00/4000.0
Ep  590 | Phase: PROTAGO | Ticks: 793 | Protag R: -5327.00 | Antag R: 5328.00 | Delivery:  61.4% | Budget Used:  0.00/4000.0
Ep  591 | Phase: PROTAGO | Ticks: 784 | Protag R: -6736.00 | Antag R: 6737.00 | Delivery:  65.3% | Budget Used:  0.00/4000.0
Ep  592 | Phase: PROTAGO | Ticks: 778 | Protag R: -11864.00 | Antag R: 11865.00 | Delivery:  58.2% | Budget Used:  0.00/4000.0
Ep  593 | Phase: PROTAGO | Ticks: 783 | Protag R: -9858.00 | Antag R: 9859.00 | Delivery:  56.4% | Budget Used:  0.00/4000.0
Ep  594 | Phase: PROTAGO | Ticks: 781 | Protag R: -1252.00 | Antag R: 1253.00 | Delivery:  90.3% | Budget Used:  0.00/4000.0
Ep  595 | Phase: PROTAGO | Ticks: 796 | Protag R: -10799.00 | Antag R: 10800.00 | Delivery:  53.3% | Budget Used:  0.00/4000.0
Ep  596 | Phase: PROTAGO | Ticks: 796 | Protag R: -3081.00 | Antag R: 3081.00 | Delivery:  77.8% | Budget Used:  0.00/4000.0
Ep  597 | Phase: PROTAGO | Ticks: 798 | Protag R: -7962.00 | Antag R: 7963.00 | Delivery:  53.7% | Budget Used:  0.00/4000.0
Ep  598 | Phase: PROTAGO | Ticks: 790 | Protag R: -6750.00 | Antag R: 6751.00 | Delivery:  63.8% | Budget Used:  0.00/4000.0
Ep  599 | Phase: PROTAGO | Ticks: 790 | Protag R: -6800.00 | Antag R: 6801.00 | Delivery:  62.7% | Budget Used:  0.00/4000.0
Ep  600 | Phase: PROTAGO | Ticks: 799 | Protag R: -10180.00 | Antag R: 10181.00 | Delivery:  61.5% | Budget Used:  0.00/4000.0
  [EVAL ep 600] greedy_atk=5366 learned_atk=5910 gap=+545 +/-270 (neg = learned beats greedy under attack)
Saving checkpoints for both agents before phase switch...
Ep  601 | Phase: PROTAGO | Ticks: 790 | Protag R: -5118.00 | Antag R: 5119.00 | Delivery:  66.0% | Budget Used:  0.00/4000.0
Ep  602 | Phase: PROTAGO | Ticks: 785 | Protag R: -9204.00 | Antag R: 9205.00 | Delivery:  59.6% | Budget Used:  0.00/4000.0
Ep  603 | Phase: PROTAGO | Ticks: 780 | Protag R: -3037.00 | Antag R: 3038.00 | Delivery:  77.5% | Budget Used:  0.00/4000.0
Ep  604 | Phase: PROTAGO | Ticks: 799 | Protag R: -2930.00 | Antag R: 2931.00 | Delivery:  78.4% | Budget Used:  0.00/4000.0
Ep  605 | Phase: PROTAGO | Ticks: 788 | Protag R: -10638.00 | Antag R: 10639.00 | Delivery:  62.0% | Budget Used:  0.00/4000.0
Ep  606 | Phase: PROTAGO | Ticks: 799 | Protag R: -6209.00 | Antag R: 6209.00 | Delivery:  62.2% | Budget Used:  0.00/4000.0
Ep  607 | Phase: PROTAGO | Ticks: 789 | Protag R: -6461.00 | Antag R: 6462.00 | Delivery:  72.1% | Budget Used:  0.00/4000.0
Ep  608 | Phase: PROTAGO | Ticks: 787 | Protag R: -6654.00 | Antag R: 6654.00 | Delivery:  71.4% | Budget Used:  0.00/4000.0
Ep  609 | Phase: PROTAGO | Ticks: 795 | Protag R: -4829.00 | Antag R: 4830.00 | Delivery:  63.0% | Budget Used:  0.00/4000.0
Ep  610 | Phase: PROTAGO | Ticks: 782 | Protag R: -9922.00 | Antag R: 9923.00 | Delivery:  60.4% | Budget Used:  0.00/4000.0
Ep  611 | Phase: PROTAGO | Ticks: 795 | Protag R: -7724.00 | Antag R: 7725.00 | Delivery:  56.1% | Budget Used:  0.00/4000.0
Ep  612 | Phase: PROTAGO | Ticks: 794 | Protag R: -1898.00 | Antag R: 1898.00 | Delivery:  78.4% | Budget Used:  0.00/4000.0
Ep  613 | Phase: PROTAGO | Ticks: 793 | Protag R: -1831.00 | Antag R: 1832.00 | Delivery:  96.9% | Budget Used:  0.00/4000.0
Ep  614 | Phase: PROTAGO | Ticks: 787 | Protag R: -9918.00 | Antag R: 9919.00 | Delivery:  51.7% | Budget Used:  0.00/4000.0
Ep  615 | Phase: PROTAGO | Ticks: 799 | Protag R: -4767.00 | Antag R: 4767.00 | Delivery:  73.2% | Budget Used:  0.00/4000.0
Ep  616 | Phase: PROTAGO | Ticks: 783 | Protag R: -8455.00 | Antag R: 8456.00 | Delivery:  62.5% | Budget Used:  0.00/4000.0
Ep  617 | Phase: PROTAGO | Ticks: 797 | Protag R: -5059.00 | Antag R: 5059.00 | Delivery:  64.4% | Budget Used:  0.00/4000.0
Ep  618 | Phase: PROTAGO | Ticks: 786 | Protag R: -10128.00 | Antag R: 10129.00 | Delivery:  64.0% | Budget Used:  0.00/4000.0
Ep  619 | Phase: PROTAGO | Ticks: 791 | Protag R: -4999.00 | Antag R: 5000.00 | Delivery:  66.0% | Budget Used:  0.00/4000.0
Ep  620 | Phase: PROTAGO | Ticks: 799 | Protag R: -5622.00 | Antag R: 5623.00 | Delivery:  66.0% | Budget Used:  0.00/4000.0
Ep  621 | Phase: PROTAGO | Ticks: 778 | Protag R: -7363.00 | Antag R: 7364.00 | Delivery:  65.2% | Budget Used:  0.00/4000.0
Ep  622 | Phase: PROTAGO | Ticks: 795 | Protag R: -6373.00 | Antag R: 6373.00 | Delivery:  61.2% | Budget Used:  0.00/4000.0
Ep  623 | Phase: PROTAGO | Ticks: 789 | Protag R: -7281.00 | Antag R: 7282.00 | Delivery:  68.1% | Budget Used:  0.00/4000.0
Ep  624 | Phase: PROTAGO | Ticks: 786 | Protag R: -10110.00 | Antag R: 10111.00 | Delivery:  64.0% | Budget Used:  0.00/4000.0
Ep  625 | Phase: PROTAGO | Ticks: 799 | Protag R: -5997.00 | Antag R: 5998.00 | Delivery:  68.9% | Budget Used:  0.00/4000.0
Ep  626 | Phase: PROTAGO | Ticks: 796 | Protag R: -3402.00 | Antag R: 3403.00 | Delivery:  62.2% | Budget Used:  0.00/4000.0
Ep  627 | Phase: PROTAGO | Ticks: 786 | Protag R: -5149.00 | Antag R: 5149.00 | Delivery:  64.4% | Budget Used:  0.00/4000.0
Ep  628 | Phase: PROTAGO | Ticks: 778 | Protag R: -7198.00 | Antag R: 7199.00 | Delivery:  60.8% | Budget Used:  0.00/4000.0
Ep  629 | Phase: PROTAGO | Ticks: 796 | Protag R: -7271.00 | Antag R: 7272.00 | Delivery:  72.1% | Budget Used:  0.00/4000.0
Ep  630 | Phase: PROTAGO | Ticks: 795 | Protag R: -7605.00 | Antag R: 7606.00 | Delivery:  69.6% | Budget Used:  0.00/4000.0
Ep  631 | Phase: PROTAGO | Ticks: 791 | Protag R: -13373.00 | Antag R: 13374.00 | Delivery:  55.4% | Budget Used:  0.00/4000.0
Ep  632 | Phase: PROTAGO | Ticks: 790 | Protag R: -19297.00 | Antag R: 19298.00 | Delivery:  43.8% | Budget Used:  0.00/4000.0
Ep  633 | Phase: PROTAGO | Ticks: 779 | Protag R: -6550.00 | Antag R: 6551.00 | Delivery:  65.3% | Budget Used:  0.00/4000.0
Ep  634 | Phase: PROTAGO | Ticks: 797 | Protag R: -11390.00 | Antag R: 11392.00 | Delivery:  58.2% | Budget Used:  0.00/4000.0
Ep  635 | Phase: PROTAGO | Ticks: 784 | Protag R: -5764.00 | Antag R: 5765.00 | Delivery:  72.1% | Budget Used:  0.00/4000.0
Ep  636 | Phase: PROTAGO | Ticks: 780 | Protag R: -7723.00 | Antag R: 7724.00 | Delivery:  57.4% | Budget Used:  0.00/4000.0
Ep  637 | Phase: PROTAGO | Ticks: 796 | Protag R: -5520.00 | Antag R: 5520.00 | Delivery:  68.2% | Budget Used:  0.00/4000.0
Ep  638 | Phase: PROTAGO | Ticks: 785 | Protag R: -6285.00 | Antag R: 6286.00 | Delivery:  59.6% | Budget Used:  0.00/4000.0
Ep  639 | Phase: PROTAGO | Ticks: 793 | Protag R: -8102.00 | Antag R: 8103.00 | Delivery:  64.0% | Budget Used:  0.00/4000.0
Ep  640 | Phase: PROTAGO | Ticks: 789 | Protag R: -6359.00 | Antag R: 6360.00 | Delivery:  64.0% | Budget Used:  0.00/4000.0
Ep  641 | Phase: PROTAGO | Ticks: 793 | Protag R: -2985.00 | Antag R: 2986.00 | Delivery:  83.3% | Budget Used:  0.00/4000.0
Ep  642 | Phase: PROTAGO | Ticks: 793 | Protag R: -7285.00 | Antag R: 7286.00 | Delivery:  54.7% | Budget Used:  0.00/4000.0
Ep  643 | Phase: PROTAGO | Ticks: 776 | Protag R: -6836.00 | Antag R: 6837.00 | Delivery:  64.0% | Budget Used:  0.00/4000.0
Ep  644 | Phase: PROTAGO | Ticks: 795 | Protag R: -8939.00 | Antag R: 8940.00 | Delivery:  49.1% | Budget Used:  0.00/4000.0
Ep  645 | Phase: PROTAGO | Ticks: 798 | Protag R: -4353.00 | Antag R: 4354.00 | Delivery:  72.7% | Budget Used:  0.00/4000.0
Ep  646 | Phase: PROTAGO | Ticks: 793 | Protag R: -8245.00 | Antag R: 8246.00 | Delivery:  60.8% | Budget Used:  0.00/4000.0
Ep  647 | Phase: PROTAGO | Ticks: 781 | Protag R: -6321.00 | Antag R: 6321.00 | Delivery:  63.0% | Budget Used:  0.00/4000.0
Ep  648 | Phase: PROTAGO | Ticks: 786 | Protag R: -4509.00 | Antag R: 4511.00 | Delivery:  88.9% | Budget Used:  0.00/4000.0
Ep  649 | Phase: PROTAGO | Ticks: 777 | Protag R: -4261.00 | Antag R: 4262.00 | Delivery:  69.6% | Budget Used:  0.00/4000.0
Ep  650 | Phase: PROTAGO | Ticks: 798 | Protag R: -5103.00 | Antag R: 5104.00 | Delivery:  73.8% | Budget Used:  0.00/4000.0
  [EVAL ep 650] greedy_atk=5366 learned_atk=5964 gap=+598 +/-323 (neg = learned beats greedy under attack)
Saving checkpoints for both agents before phase switch...
Ep  651 | Phase: PROTAGO | Ticks: 793 | Protag R: -7466.00 | Antag R: 7467.00 | Delivery:  60.8% | Budget Used:  0.00/4000.0
Ep  652 | Phase: PROTAGO | Ticks: 778 | Protag R: -4020.00 | Antag R: 4021.00 | Delivery:  64.6% | Budget Used:  0.00/4000.0
Ep  653 | Phase: PROTAGO | Ticks: 797 | Protag R: -9766.00 | Antag R: 9767.00 | Delivery:  61.5% | Budget Used:  0.00/4000.0
Ep  654 | Phase: PROTAGO | Ticks: 798 | Protag R: -5589.00 | Antag R: 5590.00 | Delivery:  72.7% | Budget Used:  0.00/4000.0
Ep  655 | Phase: PROTAGO | Ticks: 791 | Protag R: -5708.00 | Antag R: 5709.00 | Delivery:  67.4% | Budget Used:  0.00/4000.0
Ep  656 | Phase: PROTAGO | Ticks: 796 | Protag R: -8801.00 | Antag R: 8802.00 | Delivery:  59.3% | Budget Used:  0.00/4000.0
Ep  657 | Phase: PROTAGO | Ticks: 796 | Protag R: -7032.00 | Antag R: 7033.00 | Delivery:  71.1% | Budget Used:  0.00/4000.0
Ep  658 | Phase: PROTAGO | Ticks: 797 | Protag R: -7622.00 | Antag R: 7623.00 | Delivery:  60.4% | Budget Used:  0.00/4000.0
Ep  659 | Phase: PROTAGO | Ticks: 797 | Protag R: -5069.00 | Antag R: 5070.00 | Delivery:  72.1% | Budget Used:  0.00/4000.0
Ep  660 | Phase: PROTAGO | Ticks: 796 | Protag R: -4295.00 | Antag R: 4296.00 | Delivery:  81.1% | Budget Used:  0.00/4000.0
Ep  661 | Phase: PROTAGO | Ticks: 799 | Protag R: -12476.00 | Antag R: 12477.00 | Delivery:  57.4% | Budget Used:  0.00/4000.0
Ep  662 | Phase: PROTAGO | Ticks: 789 | Protag R: -13206.00 | Antag R: 13206.00 | Delivery:  58.5% | Budget Used:  0.00/4000.0
Ep  663 | Phase: PROTAGO | Ticks: 790 | Protag R: -3202.00 | Antag R: 3203.00 | Delivery:  77.5% | Budget Used:  0.00/4000.0
Ep  664 | Phase: PROTAGO | Ticks: 798 | Protag R: -15449.00 | Antag R: 15450.00 | Delivery:  48.5% | Budget Used:  0.00/4000.0
Ep  665 | Phase: PROTAGO | Ticks: 792 | Protag R: -9021.00 | Antag R: 9022.00 | Delivery:  61.2% | Budget Used:  0.00/4000.0
Ep  666 | Phase: PROTAGO | Ticks: 795 | Protag R: -5844.00 | Antag R: 5845.00 | Delivery:  68.9% | Budget Used:  0.00/4000.0
Ep  667 | Phase: PROTAGO | Ticks: 793 | Protag R: -7415.00 | Antag R: 7416.00 | Delivery:  71.1% | Budget Used:  0.00/4000.0
Ep  668 | Phase: PROTAGO | Ticks: 795 | Protag R: -4667.00 | Antag R: 4668.00 | Delivery:  74.4% | Budget Used:  0.00/4000.0
Ep  669 | Phase: PROTAGO | Ticks: 798 | Protag R: -10118.00 | Antag R: 10119.00 | Delivery:  62.0% | Budget Used:  0.00/4000.0
Ep  670 | Phase: PROTAGO | Ticks: 794 | Protag R: -9528.00 | Antag R: 9529.00 | Delivery:  63.3% | Budget Used:  0.00/4000.0
Ep  671 | Phase: PROTAGO | Ticks: 792 | Protag R: -11303.00 | Antag R: 11304.00 | Delivery:  58.2% | Budget Used:  0.00/4000.0
Ep  672 | Phase: PROTAGO | Ticks: 777 | Protag R: -3462.00 | Antag R: 3463.00 | Delivery:  82.1% | Budget Used:  0.00/4000.0
Ep  673 | Phase: PROTAGO | Ticks: 794 | Protag R: -8494.00 | Antag R: 8494.00 | Delivery:  61.7% | Budget Used:  0.00/4000.0
Ep  674 | Phase: PROTAGO | Ticks: 792 | Protag R: -5334.00 | Antag R: 5335.00 | Delivery:  74.4% | Budget Used:  0.00/4000.0
Ep  675 | Phase: PROTAGO | Ticks: 790 | Protag R: -5935.00 | Antag R: 5935.00 | Delivery:  71.4% | Budget Used:  0.00/4000.0
Ep  676 | Phase: PROTAGO | Ticks: 792 | Protag R: -7370.00 | Antag R: 7370.00 | Delivery:  65.2% | Budget Used:  0.00/4000.0
Ep  677 | Phase: PROTAGO | Ticks: 792 | Protag R: -3174.00 | Antag R: 3175.00 | Delivery:  83.8% | Budget Used:  0.00/4000.0
Ep  678 | Phase: PROTAGO | Ticks: 786 | Protag R: -8439.00 | Antag R: 8439.00 | Delivery:  54.7% | Budget Used:  0.00/4000.0
Ep  679 | Phase: PROTAGO | Ticks: 798 | Protag R: -5543.00 | Antag R: 5544.00 | Delivery:  64.0% | Budget Used:  0.00/4000.0
Ep  680 | Phase: PROTAGO | Ticks: 779 | Protag R: -1644.00 | Antag R: 1645.00 | Delivery: 100.0% | Budget Used:  0.00/4000.0
Ep  681 | Phase: PROTAGO | Ticks: 790 | Protag R: -9627.00 | Antag R: 9628.00 | Delivery:  59.6% | Budget Used:  0.00/4000.0
Ep  682 | Phase: PROTAGO | Ticks: 788 | Protag R: -5529.00 | Antag R: 5529.00 | Delivery:  72.5% | Budget Used:  0.00/4000.0
Ep  683 | Phase: PROTAGO | Ticks: 793 | Protag R: -8907.00 | Antag R: 8907.00 | Delivery:  52.7% | Budget Used:  0.00/4000.0
Ep  684 | Phase: PROTAGO | Ticks: 788 | Protag R: -3638.00 | Antag R: 3639.00 | Delivery:  78.0% | Budget Used:  0.00/4000.0
Ep  685 | Phase: PROTAGO | Ticks: 794 | Protag R: -3608.00 | Antag R: 3609.00 | Delivery:  84.2% | Budget Used:  0.00/4000.0
Ep  686 | Phase: PROTAGO | Ticks: 791 | Protag R: -5345.00 | Antag R: 5345.00 | Delivery:  81.1% | Budget Used:  0.00/4000.0
Ep  687 | Phase: PROTAGO | Ticks: 792 | Protag R: -7577.00 | Antag R: 7578.00 | Delivery:  76.2% | Budget Used:  0.00/4000.0
Ep  688 | Phase: PROTAGO | Ticks: 793 | Protag R: -5974.00 | Antag R: 5975.00 | Delivery:  68.1% | Budget Used:  0.00/4000.0
Ep  689 | Phase: PROTAGO | Ticks: 794 | Protag R: -2953.00 | Antag R: 2954.00 | Delivery:  86.1% | Budget Used:  0.00/4000.0
Ep  690 | Phase: PROTAGO | Ticks: 786 | Protag R: -7236.00 | Antag R: 7237.00 | Delivery:  68.9% | Budget Used:  0.00/4000.0
Ep  691 | Phase: PROTAGO | Ticks: 797 | Protag R: -6671.00 | Antag R: 6672.00 | Delivery:  63.3% | Budget Used:  0.00/4000.0
Ep  692 | Phase: PROTAGO | Ticks: 783 | Protag R: -6819.00 | Antag R: 6820.00 | Delivery:  60.8% | Budget Used:  0.00/4000.0
Ep  693 | Phase: PROTAGO | Ticks: 786 | Protag R: -6097.00 | Antag R: 6098.00 | Delivery:  67.4% | Budget Used:  0.00/4000.0
Ep  694 | Phase: PROTAGO | Ticks: 792 | Protag R: -9301.00 | Antag R: 9302.00 | Delivery:  61.5% | Budget Used:  0.00/4000.0
Ep  695 | Phase: PROTAGO | Ticks: 784 | Protag R: -9727.00 | Antag R: 9727.00 | Delivery:  52.7% | Budget Used:  0.00/4000.0
Ep  696 | Phase: PROTAGO | Ticks: 784 | Protag R: -8692.00 | Antag R: 8693.00 | Delivery:  57.7% | Budget Used:  0.00/4000.0
Ep  697 | Phase: PROTAGO | Ticks: 789 | Protag R: -8626.00 | Antag R: 8627.00 | Delivery:  57.1% | Budget Used:  0.00/4000.0
Ep  698 | Phase: PROTAGO | Ticks: 798 | Protag R: -4562.00 | Antag R: 4563.00 | Delivery:  63.0% | Budget Used:  0.00/4000.0
Ep  699 | Phase: PROTAGO | Ticks: 797 | Protag R: -11259.00 | Antag R: 11259.00 | Delivery:  49.1% | Budget Used:  0.00/4000.0
Ep  700 | Phase: PROTAGO | Ticks: 787 | Protag R: -5627.00 | Antag R: 5628.00 | Delivery:  68.9% | Budget Used:  0.00/4000.0
  [EVAL ep 700] greedy_atk=5366 learned_atk=5987 gap=+621 +/-329 (neg = learned beats greedy under attack)
Saving checkpoints for both agents before phase switch...
Ep  701 | Phase: PROTAGO | Ticks: 790 | Protag R: -12159.00 | Antag R: 12160.00 | Delivery:  61.5% | Budget Used:  0.00/4000.0
Ep  702 | Phase: PROTAGO | Ticks: 784 | Protag R: -9448.00 | Antag R: 9449.00 | Delivery:  60.8% | Budget Used:  0.00/4000.0
Ep  703 | Phase: PROTAGO | Ticks: 797 | Protag R: -9720.00 | Antag R: 9720.00 | Delivery:  57.7% | Budget Used:  0.00/4000.0
Ep  704 | Phase: PROTAGO | Ticks: 785 | Protag R: -14528.00 | Antag R: 14529.00 | Delivery:  61.5% | Budget Used:  0.00/4000.0
Ep  705 | Phase: PROTAGO | Ticks: 788 | Protag R: -7635.00 | Antag R: 7635.00 | Delivery:  61.2% | Budget Used:  0.00/4000.0
Ep  706 | Phase: PROTAGO | Ticks: 790 | Protag R: -9168.00 | Antag R: 9170.00 | Delivery:  62.7% | Budget Used:  0.00/4000.0
Ep  707 | Phase: PROTAGO | Ticks: 779 | Protag R: -6464.00 | Antag R: 6465.00 | Delivery:  65.3% | Budget Used:  0.00/4000.0
Ep  708 | Phase: PROTAGO | Ticks: 792 | Protag R: -6592.00 | Antag R: 6593.00 | Delivery:  69.8% | Budget Used:  0.00/4000.0
Ep  709 | Phase: PROTAGO | Ticks: 797 | Protag R: -11119.00 | Antag R: 11119.00 | Delivery:  58.5% | Budget Used:  0.00/4000.0
Ep  710 | Phase: PROTAGO | Ticks: 793 | Protag R: -10160.00 | Antag R: 10161.00 | Delivery:  60.4% | Budget Used:  0.00/4000.0
Ep  711 | Phase: PROTAGO | Ticks: 793 | Protag R: -7041.00 | Antag R: 7042.00 | Delivery:  63.3% | Budget Used:  0.00/4000.0
Ep  712 | Phase: PROTAGO | Ticks: 794 | Protag R: -7947.00 | Antag R: 7948.00 | Delivery:  68.1% | Budget Used:  0.00/4000.0
Ep  713 | Phase: PROTAGO | Ticks: 795 | Protag R: -8074.00 | Antag R: 8074.00 | Delivery:  67.4% | Budget Used:  0.00/4000.0
Ep  714 | Phase: PROTAGO | Ticks: 796 | Protag R: -13378.00 | Antag R: 13379.00 | Delivery:  55.2% | Budget Used:  0.00/4000.0
Ep  715 | Phase: PROTAGO | Ticks: 783 | Protag R: -13022.00 | Antag R: 13023.00 | Delivery:  55.2% | Budget Used:  0.00/4000.0
Ep  716 | Phase: PROTAGO | Ticks: 785 | Protag R: -5277.00 | Antag R: 5277.00 | Delivery:  67.4% | Budget Used:  0.00/4000.0
Ep  717 | Phase: PROTAGO | Ticks: 784 | Protag R: -10465.00 | Antag R: 10466.00 | Delivery:  55.2% | Budget Used:  0.00/4000.0
Ep  718 | Phase: PROTAGO | Ticks: 798 | Protag R: -7648.00 | Antag R: 7649.00 | Delivery:  71.1% | Budget Used:  0.00/4000.0
Ep  719 | Phase: PROTAGO | Ticks: 785 | Protag R: -9926.00 | Antag R: 9926.00 | Delivery:  60.0% | Budget Used:  0.00/4000.0
Ep  720 | Phase: PROTAGO | Ticks: 793 | Protag R: -11192.00 | Antag R: 11193.00 | Delivery:  54.2% | Budget Used:  0.00/4000.0
Ep  721 | Phase: PROTAGO | Ticks: 797 | Protag R: -7837.00 | Antag R: 7837.00 | Delivery:  63.8% | Budget Used:  0.00/4000.0
Ep  722 | Phase: PROTAGO | Ticks: 795 | Protag R: -6689.00 | Antag R: 6690.00 | Delivery:  61.5% | Budget Used:  0.00/4000.0
Ep  723 | Phase: PROTAGO | Ticks: 778 | Protag R: -9605.00 | Antag R: 9606.00 | Delivery:  57.7% | Budget Used:  0.00/4000.0
Ep  724 | Phase: PROTAGO | Ticks: 795 | Protag R: -8940.00 | Antag R: 8941.00 | Delivery:  64.0% | Budget Used:  0.00/4000.0
Ep  725 | Phase: PROTAGO | Ticks: 788 | Protag R: -9090.00 | Antag R: 9091.00 | Delivery:  57.1% | Budget Used:  0.00/4000.0
Ep  726 | Phase: PROTAGO | Ticks: 797 | Protag R: -4585.00 | Antag R: 4586.00 | Delivery:  70.0% | Budget Used:  0.00/4000.0
Ep  727 | Phase: PROTAGO | Ticks: 798 | Protag R: -8725.00 | Antag R: 8726.00 | Delivery:  55.2% | Budget Used:  0.00/4000.0
Ep  728 | Phase: PROTAGO | Ticks: 789 | Protag R: -6040.00 | Antag R: 6041.00 | Delivery:  66.7% | Budget Used:  0.00/4000.0
Ep  729 | Phase: PROTAGO | Ticks: 799 | Protag R: -5415.00 | Antag R: 5416.00 | Delivery:  68.9% | Budget Used:  0.00/4000.0
Ep  730 | Phase: PROTAGO | Ticks: 791 | Protag R: -6330.00 | Antag R: 6331.00 | Delivery:  74.4% | Budget Used:  0.00/4000.0
Ep  731 | Phase: PROTAGO | Ticks: 798 | Protag R: -5656.00 | Antag R: 5657.00 | Delivery:  69.6% | Budget Used:  0.00/4000.0
Ep  732 | Phase: PROTAGO | Ticks: 792 | Protag R: -7937.00 | Antag R: 7938.00 | Delivery:  64.0% | Budget Used:  0.00/4000.0
Ep  733 | Phase: PROTAGO | Ticks: 788 | Protag R: -5101.00 | Antag R: 5102.00 | Delivery:  61.7% | Budget Used:  0.00/4000.0
Ep  734 | Phase: PROTAGO | Ticks: 792 | Protag R: -9829.00 | Antag R: 9830.00 | Delivery:  62.7% | Budget Used:  0.00/4000.0
Ep  735 | Phase: PROTAGO | Ticks: 792 | Protag R: -3644.00 | Antag R: 3644.00 | Delivery:  73.7% | Budget Used:  0.00/4000.0
Ep  736 | Phase: PROTAGO | Ticks: 793 | Protag R: -6436.00 | Antag R: 6437.00 | Delivery:  72.1% | Budget Used:  0.00/4000.0
Ep  737 | Phase: PROTAGO | Ticks: 789 | Protag R: -12605.00 | Antag R: 12605.00 | Delivery:  57.7% | Budget Used:  0.00/4000.0
Ep  738 | Phase: PROTAGO | Ticks: 784 | Protag R: -8557.00 | Antag R: 8557.00 | Delivery:  54.7% | Budget Used:  0.00/4000.0
Ep  739 | Phase: PROTAGO | Ticks: 798 | Protag R: -6182.00 | Antag R: 6182.00 | Delivery:  76.2% | Budget Used:  0.00/4000.0
Ep  740 | Phase: PROTAGO | Ticks: 786 | Protag R: -4454.00 | Antag R: 4455.00 | Delivery:  80.0% | Budget Used:  0.00/4000.0
Ep  741 | Phase: PROTAGO | Ticks: 794 | Protag R: -3757.00 | Antag R: 3758.00 | Delivery:  70.0% | Budget Used:  0.00/4000.0
Ep  742 | Phase: PROTAGO | Ticks: 796 | Protag R: -7105.00 | Antag R: 7106.00 | Delivery:  66.7% | Budget Used:  0.00/4000.0
Ep  743 | Phase: PROTAGO | Ticks: 790 | Protag R: -1799.00 | Antag R: 1800.00 | Delivery: 100.0% | Budget Used:  0.00/4000.0
Ep  744 | Phase: PROTAGO | Ticks: 786 | Protag R: -3399.00 | Antag R: 3400.00 | Delivery:  72.5% | Budget Used:  0.00/4000.0
Ep  745 | Phase: PROTAGO | Ticks: 784 | Protag R: -11484.00 | Antag R: 11485.00 | Delivery:  56.1% | Budget Used:  0.00/4000.0
Ep  746 | Phase: PROTAGO | Ticks: 786 | Protag R: -779.00 | Antag R:  780.00 | Delivery:  92.0% | Budget Used:  0.00/4000.0
Ep  747 | Phase: PROTAGO | Ticks: 787 | Protag R: -12953.00 | Antag R: 12954.00 | Delivery:  57.4% | Budget Used:  0.00/4000.0
Ep  748 | Phase: PROTAGO | Ticks: 792 | Protag R: -7056.00 | Antag R: 7057.00 | Delivery:  68.9% | Budget Used:  0.00/4000.0
Ep  749 | Phase: PROTAGO | Ticks: 791 | Protag R: -5718.00 | Antag R: 5719.00 | Delivery:  69.6% | Budget Used:  0.00/4000.0
Ep  750 | Phase: PROTAGO | Ticks: 795 | Protag R: -4273.00 | Antag R: 4274.00 | Delivery:  76.2% | Budget Used:  0.00/4000.0
  [EVAL ep 750] greedy_atk=5366 learned_atk=5936 gap=+571 +/-253 (neg = learned beats greedy under attack)
Saving checkpoints for both agents before phase switch...
Ep  751 | Phase: PROTAGO | Ticks: 796 | Protag R: -10040.00 | Antag R: 10040.00 | Delivery:  58.5% | Budget Used:  0.00/4000.0
Ep  752 | Phase: PROTAGO | Ticks: 791 | Protag R: -2660.00 | Antag R: 2660.00 | Delivery:  94.1% | Budget Used:  0.00/4000.0
Ep  753 | Phase: PROTAGO | Ticks: 779 | Protag R: -4689.00 | Antag R: 4690.00 | Delivery:  70.5% | Budget Used:  0.00/4000.0
Ep  754 | Phase: PROTAGO | Ticks: 797 | Protag R: -3232.00 | Antag R: 3233.00 | Delivery:  84.2% | Budget Used:  0.00/4000.0
Ep  755 | Phase: PROTAGO | Ticks: 793 | Protag R: -7712.00 | Antag R: 7713.00 | Delivery:  54.5% | Budget Used:  0.00/4000.0
Ep  756 | Phase: PROTAGO | Ticks: 789 | Protag R: -11836.00 | Antag R: 11837.00 | Delivery:  57.1% | Budget Used:  0.00/4000.0
Ep  757 | Phase: PROTAGO | Ticks: 788 | Protag R: -6991.00 | Antag R: 6992.00 | Delivery:  63.0% | Budget Used:  0.00/4000.0
Ep  758 | Phase: PROTAGO | Ticks: 799 | Protag R: -11837.00 | Antag R: 11838.00 | Delivery:  49.2% | Budget Used:  0.00/4000.0
Ep  759 | Phase: PROTAGO | Ticks: 782 | Protag R: -8050.00 | Antag R: 8050.00 | Delivery:  62.5% | Budget Used:  0.00/4000.0
Ep  760 | Phase: PROTAGO | Ticks: 794 | Protag R: -7485.00 | Antag R: 7486.00 | Delivery:  59.3% | Budget Used:  0.00/4000.0
Ep  761 | Phase: PROTAGO | Ticks: 783 | Protag R: -13189.00 | Antag R: 13190.00 | Delivery:  48.4% | Budget Used:  0.00/4000.0
Ep  762 | Phase: PROTAGO | Ticks: 793 | Protag R: -3465.00 | Antag R: 3466.00 | Delivery:  83.3% | Budget Used:  0.00/4000.0
Ep  763 | Phase: PROTAGO | Ticks: 784 | Protag R: -7812.00 | Antag R: 7812.00 | Delivery:  52.9% | Budget Used:  0.00/4000.0
Ep  764 | Phase: PROTAGO | Ticks: 790 | Protag R: -9896.00 | Antag R: 9897.00 | Delivery:  58.5% | Budget Used:  0.00/4000.0
Ep  765 | Phase: PROTAGO | Ticks: 785 | Protag R: -10470.00 | Antag R: 10471.00 | Delivery:  59.6% | Budget Used:  0.00/4000.0
Ep  766 | Phase: PROTAGO | Ticks: 793 | Protag R: -7544.00 | Antag R: 7544.00 | Delivery:  55.6% | Budget Used:  0.00/4000.0
Ep  767 | Phase: PROTAGO | Ticks: 794 | Protag R: -11221.00 | Antag R: 11222.00 | Delivery:  57.4% | Budget Used:  0.00/4000.0
Ep  768 | Phase: PROTAGO | Ticks: 796 | Protag R: -11321.00 | Antag R: 11322.00 | Delivery:  62.3% | Budget Used:  0.00/4000.0
Ep  769 | Phase: PROTAGO | Ticks: 787 | Protag R: -7497.00 | Antag R: 7498.00 | Delivery:  57.4% | Budget Used:  0.00/4000.0
Ep  770 | Phase: PROTAGO | Ticks: 789 | Protag R: -5304.00 | Antag R: 5305.00 | Delivery:  73.8% | Budget Used:  0.00/4000.0
Ep  771 | Phase: PROTAGO | Ticks: 785 | Protag R: -8887.00 | Antag R: 8888.00 | Delivery:  67.4% | Budget Used:  0.00/4000.0
Ep  772 | Phase: PROTAGO | Ticks: 797 | Protag R: -6457.00 | Antag R: 6458.00 | Delivery:  68.2% | Budget Used:  0.00/4000.0
Ep  773 | Phase: PROTAGO | Ticks: 785 | Protag R: -8581.00 | Antag R: 8582.00 | Delivery:  58.5% | Budget Used:  0.00/4000.0
Ep  774 | Phase: PROTAGO | Ticks: 788 | Protag R: -5088.00 | Antag R: 5088.00 | Delivery:  67.4% | Budget Used:  0.00/4000.0
Ep  775 | Phase: PROTAGO | Ticks: 797 | Protag R: -4950.00 | Antag R: 4950.00 | Delivery:  65.2% | Budget Used:  0.00/4000.0
Ep  776 | Phase: PROTAGO | Ticks: 794 | Protag R: -10185.00 | Antag R: 10186.00 | Delivery:  52.6% | Budget Used:  0.00/4000.0
Ep  777 | Phase: PROTAGO | Ticks: 783 | Protag R: -5951.00 | Antag R: 5952.00 | Delivery:  64.6% | Budget Used:  0.00/4000.0
Ep  778 | Phase: PROTAGO | Ticks: 794 | Protag R: -8107.00 | Antag R: 8108.00 | Delivery:  62.7% | Budget Used:  0.00/4000.0
Ep  779 | Phase: PROTAGO | Ticks: 792 | Protag R: -5037.00 | Antag R: 5038.00 | Delivery:  74.4% | Budget Used:  0.00/4000.0
Ep  780 | Phase: PROTAGO | Ticks: 789 | Protag R: -15384.00 | Antag R: 15385.00 | Delivery:  47.8% | Budget Used:  0.00/4000.0
Ep  781 | Phase: PROTAGO | Ticks: 783 | Protag R: -2062.00 | Antag R: 2062.00 | Delivery:  87.9% | Budget Used:  0.00/4000.0
Ep  782 | Phase: PROTAGO | Ticks: 799 | Protag R: -6345.00 | Antag R: 6346.00 | Delivery:  72.1% | Budget Used:  0.00/4000.0
Ep  783 | Phase: PROTAGO | Ticks: 791 | Protag R: -5622.00 | Antag R: 5623.00 | Delivery:  72.1% | Budget Used:  0.00/4000.0
Ep  784 | Phase: PROTAGO | Ticks: 799 | Protag R: -6792.00 | Antag R: 6793.00 | Delivery:  70.5% | Budget Used:  0.00/4000.0
Ep  785 | Phase: PROTAGO | Ticks: 787 | Protag R: -10466.00 | Antag R: 10468.00 | Delivery:  60.4% | Budget Used:  0.00/4000.0
Ep  786 | Phase: PROTAGO | Ticks: 790 | Protag R: -5485.00 | Antag R: 5486.00 | Delivery:  66.7% | Budget Used:  0.00/4000.0
Ep  787 | Phase: PROTAGO | Ticks: 795 | Protag R: -9883.00 | Antag R: 9884.00 | Delivery:  61.5% | Budget Used:  0.00/4000.0
Ep  788 | Phase: PROTAGO | Ticks: 790 | Protag R: -10470.00 | Antag R: 10471.00 | Delivery:  56.4% | Budget Used:  0.00/4000.0
Ep  789 | Phase: PROTAGO | Ticks: 784 | Protag R: -3797.00 | Antag R: 3798.00 | Delivery:  74.4% | Budget Used:  0.00/4000.0
Ep  790 | Phase: PROTAGO | Ticks: 779 | Protag R: -7188.00 | Antag R: 7188.00 | Delivery:  68.2% | Budget Used:  0.00/4000.0
Ep  791 | Phase: PROTAGO | Ticks: 788 | Protag R: -4510.00 | Antag R: 4511.00 | Delivery:  73.8% | Budget Used:  0.00/4000.0
Ep  792 | Phase: PROTAGO | Ticks: 797 | Protag R: -4088.00 | Antag R: 4088.00 | Delivery:  71.8% | Budget Used:  0.00/4000.0
Ep  793 | Phase: PROTAGO | Ticks: 796 | Protag R: -10093.00 | Antag R: 10094.00 | Delivery:  51.7% | Budget Used:  0.00/4000.0
Ep  794 | Phase: PROTAGO | Ticks: 793 | Protag R: -8718.00 | Antag R: 8719.00 | Delivery:  56.9% | Budget Used:  0.00/4000.0
Ep  795 | Phase: PROTAGO | Ticks: 795 | Protag R: -8070.00 | Antag R: 8071.00 | Delivery:  63.3% | Budget Used:  0.00/4000.0
Ep  796 | Phase: PROTAGO | Ticks: 787 | Protag R: -10660.00 | Antag R: 10660.00 | Delivery:  51.8% | Budget Used:  0.00/4000.0
Ep  797 | Phase: PROTAGO | Ticks: 777 | Protag R: -7602.00 | Antag R: 7603.00 | Delivery:  65.3% | Budget Used:  0.00/4000.0
Ep  798 | Phase: PROTAGO | Ticks: 793 | Protag R: -4000.00 | Antag R: 4001.00 | Delivery:  76.2% | Budget Used:  0.00/4000.0
Ep  799 | Phase: PROTAGO | Ticks: 783 | Protag R: -4446.00 | Antag R: 4447.00 | Delivery:  78.0% | Budget Used:  0.00/4000.0
Ep  800 | Phase: PROTAGO | Ticks: 785 | Protag R: -15941.00 | Antag R: 15942.00 | Delivery:  41.7% | Budget Used:  0.00/4000.0
  [EVAL ep 800] greedy_atk=5366 learned_atk=5963 gap=+597 +/-330 (neg = learned beats greedy under attack)
Saved coevolved protagonist actor to models/runs/gen06_dynassign_matrix/vanilla_seed0/protagonist/actor.pt
Saved coevolved antagonist actor to models/runs/gen06_dynassign_matrix/vanilla_seed0/antagonist/actor.pt
Saved copy of protagonist actor as latest to models/protagonist/actor.pt
Saved copy of antagonist actor as latest to models/antagonist/actor.pt

SACRED ATLA Training completed successfully! Logs saved to TensorBoard.
