Seeded run: seed=1
Initializing SACRED Stage-1.5 dynamic assignment (Poisson arrivals, 2 trucks)...
Configuring Protagonist Dispatch Agent...
Configuring Antagonist Congestion Agent...
Initializing ATLA Coevolution Trainer...
Run Name: gen06_dynassign_matrix/vanilla_seed1
Starting SACRED training (mode=vanilla) for 800 episodes...
Device: Protagonist=cpu, Antagonist=cpu
Initial Phase: Training PROTAGONIST

Ep    1 | Phase: PROTAGO | Ticks: 779 | Protag R: -3137.00 | Antag R: 3138.00 | Delivery:  78.9% | Budget Used:  0.00/4000.0
Ep    2 | Phase: PROTAGO | Ticks: 796 | Protag R: -7629.00 | Antag R: 7630.00 | Delivery:  58.0% | Budget Used:  0.00/4000.0
Ep    3 | Phase: PROTAGO | Ticks: 787 | Protag R: -6189.00 | Antag R: 6190.00 | Delivery:  69.6% | Budget Used:  0.00/4000.0
Ep    4 | Phase: PROTAGO | Ticks: 793 | Protag R: -11056.00 | Antag R: 11057.00 | Delivery:  57.1% | Budget Used:  0.00/4000.0
Ep    5 | Phase: PROTAGO | Ticks: 799 | Protag R: -2256.00 | Antag R: 2257.00 | Delivery:  83.3% | Budget Used:  0.00/4000.0
Ep    6 | Phase: PROTAGO | Ticks: 795 | Protag R: -3092.00 | Antag R: 3093.00 | Delivery:  75.7% | Budget Used:  0.00/4000.0
Ep    7 | Phase: PROTAGO | Ticks: 797 | Protag R: -8015.00 | Antag R: 8016.00 | Delivery:  57.7% | Budget Used:  0.00/4000.0
Ep    8 | Phase: PROTAGO | Ticks: 796 | Protag R: -5160.00 | Antag R: 5161.00 | Delivery:  72.7% | Budget Used:  0.00/4000.0
Ep    9 | Phase: PROTAGO | Ticks: 790 | Protag R: -7608.00 | Antag R: 7609.00 | Delivery:  62.7% | Budget Used:  0.00/4000.0
Ep   10 | Phase: PROTAGO | Ticks: 798 | Protag R: -8403.00 | Antag R: 8404.00 | Delivery:  61.5% | Budget Used:  0.00/4000.0
Ep   11 | Phase: PROTAGO | Ticks: 793 | Protag R: -5559.00 | Antag R: 5559.00 | Delivery:  70.5% | Budget Used:  0.00/4000.0
Ep   12 | Phase: PROTAGO | Ticks: 792 | Protag R: -10074.00 | Antag R: 10075.00 | Delivery:  54.2% | Budget Used:  0.00/4000.0
Ep   13 | Phase: PROTAGO | Ticks: 790 | Protag R: -6263.00 | Antag R: 6263.00 | Delivery:  65.2% | Budget Used:  0.00/4000.0
Ep   14 | Phase: PROTAGO | Ticks: 787 | Protag R: -5056.00 | Antag R: 5056.00 | Delivery:  71.4% | Budget Used:  0.00/4000.0
Ep   15 | Phase: PROTAGO | Ticks: 785 | Protag R: -11194.00 | Antag R: 11195.00 | Delivery:  54.2% | Budget Used:  0.00/4000.0
Ep   16 | Phase: PROTAGO | Ticks: 780 | Protag R: -9573.00 | Antag R: 9574.00 | Delivery:  58.5% | Budget Used:  0.00/4000.0
Ep   17 | Phase: PROTAGO | Ticks: 796 | Protag R: -2827.00 | Antag R: 2828.00 | Delivery:  81.6% | Budget Used:  0.00/4000.0
Ep   18 | Phase: PROTAGO | Ticks: 790 | Protag R: -6047.00 | Antag R: 6048.00 | Delivery:  62.7% | Budget Used:  0.00/4000.0
Ep   19 | Phase: PROTAGO | Ticks: 790 | Protag R: -12524.00 | Antag R: 12524.00 | Delivery:  51.7% | Budget Used:  0.00/4000.0
Ep   20 | Phase: PROTAGO | Ticks: 795 | Protag R: -10472.00 | Antag R: 10473.00 | Delivery:  61.5% | Budget Used:  0.00/4000.0
Ep   21 | Phase: PROTAGO | Ticks: 795 | Protag R: -4496.00 | Antag R: 4497.00 | Delivery:  78.0% | Budget Used:  0.00/4000.0
Ep   22 | Phase: PROTAGO | Ticks: 793 | Protag R: -3504.00 | Antag R: 3505.00 | Delivery:  63.4% | Budget Used:  0.00/4000.0
Ep   23 | Phase: PROTAGO | Ticks: 791 | Protag R: -6900.00 | Antag R: 6900.00 | Delivery:  60.4% | Budget Used:  0.00/4000.0
Ep   24 | Phase: PROTAGO | Ticks: 792 | Protag R: -2281.00 | Antag R: 2282.00 | Delivery:  83.8% | Budget Used:  0.00/4000.0
Ep   25 | Phase: PROTAGO | Ticks: 790 | Protag R: -5329.00 | Antag R: 5330.00 | Delivery:  69.8% | Budget Used:  0.00/4000.0
Ep   26 | Phase: PROTAGO | Ticks: 787 | Protag R: -5618.00 | Antag R: 5619.00 | Delivery:  81.6% | Budget Used:  0.00/4000.0
Ep   27 | Phase: PROTAGO | Ticks: 793 | Protag R: -6634.00 | Antag R: 6635.00 | Delivery:  65.3% | Budget Used:  0.00/4000.0
Ep   28 | Phase: PROTAGO | Ticks: 794 | Protag R: -8887.00 | Antag R: 8888.00 | Delivery:  71.7% | Budget Used:  0.00/4000.0
Ep   29 | Phase: PROTAGO | Ticks: 791 | Protag R: -7383.00 | Antag R: 7384.00 | Delivery:  57.4% | Budget Used:  0.00/4000.0
Ep   30 | Phase: PROTAGO | Ticks: 799 | Protag R: -5230.00 | Antag R: 5231.00 | Delivery:  63.6% | Budget Used:  0.00/4000.0
Ep   31 | Phase: PROTAGO | Ticks: 794 | Protag R: -11541.00 | Antag R: 11542.00 | Delivery:  53.4% | Budget Used:  0.00/4000.0
Ep   32 | Phase: PROTAGO | Ticks: 783 | Protag R: -7444.00 | Antag R: 7445.00 | Delivery:  66.7% | Budget Used:  0.00/4000.0
Ep   33 | Phase: PROTAGO | Ticks: 788 | Protag R: -11308.00 | Antag R: 11310.00 | Delivery:  56.1% | Budget Used:  0.00/4000.0
Ep   34 | Phase: PROTAGO | Ticks: 787 | Protag R: -5460.00 | Antag R: 5461.00 | Delivery:  76.2% | Budget Used:  0.00/4000.0
Ep   35 | Phase: PROTAGO | Ticks: 790 | Protag R: -4489.00 | Antag R: 4489.00 | Delivery:  68.2% | Budget Used:  0.00/4000.0
Ep   36 | Phase: PROTAGO | Ticks: 792 | Protag R: -3692.00 | Antag R: 3693.00 | Delivery:  75.6% | Budget Used:  0.00/4000.0
Ep   37 | Phase: PROTAGO | Ticks: 791 | Protag R: -9363.00 | Antag R: 9364.00 | Delivery:  65.2% | Budget Used:  0.00/4000.0
Ep   38 | Phase: PROTAGO | Ticks: 794 | Protag R: -6249.00 | Antag R: 6250.00 | Delivery:  73.2% | Budget Used:  0.00/4000.0
Ep   39 | Phase: PROTAGO | Ticks: 793 | Protag R: -12081.00 | Antag R: 12082.00 | Delivery:  57.1% | Budget Used:  0.00/4000.0
Ep   40 | Phase: PROTAGO | Ticks: 785 | Protag R: -3429.00 | Antag R: 3430.00 | Delivery:  72.1% | Budget Used:  0.00/4000.0
Ep   41 | Phase: PROTAGO | Ticks: 788 | Protag R: -12480.00 | Antag R: 12481.00 | Delivery:  57.1% | Budget Used:  0.00/4000.0
Ep   42 | Phase: PROTAGO | Ticks: 785 | Protag R: -9651.00 | Antag R: 9652.00 | Delivery:  60.4% | Budget Used:  0.00/4000.0
Ep   43 | Phase: PROTAGO | Ticks: 786 | Protag R: -8566.00 | Antag R: 8567.00 | Delivery:  60.4% | Budget Used:  0.00/4000.0
Ep   44 | Phase: PROTAGO | Ticks: 787 | Protag R: -6433.00 | Antag R: 6434.00 | Delivery:  71.1% | Budget Used:  0.00/4000.0
Ep   45 | Phase: PROTAGO | Ticks: 794 | Protag R: -6929.00 | Antag R: 6930.00 | Delivery:  61.2% | Budget Used:  0.00/4000.0
Ep   46 | Phase: PROTAGO | Ticks: 792 | Protag R: -4065.00 | Antag R: 4066.00 | Delivery:  72.5% | Budget Used:  0.00/4000.0
Ep   47 | Phase: PROTAGO | Ticks: 797 | Protag R: -9012.00 | Antag R: 9012.00 | Delivery:  63.8% | Budget Used:  0.00/4000.0
Ep   48 | Phase: PROTAGO | Ticks: 785 | Protag R: -7355.00 | Antag R: 7356.00 | Delivery:  64.6% | Budget Used:  0.00/4000.0
Ep   49 | Phase: PROTAGO | Ticks: 794 | Protag R: -7410.00 | Antag R: 7411.00 | Delivery:  67.3% | Budget Used:  0.00/4000.0
Ep   50 | Phase: PROTAGO | Ticks: 797 | Protag R: -2953.00 | Antag R: 2953.00 | Delivery:  78.0% | Budget Used:  0.00/4000.0
  [EVAL ep 50] greedy_atk=5366 learned_atk=5840 gap=+475 +/-327 (neg = learned beats greedy under attack)
Saving checkpoints for both agents before phase switch...
Ep   51 | Phase: PROTAGO | Ticks: 796 | Protag R: -5874.00 | Antag R: 5875.00 | Delivery:  63.3% | Budget Used:  0.00/4000.0
Ep   52 | Phase: PROTAGO | Ticks: 779 | Protag R: -5605.00 | Antag R: 5606.00 | Delivery:  71.4% | Budget Used:  0.00/4000.0
Ep   53 | Phase: PROTAGO | Ticks: 791 | Protag R: -7960.00 | Antag R: 7961.00 | Delivery:  66.7% | Budget Used:  0.00/4000.0
Ep   54 | Phase: PROTAGO | Ticks: 799 | Protag R: -4920.00 | Antag R: 4921.00 | Delivery:  64.6% | Budget Used:  0.00/4000.0
Ep   55 | Phase: PROTAGO | Ticks: 788 | Protag R: -2793.00 | Antag R: 2794.00 | Delivery:  81.6% | Budget Used:  0.00/4000.0
Ep   56 | Phase: PROTAGO | Ticks: 793 | Protag R: -5824.00 | Antag R: 5825.00 | Delivery:  64.0% | Budget Used:  0.00/4000.0
Ep   57 | Phase: PROTAGO | Ticks: 777 | Protag R: -7740.00 | Antag R: 7741.00 | Delivery:  71.1% | Budget Used:  0.00/4000.0
Ep   58 | Phase: PROTAGO | Ticks: 794 | Protag R: -5839.00 | Antag R: 5839.00 | Delivery:  68.2% | Budget Used:  0.00/4000.0
Ep   59 | Phase: PROTAGO | Ticks: 793 | Protag R: -5482.00 | Antag R: 5483.00 | Delivery:  73.8% | Budget Used:  0.00/4000.0
Ep   60 | Phase: PROTAGO | Ticks: 799 | Protag R: -3971.00 | Antag R: 3972.00 | Delivery:  76.2% | Budget Used:  0.00/4000.0
Ep   61 | Phase: PROTAGO | Ticks: 791 | Protag R: -13583.00 | Antag R: 13584.00 | Delivery:  50.0% | Budget Used:  0.00/4000.0
Ep   62 | Phase: PROTAGO | Ticks: 791 | Protag R: -4781.00 | Antag R: 4782.00 | Delivery:  71.4% | Budget Used:  0.00/4000.0
Ep   63 | Phase: PROTAGO | Ticks: 790 | Protag R: -12870.00 | Antag R: 12871.00 | Delivery:  56.1% | Budget Used:  0.00/4000.0
Ep   64 | Phase: PROTAGO | Ticks: 776 | Protag R: -5629.00 | Antag R: 5630.00 | Delivery:  69.6% | Budget Used:  0.00/4000.0
Ep   65 | Phase: PROTAGO | Ticks: 785 | Protag R: -7595.00 | Antag R: 7595.00 | Delivery:  60.9% | Budget Used:  0.00/4000.0
Ep   66 | Phase: PROTAGO | Ticks: 785 | Protag R: -7044.00 | Antag R: 7045.00 | Delivery:  58.8% | Budget Used:  0.00/4000.0
Ep   67 | Phase: PROTAGO | Ticks: 777 | Protag R: -5747.00 | Antag R: 5748.00 | Delivery:  73.8% | Budget Used:  0.00/4000.0
Ep   68 | Phase: PROTAGO | Ticks: 788 | Protag R: -11423.00 | Antag R: 11423.00 | Delivery:  50.8% | Budget Used:  0.00/4000.0
Ep   69 | Phase: PROTAGO | Ticks: 796 | Protag R: -9355.00 | Antag R: 9356.00 | Delivery:  59.2% | Budget Used:  0.00/4000.0
Ep   70 | Phase: PROTAGO | Ticks: 791 | Protag R: -3462.00 | Antag R: 3463.00 | Delivery:  82.1% | Budget Used:  0.00/4000.0
Ep   71 | Phase: PROTAGO | Ticks: 793 | Protag R: -1764.00 | Antag R: 1765.00 | Delivery:  87.1% | Budget Used:  0.00/4000.0
Ep   72 | Phase: PROTAGO | Ticks: 795 | Protag R: -5717.00 | Antag R: 5718.00 | Delivery:  63.3% | Budget Used:  0.00/4000.0
Ep   73 | Phase: PROTAGO | Ticks: 790 | Protag R: -3844.00 | Antag R: 3844.00 | Delivery:  72.5% | Budget Used:  0.00/4000.0
Ep   74 | Phase: PROTAGO | Ticks: 787 | Protag R: -3981.00 | Antag R: 3982.00 | Delivery:  72.1% | Budget Used:  0.00/4000.0
Ep   75 | Phase: PROTAGO | Ticks: 796 | Protag R: -7301.00 | Antag R: 7302.00 | Delivery:  76.7% | Budget Used:  0.00/4000.0
Ep   76 | Phase: PROTAGO | Ticks: 797 | Protag R: -5545.00 | Antag R: 5546.00 | Delivery:  70.5% | Budget Used:  0.00/4000.0
Ep   77 | Phase: PROTAGO | Ticks: 785 | Protag R: -6641.00 | Antag R: 6643.00 | Delivery:  63.3% | Budget Used:  0.00/4000.0
Ep   78 | Phase: PROTAGO | Ticks: 793 | Protag R: -8076.00 | Antag R: 8077.00 | Delivery:  61.5% | Budget Used:  0.00/4000.0
Ep   79 | Phase: PROTAGO | Ticks: 799 | Protag R: -2282.00 | Antag R: 2283.00 | Delivery:  86.5% | Budget Used:  0.00/4000.0
Ep   80 | Phase: PROTAGO | Ticks: 798 | Protag R: -8828.00 | Antag R: 8829.00 | Delivery:  66.0% | Budget Used:  0.00/4000.0
Ep   81 | Phase: PROTAGO | Ticks: 797 | Protag R: -7168.00 | Antag R: 7169.00 | Delivery:  64.0% | Budget Used:  0.00/4000.0
Ep   82 | Phase: PROTAGO | Ticks: 792 | Protag R: -10415.00 | Antag R: 10416.00 | Delivery:  50.8% | Budget Used:  0.00/4000.0
Ep   83 | Phase: PROTAGO | Ticks: 786 | Protag R: -8096.00 | Antag R: 8097.00 | Delivery:  63.8% | Budget Used:  0.00/4000.0
Ep   84 | Phase: PROTAGO | Ticks: 787 | Protag R: -10317.00 | Antag R: 10318.00 | Delivery:  60.4% | Budget Used:  0.00/4000.0
Ep   85 | Phase: PROTAGO | Ticks: 798 | Protag R: -8567.00 | Antag R: 8568.00 | Delivery:  55.6% | Budget Used:  0.00/4000.0
Ep   86 | Phase: PROTAGO | Ticks: 793 | Protag R: -10898.00 | Antag R: 10899.00 | Delivery:  58.2% | Budget Used:  0.00/4000.0
Ep   87 | Phase: PROTAGO | Ticks: 779 | Protag R: -6992.00 | Antag R: 6993.00 | Delivery:  60.8% | Budget Used:  0.00/4000.0
Ep   88 | Phase: PROTAGO | Ticks: 797 | Protag R: -8711.00 | Antag R: 8712.00 | Delivery:  59.6% | Budget Used:  0.00/4000.0
Ep   89 | Phase: PROTAGO | Ticks: 789 | Protag R: -9357.00 | Antag R: 9358.00 | Delivery:  57.4% | Budget Used:  0.00/4000.0
Ep   90 | Phase: PROTAGO | Ticks: 794 | Protag R: -8586.00 | Antag R: 8587.00 | Delivery:  64.7% | Budget Used:  0.00/4000.0
Ep   91 | Phase: PROTAGO | Ticks: 792 | Protag R: -7775.00 | Antag R: 7776.00 | Delivery:  60.8% | Budget Used:  0.00/4000.0
Ep   92 | Phase: PROTAGO | Ticks: 796 | Protag R: -5384.00 | Antag R: 5385.00 | Delivery:  80.5% | Budget Used:  0.00/4000.0
Ep   93 | Phase: PROTAGO | Ticks: 795 | Protag R: -6834.00 | Antag R: 6835.00 | Delivery:  66.0% | Budget Used:  0.00/4000.0
Ep   94 | Phase: PROTAGO | Ticks: 788 | Protag R: -8568.00 | Antag R: 8569.00 | Delivery:  61.5% | Budget Used:  0.00/4000.0
Ep   95 | Phase: PROTAGO | Ticks: 791 | Protag R: -6057.00 | Antag R: 6058.00 | Delivery:  69.6% | Budget Used:  0.00/4000.0
Ep   96 | Phase: PROTAGO | Ticks: 790 | Protag R: -5718.00 | Antag R: 5719.00 | Delivery:  70.5% | Budget Used:  0.00/4000.0
Ep   97 | Phase: PROTAGO | Ticks: 793 | Protag R: -8437.00 | Antag R: 8438.00 | Delivery:  65.3% | Budget Used:  0.00/4000.0
Ep   98 | Phase: PROTAGO | Ticks: 795 | Protag R: -9294.00 | Antag R: 9295.00 | Delivery:  68.8% | Budget Used:  0.00/4000.0
Ep   99 | Phase: PROTAGO | Ticks: 795 | Protag R: -11157.00 | Antag R: 11158.00 | Delivery:  57.1% | Budget Used:  0.00/4000.0
Ep  100 | Phase: PROTAGO | Ticks: 791 | Protag R: -11796.00 | Antag R: 11797.00 | Delivery:  57.1% | Budget Used:  0.00/4000.0
  [EVAL ep 100] greedy_atk=5366 learned_atk=5731 gap=+365 +/-249 (neg = learned beats greedy under attack)
Saving checkpoints for both agents before phase switch...
Ep  101 | Phase: PROTAGO | Ticks: 793 | Protag R: -6723.00 | Antag R: 6724.00 | Delivery:  68.9% | Budget Used:  0.00/4000.0
Ep  102 | Phase: PROTAGO | Ticks: 787 | Protag R: -7803.00 | Antag R: 7803.00 | Delivery:  61.2% | Budget Used:  0.00/4000.0
Ep  103 | Phase: PROTAGO | Ticks: 783 | Protag R: -4065.00 | Antag R: 4066.00 | Delivery:  80.0% | Budget Used:  0.00/4000.0
Ep  104 | Phase: PROTAGO | Ticks: 783 | Protag R: -5725.00 | Antag R: 5726.00 | Delivery:  66.0% | Budget Used:  0.00/4000.0
Ep  105 | Phase: PROTAGO | Ticks: 794 | Protag R: -11296.00 | Antag R: 11297.00 | Delivery:  53.6% | Budget Used:  0.00/4000.0
Ep  106 | Phase: PROTAGO | Ticks: 797 | Protag R: -16973.00 | Antag R: 16975.00 | Delivery:  47.0% | Budget Used:  0.00/4000.0
Ep  107 | Phase: PROTAGO | Ticks: 797 | Protag R: -8592.00 | Antag R: 8593.00 | Delivery:  51.7% | Budget Used:  0.00/4000.0
Ep  108 | Phase: PROTAGO | Ticks: 799 | Protag R: -2414.00 | Antag R: 2416.00 | Delivery:  89.2% | Budget Used:  0.00/4000.0
Ep  109 | Phase: PROTAGO | Ticks: 791 | Protag R: -8461.00 | Antag R: 8462.00 | Delivery:  58.8% | Budget Used:  0.00/4000.0
Ep  110 | Phase: PROTAGO | Ticks: 798 | Protag R: -2647.00 | Antag R: 2648.00 | Delivery:  81.2% | Budget Used:  0.00/4000.0
Ep  111 | Phase: PROTAGO | Ticks: 796 | Protag R: -7215.00 | Antag R: 7216.00 | Delivery:  68.1% | Budget Used:  0.00/4000.0
Ep  112 | Phase: PROTAGO | Ticks: 780 | Protag R: -6864.00 | Antag R: 6865.00 | Delivery:  64.0% | Budget Used:  0.00/4000.0
Ep  113 | Phase: PROTAGO | Ticks: 798 | Protag R: -5771.00 | Antag R: 5771.00 | Delivery:  66.0% | Budget Used:  0.00/4000.0
Ep  114 | Phase: PROTAGO | Ticks: 794 | Protag R: -10815.00 | Antag R: 10816.00 | Delivery:  59.6% | Budget Used:  0.00/4000.0
Ep  115 | Phase: PROTAGO | Ticks: 787 | Protag R: -6295.00 | Antag R: 6296.00 | Delivery:  64.6% | Budget Used:  0.00/4000.0
Ep  116 | Phase: PROTAGO | Ticks: 792 | Protag R: -7832.00 | Antag R: 7833.00 | Delivery:  56.9% | Budget Used:  0.00/4000.0
Ep  117 | Phase: PROTAGO | Ticks: 797 | Protag R: -9218.00 | Antag R: 9218.00 | Delivery:  62.0% | Budget Used:  0.00/4000.0
Ep  118 | Phase: PROTAGO | Ticks: 791 | Protag R: -3614.00 | Antag R: 3615.00 | Delivery:  76.2% | Budget Used:  0.00/4000.0
Ep  119 | Phase: PROTAGO | Ticks: 781 | Protag R: -8594.00 | Antag R: 8595.00 | Delivery:  58.5% | Budget Used:  0.00/4000.0
Ep  120 | Phase: PROTAGO | Ticks: 797 | Protag R: -7547.00 | Antag R: 7548.00 | Delivery:  72.7% | Budget Used:  0.00/4000.0
Ep  121 | Phase: PROTAGO | Ticks: 778 | Protag R: -8709.00 | Antag R: 8710.00 | Delivery:  57.7% | Budget Used:  0.00/4000.0
Ep  122 | Phase: PROTAGO | Ticks: 795 | Protag R: -9127.00 | Antag R: 9128.00 | Delivery:  59.3% | Budget Used:  0.00/4000.0
Ep  123 | Phase: PROTAGO | Ticks: 797 | Protag R: -7351.00 | Antag R: 7352.00 | Delivery:  60.0% | Budget Used:  0.00/4000.0
Ep  124 | Phase: PROTAGO | Ticks: 795 | Protag R: -4704.00 | Antag R: 4704.00 | Delivery:  75.0% | Budget Used:  0.00/4000.0
Ep  125 | Phase: PROTAGO | Ticks: 786 | Protag R: -4155.00 | Antag R: 4155.00 | Delivery:  71.4% | Budget Used:  0.00/4000.0
Ep  126 | Phase: PROTAGO | Ticks: 798 | Protag R: -8502.00 | Antag R: 8503.00 | Delivery:  60.4% | Budget Used:  0.00/4000.0
Ep  127 | Phase: PROTAGO | Ticks: 792 | Protag R: -7128.00 | Antag R: 7129.00 | Delivery:  68.9% | Budget Used:  0.00/4000.0
Ep  128 | Phase: PROTAGO | Ticks: 796 | Protag R: -9104.00 | Antag R: 9105.00 | Delivery:  60.4% | Budget Used:  0.00/4000.0
Ep  129 | Phase: PROTAGO | Ticks: 779 | Protag R: -4175.00 | Antag R: 4176.00 | Delivery:  80.0% | Budget Used:  0.00/4000.0
Ep  130 | Phase: PROTAGO | Ticks: 789 | Protag R: -12275.00 | Antag R: 12276.00 | Delivery:  50.0% | Budget Used:  0.00/4000.0
Ep  131 | Phase: PROTAGO | Ticks: 787 | Protag R: -12745.00 | Antag R: 12746.00 | Delivery:  53.3% | Budget Used:  0.00/4000.0
Ep  132 | Phase: PROTAGO | Ticks: 788 | Protag R: -3665.00 | Antag R: 3665.00 | Delivery:  73.2% | Budget Used:  0.00/4000.0
Ep  133 | Phase: PROTAGO | Ticks: 777 | Protag R: -11129.00 | Antag R: 11130.00 | Delivery:  50.0% | Budget Used:  0.00/4000.0
Ep  134 | Phase: PROTAGO | Ticks: 798 | Protag R: -3984.00 | Antag R: 3985.00 | Delivery:  69.6% | Budget Used:  0.00/4000.0
Ep  135 | Phase: PROTAGO | Ticks: 789 | Protag R: -5997.00 | Antag R: 5997.00 | Delivery:  63.3% | Budget Used:  0.00/4000.0
Ep  136 | Phase: PROTAGO | Ticks: 797 | Protag R: -7593.00 | Antag R: 7594.00 | Delivery:  57.1% | Budget Used:  0.00/4000.0
Ep  137 | Phase: PROTAGO | Ticks: 796 | Protag R: -10693.00 | Antag R: 10693.00 | Delivery:  59.3% | Budget Used:  0.00/4000.0
Ep  138 | Phase: PROTAGO | Ticks: 783 | Protag R: -7891.00 | Antag R: 7892.00 | Delivery:  58.8% | Budget Used:  0.00/4000.0
Ep  139 | Phase: PROTAGO | Ticks: 798 | Protag R: -14081.00 | Antag R: 14082.00 | Delivery:  55.2% | Budget Used:  0.00/4000.0
Ep  140 | Phase: PROTAGO | Ticks: 793 | Protag R: -5783.00 | Antag R: 5783.00 | Delivery:  61.2% | Budget Used:  0.00/4000.0
Ep  141 | Phase: PROTAGO | Ticks: 799 | Protag R: -7896.00 | Antag R: 7898.00 | Delivery:  68.8% | Budget Used:  0.00/4000.0
Ep  142 | Phase: PROTAGO | Ticks: 791 | Protag R: -8734.00 | Antag R: 8735.00 | Delivery:  60.8% | Budget Used:  0.00/4000.0
Ep  143 | Phase: PROTAGO | Ticks: 780 | Protag R: -6975.00 | Antag R: 6976.00 | Delivery:  65.3% | Budget Used:  0.00/4000.0
Ep  144 | Phase: PROTAGO | Ticks: 793 | Protag R: -3204.00 | Antag R: 3205.00 | Delivery:  75.6% | Budget Used:  0.00/4000.0
Ep  145 | Phase: PROTAGO | Ticks: 780 | Protag R: -3341.00 | Antag R: 3342.00 | Delivery:  82.1% | Budget Used:  0.00/4000.0
Ep  146 | Phase: PROTAGO | Ticks: 798 | Protag R: -5224.00 | Antag R: 5225.00 | Delivery:  71.1% | Budget Used:  0.00/4000.0
Ep  147 | Phase: PROTAGO | Ticks: 792 | Protag R: -3811.00 | Antag R: 3812.00 | Delivery:  80.6% | Budget Used:  0.00/4000.0
Ep  148 | Phase: PROTAGO | Ticks: 793 | Protag R: -8777.00 | Antag R: 8778.00 | Delivery:  58.5% | Budget Used:  0.00/4000.0
Ep  149 | Phase: PROTAGO | Ticks: 794 | Protag R: -6984.00 | Antag R: 6985.00 | Delivery:  68.1% | Budget Used:  0.00/4000.0
Ep  150 | Phase: PROTAGO | Ticks: 789 | Protag R: -3540.00 | Antag R: 3540.00 | Delivery:  70.7% | Budget Used:  0.00/4000.0
  [EVAL ep 150] greedy_atk=5366 learned_atk=5828 gap=+462 +/-299 (neg = learned beats greedy under attack)
Saving checkpoints for both agents before phase switch...
Ep  151 | Phase: PROTAGO | Ticks: 780 | Protag R: -7351.00 | Antag R: 7352.00 | Delivery:  64.0% | Budget Used:  0.00/4000.0
Ep  152 | Phase: PROTAGO | Ticks: 799 | Protag R: -3347.00 | Antag R: 3347.00 | Delivery:  80.0% | Budget Used:  0.00/4000.0
Ep  153 | Phase: PROTAGO | Ticks: 799 | Protag R: -2994.00 | Antag R: 2994.00 | Delivery:  80.6% | Budget Used:  0.00/4000.0
Ep  154 | Phase: PROTAGO | Ticks: 797 | Protag R: -5788.00 | Antag R: 5789.00 | Delivery:  62.7% | Budget Used:  0.00/4000.0
Ep  155 | Phase: PROTAGO | Ticks: 791 | Protag R: -2226.00 | Antag R: 2227.00 | Delivery:  76.3% | Budget Used:  0.00/4000.0
Ep  156 | Phase: PROTAGO | Ticks: 797 | Protag R: -6807.00 | Antag R: 6808.00 | Delivery:  63.5% | Budget Used:  0.00/4000.0
Ep  157 | Phase: PROTAGO | Ticks: 795 | Protag R: -3236.00 | Antag R: 3236.00 | Delivery:  75.0% | Budget Used:  0.00/4000.0
Ep  158 | Phase: PROTAGO | Ticks: 799 | Protag R: -10666.00 | Antag R: 10667.00 | Delivery:  52.6% | Budget Used:  0.00/4000.0
Ep  159 | Phase: PROTAGO | Ticks: 799 | Protag R: -11640.00 | Antag R: 11641.00 | Delivery:  58.2% | Budget Used:  0.00/4000.0
Ep  160 | Phase: PROTAGO | Ticks: 797 | Protag R: -11372.00 | Antag R: 11372.00 | Delivery:  58.8% | Budget Used:  0.00/4000.0
Ep  161 | Phase: PROTAGO | Ticks: 795 | Protag R: -4917.00 | Antag R: 4918.00 | Delivery:  66.7% | Budget Used:  0.00/4000.0
Ep  162 | Phase: PROTAGO | Ticks: 796 | Protag R: -6618.00 | Antag R: 6619.00 | Delivery:  64.0% | Budget Used:  0.00/4000.0
Ep  163 | Phase: PROTAGO | Ticks: 787 | Protag R: -11207.00 | Antag R: 11208.00 | Delivery:  50.8% | Budget Used:  0.00/4000.0
Ep  164 | Phase: PROTAGO | Ticks: 783 | Protag R: -4067.00 | Antag R: 4068.00 | Delivery:  71.4% | Budget Used:  0.00/4000.0
Ep  165 | Phase: PROTAGO | Ticks: 786 | Protag R: -9329.00 | Antag R: 9330.00 | Delivery:  51.7% | Budget Used:  0.00/4000.0
Ep  166 | Phase: PROTAGO | Ticks: 798 | Protag R: -4581.00 | Antag R: 4582.00 | Delivery:  65.1% | Budget Used:  0.00/4000.0
Ep  167 | Phase: PROTAGO | Ticks: 799 | Protag R: -6232.00 | Antag R: 6233.00 | Delivery:  77.5% | Budget Used:  0.00/4000.0
Ep  168 | Phase: PROTAGO | Ticks: 789 | Protag R: -6567.00 | Antag R: 6568.00 | Delivery:  58.0% | Budget Used:  0.00/4000.0
Ep  169 | Phase: PROTAGO | Ticks: 795 | Protag R: -4057.00 | Antag R: 4058.00 | Delivery:  85.3% | Budget Used:  0.00/4000.0
Ep  170 | Phase: PROTAGO | Ticks: 794 | Protag R: -5231.00 | Antag R: 5231.00 | Delivery:  66.7% | Budget Used:  0.00/4000.0
Ep  171 | Phase: PROTAGO | Ticks: 799 | Protag R: -7525.00 | Antag R: 7526.00 | Delivery:  60.0% | Budget Used:  0.00/4000.0
Ep  172 | Phase: PROTAGO | Ticks: 796 | Protag R: -5112.00 | Antag R: 5113.00 | Delivery:  65.1% | Budget Used:  0.00/4000.0
Ep  173 | Phase: PROTAGO | Ticks: 797 | Protag R: -3771.00 | Antag R: 3772.00 | Delivery:  81.6% | Budget Used:  0.00/4000.0
Ep  174 | Phase: PROTAGO | Ticks: 786 | Protag R: -11229.00 | Antag R: 11231.00 | Delivery:  58.9% | Budget Used:  0.00/4000.0
Ep  175 | Phase: PROTAGO | Ticks: 795 | Protag R: -6439.00 | Antag R: 6440.00 | Delivery:  70.5% | Budget Used:  0.00/4000.0
Ep  176 | Phase: PROTAGO | Ticks: 781 | Protag R: -9093.00 | Antag R: 9094.00 | Delivery:  56.4% | Budget Used:  0.00/4000.0
Ep  177 | Phase: PROTAGO | Ticks: 790 | Protag R: -3374.00 | Antag R: 3374.00 | Delivery:  88.2% | Budget Used:  0.00/4000.0
Ep  178 | Phase: PROTAGO | Ticks: 793 | Protag R: -8985.00 | Antag R: 8986.00 | Delivery:  57.4% | Budget Used:  0.00/4000.0
Ep  179 | Phase: PROTAGO | Ticks: 797 | Protag R: -7500.00 | Antag R: 7501.00 | Delivery:  57.7% | Budget Used:  0.00/4000.0
Ep  180 | Phase: PROTAGO | Ticks: 793 | Protag R: -10362.00 | Antag R: 10363.00 | Delivery:  62.3% | Budget Used:  0.00/4000.0
Ep  181 | Phase: PROTAGO | Ticks: 796 | Protag R: -2480.00 | Antag R: 2480.00 | Delivery:  93.9% | Budget Used:  0.00/4000.0
Ep  182 | Phase: PROTAGO | Ticks: 799 | Protag R: -6662.00 | Antag R: 6662.00 | Delivery:  68.2% | Budget Used:  0.00/4000.0
Ep  183 | Phase: PROTAGO | Ticks: 795 | Protag R: -4065.00 | Antag R: 4066.00 | Delivery:  75.6% | Budget Used:  0.00/4000.0
Ep  184 | Phase: PROTAGO | Ticks: 794 | Protag R: -9124.00 | Antag R: 9126.00 | Delivery:  64.0% | Budget Used:  0.00/4000.0
Ep  185 | Phase: PROTAGO | Ticks: 783 | Protag R: -8521.00 | Antag R: 8521.00 | Delivery:  55.8% | Budget Used:  0.00/4000.0
Ep  186 | Phase: PROTAGO | Ticks: 794 | Protag R: -9388.00 | Antag R: 9389.00 | Delivery:  60.4% | Budget Used:  0.00/4000.0
Ep  187 | Phase: PROTAGO | Ticks: 796 | Protag R: -6983.00 | Antag R: 6984.00 | Delivery:  76.2% | Budget Used:  0.00/4000.0
Ep  188 | Phase: PROTAGO | Ticks: 796 | Protag R: -6182.00 | Antag R: 6183.00 | Delivery:  68.1% | Budget Used:  0.00/4000.0
Ep  189 | Phase: PROTAGO | Ticks: 786 | Protag R: -8221.00 | Antag R: 8221.00 | Delivery:  69.8% | Budget Used:  0.00/4000.0
Ep  190 | Phase: PROTAGO | Ticks: 791 | Protag R: -2947.00 | Antag R: 2948.00 | Delivery:  76.2% | Budget Used:  0.00/4000.0
Ep  191 | Phase: PROTAGO | Ticks: 791 | Protag R: -3425.00 | Antag R: 3426.00 | Delivery:  78.0% | Budget Used:  0.00/4000.0
Ep  192 | Phase: PROTAGO | Ticks: 798 | Protag R: -5204.00 | Antag R: 5205.00 | Delivery:  74.4% | Budget Used:  0.00/4000.0
Ep  193 | Phase: PROTAGO | Ticks: 786 | Protag R: -3863.00 | Antag R: 3864.00 | Delivery:  80.0% | Budget Used:  0.00/4000.0
Ep  194 | Phase: PROTAGO | Ticks: 793 | Protag R: -10170.00 | Antag R: 10171.00 | Delivery:  56.4% | Budget Used:  0.00/4000.0
Ep  195 | Phase: PROTAGO | Ticks: 798 | Protag R: -7349.00 | Antag R: 7349.00 | Delivery:  63.8% | Budget Used:  0.00/4000.0
Ep  196 | Phase: PROTAGO | Ticks: 785 | Protag R: -4098.00 | Antag R: 4099.00 | Delivery:  78.4% | Budget Used:  0.00/4000.0
Ep  197 | Phase: PROTAGO | Ticks: 792 | Protag R: -5261.00 | Antag R: 5262.00 | Delivery:  70.5% | Budget Used:  0.00/4000.0
Ep  198 | Phase: PROTAGO | Ticks: 787 | Protag R: -7517.00 | Antag R: 7518.00 | Delivery:  65.2% | Budget Used:  0.00/4000.0
Ep  199 | Phase: PROTAGO | Ticks: 797 | Protag R: -5763.00 | Antag R: 5763.00 | Delivery:  75.6% | Budget Used:  0.00/4000.0
Ep  200 | Phase: PROTAGO | Ticks: 797 | Protag R: -9152.00 | Antag R: 9153.00 | Delivery:  72.7% | Budget Used:  0.00/4000.0
  [EVAL ep 200] greedy_atk=5366 learned_atk=5845 gap=+480 +/-318 (neg = learned beats greedy under attack)
Saving checkpoints for both agents before phase switch...
Ep  201 | Phase: PROTAGO | Ticks: 798 | Protag R: -8343.00 | Antag R: 8343.00 | Delivery:  64.6% | Budget Used:  0.00/4000.0
Ep  202 | Phase: PROTAGO | Ticks: 794 | Protag R: -5837.00 | Antag R: 5838.00 | Delivery:  78.0% | Budget Used:  0.00/4000.0
Ep  203 | Phase: PROTAGO | Ticks: 792 | Protag R: -3473.00 | Antag R: 3474.00 | Delivery:  83.3% | Budget Used:  0.00/4000.0
Ep  204 | Phase: PROTAGO | Ticks: 791 | Protag R: -12085.00 | Antag R: 12085.00 | Delivery:  47.5% | Budget Used:  0.00/4000.0
Ep  205 | Phase: PROTAGO | Ticks: 792 | Protag R: -8156.00 | Antag R: 8156.00 | Delivery:  54.7% | Budget Used:  0.00/4000.0
Ep  206 | Phase: PROTAGO | Ticks: 784 | Protag R: -8431.00 | Antag R: 8431.00 | Delivery:  53.4% | Budget Used:  0.00/4000.0
Ep  207 | Phase: PROTAGO | Ticks: 787 | Protag R: -11049.00 | Antag R: 11050.00 | Delivery:  56.4% | Budget Used:  0.00/4000.0
Ep  208 | Phase: PROTAGO | Ticks: 791 | Protag R: -10555.00 | Antag R: 10556.00 | Delivery:  58.5% | Budget Used:  0.00/4000.0
Ep  209 | Phase: PROTAGO | Ticks: 799 | Protag R: -7709.00 | Antag R: 7710.00 | Delivery:  69.6% | Budget Used:  0.00/4000.0
Ep  210 | Phase: PROTAGO | Ticks: 797 | Protag R: -9703.00 | Antag R: 9704.00 | Delivery:  59.6% | Budget Used:  0.00/4000.0
Ep  211 | Phase: PROTAGO | Ticks: 796 | Protag R: -5923.00 | Antag R: 5924.00 | Delivery:  65.3% | Budget Used:  0.00/4000.0
Ep  212 | Phase: PROTAGO | Ticks: 797 | Protag R: -5067.00 | Antag R: 5068.00 | Delivery:  66.7% | Budget Used:  0.00/4000.0
Ep  213 | Phase: PROTAGO | Ticks: 787 | Protag R: -4943.00 | Antag R: 4944.00 | Delivery:  76.7% | Budget Used:  0.00/4000.0
Ep  214 | Phase: PROTAGO | Ticks: 797 | Protag R: -4967.00 | Antag R: 4968.00 | Delivery:  65.2% | Budget Used:  0.00/4000.0
Ep  215 | Phase: PROTAGO | Ticks: 793 | Protag R: -1727.00 | Antag R: 1727.00 | Delivery:  81.6% | Budget Used:  0.00/4000.0
Ep  216 | Phase: PROTAGO | Ticks: 787 | Protag R: -9067.00 | Antag R: 9068.00 | Delivery:  59.3% | Budget Used:  0.00/4000.0
Ep  217 | Phase: PROTAGO | Ticks: 789 | Protag R: -2366.00 | Antag R: 2367.00 | Delivery:  73.7% | Budget Used:  0.00/4000.0
Ep  218 | Phase: PROTAGO | Ticks: 789 | Protag R: -12558.00 | Antag R: 12559.00 | Delivery:  59.3% | Budget Used:  0.00/4000.0
Ep  219 | Phase: PROTAGO | Ticks: 785 | Protag R: -8545.00 | Antag R: 8546.00 | Delivery:  59.6% | Budget Used:  0.00/4000.0
Ep  220 | Phase: PROTAGO | Ticks: 787 | Protag R: -6462.00 | Antag R: 6464.00 | Delivery:  72.7% | Budget Used:  0.00/4000.0
Ep  221 | Phase: PROTAGO | Ticks: 787 | Protag R: -8513.00 | Antag R: 8514.00 | Delivery:  67.4% | Budget Used:  0.00/4000.0
Ep  222 | Phase: PROTAGO | Ticks: 794 | Protag R: -5557.00 | Antag R: 5558.00 | Delivery:  68.9% | Budget Used:  0.00/4000.0
Ep  223 | Phase: PROTAGO | Ticks: 798 | Protag R: -12474.00 | Antag R: 12475.00 | Delivery:  53.6% | Budget Used:  0.00/4000.0
Ep  224 | Phase: PROTAGO | Ticks: 799 | Protag R: -5732.00 | Antag R: 5733.00 | Delivery:  72.7% | Budget Used:  0.00/4000.0
Ep  225 | Phase: PROTAGO | Ticks: 788 | Protag R: -7173.00 | Antag R: 7174.00 | Delivery:  61.5% | Budget Used:  0.00/4000.0
Ep  226 | Phase: PROTAGO | Ticks: 797 | Protag R: -9933.00 | Antag R: 9935.00 | Delivery:  66.0% | Budget Used:  0.00/4000.0
Ep  227 | Phase: PROTAGO | Ticks: 777 | Protag R: -6252.00 | Antag R: 6253.00 | Delivery:  61.2% | Budget Used:  0.00/4000.0
Ep  228 | Phase: PROTAGO | Ticks: 799 | Protag R: -5356.00 | Antag R: 5356.00 | Delivery:  64.6% | Budget Used:  0.00/4000.0
Ep  229 | Phase: PROTAGO | Ticks: 785 | Protag R: -4736.00 | Antag R: 4736.00 | Delivery:  73.2% | Budget Used:  0.00/4000.0
Ep  230 | Phase: PROTAGO | Ticks: 791 | Protag R: -3739.00 | Antag R: 3739.00 | Delivery:  69.2% | Budget Used:  0.00/4000.0
Ep  231 | Phase: PROTAGO | Ticks: 797 | Protag R: -10565.00 | Antag R: 10566.00 | Delivery:  61.1% | Budget Used:  0.00/4000.0
Ep  232 | Phase: PROTAGO | Ticks: 786 | Protag R: -13397.00 | Antag R: 13398.00 | Delivery:  57.4% | Budget Used:  0.00/4000.0
Ep  233 | Phase: PROTAGO | Ticks: 794 | Protag R: -4759.00 | Antag R: 4759.00 | Delivery:  81.6% | Budget Used:  0.00/4000.0
Ep  234 | Phase: PROTAGO | Ticks: 780 | Protag R: -7292.00 | Antag R: 7292.00 | Delivery:  67.4% | Budget Used:  0.00/4000.0
Ep  235 | Phase: PROTAGO | Ticks: 791 | Protag R: -8609.00 | Antag R: 8610.00 | Delivery:  59.6% | Budget Used:  0.00/4000.0
Ep  236 | Phase: PROTAGO | Ticks: 797 | Protag R: -9117.00 | Antag R: 9118.00 | Delivery:  59.3% | Budget Used:  0.00/4000.0
Ep  237 | Phase: PROTAGO | Ticks: 799 | Protag R: -8392.00 | Antag R: 8392.00 | Delivery:  64.6% | Budget Used:  0.00/4000.0
Ep  238 | Phase: PROTAGO | Ticks: 778 | Protag R: -5203.00 | Antag R: 5204.00 | Delivery:  72.7% | Budget Used:  0.00/4000.0
Ep  239 | Phase: PROTAGO | Ticks: 782 | Protag R: -12389.00 | Antag R: 12390.00 | Delivery:  57.4% | Budget Used:  0.00/4000.0
Ep  240 | Phase: PROTAGO | Ticks: 783 | Protag R: -6044.00 | Antag R: 6044.00 | Delivery:  73.2% | Budget Used:  0.00/4000.0
Ep  241 | Phase: PROTAGO | Ticks: 792 | Protag R: -7459.00 | Antag R: 7459.00 | Delivery:  69.8% | Budget Used:  0.00/4000.0
Ep  242 | Phase: PROTAGO | Ticks: 797 | Protag R: -7763.00 | Antag R: 7764.00 | Delivery:  62.7% | Budget Used:  0.00/4000.0
Ep  243 | Phase: PROTAGO | Ticks: 789 | Protag R: -11605.00 | Antag R: 11606.00 | Delivery:  58.5% | Budget Used:  0.00/4000.0
Ep  244 | Phase: PROTAGO | Ticks: 791 | Protag R: -11516.00 | Antag R: 11517.00 | Delivery:  58.9% | Budget Used:  0.00/4000.0
Ep  245 | Phase: PROTAGO | Ticks: 797 | Protag R: -5309.00 | Antag R: 5310.00 | Delivery:  75.6% | Budget Used:  0.00/4000.0
Ep  246 | Phase: PROTAGO | Ticks: 792 | Protag R: -7675.00 | Antag R: 7676.00 | Delivery:  71.1% | Budget Used:  0.00/4000.0
Ep  247 | Phase: PROTAGO | Ticks: 791 | Protag R: -2412.00 | Antag R: 2413.00 | Delivery:  83.3% | Budget Used:  0.00/4000.0
Ep  248 | Phase: PROTAGO | Ticks: 792 | Protag R: -7906.00 | Antag R: 7906.00 | Delivery:  63.3% | Budget Used:  0.00/4000.0
Ep  249 | Phase: PROTAGO | Ticks: 784 | Protag R: -6810.00 | Antag R: 6810.00 | Delivery:  61.7% | Budget Used:  0.00/4000.0
Ep  250 | Phase: PROTAGO | Ticks: 793 | Protag R: -4870.00 | Antag R: 4871.00 | Delivery:  70.7% | Budget Used:  0.00/4000.0
  [EVAL ep 250] greedy_atk=5366 learned_atk=5883 gap=+517 +/-342 (neg = learned beats greedy under attack)
Saving checkpoints for both agents before phase switch...
Ep  251 | Phase: PROTAGO | Ticks: 794 | Protag R: -9973.00 | Antag R: 9974.00 | Delivery:  51.7% | Budget Used:  0.00/4000.0
Ep  252 | Phase: PROTAGO | Ticks: 784 | Protag R: -6381.00 | Antag R: 6382.00 | Delivery:  76.2% | Budget Used:  0.00/4000.0
Ep  253 | Phase: PROTAGO | Ticks: 790 | Protag R: -8803.00 | Antag R: 8805.00 | Delivery:  64.0% | Budget Used:  0.00/4000.0
Ep  254 | Phase: PROTAGO | Ticks: 798 | Protag R: -10332.00 | Antag R: 10333.00 | Delivery:  62.0% | Budget Used:  0.00/4000.0
Ep  255 | Phase: PROTAGO | Ticks: 786 | Protag R: -8718.00 | Antag R: 8718.00 | Delivery:  55.6% | Budget Used:  0.00/4000.0
Ep  256 | Phase: PROTAGO | Ticks: 793 | Protag R: -4709.00 | Antag R: 4710.00 | Delivery:  65.9% | Budget Used:  0.00/4000.0
Ep  257 | Phase: PROTAGO | Ticks: 796 | Protag R: -7210.00 | Antag R: 7211.00 | Delivery:  64.6% | Budget Used:  0.00/4000.0
Ep  258 | Phase: PROTAGO | Ticks: 782 | Protag R: -3576.00 | Antag R: 3577.00 | Delivery:  75.6% | Budget Used:  0.00/4000.0
Ep  259 | Phase: PROTAGO | Ticks: 792 | Protag R: -8740.00 | Antag R: 8741.00 | Delivery:  64.6% | Budget Used:  0.00/4000.0
Ep  260 | Phase: PROTAGO | Ticks: 798 | Protag R: -11246.00 | Antag R: 11247.00 | Delivery:  53.3% | Budget Used:  0.00/4000.0
Ep  261 | Phase: PROTAGO | Ticks: 784 | Protag R: -5755.00 | Antag R: 5756.00 | Delivery:  72.1% | Budget Used:  0.00/4000.0
Ep  262 | Phase: PROTAGO | Ticks: 781 | Protag R: -7567.00 | Antag R: 7568.00 | Delivery:  60.8% | Budget Used:  0.00/4000.0
Ep  263 | Phase: PROTAGO | Ticks: 798 | Protag R: -3697.00 | Antag R: 3697.00 | Delivery:  81.6% | Budget Used:  0.00/4000.0
Ep  264 | Phase: PROTAGO | Ticks: 784 | Protag R: -4879.00 | Antag R: 4880.00 | Delivery:  70.7% | Budget Used:  0.00/4000.0
Ep  265 | Phase: PROTAGO | Ticks: 777 | Protag R: -5945.00 | Antag R: 5945.00 | Delivery:  66.7% | Budget Used:  0.00/4000.0
Ep  266 | Phase: PROTAGO | Ticks: 791 | Protag R: -12061.00 | Antag R: 12062.00 | Delivery:  53.3% | Budget Used:  0.00/4000.0
Ep  267 | Phase: PROTAGO | Ticks: 791 | Protag R: -6688.00 | Antag R: 6688.00 | Delivery:  62.0% | Budget Used:  0.00/4000.0
Ep  268 | Phase: PROTAGO | Ticks: 795 | Protag R: -5218.00 | Antag R: 5219.00 | Delivery:  63.3% | Budget Used:  0.00/4000.0
Ep  269 | Phase: PROTAGO | Ticks: 792 | Protag R: -4203.00 | Antag R: 4204.00 | Delivery:  72.1% | Budget Used:  0.00/4000.0
Ep  270 | Phase: PROTAGO | Ticks: 789 | Protag R: -6298.00 | Antag R: 6299.00 | Delivery:  61.2% | Budget Used:  0.00/4000.0
Ep  271 | Phase: PROTAGO | Ticks: 779 | Protag R: -9533.00 | Antag R: 9534.00 | Delivery:  56.1% | Budget Used:  0.00/4000.0
Ep  272 | Phase: PROTAGO | Ticks: 790 | Protag R: -9914.00 | Antag R: 9915.00 | Delivery:  69.6% | Budget Used:  0.00/4000.0
Ep  273 | Phase: PROTAGO | Ticks: 797 | Protag R: -6554.00 | Antag R: 6555.00 | Delivery:  71.1% | Budget Used:  0.00/4000.0
Ep  274 | Phase: PROTAGO | Ticks: 799 | Protag R: -8870.00 | Antag R: 8870.00 | Delivery:  58.5% | Budget Used:  0.00/4000.0
Ep  275 | Phase: PROTAGO | Ticks: 791 | Protag R: -8390.00 | Antag R: 8391.00 | Delivery:  69.6% | Budget Used:  0.00/4000.0
Ep  276 | Phase: PROTAGO | Ticks: 792 | Protag R: -6381.00 | Antag R: 6381.00 | Delivery:  66.0% | Budget Used:  0.00/4000.0
Ep  277 | Phase: PROTAGO | Ticks: 791 | Protag R: -8656.00 | Antag R: 8658.00 | Delivery:  68.9% | Budget Used:  0.00/4000.0
Ep  278 | Phase: PROTAGO | Ticks: 782 | Protag R: -4801.00 | Antag R: 4802.00 | Delivery:  64.6% | Budget Used:  0.00/4000.0
Ep  279 | Phase: PROTAGO | Ticks: 788 | Protag R: -5618.00 | Antag R: 5619.00 | Delivery:  64.6% | Budget Used:  0.00/4000.0
Ep  280 | Phase: PROTAGO | Ticks: 782 | Protag R: -10707.00 | Antag R: 10708.00 | Delivery:  55.4% | Budget Used:  0.00/4000.0
Ep  281 | Phase: PROTAGO | Ticks: 799 | Protag R: -5650.00 | Antag R: 5651.00 | Delivery:  74.4% | Budget Used:  0.00/4000.0
Ep  282 | Phase: PROTAGO | Ticks: 797 | Protag R: -6994.00 | Antag R: 6996.00 | Delivery:  69.6% | Budget Used:  0.00/4000.0
Ep  283 | Phase: PROTAGO | Ticks: 792 | Protag R: -10753.00 | Antag R: 10753.00 | Delivery:  50.0% | Budget Used:  0.00/4000.0
Ep  284 | Phase: PROTAGO | Ticks: 792 | Protag R: -7093.00 | Antag R: 7093.00 | Delivery:  63.8% | Budget Used:  0.00/4000.0
Ep  285 | Phase: PROTAGO | Ticks: 791 | Protag R: -3388.00 | Antag R: 3388.00 | Delivery:  76.5% | Budget Used:  0.00/4000.0
Ep  286 | Phase: PROTAGO | Ticks: 788 | Protag R: -3766.00 | Antag R: 3766.00 | Delivery:  72.5% | Budget Used:  0.00/4000.0
Ep  287 | Phase: PROTAGO | Ticks: 785 | Protag R: -4516.00 | Antag R: 4517.00 | Delivery:  69.2% | Budget Used:  0.00/4000.0
Ep  288 | Phase: PROTAGO | Ticks: 795 | Protag R: -9469.00 | Antag R: 9470.00 | Delivery:  53.3% | Budget Used:  0.00/4000.0
Ep  289 | Phase: PROTAGO | Ticks: 795 | Protag R: -8452.00 | Antag R: 8453.00 | Delivery:  62.0% | Budget Used:  0.00/4000.0
Ep  290 | Phase: PROTAGO | Ticks: 794 | Protag R: -8577.00 | Antag R: 8578.00 | Delivery:  69.6% | Budget Used:  0.00/4000.0
Ep  291 | Phase: PROTAGO | Ticks: 795 | Protag R: -9424.00 | Antag R: 9425.00 | Delivery:  54.2% | Budget Used:  0.00/4000.0
Ep  292 | Phase: PROTAGO | Ticks: 796 | Protag R: -8971.00 | Antag R: 8972.00 | Delivery:  66.0% | Budget Used:  0.00/4000.0
Ep  293 | Phase: PROTAGO | Ticks: 787 | Protag R: -9691.00 | Antag R: 9692.00 | Delivery:  62.5% | Budget Used:  0.00/4000.0
Ep  294 | Phase: PROTAGO | Ticks: 799 | Protag R: -11466.00 | Antag R: 11467.00 | Delivery:  46.9% | Budget Used:  0.00/4000.0
Ep  295 | Phase: PROTAGO | Ticks: 787 | Protag R: -5944.00 | Antag R: 5945.00 | Delivery:  66.7% | Budget Used:  0.00/4000.0
Ep  296 | Phase: PROTAGO | Ticks: 788 | Protag R: -7225.00 | Antag R: 7225.00 | Delivery:  56.9% | Budget Used:  0.00/4000.0
Ep  297 | Phase: PROTAGO | Ticks: 793 | Protag R: -4141.00 | Antag R: 4142.00 | Delivery:  80.0% | Budget Used:  0.00/4000.0
Ep  298 | Phase: PROTAGO | Ticks: 791 | Protag R: -10453.00 | Antag R: 10454.00 | Delivery:  60.4% | Budget Used:  0.00/4000.0
Ep  299 | Phase: PROTAGO | Ticks: 790 | Protag R: -9945.00 | Antag R: 9945.00 | Delivery:  59.6% | Budget Used:  0.00/4000.0
Ep  300 | Phase: PROTAGO | Ticks: 799 | Protag R: -6950.00 | Antag R: 6950.00 | Delivery:  60.4% | Budget Used:  0.00/4000.0
  [EVAL ep 300] greedy_atk=5366 learned_atk=5735 gap=+369 +/-243 (neg = learned beats greedy under attack)
Saving checkpoints for both agents before phase switch...
Ep  301 | Phase: PROTAGO | Ticks: 787 | Protag R: -1940.00 | Antag R: 1941.00 | Delivery:  91.2% | Budget Used:  0.00/4000.0
Ep  302 | Phase: PROTAGO | Ticks: 786 | Protag R: -4477.00 | Antag R: 4478.00 | Delivery:  70.7% | Budget Used:  0.00/4000.0
Ep  303 | Phase: PROTAGO | Ticks: 786 | Protag R: -6866.00 | Antag R: 6867.00 | Delivery:  70.5% | Budget Used:  0.00/4000.0
Ep  304 | Phase: PROTAGO | Ticks: 797 | Protag R: -6276.00 | Antag R: 6277.00 | Delivery:  63.3% | Budget Used:  0.00/4000.0
Ep  305 | Phase: PROTAGO | Ticks: 798 | Protag R: -5113.00 | Antag R: 5114.00 | Delivery:  73.8% | Budget Used:  0.00/4000.0
Ep  306 | Phase: PROTAGO | Ticks: 797 | Protag R: -9796.00 | Antag R: 9796.00 | Delivery:  60.4% | Budget Used:  0.00/4000.0
Ep  307 | Phase: PROTAGO | Ticks: 794 | Protag R: -8100.00 | Antag R: 8101.00 | Delivery:  58.2% | Budget Used:  0.00/4000.0
Ep  308 | Phase: PROTAGO | Ticks: 785 | Protag R: -10085.00 | Antag R: 10085.00 | Delivery:  65.2% | Budget Used:  0.00/4000.0
Ep  309 | Phase: PROTAGO | Ticks: 797 | Protag R: -7455.00 | Antag R: 7456.00 | Delivery:  64.0% | Budget Used:  0.00/4000.0
Ep  310 | Phase: PROTAGO | Ticks: 798 | Protag R: -6279.00 | Antag R: 6281.00 | Delivery:  60.8% | Budget Used:  0.00/4000.0
Ep  311 | Phase: PROTAGO | Ticks: 781 | Protag R: -8406.00 | Antag R: 8407.00 | Delivery:  63.3% | Budget Used:  0.00/4000.0
Ep  312 | Phase: PROTAGO | Ticks: 779 | Protag R: -8717.00 | Antag R: 8718.00 | Delivery:  74.4% | Budget Used:  0.00/4000.0
Ep  313 | Phase: PROTAGO | Ticks: 796 | Protag R: -7613.00 | Antag R: 7613.00 | Delivery:  67.4% | Budget Used:  0.00/4000.0
Ep  314 | Phase: PROTAGO | Ticks: 789 | Protag R: -4673.00 | Antag R: 4675.00 | Delivery:  73.3% | Budget Used:  0.00/4000.0
Ep  315 | Phase: PROTAGO | Ticks: 785 | Protag R: -5128.00 | Antag R: 5129.00 | Delivery:  66.7% | Budget Used:  0.00/4000.0
Ep  316 | Phase: PROTAGO | Ticks: 790 | Protag R: -5413.00 | Antag R: 5414.00 | Delivery:  62.0% | Budget Used:  0.00/4000.0
Ep  317 | Phase: PROTAGO | Ticks: 788 | Protag R: -15385.00 | Antag R: 15386.00 | Delivery:  43.1% | Budget Used:  0.00/4000.0
Ep  318 | Phase: PROTAGO | Ticks: 794 | Protag R: -4481.00 | Antag R: 4482.00 | Delivery:  69.8% | Budget Used:  0.00/4000.0
Ep  319 | Phase: PROTAGO | Ticks: 796 | Protag R: -4385.00 | Antag R: 4386.00 | Delivery:  76.2% | Budget Used:  0.00/4000.0
Ep  320 | Phase: PROTAGO | Ticks: 792 | Protag R: -3008.00 | Antag R: 3008.00 | Delivery:  78.8% | Budget Used:  0.00/4000.0
Ep  321 | Phase: PROTAGO | Ticks: 789 | Protag R: -4866.00 | Antag R: 4867.00 | Delivery:  58.3% | Budget Used:  0.00/4000.0
Ep  322 | Phase: PROTAGO | Ticks: 799 | Protag R: -2552.00 | Antag R: 2553.00 | Delivery:  73.8% | Budget Used:  0.00/4000.0
Ep  323 | Phase: PROTAGO | Ticks: 787 | Protag R: -6782.00 | Antag R: 6783.00 | Delivery:  61.5% | Budget Used:  0.00/4000.0
Ep  324 | Phase: PROTAGO | Ticks: 789 | Protag R: -9801.00 | Antag R: 9802.00 | Delivery:  58.2% | Budget Used:  0.00/4000.0
Ep  325 | Phase: PROTAGO | Ticks: 779 | Protag R: -3831.00 | Antag R: 3832.00 | Delivery:  71.1% | Budget Used:  0.00/4000.0
Ep  326 | Phase: PROTAGO | Ticks: 793 | Protag R: -2936.00 | Antag R: 2937.00 | Delivery:  85.7% | Budget Used:  0.00/4000.0
Ep  327 | Phase: PROTAGO | Ticks: 784 | Protag R: -4800.00 | Antag R: 4801.00 | Delivery:  77.5% | Budget Used:  0.00/4000.0
Ep  328 | Phase: PROTAGO | Ticks: 779 | Protag R: -5613.00 | Antag R: 5613.00 | Delivery:  73.8% | Budget Used:  0.00/4000.0
Ep  329 | Phase: PROTAGO | Ticks: 798 | Protag R: -13126.00 | Antag R: 13126.00 | Delivery:  49.2% | Budget Used:  0.00/4000.0
Ep  330 | Phase: PROTAGO | Ticks: 790 | Protag R: -9026.00 | Antag R: 9027.00 | Delivery:  54.4% | Budget Used:  0.00/4000.0
Ep  331 | Phase: PROTAGO | Ticks: 793 | Protag R: -5564.00 | Antag R: 5565.00 | Delivery:  64.6% | Budget Used:  0.00/4000.0
Ep  332 | Phase: PROTAGO | Ticks: 781 | Protag R: -3675.00 | Antag R: 3676.00 | Delivery:  74.4% | Budget Used:  0.00/4000.0
Ep  333 | Phase: PROTAGO | Ticks: 791 | Protag R: -6032.00 | Antag R: 6033.00 | Delivery:  66.0% | Budget Used:  0.00/4000.0
Ep  334 | Phase: PROTAGO | Ticks: 795 | Protag R: -7630.00 | Antag R: 7631.00 | Delivery:  68.1% | Budget Used:  0.00/4000.0
Ep  335 | Phase: PROTAGO | Ticks: 794 | Protag R: -7155.00 | Antag R: 7156.00 | Delivery:  71.7% | Budget Used:  0.00/4000.0
Ep  336 | Phase: PROTAGO | Ticks: 794 | Protag R: -4281.00 | Antag R: 4282.00 | Delivery:  74.4% | Budget Used:  0.00/4000.0
Ep  337 | Phase: PROTAGO | Ticks: 796 | Protag R: -4776.00 | Antag R: 4777.00 | Delivery:  68.1% | Budget Used:  0.00/4000.0
Ep  338 | Phase: PROTAGO | Ticks: 787 | Protag R: -8780.00 | Antag R: 8780.00 | Delivery:  61.2% | Budget Used:  0.00/4000.0
Ep  339 | Phase: PROTAGO | Ticks: 792 | Protag R: -4780.00 | Antag R: 4781.00 | Delivery:  69.8% | Budget Used:  0.00/4000.0
Ep  340 | Phase: PROTAGO | Ticks: 783 | Protag R: -7965.00 | Antag R: 7966.00 | Delivery:  71.1% | Budget Used:  0.00/4000.0
Ep  341 | Phase: PROTAGO | Ticks: 788 | Protag R: -9972.00 | Antag R: 9973.00 | Delivery:  62.0% | Budget Used:  0.00/4000.0
Ep  342 | Phase: PROTAGO | Ticks: 791 | Protag R: -6055.00 | Antag R: 6055.00 | Delivery:  66.0% | Budget Used:  0.00/4000.0
Ep  343 | Phase: PROTAGO | Ticks: 792 | Protag R: -8400.00 | Antag R: 8401.00 | Delivery:  67.4% | Budget Used:  0.00/4000.0
Ep  344 | Phase: PROTAGO | Ticks: 792 | Protag R: -5741.00 | Antag R: 5741.00 | Delivery:  70.0% | Budget Used:  0.00/4000.0
Ep  345 | Phase: PROTAGO | Ticks: 799 | Protag R: -5723.00 | Antag R: 5724.00 | Delivery:  78.0% | Budget Used:  0.00/4000.0
Ep  346 | Phase: PROTAGO | Ticks: 784 | Protag R: -7120.00 | Antag R: 7121.00 | Delivery:  58.5% | Budget Used:  0.00/4000.0
Ep  347 | Phase: PROTAGO | Ticks: 784 | Protag R: -6429.00 | Antag R: 6430.00 | Delivery:  67.4% | Budget Used:  0.00/4000.0
Ep  348 | Phase: PROTAGO | Ticks: 788 | Protag R: -2874.00 | Antag R: 2874.00 | Delivery:  90.9% | Budget Used:  0.00/4000.0
Ep  349 | Phase: PROTAGO | Ticks: 792 | Protag R: -9683.00 | Antag R: 9684.00 | Delivery:  59.6% | Budget Used:  0.00/4000.0
Ep  350 | Phase: PROTAGO | Ticks: 787 | Protag R: -6501.00 | Antag R: 6502.00 | Delivery:  66.0% | Budget Used:  0.00/4000.0
  [EVAL ep 350] greedy_atk=5366 learned_atk=5740 gap=+375 +/-251 (neg = learned beats greedy under attack)
Saving checkpoints for both agents before phase switch...
Ep  351 | Phase: PROTAGO | Ticks: 793 | Protag R: -5624.00 | Antag R: 5624.00 | Delivery:  70.7% | Budget Used:  0.00/4000.0
Ep  352 | Phase: PROTAGO | Ticks: 798 | Protag R: -7579.00 | Antag R: 7580.00 | Delivery:  71.1% | Budget Used:  0.00/4000.0
Ep  353 | Phase: PROTAGO | Ticks: 796 | Protag R: -4853.00 | Antag R: 4853.00 | Delivery:  59.2% | Budget Used:  0.00/4000.0
Ep  354 | Phase: PROTAGO | Ticks: 795 | Protag R: -8324.00 | Antag R: 8325.00 | Delivery:  67.4% | Budget Used:  0.00/4000.0
Ep  355 | Phase: PROTAGO | Ticks: 790 | Protag R: -6715.00 | Antag R: 6716.00 | Delivery:  64.0% | Budget Used:  0.00/4000.0
Ep  356 | Phase: PROTAGO | Ticks: 792 | Protag R: -7221.00 | Antag R: 7222.00 | Delivery:  66.7% | Budget Used:  0.00/4000.0
Ep  357 | Phase: PROTAGO | Ticks: 794 | Protag R: -4136.00 | Antag R: 4137.00 | Delivery:  72.1% | Budget Used:  0.00/4000.0
Ep  358 | Phase: PROTAGO | Ticks: 791 | Protag R: -4921.00 | Antag R: 4921.00 | Delivery:  71.8% | Budget Used:  0.00/4000.0
Ep  359 | Phase: PROTAGO | Ticks: 789 | Protag R: -7228.00 | Antag R: 7229.00 | Delivery:  65.2% | Budget Used:  0.00/4000.0
Ep  360 | Phase: PROTAGO | Ticks: 790 | Protag R: -6567.00 | Antag R: 6568.00 | Delivery:  67.4% | Budget Used:  0.00/4000.0
Ep  361 | Phase: PROTAGO | Ticks: 794 | Protag R: -9918.00 | Antag R: 9919.00 | Delivery:  62.5% | Budget Used:  0.00/4000.0
Ep  362 | Phase: PROTAGO | Ticks: 783 | Protag R: -9995.00 | Antag R: 9996.00 | Delivery:  62.3% | Budget Used:  0.00/4000.0
Ep  363 | Phase: PROTAGO | Ticks: 796 | Protag R: -14631.00 | Antag R: 14632.00 | Delivery:  52.5% | Budget Used:  0.00/4000.0
Ep  364 | Phase: PROTAGO | Ticks: 787 | Protag R: -12737.00 | Antag R: 12737.00 | Delivery:  54.5% | Budget Used:  0.00/4000.0
Ep  365 | Phase: PROTAGO | Ticks: 788 | Protag R: -5131.00 | Antag R: 5132.00 | Delivery:  80.0% | Budget Used:  0.00/4000.0
Ep  366 | Phase: PROTAGO | Ticks: 796 | Protag R: -11187.00 | Antag R: 11188.00 | Delivery:  58.2% | Budget Used:  0.00/4000.0
Ep  367 | Phase: PROTAGO | Ticks: 791 | Protag R: -7249.00 | Antag R: 7249.00 | Delivery:  62.7% | Budget Used:  0.00/4000.0
Ep  368 | Phase: PROTAGO | Ticks: 793 | Protag R: -8237.00 | Antag R: 8238.00 | Delivery:  64.6% | Budget Used:  0.00/4000.0
Ep  369 | Phase: PROTAGO | Ticks: 795 | Protag R: -7299.00 | Antag R: 7300.00 | Delivery:  62.7% | Budget Used:  0.00/4000.0
Ep  370 | Phase: PROTAGO | Ticks: 797 | Protag R: -6897.00 | Antag R: 6898.00 | Delivery:  68.9% | Budget Used:  0.00/4000.0
Ep  371 | Phase: PROTAGO | Ticks: 791 | Protag R: -11451.00 | Antag R: 11452.00 | Delivery:  62.7% | Budget Used:  0.00/4000.0
Ep  372 | Phase: PROTAGO | Ticks: 795 | Protag R: -5661.00 | Antag R: 5661.00 | Delivery:  63.4% | Budget Used:  0.00/4000.0
Ep  373 | Phase: PROTAGO | Ticks: 790 | Protag R: -8357.00 | Antag R: 8357.00 | Delivery:  60.0% | Budget Used:  0.00/4000.0
Ep  374 | Phase: PROTAGO | Ticks: 793 | Protag R: -4909.00 | Antag R: 4910.00 | Delivery:  65.3% | Budget Used:  0.00/4000.0
Ep  375 | Phase: PROTAGO | Ticks: 779 | Protag R: -15816.00 | Antag R: 15817.00 | Delivery:  46.5% | Budget Used:  0.00/4000.0
Ep  376 | Phase: PROTAGO | Ticks: 794 | Protag R: -2043.00 | Antag R: 2044.00 | Delivery:  79.4% | Budget Used:  0.00/4000.0
Ep  377 | Phase: PROTAGO | Ticks: 793 | Protag R: -5297.00 | Antag R: 5298.00 | Delivery:  73.8% | Budget Used:  0.00/4000.0
Ep  378 | Phase: PROTAGO | Ticks: 779 | Protag R: -7086.00 | Antag R: 7087.00 | Delivery:  68.2% | Budget Used:  0.00/4000.0
Ep  379 | Phase: PROTAGO | Ticks: 789 | Protag R: -6490.00 | Antag R: 6490.00 | Delivery:  66.7% | Budget Used:  0.00/4000.0
Ep  380 | Phase: PROTAGO | Ticks: 787 | Protag R: -6547.00 | Antag R: 6548.00 | Delivery:  70.5% | Budget Used:  0.00/4000.0
Ep  381 | Phase: PROTAGO | Ticks: 789 | Protag R: -3622.00 | Antag R: 3623.00 | Delivery:  70.5% | Budget Used:  0.00/4000.0
Ep  382 | Phase: PROTAGO | Ticks: 794 | Protag R: -7033.00 | Antag R: 7034.00 | Delivery:  68.9% | Budget Used:  0.00/4000.0
Ep  383 | Phase: PROTAGO | Ticks: 791 | Protag R: -5693.00 | Antag R: 5694.00 | Delivery:  70.5% | Budget Used:  0.00/4000.0
Ep  384 | Phase: PROTAGO | Ticks: 790 | Protag R: -10427.00 | Antag R: 10428.00 | Delivery:  60.4% | Budget Used:  0.00/4000.0
Ep  385 | Phase: PROTAGO | Ticks: 789 | Protag R: -10051.00 | Antag R: 10052.00 | Delivery:  54.5% | Budget Used:  0.00/4000.0
Ep  386 | Phase: PROTAGO | Ticks: 798 | Protag R: -6017.00 | Antag R: 6017.00 | Delivery:  72.5% | Budget Used:  0.00/4000.0
Ep  387 | Phase: PROTAGO | Ticks: 790 | Protag R: -8853.00 | Antag R: 8854.00 | Delivery:  52.6% | Budget Used:  0.00/4000.0
Ep  388 | Phase: PROTAGO | Ticks: 799 | Protag R: -2046.00 | Antag R: 2047.00 | Delivery:  86.1% | Budget Used:  0.00/4000.0
Ep  389 | Phase: PROTAGO | Ticks: 791 | Protag R: -3821.00 | Antag R: 3822.00 | Delivery:  71.1% | Budget Used:  0.00/4000.0
Ep  390 | Phase: PROTAGO | Ticks: 788 | Protag R: -7463.00 | Antag R: 7464.00 | Delivery:  67.4% | Budget Used:  0.00/4000.0
Ep  391 | Phase: PROTAGO | Ticks: 794 | Protag R: -9009.00 | Antag R: 9009.00 | Delivery:  55.6% | Budget Used:  0.00/4000.0
Ep  392 | Phase: PROTAGO | Ticks: 796 | Protag R: -12730.00 | Antag R: 12731.00 | Delivery:  53.3% | Budget Used:  0.00/4000.0
Ep  393 | Phase: PROTAGO | Ticks: 787 | Protag R: -4808.00 | Antag R: 4808.00 | Delivery:  66.7% | Budget Used:  0.00/4000.0
Ep  394 | Phase: PROTAGO | Ticks: 784 | Protag R: -10034.00 | Antag R: 10034.00 | Delivery:  47.5% | Budget Used:  0.00/4000.0
Ep  395 | Phase: PROTAGO | Ticks: 786 | Protag R: -6808.00 | Antag R: 6809.00 | Delivery:  61.5% | Budget Used:  0.00/4000.0
Ep  396 | Phase: PROTAGO | Ticks: 788 | Protag R: -10455.00 | Antag R: 10456.00 | Delivery:  60.4% | Budget Used:  0.00/4000.0
Ep  397 | Phase: PROTAGO | Ticks: 797 | Protag R: -10649.00 | Antag R: 10650.00 | Delivery:  55.2% | Budget Used:  0.00/4000.0
Ep  398 | Phase: PROTAGO | Ticks: 796 | Protag R: -6415.00 | Antag R: 6416.00 | Delivery:  67.4% | Budget Used:  0.00/4000.0
Ep  399 | Phase: PROTAGO | Ticks: 799 | Protag R: -6038.00 | Antag R: 6039.00 | Delivery:  69.6% | Budget Used:  0.00/4000.0
Ep  400 | Phase: PROTAGO | Ticks: 778 | Protag R: -11781.00 | Antag R: 11782.00 | Delivery:  53.6% | Budget Used:  0.00/4000.0
  [EVAL ep 400] greedy_atk=5366 learned_atk=5733 gap=+367 +/-251 (neg = learned beats greedy under attack)
Saving checkpoints for both agents before phase switch...
Ep  401 | Phase: PROTAGO | Ticks: 789 | Protag R: -6079.00 | Antag R: 6079.00 | Delivery:  68.2% | Budget Used:  0.00/4000.0
Ep  402 | Phase: PROTAGO | Ticks: 795 | Protag R: -5896.00 | Antag R: 5896.00 | Delivery:  65.1% | Budget Used:  0.00/4000.0
Ep  403 | Phase: PROTAGO | Ticks: 798 | Protag R: -7793.00 | Antag R: 7794.00 | Delivery:  63.3% | Budget Used:  0.00/4000.0
Ep  404 | Phase: PROTAGO | Ticks: 796 | Protag R: -2238.00 | Antag R: 2239.00 | Delivery:  78.9% | Budget Used:  0.00/4000.0
Ep  405 | Phase: PROTAGO | Ticks: 782 | Protag R: -4910.00 | Antag R: 4911.00 | Delivery:  71.1% | Budget Used:  0.00/4000.0
Ep  406 | Phase: PROTAGO | Ticks: 785 | Protag R: -8638.00 | Antag R: 8639.00 | Delivery:  63.3% | Budget Used:  0.00/4000.0
Ep  407 | Phase: PROTAGO | Ticks: 796 | Protag R: -7449.00 | Antag R: 7450.00 | Delivery:  69.0% | Budget Used:  0.00/4000.0
Ep  408 | Phase: PROTAGO | Ticks: 784 | Protag R: -11353.00 | Antag R: 11354.00 | Delivery:  54.4% | Budget Used:  0.00/4000.0
Ep  409 | Phase: PROTAGO | Ticks: 792 | Protag R: -4867.00 | Antag R: 4868.00 | Delivery:  75.6% | Budget Used:  0.00/4000.0
Ep  410 | Phase: PROTAGO | Ticks: 788 | Protag R: -2207.00 | Antag R: 2208.00 | Delivery:  73.2% | Budget Used:  0.00/4000.0
Ep  411 | Phase: PROTAGO | Ticks: 780 | Protag R: -8382.00 | Antag R: 8383.00 | Delivery:  64.0% | Budget Used:  0.00/4000.0
Ep  412 | Phase: PROTAGO | Ticks: 791 | Protag R: -5901.00 | Antag R: 5902.00 | Delivery:  71.1% | Budget Used:  0.00/4000.0
Ep  413 | Phase: PROTAGO | Ticks: 789 | Protag R: -9104.00 | Antag R: 9105.00 | Delivery:  62.5% | Budget Used:  0.00/4000.0
Ep  414 | Phase: PROTAGO | Ticks: 788 | Protag R: -6280.00 | Antag R: 6280.00 | Delivery:  66.7% | Budget Used:  0.00/4000.0
Ep  415 | Phase: PROTAGO | Ticks: 798 | Protag R: -3409.00 | Antag R: 3409.00 | Delivery:  74.4% | Budget Used:  0.00/4000.0
Ep  416 | Phase: PROTAGO | Ticks: 794 | Protag R: -10581.00 | Antag R: 10582.00 | Delivery:  57.4% | Budget Used:  0.00/4000.0
Ep  417 | Phase: PROTAGO | Ticks: 790 | Protag R: -7135.00 | Antag R: 7135.00 | Delivery:  70.5% | Budget Used:  0.00/4000.0
Ep  418 | Phase: PROTAGO | Ticks: 793 | Protag R: -3729.00 | Antag R: 3729.00 | Delivery:  91.4% | Budget Used:  0.00/4000.0
Ep  419 | Phase: PROTAGO | Ticks: 795 | Protag R: -6426.00 | Antag R: 6426.00 | Delivery:  58.3% | Budget Used:  0.00/4000.0
Ep  420 | Phase: PROTAGO | Ticks: 788 | Protag R: -11374.00 | Antag R: 11375.00 | Delivery:  55.4% | Budget Used:  0.00/4000.0
Ep  421 | Phase: PROTAGO | Ticks: 785 | Protag R: -7926.00 | Antag R: 7927.00 | Delivery:  74.4% | Budget Used:  0.00/4000.0
Ep  422 | Phase: PROTAGO | Ticks: 793 | Protag R: -6378.00 | Antag R: 6380.00 | Delivery:  62.7% | Budget Used:  0.00/4000.0
Ep  423 | Phase: PROTAGO | Ticks: 793 | Protag R: -10334.00 | Antag R: 10335.00 | Delivery:  51.7% | Budget Used:  0.00/4000.0
Ep  424 | Phase: PROTAGO | Ticks: 792 | Protag R: -2064.00 | Antag R: 2064.00 | Delivery:  77.1% | Budget Used:  0.00/4000.0
Ep  425 | Phase: PROTAGO | Ticks: 788 | Protag R: -11216.00 | Antag R: 11216.00 | Delivery:  50.8% | Budget Used:  0.00/4000.0
Ep  426 | Phase: PROTAGO | Ticks: 799 | Protag R: -5181.00 | Antag R: 5182.00 | Delivery:  77.5% | Budget Used:  0.00/4000.0
Ep  427 | Phase: PROTAGO | Ticks: 787 | Protag R: -8645.00 | Antag R: 8645.00 | Delivery:  61.2% | Budget Used:  0.00/4000.0
Ep  428 | Phase: PROTAGO | Ticks: 792 | Protag R: -4612.00 | Antag R: 4613.00 | Delivery:  68.9% | Budget Used:  0.00/4000.0
Ep  429 | Phase: PROTAGO | Ticks: 787 | Protag R: -12545.00 | Antag R: 12546.00 | Delivery:  47.7% | Budget Used:  0.00/4000.0
Ep  430 | Phase: PROTAGO | Ticks: 788 | Protag R: -10518.00 | Antag R: 10519.00 | Delivery:  56.4% | Budget Used:  0.00/4000.0
Ep  431 | Phase: PROTAGO | Ticks: 796 | Protag R: -5893.00 | Antag R: 5894.00 | Delivery:  64.6% | Budget Used:  0.00/4000.0
Ep  432 | Phase: PROTAGO | Ticks: 794 | Protag R: -7374.00 | Antag R: 7375.00 | Delivery:  70.5% | Budget Used:  0.00/4000.0
Ep  433 | Phase: PROTAGO | Ticks: 797 | Protag R: -4228.00 | Antag R: 4229.00 | Delivery:  80.5% | Budget Used:  0.00/4000.0
Ep  434 | Phase: PROTAGO | Ticks: 798 | Protag R: -7915.00 | Antag R: 7915.00 | Delivery:  62.5% | Budget Used:  0.00/4000.0
Ep  435 | Phase: PROTAGO | Ticks: 782 | Protag R: -8190.00 | Antag R: 8191.00 | Delivery:  58.5% | Budget Used:  0.00/4000.0
Ep  436 | Phase: PROTAGO | Ticks: 787 | Protag R: -8893.00 | Antag R: 8894.00 | Delivery:  62.7% | Budget Used:  0.00/4000.0
Ep  437 | Phase: PROTAGO | Ticks: 794 | Protag R: -11110.00 | Antag R: 11110.00 | Delivery:  57.1% | Budget Used:  0.00/4000.0
Ep  438 | Phase: PROTAGO | Ticks: 791 | Protag R: -3372.00 | Antag R: 3373.00 | Delivery:  73.2% | Budget Used:  0.00/4000.0
Ep  439 | Phase: PROTAGO | Ticks: 782 | Protag R: -7144.00 | Antag R: 7145.00 | Delivery:  63.3% | Budget Used:  0.00/4000.0
Ep  440 | Phase: PROTAGO | Ticks: 796 | Protag R: -3562.00 | Antag R: 3563.00 | Delivery:  69.0% | Budget Used:  0.00/4000.0
Ep  441 | Phase: PROTAGO | Ticks: 788 | Protag R: -3471.00 | Antag R: 3472.00 | Delivery:  70.3% | Budget Used:  0.00/4000.0
Ep  442 | Phase: PROTAGO | Ticks: 791 | Protag R: -5240.00 | Antag R: 5241.00 | Delivery:  70.2% | Budget Used:  0.00/4000.0
Ep  443 | Phase: PROTAGO | Ticks: 798 | Protag R: -6546.00 | Antag R: 6546.00 | Delivery:  68.2% | Budget Used:  0.00/4000.0
Ep  444 | Phase: PROTAGO | Ticks: 793 | Protag R: -6095.00 | Antag R: 6096.00 | Delivery:  66.7% | Budget Used:  0.00/4000.0
Ep  445 | Phase: PROTAGO | Ticks: 791 | Protag R: -3056.00 | Antag R: 3057.00 | Delivery:  85.7% | Budget Used:  0.00/4000.0
Ep  446 | Phase: PROTAGO | Ticks: 779 | Protag R: -9664.00 | Antag R: 9665.00 | Delivery:  54.2% | Budget Used:  0.00/4000.0
Ep  447 | Phase: PROTAGO | Ticks: 779 | Protag R: -3353.00 | Antag R: 3353.00 | Delivery:  85.3% | Budget Used:  0.00/4000.0
Ep  448 | Phase: PROTAGO | Ticks: 798 | Protag R: -9160.00 | Antag R: 9160.00 | Delivery:  52.6% | Budget Used:  0.00/4000.0
Ep  449 | Phase: PROTAGO | Ticks: 783 | Protag R: -8427.00 | Antag R: 8428.00 | Delivery:  62.7% | Budget Used:  0.00/4000.0
Ep  450 | Phase: PROTAGO | Ticks: 798 | Protag R: -13082.00 | Antag R: 13083.00 | Delivery:  49.2% | Budget Used:  0.00/4000.0
  [EVAL ep 450] greedy_atk=5366 learned_atk=5766 gap=+400 +/-271 (neg = learned beats greedy under attack)
Saving checkpoints for both agents before phase switch...
Ep  451 | Phase: PROTAGO | Ticks: 799 | Protag R: -8922.00 | Antag R: 8923.00 | Delivery:  62.0% | Budget Used:  0.00/4000.0
Ep  452 | Phase: PROTAGO | Ticks: 792 | Protag R: -7851.00 | Antag R: 7852.00 | Delivery:  68.1% | Budget Used:  0.00/4000.0
Ep  453 | Phase: PROTAGO | Ticks: 788 | Protag R: -8371.00 | Antag R: 8372.00 | Delivery:  68.1% | Budget Used:  0.00/4000.0
Ep  454 | Phase: PROTAGO | Ticks: 797 | Protag R: -10594.00 | Antag R: 10595.00 | Delivery:  54.5% | Budget Used:  0.00/4000.0
Ep  455 | Phase: PROTAGO | Ticks: 782 | Protag R: -10416.00 | Antag R: 10416.00 | Delivery:  56.9% | Budget Used:  0.00/4000.0
Ep  456 | Phase: PROTAGO | Ticks: 792 | Protag R: -5147.00 | Antag R: 5148.00 | Delivery:  80.0% | Budget Used:  0.00/4000.0
Ep  457 | Phase: PROTAGO | Ticks: 787 | Protag R: -1640.00 | Antag R: 1641.00 | Delivery:  74.2% | Budget Used:  0.00/4000.0
Ep  458 | Phase: PROTAGO | Ticks: 791 | Protag R: -1145.00 | Antag R: 1145.00 | Delivery:  89.7% | Budget Used:  0.00/4000.0
Ep  459 | Phase: PROTAGO | Ticks: 791 | Protag R: -7995.00 | Antag R: 7996.00 | Delivery:  60.4% | Budget Used:  0.00/4000.0
Ep  460 | Phase: PROTAGO | Ticks: 786 | Protag R: -4565.00 | Antag R: 4566.00 | Delivery:  63.8% | Budget Used:  0.00/4000.0
Ep  461 | Phase: PROTAGO | Ticks: 791 | Protag R: -3651.00 | Antag R: 3652.00 | Delivery:  72.7% | Budget Used:  0.00/4000.0
Ep  462 | Phase: PROTAGO | Ticks: 791 | Protag R: -8546.00 | Antag R: 8546.00 | Delivery:  57.4% | Budget Used:  0.00/4000.0
Ep  463 | Phase: PROTAGO | Ticks: 792 | Protag R: -3935.00 | Antag R: 3935.00 | Delivery:  77.5% | Budget Used:  0.00/4000.0
Ep  464 | Phase: PROTAGO | Ticks: 792 | Protag R: -8605.00 | Antag R: 8606.00 | Delivery:  59.3% | Budget Used:  0.00/4000.0
Ep  465 | Phase: PROTAGO | Ticks: 797 | Protag R: -6821.00 | Antag R: 6822.00 | Delivery:  58.5% | Budget Used:  0.00/4000.0
Ep  466 | Phase: PROTAGO | Ticks: 798 | Protag R: -5717.00 | Antag R: 5718.00 | Delivery:  69.6% | Budget Used:  0.00/4000.0
Ep  467 | Phase: PROTAGO | Ticks: 792 | Protag R: -10265.00 | Antag R: 10267.00 | Delivery:  59.6% | Budget Used:  0.00/4000.0
Ep  468 | Phase: PROTAGO | Ticks: 787 | Protag R: -6264.00 | Antag R: 6265.00 | Delivery:  64.1% | Budget Used:  0.00/4000.0
Ep  469 | Phase: PROTAGO | Ticks: 791 | Protag R: -3224.00 | Antag R: 3225.00 | Delivery:  71.4% | Budget Used:  0.00/4000.0
Ep  470 | Phase: PROTAGO | Ticks: 786 | Protag R: -10827.00 | Antag R: 10828.00 | Delivery:  52.5% | Budget Used:  0.00/4000.0
Ep  471 | Phase: PROTAGO | Ticks: 788 | Protag R: -4861.00 | Antag R: 4862.00 | Delivery:  67.4% | Budget Used:  0.00/4000.0
Ep  472 | Phase: PROTAGO | Ticks: 789 | Protag R: -3797.00 | Antag R: 3798.00 | Delivery:  72.5% | Budget Used:  0.00/4000.0
Ep  473 | Phase: PROTAGO | Ticks: 790 | Protag R: -6482.00 | Antag R: 6482.00 | Delivery:  72.1% | Budget Used:  0.00/4000.0
Ep  474 | Phase: PROTAGO | Ticks: 795 | Protag R: -1803.00 | Antag R: 1804.00 | Delivery:  93.3% | Budget Used:  0.00/4000.0
Ep  475 | Phase: PROTAGO | Ticks: 798 | Protag R: -7559.00 | Antag R: 7560.00 | Delivery:  58.5% | Budget Used:  0.00/4000.0
Ep  476 | Phase: PROTAGO | Ticks: 791 | Protag R: -7272.00 | Antag R: 7273.00 | Delivery:  72.1% | Budget Used:  0.00/4000.0
Ep  477 | Phase: PROTAGO | Ticks: 793 | Protag R: -8186.00 | Antag R: 8187.00 | Delivery:  69.6% | Budget Used:  0.00/4000.0
Ep  478 | Phase: PROTAGO | Ticks: 789 | Protag R: -8582.00 | Antag R: 8583.00 | Delivery:  60.4% | Budget Used:  0.00/4000.0
Ep  479 | Phase: PROTAGO | Ticks: 787 | Protag R: -10011.00 | Antag R: 10012.00 | Delivery:  56.6% | Budget Used:  0.00/4000.0
Ep  480 | Phase: PROTAGO | Ticks: 776 | Protag R: -5260.00 | Antag R: 5261.00 | Delivery:  72.7% | Budget Used:  0.00/4000.0
Ep  481 | Phase: PROTAGO | Ticks: 798 | Protag R: -6699.00 | Antag R: 6700.00 | Delivery:  66.7% | Budget Used:  0.00/4000.0
Ep  482 | Phase: PROTAGO | Ticks: 794 | Protag R: -3683.00 | Antag R: 3683.00 | Delivery:  69.2% | Budget Used:  0.00/4000.0
Ep  483 | Phase: PROTAGO | Ticks: 794 | Protag R: -5810.00 | Antag R: 5811.00 | Delivery:  67.4% | Budget Used:  0.00/4000.0
Ep  484 | Phase: PROTAGO | Ticks: 781 | Protag R: -12628.00 | Antag R: 12629.00 | Delivery:  52.5% | Budget Used:  0.00/4000.0
Ep  485 | Phase: PROTAGO | Ticks: 779 | Protag R: -10519.00 | Antag R: 10520.00 | Delivery:  61.5% | Budget Used:  0.00/4000.0
Ep  486 | Phase: PROTAGO | Ticks: 797 | Protag R: -10288.00 | Antag R: 10289.00 | Delivery:  53.4% | Budget Used:  0.00/4000.0
Ep  487 | Phase: PROTAGO | Ticks: 795 | Protag R: -6519.00 | Antag R: 6520.00 | Delivery:  55.6% | Budget Used:  0.00/4000.0
Ep  488 | Phase: PROTAGO | Ticks: 789 | Protag R: -13364.00 | Antag R: 13365.00 | Delivery:  52.5% | Budget Used:  0.00/4000.0
Ep  489 | Phase: PROTAGO | Ticks: 794 | Protag R: -6867.00 | Antag R: 6868.00 | Delivery:  71.1% | Budget Used:  0.00/4000.0
Ep  490 | Phase: PROTAGO | Ticks: 794 | Protag R: -7378.00 | Antag R: 7379.00 | Delivery:  71.1% | Budget Used:  0.00/4000.0
Ep  491 | Phase: PROTAGO | Ticks: 795 | Protag R: -5242.00 | Antag R: 5243.00 | Delivery:  68.2% | Budget Used:  0.00/4000.0
Ep  492 | Phase: PROTAGO | Ticks: 796 | Protag R: -10578.00 | Antag R: 10579.00 | Delivery:  58.9% | Budget Used:  0.00/4000.0
Ep  493 | Phase: PROTAGO | Ticks: 786 | Protag R: -8685.00 | Antag R: 8686.00 | Delivery:  58.2% | Budget Used:  0.00/4000.0
Ep  494 | Phase: PROTAGO | Ticks: 794 | Protag R: -10200.00 | Antag R: 10201.00 | Delivery:  55.4% | Budget Used:  0.00/4000.0
Ep  495 | Phase: PROTAGO | Ticks: 789 | Protag R: -9997.00 | Antag R: 9997.00 | Delivery:  60.0% | Budget Used:  0.00/4000.0
Ep  496 | Phase: PROTAGO | Ticks: 787 | Protag R: -6842.00 | Antag R: 6842.00 | Delivery:  67.4% | Budget Used:  0.00/4000.0
Ep  497 | Phase: PROTAGO | Ticks: 787 | Protag R: -11792.00 | Antag R: 11793.00 | Delivery:  53.4% | Budget Used:  0.00/4000.0
Ep  498 | Phase: PROTAGO | Ticks: 796 | Protag R: -5367.00 | Antag R: 5368.00 | Delivery:  78.0% | Budget Used:  0.00/4000.0
Ep  499 | Phase: PROTAGO | Ticks: 798 | Protag R: -7675.00 | Antag R: 7676.00 | Delivery:  61.2% | Budget Used:  0.00/4000.0
Ep  500 | Phase: PROTAGO | Ticks: 796 | Protag R: -6038.00 | Antag R: 6038.00 | Delivery:  76.9% | Budget Used:  0.00/4000.0
  [EVAL ep 500] greedy_atk=5366 learned_atk=5733 gap=+367 +/-251 (neg = learned beats greedy under attack)
Saving checkpoints for both agents before phase switch...
Ep  501 | Phase: PROTAGO | Ticks: 790 | Protag R: -6413.00 | Antag R: 6413.00 | Delivery:  62.5% | Budget Used:  0.00/4000.0
Ep  502 | Phase: PROTAGO | Ticks: 791 | Protag R: -10418.00 | Antag R: 10419.00 | Delivery:  55.4% | Budget Used:  0.00/4000.0
Ep  503 | Phase: PROTAGO | Ticks: 793 | Protag R: -13299.00 | Antag R: 13300.00 | Delivery:  50.0% | Budget Used:  0.00/4000.0
Ep  504 | Phase: PROTAGO | Ticks: 790 | Protag R: -14425.00 | Antag R: 14427.00 | Delivery:  50.0% | Budget Used:  0.00/4000.0
Ep  505 | Phase: PROTAGO | Ticks: 795 | Protag R: -8414.00 | Antag R: 8415.00 | Delivery:  64.0% | Budget Used:  0.00/4000.0
Ep  506 | Phase: PROTAGO | Ticks: 784 | Protag R: -6476.00 | Antag R: 6477.00 | Delivery:  65.3% | Budget Used:  0.00/4000.0
Ep  507 | Phase: PROTAGO | Ticks: 785 | Protag R: -8652.00 | Antag R: 8653.00 | Delivery:  59.6% | Budget Used:  0.00/4000.0
Ep  508 | Phase: PROTAGO | Ticks: 794 | Protag R: -7693.00 | Antag R: 7693.00 | Delivery:  66.7% | Budget Used:  0.00/4000.0
Ep  509 | Phase: PROTAGO | Ticks: 781 | Protag R: -5336.00 | Antag R: 5336.00 | Delivery:  66.7% | Budget Used:  0.00/4000.0
Ep  510 | Phase: PROTAGO | Ticks: 789 | Protag R: -4009.00 | Antag R: 4009.00 | Delivery:  77.8% | Budget Used:  0.00/4000.0
Ep  511 | Phase: PROTAGO | Ticks: 798 | Protag R: -10630.00 | Antag R: 10631.00 | Delivery:  63.3% | Budget Used:  0.00/4000.0
Ep  512 | Phase: PROTAGO | Ticks: 795 | Protag R: -2227.00 | Antag R: 2228.00 | Delivery:  90.3% | Budget Used:  0.00/4000.0
Ep  513 | Phase: PROTAGO | Ticks: 798 | Protag R: -7379.00 | Antag R: 7380.00 | Delivery:  66.7% | Budget Used:  0.00/4000.0
Ep  514 | Phase: PROTAGO | Ticks: 788 | Protag R: -7024.00 | Antag R: 7025.00 | Delivery:  61.5% | Budget Used:  0.00/4000.0
Ep  515 | Phase: PROTAGO | Ticks: 793 | Protag R: -9599.00 | Antag R: 9600.00 | Delivery:  55.4% | Budget Used:  0.00/4000.0
Ep  516 | Phase: PROTAGO | Ticks: 790 | Protag R: -9793.00 | Antag R: 9794.00 | Delivery:  56.1% | Budget Used:  0.00/4000.0
Ep  517 | Phase: PROTAGO | Ticks: 798 | Protag R: -6549.00 | Antag R: 6549.00 | Delivery:  61.7% | Budget Used:  0.00/4000.0
Ep  518 | Phase: PROTAGO | Ticks: 790 | Protag R: -10346.00 | Antag R: 10346.00 | Delivery:  56.4% | Budget Used:  0.00/4000.0
Ep  519 | Phase: PROTAGO | Ticks: 789 | Protag R: -14170.00 | Antag R: 14170.00 | Delivery:  56.4% | Budget Used:  0.00/4000.0
Ep  520 | Phase: PROTAGO | Ticks: 784 | Protag R: -8224.00 | Antag R: 8225.00 | Delivery:  57.7% | Budget Used:  0.00/4000.0
Ep  521 | Phase: PROTAGO | Ticks: 796 | Protag R: -15298.00 | Antag R: 15299.00 | Delivery:  45.6% | Budget Used:  0.00/4000.0
Ep  522 | Phase: PROTAGO | Ticks: 796 | Protag R: -10291.00 | Antag R: 10292.00 | Delivery:  57.7% | Budget Used:  0.00/4000.0
Ep  523 | Phase: PROTAGO | Ticks: 797 | Protag R: -11022.00 | Antag R: 11022.00 | Delivery:  51.9% | Budget Used:  0.00/4000.0
Ep  524 | Phase: PROTAGO | Ticks: 799 | Protag R: -8203.00 | Antag R: 8204.00 | Delivery:  62.7% | Budget Used:  0.00/4000.0
Ep  525 | Phase: PROTAGO | Ticks: 785 | Protag R: -5278.00 | Antag R: 5279.00 | Delivery:  75.0% | Budget Used:  0.00/4000.0
Ep  526 | Phase: PROTAGO | Ticks: 796 | Protag R: -7811.00 | Antag R: 7811.00 | Delivery:  68.9% | Budget Used:  0.00/4000.0
Ep  527 | Phase: PROTAGO | Ticks: 782 | Protag R: -9553.00 | Antag R: 9554.00 | Delivery:  55.4% | Budget Used:  0.00/4000.0
Ep  528 | Phase: PROTAGO | Ticks: 792 | Protag R: -6275.00 | Antag R: 6276.00 | Delivery:  73.8% | Budget Used:  0.00/4000.0
Ep  529 | Phase: PROTAGO | Ticks: 786 | Protag R: -6551.00 | Antag R: 6552.00 | Delivery:  79.5% | Budget Used:  0.00/4000.0
Ep  530 | Phase: PROTAGO | Ticks: 798 | Protag R: -12940.00 | Antag R: 12941.00 | Delivery:  54.2% | Budget Used:  0.00/4000.0
Ep  531 | Phase: PROTAGO | Ticks: 793 | Protag R: -12094.00 | Antag R: 12095.00 | Delivery:  57.1% | Budget Used:  0.00/4000.0
Ep  532 | Phase: PROTAGO | Ticks: 788 | Protag R: -9637.00 | Antag R: 9638.00 | Delivery:  56.4% | Budget Used:  0.00/4000.0
Ep  533 | Phase: PROTAGO | Ticks: 787 | Protag R: -4413.00 | Antag R: 4413.00 | Delivery:  78.9% | Budget Used:  0.00/4000.0
Ep  534 | Phase: PROTAGO | Ticks: 796 | Protag R: -7013.00 | Antag R: 7014.00 | Delivery:  62.0% | Budget Used:  0.00/4000.0
Ep  535 | Phase: PROTAGO | Ticks: 789 | Protag R: -4793.00 | Antag R: 4794.00 | Delivery:  74.4% | Budget Used:  0.00/4000.0
Ep  536 | Phase: PROTAGO | Ticks: 785 | Protag R: -5381.00 | Antag R: 5382.00 | Delivery:  75.6% | Budget Used:  0.00/4000.0
Ep  537 | Phase: PROTAGO | Ticks: 790 | Protag R: -7984.00 | Antag R: 7985.00 | Delivery:  58.8% | Budget Used:  0.00/4000.0
Ep  538 | Phase: PROTAGO | Ticks: 788 | Protag R: -2410.00 | Antag R: 2411.00 | Delivery:  83.8% | Budget Used:  0.00/4000.0
Ep  539 | Phase: PROTAGO | Ticks: 798 | Protag R: -6524.00 | Antag R: 6525.00 | Delivery:  64.6% | Budget Used:  0.00/4000.0
Ep  540 | Phase: PROTAGO | Ticks: 780 | Protag R: -9938.00 | Antag R: 9939.00 | Delivery:  56.4% | Budget Used:  0.00/4000.0
Ep  541 | Phase: PROTAGO | Ticks: 793 | Protag R: -6990.00 | Antag R: 6991.00 | Delivery:  68.1% | Budget Used:  0.00/4000.0
Ep  542 | Phase: PROTAGO | Ticks: 798 | Protag R: -9504.00 | Antag R: 9504.00 | Delivery:  55.4% | Budget Used:  0.00/4000.0
Ep  543 | Phase: PROTAGO | Ticks: 793 | Protag R: -8329.00 | Antag R: 8330.00 | Delivery:  63.3% | Budget Used:  0.00/4000.0
Ep  544 | Phase: PROTAGO | Ticks: 789 | Protag R: -5037.00 | Antag R: 5038.00 | Delivery:  83.8% | Budget Used:  0.00/4000.0
Ep  545 | Phase: PROTAGO | Ticks: 797 | Protag R: -8856.00 | Antag R: 8857.00 | Delivery:  71.1% | Budget Used:  0.00/4000.0
Ep  546 | Phase: PROTAGO | Ticks: 792 | Protag R: -1368.00 | Antag R: 1369.00 | Delivery:  80.6% | Budget Used:  0.00/4000.0
Ep  547 | Phase: PROTAGO | Ticks: 790 | Protag R: -7704.00 | Antag R: 7705.00 | Delivery:  58.5% | Budget Used:  0.00/4000.0
Ep  548 | Phase: PROTAGO | Ticks: 786 | Protag R: -6373.00 | Antag R: 6374.00 | Delivery:  66.0% | Budget Used:  0.00/4000.0
Ep  549 | Phase: PROTAGO | Ticks: 778 | Protag R: -9533.00 | Antag R: 9533.00 | Delivery:  62.0% | Budget Used:  0.00/4000.0
Ep  550 | Phase: PROTAGO | Ticks: 792 | Protag R: -4330.00 | Antag R: 4330.00 | Delivery:  70.0% | Budget Used:  0.00/4000.0
  [EVAL ep 550] greedy_atk=5366 learned_atk=5733 gap=+367 +/-251 (neg = learned beats greedy under attack)
Saving checkpoints for both agents before phase switch...
Ep  551 | Phase: PROTAGO | Ticks: 795 | Protag R: -2625.00 | Antag R: 2626.00 | Delivery:  78.9% | Budget Used:  0.00/4000.0
Ep  552 | Phase: PROTAGO | Ticks: 793 | Protag R: -3253.00 | Antag R: 3254.00 | Delivery:  78.4% | Budget Used:  0.00/4000.0
Ep  553 | Phase: PROTAGO | Ticks: 790 | Protag R: -6408.00 | Antag R: 6409.00 | Delivery:  67.4% | Budget Used:  0.00/4000.0
Ep  554 | Phase: PROTAGO | Ticks: 795 | Protag R: -2313.00 | Antag R: 2314.00 | Delivery:  83.3% | Budget Used:  0.00/4000.0
Ep  555 | Phase: PROTAGO | Ticks: 795 | Protag R: -3360.00 | Antag R: 3361.00 | Delivery:  88.6% | Budget Used:  0.00/4000.0
Ep  556 | Phase: PROTAGO | Ticks: 798 | Protag R: -11142.00 | Antag R: 11143.00 | Delivery:  59.3% | Budget Used:  0.00/4000.0
Ep  557 | Phase: PROTAGO | Ticks: 793 | Protag R: -9928.00 | Antag R: 9928.00 | Delivery:  61.2% | Budget Used:  0.00/4000.0
Ep  558 | Phase: PROTAGO | Ticks: 788 | Protag R: -11478.00 | Antag R: 11478.00 | Delivery:  49.2% | Budget Used:  0.00/4000.0
Ep  559 | Phase: PROTAGO | Ticks: 792 | Protag R: -7583.00 | Antag R: 7584.00 | Delivery:  78.0% | Budget Used:  0.00/4000.0
Ep  560 | Phase: PROTAGO | Ticks: 792 | Protag R: -3665.00 | Antag R: 3665.00 | Delivery:  74.4% | Budget Used:  0.00/4000.0
Ep  561 | Phase: PROTAGO | Ticks: 799 | Protag R: -8494.00 | Antag R: 8494.00 | Delivery:  61.2% | Budget Used:  0.00/4000.0
Ep  562 | Phase: PROTAGO | Ticks: 788 | Protag R: -4329.00 | Antag R: 4330.00 | Delivery:  67.4% | Budget Used:  0.00/4000.0
Ep  563 | Phase: PROTAGO | Ticks: 786 | Protag R: -2786.00 | Antag R: 2787.00 | Delivery:  73.0% | Budget Used:  0.00/4000.0
Ep  564 | Phase: PROTAGO | Ticks: 780 | Protag R: -10320.00 | Antag R: 10321.00 | Delivery:  58.5% | Budget Used:  0.00/4000.0
Ep  565 | Phase: PROTAGO | Ticks: 794 | Protag R: -13749.00 | Antag R: 13750.00 | Delivery:  46.3% | Budget Used:  0.00/4000.0
Ep  566 | Phase: PROTAGO | Ticks: 799 | Protag R: -9242.00 | Antag R: 9243.00 | Delivery:  64.7% | Budget Used:  0.00/4000.0
Ep  567 | Phase: PROTAGO | Ticks: 793 | Protag R: -8599.00 | Antag R: 8600.00 | Delivery:  61.2% | Budget Used:  0.00/4000.0
Ep  568 | Phase: PROTAGO | Ticks: 787 | Protag R: -10316.00 | Antag R: 10317.00 | Delivery:  62.7% | Budget Used:  0.00/4000.0
Ep  569 | Phase: PROTAGO | Ticks: 782 | Protag R: -7803.00 | Antag R: 7805.00 | Delivery:  64.0% | Budget Used:  0.00/4000.0
Ep  570 | Phase: PROTAGO | Ticks: 781 | Protag R: -6973.00 | Antag R: 6974.00 | Delivery:  64.6% | Budget Used:  0.00/4000.0
Ep  571 | Phase: PROTAGO | Ticks: 790 | Protag R: -5178.00 | Antag R: 5179.00 | Delivery:  64.6% | Budget Used:  0.00/4000.0
Ep  572 | Phase: PROTAGO | Ticks: 797 | Protag R: -3280.00 | Antag R: 3281.00 | Delivery:  86.5% | Budget Used:  0.00/4000.0
Ep  573 | Phase: PROTAGO | Ticks: 797 | Protag R: -10695.00 | Antag R: 10696.00 | Delivery:  60.4% | Budget Used:  0.00/4000.0
Ep  574 | Phase: PROTAGO | Ticks: 797 | Protag R: -10062.00 | Antag R: 10064.00 | Delivery:  59.3% | Budget Used:  0.00/4000.0
Ep  575 | Phase: PROTAGO | Ticks: 794 | Protag R: -4027.00 | Antag R: 4028.00 | Delivery:  77.5% | Budget Used:  0.00/4000.0
Ep  576 | Phase: PROTAGO | Ticks: 799 | Protag R: -8897.00 | Antag R: 8897.00 | Delivery:  65.2% | Budget Used:  0.00/4000.0
Ep  577 | Phase: PROTAGO | Ticks: 791 | Protag R: -6817.00 | Antag R: 6818.00 | Delivery:  68.1% | Budget Used:  0.00/4000.0
Ep  578 | Phase: PROTAGO | Ticks: 798 | Protag R: -10697.00 | Antag R: 10698.00 | Delivery:  52.5% | Budget Used:  0.00/4000.0
Ep  579 | Phase: PROTAGO | Ticks: 799 | Protag R: -11060.00 | Antag R: 11061.00 | Delivery:  55.2% | Budget Used:  0.00/4000.0
Ep  580 | Phase: PROTAGO | Ticks: 794 | Protag R: -12222.00 | Antag R: 12223.00 | Delivery:  51.6% | Budget Used:  0.00/4000.0
Ep  581 | Phase: PROTAGO | Ticks: 783 | Protag R: -7486.00 | Antag R: 7487.00 | Delivery:  75.6% | Budget Used:  0.00/4000.0
Ep  582 | Phase: PROTAGO | Ticks: 779 | Protag R: -4390.00 | Antag R: 4391.00 | Delivery:  71.1% | Budget Used:  0.00/4000.0
Ep  583 | Phase: PROTAGO | Ticks: 794 | Protag R: -6354.00 | Antag R: 6355.00 | Delivery:  53.8% | Budget Used:  0.00/4000.0
Ep  584 | Phase: PROTAGO | Ticks: 797 | Protag R: -9418.00 | Antag R: 9418.00 | Delivery:  63.8% | Budget Used:  0.00/4000.0
Ep  585 | Phase: PROTAGO | Ticks: 785 | Protag R: -4787.00 | Antag R: 4788.00 | Delivery:  67.4% | Budget Used:  0.00/4000.0
Ep  586 | Phase: PROTAGO | Ticks: 786 | Protag R: -9254.00 | Antag R: 9255.00 | Delivery:  56.6% | Budget Used:  0.00/4000.0
Ep  587 | Phase: PROTAGO | Ticks: 791 | Protag R: -8856.00 | Antag R: 8857.00 | Delivery:  59.6% | Budget Used:  0.00/4000.0
Ep  588 | Phase: PROTAGO | Ticks: 776 | Protag R: -9784.00 | Antag R: 9785.00 | Delivery:  59.3% | Budget Used:  0.00/4000.0
Ep  589 | Phase: PROTAGO | Ticks: 786 | Protag R: -3429.00 | Antag R: 3430.00 | Delivery:  73.2% | Budget Used:  0.00/4000.0
Ep  590 | Phase: PROTAGO | Ticks: 798 | Protag R: -4038.00 | Antag R: 4038.00 | Delivery:  71.1% | Budget Used:  0.00/4000.0
Ep  591 | Phase: PROTAGO | Ticks: 797 | Protag R: -11450.00 | Antag R: 11451.00 | Delivery:  55.4% | Budget Used:  0.00/4000.0
Ep  592 | Phase: PROTAGO | Ticks: 796 | Protag R: -2782.00 | Antag R: 2782.00 | Delivery:  81.1% | Budget Used:  0.00/4000.0
Ep  593 | Phase: PROTAGO | Ticks: 788 | Protag R: -8271.00 | Antag R: 8272.00 | Delivery:  61.5% | Budget Used:  0.00/4000.0
Ep  594 | Phase: PROTAGO | Ticks: 791 | Protag R: -6024.00 | Antag R: 6025.00 | Delivery:  60.8% | Budget Used:  0.00/4000.0
Ep  595 | Phase: PROTAGO | Ticks: 787 | Protag R: -1278.00 | Antag R: 1279.00 | Delivery:  90.0% | Budget Used:  0.00/4000.0
Ep  596 | Phase: PROTAGO | Ticks: 788 | Protag R: -6486.00 | Antag R: 6486.00 | Delivery:  61.4% | Budget Used:  0.00/4000.0
Ep  597 | Phase: PROTAGO | Ticks: 795 | Protag R: -9571.00 | Antag R: 9572.00 | Delivery:  61.5% | Budget Used:  0.00/4000.0
Ep  598 | Phase: PROTAGO | Ticks: 788 | Protag R: -5635.00 | Antag R: 5635.00 | Delivery:  65.9% | Budget Used:  0.00/4000.0
Ep  599 | Phase: PROTAGO | Ticks: 794 | Protag R: -15570.00 | Antag R: 15571.00 | Delivery:  50.8% | Budget Used:  0.00/4000.0
Ep  600 | Phase: PROTAGO | Ticks: 786 | Protag R: -9391.00 | Antag R: 9392.00 | Delivery:  64.0% | Budget Used:  0.00/4000.0
  [EVAL ep 600] greedy_atk=5366 learned_atk=5731 gap=+365 +/-249 (neg = learned beats greedy under attack)
Saving checkpoints for both agents before phase switch...
Ep  601 | Phase: PROTAGO | Ticks: 797 | Protag R: -3330.00 | Antag R: 3331.00 | Delivery:  69.8% | Budget Used:  0.00/4000.0
Ep  602 | Phase: PROTAGO | Ticks: 790 | Protag R: -6500.00 | Antag R: 6501.00 | Delivery:  70.5% | Budget Used:  0.00/4000.0
Ep  603 | Phase: PROTAGO | Ticks: 791 | Protag R: -4296.00 | Antag R: 4297.00 | Delivery:  69.6% | Budget Used:  0.00/4000.0
Ep  604 | Phase: PROTAGO | Ticks: 796 | Protag R: -8775.00 | Antag R: 8775.00 | Delivery:  66.7% | Budget Used:  0.00/4000.0
Ep  605 | Phase: PROTAGO | Ticks: 785 | Protag R: -5073.00 | Antag R: 5074.00 | Delivery:  81.6% | Budget Used:  0.00/4000.0
Ep  606 | Phase: PROTAGO | Ticks: 791 | Protag R: -6707.00 | Antag R: 6707.00 | Delivery:  67.4% | Budget Used:  0.00/4000.0
Ep  607 | Phase: PROTAGO | Ticks: 795 | Protag R: -3055.00 | Antag R: 3056.00 | Delivery:  70.7% | Budget Used:  0.00/4000.0
Ep  608 | Phase: PROTAGO | Ticks: 793 | Protag R: -3974.00 | Antag R: 3975.00 | Delivery:  74.4% | Budget Used:  0.00/4000.0
Ep  609 | Phase: PROTAGO | Ticks: 791 | Protag R: -9026.00 | Antag R: 9027.00 | Delivery:  64.0% | Budget Used:  0.00/4000.0
Ep  610 | Phase: PROTAGO | Ticks: 789 | Protag R: -5856.00 | Antag R: 5857.00 | Delivery:  73.8% | Budget Used:  0.00/4000.0
Ep  611 | Phase: PROTAGO | Ticks: 791 | Protag R: -8481.00 | Antag R: 8482.00 | Delivery:  59.6% | Budget Used:  0.00/4000.0
Ep  612 | Phase: PROTAGO | Ticks: 791 | Protag R: -7488.00 | Antag R: 7489.00 | Delivery:  60.8% | Budget Used:  0.00/4000.0
Ep  613 | Phase: PROTAGO | Ticks: 793 | Protag R: -13332.00 | Antag R: 13332.00 | Delivery:  55.4% | Budget Used:  0.00/4000.0
Ep  614 | Phase: PROTAGO | Ticks: 791 | Protag R: -6441.00 | Antag R: 6442.00 | Delivery:  73.8% | Budget Used:  0.00/4000.0
Ep  615 | Phase: PROTAGO | Ticks: 796 | Protag R: -13401.00 | Antag R: 13402.00 | Delivery:  55.0% | Budget Used:  0.00/4000.0
Ep  616 | Phase: PROTAGO | Ticks: 793 | Protag R: -6556.00 | Antag R: 6557.00 | Delivery:  63.3% | Budget Used:  0.00/4000.0
Ep  617 | Phase: PROTAGO | Ticks: 793 | Protag R: -3771.00 | Antag R: 3772.00 | Delivery:  86.1% | Budget Used:  0.00/4000.0
Ep  618 | Phase: PROTAGO | Ticks: 796 | Protag R: -5113.00 | Antag R: 5113.00 | Delivery:  69.0% | Budget Used:  0.00/4000.0
Ep  619 | Phase: PROTAGO | Ticks: 798 | Protag R: -6592.00 | Antag R: 6593.00 | Delivery:  72.1% | Budget Used:  0.00/4000.0
Ep  620 | Phase: PROTAGO | Ticks: 780 | Protag R: -4492.00 | Antag R: 4492.00 | Delivery:  75.0% | Budget Used:  0.00/4000.0
Ep  621 | Phase: PROTAGO | Ticks: 784 | Protag R: -8182.00 | Antag R: 8182.00 | Delivery:  62.5% | Budget Used:  0.00/4000.0
Ep  622 | Phase: PROTAGO | Ticks: 779 | Protag R: -10459.00 | Antag R: 10460.00 | Delivery:  59.6% | Budget Used:  0.00/4000.0
Ep  623 | Phase: PROTAGO | Ticks: 798 | Protag R: -8285.00 | Antag R: 8285.00 | Delivery:  62.7% | Budget Used:  0.00/4000.0
Ep  624 | Phase: PROTAGO | Ticks: 792 | Protag R: -6765.00 | Antag R: 6766.00 | Delivery:  63.3% | Budget Used:  0.00/4000.0
Ep  625 | Phase: PROTAGO | Ticks: 795 | Protag R: -6986.00 | Antag R: 6987.00 | Delivery:  74.4% | Budget Used:  0.00/4000.0
Ep  626 | Phase: PROTAGO | Ticks: 787 | Protag R: -10137.00 | Antag R: 10138.00 | Delivery:  58.5% | Budget Used:  0.00/4000.0
Ep  627 | Phase: PROTAGO | Ticks: 779 | Protag R: -6707.00 | Antag R: 6708.00 | Delivery:  65.2% | Budget Used:  0.00/4000.0
Ep  628 | Phase: PROTAGO | Ticks: 796 | Protag R: -4638.00 | Antag R: 4639.00 | Delivery:  63.8% | Budget Used:  0.00/4000.0
Ep  629 | Phase: PROTAGO | Ticks: 796 | Protag R: -8422.00 | Antag R: 8423.00 | Delivery:  66.0% | Budget Used:  0.00/4000.0
Ep  630 | Phase: PROTAGO | Ticks: 794 | Protag R: -8125.00 | Antag R: 8126.00 | Delivery:  59.3% | Budget Used:  0.00/4000.0
Ep  631 | Phase: PROTAGO | Ticks: 792 | Protag R: -11741.00 | Antag R: 11741.00 | Delivery:  54.5% | Budget Used:  0.00/4000.0
Ep  632 | Phase: PROTAGO | Ticks: 791 | Protag R: -3194.00 | Antag R: 3194.00 | Delivery:  78.9% | Budget Used:  0.00/4000.0
Ep  633 | Phase: PROTAGO | Ticks: 794 | Protag R: -4701.00 | Antag R: 4702.00 | Delivery:  72.1% | Budget Used:  0.00/4000.0
Ep  634 | Phase: PROTAGO | Ticks: 798 | Protag R: -6492.00 | Antag R: 6493.00 | Delivery:  65.1% | Budget Used:  0.00/4000.0
Ep  635 | Phase: PROTAGO | Ticks: 780 | Protag R: -11688.00 | Antag R: 11689.00 | Delivery:  52.6% | Budget Used:  0.00/4000.0
Ep  636 | Phase: PROTAGO | Ticks: 786 | Protag R: -9569.00 | Antag R: 9570.00 | Delivery:  53.4% | Budget Used:  0.00/4000.0
Ep  637 | Phase: PROTAGO | Ticks: 799 | Protag R: -4287.00 | Antag R: 4288.00 | Delivery:  72.1% | Budget Used:  0.00/4000.0
Ep  638 | Phase: PROTAGO | Ticks: 792 | Protag R: -8193.00 | Antag R: 8194.00 | Delivery:  63.3% | Budget Used:  0.00/4000.0
Ep  639 | Phase: PROTAGO | Ticks: 794 | Protag R: -6746.00 | Antag R: 6747.00 | Delivery:  72.7% | Budget Used:  0.00/4000.0
Ep  640 | Phase: PROTAGO | Ticks: 790 | Protag R: -8627.00 | Antag R: 8628.00 | Delivery:  69.6% | Budget Used:  0.00/4000.0
Ep  641 | Phase: PROTAGO | Ticks: 793 | Protag R: -6228.00 | Antag R: 6228.00 | Delivery:  60.0% | Budget Used:  0.00/4000.0
Ep  642 | Phase: PROTAGO | Ticks: 785 | Protag R: -6229.00 | Antag R: 6230.00 | Delivery:  68.1% | Budget Used:  0.00/4000.0
Ep  643 | Phase: PROTAGO | Ticks: 797 | Protag R: -8794.00 | Antag R: 8795.00 | Delivery:  60.8% | Budget Used:  0.00/4000.0
Ep  644 | Phase: PROTAGO | Ticks: 792 | Protag R: -11326.00 | Antag R: 11327.00 | Delivery:  54.2% | Budget Used:  0.00/4000.0
Ep  645 | Phase: PROTAGO | Ticks: 795 | Protag R: -6753.00 | Antag R: 6754.00 | Delivery:  57.1% | Budget Used:  0.00/4000.0
Ep  646 | Phase: PROTAGO | Ticks: 790 | Protag R: -3239.00 | Antag R: 3240.00 | Delivery:  78.9% | Budget Used:  0.00/4000.0
Ep  647 | Phase: PROTAGO | Ticks: 781 | Protag R: -7794.00 | Antag R: 7795.00 | Delivery:  64.6% | Budget Used:  0.00/4000.0
Ep  648 | Phase: PROTAGO | Ticks: 784 | Protag R: -11542.00 | Antag R: 11543.00 | Delivery:  58.2% | Budget Used:  0.00/4000.0
Ep  649 | Phase: PROTAGO | Ticks: 789 | Protag R: -8402.00 | Antag R: 8403.00 | Delivery:  58.5% | Budget Used:  0.00/4000.0
Ep  650 | Phase: PROTAGO | Ticks: 790 | Protag R: -10420.00 | Antag R: 10421.00 | Delivery:  56.4% | Budget Used:  0.00/4000.0
  [EVAL ep 650] greedy_atk=5366 learned_atk=5733 gap=+367 +/-251 (neg = learned beats greedy under attack)
Saving checkpoints for both agents before phase switch...
Ep  651 | Phase: PROTAGO | Ticks: 789 | Protag R: -7054.00 | Antag R: 7054.00 | Delivery:  61.2% | Budget Used:  0.00/4000.0
Ep  652 | Phase: PROTAGO | Ticks: 798 | Protag R: -4398.00 | Antag R: 4399.00 | Delivery:  65.1% | Budget Used:  0.00/4000.0
Ep  653 | Phase: PROTAGO | Ticks: 792 | Protag R: -12957.00 | Antag R: 12958.00 | Delivery:  50.8% | Budget Used:  0.00/4000.0
Ep  654 | Phase: PROTAGO | Ticks: 794 | Protag R: -10483.00 | Antag R: 10483.00 | Delivery:  55.8% | Budget Used:  0.00/4000.0
Ep  655 | Phase: PROTAGO | Ticks: 793 | Protag R: -8668.00 | Antag R: 8668.00 | Delivery:  56.6% | Budget Used:  0.00/4000.0
Ep  656 | Phase: PROTAGO | Ticks: 795 | Protag R: -5712.00 | Antag R: 5713.00 | Delivery:  65.9% | Budget Used:  0.00/4000.0
Ep  657 | Phase: PROTAGO | Ticks: 797 | Protag R: -8461.00 | Antag R: 8462.00 | Delivery:  66.7% | Budget Used:  0.00/4000.0
Ep  658 | Phase: PROTAGO | Ticks: 781 | Protag R: -2557.00 | Antag R: 2558.00 | Delivery:  68.3% | Budget Used:  0.00/4000.0
Ep  659 | Phase: PROTAGO | Ticks: 787 | Protag R: -8117.00 | Antag R: 8118.00 | Delivery:  62.0% | Budget Used:  0.00/4000.0
Ep  660 | Phase: PROTAGO | Ticks: 799 | Protag R: -4112.00 | Antag R: 4112.00 | Delivery:  64.3% | Budget Used:  0.00/4000.0
Ep  661 | Phase: PROTAGO | Ticks: 798 | Protag R: -7877.00 | Antag R: 7878.00 | Delivery:  71.1% | Budget Used:  0.00/4000.0
Ep  662 | Phase: PROTAGO | Ticks: 797 | Protag R: -6759.00 | Antag R: 6760.00 | Delivery:  67.4% | Budget Used:  0.00/4000.0
Ep  663 | Phase: PROTAGO | Ticks: 790 | Protag R: -7475.00 | Antag R: 7476.00 | Delivery:  56.4% | Budget Used:  0.00/4000.0
Ep  664 | Phase: PROTAGO | Ticks: 799 | Protag R: -9081.00 | Antag R: 9082.00 | Delivery:  74.4% | Budget Used:  0.00/4000.0
Ep  665 | Phase: PROTAGO | Ticks: 783 | Protag R: -5927.00 | Antag R: 5927.00 | Delivery:  72.5% | Budget Used:  0.00/4000.0
Ep  666 | Phase: PROTAGO | Ticks: 793 | Protag R: -4193.00 | Antag R: 4193.00 | Delivery:  65.2% | Budget Used:  0.00/4000.0
Ep  667 | Phase: PROTAGO | Ticks: 789 | Protag R: -8459.00 | Antag R: 8460.00 | Delivery:  63.3% | Budget Used:  0.00/4000.0
Ep  668 | Phase: PROTAGO | Ticks: 789 | Protag R: -14722.00 | Antag R: 14723.00 | Delivery:  50.0% | Budget Used:  0.00/4000.0
Ep  669 | Phase: PROTAGO | Ticks: 795 | Protag R: -3964.00 | Antag R: 3965.00 | Delivery:  74.4% | Budget Used:  0.00/4000.0
Ep  670 | Phase: PROTAGO | Ticks: 796 | Protag R: -6697.00 | Antag R: 6698.00 | Delivery:  59.3% | Budget Used:  0.00/4000.0
Ep  671 | Phase: PROTAGO | Ticks: 795 | Protag R: -7061.00 | Antag R: 7062.00 | Delivery:  69.6% | Budget Used:  0.00/4000.0
Ep  672 | Phase: PROTAGO | Ticks: 799 | Protag R: -6113.00 | Antag R: 6113.00 | Delivery:  73.2% | Budget Used:  0.00/4000.0
Ep  673 | Phase: PROTAGO | Ticks: 795 | Protag R: -4690.00 | Antag R: 4691.00 | Delivery:  67.4% | Budget Used:  0.00/4000.0
Ep  674 | Phase: PROTAGO | Ticks: 797 | Protag R: -13450.00 | Antag R: 13451.00 | Delivery:  52.5% | Budget Used:  0.00/4000.0
Ep  675 | Phase: PROTAGO | Ticks: 789 | Protag R: -8709.00 | Antag R: 8710.00 | Delivery:  56.4% | Budget Used:  0.00/4000.0
Ep  676 | Phase: PROTAGO | Ticks: 791 | Protag R: -11442.00 | Antag R: 11443.00 | Delivery:  55.4% | Budget Used:  0.00/4000.0
Ep  677 | Phase: PROTAGO | Ticks: 787 | Protag R: -8702.00 | Antag R: 8703.00 | Delivery:  64.6% | Budget Used:  0.00/4000.0
Ep  678 | Phase: PROTAGO | Ticks: 787 | Protag R: -3432.00 | Antag R: 3432.00 | Delivery:  76.9% | Budget Used:  0.00/4000.0
Ep  679 | Phase: PROTAGO | Ticks: 794 | Protag R: -5718.00 | Antag R: 5719.00 | Delivery:  66.0% | Budget Used:  0.00/4000.0
Ep  680 | Phase: PROTAGO | Ticks: 790 | Protag R: -7803.00 | Antag R: 7804.00 | Delivery:  64.6% | Budget Used:  0.00/4000.0
Ep  681 | Phase: PROTAGO | Ticks: 792 | Protag R: -9314.00 | Antag R: 9315.00 | Delivery:  57.7% | Budget Used:  0.00/4000.0
Ep  682 | Phase: PROTAGO | Ticks: 789 | Protag R: -8460.00 | Antag R: 8461.00 | Delivery:  60.8% | Budget Used:  0.00/4000.0
Ep  683 | Phase: PROTAGO | Ticks: 780 | Protag R: -5731.00 | Antag R: 5732.00 | Delivery:  62.2% | Budget Used:  0.00/4000.0
Ep  684 | Phase: PROTAGO | Ticks: 791 | Protag R: -5107.00 | Antag R: 5108.00 | Delivery:  76.2% | Budget Used:  0.00/4000.0
Ep  685 | Phase: PROTAGO | Ticks: 790 | Protag R: -6448.00 | Antag R: 6448.00 | Delivery:  61.2% | Budget Used:  0.00/4000.0
Ep  686 | Phase: PROTAGO | Ticks: 793 | Protag R: -6717.00 | Antag R: 6718.00 | Delivery:  66.7% | Budget Used:  0.00/4000.0
Ep  687 | Phase: PROTAGO | Ticks: 795 | Protag R: -2828.00 | Antag R: 2828.00 | Delivery:  75.0% | Budget Used:  0.00/4000.0
Ep  688 | Phase: PROTAGO | Ticks: 785 | Protag R: -6105.00 | Antag R: 6106.00 | Delivery:  60.8% | Budget Used:  0.00/4000.0
Ep  689 | Phase: PROTAGO | Ticks: 799 | Protag R: -8854.00 | Antag R: 8855.00 | Delivery:  66.7% | Budget Used:  0.00/4000.0
Ep  690 | Phase: PROTAGO | Ticks: 776 | Protag R: -8637.00 | Antag R: 8637.00 | Delivery:  57.4% | Budget Used:  0.00/4000.0
Ep  691 | Phase: PROTAGO | Ticks: 794 | Protag R: -5429.00 | Antag R: 5430.00 | Delivery:  64.6% | Budget Used:  0.00/4000.0
Ep  692 | Phase: PROTAGO | Ticks: 779 | Protag R: -9961.00 | Antag R: 9962.00 | Delivery:  57.1% | Budget Used:  0.00/4000.0
Ep  693 | Phase: PROTAGO | Ticks: 788 | Protag R: -4152.00 | Antag R: 4153.00 | Delivery:  67.4% | Budget Used:  0.00/4000.0
Ep  694 | Phase: PROTAGO | Ticks: 796 | Protag R: -7899.00 | Antag R: 7900.00 | Delivery:  62.7% | Budget Used:  0.00/4000.0
Ep  695 | Phase: PROTAGO | Ticks: 797 | Protag R: -5070.00 | Antag R: 5071.00 | Delivery:  69.6% | Budget Used:  0.00/4000.0
Ep  696 | Phase: PROTAGO | Ticks: 791 | Protag R: -4131.00 | Antag R: 4131.00 | Delivery:  68.2% | Budget Used:  0.00/4000.0
Ep  697 | Phase: PROTAGO | Ticks: 780 | Protag R: -6924.00 | Antag R: 6925.00 | Delivery:  66.7% | Budget Used:  0.00/4000.0
Ep  698 | Phase: PROTAGO | Ticks: 791 | Protag R: -3348.00 | Antag R: 3349.00 | Delivery:  78.4% | Budget Used:  0.00/4000.0
Ep  699 | Phase: PROTAGO | Ticks: 790 | Protag R: -8839.00 | Antag R: 8840.00 | Delivery:  61.5% | Budget Used:  0.00/4000.0
Ep  700 | Phase: PROTAGO | Ticks: 793 | Protag R: -4418.00 | Antag R: 4419.00 | Delivery:  68.2% | Budget Used:  0.00/4000.0
  [EVAL ep 700] greedy_atk=5366 learned_atk=5955 gap=+589 +/-283 (neg = learned beats greedy under attack)
Saving checkpoints for both agents before phase switch...
Ep  701 | Phase: PROTAGO | Ticks: 794 | Protag R: -7251.00 | Antag R: 7252.00 | Delivery:  71.1% | Budget Used:  0.00/4000.0
Ep  702 | Phase: PROTAGO | Ticks: 790 | Protag R: -14948.00 | Antag R: 14949.00 | Delivery:  47.6% | Budget Used:  0.00/4000.0
Ep  703 | Phase: PROTAGO | Ticks: 791 | Protag R: -9148.00 | Antag R: 9149.00 | Delivery:  60.4% | Budget Used:  0.00/4000.0
Ep  704 | Phase: PROTAGO | Ticks: 791 | Protag R: -2411.00 | Antag R: 2412.00 | Delivery:  88.6% | Budget Used:  0.00/4000.0
Ep  705 | Phase: PROTAGO | Ticks: 789 | Protag R: -5295.00 | Antag R: 5296.00 | Delivery:  66.0% | Budget Used:  0.00/4000.0
Ep  706 | Phase: PROTAGO | Ticks: 793 | Protag R: -6768.00 | Antag R: 6769.00 | Delivery:  70.5% | Budget Used:  0.00/4000.0
Ep  707 | Phase: PROTAGO | Ticks: 796 | Protag R: -4835.00 | Antag R: 4836.00 | Delivery:  72.1% | Budget Used:  0.00/4000.0
Ep  708 | Phase: PROTAGO | Ticks: 782 | Protag R: -3332.00 | Antag R: 3333.00 | Delivery:  75.6% | Budget Used:  0.00/4000.0
Ep  709 | Phase: PROTAGO | Ticks: 798 | Protag R: -12846.00 | Antag R: 12847.00 | Delivery:  55.4% | Budget Used:  0.00/4000.0
Ep  710 | Phase: PROTAGO | Ticks: 795 | Protag R: -7260.00 | Antag R: 7261.00 | Delivery:  66.0% | Budget Used:  0.00/4000.0
Ep  711 | Phase: PROTAGO | Ticks: 792 | Protag R: -7593.00 | Antag R: 7593.00 | Delivery:  66.0% | Budget Used:  0.00/4000.0
Ep  712 | Phase: PROTAGO | Ticks: 796 | Protag R: -4899.00 | Antag R: 4900.00 | Delivery:  66.7% | Budget Used:  0.00/4000.0
Ep  713 | Phase: PROTAGO | Ticks: 787 | Protag R: -4654.00 | Antag R: 4655.00 | Delivery:  70.5% | Budget Used:  0.00/4000.0
Ep  714 | Phase: PROTAGO | Ticks: 786 | Protag R: -7045.00 | Antag R: 7046.00 | Delivery:  64.6% | Budget Used:  0.00/4000.0
Ep  715 | Phase: PROTAGO | Ticks: 797 | Protag R: -10862.00 | Antag R: 10863.00 | Delivery:  58.8% | Budget Used:  0.00/4000.0
Ep  716 | Phase: PROTAGO | Ticks: 790 | Protag R: -11932.00 | Antag R: 11933.00 | Delivery:  56.6% | Budget Used:  0.00/4000.0
Ep  717 | Phase: PROTAGO | Ticks: 797 | Protag R: -7720.00 | Antag R: 7721.00 | Delivery:  60.8% | Budget Used:  0.00/4000.0
Ep  718 | Phase: PROTAGO | Ticks: 788 | Protag R: -8469.00 | Antag R: 8470.00 | Delivery:  60.0% | Budget Used:  0.00/4000.0
Ep  719 | Phase: PROTAGO | Ticks: 793 | Protag R: -6717.00 | Antag R: 6718.00 | Delivery:  59.6% | Budget Used:  0.00/4000.0
Ep  720 | Phase: PROTAGO | Ticks: 797 | Protag R: -7946.00 | Antag R: 7947.00 | Delivery:  64.4% | Budget Used:  0.00/4000.0
Ep  721 | Phase: PROTAGO | Ticks: 797 | Protag R: -6502.00 | Antag R: 6503.00 | Delivery:  66.7% | Budget Used:  0.00/4000.0
Ep  722 | Phase: PROTAGO | Ticks: 798 | Protag R: -9309.00 | Antag R: 9310.00 | Delivery:  61.2% | Budget Used:  0.00/4000.0
Ep  723 | Phase: PROTAGO | Ticks: 796 | Protag R: -8740.00 | Antag R: 8741.00 | Delivery:  55.6% | Budget Used:  0.00/4000.0
Ep  724 | Phase: PROTAGO | Ticks: 794 | Protag R: -3496.00 | Antag R: 3497.00 | Delivery:  77.5% | Budget Used:  0.00/4000.0
Ep  725 | Phase: PROTAGO | Ticks: 785 | Protag R: -4489.00 | Antag R: 4489.00 | Delivery:  66.7% | Budget Used:  0.00/4000.0
Ep  726 | Phase: PROTAGO | Ticks: 788 | Protag R: -5343.00 | Antag R: 5344.00 | Delivery:  71.1% | Budget Used:  0.00/4000.0
Ep  727 | Phase: PROTAGO | Ticks: 796 | Protag R: -10734.00 | Antag R: 10735.00 | Delivery:  56.1% | Budget Used:  0.00/4000.0
Ep  728 | Phase: PROTAGO | Ticks: 797 | Protag R: -8587.00 | Antag R: 8588.00 | Delivery:  60.8% | Budget Used:  0.00/4000.0
Ep  729 | Phase: PROTAGO | Ticks: 780 | Protag R: -5593.00 | Antag R: 5594.00 | Delivery:  78.0% | Budget Used:  0.00/4000.0
Ep  730 | Phase: PROTAGO | Ticks: 790 | Protag R: -9700.00 | Antag R: 9701.00 | Delivery:  56.4% | Budget Used:  0.00/4000.0
Ep  731 | Phase: PROTAGO | Ticks: 797 | Protag R: -6689.00 | Antag R: 6690.00 | Delivery:  66.7% | Budget Used:  0.00/4000.0
Ep  732 | Phase: PROTAGO | Ticks: 795 | Protag R: -8168.00 | Antag R: 8169.00 | Delivery:  63.3% | Budget Used:  0.00/4000.0
Ep  733 | Phase: PROTAGO | Ticks: 799 | Protag R: -3033.00 | Antag R: 3034.00 | Delivery:  82.5% | Budget Used:  0.00/4000.0
Ep  734 | Phase: PROTAGO | Ticks: 790 | Protag R: -9209.00 | Antag R: 9209.00 | Delivery:  58.5% | Budget Used:  0.00/4000.0
Ep  735 | Phase: PROTAGO | Ticks: 793 | Protag R: -5711.00 | Antag R: 5712.00 | Delivery:  66.7% | Budget Used:  0.00/4000.0
Ep  736 | Phase: PROTAGO | Ticks: 796 | Protag R: -8493.00 | Antag R: 8494.00 | Delivery:  58.2% | Budget Used:  0.00/4000.0
Ep  737 | Phase: PROTAGO | Ticks: 796 | Protag R: -7921.00 | Antag R: 7922.00 | Delivery:  62.7% | Budget Used:  0.00/4000.0
Ep  738 | Phase: PROTAGO | Ticks: 793 | Protag R: -3498.00 | Antag R: 3499.00 | Delivery:  81.1% | Budget Used:  0.00/4000.0
Ep  739 | Phase: PROTAGO | Ticks: 798 | Protag R: -3464.00 | Antag R: 3465.00 | Delivery:  77.5% | Budget Used:  0.00/4000.0
Ep  740 | Phase: PROTAGO | Ticks: 799 | Protag R: -6644.00 | Antag R: 6644.00 | Delivery:  73.2% | Budget Used:  0.00/4000.0
Ep  741 | Phase: PROTAGO | Ticks: 786 | Protag R: -1932.00 | Antag R: 1933.00 | Delivery:  81.1% | Budget Used:  0.00/4000.0
Ep  742 | Phase: PROTAGO | Ticks: 794 | Protag R: -1562.00 | Antag R: 1563.00 | Delivery:  77.8% | Budget Used:  0.00/4000.0
Ep  743 | Phase: PROTAGO | Ticks: 784 | Protag R: -6265.00 | Antag R: 6266.00 | Delivery:  82.1% | Budget Used:  0.00/4000.0
Ep  744 | Phase: PROTAGO | Ticks: 783 | Protag R: -11375.00 | Antag R: 11376.00 | Delivery:  58.5% | Budget Used:  0.00/4000.0
Ep  745 | Phase: PROTAGO | Ticks: 782 | Protag R: -9570.00 | Antag R: 9571.00 | Delivery:  58.2% | Budget Used:  0.00/4000.0
Ep  746 | Phase: PROTAGO | Ticks: 795 | Protag R: -6588.00 | Antag R: 6589.00 | Delivery:  68.1% | Budget Used:  0.00/4000.0
Ep  747 | Phase: PROTAGO | Ticks: 796 | Protag R: -2897.00 | Antag R: 2897.00 | Delivery:  74.4% | Budget Used:  0.00/4000.0
Ep  748 | Phase: PROTAGO | Ticks: 792 | Protag R: -7920.00 | Antag R: 7921.00 | Delivery:  57.1% | Budget Used:  0.00/4000.0
Ep  749 | Phase: PROTAGO | Ticks: 796 | Protag R: -7354.00 | Antag R: 7354.00 | Delivery:  68.2% | Budget Used:  0.00/4000.0
Ep  750 | Phase: PROTAGO | Ticks: 786 | Protag R: -12097.00 | Antag R: 12098.00 | Delivery:  57.1% | Budget Used:  0.00/4000.0
  [EVAL ep 750] greedy_atk=5366 learned_atk=5754 gap=+388 +/-278 (neg = learned beats greedy under attack)
Saving checkpoints for both agents before phase switch...
Ep  751 | Phase: PROTAGO | Ticks: 786 | Protag R: -4643.00 | Antag R: 4643.00 | Delivery:  71.4% | Budget Used:  0.00/4000.0
Ep  752 | Phase: PROTAGO | Ticks: 790 | Protag R: -8258.00 | Antag R: 8258.00 | Delivery:  63.3% | Budget Used:  0.00/4000.0
Ep  753 | Phase: PROTAGO | Ticks: 792 | Protag R: -10440.00 | Antag R: 10441.00 | Delivery:  57.4% | Budget Used:  0.00/4000.0
Ep  754 | Phase: PROTAGO | Ticks: 786 | Protag R: -7273.00 | Antag R: 7274.00 | Delivery:  64.0% | Budget Used:  0.00/4000.0
Ep  755 | Phase: PROTAGO | Ticks: 796 | Protag R: -5193.00 | Antag R: 5194.00 | Delivery:  69.6% | Budget Used:  0.00/4000.0
Ep  756 | Phase: PROTAGO | Ticks: 799 | Protag R: -10347.00 | Antag R: 10348.00 | Delivery:  54.4% | Budget Used:  0.00/4000.0
Ep  757 | Phase: PROTAGO | Ticks: 792 | Protag R: -2910.00 | Antag R: 2910.00 | Delivery:  75.0% | Budget Used:  0.00/4000.0
Ep  758 | Phase: PROTAGO | Ticks: 799 | Protag R: -6899.00 | Antag R: 6900.00 | Delivery:  75.0% | Budget Used:  0.00/4000.0
Ep  759 | Phase: PROTAGO | Ticks: 798 | Protag R: -5855.00 | Antag R: 5856.00 | Delivery:  66.7% | Budget Used:  0.00/4000.0
Ep  760 | Phase: PROTAGO | Ticks: 799 | Protag R: -6680.00 | Antag R: 6681.00 | Delivery:  63.8% | Budget Used:  0.00/4000.0
Ep  761 | Phase: PROTAGO | Ticks: 782 | Protag R: -5139.00 | Antag R: 5139.00 | Delivery:  65.9% | Budget Used:  0.00/4000.0
Ep  762 | Phase: PROTAGO | Ticks: 795 | Protag R: -6849.00 | Antag R: 6851.00 | Delivery:  62.7% | Budget Used:  0.00/4000.0
Ep  763 | Phase: PROTAGO | Ticks: 798 | Protag R: -4706.00 | Antag R: 4706.00 | Delivery:  76.9% | Budget Used:  0.00/4000.0
Ep  764 | Phase: PROTAGO | Ticks: 799 | Protag R: -3857.00 | Antag R: 3858.00 | Delivery:  84.2% | Budget Used:  0.00/4000.0
Ep  765 | Phase: PROTAGO | Ticks: 791 | Protag R: -8462.00 | Antag R: 8462.00 | Delivery:  59.2% | Budget Used:  0.00/4000.0
Ep  766 | Phase: PROTAGO | Ticks: 798 | Protag R: -6043.00 | Antag R: 6043.00 | Delivery:  66.0% | Budget Used:  0.00/4000.0
Ep  767 | Phase: PROTAGO | Ticks: 787 | Protag R: -7937.00 | Antag R: 7938.00 | Delivery:  57.1% | Budget Used:  0.00/4000.0
Ep  768 | Phase: PROTAGO | Ticks: 778 | Protag R: -10479.00 | Antag R: 10480.00 | Delivery:  55.6% | Budget Used:  0.00/4000.0
Ep  769 | Phase: PROTAGO | Ticks: 787 | Protag R: -11025.00 | Antag R: 11026.00 | Delivery:  54.4% | Budget Used:  0.00/4000.0
Ep  770 | Phase: PROTAGO | Ticks: 798 | Protag R: -4775.00 | Antag R: 4776.00 | Delivery:  76.9% | Budget Used:  0.00/4000.0
Ep  771 | Phase: PROTAGO | Ticks: 787 | Protag R: -11166.00 | Antag R: 11166.00 | Delivery:  54.7% | Budget Used:  0.00/4000.0
Ep  772 | Phase: PROTAGO | Ticks: 793 | Protag R: -7250.00 | Antag R: 7251.00 | Delivery:  69.6% | Budget Used:  0.00/4000.0
Ep  773 | Phase: PROTAGO | Ticks: 789 | Protag R: -6641.00 | Antag R: 6643.00 | Delivery:  62.0% | Budget Used:  0.00/4000.0
Ep  774 | Phase: PROTAGO | Ticks: 789 | Protag R: -10188.00 | Antag R: 10188.00 | Delivery:  53.7% | Budget Used:  0.00/4000.0
Ep  775 | Phase: PROTAGO | Ticks: 776 | Protag R: -9315.00 | Antag R: 9316.00 | Delivery:  55.8% | Budget Used:  0.00/4000.0
Ep  776 | Phase: PROTAGO | Ticks: 793 | Protag R: -6019.00 | Antag R: 6019.00 | Delivery:  68.2% | Budget Used:  0.00/4000.0
Ep  777 | Phase: PROTAGO | Ticks: 784 | Protag R: -9556.00 | Antag R: 9556.00 | Delivery:  57.7% | Budget Used:  0.00/4000.0
Ep  778 | Phase: PROTAGO | Ticks: 787 | Protag R: -8031.00 | Antag R: 8032.00 | Delivery:  59.6% | Budget Used:  0.00/4000.0
Ep  779 | Phase: PROTAGO | Ticks: 787 | Protag R: -4851.00 | Antag R: 4852.00 | Delivery:  81.6% | Budget Used:  0.00/4000.0
Ep  780 | Phase: PROTAGO | Ticks: 791 | Protag R: -8836.00 | Antag R: 8836.00 | Delivery:  61.2% | Budget Used:  0.00/4000.0
Ep  781 | Phase: PROTAGO | Ticks: 799 | Protag R: -6934.00 | Antag R: 6935.00 | Delivery:  60.8% | Budget Used:  0.00/4000.0
Ep  782 | Phase: PROTAGO | Ticks: 796 | Protag R: -6782.00 | Antag R: 6782.00 | Delivery:  69.6% | Budget Used:  0.00/4000.0
Ep  783 | Phase: PROTAGO | Ticks: 784 | Protag R: -6492.00 | Antag R: 6493.00 | Delivery:  74.4% | Budget Used:  0.00/4000.0
Ep  784 | Phase: PROTAGO | Ticks: 797 | Protag R: -11710.00 | Antag R: 11711.00 | Delivery:  61.5% | Budget Used:  0.00/4000.0
Ep  785 | Phase: PROTAGO | Ticks: 782 | Protag R: -6279.00 | Antag R: 6280.00 | Delivery:  65.3% | Budget Used:  0.00/4000.0
Ep  786 | Phase: PROTAGO | Ticks: 799 | Protag R: -4956.00 | Antag R: 4956.00 | Delivery:  72.7% | Budget Used:  0.00/4000.0
Ep  787 | Phase: PROTAGO | Ticks: 791 | Protag R: -13060.00 | Antag R: 13061.00 | Delivery:  56.4% | Budget Used:  0.00/4000.0
Ep  788 | Phase: PROTAGO | Ticks: 787 | Protag R: -9018.00 | Antag R: 9019.00 | Delivery:  61.5% | Budget Used:  0.00/4000.0
Ep  789 | Phase: PROTAGO | Ticks: 793 | Protag R: -17335.00 | Antag R: 17335.00 | Delivery:  44.1% | Budget Used:  0.00/4000.0
Ep  790 | Phase: PROTAGO | Ticks: 788 | Protag R: -6535.00 | Antag R: 6536.00 | Delivery:  68.2% | Budget Used:  0.00/4000.0
Ep  791 | Phase: PROTAGO | Ticks: 778 | Protag R: -9699.00 | Antag R: 9700.00 | Delivery:  64.6% | Budget Used:  0.00/4000.0
Ep  792 | Phase: PROTAGO | Ticks: 788 | Protag R: -4830.00 | Antag R: 4831.00 | Delivery:  76.9% | Budget Used:  0.00/4000.0
Ep  793 | Phase: PROTAGO | Ticks: 787 | Protag R: -8576.00 | Antag R: 8576.00 | Delivery:  64.6% | Budget Used:  0.00/4000.0
Ep  794 | Phase: PROTAGO | Ticks: 798 | Protag R: -6461.00 | Antag R: 6462.00 | Delivery:  67.4% | Budget Used:  0.00/4000.0
Ep  795 | Phase: PROTAGO | Ticks: 781 | Protag R: -3194.00 | Antag R: 3195.00 | Delivery:  97.0% | Budget Used:  0.00/4000.0
Ep  796 | Phase: PROTAGO | Ticks: 796 | Protag R: -4652.00 | Antag R: 4653.00 | Delivery:  68.2% | Budget Used:  0.00/4000.0
Ep  797 | Phase: PROTAGO | Ticks: 788 | Protag R: -12378.00 | Antag R: 12379.00 | Delivery:  53.4% | Budget Used:  0.00/4000.0
Ep  798 | Phase: PROTAGO | Ticks: 790 | Protag R: -6211.00 | Antag R: 6212.00 | Delivery:  66.7% | Budget Used:  0.00/4000.0
Ep  799 | Phase: PROTAGO | Ticks: 785 | Protag R: -4912.00 | Antag R: 4913.00 | Delivery:  71.1% | Budget Used:  0.00/4000.0
Ep  800 | Phase: PROTAGO | Ticks: 790 | Protag R: -11864.00 | Antag R: 11865.00 | Delivery:  53.3% | Budget Used:  0.00/4000.0
  [EVAL ep 800] greedy_atk=5366 learned_atk=5725 gap=+360 +/-232 (neg = learned beats greedy under attack)
Saved coevolved protagonist actor to models/runs/gen06_dynassign_matrix/vanilla_seed1/protagonist/actor.pt
Saved coevolved antagonist actor to models/runs/gen06_dynassign_matrix/vanilla_seed1/antagonist/actor.pt
Saved copy of protagonist actor as latest to models/protagonist/actor.pt
Saved copy of antagonist actor as latest to models/antagonist/actor.pt

SACRED ATLA Training completed successfully! Logs saved to TensorBoard.
